PERSON_ID,PERSON_TYPE,CRASH_RECORD_ID,VEHICLE_ID,SEX,AGE,AIRBAG_DEPLOYED,EJECTION,INJURY_CLASSIFICATION,DRIVER_ACTION,DRIVER_VISION,PHYSICAL_CONDITION,PEDPEDAL_ACTION,PEDPEDAL_VISIBILITY,PEDPEDAL_LOCATION,CRASH_DATE_EST_I,CRASH_DATE,POSTED_SPEED_LIMIT,WEATHER_CONDITION,LIGHTING_CONDITION,FIRST_CRASH_TYPE,TRAFFICWAY_TYPE,ROADWAY_SURFACE_COND,ROAD_DEFECT,REPORT_TYPE,CRASH_TYPE,HIT_AND_RUN_I,DAMAGE,DATE_POLICE_NOTIFIED,PRIM_CONTRIBUTORY_CAUSE,SEC_CONTRIBUTORY_CAUSE,DOORING_I,NUM_UNITS,MOST_SEVERE_INJURY,INJURIES_TOTAL,INJURIES_FATAL,INJURIES_INCAPACITATING,INJURIES_NON_INCAPACITATING,INJURIES_REPORTED_NOT_EVIDENT,INJURIES_NO_INDICATION,INJURIES_UNKNOWN,CRASH_HOUR,CRASH_DAY_OF_WEEK,CRASH_MONTH,LATITUDE,LONGITUDE,LOCATION,geometry,YEAR,ADDRESS
O975918,DRIVER,b8856a453c27992de6015cb97024394933665c2691166e988e54258c160a9d9e0c3fb2da0299e44b730546e6786bbeef81457e87e9645ed6dcd1793e06ad23ba,924836.0,M,70.0,DID NOT DEPLOY,NONE,NO INDICATION OF INJURY,NONE,NOT OBSCURED,NORMAL,,,,,2020-10-13 08:25:00,30,CLEAR,DAYLIGHT,SIDESWIPE SAME DIRECTION,ONE-WAY,DRY,NO DEFECTS,NOT ON SCENE (DESK REPORT),NO INJURY / DRIVE AWAY,Y,"OVER $1,500",10/13/2020 11:15:00 AM,IMPROPER OVERTAKING/PASSING,UNABLE TO DETERMINE,,2,NO INDICATION OF INJURY,0.0,0.0,0.0,0.0,0.0,2.0,0.0,8,3,10,41.875129679,-87.676642286,POINT (-87.676642285963 41.875129678583),POINT (1163095.9767177415 1897771.4073073042),2020,2002 W CONGRESS PKWY
P194752,PASSENGER,3eefb70a51e103a49dbefb3cb7198031e771a08f0b520a24ffc13b07a5f45c9eff511326b0876db3f811221253e7ef538a8b1c4853fe2540c0fc7afe1d229236,808405.0,M,28.0,NOT APPLICABLE,NONE,NO INDICATION OF INJURY,,,,,,,,2020-02-28 16:35:00,30,CLEAR,DAYLIGHT,TURNING,NOT DIVIDED,DRY,NO DEFECTS,ON SCENE,INJURY AND / OR TOW DUE TO CRASH,,"OVER $1,500",02/28/2020 04:40:00 PM,FAILING TO YIELD RIGHT-OF-WAY,FAILING TO REDUCE SPEED TO AVOID CRASH,,2,NO INDICATION OF INJURY,0.0,0.0,0.0,0.0,0.0,3.0,0.0,16,6,2,41.850841265,-87.638334576,POINT (-87.63833457638 41.850841264825),POINT (1173600.5626108416 1889002.906195761),2020,2301 S CANAL ST
O955860,DRIVER,4ea3abb4f8713960ae930d0fc4faf756be00353e0465584f2d0d16470bf2d09265d9ac1ad7620cc1a77b5408f1f1092543752b7afa84858d4f53ae857a9a88c7,906012.0,M,28.0,NOT APPLICABLE,NONE,NO INDICATION OF INJURY,NONE,NOT OBSCURED,NORMAL,,,,,2020-09-11 09:22:00,30,CLEAR,DAYLIGHT,REAR END,DIVIDED - W/MEDIAN BARRIER,DRY,NO DEFECTS,ON SCENE,INJURY AND / OR TOW DUE TO CRASH,,"OVER $1,500",09/11/2020 09:24:00 AM,EQUIPMENT - VEHICLE CONDITION,UNABLE TO DETERMINE,,3,NONINCAPACITATING INJURY,4.0,0.0,0.0,4.0,0.0,7.0,0.0,9,6,9,41.781151481,-87.683548071,POINT (-87.683548070956 41.781151480575),POINT (1161474.232993292 1863511.8596659298),2020,6159 S WESTERN AVE
O951828,DRIVER,eb0b91b23a25eb205c41908dc06e73badd1f1f5f3266187571a71eae3ba75a20f5e7cc0448aea2e0890b6970058db795bfeb944185914899362d4bceed942a99,902217.0,M,24.0,DID NOT DEPLOY,NONE,NO INDICATION OF INJURY,OTHER,UNKNOWN,NORMAL,,,,,2020-08-22 10:50:00,30,CLEAR,DAYLIGHT,TURNING,DIVIDED - W/MEDIAN (NOT RAISED),DRY,NO DEFECTS,,NO INJURY / DRIVE AWAY,,"OVER $1,500",08/22/2020 11:20:00 AM,UNABLE TO DETERMINE,UNABLE TO DETERMINE,,2,NO INDICATION OF INJURY,0.0,0.0,0.0,0.0,0.0,2.0,0.0,10,7,8,41.917450989,-87.711988373,POINT (-87.711988372904 41.917450988693),POINT (1153357.9466009843 1913121.6064270004),2020,3400 W ARMITAGE AVE
O926920,DRIVER,2d6883312a0bfb421b4c083f275cac72ceb6a9e654152202186b536863ee0234045ef1a7dcbc6f1483f502a8b3c37b2ff03f3f31fa068e2fc0363b1147f8400d,878773.0,F,44.0,DID NOT DEPLOY,NONE,NO INDICATION OF INJURY,NONE,NOT OBSCURED,NORMAL,,,,,2020-07-28 11:00:00,15,CLEAR,DAYLIGHT,PEDALCYCLIST,PARKING LOT,DRY,NO DEFECTS,ON SCENE,NO INJURY / DRIVE AWAY,,$500 OR LESS,07/28/2020 11:14:00 AM,NOT APPLICABLE,NOT APPLICABLE,,2,NO INDICATION OF INJURY,0.0,0.0,0.0,0.0,0.0,2.0,0.0,11,3,7,41.935472033,-87.668654543,POINT (-87.668654543143 41.935472032732),POINT (1165101.0211874554 1919776.9355883927),2020,2940 N ASHLAND AVE
O879592,DRIVER,a8d7e8a2a990729d96686fd846609e57f5560e53d3e6a41bfb5983977ed44cf306c694bff3b48e1470bb1441c379c35d3367f42cd780c2f8bc2aa1e2215e7ca2,834475.0,M,,DEPLOYMENT UNKNOWN,NONE,NO INDICATION OF INJURY,OTHER,UNKNOWN,UNKNOWN,,,,,2020-05-03 13:15:00,30,CLEAR,DAYLIGHT,PEDALCYCLIST,DIVIDED - W/MEDIAN (NOT RAISED),DRY,NO DEFECTS,NOT ON SCENE (DESK REPORT),INJURY AND / OR TOW DUE TO CRASH,Y,$500 OR LESS,05/04/2020 12:30:00 PM,UNABLE TO DETERMINE,NOT APPLICABLE,Y,2,INCAPACITATING INJURY,1.0,0.0,1.0,0.0,0.0,1.0,0.0,13,1,5,41.994322442,-87.670643671,POINT (-87.670643671453 41.994322442141),POINT (1164393.935779741 1941218.0827822192),2020,1611 W GRANVILLE AVE
O881545,DRIVER,02ad85b29a186df909c6154cd0fd211e6aad5faf21d1200c8f07e7ef83387d5f398dc326f5b6f13c218fdf5fdc6f6f9b25c79f406a42a3d4a2507728921f0eff,836286.0,F,,DEPLOYMENT UNKNOWN,NONE,NO INDICATION OF INJURY,UNKNOWN,UNKNOWN,UNKNOWN,,,,,2020-05-09 16:30:00,30,CLEAR,DAYLIGHT,SIDESWIPE SAME DIRECTION,NOT DIVIDED,DRY,NO DEFECTS,NOT ON SCENE (DESK REPORT),NO INJURY / DRIVE AWAY,,"OVER $1,500",05/09/2020 05:15:00 PM,UNABLE TO DETERMINE,NOT APPLICABLE,,2,NO INDICATION OF INJURY,0.0,0.0,0.0,0.0,0.0,2.0,0.0,16,7,5,41.815352037,-87.704406263,POINT (-87.704406262956 41.815352037319),POINT (1155694.1041595603 1875932.0199520346),2020,4300 S KEDZIE AVE
O855297,DRIVER,88bce1921090d98e256a5ed6f15e25b81a206e1e43216098f229813794845999abc86ea6785c90709855517013a364a1df34a25603f72b7e528512efca021e54,811647.0,M,20.0,DID NOT DEPLOY,NONE,NO INDICATION OF INJURY,OTHER,NOT OBSCURED,NORMAL,,,,Y,2020-03-04 15:50:00,30,CLEAR,DAYLIGHT,REAR END,NOT DIVIDED,DRY,NO DEFECTS,ON SCENE,INJURY AND / OR TOW DUE TO CRASH,,"$501 - $1,500",03/04/2020 04:03:00 PM,FOLLOWING TOO CLOSELY,NOT APPLICABLE,,2,INCAPACITATING INJURY,1.0,0.0,1.0,0.0,0.0,2.0,0.0,15,4,3,41.946211906,-87.748849959,POINT (-87.748849958536 41.946211906374),POINT (1143254.0508687205 1923531.5997249412),2020,4844 W ADDISON ST
O900818,DRIVER,e20173e133a3cf94fdb0c30c39edf6ac604d870a0a515d4ce7e581bf3d40f9a1b07fbefd97fd1ae07bfd9f9dfdbb2d3efa5ff80990ab0b1b87808fae50754a17,854181.0,F,63.0,DID NOT DEPLOY,NONE,"REPORTED, NOT EVIDENT",NONE,NOT OBSCURED,NORMAL,,,,,2020-06-16 16:22:00,30,CLEAR,DAYLIGHT,REAR END,NOT DIVIDED,DRY,NO DEFECTS,NOT ON SCENE (DESK REPORT),INJURY AND / OR TOW DUE TO CRASH,Y,"OVER $1,500",06/16/2020 05:30:00 PM,FAILING TO REDUCE SPEED TO AVOID CRASH,DRIVING SKILLS/KNOWLEDGE/EXPERIENCE,,2,"REPORTED, NOT EVIDENT",1.0,0.0,0.0,0.0,1.0,1.0,0.0,16,3,6,41.772799267,-87.618749813,POINT (-87.618749813079 41.772799266947),POINT (1179172.879371192 1860608.5831016595),2020,251 E MARQUETTE RD
O826674,DRIVER,ba81ddf3f7b1612765e5ca37eb4aa5aec2b42804dbf90ec81eff3f5e93d59f2fd90c54664eebd308c1eacb73af8a699717113211568b637114c9ae9f02e7c821,784747.0,M,,DEPLOYMENT UNKNOWN,NONE,NO INDICATION OF INJURY,UNKNOWN,UNKNOWN,UNKNOWN,,,,,2020-01-21 12:00:00,30,CLEAR,DAYLIGHT,TURNING,DIVIDED - W/MEDIAN (NOT RAISED),DRY,NO DEFECTS,NOT ON SCENE (DESK REPORT),NO INJURY / DRIVE AWAY,Y,"$501 - $1,500",01/21/2020 04:35:00 PM,UNABLE TO DETERMINE,NOT APPLICABLE,,2,NO INDICATION OF INJURY,0.0,0.0,0.0,0.0,0.0,2.0,0.0,12,3,1,41.865703237,-87.764545567,POINT (-87.76454556681 41.865703237003),POINT (1139178.6974535708 1894165.5309874748),2020,5604 W ROOSEVELT RD
O964174,DRIVER,36dbc4e79164477af6213c69a9cdefa6dfac022c65e6a8581e3ebf8fb9eb65e2d0c8b8e68a5f4143970795a18b80af48a65f3734edac10451c2e6c0521d130e2,913791.0,M,63.0,NOT APPLICABLE,NONE,NO INDICATION OF INJURY,DISREGARDED CONTROL DEVICES,NOT OBSCURED,NORMAL,,,,,2020-09-23 05:20:00,25,CLEAR,"DARKNESS, LIGHTED ROAD",TURNING,T-INTERSECTION,DRY,NO DEFECTS,NOT ON SCENE (DESK REPORT),NO INJURY / DRIVE AWAY,,"$501 - $1,500",09/24/2020 04:03:00 PM,DISREGARDING STOP SIGN,NOT APPLICABLE,,2,NO INDICATION OF INJURY,0.0,0.0,0.0,0.0,0.0,2.0,0.0,5,4,9,41.997989835,-87.681045021,POINT (-87.681045020524 41.997989834773),POINT (1161556.2651357246 1942532.7935393492),2020,2020 W DEVON AVE
O919927,DRIVER,2d375017df66d7a480ae73e7fa6c30a99cdbf2538ec8fc58095459fc3f074404b038ff480af39d4957b65e0d5fc217a693633efeaa24b506be915622dde0dffd,872162.0,M,26.0,NOT APPLICABLE,NONE,NO INDICATION OF INJURY,NONE,NOT OBSCURED,NORMAL,,,,,2020-07-16 23:17:00,35,CLEAR,"DARKNESS, LIGHTED ROAD",TURNING,FOUR WAY,DRY,NO DEFECTS,ON SCENE,INJURY AND / OR TOW DUE TO CRASH,,"OVER $1,500",07/16/2020 11:17:00 PM,IMPROPER TURNING/NO SIGNAL,UNABLE TO DETERMINE,,4,NONINCAPACITATING INJURY,1.0,0.0,0.0,1.0,0.0,6.0,0.0,23,5,7,41.659076075,-87.559364801,POINT (-87.559364801272 41.659076074599),POINT (1195744.4506951144 1819309.223576829),2020,2629 E 130TH ST
O938469,DRIVER,df3fec1014aae871de64a4b2116d004c0a39a16a6dc4d084c5edddc14ff8f336a80ce7353a86e9b9834cbbbb7cfd4e5c316fd00cd5023843c6a49bb9d493cb18,889632.0,M,22.0,DID NOT DEPLOY,NONE,NO INDICATION OF INJURY,NONE,NOT OBSCURED,NORMAL,,,,,2020-08-14 17:00:00,10,CLEAR,DAYLIGHT,OTHER OBJECT,OTHER,DRY,NO DEFECTS,NOT ON SCENE (DESK REPORT),NO INJURY / DRIVE AWAY,,$500 OR LESS,08/14/2020 06:30:00 PM,UNABLE TO DETERMINE,NOT APPLICABLE,,1,NO INDICATION OF INJURY,0.0,0.0,0.0,0.0,0.0,1.0,0.0,17,6,8,41.891948278,-87.614363497,POINT (-87.614363497175 41.891948277674),POINT (1180005.99000007 1904036.022227708),2020,530 N LAKE SHORE DR NB
O983689,DRIVER,a99cbd99143aa5cb8371c1f872e0310613364e4fa5e3135678ac3544e181f8afa6756a96ac75d3f0c4331fff70c15ce286efc85e68d1e67a1d629e0d8655a749,932199.0,F,34.0,DID NOT DEPLOY,NONE,NO INDICATION OF INJURY,OTHER,UNKNOWN,EMOTIONAL,,,,,2020-10-26 14:10:00,30,CLEAR,DAYLIGHT,REAR END,DIVIDED - W/MEDIAN (NOT RAISED),DRY,NO DEFECTS,ON SCENE,INJURY AND / OR TOW DUE TO CRASH,,"OVER $1,500",10/26/2020 02:13:00 PM,UNABLE TO DETERMINE,UNABLE TO DETERMINE,,4,NONINCAPACITATING INJURY,1.0,0.0,0.0,1.0,0.0,4.0,0.0,14,2,10,41.839425979,-87.694944237,POINT (-87.694944237252 41.839425978748),POINT (1158208.2570408871 1884723.4728330316),2020,2859 S CALIFORNIA AVE
O887265,DRIVER,b6a54760ac4daac244a98afc9e480144bac3616a6b0cbf3b6c33f30ad1e0380bc7dfa429bfa000db978f4c6984876042981953f2feb4ff8776346046495bc83a,841697.0,F,,DEPLOYMENT UNKNOWN,NONE,NO INDICATION OF INJURY,OTHER,UNKNOWN,UNKNOWN,,,,,2020-05-22 15:40:00,30,CLEAR,DAYLIGHT,SIDESWIPE SAME DIRECTION,ONE-WAY,DRY,NO DEFECTS,NOT ON SCENE (DESK REPORT),NO INJURY / DRIVE AWAY,Y,"OVER $1,500",05/22/2020 04:27:00 PM,UNABLE TO DETERMINE,NOT APPLICABLE,,2,NO INDICATION OF INJURY,0.0,0.0,0.0,0.0,0.0,2.0,0.0,15,6,5,41.736586782,-87.625599335,POINT (-87.625599334506 41.736586782204),POINT (1177413.0184105174 1847397.6150257534),2020,8650 S LAFAYETTE AVE
O974790,DRIVER,c0f85a8ecf050330cfb59520d41ffc6989957cf1e5d8fcca882949c30c7959b7d293e392fe4621729f1994abbcc21a9dc8d9e71b9aa711bb7edf62724a864a11,923754.0,X,,DEPLOYMENT UNKNOWN,NONE,NO INDICATION OF INJURY,UNKNOWN,UNKNOWN,UNKNOWN,,,,,2020-10-11 08:00:00,30,CLEAR,DAYLIGHT,SIDESWIPE SAME DIRECTION,NOT DIVIDED,DRY,UNKNOWN,ON SCENE,NO INJURY / DRIVE AWAY,,"OVER $1,500",10/11/2020 08:45:00 AM,UNABLE TO DETERMINE,UNABLE TO DETERMINE,,3,NO INDICATION OF INJURY,0.0,0.0,0.0,0.0,0.0,1.0,0.0,8,1,10,41.797032703,-87.584138433,POINT (-87.584138433142 41.79703270328),POINT (1188537.2287103627 1869519.440881599),2020,5436 S HYDE PARK BLVD
P218305,PASSENGER,685ffabccc5cdd72eeaecbddd6e8d286eb3150b1e69a5081b0fc34a01de7e1df220508c1d446f13cb3ad76a35de28412049cccf1665eae42fbe5a6b37279a9e7,907661.0,M,19.0,DID NOT DEPLOY,NONE,NO INDICATION OF INJURY,,,,,,,,2020-09-13 21:53:00,30,SLEET/HAIL,"DARKNESS, LIGHTED ROAD",REAR END,FOUR WAY,DRY,NO DEFECTS,ON SCENE,INJURY AND / OR TOW DUE TO CRASH,Y,"OVER $1,500",09/13/2020 09:53:00 PM,UNDER THE INFLUENCE OF ALCOHOL/DRUGS (USE WHEN ARREST IS EFFECTED),NOT APPLICABLE,,2,NO INDICATION OF INJURY,0.0,0.0,0.0,0.0,0.0,4.0,0.0,21,1,9,41.880480752,-87.755130433,POINT (-87.755130432965 41.880480751702),POINT (1141706.9655228183 1899567.5568430983),2020,5200 W MADISON ST
O858809,DRIVER,552d7f169d4477570dbd33bf517bae0e50e8b877796f315ade0ea11a25b0cbe181090e5619fd1d5200d06389ed1d653428bd1da8b74c0e3fe7e699ae6cf15bc1,814928.0,F,75.0,DID NOT DEPLOY,NONE,NO INDICATION OF INJURY,OTHER,UNKNOWN,NORMAL,,,,,2020-03-09 18:00:00,30,RAIN,DUSK,REAR END,DIVIDED - W/MEDIAN (NOT RAISED),WET,NO DEFECTS,ON SCENE,NO INJURY / DRIVE AWAY,,"OVER $1,500",03/09/2020 06:00:00 PM,DRIVING SKILLS/KNOWLEDGE/EXPERIENCE,UNABLE TO DETERMINE,,2,NO INDICATION OF INJURY,0.0,0.0,0.0,0.0,0.0,2.0,0.0,18,2,3,41.898775227,-87.734157339,POINT (-87.734157339353 41.898775227341),POINT (1147371.8577435373 1906273.2219713838),2020,4313 W AUGUSTA BLVD
P224173,PASSENGER,9604d9b736193008fe9abe0241e2241543aa7aaec9834b0ae0251c3feb67da73787490ad4f3039a6b61d0f67441ae4717c43a852357c40f2e54f32f497b51b97,934951.0,M,19.0,"DEPLOYED, SIDE",NONE,NO INDICATION OF INJURY,,,,,,,,2020-10-31 16:40:00,30,CLEAR,DAYLIGHT,ANGLE,T-INTERSECTION,DRY,NO DEFECTS,ON SCENE,INJURY AND / OR TOW DUE TO CRASH,,"OVER $1,500",10/31/2020 04:42:00 PM,DISREGARDING TRAFFIC SIGNALS,NOT APPLICABLE,,2,NO INDICATION OF INJURY,0.0,0.0,0.0,0.0,0.0,9.0,0.0,16,7,10,41.880481166,-87.642762729,POINT (-87.64276272913 41.880481166477),POINT (1172307.234201103 1899793.9000573936),2020,100 S JEFFERSON ST
O901481,DRIVER,f7ecc2c4d8f50f3fb74139b44882aa788274b68b52f17acef6a3a0ab30c4b5f339b58dc260c871c05511e333d038f0cf7d8b8af889b50b2183002815e47148d2,854800.0,X,,NOT APPLICABLE,UNKNOWN,NO INDICATION OF INJURY,UNKNOWN,UNKNOWN,UNKNOWN,,,,,2020-06-18 01:39:00,30,CLEAR,"DARKNESS, LIGHTED ROAD",SIDESWIPE SAME DIRECTION,NOT DIVIDED,DRY,NO DEFECTS,ON SCENE,INJURY AND / OR TOW DUE TO CRASH,Y,"OVER $1,500",06/18/2020 01:50:00 AM,UNABLE TO DETERMINE,UNABLE TO DETERMINE,,3,NO INDICATION OF INJURY,0.0,0.0,0.0,0.0,0.0,4.0,0.0,1,5,6,41.745033464,-87.585236398,POINT (-87.585236397998 41.745033464479),POINT (1188402.6556317422 1850568.6853219722),2020,8233 S STONY ISLAND AVE
P200582,PASSENGER,425414daaa08d94603bc1a15699d80c5228c8471aadd707faf86e484f2ed33c1e64ef9c7fa4862c5120b6ba3712a1f7551267978a7dd9336596e18c87460a69f,833233.0,F,38.0,"DEPLOYED, COMBINATION",NONE,NO INDICATION OF INJURY,,,,,,,,2020-05-02 05:00:00,25,CLEAR,DAWN,PARKED MOTOR VEHICLE,NOT DIVIDED,DRY,NO DEFECTS,ON SCENE,INJURY AND / OR TOW DUE TO CRASH,Y,"OVER $1,500",05/02/2020 05:00:00 AM,"OPERATING VEHICLE IN ERRATIC, RECKLESS, CARELESS, NEGLIGENT OR AGGRESSIVE MANNER",UNABLE TO DETERMINE,,3,NONINCAPACITATING INJURY,1.0,0.0,0.0,1.0,0.0,2.0,0.0,5,7,5,41.786301801,-87.649665278,POINT (-87.649665278037 41.7863018015),POINT (1170700.6465170332 1865460.2547181605),2020,5921 S MORGAN ST
O914213,DRIVER,4440a916af319397e14512b84318aa8c8e8c7b0bac58ac8f3d04e17d4c6f479adc232a986300cfd004632006e72b4471612251ec13c75d1a4be2d536546d2ea9,866739.0,F,,DID NOT DEPLOY,NONE,NO INDICATION OF INJURY,NONE,NOT OBSCURED,NORMAL,,,,,2020-07-07 12:30:00,10,CLEAR,DAYLIGHT,REAR TO SIDE,PARKING LOT,DRY,NO DEFECTS,NOT ON SCENE (DESK REPORT),NO INJURY / DRIVE AWAY,,"$501 - $1,500",07/07/2020 12:47:00 PM,IMPROPER BACKING,IMPROPER BACKING,,2,NO INDICATION OF INJURY,0.0,0.0,0.0,0.0,0.0,3.0,0.0,12,3,7,41.681092492,-87.680967924,POINT (-87.680967924193 41.681092491646),POINT (1162454.2940737507 1827056.74910264),2020,11652 S WESTERN AVE
O845362,DRIVER,2e88663f20bc6d4e6fe9d099020f3bb83277b24a38568451f691ad62ec32218e0696aacab1970071f4bdca60a14f252c37aceacc0614a3574b9a84ac5c5ed590,802245.0,F,26.0,DID NOT DEPLOY,NONE,NO INDICATION OF INJURY,NONE,NOT OBSCURED,NORMAL,,,,,2020-02-18 15:18:00,30,CLEAR,DAYLIGHT,SIDESWIPE SAME DIRECTION,NOT DIVIDED,DRY,UNKNOWN,NOT ON SCENE (DESK REPORT),NO INJURY / DRIVE AWAY,,"$501 - $1,500",02/18/2020 04:30:00 PM,IMPROPER LANE USAGE,NOT APPLICABLE,,2,NO INDICATION OF INJURY,0.0,0.0,0.0,0.0,0.0,3.0,0.0,15,3,2,41.771884028,-87.683588402,POINT (-87.683588402063 41.771884027712),POINT (1161488.7476351284 1860134.7883667615),2020,6700 S WESTERN AVE
O951437,DRIVER,3eeff1ba61916e75f8fca958cf89113e383c7a1a0f0e90859b11ad848b14c217b83b6379198ff51577571e77dbbba4a0ca0bc726b11a8580e7c5d09f2a8fef69,901845.0,F,27.0,DID NOT DEPLOY,NONE,NO INDICATION OF INJURY,NONE,UNKNOWN,NORMAL,,,,,2020-09-03 19:30:00,30,CLEAR,"DARKNESS, LIGHTED ROAD",REAR END,NOT DIVIDED,DRY,UNKNOWN,NOT ON SCENE (DESK REPORT),NO INJURY / DRIVE AWAY,Y,"OVER $1,500",09/03/2020 08:00:00 PM,UNABLE TO DETERMINE,NOT APPLICABLE,,2,NO INDICATION OF INJURY,0.0,0.0,0.0,0.0,0.0,2.0,0.0,19,5,9,41.968341101,-87.708528882,POINT (-87.708528882333 41.96834110122),POINT (1154164.3297472296 1931672.9330668508),2020,3201 W LAWRENCE AVE
O826344,DRIVER,6507ca576d71cbf9909ce1e960431fd1c84f7d25636710e2e35f85a87d0279cc00ad759a2b224847075d3780eadb9c32793d03e58144d9fdf4bd1de578619f04,784424.0,X,,DEPLOYMENT UNKNOWN,UNKNOWN,NO INDICATION OF INJURY,UNKNOWN,UNKNOWN,UNKNOWN,,,,N,2020-01-21 08:21:00,30,CLEAR,DAYLIGHT,PARKED MOTOR VEHICLE,ONE-WAY,DRY,NO DEFECTS,ON SCENE,NO INJURY / DRIVE AWAY,Y,"$501 - $1,500",01/21/2020 08:53:00 AM,NOT APPLICABLE,NOT APPLICABLE,,2,NO INDICATION OF INJURY,0.0,0.0,0.0,0.0,0.0,1.0,0.0,8,3,1,41.884126765,-87.764915604,POINT (-87.764915604269 41.884126765205),POINT (1139033.4454059035 1900878.357343915),2020,5559 W WEST END AVE
O938779,DRIVER,97ccf94c575931d842d63e436d202ed5bd8aebb26dffedb09314a5dad7def21dae32ae95e2498ab0bcc276d9fb4da7a6d88d7a764a65a0bb43340fb4b4b4a33d,889929.0,M,,DEPLOYMENT UNKNOWN,NONE,NO INDICATION OF INJURY,DISREGARDED CONTROL DEVICES,UNKNOWN,UNKNOWN,,,,,2020-08-15 06:17:00,30,CLEAR,DAWN,SIDESWIPE SAME DIRECTION,FOUR WAY,UNKNOWN,UNKNOWN,NOT ON SCENE (DESK REPORT),NO INJURY / DRIVE AWAY,Y,"OVER $1,500",08/15/2020 06:55:00 AM,UNABLE TO DETERMINE,NOT APPLICABLE,,2,NO INDICATION OF INJURY,0.0,0.0,0.0,0.0,0.0,2.0,0.0,6,7,8,41.794644395,-87.631406537,POINT (-87.631406536705 41.794644394705),POINT (1175655.3969356734 1868540.3660121681),2020,220 W GARFIELD BLVD
O924859,DRIVER,2ac9e24f012fc78c6c9c81f81e46df072656bf9182522e2bac209564202e995de427826ac05bbc052ea3df8df1301a81437c88169231eb804bd48d32ebe173fa,876828.0,F,47.0,NOT APPLICABLE,NONE,NO INDICATION OF INJURY,NONE,NOT OBSCURED,NORMAL,,,,,2020-07-25 01:30:00,30,CLEAR,"DARKNESS, LIGHTED ROAD",TURNING,NOT DIVIDED,DRY,NO DEFECTS,ON SCENE,INJURY AND / OR TOW DUE TO CRASH,Y,"OVER $1,500",07/25/2020 01:39:00 AM,DISREGARDING TRAFFIC SIGNALS,FAILING TO REDUCE SPEED TO AVOID CRASH,,2,NO INDICATION OF INJURY,0.0,0.0,0.0,0.0,0.0,3.0,0.0,1,7,7,41.877718554,-87.681383973,POINT (-87.68138397309 41.877718554362),POINT (1161797.4338539205 1898704.9453484544),2020,2158 W JACKSON BLVD
O878878,DRIVER,573e3ff1ac766c4ac3e8a5f2322f5b07879bc4dea00192974ad9431a74f1054765af6b31b654a0627fcbdbd3b11fd7a345b69c3488ebcd8bb8bbf14922b1457a,833785.0,F,36.0,DID NOT DEPLOY,NONE,NO INDICATION OF INJURY,FOLLOWED TOO CLOSELY,NOT OBSCURED,NORMAL,,,,,2020-05-03 11:15:00,35,CLEAR,DAYLIGHT,REAR END,DIVIDED - W/MEDIAN (NOT RAISED),DRY,NO DEFECTS,ON SCENE,NO INJURY / DRIVE AWAY,,"$501 - $1,500",05/03/2020 11:20:00 AM,FOLLOWING TOO CLOSELY,NOT APPLICABLE,,2,NO INDICATION OF INJURY,0.0,0.0,0.0,0.0,0.0,2.0,0.0,11,1,5,41.69152372,-87.710645461,POINT (-87.710645460768 41.691523720276),POINT (1154319.8767755777 1830797.7590411096),2020,3600 W 111TH ST
O934758,DRIVER,9fe9902a361f037934fab68fb258de5c4c4164a3465db0a9a3670294727fc15bfc579088e22839cb82cf35658c47730c85fca44775cd465ca8638c8bea338e7c,886146.0,F,,DID NOT DEPLOY,NONE,NO INDICATION OF INJURY,UNKNOWN,UNKNOWN,UNKNOWN,,,,,2020-08-09 01:38:00,35,CLEAR,"DARKNESS, LIGHTED ROAD",REAR END,FOUR WAY,DRY,NO DEFECTS,ON SCENE,NO INJURY / DRIVE AWAY,Y,"OVER $1,500",08/09/2020 01:41:00 AM,UNABLE TO DETERMINE,NOT APPLICABLE,,3,NO INDICATION OF INJURY,0.0,0.0,0.0,0.0,0.0,2.0,0.0,1,1,8,41.869096512,-87.720343884,POINT (-87.720343883573 41.869096512214),POINT (1151209.7493550614 1895484.902850192),2020,3800 W TAYLOR ST
P186166,PASSENGER,d6c4d6c8208229c710a4f4ba6bf5a9b9e9526e9fb69302c0635af7b261fb32b7917fac0f1455d5962f99fd2d8a56c13953ae5198a28d6b3ba9636f787a49f9f4,772707.0,F,26.0,DID NOT DEPLOY,NONE,NO INDICATION OF INJURY,,,,,,,,2020-01-01 01:35:00,30,CLEAR,"DARKNESS, LIGHTED ROAD",ANGLE,FOUR WAY,SNOW OR SLUSH,NO DEFECTS,ON SCENE,INJURY AND / OR TOW DUE TO CRASH,,"OVER $1,500",01/01/2020 01:35:00 AM,FAILING TO YIELD RIGHT-OF-WAY,DISREGARDING STOP SIGN,,3,NONINCAPACITATING INJURY,1.0,0.0,0.0,1.0,0.0,4.0,0.0,1,4,1,41.898544565,-87.74846193,POINT (-87.748461930424 41.898544565139),POINT (1143478.0816420515 1906162.2952963903),2020,4901 W AUGUSTA BLVD