PERSON_ID,PERSON_TYPE,CRASH_RECORD_ID,VEHICLE_ID,SEX,AGE,AIRBAG_DEPLOYED,EJECTION,INJURY_CLASSIFICATION,DRIVER_ACTION,DRIVER_VISION,PHYSICAL_CONDITION,PEDPEDAL_ACTION,PEDPEDAL_VISIBILITY,PEDPEDAL_LOCATION,CRASH_DATE_EST_I,CRASH_DATE,POSTED_SPEED_LIMIT,WEATHER_CONDITION,LIGHTING_CONDITION,FIRST_CRASH_TYPE,TRAFFICWAY_TYPE,ROADWAY_SURFACE_COND,ROAD_DEFECT,REPORT_TYPE,CRASH_TYPE,HIT_AND_RUN_I,DAMAGE,DATE_POLICE_NOTIFIED,PRIM_CONTRIBUTORY_CAUSE,SEC_CONTRIBUTORY_CAUSE,DOORING_I,NUM_UNITS,MOST_SEVERE_INJURY,INJURIES_TOTAL,INJURIES_FATAL,INJURIES_INCAPACITATING,INJURIES_NON_INCAPACITATING,INJURIES_REPORTED_NOT_EVIDENT,INJURIES_NO_INDICATION,INJURIES_UNKNOWN,CRASH_HOUR,CRASH_DAY_OF_WEEK,CRASH_MONTH,LATITUDE,LONGITUDE,LOCATION,geometry,YEAR,ADDRESS
O834806,DRIVER,90e0685952a195f6043683a5ecdc8315c5bb5a8337382f6b00c5e5ce01cf97e176ca07241e40d3b7249fd595b8e54e5774c9e838083aa3bda6b323d18e3c13af,792237.0,F,,DID NOT DEPLOY,NONE,NO INDICATION OF INJURY,NONE,NOT OBSCURED,NORMAL,,,,,2020-02-02 16:50:00,30,CLEAR,DUSK,PARKED MOTOR VEHICLE,NOT DIVIDED,DRY,NO DEFECTS,,NO INJURY / DRIVE AWAY,,"$501 - $1,500",02/02/2020 05:14:00 PM,UNABLE TO DETERMINE,NOT APPLICABLE,,2,NO INDICATION OF INJURY,0.0,0.0,0.0,0.0,0.0,1.0,0.0,16,1,2,41.694709067,-87.706029576,POINT (-87.706029576461 41.694709066784),POINT (1155572.1302059107 1831967.6045477227),2020,10912 S HOMAN AVE
O912588,DRIVER,3315e0c5dbfa3e075b26e01446fdd425f52bac20eebf41d52ff2a8a592d4f0abb9c5be1cf6808623a46200f1ac8000a7a2d83dc7c455df9b3d370f2222efd8f9,865190.0,F,71.0,DID NOT DEPLOY,NONE,NO INDICATION OF INJURY,NONE,NOT OBSCURED,NORMAL,,,,,2020-07-05 13:45:00,30,CLEAR,DAYLIGHT,TURNING,DIVIDED - W/MEDIAN (NOT RAISED),DRY,NO DEFECTS,NOT ON SCENE (DESK REPORT),NO INJURY / DRIVE AWAY,Y,$500 OR LESS,07/05/2020 07:40:00 PM,UNABLE TO DETERMINE,NOT APPLICABLE,,3,NO INDICATION OF INJURY,0.0,0.0,0.0,0.0,0.0,3.0,0.0,13,1,7,41.880563638,-87.748613669,POINT (-87.748613669334 41.880563637564),POINT (1143481.4200716915 1899609.7838151532),2020,4920 W MADISON ST
O867067,DRIVER,c7fac33d44a3330de1510b135402c8c6def2713c6b57dbe2441760242252130dd389efc4f1cb690101715302243ba88d0435184ee1b0035261b5d9efd49a3a37,822765.0,M,53.0,DID NOT DEPLOY,NONE,NO INDICATION OF INJURY,NONE,NOT OBSCURED,NORMAL,,,,,2020-03-28 15:50:00,15,CLOUDY/OVERCAST,DAYLIGHT,REAR TO FRONT,PARKING LOT,DRY,NO DEFECTS,NOT ON SCENE (DESK REPORT),NO INJURY / DRIVE AWAY,,$500 OR LESS,03/28/2020 04:25:00 PM,DRIVING SKILLS/KNOWLEDGE/EXPERIENCE,UNABLE TO DETERMINE,,2,NO INDICATION OF INJURY,0.0,0.0,0.0,0.0,0.0,2.0,0.0,15,7,3,41.757443249,-87.624889061,POINT (-87.624889061411 41.757443248719),POINT (1177544.3028096631 1854999.1171399895),2020,7524 S STATE ST
O896797,DRIVER,f5c38bf39cf0e900bc84827e415be04d91abb094ebf1b1d237d160efc0735459d043f352eed882eaab6396d8037498539ea7de64c44b73e4bd0c78a0a026d086,850412.0,M,29.0,"DEPLOYED, FRONT",NONE,NONINCAPACITATING INJURY,NONE,NOT OBSCURED,NORMAL,,,,,2020-06-09 12:00:00,30,CLEAR,DAYLIGHT,ANGLE,FOUR WAY,DRY,NO DEFECTS,ON SCENE,INJURY AND / OR TOW DUE TO CRASH,,"OVER $1,500",06/09/2020 12:00:00 PM,DISREGARDING TRAFFIC SIGNALS,NOT APPLICABLE,,3,NONINCAPACITATING INJURY,4.0,0.0,0.0,4.0,0.0,0.0,0.0,12,3,6,41.870890421,-87.720407451,POINT (-87.72040745142 41.870890420615),POINT (1151187.7677437186 1896138.47559586),2020,3800 W POLK ST
O1002544,DRIVER,653269794fd502ca53c39ba973fe0ffd291f49c7ce8c7040369f165a5a280a65e6985b4d57526419f497826be519c6fb604ea33403f3f62684785e054ba3dd49,950093.0,F,24.0,DID NOT DEPLOY,NONE,NONINCAPACITATING INJURY,UNKNOWN,UNKNOWN,NORMAL,,,,,2020-12-01 15:15:00,30,CLEAR,DAYLIGHT,ANGLE,ONE-WAY,DRY,UNKNOWN,ON SCENE,INJURY AND / OR TOW DUE TO CRASH,Y,"OVER $1,500",12/01/2020 05:01:00 PM,FAILING TO YIELD RIGHT-OF-WAY,UNABLE TO DETERMINE,,2,NONINCAPACITATING INJURY,3.0,0.0,0.0,3.0,0.0,1.0,0.0,15,3,12,41.885305459,-87.733021153,POINT (-87.733021152767 41.885305458831),POINT (1147715.5192042412 1901367.0121073266),2020,265 N KILDARE AVE
O997182,DRIVER,5d7c567e03473daec73b3914490c9dc1f7c1b7f8243c0441145344a850879ba4cd873bcbc0c677e4f264d134ad892788ec3af2fb34a8b1fc55e867b72a23102e,944956.0,F,33.0,DID NOT DEPLOY,NONE,NO INDICATION OF INJURY,NONE,NOT OBSCURED,NORMAL,,,,,2020-11-20 17:09:00,30,CLEAR,"DARKNESS, LIGHTED ROAD",REAR END,NOT DIVIDED,DRY,NO DEFECTS,NOT ON SCENE (DESK REPORT),NO INJURY / DRIVE AWAY,,"$501 - $1,500",11/20/2020 06:55:00 PM,FOLLOWING TOO CLOSELY,FOLLOWING TOO CLOSELY,,2,NO INDICATION OF INJURY,0.0,0.0,0.0,0.0,0.0,2.0,0.0,17,6,11,41.837214633,-87.736626969,POINT (-87.736626969182 41.837214632735),POINT (1146855.4438596084 1883836.0024288273),2020,4500 W 31ST ST
O951221,DRIVER,2730abf4dcf405370b625bcf14429d441c65ca2d52794f5c35c1ea381d165fc3f4d2f90ba865e91f990bbeaf41b31af8e002ff6b87048c526fd60ada19ee2e1c,901633.0,X,,DEPLOYMENT UNKNOWN,UNKNOWN,NO INDICATION OF INJURY,UNKNOWN,UNKNOWN,UNKNOWN,,,,,2020-09-03 11:00:00,35,CLEAR,DAYLIGHT,PARKED MOTOR VEHICLE,NOT DIVIDED,DRY,NO DEFECTS,NOT ON SCENE (DESK REPORT),NO INJURY / DRIVE AWAY,Y,"$501 - $1,500",09/03/2020 03:30:00 PM,UNABLE TO DETERMINE,UNABLE TO DETERMINE,,2,NO INDICATION OF INJURY,0.0,0.0,0.0,0.0,0.0,1.0,0.0,11,5,9,41.846962204,-87.702508987,POINT (-87.702508987152 41.84696220386),POINT (1156126.7155534949 1887454.4150427806),2020,2441 S ALBANY AVE
P204782,PASSENGER,f92715ff17b22b58b5b51c735efa854162d7f510b3a6a602cf1f4ec249d44c80942bb2b1fad415681a13c85f625a668fae93b45d8c8255d21bf2d64fb1800465,850398.0,F,43.0,NOT APPLICABLE,NONE,NO INDICATION OF INJURY,,,,,,,,2020-06-09 14:36:00,30,CLEAR,DAYLIGHT,SIDESWIPE SAME DIRECTION,NOT DIVIDED,DRY,NO DEFECTS,ON SCENE,NO INJURY / DRIVE AWAY,Y,"OVER $1,500",06/09/2020 02:41:00 PM,FAILING TO REDUCE SPEED TO AVOID CRASH,UNABLE TO DETERMINE,,2,NO INDICATION OF INJURY,0.0,0.0,0.0,0.0,0.0,5.0,0.0,14,3,6,41.988745179,-87.775278528,POINT (-87.775278528278 41.988745178582),POINT (1135963.3911941038 1938982.959387511),2020,5901 N ELSTON AVE
O953112,DRIVER,3768bc9621b306c221332880a1f247dafd6e9aeb5b44813061e229606a63b0f9b75e6689729ecbcfb3e3f8916cdd95adb985d03cf015575dc9816d183444f8e1,903417.0,F,36.0,NOT APPLICABLE,NONE,NO INDICATION OF INJURY,NONE,NOT OBSCURED,NORMAL,,,,Y,2020-09-05 14:00:00,30,CLEAR,DAYLIGHT,REAR END,ONE-WAY,DRY,NO DEFECTS,NOT ON SCENE (DESK REPORT),NO INJURY / DRIVE AWAY,Y,$500 OR LESS,09/06/2020 10:30:00 AM,UNABLE TO DETERMINE,UNABLE TO DETERMINE,,2,NO INDICATION OF INJURY,0.0,0.0,0.0,0.0,0.0,3.0,0.0,14,7,9,41.737891476,-87.625633723,POINT (-87.625633722588 41.737891475987),POINT (1177399.7233362207 1847872.955612856),2020,8604 S LAFAYETTE AVE
O817606,DRIVER,95177c23db55a92bc26b4d4f477cda35b415e8c6743000475cbc1bbe5b38081cecc4b4c2fc54798527a017bf941e21533a13a83156eac0ff46cef869a6db3263,776213.0,F,29.0,"DEPLOYED, FRONT",NONE,NO INDICATION OF INJURY,TOO FAST FOR CONDITIONS,UNKNOWN,UNKNOWN,,,,,2020-01-07 13:20:00,25,CLEAR,DAYLIGHT,REAR END,NOT DIVIDED,DRY,NO DEFECTS,ON SCENE,INJURY AND / OR TOW DUE TO CRASH,,"OVER $1,500",01/07/2020 01:26:00 PM,FAILING TO REDUCE SPEED TO AVOID CRASH,NOT APPLICABLE,,2,NO INDICATION OF INJURY,0.0,0.0,0.0,0.0,0.0,2.0,0.0,13,3,1,41.747025172,-87.546590213,POINT (-87.546590213106 41.747025171674),POINT (1198942.4834085326 1851388.5052931304),2020,8145 S BRANDON AVE
P200652,PASSENGER,8dd64d26545927a61cec63b34977865107159d1d706cc4e038907c8b3c5f1efc4e1e2e49c76feb35879aa9d3e74f09cf09de06daf0f3f7a0005edea9ea46cb8e,833519.0,M,2.0,DID NOT DEPLOY,NONE,NO INDICATION OF INJURY,,,,,,,,2020-05-02 17:00:00,30,CLEAR,DAYLIGHT,TURNING,DIVIDED - W/MEDIAN BARRIER,DRY,NO DEFECTS,ON SCENE,INJURY AND / OR TOW DUE TO CRASH,,"OVER $1,500",05/02/2020 05:02:00 PM,UNABLE TO DETERMINE,NOT APPLICABLE,,2,NO INDICATION OF INJURY,0.0,0.0,0.0,0.0,0.0,6.0,0.0,17,7,5,41.878150635,-87.72077554,POINT (-87.720775540116 41.878150634653),POINT (1151068.633181445 1898783.3684429615),2020,3800 W ADAMS ST
O867275,DRIVER,51bc2729b40ddab738b0dffd66b5e21138848f54a545ea70978fdd897040e814c702d42254e3359ee6edd0b2f8421ab4a8ee674a120dea963bada4f886375cb0,822970.0,M,,DEPLOYMENT UNKNOWN,NONE,NO INDICATION OF INJURY,UNKNOWN,UNKNOWN,UNKNOWN,,,,,2020-03-29 16:00:00,30,CLOUDY/OVERCAST,DAYLIGHT,ANGLE,ALLEY,WET,NO DEFECTS,NOT ON SCENE (DESK REPORT),NO INJURY / DRIVE AWAY,Y,"OVER $1,500",03/29/2020 04:30:00 PM,UNABLE TO DETERMINE,UNABLE TO DETERMINE,,2,NO INDICATION OF INJURY,0.0,0.0,0.0,0.0,0.0,2.0,0.0,16,1,3,41.717216821,-87.551150189,POINT (-87.551150188646 41.717216820518),POINT (1197796.8239497158 1840515.274530904),2020,9800 S COMMERCIAL AVE
P217771,PASSENGER,1b643be64fc34b58afaa3bdd141bc841aad7db126d0b6b45ee3828457e12b0ffe09dcb1aaf3e33c7364cdd71b91611293e633f5d5d929e68b900ad92194f279c,905233.0,M,32.0,DID NOT DEPLOY,NONE,NO INDICATION OF INJURY,,,,,,,,2020-09-09 17:44:00,30,CLEAR,DAYLIGHT,TURNING,FOUR WAY,DRY,NO DEFECTS,ON SCENE,INJURY AND / OR TOW DUE TO CRASH,,"OVER $1,500",09/09/2020 05:47:00 PM,FAILING TO YIELD RIGHT-OF-WAY,IMPROPER TURNING/NO SIGNAL,,2,NO INDICATION OF INJURY,0.0,0.0,0.0,0.0,0.0,5.0,0.0,17,4,9,41.786654178,-87.664539158,POINT (-87.664539157743 41.786654178265),POINT (1166643.206911966 1865556.7545124313),2020,5900 S ASHLAND AVE
O945039,DRIVER,4489d7cb716f0ac14f52ef93855ff3c934de1377391560e766d57e31c7071427d911cc38a48b516f774f2c43e4323e672a3a648b73ec0a6a68a00750d6fe4180,895805.0,M,44.0,DEPLOYMENT UNKNOWN,NONE,NO INDICATION OF INJURY,FOLLOWED TOO CLOSELY,UNKNOWN,UNKNOWN,,,,,2020-08-15 16:30:00,30,CLEAR,DAYLIGHT,REAR END,NOT DIVIDED,DRY,NO DEFECTS,NOT ON SCENE (DESK REPORT),NO INJURY / DRIVE AWAY,,"OVER $1,500",08/24/2020 07:40:00 PM,FAILING TO YIELD RIGHT-OF-WAY,UNABLE TO DETERMINE,,3,NO INDICATION OF INJURY,0.0,0.0,0.0,0.0,0.0,3.0,0.0,16,7,8,41.743701452,-87.614823666,POINT (-87.614823665995 41.743701451507),POINT (1180332.4117366378 1850014.503104542),2020,383 E 83RD ST
P196515,PASSENGER,f347922d0cb1486e390c19c06488ff3e7c734179b7b57f9008b353a595f0cf9424fed3454c10f4af55eed36dd4046b3abb46dd77f72af0928b746e910258d82b,815111.0,F,34.0,"DEPLOYED, FRONT",NONE,"REPORTED, NOT EVIDENT",,,,,,,,2020-03-09 21:37:00,30,RAIN,"DARKNESS, LIGHTED ROAD",HEAD ON,NOT DIVIDED,WET,NO DEFECTS,ON SCENE,INJURY AND / OR TOW DUE TO CRASH,Y,"OVER $1,500",03/09/2020 09:37:00 PM,"OPERATING VEHICLE IN ERRATIC, RECKLESS, CARELESS, NEGLIGENT OR AGGRESSIVE MANNER",DRIVING SKILLS/KNOWLEDGE/EXPERIENCE,,4,NONINCAPACITATING INJURY,4.0,0.0,0.0,1.0,3.0,2.0,0.0,21,2,3,41.81884058,-87.72411293,POINT (-87.72411292982 41.818840580411),POINT (1150313.075267347 1877164.5245699417),2020,4060 S PULASKI RD
O961413,DRIVER,be3dcd6e0678183323a304c99c1cb01406d7506a7d333c44035d1128eb54fd1f192046afc9704120ccd7c1bcec27af247b17143d55f337a0deae703b9473a857,911189.0,X,,DID NOT DEPLOY,NONE,NO INDICATION OF INJURY,NONE,UNKNOWN,UNKNOWN,,,,,2020-09-19 21:35:00,35,CLEAR,"DARKNESS, LIGHTED ROAD",HEAD ON,DIVIDED - W/MEDIAN (NOT RAISED),DRY,NO DEFECTS,ON SCENE,INJURY AND / OR TOW DUE TO CRASH,Y,"OVER $1,500",09/19/2020 09:38:00 PM,UNABLE TO DETERMINE,NOT APPLICABLE,,4,NO INDICATION OF INJURY,0.0,0.0,0.0,0.0,0.0,3.0,0.0,21,7,9,41.913676484,-87.7265975,POINT (-87.726597499815 41.913676483683),POINT (1149391.57704725 1911717.7058186189),2020,1800 N PULASKI RD
O879404,DRIVER,865b9e8cfff004677820bf4bc8c112a3da3901338f58e337dca66c72362e9d18867a076dc3ea0e1f9e5e309dc837e37721bf7e97d035c8fc5c1bbc5f3311d693,834302.0,F,21.0,DID NOT DEPLOY,NONE,NO INDICATION OF INJURY,UNKNOWN,UNKNOWN,NORMAL,,,,,2020-05-04 16:26:00,25,CLEAR,DAYLIGHT,REAR END,NOT DIVIDED,DRY,NO DEFECTS,ON SCENE,INJURY AND / OR TOW DUE TO CRASH,,"OVER $1,500",05/04/2020 04:27:00 PM,FOLLOWING TOO CLOSELY,UNABLE TO DETERMINE,,3,NO INDICATION OF INJURY,0.0,0.0,0.0,0.0,0.0,3.0,0.0,16,2,5,41.944655826,-87.654628065,POINT (-87.654628065084 41.944655825988),POINT (1168890.9781216544 1923153.4370003492),2020,3448 N CLARK ST
O976223,DRIVER,5a02275da21ff964925bb60a1a3258d2f645fcf5e42a26c2b6c56b8c211ba80f8dd86ba7505ac2d2f4fd77bc934f1e55262c37e8113f2a7593512877f756b900,925138.0,M,,DEPLOYMENT UNKNOWN,NONE,NO INDICATION OF INJURY,UNKNOWN,UNKNOWN,UNKNOWN,,,,,2020-10-13 17:45:00,30,CLEAR,DAYLIGHT,PARKED MOTOR VEHICLE,NOT DIVIDED,DRY,NO DEFECTS,NOT ON SCENE (DESK REPORT),NO INJURY / DRIVE AWAY,Y,"OVER $1,500",10/13/2020 06:05:00 PM,UNABLE TO DETERMINE,UNABLE TO DETERMINE,,2,NO INDICATION OF INJURY,0.0,0.0,0.0,0.0,0.0,2.0,0.0,17,3,10,41.692311359,-87.655268247,POINT (-87.655268246868 41.692311358901),POINT (1169442.4430267217 1831198.9605840535),2020,1316 W 111TH ST
O930653,DRIVER,9604bb1f9e1419a1f429e9f69a9331eafa8fec33c6bcb826986f05b852f5bf0b085662c17e46980e354334c9c736fcd386c982ccbb4a1301dcd2cd94db587ecf,882263.0,M,57.0,DID NOT DEPLOY,NONE,NO INDICATION OF INJURY,NONE,UNKNOWN,NORMAL,,,,,2020-08-02 17:21:00,30,RAIN,DAYLIGHT,ANGLE,DIVIDED - W/MEDIAN (NOT RAISED),WET,UNKNOWN,ON SCENE,NO INJURY / DRIVE AWAY,,"OVER $1,500",08/02/2020 05:22:00 PM,DISREGARDING TRAFFIC SIGNALS,UNABLE TO DETERMINE,,2,NO INDICATION OF INJURY,0.0,0.0,0.0,0.0,0.0,2.0,0.0,17,1,8,41.858681849,-87.734880643,POINT (-87.734880642816 41.858681848973),POINT (1147276.8153682055 1891661.8886551058),2020,1600 S KOSTNER AVE
O905657,DRIVER,cf1c048c82c532b1f87113e55b8f77714c103d65799f4396a551d7b42c3d825b16c2ba1752c7ad3f14388073d329cc9d945ac590a66c54261cdd3ebc5e806831,858758.0,F,,NOT APPLICABLE,NONE,NO INDICATION OF INJURY,FOLLOWED TOO CLOSELY,NOT OBSCURED,NORMAL,,,,,2020-06-24 16:30:00,35,CLEAR,DAYLIGHT,REAR END,OTHER,DRY,NO DEFECTS,NOT ON SCENE (DESK REPORT),NO INJURY / DRIVE AWAY,,"$501 - $1,500",06/24/2020 06:13:00 PM,FOLLOWING TOO CLOSELY,UNABLE TO DETERMINE,,2,NO INDICATION OF INJURY,0.0,0.0,0.0,0.0,0.0,2.0,0.0,16,4,6,41.903639931,-87.65554697,POINT (-87.655546970003 41.903639930952),POINT (1168759.129237787 1908205.1940012607),2020,1100 W DIVISION ST
O976564,DRIVER,698eaa8dffc67eb15df73c2c5b157882afe2776f6998b0c315c5060a1dab55ebb8ec531c7d4150657a1e90fc741e32c044990e0e6b56429312efbf3c3f7929c4,925868.0,F,50.0,DID NOT DEPLOY,NONE,NO INDICATION OF INJURY,NONE,NOT OBSCURED,NORMAL,,,,,2020-10-14 13:30:00,30,CLEAR,DAYLIGHT,REAR END,DIVIDED - W/MEDIAN (NOT RAISED),DRY,NO DEFECTS,ON SCENE,NO INJURY / DRIVE AWAY,,"$501 - $1,500",10/14/2020 01:41:00 PM,FOLLOWING TOO CLOSELY,NOT APPLICABLE,,2,NO INDICATION OF INJURY,0.0,0.0,0.0,0.0,0.0,3.0,0.0,13,4,10,41.728588148,-87.54301835,POINT (-87.543018350139 41.728588147883),POINT (1199978.9038797633 1844679.1498111393),2020,9200 S HARBOR AVE
O865413,DRIVER,b7995f89a71a3e69e4094231bfcc98ae75a8aa6fb4a5da0ad370217d31094dde71ae7f4f71359d4ae472ac560089b891e88b90c20e8a00dfce9dabd9356218d5,821249.0,M,28.0,NOT APPLICABLE,NONE,NO INDICATION OF INJURY,NONE,UNKNOWN,NORMAL,,,,,2020-03-22 16:35:00,30,SNOW,DAYLIGHT,SIDESWIPE SAME DIRECTION,NOT DIVIDED,WET,NO DEFECTS,ON SCENE,NO INJURY / DRIVE AWAY,,"OVER $1,500",03/22/2020 04:36:00 PM,UNABLE TO DETERMINE,UNABLE TO DETERMINE,,2,NO INDICATION OF INJURY,0.0,0.0,0.0,0.0,0.0,3.0,0.0,16,1,3,41.751175615,-87.605273654,POINT (-87.60527365367 41.751175614967),POINT (1182915.5962910382 1852759.928143505),2020,799 E 79TH ST
O976662,DRIVER,43b4de8940cd4fd9c983ba8af0afbc1d2d9346572b2cc397371dcd35f1d09ff4deb0702bbc08e36bb752c50e1e8c322f9deda56c6fdc56ec89651ef1dd6ee71f,925535.0,F,,DEPLOYMENT UNKNOWN,NONE,NO INDICATION OF INJURY,UNKNOWN,UNKNOWN,UNKNOWN,,,,,2020-10-14 16:00:00,30,CLEAR,DAYLIGHT,REAR END,NOT DIVIDED,DRY,NO DEFECTS,NOT ON SCENE (DESK REPORT),NO INJURY / DRIVE AWAY,Y,"$501 - $1,500",10/14/2020 04:30:00 PM,UNABLE TO DETERMINE,NOT APPLICABLE,,2,NO INDICATION OF INJURY,0.0,0.0,0.0,0.0,0.0,2.0,0.0,16,4,10,41.830578442,-87.668439878,POINT (-87.668439877939 41.830578441803),POINT (1165455.570824022 1881554.2599316782),2020,1710 W 35TH ST
O907507,DRIVER,84105e55c6e75e82580bdd27830f23902ebd384f515b95c783505623c7f321bca1a45afa291a0d0ff4bf0c251d517d4912c3bc1ef2b748f21410904af1fc36a3,860422.0,M,50.0,NOT APPLICABLE,NONE,NO INDICATION OF INJURY,NONE,NOT OBSCURED,NORMAL,,,,,2020-06-27 15:57:00,30,CLEAR,DAYLIGHT,ANGLE,DIVIDED - W/MEDIAN (NOT RAISED),DRY,NO DEFECTS,ON SCENE,INJURY AND / OR TOW DUE TO CRASH,,"OVER $1,500",06/27/2020 03:58:00 PM,DISREGARDING TRAFFIC SIGNALS,FAILING TO YIELD RIGHT-OF-WAY,,3,NO INDICATION OF INJURY,0.0,0.0,0.0,0.0,0.0,3.0,0.0,15,7,6,41.923935335,-87.775779562,POINT (-87.775779561919 41.923935335172),POINT (1135980.8331440215 1915365.1770344162),2020,6000 W FULLERTON AVE
P213233,PASSENGER,0840c21f495f59d1c1f463db1b745ee2f75e972600e72ad2d5b996efe23fc21ded4a18cf62946779948cbdac86f6a2346435fb37e023bb6d1c8661db027db157,885326.0,M,2.0,NOT APPLICABLE,NONE,NO INDICATION OF INJURY,,,,,,,,2020-08-07 20:15:00,30,CLEAR,DUSK,TURNING,NOT DIVIDED,DRY,NO DEFECTS,ON SCENE,NO INJURY / DRIVE AWAY,,$500 OR LESS,08/07/2020 08:17:00 PM,IMPROPER TURNING/NO SIGNAL,DISREGARDING ROAD MARKINGS,,2,NO INDICATION OF INJURY,0.0,0.0,0.0,0.0,0.0,4.0,0.0,20,6,8,41.777315169,-87.742401359,POINT (-87.742401359188 41.777315169282),POINT (1145431.962206748 1861998.1343307092),2020,6336 S CICERO AVE
P210444,PASSENGER,ad0b58ed2b7aa9c2bcad1d152827a3cef1871cf2181d4298469d5514a23b2a857f75fefb681746c45c0489ddd72359c54914d1440c1f1cf76ed07426da4fcec1,873550.0,F,13.0,DID NOT DEPLOY,NONE,NO INDICATION OF INJURY,,,,,,,,2020-07-18 21:30:00,35,CLEAR,"DARKNESS, LIGHTED ROAD",SIDESWIPE SAME DIRECTION,NOT DIVIDED,DRY,NO DEFECTS,NOT ON SCENE (DESK REPORT),NO INJURY / DRIVE AWAY,Y,"OVER $1,500",07/19/2020 09:15:00 AM,IMPROPER LANE USAGE,UNABLE TO DETERMINE,,2,NO INDICATION OF INJURY,0.0,0.0,0.0,0.0,0.0,3.0,0.0,21,7,7,41.760786126,-87.663530681,POINT (-87.663530681338 41.760786125965),POINT (1166991.6529256792 1856132.7773988515),2020,7315 S ASHLAND AVE
O1001342,DRIVER,6c4664a3fc0b8f2ecdf760302fa1f0a469830f25387e7474c06a775a49ba5e24dcd38aa6bdbc7896a7bf83e7e7a9af066dcdf506a501c2ff0ed2dc1ba0f343c4,948946.0,M,57.0,"DEPLOYED, COMBINATION",NONE,NO INDICATION OF INJURY,OTHER,NOT OBSCURED,NORMAL,,,,,2020-11-28 23:30:00,35,CLEAR,"DARKNESS, LIGHTED ROAD",REAR END,DIVIDED - W/MEDIAN BARRIER,DRY,NO DEFECTS,ON SCENE,INJURY AND / OR TOW DUE TO CRASH,,"OVER $1,500",11/28/2020 11:30:00 PM,FAILING TO REDUCE SPEED TO AVOID CRASH,NOT APPLICABLE,,2,NO INDICATION OF INJURY,0.0,0.0,0.0,0.0,0.0,2.0,0.0,23,7,11,41.735923968,-87.639400458,POINT (-87.639400457875 41.735923967646),POINT (1173648.1807112242 1847125.418123316),2020,615 W 87TH ST
O970922,DRIVER,d7bf7e2c1c6050a5501a0d285ad1c949c4e833add3b73e098053e885456eb5e2965aca1ad98af3c19dd07bd42e19c978177b85011b7b4a60c4a8c53bc1055f67,920159.0,M,30.0,DID NOT DEPLOY,NONE,NO INDICATION OF INJURY,UNKNOWN,UNKNOWN,UNKNOWN,,,,,2020-10-04 12:30:00,30,CLEAR,DAYLIGHT,REAR END,NOT DIVIDED,DRY,NO DEFECTS,NOT ON SCENE (DESK REPORT),NO INJURY / DRIVE AWAY,,"OVER $1,500",10/04/2020 09:10:00 PM,"OPERATING VEHICLE IN ERRATIC, RECKLESS, CARELESS, NEGLIGENT OR AGGRESSIVE MANNER",UNABLE TO DETERMINE,,2,NO INDICATION OF INJURY,0.0,0.0,0.0,0.0,0.0,2.0,0.0,12,1,10,41.67755871,-87.666257126,POINT (-87.666257125763 41.677558710129),POINT (1166482.7801152335 1825799.8579312284),2020,1800 W 119TH ST
O945866,DRIVER,2eaaf732dc837c69e2970ebd137f595061f55b768e8b7305f9bd9e4649313fe17966a66630d434b31df5748d76cfc0e8ff7f3a6ed6a15b2d7a07f500a82200fb,896601.0,M,75.0,DID NOT DEPLOY,NONE,NO INDICATION OF INJURY,NONE,OTHER,NORMAL,,,,,2020-08-26 09:50:00,35,CLEAR,DAYLIGHT,PEDALCYCLIST,DRIVEWAY,DRY,NO DEFECTS,ON SCENE,INJURY AND / OR TOW DUE TO CRASH,,$500 OR LESS,08/26/2020 09:53:00 AM,UNABLE TO DETERMINE,NOT APPLICABLE,,2,INCAPACITATING INJURY,1.0,0.0,1.0,0.0,0.0,1.0,0.0,9,4,8,41.9390093,-87.741519883,POINT (-87.741519882818 41.939009300232),POINT (1145266.2680113139 1920920.6367240574),2020,4550 W BELMONT AVE
P215123,PASSENGER,d7cd07c4850fbe99e3c69b46379e0461caede5cd6ef3423a0c9cb56176f18848e40ddc37968e03e5eb38be4b4afba27cb11346f429be7ee63a0d69b6dffb0968,893471.0,F,,DID NOT DEPLOY,NONE,NONINCAPACITATING INJURY,,,,,,,,2020-08-21 00:47:00,25,CLEAR,"DARKNESS, LIGHTED ROAD",ANGLE,FOUR WAY,DRY,NO DEFECTS,ON SCENE,INJURY AND / OR TOW DUE TO CRASH,,"OVER $1,500",08/21/2020 12:50:00 AM,DISREGARDING TRAFFIC SIGNALS,UNABLE TO DETERMINE,,2,NONINCAPACITATING INJURY,4.0,0.0,0.0,4.0,0.0,1.0,0.0,0,6,8,41.893607874,-87.632800561,POINT (-87.632800560883 41.893607873522),POINT (1174981.1119688617 1904599.2544823254),2020,640 N LA SALLE DR
P201881,PASSENGER,bcd4dc1cca5d460d59388ac855077fcc297e0affad038a69ee3bcbfeea550cd2437942909c45ed127550481af23eeedebd41e06f52858c9137496d64966ac04b,838408.0,M,,DID NOT DEPLOY,NONE,NO INDICATION OF INJURY,,,,,,,,2020-05-14 21:00:00,30,CLEAR,DARKNESS,REAR END,NOT DIVIDED,WET,NO DEFECTS,NOT ON SCENE (DESK REPORT),NO INJURY / DRIVE AWAY,Y,"$501 - $1,500",05/14/2020 09:29:00 PM,FOLLOWING TOO CLOSELY,FOLLOWING TOO CLOSELY,,2,NO INDICATION OF INJURY,0.0,0.0,0.0,0.0,0.0,3.0,0.0,21,5,5,41.70702332,-87.630845538,POINT (-87.630845538088 41.707023319655),POINT (1176069.0605802964 1836613.2746660782),2020,10300 S PRINCETON AVE