PERSON_ID,PERSON_TYPE,CRASH_RECORD_ID,VEHICLE_ID,SEX,AGE,AIRBAG_DEPLOYED,EJECTION,INJURY_CLASSIFICATION,DRIVER_ACTION,DRIVER_VISION,PHYSICAL_CONDITION,PEDPEDAL_ACTION,PEDPEDAL_VISIBILITY,PEDPEDAL_LOCATION,CRASH_DATE_EST_I,CRASH_DATE,POSTED_SPEED_LIMIT,WEATHER_CONDITION,LIGHTING_CONDITION,FIRST_CRASH_TYPE,TRAFFICWAY_TYPE,ROADWAY_SURFACE_COND,ROAD_DEFECT,REPORT_TYPE,CRASH_TYPE,HIT_AND_RUN_I,DAMAGE,DATE_POLICE_NOTIFIED,PRIM_CONTRIBUTORY_CAUSE,SEC_CONTRIBUTORY_CAUSE,DOORING_I,NUM_UNITS,MOST_SEVERE_INJURY,INJURIES_TOTAL,INJURIES_FATAL,INJURIES_INCAPACITATING,INJURIES_NON_INCAPACITATING,INJURIES_REPORTED_NOT_EVIDENT,INJURIES_NO_INDICATION,INJURIES_UNKNOWN,CRASH_HOUR,CRASH_DAY_OF_WEEK,CRASH_MONTH,LATITUDE,LONGITUDE,LOCATION,geometry,YEAR,ADDRESS
O1003157,DRIVER,c818ee4b01488da1c8854c4602c62788b9a5230a5a62e8c2bc48fd58980333c310ca46dd18db9be299d93ec3ca8eab0a0052294b87a94ae818a0c2e911d35026,950661.0,F,18.0,DID NOT DEPLOY,NONE,NO INDICATION OF INJURY,OTHER,NOT OBSCURED,NORMAL,,,,,2020-12-02 21:59:00,30,CLEAR,"DARKNESS, LIGHTED ROAD",TURNING,FOUR WAY,DRY,NO DEFECTS,ON SCENE,INJURY AND / OR TOW DUE TO CRASH,,"OVER $1,500",12/02/2020 10:00:00 PM,DISREGARDING TRAFFIC SIGNALS,DISREGARDING TRAFFIC SIGNALS,,2,NONINCAPACITATING INJURY,1.0,0.0,0.0,1.0,0.0,5.0,0.0,21,4,12,41.735785266,-87.64375883,POINT (-87.643758829628 41.735785266472),POINT (1172459.0292408918 1847065.3155898286),2020,8700 S HALSTED ST
O971679,DRIVER,2271a6194090b56290640ed2b870d0aef45e649021f7a6d73206182168f12289581ab8f177017d85aa5a2c77b1b1c4783694b1ba47c675b443e99ff4682a220a,920884.0,M,40.0,DID NOT DEPLOY,NONE,NO INDICATION OF INJURY,FAILED TO YIELD,UNKNOWN,NORMAL,,,,,2020-10-05 17:00:00,30,CLEAR,DAYLIGHT,ANGLE,T-INTERSECTION,DRY,NO DEFECTS,ON SCENE,INJURY AND / OR TOW DUE TO CRASH,,"OVER $1,500",10/05/2020 05:05:00 PM,FAILING TO YIELD RIGHT-OF-WAY,UNABLE TO DETERMINE,,2,NO INDICATION OF INJURY,0.0,0.0,0.0,0.0,0.0,5.0,0.0,17,2,10,41.817621125,-87.684740175,POINT (-87.684740175032 41.817621125063),POINT (1161048.8199730648 1876798.7135400611),2020,2400 W 42ND ST
O1000695,DRIVER,efe4964d73f97ac3b598160d9ed66a7a19acfd24f53e19faf281630425d0543a7a6975ecd245c1da05a264c8b92721446f4e638026fb36e2f473228a18e30836,948324.0,M,25.0,NOT APPLICABLE,NONE,NO INDICATION OF INJURY,IMPROPER TURN,UNKNOWN,NORMAL,,,,,2020-11-27 15:22:00,15,CLEAR,DAYLIGHT,PARKED MOTOR VEHICLE,ALLEY,DRY,NO DEFECTS,ON SCENE,NO INJURY / DRIVE AWAY,,"OVER $1,500",11/27/2020 03:35:00 PM,IMPROPER TURNING/NO SIGNAL,NOT APPLICABLE,,2,NO INDICATION OF INJURY,0.0,0.0,0.0,0.0,0.0,1.0,0.0,15,6,11,41.939100267,-87.651167758,POINT (-87.65116775762 41.939100266887),POINT (1169848.4664051929 1921136.4479940499),2020,850 W FLETCHER ST
O859737,DRIVER,49a4c4e7cce85c5f37dee7aaed792978f83f8fdffabe51d9f2527e18673540ad1645ff3c1c196bf1791a0fef446cd767b3aa7a450250ba4d3a96fe42e66657d5,815815.0,M,,DEPLOYMENT UNKNOWN,NONE,NO INDICATION OF INJURY,NONE,UNKNOWN,UNKNOWN,,,,,2020-03-10 22:45:00,30,CLEAR,"DARKNESS, LIGHTED ROAD",REAR END,NOT DIVIDED,DRY,NO DEFECTS,ON SCENE,INJURY AND / OR TOW DUE TO CRASH,,"OVER $1,500",03/11/2020 12:09:00 AM,DISTRACTION - FROM INSIDE VEHICLE,FAILING TO REDUCE SPEED TO AVOID CRASH,,2,NO INDICATION OF INJURY,0.0,0.0,0.0,0.0,0.0,2.0,0.0,22,3,3,41.7800965,-87.630172199,POINT (-87.630172198939 41.780096500488),POINT (1176035.3400918222 1863241.9599857507),2020,200 W 63RD ST
O1009617,DRIVER,d1ebcfae6d5f3c580abdceb910711c8ae02fa48b84254a0db8c50979e37c4fe0d20f7eea7ac1f3d14d6c4fe458da4eaf7751c697df40c594fd5f96cfec0d881e,956855.0,M,46.0,DID NOT DEPLOY,NONE,NO INDICATION OF INJURY,UNKNOWN,NOT OBSCURED,NORMAL,,,,,2020-12-15 19:40:00,30,CLEAR,"DARKNESS, LIGHTED ROAD",PARKED MOTOR VEHICLE,ONE-WAY,DRY,NO DEFECTS,ON SCENE,NO INJURY / DRIVE AWAY,,$500 OR LESS,12/15/2020 07:41:00 PM,UNABLE TO DETERMINE,UNABLE TO DETERMINE,,2,NO INDICATION OF INJURY,0.0,0.0,0.0,0.0,0.0,1.0,0.0,19,3,12,41.953691559,-87.755780976,POINT (-87.755780976076 41.953691558567),POINT (1141350.1488459497 1926244.4234415544),2020,4011 N LEAMINGTON AVE
O994706,DRIVER,c9caaa525dc6741d589a4657911461d2ce3b9651d96038cec303d2a47c9a07f76fb8a46d473f2d14f686b7325f4fe0e2bd11f6c57ca8b4e629cd3d8b1af4cd2c,942620.0,M,79.0,DID NOT DEPLOY,NONE,NO INDICATION OF INJURY,NONE,NOT OBSCURED,NORMAL,,,,N,2020-11-14 20:15:00,35,RAIN,"DARKNESS, LIGHTED ROAD",TURNING,DIVIDED - W/MEDIAN (NOT RAISED),WET,NO DEFECTS,NOT ON SCENE (DESK REPORT),NO INJURY / DRIVE AWAY,,"OVER $1,500",11/15/2020 04:15:00 PM,UNABLE TO DETERMINE,NOT APPLICABLE,,2,NO INDICATION OF INJURY,0.0,0.0,0.0,0.0,0.0,2.0,0.0,20,7,11,41.728389214,-87.662995653,POINT (-87.662995652744 41.728389213977),POINT (1167229.5879488324 1844328.7895156224),2020,9100 S ASHLAND AVE
O1005468,DRIVER,6bff005fabf1b60c68b2cf4362d65ab6d013c1612a157327984a9ef6b40bde8db1042cf9ced88e2652c59a25cc0678f0f9f50e51d86d282905f0d45092270173,952878.0,F,20.0,"DEPLOYED, SIDE",NONE,NO INDICATION OF INJURY,DISREGARDED CONTROL DEVICES,NOT OBSCURED,NORMAL,,,,,2020-12-08 00:07:00,30,CLEAR,"DARKNESS, LIGHTED ROAD",ANGLE,FOUR WAY,DRY,WORN SURFACE,ON SCENE,INJURY AND / OR TOW DUE TO CRASH,,"OVER $1,500",12/08/2020 12:07:00 AM,DISREGARDING TRAFFIC SIGNALS,DRIVING SKILLS/KNOWLEDGE/EXPERIENCE,,2,NONINCAPACITATING INJURY,1.0,0.0,0.0,1.0,0.0,1.0,0.0,0,3,12,41.76839298,-87.673770056,POINT (-87.673770056146 41.768392979654),POINT (1164176.7849203974 1858883.0652790142),2020,6900 S DAMEN AVE
O839826,DRIVER,708975f0ed56eeb00d50cb6cb7b12b7a4dd34bf804a6387c0ba20f2f8015cd4956758d93163eb4f2fffc4c26b4bcda88dc45b4ef697caf7f9de8732052460a54,796989.0,F,23.0,DID NOT DEPLOY,NONE,NO INDICATION OF INJURY,NONE,UNKNOWN,NORMAL,,,,,2020-02-11 09:20:00,30,UNKNOWN,UNKNOWN,REAR END,DIVIDED - W/MEDIAN (NOT RAISED),UNKNOWN,UNKNOWN,NOT ON SCENE (DESK REPORT),NO INJURY / DRIVE AWAY,,"OVER $1,500",02/11/2020 11:10:00 AM,FOLLOWING TOO CLOSELY,FAILING TO REDUCE SPEED TO AVOID CRASH,,2,NO INDICATION OF INJURY,0.0,0.0,0.0,0.0,0.0,2.0,0.0,9,3,2,41.919821799,-87.770980891,POINT (-87.770980891237 41.919821799377),POINT (1137296.5618691314 1913874.7289611711),2020,5806 W GRAND AVE
O840682,DRIVER,258a194be1b19393f8d221fdc23a2599543c01eabbb29477460bb71c3ec5dc7b82e3751b50d5862be924f394c95a4a6be894c1472e7d570cfd2110a26e09058d,797801.0,X,,DEPLOYMENT UNKNOWN,NONE,NO INDICATION OF INJURY,UNKNOWN,UNKNOWN,UNKNOWN,,,,,2020-02-12 14:45:00,20,CLOUDY/OVERCAST,DAYLIGHT,PARKED MOTOR VEHICLE,ONE-WAY,UNKNOWN,UNKNOWN,ON SCENE,NO INJURY / DRIVE AWAY,Y,"OVER $1,500",02/12/2020 02:50:00 PM,UNABLE TO DETERMINE,NOT APPLICABLE,,2,NO INDICATION OF INJURY,0.0,0.0,0.0,0.0,0.0,1.0,0.0,14,4,2,41.96784758,-87.676325045,POINT (-87.676325045025 41.967847580161),POINT (1162923.5187744116 1931558.6052076714),2020,4728 N WOLCOTT AVE
O897375,DRIVER,8e565e43f87333a67d29b10674f4aeacaa322fa2d69b480297663d7aa2627758c1e6d2636f6d3aad54678162d376e7293a8531d65f778cec3135f0ff85fb15ce,850896.0,F,54.0,DID NOT DEPLOY,NONE,NO INDICATION OF INJURY,NONE,NOT OBSCURED,NORMAL,,,,,2020-06-10 13:40:00,30,CLEAR,DAYLIGHT,REAR END,NOT DIVIDED,DRY,NO DEFECTS,ON SCENE,NO INJURY / DRIVE AWAY,,"OVER $1,500",06/10/2020 01:43:00 PM,FOLLOWING TOO CLOSELY,NOT APPLICABLE,,2,NO INDICATION OF INJURY,0.0,0.0,0.0,0.0,0.0,2.0,0.0,13,4,6,41.735935867,-87.645568983,POINT (-87.645568982634 41.735935867219),POINT (1171964.533808927 1847116.2396775447),2020,851 W 87TH ST
O894473,DRIVER,b09f853af601f308b8b54d94b68e4c77fd72e4cc7951c9996c23dff44bd54a95a79d920abb1697902e7f4ca10af132e6f286434c9352926b8a1a279edb0c3aff,848567.0,F,70.0,NOT APPLICABLE,NONE,NO INDICATION OF INJURY,UNKNOWN,UNKNOWN,UNKNOWN,,,,,2020-06-05 14:45:00,10,CLEAR,DAYLIGHT,ANGLE,PARKING LOT,DRY,UNKNOWN,NOT ON SCENE (DESK REPORT),NO INJURY / DRIVE AWAY,N,"OVER $1,500",06/05/2020 03:39:00 PM,UNABLE TO DETERMINE,UNABLE TO DETERMINE,,2,NO INDICATION OF INJURY,0.0,0.0,0.0,0.0,0.0,2.0,0.0,14,6,6,41.706675045,-87.670381744,POINT (-87.67038174389 41.706675044524),POINT (1165274.3503153797 1836400.7774704848),2020,1930 W 103RD ST
O889439,DRIVER,1c05a7e1934907a25e76c611df0325641f9d4d723b336a37ec49583fa58dd535627cc1797485b8d037c6e1ea245c6a55fe84c86cdb280291d9b179623d70db0e,843734.0,F,,DEPLOYMENT UNKNOWN,NONE,NO INDICATION OF INJURY,UNKNOWN,UNKNOWN,UNKNOWN,,,,,2020-05-25 21:25:00,25,CLEAR,DAYLIGHT,SIDESWIPE SAME DIRECTION,NOT DIVIDED,DRY,NO DEFECTS,NOT ON SCENE (DESK REPORT),NO INJURY / DRIVE AWAY,Y,"$501 - $1,500",05/26/2020 06:00:00 PM,UNABLE TO DETERMINE,UNABLE TO DETERMINE,,2,NO INDICATION OF INJURY,0.0,0.0,0.0,0.0,0.0,2.0,0.0,21,2,5,41.990523338,-87.671912673,POINT (-87.671912673255 41.990523338073),POINT (1164059.6645201477 1939830.999694603),2020,5990 N RIDGE AVE
O935271,DRIVER,a81d6ba98c3caf07e1e7189e834dbd36ad4d90473413cd0a827a5168935a4a5abfb6a28bb3f47e619f1c8215d7ef3e37b2c542e2df1c23b306e2bfdecb027639,886640.0,F,25.0,NOT APPLICABLE,NONE,NO INDICATION OF INJURY,UNKNOWN,NOT OBSCURED,NORMAL,,,,,2020-08-10 00:50:00,30,CLEAR,DAYLIGHT,TURNING,NOT DIVIDED,DRY,NO DEFECTS,ON SCENE,NO INJURY / DRIVE AWAY,,"OVER $1,500",08/10/2020 12:50:00 AM,UNABLE TO DETERMINE,UNABLE TO DETERMINE,,2,NO INDICATION OF INJURY,0.0,0.0,0.0,0.0,0.0,2.0,0.0,0,2,8,41.887869064,-87.755192636,POINT (-87.755192635817 41.887869064154),POINT (1141671.8886303946 1902259.732669504),2020,401 N LARAMIE AVE
O981043,DRIVER,40da6ac227e67bf421663b52e5c7763ff05f6f15ccf0181881853b551d26433b99444ff1121c0d8beb90feef960a4e0e149997446ed2039c8bd1de2bc01c78fb,929662.0,M,25.0,DID NOT DEPLOY,NONE,NO INDICATION OF INJURY,NONE,NOT OBSCURED,NORMAL,,,,,2020-10-22 07:15:00,10,RAIN,DAWN,TURNING,OTHER,WET,NO DEFECTS,NOT ON SCENE (DESK REPORT),NO INJURY / DRIVE AWAY,Y,"$501 - $1,500",10/22/2020 08:00:00 AM,UNABLE TO DETERMINE,NOT APPLICABLE,,2,NO INDICATION OF INJURY,0.0,0.0,0.0,0.0,0.0,2.0,0.0,7,5,10,41.83660842,-87.665570571,POINT (-87.665570570832 41.836608420376),POINT (1166220.4753190554 1883757.625494997),2020,3141 S ASHLAND AVE
O964749,DRIVER,736c7efb81da0ef0815398c55415bd6a8922bbb388a0e29fb3d2da1ca9f08716bdac99a51fc436cb243dec035b3ac99fe271e2cec1c4b50142d06485ebc9bb5c,914322.0,M,26.0,NOT APPLICABLE,NONE,NO INDICATION OF INJURY,UNKNOWN,NOT OBSCURED,NORMAL,,,,,2020-09-25 12:09:00,30,CLEAR,DAYLIGHT,TURNING,DIVIDED - W/MEDIAN (NOT RAISED),DRY,NO DEFECTS,ON SCENE,INJURY AND / OR TOW DUE TO CRASH,,"OVER $1,500",09/25/2020 12:10:00 PM,IMPROPER OVERTAKING/PASSING,NOT APPLICABLE,,2,NO INDICATION OF INJURY,0.0,0.0,0.0,0.0,0.0,5.0,0.0,12,6,9,41.758429387,-87.607778003,POINT (-87.607778002991 41.758429387081),POINT (1182209.9388383795 1855397.3688366383),2020,701 E 75TH ST
O913070,DRIVER,d81ddee4c782c4f41b428eaadc441d40a9817342b18d0890a5640c5a1225a9baf1b3cb3121757a849ac5fdbc2940efbf1dafbbdb907baddba4521554082c5c28,865637.0,M,29.0,DID NOT DEPLOY,NONE,NO INDICATION OF INJURY,NONE,NOT OBSCURED,NORMAL,,,,,2020-07-04 22:54:00,30,CLEAR,"DARKNESS, LIGHTED ROAD",TURNING,NOT REPORTED,DRY,NO DEFECTS,,INJURY AND / OR TOW DUE TO CRASH,Y,"OVER $1,500",07/04/2020 10:55:00 PM,DISREGARDING OTHER TRAFFIC SIGNS,DRIVING SKILLS/KNOWLEDGE/EXPERIENCE,,2,NO INDICATION OF INJURY,0.0,0.0,0.0,0.0,0.0,6.0,0.0,22,7,7,41.876426852,-87.66917652,POINT (-87.669176520302 41.876426852211),POINT (1165125.5868187582 1898259.7404454008),2020,1700 W VAN BUREN ST
O909758,DRIVER,ae94cbe69ef0f862880a2f5263ab1b8fcc229dc32c954ceb0670b6c39e9e9679840e47ec3da2673eb3249df02404bbeaac3f99759e9370e6bb238193fd3a7082,862533.0,F,54.0,DID NOT DEPLOY,NONE,NO INDICATION OF INJURY,NONE,UNKNOWN,NORMAL,,,,,2020-07-01 15:09:00,35,CLEAR,DAYLIGHT,TURNING,DIVIDED - W/MEDIAN BARRIER,DRY,NO DEFECTS,ON SCENE,NO INJURY / DRIVE AWAY,,"$501 - $1,500",07/01/2020 03:15:00 PM,RELATED TO BUS STOP,IMPROPER TURNING/NO SIGNAL,,2,NO INDICATION OF INJURY,0.0,0.0,0.0,0.0,0.0,3.0,0.0,15,4,7,41.892511145,-87.624330958,POINT (-87.624330957796 41.89251114494),POINT (1177290.4105151566 1904218.548127943),2020,598 N MICHIGAN AVE
P204651,PASSENGER,0062146299177cc0f6f335b419ce3089131f9775064f6bc4dd3ea28e2c5bf27000a22fe822e8cdb927744e2763371060c27fd80c5e304ea756635fc93f1a7a00,849717.0,M,52.0,DID NOT DEPLOY,NONE,"REPORTED, NOT EVIDENT",,,,,,,,2020-06-06 17:00:00,35,CLEAR,DAYLIGHT,REAR END,NOT DIVIDED,DRY,UNKNOWN,NOT ON SCENE (DESK REPORT),INJURY AND / OR TOW DUE TO CRASH,,"OVER $1,500",06/07/2020 12:00:00 PM,FOLLOWING TOO CLOSELY,NOT APPLICABLE,,2,"REPORTED, NOT EVIDENT",2.0,0.0,0.0,0.0,2.0,1.0,0.0,17,7,6,41.743231553,-87.646459959,POINT (-87.646459959137 41.743231553142),POINT (1171700.1357567292 1849772.7745666434),2020,8300 S PEORIA ST
P203586,PASSENGER,0816ee3fe27114179982357bf6763bc1ccb0b758dd22318510fac099705d1fbf5ac01cfface05d74771da71cdc22036596f4dd602325348729d73c8427c75635,845612.0,F,,DID NOT DEPLOY,NONE,NO INDICATION OF INJURY,,,,,,,,2020-05-30 15:30:00,30,CLEAR,DAYLIGHT,REAR END,NOT DIVIDED,DRY,NO DEFECTS,NOT ON SCENE (DESK REPORT),NO INJURY / DRIVE AWAY,,$500 OR LESS,05/30/2020 04:00:00 PM,FOLLOWING TOO CLOSELY,NOT APPLICABLE,,2,NO INDICATION OF INJURY,0.0,0.0,0.0,0.0,0.0,5.0,0.0,15,7,5,41.887038695,-87.620784209,POINT (-87.620784209417 41.887038695395),POINT (1178272.6506746302 1902232.3876334357),2020,298 E SOUTH WATER ST
O933034,DRIVER,4fed97b697d5429d281fdae9dab3ad7eaf03c485b478fadaaf085108596d23f8687c989fa7eb69e57ac6987dc1705079b726af61d7dc21903595106740dad52a,884491.0,M,20.0,DID NOT DEPLOY,NONE,NO INDICATION OF INJURY,NONE,UNKNOWN,NORMAL,,,,,2020-07-27 15:57:00,10,CLEAR,DAYLIGHT,REAR TO FRONT,PARKING LOT,DRY,NO DEFECTS,NOT ON SCENE (DESK REPORT),NO INJURY / DRIVE AWAY,,"OVER $1,500",08/06/2020 05:40:00 PM,IMPROPER BACKING,UNABLE TO DETERMINE,,2,NO INDICATION OF INJURY,0.0,0.0,0.0,0.0,0.0,2.0,0.0,15,2,7,41.924119024,-87.747032136,POINT (-87.747032136012 41.924119024175),POINT (1143803.6336588692 1915484.2918390117),2020,4817 W FULLERTON AVE
O961657,DRIVER,1c715fb3df78865a184d7a231cc90700a3b61520fd05d0ed50c57dec7e0fd8e9df03d03b94d4630614e1acc83353193cce6405bf33d65258a2cc7c5e693477ae,911400.0,M,,DEPLOYMENT UNKNOWN,UNKNOWN,NO INDICATION OF INJURY,UNKNOWN,UNKNOWN,UNKNOWN,,,,,2020-09-20 09:30:00,30,CLEAR,DAYLIGHT,PARKED MOTOR VEHICLE,NOT DIVIDED,DRY,NO DEFECTS,ON SCENE,NO INJURY / DRIVE AWAY,Y,$500 OR LESS,09/20/2020 10:16:00 AM,NOT APPLICABLE,NOT APPLICABLE,,2,NO INDICATION OF INJURY,0.0,0.0,0.0,0.0,0.0,1.0,0.0,9,1,9,41.74699587,-87.613456357,POINT (-87.613456356979 41.74699586974),POINT (1180695.5117926884 1851218.0778524566),2020,8115 S VERNON AVE
O884463,DRIVER,ac9a2133c152969f723068a43a9b0ff25f399fb2e69eb8cbda5594fc74e091a97f6ab19d2cf555a6f6c8f8fa79e3291f818cbdf3a16edc13cf9cc4a38ad6cae4,839044.0,X,,DEPLOYMENT UNKNOWN,UNKNOWN,NO INDICATION OF INJURY,UNKNOWN,UNKNOWN,UNKNOWN,,,,Y,2020-05-16 02:00:00,20,CLEAR,DARKNESS,PARKED MOTOR VEHICLE,NOT DIVIDED,DRY,NO DEFECTS,ON SCENE,INJURY AND / OR TOW DUE TO CRASH,,"OVER $1,500",05/16/2020 07:15:00 AM,UNABLE TO DETERMINE,NOT APPLICABLE,,2,NO INDICATION OF INJURY,0.0,0.0,0.0,0.0,0.0,1.0,0.0,2,7,5,41.724782963,-87.653177698,POINT (-87.653177698049 41.724782962863),POINT (1169919.9561652339 1843035.7334044944),2020,9304 S RACINE AVE
P192235,PASSENGER,3c712ce2e7e6ba8e177efca3619361b2b46be339070af052f452156f82062f60afdac347fc79e60774c46957751acaffa0509832e8ca8adac71b3866c703cedc,798546.0,F,42.0,NOT APPLICABLE,NONE,NO INDICATION OF INJURY,,,,,,,,2020-02-13 14:50:00,20,SNOW,DAYLIGHT,ANGLE,ONE-WAY,ICE,NO DEFECTS,ON SCENE,NO INJURY / DRIVE AWAY,,"OVER $1,500",02/13/2020 02:53:00 PM,WEATHER,NOT APPLICABLE,,2,NO INDICATION OF INJURY,0.0,0.0,0.0,0.0,0.0,4.0,0.0,14,5,2,41.928441357,-87.64294611,POINT (-87.642946110477 41.928441356913),POINT (1172116.6398001316 1917270.2224805986),2020,520 W DEMING PL
O1001825,DRIVER,c798190047034ef64ff94ed9a73af4bf70a758826434ff5e5b5c1a2b61bd1704fd3e66a1e3c7126d0aeb7cbde663f846a7dbb1ffc8613ba1d709db3d9ba92e28,949413.0,X,,DEPLOYMENT UNKNOWN,NONE,NO INDICATION OF INJURY,UNKNOWN,UNKNOWN,UNKNOWN,,,,,2020-11-30 10:00:00,30,SNOW,DAYLIGHT,PARKED MOTOR VEHICLE,DIVIDED - W/MEDIAN (NOT RAISED),WET,NO DEFECTS,NOT ON SCENE (DESK REPORT),NO INJURY / DRIVE AWAY,Y,"$501 - $1,500",11/30/2020 10:15:00 AM,UNABLE TO DETERMINE,UNABLE TO DETERMINE,,2,NO INDICATION OF INJURY,0.0,0.0,0.0,0.0,0.0,1.0,0.0,10,2,11,41.690402582,-87.618064878,POINT (-87.618064877904 41.69040258241),POINT (1179609.224853692 1830585.6065232381),2020,11213 S INDIANA AVE
P200401,PASSENGER,2e7de150ebfc0b7e2289bdead0beb9b08b96ac390ae06b4e96689efef11346064dff6a6e6092105e467e45b40bd3e9c21fc0c0961a40d8f0a423062fa2531f74,832440.0,M,,DID NOT DEPLOY,NONE,INCAPACITATING INJURY,,,,,,,,2020-04-30 07:30:00,30,RAIN,DAYLIGHT,ANGLE,ONE-WAY,WET,NO DEFECTS,ON SCENE,INJURY AND / OR TOW DUE TO CRASH,,"OVER $1,500",04/30/2020 07:40:00 AM,DISREGARDING OTHER TRAFFIC SIGNS,DRIVING SKILLS/KNOWLEDGE/EXPERIENCE,,2,INCAPACITATING INJURY,2.0,0.0,1.0,0.0,1.0,1.0,0.0,7,5,4,41.88069513,-87.633652459,POINT (-87.633652458606 41.880695129523),POINT (1174787.5347988487 1899891.9626740732),2020,99 S WELLS ST
O971014,DRIVER,09806d22e71f978ea1fd3fb83d911da62a99da8ac56514a1dae4ed6ddb6ee3a481c1841120b238565c1a2f2f16d3f476ab434f2bb15ffc522d45ca795dfa0ace,920248.0,M,32.0,DID NOT DEPLOY,NONE,NO INDICATION OF INJURY,NONE,NOT OBSCURED,NORMAL,,,,,2020-10-05 05:04:00,25,CLEAR,DARKNESS,ANGLE,NOT DIVIDED,UNKNOWN,UNKNOWN,ON SCENE,INJURY AND / OR TOW DUE TO CRASH,,"OVER $1,500",10/05/2020 05:04:00 AM,DISREGARDING TRAFFIC SIGNALS,NOT APPLICABLE,,2,NO INDICATION OF INJURY,0.0,0.0,0.0,0.0,0.0,2.0,0.0,5,2,10,41.997481446,-87.70919807,POINT (-87.709198069582 41.997481446282),POINT (1153904.9664829923 1942290.4955020894),2020,6401 N KEDZIE AVE
O903343,DRIVER,3d3506e8bb7f03488dec81454ae32ba1c76b156a0e572868bca419898a2140c4f2c301c32db575e4b4a091135ed759b83ed2a8705c81489a99567cb5fd5c872d,856562.0,F,32.0,NOT APPLICABLE,NONE,NO INDICATION OF INJURY,OTHER,PARKED VEHICLES,NORMAL,,,,,2020-06-20 19:00:00,25,CLEAR,DAYLIGHT,PARKED MOTOR VEHICLE,NOT DIVIDED,DRY,NO DEFECTS,ON SCENE,NO INJURY / DRIVE AWAY,,$500 OR LESS,06/20/2020 07:45:00 PM,UNABLE TO DETERMINE,UNABLE TO DETERMINE,,2,NO INDICATION OF INJURY,0.0,0.0,0.0,0.0,0.0,2.0,0.0,19,7,6,41.770484178,-87.637135269,POINT (-87.637135268786 41.770484177892),POINT (1174164.5262360114 1859723.8478070046),2020,6809 S NORMAL BLVD
O832782,DRIVER,e4f39b51c52b406a507d76f767f4da5c1d724805476de1469da4a81340a66579a1fea9a2791c7550f9a0cb97ed6efb80a56914a5f4c151e6f0f3f4cbe9ecb128,790429.0,F,20.0,DID NOT DEPLOY,NONE,NO INDICATION OF INJURY,FOLLOWED TOO CLOSELY,UNKNOWN,NORMAL,,,,,2020-01-31 12:30:00,30,CLOUDY/OVERCAST,DAYLIGHT,REAR END,DIVIDED - W/MEDIAN (NOT RAISED),UNKNOWN,UNKNOWN,NOT ON SCENE (DESK REPORT),NO INJURY / DRIVE AWAY,,"OVER $1,500",01/31/2020 01:00:00 PM,FOLLOWING TOO CLOSELY,UNABLE TO DETERMINE,,2,NO INDICATION OF INJURY,0.0,0.0,0.0,0.0,0.0,3.0,0.0,12,6,1,41.932517733,-87.668026912,POINT (-87.668026912048 41.932517732879),POINT (1165280.1470950276 1918701.7065906562),2020,1550 W DIVERSEY PKWY
P214421,PASSENGER,4ed87361a589b755e4de99a6695f25369e1b80f27add9b68c145457e8bdda5c61c1dd103290a394c816b9cf67f90a4af0eea8107c0214e5057b11d58f31a2314,890474.0,F,,DEPLOYMENT UNKNOWN,UNKNOWN,NO INDICATION OF INJURY,,,,,,,,2020-08-15 07:10:00,30,CLEAR,DAYLIGHT,PEDESTRIAN,NOT DIVIDED,DRY,UNKNOWN,NOT ON SCENE (DESK REPORT),INJURY AND / OR TOW DUE TO CRASH,,"OVER $1,500",08/15/2020 07:59:00 PM,NOT APPLICABLE,NOT APPLICABLE,,2,NONINCAPACITATING INJURY,1.0,0.0,0.0,1.0,0.0,2.0,0.0,7,7,8,41.776412859,-87.666753891,POINT (-87.666753891482 41.776412858614),POINT (1166068.132137029 1861820.201652119),2020,6438 S PAULINA ST
O877213,DRIVER,0c5ef49e5d5d2be8b391f5c1aa64e3050da3429146b4f0e896e4c0a492d6049fd64f66a0b0ee9ab377be8d7ee03cf156696efcc5a374f3fd66ed7a2144e55f27,832194.0,M,51.0,DID NOT DEPLOY,NONE,NO INDICATION OF INJURY,NONE,NOT OBSCURED,NORMAL,,,,,2020-04-29 13:25:00,30,RAIN,DAYLIGHT,FIXED OBJECT,DIVIDED - W/MEDIAN BARRIER,WET,NO DEFECTS,NOT ON SCENE (DESK REPORT),NO INJURY / DRIVE AWAY,,"OVER $1,500",04/29/2020 02:05:00 PM,UNABLE TO DETERMINE,UNABLE TO DETERMINE,,1,NO INDICATION OF INJURY,0.0,0.0,0.0,0.0,0.0,1.0,0.0,13,4,4,41.82560547,-87.684183181,POINT (-87.684183181008 41.825605469667),POINT (1161178.6691772572 1879709.3161044542),2020,3731 S WESTERN BLVD