PERSON_ID,PERSON_TYPE,CRASH_RECORD_ID,VEHICLE_ID,SEX,AGE,AIRBAG_DEPLOYED,EJECTION,INJURY_CLASSIFICATION,DRIVER_ACTION,DRIVER_VISION,PHYSICAL_CONDITION,PEDPEDAL_ACTION,PEDPEDAL_VISIBILITY,PEDPEDAL_LOCATION,CRASH_DATE_EST_I,CRASH_DATE,POSTED_SPEED_LIMIT,WEATHER_CONDITION,LIGHTING_CONDITION,FIRST_CRASH_TYPE,TRAFFICWAY_TYPE,ROADWAY_SURFACE_COND,ROAD_DEFECT,REPORT_TYPE,CRASH_TYPE,HIT_AND_RUN_I,DAMAGE,DATE_POLICE_NOTIFIED,PRIM_CONTRIBUTORY_CAUSE,SEC_CONTRIBUTORY_CAUSE,DOORING_I,NUM_UNITS,MOST_SEVERE_INJURY,INJURIES_TOTAL,INJURIES_FATAL,INJURIES_INCAPACITATING,INJURIES_NON_INCAPACITATING,INJURIES_REPORTED_NOT_EVIDENT,INJURIES_NO_INDICATION,INJURIES_UNKNOWN,CRASH_HOUR,CRASH_DAY_OF_WEEK,CRASH_MONTH,LATITUDE,LONGITUDE,LOCATION,geometry,YEAR,ADDRESS
O840714,DRIVER,3400e5e81ae78549cad8dc0f53d910e03de7ced229884863cf6fc9c929cfc3b4f59104bfa8bac770fd3cf71f1621f1cc3a68d8ea60a81c5aeca91eae8c379741,797834.0,M,57.0,DID NOT DEPLOY,NONE,NO INDICATION OF INJURY,IMPROPER TURN,UNKNOWN,UNKNOWN,,,,,2020-02-12 14:50:00,35,SNOW,DAYLIGHT,TURNING,NOT DIVIDED,SNOW OR SLUSH,UNKNOWN,NOT ON SCENE (DESK REPORT),NO INJURY / DRIVE AWAY,,"OVER $1,500",02/12/2020 04:21:00 PM,IMPROPER TURNING/NO SIGNAL,IMPROPER TURNING/NO SIGNAL,,2,NO INDICATION OF INJURY,0.0,0.0,0.0,0.0,0.0,2.0,0.0,14,4,2,41.853176167,-87.695635429,POINT (-87.695635429113 41.85317616656),POINT (1157982.7039154994 1889732.59480581),2020,2116 S CALIFORNIA AVE
P198206,PASSENGER,d8909dec97aab1c200ccfb4ce9710cc3dafaa5124f3580d9ad317733be259bc3b50954ec9a0a2dc7e33f3ade1055385ca8cd064ddfe78a8fad787b6908136b73,822214.0,M,59.0,DID NOT DEPLOY,NONE,NO INDICATION OF INJURY,,,,,,,,2020-03-26 15:05:00,30,RAIN,DAYLIGHT,PARKED MOTOR VEHICLE,NOT DIVIDED,WET,UNKNOWN,ON SCENE,NO INJURY / DRIVE AWAY,,"$501 - $1,500",03/26/2020 03:36:00 PM,UNABLE TO DETERMINE,UNABLE TO DETERMINE,,2,NO INDICATION OF INJURY,0.0,0.0,0.0,0.0,0.0,4.0,0.0,15,5,3,41.875932629,-87.755047476,POINT (-87.755047476228 41.875932628607),POINT (1141740.7232372987 1897910.3815452429),2020,320 S LARAMIE AVE
O884597,DRIVER,003b8aa9e9478872b199e727df7a926c96d82624c4231db0bbf99aacc2ed0a10fd4d0e306e308c82a5644a7f6a302c07150c65d4f7543566fb2d05c895282bc2,839184.0,M,51.0,"DEPLOYED, FRONT",NONE,NO INDICATION OF INJURY,OTHER,NOT OBSCURED,NORMAL,,,,,2020-05-16 13:30:00,25,CLEAR,DAYLIGHT,PARKED MOTOR VEHICLE,ONE-WAY,DRY,DEBRIS ON ROADWAY,ON SCENE,INJURY AND / OR TOW DUE TO CRASH,,"$501 - $1,500",05/16/2020 01:30:00 PM,DRIVING SKILLS/KNOWLEDGE/EXPERIENCE,NOT APPLICABLE,,3,NO INDICATION OF INJURY,0.0,0.0,0.0,0.0,0.0,1.0,0.0,13,7,5,41.746731654,-87.654704474,POINT (-87.65470447379 41.746731653635),POINT (1169440.1082973564 1851030.3264764303),2020,1225 W 81ST ST
O819689,DRIVER,49a98325ced3d4cd6ebb0ded1f77763c380169acd4f454d8151cc1f6b13156b9d9256697d84dfeccbad6b08043bec171b159649824f20fba9d8b2d1e089bc235,778239.0,M,58.0,NOT APPLICABLE,NONE,NO INDICATION OF INJURY,NONE,WINDSHIELD (WATER/ICE),NORMAL,,,,,2020-01-10 19:20:00,30,RAIN,"DARKNESS, LIGHTED ROAD",REAR END,NOT DIVIDED,WET,NO DEFECTS,ON SCENE,INJURY AND / OR TOW DUE TO CRASH,,"OVER $1,500",01/10/2020 07:21:00 PM,IMPROPER OVERTAKING/PASSING,RELATED TO BUS STOP,,2,NO INDICATION OF INJURY,0.0,0.0,0.0,0.0,0.0,4.0,0.0,19,6,1,41.70656344,-87.676730115,POINT (-87.676730115081 41.706563440023),POINT (1163541.1768479834 1836346.8287725039),2020,2198 W 103RD ST
O976811,DRIVER,ee575d6032ebfafe52ae495458767f5caf8252def45e23187cfcd586cedc5ecd3cef24e1a1e73612b3f0f2068452d03e8751717ce710dc6ab2c58446f0392a26,925670.0,F,17.0,NOT APPLICABLE,NONE,NO INDICATION OF INJURY,NONE,NOT OBSCURED,NORMAL,,,,,2020-10-14 19:01:00,30,CLEAR,DARKNESS,SIDESWIPE SAME DIRECTION,DIVIDED - W/MEDIAN (NOT RAISED),DRY,NO DEFECTS,ON SCENE,NO INJURY / DRIVE AWAY,Y,"$501 - $1,500",10/14/2020 07:05:00 PM,FOLLOWING TOO CLOSELY,IMPROPER OVERTAKING/PASSING,,2,NO INDICATION OF INJURY,0.0,0.0,0.0,0.0,0.0,2.0,0.0,19,4,10,41.923105515,-87.80607889,POINT (-87.806078890348 41.923105515147),POINT (1127737.1075587922 1915010.6340550785),2020,2371 N HARLEM AVE
O955599,DRIVER,07dd775d80caa258c2915c8b1585895827a911ba98eadf44724ba5940a1303f9a2975bf7e33f2e4b4865dd6d576f28560e1be525bf6be00bdfc72e32165c56b3,905770.0,M,22.0,DID NOT DEPLOY,NONE,NO INDICATION OF INJURY,FOLLOWED TOO CLOSELY,NOT OBSCURED,NORMAL,,,,,2020-09-10 16:30:00,30,RAIN,DAYLIGHT,REAR END,NOT DIVIDED,WET,NO DEFECTS,NOT ON SCENE (DESK REPORT),NO INJURY / DRIVE AWAY,,"OVER $1,500",09/10/2020 07:10:00 PM,FOLLOWING TOO CLOSELY,FAILING TO REDUCE SPEED TO AVOID CRASH,,3,NO INDICATION OF INJURY,0.0,0.0,0.0,0.0,0.0,3.0,0.0,16,5,9,41.938124891,-87.80537987,POINT (-87.805379869841 41.938124891125),POINT (1127893.6386805181 1920484.8814186386),2020,7130 W BELMONT AVE
O994819,DRIVER,64fd276c84e1b55cf3c0061cf64de026e501eb83adb1752d33708040b89db7e8ac47d61e23a65ebf1446181ed393fcf28b5a9454a264c9671721d53414055351,942720.0,M,61.0,"DEPLOYED, COMBINATION",NONE,NO INDICATION OF INJURY,IMPROPER TURN,UNKNOWN,NORMAL,,,,,2020-11-15 22:50:00,30,CLEAR,"DARKNESS, LIGHTED ROAD",TURNING,NOT DIVIDED,DRY,NO DEFECTS,ON SCENE,INJURY AND / OR TOW DUE TO CRASH,,"OVER $1,500",11/15/2020 10:55:00 PM,IMPROPER TURNING/NO SIGNAL,UNABLE TO DETERMINE,,2,NONINCAPACITATING INJURY,1.0,0.0,0.0,1.0,0.0,1.0,0.0,22,1,11,41.771827298,-87.68358689,POINT (-87.683586890069 41.771827298216),POINT (1161489.3162529392 1860114.1197095506),2020,6702 S WESTERN AVE
P197416,PASSENGER,ad58ded1151be38c511f2d2fca45a84afbeec3c302ff7d022f151b81758d978c85d0d81f077684a7234d9b4c31f7d6efeae0ebbaf8185bb5776fc0ee2aa69476,819037.0,M,18.0,NOT APPLICABLE,NONE,NO INDICATION OF INJURY,,,,,,,,2020-03-16 16:50:00,30,CLEAR,DAYLIGHT,TURNING,NOT DIVIDED,DRY,NO DEFECTS,NOT ON SCENE (DESK REPORT),NO INJURY / DRIVE AWAY,,"OVER $1,500",03/16/2020 05:25:00 PM,UNABLE TO DETERMINE,NOT APPLICABLE,,2,NO INDICATION OF INJURY,0.0,0.0,0.0,0.0,0.0,6.0,0.0,16,2,3,41.867105475,-87.656745012,POINT (-87.656745011924 41.867105475026),POINT (1168537.9582906528 1894889.4882185296),2020,1200 W ROOSEVELT RD
O933103,DRIVER,9ccc47703b292d67ed521eaed7b3ee88e04a875c4a1f98ad75dfdbc4963b421ebe47d0bac67c2d734c40bcad81d59c37424e752560460b659d89357aac152353,884553.0,M,35.0,DID NOT DEPLOY,NONE,NO INDICATION OF INJURY,IMPROPER BACKING,NOT OBSCURED,NORMAL,,,,,2020-08-06 18:07:00,30,CLEAR,DAYLIGHT,REAR TO FRONT,ONE-WAY,DRY,NO DEFECTS,ON SCENE,NO INJURY / DRIVE AWAY,,"OVER $1,500",08/06/2020 06:08:00 PM,IMPROPER BACKING,DRIVING SKILLS/KNOWLEDGE/EXPERIENCE,,2,NO INDICATION OF INJURY,0.0,0.0,0.0,0.0,0.0,2.0,0.0,18,5,8,41.909947273,-87.786805805,POINT (-87.786805804969 41.909947272902),POINT (1133012.6604273971 1910248.6049580572),2020,1626 N NAGLE AVE
O920882,DRIVER,16087b61c83628978fc8b66b2bb58112e0bbf4fb92f6341db5fc51f9541ff9da338a807a3a1f9156bdc3994c88243c6e1cf08ca8a2cf9b65710a185047cfb081,873040.0,M,26.0,DID NOT DEPLOY,NONE,NO INDICATION OF INJURY,NONE,NOT OBSCURED,NORMAL,,,,,2020-07-18 11:39:00,30,CLEAR,DAYLIGHT,SIDESWIPE SAME DIRECTION,DIVIDED - W/MEDIAN (NOT RAISED),DRY,NO DEFECTS,ON SCENE,NO INJURY / DRIVE AWAY,Y,"OVER $1,500",07/18/2020 11:54:00 AM,IMPROPER OVERTAKING/PASSING,FAILING TO YIELD RIGHT-OF-WAY,,2,NO INDICATION OF INJURY,0.0,0.0,0.0,0.0,0.0,5.0,0.0,11,7,7,41.820741173,-87.704615554,POINT (-87.704615553947 41.820741173314),POINT (1155622.6829927738 1877895.3751092283),2020,4000 S KEDZIE AVE
P219559,PASSENGER,b0ab8f40988007d45f63c8f16c188abdf52c7cb906bfc73747482985b0f27c0e8fabcb1cc9f6e6b6c3dab25d85dfea38b58fcf46fe49c6252d52470fe801a54d,913776.0,M,,DID NOT DEPLOY,NONE,NO INDICATION OF INJURY,,,,,,,,2020-09-24 15:00:00,30,CLEAR,DAYLIGHT,SIDESWIPE SAME DIRECTION,NOT DIVIDED,DRY,NO DEFECTS,NOT ON SCENE (DESK REPORT),NO INJURY / DRIVE AWAY,Y,"$501 - $1,500",09/24/2020 04:01:00 PM,NOT APPLICABLE,NOT APPLICABLE,,2,NO INDICATION OF INJURY,0.0,0.0,0.0,0.0,0.0,3.0,0.0,15,5,9,41.742251371,-87.714517304,POINT (-87.714517304252 41.742251371415),POINT (1153129.5296935702 1849274.6994566557),2020,8300 S LAWNDALE AVE
P226896,PASSENGER,b8721889caf1fdbb1997ff0c0ea76c62dcee35b28ccc3cd76dc9ce33fb23a3dd4f6a2c6eb28f851af655f9625a644d58654d1afbc4b5d829a36a8179943e561c,948347.0,F,8.0,DID NOT DEPLOY,NONE,NO INDICATION OF INJURY,,,,,,,,2020-11-27 15:00:00,30,CLEAR,DAYLIGHT,SIDESWIPE SAME DIRECTION,NOT DIVIDED,DRY,NO DEFECTS,ON SCENE,NO INJURY / DRIVE AWAY,,"OVER $1,500",11/27/2020 04:06:00 PM,DRIVING SKILLS/KNOWLEDGE/EXPERIENCE,NOT APPLICABLE,,2,NO INDICATION OF INJURY,0.0,0.0,0.0,0.0,0.0,8.0,0.0,15,6,11,41.844397617,-87.705781955,POINT (-87.705781954696 41.844397617331),POINT (1155241.7756011616 1886513.3553320926),2020,3221 W 26TH ST
P208123,PASSENGER,a5cfd6038bf609ab3f846c488d756138833f36e4aa6ad706f8dad9c8c7f397a63076d5011f2442efd4575823be5471420c0ff0960f4e39fb004811e10ebf940e,864091.0,M,29.0,NOT APPLICABLE,NONE,NO INDICATION OF INJURY,,,,,,,,2020-07-04 01:20:00,20,CLEAR,"DARKNESS, LIGHTED ROAD",FIXED OBJECT,NOT DIVIDED,DRY,NO DEFECTS,ON SCENE,INJURY AND / OR TOW DUE TO CRASH,,"OVER $1,500",07/04/2020 01:36:00 AM,PHYSICAL CONDITION OF DRIVER,NOT APPLICABLE,,2,NONINCAPACITATING INJURY,1.0,0.0,0.0,1.0,0.0,1.0,0.0,1,7,7,41.853045509,-87.686541616,POINT (-87.686541616227 41.853045508712),POINT (1160460.568163395 1889703.5137776271),2020,2420 W 21ST PL
O871870,DRIVER,0f7580d6fbca8aaea85de8624265c2648f447ec33eacec663b75aea3561721100e2071e761c3d11be9a5589bf8cd482fee8685f7b33f4ab32f2eeb79a3151dad,827164.0,F,21.0,DID NOT DEPLOY,NONE,NO INDICATION OF INJURY,NONE,NOT OBSCURED,NORMAL,,,,,2020-04-13 00:30:00,30,CLEAR,"DARKNESS, LIGHTED ROAD",FIXED OBJECT,ONE-WAY,DRY,NO DEFECTS,NOT ON SCENE (DESK REPORT),INJURY AND / OR TOW DUE TO CRASH,Y,"OVER $1,500",04/14/2020 01:00:00 AM,DRIVING ON WRONG SIDE/WRONG WAY,NOT APPLICABLE,,2,NO INDICATION OF INJURY,0.0,0.0,0.0,0.0,0.0,3.0,0.0,0,2,4,41.822767251,-87.601255147,POINT (-87.601255146552 41.822767251428),POINT (1183790.0053243397 1878856.7700857676),2020,4000 S OAKENWALD AVE
O989301,DRIVER,f0e4f58783447d3a80293c42631020ca9e7bffa24a116966b0bf80e6700d8a47d1abcc80df93f501f4d301941a8ddee8893377ddf70d8ad42eae5ed41a46c581,937480.0,F,,DEPLOYMENT UNKNOWN,UNKNOWN,NO INDICATION OF INJURY,UNKNOWN,UNKNOWN,UNKNOWN,,,,,2020-11-05 14:50:00,30,CLEAR,"DARKNESS, LIGHTED ROAD",SIDESWIPE SAME DIRECTION,DIVIDED - W/MEDIAN (NOT RAISED),DRY,NO DEFECTS,ON SCENE,INJURY AND / OR TOW DUE TO CRASH,Y,"OVER $1,500",11/05/2020 06:30:00 PM,UNABLE TO DETERMINE,UNABLE TO DETERMINE,,2,NONINCAPACITATING INJURY,1.0,0.0,0.0,1.0,0.0,2.0,0.0,14,5,11,41.851538224,-87.716367734,POINT (-87.716367733864 41.851538224392),POINT (1152338.7140953948 1889094.4691444917),2020,3637 W CERMAK RD
O892513,DRIVER,52fa2f1b5cd3d04719967b9ee55dd881527d9303f220dfc3012c4d6a8e69a09802b059dd7749e0efd44b0f8242c35a5aa74bc64513a696c1f2906535343d89d5,846541.0,M,41.0,NOT APPLICABLE,NONE,NO INDICATION OF INJURY,UNKNOWN,NOT OBSCURED,NORMAL,,,,N,2020-06-01 23:45:00,30,CLEAR,"DARKNESS, LIGHTED ROAD",ANGLE,DIVIDED - W/MEDIAN BARRIER,DRY,NO DEFECTS,ON SCENE,INJURY AND / OR TOW DUE TO CRASH,N,"OVER $1,500",06/02/2020 12:05:00 AM,DISREGARDING TRAFFIC SIGNALS,UNABLE TO DETERMINE,,2,NO INDICATION OF INJURY,0.0,0.0,0.0,0.0,0.0,2.0,0.0,23,2,6,41.877812665,-87.666549606,POINT (-87.666549606093 41.877812664595),POINT (1165837.0775540522 1898770.2756312995),2020,235 S ASHLAND AVE
P227007,PASSENGER,63052ff3b4a580a0a5fe9a17f2e0c1f90ff5f97a491db572ae5de5bdf7d9eb926a7211c1b5b290fb5ffd9342c91c068f6053514735f502e2507d32b5d1618af8,948736.0,,,DEPLOYMENT UNKNOWN,NONE,NO INDICATION OF INJURY,,,,,,,,2020-11-28 14:30:00,30,CLEAR,DAYLIGHT,PARKED MOTOR VEHICLE,NOT DIVIDED,DRY,NO DEFECTS,ON SCENE,INJURY AND / OR TOW DUE TO CRASH,,"OVER $1,500",11/28/2020 03:45:00 PM,DISTRACTION - FROM INSIDE VEHICLE,NOT APPLICABLE,,2,NO INDICATION OF INJURY,0.0,0.0,0.0,0.0,0.0,2.0,0.0,14,7,11,41.872964263,-87.747942306,POINT (-87.747942305543 41.872964263055),POINT (1143683.1342420026 1896841.8326637258),2020,4937 W HARRISON ST
O914933,DRIVER,c7132d6b5bde4cbae4aa57436d930677373a539426a9ff919f1d187ca32d96055c2c88326eb73415e601bd9ad53d012626bf71e1b08d08be92dcac076ce9f8bb,867427.0,X,,DEPLOYMENT UNKNOWN,UNKNOWN,NO INDICATION OF INJURY,UNKNOWN,UNKNOWN,UNKNOWN,,,,,2020-07-09 07:30:00,30,CLEAR,DAWN,PARKED MOTOR VEHICLE,NOT DIVIDED,DRY,NO DEFECTS,NOT ON SCENE (DESK REPORT),NO INJURY / DRIVE AWAY,Y,$500 OR LESS,07/09/2020 11:46:00 AM,UNABLE TO DETERMINE,NOT APPLICABLE,,2,NO INDICATION OF INJURY,0.0,0.0,0.0,0.0,0.0,1.0,0.0,7,5,7,41.846958852,-87.680193157,POINT (-87.680193157312 41.846958851562),POINT (1162207.0066709486 1887498.6463672884),2020,2508 S BLUE ISLAND AVE
O1000668,DRIVER,e7786adc0ab17da812151d95222b40399a643f58f565ce636a96cd48018910dcde5caf02a70cf5fe302b6b94c2fbe457634ac47121c926dc9d3e107f7e8337ae,948526.0,F,31.0,DID NOT DEPLOY,NONE,NO INDICATION OF INJURY,NONE,NOT OBSCURED,NORMAL,,,,,2020-11-27 14:20:00,30,CLEAR,DAYLIGHT,REAR END,DIVIDED - W/MEDIAN (NOT RAISED),DRY,NO DEFECTS,ON SCENE,INJURY AND / OR TOW DUE TO CRASH,,"OVER $1,500",11/27/2020 02:21:00 PM,PHYSICAL CONDITION OF DRIVER,NOT APPLICABLE,,3,INCAPACITATING INJURY,1.0,0.0,1.0,0.0,0.0,3.0,0.0,14,6,11,41.759691366,-87.640559375,POINT (-87.640559374984 41.759691366063),POINT (1173262.140841678 1855783.4920181346),2020,627 W 74TH ST
O883815,DRIVER,bd36f46b29abfc859adb4e9d6abfdc598c69f72851ccb72bc5258967f288a88bc0888d773a0db75b71cb45c2c5b0d9b936e4b0bfc6b65b56d8c9eb9f7f77aa99,838449.0,X,,DEPLOYMENT UNKNOWN,UNKNOWN,NO INDICATION OF INJURY,UNKNOWN,UNKNOWN,UNKNOWN,,,,Y,2020-05-14 23:00:00,30,RAIN,"DARKNESS, LIGHTED ROAD",PARKED MOTOR VEHICLE,NOT DIVIDED,WET,NO DEFECTS,ON SCENE,INJURY AND / OR TOW DUE TO CRASH,Y,"OVER $1,500",05/14/2020 11:24:00 PM,UNABLE TO DETERMINE,UNABLE TO DETERMINE,,2,NO INDICATION OF INJURY,0.0,0.0,0.0,0.0,0.0,1.0,0.0,23,5,5,41.748360549,-87.685031227,POINT (-87.685031226853 41.74836054885),POINT (1161159.7680387944 1851560.0689395538),2020,2454 W 80TH ST
O909419,DRIVER,1f580e6c830ef0ed71f435106718f3a8ce972802087e47f71f54c8787d4d50a1c72df3dc4ed54dd938c5f27fbdffbadc254dbba2646bc5d633639815372af7dd,862201.0,F,31.0,DID NOT DEPLOY,NONE,NO INDICATION OF INJURY,NONE,UNKNOWN,UNKNOWN,,,,,2020-06-30 20:35:00,30,UNKNOWN,UNKNOWN,REAR END,NOT DIVIDED,UNKNOWN,UNKNOWN,NOT ON SCENE (DESK REPORT),NO INJURY / DRIVE AWAY,,"OVER $1,500",06/30/2020 09:30:00 PM,FOLLOWING TOO CLOSELY,UNABLE TO DETERMINE,,2,NO INDICATION OF INJURY,0.0,0.0,0.0,0.0,0.0,2.0,0.0,20,3,6,41.895570732,-87.726234459,POINT (-87.726234458864 41.895570732469),POINT (1149537.083382893 1905120.6694200924),2020,804 N PULASKI RD
O816844,DRIVER,f829a8bd9a1afc120ed6720cdb20a22b1a90b81278002b1d6318224f0fc240e6150851b1632492ffb04c9752eaf7bd7a6d7e062cd4e9e302b2de5893fe125149,775481.0,M,34.0,DEPLOYMENT UNKNOWN,NONE,NO INDICATION OF INJURY,UNKNOWN,UNKNOWN,UNKNOWN,,,,,2020-01-06 08:30:00,15,CLEAR,DAYLIGHT,ANGLE,ALLEY,DRY,NO DEFECTS,NOT ON SCENE (DESK REPORT),NO INJURY / DRIVE AWAY,,"$501 - $1,500",01/06/2020 09:30:00 AM,UNABLE TO DETERMINE,UNABLE TO DETERMINE,,2,NO INDICATION OF INJURY,0.0,0.0,0.0,0.0,0.0,2.0,0.0,8,2,1,41.865594951,-87.623964447,POINT (-87.62396444716 41.865594951208),POINT (1177471.2698486792 1894411.133174205),2020,1305 S MICHIGAN AVE
O893113,DRIVER,f51d137893cc660184175622e06396feb06c92659c62e05558ebb769fa9a2ee5e72a2fee9086c13f0fe5fdeb2292b4afd5f8eaee4024dbb28030cc3a7cdc1a56,847074.0,F,21.0,NOT APPLICABLE,NONE,NO INDICATION OF INJURY,UNKNOWN,UNKNOWN,NORMAL,,,,,2020-06-02 22:30:00,15,CLEAR,"DARKNESS, LIGHTED ROAD",ANGLE,ALLEY,DRY,UNKNOWN,NOT ON SCENE (DESK REPORT),NO INJURY / DRIVE AWAY,Y,"OVER $1,500",06/02/2020 10:48:00 PM,UNABLE TO DETERMINE,NOT APPLICABLE,,2,NO INDICATION OF INJURY,0.0,0.0,0.0,0.0,0.0,2.0,0.0,22,3,6,41.895574843,-87.715917296,POINT (-87.7159172963 41.895574842656),POINT (1152346.0070193624 1905142.2118835107),2020,3550 W CHICAGO AVE
O899238,DRIVER,b0df50070d2c6c080642454646a539b52f0440da20dbf4c8a975c250bced4827838ce5face602125a070ac4358b75cf740da2a6cda798ea0a6b6d01ee0b049bd,852652.0,M,,DID NOT DEPLOY,NONE,NO INDICATION OF INJURY,IMPROPER LANE CHANGE,NOT OBSCURED,NORMAL,,,,,2020-06-13 17:27:00,30,CLEAR,DAYLIGHT,SIDESWIPE SAME DIRECTION,NOT DIVIDED,DRY,NO DEFECTS,NOT ON SCENE (DESK REPORT),NO INJURY / DRIVE AWAY,,"OVER $1,500",06/13/2020 05:45:00 PM,IMPROPER LANE USAGE,NOT APPLICABLE,,2,NO INDICATION OF INJURY,0.0,0.0,0.0,0.0,0.0,4.0,0.0,17,7,6,41.896744347,-87.631321248,POINT (-87.631321248152 41.896744346876),POINT (1175374.5287394326 1905745.4778335574),2020,100 W CHICAGO AVE
O916500,DRIVER,050afdb12a7d37384db941b2f13ac3e493a0e38ea41791167b7d903f394ff8e26322495cf437fbf1d37f13676ee15e0c6126247cbb1d6ce27cf1027d9b5de909,868906.0,F,75.0,NOT APPLICABLE,NONE,NO INDICATION OF INJURY,NONE,NOT OBSCURED,NORMAL,,,,,2020-07-11 16:41:00,35,CLEAR,DAYLIGHT,SIDESWIPE OPPOSITE DIRECTION,DIVIDED - W/MEDIAN (NOT RAISED),DRY,NO DEFECTS,ON SCENE,NO INJURY / DRIVE AWAY,Y,"OVER $1,500",07/11/2020 04:41:00 PM,FAILING TO YIELD RIGHT-OF-WAY,IMPROPER TURNING/NO SIGNAL,,2,NO INDICATION OF INJURY,0.0,0.0,0.0,0.0,0.0,2.0,0.0,16,7,7,41.735680955,-87.663001365,POINT (-87.663001364915 41.735680954718),POINT (1167207.3354496388 1846985.8122239853),2020,1559 W 87TH ST
O988154,DRIVER,0faf9eb648e539a272cc0870eadeab02506c6f79c5141f7a833f5004efaa6c97b3a67a6eded5279c9ff972382c5792fd6d6e8dc4439d0ff6dd3d993a33d15b85,936416.0,M,36.0,DID NOT DEPLOY,NONE,NO INDICATION OF INJURY,FOLLOWED TOO CLOSELY,NOT OBSCURED,NORMAL,,,,,2020-11-03 14:30:00,30,CLEAR,DAYLIGHT,REAR END,NOT DIVIDED,DRY,NO DEFECTS,NOT ON SCENE (DESK REPORT),INJURY AND / OR TOW DUE TO CRASH,,"OVER $1,500",11/03/2020 03:20:00 PM,FOLLOWING TOO CLOSELY,NOT APPLICABLE,,2,"REPORTED, NOT EVIDENT",1.0,0.0,0.0,0.0,1.0,1.0,0.0,14,3,11,41.995825245,-87.805097454,POINT (-87.805097454181 41.995825244901),POINT (1127840.845829366 1941511.5590099199),2020,6300 N NORTHWEST HWY
O883747,DRIVER,61637caddc234889db0e8f9155dbc8be3da228d9acc91abfd14954572d1542f8339c71e7f208f46562206fa1a8db95b7f55b55c542b98e8bf3af5109d4c3382a,838386.0,M,,DID NOT DEPLOY,NONE,NO INDICATION OF INJURY,NONE,NOT OBSCURED,NORMAL,,,,,2020-05-13 20:30:00,30,CLEAR,"DARKNESS, LIGHTED ROAD",SIDESWIPE SAME DIRECTION,NOT DIVIDED,DRY,NO DEFECTS,,NO INJURY / DRIVE AWAY,Y,"$501 - $1,500",05/14/2020 07:30:00 PM,IMPROPER OVERTAKING/PASSING,NOT APPLICABLE,,2,NO INDICATION OF INJURY,0.0,0.0,0.0,0.0,0.0,2.0,0.0,20,4,5,41.929409987,-87.766033156,POINT (-87.766033156437 41.929409987412),POINT (1138619.9981992438 1917377.5427671825),2020,2659 N CENTRAL AVE
O876973,DRIVER,706aaa99db663499faddd0d84cc3394e74c22fffde3be2d211364a0f213150925f3dad32711416afc75cee335f98d82874f0b9d4a3e4ff566debd49c49ec1bad,831976.0,M,36.0,"DEPLOYED, SIDE",NONE,"REPORTED, NOT EVIDENT",DISREGARDED CONTROL DEVICES,NOT OBSCURED,NORMAL,,,,,2020-04-28 18:49:00,30,RAIN,DAYLIGHT,ANGLE,FOUR WAY,WET,NO DEFECTS,ON SCENE,INJURY AND / OR TOW DUE TO CRASH,,"OVER $1,500",04/28/2020 06:50:00 PM,DISREGARDING TRAFFIC SIGNALS,NOT APPLICABLE,,2,"REPORTED, NOT EVIDENT",1.0,0.0,0.0,0.0,1.0,2.0,0.0,18,3,4,41.89163298,-87.638686951,POINT (-87.638686950674 41.891632979994),POINT (1173384.2669396857 1903866.5730313228),2020,400 W GRAND AVE
P191958,PASSENGER,9fda5c0db184bb62657371dec8d93117ee3dba11849b34b36643b1856a66cce7cfa46f7e0a80a404733da645b6395f0edbd4375a51bf9bdd78bbd6f435fe3608,797254.0,,,DEPLOYMENT UNKNOWN,NONE,NO INDICATION OF INJURY,,,,,,,,2020-02-11 15:38:00,30,CLEAR,DAYLIGHT,SIDESWIPE SAME DIRECTION,DIVIDED - W/MEDIAN (NOT RAISED),DRY,NO DEFECTS,ON SCENE,NO INJURY / DRIVE AWAY,,"OVER $1,500",02/11/2020 03:39:00 PM,IMPROPER OVERTAKING/PASSING,IMPROPER TURNING/NO SIGNAL,,2,NO INDICATION OF INJURY,0.0,0.0,0.0,0.0,0.0,5.0,0.0,15,3,2,41.752380577,-87.633651512,POINT (-87.633651511712 41.752380577223),POINT (1175168.516114775 1853134.7570038573),2020,7811 S VINCENNES AVE
O939700,DRIVER,75966cc617562a54971e74d9d7af209873023f2b4dba438a1786dc911aa1ef7b28c37a50b5f625fdac0e20f6d0f463862f024c4d7bfed38ae82c8d994fa6a79c,890818.0,M,45.0,DID NOT DEPLOY,NONE,NO INDICATION OF INJURY,NONE,NOT OBSCURED,NORMAL,,,,Y,2020-08-16 12:35:00,25,CLEAR,DAYLIGHT,REAR TO SIDE,DIVIDED - W/MEDIAN (NOT RAISED),DRY,NO DEFECTS,ON SCENE,NO INJURY / DRIVE AWAY,,"$501 - $1,500",08/16/2020 12:37:00 PM,IMPROPER BACKING,NOT APPLICABLE,,2,NO INDICATION OF INJURY,0.0,0.0,0.0,0.0,0.0,2.0,0.0,12,1,8,41.815745928,-87.668949764,POINT (-87.668949763959 41.815745927679),POINT (1165358.4039105673 1876148.2860708141),2020,4300 S HERMITAGE AVE
O920205,DRIVER,1b6c7abe3070526e68a271978043d756fe7349a2d07490720a1ce6e42df809e79702295ea02f03b7d4c0c90ff228ddc94cfcab85f33d064da7c06077f398b909,872407.0,M,20.0,DID NOT DEPLOY,NONE,NO INDICATION OF INJURY,FAILED TO YIELD,UNKNOWN,NORMAL,,,,,2020-07-17 13:34:00,30,CLEAR,DAYLIGHT,SIDESWIPE SAME DIRECTION,NOT DIVIDED,DRY,NO DEFECTS,ON SCENE,NO INJURY / DRIVE AWAY,,"OVER $1,500",07/17/2020 01:34:00 PM,FAILING TO YIELD RIGHT-OF-WAY,NOT APPLICABLE,,2,NO INDICATION OF INJURY,0.0,0.0,0.0,0.0,0.0,3.0,0.0,13,6,7,41.888477878,-87.642722737,POINT (-87.642722736941 41.888477877571),POINT (1172294.6742152586 1902707.9843400524),2020,365 N JEFFERSON ST