PERSON_ID,PERSON_TYPE,CRASH_RECORD_ID,VEHICLE_ID,SEX,AGE,AIRBAG_DEPLOYED,EJECTION,INJURY_CLASSIFICATION,DRIVER_ACTION,DRIVER_VISION,PHYSICAL_CONDITION,PEDPEDAL_ACTION,PEDPEDAL_VISIBILITY,PEDPEDAL_LOCATION,CRASH_DATE_EST_I,CRASH_DATE,POSTED_SPEED_LIMIT,WEATHER_CONDITION,LIGHTING_CONDITION,FIRST_CRASH_TYPE,TRAFFICWAY_TYPE,ROADWAY_SURFACE_COND,ROAD_DEFECT,REPORT_TYPE,CRASH_TYPE,HIT_AND_RUN_I,DAMAGE,DATE_POLICE_NOTIFIED,PRIM_CONTRIBUTORY_CAUSE,SEC_CONTRIBUTORY_CAUSE,DOORING_I,NUM_UNITS,MOST_SEVERE_INJURY,INJURIES_TOTAL,INJURIES_FATAL,INJURIES_INCAPACITATING,INJURIES_NON_INCAPACITATING,INJURIES_REPORTED_NOT_EVIDENT,INJURIES_NO_INDICATION,INJURIES_UNKNOWN,CRASH_HOUR,CRASH_DAY_OF_WEEK,CRASH_MONTH,LATITUDE,LONGITUDE,LOCATION,geometry,YEAR,ADDRESS
O933365,DRIVER,6300affb88bd2c03e8f42a7e6efc7bacef957d90ceec9d62b54220dd3e2b0c1355140f1b7e9795701ddf386b8a9390d3f2edc2a2fefec0cd02e6478140c5e56d,884840.0,F,35.0,DID NOT DEPLOY,NONE,NO INDICATION OF INJURY,NONE,NOT OBSCURED,NORMAL,,,,,2020-08-06 16:30:00,10,CLEAR,DAYLIGHT,REAR TO SIDE,PARKING LOT,DRY,NO DEFECTS,NOT ON SCENE (DESK REPORT),NO INJURY / DRIVE AWAY,,"$501 - $1,500",08/07/2020 09:00:00 AM,IMPROPER BACKING,NOT APPLICABLE,,2,NO INDICATION OF INJURY,0.0,0.0,0.0,0.0,0.0,2.0,0.0,16,5,8,41.926296956,-87.785694824,POINT (-87.785694823992 41.926296956326),POINT (1133277.02148024 1916208.3653698894),2020,2520 N NARRAGANSETT AVE
O830839,DRIVER,45eb22f0de8a90e828028d18ab9de5072394123254e64ca34eba085d42267934aa288cfaddafefb48e51348c343d814c535dcae2abee227d2c38659dfaef7127,788600.0,F,33.0,NOT APPLICABLE,NONE,NO INDICATION OF INJURY,IMPROPER TURN,UNKNOWN,UNKNOWN,,,,,2020-01-27 18:44:00,30,CLEAR,"DARKNESS, LIGHTED ROAD",TURNING,RAMP,DRY,NO DEFECTS,NOT ON SCENE (DESK REPORT),NO INJURY / DRIVE AWAY,,"$501 - $1,500",01/27/2020 08:00:00 PM,IMPROPER OVERTAKING/PASSING,"VISION OBSCURED (SIGNS, TREE LIMBS, BUILDINGS, ETC.)",,2,NO INDICATION OF INJURY,0.0,0.0,0.0,0.0,0.0,2.0,0.0,18,2,1,41.892410666,-87.63720268,POINT (-87.637202679986 41.892410665824),POINT (1173786.0985237793 1904153.236933301),2020,600 N ORLEANS ST
O818521,DRIVER,70819b88a5cba17029cc4d2651060aa2d9f000b9002190155b5358418d319e8801a497baf2334bad42588ff77bc6e77b9fa421075fe7d885b8451630d047115e,777094.0,M,36.0,DID NOT DEPLOY,NONE,NO INDICATION OF INJURY,FAILED TO YIELD,UNKNOWN,NORMAL,,,,,2020-01-09 07:40:00,30,CLEAR,DAWN,TURNING,FOUR WAY,DRY,NO DEFECTS,ON SCENE,INJURY AND / OR TOW DUE TO CRASH,,"OVER $1,500",01/09/2020 07:45:00 AM,FAILING TO YIELD RIGHT-OF-WAY,UNABLE TO DETERMINE,,2,NO INDICATION OF INJURY,0.0,0.0,0.0,0.0,0.0,2.0,0.0,7,5,1,41.928624641,-87.691658455,POINT (-87.691658455464 41.928624641221),POINT (1158860.5819711345 1917234.044783483),2020,2534 W LOGAN BLVD
O859235,DRIVER,0a9d068c8ad8b818023c8e99025e8ee9adfb84a644e6ffa6f9f10d746716405f7e294647367de3ffd35c3a73219a68142847807ea6385fc1c3984e344b1e1085,815332.0,M,54.0,DID NOT DEPLOY,NONE,NO INDICATION OF INJURY,UNKNOWN,UNKNOWN,UNKNOWN,,,,,2020-03-10 09:49:00,35,CLEAR,DAYLIGHT,SIDESWIPE SAME DIRECTION,UNKNOWN,UNKNOWN,UNKNOWN,NOT ON SCENE (DESK REPORT),NO INJURY / DRIVE AWAY,,"$501 - $1,500",03/10/2020 12:20:00 PM,UNABLE TO DETERMINE,UNABLE TO DETERMINE,,2,NO INDICATION OF INJURY,0.0,0.0,0.0,0.0,0.0,3.0,0.0,9,3,3,41.793492646,-87.61187597,POINT (-87.611875970136 41.793492645897),POINT (1180984.6568148327 1868164.7664332106),2020,536 E MORGAN DR
O935632,DRIVER,70b51632dd38bd405a95a5bd2ffef595a90f5eb94c9c31e9692a2dcad129be18d4dbc3026c28c8c35ec6c9fb55b9fd666c57913294a44606117724f35ba4559b,886966.0,M,44.0,NOT APPLICABLE,NONE,NO INDICATION OF INJURY,UNKNOWN,UNKNOWN,NORMAL,,,,,2020-08-10 14:45:00,30,CLEAR,DAYLIGHT,REAR END,ONE-WAY,DRY,UNKNOWN,NOT ON SCENE (DESK REPORT),NO INJURY / DRIVE AWAY,,"$501 - $1,500",08/10/2020 04:33:00 PM,UNABLE TO DETERMINE,UNABLE TO DETERMINE,,2,NO INDICATION OF INJURY,0.0,0.0,0.0,0.0,0.0,2.0,0.0,14,2,8,41.968464748,-87.715958076,POINT (-87.715958075667 41.968464747738),POINT (1152143.6422258348 1931703.3442452827),2020,4800 N ST LOUIS AVE
O988490,DRIVER,713c9a16f4fde9509c6576cfd468c7187e141ee613fe286249fbe93c3f299658755b2744e0377829bc84ab05b3d62c8576c2e83e231eb6554d86610589a14a89,936741.0,M,36.0,DID NOT DEPLOY,NONE,NO INDICATION OF INJURY,NONE,NOT OBSCURED,NORMAL,,,,,2020-11-04 08:30:00,30,CLEAR,DAYLIGHT,TURNING,NOT DIVIDED,DRY,NO DEFECTS,NOT ON SCENE (DESK REPORT),NO INJURY / DRIVE AWAY,,"OVER $1,500",11/04/2020 09:14:00 AM,FAILING TO YIELD RIGHT-OF-WAY,FAILING TO YIELD RIGHT-OF-WAY,,2,NO INDICATION OF INJURY,0.0,0.0,0.0,0.0,0.0,2.0,0.0,8,4,11,41.792284143,-87.790672108,POINT (-87.790672108077 41.792284142832),POINT (1132231.2133803538 1867365.929722176),2020,6738 W ARCHER AVE
O959957,DRIVER,b84941b4068918b1e410f1915e404c0533041605e616c20188fbd3f16907460ea4927a9b7dfffaccfe55453907378b80180f1d67c91611f199047f8b0cf18b01,909839.0,M,,DEPLOYMENT UNKNOWN,NONE,NO INDICATION OF INJURY,UNKNOWN,UNKNOWN,UNKNOWN,,,,,2020-09-17 13:00:00,30,CLEAR,DAYLIGHT,PEDALCYCLIST,NOT DIVIDED,DRY,NO DEFECTS,NOT ON SCENE (DESK REPORT),INJURY AND / OR TOW DUE TO CRASH,Y,$500 OR LESS,09/17/2020 04:47:00 PM,UNABLE TO DETERMINE,UNABLE TO DETERMINE,,2,NONINCAPACITATING INJURY,1.0,0.0,0.0,1.0,0.0,1.0,0.0,13,5,9,41.750708924,-87.633234622,POINT (-87.633234621523 41.750708924297),POINT (1175287.227994402 1852526.5468728459),2020,7900 S HARVARD AVE
O971649,DRIVER,a8bd942e7e9bf4eedebed11e9fd0fd1f7f1260729d1f8882b9976468e9a6aaf8c7b3ceb12437c9829fb99de1eccc0c6edca4d14e6c5f1667eb0825a790ea175f,920850.0,X,,DEPLOYMENT UNKNOWN,NONE,NO INDICATION OF INJURY,UNKNOWN,UNKNOWN,UNKNOWN,,,,,2020-10-06 00:01:00,30,CLEAR,DARKNESS,PARKED MOTOR VEHICLE,ONE-WAY,DRY,NO DEFECTS,ON SCENE,NO INJURY / DRIVE AWAY,Y,"OVER $1,500",10/06/2020 09:05:00 AM,UNABLE TO DETERMINE,NOT APPLICABLE,,2,NO INDICATION OF INJURY,0.0,0.0,0.0,0.0,0.0,1.0,0.0,0,3,10,41.89813877,-87.70131858,POINT (-87.701318579551 41.89813877038),POINT (1156313.7488855892 1906105.446670665),2020,2948 W WALTON ST
O904499,DRIVER,18410dc5e72eaf8c18104aeee7b2cda3cedfad7c2fdd62fc95bd4d662ea1469e6ee4751fa8897fff7255aad15d5288a98ba7542a051bf5fb1b1257a46b1be038,857653.0,F,,NOT APPLICABLE,NONE,NO INDICATION OF INJURY,UNKNOWN,NOT OBSCURED,NORMAL,,,,,2020-06-21 17:30:00,30,CLEAR,DAYLIGHT,REAR TO SIDE,NOT DIVIDED,DRY,NO DEFECTS,NOT ON SCENE (DESK REPORT),NO INJURY / DRIVE AWAY,,"OVER $1,500",06/22/2020 05:30:00 PM,UNABLE TO DETERMINE,NOT APPLICABLE,,2,NO INDICATION OF INJURY,0.0,0.0,0.0,0.0,0.0,2.0,0.0,17,1,6,41.85466261,-87.652955685,POINT (-87.652955684759 41.854662610476),POINT (1169606.026024984 1890363.4930791147),2020,1036 W 20TH PL
O844580,DRIVER,cfe14af51ba4dda77327b320034c716487a55721f46d735f18eb60c0afc1cbb916abdef0da008e0559d2ccaa1fb689dc8bc857c5228fd51becd4aa23cad44f82,801521.0,F,,DEPLOYMENT UNKNOWN,NONE,NO INDICATION OF INJURY,IMPROPER LANE CHANGE,UNKNOWN,UNKNOWN,,,,,2020-02-17 14:13:00,30,RAIN,DAYLIGHT,PARKED MOTOR VEHICLE,ONE-WAY,WET,NO DEFECTS,ON SCENE,NO INJURY / DRIVE AWAY,Y,$500 OR LESS,02/17/2020 02:13:00 PM,IMPROPER LANE USAGE,NOT APPLICABLE,,2,NO INDICATION OF INJURY,0.0,0.0,0.0,0.0,0.0,2.0,0.0,14,2,2,41.815800595,-87.621239419,POINT (-87.621239418898 41.815800595317),POINT (1178363.9683745543 1876272.3729450766),2020,4325 S INDIANA AVE
O817810,DRIVER,7a574a12a588a8b2b3573dfdbe4abd4db9beb634794b7fdf6ff200a8f3d29644302ef2a40bbd78212cf8d15b60a6883ed180403e0e9da0bafab36dcb0355d296,776412.0,F,24.0,"DEPLOYED, FRONT",NONE,NO INDICATION OF INJURY,IMPROPER TURN,UNKNOWN,NORMAL,,,,,2020-01-07 17:33:00,30,CLEAR,"DARKNESS, LIGHTED ROAD",TURNING,FOUR WAY,DRY,NO DEFECTS,ON SCENE,INJURY AND / OR TOW DUE TO CRASH,,"OVER $1,500",01/07/2020 05:33:00 PM,IMPROPER TURNING/NO SIGNAL,FAILING TO YIELD RIGHT-OF-WAY,,2,NO INDICATION OF INJURY,0.0,0.0,0.0,0.0,0.0,5.0,0.0,17,3,1,41.80122506,-87.664920958,POINT (-87.664920957694 41.801225060191),POINT (1166497.7993860103 1870865.4797474083),2020,5100 S ASHLAND AVE
O954584,DRIVER,fc4bcd76c229bd8b341985a60706fa6b77856f50e5ca4981ee5bb9b5be0b8e8c550705da48e79030d7d2b56225535b902a1c91082c0aa10158178c530a32667b,904781.0,M,,NOT APPLICABLE,NONE,NO INDICATION OF INJURY,FAILED TO YIELD,NOT OBSCURED,NORMAL,,,,,2020-09-08 18:15:00,30,RAIN,DARKNESS,TURNING,NOT DIVIDED,WET,NO DEFECTS,ON SCENE,INJURY AND / OR TOW DUE TO CRASH,,"$501 - $1,500",09/08/2020 06:35:00 PM,FAILING TO YIELD RIGHT-OF-WAY,UNABLE TO DETERMINE,,2,NO INDICATION OF INJURY,0.0,0.0,0.0,0.0,0.0,3.0,0.0,18,3,9,41.800079232,-87.73319335,POINT (-87.733193349553 41.800079231633),POINT (1147885.6376891963 1870310.5842489554),2020,5173 S ARCHER AVE
O824607,DRIVER,59638d71c267b5472d8b87071513fa1894d474e229da0fc0b631574a83ced91ccd884e638742b1dcfaf0e0bde60cd5ee48bce9fb7d77a4376af9ef2166901334,782782.0,M,,DEPLOYMENT UNKNOWN,NONE,NO INDICATION OF INJURY,IMPROPER BACKING,UNKNOWN,UNKNOWN,,,,,2020-01-18 01:55:00,20,OTHER,DARKNESS,REAR TO SIDE,PARKING LOT,DRY,NO DEFECTS,ON SCENE,NO INJURY / DRIVE AWAY,Y,$500 OR LESS,01/18/2020 01:57:00 AM,UNABLE TO DETERMINE,NOT APPLICABLE,,2,NO INDICATION OF INJURY,0.0,0.0,0.0,0.0,0.0,2.0,0.0,1,7,1,42.015011703,-87.66452241,POINT (-87.664522410089 42.015011703352),POINT (1165999.0370117445 1948770.3261308968),2020,7331 N SHERIDAN RD
P222084,PASSENGER,ca05d0dc5a03fc35b9ca8282456596f17b0d0e5fef75680dcf27ff32c1cae79e76100331a412c90241d93c67ace718fbdc73e203cf95b2d65a61666648fbb79b,925128.0,X,,DID NOT DEPLOY,NONE,NO INDICATION OF INJURY,,,,,,,,2020-10-13 17:00:00,30,CLEAR,DAYLIGHT,REAR END,NOT DIVIDED,DRY,NO DEFECTS,NOT ON SCENE (DESK REPORT),NO INJURY / DRIVE AWAY,Y,"OVER $1,500",10/13/2020 05:30:00 PM,FOLLOWING TOO CLOSELY,FOLLOWING TOO CLOSELY,,4,NO INDICATION OF INJURY,0.0,0.0,0.0,0.0,0.0,8.0,0.0,17,3,10,41.7796575,-87.644930993,POINT (-87.644930992789 41.779657500363),POINT (1172011.176372956 1863049.4199626115),2020,6300 S HALSTED ST
P205263,PASSENGER,9dfcc21f139cf812c623007e35ee28f58ebd3be8a296123d8429a121e9294b56d3d0a04403aa701baa6714f25afcdf443093138e6e6716af1e28d59046a0d197,852464.0,M,28.0,DID NOT DEPLOY,NONE,NO INDICATION OF INJURY,,,,,,,,2020-06-12 14:40:00,30,CLEAR,DAYLIGHT,TURNING,FOUR WAY,DRY,NO DEFECTS,NOT ON SCENE (DESK REPORT),NO INJURY / DRIVE AWAY,,"$501 - $1,500",06/13/2020 12:00:00 PM,DISREGARDING STOP SIGN,NOT APPLICABLE,,2,NO INDICATION OF INJURY,0.0,0.0,0.0,0.0,0.0,3.0,0.0,14,6,6,41.877784184,-87.737974374,POINT (-87.737974373772 41.877784184049),POINT (1146385.760549288 1898616.8749064575),2020,200 S KILBOURN AVE
O833608,PEDESTRIAN,1a46ae8c88455ca7bae0b929027c934749a81cd0024a483e855e4814e1e0f8039ea855186f5fc21e83c0cb00a265c1699af812bdca28381cd240fec0a7a416bc,,M,35.0,,,NONINCAPACITATING INJURY,OTHER,NOT OBSCURED,NORMAL,CROSSING - NO CONTROLS (NOT AT INTERSECTION),NO CONTRASTING CLOTHING,IN ROADWAY,,2020-02-01 15:53:00,30,CLEAR,DUSK,PEDESTRIAN,NOT DIVIDED,DRY,NO DEFECTS,ON SCENE,INJURY AND / OR TOW DUE TO CRASH,,"$501 - $1,500",02/01/2020 03:53:00 PM,DISREGARDING ROAD MARKINGS,NOT APPLICABLE,,2,NONINCAPACITATING INJURY,1.0,0.0,0.0,1.0,0.0,1.0,0.0,15,7,2,41.924712414,-87.717057351,POINT (-87.717057351489 41.924712414194),POINT (1151959.3296096048 1915757.7233300263),2020,3600 W FULLERTON AVE
O994100,DRIVER,5938dddca1a5bd38f628b49d39532786b38f01cd849a9d276ae86ddfaaacf713a9a2670d4f6bd44abff2b8d03ba464db4e6cfd9f07843659fc986d2997622429,942022.0,M,39.0,DEPLOYMENT UNKNOWN,NONE,NO INDICATION OF INJURY,IMPROPER TURN,UNKNOWN,UNKNOWN,,,,,2020-11-14 12:20:00,35,CLEAR,DAYLIGHT,TURNING,NOT DIVIDED,DRY,NO DEFECTS,ON SCENE,NO INJURY / DRIVE AWAY,,"OVER $1,500",11/14/2020 12:40:00 PM,FAILING TO YIELD RIGHT-OF-WAY,IMPROPER LANE USAGE,,2,NO INDICATION OF INJURY,0.0,0.0,0.0,0.0,0.0,2.0,0.0,12,7,11,41.666724886,-87.544358678,POINT (-87.544358678004 41.666724886243),POINT (1199819.5365328223 1822133.5251040189),2020,12559 S BURLEY AVE
O927693,DRIVER,cc51818edddea639c4dce859cdf8f7b57fc84e8339bb65262459b4099f8e3c570d21fb318beab40a519df5f6b2f23ebe16fedd32d1e87d7936ba7f2ade8c2829,879524.0,M,28.0,DID NOT DEPLOY,NONE,NO INDICATION OF INJURY,UNKNOWN,UNKNOWN,NORMAL,,,,,2020-07-29 14:30:00,30,CLEAR,DAYLIGHT,TURNING,FOUR WAY,DRY,NO DEFECTS,ON SCENE,NO INJURY / DRIVE AWAY,,"OVER $1,500",07/29/2020 02:45:00 PM,UNABLE TO DETERMINE,NOT APPLICABLE,,2,NO INDICATION OF INJURY,0.0,0.0,0.0,0.0,0.0,2.0,0.0,14,4,7,41.95346817,-87.752305934,POINT (-87.752305934094 41.953468170031),POINT (1142295.9511936458 1926169.4093508362),2020,5000 W IRVING PARK RD
O818175,DRIVER,2f88062dfa7aeaae23d595394c0dbb7454ecc26ab403b4487b571b0ded236cec6d540fd076dc19bed898d4aa161ba6e458cc21880ae273295b5afca5a05f883b,776760.0,M,23.0,DID NOT DEPLOY,NONE,NO INDICATION OF INJURY,NONE,NOT OBSCURED,NORMAL,,,,,2020-01-08 09:45:00,30,CLEAR,DAYLIGHT,TURNING,NOT DIVIDED,DRY,NO DEFECTS,NOT ON SCENE (DESK REPORT),NO INJURY / DRIVE AWAY,,"OVER $1,500",01/08/2020 03:20:00 PM,UNABLE TO DETERMINE,UNABLE TO DETERMINE,,2,NO INDICATION OF INJURY,0.0,0.0,0.0,0.0,0.0,2.0,0.0,9,4,1,41.961700771,-87.666123724,POINT (-87.666123723744 41.961700771284),POINT (1165715.2256962308 1929340.1214691792),2020,4400 N CLARK ST
O822331,DRIVER,5b84f7aef407032ca9b4d64799c79557894e635c3e868c53931628aed2b88792208f75d8b919f5dac4cd18e7b405fb59bacb5723feaa496716055babbd17ab4b,780717.0,F,52.0,DID NOT DEPLOY,NONE,"REPORTED, NOT EVIDENT",NONE,NOT OBSCURED,NORMAL,,,,,2020-01-14 17:10:00,30,CLEAR,"DARKNESS, LIGHTED ROAD",TURNING,DIVIDED - W/MEDIAN (NOT RAISED),DRY,NO DEFECTS,ON SCENE,INJURY AND / OR TOW DUE TO CRASH,Y,"OVER $1,500",01/14/2020 05:30:00 PM,FOLLOWING TOO CLOSELY,UNABLE TO DETERMINE,,2,"REPORTED, NOT EVIDENT",1.0,0.0,0.0,0.0,1.0,1.0,0.0,17,3,1,41.935375129,-87.663808666,POINT (-87.663808666303 41.935375129207),POINT (1166419.8076634994 1919751.8835337725),2020,2936 N SOUTHPORT AVE
O887138,DRIVER,1ab2a489f23cefbfadba3b1250f6c8808b96bd0d1b449b3a41c35f436b1c27870f2e7e68e737f692f478bb86cc194b95f0720650e07aa47953b3b431e09c1f2a,841579.0,F,34.0,NOT APPLICABLE,NONE,NO INDICATION OF INJURY,NONE,NOT OBSCURED,NORMAL,,,,,2020-05-22 12:45:00,30,CLEAR,DAYLIGHT,SIDESWIPE SAME DIRECTION,DIVIDED - W/MEDIAN (NOT RAISED),DRY,NO DEFECTS,NOT ON SCENE (DESK REPORT),NO INJURY / DRIVE AWAY,,"$501 - $1,500",05/22/2020 01:00:00 PM,IMPROPER LANE USAGE,NOT APPLICABLE,,2,NO INDICATION OF INJURY,0.0,0.0,0.0,0.0,0.0,2.0,0.0,12,6,5,41.92369751,-87.804977184,POINT (-87.804977183639 41.923697510241),POINT (1128035.5979591834 1915228.2028242636),2020,7161 W GRAND AVE
O904657,DRIVER,2cffcf7c903f34539d7627b425906e2187828e31bc6a76e59325e2be9cbbf464607ca2d68176693488fbeb6b0eb90c2da213b5e12217348bee04d998607aba9b,857814.0,M,0.0,NOT APPLICABLE,NONE,NO INDICATION OF INJURY,NONE,UNKNOWN,NORMAL,,,,,2020-06-22 20:30:00,30,RAIN,"DARKNESS, LIGHTED ROAD",TURNING,PARKING LOT,WET,NO DEFECTS,NOT ON SCENE (DESK REPORT),NO INJURY / DRIVE AWAY,Y,"$501 - $1,500",06/22/2020 09:10:00 PM,NOT APPLICABLE,NOT APPLICABLE,,2,NO INDICATION OF INJURY,0.0,0.0,0.0,0.0,0.0,2.0,0.0,20,2,6,41.755790457,-87.658875122,POINT (-87.65887512225 41.755790457308),POINT (1168276.1035225352 1854322.323443835),2020,7600 S LOOMIS BLVD
O974839,DRIVER,e5b3e6a26b8096fa137d69ea57bf6963381e92540450f1dec610b3a4157653b7f0bf4c3cf4c39b1d2288931addb54876a3a2d00469eca008f5a1188893e406ff,923803.0,F,38.0,NOT APPLICABLE,NONE,NO INDICATION OF INJURY,NONE,NOT OBSCURED,NORMAL,,,,,2020-10-11 10:20:00,30,CLEAR,DAYLIGHT,TURNING,DIVIDED - W/MEDIAN (NOT RAISED),DRY,NO DEFECTS,ON SCENE,NO INJURY / DRIVE AWAY,,"OVER $1,500",10/11/2020 10:22:00 AM,FAILING TO REDUCE SPEED TO AVOID CRASH,IMPROPER TURNING/NO SIGNAL,,2,NO INDICATION OF INJURY,0.0,0.0,0.0,0.0,0.0,3.0,0.0,10,1,10,41.903561736,-87.660688992,POINT (-87.660688992137 41.903561736471),POINT (1167359.5681805885 1908165.6819829461),2020,1300 W DIVISION ST
P201667,PASSENGER,f176fae5a36f67d8a22c2875aad5352769adaaff8ecaff2917f3eb513e533e3d34f7d3a86f7a64590a844eb6772f64c84e1d8c5bde52c65e5a34b984235caa7e,837540.0,M,30.0,NOT APPLICABLE,NONE,NO INDICATION OF INJURY,,,,,,,,2020-05-12 17:22:00,30,CLEAR,DAYLIGHT,PARKED MOTOR VEHICLE,ALLEY,DRY,NO DEFECTS,ON SCENE,INJURY AND / OR TOW DUE TO CRASH,,"OVER $1,500",05/12/2020 05:22:00 PM,UNABLE TO DETERMINE,UNABLE TO DETERMINE,,2,NO INDICATION OF INJURY,0.0,0.0,0.0,0.0,0.0,3.0,0.0,17,3,5,41.802293757,-87.683542384,POINT (-87.683542384309 41.802293757248),POINT (1161417.5545098633 1871215.9737662654),2020,5019 S WESTERN BLVD
O842762,DRIVER,fb706d4dbfae4a63b1fb3b51af7a3cca78364d88da1e357bdcffd3ff182a8b07bc493dfabc0236b1547614cd172053ceabfc287f1c1361dd2982766f02e6fa20,799802.0,M,33.0,NOT APPLICABLE,NONE,NO INDICATION OF INJURY,NONE,NOT OBSCURED,NORMAL,,,,,2020-02-14 17:39:00,15,OTHER,DARKNESS,SIDESWIPE OPPOSITE DIRECTION,NOT DIVIDED,SNOW OR SLUSH,NO DEFECTS,ON SCENE,NO INJURY / DRIVE AWAY,,"OVER $1,500",02/14/2020 05:48:00 PM,WEATHER,NOT APPLICABLE,,2,NO INDICATION OF INJURY,0.0,0.0,0.0,0.0,0.0,2.0,0.0,17,6,2,41.917636745,-87.727944979,POINT (-87.727944979441 41.917636744938),POINT (1149014.6314321011 1913158.236056881),2020,2014 N KEYSTONE AVE
O962152,DRIVER,477d1cb78596322c4cbc0b6d85d5058f3ca5e079cc86cdfdc1185ecb41e5c851f6b36c97880a391e73511a15a461ed65062459ced734a41174d1dcdcbe593dbe,911880.0,F,54.0,NOT APPLICABLE,NONE,NO INDICATION OF INJURY,NONE,MOVING VEHICLES,NORMAL,,,,,2020-09-21 08:00:00,20,CLEAR,DAYLIGHT,PEDESTRIAN,NOT DIVIDED,DRY,UNKNOWN,ON SCENE,INJURY AND / OR TOW DUE TO CRASH,,"$501 - $1,500",09/21/2020 08:06:00 AM,NOT APPLICABLE,NOT APPLICABLE,,2,NONINCAPACITATING INJURY,1.0,0.0,0.0,1.0,0.0,1.0,0.0,8,2,9,41.866337649,-87.62398187,POINT (-87.623981870216 41.866337648808),POINT (1177464.2877495969 1894681.7317691667),2020,1241 S MICHIGAN AVE
O893088,DRIVER,744bf39a303bf2cf3adc45c265ac33ed14726255762dbd981ca9295ed889ce3c87f09de11d572c2e8aa5163eed9650c2658508b85b98e26494811dde532ee450,847036.0,F,29.0,DEPLOYMENT UNKNOWN,UNKNOWN,NO INDICATION OF INJURY,UNKNOWN,UNKNOWN,UNKNOWN,,,,,2020-05-31 14:00:00,30,CLEAR,DAYLIGHT,REAR TO SIDE,UNKNOWN,UNKNOWN,UNKNOWN,NOT ON SCENE (DESK REPORT),NO INJURY / DRIVE AWAY,Y,"OVER $1,500",06/02/2020 09:30:00 PM,NOT APPLICABLE,NOT APPLICABLE,,2,NO INDICATION OF INJURY,0.0,0.0,0.0,0.0,0.0,2.0,0.0,14,1,5,41.731892956,-87.544482121,POINT (-87.544482120872 41.731892955613),POINT (1199568.3049188382 1845879.7256051735),2020,9000 S BUFFALO AVE
O854129,DRIVER,460b81f07ea9399d8e72daf524c6a8334de60eeb5f09e56fa6f25e99812d3b147572f955cd2c7b6ecd29cead9f22f7945981ae9ee5561dbb25fef3ae87a2d35c,810547.0,F,,DID NOT DEPLOY,NONE,NO INDICATION OF INJURY,UNKNOWN,UNKNOWN,UNKNOWN,,,,,2020-03-02 13:00:00,30,CLEAR,DAYLIGHT,SIDESWIPE SAME DIRECTION,ALLEY,DRY,NO DEFECTS,NOT ON SCENE (DESK REPORT),NO INJURY / DRIVE AWAY,Y,$500 OR LESS,03/02/2020 07:45:00 PM,UNABLE TO DETERMINE,NOT APPLICABLE,,2,NO INDICATION OF INJURY,0.0,0.0,0.0,0.0,0.0,2.0,0.0,13,2,3,41.89199316,-87.70760707,POINT (-87.707607070323 41.891993160485),POINT (1154618.0546242176 1903853.4400274912),2020,3224 W OHIO ST
O865986,DRIVER,dd5e7b91ef75f42c0e3ec7329b0a5faad64f9ad8421302002f69258335439de99e3ce33d4cef17e08c5c02dbff42241a2e4d3daa78fce137f6b6870b53181a10,821783.0,F,48.0,DID NOT DEPLOY,NONE,NO INDICATION OF INJURY,FAILED TO YIELD,UNKNOWN,NORMAL,,,,,2020-03-24 20:06:00,30,CLEAR,"DARKNESS, LIGHTED ROAD",TURNING,NOT DIVIDED,DRY,NO DEFECTS,ON SCENE,NO INJURY / DRIVE AWAY,,"$501 - $1,500",03/24/2020 08:07:00 PM,FAILING TO YIELD RIGHT-OF-WAY,UNABLE TO DETERMINE,,2,NO INDICATION OF INJURY,0.0,0.0,0.0,0.0,0.0,4.0,0.0,20,3,3,41.88019051,-87.774512642,POINT (-87.774512642122 41.880190510255),POINT (1136429.4469286096 1899426.8294739642),2020,1 N AUSTIN BLVD
O867904,DRIVER,3329ca56b9393d4b7c0fea1d189811177ef188fb5e7895e7148b9c5a88b140a8cf575544dc010a2e81373f24808cd011cda7a02aa5cddca3978a13d6241dc68d,823544.0,M,51.0,"DEPLOYED, FRONT",NONE,NONINCAPACITATING INJURY,OVERCORRECTED,NOT OBSCURED,NORMAL,,,,,2020-03-31 23:20:00,30,CLEAR,"DARKNESS, LIGHTED ROAD",FIXED OBJECT,NOT DIVIDED,DRY,NO DEFECTS,ON SCENE,INJURY AND / OR TOW DUE TO CRASH,,"OVER $1,500",03/31/2020 11:20:00 PM,FAILING TO REDUCE SPEED TO AVOID CRASH,NOT APPLICABLE,,1,NONINCAPACITATING INJURY,2.0,0.0,0.0,2.0,0.0,0.0,0.0,23,3,3,41.786749217,-87.67320247,POINT (-87.673202470126 41.786749217319),POINT (1164280.2748845336 1865573.1270375797),2020,1938 W 59TH ST