PERSON_ID,PERSON_TYPE,CRASH_RECORD_ID,VEHICLE_ID,SEX,AGE,AIRBAG_DEPLOYED,EJECTION,INJURY_CLASSIFICATION,DRIVER_ACTION,DRIVER_VISION,PHYSICAL_CONDITION,PEDPEDAL_ACTION,PEDPEDAL_VISIBILITY,PEDPEDAL_LOCATION,CRASH_DATE_EST_I,CRASH_DATE,POSTED_SPEED_LIMIT,WEATHER_CONDITION,LIGHTING_CONDITION,FIRST_CRASH_TYPE,TRAFFICWAY_TYPE,ROADWAY_SURFACE_COND,ROAD_DEFECT,REPORT_TYPE,CRASH_TYPE,HIT_AND_RUN_I,DAMAGE,DATE_POLICE_NOTIFIED,PRIM_CONTRIBUTORY_CAUSE,SEC_CONTRIBUTORY_CAUSE,DOORING_I,NUM_UNITS,MOST_SEVERE_INJURY,INJURIES_TOTAL,INJURIES_FATAL,INJURIES_INCAPACITATING,INJURIES_NON_INCAPACITATING,INJURIES_REPORTED_NOT_EVIDENT,INJURIES_NO_INDICATION,INJURIES_UNKNOWN,CRASH_HOUR,CRASH_DAY_OF_WEEK,CRASH_MONTH,LATITUDE,LONGITUDE,LOCATION,geometry,YEAR,ADDRESS
P219338,PASSENGER,baf9772f88a9962bf074169a87678fe5bb5139138a2e82400ed0d147ce75471976125c2face0273ebefa0046faec933193124255c13e270f22464e3cccc7c9ab,912630.0,F,15.0,DID NOT DEPLOY,NONE,NO INDICATION OF INJURY,,,,,,,,2020-09-22 14:50:00,30,CLEAR,DAYLIGHT,REAR END,DIVIDED - W/MEDIAN (NOT RAISED),DRY,UNKNOWN,NOT ON SCENE (DESK REPORT),NO INJURY / DRIVE AWAY,,"OVER $1,500",09/22/2020 03:05:00 PM,FOLLOWING TOO CLOSELY,UNABLE TO DETERMINE,,2,NO INDICATION OF INJURY,0.0,0.0,0.0,0.0,0.0,4.0,0.0,14,3,9,41.992815657,-87.711557399,POINT (-87.711557399318 41.99281565722),POINT (1153275.9867669644 1940585.5891664731),2020,6098 N LINCOLN AVE
O822967,DRIVER,36dede68c071268e57ad4cc97fc78094e0662e33fbfc784ec6dc360faeb137ea52fecc56b27962aba586accecd9faf4dcac8415eff55d8e594c5d4d9e8a93f73,781277.0,M,16.0,DID NOT DEPLOY,NONE,NO INDICATION OF INJURY,FAILED TO YIELD,NOT OBSCURED,NORMAL,,,,Y,2020-01-15 19:24:00,30,CLEAR,"DARKNESS, LIGHTED ROAD",REAR END,NOT DIVIDED,WET,NO DEFECTS,ON SCENE,NO INJURY / DRIVE AWAY,,$500 OR LESS,01/15/2020 07:24:00 PM,FOLLOWING TOO CLOSELY,DRIVING SKILLS/KNOWLEDGE/EXPERIENCE,,2,NO INDICATION OF INJURY,0.0,0.0,0.0,0.0,0.0,3.0,0.0,19,4,1,41.790704125,-87.703623051,POINT (-87.703623051069 41.790704124646),POINT (1155973.4081291691 1866952.0376209964),2020,5632 S KEDZIE AVE
P187564,PASSENGER,5d382fb81a5e9af1de9438ac545f51b4ce37f787bd55c7cb43d1390c426b64b04f7f9cc79a1a9f2df4fa38e5589d9cb484dbbff12c99f9d5dc239325c7ed9405,778321.0,M,48.0,NOT APPLICABLE,NONE,NO INDICATION OF INJURY,,,,,,,,2020-01-10 17:25:00,30,RAIN,DAYLIGHT,TURNING,DIVIDED - W/MEDIAN (NOT RAISED),WET,NO DEFECTS,ON SCENE,NO INJURY / DRIVE AWAY,,"OVER $1,500",01/10/2020 05:45:00 PM,UNABLE TO DETERMINE,NOT APPLICABLE,,2,NO INDICATION OF INJURY,0.0,0.0,0.0,0.0,0.0,3.0,0.0,17,6,1,41.952841747,-87.650600886,POINT (-87.650600885801 41.952841747291),POINT (1169962.8114611346 1926145.1150419887),2020,822 W SHERIDAN RD
O821050,DRIVER,f82ecb3eafccf7c2b892fff326fab838258c7b0759552d3d00bf0c084de3ac1e108bdef60386e73ad8e7df1172f7f475bde02a954c559e2840db266e68c420e9,779518.0,M,70.0,DID NOT DEPLOY,NONE,NO INDICATION OF INJURY,FAILED TO YIELD,UNKNOWN,NORMAL,,,,Y,2020-01-13 07:59:00,25,CLEAR,DAWN,SIDESWIPE SAME DIRECTION,ONE-WAY,WET,NO DEFECTS,ON SCENE,NO INJURY / DRIVE AWAY,,"$501 - $1,500",01/13/2020 08:05:00 AM,NOT APPLICABLE,NOT APPLICABLE,,2,NO INDICATION OF INJURY,0.0,0.0,0.0,0.0,0.0,2.0,0.0,7,2,1,41.976201139,-87.905309125,POINT (-87.905309125103 41.976201139024),POINT (1100635.8917230505 1934208.3565550821),2020,10000 W OHARE ST
P191653,PASSENGER,660d8cb14ad16fd65279913ab60e1cd281ebf218d53ca2f8e9a830fd88a304d7c102e2c0bb996f710ba4c5c787f5404b7ce082a52fcea431986f92b68b5d2f26,795952.0,M,7.0,"DEPLOYED, COMBINATION",NONE,NO INDICATION OF INJURY,,,,,,,,2020-02-09 09:57:00,30,CLEAR,DAYLIGHT,SIDESWIPE OPPOSITE DIRECTION,DIVIDED - W/MEDIAN (NOT RAISED),SNOW OR SLUSH,NO DEFECTS,ON SCENE,INJURY AND / OR TOW DUE TO CRASH,,"OVER $1,500",02/09/2020 09:57:00 AM,FAILING TO YIELD RIGHT-OF-WAY,NOT APPLICABLE,,2,NONINCAPACITATING INJURY,1.0,0.0,0.0,1.0,0.0,4.0,0.0,9,1,2,41.744409915,-87.568702835,POINT (-87.568702834959 41.744409915139),POINT (1192916.6483518693 1850381.1295577148),2020,8300 S CRANDON AVE
O829699,DRIVER,d52cb947e85274aaad77664517ccee38315bd2f6d62dc8b6d207816adb4fc49b52b28400290019116b7be7fa7d9eb9193351a26af360f5b2585bc01c066e4938,787581.0,F,50.0,NOT APPLICABLE,NONE,NO INDICATION OF INJURY,NONE,NOT OBSCURED,NORMAL,,,,,2020-01-25 17:00:00,35,CLEAR,DARKNESS,PARKED MOTOR VEHICLE,NOT DIVIDED,DRY,NO DEFECTS,NOT ON SCENE (DESK REPORT),NO INJURY / DRIVE AWAY,N,"OVER $1,500",01/25/2020 06:35:00 PM,NOT APPLICABLE,NOT APPLICABLE,,2,NO INDICATION OF INJURY,0.0,0.0,0.0,0.0,0.0,3.0,0.0,17,7,1,41.748352183,-87.611362221,POINT (-87.611362220501 41.748352183002),POINT (1181262.8322699293 1851717.0943085176),2020,8032 S RHODES AVE
O858583,DRIVER,b5cf77c6db70b3def5e8df8260c3b8cce8f22a10fbf80ea40ab6bce9e697252e7f7220e64ed80388e89ef02456a32840f40059c6305a5e9925251b5e6928b761,814700.0,F,38.0,DID NOT DEPLOY,NONE,NO INDICATION OF INJURY,NONE,NOT OBSCURED,NORMAL,,,,,2020-03-09 14:25:00,30,RAIN,DAYLIGHT,REAR END,NOT DIVIDED,WET,NO DEFECTS,NOT ON SCENE (DESK REPORT),NO INJURY / DRIVE AWAY,,"$501 - $1,500",03/09/2020 02:45:00 PM,IMPROPER BACKING,NOT APPLICABLE,,2,NO INDICATION OF INJURY,0.0,0.0,0.0,0.0,0.0,3.0,0.0,14,2,3,41.861540332,-87.663719124,POINT (-87.663719123932 41.86154033197),POINT (1166654.1696286 1892846.6668285285),2020,1499 S LAFLIN ST
O1003703,DRIVER,ae0772fd770ef0c38557d83a8b4810e03502428eee4e7ac5618cab57d18bde41aebe123d962cad6c303b6e591249d38164bc1ea7faaf8dfc69988226c9b491d3,951188.0,F,68.0,DID NOT DEPLOY,UNKNOWN,NO INDICATION OF INJURY,IMPROPER PASSING,UNKNOWN,NORMAL,,,,,2020-11-25 06:25:00,30,CLEAR,"DARKNESS, LIGHTED ROAD",ANGLE,ONE-WAY,DRY,NO DEFECTS,NOT ON SCENE (DESK REPORT),NO INJURY / DRIVE AWAY,,"$501 - $1,500",12/04/2020 10:15:00 AM,FAILING TO YIELD RIGHT-OF-WAY,IMPROPER OVERTAKING/PASSING,,2,NO INDICATION OF INJURY,0.0,0.0,0.0,0.0,0.0,2.0,0.0,6,4,11,41.887192057,-87.648828073,POINT (-87.648828072646 41.887192056643),POINT (1170635.9961253253 1902226.1113658322),2020,310 N GREEN ST
O1011005,DRIVER,880dc167a0da87dcbba1092363dcc0351f2c00ba183fba3f29caebae4c239857ea4bafae2d48a1c9f93c5793bf51dc6072bd7a1e578cc71cb4ac748f1f47a56c,958212.0,M,49.0,DID NOT DEPLOY,NONE,NO INDICATION OF INJURY,NONE,NOT OBSCURED,NORMAL,,,,Y,2020-12-18 17:00:00,40,CLEAR,"DARKNESS, LIGHTED ROAD",SIDESWIPE SAME DIRECTION,DIVIDED - W/MEDIAN BARRIER,DRY,NO DEFECTS,NOT ON SCENE (DESK REPORT),NO INJURY / DRIVE AWAY,,"OVER $1,500",12/18/2020 06:30:00 PM,IMPROPER OVERTAKING/PASSING,RELATED TO BUS STOP,,2,NO INDICATION OF INJURY,0.0,0.0,0.0,0.0,0.0,2.0,0.0,17,6,12,41.896804972,-87.617027423,POINT (-87.617027423234 41.896804972416),POINT (1179265.8956318714 1905799.736476907),2020,800 N LAKE SHORE DR NB
O996592,DRIVER,8bce05a1fff5039ed2a1dab7626546e569c16b7dcece1c40e81a912b1835daaeb1c45d300a605ae2e9bb411a8b5ee5126b9954e1512fc3dba7a20200b0b38837,944398.0,F,,NOT APPLICABLE,NONE,NO INDICATION OF INJURY,UNKNOWN,NOT OBSCURED,NORMAL,,,,,2020-11-19 17:00:00,30,CLEAR,"DARKNESS, LIGHTED ROAD",TURNING,FOUR WAY,DRY,NO DEFECTS,NOT ON SCENE (DESK REPORT),NO INJURY / DRIVE AWAY,,"OVER $1,500",11/19/2020 05:40:00 PM,UNABLE TO DETERMINE,UNABLE TO DETERMINE,,2,NO INDICATION OF INJURY,0.0,0.0,0.0,0.0,0.0,2.0,0.0,17,5,11,41.852782213,-87.623659001,POINT (-87.623659001232 41.852782212726),POINT (1177593.0613139665 1889742.8849437146),2020,2201 S MICHIGAN AVE
P192462,PASSENGER,84c94d957f3b5215e99ee5f72872b1ad66c6d83d88997a64f90873265812b5ef09def7008be610337d55ab48278aa4ce1d15daf0a40a21083828a00c7ff552b7,799254.0,F,13.0,DID NOT DEPLOY,NONE,NONINCAPACITATING INJURY,,,,,,,,2020-02-14 08:55:00,30,CLEAR,DAYLIGHT,REAR END,FOUR WAY,DRY,NO DEFECTS,ON SCENE,INJURY AND / OR TOW DUE TO CRASH,Y,$500 OR LESS,02/14/2020 08:57:00 AM,FAILING TO REDUCE SPEED TO AVOID CRASH,NOT APPLICABLE,,2,NONINCAPACITATING INJURY,6.0,0.0,0.0,6.0,0.0,1.0,0.0,8,6,2,41.808610681,-87.677236179,POINT (-87.677236179215 41.808610680668),POINT (1163119.398217325 1873530.8851618806),2020,2100 W 47TH ST
P189940,PASSENGER,50f11e6fdc046f60395846b47a1760e7908232d4d6d85988b3de36388f3bc70884a205a50955dd552478a2681c977735bb126ea9b84d09010068cdef681a5a4c,788386.0,F,,DID NOT DEPLOY,NONE,NO INDICATION OF INJURY,,,,,,,,2020-01-24 14:35:00,30,RAIN,DAYLIGHT,PARKED MOTOR VEHICLE,NOT DIVIDED,WET,NO DEFECTS,NOT ON SCENE (DESK REPORT),NO INJURY / DRIVE AWAY,,"$501 - $1,500",01/27/2020 02:40:00 PM,IMPROPER LANE USAGE,NOT APPLICABLE,,2,NO INDICATION OF INJURY,0.0,0.0,0.0,0.0,0.0,2.0,0.0,14,6,1,41.914123602,-87.798756668,POINT (-87.79875666767 41.914123602371),POINT (1129750.186657936 1911749.9588498673),2020,1850 N NEWLAND AVE
O908691,BICYCLE,5161a52bc662d13a2e1b06fd55ac112ca07caf612668e1a1f4b0ed825049a3df736b17d9d8650d5355f0c5b10f6fde62824d430c26cd4ef13e7273a8fe0c7364,,F,14.0,,NONE,NONINCAPACITATING INJURY,NONE,NOT OBSCURED,NORMAL,WITH TRAFFIC,NO CONTRASTING CLOTHING,BIKE LANE,,2020-06-29 16:05:00,30,RAIN,DAYLIGHT,PEDALCYCLIST,NOT DIVIDED,WET,NO DEFECTS,ON SCENE,INJURY AND / OR TOW DUE TO CRASH,,"OVER $1,500",06/29/2020 04:11:00 PM,FAILING TO YIELD RIGHT-OF-WAY,NOT APPLICABLE,,2,NONINCAPACITATING INJURY,1.0,0.0,0.0,1.0,0.0,1.0,0.0,16,2,6,41.848037617,-87.644489439,POINT (-87.644489438951 41.848037616632),POINT (1171931.8727748361 1887967.7529933793),2020,2449 S ARCHER AVE
O935738,DRIVER,e1c0c22356ae6f070c1941d8210c24c690810b86be9f81a40dd7955f559e3766a1a3ee2a84e8c5612a8a26f0143f4c211483c89406d1d20c0ba8c7bf085042ed,887062.0,F,30.0,DID NOT DEPLOY,NONE,NO INDICATION OF INJURY,OTHER,OTHER,NORMAL,,,,,2020-08-10 10:30:00,10,CLEAR,DAYLIGHT,FIXED OBJECT,ALLEY,DRY,NO DEFECTS,NOT ON SCENE (DESK REPORT),NO INJURY / DRIVE AWAY,,"$501 - $1,500",08/10/2020 06:30:00 PM,"VISION OBSCURED (SIGNS, TREE LIMBS, BUILDINGS, ETC.)",UNABLE TO DETERMINE,,1,NO INDICATION OF INJURY,0.0,0.0,0.0,0.0,0.0,1.0,0.0,10,2,8,41.92496955,-87.691938103,POINT (-87.691938102877 41.924969550129),POINT (1158794.447918809 1915901.554192511),2020,2544 W FULLERTON AVE
O906564,DRIVER,ac1c9657b463a577b5cb070e4edb1c31a8953abaf24c7843deb748fc5d1ef4bde0c3484fa7697b7aa58e401c3a8594be5dd71a86466de3a7a989449c8a50d6e3,859599.0,M,65.0,"DEPLOYED, FRONT",NONE,NO INDICATION OF INJURY,FOLLOWED TOO CLOSELY,UNKNOWN,ILLNESS/FAINTED,,,,,2020-06-26 09:20:00,30,RAIN,DAYLIGHT,REAR END,DIVIDED - W/MEDIAN (NOT RAISED),WET,NO DEFECTS,ON SCENE,INJURY AND / OR TOW DUE TO CRASH,,"OVER $1,500",06/26/2020 09:29:00 AM,FOLLOWING TOO CLOSELY,NOT APPLICABLE,,3,NONINCAPACITATING INJURY,2.0,0.0,0.0,1.0,1.0,2.0,0.0,9,6,6,41.92366978,-87.800019548,POINT (-87.800019547738 41.923669780217),POINT (1129384.8243955262 1915226.449815685),2020,6958 W GRAND AVE
O1012544,DRIVER,d84bd27febed28fc9076570cb130599b624da5da53aadcf37e00a13990645fdd559767611b763c483b007ac33a0b511322e0fbe77c5d6f440635a378ac2f6f7c,959634.0,F,51.0,DEPLOYMENT UNKNOWN,NONE,NO INDICATION OF INJURY,IMPROPER TURN,UNKNOWN,NORMAL,,,,,2020-12-21 17:10:00,20,RAIN,"DARKNESS, LIGHTED ROAD",PARKED MOTOR VEHICLE,ONE-WAY,WET,UNKNOWN,ON SCENE,INJURY AND / OR TOW DUE TO CRASH,,"OVER $1,500",12/21/2020 05:16:00 PM,DRIVING SKILLS/KNOWLEDGE/EXPERIENCE,NOT APPLICABLE,,2,NO INDICATION OF INJURY,0.0,0.0,0.0,0.0,0.0,2.0,0.0,17,2,12,41.904467806,-87.734011843,POINT (-87.734011842836 41.904467805961),POINT (1147396.9766311862 1908347.8728577625),2020,4304 W POTOMAC AVE
O973718,DRIVER,22b639a1f6ea2f7ad44175c9c4116620773199b68f67b06b1e3d8a4f6bbc9810e096138245fe5cf73dc65f97c3b867d528849d5a6434154b110b5ae1b9f1bd85,922763.0,F,23.0,DID NOT DEPLOY,NONE,NO INDICATION OF INJURY,NONE,NOT OBSCURED,NORMAL,,,,,2020-10-09 16:05:00,30,CLEAR,DAYLIGHT,ANGLE,FOUR WAY,DRY,NO DEFECTS,NOT ON SCENE (DESK REPORT),NO INJURY / DRIVE AWAY,,"OVER $1,500",10/09/2020 04:22:00 PM,FAILING TO YIELD RIGHT-OF-WAY,NOT APPLICABLE,,2,NO INDICATION OF INJURY,0.0,0.0,0.0,0.0,0.0,4.0,0.0,16,6,10,41.713672614,-87.674724753,POINT (-87.674724752501 41.713672613586),POINT (1164068.9475267788 1838941.5091247845),2020,9900 S HOYNE AVE
P214995,PASSENGER,1d1036830658a483e2063accf585dc3916fa911fed3ea67c79d9e887a040180a821a7f02918fb0663fafea5c3fa27c4cb250dceca74c3ec3916a0867a3bb63a1,892831.0,M,31.0,DID NOT DEPLOY,NONE,NO INDICATION OF INJURY,,,,,,,,2020-08-19 20:40:00,30,CLEAR,"DARKNESS, LIGHTED ROAD",TURNING,NOT DIVIDED,DRY,UNKNOWN,ON SCENE,INJURY AND / OR TOW DUE TO CRASH,,"OVER $1,500",08/19/2020 08:41:00 PM,DISREGARDING TRAFFIC SIGNALS,NOT APPLICABLE,,2,NONINCAPACITATING INJURY,2.0,0.0,0.0,1.0,1.0,4.0,0.0,20,4,8,41.910224299,-87.707036506,POINT (-87.707036505555 41.910224298601),POINT (1154724.9041518692 1910497.9986546389),2020,3200 W NORTH AVE
O963531,DRIVER,fe3143364ed7fad37cd64db5b0d570d6a7701edbb8f0ca2501f82f0c884ea3705340d267a1f774b95abceed951ab7e647ffea9d9b0db275217fc1fa8cdd346c2,913211.0,M,21.0,DID NOT DEPLOY,NONE,NO INDICATION OF INJURY,NONE,NOT OBSCURED,NORMAL,,,,,2020-09-23 14:28:00,30,CLEAR,DAYLIGHT,REAR END,NOT DIVIDED,DRY,NO DEFECTS,NOT ON SCENE (DESK REPORT),NO INJURY / DRIVE AWAY,,"OVER $1,500",09/23/2020 03:15:00 PM,FAILING TO REDUCE SPEED TO AVOID CRASH,UNABLE TO DETERMINE,,2,NO INDICATION OF INJURY,0.0,0.0,0.0,0.0,0.0,3.0,0.0,14,4,9,41.990611393,-87.676978432,POINT (-87.676978432275 41.990611392654),POINT (1162682.2667154525 1939852.4918029194),2020,1853 W PETERSON AVE
O824598,DRIVER,3915ed48cb7fa23ca4cc558d24919620b57e4e3be41296c5d639e9e0d7ecf0a0325e17ad772256d45e21cf86e3fbd3cc95d64034835efba9d726037dac6e56c8,782773.0,M,22.0,DID NOT DEPLOY,NONE,NO INDICATION OF INJURY,FAILED TO YIELD,NOT OBSCURED,NORMAL,,,,,2020-01-18 00:48:00,30,SNOW,"DARKNESS, LIGHTED ROAD",TURNING,T-INTERSECTION,SNOW OR SLUSH,UNKNOWN,ON SCENE,INJURY AND / OR TOW DUE TO CRASH,,"OVER $1,500",01/18/2020 12:48:00 AM,FAILING TO YIELD RIGHT-OF-WAY,WEATHER,,2,NO INDICATION OF INJURY,0.0,0.0,0.0,0.0,0.0,2.0,0.0,0,7,1,41.991976276,-87.681035876,POINT (-87.681035876085 41.991976275927),POINT (1161575.4435489292 1940341.435419032),2020,2030 W NORWOOD ST
P211919,PASSENGER,e42f6b3b16a132e9254de360a2fd9b86f1e396234dcf1d77ee6c67ac2c7df6a35928cc3b91afbf888e8b5ada29f350ffcf7389720ef7444ac45f781e472ccac4,879619.0,M,,NOT APPLICABLE,NONE,NO INDICATION OF INJURY,,,,,,,Y,2020-07-29 15:40:00,30,CLEAR,DAYLIGHT,REAR END,NOT DIVIDED,DRY,UNKNOWN,ON SCENE,NO INJURY / DRIVE AWAY,,$500 OR LESS,07/29/2020 03:44:00 PM,FAILING TO REDUCE SPEED TO AVOID CRASH,NOT APPLICABLE,,2,NO INDICATION OF INJURY,0.0,0.0,0.0,0.0,0.0,4.0,0.0,15,4,7,41.787326051,-87.633959542,POINT (-87.633959541892 41.787326050726),POINT (1174980.918863062 1865867.934249029),2020,328 W 59TH ST
O976090,DRIVER,073abe8668880293efdb609fcf9eb90821eee23e93d49b5f21a3b2b81e9689fc0d08c4ff3515bdf26b7eaa6aac1a7f6ba6d90c91690aea0bf8d3d5c095a35241,924998.0,M,48.0,"DEPLOYED, FRONT",NONE,NO INDICATION OF INJURY,FOLLOWED TOO CLOSELY,NOT OBSCURED,NORMAL,,,,,2020-10-13 14:35:00,30,CLEAR,DAYLIGHT,REAR END,ONE-WAY,DRY,NO DEFECTS,ON SCENE,INJURY AND / OR TOW DUE TO CRASH,,"OVER $1,500",10/13/2020 02:37:00 PM,FOLLOWING TOO CLOSELY,NOT APPLICABLE,,2,NO INDICATION OF INJURY,0.0,0.0,0.0,0.0,0.0,2.0,0.0,14,3,10,41.838227006,-87.630172641,POINT (-87.630172640708 41.838227006243),POINT (1175861.9074196198 1884424.411528654),2020,3100 S LA SALLE ST
O949157,DRIVER,7922e3ed22a59b9df94428f095071c8f7b8b94474531092ae3e8c169e6b64ec02a76667199db1f9c4aba13c33a471c28faa0878e888685ea29c2230c2d5aba47,899723.0,M,54.0,DID NOT DEPLOY,NONE,NO INDICATION OF INJURY,UNKNOWN,UNKNOWN,NORMAL,,,,,2020-08-31 10:00:00,30,CLEAR,DAYLIGHT,TURNING,NOT DIVIDED,DRY,NO DEFECTS,NOT ON SCENE (DESK REPORT),NO INJURY / DRIVE AWAY,,"OVER $1,500",08/31/2020 11:15:00 AM,UNABLE TO DETERMINE,UNABLE TO DETERMINE,,2,NO INDICATION OF INJURY,0.0,0.0,0.0,0.0,0.0,4.0,0.0,10,2,8,41.902940472,-87.706913513,POINT (-87.706913512682 41.902940471512),POINT (1154777.7653852762 1907844.0146273128),2020,3200 W DIVISION ST
O881380,DRIVER,86d76c4deb09fff577d6400efe9cc6b858cfa953800cb4bd8e7328896d588fe8c539e6de15cc8c0fa8a117cb1839837fd51b01bdc6117370b185eadceb36b30e,836139.0,F,,DID NOT DEPLOY,NONE,NO INDICATION OF INJURY,FAILED TO YIELD,UNKNOWN,UNKNOWN,,,,,2020-05-09 11:53:00,30,CLEAR,DAYLIGHT,ANGLE,FOUR WAY,DRY,WORN SURFACE,ON SCENE,INJURY AND / OR TOW DUE TO CRASH,Y,"OVER $1,500",05/09/2020 11:57:00 AM,UNABLE TO DETERMINE,UNABLE TO DETERMINE,,2,"REPORTED, NOT EVIDENT",1.0,0.0,0.0,0.0,1.0,2.0,0.0,11,7,5,41.795757165,-87.664781391,POINT (-87.664781390978 41.795757164868),POINT (1166551.349969658 1868873.308510678),2020,5400 S ASHLAND AVE
O876661,DRIVER,082227692851402791c07107b332882e60cc8018b611bc494117a552fe8e868166c2e5b9203bdf8d91bf3eec0c19684248efbf5acf5f544eb152586bdccb0f03,831686.0,X,,DEPLOYMENT UNKNOWN,NONE,NO INDICATION OF INJURY,FAILED TO YIELD,UNKNOWN,UNKNOWN,,,,,2020-04-27 05:10:00,30,CLEAR,"DARKNESS, LIGHTED ROAD",ANGLE,NOT DIVIDED,DRY,UNKNOWN,NOT ON SCENE (DESK REPORT),NO INJURY / DRIVE AWAY,Y,"OVER $1,500",04/28/2020 06:00:00 AM,FAILING TO YIELD RIGHT-OF-WAY,NOT APPLICABLE,,2,NO INDICATION OF INJURY,0.0,0.0,0.0,0.0,0.0,2.0,0.0,5,2,4,41.915586904,-87.712009251,POINT (-87.712009250722 41.915586903831),POINT (1153357.1855089024 1912442.291153394),2020,1900 N KIMBALL AVE
P217195,PASSENGER,b447c5a702d94029a1d6e3017f9fc6ad09a485f531c394c6752d3acc7c7eab8d2f1c150e349878f7f4a7411cc1c25a924a86d83a5d4a1aa02ed61dcbcf3a2b2f,902647.0,M,27.0,NOT APPLICABLE,NONE,NO INDICATION OF INJURY,,,,,,,,2020-09-04 23:45:00,40,CLEAR,"DARKNESS, LIGHTED ROAD",SIDESWIPE SAME DIRECTION,DIVIDED - W/MEDIAN BARRIER,DRY,NO DEFECTS,ON SCENE,INJURY AND / OR TOW DUE TO CRASH,Y,"OVER $1,500",09/04/2020 11:45:00 PM,IMPROPER OVERTAKING/PASSING,IMPROPER LANE USAGE,,3,NO INDICATION OF INJURY,0.0,0.0,0.0,0.0,0.0,9.0,0.0,23,6,9,41.934381768,-87.632011117,POINT (-87.632011116648 41.934381767599),POINT (1175074.555049225 1919459.0717582542),2020,2861 N LAKE SHORE DR NB
O979118,DRIVER,b53b7f34096ad5e2bef2143c25f5e2ad0ac39f6c57b82638c90f562dec8688d8acf80e8329494fa45e3b9cfd026be42a3e50c792ca24f312b69c74fbe76d48f9,927825.0,F,27.0,DID NOT DEPLOY,NONE,NO INDICATION OF INJURY,FOLLOWED TOO CLOSELY,UNKNOWN,UNKNOWN,,,,,2020-10-18 15:15:00,30,RAIN,DAYLIGHT,REAR END,NOT DIVIDED,WET,NO DEFECTS,NOT ON SCENE (DESK REPORT),NO INJURY / DRIVE AWAY,,"OVER $1,500",10/18/2020 05:33:00 PM,FOLLOWING TOO CLOSELY,WEATHER,,2,NO INDICATION OF INJURY,0.0,0.0,0.0,0.0,0.0,2.0,0.0,15,1,10,41.773258015,-87.576338196,POINT (-87.57633819551 41.773258014577),POINT (1190740.4518816622 1860874.7265101366),2020,6705 S JEFFERY BLVD
O1012871,DRIVER,7f52877bb55e0d43169d259eceafdf9b18962d20eddffbc0070a4e75273f4d14d1e4c27e65d38cc459b144844805bc2e89199fa3fe4ac5a83de72b76c9f223bb,959927.0,F,47.0,DEPLOYMENT UNKNOWN,NONE,NO INDICATION OF INJURY,OTHER,UNKNOWN,UNKNOWN,,,,,2020-12-21 14:00:00,30,CLEAR,DAYLIGHT,PEDESTRIAN,ONE-WAY,DRY,NO DEFECTS,ON SCENE,INJURY AND / OR TOW DUE TO CRASH,,"$501 - $1,500",12/22/2020 11:23:00 AM,NOT APPLICABLE,NOT APPLICABLE,,3,NONINCAPACITATING INJURY,1.0,0.0,0.0,1.0,0.0,1.0,0.0,14,2,12,41.755243657,-87.554030457,POINT (-87.554030457225 41.755243657106),POINT (1196884.992645189 1854364.7777410774),2020,2836 E 77TH PL
O1010370,DRIVER,5ee00156a9f20dcd8871cccc3618346b7375f075f9dc902ab284db4b566c14624de9b140f9859592875395f32bcad35f6eac3d5f59d1f91740e573cc9f88e90d,957572.0,F,33.0,DID NOT DEPLOY,NONE,NO INDICATION OF INJURY,NONE,NOT OBSCURED,NORMAL,,,,Y,2020-12-17 14:08:00,35,SNOW,DAYLIGHT,REAR END,DIVIDED - W/MEDIAN BARRIER,OTHER,NO DEFECTS,ON SCENE,INJURY AND / OR TOW DUE TO CRASH,,"OVER $1,500",12/17/2020 02:08:00 PM,FAILING TO REDUCE SPEED TO AVOID CRASH,WEATHER,,2,NO INDICATION OF INJURY,0.0,0.0,0.0,0.0,0.0,3.0,0.0,14,5,12,41.765936859,-87.585772423,POINT (-87.585772423353 41.765936858728),POINT (1188190.1877219263 1858184.4399131618),2020,7101 S STONY ISLAND AVE
O914660,DRIVER,45cf5f593906d0265f88032571234ede0ead69bed9495af68296c339a7c0346662858160d6588588da7dd298da5d68ffe6c240a2b6b22059c28e7d2fd90c6673,867161.0,M,19.0,NOT APPLICABLE,NONE,NO INDICATION OF INJURY,FAILED TO YIELD,NOT OBSCURED,NORMAL,,,,,2020-07-08 17:00:00,35,CLEAR,DAYLIGHT,SIDESWIPE SAME DIRECTION,CENTER TURN LANE,DRY,UNKNOWN,NOT ON SCENE (DESK REPORT),NO INJURY / DRIVE AWAY,,$500 OR LESS,07/08/2020 06:00:00 PM,FOLLOWING TOO CLOSELY,FAILING TO YIELD RIGHT-OF-WAY,,2,NO INDICATION OF INJURY,0.0,0.0,0.0,0.0,0.0,2.0,0.0,17,4,7,41.795688053,-87.801459671,POINT (-87.801459670523 41.795688052768),POINT (1129281.8112391764 1868587.9049688755),2020,5301 S HARLEM AVE
P220414,PASSENGER,26d156a391033d253929190c2f805e3895f2c327419a5557715239ddc0a635fbdadc5174c2a5df4b8eea22182c4c9feb108ca1e52a8c099d443532ceb3bdefca,918013.0,M,4.0,NOT APPLICABLE,NONE,NO INDICATION OF INJURY,,,,,,,,2020-10-01 17:35:00,30,RAIN,DAYLIGHT,ANGLE,OTHER,WET,UNKNOWN,NOT ON SCENE (DESK REPORT),NO INJURY / DRIVE AWAY,,"$501 - $1,500",10/01/2020 05:43:00 PM,FAILING TO YIELD RIGHT-OF-WAY,UNABLE TO DETERMINE,,2,NO INDICATION OF INJURY,0.0,0.0,0.0,0.0,0.0,8.0,0.0,17,5,10,41.856350538,-87.710375249,POINT (-87.710375249191 41.856350538058),POINT (1153958.616943948 1890859.8484504654),2020,3400 W OGDEN AVE