PERSON_ID,PERSON_TYPE,CRASH_RECORD_ID,VEHICLE_ID,SEX,AGE,AIRBAG_DEPLOYED,EJECTION,INJURY_CLASSIFICATION,DRIVER_ACTION,DRIVER_VISION,PHYSICAL_CONDITION,PEDPEDAL_ACTION,PEDPEDAL_VISIBILITY,PEDPEDAL_LOCATION,CRASH_DATE_EST_I,CRASH_DATE,POSTED_SPEED_LIMIT,WEATHER_CONDITION,LIGHTING_CONDITION,FIRST_CRASH_TYPE,TRAFFICWAY_TYPE,ROADWAY_SURFACE_COND,ROAD_DEFECT,REPORT_TYPE,CRASH_TYPE,HIT_AND_RUN_I,DAMAGE,DATE_POLICE_NOTIFIED,PRIM_CONTRIBUTORY_CAUSE,SEC_CONTRIBUTORY_CAUSE,DOORING_I,NUM_UNITS,MOST_SEVERE_INJURY,INJURIES_TOTAL,INJURIES_FATAL,INJURIES_INCAPACITATING,INJURIES_NON_INCAPACITATING,INJURIES_REPORTED_NOT_EVIDENT,INJURIES_NO_INDICATION,INJURIES_UNKNOWN,CRASH_HOUR,CRASH_DAY_OF_WEEK,CRASH_MONTH,LATITUDE,LONGITUDE,LOCATION,geometry,YEAR,ADDRESS
P223352,PASSENGER,ba1f537460bfbb836577dc56b4ff5d56e8db1d9b0ecc39532b8a2d86132e3284c60962747df0518d90d5095ddd976f896a04e609c5b37767ea60d602dd7e913f,931175.0,M,73.0,"DEPLOYED, COMBINATION",NONE,INCAPACITATING INJURY,,,,,,,,2020-10-24 13:36:00,30,CLEAR,DAYLIGHT,HEAD ON,NOT DIVIDED,DRY,NO DEFECTS,ON SCENE,INJURY AND / OR TOW DUE TO CRASH,N,"OVER $1,500",10/24/2020 01:50:00 PM,DRIVING ON WRONG SIDE/WRONG WAY,NOT APPLICABLE,,2,INCAPACITATING INJURY,1.0,0.0,1.0,0.0,0.0,2.0,0.0,13,7,10,41.743446271,-87.634405621,POINT (-87.634405621174 41.743446271365),POINT (1174989.189757454 1849877.504778743),2020,405 W 83RD ST
O877076,DRIVER,5d34d946fe05cb645ba82cfa5c82e529c01b58390f451c52349f5f3a054da78316eceab68c876e3292d6c16d8a7f068583701db7c950ab080b47e1959d93240a,832073.0,M,48.0,NOT APPLICABLE,NONE,NO INDICATION OF INJURY,IMPROPER BACKING,NOT OBSCURED,NORMAL,,,,,2020-04-29 07:05:00,30,RAIN,DAYLIGHT,HEAD ON,DIVIDED - W/MEDIAN (NOT RAISED),WET,NO DEFECTS,NOT ON SCENE (DESK REPORT),NO INJURY / DRIVE AWAY,,$500 OR LESS,04/29/2020 08:00:00 AM,IMPROPER BACKING,NOT APPLICABLE,,2,NO INDICATION OF INJURY,0.0,0.0,0.0,0.0,0.0,2.0,0.0,7,4,4,41.909279902,-87.755702672,POINT (-87.755702671698 41.909279902013),POINT (1141480.48025157 1910060.8938681346),2020,1555 N LARAMIE AVE
P205804,PASSENGER,cb63eb5e5892be4a8db6cd70eaa4e583f6b04ce5c7029807eca209113ea62b9bd82e5f9f9cbf0545891ad2d5b9768aec3a20f7c4be4e7f63368e7e345b584aa4,854830.0,X,,DID NOT DEPLOY,NONE,NO INDICATION OF INJURY,,,,,,,,2020-06-18 06:50:00,10,CLEAR,DAYLIGHT,TURNING,NOT DIVIDED,DRY,NO DEFECTS,NOT ON SCENE (DESK REPORT),NO INJURY / DRIVE AWAY,,"OVER $1,500",06/18/2020 07:45:00 AM,IMPROPER TURNING/NO SIGNAL,UNABLE TO DETERMINE,,2,NO INDICATION OF INJURY,0.0,0.0,0.0,0.0,0.0,4.0,0.0,6,5,6,41.925847374,-87.633772904,POINT (-87.633772903822 41.925847374264),POINT (1174620.5579219337 1916345.202417405),2020,200 W FULLERTON DR
O936407,DRIVER,2ded5304466d38cbde0389920ed70e53bd0f04a315ae411a72ab85b6e7dcad797795b80e8ae5f6dfaf82bbf4a582268bca6bb4c05b91f7a39b52322c914f8273,887702.0,M,24.0,NOT APPLICABLE,NONE,NO INDICATION OF INJURY,FOLLOWED TOO CLOSELY,NOT OBSCURED,NORMAL,,,,,2020-08-11 14:30:00,25,CLEAR,DAYLIGHT,REAR END,NOT DIVIDED,DRY,NO DEFECTS,ON SCENE,INJURY AND / OR TOW DUE TO CRASH,,"OVER $1,500",08/11/2020 03:54:00 PM,FOLLOWING TOO CLOSELY,NOT APPLICABLE,,3,NO INDICATION OF INJURY,0.0,0.0,0.0,0.0,0.0,3.0,0.0,14,3,8,42.001995852,-87.709219739,POINT (-87.709219738663 42.001995851586),POINT (1153887.0853423558 1943935.529436899),2020,6631 N KEDZIE AVE
O946198,DRIVER,1ec2735d0d091ceb05c0a23214a4451f0271ab5c77cdbecf71f00e20b888ff9b421b94bea720c92699872cf63b7daa6a7e835ad36d553916b43205354eaa275f,896891.0,F,,DID NOT DEPLOY,NONE,NO INDICATION OF INJURY,OTHER,OTHER,NORMAL,,,,,2020-08-26 18:00:00,30,CLEAR,DAYLIGHT,PARKED MOTOR VEHICLE,DIVIDED - W/MEDIAN (NOT RAISED),DRY,NO DEFECTS,ON SCENE,NO INJURY / DRIVE AWAY,,$500 OR LESS,08/26/2020 06:10:00 PM,UNABLE TO DETERMINE,NOT APPLICABLE,,2,NO INDICATION OF INJURY,0.0,0.0,0.0,0.0,0.0,1.0,0.0,18,4,8,41.917535996,-87.704016306,POINT (-87.704016306159 41.917535995913),POINT (1155527.441135103 1913168.403767855),2020,3038 W ARMITAGE AVE
P213759,PASSENGER,21e54e91533e7a97ab95e7eaa5777b9193be5b8e836ab24cbb9b2a9d370a160e63d91f4c7db9d92477fd43855bedf65de56119549dde60cefc88c397e817ebaa,887775.0,F,8.0,"DEPLOYED, COMBINATION",NONE,NONINCAPACITATING INJURY,,,,,,,,2020-08-11 17:34:00,30,CLEAR,DAYLIGHT,ANGLE,FOUR WAY,DRY,NO DEFECTS,ON SCENE,INJURY AND / OR TOW DUE TO CRASH,,"OVER $1,500",08/11/2020 05:35:00 PM,DISREGARDING TRAFFIC SIGNALS,FAILING TO REDUCE SPEED TO AVOID CRASH,,3,NONINCAPACITATING INJURY,2.0,0.0,0.0,2.0,0.0,4.0,0.0,17,3,8,41.880807477,-87.710879928,POINT (-87.710879928378 41.880807476674),POINT (1153756.5075783327 1899770.906971623),2020,3399 W MADISON ST
O863811,DRIVER,aed32856f2ee5e3649171810745c0ded901a69e1a36142f803653da888ba22ce8e5bf813e9d58448e3a218f9b8b0f411677106e99ed2c8747ebe7a60bdf15d71,819704.0,M,42.0,DID NOT DEPLOY,NONE,NO INDICATION OF INJURY,NONE,NOT OBSCURED,NORMAL,,,,,2020-03-18 05:31:00,30,CLEAR,"DARKNESS, LIGHTED ROAD",SIDESWIPE SAME DIRECTION,NOT DIVIDED,DRY,NO DEFECTS,ON SCENE,NO INJURY / DRIVE AWAY,Y,"OVER $1,500",03/18/2020 05:34:00 AM,IMPROPER OVERTAKING/PASSING,NOT APPLICABLE,,2,NO INDICATION OF INJURY,0.0,0.0,0.0,0.0,0.0,2.0,0.0,5,4,3,41.814839738,-87.70279305,POINT (-87.702793050179 41.814839737528),POINT (1156135.2341230186 1875748.5634007785),2020,4327 S ARCHER AVE
O905806,DRIVER,a18f668bccf9cf35199023c57ab079323c6e1f59ab793143ef50bb8b889cc02b15827c15041b98d98247ce788707886a6974cdee766b35e05475359d50ab8542,858900.0,F,23.0,DID NOT DEPLOY,NONE,NO INDICATION OF INJURY,UNKNOWN,UNKNOWN,NORMAL,,,,,2020-06-24 22:00:00,30,CLEAR,"DARKNESS, LIGHTED ROAD",SIDESWIPE SAME DIRECTION,FOUR WAY,DRY,NO DEFECTS,NOT ON SCENE (DESK REPORT),NO INJURY / DRIVE AWAY,,$500 OR LESS,06/24/2020 10:45:00 PM,UNABLE TO DETERMINE,UNABLE TO DETERMINE,,2,NO INDICATION OF INJURY,0.0,0.0,0.0,0.0,0.0,2.0,0.0,22,4,6,41.713373857,-87.559894682,POINT (-87.559894682333 41.71337385748),POINT (1195422.01869673 1839093.3704582753),2020,10000 S TORRENCE AVE
O865917,DRIVER,e65e61f720505c89029c4e354c437d2c7165d43bab56e2bb87f597e51d7478c17cf6ae2d6e5e1e3c83b86511a48ed68022cbe5acd1257620e06b54a8afcc5545,821717.0,F,45.0,NOT APPLICABLE,NONE,NO INDICATION OF INJURY,IMPROPER TURN,NOT OBSCURED,NORMAL,,,,,2020-03-24 15:05:00,30,CLEAR,DAYLIGHT,TURNING,OTHER,DRY,NO DEFECTS,ON SCENE,NO INJURY / DRIVE AWAY,,"$501 - $1,500",03/24/2020 03:08:00 PM,UNABLE TO DETERMINE,NOT APPLICABLE,,2,NO INDICATION OF INJURY,0.0,0.0,0.0,0.0,0.0,2.0,0.0,15,3,3,41.881050989,-87.686532168,POINT (-87.686532168279 41.881050988942),POINT (1160386.2512970928 1899908.6723299038),2020,2401 W MADISON ST
O980413,DRIVER,b1d53538af1491afe946ace79545c63845e37f2f1f8a2d1b928e8f3e082a58f5b5762f7fc09a251d0ef79e6b75952c8cd68c3c43ab4214d2771d11f626006a55,929059.0,X,,DEPLOYMENT UNKNOWN,UNKNOWN,NO INDICATION OF INJURY,UNKNOWN,UNKNOWN,UNKNOWN,,,,,2020-10-20 23:30:00,10,RAIN,"DARKNESS, LIGHTED ROAD",PARKED MOTOR VEHICLE,ALLEY,WET,NO DEFECTS,ON SCENE,NO INJURY / DRIVE AWAY,Y,"OVER $1,500",10/21/2020 07:25:00 AM,UNABLE TO DETERMINE,UNABLE TO DETERMINE,,2,NO INDICATION OF INJURY,0.0,0.0,0.0,0.0,0.0,1.0,0.0,23,3,10,41.869118463,-87.71947173,POINT (-87.719471730389 41.869118462634),POINT (1151447.2412616657 1895494.5990582013),2020,931 S INDEPENDENCE BLVD
O859926,DRIVER,4775211358965d2ef2f67eb74edd39a6a67e60e0cf10f059c70d986fd22c6d6bb40c85a8739aa197ea7dff00b8388fa44f842b16284971de1517d353a7cf3cc1,815992.0,F,23.0,DID NOT DEPLOY,NONE,NO INDICATION OF INJURY,IMPROPER TURN,NOT OBSCURED,NORMAL,,,,,2020-03-11 11:20:00,30,CLEAR,DAYLIGHT,PARKED MOTOR VEHICLE,DIVIDED - W/MEDIAN (NOT RAISED),DRY,NO DEFECTS,ON SCENE,NO INJURY / DRIVE AWAY,,"OVER $1,500",03/11/2020 11:30:00 AM,DRIVING SKILLS/KNOWLEDGE/EXPERIENCE,NOT APPLICABLE,,2,NO INDICATION OF INJURY,0.0,0.0,0.0,0.0,0.0,2.0,0.0,11,4,3,41.851694858,-87.702378851,POINT (-87.70237885146 41.851694857582),POINT (1156149.501948215 1889179.2388999076),2020,3051 W CERMAK RD
O862886,DRIVER,0e6cb580efe692fdcc5405db4f8434f9543e5550ba4b59a75671db76a9c9b5bab42322f671c89c06b1b95279b0e02f74eb540d2a81701d242faa84fa68cfdd59,818812.0,M,56.0,DID NOT DEPLOY,NONE,NO INDICATION OF INJURY,NONE,NOT OBSCURED,NORMAL,,,,,2020-03-16 12:20:00,30,RAIN,DAYLIGHT,SIDESWIPE SAME DIRECTION,DIVIDED - W/MEDIAN (NOT RAISED),WET,NO DEFECTS,ON SCENE,NO INJURY / DRIVE AWAY,Y,"$501 - $1,500",03/16/2020 12:27:00 PM,FAILING TO REDUCE SPEED TO AVOID CRASH,IMPROPER LANE USAGE,,2,NO INDICATION OF INJURY,0.0,0.0,0.0,0.0,0.0,2.0,0.0,12,2,3,41.886421436,-87.745345314,POINT (-87.745345313964 41.886421436319),POINT (1144356.840042332 1901750.4379281062),2020,331 N CICERO AVE
P224841,PASSENGER,d8399af7c5eeb4c7b4d030971878c3960460936b34bb2947101f48ba57c4258ff8ba48ae7523c38b23d9c7027eb1c506e66f6cf0a61f08fa7e41dd9b46d3741a,938493.0,M,,DEPLOYMENT UNKNOWN,NONE,NO INDICATION OF INJURY,,,,,,,,2020-10-31 23:14:00,30,CLEAR,"DARKNESS, LIGHTED ROAD",REAR END,NOT DIVIDED,DRY,NO DEFECTS,NOT ON SCENE (DESK REPORT),NO INJURY / DRIVE AWAY,,"$501 - $1,500",11/07/2020 02:12:00 PM,FOLLOWING TOO CLOSELY,NOT APPLICABLE,,2,NO INDICATION OF INJURY,0.0,0.0,0.0,0.0,0.0,3.0,0.0,23,7,10,41.924826142,-87.707235936,POINT (-87.707235935693 41.924826142208),POINT (1154631.7746298707 1915818.5280061765),2020,3166 W FULLERTON AVE
O815727,DRIVER,68013d544930250775212cd70b626bedb54228c6b50c695df7f1bc7088028579042e06218879747533a5f62a209efa65ee2282f8de591cf4ddd3830a2a544b78,774407.0,F,,DEPLOYMENT UNKNOWN,NONE,NO INDICATION OF INJURY,UNKNOWN,UNKNOWN,UNKNOWN,,,,,2020-01-03 16:56:00,30,UNKNOWN,"DARKNESS, LIGHTED ROAD",REAR END,NOT DIVIDED,UNKNOWN,UNKNOWN,NOT ON SCENE (DESK REPORT),NO INJURY / DRIVE AWAY,,"$501 - $1,500",01/03/2020 05:50:00 PM,NOT APPLICABLE,NOT APPLICABLE,,2,NO INDICATION OF INJURY,0.0,0.0,0.0,0.0,0.0,2.0,0.0,16,6,1,41.866562027,-87.701126834,POINT (-87.70112683375 41.866562026556),POINT (1156450.716261512 1894599.304289035),2020,3006 W ROOSEVELT RD
O897987,PEDESTRIAN,b7a9526ecd9c20ff485b2660102ed070e0fda82e518f68f509e64b127e1cd224bc3b32c465de4ae6b7c1ffe8239b92adc3f5607cee641ab3d7216d9efd4dec04,,F,21.0,,,NONINCAPACITATING INJURY,NONE,NOT OBSCURED,NORMAL,CROSSING - NO CONTROLS (AT INTERSECTION),NO CONTRASTING CLOTHING,IN ROADWAY,,2020-06-11 16:20:00,30,CLEAR,DAYLIGHT,PEDESTRIAN,NOT DIVIDED,DRY,NO DEFECTS,ON SCENE,INJURY AND / OR TOW DUE TO CRASH,Y,$500 OR LESS,06/11/2020 04:22:00 PM,UNABLE TO DETERMINE,UNABLE TO DETERMINE,,2,NONINCAPACITATING INJURY,1.0,0.0,0.0,1.0,0.0,1.0,0.0,16,5,6,41.893495851,-87.662477461,POINT (-87.662477460756 41.893495850528),POINT (1166901.3848054456 1904493.8595437165),2020,634 N NOBLE ST
O999677,DRIVER,a9db7a9cc7a27d2aa2d4da2eae2bfbf343e7547fda473bcf993c84773a824f22459c37a1504ea174a640624dcd857db395d427d999a292291bff067b601d0563,947337.0,F,69.0,DID NOT DEPLOY,NONE,NO INDICATION OF INJURY,UNKNOWN,UNKNOWN,NORMAL,,,,,2020-11-25 12:24:00,30,RAIN,DAYLIGHT,SIDESWIPE SAME DIRECTION,NOT DIVIDED,WET,UNKNOWN,ON SCENE,NO INJURY / DRIVE AWAY,,"OVER $1,500",11/25/2020 12:24:00 PM,UNABLE TO DETERMINE,UNABLE TO DETERMINE,,2,NO INDICATION OF INJURY,0.0,0.0,0.0,0.0,0.0,3.0,0.0,12,4,11,41.931577313,-87.644255966,POINT (-87.644255966236 41.931577312768),POINT (1171751.0187434626 1918410.1045272069),2020,2707 N CLARK ST
O827806,DRIVER,a4468fe2f0e91e3ebc37fc3174916aa1ce929baf7612f4d5efea689a6a162bae4a4723713624521e26f60f5320493647bd08f45f1639990958d8d972254f3af2,785773.0,F,36.0,"DEPLOYED, FRONT",NONE,"REPORTED, NOT EVIDENT",NONE,UNKNOWN,NORMAL,,,,,2020-01-21 06:17:00,30,CLEAR,"DARKNESS, LIGHTED ROAD",TURNING,NOT DIVIDED,DRY,NO DEFECTS,,INJURY AND / OR TOW DUE TO CRASH,,"OVER $1,500",01/21/2020 06:28:00 AM,FAILING TO YIELD RIGHT-OF-WAY,NOT APPLICABLE,,2,INCAPACITATING INJURY,3.0,0.0,1.0,0.0,2.0,0.0,0.0,6,3,1,41.736224637,-87.643456121,POINT (-87.643456120956 41.736224636801),POINT (1172540.3661478253 1847226.0798961394),2020,756 W 87TH ST
O824580,DRIVER,db6f2669e0d9a4267b7c4ecbdafe18c09097cd2e4bcf7999775636e96e57db66b1771b89f56988d59f17e7a941f5d8e14691ed7290ab90c7e8a0ec5c8e943781,782756.0,M,47.0,NOT APPLICABLE,NONE,NO INDICATION OF INJURY,NONE,UNKNOWN,NORMAL,,,,,2020-01-17 22:55:00,30,SNOW,"DARKNESS, LIGHTED ROAD",REAR END,NOT DIVIDED,SNOW OR SLUSH,UNKNOWN,ON SCENE,NO INJURY / DRIVE AWAY,,"OVER $1,500",01/17/2020 11:00:00 PM,IMPROPER BACKING,NOT APPLICABLE,,2,NO INDICATION OF INJURY,0.0,0.0,0.0,0.0,0.0,4.0,0.0,22,6,1,41.921353538,-87.795025338,POINT (-87.795025337917 41.921353537673),POINT (1130749.2402326863 1914390.9018596504),2020,2305 N OAK PARK AVE
O1004746,DRIVER,3ac5c86b1e421eb056ef705ca3d0007e9ef2ed708a8daf36ed4968ba0ecaa2ae6c3fe26cc69dac37e1cff1fdc8e49fd5d9901f01ae8cbc60432f386080f28ea2,952201.0,F,,DEPLOYMENT UNKNOWN,NONE,NO INDICATION OF INJURY,UNKNOWN,UNKNOWN,UNKNOWN,,,,,2020-12-04 16:10:00,30,CLEAR,DAYLIGHT,REAR END,DIVIDED - W/MEDIAN (NOT RAISED),DRY,NO DEFECTS,NOT ON SCENE (DESK REPORT),NO INJURY / DRIVE AWAY,Y,"OVER $1,500",12/06/2020 11:00:00 AM,UNABLE TO DETERMINE,NOT APPLICABLE,,2,NO INDICATION OF INJURY,0.0,0.0,0.0,0.0,0.0,2.0,0.0,16,6,12,41.886538016,-87.701214212,POINT (-87.701214211915 41.886538015867),POINT (1156373.3057508692 1901878.3479051883),2020,301 N SACRAMENTO BLVD
O868920,DRIVER,d5b43c5c3e178c383419b17b3d10fc57f617473fa41ae9d65d1d69d6f5e95645192c3e8c593d719db2f8551bcb1a6b9764318c542129a2f383dce15198b1c464,824434.0,F,43.0,NOT APPLICABLE,NONE,NO INDICATION OF INJURY,UNKNOWN,UNKNOWN,NORMAL,,,,,2020-04-03 20:00:00,45,CLEAR,DARKNESS,SIDESWIPE SAME DIRECTION,DIVIDED - W/MEDIAN BARRIER,DRY,NO DEFECTS,ON SCENE,NO INJURY / DRIVE AWAY,,"OVER $1,500",04/03/2020 08:00:00 PM,UNABLE TO DETERMINE,UNABLE TO DETERMINE,,2,NO INDICATION OF INJURY,0.0,0.0,0.0,0.0,0.0,2.0,0.0,20,6,4,41.911224556,-87.626482572,POINT (-87.626482572426 41.911224555611),POINT (1176648.3982190578 1911032.893102389),2020,1600 N LAKE SHORE DR
O948533,DRIVER,7c4d2f88b208430821c6a0ca316a9ab342e5c4a444c3824e097f486501512c52fd483d162049916a4d55eecdc61e548dfdf21064965e3c535ba0d7a767555ef1,,F,27.0,"DEPLOYED, COMBINATION",NONE,NO INDICATION OF INJURY,NONE,NOT OBSCURED,NORMAL,,,,,2020-08-22 15:40:00,30,CLEAR,DAYLIGHT,TURNING,DIVIDED - W/MEDIAN (NOT RAISED),DRY,NO DEFECTS,,INJURY AND / OR TOW DUE TO CRASH,N,"OVER $1,500",08/22/2020 03:42:00 PM,UNABLE TO DETERMINE,UNABLE TO DETERMINE,,4,"REPORTED, NOT EVIDENT",2.0,0.0,0.0,0.0,2.0,2.0,0.0,15,7,8,41.77571267,-87.683595795,POINT (-87.683595795444 41.775712670044),POINT (1161476.1906913263 1861529.9001433107),2020,2400 W 65TH ST
O912962,DRIVER,d648c5f9574f520bbeb936ce15f48aeb41e91638e02e78841f859b597b0b13683e78e72e8bad097b51315b40c81ffa42107e28a68ce8ee03be6fb9ee7f5971e7,865529.0,F,39.0,DID NOT DEPLOY,NONE,NO INDICATION OF INJURY,NONE,NOT OBSCURED,NORMAL,,,,,2020-07-03 15:45:00,30,CLEAR,DAYLIGHT,REAR END,NOT DIVIDED,DRY,NO DEFECTS,,NO INJURY / DRIVE AWAY,Y,"OVER $1,500",07/03/2020 04:30:00 PM,FOLLOWING TOO CLOSELY,UNABLE TO DETERMINE,,2,NO INDICATION OF INJURY,0.0,0.0,0.0,0.0,0.0,2.0,0.0,15,6,7,41.71262455,-87.620278519,POINT (-87.62027851926 41.71262455009),POINT (1178937.5724985548 1838678.01490043),2020,10000 S MICHIGAN AVE
O946315,DRIVER,d96d22e574ea5966519ed4c5b314815f24a0f4e70835765295a076a4dfb2ccc704bd1c4ae1e13c587b824d19080f4cc185bdb7e0671d374ad97d8ad178716808,897010.0,M,33.0,"DEPLOYED, FRONT",NONE,NO INDICATION OF INJURY,UNKNOWN,UNKNOWN,NORMAL,,,,,2020-08-27 00:04:00,30,CLEAR,"DARKNESS, LIGHTED ROAD",ANGLE,UNKNOWN INTERSECTION TYPE,DRY,UNKNOWN,ON SCENE,INJURY AND / OR TOW DUE TO CRASH,,"OVER $1,500",08/27/2020 12:05:00 AM,DISREGARDING TRAFFIC SIGNALS,NOT APPLICABLE,,2,NO INDICATION OF INJURY,0.0,0.0,0.0,0.0,0.0,2.0,0.0,0,5,8,41.877732218,-87.666815951,POINT (-87.666815950554 41.877732218454),POINT (1165764.7705108114 1898740.3977509541),2020,1600 W JACKSON BLVD
P207344,PASSENGER,91e68e033e9349eb8f82a98c628b5c741dd8444addc9eabf78f92662bd0bd52df126620b57035a2de03a3ab9c7ac19c9da37de15d11ba9b768398df597ff6a30,860867.0,M,8.0,DID NOT DEPLOY,NONE,NO INDICATION OF INJURY,,,,,,,,2020-06-28 12:10:00,30,CLEAR,DAYLIGHT,PARKED MOTOR VEHICLE,ONE-WAY,UNKNOWN,UNKNOWN,NOT ON SCENE (DESK REPORT),NO INJURY / DRIVE AWAY,,"$501 - $1,500",06/28/2020 12:48:00 PM,DISTRACTION - FROM OUTSIDE VEHICLE,IMPROPER OVERTAKING/PASSING,,2,NO INDICATION OF INJURY,0.0,0.0,0.0,0.0,0.0,5.0,0.0,12,1,6,41.938200825,-87.653987639,POINT (-87.653987639086 41.938200825367),POINT (1169083.8477919132 1920802.5964525118),2020,998 W BARRY AVE
O824982,DRIVER,bc091895bc74566ee81637e3392da6df7aa2672a68c53c42054d4d1daee3339b496cc08abca01754854612a342cf37650965dc9e59f619adf7ce56dd6f8dcab2,783149.0,M,26.0,DID NOT DEPLOY,NONE,NO INDICATION OF INJURY,FOLLOWED TOO CLOSELY,NOT OBSCURED,NORMAL,,,,,2020-01-17 18:58:00,30,SNOW,"DARKNESS, LIGHTED ROAD",REAR END,DIVIDED - W/MEDIAN (NOT RAISED),SNOW OR SLUSH,NO DEFECTS,NOT ON SCENE (DESK REPORT),NO INJURY / DRIVE AWAY,,"$501 - $1,500",01/18/2020 04:20:00 PM,UNABLE TO DETERMINE,UNABLE TO DETERMINE,,2,NO INDICATION OF INJURY,0.0,0.0,0.0,0.0,0.0,2.0,0.0,18,6,1,41.961164508,-87.719198964,POINT (-87.719198964441 41.961164508376),POINT (1151281.3544904985 1929036.774725328),2020,3628 W MONTROSE AVE
O1001885,DRIVER,ebf5e1dca79df89600d0e5f14e5443c4bc4e69194c84f54c24ee02cf114054b1deaea11cddb2eb55b9d49c3f8cafe26d6c72f0a9ecd6e5f90545c9757cfe3c32,949473.0,M,28.0,NOT APPLICABLE,NONE,NO INDICATION OF INJURY,OTHER,UNKNOWN,UNKNOWN,,,,,2020-11-29 15:15:00,30,CLEAR,DAYLIGHT,TURNING,RAMP,WET,NO DEFECTS,NOT ON SCENE (DESK REPORT),INJURY AND / OR TOW DUE TO CRASH,,"OVER $1,500",11/30/2020 12:15:00 PM,FAILING TO YIELD RIGHT-OF-WAY,FAILING TO YIELD RIGHT-OF-WAY,,2,NO INDICATION OF INJURY,0.0,0.0,0.0,0.0,0.0,4.0,0.0,15,1,11,41.885791872,-87.646162869,POINT (-87.646162868724 41.885791871581),POINT (1171365.8021756716 1901721.6849178516),2020,710 W LAKE ST
O886297,DRIVER,9ff7d951880e3eb697c19e3b3ab0c36babc56349869eb7469a97938ded99d12da5c79da63d51d4fe45842fd5262e14fa3a94ef01c96797dfbe814fa18196aefb,840781.0,F,79.0,NOT APPLICABLE,NONE,NO INDICATION OF INJURY,UNKNOWN,NOT OBSCURED,NORMAL,,,,,2020-05-20 13:25:00,20,CLEAR,DAYLIGHT,PARKED MOTOR VEHICLE,NOT DIVIDED,DRY,NO DEFECTS,ON SCENE,NO INJURY / DRIVE AWAY,,$500 OR LESS,05/20/2020 01:31:00 PM,UNABLE TO DETERMINE,NOT APPLICABLE,,2,NO INDICATION OF INJURY,0.0,0.0,0.0,0.0,0.0,1.0,0.0,13,4,5,41.934480761,-87.638073714,POINT (-87.638073713552 41.934480760673),POINT (1173424.6661637342 1919481.7090587704),2020,330 W SURF ST
O855081,DRIVER,e58a7337e6f7bf838fce8bd82d32ca2a3032b2fa37a83185f8804216ff7884b968358f11dc58e5abf0bd8c800b5dbcc71d660f391f75949d99dc5269b8bb0888,811427.0,M,36.0,NOT APPLICABLE,NONE,NO INDICATION OF INJURY,NONE,NOT OBSCURED,NORMAL,,,,Y,2020-03-04 07:45:00,35,CLEAR,DAYLIGHT,ANGLE,NOT DIVIDED,DRY,NO DEFECTS,NOT ON SCENE (DESK REPORT),NO INJURY / DRIVE AWAY,,"$501 - $1,500",03/04/2020 10:10:00 AM,UNABLE TO DETERMINE,UNABLE TO DETERMINE,,2,NO INDICATION OF INJURY,0.0,0.0,0.0,0.0,0.0,2.0,0.0,7,4,3,41.99019852,-87.715262373,POINT (-87.715262373045 41.990198520314),POINT (1152275.6912129465 1939624.5989261938),2020,3431 W PETERSON AVE
O874347,DRIVER,7dfb2acdcc675b440d97624ced86065fbbe3644143d1ac64e6e77de898472c9c3af8a5380510f6fb4a29fffdc1d4ee26910f059df4e28ad904c484235f53843e,829524.0,M,37.0,DID NOT DEPLOY,NONE,NO INDICATION OF INJURY,FAILED TO YIELD,NOT OBSCURED,UNKNOWN,,,,,2020-04-21 14:00:00,30,CLEAR,DAYLIGHT,ANGLE,NOT DIVIDED,DRY,NO DEFECTS,NOT ON SCENE (DESK REPORT),NO INJURY / DRIVE AWAY,,"$501 - $1,500",04/21/2020 04:30:00 PM,UNABLE TO DETERMINE,UNABLE TO DETERMINE,,2,NO INDICATION OF INJURY,0.0,0.0,0.0,0.0,0.0,2.0,0.0,14,3,4,41.707182175,-87.620361492,POINT (-87.620361492183 41.707182175387),POINT (1178931.338336749 1836694.6877742356),2020,10300 S MICHIGAN AVE
O852380,DRIVER,cbd5e9560eaaf8fbf19a26da30b7765907c62517a8d3cdb42b04a4539ee24e8823cf7c2d9ff52fb05169e0a3d4e648ba47e023c72fc67ac2cb248e334759ceaa,808916.0,F,79.0,DID NOT DEPLOY,NONE,NO INDICATION OF INJURY,NONE,NOT OBSCURED,NORMAL,,,,,2020-02-29 11:30:00,30,CLEAR,DAYLIGHT,SIDESWIPE SAME DIRECTION,NOT DIVIDED,DRY,NO DEFECTS,NOT ON SCENE (DESK REPORT),NO INJURY / DRIVE AWAY,,"OVER $1,500",02/29/2020 12:06:00 PM,UNABLE TO DETERMINE,NOT APPLICABLE,,2,NO INDICATION OF INJURY,0.0,0.0,0.0,0.0,0.0,2.0,0.0,11,7,2,41.73721106,-87.585782207,POINT (-87.58578220704 41.73721106039),POINT (1188278.4668027337 1847716.9778007776),2020,8650 S STONY ISLAND AVE