PERSON_ID,PERSON_TYPE,CRASH_RECORD_ID,VEHICLE_ID,SEX,AGE,AIRBAG_DEPLOYED,EJECTION,INJURY_CLASSIFICATION,DRIVER_ACTION,DRIVER_VISION,PHYSICAL_CONDITION,PEDPEDAL_ACTION,PEDPEDAL_VISIBILITY,PEDPEDAL_LOCATION,CRASH_DATE_EST_I,CRASH_DATE,POSTED_SPEED_LIMIT,WEATHER_CONDITION,LIGHTING_CONDITION,FIRST_CRASH_TYPE,TRAFFICWAY_TYPE,ROADWAY_SURFACE_COND,ROAD_DEFECT,REPORT_TYPE,CRASH_TYPE,HIT_AND_RUN_I,DAMAGE,DATE_POLICE_NOTIFIED,PRIM_CONTRIBUTORY_CAUSE,SEC_CONTRIBUTORY_CAUSE,DOORING_I,NUM_UNITS,MOST_SEVERE_INJURY,INJURIES_TOTAL,INJURIES_FATAL,INJURIES_INCAPACITATING,INJURIES_NON_INCAPACITATING,INJURIES_REPORTED_NOT_EVIDENT,INJURIES_NO_INDICATION,INJURIES_UNKNOWN,CRASH_HOUR,CRASH_DAY_OF_WEEK,CRASH_MONTH,LATITUDE,LONGITUDE,LOCATION,geometry,YEAR,ADDRESS
O1001596,DRIVER,4e673f785f038b1c989794cfabdaa4f6bcad5a1d105371cd27427508ea7aab1e5db2c6139afa7c35039255cd2951578b022777f3d6f5c10021915e10dc40cc84,949196.0,M,19.0,"DEPLOYED, COMBINATION",NONE,"REPORTED, NOT EVIDENT",NONE,UNKNOWN,UNKNOWN,,,,,2020-11-29 16:30:00,30,CLEAR,DUSK,ANGLE,FOUR WAY,DRY,NO DEFECTS,ON SCENE,INJURY AND / OR TOW DUE TO CRASH,N,"OVER $1,500",11/29/2020 04:40:00 PM,UNABLE TO DETERMINE,NOT APPLICABLE,,2,"REPORTED, NOT EVIDENT",2.0,0.0,0.0,0.0,2.0,2.0,0.0,16,1,11,41.877939866,-87.737953164,POINT (-87.737953163606 41.87793986566),POINT (1146391.143262467 1898673.6450774106),2020,4500 W ADAMS ST
O890345,DRIVER,612bf5c4fb624aec57dca9a8e1bd84092b7d9efd205754612ec024bc7192879250db2a0a88da2bd3c3bccac199ecb940b8e0aa528e21140abefa7079326bfe98,844565.0,M,34.0,DID NOT DEPLOY,NONE,NO INDICATION OF INJURY,FOLLOWED TOO CLOSELY,NOT OBSCURED,NORMAL,,,,,2020-05-28 15:07:00,30,CLEAR,DAYLIGHT,REAR END,NOT DIVIDED,DRY,SHOULDER DEFECT,ON SCENE,INJURY AND / OR TOW DUE TO CRASH,,"OVER $1,500",05/28/2020 03:10:00 PM,FOLLOWING TOO CLOSELY,UNABLE TO DETERMINE,,2,"REPORTED, NOT EVIDENT",1.0,0.0,0.0,0.0,1.0,1.0,0.0,15,5,5,41.851551962,-87.637809093,POINT (-87.637809092694 41.851551961572),POINT (1173741.6324147354 1889263.0413620633),2020,2272 S ARCHER AVE
O904213,DRIVER,eeee4e93e27e19a10447805fa0f1003f88196fee3875d2ebdb11e7904a7043207af42bad50bf74bf6b48fe13cd067197946ec920e32118596a73312452e84bb8,857380.0,M,,DEPLOYMENT UNKNOWN,NONE,NO INDICATION OF INJURY,UNKNOWN,UNKNOWN,UNKNOWN,,,,,2020-06-20 18:30:00,30,UNKNOWN,UNKNOWN,PARKED MOTOR VEHICLE,PARKING LOT,UNKNOWN,UNKNOWN,NOT ON SCENE (DESK REPORT),NO INJURY / DRIVE AWAY,Y,"$501 - $1,500",06/22/2020 10:20:00 AM,UNABLE TO DETERMINE,NOT APPLICABLE,,2,NO INDICATION OF INJURY,0.0,0.0,0.0,0.0,0.0,2.0,0.0,18,7,6,41.778151035,-87.722600136,POINT (-87.722600136312 41.778151035201),POINT (1150830.7820799614 1862340.4525819067),2020,6315 S PULASKI RD
O845201,DRIVER,eaa483d4ac7b96fd7d39d67d9006150908eac221e0da636b29bdc19989bb5772b799b8448f9fe049c2aab1b671d3b9309b271839ef91f46510eff7901d19342b,802103.0,F,30.0,NOT APPLICABLE,NONE,NO INDICATION OF INJURY,NONE,NOT OBSCURED,NORMAL,,,,,2020-02-04 20:30:00,35,CLEAR,"DARKNESS, LIGHTED ROAD",REAR END,NOT DIVIDED,DRY,NO DEFECTS,NOT ON SCENE (DESK REPORT),NO INJURY / DRIVE AWAY,,"$501 - $1,500",02/18/2020 02:00:00 PM,UNABLE TO DETERMINE,NOT APPLICABLE,,2,NO INDICATION OF INJURY,0.0,0.0,0.0,0.0,0.0,5.0,0.0,20,3,2,41.801699186,-87.632973917,POINT (-87.632973917467 41.80169918579),POINT (1175207.0471508848 1871107.6040320157),2020,245 W 51ST ST
O1008346,DRIVER,8c2191b568a7690cbd526e91991f2316377db84d4e91f23189ac1ecffe751d697cf8d546edede174533a5c9d1d9206ff780d641ee26a4ca7cbac21cabf115ce3,955647.0,M,41.0,"DEPLOYED, FRONT",NONE,NO INDICATION OF INJURY,UNKNOWN,NOT OBSCURED,UNKNOWN,,,,,2020-12-13 02:50:00,35,CLEAR,"DARKNESS, LIGHTED ROAD",FIXED OBJECT,DIVIDED - W/MEDIAN BARRIER,DRY,NO DEFECTS,ON SCENE,INJURY AND / OR TOW DUE TO CRASH,,"OVER $1,500",12/13/2020 02:50:00 AM,FAILING TO YIELD RIGHT-OF-WAY,FAILING TO REDUCE SPEED TO AVOID CRASH,,1,NO INDICATION OF INJURY,0.0,0.0,0.0,0.0,0.0,3.0,0.0,2,1,12,41.832133803,-87.694728059,POINT (-87.694728059276 41.83213380291),POINT (1158286.9201471522 1882066.67173559),2020,3401 S CALIFORNIA AVE
O983908,DRIVER,78a9ecd4af770a12ca4a7c7f01fa822e0d832dead1c34d3193e515afb7ece23f68d0624cf531a21de99e32d24c6fcb50afd0ef00935cf1616c66b8984eb3a0c6,932398.0,M,44.0,"DEPLOYED, FRONT",NONE,NO INDICATION OF INJURY,NONE,NOT OBSCURED,NORMAL,,,,,2020-10-26 23:56:00,35,CLEAR,"DARKNESS, LIGHTED ROAD",ANGLE,FOUR WAY,DRY,NO DEFECTS,ON SCENE,INJURY AND / OR TOW DUE TO CRASH,,"OVER $1,500",10/26/2020 11:58:00 PM,DISREGARDING TRAFFIC SIGNALS,DRIVING SKILLS/KNOWLEDGE/EXPERIENCE,,2,NO INDICATION OF INJURY,0.0,0.0,0.0,0.0,0.0,2.0,0.0,23,2,10,41.881759151,-87.643977647,POINT (-87.643977647215 41.88175915108),POINT (1171972.6433970435 1900256.93672745),2020,1 S DESPLAINES ST
O943701,DRIVER,c993b3094745bc3c32c92813fd77381527dcc77d8a65a79214c81fc7b7547e3e86b055949acaa2111c0931f6746f7947ab443458298b8deccdc558c4451b3293,894531.0,F,37.0,DID NOT DEPLOY,UNKNOWN,NO INDICATION OF INJURY,UNKNOWN,UNKNOWN,UNKNOWN,,,,,2020-08-22 17:00:00,30,CLEAR,DAYLIGHT,ANGLE,DIVIDED - W/MEDIAN BARRIER,UNKNOWN,UNKNOWN,ON SCENE,NO INJURY / DRIVE AWAY,Y,"OVER $1,500",08/22/2020 05:05:00 PM,UNABLE TO DETERMINE,UNABLE TO DETERMINE,,2,NO INDICATION OF INJURY,0.0,0.0,0.0,0.0,0.0,2.0,0.0,17,7,8,41.876763705,-87.686174056,POINT (-87.686174055897 41.87676370496),POINT (1160495.5528418056 1898347.1268718387),2020,325 S WESTERN AVE
O948266,DRIVER,91d2c55de56039c2e9cdc577af592f73e34c4f5a87598b89b0f3c21b3fe1102096385b17c8b69c22f6fc754504c1d8710ec4009bda7ce920a7d041d7be23cb19,898868.0,M,34.0,DID NOT DEPLOY,NONE,NO INDICATION OF INJURY,FOLLOWED TOO CLOSELY,UNKNOWN,NORMAL,,,,,2020-08-29 19:34:00,30,CLEAR,"DARKNESS, LIGHTED ROAD",REAR END,NOT DIVIDED,DRY,NO DEFECTS,NOT ON SCENE (DESK REPORT),NO INJURY / DRIVE AWAY,,"$501 - $1,500",08/29/2020 08:45:00 PM,FOLLOWING TOO CLOSELY,NOT APPLICABLE,,2,NO INDICATION OF INJURY,0.0,0.0,0.0,0.0,0.0,4.0,0.0,19,7,8,41.899258154,-87.711619098,POINT (-87.711619098132 41.899258154129),POINT (1153506.5014818911 1906492.8597348682),2020,3400 W AUGUSTA BLVD
O973177,DRIVER,4b63cd5d4d4342ed46cabff058bea0f5bd19dd7bd3b3c6cc811bd3cd5020fff07d5f39d0d695b69d86d6897ecbf474b56db3be1fa67d0ab775056dbe4d6e419c,922239.0,M,,DEPLOYMENT UNKNOWN,NONE,NO INDICATION OF INJURY,IMPROPER PASSING,UNKNOWN,UNKNOWN,,,,,2020-10-08 17:30:00,30,CLEAR,DUSK,SIDESWIPE SAME DIRECTION,NOT DIVIDED,DRY,NO DEFECTS,NOT ON SCENE (DESK REPORT),NO INJURY / DRIVE AWAY,Y,$500 OR LESS,10/08/2020 06:00:00 PM,UNABLE TO DETERMINE,UNABLE TO DETERMINE,,2,NO INDICATION OF INJURY,0.0,0.0,0.0,0.0,0.0,4.0,0.0,17,5,10,41.837625658,-87.665604852,POINT (-87.665604851749 41.837625658202),POINT (1166208.2518885978 1884128.230495714),2020,3099 S ARCHER AVE
P200031,PASSENGER,f570afcc37b1ea369c924b019cac04cd7ec0ee945318ba07564fa76846e869a449ae9bc58ce6a03b71143c8757172bb3434b6de1308e3f2ee320794202e3f531,830769.0,,,DID NOT DEPLOY,NONE,NO INDICATION OF INJURY,,,,,,,,2020-04-25 14:25:00,35,RAIN,DAYLIGHT,REAR END,NOT DIVIDED,WET,NO DEFECTS,ON SCENE,NO INJURY / DRIVE AWAY,Y,"$501 - $1,500",04/25/2020 02:29:00 PM,UNABLE TO DETERMINE,UNABLE TO DETERMINE,,2,NO INDICATION OF INJURY,0.0,0.0,0.0,0.0,0.0,3.0,0.0,14,7,4,41.77351266,-87.566623246,POINT (-87.566623246128 41.773512660369),POINT (1193389.65209257 1860990.9934078439),2020,6701 S SOUTH SHORE DR
O981804,DRIVER,559bdc36f1197f40a9b16a6fd57c4017a199583155ac7dfa4f11e506ff9c6f55debac9c574b2647b1f6c33637376136f5e56e21e75f0398934d0927bb8721315,930388.0,M,24.0,DID NOT DEPLOY,NONE,NO INDICATION OF INJURY,NONE,NOT OBSCURED,NORMAL,,,,,2020-10-23 10:15:00,40,RAIN,DAYLIGHT,REAR END,DIVIDED - W/MEDIAN BARRIER,WET,NO DEFECTS,ON SCENE,INJURY AND / OR TOW DUE TO CRASH,,"OVER $1,500",10/23/2020 10:28:00 AM,WEATHER,FAILING TO REDUCE SPEED TO AVOID CRASH,,2,NONINCAPACITATING INJURY,1.0,0.0,0.0,1.0,0.0,1.0,0.0,10,6,10,41.97339175,-87.649358949,POINT (-87.649358948908 41.973391750411),POINT (1170240.8605507545 1933636.3176608165),2020,5000 N LAKE SHORE DR SB
O935946,DRIVER,c0506da0cd7c6c8390361cbb39a3f3a3600e4688c8e7b67cb5cc9eb9d489b3b21d7d5b212bf22cd39ddc70fc2685e42ebdd6be27b16ba1ee7e30dda8ad67b036,887258.0,F,31.0,"DEPLOYED, COMBINATION",NONE,NO INDICATION OF INJURY,FAILED TO YIELD,UNKNOWN,NORMAL,,,,,2020-08-11 01:23:00,30,CLEAR,"DARKNESS, LIGHTED ROAD",ANGLE,FOUR WAY,WET,NO DEFECTS,ON SCENE,INJURY AND / OR TOW DUE TO CRASH,,"OVER $1,500",08/11/2020 01:23:00 AM,FAILING TO YIELD RIGHT-OF-WAY,UNABLE TO DETERMINE,,2,NONINCAPACITATING INJURY,1.0,0.0,0.0,1.0,0.0,1.0,0.0,1,3,8,41.885348559,-87.667114404,POINT (-87.667114403773 41.88534855881),POINT (1165661.9462718272 1901515.1535216293),2020,200 N ASHLAND AVE
P211384,PASSENGER,34b51973abec28782195ea3718d2d14ec4dae5a25da18126824c4d2439fe53c88f6b83aba288b286a3c35a4ea287928b7c7311e9e3d1287fe0ae3e23191ef64f,877417.0,M,0.0,DID NOT DEPLOY,NONE,NO INDICATION OF INJURY,,,,,,,,2020-07-25 22:10:00,30,CLEAR,"DARKNESS, LIGHTED ROAD",SIDESWIPE SAME DIRECTION,NOT DIVIDED,DRY,NO DEFECTS,NOT ON SCENE (DESK REPORT),INJURY AND / OR TOW DUE TO CRASH,,"$501 - $1,500",07/25/2020 10:12:00 PM,NOT APPLICABLE,NOT APPLICABLE,,2,NO INDICATION OF INJURY,0.0,0.0,0.0,0.0,0.0,4.0,0.0,22,7,7,41.940321769,-87.638349669,POINT (-87.638349669471 41.940321768867),POINT (1173332.3248846913 1921609.5796950797),2020,311 W BELMONT AVE
O961767,DRIVER,4f5f6b1db2a1844c9c0caf6565aa86a8c1147ff9768bb0df2cbb120d4cb56797de106620eacb1c2b90eebbb9c31d25250f6698e7c07b9b6ce9d12ccaf4cbbe14,911517.0,M,27.0,DID NOT DEPLOY,NONE,NO INDICATION OF INJURY,UNKNOWN,UNKNOWN,UNKNOWN,,,,,2020-09-20 14:32:00,30,CLEAR,DAYLIGHT,TURNING,NOT DIVIDED,DRY,NO DEFECTS,ON SCENE,INJURY AND / OR TOW DUE TO CRASH,,"OVER $1,500",09/20/2020 02:32:00 PM,UNABLE TO DETERMINE,NOT APPLICABLE,,2,NO INDICATION OF INJURY,0.0,0.0,0.0,0.0,0.0,2.0,0.0,14,1,9,41.885580318,-87.725921924,POINT (-87.725921923893 41.885580318349),POINT (1149647.944306665 1901480.7736386918),2020,4000 W LAKE ST
O929305,PEDESTRIAN,3fff0a47d2161009eefc02efb05401921047f5a7dac5a5fd28120b108109fd7ef41fcf6938cd117fe0542e35252d6d98e94ef4bf3953f8a8afa1692cc4480680,,M,7.0,,,NONINCAPACITATING INJURY,NONE,PARKED VEHICLES,NORMAL,CROSSING - NO CONTROLS (NOT AT INTERSECTION),NO CONTRASTING CLOTHING,IN ROADWAY,,2020-07-31 16:30:00,30,CLEAR,DAYLIGHT,PEDESTRIAN,OTHER,DRY,NO DEFECTS,ON SCENE,INJURY AND / OR TOW DUE TO CRASH,,$500 OR LESS,07/31/2020 04:50:00 PM,"VISION OBSCURED (SIGNS, TREE LIMBS, BUILDINGS, ETC.)",NOT APPLICABLE,,2,NONINCAPACITATING INJURY,1.0,0.0,0.0,1.0,0.0,1.0,0.0,16,6,7,41.775587309,-87.689707406,POINT (-87.689707405611 41.77558730861),POINT (1159809.4861733185 1861471.6836918571),2020,2632 W 65TH ST
O939868,DRIVER,726ad2744e7b9897568017931d82bd99402318702e34350481cd541f0c9017391d7eb2962ae9fd7f9e5ab9bffaea9927d4b12141b4fab460ce053588c70b0fa9,890967.0,F,41.0,DID NOT DEPLOY,NONE,NO INDICATION OF INJURY,NONE,NOT OBSCURED,NORMAL,,,,,2020-08-15 13:12:00,30,CLEAR,DAYLIGHT,REAR END,DIVIDED - W/MEDIAN BARRIER,DRY,NO DEFECTS,NOT ON SCENE (DESK REPORT),NO INJURY / DRIVE AWAY,,"$501 - $1,500",08/16/2020 05:20:00 PM,"OPERATING VEHICLE IN ERRATIC, RECKLESS, CARELESS, NEGLIGENT OR AGGRESSIVE MANNER",HAD BEEN DRINKING (USE WHEN ARREST IS NOT MADE),,2,NO INDICATION OF INJURY,0.0,0.0,0.0,0.0,0.0,3.0,0.0,13,7,8,41.73617002,-87.625011157,POINT (-87.625011156926 41.736170020176),POINT (1177574.8015178733 1847247.0716844904),2020,15 W 87TH ST
O959784,DRIVER,0746ed7eab0ddee74d9644f49f315f95f7ae70e422dc9f30fd2f4a082b967ea3fac586e33709763c75c962884e102a1e2cb4d57441caf131fc9740a902f21445,909684.0,M,51.0,DID NOT DEPLOY,NONE,NO INDICATION OF INJURY,OTHER,NOT OBSCURED,NORMAL,,,,,2020-09-17 13:45:00,30,CLEAR,DAYLIGHT,TURNING,ONE-WAY,DRY,NO DEFECTS,NOT ON SCENE (DESK REPORT),NO INJURY / DRIVE AWAY,,"OVER $1,500",09/17/2020 02:15:00 PM,IMPROPER LANE USAGE,UNABLE TO DETERMINE,,2,NO INDICATION OF INJURY,0.0,0.0,0.0,0.0,0.0,2.0,0.0,13,5,9,41.879239473,-87.642723051,POINT (-87.642723050862 41.879239473141),POINT (1172321.6805045356 1899341.5150706046),2020,200 S JEFFERSON ST
P226500,PASSENGER,ba2c0d903d773bca0e21c0e45bda9851ea44068d3678c630453c5df7c887b83b551ef04910398be2127996764a0848f36dc5d54ee9df80598f1bf53163815f59,946699.0,M,24.0,NOT APPLICABLE,NONE,NO INDICATION OF INJURY,,,,,,,,2020-11-24 11:42:00,30,RAIN,DAYLIGHT,ANGLE,NOT DIVIDED,WET,NO DEFECTS,ON SCENE,INJURY AND / OR TOW DUE TO CRASH,,"OVER $1,500",11/24/2020 11:42:00 AM,WEATHER,WEATHER,,2,"REPORTED, NOT EVIDENT",1.0,0.0,0.0,0.0,1.0,7.0,0.0,11,3,11,41.797398663,-87.683979629,POINT (-87.683979629186 41.79739866337),POINT (1161311.8127512797 1869431.3312881512),2020,5301 S WESTERN AVE
P218167,PASSENGER,1c0593e222c682b94157eaea935d44bbab86934d9ec48b78ce9668ca5c49197f1725cf70fa04d389ed0dd5d06b6c39c73f68338a74bc8b4af6153530f86ba0fa,907080.0,M,46.0,DID NOT DEPLOY,NONE,NO INDICATION OF INJURY,,,,,,,,2020-09-12 20:15:00,30,CLEAR,"DARKNESS, LIGHTED ROAD",FIXED OBJECT,NOT DIVIDED,WET,OTHER,ON SCENE,NO INJURY / DRIVE AWAY,,"OVER $1,500",09/12/2020 08:19:00 PM,ROAD ENGINEERING/SURFACE/MARKING DEFECTS,NOT APPLICABLE,,1,NO INDICATION OF INJURY,0.0,0.0,0.0,0.0,0.0,4.0,0.0,20,7,9,41.83394241,-87.673613979,POINT (-87.673613978646 41.833942410228),POINT (1164036.0352978522 1882769.20449563),2020,1915 W 33RD ST
O992499,DRIVER,15c10ea0345deffcbaa88c2b808c1d51875681947e871de5ea2a387542c7cb906b9cf09902e72db74ddc35a1124701ce22317494d968ce049df86f0364a94cdf,940520.0,M,24.0,DID NOT DEPLOY,NONE,NO INDICATION OF INJURY,FAILED TO YIELD,NOT OBSCURED,NORMAL,,,,,2020-11-11 07:20:00,30,CLEAR,DAYLIGHT,SIDESWIPE SAME DIRECTION,DIVIDED - W/MEDIAN (NOT RAISED),DRY,NO DEFECTS,NOT ON SCENE (DESK REPORT),NO INJURY / DRIVE AWAY,,"$501 - $1,500",11/11/2020 03:00:00 PM,FAILING TO YIELD RIGHT-OF-WAY,IMPROPER OVERTAKING/PASSING,,2,NO INDICATION OF INJURY,0.0,0.0,0.0,0.0,0.0,2.0,0.0,7,4,11,41.93837034,-87.707771294,POINT (-87.707771294165 41.938370340279),POINT (1154450.0744333938 1920752.9952687307),2020,3128 N KEDZIE AVE
P187934,PASSENGER,436f9b8a9bf44ba02fe78270d1d358df962c18b59a142062286b7fe2439ab7bb8065ab82b7005f22e2ad50bcf13ae21e06264c5fb6db6e5a163d42cabd4153e5,779820.0,M,44.0,NOT APPLICABLE,NONE,NO INDICATION OF INJURY,,,,,,,,2020-01-13 15:40:00,30,CLOUDY/OVERCAST,DAYLIGHT,PARKED MOTOR VEHICLE,NOT DIVIDED,DRY,NO DEFECTS,ON SCENE,NO INJURY / DRIVE AWAY,,"$501 - $1,500",01/13/2020 03:45:00 PM,NOT APPLICABLE,NOT APPLICABLE,,2,NO INDICATION OF INJURY,0.0,0.0,0.0,0.0,0.0,3.0,0.0,15,2,1,41.678361015,-87.622817549,POINT (-87.622817549118 41.678361014784),POINT (1178347.3210426427 1826187.0727293016),2020,11848 S STATE ST
O814878,DRIVER,851e0bc8eaa0a5d01907d642462df7663e1a45f732c0b25939cbc23851fd995b34c052d12fd03d453c41ac59572976da079b92922fbe333ee8b64c8fb96660ad,773592.0,M,18.0,NOT APPLICABLE,NONE,NO INDICATION OF INJURY,FAILED TO YIELD,UNKNOWN,NORMAL,,,,,2020-01-02 13:40:00,30,CLEAR,DAYLIGHT,PARKED MOTOR VEHICLE,NOT DIVIDED,DRY,NO DEFECTS,ON SCENE,NO INJURY / DRIVE AWAY,Y,$500 OR LESS,01/02/2020 01:44:00 PM,UNABLE TO DETERMINE,UNABLE TO DETERMINE,,2,NO INDICATION OF INJURY,0.0,0.0,0.0,0.0,0.0,1.0,0.0,13,5,1,41.949287909,-87.77782184,POINT (-87.777821839867 41.949287909469),POINT (1135365.1888469872 1924600.0897703848),2020,6029 W GRACE ST
O965406,DRIVER,bf91cae40e62fe2e011c08e9085867b2367682ef1d561349dd42a4586b821b9aa3b8426d5629c86e6a023dcc0c4fd24a577be24075791ca9a1082d3b5d31e7fc,914954.0,M,,DEPLOYMENT UNKNOWN,NONE,NO INDICATION OF INJURY,OTHER,UNKNOWN,UNKNOWN,,,,,2020-09-26 11:35:00,30,CLOUDY/OVERCAST,DAYLIGHT,SIDESWIPE SAME DIRECTION,DIVIDED - W/MEDIAN (NOT RAISED),DRY,NO DEFECTS,ON SCENE,NO INJURY / DRIVE AWAY,Y,"OVER $1,500",09/26/2020 11:42:00 AM,IMPROPER BACKING,NOT APPLICABLE,,2,NO INDICATION OF INJURY,0.0,0.0,0.0,0.0,0.0,2.0,0.0,11,7,9,41.909364328,-87.757918182,POINT (-87.757918182347 41.909364328093),POINT (1140877.211887778 1910087.6053635837),2020,5261 W NORTH AVE
P217957,PASSENGER,0ddfe8626f1c9700bc59bea357964066a5d4fdf7451c36113d9e39ea810de4876c32006c23bebd193454f39f3640000e782dda1761e8cce484340acb566bc617,906179.0,F,,DID NOT DEPLOY,NONE,NO INDICATION OF INJURY,,,,,,,,2020-09-11 13:38:00,30,CLEAR,DAYLIGHT,PARKED MOTOR VEHICLE,DIVIDED - W/MEDIAN BARRIER,DRY,NO DEFECTS,ON SCENE,NO INJURY / DRIVE AWAY,,"OVER $1,500",09/11/2020 01:43:00 PM,IMPROPER BACKING,NOT APPLICABLE,,2,NO INDICATION OF INJURY,0.0,0.0,0.0,0.0,0.0,4.0,0.0,13,6,9,41.852973826,-87.623895683,POINT (-87.623895682697 41.852973826132),POINT (1177528.002773619 1889812.1755705387),2020,80 E CERMAK RD
O901793,DRIVER,bbf4455f57406799ef922ddba603752182264d5c80e55c2e4b195bfae5e91f6032765bc9f3d24211052aba3b9e2ea193823d1031c7f75b6e6dcc8732515fd6d8,855098.0,M,47.0,DID NOT DEPLOY,NONE,NO INDICATION OF INJURY,OTHER,UNKNOWN,NORMAL,,,,,2020-06-18 15:45:00,30,CLEAR,DAYLIGHT,PARKED MOTOR VEHICLE,ONE-WAY,DRY,NO DEFECTS,ON SCENE,NO INJURY / DRIVE AWAY,,"OVER $1,500",06/18/2020 03:49:00 PM,DRIVING SKILLS/KNOWLEDGE/EXPERIENCE,UNABLE TO DETERMINE,,2,NO INDICATION OF INJURY,0.0,0.0,0.0,0.0,0.0,1.0,0.0,15,5,6,41.816783515,-87.631340178,POINT (-87.631340178481 41.816783514781),POINT (1175607.5997656784 1876607.88841842),2020,4250 S WENTWORTH AVE
O823283,DRIVER,4ed2abce71d33ebcf91aaca39a211d59246b0687bfe3a9c9c7b42e4ce13a105bc466ae8885088fcdf0077af8d8b182e230e05d06486083ec9d48ee3f75ac1b01,781546.0,M,,DEPLOYMENT UNKNOWN,NONE,NO INDICATION OF INJURY,FAILED TO YIELD,UNKNOWN,UNKNOWN,,,,,2020-01-16 07:15:00,30,CLEAR,DAYLIGHT,REAR END,NOT DIVIDED,DRY,NO DEFECTS,NOT ON SCENE (DESK REPORT),NO INJURY / DRIVE AWAY,,"$501 - $1,500",01/16/2020 10:00:00 AM,FAILING TO REDUCE SPEED TO AVOID CRASH,NOT APPLICABLE,,2,NO INDICATION OF INJURY,0.0,0.0,0.0,0.0,0.0,2.0,0.0,7,5,1,41.915081651,-87.785045013,POINT (-87.785045013143 41.915081651474),POINT (1133479.9824687713 1912122.6316620621),2020,1915 N NARRAGANSETT AVE
O878558,DRIVER,e9a4102064e3d01877774dde816d548ae1bd001a8840b771304a911a8b729a0205eb8e6baa0879eb1ee9d68e0a608fe17d970f1bc0128bb0ba7a407a2e58d256,833489.0,M,45.0,NOT APPLICABLE,NONE,NO INDICATION OF INJURY,NONE,NOT OBSCURED,NORMAL,,,,,2020-05-02 15:30:00,30,CLEAR,DAYLIGHT,REAR END,CENTER TURN LANE,DRY,NO DEFECTS,ON SCENE,NO INJURY / DRIVE AWAY,,"$501 - $1,500",05/02/2020 03:43:00 PM,FAILING TO REDUCE SPEED TO AVOID CRASH,UNABLE TO DETERMINE,,2,NO INDICATION OF INJURY,0.0,0.0,0.0,0.0,0.0,2.0,0.0,15,7,5,41.929848997,-87.684643784,POINT (-87.684643783527 41.929848996597),POINT (1160766.0261555573 1917694.5653990912),2020,2656 N ELSTON AVE
O835281,DRIVER,4876a499d9bb575812573a2dbc418e16287ab1c961eb9be1ef1c481cde8a6726a93530a01e4d16f84238d46ed08bde0ddbca5770b4b8e84ee12cd12d1e5fe234,792703.0,M,,DEPLOYMENT UNKNOWN,NONE,NO INDICATION OF INJURY,OTHER,UNKNOWN,UNKNOWN,,,,,2020-02-03 09:40:00,15,CLEAR,DAYLIGHT,FIXED OBJECT,ALLEY,DRY,NO DEFECTS,NOT ON SCENE (DESK REPORT),NO INJURY / DRIVE AWAY,Y,"OVER $1,500",02/04/2020 02:40:00 PM,UNABLE TO DETERMINE,UNABLE TO DETERMINE,,1,NO INDICATION OF INJURY,0.0,0.0,0.0,0.0,0.0,1.0,0.0,9,2,2,41.970711544,-87.676115875,POINT (-87.676115874799 41.970711543999),POINT (1162972.3970445911 1932602.6826403611),2020,4901 N WOLCOTT AVE
O989628,DRIVER,f4b960edc5d11fe92d912cc7b0226ed940f509f0d8160dddd9008b5b940ddf95581a3f1f0359683bcf70c4b02847cb7184fd08baab6278e6199882a954eb619e,937792.0,M,48.0,DID NOT DEPLOY,NONE,NO INDICATION OF INJURY,UNKNOWN,NOT OBSCURED,NORMAL,,,,,2020-10-30 16:00:00,30,UNKNOWN,"DARKNESS, LIGHTED ROAD",PARKED MOTOR VEHICLE,PARKING LOT,UNKNOWN,NO DEFECTS,,NO INJURY / DRIVE AWAY,,"OVER $1,500",11/03/2020 11:45:00 AM,UNABLE TO DETERMINE,UNABLE TO DETERMINE,,2,NO INDICATION OF INJURY,0.0,0.0,0.0,0.0,0.0,1.0,0.0,16,6,10,41.976140077,-87.842496998,POINT (-87.842496998204 41.976140076689),POINT (1117715.5750852448 1934277.7047804135),2020,8622 W SUMMERDALE AVE
O889064,DRIVER,b7e25a9889ef20b2c17516e90361186a710069deb60ca09bc0bdfc8eabd1c93170923614f8a3248c8852d523869b651f64f407214b420250d57e87142a63a687,843375.0,M,29.0,"DEPLOYED, FRONT",NONE,NONINCAPACITATING INJURY,NONE,NOT OBSCURED,NORMAL,,,,,2020-05-26 02:21:00,30,CLEAR,"DARKNESS, LIGHTED ROAD",OTHER NONCOLLISION,NOT DIVIDED,DRY,NO DEFECTS,ON SCENE,INJURY AND / OR TOW DUE TO CRASH,,"OVER $1,500",05/26/2020 02:21:00 AM,IMPROPER OVERTAKING/PASSING,DRIVING ON WRONG SIDE/WRONG WAY,,3,NONINCAPACITATING INJURY,2.0,0.0,0.0,2.0,0.0,1.0,0.0,2,3,5,41.876952507,-87.727568908,POINT (-87.727568908047 41.876952507291),POINT (1149221.6605263466 1898333.6420281122),2020,4051 W JACKSON BLVD
O869451,DRIVER,3098485781bbdf9717227d8ef373ed7b90e7c45797d52970593295121629c33da94496cd75c194788845669357245271bd2145a8ddef7e0cba2082c1799fcb5b,824930.0,X,,DEPLOYMENT UNKNOWN,UNKNOWN,NO INDICATION OF INJURY,UNKNOWN,UNKNOWN,UNKNOWN,,,,,2020-04-05 16:30:00,30,CLEAR,DAYLIGHT,PARKED MOTOR VEHICLE,PARKING LOT,DRY,NO DEFECTS,ON SCENE,NO INJURY / DRIVE AWAY,Y,"OVER $1,500",04/05/2020 05:05:00 PM,UNABLE TO DETERMINE,UNABLE TO DETERMINE,,2,NO INDICATION OF INJURY,0.0,0.0,0.0,0.0,0.0,1.0,0.0,16,1,4,41.893378472,-87.65801727,POINT (-87.658017270087 41.893378472372),POINT (1168116.0868400391 1904460.6133907267),2020,1213 W ERIE ST