PERSON_ID,PERSON_TYPE,CRASH_RECORD_ID,VEHICLE_ID,SEX,AGE,AIRBAG_DEPLOYED,EJECTION,INJURY_CLASSIFICATION,DRIVER_ACTION,DRIVER_VISION,PHYSICAL_CONDITION,PEDPEDAL_ACTION,PEDPEDAL_VISIBILITY,PEDPEDAL_LOCATION,CRASH_DATE_EST_I,CRASH_DATE,POSTED_SPEED_LIMIT,WEATHER_CONDITION,LIGHTING_CONDITION,FIRST_CRASH_TYPE,TRAFFICWAY_TYPE,ROADWAY_SURFACE_COND,ROAD_DEFECT,REPORT_TYPE,CRASH_TYPE,HIT_AND_RUN_I,DAMAGE,DATE_POLICE_NOTIFIED,PRIM_CONTRIBUTORY_CAUSE,SEC_CONTRIBUTORY_CAUSE,DOORING_I,NUM_UNITS,MOST_SEVERE_INJURY,INJURIES_TOTAL,INJURIES_FATAL,INJURIES_INCAPACITATING,INJURIES_NON_INCAPACITATING,INJURIES_REPORTED_NOT_EVIDENT,INJURIES_NO_INDICATION,INJURIES_UNKNOWN,CRASH_HOUR,CRASH_DAY_OF_WEEK,CRASH_MONTH,LATITUDE,LONGITUDE,LOCATION,geometry,YEAR,ADDRESS
P197483,PASSENGER,b503082d30d7a00741569b85827144134d2bb44dc4b820b3c6adbd8e2309cb3fa46df4eb673c4060f4a68434d64365df80bd055c4fcddf2c8040a0e64bfa57e0,819331.0,F,,DID NOT DEPLOY,NONE,NO INDICATION OF INJURY,,,,,,,,2020-03-12 17:45:00,30,CLEAR,DAYLIGHT,REAR END,NOT DIVIDED,DRY,NO DEFECTS,NOT ON SCENE (DESK REPORT),NO INJURY / DRIVE AWAY,,"$501 - $1,500",03/17/2020 10:30:00 AM,IMPROPER BACKING,UNABLE TO DETERMINE,,2,NO INDICATION OF INJURY,0.0,0.0,0.0,0.0,0.0,4.0,0.0,17,5,3,41.85787682,-87.663911844,POINT (-87.663911844314 41.857876820479),POINT (1166612.080680415 1891511.2824279892),2020,1758 S LAFLIN ST
O940861,DRIVER,207ffa4b3ddb33cb4e4113034128f884051c84ceaa39fee53a6a56451c6ab584c6dec4f1b3e5ff318c65a85e922de36c0cdd413aa18a3eed63704b08f3e453c7,891912.0,F,31.0,NOT APPLICABLE,NONE,NO INDICATION OF INJURY,UNKNOWN,UNKNOWN,UNKNOWN,,,,,2020-08-18 11:50:00,30,CLEAR,DAYLIGHT,TURNING,NOT DIVIDED,DRY,NO DEFECTS,NOT ON SCENE (DESK REPORT),NO INJURY / DRIVE AWAY,,"$501 - $1,500",08/18/2020 12:10:00 PM,DRIVING SKILLS/KNOWLEDGE/EXPERIENCE,NOT APPLICABLE,,2,NO INDICATION OF INJURY,0.0,0.0,0.0,0.0,0.0,2.0,0.0,11,3,8,41.952671123,-87.786695765,POINT (-87.78669576538 41.952671122985),POINT (1132943.3533302264 1925817.4203069203),2020,3954 N NARRAGANSETT AVE
O896511,DRIVER,32fffed1a381e9743262623d9afdf20f446514b8091115a5a7229616aba6bb5a48eaabaa2dfb40fd7241b79ac80efa1960986c51423e128eaadda62a0643b0b2,850134.0,F,0.0,"DEPLOYED, FRONT",NONE,NO INDICATION OF INJURY,DISREGARDED CONTROL DEVICES,NOT OBSCURED,NORMAL,,,,Y,2020-06-09 00:45:00,30,CLEAR,"DARKNESS, LIGHTED ROAD",ANGLE,FOUR WAY,DRY,NO DEFECTS,ON SCENE,INJURY AND / OR TOW DUE TO CRASH,,"OVER $1,500",06/09/2020 12:45:00 AM,DISREGARDING TRAFFIC SIGNALS,FAILING TO REDUCE SPEED TO AVOID CRASH,,2,"REPORTED, NOT EVIDENT",2.0,0.0,0.0,0.0,2.0,4.0,0.0,0,3,6,41.736611592,-87.614611334,POINT (-87.614611334361 41.736611592278),POINT (1180411.9341451486 1847431.5090253516),2020,398 E 87TH ST
O1002685,DRIVER,6df7a1b53b72a23949e941038c1a58bc67307f3ba9263a250783606cbf24d42ea9ed5d108c62eba6660105e75661271002d757efa5eba9aec54c5c62c14fc8b1,950226.0,M,56.0,DID NOT DEPLOY,NONE,NO INDICATION OF INJURY,NONE,NOT OBSCURED,NORMAL,,,,,2020-12-02 07:40:00,30,CLEAR,UNKNOWN,SIDESWIPE SAME DIRECTION,NOT DIVIDED,UNKNOWN,UNKNOWN,ON SCENE,NO INJURY / DRIVE AWAY,Y,$500 OR LESS,12/02/2020 08:10:00 AM,UNABLE TO DETERMINE,NOT APPLICABLE,,2,NO INDICATION OF INJURY,0.0,0.0,0.0,0.0,0.0,2.0,0.0,7,4,12,41.730478775,-87.660413707,POINT (-87.660413706718 41.730478774551),POINT (1167928.4233611224 1845095.702653559),2020,1464 W 90TH ST
O906610,DRIVER,fd4cd5cd46ffc6c7aa8b77746aea383f72812670122839b0a6a199a049e6b33cd66c27800e22256385d32f3e3d75fb1db83c189968bfe54d79fb64224d3a93f2,859642.0,M,,DEPLOYMENT UNKNOWN,NONE,NO INDICATION OF INJURY,FOLLOWED TOO CLOSELY,UNKNOWN,UNKNOWN,,,,,2020-06-26 11:44:00,30,RAIN,DAYLIGHT,TURNING,FOUR WAY,WET,NO DEFECTS,NOT ON SCENE (DESK REPORT),NO INJURY / DRIVE AWAY,Y,"$501 - $1,500",06/26/2020 12:00:00 PM,FOLLOWING TOO CLOSELY,DISREGARDING STOP SIGN,,2,NO INDICATION OF INJURY,0.0,0.0,0.0,0.0,0.0,2.0,0.0,11,6,6,41.868508093,-87.661763201,POINT (-87.661763200745 41.868508092887),POINT (1167167.1071779712 1895389.8666555802),2020,1100 S LOOMIS ST
O839687,DRIVER,fc983cc515965f169c480a18bd85a23a3085fc3bcd635b15c3201a746f187dd9c8d536857083f2088068387a6c4c4b036dcdee56190b7ef6ffdb61513c5b40c1,796857.0,F,46.0,"DEPLOYED, FRONT",NONE,NO INDICATION OF INJURY,NONE,NOT OBSCURED,NORMAL,,,,,2020-02-11 00:13:00,25,CLEAR,"DARKNESS, LIGHTED ROAD",REAR END,NOT DIVIDED,DRY,NO DEFECTS,ON SCENE,INJURY AND / OR TOW DUE TO CRASH,,"OVER $1,500",02/11/2020 12:14:00 AM,FAILING TO REDUCE SPEED TO AVOID CRASH,FOLLOWING TOO CLOSELY,,4,NO INDICATION OF INJURY,0.0,0.0,0.0,0.0,0.0,3.0,0.0,0,3,2,41.723626715,-87.613038164,POINT (-87.613038164089 41.723626714753),POINT (1180880.8998871152 1842703.5394635783),2020,431 E 94TH ST
O863582,DRIVER,bec75cf722527cd0b4010bde7997cb1202122b5faff51585ea3667d7ef6607152e3cb34e0d4e7d820dcbabcd70d8d939b48e7c9d83147179f55d6c20d3e24673,819502.0,F,31.0,DID NOT DEPLOY,NONE,"REPORTED, NOT EVIDENT",NONE,NOT OBSCURED,NORMAL,,,,,2020-03-17 15:15:00,30,CLEAR,DAYLIGHT,REAR END,NOT DIVIDED,DRY,NO DEFECTS,ON SCENE,INJURY AND / OR TOW DUE TO CRASH,,"OVER $1,500",03/17/2020 03:16:00 PM,UNABLE TO DETERMINE,FOLLOWING TOO CLOSELY,,4,"REPORTED, NOT EVIDENT",2.0,0.0,0.0,0.0,2.0,5.0,0.0,15,3,3,41.808522529,-87.66286613,POINT (-87.662866130022 41.808522528932),POINT (1167037.3234664444 1873528.9987090237),2020,1507 W 47TH ST
O879773,DRIVER,8c0fb0ac499be0b4f2af23bcf6d994242d295cd7026cb1eaa39810e2ca950ccfe7236e4becfda0ade76962e05515bdedbe1546093b5e6be6aba27c907d8c2c11,834645.0,X,,DEPLOYMENT UNKNOWN,UNKNOWN,NO INDICATION OF INJURY,UNKNOWN,UNKNOWN,UNKNOWN,,,,Y,2020-05-05 11:10:00,30,RAIN,UNKNOWN,PARKED MOTOR VEHICLE,DIVIDED - W/MEDIAN (NOT RAISED),WET,NO DEFECTS,ON SCENE,NO INJURY / DRIVE AWAY,Y,"OVER $1,500",05/05/2020 03:00:00 PM,NOT APPLICABLE,NOT APPLICABLE,,2,NO INDICATION OF INJURY,0.0,0.0,0.0,0.0,0.0,1.0,0.0,11,3,5,41.880665856,-87.721728595,POINT (-87.721728595178 41.880665855511),POINT (1150802.5539352228 1899698.0600125291),2020,3823 W MADISON ST
O844696,DRIVER,83e503cc327469217f9f010ffd9101afed68ef311b4cd13be19d38d5ac6ff1bc97c75d777c5453f2f0659a5c854f3cfcf0d3b35eadd83b0c1b2d296b69683ae5,801623.0,M,,DID NOT DEPLOY,NONE,NO INDICATION OF INJURY,FOLLOWED TOO CLOSELY,NOT OBSCURED,NORMAL,,,,,2020-02-17 14:34:00,40,RAIN,DAYLIGHT,REAR END,DIVIDED - W/MEDIAN BARRIER,WET,NO DEFECTS,NOT ON SCENE (DESK REPORT),NO INJURY / DRIVE AWAY,,"OVER $1,500",02/17/2020 03:05:00 PM,FOLLOWING TOO CLOSELY,WEATHER,,2,NO INDICATION OF INJURY,0.0,0.0,0.0,0.0,0.0,2.0,0.0,14,2,2,41.858183422,-87.61700373,POINT (-87.617003730321 41.858183422179),POINT (1179389.8081469138 1891726.1293121472),2020,1730 S LAKE SHORE DR W
O1000073,DRIVER,a6ff172cf10e231a0c9f6f2433029eb048af22ca2ebc289669908860185f7f1e89009501a94f7edaf2f4218a1a1a161296e90b093f0a75393d811e16a0d8f8fa,947731.0,F,23.0,DID NOT DEPLOY,NONE,NO INDICATION OF INJURY,NONE,NOT OBSCURED,UNKNOWN,,,,,2020-11-25 20:30:00,30,RAIN,"DARKNESS, LIGHTED ROAD",REAR END,NOT DIVIDED,WET,NO DEFECTS,NOT ON SCENE (DESK REPORT),NO INJURY / DRIVE AWAY,Y,"$501 - $1,500",11/25/2020 09:00:00 PM,UNABLE TO DETERMINE,UNABLE TO DETERMINE,,2,NO INDICATION OF INJURY,0.0,0.0,0.0,0.0,0.0,2.0,0.0,20,4,11,41.977469078,-87.689359347,POINT (-87.689359347158 41.977469077974),POINT (1159352.4663034643 1935037.8101579282),2020,5252 N WESTERN AVE
O974110,DRIVER,21d260df7076d8091868edb5f074e650637fa713a71df5c9ad8cf22fded2765e9e704eb4d8e8596f3292ea69b1becd7f9007a582ab0e2b6ebfa95f30f4d86e3b,923121.0,F,59.0,"DEPLOYED, FRONT",NONE,NO INDICATION OF INJURY,FAILED TO YIELD,NOT OBSCURED,NORMAL,,,,,2020-10-10 03:20:00,35,CLEAR,"DARKNESS, LIGHTED ROAD",TURNING,NOT DIVIDED,DRY,NO DEFECTS,ON SCENE,INJURY AND / OR TOW DUE TO CRASH,,"OVER $1,500",10/10/2020 03:37:00 AM,FAILING TO YIELD RIGHT-OF-WAY,UNABLE TO DETERMINE,,2,NO INDICATION OF INJURY,0.0,0.0,0.0,0.0,0.0,2.0,0.0,3,7,10,41.994027943,-87.713528008,POINT (-87.713528008419 41.994027942755),POINT (1152737.0891062343 1941023.4695016851),2020,6160 N LINCOLN AVE
O985657,DRIVER,caa7d098559332dc94d069a6aa071f9a718a497a9dbd68e59c5bb9abc77f8de7bd401aee09f1c257ff2972f3efa6271cdf9caa85118bf934be8132b21de887ed,934037.0,X,,DEPLOYMENT UNKNOWN,UNKNOWN,NO INDICATION OF INJURY,UNKNOWN,UNKNOWN,UNKNOWN,,,,Y,2020-10-29 01:00:00,25,UNKNOWN,UNKNOWN,PARKED MOTOR VEHICLE,UNKNOWN,UNKNOWN,UNKNOWN,NOT ON SCENE (DESK REPORT),NO INJURY / DRIVE AWAY,Y,"OVER $1,500",10/29/2020 01:35:00 PM,UNABLE TO DETERMINE,UNABLE TO DETERMINE,,2,NO INDICATION OF INJURY,0.0,0.0,0.0,0.0,0.0,1.0,0.0,1,5,10,41.737792096,-87.637460589,POINT (-87.637460589326 41.737792096481),POINT (1174172.1365399093 1847810.420892159),2020,8601 S PARNELL AVE
O947200,DRIVER,a94de8898cd056b9f98a80be9dae6199766e9b0c424d0e217fd8be1d47bfe52398ce8504eafb941c01190cf48d10621f59e38bff57982e76b9414c060e823c4f,897864.0,M,23.0,DID NOT DEPLOY,NONE,NO INDICATION OF INJURY,NONE,NOT OBSCURED,NORMAL,,,,,2020-08-28 12:00:00,30,CLEAR,DAYLIGHT,REAR END,DIVIDED - W/MEDIAN (NOT RAISED),DRY,NO DEFECTS,ON SCENE,NO INJURY / DRIVE AWAY,,"OVER $1,500",08/28/2020 12:05:00 PM,FOLLOWING TOO CLOSELY,NOT APPLICABLE,,2,NO INDICATION OF INJURY,0.0,0.0,0.0,0.0,0.0,6.0,0.0,12,6,8,41.813454319,-87.723942261,POINT (-87.723942260677 41.813454319161),POINT (1150373.5159333223 1875202.130800189),2020,4358 S PULASKI RD
O865855,DRIVER,0dbeef034792a48f64eafcd69059950ab52de0654e7d1ca1434ec7f345b0a2cbf139732eedc13784c373f79476febabf186289763a74b19e6e936648d6f33d9a,821656.0,M,31.0,DID NOT DEPLOY,NONE,NO INDICATION OF INJURY,OTHER,UNKNOWN,NORMAL,,,,,2020-03-23 22:15:00,30,CLEAR,"DARKNESS, LIGHTED ROAD",TURNING,FOUR WAY,DRY,NO DEFECTS,NOT ON SCENE (DESK REPORT),NO INJURY / DRIVE AWAY,,"OVER $1,500",03/24/2020 12:00:00 PM,UNABLE TO DETERMINE,UNABLE TO DETERMINE,,2,NO INDICATION OF INJURY,0.0,0.0,0.0,0.0,0.0,4.0,0.0,22,2,3,41.764283912,-87.576406669,POINT (-87.576406669444 41.764283911619),POINT (1190750.5525529238 1857604.4641326298),2020,7200 S JEFFERY BLVD
P190430,PASSENGER,b7d993dc5e7969f208443e0f3bfc421e8d5fbccf830c31c06ab120a47df4375dd7c14b71cc2f577caa43fa4f3cf98de47bae64efc1ab347d8cdd3b61d043d4fb,790765.0,F,,NOT APPLICABLE,NONE,NO INDICATION OF INJURY,,,,,,,,2020-01-31 21:27:00,30,CLEAR,"DARKNESS, LIGHTED ROAD",TURNING,DIVIDED - W/MEDIAN BARRIER,DRY,NO DEFECTS,ON SCENE,INJURY AND / OR TOW DUE TO CRASH,,"OVER $1,500",01/31/2020 09:28:00 PM,IMPROPER TURNING/NO SIGNAL,FAILING TO YIELD RIGHT-OF-WAY,,2,NONINCAPACITATING INJURY,1.0,0.0,0.0,1.0,0.0,3.0,0.0,21,6,1,41.896790572,-87.624380655,POINT (-87.624380655444 41.896790572039),POINT (1177263.9936700074 1905777.8603483832),2020,800 N MICHIGAN AVE
O828254,PEDESTRIAN,23f1c6b062816dd0eb68c100e46d69aa863bdcf9fa6b7621b6a34a6e853665467e6841467bc0c207d8daca9e16c4320e54bd17f546f753d765a245fd60ff807a,,F,32.0,,,NONINCAPACITATING INJURY,UNKNOWN,NOT OBSCURED,NORMAL,CROSSING - AGAINST SIGNAL,NO CONTRASTING CLOTHING,IN ROADWAY,,2020-01-23 17:27:00,20,SNOW,"DARKNESS, LIGHTED ROAD",PEDESTRIAN,DIVIDED - W/MEDIAN (NOT RAISED),WET,NO DEFECTS,ON SCENE,INJURY AND / OR TOW DUE TO CRASH,,"OVER $1,500",01/23/2020 05:44:00 PM,UNABLE TO DETERMINE,UNABLE TO DETERMINE,,2,NONINCAPACITATING INJURY,1.0,0.0,0.0,1.0,0.0,1.0,0.0,17,5,1,41.955505861,-87.732676161,POINT (-87.73267616097 41.955505860589),POINT (1147630.285485019 1926948.7618784616),2020,4100 N KEELER AVE
O928991,DRIVER,f0dc58b0fa7053806e5ce29a8b1ad70b7111d0d0f8bc54658f51bc15b1478dac03257418e467cbf3f026c135eb35ff4e77f070ed6ed9cd22a0f04a4c1e4a1b3e,880733.0,M,26.0,DID NOT DEPLOY,NONE,NO INDICATION OF INJURY,OTHER,UNKNOWN,NORMAL,,,,,2020-07-31 13:23:00,30,CLEAR,DAYLIGHT,PEDESTRIAN,DIVIDED - W/MEDIAN (NOT RAISED),DRY,NO DEFECTS,ON SCENE,INJURY AND / OR TOW DUE TO CRASH,,$500 OR LESS,07/31/2020 01:23:00 PM,UNABLE TO DETERMINE,NOT APPLICABLE,,2,NONINCAPACITATING INJURY,1.0,0.0,0.0,1.0,0.0,1.0,0.0,13,6,7,41.93477213,-87.646311054,POINT (-87.64631105384 41.934772130183),POINT (1171182.4881417635 1919569.8160457667),2020,2875 N CLARK ST
O882578,DRIVER,ac2ed5d45a60306c2f023256d2860d2b9ae3c9b7509d540df9262595775b4468f0a4ad3f4e4f639af45a10bbecc6d9f5bc94d4b46d5c814853d7b0589d6d7a2d,837277.0,M,,DID NOT DEPLOY,NONE,NO INDICATION OF INJURY,UNKNOWN,UNKNOWN,UNKNOWN,,,,,2020-05-11 20:46:00,30,UNKNOWN,DUSK,SIDESWIPE SAME DIRECTION,DIVIDED - W/MEDIAN (NOT RAISED),UNKNOWN,UNKNOWN,NOT ON SCENE (DESK REPORT),NO INJURY / DRIVE AWAY,,"$501 - $1,500",05/11/2020 08:46:00 PM,UNABLE TO DETERMINE,UNABLE TO DETERMINE,,2,NO INDICATION OF INJURY,0.0,0.0,0.0,0.0,0.0,2.0,0.0,20,2,5,41.802825921,-87.585564825,POINT (-87.585564824809 41.802825921309),POINT (1188129.9192648632 1871627.0716372344),2020,5050 S EAST END AVE
O1000620,DRIVER,78df081b5305f4541782963ca9be4f3dda4602a9476b0a27a59daa2035c65d183f49a4575c10829276decc8c026eed0e5638334e21f74514eadd324d71f37256,948258.0,F,37.0,DEPLOYMENT UNKNOWN,NONE,NO INDICATION OF INJURY,NONE,UNKNOWN,UNKNOWN,,,,,2020-11-24 20:15:00,10,UNKNOWN,DARKNESS,SIDESWIPE SAME DIRECTION,PARKING LOT,UNKNOWN,UNKNOWN,NOT ON SCENE (DESK REPORT),NO INJURY / DRIVE AWAY,,"OVER $1,500",11/27/2020 01:15:00 PM,FAILING TO YIELD RIGHT-OF-WAY,NOT APPLICABLE,,2,NO INDICATION OF INJURY,0.0,0.0,0.0,0.0,0.0,2.0,0.0,20,3,11,41.751240621,-87.614123422,POINT (-87.614123422058 41.751240621443),POINT (1180500.5478683026 1852763.3055909353),2020,418 E 79TH ST
O899949,DRIVER,fceb758ef8b488e74b416bbfee1b009f7b192eb2e0a6a8257fdea3776deb3482ff60751e2170bc2ffae6f0839b3fe73326e45bce1d44b934d70f20a23bbcc6b2,853339.0,F,,DEPLOYMENT UNKNOWN,NONE,NO INDICATION OF INJURY,FAILED TO YIELD,UNKNOWN,UNKNOWN,,,,,2020-06-15 00:01:00,30,CLEAR,"DARKNESS, LIGHTED ROAD",TURNING,FOUR WAY,DRY,NO DEFECTS,ON SCENE,INJURY AND / OR TOW DUE TO CRASH,Y,"OVER $1,500",06/15/2020 12:03:00 AM,FAILING TO YIELD RIGHT-OF-WAY,IMPROPER OVERTAKING/PASSING,,3,NO INDICATION OF INJURY,0.0,0.0,0.0,0.0,0.0,4.0,0.0,0,2,6,41.873412033,-87.719602325,POINT (-87.719602324613 41.873412032853),POINT (1151400.4847876017 1897058.9128782067),2020,603 S INDEPENDENCE BLVD
O893641,DRIVER,bcb64c618e0e1257fc0753cc3ac54690391b41e8de09f87d477700858262fd377c75c62df3eaf85dcfdd82c92627ece094d3630e1c5e9bfb7f5a48636f8df620,847592.0,F,,DEPLOYMENT UNKNOWN,NONE,NO INDICATION OF INJURY,UNKNOWN,UNKNOWN,UNKNOWN,,,,,2020-06-03 22:58:00,20,CLEAR,"DARKNESS, LIGHTED ROAD",PARKED MOTOR VEHICLE,ONE-WAY,DRY,NO DEFECTS,ON SCENE,NO INJURY / DRIVE AWAY,Y,$500 OR LESS,06/03/2020 11:10:00 PM,UNABLE TO DETERMINE,NOT APPLICABLE,,4,NO INDICATION OF INJURY,0.0,0.0,0.0,0.0,0.0,2.0,0.0,22,4,6,41.918848199,-87.747544591,POINT (-87.747544591253 41.918848199079),POINT (1143677.2958404252 1913562.6453238425),2020,4830 W DICKENS AVE
O905579,DRIVER,7c30957d533a6284dd15fa2abf2e13648ede50d0d23aeecab0d3f46d148b8942654946d5f8c0ae7c70b1dc7cdac4099482e0ab3746931a216b13edf12866d4d8,858701.0,F,,DEPLOYMENT UNKNOWN,UNKNOWN,NO INDICATION OF INJURY,UNKNOWN,UNKNOWN,UNKNOWN,,,,N,2020-06-24 13:40:00,30,CLEAR,DAYLIGHT,PEDESTRIAN,NOT DIVIDED,DRY,NO DEFECTS,ON SCENE,INJURY AND / OR TOW DUE TO CRASH,Y,$500 OR LESS,06/24/2020 01:46:00 PM,UNABLE TO DETERMINE,UNABLE TO DETERMINE,,2,INCAPACITATING INJURY,1.0,0.0,1.0,0.0,0.0,1.0,0.0,13,4,6,41.762320088,-87.661808707,POINT (-87.661808707019 41.762320088447),POINT (1167457.0965678182 1856695.4030836336),2020,1474 W 72ND PL
P205918,PASSENGER,7f8528f2d9c2ed6ce46af4240e741f5bb08d26c9cc01756e1cb8a346f095495cdcb418b1b45cc99d235d4dbd85239270eedc5ec60d4dffa38fb7d2cc3d530d70,855578.0,M,15.0,DID NOT DEPLOY,NONE,NO INDICATION OF INJURY,,,,,,,,2020-06-19 10:30:00,15,CLEAR,DAYLIGHT,ANGLE,PARKING LOT,DRY,UNKNOWN,NOT ON SCENE (DESK REPORT),NO INJURY / DRIVE AWAY,,"OVER $1,500",06/19/2020 02:40:00 PM,UNABLE TO DETERMINE,NOT APPLICABLE,,2,NO INDICATION OF INJURY,0.0,0.0,0.0,0.0,0.0,4.0,0.0,10,6,6,41.986603446,-87.789103213,POINT (-87.789103212618 41.986603445602),POINT (1132209.9445140036 1938178.315035907),2020,5778 N NORTHWEST HWY
O836480,DRIVER,836027153b01797d949ae294e5e6570a2ac5c55bafa130b360c7109527997bff13bb16db15c3db7b835a9468d7071212e14ad0871361cee432b0ba678a4a2307,793828.0,F,29.0,NOT APPLICABLE,NONE,NO INDICATION OF INJURY,FAILED TO YIELD,NOT OBSCURED,NORMAL,,,,,2020-02-06 09:55:00,10,CLOUDY/OVERCAST,DAYLIGHT,REAR TO SIDE,PARKING LOT,SNOW OR SLUSH,NO DEFECTS,ON SCENE,NO INJURY / DRIVE AWAY,,"OVER $1,500",02/06/2020 10:05:00 AM,FAILING TO YIELD RIGHT-OF-WAY,NOT APPLICABLE,,2,NO INDICATION OF INJURY,0.0,0.0,0.0,0.0,0.0,2.0,0.0,9,5,2,41.720811717,-87.588139796,POINT (-87.588139796382 41.72081171659),POINT (1187686.7426453808 1841735.6381743876),2020,1501 E 96TH ST
O947164,PEDESTRIAN,dee31f2efd0c85ef41c1054a309f9c0170efab6a1598c169c806adc30193f0e8f5082509955325dcc8e599c26dc7e4dacae9716234f451d770b568c5e83dc9a3,,F,65.0,,,NONINCAPACITATING INJURY,UNKNOWN,UNKNOWN,UNKNOWN,CROSSING - CONTROLS PRESENT (NOT AT INTERSECTION),OTHER LIGHT SOURCE USED,IN ROADWAY,,2020-08-27 20:30:00,30,CLEAR,UNKNOWN,PEDESTRIAN,UNKNOWN INTERSECTION TYPE,DRY,UNKNOWN,NOT ON SCENE (DESK REPORT),INJURY AND / OR TOW DUE TO CRASH,,$500 OR LESS,08/28/2020 10:45:00 AM,UNABLE TO DETERMINE,UNABLE TO DETERMINE,,2,NONINCAPACITATING INJURY,1.0,0.0,0.0,1.0,0.0,1.0,0.0,20,5,8,42.013773693,-87.680300732,POINT (-87.680300731701 42.0137736926),POINT (1161714.7077212262 1948286.079360383),2020,7300 N ROGERS AVE
O859888,DRIVER,f2e4280b93206bc0a7a9a6fc778c2d87a13558a188a4596985b7eedf63ea2cdd8b005be40a1de22d44b488e7358fe45849816f68d5a01cd079911c8cbe693851,815968.0,F,23.0,DID NOT DEPLOY,NONE,NO INDICATION OF INJURY,UNKNOWN,UNKNOWN,UNKNOWN,,,,,2020-03-11 09:30:00,30,CLEAR,DAYLIGHT,ANGLE,NOT DIVIDED,DRY,NO DEFECTS,NOT ON SCENE (DESK REPORT),NO INJURY / DRIVE AWAY,,"OVER $1,500",03/11/2020 11:20:00 AM,FAILING TO YIELD RIGHT-OF-WAY,UNABLE TO DETERMINE,,2,NO INDICATION OF INJURY,0.0,0.0,0.0,0.0,0.0,2.0,0.0,9,4,3,41.836772906,-87.725712341,POINT (-87.72571234101 41.836772905951),POINT (1149830.8852180026 1883695.8902094176),2020,3100 S KOMENSKY AVE
O816895,DRIVER,15aca3c53dcab2fe4d86feba6dfada1c98e33d3c3f2496789ff36ac11268922c62910b26052c8b0160f84cecd7a3313111828d47b106629a05d66e5f4734e25f,775542.0,M,29.0,NOT APPLICABLE,NONE,NO INDICATION OF INJURY,NONE,NOT OBSCURED,NORMAL,,,,,2020-01-06 07:45:00,15,CLEAR,DAYLIGHT,REAR END,DIVIDED - W/MEDIAN BARRIER,DRY,NO DEFECTS,ON SCENE,INJURY AND / OR TOW DUE TO CRASH,,"OVER $1,500",01/06/2020 07:46:00 AM,FOLLOWING TOO CLOSELY,FAILING TO REDUCE SPEED TO AVOID CRASH,,3,INCAPACITATING INJURY,2.0,0.0,1.0,1.0,0.0,2.0,0.0,7,2,1,41.944491246,-87.688046359,POINT (-87.688046358707 41.94449124623),POINT (1159799.9789613516 1923023.248660541),2020,3447 N WESTERN AVE
O972897,DRIVER,ceb3d7174eb77da1fc26bd5163d7920450aae3e57a7e92381edfb79f994033beda8efeba1d6a9e5f65316e378333c0e4a89ace03f35a98df87a0008d3b2d7509,,X,,DEPLOYMENT UNKNOWN,NONE,NO INDICATION OF INJURY,UNKNOWN,UNKNOWN,UNKNOWN,,,,,2020-08-19 17:00:00,30,CLEAR,DAYLIGHT,PARKED MOTOR VEHICLE,ONE-WAY,DRY,UNKNOWN,,NO INJURY / DRIVE AWAY,Y,"$501 - $1,500",08/19/2020 07:17:00 PM,UNABLE TO DETERMINE,NOT APPLICABLE,,2,NO INDICATION OF INJURY,0.0,0.0,0.0,0.0,0.0,1.0,0.0,17,4,8,41.876156922,-87.69028228,POINT (-87.690282280209 41.876156921911),POINT (1159378.381874177 1898117.606723843),2020,2536 W VAN BUREN ST
O940200,DRIVER,eb3fe835e372b6ce76686aef0d047ce74384477d484bb28b3d8b97a2777eb3223c9a50ca5348909d4d26f0774b7aade2973ecbcdf68b642edacd4866eb1697c4,891299.0,F,55.0,DID NOT DEPLOY,NONE,NO INDICATION OF INJURY,FOLLOWED TOO CLOSELY,UNKNOWN,UNKNOWN,,,,,2020-08-14 13:30:00,30,CLEAR,DAYLIGHT,REAR END,DIVIDED - W/MEDIAN (NOT RAISED),DRY,NO DEFECTS,NOT ON SCENE (DESK REPORT),NO INJURY / DRIVE AWAY,,"$501 - $1,500",08/17/2020 11:46:00 AM,FOLLOWING TOO CLOSELY,NOT APPLICABLE,,2,NO INDICATION OF INJURY,0.0,0.0,0.0,0.0,0.0,2.0,0.0,13,6,8,41.755917648,-87.650386128,POINT (-87.650386128497 41.75591764772),POINT (1170591.9723628603 1854386.9433792895),2020,7600 S CARPENTER ST
O818727,DRIVER,066c20a0ab4091af0e0bb5d111e5de05ac458d4caef3f5c49bec7679f1966d408e7fee5c159388c5f91b44e11f8415d7f3423a2d7c1e6ec53f484ec64198d938,777309.0,F,32.0,DID NOT DEPLOY,NONE,NO INDICATION OF INJURY,NONE,NOT OBSCURED,NORMAL,,,,,2020-01-09 13:22:00,30,CLEAR,DAYLIGHT,REAR END,NOT DIVIDED,DRY,NO DEFECTS,ON SCENE,NO INJURY / DRIVE AWAY,,"OVER $1,500",01/09/2020 01:32:00 PM,UNABLE TO DETERMINE,UNABLE TO DETERMINE,,2,NO INDICATION OF INJURY,0.0,0.0,0.0,0.0,0.0,2.0,0.0,13,5,1,41.786357319,-87.703412386,POINT (-87.70341238607 41.786357318651),POINT (1156042.4622125814 1865368.5133931222),2020,3200 W 59TH ST