PERSON_ID,PERSON_TYPE,CRASH_RECORD_ID,VEHICLE_ID,SEX,AGE,AIRBAG_DEPLOYED,EJECTION,INJURY_CLASSIFICATION,DRIVER_ACTION,DRIVER_VISION,PHYSICAL_CONDITION,PEDPEDAL_ACTION,PEDPEDAL_VISIBILITY,PEDPEDAL_LOCATION,CRASH_DATE_EST_I,CRASH_DATE,POSTED_SPEED_LIMIT,WEATHER_CONDITION,LIGHTING_CONDITION,FIRST_CRASH_TYPE,TRAFFICWAY_TYPE,ROADWAY_SURFACE_COND,ROAD_DEFECT,REPORT_TYPE,CRASH_TYPE,HIT_AND_RUN_I,DAMAGE,DATE_POLICE_NOTIFIED,PRIM_CONTRIBUTORY_CAUSE,SEC_CONTRIBUTORY_CAUSE,DOORING_I,NUM_UNITS,MOST_SEVERE_INJURY,INJURIES_TOTAL,INJURIES_FATAL,INJURIES_INCAPACITATING,INJURIES_NON_INCAPACITATING,INJURIES_REPORTED_NOT_EVIDENT,INJURIES_NO_INDICATION,INJURIES_UNKNOWN,CRASH_HOUR,CRASH_DAY_OF_WEEK,CRASH_MONTH,LATITUDE,LONGITUDE,LOCATION,geometry,YEAR,ADDRESS
O964679,DRIVER,c8212e7e59d5be76d141716f77c3f6eb132782ccc84ad62a8665e8643dae2364c0de49150ee9ccb934053ea8e3b3ba2f36e7c5cac45ad3e34f6f58323041216f,914263.0,M,46.0,DID NOT DEPLOY,NONE,NO INDICATION OF INJURY,FAILED TO YIELD,NOT OBSCURED,NORMAL,,,,,2020-09-25 12:30:00,30,CLEAR,DAYLIGHT,TURNING,NOT DIVIDED,DRY,NO DEFECTS,NOT ON SCENE (DESK REPORT),NO INJURY / DRIVE AWAY,,"$501 - $1,500",09/25/2020 12:55:00 PM,FAILING TO YIELD RIGHT-OF-WAY,UNABLE TO DETERMINE,,2,NO INDICATION OF INJURY,0.0,0.0,0.0,0.0,0.0,3.0,0.0,12,6,9,41.925488813,-87.639616983,POINT (-87.639616983362 41.925488812659),POINT (1173031.2639895456 1916201.6211778081),2020,411 W FULLERTON PKWY
O955336,DRIVER,e9aa71ebc3cb27b31401a72e52406a3389bb3d977f27b9c00f557a600aa99cf9ef73eb8f89e7581eeb6b4ff8e2b3daa3a3a3adf959086a26dc2070a43fcceb9f,905493.0,M,19.0,"DEPLOYED, FRONT",NONE,"REPORTED, NOT EVIDENT",UNKNOWN,UNKNOWN,NORMAL,,,,,2020-09-10 10:55:00,45,CLOUDY/OVERCAST,DAYLIGHT,FIXED OBJECT,DIVIDED - W/MEDIAN BARRIER,DRY,NO DEFECTS,ON SCENE,INJURY AND / OR TOW DUE TO CRASH,,"OVER $1,500",09/10/2020 10:57:00 AM,UNABLE TO DETERMINE,NOT APPLICABLE,,1,INCAPACITATING INJURY,4.0,0.0,2.0,1.0,1.0,0.0,0.0,10,5,9,41.940442903,-87.638633539,POINT (-87.638633539238 41.940442902597),POINT (1173254.7350673876 1921653.0951583397),2020,3200 N LAKE SHORE DR SB
O952847,DRIVER,0bd77c7afe90a9a78df8972b160b51739fce662404cb2f71e7153b163abdf69f25af9e4713d2451711be26f67a99b75d67ebf0075ef321e3e2765fcf9d245eb0,903148.0,X,,NOT APPLICABLE,NONE,NO INDICATION OF INJURY,UNKNOWN,UNKNOWN,UNKNOWN,,,,,2020-09-05 21:00:00,20,CLEAR,"DARKNESS, LIGHTED ROAD",PARKED MOTOR VEHICLE,ONE-WAY,DRY,NO DEFECTS,ON SCENE,NO INJURY / DRIVE AWAY,Y,"$501 - $1,500",09/05/2020 09:05:00 PM,UNABLE TO DETERMINE,NOT APPLICABLE,,2,NO INDICATION OF INJURY,0.0,0.0,0.0,0.0,0.0,2.0,0.0,21,7,9,41.910340957,-87.77754117,POINT (-87.777541169563 41.910340957104),POINT (1135533.537062516 1910408.2678270894),2020,1637 N MEADE AVE
O890935,DRIVER,70c8f8adfce1c93ccbb4e7bbb88d200c9d0395acef08dd0ccb162cfa35d8a53bb4615a09a2a29a6872fe34847a8e3168db48f676abf44d22870336a3bab4c897,845107.0,F,,DEPLOYMENT UNKNOWN,NONE,NO INDICATION OF INJURY,UNKNOWN,UNKNOWN,UNKNOWN,,,,,2020-05-29 15:30:00,10,CLEAR,DAYLIGHT,FIXED OBJECT,ALLEY,DRY,NO DEFECTS,ON SCENE,NO INJURY / DRIVE AWAY,Y,$500 OR LESS,05/29/2020 03:35:00 PM,UNABLE TO DETERMINE,UNABLE TO DETERMINE,,1,NO INDICATION OF INJURY,0.0,0.0,0.0,0.0,0.0,1.0,0.0,15,6,5,41.715011001,-87.569592732,POINT (-87.569592731673 41.715011000665),POINT (1192768.8494075518 1839666.291646875),2020,9906 S PAXTON AVE
O880150,DRIVER,c16f02451a9b84f800fabd2ae446f77e8d938cd02bffe34a73f5f9a312e522eac2e3e662f73fdabb653768d1a955fb2a041b1113d6f345de877b569aa7bc16c7,835019.0,M,46.0,DID NOT DEPLOY,NONE,NO INDICATION OF INJURY,IMPROPER TURN,NOT OBSCURED,NORMAL,,,,,2020-05-06 12:06:00,30,CLEAR,DAYLIGHT,TURNING,CENTER TURN LANE,DRY,NO DEFECTS,ON SCENE,NO INJURY / DRIVE AWAY,,$500 OR LESS,05/06/2020 12:09:00 PM,IMPROPER TURNING/NO SIGNAL,NOT APPLICABLE,,2,NO INDICATION OF INJURY,0.0,0.0,0.0,0.0,0.0,2.0,0.0,12,4,5,41.775286112,-87.586223465,POINT (-87.586223465209 41.775286111575),POINT (1188037.5452312208 1861590.170865733),2020,1600 E MARQUETTE DR
O983356,DRIVER,4d0bb0ae3c2b9baf2dfcfa3ab80ab8a896667f18371255fb39631d1980e82ede5db2c0b1dbc65579e1d0f72f9809dcd5368f26b8ab6f98bf331816f126c3d94f,931879.0,X,,DEPLOYMENT UNKNOWN,NONE,NO INDICATION OF INJURY,UNKNOWN,UNKNOWN,UNKNOWN,,,,Y,2020-10-25 10:00:00,30,CLEAR,UNKNOWN,PARKED MOTOR VEHICLE,NOT DIVIDED,UNKNOWN,NO DEFECTS,NOT ON SCENE (DESK REPORT),NO INJURY / DRIVE AWAY,Y,"OVER $1,500",10/25/2020 12:45:00 PM,UNABLE TO DETERMINE,UNABLE TO DETERMINE,,2,NO INDICATION OF INJURY,0.0,0.0,0.0,0.0,0.0,1.0,0.0,10,1,10,41.819744158,-87.684879762,POINT (-87.684879762371 41.819744158334),POINT (1161004.9316697714 1877572.0488785282),2020,4048 S WESTERN AVE
O901926,DRIVER,b87ff59dac8e3009229d16a09cda0872d094851bdce99b37eed836a07645b51ac2eeac29e0f7ec06c9447d9d815c34a489dd81b9f52a0f89c2daeace38a7a336,855222.0,F,44.0,DID NOT DEPLOY,NONE,NO INDICATION OF INJURY,NONE,NOT OBSCURED,NORMAL,,,,,2020-06-18 18:35:00,35,CLEAR,DAYLIGHT,REAR END,NOT DIVIDED,DRY,NO DEFECTS,NOT ON SCENE (DESK REPORT),NO INJURY / DRIVE AWAY,,"OVER $1,500",06/18/2020 07:50:00 PM,NOT APPLICABLE,NOT APPLICABLE,,2,NO INDICATION OF INJURY,0.0,0.0,0.0,0.0,0.0,4.0,0.0,18,5,6,41.807807829,-87.71982543,POINT (-87.719825430151 41.807807829435),POINT (1151510.480912663 1873152.5683882132),2020,3831 W 47TH ST
O975991,DRIVER,7fcac9706c6fa17718c702a6ef707e320a76a997a65c65b1497f482f25689f250e9b27bd76b7d904a3a82701f8d411c5e713df7d01798a3027b8eb201215ee43,924898.0,X,,DEPLOYMENT UNKNOWN,UNKNOWN,NO INDICATION OF INJURY,UNKNOWN,UNKNOWN,UNKNOWN,,,,Y,2020-10-13 12:00:00,20,CLEAR,DAYLIGHT,PARKED MOTOR VEHICLE,ONE-WAY,DRY,SHOULDER DEFECT,ON SCENE,INJURY AND / OR TOW DUE TO CRASH,Y,"OVER $1,500",10/13/2020 01:17:00 PM,UNABLE TO DETERMINE,UNABLE TO DETERMINE,,2,NO INDICATION OF INJURY,0.0,0.0,0.0,0.0,0.0,1.0,0.0,12,3,10,41.780892026,-87.609446268,POINT (-87.609446267663 41.780892025623),POINT (1181685.8765546659 1863578.7509799497),2020,6243 S CHAMPLAIN AVE
O1012024,DRIVER,b5b7367bb701d0f1c54c53b4a7e66e1f57013d1935e23d710a3c879e11698a0357c4cd3f78b0c4a908b6f2b06cef3635cfe3e07ff6530d8a7c03df411bafdf9f,959157.0,M,47.0,"DEPLOYED, SIDE",NONE,NO INDICATION OF INJURY,FAILED TO YIELD,NOT OBSCURED,NORMAL,,,,,2020-12-20 17:45:00,30,CLEAR,"DARKNESS, LIGHTED ROAD",TURNING,NOT DIVIDED,DRY,NO DEFECTS,ON SCENE,INJURY AND / OR TOW DUE TO CRASH,,"OVER $1,500",12/20/2020 05:56:00 PM,FAILING TO YIELD RIGHT-OF-WAY,NOT APPLICABLE,,2,NO INDICATION OF INJURY,0.0,0.0,0.0,0.0,0.0,3.0,0.0,17,1,12,41.76318739,-87.673342591,POINT (-87.673342590595 41.763187390311),POINT (1164307.9514929298 1856987.0863492591),2020,7155 S DAMEN AVE
O934805,DRIVER,f185463a92882125a484f2a430bc0a8b1da4390b27e22485fb2622e0eebc6c53cd7e2247367ac9b61d2aa80c523e56b293bc81eb83ea6f3793e98c99c95923b1,886581.0,M,39.0,DEPLOYMENT UNKNOWN,NONE,NO INDICATION OF INJURY,UNKNOWN,UNKNOWN,UNKNOWN,,,,,2020-08-09 00:45:00,30,CLEAR,DARKNESS,TURNING,T-INTERSECTION,DRY,UNKNOWN,NOT ON SCENE (DESK REPORT),NO INJURY / DRIVE AWAY,,$500 OR LESS,08/09/2020 01:30:00 AM,IMPROPER TURNING/NO SIGNAL,FOLLOWING TOO CLOSELY,,2,NO INDICATION OF INJURY,0.0,0.0,0.0,0.0,0.0,5.0,0.0,0,1,8,41.765346428,-87.62962142,POINT (-87.629621420089 41.765346427762),POINT (1176229.543674454 1857868.373091443),2020,7101 S WENTWORTH AVE
P197513,PASSENGER,77b8b5f792b2d24a1f04369f674d5495ca494b4ad34f19c7b1e1f87c6b54cd80778912ae2f3736d20f5e178e4ee888ae9b931d1787804bfca18cf55fa5ec776d,819472.0,M,,DEPLOYMENT UNKNOWN,NONE,NO INDICATION OF INJURY,,,,,,,,2020-03-17 14:25:00,35,CLEAR,DAYLIGHT,REAR END,DIVIDED - W/MEDIAN (NOT RAISED),DRY,NO DEFECTS,NOT ON SCENE (DESK REPORT),NO INJURY / DRIVE AWAY,Y,"$501 - $1,500",03/17/2020 04:10:00 PM,UNABLE TO DETERMINE,UNABLE TO DETERMINE,,2,NO INDICATION OF INJURY,0.0,0.0,0.0,0.0,0.0,3.0,0.0,14,3,3,41.866660191,-87.683809597,POINT (-87.683809597117 41.866660191202),POINT (1161167.345183784 1894670.2883453907),2020,2300 W OGDEN AVE
O928167,DRIVER,ff9e32b4280d339f82fd3d2fd7d002383697a739c3644ef93a4c8d7e41dd7d4e271d2cfe3eb04447b99c03043a1e3c61f56a404ec8f369743ada1a3002bfa76f,879972.0,M,,DEPLOYMENT UNKNOWN,NONE,NO INDICATION OF INJURY,FAILED TO YIELD,UNKNOWN,UNKNOWN,,,,,2020-07-30 09:45:00,30,CLEAR,DAYLIGHT,SIDESWIPE SAME DIRECTION,DIVIDED - W/MEDIAN (NOT RAISED),DRY,NO DEFECTS,ON SCENE,NO INJURY / DRIVE AWAY,Y,"$501 - $1,500",07/30/2020 10:02:00 AM,FAILING TO YIELD RIGHT-OF-WAY,FAILING TO YIELD RIGHT-OF-WAY,,2,NO INDICATION OF INJURY,0.0,0.0,0.0,0.0,0.0,2.0,0.0,9,5,7,41.793981347,-87.684141741,POINT (-87.684141741284 41.793981346574),POINT (1161277.0127304697 1868185.7494902576),2020,2400 W 55TH ST
P213396,PASSENGER,47e7c215e8b9bdfffb62874df805fa2a0f618329676542a2968de2dcaa9c3b124a1ff355e16a8fa8b3f2fdd4288beb6f9b8b422eb97b46a685ee0a5d406a9ef5,886074.0,M,49.0,NOT APPLICABLE,NONE,"REPORTED, NOT EVIDENT",,,,,,,,2020-08-08 22:22:00,30,CLEAR,"DARKNESS, LIGHTED ROAD",SIDESWIPE SAME DIRECTION,DIVIDED - W/MEDIAN (NOT RAISED),DRY,NO DEFECTS,ON SCENE,INJURY AND / OR TOW DUE TO CRASH,,"$501 - $1,500",08/08/2020 11:09:00 PM,UNABLE TO DETERMINE,UNABLE TO DETERMINE,,2,"REPORTED, NOT EVIDENT",2.0,0.0,0.0,0.0,2.0,1.0,0.0,22,7,8,41.755301354,-87.683132653,POINT (-87.683132653301 41.755301353722),POINT (1161658.7433448946 1854093.143111124),2020,7600 S WESTERN AVE
O853563,DRIVER,516765921cc2337281a402b69d7cad9b5f3260059b6eefd825b9a2ad07a6683cc95e68f09d5dc88d630faf0a9f6fd10680d84b25802665fca0187a753783d7ce,810001.0,M,,"DEPLOYED, FRONT",UNKNOWN,NO INDICATION OF INJURY,DISREGARDED CONTROL DEVICES,UNKNOWN,UNKNOWN,,,,,2020-03-02 01:08:00,30,CLEAR,"DARKNESS, LIGHTED ROAD",ANGLE,NOT DIVIDED,DRY,NO DEFECTS,ON SCENE,INJURY AND / OR TOW DUE TO CRASH,Y,"OVER $1,500",03/02/2020 01:08:00 AM,DISREGARDING TRAFFIC SIGNALS,FAILING TO REDUCE SPEED TO AVOID CRASH,,2,INCAPACITATING INJURY,2.0,0.0,1.0,1.0,0.0,2.0,0.0,1,2,3,41.877074588,-87.735473968,POINT (-87.735473968311 41.877074587616),POINT (1147068.5068309866 1898363.0326540791),2020,4400 W JACKSON BLVD
P193372,PASSENGER,f65eae5a25211b873a9d4e5591070ddf6b45d2cd6d36effa328e4e2b3a0448889c7742afdabf001bf3ae04ad9908c011f799375dcb0f17cf5c41e71a40ad3d98,802556.0,,32.0,DEPLOYMENT UNKNOWN,NONE,INCAPACITATING INJURY,,,,,,,,2020-02-19 08:06:00,30,CLEAR,DAYLIGHT,ANGLE,NOT DIVIDED,DRY,NO DEFECTS,ON SCENE,INJURY AND / OR TOW DUE TO CRASH,,"OVER $1,500",02/19/2020 08:08:00 AM,IMPROPER LANE USAGE,UNABLE TO DETERMINE,,2,INCAPACITATING INJURY,2.0,0.0,2.0,0.0,0.0,4.0,0.0,8,4,2,41.885385687,-87.738231316,POINT (-87.738231316326 41.885385687248),POINT (1146296.5788179005 1901386.3656403525),2020,300 N KILBOURN AVE
O958698,DRIVER,ef9835e7257489bedc96af1bdb944fb0afa5444921e8468911e0b6e49277cdfe593445043e4cbf909faf7b9260f5faa798069bf79c207ab73fecfef1fe948747,908641.0,F,28.0,DID NOT DEPLOY,NONE,NONINCAPACITATING INJURY,NONE,NOT OBSCURED,NORMAL,,,,,2020-09-15 14:55:00,30,CLEAR,DAYLIGHT,SIDESWIPE SAME DIRECTION,NOT DIVIDED,DRY,NO DEFECTS,NOT ON SCENE (DESK REPORT),INJURY AND / OR TOW DUE TO CRASH,,"$501 - $1,500",09/15/2020 06:50:00 PM,FAILING TO YIELD RIGHT-OF-WAY,FOLLOWING TOO CLOSELY,,2,NONINCAPACITATING INJURY,1.0,0.0,0.0,1.0,0.0,2.0,0.0,14,3,9,41.710678152,-87.642536237,POINT (-87.642536237279 41.710678152056),POINT (1172866.1337410067 1837919.228326596),2020,750 W 101ST ST
O927189,DRIVER,b0fdf5e4360b2f3a24f8cc5710c94459c1e743b76a7e12229a75e791b6bf8030c0e2f27b558cca3ea6e88331c25c96630ad89d7ce86484c251c744a409c9f323,879026.0,M,52.0,NOT APPLICABLE,NONE,NO INDICATION OF INJURY,FOLLOWED TOO CLOSELY,NOT OBSCURED,NORMAL,,,,,2020-07-28 16:45:00,30,CLEAR,DAYLIGHT,TURNING,DIVIDED - W/MEDIAN (NOT RAISED),DRY,NO DEFECTS,ON SCENE,NO INJURY / DRIVE AWAY,,"$501 - $1,500",07/28/2020 04:53:00 PM,FOLLOWING TOO CLOSELY,NOT APPLICABLE,,2,NO INDICATION OF INJURY,0.0,0.0,0.0,0.0,0.0,2.0,0.0,16,3,7,41.778549693,-87.722635514,POINT (-87.722635514302 41.778549692784),POINT (1150820.1008630462 1862485.651715246),2020,3999 W 63RD ST
O938966,DRIVER,08a262e84fb4c3841b394ac758cb7a8573b65c4d4ac264ea41ebf42ae69d603575886b56d1d6632fab4fa973b0eba492e61535bb89cf6031fa3fe2c50899eb15,890109.0,M,,DEPLOYMENT UNKNOWN,NONE,NO INDICATION OF INJURY,IMPROPER BACKING,UNKNOWN,UNKNOWN,,,,,2020-08-15 11:30:00,15,CLEAR,DAYLIGHT,PARKED MOTOR VEHICLE,PARKING LOT,DRY,NO DEFECTS,NOT ON SCENE (DESK REPORT),NO INJURY / DRIVE AWAY,Y,"OVER $1,500",08/15/2020 01:15:00 PM,IMPROPER BACKING,UNABLE TO DETERMINE,,2,NO INDICATION OF INJURY,0.0,0.0,0.0,0.0,0.0,1.0,0.0,11,7,8,41.946510941,-87.708968972,POINT (-87.708968971701 41.946510941064),POINT (1154102.6072756916 1923717.0749817176),2020,3227 W ADDISON ST
O915738,DRIVER,1cfe78c762ea6e777e85cd82d589e4e687606834e944edd9eabc7426558b2c21e2aa1320386c32cb6eae1437a568d762b51575579b0fbc1ce1ef0af3d803f271,868216.0,M,48.0,NOT APPLICABLE,NONE,NO INDICATION OF INJURY,OTHER,UNKNOWN,NORMAL,,,,,2020-07-10 13:45:00,25,CLEAR,DAYLIGHT,REAR END,NOT DIVIDED,DRY,NO DEFECTS,NOT ON SCENE (DESK REPORT),NO INJURY / DRIVE AWAY,,"$501 - $1,500",07/10/2020 03:00:00 PM,FAILING TO REDUCE SPEED TO AVOID CRASH,UNABLE TO DETERMINE,,2,NO INDICATION OF INJURY,0.0,0.0,0.0,0.0,0.0,3.0,0.0,13,6,7,42.001145984,-87.678145139,POINT (-87.678145138515 42.001145984082),POINT (1162335.7196836306 1943688.9324562193),2020,6549 N RIDGE BLVD
O843875,DRIVER,0a725591ac560fcebe6dcebba7a8faaef09f2019c842097b1ffef3d994140fee012bb4c09c97d6151e62d71648643e6d222841f0f3206aa8c672f024464bbd22,800844.0,X,,DEPLOYMENT UNKNOWN,NONE,NO INDICATION OF INJURY,UNKNOWN,UNKNOWN,UNKNOWN,,,,,2020-02-16 10:30:00,30,CLEAR,DAYLIGHT,TURNING,NOT DIVIDED,DRY,NO DEFECTS,ON SCENE,NO INJURY / DRIVE AWAY,Y,"$501 - $1,500",02/16/2020 10:36:00 AM,UNABLE TO DETERMINE,UNABLE TO DETERMINE,,2,NO INDICATION OF INJURY,0.0,0.0,0.0,0.0,0.0,2.0,0.0,10,1,2,41.851070838,-87.633147117,POINT (-87.63314711728 41.851070838064),POINT (1175013.19775409 1889098.0434143422),2020,228 W 23RD ST
O913652,DRIVER,75ebba57a5f265e42dd6d1c3b8490ca5590154e8111a01981a2122bd6b5b848553cf132d65751995f47fb7311485acccb596f1e9b121ee2f63b302e744657268,866190.0,F,40.0,DID NOT DEPLOY,NONE,"REPORTED, NOT EVIDENT",UNKNOWN,UNKNOWN,UNKNOWN,,,,,2020-07-07 11:00:00,30,CLEAR,DAYLIGHT,REAR END,DIVIDED - W/MEDIAN BARRIER,DRY,NO DEFECTS,ON SCENE,INJURY AND / OR TOW DUE TO CRASH,,"OVER $1,500",07/07/2020 11:23:00 AM,UNABLE TO DETERMINE,NOT APPLICABLE,,2,"REPORTED, NOT EVIDENT",3.0,0.0,0.0,0.0,3.0,1.0,0.0,11,3,7,41.8775278,-87.720784545,POINT (-87.720784544985 41.877527800181),POINT (1151067.8006736909 1898556.3910878182),2020,214 S HAMLIN BLVD
O889875,DRIVER,46774346e6bd39a9f6de5b97b3a95109060a4ab32eb34209c1b60ac92aa5afb477a06addf2787281844806204b47dae1757e92862cd04b1080b809a5ac247f57,844134.0,X,,DEPLOYMENT UNKNOWN,NONE,NO INDICATION OF INJURY,FAILED TO YIELD,UNKNOWN,UNKNOWN,,,,,2020-05-27 14:22:00,30,CLEAR,DAYLIGHT,PEDALCYCLIST,NOT DIVIDED,DRY,NO DEFECTS,ON SCENE,INJURY AND / OR TOW DUE TO CRASH,Y,"OVER $1,500",05/27/2020 02:23:00 PM,FAILING TO YIELD RIGHT-OF-WAY,NOT APPLICABLE,,2,NONINCAPACITATING INJURY,1.0,0.0,0.0,1.0,0.0,1.0,0.0,14,4,5,41.876931404,-87.647356562,POINT (-87.647356561772 41.876931404164),POINT (1171066.5669277648 1898490.3374724016),2020,332 S HALSTED ST
O912110,DRIVER,d4fba6674c512d49153fa34f01b0355ef54c1685f804162eb74783d9f76bf79bb5bd4eabd315b0bb759cb562718b53f9db62a1eb2ee0ad064b13dab07a9ad239,864730.0,F,35.0,NOT APPLICABLE,NONE,NO INDICATION OF INJURY,NONE,NOT OBSCURED,NORMAL,,,,,2020-07-05 03:00:00,45,CLEAR,"DARKNESS, LIGHTED ROAD",REAR END,DIVIDED - W/MEDIAN BARRIER,DRY,NO DEFECTS,NOT ON SCENE (DESK REPORT),NO INJURY / DRIVE AWAY,Y,"OVER $1,500",07/05/2020 03:30:00 AM,FAILING TO REDUCE SPEED TO AVOID CRASH,NOT APPLICABLE,,2,NO INDICATION OF INJURY,0.0,0.0,0.0,0.0,0.0,3.0,0.0,3,1,7,41.875480586,-87.633629911,POINT (-87.633629911006 41.875480586383),POINT (1174809.1663502455 1897991.8380799203),2020,199 W CONGRESS PKWY
O1006427,DRIVER,4155e8e011a46febe17e2b217e495942972f1990acd89939887c8631af4bafa15d49baac2a8af1cd03ed9476a76229c5eba06222c7555dc70cd87f8ac999ac85,953802.0,F,,DEPLOYMENT UNKNOWN,NONE,NO INDICATION OF INJURY,IMPROPER BACKING,UNKNOWN,UNKNOWN,,,,,2020-12-09 23:05:00,25,UNKNOWN,UNKNOWN,REAR END,ONE-WAY,DRY,UNKNOWN,NOT ON SCENE (DESK REPORT),NO INJURY / DRIVE AWAY,Y,$500 OR LESS,12/09/2020 11:20:00 PM,UNABLE TO DETERMINE,NOT APPLICABLE,,2,NO INDICATION OF INJURY,0.0,0.0,0.0,0.0,0.0,2.0,0.0,23,4,12,41.781448116,-87.613084441,POINT (-87.613084440542 41.781448116303),POINT (1180691.8833269384 1863773.054055752),2020,6221 S EBERHART AVE
O821658,DRIVER,d9225151a237cbec3c711ecbd75a7f61dd58787b5bf97b941105d008223c525ad6b90d5a439880ad115d4667ff865dd04834ae0c00e422a95a851d2c28bee1e3,780064.0,M,,DEPLOYMENT UNKNOWN,NONE,NO INDICATION OF INJURY,IMPROPER LANE CHANGE,UNKNOWN,UNKNOWN,,,,,2020-01-14 07:37:00,30,CLEAR,DAYLIGHT,SIDESWIPE SAME DIRECTION,DIVIDED - W/MEDIAN (NOT RAISED),DRY,NO DEFECTS,NOT ON SCENE (DESK REPORT),NO INJURY / DRIVE AWAY,,"OVER $1,500",01/14/2020 08:30:00 AM,UNABLE TO DETERMINE,UNABLE TO DETERMINE,,2,NO INDICATION OF INJURY,0.0,0.0,0.0,0.0,0.0,2.0,0.0,7,3,1,41.91093474,-87.649337013,POINT (-87.649337013437 41.910934740184),POINT (1170428.434880405 1910876.8461416112),2020,1599 N CLYBOURN AVE
O978366,DRIVER,d17b4be80f95dade2757e1d8774b9c155edd2567a46dbfee432c22b4a5f935c963cf796c3ca6970104c5850f5d64a82cfe68b3531d8bacaa3dcff7ca35c76bdf,927116.0,M,18.0,DID NOT DEPLOY,NONE,NO INDICATION OF INJURY,FOLLOWED TOO CLOSELY,UNKNOWN,NORMAL,,,,,2020-10-17 12:10:00,30,CLOUDY/OVERCAST,DAYLIGHT,REAR END,NOT DIVIDED,DRY,NO DEFECTS,ON SCENE,INJURY AND / OR TOW DUE TO CRASH,,"OVER $1,500",10/17/2020 12:11:00 PM,FAILING TO REDUCE SPEED TO AVOID CRASH,NOT APPLICABLE,,3,NO INDICATION OF INJURY,0.0,0.0,0.0,0.0,0.0,3.0,0.0,12,7,10,41.758779401,-87.575054467,POINT (-87.575054467461 41.758779401038),POINT (1191137.1366210075 1855601.9120399717),2020,2025 E 75TH ST
O918552,DRIVER,89107e5d2965c791461c9802dd786c2f173192c9bf0f2770b25e1c8400d0f08277b780d6d8d901fe67df3961f917d35de438929ea798704ce510231f82c13cbf,870847.0,F,22.0,"DEPLOYED, COMBINATION",NONE,INCAPACITATING INJURY,DISREGARDED CONTROL DEVICES,UNKNOWN,NORMAL,,,,,2020-07-14 23:53:00,30,CLEAR,"DARKNESS, LIGHTED ROAD",ANGLE,FOUR WAY,DRY,NO DEFECTS,ON SCENE,INJURY AND / OR TOW DUE TO CRASH,,"OVER $1,500",07/14/2020 11:53:00 PM,DISREGARDING TRAFFIC SIGNALS,UNABLE TO DETERMINE,,2,INCAPACITATING INJURY,2.0,0.0,2.0,0.0,0.0,0.0,0.0,23,3,7,41.721345885,-87.650796334,POINT (-87.650796333578 41.721345885031),POINT (1170579.9583078243 1841788.4446831553),2020,9500 S VINCENNES AVE
O824620,DRIVER,00d749c13909e55a8c881c8f11783e1e7a8a2d1a73821c0797c71c3eb5abac46ca11e0602f0dc651be7a964ee5cfb91ff670cfda3a2b8597b205b48e7d9789ed,782790.0,M,,DEPLOYMENT UNKNOWN,UNKNOWN,NO INDICATION OF INJURY,UNKNOWN,UNKNOWN,UNKNOWN,,,,,2020-01-18 02:41:00,35,SNOW,"DARKNESS, LIGHTED ROAD",REAR END,NOT DIVIDED,SNOW OR SLUSH,NO DEFECTS,ON SCENE,NO INJURY / DRIVE AWAY,Y,"OVER $1,500",01/18/2020 02:41:00 AM,UNABLE TO DETERMINE,UNABLE TO DETERMINE,,2,NO INDICATION OF INJURY,0.0,0.0,0.0,0.0,0.0,3.0,0.0,2,7,1,41.851774307,-87.71470452,POINT (-87.714704520136 41.851774307002),POINT (1152791.2292762597 1889183.7569397443),2020,3558 W CERMAK RD
O828974,DRIVER,3c43f9d2ebe75e34c57e76802c2816a36875639d8374a9e2302791fe4446bbba5c5df62d85adf8ab0d9a6726a0ed264f84d633f1958963c4e1dca983214d324a,786876.0,M,41.0,DID NOT DEPLOY,NONE,NO INDICATION OF INJURY,IMPROPER BACKING,UNKNOWN,NORMAL,,,,,2020-01-24 17:15:00,30,CLEAR,"DARKNESS, LIGHTED ROAD",REAR TO FRONT,NOT DIVIDED,WET,NO DEFECTS,NOT ON SCENE (DESK REPORT),NO INJURY / DRIVE AWAY,,"$501 - $1,500",01/24/2020 06:48:00 PM,IMPROPER BACKING,FAILING TO REDUCE SPEED TO AVOID CRASH,,2,NO INDICATION OF INJURY,0.0,0.0,0.0,0.0,0.0,4.0,0.0,17,6,1,41.932826759,-87.779522191,POINT (-87.779522190651 41.932826759312),POINT (1134941.3959148515 1918598.621774761),2020,2859 N MOODY AVE
O893907,DRIVER,ec280735183786814f4ab4f0be3d94fb5635dba64704c92551a0f14ab1260bad4779790b86ff6e1665937de51aaae4916877fe88d5106e82860be44444a394fa,847832.0,M,,DEPLOYMENT UNKNOWN,NONE,NO INDICATION OF INJURY,UNKNOWN,UNKNOWN,UNKNOWN,,,,,2020-06-04 14:30:00,30,CLEAR,DAYLIGHT,REAR END,DIVIDED - W/MEDIAN (NOT RAISED),DRY,NO DEFECTS,NOT ON SCENE (DESK REPORT),NO INJURY / DRIVE AWAY,Y,"$501 - $1,500",06/04/2020 03:00:00 PM,UNABLE TO DETERMINE,UNABLE TO DETERMINE,,2,NO INDICATION OF INJURY,0.0,0.0,0.0,0.0,0.0,2.0,0.0,14,5,6,41.831253843,-87.724376832,POINT (-87.724376831674 41.831253843215),POINT (1150209.0791973528 1881687.345526956),2020,3430 S PULASKI RD