PERSON_ID,PERSON_TYPE,CRASH_RECORD_ID,VEHICLE_ID,SEX,AGE,AIRBAG_DEPLOYED,EJECTION,INJURY_CLASSIFICATION,DRIVER_ACTION,DRIVER_VISION,PHYSICAL_CONDITION,PEDPEDAL_ACTION,PEDPEDAL_VISIBILITY,PEDPEDAL_LOCATION,CRASH_DATE_EST_I,CRASH_DATE,POSTED_SPEED_LIMIT,WEATHER_CONDITION,LIGHTING_CONDITION,FIRST_CRASH_TYPE,TRAFFICWAY_TYPE,ROADWAY_SURFACE_COND,ROAD_DEFECT,REPORT_TYPE,CRASH_TYPE,HIT_AND_RUN_I,DAMAGE,DATE_POLICE_NOTIFIED,PRIM_CONTRIBUTORY_CAUSE,SEC_CONTRIBUTORY_CAUSE,DOORING_I,NUM_UNITS,MOST_SEVERE_INJURY,INJURIES_TOTAL,INJURIES_FATAL,INJURIES_INCAPACITATING,INJURIES_NON_INCAPACITATING,INJURIES_REPORTED_NOT_EVIDENT,INJURIES_NO_INDICATION,INJURIES_UNKNOWN,CRASH_HOUR,CRASH_DAY_OF_WEEK,CRASH_MONTH,LATITUDE,LONGITUDE,LOCATION,geometry,YEAR,ADDRESS
O871262,DRIVER,784bb60443418bae599fcaf812f55ac9f21814e9691b91d271df88fd33bfd0b38022859a407c35068a3e89eb13823f1a0129ad8384b31cc75771af8768a1079e,826583.0,F,23.0,DID NOT DEPLOY,NONE,NO INDICATION OF INJURY,IMPROPER PASSING,NOT OBSCURED,NORMAL,,,,,2020-04-12 00:26:00,30,RAIN,DARKNESS,REAR END,NOT DIVIDED,WET,NO DEFECTS,ON SCENE,NO INJURY / DRIVE AWAY,,"OVER $1,500",04/12/2020 12:26:00 AM,IMPROPER OVERTAKING/PASSING,NOT APPLICABLE,,2,NO INDICATION OF INJURY,0.0,0.0,0.0,0.0,0.0,6.0,0.0,0,1,4,41.779948152,-87.625427085,POINT (-87.625427084647 41.779948151941),POINT (1177330.0099844679 1863198.5217137812),2020,1 W 63RD ST
O902337,DRIVER,19e1b98d213588c556018b57503154d0952ecc2b481a67c7e78080533cd16eccaf59bc2a4b015a21f110d2f462912340799b85877c1db90024dc7542b357293e,855589.0,M,73.0,NOT APPLICABLE,NONE,NO INDICATION OF INJURY,IMPROPER TURN,NOT OBSCURED,NORMAL,,,,,2020-06-19 14:40:00,30,CLEAR,DAYLIGHT,PARKED MOTOR VEHICLE,NOT DIVIDED,DRY,NO DEFECTS,ON SCENE,NO INJURY / DRIVE AWAY,,"$501 - $1,500",06/19/2020 02:42:00 PM,UNABLE TO DETERMINE,NOT APPLICABLE,,2,NO INDICATION OF INJURY,0.0,0.0,0.0,0.0,0.0,1.0,0.0,14,6,6,41.79956159,-87.783394715,POINT (-87.783394715294 41.799561589817),POINT (1134198.767239684 1870030.3890337304),2020,6435 W 51ST ST
O985342,DRIVER,82472173241d0d1c04170b3069edbbe8c0e093a876000a98e3784a29e536704fbc17d62d05bf104937cba589a1d8906bfd0b000e3f4407397323b9bbb2da854d,933764.0,M,61.0,NOT APPLICABLE,NONE,NO INDICATION OF INJURY,UNKNOWN,UNKNOWN,NORMAL,,,,,2020-10-29 18:30:00,25,CLEAR,DAYLIGHT,TURNING,NOT DIVIDED,DRY,UNKNOWN,NOT ON SCENE (DESK REPORT),NO INJURY / DRIVE AWAY,,"$501 - $1,500",10/29/2020 07:00:00 PM,UNABLE TO DETERMINE,UNABLE TO DETERMINE,,2,NO INDICATION OF INJURY,0.0,0.0,0.0,0.0,0.0,2.0,0.0,18,5,10,41.984868304,-87.70933959,POINT (-87.709339590095 41.984868304145),POINT (1153899.9879997498 1937693.9159114754),2020,3215 W HOLLYWOOD AVE
O936268,DRIVER,9e58e1472b765a8016280d3539fb7dc8a4e1a68f1dc20fe408d70a955eba1717fa2370ecb33acaf7867bac277d5db8363948bd75f22058dbb617ee371c1e7118,887580.0,M,,DID NOT DEPLOY,NONE,NO INDICATION OF INJURY,FOLLOWED TOO CLOSELY,NOT OBSCURED,UNKNOWN,,,,,2020-08-09 21:10:00,35,CLEAR,"DARKNESS, LIGHTED ROAD",REAR END,NOT DIVIDED,DRY,NO DEFECTS,NOT ON SCENE (DESK REPORT),NO INJURY / DRIVE AWAY,,"OVER $1,500",08/11/2020 01:30:00 PM,UNABLE TO DETERMINE,NOT APPLICABLE,,2,NO INDICATION OF INJURY,0.0,0.0,0.0,0.0,0.0,2.0,0.0,21,1,8,41.942305419,-87.640105357,POINT (-87.640105356834 41.942305419413),POINT (1172848.8115168966 1922328.5601150002),2020,3300 N LAKE SHORE DR
O953267,DRIVER,0b5cf6d3cd27f0373a2ae33fc1e0a0720fdfbec78e0111434b2c2ff65cc2ee183919c1fe22e2f76ecc00d8afd9aa9b7e3e561bfe6a03b5c03c8084b044421f6f,903576.0,M,,"DEPLOYED, FRONT",NONE,"REPORTED, NOT EVIDENT",NONE,OTHER,NORMAL,,,,,2020-09-06 14:30:00,30,CLEAR,DAYLIGHT,OTHER OBJECT,NOT DIVIDED,DRY,NO DEFECTS,ON SCENE,INJURY AND / OR TOW DUE TO CRASH,,"OVER $1,500",09/06/2020 02:35:00 PM,NOT APPLICABLE,NOT APPLICABLE,,1,"REPORTED, NOT EVIDENT",1.0,0.0,0.0,0.0,1.0,0.0,0.0,14,1,9,41.985586439,-87.670019705,POINT (-87.670019704693 41.985586439241),POINT (1164588.2111811507 1938035.9459809845),2020,5714 N ASHLAND AVE
O955386,DRIVER,f3dbb6cb28371ac560c7d2bf7f7fd08c1b002443ff8aef7b4efdac448aad876f6eedee0560bb360e6894d7c3e97e1d40fe87c267d4c2a36672e7f33c49b89333,905548.0,F,38.0,NOT APPLICABLE,NONE,NO INDICATION OF INJURY,FOLLOWED TOO CLOSELY,UNKNOWN,UNKNOWN,,,,,2020-09-10 13:45:00,30,CLEAR,DAYLIGHT,REAR END,DIVIDED - W/MEDIAN (NOT RAISED),DRY,NO DEFECTS,NOT ON SCENE (DESK REPORT),NO INJURY / DRIVE AWAY,,$500 OR LESS,09/10/2020 02:00:00 PM,FOLLOWING TOO CLOSELY,NOT APPLICABLE,,2,NO INDICATION OF INJURY,0.0,0.0,0.0,0.0,0.0,2.0,0.0,13,5,9,41.924125503,-87.766143524,POINT (-87.766143524313 41.924125503244),POINT (1138602.7033557075 1915451.6722114123),2020,2402 N CENTRAL AVE
O1005782,DRIVER,8a700fa21c010984b4b12b9c47d61cf184ddb688adc86e07a196fa2f8bb48c07228e27766f279951f9a05e68c706f17620cd158dce6c76df329f5d0f6a47813f,953185.0,M,,NOT APPLICABLE,NONE,NO INDICATION OF INJURY,FOLLOWED TOO CLOSELY,UNKNOWN,UNKNOWN,,,,,2020-12-08 09:00:00,20,CLEAR,DAYLIGHT,PARKED MOTOR VEHICLE,ONE-WAY,DRY,NO DEFECTS,NOT ON SCENE (DESK REPORT),NO INJURY / DRIVE AWAY,Y,"OVER $1,500",12/08/2020 06:20:00 PM,FOLLOWING TOO CLOSELY,FOLLOWING TOO CLOSELY,,2,NO INDICATION OF INJURY,0.0,0.0,0.0,0.0,0.0,1.0,0.0,9,3,12,41.78039926,-87.700590539,POINT (-87.700590539491 41.780399260471),POINT (1156828.0179850361 1863203.0921320214),2020,6213 S ALBANY AVE
O845697,DRIVER,1de35722d747a436c0de0b879c9963058df6988b94e907361ca12485baca2ad0a5558a94e4fc040e9632fb2b1ac40abe57501ab4024ef74ecf8bc43f9d4ae638,802592.0,F,66.0,DID NOT DEPLOY,NONE,NO INDICATION OF INJURY,NONE,NOT OBSCURED,NORMAL,,,,,2020-02-04 12:00:00,15,CLEAR,DAYLIGHT,ANGLE,PARKING LOT,DRY,NO DEFECTS,NOT ON SCENE (DESK REPORT),NO INJURY / DRIVE AWAY,,"$501 - $1,500",02/19/2020 09:40:00 AM,FAILING TO YIELD RIGHT-OF-WAY,NOT APPLICABLE,,2,NO INDICATION OF INJURY,0.0,0.0,0.0,0.0,0.0,2.0,0.0,12,3,2,42.016328492,-87.675398269,POINT (-87.675398268846 42.016328491503),POINT (1163039.8256030306 1949227.2686446703),2020,7410 N CLARK ST
O988073,DRIVER,02007a3f3c5b219df90ae9ee9a6fe8d7d05a62ee1a228ea08b3ff2ce42c22ff286e05bf7d488fe3f248961faff155d41b56fdddf77186e7b53408bdd6ec0e3cf,936351.0,F,57.0,DID NOT DEPLOY,NONE,NO INDICATION OF INJURY,NONE,NOT OBSCURED,NORMAL,,,,,2020-11-03 12:08:00,25,CLEAR,DAYLIGHT,REAR END,NOT DIVIDED,DRY,NO DEFECTS,NOT ON SCENE (DESK REPORT),NO INJURY / DRIVE AWAY,,"OVER $1,500",11/03/2020 01:00:00 PM,FAILING TO YIELD RIGHT-OF-WAY,NOT APPLICABLE,,3,NO INDICATION OF INJURY,0.0,0.0,0.0,0.0,0.0,3.0,0.0,12,3,11,41.765393608,-87.625050475,POINT (-87.625050475006 41.765393607783),POINT (1177476.4082276293 1857895.8003686285),2020,7100 S STATE ST
O913826,DRIVER,c530d09a7a18618c908eb4bd1e15d74c33578f34c2013451d640f42a8dd802651e459131365e51018f27bf9f195d3a6e908e6d49f021f29e21fa791bb6f5d7c7,866354.0,F,,DEPLOYMENT UNKNOWN,NONE,NO INDICATION OF INJURY,UNKNOWN,UNKNOWN,UNKNOWN,,,,,2020-07-07 15:30:00,35,CLEAR,DAYLIGHT,PARKED MOTOR VEHICLE,NOT DIVIDED,DRY,NO DEFECTS,ON SCENE,NO INJURY / DRIVE AWAY,Y,"$501 - $1,500",07/07/2020 03:34:00 PM,UNABLE TO DETERMINE,UNABLE TO DETERMINE,,2,NO INDICATION OF INJURY,0.0,0.0,0.0,0.0,0.0,2.0,0.0,15,3,7,41.869663923,-87.705627642,POINT (-87.705627641686 41.869663922773),POINT (1155216.5133412397 1895720.6324170963),2020,911 S KEDZIE AVE
O899157,DRIVER,e05a19b67ad4e9d02e5c043e80b84c79c9596ec46007e0fe1deb3f7f1b55118295289d5a88da46d0a5e687d87b12de0d1faef5973b69176f817ccdd20b08bf57,852583.0,F,24.0,DID NOT DEPLOY,NONE,NO INDICATION OF INJURY,OTHER,NOT OBSCURED,NORMAL,,,,,2020-06-13 15:40:00,30,CLEAR,DAYLIGHT,REAR END,DIVIDED - W/MEDIAN BARRIER,DRY,NO DEFECTS,NOT ON SCENE (DESK REPORT),NO INJURY / DRIVE AWAY,,"OVER $1,500",06/13/2020 04:20:00 PM,DRIVING SKILLS/KNOWLEDGE/EXPERIENCE,FOLLOWING TOO CLOSELY,,2,NO INDICATION OF INJURY,0.0,0.0,0.0,0.0,0.0,2.0,0.0,15,7,6,41.721513568,-87.63608038,POINT (-87.636080380236 41.721513568252),POINT (1174596.8845255128 1841881.7411958897),2020,9500 S NORMAL AVE
O984639,DRIVER,c3bd441d6e98f32e1c0f7b2a525f079aeeefdd085acc01d96fb0e2b336eb17ec58ae9ef2de86a093ef0a6c7f4a360b11634622c7f951bb46722e389417a09d60,933059.0,M,67.0,DID NOT DEPLOY,NONE,NO INDICATION OF INJURY,NONE,NOT OBSCURED,NORMAL,,,,,2020-10-28 10:00:00,30,CLEAR,DAYLIGHT,ANGLE,FOUR WAY,DRY,NO DEFECTS,ON SCENE,INJURY AND / OR TOW DUE TO CRASH,,"$501 - $1,500",10/28/2020 10:01:00 AM,FAILING TO YIELD RIGHT-OF-WAY,NOT APPLICABLE,,2,NO INDICATION OF INJURY,0.0,0.0,0.0,0.0,0.0,3.0,0.0,10,4,10,41.961079956,-87.72063923,POINT (-87.720639230482 41.961079956084),POINT (1150889.8517638883 1929003.1593548413),2020,4400 N LAWNDALE AVE
O900939,DRIVER,a9ebf2a5998f67d49432bf882e1fff8aae70736cbc431ad18926583e252c93079658c1606718dc9a6217b40c1c32416bc2ec94fe74336410c2ce880cb99f1963,854300.0,F,32.0,DEPLOYMENT UNKNOWN,NONE,NO INDICATION OF INJURY,OTHER,NOT OBSCURED,NORMAL,,,,,2020-06-16 19:33:00,30,CLEAR,DAYLIGHT,SIDESWIPE OPPOSITE DIRECTION,NOT DIVIDED,DRY,NO DEFECTS,ON SCENE,INJURY AND / OR TOW DUE TO CRASH,,"OVER $1,500",06/16/2020 07:33:00 PM,IMPROPER OVERTAKING/PASSING,UNABLE TO DETERMINE,,3,"REPORTED, NOT EVIDENT",1.0,0.0,0.0,0.0,1.0,3.0,0.0,19,3,6,41.877630731,-87.688833248,POINT (-87.688833248099 41.877630731084),POINT (1159768.979981187 1898657.6205992245),2020,2500 W JACKSON BLVD
P221044,PASSENGER,199a8f1e0f6437df3df856268eba817168067aa80bfd8ed9fb6ff646ce6e08dd8602f8fe762a4659ee38a1c0abbefae1c7728f0a9465aaf3ef97718b8122a139,920264.0,F,46.0,NOT APPLICABLE,NONE,NO INDICATION OF INJURY,,,,,,,Y,2020-10-05 06:34:00,30,CLEAR,DAYLIGHT,SIDESWIPE SAME DIRECTION,NOT DIVIDED,DRY,NO DEFECTS,ON SCENE,NO INJURY / DRIVE AWAY,,"$501 - $1,500",10/05/2020 06:40:00 AM,IMPROPER OVERTAKING/PASSING,IMPROPER LANE USAGE,,2,NO INDICATION OF INJURY,0.0,0.0,0.0,0.0,0.0,3.0,0.0,6,2,10,42.009696321,-87.66210383,POINT (-87.662103830025 42.009696320983),POINT (1166671.4762753323 1946838.5068224207),2020,7015 N SHERIDAN RD
O1004934,DRIVER,7799cafbc5c35eb58fb6b096db5a7b73c6c390bd3003662b9515db51e93e95ca77b2ec76f7477b8b65aef86954d8206f0095b7d8bc6f2c3318a1d20533569e1a,952386.0,M,,DID NOT DEPLOY,NONE,NO INDICATION OF INJURY,UNKNOWN,UNKNOWN,UNKNOWN,,,,,2020-12-06 18:20:00,30,CLEAR,"DARKNESS, LIGHTED ROAD",ANGLE,NOT DIVIDED,DRY,NO DEFECTS,NOT ON SCENE (DESK REPORT),NO INJURY / DRIVE AWAY,,"OVER $1,500",12/06/2020 06:50:00 PM,UNABLE TO DETERMINE,NOT APPLICABLE,,2,NO INDICATION OF INJURY,0.0,0.0,0.0,0.0,0.0,2.0,0.0,18,1,12,41.904040555,-87.672248422,POINT (-87.672248421723 41.904040555324),POINT (1164211.460178378 1908315.7014870655),2020,1221 N WOOD ST
O974043,DRIVER,1791a96fc83772d013a94af00f6315603b4337bdd1204c9d80304805a53526d171742aae11c549bfa436a5d670707bd583cdb476731e5a44448a6c5c861f8e8d,923084.0,X,,DEPLOYMENT UNKNOWN,NONE,NO INDICATION OF INJURY,FOLLOWED TOO CLOSELY,UNKNOWN,UNKNOWN,,,,,2020-10-10 01:15:00,30,UNKNOWN,"DARKNESS, LIGHTED ROAD",REAR END,FOUR WAY,UNKNOWN,UNKNOWN,NOT ON SCENE (DESK REPORT),NO INJURY / DRIVE AWAY,Y,"$501 - $1,500",10/10/2020 01:35:00 AM,FOLLOWING TOO CLOSELY,NOT APPLICABLE,,2,NO INDICATION OF INJURY,0.0,0.0,0.0,0.0,0.0,2.0,0.0,1,7,10,41.898423122,-87.706616405,POINT (-87.706616405026 41.898423122275),POINT (1154870.6716239704 1906198.4837936836),2020,3200 W GRAND AVE
P217495,PASSENGER,3a3bde3e64d08d1196c9c1e45cb6b9d43f13fc2098063eda5615571b9d3eeed722d44411d948edebf64c5db09090918c88281e33ddba33ea762a64a1168b783f,903806.0,,,"DEPLOYED, FRONT",NONE,NO INDICATION OF INJURY,,,,,,,,2020-09-07 00:43:00,30,RAIN,"DARKNESS, LIGHTED ROAD",PARKED MOTOR VEHICLE,NOT DIVIDED,WET,NO DEFECTS,ON SCENE,INJURY AND / OR TOW DUE TO CRASH,,"OVER $1,500",09/07/2020 12:45:00 AM,DISTRACTION - FROM INSIDE VEHICLE,IMPROPER TURNING/NO SIGNAL,,2,NO INDICATION OF INJURY,0.0,0.0,0.0,0.0,0.0,6.0,0.0,0,2,9,41.872574783,-87.676440651,POINT (-87.676440651412 41.872574783231),POINT (1163158.0160160807 1896840.827627655),2020,2005 W OGDEN AVE
O864912,DRIVER,43f49befb8978e244ed1085e4b2806f9e40f56ee1fbf2df0ff82f30735bba0e500d744355de24dd8b21a584762b361e7c8b6ec890c7480e4ac0d81c5e30be77b,820778.0,M,60.0,DID NOT DEPLOY,NONE,NO INDICATION OF INJURY,NONE,NOT OBSCURED,NORMAL,,,,,2020-03-20 20:05:00,30,CLEAR,"DARKNESS, LIGHTED ROAD",REAR END,DIVIDED - W/MEDIAN (NOT RAISED),DRY,NO DEFECTS,ON SCENE,INJURY AND / OR TOW DUE TO CRASH,,"OVER $1,500",03/20/2020 08:07:00 PM,UNDER THE INFLUENCE OF ALCOHOL/DRUGS (USE WHEN ARREST IS EFFECTED),NOT APPLICABLE,,2,NO INDICATION OF INJURY,0.0,0.0,0.0,0.0,0.0,2.0,0.0,20,6,3,41.706912857,-87.634671119,POINT (-87.634671119035 41.706912856754),POINT (1175024.7802474722 1836564.5248487003),2020,435 W 103RD ST
P205119,PASSENGER,c3747392bb3386c9fb2904c353a3ef0ea1097da78a8f1eb5d1ad3b82506c9ff51068c47aa5ce17c2c6b94ce5fd0c2c50bf15d476f2995a5a89fdbbc6d57dd52d,851884.0,F,,NOT APPLICABLE,NONE,NO INDICATION OF INJURY,,,,,,,,2020-06-12 10:38:00,30,CLEAR,DAYLIGHT,REAR END,DIVIDED - W/MEDIAN (NOT RAISED),DRY,NO DEFECTS,ON SCENE,NO INJURY / DRIVE AWAY,,$500 OR LESS,06/12/2020 10:38:00 AM,UNDER THE INFLUENCE OF ALCOHOL/DRUGS (USE WHEN ARREST IS EFFECTED),FOLLOWING TOO CLOSELY,,2,NO INDICATION OF INJURY,0.0,0.0,0.0,0.0,0.0,6.0,0.0,10,6,6,41.816363422,-87.645878813,POINT (-87.645878812517 41.81636342228),POINT (1171645.6898606988 1876422.7672299815),2020,4240 S HALSTED ST
P230108,PASSENGER,b8da97d8dd9a7afe02611acbf611ff816828f8a15dfdcef3425aa9578307192fe84358e03e2b1237cb6f5bc5f5cda1fe3601050187f83c47471441c3cb699ca6,963475.0,,,NOT APPLICABLE,NONE,NO INDICATION OF INJURY,,,,,,,,2020-12-29 17:20:00,30,SNOW,UNKNOWN,TURNING,UNKNOWN,SNOW OR SLUSH,UNKNOWN,NOT ON SCENE (DESK REPORT),NO INJURY / DRIVE AWAY,,"$501 - $1,500",12/29/2020 06:30:00 PM,UNABLE TO DETERMINE,UNABLE TO DETERMINE,,2,NO INDICATION OF INJURY,0.0,0.0,0.0,0.0,0.0,5.0,0.0,17,3,12,41.930847334,-87.788070456,POINT (-87.788070455877 41.930847333658),POINT (1132620.0019938783 1917862.4078778129),2020,6465 W DIVERSEY AVE
O869561,DRIVER,622f48f4bfdb3ec5c78224aed143bc8c2a79b83e178201ab5578cc096601e728816958819f099e7f8411a21be1ceccb380841dc0f6653dbc11fce52777e855b3,825031.0,F,36.0,DID NOT DEPLOY,NONE,NO INDICATION OF INJURY,OTHER,UNKNOWN,NORMAL,,,,,2020-04-06 07:25:00,30,CLEAR,DAYLIGHT,ANGLE,DIVIDED - W/MEDIAN (NOT RAISED),DRY,NO DEFECTS,ON SCENE,INJURY AND / OR TOW DUE TO CRASH,,"OVER $1,500",04/06/2020 07:30:00 AM,DRIVING SKILLS/KNOWLEDGE/EXPERIENCE,NOT APPLICABLE,,2,NO INDICATION OF INJURY,0.0,0.0,0.0,0.0,0.0,2.0,0.0,7,2,4,41.942459408,-87.75693197,POINT (-87.756931969572 41.942459408132),POINT (1141064.5911693557 1922149.2918040094),2020,5200 W ROSCOE ST
O838218,DRIVER,d14abcac0d5211556093b27f866291121caa2f50c6b71bc4921c2edc24c84b71b3167380eafb68711cf062ee4a09fa1f4022074762ba6a3213da5a70f974c5f7,795455.0,F,44.0,DID NOT DEPLOY,NONE,NO INDICATION OF INJURY,UNKNOWN,UNKNOWN,NORMAL,,,,,2020-02-08 13:25:00,30,CLEAR,DAYLIGHT,PEDESTRIAN,DIVIDED - W/MEDIAN (NOT RAISED),DRY,NO DEFECTS,ON SCENE,INJURY AND / OR TOW DUE TO CRASH,,"OVER $1,500",02/08/2020 01:26:00 PM,UNABLE TO DETERMINE,UNABLE TO DETERMINE,,2,INCAPACITATING INJURY,1.0,0.0,1.0,0.0,0.0,2.0,0.0,13,7,2,41.691786523,-87.623214581,POINT (-87.62321458059 41.691786523129),POINT (1178198.5355599204 1831078.2600880305),2020,2 W 111TH PL
O960671,DRIVER,8fe5f0c52a50fb39884ae36dc1e411d75acc5e23ad0a81fbc95374d1adb632320cec1a8d68d5a566b9d712a1a20a31dcd693024be17978d19204bc11ad8b5892,910493.0,M,,NOT APPLICABLE,NONE,NO INDICATION OF INJURY,UNKNOWN,UNKNOWN,NORMAL,,,,,2020-09-18 17:00:00,30,CLEAR,DAYLIGHT,TURNING,PARKING LOT,DRY,NO DEFECTS,NOT ON SCENE (DESK REPORT),NO INJURY / DRIVE AWAY,,"$501 - $1,500",09/18/2020 06:00:00 PM,UNABLE TO DETERMINE,UNABLE TO DETERMINE,,2,NO INDICATION OF INJURY,0.0,0.0,0.0,0.0,0.0,2.0,0.0,17,6,9,41.666112991,-87.55900308,POINT (-87.559003080261 41.666112991211),POINT (1195820.2580787963 1821874.267204255),2020,12600 S TORRENCE AVE
O819711,DRIVER,138391ae60285399b6010a9d3f1c8402e9942ea2ea1651a2beb8fbc319111adfb3aced69fa02b05c6865a0161a71da56b6aef91c9ee7ed4056b701afe778d6e4,778254.0,M,40.0,DID NOT DEPLOY,NONE,NO INDICATION OF INJURY,OTHER,OTHER,NORMAL,,,,,2020-01-10 19:40:00,30,RAIN,DARKNESS,PEDALCYCLIST,DIVIDED - W/MEDIAN (NOT RAISED),DRY,NO DEFECTS,ON SCENE,INJURY AND / OR TOW DUE TO CRASH,,$500 OR LESS,01/10/2020 07:45:00 PM,EQUIPMENT - VEHICLE CONDITION,UNABLE TO DETERMINE,,2,NONINCAPACITATING INJURY,1.0,0.0,0.0,1.0,0.0,1.0,0.0,19,6,1,41.92505474,-87.684456764,POINT (-87.684456763763 41.925054739961),POINT (1160830.1375078158 1915947.9149771181),2020,2242 W FULLERTON AVE
O843887,DRIVER,05f15b9d0c06c80854d28c4925cbafb76371ec7ebc664e0928f206515b6a925ab24ee7f0ce328220984dc9502356bc8c3814fe4ce95f0d08f10a86f2a23c8032,800860.0,M,43.0,DID NOT DEPLOY,NONE,NO INDICATION OF INJURY,FOLLOWED TOO CLOSELY,NOT OBSCURED,NORMAL,,,,,2020-02-16 10:51:00,30,CLEAR,DAYLIGHT,REAR END,NOT DIVIDED,DRY,NO DEFECTS,ON SCENE,INJURY AND / OR TOW DUE TO CRASH,,$500 OR LESS,02/16/2020 10:52:00 AM,FAILING TO REDUCE SPEED TO AVOID CRASH,NOT APPLICABLE,,2,NONINCAPACITATING INJURY,1.0,0.0,0.0,1.0,0.0,1.0,0.0,10,1,2,41.808046524,-87.694051942,POINT (-87.694051942104 41.808046523587),POINT (1158536.4848277248 1873290.7599633771),2020,4707 S CALIFORNIA AVE
O948605,DRIVER,6406cac24b6bd93fe89d20d6454e5f8f64f09c56177a8a797601ada749ba2b432717bff0a1654c497623e4dc32388e3407e1d7042ca756e8dead6d5efbd0fb80,899198.0,X,,DEPLOYMENT UNKNOWN,NONE,NO INDICATION OF INJURY,FAILED TO YIELD,UNKNOWN,UNKNOWN,,,,Y,2020-08-29 21:40:00,30,CLEAR,"DARKNESS, LIGHTED ROAD",ANGLE,FOUR WAY,DRY,NO DEFECTS,ON SCENE,NO INJURY / DRIVE AWAY,Y,"OVER $1,500",08/30/2020 12:30:00 PM,FAILING TO YIELD RIGHT-OF-WAY,UNABLE TO DETERMINE,,2,NO INDICATION OF INJURY,0.0,0.0,0.0,0.0,0.0,2.0,0.0,21,7,8,41.88503193,-87.716047736,POINT (-87.716047735724 41.885031930422),POINT (1152338.1316225186 1901300.1278997257),2020,3600 W LAKE ST
O955569,DRIVER,0aea6267cb65d6b29e9f251c1d812a448ac0506031d435f910445c555f1eda4dfffc9df5b12621b067e3010c8c85b743a1cf4fd2f1225504b7e30aa5dca2b434,905716.0,M,,DEPLOYMENT UNKNOWN,NONE,NO INDICATION OF INJURY,TOO FAST FOR CONDITIONS,UNKNOWN,UNKNOWN,,,,,2020-09-10 17:20:00,30,RAIN,DAYLIGHT,REAR END,DIVIDED - W/MEDIAN (NOT RAISED),WET,NO DEFECTS,NOT ON SCENE (DESK REPORT),NO INJURY / DRIVE AWAY,Y,"$501 - $1,500",09/10/2020 06:10:00 PM,FAILING TO REDUCE SPEED TO AVOID CRASH,NOT APPLICABLE,,2,NO INDICATION OF INJURY,0.0,0.0,0.0,0.0,0.0,2.0,0.0,17,5,9,41.914526109,-87.748024332,POINT (-87.748024332171 41.914526109261),POINT (1143557.4786276186 1911986.7817379925),2020,4850 W GRAND AVE
O863638,DRIVER,c7cb22f3c649b0a4ac38c80645abe00dcb54bb2bf627b8a7759a7fcb6202f00f71f32702ece64cd0f7f60b8b55794d07f9c2f8704fd8bc0b7a79adb8c4fe6dea,819536.0,F,33.0,DID NOT DEPLOY,NONE,NO INDICATION OF INJURY,NONE,NOT OBSCURED,NORMAL,,,,,2020-03-17 08:55:00,30,CLEAR,DAYLIGHT,TURNING,DIVIDED - W/MEDIAN (NOT RAISED),DRY,NO DEFECTS,NOT ON SCENE (DESK REPORT),NO INJURY / DRIVE AWAY,,"$501 - $1,500",03/17/2020 05:40:00 PM,IMPROPER TURNING/NO SIGNAL,NOT APPLICABLE,,2,NO INDICATION OF INJURY,0.0,0.0,0.0,0.0,0.0,2.0,0.0,8,3,3,41.890850397,-87.622611922,POINT (-87.62261192173 41.890850397004),POINT (1177763.4686976175 1903617.243827932),2020,201 E ILLINOIS ST
O830793,DRIVER,b08a3dd8e444c71faf5458cc1b397b7fd0b423b7d2e154291655607b9b184536713a31da6b1ad298d7434e3fa70f9a2f22ef50ea5aeb428d85f3e4711bb03b78,788555.0,F,38.0,"DEPLOYED, COMBINATION",NONE,NONINCAPACITATING INJURY,FAILED TO YIELD,UNKNOWN,NORMAL,,,,,2020-01-27 18:10:00,30,CLEAR,DARKNESS,TURNING,NOT DIVIDED,DRY,NO DEFECTS,ON SCENE,INJURY AND / OR TOW DUE TO CRASH,,"OVER $1,500",01/27/2020 06:13:00 PM,FAILING TO YIELD RIGHT-OF-WAY,FAILING TO YIELD RIGHT-OF-WAY,,2,NONINCAPACITATING INJURY,3.0,0.0,0.0,3.0,0.0,2.0,0.0,18,2,1,41.902490665,-87.730789782,POINT (-87.730789781589 41.902490664656),POINT (1148279.1484859916 1907633.5471828433),2020,4151 W DIVISION ST
O1017793,DRIVER,033b5b57ab75c63778d92224d2300d1697d35cacc7700f4ea41120505462a885ac41207c6056d7acd730de2d0c5ecef1a1cb0213e82c0592c4fef34f107b902b,964657.0,M,50.0,NOT APPLICABLE,NONE,"REPORTED, NOT EVIDENT",NONE,NOT OBSCURED,NORMAL,,,,,2020-12-31 18:51:00,30,CLEAR,"DARKNESS, LIGHTED ROAD",REAR END,DIVIDED - W/MEDIAN (NOT RAISED),SNOW OR SLUSH,NO DEFECTS,ON SCENE,INJURY AND / OR TOW DUE TO CRASH,,"OVER $1,500",12/31/2020 06:54:00 PM,NOT APPLICABLE,NOT APPLICABLE,,3,"REPORTED, NOT EVIDENT",1.0,0.0,0.0,0.0,1.0,2.0,0.0,18,5,12,41.9562504,-87.66357292,POINT (-87.663572920316 41.956250399624),POINT (1166424.5108260857 1927359.397170166),2020,4098 N CLARK ST