PERSON_ID,PERSON_TYPE,CRASH_RECORD_ID,VEHICLE_ID,SEX,AGE,AIRBAG_DEPLOYED,EJECTION,INJURY_CLASSIFICATION,DRIVER_ACTION,DRIVER_VISION,PHYSICAL_CONDITION,PEDPEDAL_ACTION,PEDPEDAL_VISIBILITY,PEDPEDAL_LOCATION,CRASH_DATE_EST_I,CRASH_DATE,POSTED_SPEED_LIMIT,WEATHER_CONDITION,LIGHTING_CONDITION,FIRST_CRASH_TYPE,TRAFFICWAY_TYPE,ROADWAY_SURFACE_COND,ROAD_DEFECT,REPORT_TYPE,CRASH_TYPE,HIT_AND_RUN_I,DAMAGE,DATE_POLICE_NOTIFIED,PRIM_CONTRIBUTORY_CAUSE,SEC_CONTRIBUTORY_CAUSE,DOORING_I,NUM_UNITS,MOST_SEVERE_INJURY,INJURIES_TOTAL,INJURIES_FATAL,INJURIES_INCAPACITATING,INJURIES_NON_INCAPACITATING,INJURIES_REPORTED_NOT_EVIDENT,INJURIES_NO_INDICATION,INJURIES_UNKNOWN,CRASH_HOUR,CRASH_DAY_OF_WEEK,CRASH_MONTH,LATITUDE,LONGITUDE,LOCATION,geometry,YEAR,ADDRESS
O894694,DRIVER,a37bc5dbd845c857347c11d81224ef3551a7330948f3309670345b6c8db39072eaba87b83608769a418965b8d9db1aad2b0c317984b32c69dccd5b55a0ef04ae,848564.0,F,62.0,DID NOT DEPLOY,NONE,NO INDICATION OF INJURY,FOLLOWED TOO CLOSELY,NOT OBSCURED,OTHER,,,,,2020-06-05 20:20:00,30,CLEAR,"DARKNESS, LIGHTED ROAD",REAR END,DIVIDED - W/MEDIAN (NOT RAISED),DRY,NO DEFECTS,ON SCENE,NO INJURY / DRIVE AWAY,,$500 OR LESS,06/05/2020 08:27:00 PM,UNABLE TO DETERMINE,NOT APPLICABLE,,2,NO INDICATION OF INJURY,0.0,0.0,0.0,0.0,0.0,2.0,0.0,20,6,6,41.962960557,-87.708446646,POINT (-87.708446646289 41.962960556645),POINT (1154200.9934692574 1929712.4043760463),2020,4458 N KEDZIE AVE
O821998,DRIVER,97794d5dc7b5557bc2ebdea3130d076f8fe2632dcd587dc42a95fa1defa8cc2b2568da133eb7dcb8ac3ef840fb1cd0bbf9a197f9cc932b2190c21f8403b593d6,780428.0,M,51.0,NOT APPLICABLE,NONE,NO INDICATION OF INJURY,IMPROPER TURN,UNKNOWN,NORMAL,,,,,2020-01-14 15:56:00,30,CLEAR,DAYLIGHT,TURNING,NOT DIVIDED,DRY,NO DEFECTS,ON SCENE,NO INJURY / DRIVE AWAY,,"$501 - $1,500",01/14/2020 03:56:00 PM,DRIVING SKILLS/KNOWLEDGE/EXPERIENCE,UNABLE TO DETERMINE,,2,NO INDICATION OF INJURY,0.0,0.0,0.0,0.0,0.0,3.0,0.0,15,3,1,41.981963383,-87.655289938,POINT (-87.655289938243 41.981963382501),POINT (1168603.3339610023 1936747.0435287075),2020,5500 N SHERIDAN RD
O893087,DRIVER,744bf39a303bf2cf3adc45c265ac33ed14726255762dbd981ca9295ed889ce3c87f09de11d572c2e8aa5163eed9650c2658508b85b98e26494811dde532ee450,847029.0,X,,DEPLOYMENT UNKNOWN,UNKNOWN,NO INDICATION OF INJURY,UNKNOWN,UNKNOWN,UNKNOWN,,,,,2020-05-31 14:00:00,30,CLEAR,DAYLIGHT,REAR TO SIDE,UNKNOWN,UNKNOWN,UNKNOWN,NOT ON SCENE (DESK REPORT),NO INJURY / DRIVE AWAY,Y,"OVER $1,500",06/02/2020 09:30:00 PM,NOT APPLICABLE,NOT APPLICABLE,,2,NO INDICATION OF INJURY,0.0,0.0,0.0,0.0,0.0,2.0,0.0,14,1,5,41.731892956,-87.544482121,POINT (-87.544482120872 41.731892955613),POINT (1199568.3049188382 1845879.7256051735),2020,9000 S BUFFALO AVE
O912509,DRIVER,9bf6da3eb2ea5d46e27beaf48839d5e5b62dc238307e7665efde68c0dc6e803a7d9390b6b090f943a08ebd9667c8642eb65090cf40fae46b886720f8ec6c4bd7,865107.0,M,24.0,DID NOT DEPLOY,NONE,NO INDICATION OF INJURY,NONE,NOT OBSCURED,NORMAL,,,,,2020-06-26 11:35:00,30,RAIN,DAYLIGHT,REAR END,NOT DIVIDED,WET,NO DEFECTS,NOT ON SCENE (DESK REPORT),NO INJURY / DRIVE AWAY,,"$501 - $1,500",07/05/2020 05:00:00 PM,FAILING TO REDUCE SPEED TO AVOID CRASH,DRIVING SKILLS/KNOWLEDGE/EXPERIENCE,,2,NO INDICATION OF INJURY,0.0,0.0,0.0,0.0,0.0,2.0,0.0,11,6,6,41.909283132,-87.782999073,POINT (-87.782999072624 41.909283132498),POINT (1134050.3943595174 1910013.2174701279),2020,6272 W NORTH AVE
O966993,DRIVER,92d2014d96566a7ba050d70acf58653961cc92cf7ef050c3220837e952ebca30a43539175a37c2fcfc56b0f930d1b35a474ff58c6aee8bba167b60c6b363ca07,916456.0,X,,DEPLOYMENT UNKNOWN,UNKNOWN,NO INDICATION OF INJURY,UNKNOWN,UNKNOWN,UNKNOWN,,,,,2020-09-26 16:00:00,15,UNKNOWN,DAYLIGHT,PARKED MOTOR VEHICLE,PARKING LOT,UNKNOWN,UNKNOWN,NOT ON SCENE (DESK REPORT),NO INJURY / DRIVE AWAY,N,"OVER $1,500",09/28/2020 06:49:00 PM,UNABLE TO DETERMINE,UNABLE TO DETERMINE,,2,NO INDICATION OF INJURY,0.0,0.0,0.0,0.0,0.0,1.0,0.0,16,7,9,41.736159141,-87.627784584,POINT (-87.627784584001 41.736159141056),POINT (1176817.868614024 1847236.8896657263),2020,125 W 87TH ST
O1006739,DRIVER,7ebd574740bc2343a3cac17f0ef18edd6faebed95bc06a7961df200317e5033509dd5a535d3ac8c17dcc412f16818325164586d44ccc31bf73e83d568da7c1b4,954088.0,M,32.0,DID NOT DEPLOY,NONE,"REPORTED, NOT EVIDENT",NONE,NOT OBSCURED,NORMAL,,,,,2020-12-10 16:00:00,35,CLEAR,DAYLIGHT,SIDESWIPE SAME DIRECTION,DIVIDED - W/MEDIAN BARRIER,DRY,NO DEFECTS,NOT ON SCENE (DESK REPORT),INJURY AND / OR TOW DUE TO CRASH,,"OVER $1,500",12/10/2020 04:15:00 PM,FAILING TO YIELD RIGHT-OF-WAY,NOT APPLICABLE,,2,NONINCAPACITATING INJURY,2.0,0.0,0.0,1.0,1.0,1.0,0.0,16,5,12,41.722427687,-87.585280276,POINT (-87.585280276191 41.722427687284),POINT (1188462.2759088571 1842331.251578781),2020,9456 S STONY ISLAND AVE
O995792,DRIVER,cdb4889d817e5a8be78c30ccc21b01d7518349b532c776e1c82083ad334cd40468cb209f478b56aa97827645ef3e5d7532542e6cca7e0a8bf6dd1fe475381595,943657.0,M,61.0,DID NOT DEPLOY,NONE,NO INDICATION OF INJURY,IMPROPER BACKING,NOT OBSCURED,NORMAL,,,,,2020-11-17 14:00:00,15,CLEAR,DAYLIGHT,REAR TO FRONT,NOT DIVIDED,DRY,NO DEFECTS,ON SCENE,NO INJURY / DRIVE AWAY,,"$501 - $1,500",11/17/2020 02:05:00 PM,IMPROPER BACKING,IMPROPER BACKING,,2,NO INDICATION OF INJURY,0.0,0.0,0.0,0.0,0.0,2.0,0.0,14,3,11,41.755389377,-87.70029918,POINT (-87.700299179988 41.755389377227),POINT (1156974.5590186266 1854090.2858654733),2020,3100 W 76TH ST
O967309,DRIVER,65c1a546422c42c759c145a5be0ddf9618a833dd9c702a67d89de74818456956eef5650c5762f6d595e6953a6b4a3d0805282a8d96c0cf1c61b9b8e1107cd95b,916751.0,M,69.0,DID NOT DEPLOY,NONE,NO INDICATION OF INJURY,FOLLOWED TOO CLOSELY,NOT OBSCURED,NORMAL,,,,,2020-09-23 13:12:00,25,CLEAR,DAYLIGHT,REAR END,NOT DIVIDED,DRY,NO DEFECTS,ON SCENE,INJURY AND / OR TOW DUE TO CRASH,,"OVER $1,500",09/23/2020 01:13:00 PM,FOLLOWING TOO CLOSELY,FAILING TO REDUCE SPEED TO AVOID CRASH,,2,"REPORTED, NOT EVIDENT",1.0,0.0,0.0,0.0,1.0,1.0,0.0,13,4,9,41.707114458,-87.656288988,POINT (-87.656288988293 41.707114457978),POINT (1169121.25424121 1836590.8346038458),2020,10264 S BEVERLY AVE
O883161,DRIVER,7a276780ddebcc3f9c7dd89c1db33db98cf31fa5c0e4ca032386b6b5dac728dcf2d085cdf308e34ab20d945a9044ec6d48f197c99ec255b4ae7c324f57f8d6d8,837841.0,F,,DID NOT DEPLOY,NONE,NO INDICATION OF INJURY,NONE,NOT OBSCURED,NORMAL,,,,,2020-05-13 13:30:00,30,CLEAR,DAYLIGHT,SIDESWIPE SAME DIRECTION,NOT DIVIDED,DRY,UNKNOWN,NOT ON SCENE (DESK REPORT),NO INJURY / DRIVE AWAY,,"OVER $1,500",05/13/2020 03:00:00 PM,ROAD CONSTRUCTION/MAINTENANCE,UNABLE TO DETERMINE,,2,NO INDICATION OF INJURY,0.0,0.0,0.0,0.0,0.0,2.0,0.0,13,4,5,41.876838806,-87.749491086,POINT (-87.749491086143 41.876838805613),POINT (1143251.7135008157 1898250.8350939609),2020,5000 W JACKSON BLVD
O930799,DRIVER,c47adcb8c8249f61c2ca7f72c33823487e3bc3e54c59cbac00562da59c44740b23e0a908c0d93b560a44b1d8849e6a891d42cbe1dca344000e42990d2c6a4c72,882406.0,M,20.0,NOT APPLICABLE,UNKNOWN,NONINCAPACITATING INJURY,FAILED TO YIELD,UNKNOWN,UNKNOWN,,,,,2020-08-02 20:45:00,30,CLEAR,DARKNESS,TURNING,NOT DIVIDED,WET,UNKNOWN,ON SCENE,INJURY AND / OR TOW DUE TO CRASH,,"OVER $1,500",08/02/2020 08:47:00 PM,FAILING TO YIELD RIGHT-OF-WAY,NOT APPLICABLE,,2,NONINCAPACITATING INJURY,2.0,0.0,0.0,1.0,1.0,1.0,0.0,20,1,8,41.751811516,-87.568611867,POINT (-87.568611867381 41.751811516153),POINT (1192917.502707345 1853078.4308466446),2020,2300 E 79TH ST
O906571,NON-MOTOR VEHICLE,8c0c090f610f15d2538a8ff8d65af2363ab64da5c04e780dc708a308f9c9c87ff7002c3e2663c51e2b566224e885a999b612660f7db7fbc0af384d407c571273,,X,,DEPLOYMENT UNKNOWN,UNKNOWN,NO INDICATION OF INJURY,UNKNOWN,UNKNOWN,NORMAL,,,,,2020-06-26 02:30:00,30,CLEAR,DAYLIGHT,FIXED OBJECT,NOT DIVIDED,DRY,NO DEFECTS,NOT ON SCENE (DESK REPORT),NO INJURY / DRIVE AWAY,,"$501 - $1,500",06/26/2020 10:40:00 AM,UNABLE TO DETERMINE,UNABLE TO DETERMINE,,2,NO INDICATION OF INJURY,0.0,0.0,0.0,0.0,0.0,2.0,0.0,2,6,6,41.685374207,-87.602195025,POINT (-87.602195024928 41.685374207343),POINT (1183959.2907366464 1828789.7206629876),2020,11521 S DOTY AVE W
P205190,PASSENGER,428aa71688183e0c656cebaf4f2aafd2c4f620983d300890b8a7b2996a4adca171f42cd7e38e2f4d5b9e9e7d727a8a9c6bebaedca4920b24a941f0ebc5520d2c,852174.0,,,DID NOT DEPLOY,NONE,NO INDICATION OF INJURY,,,,,,,,2020-06-12 18:19:00,30,CLEAR,DAYLIGHT,TURNING,DIVIDED - W/MEDIAN (NOT RAISED),DRY,NO DEFECTS,ON SCENE,NO INJURY / DRIVE AWAY,,"OVER $1,500",06/12/2020 06:19:00 PM,UNABLE TO DETERMINE,UNABLE TO DETERMINE,,2,NO INDICATION OF INJURY,0.0,0.0,0.0,0.0,0.0,3.0,0.0,18,6,6,41.902168575,-87.716676296,POINT (-87.716676295771 41.902168574993),POINT (1152122.0924967846 1907543.4798541986),2020,3601 W GRAND AVE
P201530,PASSENGER,e6b2768b14437f04c7a6128ce2497e3708e8608c9e566923652fa85c5b6c3c7dc1c93306194784e9364280ef0e7f5062c23f28f744aa0927b811d281d27b8543,836860.0,X,,DEPLOYMENT UNKNOWN,NONE,NO INDICATION OF INJURY,,,,,,,,2020-05-10 20:30:00,30,RAIN,DARKNESS,TURNING,NOT DIVIDED,WET,NO DEFECTS,ON SCENE,INJURY AND / OR TOW DUE TO CRASH,Y,"OVER $1,500",05/10/2020 08:36:00 PM,IMPROPER TURNING/NO SIGNAL,UNABLE TO DETERMINE,,2,NO INDICATION OF INJURY,0.0,0.0,0.0,0.0,0.0,3.0,0.0,20,1,5,41.793701405,-87.625822315,POINT (-87.62582231453 41.793701404818),POINT (1177180.9712319642 1868209.2292693122),2020,5520 S STATE ST
O815143,DRIVER,fc4ec8d67d190af5d19b365e02ebd157d678c4e00668c473948a2b93253d4e3a6a96c59301fc121296db44088ad7411ff97c1c59f1fa09fb9f44ec093f72c427,773850.0,F,65.0,NOT APPLICABLE,NONE,"REPORTED, NOT EVIDENT",NONE,UNKNOWN,OTHER,,,,,2020-01-02 19:02:00,30,CLEAR,"DARKNESS, LIGHTED ROAD",REAR END,NOT DIVIDED,DRY,NO DEFECTS,ON SCENE,INJURY AND / OR TOW DUE TO CRASH,,$500 OR LESS,01/02/2020 07:03:00 PM,UNABLE TO DETERMINE,NOT APPLICABLE,,2,"REPORTED, NOT EVIDENT",1.0,0.0,0.0,0.0,1.0,1.0,0.0,19,5,1,41.946795567,-87.80720624,POINT (-87.807206239799 41.946795567058),POINT (1127377.3323619154 1923641.4365935733),2020,3700 N HARLEM AVE
O951915,DRIVER,0bd56f637cb325110d0f6cc11af5b71b136e9046df214e2451d5d154227fd3d5cb1cffaca81ffb3864fbea0dee8f6cca3cdecce32c1ffeff4290395d557ea7f7,902340.0,X,,DEPLOYMENT UNKNOWN,NONE,NO INDICATION OF INJURY,IMPROPER PASSING,UNKNOWN,UNKNOWN,,,,,2020-09-04 15:17:00,35,CLEAR,DAYLIGHT,SIDESWIPE SAME DIRECTION,DIVIDED - W/MEDIAN (NOT RAISED),DRY,NO DEFECTS,ON SCENE,NO INJURY / DRIVE AWAY,Y,$500 OR LESS,09/04/2020 03:17:00 PM,RELATED TO BUS STOP,"OPERATING VEHICLE IN ERRATIC, RECKLESS, CARELESS, NEGLIGENT OR AGGRESSIVE MANNER",,2,NO INDICATION OF INJURY,0.0,0.0,0.0,0.0,0.0,2.0,0.0,15,6,9,41.707642151,-87.601012811,POINT (-87.601012810563 41.707642150851),POINT (1184213.2223803466 1836906.6345342284),2020,900 E 103RD ST
P213121,PASSENGER,6911a98a6bddadfbf59f5a559a96b76fc8db6b4699340f803ce76c34612fd19aba455f0bc7b2a9ce653a772ed61cb2d174c107a65fe2885f8486e26077167dab,884765.0,F,37.0,DID NOT DEPLOY,NONE,NO INDICATION OF INJURY,,,,,,,,2020-08-06 10:53:00,30,CLEAR,DAYLIGHT,SIDESWIPE SAME DIRECTION,NOT DIVIDED,DRY,NO DEFECTS,NOT ON SCENE (DESK REPORT),NO INJURY / DRIVE AWAY,,$500 OR LESS,08/06/2020 12:11:00 PM,UNABLE TO DETERMINE,UNABLE TO DETERMINE,,2,NO INDICATION OF INJURY,0.0,0.0,0.0,0.0,0.0,3.0,0.0,10,5,8,41.743955364,-87.612587556,POINT (-87.6125875556 41.743955363988),POINT (1180941.878512017 1850112.1298170472),2020,450 E 83RD ST
O959700,DRIVER,1911cc689feb1adc548095f9527749ac6533c8fa5dff58367fb785cf972c6ae56a0e56830e5644f838f60812c3b188b50dd7c2bd34db0ba11d7a71a5ea2e4329,909588.0,M,56.0,DID NOT DEPLOY,NONE,NO INDICATION OF INJURY,IMPROPER LANE CHANGE,NOT OBSCURED,UNKNOWN,,,,,2020-09-17 11:20:00,30,CLEAR,DAYLIGHT,SIDESWIPE SAME DIRECTION,NOT DIVIDED,DRY,NO DEFECTS,NOT ON SCENE (DESK REPORT),NO INJURY / DRIVE AWAY,,"$501 - $1,500",09/17/2020 12:46:00 PM,UNABLE TO DETERMINE,UNABLE TO DETERMINE,,2,NO INDICATION OF INJURY,0.0,0.0,0.0,0.0,0.0,2.0,0.0,11,5,9,41.885864153,-87.624485528,POINT (-87.624485528482 41.88586415331),POINT (1177268.3345589952 1901796.037703778),2020,100 E LAKE ST
O889390,DRIVER,9cf56ef1f8499f3507b8db66c0df96b045d6ad32776bcee23d17fd0588174f2c828cc3daeb8a74e9bf4664c793a74b87f94f24162c52606a9f88a6e213195fea,843676.0,M,36.0,DID NOT DEPLOY,NONE,NO INDICATION OF INJURY,UNKNOWN,NOT OBSCURED,NORMAL,,,,,2020-05-26 16:33:00,30,CLEAR,DAYLIGHT,TURNING,NOT DIVIDED,DRY,NO DEFECTS,ON SCENE,NO INJURY / DRIVE AWAY,,"OVER $1,500",05/26/2020 04:33:00 PM,UNABLE TO DETERMINE,UNABLE TO DETERMINE,,2,NO INDICATION OF INJURY,0.0,0.0,0.0,0.0,0.0,7.0,0.0,16,3,5,41.92440954,-87.741879956,POINT (-87.741879956307 41.924409539923),POINT (1145205.002206146 1915599.7847966754),2020,4600 W FULLERTON AVE
O889535,DRIVER,337bea9491db4b42d8b94852e74401de907bf7f9de11ffe69109afc6d82289873c8546820235622d304e2f953955d200dee0215342b4d161f8404f1200a08ff7,843827.0,M,60.0,DID NOT DEPLOY,NONE,NO INDICATION OF INJURY,NONE,NOT OBSCURED,NORMAL,,,,,2020-05-26 20:25:00,30,CLEAR,"DARKNESS, LIGHTED ROAD",SIDESWIPE OPPOSITE DIRECTION,FOUR WAY,DRY,NO DEFECTS,NOT ON SCENE (DESK REPORT),NO INJURY / DRIVE AWAY,,"$501 - $1,500",05/26/2020 09:10:00 PM,FAILING TO YIELD RIGHT-OF-WAY,UNABLE TO DETERMINE,,2,NO INDICATION OF INJURY,0.0,0.0,0.0,0.0,0.0,2.0,0.0,20,3,5,41.994542305,-87.713896784,POINT (-87.713896783814 41.994542305274),POINT (1152635.4854158273 1941210.1807867987),2020,6199 N LINCOLN AVE
O940004,DRIVER,6362ef23b4bc894e66caddc7edb6a1702afe7d89420e936d77c8250d2e80adfb83c41e1116227b465fb3ac981a5f25abf4c65bcf55550c60b1a6774e06d00ec8,891105.0,F,37.0,NOT APPLICABLE,NONE,NO INDICATION OF INJURY,NONE,NOT OBSCURED,NORMAL,,,,,2020-08-16 21:30:00,25,CLEAR,"DARKNESS, LIGHTED ROAD",ANGLE,ALLEY,DRY,NO DEFECTS,ON SCENE,NO INJURY / DRIVE AWAY,,"$501 - $1,500",08/16/2020 09:34:00 PM,FAILING TO YIELD RIGHT-OF-WAY,NOT APPLICABLE,,2,NO INDICATION OF INJURY,0.0,0.0,0.0,0.0,0.0,6.0,0.0,21,1,8,41.908524594,-87.695018841,POINT (-87.695018840616 41.908524593822),POINT (1158000.6771547692 1909902.739841329),2020,2710 W LE MOYNE ST
P190204,PASSENGER,9a621ae62a3dcff01a56ad09fda75246aef6b9a7312c85b9010fdac166a3c37831386f075f52cd3c1366f575f1ca9271561c6e2d6cd807a0f35d7fcc7bb9b22a,789690.0,M,5.0,DID NOT DEPLOY,NONE,NO INDICATION OF INJURY,,,,,,,,2020-01-30 07:47:00,30,CLOUDY/OVERCAST,DAYLIGHT,REAR END,NOT DIVIDED,DRY,NO DEFECTS,ON SCENE,INJURY AND / OR TOW DUE TO CRASH,,"OVER $1,500",01/30/2020 07:48:00 AM,FOLLOWING TOO CLOSELY,FOLLOWING TOO CLOSELY,,2,NO INDICATION OF INJURY,0.0,0.0,0.0,0.0,0.0,3.0,0.0,7,5,1,41.886381421,-87.739847656,POINT (-87.739847655771 41.886381421325),POINT (1145853.9376201138 1901746.1618139136),2020,4542 W LAKE ST
O862567,DRIVER,7372a632bada75ba22835afaff60ecb854a15426fecf362188879487117895077c7e93c440522a22f3b1b424b9d7259fd872b3f1e9c1374a144fef0fdb00c248,818499.0,M,22.0,DID NOT DEPLOY,TOTALLY EJECTED,NONINCAPACITATING INJURY,IMPROPER LANE CHANGE,UNKNOWN,NORMAL,,,,,2020-03-15 16:43:00,30,CLEAR,DAYLIGHT,TURNING,DIVIDED - W/MEDIAN (NOT RAISED),DRY,NO DEFECTS,ON SCENE,INJURY AND / OR TOW DUE TO CRASH,,"OVER $1,500",03/15/2020 04:43:00 PM,IMPROPER OVERTAKING/PASSING,NOT APPLICABLE,,2,NONINCAPACITATING INJURY,1.0,0.0,0.0,1.0,0.0,2.0,0.0,16,1,3,41.975566424,-87.786811945,POINT (-87.786811944724 41.975566424299),POINT (1132858.5356295728 1934160.3426276888),2020,5198 N MULLIGAN AVE
P218318,PASSENGER,bba4c5cb65ea5e40cffff66cfa814019d1d54045f3fd90a104e0c6a0b665273925e42de7f641c66fb4ffca994c64e9661d45648c0a6536f007db96054362b3b7,907695.0,M,19.0,NOT APPLICABLE,NONE,NO INDICATION OF INJURY,,,,,,,Y,2020-09-13 22:33:00,30,CLEAR,"DARKNESS, LIGHTED ROAD",REAR END,NOT DIVIDED,DRY,NO DEFECTS,ON SCENE,INJURY AND / OR TOW DUE TO CRASH,,"OVER $1,500",09/13/2020 11:21:00 PM,FAILING TO YIELD RIGHT-OF-WAY,UNABLE TO DETERMINE,,2,NO INDICATION OF INJURY,0.0,0.0,0.0,0.0,0.0,4.0,0.0,22,1,9,41.869580437,-87.754815108,POINT (-87.754815108464 41.86958043704),POINT (1141819.6074194312 1895596.0835072424),2020,820 S LARAMIE AVE
O942233,DRIVER,77dc78b8c13f51da67304c27a3d0f8c7fa4d5e6dd37ac886eb23eedd897eeac151e960bf599310f22e6def38b025e860597c4c7555d5a54f5a7c1f160ad678f0,893197.0,M,,DEPLOYMENT UNKNOWN,NONE,NO INDICATION OF INJURY,FAILED TO YIELD,UNKNOWN,UNKNOWN,,,,,2020-08-20 15:33:00,30,CLEAR,DAYLIGHT,PEDALCYCLIST,NOT DIVIDED,DRY,NO DEFECTS,ON SCENE,INJURY AND / OR TOW DUE TO CRASH,Y,"OVER $1,500",08/20/2020 03:35:00 PM,FAILING TO YIELD RIGHT-OF-WAY,UNABLE TO DETERMINE,,2,INCAPACITATING INJURY,1.0,0.0,1.0,0.0,0.0,1.0,0.0,15,5,8,41.891134142,-87.647766095,POINT (-87.647766094631 41.891134142336),POINT (1170913.6898385212 1903664.9144560797),2020,498 N HALSTED ST
O833143,DRIVER,bc37ac478c92af6e19d8f9e71fd6d2c1d7387cac5716d4a3b6f265f7b4c8d312391406bdb0331d3ca8eb9042b617150da5dd51467254fbb0735921ce076f6260,790767.0,M,33.0,NOT APPLICABLE,NONE,NO INDICATION OF INJURY,IMPROPER TURN,NOT OBSCURED,NORMAL,,,,,2020-01-31 16:10:00,30,CLEAR,DAYLIGHT,TURNING,FOUR WAY,DRY,NO DEFECTS,NOT ON SCENE (DESK REPORT),NO INJURY / DRIVE AWAY,,"OVER $1,500",01/31/2020 11:00:00 PM,IMPROPER OVERTAKING/PASSING,IMPROPER TURNING/NO SIGNAL,,2,NO INDICATION OF INJURY,0.0,0.0,0.0,0.0,0.0,2.0,0.0,16,6,1,41.883320022,-87.633933268,POINT (-87.633933267711 41.883320022301),POINT (1174703.2690283423 1900847.848472472),2020,200 W WASHINGTON ST
P216893,PASSENGER,3488a7ffd6ef1d1a64d3ce8f71d8bf709a030214167976988a6bb3a3f7d30bf197ed29582d5806926b7f38da80e6ec8e6ea4947113b14567491b405888bc0cb2,901259.0,F,,DID NOT DEPLOY,NONE,NO INDICATION OF INJURY,,,,,,,,2020-09-02 19:41:00,30,CLEAR,"DARKNESS, LIGHTED ROAD",REAR END,NOT DIVIDED,DRY,NO DEFECTS,NOT ON SCENE (DESK REPORT),NO INJURY / DRIVE AWAY,Y,"$501 - $1,500",09/02/2020 08:11:00 PM,FOLLOWING TOO CLOSELY,FAILING TO REDUCE SPEED TO AVOID CRASH,,2,NO INDICATION OF INJURY,0.0,0.0,0.0,0.0,0.0,5.0,0.0,19,4,9,41.909880868,-87.7351582,POINT (-87.735158200369 41.909880868056),POINT (1147071.1592095892 1910318.2150355545),2020,4338 W NORTH AVE
O992823,DRIVER,765e928dd82e427194236ee04d642b140bdc6a023a96062cb22e7006a79bd387835377ec15266d2fd684dd619089c214853e54f45c36033fa7eefb6c6620f111,940834.0,M,54.0,DID NOT DEPLOY,NONE,NO INDICATION OF INJURY,FOLLOWED TOO CLOSELY,NOT OBSCURED,NORMAL,,,,,2020-11-12 09:45:00,30,CLEAR,DAYLIGHT,PARKED MOTOR VEHICLE,NOT DIVIDED,DRY,NO DEFECTS,ON SCENE,NO INJURY / DRIVE AWAY,,"OVER $1,500",11/12/2020 10:00:00 AM,FOLLOWING TOO CLOSELY,UNABLE TO DETERMINE,,2,NO INDICATION OF INJURY,0.0,0.0,0.0,0.0,0.0,1.0,0.0,9,5,11,41.785444028,-87.703471402,POINT (-87.703471402471 41.78544402757),POINT (1156028.8050748163 1865035.598879948),2020,5926 S KEDZIE AVE
O991155,DRIVER,518a8faaab68c1882fdeccdc1499188e37ffbe30008b82c510ad640152182eb5f1ab7159e9b23deebc756c70c2c75a8455fe7b478547c972564763988bf1c566,939269.0,M,38.0,NOT APPLICABLE,NONE,NO INDICATION OF INJURY,UNKNOWN,OTHER,NORMAL,,,,,2020-11-08 23:36:00,15,CLEAR,"DARKNESS, LIGHTED ROAD",FIXED OBJECT,PARKING LOT,DRY,NO DEFECTS,ON SCENE,NO INJURY / DRIVE AWAY,,"$501 - $1,500",11/08/2020 11:43:00 PM,UNABLE TO DETERMINE,UNABLE TO DETERMINE,,1,NO INDICATION OF INJURY,0.0,0.0,0.0,0.0,0.0,1.0,0.0,23,1,11,41.946451564,-87.713168305,POINT (-87.713168304716 41.946451563513),POINT (1152960.3688836608 1923687.1439813587),2020,3411 W ADDISON ST
O832884,DRIVER,37dbca1e6ab9ec4a4167c5b1b594b031da1c971dbdfa00b7e58d52f606df6adf2af59f5629ddeb76bfce534c315561286e6e955a6a7d06435d3a12d0e2cc8496,790522.0,M,51.0,NOT APPLICABLE,NONE,NO INDICATION OF INJURY,NONE,UNKNOWN,NORMAL,,,,,2020-01-31 14:16:00,30,CLEAR,DAYLIGHT,REAR END,NOT DIVIDED,DRY,UNKNOWN,NOT ON SCENE (DESK REPORT),NO INJURY / DRIVE AWAY,,"OVER $1,500",01/31/2020 03:45:00 PM,FAILING TO REDUCE SPEED TO AVOID CRASH,FOLLOWING TOO CLOSELY,,2,NO INDICATION OF INJURY,0.0,0.0,0.0,0.0,0.0,2.0,0.0,14,6,1,41.982842599,-87.699001114,POINT (-87.699001113839 41.982842599089),POINT (1156716.2683959452 1936976.3862772053),2020,5551 N CALIFORNIA AVE
P227337,PASSENGER,2802ac140fd9ca60baf6e56f4199fab37c2f02e5401844eb9725b143619d31b43fc7a421ea3e8504dccf9ffe9d71bfc38285587b11387b4d87030c7f691dff42,950098.0,F,24.0,NOT APPLICABLE,NONE,NO INDICATION OF INJURY,,,,,,,,2020-12-01 18:21:00,30,CLEAR,"DARKNESS, LIGHTED ROAD",ANGLE,FOUR WAY,DRY,NO DEFECTS,ON SCENE,INJURY AND / OR TOW DUE TO CRASH,,"OVER $1,500",12/01/2020 06:23:00 PM,FAILING TO REDUCE SPEED TO AVOID CRASH,NOT APPLICABLE,,2,NO INDICATION OF INJURY,0.0,0.0,0.0,0.0,0.0,4.0,0.0,18,3,12,41.880897273,-87.720881226,POINT (-87.720881226139 41.880897273491),POINT (1151032.7091413538 1899784.0339862898),2020,3800 W MADISON ST
O977501,DRIVER,5e8a1bc10ebf8d71d8d56ab9a785d5f0860bba66a2914fd3db842d2a2324e9f3182f05f0e58da601dbdb1ad359d85fb17c7f413982cd3f4c5333d85aa3b6423d,926319.0,M,30.0,DID NOT DEPLOY,NONE,NO INDICATION OF INJURY,NONE,NOT OBSCURED,NORMAL,,,,,2020-10-15 19:33:00,30,CLEAR,DARKNESS,REAR END,NOT DIVIDED,DRY,NO DEFECTS,ON SCENE,INJURY AND / OR TOW DUE TO CRASH,,"OVER $1,500",10/15/2020 07:35:00 PM,IMPROPER LANE USAGE,UNABLE TO DETERMINE,,3,NO INDICATION OF INJURY,0.0,0.0,0.0,0.0,0.0,3.0,0.0,19,5,10,41.778492466,-87.74478114,POINT (-87.744781140224 41.778492466095),POINT (1144779.9170367783 1862422.680274283),2020,4900 W 63RD ST