PERSON_ID,PERSON_TYPE,CRASH_RECORD_ID,VEHICLE_ID,SEX,AGE,AIRBAG_DEPLOYED,EJECTION,INJURY_CLASSIFICATION,DRIVER_ACTION,DRIVER_VISION,PHYSICAL_CONDITION,PEDPEDAL_ACTION,PEDPEDAL_VISIBILITY,PEDPEDAL_LOCATION,CRASH_DATE_EST_I,CRASH_DATE,POSTED_SPEED_LIMIT,WEATHER_CONDITION,LIGHTING_CONDITION,FIRST_CRASH_TYPE,TRAFFICWAY_TYPE,ROADWAY_SURFACE_COND,ROAD_DEFECT,REPORT_TYPE,CRASH_TYPE,HIT_AND_RUN_I,DAMAGE,DATE_POLICE_NOTIFIED,PRIM_CONTRIBUTORY_CAUSE,SEC_CONTRIBUTORY_CAUSE,DOORING_I,NUM_UNITS,MOST_SEVERE_INJURY,INJURIES_TOTAL,INJURIES_FATAL,INJURIES_INCAPACITATING,INJURIES_NON_INCAPACITATING,INJURIES_REPORTED_NOT_EVIDENT,INJURIES_NO_INDICATION,INJURIES_UNKNOWN,CRASH_HOUR,CRASH_DAY_OF_WEEK,CRASH_MONTH,LATITUDE,LONGITUDE,LOCATION,geometry,YEAR,ADDRESS
O925306,DRIVER,77c6896f7590443e32852c8ab7c1b60d1b05dec415263b138d82b01bc4af7e7f7bfb2829e85e1c95567a344079ee9fc10c5506922b7174ddc95009ae929b8f83,877262.0,M,54.0,DID NOT DEPLOY,NONE,NO INDICATION OF INJURY,NONE,UNKNOWN,NORMAL,,,,,2020-07-25 16:50:00,35,CLEAR,DAYLIGHT,REAR END,DIVIDED - W/MEDIAN BARRIER,DRY,NO DEFECTS,NOT ON SCENE (DESK REPORT),NO INJURY / DRIVE AWAY,Y,"OVER $1,500",07/25/2020 05:30:00 PM,FOLLOWING TOO CLOSELY,UNABLE TO DETERMINE,,2,NO INDICATION OF INJURY,0.0,0.0,0.0,0.0,0.0,5.0,0.0,16,7,7,41.892323335,-87.614352358,POINT (-87.614352358189 41.892323334944),POINT (1180007.8776255979 1904172.7185538348),2020,540 N LAKE SHORE DR NB
O991918,DRIVER,c8eb916377651aa4467cd321f441d6362a386ce8bf0d2acd2049dbc06f5c62a98c6b8dd27111b519ba0e09a6d51f9aeff02dd0f939b9513f34f5b18ce333329b,939994.0,M,,NOT APPLICABLE,NONE,NO INDICATION OF INJURY,DISREGARDED CONTROL DEVICES,UNKNOWN,UNKNOWN,,,,,2020-11-10 14:00:00,30,CLEAR,DAYLIGHT,SIDESWIPE SAME DIRECTION,NOT DIVIDED,DRY,NO DEFECTS,NOT ON SCENE (DESK REPORT),NO INJURY / DRIVE AWAY,Y,"OVER $1,500",11/10/2020 02:15:00 PM,DISREGARDING TRAFFIC SIGNALS,IMPROPER LANE USAGE,,2,NO INDICATION OF INJURY,0.0,0.0,0.0,0.0,0.0,2.0,0.0,14,3,11,41.722257273,-87.585275565,POINT (-87.585275565077 41.722257273006),POINT (1188464.1016118622 1842269.1655380244),2020,9500 S STONY ISLAND AVE
O856124,DRIVER,5b8a6fa751ef4a4081bda97ab79ed14a3648861be400cc0877da1af6b5289ab7d95a1ce6573514cfcc96a0ea3d4fe55017a6289d25386ea66b763b8cf3918dbe,812418.0,F,24.0,DID NOT DEPLOY,NONE,NO INDICATION OF INJURY,NONE,NOT OBSCURED,NORMAL,,,,,2020-03-05 16:40:00,30,CLEAR,DARKNESS,SIDESWIPE SAME DIRECTION,NOT DIVIDED,DRY,NO DEFECTS,NOT ON SCENE (DESK REPORT),NO INJURY / DRIVE AWAY,,"OVER $1,500",03/05/2020 06:30:00 PM,IMPROPER OVERTAKING/PASSING,UNABLE TO DETERMINE,,2,NO INDICATION OF INJURY,0.0,0.0,0.0,0.0,0.0,2.0,0.0,16,5,3,41.93167101,-87.663683634,POINT (-87.663683633872 41.931671009502),POINT (1166464.3706284205 1918402.3595167196),2020,2734 N SOUTHPORT AVE
O968713,DRIVER,1d445b043f17a15538932f7fcaa4872bce749f6c7b0c3e62ec1fe61af0d5a12a283f1af19fb8a9b57d6780262789778dee97e828f1be000af0d5da7c4ca9586a,918066.0,M,33.0,NOT APPLICABLE,NONE,NO INDICATION OF INJURY,DISREGARDED CONTROL DEVICES,NOT OBSCURED,NORMAL,,,,Y,2020-10-01 18:10:00,30,RAIN,DAWN,TURNING,NOT DIVIDED,WET,NO DEFECTS,ON SCENE,INJURY AND / OR TOW DUE TO CRASH,,"OVER $1,500",10/01/2020 06:20:00 PM,DISREGARDING TRAFFIC SIGNALS,DISREGARDING TRAFFIC SIGNALS,,2,NO INDICATION OF INJURY,0.0,0.0,0.0,0.0,0.0,2.0,0.0,18,5,10,41.758715467,-87.586280965,POINT (-87.586280964844 41.758715466706),POINT (1188074.3060017026 1855551.8153076551),2020,7500 S STONY ISLAND AVE
P218052,PASSENGER,00f5564fdc5f87b45c691aec15afed5611adddc8f5b177a81e80575b1869430f3f14d59715ca16bf99172bd9c12ab53d7455080f49bd9b7453a96013ebdafabf,906556.0,,,NOT APPLICABLE,NONE,NO INDICATION OF INJURY,,,,,,,,2020-09-11 23:40:00,30,CLEAR,"DARKNESS, LIGHTED ROAD",SIDESWIPE SAME DIRECTION,NOT DIVIDED,DRY,NO DEFECTS,ON SCENE,NO INJURY / DRIVE AWAY,,"OVER $1,500",09/11/2020 11:46:00 PM,IMPROPER OVERTAKING/PASSING,UNABLE TO DETERMINE,,2,NO INDICATION OF INJURY,0.0,0.0,0.0,0.0,0.0,3.0,0.0,23,6,9,41.945455554,-87.707346021,POINT (-87.70734602129 41.945455554095),POINT (1154546.926701758 1923335.709394724),2020,3532 N ELSTON AVE
O909908,DRIVER,ebacad585d955989d4fbe1ed3f4a0e68fb67f5ded6bb9c2a8590688631885d04683515246a22f26fbeae046390f20de91547fd6a65b744bc7491a89c7d99c514,862674.0,M,21.0,DID NOT DEPLOY,NONE,NO INDICATION OF INJURY,FOLLOWED TOO CLOSELY,UNKNOWN,UNKNOWN,,,,,2020-06-29 18:30:00,30,UNKNOWN,UNKNOWN,REAR END,NOT DIVIDED,UNKNOWN,UNKNOWN,NOT ON SCENE (DESK REPORT),NO INJURY / DRIVE AWAY,,$500 OR LESS,07/01/2020 07:00:00 PM,FOLLOWING TOO CLOSELY,DRIVING SKILLS/KNOWLEDGE/EXPERIENCE,,2,NO INDICATION OF INJURY,0.0,0.0,0.0,0.0,0.0,2.0,0.0,18,2,6,41.925236527,-87.670000699,POINT (-87.670000699228 41.925236527453),POINT (1164763.6030992053 1916044.2596320042),2020,1650 W FULLERTON AVE
P199800,PASSENGER,12ea3bbefac7bb5f5861936cc7bcd70f65360ba1ef5b357e19d3d5eae36c34b01580be8ff174259aa54afcf3c2d6c1878e5ecc17670853e75847474df57fd744,829583.0,M,41.0,DID NOT DEPLOY,NONE,NO INDICATION OF INJURY,,,,,,,,2020-04-21 18:08:00,30,CLEAR,DAYLIGHT,TURNING,NOT DIVIDED,DRY,NO DEFECTS,ON SCENE,NO INJURY / DRIVE AWAY,,"OVER $1,500",04/21/2020 06:08:00 PM,DISREGARDING OTHER TRAFFIC SIGNS,"VISION OBSCURED (SIGNS, TREE LIMBS, BUILDINGS, ETC.)",,2,NO INDICATION OF INJURY,0.0,0.0,0.0,0.0,0.0,5.0,0.0,18,3,4,41.780008277,-87.625522512,POINT (-87.625522511916 41.780008277408),POINT (1177303.8018949972 1863220.216755791),2020,6300 S STATE ST
O874120,DRIVER,337725b3770f5ddfffacb55fbbdcacfd3322acbb61f9ff8e1709704c5f5f8c58d259ef04142f242e3d6e309f86d3061452784ac7cbe34d13181972c29216e017,829313.0,F,28.0,NOT APPLICABLE,NONE,NO INDICATION OF INJURY,FOLLOWED TOO CLOSELY,NOT OBSCURED,NORMAL,,,,,2020-04-20 21:50:00,30,RAIN,DARKNESS,REAR END,DIVIDED - W/MEDIAN (NOT RAISED),WET,NO DEFECTS,ON SCENE,NO INJURY / DRIVE AWAY,,$500 OR LESS,04/20/2020 09:52:00 PM,FOLLOWING TOO CLOSELY,NOT APPLICABLE,,3,NO INDICATION OF INJURY,0.0,0.0,0.0,0.0,0.0,3.0,0.0,21,2,4,41.938399705,-87.776360045,POINT (-87.776360044977 41.938399705187),POINT (1135788.6217141766 1920634.9858565023),2020,3158 N AUSTIN AVE
O944078,DRIVER,aff75700a9c2e051cbe947672764f6d6640f0b14d26be39219facf1225d993ff3b1a37d909a6a23a698c423adbaee8966b69bc1e1dae58842c04430f3ff29f8c,894908.0,X,,DEPLOYMENT UNKNOWN,UNKNOWN,NO INDICATION OF INJURY,IMPROPER BACKING,UNKNOWN,UNKNOWN,,,,,2020-08-23 09:20:00,30,CLEAR,DAYLIGHT,PEDESTRIAN,ONE-WAY,DRY,NO DEFECTS,ON SCENE,INJURY AND / OR TOW DUE TO CRASH,Y,$500 OR LESS,08/23/2020 09:22:00 AM,IMPROPER BACKING,NOT APPLICABLE,,3,NONINCAPACITATING INJURY,2.0,0.0,0.0,2.0,0.0,1.0,0.0,9,1,8,41.849803733,-87.709919387,POINT (-87.709919387066 41.849803733396),POINT (1154100.1251141294 1888475.1146513952),2020,2301 S HOMAN AVE
O926890,DRIVER,edfcd81e47e8e5a40d6a3803db5813475f686a4c43695cf4cf6f063825c63daa35ed3a8f4754b8a603aedcb8aaefc901f473380380449871f241041158eb2ab6,878754.0,X,,DEPLOYMENT UNKNOWN,NONE,NO INDICATION OF INJURY,UNKNOWN,UNKNOWN,UNKNOWN,,,,,2020-07-12 16:00:00,30,CLEAR,DAYLIGHT,PARKED MOTOR VEHICLE,DIVIDED - W/MEDIAN (NOT RAISED),DRY,NO DEFECTS,,NO INJURY / DRIVE AWAY,Y,"$501 - $1,500",07/13/2020 07:56:00 AM,UNABLE TO DETERMINE,UNABLE TO DETERMINE,,2,NO INDICATION OF INJURY,0.0,0.0,0.0,0.0,0.0,1.0,0.0,16,1,7,41.893373247,-87.658331829,POINT (-87.658331828887 41.893373246557),POINT (1168030.4574927653 1904458.035176277),2020,1221 W ERIE ST
P224686,PASSENGER,42501970a09ecd54f967e189662d2124c76902d53fc159e758c33dffe9e306d8c2513a40adbaa7b483d867edd76313a84919945641c222971bd36c30ee3be862,937592.0,M,22.0,NOT APPLICABLE,NONE,INCAPACITATING INJURY,,,,,,,,2020-11-05 23:40:00,30,CLEAR,"DARKNESS, LIGHTED ROAD",TURNING,NOT DIVIDED,DRY,UNKNOWN,ON SCENE,INJURY AND / OR TOW DUE TO CRASH,,"OVER $1,500",11/05/2020 11:54:00 PM,UNABLE TO DETERMINE,UNABLE TO DETERMINE,,2,INCAPACITATING INJURY,2.0,0.0,1.0,1.0,0.0,2.0,0.0,23,5,11,41.953855946,-87.807034072,POINT (-87.807034072141 41.953855946101),POINT (1127408.3701083409 1926214.5426482072),2020,7189 W FOREST PRESERVE AVE
P193797,PASSENGER,993faf4383410a2226f0de6c9e1a67eac4fb30fc20c853e952ae9f96c36a4c0d4cbc78a97b52d836910039ad7eeb9e2e366a5546ce9d369402d1d3b030b7325a,804313.0,,,NOT APPLICABLE,NONE,NO INDICATION OF INJURY,,,,,,,,2020-02-21 23:17:00,35,CLEAR,"DARKNESS, LIGHTED ROAD",SIDESWIPE SAME DIRECTION,NOT DIVIDED,DRY,NO DEFECTS,ON SCENE,NO INJURY / DRIVE AWAY,,$500 OR LESS,02/21/2020 11:17:00 PM,IMPROPER TURNING/NO SIGNAL,NOT APPLICABLE,,2,NO INDICATION OF INJURY,0.0,0.0,0.0,0.0,0.0,4.0,0.0,23,6,2,41.969138014,-87.659821302,POINT (-87.659821302405 41.969138014238),POINT (1167408.0398010088 1932063.6952015136),2020,4802 N BROADWAY
O990091,DRIVER,b89676c7a742c7e4898d7ab67e6f686e030ec016bb528d42facb8c7ff96b007caf56d28f94e700a44fd82d4783bc2e3fd653f00d448f68823ec2fb5df8747953,938246.0,F,45.0,NOT APPLICABLE,NONE,NO INDICATION OF INJURY,OTHER,NOT OBSCURED,NORMAL,,,,,2020-11-07 01:35:00,30,CLEAR,"DARKNESS, LIGHTED ROAD",PARKED MOTOR VEHICLE,NOT DIVIDED,DRY,NO DEFECTS,ON SCENE,INJURY AND / OR TOW DUE TO CRASH,,"OVER $1,500",11/07/2020 01:37:00 AM,DISTRACTION - FROM INSIDE VEHICLE,NOT APPLICABLE,,3,NO INDICATION OF INJURY,0.0,0.0,0.0,0.0,0.0,1.0,0.0,1,7,11,41.807756732,-87.741113375,POINT (-87.741113375095 41.807756732341),POINT (1145706.8591582696 1873093.2381847582),2020,4708 W 47TH ST
O980047,DRIVER,d72e101b8bfa87cf73a54a26240306c0d65e5af3ef52bbfd1b97d8a3fe0f555a89ad9233f672e55cff7d147be560254efd670daedfc45fb5c6484f6dd337a834,928716.0,F,19.0,DID NOT DEPLOY,NONE,NO INDICATION OF INJURY,NONE,NOT OBSCURED,NORMAL,,,,,2020-10-20 14:00:00,30,CLOUDY/OVERCAST,DAYLIGHT,ANGLE,NOT DIVIDED,DRY,NO DEFECTS,NOT ON SCENE (DESK REPORT),NO INJURY / DRIVE AWAY,,"OVER $1,500",10/20/2020 02:50:00 PM,UNABLE TO DETERMINE,UNABLE TO DETERMINE,,2,NO INDICATION OF INJURY,0.0,0.0,0.0,0.0,0.0,2.0,0.0,14,3,10,41.699041783,-87.539940143,POINT (-87.539940142747 41.699041782529),POINT (1200918.3647573374 1833920.4894029764),2020,10801 S AVENUE O
O976413,DRIVER,8702a1a5f3980ad3e0a8cd6f5e99e19296fbdae8e2df7f8263d042e105e32db30979c2f43ca3d9b0a37a689c3926b5c4d486a7a16e1607cf3389af830299419e,925312.0,X,,DEPLOYMENT UNKNOWN,UNKNOWN,NO INDICATION OF INJURY,FAILED TO YIELD,UNKNOWN,UNKNOWN,,,,,2020-10-14 07:00:00,30,CLEAR,DAYLIGHT,PEDESTRIAN,NOT DIVIDED,DRY,NO DEFECTS,ON SCENE,INJURY AND / OR TOW DUE TO CRASH,Y,$500 OR LESS,10/14/2020 07:06:00 AM,FAILING TO YIELD RIGHT-OF-WAY,NOT APPLICABLE,,2,NONINCAPACITATING INJURY,1.0,0.0,0.0,1.0,0.0,1.0,0.0,7,4,10,41.973347632,-87.674156163,POINT (-87.674156162551 41.973347631869),POINT (1163497.9285367776 1933567.3795854934),2020,5031 N RAVENSWOOD AVE
O956485,DRIVER,ee9424a2c44aa348e096d69d29bfb0ba2f97039f0655756b81ff2355084a604e43d8e56472dc6c9e7f974956648f9cfe6cdc2f76516d06bc0b1d0cf465af5f67,906583.0,M,37.0,DID NOT DEPLOY,NONE,NO INDICATION OF INJURY,NONE,NOT OBSCURED,NORMAL,,,,,2020-09-12 02:27:00,30,CLEAR,"DARKNESS, LIGHTED ROAD",REAR END,DIVIDED - W/MEDIAN (NOT RAISED),DRY,NO DEFECTS,ON SCENE,NO INJURY / DRIVE AWAY,,"$501 - $1,500",09/12/2020 02:27:00 AM,DRIVING SKILLS/KNOWLEDGE/EXPERIENCE,NOT APPLICABLE,,2,NO INDICATION OF INJURY,0.0,0.0,0.0,0.0,0.0,5.0,0.0,2,7,9,41.990610512,-87.689613147,POINT (-87.689613146859 41.990610512367),POINT (1159247.4642730854 1939826.0993739637),2020,2398 W PETERSON AVE
P196587,PASSENGER,12c4b9ad8c81d96a34fd60492511abf5b30a85e468f41545ff9a660d3652012a62ec336034f3f98d382d0532113f6cb3fd481a89e660b0a52070198ac6c93780,815514.0,M,7.0,DID NOT DEPLOY,NONE,NO INDICATION OF INJURY,,,,,,,,2020-03-10 15:22:00,20,CLEAR,DAYLIGHT,PARKED MOTOR VEHICLE,ONE-WAY,DRY,NO DEFECTS,ON SCENE,INJURY AND / OR TOW DUE TO CRASH,,"OVER $1,500",03/10/2020 03:25:00 PM,"VISION OBSCURED (SIGNS, TREE LIMBS, BUILDINGS, ETC.)",NOT APPLICABLE,,2,"REPORTED, NOT EVIDENT",1.0,0.0,0.0,0.0,1.0,5.0,0.0,15,3,3,41.917780896,-87.694157241,POINT (-87.694157240532 41.917780895895),POINT (1158210.0708642744 1913277.4899549535),2020,2007 N POINT ST
O867464,DRIVER,f11df8ea5911d0f3a351d97598ee9b1210fb040184d3f39814c478ec5e934f2b76a09774bd0633a1a813f678ab08b254c8ee58d10c9e39f07988be9d2af12cce,823134.0,X,,DEPLOYMENT UNKNOWN,NONE,NO INDICATION OF INJURY,UNKNOWN,UNKNOWN,UNKNOWN,,,,,2020-03-30 13:17:00,30,CLEAR,DAYLIGHT,PARKED MOTOR VEHICLE,ONE-WAY,DRY,UNKNOWN,ON SCENE,NO INJURY / DRIVE AWAY,Y,"$501 - $1,500",03/30/2020 01:18:00 PM,NOT APPLICABLE,NOT APPLICABLE,,2,NO INDICATION OF INJURY,0.0,0.0,0.0,0.0,0.0,1.0,0.0,13,2,3,41.902558219,-87.77037755,POINT (-87.770377549517 41.902558219429),POINT (1137502.0536765116 1907584.9561506),2020,1215 N MENARD AVE
O1006303,DRIVER,bcc739c208f991c661a3b85944631344cf2c1fc827166e94b8f048c19af7a4565bc8e1e55f73cab8cac7c1a341e40f8ca3b9bdda6f3d5dd06a7006e3d5f7ec07,953693.0,M,25.0,NOT APPLICABLE,NONE,NO INDICATION OF INJURY,OTHER,UNKNOWN,UNKNOWN,,,,,2020-12-09 18:13:00,20,CLEAR,"DARKNESS, LIGHTED ROAD",PARKED MOTOR VEHICLE,ONE-WAY,DRY,UNKNOWN,ON SCENE,NO INJURY / DRIVE AWAY,,"OVER $1,500",12/09/2020 06:15:00 PM,IMPROPER BACKING,NOT APPLICABLE,,2,NO INDICATION OF INJURY,0.0,0.0,0.0,0.0,0.0,1.0,0.0,18,4,12,41.884255834,-87.773506217,POINT (-87.77350621703 41.884255834479),POINT (1136693.8565986163 1900910.0126486388),2020,204 N MASON AVE
O1005129,DRIVER,f0ec323dac6468ed2ad54fb1c239a426238c629ead3c2b30e2581ecdd182690c6237d8be5407c479e16dec9c43e31cf26c4aba714e9fd16e9b97cace78f6018c,952562.0,M,41.0,DID NOT DEPLOY,NONE,NO INDICATION OF INJURY,IMPROPER LANE CHANGE,UNKNOWN,UNKNOWN,,,,,2020-12-07 11:06:00,30,CLEAR,DAYLIGHT,SIDESWIPE SAME DIRECTION,NOT DIVIDED,DRY,NO DEFECTS,NOT ON SCENE (DESK REPORT),NO INJURY / DRIVE AWAY,,"OVER $1,500",12/07/2020 12:30:00 PM,IMPROPER OVERTAKING/PASSING,UNABLE TO DETERMINE,,2,NO INDICATION OF INJURY,0.0,0.0,0.0,0.0,0.0,2.0,0.0,11,2,12,41.876338239,-87.666517465,POINT (-87.666517464637 41.876338238592),POINT (1165850.0050035925 1898233.0646776431),2020,401 S ASHLAND AVE
O909700,DRIVER,9b467a8fef2cdbce50c38dc89bb0ce79b62654011ca34c5899983b9eaae13492d8893e045e31c157603e1959b122c9d5f223faa95db3184c11a588fd67226a52,862472.0,M,44.0,DID NOT DEPLOY,NONE,NO INDICATION OF INJURY,FOLLOWED TOO CLOSELY,NOT OBSCURED,NORMAL,,,,,2020-06-30 13:30:00,30,CLEAR,DAYLIGHT,REAR END,NOT DIVIDED,DRY,NO DEFECTS,,NO INJURY / DRIVE AWAY,,"$501 - $1,500",06/30/2020 02:47:00 PM,FOLLOWING TOO CLOSELY,FAILING TO REDUCE SPEED TO AVOID CRASH,,2,NO INDICATION OF INJURY,0.0,0.0,0.0,0.0,0.0,2.0,0.0,13,3,6,41.909534995,-87.746261575,POINT (-87.746261574509 41.909534994641),POINT (1144049.7108988704 1910171.2971914979),2020,1558 N CICERO AVE
P186874,PASSENGER,f3d9a7cf1ecdca43c4f330d0cac7b23e18858ed42e20a7953c607ff18906af2f959e7f4d7cca8426430de337bd813d1abbc367475afdd1b10c7ccae2b410f189,775475.0,M,,"DEPLOYED, FRONT",NONE,NO INDICATION OF INJURY,,,,,,,,2020-01-06 07:05:00,20,CLEAR,DAYLIGHT,PARKED MOTOR VEHICLE,ONE-WAY,DRY,NO DEFECTS,ON SCENE,INJURY AND / OR TOW DUE TO CRASH,N,"OVER $1,500",01/06/2020 07:05:00 AM,DRIVING SKILLS/KNOWLEDGE/EXPERIENCE,NOT APPLICABLE,,3,NO INDICATION OF INJURY,0.0,0.0,0.0,0.0,0.0,3.0,0.0,7,2,1,41.874308574,-87.737790298,POINT (-87.737790298006 41.874308574214),POINT (1146444.6783813415 1897350.717045548),2020,4500 W CONGRESS PKWY
P193541,PASSENGER,a07b2baaabf55acfdb786ef2a8cde8630dda0e52686932b85364740dd88ed785e25db7e422663e29d16dfdf91de1a97f238c58a0c0261fe88b6d673d32d26b28,803316.0,M,91.0,DID NOT DEPLOY,NONE,NO INDICATION OF INJURY,,,,,,,,2020-02-20 11:37:00,30,CLEAR,DAYLIGHT,SIDESWIPE SAME DIRECTION,NOT DIVIDED,DRY,NO DEFECTS,ON SCENE,INJURY AND / OR TOW DUE TO CRASH,,"OVER $1,500",02/20/2020 11:37:00 AM,IMPROPER OVERTAKING/PASSING,NOT APPLICABLE,,2,NO INDICATION OF INJURY,0.0,0.0,0.0,0.0,0.0,11.0,0.0,11,5,2,41.814902296,-87.606533814,POINT (-87.606533814119 41.814902296155),POINT (1182375.4503832152 1875978.5997647287),2020,4401 S COTTAGE GROVE AVE
O858076,DRIVER,0b9af2e1f4cbd2fa531c66496f6696f627c450189c42618eaa0c1977d8806b8dcba76b44eb68e4ad226682ee6d86660af1a9e7cd1186e83bbc231672854055b2,814239.0,M,56.0,NOT APPLICABLE,NONE,NONINCAPACITATING INJURY,NONE,NOT OBSCURED,NORMAL,,,,,2020-03-08 17:55:00,30,CLEAR,DAYLIGHT,REAR END,NOT DIVIDED,DRY,NO DEFECTS,ON SCENE,INJURY AND / OR TOW DUE TO CRASH,Y,"OVER $1,500",03/08/2020 06:00:00 PM,UNABLE TO DETERMINE,UNABLE TO DETERMINE,,3,NONINCAPACITATING INJURY,1.0,0.0,0.0,1.0,0.0,2.0,0.0,17,1,3,41.77865052,-87.716205998,POINT (-87.716205998263 41.778650520384),POINT (1152573.519309915 1862534.9121126034),2020,3719 W 63RD ST
O1008620,DRIVER,2d8c4e927060df3b6e732532bb952f83ce71d0ffdf2e6855d4bf283f2ddd35df80aef17a7aa4dbe772406d80aea0e312153a286745132839fcea88e5f4b8f887,955894.0,M,35.0,NOT APPLICABLE,NONE,NO INDICATION OF INJURY,UNKNOWN,NOT OBSCURED,NORMAL,,,,,2020-12-12 20:00:00,9,RAIN,"DARKNESS, LIGHTED ROAD",PEDESTRIAN,NOT DIVIDED,WET,NO DEFECTS,ON SCENE,INJURY AND / OR TOW DUE TO CRASH,,$500 OR LESS,12/12/2020 08:06:00 PM,UNABLE TO DETERMINE,UNABLE TO DETERMINE,,2,NONINCAPACITATING INJURY,1.0,0.0,0.0,1.0,0.0,1.0,0.0,20,7,12,41.954420911,-87.667438103,POINT (-87.667438103216 41.954420910856),POINT (1165378.3580437764 1926684.5317852667),2020,1498 W IRVING PARK RD
O919737,DRIVER,d35b8e72666bfc64174b38d294d8e2c2c09a80d85428ab9fe6cd0adafebd264dd32bf50678c6c5595d31cb3f2b0eea4b6744afeaee52ae922125a95d4e0dd551,871971.0,X,,DEPLOYMENT UNKNOWN,NONE,NO INDICATION OF INJURY,UNKNOWN,UNKNOWN,UNKNOWN,,,,Y,2020-07-15 21:00:00,10,CLEAR,DAYLIGHT,PARKED MOTOR VEHICLE,PARKING LOT,DRY,NO DEFECTS,NOT ON SCENE (DESK REPORT),NO INJURY / DRIVE AWAY,,"OVER $1,500",07/16/2020 07:00:00 PM,UNABLE TO DETERMINE,NOT APPLICABLE,,2,NO INDICATION OF INJURY,0.0,0.0,0.0,0.0,0.0,1.0,0.0,21,4,7,41.893847149,-87.636588095,POINT (-87.636588094853 41.893847149219),POINT (1173949.1823524924 1904678.0496818922),2020,321 W ERIE ST
O932446,DRIVER,7292c5b4829af851b9ed03739338e1e162a59a4b036db7c3cef1513afd21df169d233cd7d5b9414cb22e5be0951491483b4504c2e73153561fe723a2245e12aa,883968.0,F,65.0,DID NOT DEPLOY,NONE,"REPORTED, NOT EVIDENT",OTHER,NOT OBSCURED,NORMAL,,,,,2020-08-05 17:40:00,35,CLEAR,DAYLIGHT,REAR END,DIVIDED - W/MEDIAN (NOT RAISED),DRY,NO DEFECTS,ON SCENE,INJURY AND / OR TOW DUE TO CRASH,,"OVER $1,500",08/05/2020 05:47:00 PM,FOLLOWING TOO CLOSELY,UNABLE TO DETERMINE,,2,"REPORTED, NOT EVIDENT",1.0,0.0,0.0,0.0,1.0,1.0,0.0,17,4,8,42.012255295,-87.806779122,POINT (-87.806779121912 42.012255295394),POINT (1127346.89364227 1947495.947912466),2020,7216 N HARLEM AVE
O953047,DRIVER,e12c5232375946059a1795cf06e29ceec6ac0555a3c5400c164e18575e3b4a4c39d6cb0fe61d23eabcb6532ebc688126dfb2ab7cd43b653fa6bc21490a4833d0,903346.0,X,,DEPLOYMENT UNKNOWN,NONE,NO INDICATION OF INJURY,UNKNOWN,UNKNOWN,UNKNOWN,,,,,2020-09-06 05:00:00,30,RAIN,"DARKNESS, LIGHTED ROAD",PARKED MOTOR VEHICLE,NOT DIVIDED,WET,NO DEFECTS,ON SCENE,INJURY AND / OR TOW DUE TO CRASH,Y,"OVER $1,500",09/06/2020 05:31:00 AM,UNABLE TO DETERMINE,NOT APPLICABLE,,3,NO INDICATION OF INJURY,0.0,0.0,0.0,0.0,0.0,1.0,0.0,5,1,9,41.883936812,-87.681448964,POINT (-87.681448963834 41.883936812273),POINT (1161762.5231597025 1900970.7368911074),2020,133 N LEAVITT ST
P227221,PASSENGER,992cb6550872f2e5d3ac0dd233471bf9687f5b4dc9a34ec181d332216b81106a0167184fa07b92830b22d8651c977d709e888df6f3f3c576c8e257af80b3d9c8,949643.0,F,13.0,DID NOT DEPLOY,NONE,NO INDICATION OF INJURY,,,,,,,,2020-11-30 17:01:00,30,CLEAR,"DARKNESS, LIGHTED ROAD",FIXED OBJECT,OTHER,DRY,NO DEFECTS,ON SCENE,NO INJURY / DRIVE AWAY,,$500 OR LESS,11/30/2020 05:02:00 PM,IMPROPER TURNING/NO SIGNAL,NOT APPLICABLE,,1,NO INDICATION OF INJURY,0.0,0.0,0.0,0.0,0.0,3.0,0.0,17,2,11,41.980733083,-87.772539486,POINT (-87.77253948587 41.980733083375),POINT (1136727.1492445022 1936068.178120387),2020,5460 N MILWAUKEE AVE
O872581,DRIVER,f60a969c8ac421826dad267abea254bd38ad568d282808cac88e663507885dc67f334fb5ea2f18d22762f2990adc355cdec17d8ee14802a1b900c977c7994e3f,827866.0,F,30.0,DID NOT DEPLOY,NONE,NO INDICATION OF INJURY,NONE,UNKNOWN,NORMAL,,,,,2020-04-16 12:15:00,30,CLEAR,DAYLIGHT,REAR END,NOT DIVIDED,DRY,NO DEFECTS,ON SCENE,NO INJURY / DRIVE AWAY,,"OVER $1,500",04/16/2020 12:17:00 PM,UNABLE TO DETERMINE,UNABLE TO DETERMINE,,2,NO INDICATION OF INJURY,0.0,0.0,0.0,0.0,0.0,4.0,0.0,12,5,4,41.805724373,-87.684495109,POINT (-87.684495108884 41.805724373029),POINT (1161148.3529479029 1872464.1072064159),2020,4830 S WESTERN AVE