PERSON_ID,PERSON_TYPE,CRASH_RECORD_ID,VEHICLE_ID,SEX,AGE,AIRBAG_DEPLOYED,EJECTION,INJURY_CLASSIFICATION,DRIVER_ACTION,DRIVER_VISION,PHYSICAL_CONDITION,PEDPEDAL_ACTION,PEDPEDAL_VISIBILITY,PEDPEDAL_LOCATION,CRASH_DATE_EST_I,CRASH_DATE,POSTED_SPEED_LIMIT,WEATHER_CONDITION,LIGHTING_CONDITION,FIRST_CRASH_TYPE,TRAFFICWAY_TYPE,ROADWAY_SURFACE_COND,ROAD_DEFECT,REPORT_TYPE,CRASH_TYPE,HIT_AND_RUN_I,DAMAGE,DATE_POLICE_NOTIFIED,PRIM_CONTRIBUTORY_CAUSE,SEC_CONTRIBUTORY_CAUSE,DOORING_I,NUM_UNITS,MOST_SEVERE_INJURY,INJURIES_TOTAL,INJURIES_FATAL,INJURIES_INCAPACITATING,INJURIES_NON_INCAPACITATING,INJURIES_REPORTED_NOT_EVIDENT,INJURIES_NO_INDICATION,INJURIES_UNKNOWN,CRASH_HOUR,CRASH_DAY_OF_WEEK,CRASH_MONTH,LATITUDE,LONGITUDE,LOCATION,geometry,YEAR,ADDRESS
P205499,PASSENGER,246809acb965ed1b4a76dc243fe9829d1dc61cc03450fa702f5e422c7dc2631617213c41de9af404bd292825628d53b2351f173825734be17dbd76805660eb2a,853271.0,M,,NOT APPLICABLE,NONE,NO INDICATION OF INJURY,,,,,,,,2020-06-14 19:47:00,40,CLEAR,DAYLIGHT,REAR END,DIVIDED - W/MEDIAN BARRIER,DRY,NO DEFECTS,ON SCENE,INJURY AND / OR TOW DUE TO CRASH,,"OVER $1,500",06/14/2020 07:48:00 PM,"OPERATING VEHICLE IN ERRATIC, RECKLESS, CARELESS, NEGLIGENT OR AGGRESSIVE MANNER","OPERATING VEHICLE IN ERRATIC, RECKLESS, CARELESS, NEGLIGENT OR AGGRESSIVE MANNER",,3,INCAPACITATING INJURY,2.0,0.0,1.0,1.0,0.0,8.0,0.0,19,1,6,41.880856926,-87.617103384,POINT (-87.617103384378 41.880856926277),POINT (1179293.722715783 1899988.097655019),2020,101 S LAKE SHORE DR NB
O984138,DRIVER,a8f04eba270bbd31b852df4565ba31513da93dcf4cc7921f8bacf01929731aff3613594f95e03c4327be3ef67c66a84680f751dfef7ae9dd1fc440dccf81d2b3,932604.0,X,,DEPLOYMENT UNKNOWN,UNKNOWN,NO INDICATION OF INJURY,UNKNOWN,UNKNOWN,UNKNOWN,,,,,2020-10-27 12:53:00,30,RAIN,DAYLIGHT,SIDESWIPE OPPOSITE DIRECTION,DIVIDED - W/MEDIAN (NOT RAISED),WET,NO DEFECTS,ON SCENE,INJURY AND / OR TOW DUE TO CRASH,Y,"OVER $1,500",10/27/2020 12:55:00 PM,UNABLE TO DETERMINE,UNABLE TO DETERMINE,,2,NO INDICATION OF INJURY,0.0,0.0,0.0,0.0,0.0,2.0,0.0,12,3,10,41.73839002,-87.717712529,POINT (-87.717712529365 41.738390019846),POINT (1152267.5902633367 1847861.4082817645),2020,3841 W COLUMBUS AVE
O926481,DRIVER,61f8b34b5886aec14cf510ff8be65bbe039b36b4a4e3436578d9852c6d3d7bd944fb6d3cd8d4b23e6c927833562c5b70aea5647f631187cbdb6a1a1108cfe6ab,878395.0,M,69.0,NOT APPLICABLE,NONE,NO INDICATION OF INJURY,FAILED TO YIELD,NOT OBSCURED,NORMAL,,,,,2020-07-27 15:33:00,30,CLEAR,DAYLIGHT,TURNING,ONE-WAY,DRY,NO DEFECTS,ON SCENE,INJURY AND / OR TOW DUE TO CRASH,,"OVER $1,500",07/27/2020 03:33:00 PM,FAILING TO YIELD RIGHT-OF-WAY,NOT APPLICABLE,,2,NO INDICATION OF INJURY,0.0,0.0,0.0,0.0,0.0,2.0,0.0,15,2,7,41.745684425,-87.606439335,POINT (-87.606439335231 41.745684425136),POINT (1182614.4188913177 1850756.2975177919),2020,8200 S EVANS AVE
P201289,PASSENGER,61243b542cd48aa5d58a3c17fb0f0f6a8f8fad4a4b30d9405da1bbca8faab90411324f7a3e3aabe1be98fdeeeb530032115a891e7f9368056c128f5cfe59e897,836049.0,F,27.0,"DEPLOYED, FRONT",UNKNOWN,NONINCAPACITATING INJURY,,,,,,,,2020-05-09 03:27:00,30,CLEAR,"DARKNESS, LIGHTED ROAD",FIXED OBJECT,OTHER,DRY,NO DEFECTS,ON SCENE,INJURY AND / OR TOW DUE TO CRASH,,"OVER $1,500",05/09/2020 03:27:00 AM,UNABLE TO DETERMINE,NOT APPLICABLE,,1,NONINCAPACITATING INJURY,2.0,0.0,0.0,2.0,0.0,0.0,0.0,3,7,5,41.72149677,-87.64923398,POINT (-87.649233980294 41.721496769503),POINT (1171006.0401592941 1841846.810762358),2020,1026 W 95TH ST
P188462,PASSENGER,e66d4e4f22a337a093963f6e258f58cbf702d04293b1f9d86ece1162ec495a04175ca29843909595409c389c49b05ed457e707a98c0e6abb17938631fc39de8f,782183.0,X,,DEPLOYMENT UNKNOWN,NONE,NO INDICATION OF INJURY,,,,,,,,2020-01-17 07:15:00,30,CLEAR,DAYLIGHT,ANGLE,NOT DIVIDED,DRY,NO DEFECTS,NOT ON SCENE (DESK REPORT),INJURY AND / OR TOW DUE TO CRASH,Y,"OVER $1,500",01/17/2020 11:29:00 AM,UNABLE TO DETERMINE,UNABLE TO DETERMINE,,2,"REPORTED, NOT EVIDENT",2.0,0.0,0.0,0.0,2.0,3.0,0.0,7,6,1,41.886000524,-87.733297078,POINT (-87.733297077936 41.886000524343),POINT (1147638.6132363863 1901619.7676289538),2020,4300 W LAKE ST
O923729,DRIVER,1f49b58cfedabe1df214f4871cfd556761efba45f040f615fd7229856d6d811c6a72e0becb8e66c6a205018f3ddca74b5ce7dc1765b7166c8ffe9ac6943136e7,875750.0,M,50.0,DID NOT DEPLOY,NONE,NO INDICATION OF INJURY,NONE,NOT OBSCURED,NORMAL,,,,,2020-07-23 09:30:00,30,CLEAR,DAYLIGHT,ANGLE,DIVIDED - W/MEDIAN (NOT RAISED),DRY,NO DEFECTS,ON SCENE,NO INJURY / DRIVE AWAY,,"OVER $1,500",07/23/2020 09:40:00 AM,FAILING TO YIELD RIGHT-OF-WAY,NOT APPLICABLE,,2,NO INDICATION OF INJURY,0.0,0.0,0.0,0.0,0.0,3.0,0.0,9,5,7,41.706315719,-87.699564773,POINT (-87.699564772979 41.706315718589),POINT (1157306.610484699 1836209.8466075237),2020,3120 W 103RD ST
O830132,DRIVER,0329b78143f0d38be4fa4daf5b3ad81dfc91d890d67e9523d4c042ffc7804b0028041b112240229a648b9e802f06f7c20ffd14a320896e61b9cb114a2b56d262,787982.0,F,,DEPLOYMENT UNKNOWN,NONE,NO INDICATION OF INJURY,FOLLOWED TOO CLOSELY,UNKNOWN,UNKNOWN,,,,,2020-01-26 13:05:00,30,CLEAR,DAYLIGHT,REAR END,FOUR WAY,DRY,NO DEFECTS,ON SCENE,NO INJURY / DRIVE AWAY,Y,"OVER $1,500",01/26/2020 01:06:00 PM,FOLLOWING TOO CLOSELY,FAILING TO REDUCE SPEED TO AVOID CRASH,,2,NO INDICATION OF INJURY,0.0,0.0,0.0,0.0,0.0,2.0,0.0,13,1,1,41.699012536,-87.681532009,POINT (-87.681532009133 41.699012535928),POINT (1162250.7958686326 1833585.4114460652),2020,10700 S WESTERN AVE
O858564,DRIVER,9cb4dd2c6a6f11d293dc94a19bdeb0c65cc9165aaff6aa2c0e875447525c5cad3075da76fb7345e4057d9b2b13faa9661e699c57d140e3597833c5a4806b2362,814707.0,F,40.0,NOT APPLICABLE,NONE,NO INDICATION OF INJURY,NONE,NOT OBSCURED,NORMAL,,,,,2020-03-08 03:00:00,20,CLEAR,"DARKNESS, LIGHTED ROAD",TURNING,DIVIDED - W/MEDIAN (NOT RAISED),DRY,NO DEFECTS,NOT ON SCENE (DESK REPORT),NO INJURY / DRIVE AWAY,Y,"OVER $1,500",03/09/2020 02:00:00 PM,IMPROPER TURNING/NO SIGNAL,NOT APPLICABLE,,2,NO INDICATION OF INJURY,0.0,0.0,0.0,0.0,0.0,2.0,0.0,3,1,3,41.938846966,-87.64450523,POINT (-87.644505229808 41.938846966225),POINT (1171661.9078745176 1921058.6398254952),2020,3138 N BROADWAY
O983131,DRIVER,6e31266f0e72c827540b634fd526461f5da6ee2aa98695dd6fab3b18ce06be31460b7b629472aab49505d27bfd94734bfe9a6443e55219787d46ae90340a4211,931658.0,M,,DEPLOYMENT UNKNOWN,NONE,NO INDICATION OF INJURY,IMPROPER BACKING,UNKNOWN,UNKNOWN,,,,,2020-10-25 14:55:00,30,CLEAR,DAYLIGHT,PARKED MOTOR VEHICLE,OTHER,DRY,NO DEFECTS,NOT ON SCENE (DESK REPORT),NO INJURY / DRIVE AWAY,Y,$500 OR LESS,10/25/2020 03:45:00 PM,UNABLE TO DETERMINE,NOT APPLICABLE,,2,NO INDICATION OF INJURY,0.0,0.0,0.0,0.0,0.0,1.0,0.0,14,1,10,41.924880585,-87.68093688,POINT (-87.680936879883 41.924880584505),POINT (1161788.4982143154 1915891.720596611),2020,2111 W FULLERTON AVE
O939388,DRIVER,1e862d50fa08e8349b74f82287c3d4cc063ca912f3d1ad4973077ad00313965fc5c052ee390fda25aa0ac20dfa494147a81c6183c4d45a8401bc3e0927ab1c40,890514.0,M,,NOT APPLICABLE,NONE,NO INDICATION OF INJURY,OTHER,NOT OBSCURED,NORMAL,,,,,2020-08-15 20:30:00,30,CLEAR,"DARKNESS, LIGHTED ROAD",TURNING,OTHER,DRY,NO DEFECTS,NOT ON SCENE (DESK REPORT),NO INJURY / DRIVE AWAY,Y,"OVER $1,500",08/15/2020 11:20:00 PM,UNABLE TO DETERMINE,NOT APPLICABLE,,2,NO INDICATION OF INJURY,0.0,0.0,0.0,0.0,0.0,2.0,0.0,20,7,8,41.890906644,-87.633082567,POINT (-87.633082566815 41.890906643691),POINT (1174912.3642921785 1903614.2996698418),2020,150 W ILLINOIS ST
O840410,DRIVER,b81acd62e0aead94f3cdcd64b7a4c7fccfa2ea77e927f4ef033a0fb12a7ce91b886fa09c5e4cce2fcde275ef216523b3ee8ffc12e09efc4c778d11f5e6243f97,797544.0,F,67.0,DID NOT DEPLOY,NONE,NO INDICATION OF INJURY,UNKNOWN,UNKNOWN,UNKNOWN,,,,Y,2020-02-05 13:15:00,30,CLEAR,DAYLIGHT,ANGLE,DIVIDED - W/MEDIAN (NOT RAISED),DRY,NO DEFECTS,,INJURY AND / OR TOW DUE TO CRASH,Y,"OVER $1,500",02/05/2020 01:21:00 PM,UNABLE TO DETERMINE,NOT APPLICABLE,,2,NO INDICATION OF INJURY,0.0,0.0,0.0,0.0,0.0,2.0,0.0,13,4,2,41.990231947,-87.712558611,POINT (-87.712558611496 41.990231946522),POINT (1153010.637128044 1939642.0960182291),2020,3323 W PETERSON AVE
O849450,DRIVER,1765822ed556b683152816ef31b7903627f232ee80aae98053eafe1d80a4c757c51f488e5d8bc1b557e489ce9b043b1dbf1d96bcd92e9ca76fbb74e6bb4d9cf0,806147.0,M,31.0,DID NOT DEPLOY,NONE,NO INDICATION OF INJURY,FOLLOWED TOO CLOSELY,UNKNOWN,NORMAL,,,,,2020-02-25 11:59:00,30,CLEAR,DAYLIGHT,REAR END,PARKING LOT,DRY,NO DEFECTS,NOT ON SCENE (DESK REPORT),NO INJURY / DRIVE AWAY,,"OVER $1,500",02/25/2020 01:00:00 PM,FOLLOWING TOO CLOSELY,NOT APPLICABLE,,2,NO INDICATION OF INJURY,0.0,0.0,0.0,0.0,0.0,2.0,0.0,11,3,2,41.929059524,-87.785579651,POINT (-87.785579650999 41.929059524431),POINT (1133301.932350667 1917215.2482251395),2020,6399 W SCHUBERT AVE
O986079,DRIVER,72c77003e18e038c058f31dfb03ab1d93dcd7ba226049dae0bbe632e8539135781c9662768a23a40041207c68d4890b90688ec9d3bc1715f0fae72a3a023363d,934445.0,F,,DEPLOYMENT UNKNOWN,NONE,NO INDICATION OF INJURY,FOLLOWED TOO CLOSELY,UNKNOWN,UNKNOWN,,,,,2020-10-30 21:45:00,35,CLEAR,"DARKNESS, LIGHTED ROAD",REAR END,DIVIDED - W/MEDIAN (NOT RAISED),UNKNOWN,UNKNOWN,NOT ON SCENE (DESK REPORT),NO INJURY / DRIVE AWAY,Y,"OVER $1,500",10/30/2020 11:00:00 PM,DRIVING SKILLS/KNOWLEDGE/EXPERIENCE,DRIVING SKILLS/KNOWLEDGE/EXPERIENCE,,2,NO INDICATION OF INJURY,0.0,0.0,0.0,0.0,0.0,2.0,0.0,21,6,10,41.866006039,-87.744817376,POINT (-87.74481737621 41.866006039367),POINT (1144551.6055309104 1894312.0921672513),2020,4800 W ROOSEVELT RD
O875235,DRIVER,c3460a1eabae75790d1608b76eafe2cb275761b169266a67b648ad8480c57ff463c1faa64445904db5f2c0aef98bd6c6c4b7fd7476fa5263ea045b788d53bae3,830348.0,F,,DID NOT DEPLOY,NONE,NO INDICATION OF INJURY,IMPROPER LANE CHANGE,NOT OBSCURED,NORMAL,,,,,2020-04-24 13:30:00,30,CLEAR,DAYLIGHT,SIDESWIPE SAME DIRECTION,ONE-WAY,DRY,NO DEFECTS,NOT ON SCENE (DESK REPORT),NO INJURY / DRIVE AWAY,,$500 OR LESS,04/24/2020 01:30:00 PM,IMPROPER LANE USAGE,NOT APPLICABLE,,2,NO INDICATION OF INJURY,0.0,0.0,0.0,0.0,0.0,3.0,0.0,13,6,4,41.879421287,-87.639680641,POINT (-87.639680640526 41.879421287485),POINT (1173149.6793396852 1899414.4497972277),2020,500 W ADAMS ST
O818489,DRIVER,3c5417e503aeb628d7df7c275306040088e5fbc6e5ddb7a2fac2bb67746d2882215505320f3bd314eb096f394f0b39bae71a62ce53eb900b6e8d156aba565452,777062.0,M,,DEPLOYMENT UNKNOWN,NONE,NO INDICATION OF INJURY,OTHER,UNKNOWN,UNKNOWN,,,,,2020-01-09 01:30:00,30,CLEAR,DARKNESS,PEDESTRIAN,NOT DIVIDED,DRY,NO DEFECTS,ON SCENE,INJURY AND / OR TOW DUE TO CRASH,Y,$500 OR LESS,01/09/2020 02:13:00 AM,"OPERATING VEHICLE IN ERRATIC, RECKLESS, CARELESS, NEGLIGENT OR AGGRESSIVE MANNER",NOT APPLICABLE,,2,NONINCAPACITATING INJURY,1.0,0.0,0.0,1.0,0.0,1.0,0.0,1,5,1,41.87456784,-87.642283624,POINT (-87.642283623743 41.874567840367),POINT (1172455.0554056515 1897640.1403950131),2020,527 S JEFFERSON ST
O852951,DRIVER,bfd1d66f15c56dd60fcef36a210f9b4febb1ab8f63a411ddcae94ddd9e151b84d7c3f2312b1b65c766cd65cb4a8ab926f63d750e677d05d1e0d2483a47577322,809429.0,M,53.0,NOT APPLICABLE,NONE,NO INDICATION OF INJURY,DISREGARDED CONTROL DEVICES,NOT OBSCURED,UNKNOWN,,,,,2020-03-01 00:11:00,30,CLEAR,"DARKNESS, LIGHTED ROAD",SIDESWIPE OPPOSITE DIRECTION,NOT DIVIDED,DRY,NO DEFECTS,ON SCENE,NO INJURY / DRIVE AWAY,Y,$500 OR LESS,03/01/2020 12:46:00 AM,FAILING TO YIELD RIGHT-OF-WAY,NOT APPLICABLE,,2,NO INDICATION OF INJURY,0.0,0.0,0.0,0.0,0.0,2.0,0.0,0,1,3,41.736043061,-87.667781645,POINT (-87.667781645451 41.736043060567),POINT (1165901.600400489 1847107.6341792855),2020,8651 S WOOD ST
O821767,DRIVER,74d94c9269475c0e2122b44dbd2e0800feac2ea933858cfd5dd8c535bcca6929dce35d7d6ce133fc56646c6b5dc2a3422be217aa2cb21f5bb0975aeb9ef26336,780162.0,F,28.0,DID NOT DEPLOY,NONE,NO INDICATION OF INJURY,NONE,NOT OBSCURED,NORMAL,,,,,2020-01-14 08:00:00,25,CLEAR,DAYLIGHT,ANGLE,NOT DIVIDED,DRY,NO DEFECTS,NOT ON SCENE (DESK REPORT),NO INJURY / DRIVE AWAY,Y,$500 OR LESS,01/14/2020 10:47:00 AM,DISREGARDING STOP SIGN,NOT APPLICABLE,,2,NO INDICATION OF INJURY,0.0,0.0,0.0,0.0,0.0,2.0,0.0,8,3,1,41.939783355,-87.799312798,POINT (-87.799312797546 41.939783355328),POINT (1129540.5858832893 1921099.4528367058),2020,3257 N NEWLAND AVE
O890239,DRIVER,24e0f1684e4621d5d1105ed0c81857542648fdf9321434961dbb6afb45c9cea95cb51442172fccdaaf7d0b5e336e481076856d2820916935a667faa6bb281a3c,844482.0,M,21.0,DID NOT DEPLOY,NONE,NO INDICATION OF INJURY,IMPROPER LANE CHANGE,OTHER,NORMAL,,,,,2020-05-28 09:40:00,30,CLOUDY/OVERCAST,DAYLIGHT,REAR END,NOT DIVIDED,DRY,NO DEFECTS,NOT ON SCENE (DESK REPORT),NO INJURY / DRIVE AWAY,,"OVER $1,500",05/28/2020 11:03:00 AM,IMPROPER LANE USAGE,FOLLOWING TOO CLOSELY,,2,NO INDICATION OF INJURY,0.0,0.0,0.0,0.0,0.0,3.0,0.0,9,5,5,41.899764704,-87.711722342,POINT (-87.711722341681 41.899764704121),POINT (1153477.0567191353 1906677.2427695347),2020,3401 W GRAND AVE
P201488,PASSENGER,d48b610cd5df83e0e1533ecc62744bff1c7320d3b932bb716d38bf59a683faa301e522fbe549dc997e52df95094ccef0af404c095d5350b80f7a49e08b736f1a,836726.0,F,7.0,NOT APPLICABLE,NONE,NO INDICATION OF INJURY,,,,,,,,2020-05-10 15:49:00,30,RAIN,DAYLIGHT,REAR END,NOT DIVIDED,WET,UNKNOWN,ON SCENE,NO INJURY / DRIVE AWAY,Y,"$501 - $1,500",05/10/2020 03:50:00 PM,FOLLOWING TOO CLOSELY,WEATHER,,2,NO INDICATION OF INJURY,0.0,0.0,0.0,0.0,0.0,5.0,0.0,15,1,5,41.928244997,-87.726827192,POINT (-87.726827192421 41.928244996503),POINT (1149291.5125765495 1917026.0445426481),2020,3958 W WRIGHTWOOD AVE
O981064,PEDESTRIAN,51e14ee3fa3ec26eca080d675bd72fb0d5531ef9e55f5bf708a04f5348aa10c22ee27fccfa061cbdf97dfb8df2841a2d5bf0f05d9d98f623909fdaab2d60eaca,,M,32.0,,,NONINCAPACITATING INJURY,NONE,UNKNOWN,NORMAL,CROSSING - WITH SIGNAL,NO CONTRASTING CLOTHING,IN CROSSWALK,Y,2020-10-22 07:20:00,30,RAIN,"DARKNESS, LIGHTED ROAD",PEDESTRIAN,UNKNOWN INTERSECTION TYPE,WET,NO DEFECTS,ON SCENE,INJURY AND / OR TOW DUE TO CRASH,,$500 OR LESS,10/22/2020 08:15:00 AM,WEATHER,"VISION OBSCURED (SIGNS, TREE LIMBS, BUILDINGS, ETC.)",,2,NONINCAPACITATING INJURY,1.0,0.0,0.0,1.0,0.0,1.0,0.0,7,5,10,41.89267922,-87.617863712,POINT (-87.617863711646 41.892679220073),POINT (1179050.750002157 1904294.4114655105),2020,600 N MC CLURG CT
P186151,PASSENGER,1b378c6fbc532f1d3a9549e58c995f69084bbd94b43cdda625bf06352c3bc908454084fd98a31640ab44e88492332340cbe3320a79d0988318f0f210fdb815ab,772682.0,M,16.0,NOT APPLICABLE,NONE,NO INDICATION OF INJURY,,,,,,,,2020-01-01 00:40:00,30,CLEAR,"DARKNESS, LIGHTED ROAD",ANGLE,DIVIDED - W/MEDIAN BARRIER,SNOW OR SLUSH,NO DEFECTS,ON SCENE,NO INJURY / DRIVE AWAY,,"OVER $1,500",01/01/2020 12:49:00 AM,UNABLE TO DETERMINE,NOT APPLICABLE,,2,NO INDICATION OF INJURY,0.0,0.0,0.0,0.0,0.0,8.0,0.0,0,4,1,41.990901581,-87.672118148,POINT (-87.672118148171 41.990901580602),POINT (1164002.7409240378 1939968.402120077),2020,6001 N RIDGE AVE
O838115,DRIVER,3792303310530e9c319ad7a5e7de58650824e71feb362038aae8687fd0c50670f45aad8ab07f4d9a862b558336e3b986628ea72060b554873137316391a46597,795378.0,M,51.0,NOT APPLICABLE,NONE,NO INDICATION OF INJURY,NONE,NOT OBSCURED,NORMAL,,,,,2020-02-08 11:15:00,35,CLEAR,DAYLIGHT,REAR END,NOT DIVIDED,DRY,NO DEFECTS,ON SCENE,NO INJURY / DRIVE AWAY,,"OVER $1,500",02/08/2020 11:21:00 AM,FOLLOWING TOO CLOSELY,"OPERATING VEHICLE IN ERRATIC, RECKLESS, CARELESS, NEGLIGENT OR AGGRESSIVE MANNER",,2,NO INDICATION OF INJURY,0.0,0.0,0.0,0.0,0.0,2.0,0.0,11,7,2,41.677502094,-87.671958315,POINT (-87.671958315312 41.677502094236),POINT (1164925.4716181327 1825767.2214940563),2020,11890 S VINCENNES AVE
O817252,DRIVER,6babbf0172dae434351c77209e84c7f3b7a523e97dee2c85b99a4b2400db5f4f39e0f7998ea5c88e463190a60ef70aaed430ae4881d24a6a7edb9c9106714269,775883.0,M,53.0,DID NOT DEPLOY,NONE,NO INDICATION OF INJURY,OTHER,UNKNOWN,NORMAL,,,,,2020-01-06 18:30:00,30,CLEAR,DARKNESS,SIDESWIPE SAME DIRECTION,NOT DIVIDED,UNKNOWN,UNKNOWN,NOT ON SCENE (DESK REPORT),NO INJURY / DRIVE AWAY,,"$501 - $1,500",01/06/2020 07:30:00 PM,IMPROPER LANE USAGE,IMPROPER OVERTAKING/PASSING,,2,NO INDICATION OF INJURY,0.0,0.0,0.0,0.0,0.0,3.0,0.0,18,2,1,41.92527399,-87.667198512,POINT (-87.667198511949 41.925273990356),POINT (1165526.063787081 1916063.8227547978),2020,1534 W FULLERTON AVE
O965482,DRIVER,689d3ff2af6118a4fc96266c62105be63f9ddcbae139ba22f0da0815ca398d21c830c52486f3073d3a57295d3b7e6373b78bbbfa068a389f1a63df108b11cbc0,915016.0,M,45.0,DID NOT DEPLOY,NONE,NO INDICATION OF INJURY,FAILED TO YIELD,NOT OBSCURED,NORMAL,,,,,2020-09-26 12:38:00,30,CLEAR,DAYLIGHT,REAR END,DIVIDED - W/MEDIAN (NOT RAISED),DRY,NO DEFECTS,NOT ON SCENE (DESK REPORT),NO INJURY / DRIVE AWAY,,"$501 - $1,500",09/26/2020 01:30:00 PM,FAILING TO YIELD RIGHT-OF-WAY,FOLLOWING TOO CLOSELY,,2,NO INDICATION OF INJURY,0.0,0.0,0.0,0.0,0.0,2.0,0.0,12,7,9,41.936038128,-87.712536682,POINT (-87.71253668187 41.936038127742),POINT (1153159.6781263733 1919893.7068554857),2020,3010 N KIMBALL AVE
O976674,DRIVER,3a695f650a31e70159fa7773f733deedd037c6c2623c2b4ea66e34747a55269132b562e60f1a3c1dd931d0d20b3bde2fae544e1c325ddf86558e3dca14e06820,925546.0,F,20.0,DID NOT DEPLOY,NONE,"REPORTED, NOT EVIDENT",NONE,NOT OBSCURED,NORMAL,,,,,2020-10-14 16:20:00,30,CLEAR,DAYLIGHT,ANGLE,ONE-WAY,DRY,NO DEFECTS,ON SCENE,INJURY AND / OR TOW DUE TO CRASH,,"OVER $1,500",10/14/2020 04:21:00 PM,"VISION OBSCURED (SIGNS, TREE LIMBS, BUILDINGS, ETC.)",UNABLE TO DETERMINE,,3,"REPORTED, NOT EVIDENT",3.0,0.0,0.0,0.0,3.0,1.0,0.0,16,4,10,41.900009741,-87.708403592,POINT (-87.708403592215 41.900009741037),POINT (1154379.9048668602 1906773.0981132472),2020,3243 W CORTEZ ST
O903574,DRIVER,107728a8a7731cfda24a508ed8df6fa6ba51fa625530b8e0bcf3fd995b041ca9a62b990f3b98d94de37e099fd460674994586c2d2e92edbebd495bf3135b8039,856791.0,M,,DEPLOYMENT UNKNOWN,NONE,NO INDICATION OF INJURY,UNKNOWN,UNKNOWN,UNKNOWN,,,,,2020-06-21 04:23:00,30,UNKNOWN,DAWN,REAR END,FOUR WAY,UNKNOWN,UNKNOWN,ON SCENE,NO INJURY / DRIVE AWAY,Y,"OVER $1,500",06/21/2020 04:57:00 AM,UNABLE TO DETERMINE,UNABLE TO DETERMINE,,2,NO INDICATION OF INJURY,0.0,0.0,0.0,0.0,0.0,2.0,0.0,4,1,6,41.886851263,-87.74565352,POINT (-87.745653519601 41.886851262919),POINT (1144271.843875843 1901906.4913016697),2020,356 N CICERO AVE
O867408,DRIVER,028eea312f66ac2562bb039445451f787947bdedbad78988a373992518c7a67e53d611af2f4a263b2bda8a5be62e86024d70b70bead409398c2eaeba4ded15cb,823081.0,F,,DEPLOYMENT UNKNOWN,NONE,NO INDICATION OF INJURY,FOLLOWED TOO CLOSELY,UNKNOWN,UNKNOWN,,,,,2020-03-24 12:44:00,30,CLEAR,DAYLIGHT,REAR END,NOT DIVIDED,DRY,SHOULDER DEFECT,,INJURY AND / OR TOW DUE TO CRASH,,"OVER $1,500",03/24/2020 12:55:00 PM,FAILING TO REDUCE SPEED TO AVOID CRASH,UNABLE TO DETERMINE,,2,INCAPACITATING INJURY,1.0,0.0,1.0,0.0,0.0,2.0,0.0,12,3,3,41.919766669,-87.805972477,POINT (-87.805972476944 41.919766669392),POINT (1127773.5490746787 1913794.1350563245),2020,2159 N HARLEM AVE
O971217,DRIVER,22f909121a988eecd88c851467cdec56f0e13e25f90c5797e2cd576a9213811f8bb2aa9862b3835f1ddffcc7e5de4f2fe42925bd50d8d3d5e4625f32541aabdc,920441.0,M,31.0,NOT APPLICABLE,NONE,NO INDICATION OF INJURY,IMPROPER PASSING,NOT OBSCURED,NORMAL,,,,Y,2020-10-05 12:03:00,20,CLEAR,DAYLIGHT,OTHER OBJECT,ONE-WAY,DRY,NO DEFECTS,ON SCENE,NO INJURY / DRIVE AWAY,,"$501 - $1,500",10/05/2020 12:13:00 PM,IMPROPER LANE USAGE,DRIVING SKILLS/KNOWLEDGE/EXPERIENCE,,2,NO INDICATION OF INJURY,0.0,0.0,0.0,0.0,0.0,1.0,0.0,12,2,10,41.995426385,-87.68475895,POINT (-87.684758950372 41.995426385314),POINT (1160553.8083370503 1941590.9883920965),2020,6241 N LEAVITT ST
O1027536,DRIVER,c70e6c9467cd74145be34dc3fd030c10d9f95365f13333e9b077ad99fbf94abbddaadc76c0e8af5ee93b735da45e38ab8c60014055b8511565ab2f568ad239e9,973882.0,F,64.0,DID NOT DEPLOY,NONE,NONINCAPACITATING INJURY,NONE,NOT OBSCURED,NORMAL,,,,,2020-12-18 16:15:00,25,FREEZING RAIN/DRIZZLE,DARKNESS,ANGLE,NOT DIVIDED,WET,NO DEFECTS,,INJURY AND / OR TOW DUE TO CRASH,Y,"OVER $1,500",12/18/2020 04:18:00 PM,UNABLE TO DETERMINE,NOT APPLICABLE,,2,NONINCAPACITATING INJURY,1.0,0.0,0.0,1.0,0.0,2.0,0.0,16,6,12,41.77336022,-87.576345489,POINT (-87.576345488656 41.77336021958),POINT (1190738.134654871 1860911.9517893216),2020,6701 S JEFFERY BLVD
O819788,DRIVER,5d382fb81a5e9af1de9438ac545f51b4ce37f787bd55c7cb43d1390c426b64b04f7f9cc79a1a9f2df4fa38e5589d9cb484dbbff12c99f9d5dc239325c7ed9405,778317.0,F,29.0,NOT APPLICABLE,NONE,NO INDICATION OF INJURY,NONE,NOT OBSCURED,NORMAL,,,,,2020-01-10 17:25:00,30,RAIN,DAYLIGHT,TURNING,DIVIDED - W/MEDIAN (NOT RAISED),WET,NO DEFECTS,ON SCENE,NO INJURY / DRIVE AWAY,,"OVER $1,500",01/10/2020 05:45:00 PM,UNABLE TO DETERMINE,NOT APPLICABLE,,2,NO INDICATION OF INJURY,0.0,0.0,0.0,0.0,0.0,3.0,0.0,17,6,1,41.952841747,-87.650600886,POINT (-87.650600885801 41.952841747291),POINT (1169962.8114611346 1926145.1150419887),2020,822 W SHERIDAN RD