PERSON_ID,PERSON_TYPE,CRASH_RECORD_ID,VEHICLE_ID,SEX,AGE,AIRBAG_DEPLOYED,EJECTION,INJURY_CLASSIFICATION,DRIVER_ACTION,DRIVER_VISION,PHYSICAL_CONDITION,PEDPEDAL_ACTION,PEDPEDAL_VISIBILITY,PEDPEDAL_LOCATION,CRASH_DATE_EST_I,CRASH_DATE,POSTED_SPEED_LIMIT,WEATHER_CONDITION,LIGHTING_CONDITION,FIRST_CRASH_TYPE,TRAFFICWAY_TYPE,ROADWAY_SURFACE_COND,ROAD_DEFECT,REPORT_TYPE,CRASH_TYPE,HIT_AND_RUN_I,DAMAGE,DATE_POLICE_NOTIFIED,PRIM_CONTRIBUTORY_CAUSE,SEC_CONTRIBUTORY_CAUSE,DOORING_I,NUM_UNITS,MOST_SEVERE_INJURY,INJURIES_TOTAL,INJURIES_FATAL,INJURIES_INCAPACITATING,INJURIES_NON_INCAPACITATING,INJURIES_REPORTED_NOT_EVIDENT,INJURIES_NO_INDICATION,INJURIES_UNKNOWN,CRASH_HOUR,CRASH_DAY_OF_WEEK,CRASH_MONTH,LATITUDE,LONGITUDE,LOCATION,geometry,YEAR,ADDRESS
O880690,DRIVER,13e49d4084ad7c570a82098309a46d0475170c3e79277f92bb481757605dada78973d4cb4e06f693c13934a8acfe2e6442b8968111cd9f22c980d9419a2f558f,835545.0,M,33.0,DID NOT DEPLOY,NONE,NO INDICATION OF INJURY,NONE,NOT OBSCURED,NORMAL,,,,,2020-05-07 15:40:00,40,CLEAR,DAYLIGHT,REAR END,DIVIDED - W/MEDIAN BARRIER,DRY,NO DEFECTS,ON SCENE,INJURY AND / OR TOW DUE TO CRASH,Y,"$501 - $1,500",05/07/2020 03:45:00 PM,FOLLOWING TOO CLOSELY,NOT APPLICABLE,,4,NO INDICATION OF INJURY,0.0,0.0,0.0,0.0,0.0,4.0,0.0,15,5,5,41.923797792,-87.630777267,POINT (-87.630777266631 41.923797791573),POINT (1175441.880927982 1915604.9954167455),2020,2300 N LAKE SHORE DR SB
O852073,DRIVER,7ffcaf77caca919b3adf3e353df2c7b1775460d5be6cb101734e34b1e2429d8503e4b30dd022565c36bf8e6c23b6a8692b04993bdf3bc65e5c6c9f33840c6c35,808633.0,M,66.0,DEPLOYMENT UNKNOWN,NONE,NO INDICATION OF INJURY,NONE,NOT OBSCURED,NORMAL,,,,N,2020-02-28 22:17:00,30,CLEAR,"DARKNESS, LIGHTED ROAD",SIDESWIPE SAME DIRECTION,FOUR WAY,DRY,NO DEFECTS,ON SCENE,INJURY AND / OR TOW DUE TO CRASH,,"OVER $1,500",02/28/2020 10:17:00 PM,IMPROPER TURNING/NO SIGNAL,NOT APPLICABLE,,2,NO INDICATION OF INJURY,0.0,0.0,0.0,0.0,0.0,2.0,0.0,22,6,2,42.000602282,-87.660571607,POINT (-87.660571606739 42.000602282212),POINT (1167113.934818299 1943527.845841008),2020,6513 N SHERIDAN RD
O817156,DRIVER,81f6e34bcb1fc2be9a6846b367731feb6d11d575cee2a7a0119f1c29d85d114f7a980520177acc20d438c16cd07811da17c2784991ccd02175538bd6495a7ec3,775794.0,F,51.0,DID NOT DEPLOY,NONE,NO INDICATION OF INJURY,TOO FAST FOR CONDITIONS,UNKNOWN,UNKNOWN,,,,,2020-01-06 14:25:00,30,UNKNOWN,UNKNOWN,REAR END,FOUR WAY,UNKNOWN,UNKNOWN,NOT ON SCENE (DESK REPORT),NO INJURY / DRIVE AWAY,,"$501 - $1,500",01/06/2020 03:20:00 PM,DRIVING SKILLS/KNOWLEDGE/EXPERIENCE,UNABLE TO DETERMINE,,2,NO INDICATION OF INJURY,0.0,0.0,0.0,0.0,0.0,2.0,0.0,14,2,1,41.872780614,-87.630771512,POINT (-87.63077151243 41.872780614066),POINT (1175595.6880565654 1897014.330465278),2020,730 S CLARK ST
O955851,DRIVER,3da51f5dda944f9f974e2c9aed5b4c1469ce48ff520fe91e211ca55d86f26b5f1f4e0102993b233930e4ae0c57fa0a56f228a78beb5ddd7d427ed26d35a68377,906132.0,F,48.0,DID NOT DEPLOY,NONE,"REPORTED, NOT EVIDENT",NONE,UNKNOWN,UNKNOWN,,,,,2020-09-08 10:15:00,30,RAIN,DAYLIGHT,ANGLE,FOUR WAY,WET,UNKNOWN,NOT ON SCENE (DESK REPORT),INJURY AND / OR TOW DUE TO CRASH,,"OVER $1,500",09/11/2020 09:15:00 AM,UNABLE TO DETERMINE,UNABLE TO DETERMINE,,2,"REPORTED, NOT EVIDENT",1.0,0.0,0.0,0.0,1.0,1.0,0.0,10,3,9,41.742849981,-87.673107363,POINT (-87.673107362988 41.742849980643),POINT (1164428.9952980361 1849576.81221024),2020,8300 S DAMEN AVE
O886165,DRIVER,671d8449c4199c016f10307808cd8e0ba81ac5d758295f27ca3e954724f1a41578b5e6da9decc36f675e6fb6eb8c4c51581ff2147a4982cbf1a075eb61efda51,840665.0,F,37.0,DID NOT DEPLOY,NONE,"REPORTED, NOT EVIDENT",OTHER,NOT OBSCURED,NORMAL,,,,,2020-05-20 09:06:00,30,CLEAR,DAYLIGHT,REAR END,NOT DIVIDED,DRY,NO DEFECTS,ON SCENE,INJURY AND / OR TOW DUE TO CRASH,,"$501 - $1,500",05/20/2020 09:07:00 AM,FOLLOWING TOO CLOSELY,NOT APPLICABLE,,2,"REPORTED, NOT EVIDENT",1.0,0.0,0.0,0.0,1.0,1.0,0.0,9,4,5,41.786428498,-87.683916371,POINT (-87.683916370912 41.786428498189),POINT (1161359.2581688147 1865434.0076264378),2020,2401 W 59TH ST
O814115,DRIVER,9dd3fce1e13235ad2712cb38c646d3020c9e6292b1ad6fbbd228c7f8ba4cf203b5cee22bcc319c1aba0eca2e9de552fd535edb33995ad6eca4e4969cf59a25a1,772917.0,F,24.0,"DEPLOYED, FRONT",UNKNOWN,INCAPACITATING INJURY,TOO FAST FOR CONDITIONS,UNKNOWN,NORMAL,,,,,2020-01-01 08:31:00,30,CLEAR,DAYLIGHT,REAR END,OTHER,DRY,NO DEFECTS,ON SCENE,INJURY AND / OR TOW DUE TO CRASH,,"OVER $1,500",01/01/2020 08:31:00 AM,FAILING TO REDUCE SPEED TO AVOID CRASH,UNABLE TO DETERMINE,,2,INCAPACITATING INJURY,2.0,0.0,1.0,1.0,0.0,0.0,0.0,8,4,1,41.89233879,-87.629596498,POINT (-87.62959649776 41.892338790403),POINT (1175857.2666169407 1904143.9394255423),2020,39 W OHIO ST
O896594,DRIVER,e762e12bfdbb8491fd8d53119722f3a84b2e88fafd7a2adfc2c2a4847553a95dee7c142cab01fb9b99aa4a3cc4c89e903632b75a9a7c6e5081c1f821457d3fdd,850211.0,F,,DEPLOYMENT UNKNOWN,NONE,NO INDICATION OF INJURY,UNKNOWN,UNKNOWN,UNKNOWN,,,,,2020-06-09 09:05:00,30,CLEAR,DAYLIGHT,REAR END,NOT DIVIDED,DRY,NO DEFECTS,NOT ON SCENE (DESK REPORT),NO INJURY / DRIVE AWAY,Y,"OVER $1,500",06/09/2020 09:50:00 AM,UNABLE TO DETERMINE,UNABLE TO DETERMINE,,2,NO INDICATION OF INJURY,0.0,0.0,0.0,0.0,0.0,2.0,0.0,9,3,6,41.764292465,-87.741752607,POINT (-87.741752607214 41.764292464973),POINT (1145641.5557919645 1857253.9888333366),2020,7101 S CICERO AVE
O865805,DRIVER,03c4a458239605d4390e92e04bfa2c6c614d14c262496c4a15ac68c12afd0e479799e06eef22c747f87f574295b00169bf5d0c06e01b27f2cf9e8d7c903d506f,821607.0,X,,DEPLOYMENT UNKNOWN,NONE,NO INDICATION OF INJURY,UNKNOWN,UNKNOWN,UNKNOWN,,,,,2020-03-24 02:00:00,25,CLEAR,DARKNESS,PARKED MOTOR VEHICLE,ONE-WAY,UNKNOWN,UNKNOWN,ON SCENE,NO INJURY / DRIVE AWAY,Y,"OVER $1,500",03/24/2020 02:18:00 AM,UNABLE TO DETERMINE,UNABLE TO DETERMINE,,2,NO INDICATION OF INJURY,0.0,0.0,0.0,0.0,0.0,2.0,0.0,2,3,3,41.77154718,-87.570071174,POINT (-87.570071174187 41.77154717994),POINT (1192455.4920459322 1860266.4199851942),2020,6802 S CRANDON AVE
O889798,DRIVER,f894bc6de250e4c40c505d92ff66f6b51b112b7a2025ca2ab5c893310394c24eae08df993752d02a4a8dafefb966607edf680960be22c2f852a6a1b09e2128b4,844084.0,M,26.0,NOT APPLICABLE,NONE,NO INDICATION OF INJURY,OTHER,NOT OBSCURED,NORMAL,,,,,2020-05-27 12:52:00,30,CLEAR,DAYLIGHT,TURNING,CENTER TURN LANE,DRY,NO DEFECTS,ON SCENE,NO INJURY / DRIVE AWAY,,"OVER $1,500",05/27/2020 01:15:00 PM,DRIVING SKILLS/KNOWLEDGE/EXPERIENCE,NOT APPLICABLE,,2,NO INDICATION OF INJURY,0.0,0.0,0.0,0.0,0.0,4.0,0.0,12,4,5,41.825869949,-87.684781794,POINT (-87.684781794256 41.825869949122),POINT (1161014.786254203 1879804.458990176),2020,3719 S ARCHER AVE
P199373,PASSENGER,7003c2bec768406f5897e44ab48cbbd70cc4d115aa8fc07c8cf0c82720eacda51a1e83ee243e67066d12d76d06dbdcefa5a66a0e50ad931e75e57bab67cbf42d,827411.0,,,"DEPLOYED, FRONT",NONE,NO INDICATION OF INJURY,,,,,,,,2020-04-14 14:24:00,30,CLEAR,DAYLIGHT,TURNING,CENTER TURN LANE,DRY,NO DEFECTS,ON SCENE,INJURY AND / OR TOW DUE TO CRASH,,"OVER $1,500",04/14/2020 02:24:00 PM,TURNING RIGHT ON RED,NOT APPLICABLE,,2,NONINCAPACITATING INJURY,1.0,0.0,0.0,1.0,0.0,6.0,0.0,14,3,4,41.880995041,-87.701059473,POINT (-87.701059473296 41.880995041378),POINT (1156430.3222321807 1899858.8046690123),2020,1 S SACRAMENTO BLVD
O1016549,DRIVER,96859963b823f6bab3afd7a41b0323d49bfde1086e83c32c6ae9b2e87f0dca613467ccc7205f815837aeaf69b361be757fc0afff207a3b3c367f1a7fefcdb98d,963447.0,M,19.0,DID NOT DEPLOY,NONE,NO INDICATION OF INJURY,OTHER,NOT OBSCURED,NORMAL,,,,,2020-12-29 16:55:00,30,SNOW,"DARKNESS, LIGHTED ROAD",REAR END,OTHER,SNOW OR SLUSH,NO DEFECTS,NOT ON SCENE (DESK REPORT),NO INJURY / DRIVE AWAY,,"OVER $1,500",12/29/2020 06:23:00 PM,FOLLOWING TOO CLOSELY,WEATHER,,2,NO INDICATION OF INJURY,0.0,0.0,0.0,0.0,0.0,3.0,0.0,16,3,12,41.965027122,-87.77704591,POINT (-87.777045909517 41.965027122372),POINT (1135539.034013946 1930336.8743681235),2020,5998 W EASTWOOD AVE
O917114,DRIVER,99e8a87943c5471b8610d659a88f1fc3029eb325d8d21ebe74ffc076fd297dd436460a788642bfcd59158b58dea0c220c42c7f2463662b95862bd4818ba42b5a,869492.0,F,63.0,DID NOT DEPLOY,NONE,NO INDICATION OF INJURY,FAILED TO YIELD,UNKNOWN,NORMAL,,,,,2020-07-12 17:05:00,30,CLEAR,DAYLIGHT,ANGLE,FOUR WAY,DRY,NO DEFECTS,ON SCENE,INJURY AND / OR TOW DUE TO CRASH,,"OVER $1,500",07/12/2020 05:05:00 PM,DISREGARDING STOP SIGN,NOT APPLICABLE,,2,NO INDICATION OF INJURY,0.0,0.0,0.0,0.0,0.0,3.0,0.0,17,1,7,41.981184107,-87.787836252,POINT (-87.787836252475 41.981184106713),POINT (1132566.9716452288 1936205.6745130427),2020,6400 W CATALPA AVE
O970166,DRIVER,e944a93ce436d7f3e9bb3a0438d76dab6ae8e180c43042c8958aa43af3ad93d1d7db0e81f95bd39f10f0b4ec99ae6937ce947a8215b52f0a052f337c4a8212ab,919452.0,F,53.0,NOT APPLICABLE,NONE,NO INDICATION OF INJURY,NONE,NOT OBSCURED,NORMAL,,,,,2020-10-03 18:20:00,30,RAIN,"DARKNESS, LIGHTED ROAD",REAR END,NOT DIVIDED,WET,NO DEFECTS,ON SCENE,NO INJURY / DRIVE AWAY,,"$501 - $1,500",10/03/2020 06:22:00 PM,FOLLOWING TOO CLOSELY,FAILING TO REDUCE SPEED TO AVOID CRASH,,2,NO INDICATION OF INJURY,0.0,0.0,0.0,0.0,0.0,5.0,0.0,18,7,10,41.786856011,-87.664429121,POINT (-87.664429120895 41.786856011187),POINT (1166672.6440810142 1865630.5344789359),2020,1600 W 59TH ST
O961852,DRIVER,254a55f5345557f30cba90694f555109224a4508f7b49ecc80390ab3f892232934fcb1429cb97643a442cd288058437515e2dc7047d5a5522b937b3df5bf4a51,911587.0,M,30.0,DEPLOYMENT UNKNOWN,UNKNOWN,NO INDICATION OF INJURY,UNKNOWN,UNKNOWN,NORMAL,,,,,2020-09-19 19:30:00,40,CLEAR,"DARKNESS, LIGHTED ROAD",REAR END,DIVIDED - W/MEDIAN BARRIER,DRY,NO DEFECTS,ON SCENE,INJURY AND / OR TOW DUE TO CRASH,,"OVER $1,500",09/19/2020 07:30:00 PM,FAILING TO REDUCE SPEED TO AVOID CRASH,NOT APPLICABLE,,6,"REPORTED, NOT EVIDENT",2.0,0.0,0.0,0.0,2.0,9.0,0.0,19,7,9,41.895178658,-87.61538029,POINT (-87.615380290346 41.895178657868),POINT (1179719.2930680232 1905210.8552465916),2020,701 N LAKE SHORE DR NB
O840737,DRIVER,e0eb5dc8b3be5cb052ae91d8bda6fec0b229d8f68cce7f33afdc9ca4c1af44f1703c7de341ebfbeb43aff89217f6c61dbbf3117b094396457d723b487a0c6381,797858.0,F,25.0,DID NOT DEPLOY,NONE,NO INDICATION OF INJURY,NONE,NOT OBSCURED,NORMAL,,,,,2020-02-11 21:00:00,30,CLEAR,"DARKNESS, LIGHTED ROAD",REAR END,NOT DIVIDED,DRY,NO DEFECTS,NOT ON SCENE (DESK REPORT),NO INJURY / DRIVE AWAY,Y,"$501 - $1,500",02/12/2020 04:45:00 PM,FOLLOWING TOO CLOSELY,NOT APPLICABLE,,2,NO INDICATION OF INJURY,0.0,0.0,0.0,0.0,0.0,2.0,0.0,21,3,2,41.925292488,-87.665832036,POINT (-87.665832036161 41.925292488358),POINT (1165897.873835211 1916073.4552567143),2020,1500 W FULLERTON AVE
O1011036,DRIVER,84dd2cbdb1b6a793fcf90fc2e8a254b30d921c76cbf5a1e7a1428d848065e15b4bf727caf7c4a2f59463473f02be3cc874c6519b5829e70860cd66ea3d25beb0,958224.0,M,47.0,DID NOT DEPLOY,NONE,NO INDICATION OF INJURY,NONE,NOT OBSCURED,NORMAL,,,,,2020-12-18 16:00:00,20,CLEAR,DAYLIGHT,REAR TO SIDE,PARKING LOT,DRY,NO DEFECTS,NOT ON SCENE (DESK REPORT),NO INJURY / DRIVE AWAY,,"OVER $1,500",12/18/2020 07:30:00 PM,UNABLE TO DETERMINE,NOT APPLICABLE,,2,NO INDICATION OF INJURY,0.0,0.0,0.0,0.0,0.0,2.0,0.0,16,6,12,41.83660842,-87.665570571,POINT (-87.665570570832 41.836608420376),POINT (1166220.4753190554 1883757.625494997),2020,3141 S ASHLAND AVE
O1038778,PEDESTRIAN,89941a1e838e237bb4c54600f3051bd80631d09fcf6d62e4df450124288123d9ca1b88a09cf69c8bfbaac416e2d206e65fdf5f7628f313ff3aaf8347298680e9,,M,46.0,,,NONINCAPACITATING INJURY,UNKNOWN,UNKNOWN,UNKNOWN,CROSSING - WITH SIGNAL,NO CONTRASTING CLOTHING,IN ROADWAY,,2020-11-09 16:08:00,30,CLEAR,DAYLIGHT,PEDESTRIAN,NOT DIVIDED,UNKNOWN,UNKNOWN,,INJURY AND / OR TOW DUE TO CRASH,Y,"OVER $1,500",11/09/2020 04:17:00 PM,FAILING TO YIELD RIGHT-OF-WAY,FAILING TO REDUCE SPEED TO AVOID CRASH,,2,NONINCAPACITATING INJURY,1.0,0.0,0.0,1.0,0.0,1.0,0.0,16,2,11,41.881554325,-87.754895001,POINT (-87.754895001094 41.881554325069),POINT (1141768.4421540457 1899959.1971796162),2020,5155 W WASHINGTON BLVD
O909959,DRIVER,93369ea2587dcd2ae6b15a299bed8ed778712e2ab7261c5ae8cf20066f878495d7394a937be63829074e870ec3412254a47277c673c29789dcd35c5aa4e2d8c6,862722.0,F,22.0,"DEPLOYED, SIDE",NONE,NO INDICATION OF INJURY,UNKNOWN,UNKNOWN,NORMAL,,,,,2020-06-25 19:00:00,30,CLEAR,DAYLIGHT,SIDESWIPE SAME DIRECTION,ONE-WAY,DRY,NO DEFECTS,NOT ON SCENE (DESK REPORT),NO INJURY / DRIVE AWAY,Y,"$501 - $1,500",07/01/2020 08:15:00 PM,"OPERATING VEHICLE IN ERRATIC, RECKLESS, CARELESS, NEGLIGENT OR AGGRESSIVE MANNER",UNABLE TO DETERMINE,,2,NO INDICATION OF INJURY,0.0,0.0,0.0,0.0,0.0,2.0,0.0,19,5,6,41.751261411,-87.650266521,POINT (-87.650266520728 41.751261411111),POINT (1170638.0782352677 1852690.5112350988),2020,7836 S CARPENTER ST
P210565,PASSENGER,ef00efa6bacc5cc37dfb3dccccc563910f40a6f7d275ed9f99c4b518efcded29a0f9eb82a6431be5b748917926827ae132d5bb02e51642c351f6e7dcdca3a922,874012.0,M,,DID NOT DEPLOY,NONE,NO INDICATION OF INJURY,,,,,,,,2020-07-20 07:00:00,30,CLEAR,DAYLIGHT,SIDESWIPE SAME DIRECTION,NOT DIVIDED,DRY,NO DEFECTS,NOT ON SCENE (DESK REPORT),INJURY AND / OR TOW DUE TO CRASH,,"OVER $1,500",07/20/2020 07:34:00 AM,UNABLE TO DETERMINE,UNABLE TO DETERMINE,,2,NO INDICATION OF INJURY,0.0,0.0,0.0,0.0,0.0,5.0,0.0,7,2,7,41.876064776,-87.686415631,POINT (-87.686415630988 41.876064776425),POINT (1160431.6822977394 1898091.9423713463),2020,400 S WESTERN AVE
O1017741,DRIVER,cfc9b8eab98daee3eb0a1089dbbcf3315a7d6f0ca42cdff81dd17db43b5bfc827c264bef30011995802bd722aaa79083ad0bec0fa39fbc3fa5878a91277d8cfa,964622.0,F,24.0,DID NOT DEPLOY,NONE,NO INDICATION OF INJURY,NONE,UNKNOWN,NORMAL,,,,,2020-12-31 18:10:00,30,CLEAR,"DARKNESS, LIGHTED ROAD",SIDESWIPE SAME DIRECTION,OTHER,SNOW OR SLUSH,UNKNOWN,ON SCENE,INJURY AND / OR TOW DUE TO CRASH,Y,"OVER $1,500",12/31/2020 06:30:00 PM,"OPERATING VEHICLE IN ERRATIC, RECKLESS, CARELESS, NEGLIGENT OR AGGRESSIVE MANNER",NOT APPLICABLE,,4,NO INDICATION OF INJURY,0.0,0.0,0.0,0.0,0.0,4.0,0.0,18,5,12,41.856387326,-87.675814078,POINT (-87.675814077912 41.856387325581),POINT (1163373.8452638504 1890943.4593047309),2020,1843 S DAMEN AVE
O921171,DRIVER,2f2f7bab7a9a2995b02e95e9b3b23764a9ce815e28bc47385980cbe785058d88a1fef95570f006dd3a08181808829b6b2f6103def596b9fb20b3cf33849e0add,873312.0,X,,DEPLOYMENT UNKNOWN,NONE,NO INDICATION OF INJURY,UNKNOWN,UNKNOWN,UNKNOWN,,,,,2020-07-18 20:37:00,30,CLEAR,"DARKNESS, LIGHTED ROAD",PARKED MOTOR VEHICLE,DIVIDED - W/MEDIAN BARRIER,DRY,NO DEFECTS,NOT ON SCENE (DESK REPORT),NO INJURY / DRIVE AWAY,Y,"OVER $1,500",07/18/2020 09:20:00 PM,IMPROPER OVERTAKING/PASSING,UNABLE TO DETERMINE,,2,NO INDICATION OF INJURY,0.0,0.0,0.0,0.0,0.0,2.0,0.0,20,7,7,41.706314638,-87.642961768,POINT (-87.642961767667 41.706314637892),POINT (1172762.693263645 1836328.2827710435),2020,10318 S HALSTED ST
O831153,DRIVER,61cc7f3a04ac3124f4c9c41d719789333137c5b3faedeed543eb6351c1177efebf28a90d77d72edf491010747e654744bf2455e913ee0da4d851478f2bda13ea,788899.0,M,63.0,DID NOT DEPLOY,NONE,NO INDICATION OF INJURY,NONE,NOT OBSCURED,NORMAL,,,,,2020-01-28 12:29:00,30,CLEAR,DAYLIGHT,ANGLE,FOUR WAY,DRY,NO DEFECTS,ON SCENE,NO INJURY / DRIVE AWAY,,$500 OR LESS,01/28/2020 12:36:00 PM,UNABLE TO DETERMINE,UNABLE TO DETERMINE,,2,NO INDICATION OF INJURY,0.0,0.0,0.0,0.0,0.0,2.0,0.0,12,3,1,41.757040589,-87.570143797,POINT (-87.570143797282 41.757040588855),POINT (1192482.5832438758 1854980.150872292),2020,7600 S LUELLA AVE
O948909,DRIVER,c141c08a4987ce75cbf14c0a1d57c732e25673b70ec3df395f18f0af1d09e18fdb54457856c9e806da8c9e5a1920a4b542d9333b24378469c5dbc5380fa04354,899496.0,M,26.0,DEPLOYMENT UNKNOWN,UNKNOWN,NO INDICATION OF INJURY,NONE,UNKNOWN,UNKNOWN,,,,,2020-08-30 19:30:00,25,CLEAR,"DARKNESS, LIGHTED ROAD",REAR END,NOT DIVIDED,DRY,UNKNOWN,NOT ON SCENE (DESK REPORT),NO INJURY / DRIVE AWAY,,"$501 - $1,500",08/30/2020 08:30:00 PM,NOT APPLICABLE,NOT APPLICABLE,,2,NO INDICATION OF INJURY,0.0,0.0,0.0,0.0,0.0,2.0,0.0,19,1,8,41.722805156,-87.536603009,POINT (-87.536603008571 41.722805155882),POINT (1201749.5894428976 1842588.0267693263),2020,9500 S EWING AVE
O991423,DRIVER,1d879a8cd912e9aefb9fb865eaf0b0747a914c8c3ce2347b61a3a94aef9640ecc4e907ec6fe4400f7c7d02081bce07ea1b22cf42538a88c20eebe3644fe7b3c5,939513.0,M,,NOT APPLICABLE,NONE,NO INDICATION OF INJURY,FAILED TO YIELD,NOT OBSCURED,NORMAL,,,,,2020-11-09 11:30:00,30,CLEAR,DAYLIGHT,ANGLE,FOUR WAY,DRY,NO DEFECTS,NOT ON SCENE (DESK REPORT),NO INJURY / DRIVE AWAY,,"OVER $1,500",11/09/2020 03:00:00 PM,FAILING TO YIELD RIGHT-OF-WAY,UNABLE TO DETERMINE,,2,NO INDICATION OF INJURY,0.0,0.0,0.0,0.0,0.0,2.0,0.0,11,2,11,41.818232301,-87.624840844,POINT (-87.624840843505 41.818232301318),POINT (1177374.9226091711 1877150.360208186),2020,4200 S WABASH AVE
O822103,DRIVER,b89dfc6e58dea2a229086ded0cb3480c281a56c61e887aa8ad823b07af8908e1a0aaf6a1d5738f5a5c63ccbcdbd4887e92354b8d389301e4bb09de5109d6122c,780502.0,F,37.0,DID NOT DEPLOY,NONE,"REPORTED, NOT EVIDENT",NONE,NOT OBSCURED,NORMAL,,,,,2020-01-14 17:30:00,30,CLEAR,DUSK,REAR END,NOT DIVIDED,WET,NO DEFECTS,ON SCENE,INJURY AND / OR TOW DUE TO CRASH,,"$501 - $1,500",01/14/2020 05:35:00 PM,FAILING TO REDUCE SPEED TO AVOID CRASH,NOT APPLICABLE,,2,"REPORTED, NOT EVIDENT",1.0,0.0,0.0,0.0,1.0,3.0,0.0,17,3,1,41.939728963,-87.674459922,POINT (-87.674459922488 41.939728963168),POINT (1163509.5180703413 1921315.9783619377),2020,1810 W BELMONT AVE
O946573,DRIVER,ba3fccd26774475e7f67288f9a7e7eea0629fc9148ff092fe036ea213011f5760ba4a765cca9a28cc0c7c6d8dfefe4ecc05133040e9339cb41f5441ce94f3fca,897261.0,F,54.0,NOT APPLICABLE,NONE,NO INDICATION OF INJURY,NONE,NOT OBSCURED,NORMAL,,,,,2020-08-27 14:00:00,30,RAIN,DAYLIGHT,REAR END,NOT DIVIDED,WET,NO DEFECTS,NOT ON SCENE (DESK REPORT),NO INJURY / DRIVE AWAY,,"OVER $1,500",08/27/2020 02:33:00 PM,WEATHER,WEATHER,,2,NO INDICATION OF INJURY,0.0,0.0,0.0,0.0,0.0,2.0,0.0,14,5,8,41.749659016,-87.69756492,POINT (-87.697564920353 41.749659015891),POINT (1157736.040276566 1852007.697161335),2020,3001 W 79TH ST
O950479,DRIVER,01791a4c85a86c67742593b0601081a3ae172c9d720b4f67898ca6c58632c3f9bbcb320edc340bb48471560b5d9f7d43a61e9642bd08061be6ae6c815c0bbb15,900972.0,M,36.0,DEPLOYMENT UNKNOWN,UNKNOWN,NO INDICATION OF INJURY,FOLLOWED TOO CLOSELY,UNKNOWN,UNKNOWN,,,,,2020-08-31 16:00:00,30,CLEAR,DAYLIGHT,REAR END,NOT DIVIDED,UNKNOWN,UNKNOWN,NOT ON SCENE (DESK REPORT),NO INJURY / DRIVE AWAY,,"$501 - $1,500",09/02/2020 01:00:00 PM,FOLLOWING TOO CLOSELY,FAILING TO REDUCE SPEED TO AVOID CRASH,,2,NO INDICATION OF INJURY,0.0,0.0,0.0,0.0,0.0,2.0,0.0,16,2,8,41.706280844,-87.679884089,POINT (-87.679884089393 41.706280844164),POINT (1162680.7339490985 1836237.3033876326),2020,2317 W 103RD ST
P204458,PASSENGER,944e29a345dfd9d9e6e65bfbce528f4d7c44728efc63c8c94355ed2ac2b165b6e40944a6e7608825658c6fa7421e450e9bead90f61e66f27feb47df277d5c9a8,849090.0,F,22.0,NOT APPLICABLE,NONE,NO INDICATION OF INJURY,,,,,,,,2020-06-06 05:00:00,30,CLEAR,DUSK,FIXED OBJECT,DIVIDED - W/MEDIAN BARRIER,DRY,NO DEFECTS,ON SCENE,INJURY AND / OR TOW DUE TO CRASH,,"OVER $1,500",06/06/2020 05:01:00 AM,UNABLE TO DETERMINE,UNABLE TO DETERMINE,,1,NO INDICATION OF INJURY,0.0,0.0,0.0,0.0,0.0,2.0,0.0,5,7,6,41.913847604,-87.625359843,POINT (-87.625359842711 41.913847603554),POINT (1176946.1068336274 1911991.2556743566),2020,199 E LA SALLE DR
O871311,DRIVER,197ff6b926190775ad93c27a632b1bafbcf4d388371d64e3df96d301a8afcd7667aa3bb7bb0f8b94f2e6f2a0e5ffbb9796433a1a5bf52d5305fc97be74f7f8cd,826632.0,F,25.0,DEPLOYMENT UNKNOWN,NONE,NO INDICATION OF INJURY,UNKNOWN,UNKNOWN,IMPAIRED - ALCOHOL,,,,,2020-04-12 01:00:00,25,CLEAR,"DARKNESS, LIGHTED ROAD",PARKED MOTOR VEHICLE,NOT DIVIDED,WET,NO DEFECTS,ON SCENE,INJURY AND / OR TOW DUE TO CRASH,Y,"OVER $1,500",04/12/2020 01:02:00 AM,UNDER THE INFLUENCE OF ALCOHOL/DRUGS (USE WHEN ARREST IS EFFECTED),NOT APPLICABLE,,6,NO INDICATION OF INJURY,0.0,0.0,0.0,0.0,0.0,1.0,0.0,1,1,4,41.894678713,-87.711264297,POINT (-87.711264297018 41.8946787131),POINT (1153615.1929818697 1904824.8133285926),2020,733 N HOMAN AVE
O881997,DRIVER,e5f9dfe7d5d82726e8223f0895eb104f09ca8b88ee0caee13679914a0d14f69e3c32eb60d25237befebd1f1e08747b8c397456bf47f89a12aa26eb340b11e920,836738.0,M,28.0,NOT APPLICABLE,NONE,NO INDICATION OF INJURY,IMPROPER PASSING,UNKNOWN,NORMAL,,,,,2020-05-10 16:00:00,20,CLOUDY/OVERCAST,DAYLIGHT,PARKED MOTOR VEHICLE,NOT DIVIDED,DRY,NO DEFECTS,NOT ON SCENE (DESK REPORT),NO INJURY / DRIVE AWAY,,$500 OR LESS,05/10/2020 04:30:00 PM,IMPROPER OVERTAKING/PASSING,NOT APPLICABLE,,2,NO INDICATION OF INJURY,0.0,0.0,0.0,0.0,0.0,3.0,0.0,16,1,5,41.994523803,-87.671634426,POINT (-87.671634425668 41.994523802647),POINT (1164124.0433023146 1941289.3770896292),2020,1634 W GRANVILLE AVE