PERSON_ID,PERSON_TYPE,CRASH_RECORD_ID,VEHICLE_ID,SEX,AGE,AIRBAG_DEPLOYED,EJECTION,INJURY_CLASSIFICATION,DRIVER_ACTION,DRIVER_VISION,PHYSICAL_CONDITION,PEDPEDAL_ACTION,PEDPEDAL_VISIBILITY,PEDPEDAL_LOCATION,CRASH_DATE_EST_I,CRASH_DATE,POSTED_SPEED_LIMIT,WEATHER_CONDITION,LIGHTING_CONDITION,FIRST_CRASH_TYPE,TRAFFICWAY_TYPE,ROADWAY_SURFACE_COND,ROAD_DEFECT,REPORT_TYPE,CRASH_TYPE,HIT_AND_RUN_I,DAMAGE,DATE_POLICE_NOTIFIED,PRIM_CONTRIBUTORY_CAUSE,SEC_CONTRIBUTORY_CAUSE,DOORING_I,NUM_UNITS,MOST_SEVERE_INJURY,INJURIES_TOTAL,INJURIES_FATAL,INJURIES_INCAPACITATING,INJURIES_NON_INCAPACITATING,INJURIES_REPORTED_NOT_EVIDENT,INJURIES_NO_INDICATION,INJURIES_UNKNOWN,CRASH_HOUR,CRASH_DAY_OF_WEEK,CRASH_MONTH,LATITUDE,LONGITUDE,LOCATION,geometry,YEAR,ADDRESS
O860753,DRIVER,c34d903d6e0f9a5c3af3343c66c6dc5d13ebd3155bb6a3cd9b54fe970e7f16c847d2cbf857e15b9cc1d25ea97ac585cfcd1c86a8d311dbd122181b9f8c3b3b1e,816792.0,M,49.0,DID NOT DEPLOY,NONE,NO INDICATION OF INJURY,UNKNOWN,UNKNOWN,UNKNOWN,,,,,2020-03-12 16:33:00,30,CLEAR,DAYLIGHT,SIDESWIPE SAME DIRECTION,FOUR WAY,DRY,UNKNOWN,NOT ON SCENE (DESK REPORT),NO INJURY / DRIVE AWAY,,"OVER $1,500",03/12/2020 06:00:00 PM,UNABLE TO DETERMINE,UNABLE TO DETERMINE,,2,NO INDICATION OF INJURY,0.0,0.0,0.0,0.0,0.0,2.0,0.0,16,5,3,41.780146747,-87.621900909,POINT (-87.621900909245 41.780146746557),POINT (1178291.174167233 1863278.8255472532),2020,100 E 63RD ST
O843403,DRIVER,ef2f516b5933a5206b1ab55c95907efb2f9242b9360cea29c7472812fbae82e4d03f546c4e2aba9e3680c775e4673cf321a5a6c6d5c903d46bfa88540b0f3a9d,800420.0,M,45.0,DID NOT DEPLOY,NONE,NO INDICATION OF INJURY,UNKNOWN,UNKNOWN,NORMAL,,,,,2020-02-15 14:32:00,30,CLEAR,DAYLIGHT,ANGLE,FOUR WAY,SNOW OR SLUSH,NO DEFECTS,ON SCENE,NO INJURY / DRIVE AWAY,,"OVER $1,500",02/15/2020 02:35:00 PM,UNABLE TO DETERMINE,UNABLE TO DETERMINE,,2,NO INDICATION OF INJURY,0.0,0.0,0.0,0.0,0.0,2.0,0.0,14,7,2,41.955592292,-87.713113592,POINT (-87.713113592366 41.955592292118),POINT (1152951.1482931664 1927018.1607175798),2020,4056 N KIMBALL AVE
P188488,PASSENGER,1746239f79e6de02a05120a12fdf1c7daac018ad3815783a5ab44f84a00d3515daf78ad8af42af7d3fc528714236619293b0b732997597091821cc5c5ac8044d,782236.0,M,25.0,"DEPLOYED, FRONT",NONE,NO INDICATION OF INJURY,,,,,,,,2020-01-17 12:23:00,30,CLEAR,DAYLIGHT,SIDESWIPE OPPOSITE DIRECTION,NOT DIVIDED,DRY,NO DEFECTS,ON SCENE,INJURY AND / OR TOW DUE TO CRASH,Y,"OVER $1,500",01/17/2020 12:23:00 PM,UNABLE TO DETERMINE,NOT APPLICABLE,,2,NO INDICATION OF INJURY,0.0,0.0,0.0,0.0,0.0,4.0,0.0,12,6,1,41.889383638,-87.765038653,POINT (-87.765038652549 41.889383638321),POINT (1138987.2525111972 1902793.7325782434),2020,501 N CENTRAL AVE
O992165,DRIVER,d611280c98eaed682dd9d5af4c41ed1c82dd7c6c8093bb31f15222e65b5089e1b5f7f355b15a9bf293e0acabe6cfaea0e55c98149bcd1e28bf47c17a5e4e1c8c,940239.0,F,29.0,DID NOT DEPLOY,NONE,NO INDICATION OF INJURY,NONE,UNKNOWN,UNKNOWN,,,,,2020-11-10 18:23:00,30,RAIN,"DARKNESS, LIGHTED ROAD",TURNING,NOT DIVIDED,WET,UNKNOWN,ON SCENE,INJURY AND / OR TOW DUE TO CRASH,,"OVER $1,500",11/10/2020 06:47:00 PM,NOT APPLICABLE,NOT APPLICABLE,,4,"REPORTED, NOT EVIDENT",1.0,0.0,0.0,0.0,1.0,4.0,0.0,18,3,11,41.9005848,-87.63298607,POINT (-87.632986070025 41.900584800211),POINT (1174909.8500574254 1907141.2360859246),2020,1000 N LA SALLE DR
O914925,DRIVER,c75e352b9e50fd1f5b030ebf252d76fa19a34491fb6d802e63c3ad70e527415038d4d23f28927a0b709b2333d5e64022e94e65b886d308eb23568c699d2dfb57,867421.0,M,74.0,DID NOT DEPLOY,NONE,NO INDICATION OF INJURY,FAILED TO YIELD,UNKNOWN,NORMAL,,,,,2020-07-09 10:00:00,30,CLEAR,DAYLIGHT,PEDALCYCLIST,DIVIDED - W/MEDIAN (NOT RAISED),DRY,NO DEFECTS,ON SCENE,INJURY AND / OR TOW DUE TO CRASH,,$500 OR LESS,07/09/2020 10:12:00 AM,UNABLE TO DETERMINE,NOT APPLICABLE,,2,NONINCAPACITATING INJURY,1.0,0.0,0.0,1.0,0.0,1.0,0.0,10,5,7,41.849220044,-87.695225766,POINT (-87.695225766212 41.849220044022),POINT (1158105.0243372303 1888291.8252570955),2020,2331 S CALIFORNIA AVE
O1016112,DRIVER,439da8beb92d7da0152c605589beed39954fb788a43cfb0d56346e819048193bfa13bc5c2581bab67712b25dda8759e4f1e9337df340a3e1560b520f9b8338b3,963034.0,M,20.0,DID NOT DEPLOY,NONE,NO INDICATION OF INJURY,FOLLOWED TOO CLOSELY,NOT OBSCURED,NORMAL,,,,,2020-12-27 22:00:00,45,CLEAR,"DARKNESS, LIGHTED ROAD",REAR END,T-INTERSECTION,WET,NO DEFECTS,,NO INJURY / DRIVE AWAY,,"OVER $1,500",12/27/2020 10:45:00 PM,FOLLOWING TOO CLOSELY,FAILING TO REDUCE SPEED TO AVOID CRASH,,2,NO INDICATION OF INJURY,0.0,0.0,0.0,0.0,0.0,2.0,0.0,22,1,12,41.867330716,-87.618654638,POINT (-87.61865463769 41.867330715666),POINT (1178912.323533915 1895055.6390538334),2020,1201 S LAKE SHORE DR W
O846810,DRIVER,7bd8a552c422fd646e938a19a3f25bdfacc0d40e412ad1e5f4abf3e799af5035da9b18cc0e1d77364beb73dd530eac5e74600fb678f61d541dcb819a18064baa,803605.0,F,48.0,DID NOT DEPLOY,NONE,NO INDICATION OF INJURY,UNKNOWN,NOT OBSCURED,NORMAL,,,,,2020-02-20 20:35:00,14,CLEAR,"DARKNESS, LIGHTED ROAD",SIDESWIPE OPPOSITE DIRECTION,PARKING LOT,DRY,NO DEFECTS,ON SCENE,NO INJURY / DRIVE AWAY,,$500 OR LESS,02/20/2020 08:43:00 PM,UNABLE TO DETERMINE,UNABLE TO DETERMINE,,2,NO INDICATION OF INJURY,0.0,0.0,0.0,0.0,0.0,3.0,0.0,20,5,2,41.949564338,-87.69441251,POINT (-87.694412510192 41.949564337597),POINT (1158054.2826098348 1924858.9239684567),2020,2630 W BRADLEY PL
O876871,DRIVER,f2f01c0b06378e34cd364d3aba64d28a8f0c429f12c195907b8343bb74e110efce2022100e7105caac0dba67bd6c51863cc7757f9bd0cda97f793c2881afdb99,831877.0,M,52.0,DID NOT DEPLOY,NONE,NO INDICATION OF INJURY,IMPROPER PASSING,NOT OBSCURED,NORMAL,,,,,2020-04-28 15:52:00,30,CLEAR,DAYLIGHT,TURNING,NOT DIVIDED,DRY,NO DEFECTS,ON SCENE,NO INJURY / DRIVE AWAY,,"OVER $1,500",04/28/2020 03:52:00 PM,IMPROPER OVERTAKING/PASSING,NOT APPLICABLE,,2,NO INDICATION OF INJURY,0.0,0.0,0.0,0.0,0.0,3.0,0.0,15,3,4,41.97317401,-87.656992335,POINT (-87.656992334908 41.973174009783),POINT (1168165.755505776 1933540.4916067012),2020,1051 W ARGYLE ST
O889450,DRIVER,5b5221ec5e73af0fcb3e9d12529e323f8513bdf318bfdf63dcfa53ac323a35e88a77c359f9fb541819750009dad420b37eaa2d493429df87234535c448eabed2,843739.0,M,,DEPLOYMENT UNKNOWN,NONE,NO INDICATION OF INJURY,UNKNOWN,UNKNOWN,UNKNOWN,,,,,2020-05-25 19:25:00,30,CLEAR,DAYLIGHT,PEDALCYCLIST,NOT DIVIDED,DRY,NO DEFECTS,NOT ON SCENE (DESK REPORT),INJURY AND / OR TOW DUE TO CRASH,,"OVER $1,500",05/26/2020 06:42:00 PM,UNABLE TO DETERMINE,UNABLE TO DETERMINE,,2,"REPORTED, NOT EVIDENT",1.0,0.0,0.0,0.0,1.0,1.0,0.0,19,2,5,41.786821643,-87.761926477,POINT (-87.761926476904 41.786821642828),POINT (1140083.2723735196 1865426.2259888053),2020,5821 S CENTRAL AVE
O996936,DRIVER,04751f70553450b195ddcc2d6f2446359cffb05eb6b3aa181e0f00783b3c7ff0cc546cd90d055bd91f2e290414f192ac94ee20e9daafafa422c4500ccb479d75,944722.0,M,55.0,NOT APPLICABLE,NONE,NO INDICATION OF INJURY,NONE,NOT OBSCURED,NORMAL,,,,,2020-11-20 11:40:00,30,CLEAR,DAYLIGHT,ANGLE,OTHER,DRY,NO DEFECTS,ON SCENE,NO INJURY / DRIVE AWAY,Y,"OVER $1,500",11/20/2020 11:48:00 AM,UNABLE TO DETERMINE,NOT APPLICABLE,,2,NO INDICATION OF INJURY,0.0,0.0,0.0,0.0,0.0,2.0,0.0,11,6,11,41.71522579,-87.64289991,POINT (-87.64289991028 41.715225790103),POINT (1172753.5476278465 1839575.5395018868),2020,756 W 98TH PL
O818871,PEDESTRIAN,8003264a517ed29d9ea478b3fc471ca3eaee960f25f9816d137245bbe06c6ccb8fb062284a80d68096ed9bafb8b554f41eb70c1e02c8396a7a1db09e2c701969,,M,55.0,,,NONINCAPACITATING INJURY,NONE,NOT OBSCURED,NORMAL,CROSSING - WITH SIGNAL,NO CONTRASTING CLOTHING,IN ROADWAY,,2020-01-09 16:11:00,30,CLEAR,DAYLIGHT,PEDESTRIAN,FOUR WAY,DRY,NO DEFECTS,ON SCENE,INJURY AND / OR TOW DUE TO CRASH,,"$501 - $1,500",01/09/2020 04:15:00 PM,DISTRACTION - FROM OUTSIDE VEHICLE,NOT APPLICABLE,,2,NONINCAPACITATING INJURY,1.0,0.0,0.0,1.0,0.0,1.0,0.0,16,5,1,41.751636269,-87.566378121,POINT (-87.56637812136 41.751636269168),POINT (1193527.5924530323 1853019.9978056718),2020,7900 S YATES BLVD
O955411,DRIVER,1a4ec84fcf3da12fb76f885e97acf4342bf7fd234551bdec17e560c2de1d32e9f6c4e66200dea672dbbd31a7cc2f537f53c26c71260d66e0aaf70c6f7226be8f,905558.0,M,,DEPLOYMENT UNKNOWN,NONE,NO INDICATION OF INJURY,UNKNOWN,UNKNOWN,UNKNOWN,,,,,2020-09-10 13:30:00,30,CLEAR,DAYLIGHT,REAR END,Y-INTERSECTION,DRY,UNKNOWN,NOT ON SCENE (DESK REPORT),NO INJURY / DRIVE AWAY,Y,"OVER $1,500",09/10/2020 02:30:00 PM,UNABLE TO DETERMINE,UNABLE TO DETERMINE,,2,NO INDICATION OF INJURY,0.0,0.0,0.0,0.0,0.0,2.0,0.0,13,5,9,41.751611523,-87.585592284,POINT (-87.585592284288 41.751611523273),POINT (1188284.7044398654 1852964.8290473558),2020,1600 E 79TH ST
O841501,DRIVER,25792f5d9377fc6703f2ae063cbed83e6d283738a942b2c9be172e08d676404aa5800ba8be1b9f3c45935e32045f0c14b0043a8d103c02c49b2ed6bf7a6bd138,798577.0,F,35.0,NOT APPLICABLE,NONE,NO INDICATION OF INJURY,NONE,NOT OBSCURED,NORMAL,,,,,2020-02-13 16:10:00,30,CLEAR,DAYLIGHT,REAR END,DIVIDED - W/MEDIAN (NOT RAISED),DRY,NO DEFECTS,ON SCENE,NO INJURY / DRIVE AWAY,,"OVER $1,500",02/13/2020 04:15:00 PM,FAILING TO REDUCE SPEED TO AVOID CRASH,NOT APPLICABLE,,2,NO INDICATION OF INJURY,0.0,0.0,0.0,0.0,0.0,2.0,0.0,16,5,2,41.79874091,-87.743078952,POINT (-87.743078952172 41.79874091043),POINT (1145193.542876216 1869804.2449834081),2020,5154 S CICERO AVE
O881560,DRIVER,64b9ce7393fa0a6022407e8c6d590872006096ecb94942c8bc0ace911e42cad403c2712699f586db7221173030d8820b699399d7a4e1b7b35227917905d863c7,836307.0,F,,NOT APPLICABLE,NONE,NO INDICATION OF INJURY,NONE,NOT OBSCURED,NORMAL,,,,,2020-05-09 17:15:00,20,CLEAR,DAYLIGHT,SIDESWIPE SAME DIRECTION,NOT DIVIDED,DRY,NO DEFECTS,NOT ON SCENE (DESK REPORT),NO INJURY / DRIVE AWAY,,"OVER $1,500",05/09/2020 05:42:00 PM,UNABLE TO DETERMINE,NOT APPLICABLE,,2,NO INDICATION OF INJURY,0.0,0.0,0.0,0.0,0.0,2.0,0.0,17,7,5,41.750164949,-87.690314395,POINT (-87.69031439453 41.750164949492),POINT (1159713.167639741 1852206.7572158705),2020,2640 W 79TH ST
O851636,DRIVER,698d7b94fae0ff134cecb6b052c02a5afcbca8a9785b6933e82a4958c4d383633e4e4568aa22510275ecad6f8c812c1e0fa85ead280e557e0e310572d2762f5f,808196.0,F,29.0,"DEPLOYED, SIDE",NONE,NO INDICATION OF INJURY,UNKNOWN,PARKED VEHICLES,NORMAL,,,,,2020-02-28 12:14:00,30,CLEAR,DAYLIGHT,TURNING,DIVIDED - W/MEDIAN (NOT RAISED),DRY,NO DEFECTS,ON SCENE,INJURY AND / OR TOW DUE TO CRASH,,"OVER $1,500",02/28/2020 12:16:00 PM,DRIVING SKILLS/KNOWLEDGE/EXPERIENCE,DRIVING SKILLS/KNOWLEDGE/EXPERIENCE,,2,NO INDICATION OF INJURY,0.0,0.0,0.0,0.0,0.0,3.0,0.0,12,6,2,41.952636522,-87.80006761,POINT (-87.800067610128 41.952636521845),POINT (1129306.0844036466 1925781.8953916219),2020,6935 W IRVING PARK RD
O828738,DRIVER,2f1ab1931863dcb48d16c5b47f44285c97a09b99133095947d70f12fcb3834f4d7341d57c4837bff5854dc524da14eeb99927c2570f0fd8ef593db454e7a1047,786653.0,F,28.0,NOT APPLICABLE,NONE,NO INDICATION OF INJURY,NONE,NOT OBSCURED,NORMAL,,,,,2020-01-23 15:00:00,30,CLEAR,DAYLIGHT,REAR END,NOT DIVIDED,DRY,NO DEFECTS,NOT ON SCENE (DESK REPORT),NO INJURY / DRIVE AWAY,,"$501 - $1,500",01/24/2020 02:44:00 PM,NOT APPLICABLE,NOT APPLICABLE,,2,NO INDICATION OF INJURY,0.0,0.0,0.0,0.0,0.0,2.0,0.0,15,5,1,41.764292465,-87.741752607,POINT (-87.741752607214 41.764292464973),POINT (1145641.5557919645 1857253.9888333366),2020,7101 S CICERO AVE
P197395,PASSENGER,5319c5f65ec6afa68543edcc4a11d7479e716903d5a9b73814cfb3f7175f0063d5ce670f6bb8520574b9ff17f06dedef171d64d558b3498029353df7657067df,818934.0,F,17.0,DID NOT DEPLOY,NONE,NO INDICATION OF INJURY,,,,,,,,2020-03-16 14:57:00,15,CLOUDY/OVERCAST,DAYLIGHT,REAR TO SIDE,PARKING LOT,DRY,NO DEFECTS,NOT ON SCENE (DESK REPORT),NO INJURY / DRIVE AWAY,,"$501 - $1,500",03/16/2020 03:20:00 PM,DRIVING SKILLS/KNOWLEDGE/EXPERIENCE,UNABLE TO DETERMINE,,2,NO INDICATION OF INJURY,0.0,0.0,0.0,0.0,0.0,3.0,0.0,14,2,3,41.756545414,-87.663443853,POINT (-87.663443852852 41.756545414126),POINT (1167027.3754964513 1854587.6832922325),2020,7535 S ASHLAND AVE
O845578,DRIVER,07b7780fd1fbcd21829bde3bd45afed1fe90975a5704671a2a0d024045d6f67f250e6fa4928a84c91f6075b1583953d0448ae2ed0e218529606ff54e5f6780cb,802453.0,M,52.0,DID NOT DEPLOY,NONE,NO INDICATION OF INJURY,IMPROPER BACKING,UNKNOWN,NORMAL,,,,,2020-02-19 01:42:00,30,CLEAR,"DARKNESS, LIGHTED ROAD",REAR TO FRONT,NOT DIVIDED,DRY,NO DEFECTS,ON SCENE,NO INJURY / DRIVE AWAY,,$500 OR LESS,02/19/2020 01:42:00 AM,IMPROPER BACKING,NOT APPLICABLE,,2,NO INDICATION OF INJURY,0.0,0.0,0.0,0.0,0.0,3.0,0.0,1,4,2,41.808378408,-87.684570717,POINT (-87.684570716896 41.808378407947),POINT (1161120.4388795632 1873431.0664746757),2020,4700 S WESTERN AVE
O877295,DRIVER,12d8c415fb61a12e617d1e718ec92f9930d3b01bfb1c059423e4815fbf767d6c66f7cf0f06319e06349e34cf5f7f6dc6fea3d67b24049bddb168554d55b84f6f,832266.0,M,23.0,NOT APPLICABLE,NONE,NO INDICATION OF INJURY,NONE,NOT OBSCURED,NORMAL,,,,,2020-04-29 16:30:00,30,RAIN,DAYLIGHT,ANGLE,FOUR WAY,WET,NO DEFECTS,NOT ON SCENE (DESK REPORT),NO INJURY / DRIVE AWAY,,"OVER $1,500",04/29/2020 05:00:00 PM,FAILING TO YIELD RIGHT-OF-WAY,NOT APPLICABLE,,2,NO INDICATION OF INJURY,0.0,0.0,0.0,0.0,0.0,3.0,0.0,16,4,4,41.905302221,-87.723935674,POINT (-87.723935673667 41.905302221239),POINT (1150137.7572500764 1908671.2584171956),2020,3900 W GRAND AVE
O978127,DRIVER,001f98a9879d535c8a0564fa7113aa02f21e86e379e8cdcb3e5e2cf7e2487097594c496d234826c0ce5bf4f116a227924bc71f33d6cde64019aee98d64ad368a,926890.0,M,,DEPLOYMENT UNKNOWN,NONE,NO INDICATION OF INJURY,UNKNOWN,UNKNOWN,UNKNOWN,,,,,2020-10-16 20:30:00,30,CLEAR,"DARKNESS, LIGHTED ROAD",TURNING,NOT DIVIDED,UNKNOWN,UNKNOWN,NOT ON SCENE (DESK REPORT),NO INJURY / DRIVE AWAY,Y,"OVER $1,500",10/16/2020 09:10:00 PM,NOT APPLICABLE,NOT APPLICABLE,,2,NO INDICATION OF INJURY,0.0,0.0,0.0,0.0,0.0,2.0,0.0,20,6,10,41.876332859,-87.666811118,POINT (-87.666811117572 41.87633285922),POINT (1165770.0466626976 1898230.4832559132),2020,400 S ASHLAND AVE
O891375,DRIVER,b25ab1a13c54d879a6bd9ef6e5f79428ab2c377d0551b4317635353065b2a83b859584e57c8543f33cda67ddd3b071560b2c70d58d7d350e1745c74e3fe45824,845507.0,M,61.0,NOT APPLICABLE,NONE,NO INDICATION OF INJURY,UNKNOWN,NOT OBSCURED,NORMAL,,,,,2020-05-30 11:20:00,30,CLEAR,DAYLIGHT,REAR END,DIVIDED - W/MEDIAN (NOT RAISED),DRY,NO DEFECTS,NOT ON SCENE (DESK REPORT),NO INJURY / DRIVE AWAY,,$500 OR LESS,05/30/2020 11:24:00 AM,UNABLE TO DETERMINE,UNABLE TO DETERMINE,,2,NO INDICATION OF INJURY,0.0,0.0,0.0,0.0,0.0,2.0,0.0,11,7,5,41.894795755,-87.758912919,POINT (-87.758912919428 41.894795755393),POINT (1140641.9917435083 1904777.0084803838),2020,5319 W CHICAGO AVE
O816417,DRIVER,2d1b3afd406e99648a37b4812b2d7e1bdb97caeb04b8eacbe9044359797226e4ede508efac7af811e5a1191f12a302a4f25a32dc17e74c4efbcd18e930a2f011,775083.0,F,23.0,DID NOT DEPLOY,NONE,NO INDICATION OF INJURY,UNKNOWN,UNKNOWN,NORMAL,,,,,2020-01-05 03:30:00,30,CLEAR,"DARKNESS, LIGHTED ROAD",PARKED MOTOR VEHICLE,NOT DIVIDED,DRY,NO DEFECTS,ON SCENE,INJURY AND / OR TOW DUE TO CRASH,,"OVER $1,500",01/05/2020 03:40:00 AM,UNABLE TO DETERMINE,UNABLE TO DETERMINE,,2,NO INDICATION OF INJURY,0.0,0.0,0.0,0.0,0.0,1.0,0.0,3,1,1,41.77135741,-87.716558702,POINT (-87.716558702357 41.771357410018),POINT (1152496.377181449 1859876.6715151998),2020,3733 W MARQUETTE RD
O870870,DRIVER,f05bbc0c0635ccaa5ac782690b745ab89b7bee99a88c8c803d1fae0444b0a21c9bd4a9f3ebbae047ff69c7051528d646088f2f05764c429d85e2974f978396ce,826206.0,F,33.0,NOT APPLICABLE,NONE,NO INDICATION OF INJURY,NONE,NOT OBSCURED,NORMAL,,,,,2020-04-10 16:45:00,30,CLEAR,DAYLIGHT,REAR END,NOT DIVIDED,DRY,NO DEFECTS,NOT ON SCENE (DESK REPORT),NO INJURY / DRIVE AWAY,Y,"OVER $1,500",04/10/2020 05:08:00 PM,FOLLOWING TOO CLOSELY,FOLLOWING TOO CLOSELY,,2,NO INDICATION OF INJURY,0.0,0.0,0.0,0.0,0.0,2.0,0.0,16,6,4,41.770777544,-87.741898487,POINT (-87.741898487001 41.770777543568),POINT (1145585.5084840504 1859616.8210172507),2020,6711 S CICERO AVE
O936030,DRIVER,6ba6db2415369c484568885d929ec698fda7ef9a9c87edb959317872e31ecd2cdf92ff9616887ad9b808169b8fd76127a4a9297f7c06e72948c57e6e0a5a0889,887340.0,F,23.0,DEPLOYMENT UNKNOWN,NONE,NO INDICATION OF INJURY,UNKNOWN,UNKNOWN,NORMAL,,,,,2020-08-11 06:40:00,30,CLEAR,DAYLIGHT,SIDESWIPE SAME DIRECTION,NOT DIVIDED,UNKNOWN,UNKNOWN,NOT ON SCENE (DESK REPORT),NO INJURY / DRIVE AWAY,,$500 OR LESS,08/11/2020 09:30:00 AM,UNABLE TO DETERMINE,UNABLE TO DETERMINE,,2,NO INDICATION OF INJURY,0.0,0.0,0.0,0.0,0.0,2.0,0.0,6,3,8,41.796874227,-87.755598387,POINT (-87.755598387158 41.796874226536),POINT (1141784.4505564566 1869100.8466360718),2020,5732 S ARCHER AVE
P194869,PASSENGER,8a604f10e00e1055c216734779dbb468cc8acab0f3be9629c71788a2007a27363c705efc43b7258e549d6af37fc054c870acdc0df5ada1ed5cb47754d58e11b6,808917.0,F,39.0,DID NOT DEPLOY,NONE,NO INDICATION OF INJURY,,,,,,,,2020-02-29 11:30:00,30,CLEAR,DAYLIGHT,SIDESWIPE SAME DIRECTION,NOT DIVIDED,DRY,NO DEFECTS,NOT ON SCENE (DESK REPORT),NO INJURY / DRIVE AWAY,,"OVER $1,500",02/29/2020 12:00:00 PM,IMPROPER OVERTAKING/PASSING,NOT APPLICABLE,,2,NO INDICATION OF INJURY,0.0,0.0,0.0,0.0,0.0,8.0,0.0,11,7,2,41.940494787,-87.727076193,POINT (-87.727076192681 41.940494787216),POINT (1149192.18887991 1921489.4118855349),2020,3249 N PULASKI RD
O1008897,DRIVER,fc1046d297cb40f1efb3a21b33a3c2dc444bcf8a31c80ac642c914591b98febe3aaf422ef2811cd33b7e538f5c6e69222a073ddd405677153d938822cb1c6b5a,956175.0,M,59.0,DID NOT DEPLOY,NONE,NO INDICATION OF INJURY,NONE,NOT OBSCURED,NORMAL,,,,,2020-12-14 12:48:00,30,CLEAR,DAYLIGHT,SIDESWIPE SAME DIRECTION,NOT DIVIDED,DRY,NO DEFECTS,NOT ON SCENE (DESK REPORT),NO INJURY / DRIVE AWAY,Y,$500 OR LESS,12/14/2020 01:10:00 PM,IMPROPER OVERTAKING/PASSING,NOT APPLICABLE,,2,NO INDICATION OF INJURY,0.0,0.0,0.0,0.0,0.0,2.0,0.0,12,2,12,41.896585191,-87.642996182,POINT (-87.642996181725 41.8965851912),POINT (1172196.4487363347 1905661.689438561),2020,600 W CHICAGO AVE
O906223,DRIVER,a9991973eaa03dcace8b095dc5564665a7394172b49f0e4fdedd54a770d6c656d82933ed61c50c0560c1315f22ae0127f817de41cd05b59e28727aa7c5310db9,859279.0,M,43.0,DID NOT DEPLOY,NONE,NO INDICATION OF INJURY,IMPROPER PASSING,UNKNOWN,NORMAL,,,,,2020-06-25 16:05:00,30,CLEAR,DAYLIGHT,TURNING,NOT DIVIDED,DRY,NO DEFECTS,ON SCENE,INJURY AND / OR TOW DUE TO CRASH,,"OVER $1,500",06/25/2020 04:09:00 PM,IMPROPER OVERTAKING/PASSING,NOT APPLICABLE,,2,NO INDICATION OF INJURY,0.0,0.0,0.0,0.0,0.0,2.0,0.0,16,5,6,41.975910053,-87.701236698,POINT (-87.701236697531 41.975910052846),POINT (1156127.0830820194 1934445.638972702),2020,2898 W FOSTER AVE
P192711,PASSENGER,078bac67268eb23ebdba05ab5e45fc795d0c15ccd425f18670034770d12e9cbbd894f7c6e5a1d4a509f5a28f3806042120a84159327931ab3bff8f5ae31fb32b,800295.0,F,65.0,NOT APPLICABLE,NONE,NO INDICATION OF INJURY,,,,,,,,2020-02-14 19:00:00,40,UNKNOWN,"DARKNESS, LIGHTED ROAD",REAR END,DIVIDED - W/MEDIAN BARRIER,UNKNOWN,UNKNOWN,NOT ON SCENE (DESK REPORT),NO INJURY / DRIVE AWAY,,"$501 - $1,500",02/15/2020 02:25:00 PM,UNABLE TO DETERMINE,UNABLE TO DETERMINE,,2,NO INDICATION OF INJURY,0.0,0.0,0.0,0.0,0.0,3.0,0.0,19,6,2,41.901385582,-87.624064805,POINT (-87.624064804907 41.901385581543),POINT (1177336.1420157386 1907452.9946938676),2020,1015 N LAKE SHORE DR
O908255,DRIVER,f090d9b83ed7bf10bde8df22985b0a8cc810cf862a2d688df9ae1e827937f251fb83d9bfc746f84b86cfef3c60b59601f1772aedd34e4f5430d1d2fe03cd4555,861102.0,F,19.0,NOT APPLICABLE,NONE,NO INDICATION OF INJURY,UNKNOWN,UNKNOWN,NORMAL,,,,,2020-06-29 00:00:00,30,CLEAR,"DARKNESS, LIGHTED ROAD",TURNING,NOT DIVIDED,DRY,UNKNOWN,ON SCENE,NO INJURY / DRIVE AWAY,,"$501 - $1,500",06/29/2020 12:00:00 AM,UNABLE TO DETERMINE,NOT APPLICABLE,,2,NO INDICATION OF INJURY,0.0,0.0,0.0,0.0,0.0,4.0,0.0,0,2,6,41.943660996,-87.645183607,POINT (-87.64518360704 41.94366099625),POINT (1171463.255645946 1922811.4041367495),2020,3400 N BROADWAY
O942463,DRIVER,1860b148d4055c3c447632522937bf3276e7251b9f5ae5892884e797d2c8d8ba6a0b1329162e293a63c5137905e6d0796038c9114f322f0b6d4177be902653e9,893428.0,M,58.0,NOT APPLICABLE,NONE,NO INDICATION OF INJURY,NONE,NOT OBSCURED,NORMAL,,,,,2020-08-20 22:15:00,30,CLEAR,"DARKNESS, LIGHTED ROAD",REAR TO FRONT,ONE-WAY,DRY,NO DEFECTS,NOT ON SCENE (DESK REPORT),NO INJURY / DRIVE AWAY,,"OVER $1,500",08/20/2020 11:20:00 PM,IMPROPER BACKING,NOT APPLICABLE,,2,NO INDICATION OF INJURY,0.0,0.0,0.0,0.0,0.0,2.0,0.0,22,5,8,41.847575114,-87.62687237,POINT (-87.626872369676 41.847575113914),POINT (1176733.2191065548 1887838.2128345661),2020,1 E 24TH PL
O942933,DRIVER,39d7055849c657362f21b2751c3bfeb797996be9719c503289b11a162f070494e791b2eaf27e39a8c68e626eb9e6b874d041a98a4b2851a5ecc47d9c80ba5a27,893840.0,F,31.0,DID NOT DEPLOY,NONE,NO INDICATION OF INJURY,FOLLOWED TOO CLOSELY,NOT OBSCURED,NORMAL,,,,,2020-08-21 17:31:00,30,CLEAR,DAYLIGHT,REAR END,NOT DIVIDED,DRY,NO DEFECTS,NOT ON SCENE (DESK REPORT),NO INJURY / DRIVE AWAY,,"OVER $1,500",08/21/2020 05:32:00 PM,FOLLOWING TOO CLOSELY,DISTRACTION - FROM OUTSIDE VEHICLE,,2,NO INDICATION OF INJURY,0.0,0.0,0.0,0.0,0.0,2.0,0.0,17,6,8,41.732897028,-87.614285907,POINT (-87.614285906711 41.73289702784),POINT (1180512.062539768 1846078.6998578121),2020,8863 S DR MARTIN LUTHER KING JR DR