PERSON_ID,PERSON_TYPE,CRASH_RECORD_ID,VEHICLE_ID,SEX,AGE,AIRBAG_DEPLOYED,EJECTION,INJURY_CLASSIFICATION,DRIVER_ACTION,DRIVER_VISION,PHYSICAL_CONDITION,PEDPEDAL_ACTION,PEDPEDAL_VISIBILITY,PEDPEDAL_LOCATION,CRASH_DATE_EST_I,CRASH_DATE,POSTED_SPEED_LIMIT,WEATHER_CONDITION,LIGHTING_CONDITION,FIRST_CRASH_TYPE,TRAFFICWAY_TYPE,ROADWAY_SURFACE_COND,ROAD_DEFECT,REPORT_TYPE,CRASH_TYPE,HIT_AND_RUN_I,DAMAGE,DATE_POLICE_NOTIFIED,PRIM_CONTRIBUTORY_CAUSE,SEC_CONTRIBUTORY_CAUSE,DOORING_I,NUM_UNITS,MOST_SEVERE_INJURY,INJURIES_TOTAL,INJURIES_FATAL,INJURIES_INCAPACITATING,INJURIES_NON_INCAPACITATING,INJURIES_REPORTED_NOT_EVIDENT,INJURIES_NO_INDICATION,INJURIES_UNKNOWN,CRASH_HOUR,CRASH_DAY_OF_WEEK,CRASH_MONTH,LATITUDE,LONGITUDE,LOCATION,geometry,YEAR,ADDRESS
O830728,DRIVER,a12b42fb7052e7fd8cc21333f50bdc95c8eb1d4e695493b95c643b9428b413957e659d429f04aa10e7b062d5db81e310ab7470d08cef739272d264b90237a8ea,788515.0,M,32.0,DEPLOYMENT UNKNOWN,NONE,NONINCAPACITATING INJURY,NONE,NOT OBSCURED,NORMAL,,,,,2020-01-27 13:15:00,10,CLEAR,DAYLIGHT,REAR END,DIVIDED - W/MEDIAN (NOT RAISED),WET,OTHER,ON SCENE,INJURY AND / OR TOW DUE TO CRASH,,"OVER $1,500",01/27/2020 01:31:00 PM,UNABLE TO DETERMINE,NOT APPLICABLE,,4,INCAPACITATING INJURY,5.0,0.0,1.0,4.0,0.0,0.0,0.0,13,2,1,41.767732063,-87.683471907,POINT (-87.683471906868 41.767732062503),POINT (1161531.957120295 1858622.0861860062),2020,6918 S WESTERN AVE
O846199,PEDESTRIAN,337a86b2273f3540bc30e2d6c1dcd4c2ba4a06d0e957babe05a835a3541ec8708e2835174f1b302f69fd2ff79f859e4b2bf98a53220c6486ef19d611d4aea02a,,F,,,,NO INDICATION OF INJURY,NONE,NOT OBSCURED,NORMAL,CROSSING - NO CONTROLS (NOT AT INTERSECTION),NO CONTRASTING CLOTHING,IN ROADWAY,,2020-02-19 20:00:00,30,CLEAR,"DARKNESS, LIGHTED ROAD",PEDESTRIAN,NOT DIVIDED,DRY,NO DEFECTS,NOT ON SCENE (DESK REPORT),NO INJURY / DRIVE AWAY,,$500 OR LESS,02/19/2020 08:55:00 PM,UNABLE TO DETERMINE,UNABLE TO DETERMINE,,2,NO INDICATION OF INJURY,0.0,0.0,0.0,0.0,0.0,2.0,0.0,20,4,2,41.943337452,-87.806878214,POINT (-87.806878214174 41.943337452076),POINT (1127474.308161226 1922381.8405338558),2020,7199 W CORNELIA AVE
O937968,DRIVER,a023e7a9add55980727944eb57c50cc5063f40e741e453aa7da8881b142dc58f9f67cacc0e102da58c5ae957ce54bf7927a0744fb5c2bfde858959d2715199ac,889178.0,X,,DEPLOYMENT UNKNOWN,UNKNOWN,NO INDICATION OF INJURY,UNKNOWN,UNKNOWN,UNKNOWN,,,,,2020-08-14 01:30:00,30,CLEAR,DARKNESS,SIDESWIPE OPPOSITE DIRECTION,NOT DIVIDED,DRY,NO DEFECTS,ON SCENE,INJURY AND / OR TOW DUE TO CRASH,Y,"OVER $1,500",08/14/2020 01:30:00 AM,UNABLE TO DETERMINE,UNABLE TO DETERMINE,,2,NONINCAPACITATING INJURY,1.0,0.0,0.0,1.0,0.0,1.0,0.0,1,6,8,41.743321054,-87.641292097,POINT (-87.641292096726 41.743321054464),POINT (1173110.2090147538 1849816.6877267042),2020,661 W 83RD ST
O997623,DRIVER,946e28837a825f7d98006322512d20b7aea84779361e8c851d6bcea09f7290886ebc46a219554aa6b86c77ad3b0b886b7bc4c77c56073146fe4e028f7d5a5ac1,945373.0,M,42.0,NOT APPLICABLE,NONE,NO INDICATION OF INJURY,NONE,NOT OBSCURED,NORMAL,,,,,2020-11-21 14:10:00,30,CLEAR,DAYLIGHT,TURNING,NOT DIVIDED,DRY,NO DEFECTS,ON SCENE,INJURY AND / OR TOW DUE TO CRASH,,"OVER $1,500",11/21/2020 02:14:00 PM,FAILING TO YIELD RIGHT-OF-WAY,NOT APPLICABLE,,2,NO INDICATION OF INJURY,0.0,0.0,0.0,0.0,0.0,2.0,0.0,14,7,11,41.90973389,-87.746244973,POINT (-87.746244972959 41.909733890131),POINT (1144053.7337471463 1910243.8056701552),2020,4800 W NORTH AVE
O1013880,DRIVER,3f9f73a554559ca020d1af25289291a371eab1c85a6f8217a91d1c4ef5d6dbda9fea7b4e04aea00aa23b424a18ec821f4d124cdd5c39142e13d6eadc1a138dac,960894.0,M,48.0,DEPLOYMENT UNKNOWN,NONE,NO INDICATION OF INJURY,UNKNOWN,UNKNOWN,NORMAL,,,,,2020-12-23 17:30:00,30,RAIN,DAYLIGHT,SIDESWIPE SAME DIRECTION,NOT DIVIDED,WET,UNKNOWN,NOT ON SCENE (DESK REPORT),INJURY AND / OR TOW DUE TO CRASH,Y,"OVER $1,500",12/23/2020 09:00:00 PM,UNABLE TO DETERMINE,UNABLE TO DETERMINE,,2,NO INDICATION OF INJURY,0.0,0.0,0.0,0.0,0.0,2.0,0.0,17,4,12,41.786931652,-87.64511245,POINT (-87.64511244991 41.786931651847),POINT (1171940.4680752002 1865699.6738350634),2020,5900 S HALSTED ST
O977203,DRIVER,a8bf16a72ee55885af28fb00fa00d4ccc66096a89024885816d9a93e94dea1842980a8bafb31c6a2b256553a56a12d331e735caaaff267923fc4b904d1790f8c,926113.0,F,36.0,DID NOT DEPLOY,NONE,NONINCAPACITATING INJURY,NONE,NOT OBSCURED,NORMAL,,,,,2020-10-15 14:20:00,30,CLEAR,DAYLIGHT,ANGLE,DIVIDED - W/MEDIAN (NOT RAISED),DRY,UNKNOWN,ON SCENE,INJURY AND / OR TOW DUE TO CRASH,,"OVER $1,500",10/15/2020 02:49:00 PM,DISREGARDING TRAFFIC SIGNALS,DISREGARDING TRAFFIC SIGNALS,,2,NONINCAPACITATING INJURY,2.0,0.0,0.0,2.0,0.0,1.0,0.0,14,5,10,41.878217345,-87.62445584,POINT (-87.624455840297 41.878217345311),POINT (1177299.4354354814 1899009.6122806654),2020,300 S MICHIGAN AVE
O991243,DRIVER,fb2f5c0b9cbc1a08835a8c589da6bc6586ac788c820b7b5c0b06ab4d29c75de2846029915a4ea26d7fde6e7edfe4736022be5a27174feb1f5956b93ce04b057a,939348.0,M,,DEPLOYMENT UNKNOWN,NONE,NO INDICATION OF INJURY,FAILED TO YIELD,UNKNOWN,UNKNOWN,,,,,2020-11-06 13:45:00,35,CLEAR,DAYLIGHT,PEDALCYCLIST,NOT DIVIDED,DRY,NO DEFECTS,NOT ON SCENE (DESK REPORT),INJURY AND / OR TOW DUE TO CRASH,Y,$500 OR LESS,11/09/2020 10:03:00 AM,NOT APPLICABLE,NOT APPLICABLE,,2,INCAPACITATING INJURY,1.0,0.0,1.0,0.0,0.0,1.0,0.0,13,6,11,41.751020471,-87.615102246,POINT (-87.615102245534 41.751020470682),POINT (1180234.1247158619 1852680.8534178776),2020,7900 S DR MARTIN LUTHER KING JR DR
O903649,DRIVER,e88b4f8ea51946b95abf6e982fbfceadd6fc55dc1dac56fa999685a46795a8e20e17c25234148bbffc5ee7c5c7968edabbf88ba8476a3d673d4dca817f1fec9a,856871.0,X,,DEPLOYMENT UNKNOWN,NONE,NO INDICATION OF INJURY,UNKNOWN,UNKNOWN,UNKNOWN,,,,Y,2020-06-21 08:45:00,30,CLEAR,DAYLIGHT,FIXED OBJECT,NOT DIVIDED,DRY,NO DEFECTS,ON SCENE,INJURY AND / OR TOW DUE TO CRASH,,"OVER $1,500",06/21/2020 08:45:00 AM,UNABLE TO DETERMINE,UNABLE TO DETERMINE,,1,NO INDICATION OF INJURY,0.0,0.0,0.0,0.0,0.0,1.0,0.0,8,1,6,41.943384621,-87.712472471,POINT (-87.712472470662 41.94338462063),POINT (1153157.7602483262 1922570.9123184658),2020,3421 N KIMBALL AVE
O1005281,DRIVER,118cae225c02afa497ca4fcc0e8c35a034f60a3ede9fd615fcd123c5e0252875bdc02196582fee181cc3e0dceb9b8b06329f2d48e7ae6ec643255bd74f2694f5,952702.0,M,37.0,NOT APPLICABLE,NONE,NO INDICATION OF INJURY,NONE,NOT OBSCURED,NORMAL,,,,,2020-12-07 12:15:00,30,CLEAR,DAYLIGHT,SIDESWIPE SAME DIRECTION,NOT DIVIDED,DRY,NO DEFECTS,NOT ON SCENE (DESK REPORT),NO INJURY / DRIVE AWAY,Y,"OVER $1,500",12/07/2020 03:00:00 PM,IMPROPER OVERTAKING/PASSING,IMPROPER LANE USAGE,,2,NO INDICATION OF INJURY,0.0,0.0,0.0,0.0,0.0,2.0,0.0,12,2,12,41.775434942,-87.571868506,POINT (-87.571868505992 41.77543494231),POINT (1191952.662364134 1861678.747638255),2020,2165 E MARQUETTE DR
O886519,DRIVER,f98acde7b3a874feb28cc3255dd543b20ab348917a6ce8a39a749a5d265c9b3294e9836bd33cd9a932658a4a248c31023883b7e64c1ee500c7e992a9dbb33717,840994.0,M,,DEPLOYMENT UNKNOWN,NONE,NO INDICATION OF INJURY,UNKNOWN,UNKNOWN,UNKNOWN,,,,Y,2020-05-01 14:25:00,30,UNKNOWN,UNKNOWN,PARKED MOTOR VEHICLE,NOT DIVIDED,UNKNOWN,UNKNOWN,ON SCENE,INJURY AND / OR TOW DUE TO CRASH,Y,"$501 - $1,500",05/20/2020 03:00:00 PM,UNABLE TO DETERMINE,NOT APPLICABLE,,2,"REPORTED, NOT EVIDENT",1.0,0.0,0.0,0.0,1.0,2.0,0.0,14,6,5,41.938676711,-87.7671863,POINT (-87.76718629963 41.938676710656),POINT (1138283.9124938436 1920752.277114908),2020,5616 W BELMONT AVE
O991405,DRIVER,6c43f490b50c3dc523fe9b3f87d561639ebb36606594258b27ea2cd9378f4470393f9a48fc4571a430a8dd8896e299387a5ebff86369d6c47fae6c7934ac464b,939496.0,M,,DEPLOYMENT UNKNOWN,NONE,NO INDICATION OF INJURY,UNKNOWN,UNKNOWN,UNKNOWN,,,,,2020-11-05 12:00:00,30,CLEAR,DAYLIGHT,PARKED MOTOR VEHICLE,ONE-WAY,DRY,NO DEFECTS,ON SCENE,NO INJURY / DRIVE AWAY,Y,"OVER $1,500",11/05/2020 02:15:00 PM,UNABLE TO DETERMINE,UNABLE TO DETERMINE,,2,NO INDICATION OF INJURY,0.0,0.0,0.0,0.0,0.0,1.0,0.0,12,5,11,41.800422327,-87.673122748,POINT (-87.673122748088 41.800422326959),POINT (1164263.7532795393 1870555.6852722748),2020,5127 S WINCHESTER AVE
O843453,DRIVER,3e138ce7797eb98214e2396e3d02b018400ec2ba055812d52141945b10e54db0a7e4cb7321d55a6d1265940e52adf15799196d7346c2136248a4b4acf10b0a41,800432.0,X,,DID NOT DEPLOY,NONE,NO INDICATION OF INJURY,DISREGARDED CONTROL DEVICES,UNKNOWN,UNKNOWN,,,,,2020-02-15 14:36:00,30,CLEAR,DAYLIGHT,ANGLE,FOUR WAY,DRY,NO DEFECTS,ON SCENE,NO INJURY / DRIVE AWAY,Y,"$501 - $1,500",02/15/2020 02:41:00 PM,DISREGARDING TRAFFIC SIGNALS,UNABLE TO DETERMINE,,2,NO INDICATION OF INJURY,0.0,0.0,0.0,0.0,0.0,2.0,0.0,14,7,2,41.892019353,-87.613771643,POINT (-87.613771643383 41.892019353419),POINT (1180166.9194682194 1904063.2730979212),2020,500 E GRAND AVE
O992691,DRIVER,f9464f0659205250da04ed0375781070bc92cad5ec99d66f9a034cf9eb69c14583abe3b4c55a235cfcffc2538012b941fb6ea4993cc37b90c79d1fd70493e1a7,940705.0,M,,NOT APPLICABLE,NONE,NO INDICATION OF INJURY,IMPROPER BACKING,UNKNOWN,NORMAL,,,,,2020-11-11 16:49:00,30,CLEAR,DUSK,REAR TO FRONT,ONE-WAY,DRY,NO DEFECTS,NOT ON SCENE (DESK REPORT),NO INJURY / DRIVE AWAY,,$500 OR LESS,11/11/2020 09:30:00 PM,DRIVING SKILLS/KNOWLEDGE/EXPERIENCE,FOLLOWING TOO CLOSELY,,2,NO INDICATION OF INJURY,0.0,0.0,0.0,0.0,0.0,2.0,0.0,16,4,11,41.994345963,-87.694802882,POINT (-87.694802882042 41.994345963186),POINT (1157826.4616180207 1941176.757019602),2020,6208 N ROCKWELL ST
O930854,DRIVER,3fb1bae93d0530541b15b9001ff9db6ff9e45756a1bdd9d9442c95cd20a17836a8adfc964984e73a03b3d22afd03eb0183881653d74f86e7c1e15e36826ec4c3,882453.0,F,33.0,DID NOT DEPLOY,NONE,NO INDICATION OF INJURY,IMPROPER LANE CHANGE,NOT OBSCURED,UNKNOWN,,,,,2020-08-02 23:52:00,30,CLEAR,"DARKNESS, LIGHTED ROAD",TURNING,DIVIDED - W/MEDIAN BARRIER,DRY,NO DEFECTS,ON SCENE,NO INJURY / DRIVE AWAY,,"OVER $1,500",08/03/2020 12:03:00 AM,IMPROPER TURNING/NO SIGNAL,IMPROPER LANE USAGE,,2,NO INDICATION OF INJURY,0.0,0.0,0.0,0.0,0.0,2.0,0.0,23,1,8,41.831243113,-87.616940536,POINT (-87.616940535573 41.831243112549),POINT (1179488.9131582943 1881909.3016985648),2020,400 E 35TH ST
O999515,DRIVER,acbc43f23c2698d90bcdf21464a7860552d2562566d06ac6faddc5ddff66dc6d9f287be7d39e7e0a7de440affcbe400e878964181b5c53a704a25d9cdaa5f6af,947182.0,F,,DID NOT DEPLOY,NONE,NO INDICATION OF INJURY,NONE,NOT OBSCURED,NORMAL,,,,,2020-11-25 06:35:00,20,FOG/SMOKE/HAZE,DAWN,SIDESWIPE SAME DIRECTION,NOT DIVIDED,WET,NO DEFECTS,NOT ON SCENE (DESK REPORT),NO INJURY / DRIVE AWAY,,"OVER $1,500",11/25/2020 06:55:00 AM,WEATHER,NOT APPLICABLE,,2,NO INDICATION OF INJURY,0.0,0.0,0.0,0.0,0.0,2.0,0.0,6,4,11,41.900958919,-87.619928174,POINT (-87.619928173678 41.900958919109),POINT (1178463.5679459986 1907306.8564226741),2020,1000 N LAKE SHORE DR NB
O857000,DRIVER,f0eeb40f2caa5858ca5ec076b95ef489d16d862faf2cb0df835c3bb92ec4566a375a7cec318da2054059ad25501ca537b6671f3cee011c7be83a5ac62aacb948,813212.0,M,26.0,"DEPLOYED, FRONT",NONE,NO INDICATION OF INJURY,OTHER,NOT OBSCURED,FATIGUED/ASLEEP,,,,,2020-03-07 04:14:00,30,CLEAR,"DARKNESS, LIGHTED ROAD",FIXED OBJECT,DIVIDED - W/MEDIAN BARRIER,DRY,NO DEFECTS,ON SCENE,INJURY AND / OR TOW DUE TO CRASH,,"OVER $1,500",03/07/2020 04:16:00 AM,PHYSICAL CONDITION OF DRIVER,NOT APPLICABLE,,1,NO INDICATION OF INJURY,0.0,0.0,0.0,0.0,0.0,1.0,0.0,4,7,3,41.852729864,-87.632890085,POINT (-87.632890084784 41.852729863503),POINT (1175078.294416989 1889703.1591291372),2020,221 W CERMAK RD
O997758,DRIVER,d45bc7f897416de505de4126c3a100dc132e8ef2091888f3c64f9372e555a5e46e1bdbbf8b23884fe8b07d11ec16afe275de389ad94e22be150238de9b750f95,945509.0,F,,NOT APPLICABLE,NONE,NO INDICATION OF INJURY,IMPROPER TURN,NOT OBSCURED,NORMAL,,,,,2020-11-21 18:40:00,30,CLEAR,"DARKNESS, LIGHTED ROAD",TURNING,NOT DIVIDED,DRY,NO DEFECTS,NOT ON SCENE (DESK REPORT),NO INJURY / DRIVE AWAY,,"OVER $1,500",11/21/2020 06:45:00 PM,IMPROPER TURNING/NO SIGNAL,UNABLE TO DETERMINE,,2,NO INDICATION OF INJURY,0.0,0.0,0.0,0.0,0.0,2.0,0.0,18,7,11,41.702886434,-87.559467457,POINT (-87.559467456929 41.702886433767),POINT (1195573.0084509728 1835272.915499279),2020,2634 E 106TH ST
O945063,DRIVER,98dff79b0f2e255a508ca45c90d8b9d9d4123eb09cec7dcbcc10c7608a6491bc42c2fd3c37535cd5a251e4f994d6b4138fe6b8031b112d053cbb8f8660981a09,895833.0,M,,DID NOT DEPLOY,NONE,NO INDICATION OF INJURY,NONE,NOT OBSCURED,NORMAL,,,,,2020-08-24 19:30:00,30,CLEAR,DUSK,REAR END,NOT DIVIDED,DRY,NO DEFECTS,NOT ON SCENE (DESK REPORT),NO INJURY / DRIVE AWAY,,"$501 - $1,500",08/24/2020 08:10:00 PM,FOLLOWING TOO CLOSELY,FAILING TO REDUCE SPEED TO AVOID CRASH,,2,NO INDICATION OF INJURY,0.0,0.0,0.0,0.0,0.0,2.0,0.0,19,2,8,41.916994432,-87.755386949,POINT (-87.755386948569 41.916994432183),POINT (1141547.4771847299 1912872.6500264357),2020,5150 W GRAND AVE
O886250,DRIVER,424ee625d9c4a893fc993e1c4973c8a8c8b03abbcdaa99d893fce5b907edea3b81ad647e22f65fb8414d73601d75a9848b08cb86d93a6cf62503dc42cddd7311,840739.0,M,20.0,DID NOT DEPLOY,NONE,NO INDICATION OF INJURY,FOLLOWED TOO CLOSELY,NOT OBSCURED,NORMAL,,,,,2020-05-20 12:50:00,30,CLEAR,DAYLIGHT,REAR END,NOT DIVIDED,DRY,NO DEFECTS,NOT ON SCENE (DESK REPORT),NO INJURY / DRIVE AWAY,,"OVER $1,500",05/20/2020 01:15:00 PM,FOLLOWING TOO CLOSELY,UNABLE TO DETERMINE,,2,NO INDICATION OF INJURY,0.0,0.0,0.0,0.0,0.0,2.0,0.0,12,4,5,41.769258781,-87.610522855,POINT (-87.610522855327 41.769258781089),POINT (1181427.8710741901 1859337.2101541304),2020,6900 S SOUTH CHICAGO AVE
O905436,DRIVER,4369c9be9bba8a55ceb2ee06328a625e73b47475e6b717453e0570d293d4d3b27986b31cef7320470756752de68eeaf00cb8a6563a614303442e6fd2af4cd555,858545.0,F,65.0,DID NOT DEPLOY,NONE,NO INDICATION OF INJURY,NONE,NOT OBSCURED,NORMAL,,,,,2020-06-24 12:58:00,30,CLEAR,DAYLIGHT,ANGLE,NOT DIVIDED,DRY,NO DEFECTS,NOT ON SCENE (DESK REPORT),NO INJURY / DRIVE AWAY,Y,"OVER $1,500",06/24/2020 01:10:00 PM,UNABLE TO DETERMINE,NOT APPLICABLE,,2,NO INDICATION OF INJURY,0.0,0.0,0.0,0.0,0.0,2.0,0.0,12,4,6,41.855412191,-87.710085311,POINT (-87.710085310639 41.855412190534),POINT (1154040.0853824778 1890518.4905826342),2020,1899 S HOMAN AVE
O950708,DRIVER,d9e5c93903d49d33f58462a37ef8eefcc6e2ce1718058532de7a0976951b16c697750111173ebc9928c0f65b6f43cf829ff3c175ab1e5d147bb11e6988086cd9,901198.0,M,47.0,DID NOT DEPLOY,NONE,NO INDICATION OF INJURY,NONE,NOT OBSCURED,NORMAL,,,,,2020-09-02 16:16:00,30,CLEAR,DAYLIGHT,ANGLE,NOT DIVIDED,DRY,NO DEFECTS,ON SCENE,INJURY AND / OR TOW DUE TO CRASH,,"OVER $1,500",09/02/2020 04:17:00 PM,FAILING TO YIELD RIGHT-OF-WAY,UNABLE TO DETERMINE,,3,NONINCAPACITATING INJURY,1.0,0.0,0.0,1.0,0.0,6.0,0.0,16,4,9,41.79529335,-87.703758272,POINT (-87.703758272415 41.795293350415),POINT (1155924.2862375686 1868624.0499532484),2020,5400 S KEDZIE AVE
O879217,DRIVER,0de426509be9d953f30fb82e8c15f7e751c66877473ba906b33e8e63d95106b803206c8a88ba7445f45c9067e63e55de3666cd00ce9d6af8982d58c5fcc6b4e2,834113.0,M,16.0,DID NOT DEPLOY,NONE,NO INDICATION OF INJURY,IMPROPER LANE CHANGE,UNKNOWN,NORMAL,,,,,2020-04-24 14:23:00,30,CLEAR,DAYLIGHT,SIDESWIPE SAME DIRECTION,NOT DIVIDED,DRY,NO DEFECTS,NOT ON SCENE (DESK REPORT),NO INJURY / DRIVE AWAY,,"OVER $1,500",05/04/2020 10:50:00 AM,IMPROPER LANE USAGE,UNABLE TO DETERMINE,,2,NO INDICATION OF INJURY,0.0,0.0,0.0,0.0,0.0,2.0,0.0,14,6,4,41.844864888,-87.690413789,POINT (-87.69041378852 41.84486488751),POINT (1159427.9544535892 1886714.5995295588),2020,2600 W 26TH ST
O929874,DRIVER,faf59a0703a0ee2f89c46b26ae8c0dc2c104d59b34888f536069f7fff12d854924324f91b852eeb14f66aec913dac76823b06d4710cdcf657c64e0533547ced2,881555.0,F,31.0,NOT APPLICABLE,NONE,NO INDICATION OF INJURY,NONE,UNKNOWN,NORMAL,,,,,2020-08-01 16:10:00,30,CLEAR,DAYLIGHT,TURNING,DIVIDED - W/MEDIAN (NOT RAISED),DRY,NO DEFECTS,ON SCENE,INJURY AND / OR TOW DUE TO CRASH,,"OVER $1,500",08/01/2020 04:17:00 PM,IMPROPER LANE USAGE,NOT APPLICABLE,,2,NO INDICATION OF INJURY,0.0,0.0,0.0,0.0,0.0,2.0,0.0,16,7,8,41.925084655,-87.70708175,POINT (-87.70708174982 41.925084655161),POINT (1154673.0458858516 1915913.0368970614),2020,2409 N KEDZIE BLVD
O880441,DRIVER,232f99418293a34a9d6ff685a5434d5845de0b0dffc5633b4e5a9760f8c7a70e4d9e668e5e3556ec83e3ab1336aa9ca334e8419bf757606cdaef167b9658b61e,835288.0,F,36.0,"DEPLOYED, FRONT",NONE,NO INDICATION OF INJURY,OTHER,NOT OBSCURED,OTHER,,,,,2020-05-06 23:08:00,30,CLEAR,"DARKNESS, LIGHTED ROAD",FIXED OBJECT,L-INTERSECTION,DRY,NO DEFECTS,ON SCENE,INJURY AND / OR TOW DUE TO CRASH,,"OVER $1,500",05/06/2020 11:08:00 PM,FAILING TO REDUCE SPEED TO AVOID CRASH,NOT APPLICABLE,,1,NO INDICATION OF INJURY,0.0,0.0,0.0,0.0,0.0,1.0,0.0,23,4,5,41.79805218,-87.634454432,POINT (-87.634454431838 41.798052179695),POINT (1174814.1791755862 1869775.3706426267),2020,5300 S SHIELDS AVE
O826445,DRIVER,980465858a69c58386d4904a6490f77b0f8b6c4f0e216ce4acd0aec7aedba288395ef79c61757383ee423e9b5ebd4c9245ca7576decd2b18c3513ba4f343bd7c,784521.0,X,,DEPLOYMENT UNKNOWN,NONE,NO INDICATION OF INJURY,FAILED TO YIELD,UNKNOWN,UNKNOWN,,,,,2020-01-21 08:04:00,25,CLEAR,DAYLIGHT,PEDESTRIAN,NOT DIVIDED,DRY,NO DEFECTS,NOT ON SCENE (DESK REPORT),INJURY AND / OR TOW DUE TO CRASH,Y,"$501 - $1,500",01/21/2020 11:30:00 AM,FAILING TO YIELD RIGHT-OF-WAY,FAILING TO YIELD RIGHT-OF-WAY,,2,NONINCAPACITATING INJURY,1.0,0.0,0.0,1.0,0.0,1.0,0.0,8,3,1,41.870658705,-87.680131524,POINT (-87.680131524049 41.870658704848),POINT (1162158.0967562746 1896134.9406310292),2020,2157 W BOWLER ST
O952304,DRIVER,6b147fad997097e9685475f318b58e16d9b0a6b99e375dcb52550e2fa12f027342332d7e4290eaca95d03dc3a87ee45521c95848ab0893d81804b3b34ccaa363,902680.0,M,31.0,"DEPLOYED, COMBINATION",NONE,NO INDICATION OF INJURY,FAILED TO YIELD,UNKNOWN,UNKNOWN,,,,Y,2020-09-05 01:48:00,30,CLEAR,"DARKNESS, LIGHTED ROAD",TURNING,NOT DIVIDED,DRY,UNKNOWN,ON SCENE,INJURY AND / OR TOW DUE TO CRASH,,"OVER $1,500",09/05/2020 01:49:00 AM,FAILING TO YIELD RIGHT-OF-WAY,NOT APPLICABLE,,2,NONINCAPACITATING INJURY,2.0,0.0,0.0,2.0,0.0,2.0,0.0,1,7,9,41.868820258,-87.742541905,POINT (-87.742541905178 41.868820258079),POINT (1145164.3495425722 1895341.8437024117),2020,4700 W FIFTH AVE
O985423,DRIVER,7b59ce5e699a32fb2216c0c32231aebe13f0fd8bc3c9f3a0da7f02fb93c9b3ca38ca15c65e3997e0f2dde987f374c581cec2169d1166ade8caca6dcebd0a339e,933824.0,M,35.0,NOT APPLICABLE,NONE,NO INDICATION OF INJURY,NONE,NOT OBSCURED,NORMAL,,,,,2020-10-29 21:35:00,30,CLEAR,DAYLIGHT,REAR END,DIVIDED - W/MEDIAN (NOT RAISED),DRY,NO DEFECTS,NOT ON SCENE (DESK REPORT),NO INJURY / DRIVE AWAY,N,$500 OR LESS,10/29/2020 10:45:00 PM,UNABLE TO DETERMINE,UNABLE TO DETERMINE,,2,NO INDICATION OF INJURY,0.0,0.0,0.0,0.0,0.0,2.0,0.0,21,5,10,42.002596383,-87.660932205,POINT (-87.660932204503 42.002596382533),POINT (1167010.213276021 1944253.7392212905),2020,6600 N SHERIDAN RD
O881526,DRIVER,73f5892a03b21047b0ea7b3fa1af330ac930b6378c6849f21ecf1604ea461dd7ccd8386a5845eaae47a2adb297c836b9acdb51b706df60e5a21b556d95e5c136,836274.0,M,37.0,NOT APPLICABLE,NONE,NO INDICATION OF INJURY,FOLLOWED TOO CLOSELY,UNKNOWN,NORMAL,,,,,2020-05-09 16:00:00,30,CLEAR,DAYLIGHT,REAR END,NOT DIVIDED,DRY,NO DEFECTS,NOT ON SCENE (DESK REPORT),NO INJURY / DRIVE AWAY,,$500 OR LESS,05/09/2020 04:30:00 PM,UNABLE TO DETERMINE,UNABLE TO DETERMINE,,2,NO INDICATION OF INJURY,0.0,0.0,0.0,0.0,0.0,2.0,0.0,16,7,5,41.954613118,-87.649848652,POINT (-87.649848652254 41.954613117579),POINT (1170162.282579246 1926792.239865827),2020,4000 N CLARENDON AVE
O840218,DRIVER,61f09df7fb6eb171e64d3e0e607ec0a442c209ed78d66fcca99cf3f4d7d97c0cc112243bbac00e0ffb6f5af5bb71d07bdbaf3a843b55373e75722ae2965b98a2,797357.0,F,35.0,DID NOT DEPLOY,NONE,NO INDICATION OF INJURY,OTHER,NOT OBSCURED,NORMAL,,,,,2020-02-11 17:30:00,30,CLEAR,DARKNESS,REAR END,NOT DIVIDED,DRY,NO DEFECTS,NOT ON SCENE (DESK REPORT),NO INJURY / DRIVE AWAY,,"$501 - $1,500",02/11/2020 06:35:00 PM,FAILING TO REDUCE SPEED TO AVOID CRASH,NOT APPLICABLE,,2,NO INDICATION OF INJURY,0.0,0.0,0.0,0.0,0.0,2.0,0.0,17,3,2,41.925201682,-87.672641874,POINT (-87.672641874456 41.925201682479),POINT (1164044.9508785591 1916026.0129803314),2020,1748 W FULLERTON AVE
O945083,DRIVER,fce738fd097bb7375aa242fad213c9a1de595ab10a379f4e994afa324fdf37c2d7335c786247e8ed240de689aa8d044bff952a27f130e774f0fc7f44721f7db6,895852.0,M,52.0,DID NOT DEPLOY,NONE,NO INDICATION OF INJURY,OTHER,UNKNOWN,UNKNOWN,,,,,2020-08-24 18:30:00,30,CLEAR,DAYLIGHT,TURNING,NOT DIVIDED,DRY,UNKNOWN,NOT ON SCENE (DESK REPORT),NO INJURY / DRIVE AWAY,,"$501 - $1,500",08/24/2020 08:34:00 PM,UNABLE TO DETERMINE,UNABLE TO DETERMINE,,2,NO INDICATION OF INJURY,0.0,0.0,0.0,0.0,0.0,2.0,0.0,18,2,8,41.925018423,-87.669892533,POINT (-87.669892533399 41.925018423048),POINT (1164793.6534827035 1915965.0097393238),2020,1645 W FULLERTON AVE