PERSON_ID,PERSON_TYPE,CRASH_RECORD_ID,VEHICLE_ID,SEX,AGE,AIRBAG_DEPLOYED,EJECTION,INJURY_CLASSIFICATION,DRIVER_ACTION,DRIVER_VISION,PHYSICAL_CONDITION,PEDPEDAL_ACTION,PEDPEDAL_VISIBILITY,PEDPEDAL_LOCATION,CRASH_DATE_EST_I,CRASH_DATE,POSTED_SPEED_LIMIT,WEATHER_CONDITION,LIGHTING_CONDITION,FIRST_CRASH_TYPE,TRAFFICWAY_TYPE,ROADWAY_SURFACE_COND,ROAD_DEFECT,REPORT_TYPE,CRASH_TYPE,HIT_AND_RUN_I,DAMAGE,DATE_POLICE_NOTIFIED,PRIM_CONTRIBUTORY_CAUSE,SEC_CONTRIBUTORY_CAUSE,DOORING_I,NUM_UNITS,MOST_SEVERE_INJURY,INJURIES_TOTAL,INJURIES_FATAL,INJURIES_INCAPACITATING,INJURIES_NON_INCAPACITATING,INJURIES_REPORTED_NOT_EVIDENT,INJURIES_NO_INDICATION,INJURIES_UNKNOWN,CRASH_HOUR,CRASH_DAY_OF_WEEK,CRASH_MONTH,LATITUDE,LONGITUDE,LOCATION,geometry,YEAR,ADDRESS
O913882,DRIVER,bda7eb7fef21d5cfc165e10c38b5ad3abdf07fce98af143f34cfee665c87ba369c788d8e6025bad9f54ebc88dc1ef84286f2a61bc3ed8443982196c4f6b4b5da,866403.0,X,,DEPLOYMENT UNKNOWN,NONE,NO INDICATION OF INJURY,UNKNOWN,UNKNOWN,UNKNOWN,,,,Y,2020-07-06 07:45:00,30,CLEAR,DAWN,PARKED MOTOR VEHICLE,ONE-WAY,DRY,NO DEFECTS,NOT ON SCENE (DESK REPORT),NO INJURY / DRIVE AWAY,,"OVER $1,500",07/07/2020 04:20:00 PM,UNABLE TO DETERMINE,NOT APPLICABLE,,2,NO INDICATION OF INJURY,0.0,0.0,0.0,0.0,0.0,1.0,0.0,7,2,7,41.750183724,-87.598946412,POINT (-87.598946411643 41.750183724396),POINT (1184645.2062879938 1852413.165163652),2020,7939 S DOBSON AVE
O1014739,DRIVER,e8c15dcc5ac3afcd5b10ed0a8338e540ad477a91e8bfcb36c224d0e22f139186c4a894cce836047d33cd23f24689d9603d00e0bd2550401731221ed0aa9ebfd4,961695.0,M,24.0,DEPLOYMENT UNKNOWN,NONE,NO INDICATION OF INJURY,UNKNOWN,NOT OBSCURED,NORMAL,,,,,2020-12-25 23:01:00,30,CLEAR,"DARKNESS, LIGHTED ROAD",REAR TO SIDE,NOT DIVIDED,DRY,NO DEFECTS,ON SCENE,INJURY AND / OR TOW DUE TO CRASH,,"$501 - $1,500",12/25/2020 11:14:00 PM,DISREGARDING TRAFFIC SIGNALS,UNABLE TO DETERMINE,,2,NO INDICATION OF INJURY,0.0,0.0,0.0,0.0,0.0,3.0,0.0,23,6,12,41.88102619,-87.711136648,POINT (-87.711136648394 41.881026190259),POINT (1153686.0194761506 1899850.098956965),2020,3400 W MADISON ST
O881846,DRIVER,bef6567685cfa52c698fd0285d1abd9bc7ed30de1708da560fe21d9c9ebe3100123e4e34b5b7f507b1dfb6c80c12bdb57a0c60951f79332db90bb2100cdc3ea1,836585.0,X,,DID NOT DEPLOY,NONE,NO INDICATION OF INJURY,FAILED TO YIELD,UNKNOWN,UNKNOWN,,,,,2020-05-08 21:00:00,30,CLEAR,"DARKNESS, LIGHTED ROAD",TURNING,FOUR WAY,DRY,NO DEFECTS,NOT ON SCENE (DESK REPORT),NO INJURY / DRIVE AWAY,Y,"OVER $1,500",05/10/2020 10:50:00 AM,FAILING TO YIELD RIGHT-OF-WAY,UNABLE TO DETERMINE,,2,NO INDICATION OF INJURY,0.0,0.0,0.0,0.0,0.0,3.0,0.0,21,6,5,41.692100123,-87.65465791,POINT (-87.654657910416 41.692100122694),POINT (1169609.7448611623 1831123.301597836),2020,1301 W 111TH ST
O991256,DRIVER,5b6752dd0a194ee11a8a8e8ab2ced48eac39842cef9a3869046eb4b3d4985182c203fa65603dcc3f3ad879ea5d48dd4a656d4b6d52ddf6e6caed72045d6b1901,939365.0,M,35.0,DID NOT DEPLOY,NONE,NO INDICATION OF INJURY,FOLLOWED TOO CLOSELY,NOT OBSCURED,NORMAL,,,,,2020-11-06 14:30:00,30,CLEAR,DAYLIGHT,REAR END,NOT DIVIDED,DRY,NO DEFECTS,NOT ON SCENE (DESK REPORT),NO INJURY / DRIVE AWAY,,"$501 - $1,500",11/09/2020 10:35:00 AM,FOLLOWING TOO CLOSELY,FAILING TO REDUCE SPEED TO AVOID CRASH,,2,NO INDICATION OF INJURY,0.0,0.0,0.0,0.0,0.0,2.0,0.0,14,6,11,42.011821608,-87.806779126,POINT (-87.806779125826 42.011821607611),POINT (1127347.8646718867 1947337.909379715),2020,7202 W TOUHY AVE
O968117,DRIVER,7b1f3394dd70148770ccfbebeba6cb2153f01caad33b4e1fd90125996e63d18ad9abe51d7e92c946e6c6632e3e99f11db1d7306cc0d17baf7b68baedce19ddd9,917510.0,F,30.0,NOT APPLICABLE,NONE,NO INDICATION OF INJURY,NONE,NOT OBSCURED,NORMAL,,,,,2020-09-30 11:28:00,30,CLEAR,DAYLIGHT,TURNING,NOT DIVIDED,DRY,NO DEFECTS,NOT ON SCENE (DESK REPORT),NO INJURY / DRIVE AWAY,N,"OVER $1,500",09/30/2020 06:25:00 PM,IMPROPER TURNING/NO SIGNAL,IMPROPER TURNING/NO SIGNAL,,2,NO INDICATION OF INJURY,0.0,0.0,0.0,0.0,0.0,3.0,0.0,11,4,9,41.736526636,-87.605812683,POINT (-87.605812682882 41.736526636405),POINT (1182813.640571807 1847420.7294313083),2020,737 E 87TH ST
O837999,DRIVER,53c4cd5ae6d699207f0a311b562dbac5da5bcb480479538fefd6d2cabeccf4fb4d4d27d574e3e452e0e16767d3153c67638123351bceabe2f2f30a93144af701,795254.0,F,33.0,DEPLOYMENT UNKNOWN,NONE,NO INDICATION OF INJURY,IMPROPER TURN,PARKED VEHICLES,NORMAL,,,,,2020-02-08 08:42:00,30,CLEAR,DAYLIGHT,TURNING,DIVIDED - W/MEDIAN (NOT RAISED),DRY,UNKNOWN,ON SCENE,NO INJURY / DRIVE AWAY,,"OVER $1,500",02/08/2020 08:52:00 AM,"VISION OBSCURED (SIGNS, TREE LIMBS, BUILDINGS, ETC.)",NOT APPLICABLE,,2,NO INDICATION OF INJURY,0.0,0.0,0.0,0.0,0.0,2.0,0.0,8,7,2,41.954033754,-87.707406038,POINT (-87.707406037866 41.954033753871),POINT (1154507.7705448142 1926461.5116759732),2020,3144 W IRVING PARK RD
O939223,DRIVER,fefecb899de4d9f0023d43ca9692fec15ba5755190db3de19e4e681e612aef38454d7fd97ca46623c75255d5db4a68be01c808508b7ab3db619a8ba256102784,890346.0,M,,DEPLOYMENT UNKNOWN,NONE,NO INDICATION OF INJURY,EVADING POLICE VEHICLE,UNKNOWN,UNKNOWN,,,,,2020-07-31 04:33:00,30,CLEAR,"DARKNESS, LIGHTED ROAD",REAR TO FRONT,OTHER,DRY,NO DEFECTS,,NO INJURY / DRIVE AWAY,Y,"OVER $1,500",07/31/2020 04:33:00 AM,FAILING TO REDUCE SPEED TO AVOID CRASH,DRIVING ON WRONG SIDE/WRONG WAY,,2,NO INDICATION OF INJURY,0.0,0.0,0.0,0.0,0.0,3.0,0.0,4,6,7,41.744057898,-87.60630786,POINT (-87.606307860067 41.744057897629),POINT (1182655.305428224 1850163.9087114835),2020,726 E 83RD ST
O845192,DRIVER,4c3a7af6a65db48148c8d1e1af26dbad8ea21abce04481bcab1f3a610ddab1dfb11be4a288e65167a3754f814ec8c8a9e3fda44e8650028f496947cb22dd5f0c,802085.0,F,29.0,DID NOT DEPLOY,NONE,NO INDICATION OF INJURY,WRONG WAY/SIDE,NOT OBSCURED,NORMAL,,,,,2020-02-18 12:00:00,20,CLEAR,DAYLIGHT,TURNING,T-INTERSECTION,DRY,NO DEFECTS,ON SCENE,INJURY AND / OR TOW DUE TO CRASH,,"OVER $1,500",02/18/2020 12:01:00 PM,EQUIPMENT - VEHICLE CONDITION,DRIVING SKILLS/KNOWLEDGE/EXPERIENCE,,2,NO INDICATION OF INJURY,0.0,0.0,0.0,0.0,0.0,4.0,0.0,12,3,2,41.825542803,-87.618395821,POINT (-87.618395820825 41.825542802515),POINT (1179109.5874786063 1879828.826876105),2020,3800 S CALUMET AVE
O928163,DRIVER,41842ed7ce1d1c747c08dd6debbe15e397f4056e8185fe254c97fcedef02adf216ece7deacdb2f98d81a455da64005a26bc486a072c74e81253358b1d9df0cab,879964.0,F,,DEPLOYMENT UNKNOWN,UNKNOWN,NO INDICATION OF INJURY,UNKNOWN,UNKNOWN,UNKNOWN,,,,,2020-07-29 14:30:00,30,CLEAR,DAWN,TURNING,FOUR WAY,DRY,NO DEFECTS,NOT ON SCENE (DESK REPORT),NO INJURY / DRIVE AWAY,Y,"OVER $1,500",07/30/2020 11:00:00 AM,UNABLE TO DETERMINE,UNABLE TO DETERMINE,,2,NO INDICATION OF INJURY,0.0,0.0,0.0,0.0,0.0,2.0,0.0,14,4,7,41.723339311,-87.585290971,POINT (-87.585290970958 41.723339311399),POINT (1188456.4697704648 1842663.412724606),2020,9424 S STONY ISLAND AVE
P221659,PASSENGER,7c08be044c06d6528efdf6e2c711f2009942e3cb7ded902a3bcb3b29661bbfe5ffec4b0578ecb59892b84abe3f4154578175b8bbb487a31e79aa6ef554fc0768,923378.0,F,29.0,NOT APPLICABLE,NONE,NO INDICATION OF INJURY,,,,,,,,2020-10-10 14:00:00,30,CLEAR,DAYLIGHT,ANGLE,FOUR WAY,DRY,NO DEFECTS,ON SCENE,INJURY AND / OR TOW DUE TO CRASH,,"$501 - $1,500",10/10/2020 03:05:00 PM,DISREGARDING TRAFFIC SIGNALS,UNABLE TO DETERMINE,,2,NONINCAPACITATING INJURY,1.0,0.0,0.0,1.0,0.0,5.0,0.0,14,7,10,41.830187255,-87.685177925,POINT (-87.685177925102 41.830187255269),POINT (1160894.949857176 1881376.8511128807),2020,3500 S WESTERN AVE
O859205,DRIVER,bb0d8cd9181908e47a5b735aab8e37fa6dedcfd439f41b6a9570c6609b54ac5457c36e9dd64f7cc9558620e8fe6efc85d5a27b8d43074d19b36eb87a8bb476e1,815307.0,M,45.0,DID NOT DEPLOY,NONE,NO INDICATION OF INJURY,UNKNOWN,PARKED VEHICLES,NORMAL,,,,,2020-03-10 10:00:00,30,RAIN,DAYLIGHT,TURNING,T-INTERSECTION,WET,NO DEFECTS,ON SCENE,NO INJURY / DRIVE AWAY,,"OVER $1,500",03/10/2020 10:15:00 AM,NOT APPLICABLE,NOT APPLICABLE,,2,NO INDICATION OF INJURY,0.0,0.0,0.0,0.0,0.0,2.0,0.0,10,3,3,41.978783657,-87.654894866,POINT (-87.654894866009 41.978783656648),POINT (1168719.9283371868 1935589.1851188885),2020,5319 N SHERIDAN RD
O906774,DRIVER,9b9756e182d27d6635b7bcaffeacf3099e5b2a6d5f5a4907bc01a6c6daf906dfdd5e5a2ca4feaac714c0c8f30d21dd14623d52d5a3b506fe84f10239a9536c59,859801.0,F,23.0,DID NOT DEPLOY,NONE,NO INDICATION OF INJURY,NONE,NOT OBSCURED,NORMAL,,,,,2020-06-25 23:45:00,30,CLEAR,"DARKNESS, LIGHTED ROAD",REAR END,DIVIDED - W/MEDIAN (NOT RAISED),DRY,NO DEFECTS,NOT ON SCENE (DESK REPORT),NO INJURY / DRIVE AWAY,Y,"$501 - $1,500",06/26/2020 03:30:00 PM,PHYSICAL CONDITION OF DRIVER,FAILING TO REDUCE SPEED TO AVOID CRASH,,2,NO INDICATION OF INJURY,0.0,0.0,0.0,0.0,0.0,3.0,0.0,23,5,6,41.751636269,-87.566378121,POINT (-87.56637812136 41.751636269168),POINT (1193527.5924530323 1853019.9978056718),2020,7900 S YATES BLVD
O858964,DRIVER,0827be050384cdf28c5f79a7e7a10db2a7b1977ed5fda6aae7f0f308837dbc4a91e6b488a5a826f6339e90c6c66cb01b9e51071b226e99b6df78393159e49a0e,815063.0,X,,DEPLOYMENT UNKNOWN,UNKNOWN,NO INDICATION OF INJURY,FAILED TO YIELD,UNKNOWN,UNKNOWN,,,,,2020-03-09 20:27:00,30,RAIN,"DARKNESS, LIGHTED ROAD",PEDESTRIAN,DIVIDED - W/MEDIAN (NOT RAISED),WET,NO DEFECTS,ON SCENE,INJURY AND / OR TOW DUE TO CRASH,Y,"$501 - $1,500",03/09/2020 08:50:00 PM,FAILING TO YIELD RIGHT-OF-WAY,UNABLE TO DETERMINE,,2,"REPORTED, NOT EVIDENT",1.0,0.0,0.0,0.0,1.0,1.0,0.0,20,2,3,41.882117633,-87.627673612,POINT (-87.627673612189 41.882117633495),POINT (1176411.4448564872 1900423.6529468899),2020,1 N STATE ST
O880147,DRIVER,0331797dfa5cb7177dfa9b726440b676b666dc1bf85af970e9186843c865b02e2d0b0371e14e5a1c6f6d708e9297c1c2515d03a99fc2dbb67b5074476e01fc5a,835010.0,M,,DEPLOYMENT UNKNOWN,UNKNOWN,NO INDICATION OF INJURY,FAILED TO YIELD,UNKNOWN,UNKNOWN,,,,,2020-05-06 11:58:00,30,CLEAR,DAYLIGHT,ANGLE,DIVIDED - W/MEDIAN (NOT RAISED),DRY,NO DEFECTS,ON SCENE,INJURY AND / OR TOW DUE TO CRASH,Y,"OVER $1,500",05/06/2020 11:59:00 AM,IMPROPER OVERTAKING/PASSING,FAILING TO YIELD RIGHT-OF-WAY,,2,"REPORTED, NOT EVIDENT",1.0,0.0,0.0,0.0,1.0,2.0,0.0,11,4,5,41.772350562,-87.660691245,POINT (-87.66069124501 41.772350562071),POINT (1167733.3835394108 1860352.8082510396),2020,1438 W MARQUETTE RD
O820713,DRIVER,cd22a46156619d92edbc8cd4f5295ac1c5db5890326877402b56e7eadbc3cd8d51c0d05a32be72eabb30ccfa0a95f9fac33f385410bb1f790388bd32b9e92494,779184.0,F,45.0,DID NOT DEPLOY,NONE,NO INDICATION OF INJURY,NONE,NOT OBSCURED,NORMAL,,,,,2020-01-11 19:20:00,25,SNOW,"DARKNESS, LIGHTED ROAD",REAR END,ONE-WAY,SNOW OR SLUSH,UNKNOWN,,NO INJURY / DRIVE AWAY,Y,"OVER $1,500",01/11/2020 07:21:00 PM,FOLLOWING TOO CLOSELY,FOLLOWING TOO CLOSELY,,2,NO INDICATION OF INJURY,0.0,0.0,0.0,0.0,0.0,3.0,0.0,19,7,1,41.867371872,-87.632519916,POINT (-87.632519916312 41.867371872086),POINT (1175135.591441269 1895039.499829991),2020,1166 S DELANO CT W
O843556,DRIVER,41090cb9a7bc0bbe12173f8f553e555fe738156ca3db405a3c48af9c1018a6bc63cb1394a33845c31ef25c8d22ce1065407cb7268ba7ddc512159fc066a172d4,800538.0,M,,DEPLOYMENT UNKNOWN,NONE,NO INDICATION OF INJURY,FAILED TO YIELD,UNKNOWN,UNKNOWN,,,,,2020-02-15 18:15:00,30,CLEAR,DAWN,SIDESWIPE SAME DIRECTION,DIVIDED - W/MEDIAN BARRIER,DRY,NO DEFECTS,ON SCENE,NO INJURY / DRIVE AWAY,Y,"$501 - $1,500",02/15/2020 07:15:00 PM,IMPROPER LANE USAGE,IMPROPER LANE USAGE,,2,NO INDICATION OF INJURY,0.0,0.0,0.0,0.0,0.0,2.0,0.0,18,7,2,41.887664056,-87.620487275,POINT (-87.620487275058 41.887664056276),POINT (1178351.611432772 1902460.940517023),2020,303 E LOWER WACKER DR
O862547,DRIVER,91089d3b02249611acf3057efbcec929229b82c7983c6e45b05acad51a4ca8723feba6dddf4f317be6107cf7794413e50890c5234abdff62f36e799279f968a1,818471.0,M,,DID NOT DEPLOY,NONE,NO INDICATION OF INJURY,FAILED TO YIELD,NOT OBSCURED,NORMAL,,,,,2020-03-15 16:29:00,30,CLEAR,DAYLIGHT,TURNING,NOT DIVIDED,DRY,NO DEFECTS,NOT ON SCENE (DESK REPORT),NO INJURY / DRIVE AWAY,,"OVER $1,500",03/15/2020 05:15:00 PM,DRIVING SKILLS/KNOWLEDGE/EXPERIENCE,NOT APPLICABLE,,2,NO INDICATION OF INJURY,0.0,0.0,0.0,0.0,0.0,2.0,0.0,16,1,3,41.9468234,-87.693532643,POINT (-87.693532642598 41.946823399559),POINT (1158301.0880364215 1923861.903472966),2020,2608 W ADDISON ST
O935123,DRIVER,befbf4b7ca26343fdda4e5d47907f59dccc20d86232f2a1584e4cca157a30439b57d57047f45ce5554954504ffdb5509fbc7f2f7c922091cfb82ec97aab11dce,886493.0,M,44.0,NOT APPLICABLE,NONE,NO INDICATION OF INJURY,UNKNOWN,NOT OBSCURED,NORMAL,,,,,2020-08-09 16:40:00,30,CLEAR,DAYLIGHT,PARKED MOTOR VEHICLE,NOT DIVIDED,DRY,NO DEFECTS,ON SCENE,INJURY AND / OR TOW DUE TO CRASH,,"OVER $1,500",08/09/2020 04:49:00 PM,UNABLE TO DETERMINE,NOT APPLICABLE,,2,NO INDICATION OF INJURY,0.0,0.0,0.0,0.0,0.0,1.0,0.0,16,1,8,41.87695157,-87.727645016,POINT (-87.7276450161 41.876951569751),POINT (1149200.9358638297 1898333.15411154),2020,4053 W JACKSON BLVD
O826857,DRIVER,b6d6741f4c0f9c1a44cd7fd63ac826a09f0c3e9c72baf10a9f39e3c3a85d6f8e9fd6e88e96190ac8d32292285cdc8b429924d59d8c0954a9f86630a5168a0706,784929.0,F,29.0,NOT APPLICABLE,NONE,NO INDICATION OF INJURY,NONE,NOT OBSCURED,NORMAL,,,,,2020-01-21 18:41:00,35,CLEAR,DUSK,TURNING,NOT DIVIDED,DRY,NO DEFECTS,ON SCENE,INJURY AND / OR TOW DUE TO CRASH,,"OVER $1,500",01/21/2020 06:41:00 PM,FAILING TO YIELD RIGHT-OF-WAY,NOT APPLICABLE,,2,NO INDICATION OF INJURY,0.0,0.0,0.0,0.0,0.0,2.0,0.0,18,3,1,41.990064722,-87.655237215,POINT (-87.655237214988 41.99006472186),POINT (1168594.2954487572 1939699.3309405772),2020,5931 N SHERIDAN RD
O821392,DRIVER,20e64e593afd13aaf5dab5c2ea94868ae490a6669ce8a4b3047a90a4377bd8b3d7d79c9bbd27495a8943aaa5dc1a04ced2a22d7b134023c20b677307a13226eb,779859.0,M,65.0,DID NOT DEPLOY,NONE,NO INDICATION OF INJURY,NONE,UNKNOWN,NORMAL,,,,,2020-01-13 07:30:00,30,CLEAR,DAYLIGHT,REAR END,UNKNOWN,DRY,UNKNOWN,NOT ON SCENE (DESK REPORT),NO INJURY / DRIVE AWAY,,"$501 - $1,500",01/13/2020 05:44:00 PM,FOLLOWING TOO CLOSELY,FOLLOWING TOO CLOSELY,,2,NO INDICATION OF INJURY,0.0,0.0,0.0,0.0,0.0,2.0,0.0,7,2,1,41.961065456,-87.727140124,POINT (-87.727140123565 41.961065456261),POINT (1149121.77641008 1928985.30020897),2020,3942 W MONTROSE AVE
O877154,DRIVER,dd623773713945cf23a98334b4e6477dad95246f480dc8ef6ecc98d55a0de34d0224880aeed38ac8bc3bad40e78fc5ebd110d6369c0d9a6104045a74da935a9a,832146.0,F,26.0,DID NOT DEPLOY,NONE,NO INDICATION OF INJURY,OVERCORRECTED,UNKNOWN,NORMAL,,,,,2020-04-29 10:30:00,30,RAIN,DAYLIGHT,PARKED MOTOR VEHICLE,L-INTERSECTION,WET,NO DEFECTS,ON SCENE,NO INJURY / DRIVE AWAY,,"OVER $1,500",04/29/2020 10:35:00 AM,WEATHER,DRIVING SKILLS/KNOWLEDGE/EXPERIENCE,,2,NO INDICATION OF INJURY,0.0,0.0,0.0,0.0,0.0,1.0,0.0,10,4,4,41.843666151,-87.657790469,POINT (-87.657790468674 41.843666151264),POINT (1168320.3958871097 1886346.016084837),2020,2729 S BONFIELD ST
O823443,DRIVER,67b63aca9e79d2ed7ee1b7077e81b244757db88441864afa056f3ce229482eec6f9badd0c944086a137eabb4dc989b1441f76dd0a4d8a57c013ea3cecf69c3b3,781677.0,F,50.0,DID NOT DEPLOY,NONE,NO INDICATION OF INJURY,NONE,NOT OBSCURED,NORMAL,,,,,2020-01-16 14:30:00,30,CLEAR,DAYLIGHT,REAR END,DIVIDED - W/MEDIAN (NOT RAISED),DRY,NO DEFECTS,NOT ON SCENE (DESK REPORT),NO INJURY / DRIVE AWAY,,"$501 - $1,500",01/16/2020 03:50:00 PM,FOLLOWING TOO CLOSELY,NOT APPLICABLE,,2,NO INDICATION OF INJURY,0.0,0.0,0.0,0.0,0.0,2.0,0.0,14,5,1,41.749723972,-87.702539572,POINT (-87.702539571674 41.749723971726),POINT (1156378.3966776591 1852021.3752814082),2020,7900 S KEDZIE AVE
O932280,DRIVER,a33c20bb641fbfbb953ec80b2f53102dc7d77c78145fed1b6ab64ded6f795cde76843ec2956e287fa41ec57843060328574229648f6c0d1d2d610ef1ebc54aeb,883816.0,F,18.0,DID NOT DEPLOY,NONE,NO INDICATION OF INJURY,NONE,UNKNOWN,NORMAL,,,,,2020-08-05 15:04:00,30,CLOUDY/OVERCAST,DAYLIGHT,TURNING,CENTER TURN LANE,DRY,NO DEFECTS,ON SCENE,INJURY AND / OR TOW DUE TO CRASH,,"OVER $1,500",08/05/2020 03:04:00 PM,FAILING TO YIELD RIGHT-OF-WAY,UNABLE TO DETERMINE,,3,NONINCAPACITATING INJURY,1.0,0.0,0.0,1.0,0.0,2.0,0.0,15,4,8,41.880354556,-87.764948136,POINT (-87.764948136348 41.880354556326),POINT (1139033.6905281034 1899503.7121478638),2020,5600 W MADISON ST
O828045,PEDESTRIAN,1086a3d1226d0fa908419752f4a07c450fd891db1671d732d6c3da3afb9eefb9752f2bc1567114611fed49a3e20df890f86e2aa984de4c3f96edaa15dcdfecde,,F,27.0,,,NONINCAPACITATING INJURY,NONE,UNKNOWN,NORMAL,CROSSING - CONTROLS PRESENT (NOT AT INTERSECTION),CONTRASTING CLOTHING,IN ROADWAY,,2020-01-23 12:30:00,35,FREEZING RAIN/DRIZZLE,DAYLIGHT,PEDESTRIAN,FOUR WAY,WET,UNKNOWN,NOT ON SCENE (DESK REPORT),INJURY AND / OR TOW DUE TO CRASH,,$500 OR LESS,01/23/2020 02:45:00 PM,UNABLE TO DETERMINE,NOT APPLICABLE,,2,NONINCAPACITATING INJURY,1.0,0.0,0.0,1.0,0.0,1.0,0.0,12,5,1,41.94702383,-87.663867075,POINT (-87.663867074717 41.947023830226),POINT (1166370.7640448287 1923996.578424222),2020,3559 N SOUTHPORT AVE
O875430,DRIVER,a0595913f0751fea158bcd55d63b6851046b2f9ac331bea794f099548c457c5c0aa1d75c950c7626aea01056e5fe873333fd49705a9dbb1e9670f8de506127c2,830547.0,X,,DEPLOYMENT UNKNOWN,NONE,NO INDICATION OF INJURY,UNKNOWN,UNKNOWN,UNKNOWN,,,,Y,2020-04-24 17:00:00,30,CLEAR,DAYLIGHT,PARKED MOTOR VEHICLE,NOT DIVIDED,DRY,NO DEFECTS,ON SCENE,NO INJURY / DRIVE AWAY,Y,"OVER $1,500",04/24/2020 07:40:00 PM,UNABLE TO DETERMINE,NOT APPLICABLE,,2,NO INDICATION OF INJURY,0.0,0.0,0.0,0.0,0.0,1.0,0.0,17,6,4,41.877252702,-87.721233203,POINT (-87.72123320329 41.877252701722),POINT (1150946.3302123344 1898455.2739614858),2020,3812 W JACKSON BLVD
O873107,DRIVER,1b980e32a247cd6c71cbb8ec1ea32628ffb1e7d3f069c6c55929c2f534987749636865dbb173807760893b3fa039f7c7c60bdf8b7f5acdc27ea75d0028073d3b,828346.0,F,,DEPLOYMENT UNKNOWN,NONE,NO INDICATION OF INJURY,UNKNOWN,UNKNOWN,UNKNOWN,,,,,2020-04-17 21:00:00,35,CLEAR,DARKNESS,PARKED MOTOR VEHICLE,DIVIDED - W/MEDIAN BARRIER,DRY,NO DEFECTS,ON SCENE,INJURY AND / OR TOW DUE TO CRASH,Y,"OVER $1,500",04/17/2020 09:20:00 PM,UNABLE TO DETERMINE,NOT APPLICABLE,,2,NO INDICATION OF INJURY,0.0,0.0,0.0,0.0,0.0,1.0,0.0,21,6,4,41.734672769,-87.643431747,POINT (-87.643431746527 41.734672769383),POINT (1172551.551717181 1846660.6482016533),2020,8741 S HALSTED ST
O915938,DRIVER,146f5d9b7ef8650b5d90803968873dd6b96daef57c76e19f9d152c557a9b3504fa5c7bdb0143d7cb95ae19e944074ec14766471201ef72c77794fec4dc288e2a,868397.0,F,42.0,DID NOT DEPLOY,NONE,NO INDICATION OF INJURY,UNKNOWN,NOT OBSCURED,UNKNOWN,,,,,2020-07-10 18:30:00,30,CLEAR,DAYLIGHT,REAR END,ONE-WAY,DRY,NO DEFECTS,ON SCENE,NO INJURY / DRIVE AWAY,,"OVER $1,500",07/10/2020 06:48:00 PM,UNABLE TO DETERMINE,DRIVING SKILLS/KNOWLEDGE/EXPERIENCE,,2,NO INDICATION OF INJURY,0.0,0.0,0.0,0.0,0.0,2.0,0.0,18,6,7,41.883158791,-87.65283073,POINT (-87.6528307299 41.883158791329),POINT (1169557.749653927 1900747.7234963684),2020,1016 W WASHINGTON BLVD
O1014734,DRIVER,3812ef2feb244c04f7610c7046b46e49e1f3b72f818fb6db056e0fe4e8b37a4b9d7bfcc183ac4cbb2eb98b9672a7b62cfadc08b09dc38f0f4745200fc2307814,961693.0,F,34.0,NOT APPLICABLE,NONE,NO INDICATION OF INJURY,UNKNOWN,UNKNOWN,NORMAL,,,,,2020-12-25 22:25:00,30,CLEAR,DARKNESS,SIDESWIPE SAME DIRECTION,NOT DIVIDED,DRY,"RUT, HOLES",ON SCENE,INJURY AND / OR TOW DUE TO CRASH,,"OVER $1,500",12/25/2020 10:30:00 PM,UNABLE TO DETERMINE,NOT APPLICABLE,,2,NO INDICATION OF INJURY,0.0,0.0,0.0,0.0,0.0,2.0,0.0,22,6,12,41.820565773,-87.743653198,POINT (-87.743653198213 41.820565772976),POINT (1144982.396047544 1877756.0167634666),2020,4000 S CICERO AVE
O1005529,DRIVER,ace7b61b2eb09d46a3ff5de6346f263a49bb5e7d107cea6efa5de02ba8496c430867a71265e77b8d58d2a07b557abda7fe42e6d5635723ad1c852d4f5f1dd173,952936.0,M,32.0,NOT APPLICABLE,NONE,NO INDICATION OF INJURY,NONE,NOT OBSCURED,NORMAL,,,,,2020-12-08 08:35:00,30,CLOUDY/OVERCAST,DAYLIGHT,ANGLE,DIVIDED - W/MEDIAN (NOT RAISED),DRY,SHOULDER DEFECT,NOT ON SCENE (DESK REPORT),NO INJURY / DRIVE AWAY,,"OVER $1,500",12/08/2020 09:27:00 AM,DISREGARDING TRAFFIC SIGNALS,DISTRACTION - FROM INSIDE VEHICLE,,2,NO INDICATION OF INJURY,0.0,0.0,0.0,0.0,0.0,2.0,0.0,8,3,12,41.854177884,-87.627258363,POINT (-87.627258362595 41.854177884307),POINT (1176608.2668666046 1890243.380373794),2020,2100 S STATE ST
O864961,DRIVER,23b27ab15ca4bfade8098599c497e7ee2c213badae074d60a5a9ac9c9e2e46c0ad5d768400bd1101ba6cbe3230f44689aec0182c7b5fb528ce3a9c2667ff7cd1,820820.0,M,29.0,DID NOT DEPLOY,NONE,NO INDICATION OF INJURY,NONE,NOT OBSCURED,NORMAL,,,,Y,2020-03-20 23:20:00,30,CLEAR,"DARKNESS, LIGHTED ROAD",SIDESWIPE SAME DIRECTION,FOUR WAY,DRY,UNKNOWN,ON SCENE,INJURY AND / OR TOW DUE TO CRASH,Y,"OVER $1,500",03/20/2020 11:37:00 PM,UNABLE TO DETERMINE,NOT APPLICABLE,,2,NO INDICATION OF INJURY,0.0,0.0,0.0,0.0,0.0,4.0,0.0,23,6,3,41.769103975,-87.625092283,POINT (-87.625092282754 41.769103975226),POINT (1177453.8696547174 1859247.7353787846),2020,6900 S STATE ST