PERSON_ID,PERSON_TYPE,CRASH_RECORD_ID,VEHICLE_ID,SEX,AGE,AIRBAG_DEPLOYED,EJECTION,INJURY_CLASSIFICATION,DRIVER_ACTION,DRIVER_VISION,PHYSICAL_CONDITION,PEDPEDAL_ACTION,PEDPEDAL_VISIBILITY,PEDPEDAL_LOCATION,CRASH_DATE_EST_I,CRASH_DATE,POSTED_SPEED_LIMIT,WEATHER_CONDITION,LIGHTING_CONDITION,FIRST_CRASH_TYPE,TRAFFICWAY_TYPE,ROADWAY_SURFACE_COND,ROAD_DEFECT,REPORT_TYPE,CRASH_TYPE,HIT_AND_RUN_I,DAMAGE,DATE_POLICE_NOTIFIED,PRIM_CONTRIBUTORY_CAUSE,SEC_CONTRIBUTORY_CAUSE,DOORING_I,NUM_UNITS,MOST_SEVERE_INJURY,INJURIES_TOTAL,INJURIES_FATAL,INJURIES_INCAPACITATING,INJURIES_NON_INCAPACITATING,INJURIES_REPORTED_NOT_EVIDENT,INJURIES_NO_INDICATION,INJURIES_UNKNOWN,CRASH_HOUR,CRASH_DAY_OF_WEEK,CRASH_MONTH,LATITUDE,LONGITUDE,LOCATION,geometry,YEAR,ADDRESS
O957000,DRIVER,e8a4ebf30797e65a7d0202bc40a3dabbdb5aafead3b4c4238be71e25a684a18b304b4fab047184c713202573ef8bb3b1b54cbc64155b5ef9c0f906518d3337ad,907077.0,M,40.0,NOT APPLICABLE,NONE,NO INDICATION OF INJURY,NONE,UNKNOWN,NORMAL,,,,,2020-09-12 20:13:00,30,RAIN,"DARKNESS, LIGHTED ROAD",REAR END,NOT DIVIDED,WET,NO DEFECTS,NOT ON SCENE (DESK REPORT),NO INJURY / DRIVE AWAY,,"OVER $1,500",09/12/2020 08:13:00 PM,CELL PHONE USE OTHER THAN TEXTING,NOT APPLICABLE,,2,NO INDICATION OF INJURY,0.0,0.0,0.0,0.0,0.0,2.0,0.0,20,7,9,41.946884001,-87.673529784,POINT (-87.67352978429 41.9468840007),POINT (1163742.5121694969 1923925.240726685),2020,3599 N LINCOLN AVE
O914390,DRIVER,dd80d65ae24d4f8db591afee77f8934a8f8fdc2e8d310e2e83410de65db0b2ad7b40277d21b9decce7dd317924d26cfbeba8cb8fe02a0d20e662ba96eda32bd5,866928.0,M,26.0,NOT APPLICABLE,NONE,NO INDICATION OF INJURY,NONE,NOT OBSCURED,NORMAL,,,,,2020-07-08 11:40:00,30,CLEAR,DAYLIGHT,TURNING,DIVIDED - W/MEDIAN BARRIER,DRY,NO DEFECTS,ON SCENE,NO INJURY / DRIVE AWAY,,"OVER $1,500",07/08/2020 11:43:00 AM,FAILING TO YIELD RIGHT-OF-WAY,NOT APPLICABLE,,2,NO INDICATION OF INJURY,0.0,0.0,0.0,0.0,0.0,2.0,0.0,11,4,7,41.881951876,-87.636620349,POINT (-87.636620349402 41.881951876486),POINT (1173975.594680129 1900343.3450684792),2020,1 N WACKER DR
P207500,PASSENGER,4a7785a7b746f5b3cec1e039c748723e9f3c230e13ae9713eb3869a435489f5870c226d4bf48abecbf7c1ed2b8549000e126bf4071a21bbf04e69f4203834119,861434.0,,,NOT APPLICABLE,NONE,NO INDICATION OF INJURY,,,,,,,,2020-06-29 14:50:00,30,CLEAR,DAYLIGHT,PARKED MOTOR VEHICLE,OTHER,DRY,NO DEFECTS,NOT ON SCENE (DESK REPORT),NO INJURY / DRIVE AWAY,Y,"OVER $1,500",06/29/2020 03:40:00 PM,IMPROPER LANE USAGE,NOT APPLICABLE,,2,NO INDICATION OF INJURY,0.0,0.0,0.0,0.0,0.0,4.0,0.0,14,2,6,41.953004922,-87.788048252,POINT (-87.788048252438 41.953004922183),POINT (1132574.6820975628 1925936.7139615887),2020,6440 W IRVING PARK RD
O934934,DRIVER,6487e61cb0fbb84ce3ad163a4bc4be5d51b79077da49113a894bd0396012a47e78487541c330785088ae8b606953185119f354698ddabc4ee1e96c32cce5b0aa,886309.0,X,,DEPLOYMENT UNKNOWN,UNKNOWN,NO INDICATION OF INJURY,UNKNOWN,UNKNOWN,UNKNOWN,,,,Y,2020-08-09 11:00:00,30,CLEAR,"DARKNESS, LIGHTED ROAD",PARKED MOTOR VEHICLE,ONE-WAY,DRY,NO DEFECTS,NOT ON SCENE (DESK REPORT),NO INJURY / DRIVE AWAY,Y,"OVER $1,500",08/09/2020 12:10:00 PM,UNABLE TO DETERMINE,UNABLE TO DETERMINE,,2,NO INDICATION OF INJURY,0.0,0.0,0.0,0.0,0.0,1.0,0.0,11,1,8,41.93372585,-87.641519207,POINT (-87.641519207104 41.933725849551),POINT (1172489.3893722813 1919199.0335761895),2020,2828 N PINE GROVE AVE
O867647,DRIVER,1b669e50477a76e147eb9d5852283cbafb4b2e4ce41ad3280c51c5cab6884a3bb2cce7b6e73fc225f9a5e40389edb536af8607cca4c394daef425b2b8afa5525,823311.0,M,64.0,NOT APPLICABLE,NONE,NO INDICATION OF INJURY,UNKNOWN,NOT OBSCURED,NORMAL,,,,,2020-03-31 07:45:00,30,CLOUDY/OVERCAST,DAYLIGHT,SIDESWIPE SAME DIRECTION,ONE-WAY,WET,NO DEFECTS,ON SCENE,NO INJURY / DRIVE AWAY,,"OVER $1,500",03/31/2020 07:49:00 AM,IMPROPER LANE USAGE,NOT APPLICABLE,,2,NO INDICATION OF INJURY,0.0,0.0,0.0,0.0,0.0,2.0,0.0,7,3,3,41.881149987,-87.633659417,POINT (-87.633659417312 41.881149987195),POINT (1174784.2884818995 1900057.697016644),2020,25 S WELLS ST
O877976,DRIVER,99dfb1996bff2cd2b3cc5863a3a9bee8ba526ad215a472074a52c28ffb1c79a26ecf112491725d9599a3a3126fc7264a4aff8dac94c1c77f38202996d8c1a2e9,832919.0,F,64.0,DEPLOYMENT UNKNOWN,NONE,NO INDICATION OF INJURY,NONE,UNKNOWN,UNKNOWN,,,,N,2020-04-30 15:30:00,30,UNKNOWN,UNKNOWN,SIDESWIPE OPPOSITE DIRECTION,DIVIDED - W/MEDIAN (NOT RAISED),UNKNOWN,UNKNOWN,NOT ON SCENE (DESK REPORT),INJURY AND / OR TOW DUE TO CRASH,Y,"OVER $1,500",05/01/2020 03:25:00 PM,IMPROPER OVERTAKING/PASSING,UNABLE TO DETERMINE,,2,NO INDICATION OF INJURY,0.0,0.0,0.0,0.0,0.0,3.0,0.0,15,5,4,41.786722216,-87.659683616,POINT (-87.659683616183 41.786722216228),POINT (1167967.2204123356 1865591.884868964),2020,5900 S LOOMIS BLVD
O894230,DRIVER,def00961fa5a3a368159f98c48eb3afc49c4f985842ca663ca2fbe76da37d6f46f9c6231ade0a646f0ae52300c759862a55672b5fbc0b89965a36c42b8d5aa83,848139.0,M,33.0,NOT APPLICABLE,TRAPPED/EXTRICATED,NO INDICATION OF INJURY,IMPROPER LANE CHANGE,NOT OBSCURED,NORMAL,,,,,2020-06-04 19:20:00,35,CLEAR,DAYLIGHT,SIDESWIPE SAME DIRECTION,DIVIDED - W/MEDIAN (NOT RAISED),DRY,NO DEFECTS,ON SCENE,NO INJURY / DRIVE AWAY,,$500 OR LESS,06/04/2020 07:26:00 PM,IMPROPER OVERTAKING/PASSING,NOT APPLICABLE,,2,NO INDICATION OF INJURY,0.0,0.0,0.0,0.0,0.0,3.0,0.0,19,5,6,41.726577928,-87.662657752,POINT (-87.662657752234 41.72657792755),POINT (1167326.9663153798 1843669.4944807678),2020,9201 S ASHLAND AVE
O913395,BICYCLE,4a092eff065edac10e0701d5682378fc0da154c3810013d183d267a6e1053d74cee2acdd7bec9beb5ab82d271c69bdba5667242fa01317a053424935e042e3a4,,M,17.0,,NONE,NONINCAPACITATING INJURY,NONE,NOT OBSCURED,NORMAL,CROSSING - NO CONTROLS (AT INTERSECTION),NO CONTRASTING CLOTHING,IN ROADWAY,,2020-07-06 19:48:00,20,CLEAR,DAYLIGHT,PEDALCYCLIST,ONE-WAY,DRY,NO DEFECTS,ON SCENE,INJURY AND / OR TOW DUE TO CRASH,,$500 OR LESS,07/06/2020 07:50:00 PM,"VISION OBSCURED (SIGNS, TREE LIMBS, BUILDINGS, ETC.)",DISREGARDING STOP SIGN,,2,NONINCAPACITATING INJURY,1.0,0.0,0.0,1.0,0.0,1.0,0.0,19,2,7,41.787658718,-87.728050539,POINT (-87.728050539265 41.787658717564),POINT (1149319.7610779575 1865794.4680164526),2020,5800 S KEELER AVE
O974886,DRIVER,7b059628467f45bbf216e05bbb50c8d714d8ea50b7937c6a048dd03dc2ba040b5d27419f70bea5eaddb51ccb0e362ffead44713e3bc6a1bdb2b66a1726f6c8e0,923878.0,F,37.0,DID NOT DEPLOY,NONE,NO INDICATION OF INJURY,UNKNOWN,UNKNOWN,UNKNOWN,,,,,2020-10-11 10:30:00,30,CLEAR,DAYLIGHT,SIDESWIPE SAME DIRECTION,NOT DIVIDED,DRY,NO DEFECTS,NOT ON SCENE (DESK REPORT),NO INJURY / DRIVE AWAY,,$500 OR LESS,10/11/2020 01:20:00 PM,UNABLE TO DETERMINE,NOT APPLICABLE,,2,NO INDICATION OF INJURY,0.0,0.0,0.0,0.0,0.0,2.0,0.0,10,1,10,41.903902743,-87.638370886,POINT (-87.63837088624 41.903902742747),POINT (1173434.1056494133 1908338.3746369374),2020,400 W DIVISION ST
O859018,DRIVER,9e3165b262c50c4ef08ecae83f2f832eb7a7c83d924afc8fd516517bb76d25db82f141108517da4f12115bfb67f15b1344b59a6fc0f4be3109abd98f0d04d0fb,815112.0,M,28.0,DID NOT DEPLOY,NONE,NO INDICATION OF INJURY,DISREGARDED CONTROL DEVICES,NOT OBSCURED,NORMAL,,,,,2020-01-16 00:43:00,30,CLEAR,"DARKNESS, LIGHTED ROAD",ANGLE,FOUR WAY,DRY,NO DEFECTS,,INJURY AND / OR TOW DUE TO CRASH,,"OVER $1,500",01/16/2020 12:43:00 AM,DISREGARDING TRAFFIC SIGNALS,UNABLE TO DETERMINE,,2,NO INDICATION OF INJURY,0.0,0.0,0.0,0.0,0.0,4.0,0.0,0,5,1,41.960460538,-87.777082833,POINT (-87.777082832894 41.960460538426),POINT (1135539.7949248909 1928672.730915398),2020,6000 W MONTROSE AVE
O866525,DRIVER,4d832b8569aec40376630d570525251c86d4f43f1476dfc2051d95e689627e4485f03647da5639601b64f7edf4111de76964f8045ea63c5f64b16b002a142a43,822258.0,F,25.0,DID NOT DEPLOY,NONE,NO INDICATION OF INJURY,FOLLOWED TOO CLOSELY,MOVING VEHICLES,NORMAL,,,,,2020-03-26 17:23:00,30,CLEAR,DAYLIGHT,REAR END,OTHER,DRY,NO DEFECTS,,NO INJURY / DRIVE AWAY,,"$501 - $1,500",03/26/2020 05:23:00 PM,FOLLOWING TOO CLOSELY,NOT APPLICABLE,,2,NO INDICATION OF INJURY,0.0,0.0,0.0,0.0,0.0,3.0,0.0,17,5,3,41.894644288,-87.765241186,POINT (-87.765241185993 41.894644288075),POINT (1138919.4138889352 1904710.3425007055),2020,757 N CENTRAL AVE
O898139,DRIVER,abd724a6589648418d8fe68352502ffbaa5509717b5f75e2dec4e9538de0829d104f8f548e9e46dd11e02d6a661505b309be8f9e0af87c1a6df104c2a5603984,851624.0,M,22.0,DEPLOYMENT UNKNOWN,NONE,NO INDICATION OF INJURY,NONE,NOT OBSCURED,NORMAL,,,,,2020-06-11 18:00:00,30,CLEAR,DAYLIGHT,TURNING,NOT DIVIDED,DRY,NO DEFECTS,ON SCENE,NO INJURY / DRIVE AWAY,,"$501 - $1,500",06/11/2020 07:09:00 PM,FAILING TO YIELD RIGHT-OF-WAY,NOT APPLICABLE,,2,NO INDICATION OF INJURY,0.0,0.0,0.0,0.0,0.0,2.0,0.0,18,5,6,41.904074545,-87.721465161,POINT (-87.721465160529 41.904074545341),POINT (1150813.4640695336 1908228.6805613297),2020,3759 W GRAND AVE
O984565,DRIVER,ba29e1984ce29cebd725e8c4cccc1b71f4a3d2457b7fa39c3f4bb91b2dc5e67c4b7079326cf9a144c5b55364562c22efa214a491e700ec0b39c47c0769ac301f,932987.0,F,22.0,DID NOT DEPLOY,NONE,NONINCAPACITATING INJURY,UNKNOWN,UNKNOWN,UNKNOWN,,,,,2020-10-27 23:33:00,30,CLEAR,"DARKNESS, LIGHTED ROAD",PARKED MOTOR VEHICLE,DIVIDED - W/MEDIAN (NOT RAISED),DRY,NO DEFECTS,ON SCENE,INJURY AND / OR TOW DUE TO CRASH,,"OVER $1,500",10/27/2020 11:36:00 PM,UNABLE TO DETERMINE,NOT APPLICABLE,,3,NONINCAPACITATING INJURY,1.0,0.0,0.0,1.0,0.0,0.0,0.0,23,3,10,41.927025491,-87.653517427,POINT (-87.653517426528 41.927025490634),POINT (1169244.072555656 1916731.2927114225),2020,2455 N SHEFFIELD AVE
P226309,PASSENGER,8bdbf4f92760d68a20568c8b54fbb4fb77beef0337e586b00c302b60fa253c671c3da6e87103e9117bd274fcc3f0c1d29bfe2456a70e17f4c5fd30a65dcba822,945840.0,M,26.0,NOT APPLICABLE,NONE,NO INDICATION OF INJURY,,,,,,,,2020-11-22 12:34:00,30,RAIN,DAYLIGHT,REAR END,ONE-WAY,WET,NO DEFECTS,ON SCENE,INJURY AND / OR TOW DUE TO CRASH,,"OVER $1,500",11/22/2020 12:34:00 PM,"OPERATING VEHICLE IN ERRATIC, RECKLESS, CARELESS, NEGLIGENT OR AGGRESSIVE MANNER","OPERATING VEHICLE IN ERRATIC, RECKLESS, CARELESS, NEGLIGENT OR AGGRESSIVE MANNER",,3,NONINCAPACITATING INJURY,1.0,0.0,0.0,1.0,0.0,3.0,0.0,12,1,11,41.734880619,-87.625551941,POINT (-87.625551940557 41.734880618955),POINT (1177431.0666324457 1846776.0122130003),2020,8740 S LAFAYETTE AVE
P211636,PASSENGER,e5debee5c19a14ab7887c96adbab126718817c47fc66a3d505e25bd635b5e354f345440153d74019df2a3ff67fe8bc3b39c30bbcd1604096202ade783acf3736,878484.0,M,,DID NOT DEPLOY,NONE,NO INDICATION OF INJURY,,,,,,,,2020-07-24 22:05:00,30,CLEAR,DARKNESS,PARKED MOTOR VEHICLE,ONE-WAY,DRY,NO DEFECTS,NOT ON SCENE (DESK REPORT),NO INJURY / DRIVE AWAY,Y,"$501 - $1,500",07/27/2020 06:25:00 PM,NOT APPLICABLE,NOT APPLICABLE,,2,NO INDICATION OF INJURY,0.0,0.0,0.0,0.0,0.0,5.0,0.0,22,6,7,41.991453644,-87.687380053,POINT (-87.687380053493 41.991453644297),POINT (1159852.2233787323 1940137.9125776084),2020,6030 N OAKLEY AVE
O923134,DRIVER,afd8dd38ce58d6fc87d97eaff621705d23483dc0442409cb685a599da4b6af0a568780c4fe712753118c68a461d04d0ca11f70ad19cbb51d2728aafb3d588647,875170.0,X,,DEPLOYMENT UNKNOWN,NONE,NO INDICATION OF INJURY,UNKNOWN,UNKNOWN,UNKNOWN,,,,,2020-07-22 08:30:00,25,CLEAR,DAYLIGHT,PARKED MOTOR VEHICLE,ONE-WAY,DRY,NO DEFECTS,ON SCENE,NO INJURY / DRIVE AWAY,Y,"$501 - $1,500",07/22/2020 11:02:00 AM,IMPROPER OVERTAKING/PASSING,IMPROPER LANE USAGE,,2,NO INDICATION OF INJURY,0.0,0.0,0.0,0.0,0.0,1.0,0.0,8,4,7,41.929413461,-87.745779504,POINT (-87.745779504175 41.92941346065),POINT (1144131.3010544947 1917415.9243313018),2020,4743 W SCHUBERT AVE
O975633,DRIVER,c26d14dc1e094571c2e2c79efb1a3691eef688d4c98f93f048eeb3e25d1255cf528e6a725a3c437c869a0b5019baba1b1d73d261d2612980e3cd6ed9dfc06a4f,924555.0,M,29.0,DID NOT DEPLOY,NONE,NO INDICATION OF INJURY,OTHER,UNKNOWN,NORMAL,,,,Y,2020-10-12 17:10:00,30,CLEAR,DAYLIGHT,SIDESWIPE SAME DIRECTION,NOT DIVIDED,UNKNOWN,UNKNOWN,ON SCENE,NO INJURY / DRIVE AWAY,,"$501 - $1,500",10/12/2020 05:33:00 PM,UNABLE TO DETERMINE,NOT APPLICABLE,,2,NO INDICATION OF INJURY,0.0,0.0,0.0,0.0,0.0,2.0,0.0,17,2,10,41.794347312,-87.650538719,POINT (-87.650538719241 41.794347312368),POINT (1170439.1557817396 1868390.0930072023),2020,1010 W GARFIELD BLVD
O979351,DRIVER,60dfbf8dfca0eec23d6ab1f3bea41d09dd159bd5c7af9be1b5ff356f40b89ad8a7274fec63ddf66bb263c3562dab6ec98d02bf8bdffaefb4e9d67cc8995da52e,928056.0,F,25.0,DID NOT DEPLOY,NONE,NO INDICATION OF INJURY,FOLLOWED TOO CLOSELY,NOT OBSCURED,NORMAL,,,,,2020-10-18 14:15:00,30,RAIN,DAYLIGHT,REAR END,NOT DIVIDED,WET,NO DEFECTS,NOT ON SCENE (DESK REPORT),NO INJURY / DRIVE AWAY,,"OVER $1,500",10/19/2020 08:00:00 AM,WEATHER,UNABLE TO DETERMINE,,2,NO INDICATION OF INJURY,0.0,0.0,0.0,0.0,0.0,3.0,0.0,14,1,10,41.924896285,-87.697562021,POINT (-87.69756202078 41.924896284559),POINT (1157264.1884898006 1915863.4585291005),2020,2400 N CALIFORNIA AVE
O906589,DRIVER,927b37c877e9994c621947cb8ca2cd2f29b43788b631b3db6be02ea4acd825143d3d419c54d19e87c68290ca09bed5bd0c4063f675b8d712ccc65ac3dac33b47,859630.0,M,,DEPLOYMENT UNKNOWN,NONE,NO INDICATION OF INJURY,TOO FAST FOR CONDITIONS,UNKNOWN,UNKNOWN,,,,,2020-06-26 10:00:00,30,CLEAR,DAYLIGHT,PARKED MOTOR VEHICLE,DIVIDED - W/MEDIAN (NOT RAISED),DRY,NO DEFECTS,ON SCENE,NO INJURY / DRIVE AWAY,Y,"$501 - $1,500",06/26/2020 10:15:00 AM,FAILING TO REDUCE SPEED TO AVOID CRASH,NOT APPLICABLE,,3,NO INDICATION OF INJURY,0.0,0.0,0.0,0.0,0.0,2.0,0.0,10,6,6,41.810858924,-87.638141708,POINT (-87.638141708483 41.810858924247),POINT (1173771.0130800547 1874433.923972352),2020,4599 S NORMAL AVE
O977448,DRIVER,678e488b4a6c77ab17393fa107ccc8c212b59442b1bcd6c2c830cca17f6cf87c2ac4a9bee3d49d2eaeb3d29dd6ef0fc3667c40fab2affd5723179b6d564e7bfe,926253.0,M,,DEPLOYMENT UNKNOWN,UNKNOWN,NO INDICATION OF INJURY,FAILED TO YIELD,UNKNOWN,UNKNOWN,,,,,2020-10-12 17:45:00,20,CLEAR,DAYLIGHT,PEDESTRIAN,ONE-WAY,DRY,NO DEFECTS,,INJURY AND / OR TOW DUE TO CRASH,Y,"OVER $1,500",10/12/2020 09:24:00 PM,DISREGARDING STOP SIGN,NOT APPLICABLE,,2,NONINCAPACITATING INJURY,1.0,0.0,0.0,1.0,0.0,1.0,0.0,17,2,10,41.774762144,-87.599868109,POINT (-87.599868108683 41.774762144051),POINT (1184317.3302442278 1861367.2023325646),2020,6606 S GREENWOOD AVE
O880770,DRIVER,d4194501ccb51508f64891777074736be3c9d97ab1e3e5005f10827e8c8fa8a1cf0973842b77821f5babb04373082c4966d54adb644d455456eea4db3b232431,835576.0,F,,DEPLOYMENT UNKNOWN,NONE,NO INDICATION OF INJURY,IMPROPER TURN,UNKNOWN,UNKNOWN,,,,,2020-05-07 15:30:00,30,CLEAR,DAYLIGHT,TURNING,DIVIDED - W/MEDIAN (NOT RAISED),DRY,NO DEFECTS,NOT ON SCENE (DESK REPORT),NO INJURY / DRIVE AWAY,Y,"$501 - $1,500",05/07/2020 06:00:00 PM,IMPROPER TURNING/NO SIGNAL,NOT APPLICABLE,,2,NO INDICATION OF INJURY,0.0,0.0,0.0,0.0,0.0,2.0,0.0,15,5,5,41.73529567,-87.702219019,POINT (-87.702219018846 41.735295669627),POINT (1156504.4265426008 1846764.488011332),2020,3200 W 87TH ST
O981957,DRIVER,bc087ddadeed2f663afc81a34156b91cd084296ee60f276309589d814cffcdcb021e26f31f85ad369fa45b686ee76f82ead018abaa8ce233c9a432f78dea2e2d,930513.0,F,,DEPLOYMENT UNKNOWN,UNKNOWN,NO INDICATION OF INJURY,UNKNOWN,UNKNOWN,UNKNOWN,,,,,2020-10-23 14:46:00,30,CLEAR,DAYLIGHT,REAR END,NOT DIVIDED,WET,NO DEFECTS,NOT ON SCENE (DESK REPORT),NO INJURY / DRIVE AWAY,Y,"OVER $1,500",10/23/2020 03:30:00 PM,UNABLE TO DETERMINE,NOT APPLICABLE,,2,NO INDICATION OF INJURY,0.0,0.0,0.0,0.0,0.0,2.0,0.0,14,6,10,41.707218903,-87.612860799,POINT (-87.612860799473 41.707218903275),POINT (1180979.349093512 1836725.1176889325),2020,421 E 103RD ST
O907601,DRIVER,7d6b56478dafdd70874b34f04030d837532078c51a201f0a198444fbad0dc2a496933e807bf03cd8e7089cc1b81d813e320fb370c46e75d232f709429e3b1595,860507.0,X,,DEPLOYMENT UNKNOWN,NONE,NO INDICATION OF INJURY,WRONG WAY/SIDE,UNKNOWN,UNKNOWN,,,,Y,2020-06-27 18:20:00,30,CLEAR,DAYLIGHT,PARKED MOTOR VEHICLE,NOT DIVIDED,DRY,NO DEFECTS,NOT ON SCENE (DESK REPORT),NO INJURY / DRIVE AWAY,Y,"$501 - $1,500",06/27/2020 06:50:00 PM,UNABLE TO DETERMINE,NOT APPLICABLE,,2,NO INDICATION OF INJURY,0.0,0.0,0.0,0.0,0.0,1.0,0.0,18,7,6,41.896695451,-87.721087076,POINT (-87.721087075658 41.896695450824),POINT (1150935.5770769832 1905540.4745986366),2020,843 N HAMLIN AVE
O826348,DRIVER,dd79d434b2bb241b0e3e653491c781efb3c28e7ddd8cabcd93fe7140df1ddaa121727f0c2132ce566fb87cb4e1f961a94bc1d2741eedc9fcd8d6faea8eca0e60,784452.0,M,48.0,"DEPLOYED, FRONT",NONE,INCAPACITATING INJURY,OTHER,NOT OBSCURED,UNKNOWN,,,,,2020-01-21 09:28:00,30,CLEAR,DAYLIGHT,SIDESWIPE OPPOSITE DIRECTION,DIVIDED - W/MEDIAN (NOT RAISED),DRY,NO DEFECTS,ON SCENE,INJURY AND / OR TOW DUE TO CRASH,,"OVER $1,500",01/21/2020 09:30:00 AM,IMPROPER LANE USAGE,UNABLE TO DETERMINE,,2,INCAPACITATING INJURY,1.0,0.0,1.0,0.0,0.0,1.0,0.0,9,3,1,41.77279848,-87.683320206,POINT (-87.683320206066 41.772798480135),POINT (1161559.388586304 1860468.5603396557),2020,6633 S WESTERN AVE
O1001682,DRIVER,e6869d46fd8e35c7275fcbc3488d10973fff67700eb6befa9bdba11d6c555df0a9391aa584e5f11f8f3068061f3375b1ea937d42ead730233fad9d4902a4ce8c,949269.0,X,,DEPLOYMENT UNKNOWN,NONE,NO INDICATION OF INJURY,UNKNOWN,UNKNOWN,UNKNOWN,,,,,2020-11-29 20:45:00,30,CLEAR,"DARKNESS, LIGHTED ROAD",SIDESWIPE OPPOSITE DIRECTION,NOT DIVIDED,DRY,NO DEFECTS,ON SCENE,NO INJURY / DRIVE AWAY,Y,"$501 - $1,500",11/29/2020 08:45:00 PM,DRIVING ON WRONG SIDE/WRONG WAY,NOT APPLICABLE,,2,NO INDICATION OF INJURY,0.0,0.0,0.0,0.0,0.0,3.0,0.0,20,1,11,41.768346148,-87.615475261,POINT (-87.6154752609 41.768346147729),POINT (1180079.6554085037 1858993.338696741),2020,6932 S DR MARTIN LUTHER KING JR DR
O848057,DRIVER,07231f592ca009894634f0ef4be0503f78b4b793c9d88b44e8ee99d11340d1ab260642c313cd085b19aff1cf4fea90e9b8ea683ae7e78f5e6fc73f714c5ca550,804822.0,X,,DEPLOYMENT UNKNOWN,NONE,NO INDICATION OF INJURY,UNKNOWN,UNKNOWN,UNKNOWN,,,,,2020-02-22 17:00:00,30,CLEAR,"DARKNESS, LIGHTED ROAD",PARKED MOTOR VEHICLE,DIVIDED - W/MEDIAN BARRIER,DRY,NO DEFECTS,NOT ON SCENE (DESK REPORT),NO INJURY / DRIVE AWAY,Y,"$501 - $1,500",02/22/2020 05:30:00 PM,UNABLE TO DETERMINE,NOT APPLICABLE,,2,NO INDICATION OF INJURY,0.0,0.0,0.0,0.0,0.0,1.0,0.0,17,7,2,41.84548095,-87.621986117,POINT (-87.621986116944 41.845480950206),POINT (1178070.862085792 1887086.0953862758),2020,2605 S INDIANA AVE
O994608,DRIVER,d49190c7d48eb701e5f940bf23611f8dfb6dfa17b51a1af044e3bcdc63447c8865113a4adafde8f40a3c6a0805ab73bbfb88910d7889113b473a14d0b25fb58a,942526.0,F,,DID NOT DEPLOY,NONE,NO INDICATION OF INJURY,NONE,UNKNOWN,UNKNOWN,,,,,2020-11-14 19:50:00,30,CLEAR,DAYLIGHT,REAR END,NOT DIVIDED,DRY,NO DEFECTS,NOT ON SCENE (DESK REPORT),INJURY AND / OR TOW DUE TO CRASH,Y,"OVER $1,500",11/15/2020 01:30:00 PM,UNABLE TO DETERMINE,UNABLE TO DETERMINE,,3,"REPORTED, NOT EVIDENT",3.0,0.0,0.0,0.0,3.0,2.0,0.0,19,7,11,41.872390511,-87.735331628,POINT (-87.735331627618 41.872390511334),POINT (1147119.1633104037 1896656.4344738785),2020,700 S KOSTNER AVE
O1004821,DRIVER,e5c8b5a2eeffe21466919b8200fa5f137529c913b2e4ce67ad3435d922ad1d38f95a0ab18652de4667eff6912c4a743e13c0739eb6e71e96aa7597317473496e,952274.0,F,53.0,NOT APPLICABLE,NONE,NO INDICATION OF INJURY,NONE,NOT OBSCURED,NORMAL,,,,,2020-12-06 14:00:00,35,CLEAR,DAYLIGHT,ANGLE,NOT DIVIDED,DRY,NO DEFECTS,ON SCENE,INJURY AND / OR TOW DUE TO CRASH,Y,"OVER $1,500",12/06/2020 02:00:00 PM,DISREGARDING STOP SIGN,NOT APPLICABLE,,2,NO INDICATION OF INJURY,0.0,0.0,0.0,0.0,0.0,2.0,0.0,14,1,12,41.722602779,-87.560867886,POINT (-87.56086788635 41.72260277893),POINT (1195126.1293932782 1842453.909160345),2020,9500 S COLFAX AVE
O945120,DRIVER,bdc2d9f7a226df4459924e7aaec75e325a60a34281ed34e3413b7f251edc7b114f97e089d5bd124f1dc8e2e45a62cd3ee7618a618feb42b8c7326d7be96e1c9a,895889.0,M,52.0,DID NOT DEPLOY,NONE,NO INDICATION OF INJURY,NONE,UNKNOWN,NORMAL,,,,,2020-08-24 20:30:00,30,CLEAR,"DARKNESS, LIGHTED ROAD",SIDESWIPE SAME DIRECTION,DIVIDED - W/MEDIAN (NOT RAISED),DRY,NO DEFECTS,ON SCENE,NO INJURY / DRIVE AWAY,,"$501 - $1,500",08/24/2020 09:30:00 PM,IMPROPER OVERTAKING/PASSING,NOT APPLICABLE,,2,NO INDICATION OF INJURY,0.0,0.0,0.0,0.0,0.0,2.0,0.0,20,2,8,41.784206849,-87.739778764,POINT (-87.739778764414 41.784206849304),POINT (1146129.966940036 1864514.3344872587),2020,4659 W 59TH ST
O991620,DRIVER,1e9d64ec2959cc996be760c317c23f508cbfe578ad84e5f0418fe98d467a608f64611325ead0781d87b4956f405bd362ca08a69908c480a92a6d3899184017e2,939709.0,F,57.0,DID NOT DEPLOY,NONE,NO INDICATION OF INJURY,FAILED TO YIELD,OTHER,NORMAL,,,,,2020-11-09 17:36:00,30,CLEAR,"DARKNESS, LIGHTED ROAD",PEDALCYCLIST,T-INTERSECTION,DRY,NO DEFECTS,ON SCENE,INJURY AND / OR TOW DUE TO CRASH,,$500 OR LESS,11/09/2020 05:39:00 PM,FAILING TO YIELD RIGHT-OF-WAY,DRIVING ON WRONG SIDE/WRONG WAY,,2,NONINCAPACITATING INJURY,1.0,0.0,0.0,1.0,0.0,1.0,0.0,17,2,11,41.895868518,-87.61655823,POINT (-87.61655823025 41.895868517575),POINT (1179396.486133177 1905459.5588550929),2020,732 N LAKE SHORE DR