PERSON_ID,PERSON_TYPE,CRASH_RECORD_ID,VEHICLE_ID,SEX,AGE,AIRBAG_DEPLOYED,EJECTION,INJURY_CLASSIFICATION,DRIVER_ACTION,DRIVER_VISION,PHYSICAL_CONDITION,PEDPEDAL_ACTION,PEDPEDAL_VISIBILITY,PEDPEDAL_LOCATION,CRASH_DATE_EST_I,CRASH_DATE,POSTED_SPEED_LIMIT,WEATHER_CONDITION,LIGHTING_CONDITION,FIRST_CRASH_TYPE,TRAFFICWAY_TYPE,ROADWAY_SURFACE_COND,ROAD_DEFECT,REPORT_TYPE,CRASH_TYPE,HIT_AND_RUN_I,DAMAGE,DATE_POLICE_NOTIFIED,PRIM_CONTRIBUTORY_CAUSE,SEC_CONTRIBUTORY_CAUSE,DOORING_I,NUM_UNITS,MOST_SEVERE_INJURY,INJURIES_TOTAL,INJURIES_FATAL,INJURIES_INCAPACITATING,INJURIES_NON_INCAPACITATING,INJURIES_REPORTED_NOT_EVIDENT,INJURIES_NO_INDICATION,INJURIES_UNKNOWN,CRASH_HOUR,CRASH_DAY_OF_WEEK,CRASH_MONTH,LATITUDE,LONGITUDE,LOCATION,geometry,YEAR,ADDRESS
O952279,DRIVER,47667a715c078c9812f50f83fc9b3746b136287218926172d2354d25731c04ec3cebacc6ec6f0f2c7b32839c36ea5785ef3c021d6907a18a4a9b9a5f4d776e77,902655.0,M,29.0,DID NOT DEPLOY,NONE,NO INDICATION OF INJURY,NONE,NOT OBSCURED,NORMAL,,,,,2020-09-04 23:15:00,45,CLEAR,"DARKNESS, LIGHTED ROAD",SIDESWIPE SAME DIRECTION,T-INTERSECTION,DRY,NO DEFECTS,ON SCENE,NO INJURY / DRIVE AWAY,,"OVER $1,500",09/04/2020 11:26:00 PM,FAILING TO YIELD RIGHT-OF-WAY,NOT APPLICABLE,,2,NO INDICATION OF INJURY,0.0,0.0,0.0,0.0,0.0,3.0,0.0,23,6,9,41.810592499,-87.589371112,POINT (-87.589371111902 41.810592498867),POINT (1187067.6260674566 1874448.1678625187),2020,4700 S LAKE SHORE DR NB
O1002190,DRIVER,8766a3bba13ca036480d3a84193905b4ac255c0a9710c9058738c85f5aba6118912d5df4ecda75748a31017c1d0c9672d8c4239dc64eb967885929543c843134,949755.0,M,31.0,NOT APPLICABLE,NONE,NO INDICATION OF INJURY,NONE,NOT OBSCURED,NORMAL,,,,,2020-11-30 21:10:00,30,CLEAR,"DARKNESS, LIGHTED ROAD",ANGLE,FOUR WAY,DRY,NO DEFECTS,ON SCENE,INJURY AND / OR TOW DUE TO CRASH,Y,"OVER $1,500",11/30/2020 09:15:00 PM,UNABLE TO DETERMINE,NOT APPLICABLE,,3,NO INDICATION OF INJURY,0.0,0.0,0.0,0.0,0.0,3.0,0.0,21,2,11,41.875125895,-87.666771774,POINT (-87.666771774482 41.875125894617),POINT (1165784.1770093306 1897790.7502050542),2020,500 S ASHLAND AVE
O842779,DRIVER,7c950ad9f767b65baaab5a899f8a95d6df62466daae80e54457a12ab24d1ec632638f48be18605036aa505fa1fbd7df2e984d0b349456c3360540d524bb2947b,799795.0,F,47.0,NOT APPLICABLE,NONE,NO INDICATION OF INJURY,NONE,UNKNOWN,UNKNOWN,,,,,2020-02-14 18:48:00,30,CLEAR,DARKNESS,REAR END,NOT DIVIDED,DRY,UNKNOWN,NOT ON SCENE (DESK REPORT),NO INJURY / DRIVE AWAY,,"OVER $1,500",02/14/2020 07:35:00 PM,FOLLOWING TOO CLOSELY,NOT APPLICABLE,,2,NO INDICATION OF INJURY,0.0,0.0,0.0,0.0,0.0,5.0,0.0,18,6,2,41.866039962,-87.742052095,POINT (-87.742052095292 41.866039961843),POINT (1145304.7382298647 1894329.6291536556),2020,4658 W ROOSEVELT RD
O941419,DRIVER,712cf702a59602f58cf68fc3a9937107e7e562242929556d46291fdb5169592e3af06f73dd7c18dbeb5d43c13fb760276ea22b1dcadf725ac0b53144bff357fb,892426.0,X,,DEPLOYMENT UNKNOWN,NONE,NO INDICATION OF INJURY,IMPROPER PASSING,UNKNOWN,UNKNOWN,,,,,2020-08-19 10:23:00,30,CLEAR,DAYLIGHT,PARKED MOTOR VEHICLE,NOT DIVIDED,DRY,NO DEFECTS,NOT ON SCENE (DESK REPORT),NO INJURY / DRIVE AWAY,Y,"OVER $1,500",08/19/2020 10:52:00 AM,IMPROPER OVERTAKING/PASSING,NOT APPLICABLE,,2,NO INDICATION OF INJURY,0.0,0.0,0.0,0.0,0.0,2.0,0.0,10,4,8,41.883273521,-87.745233965,POINT (-87.745233965261 41.883273521228),POINT (1144395.0210653394 1900603.5498173777),2020,151 N CICERO AVE
O925522,DRIVER,2cdc51c8d4da788e54f26c8754c1526f25b69dea740f01a09e196016cb6939f90315c54818ab278b38932c6737c0b3bfde0952fdcb6367d87d7fb04914af17b6,877468.0,M,,DEPLOYMENT UNKNOWN,NONE,NO INDICATION OF INJURY,UNKNOWN,UNKNOWN,UNKNOWN,,,,Y,2020-07-26 00:50:00,5,CLEAR,"DARKNESS, LIGHTED ROAD",OTHER OBJECT,ONE-WAY,DRY,NO DEFECTS,ON SCENE,NO INJURY / DRIVE AWAY,Y,"OVER $1,500",07/26/2020 01:03:00 AM,UNABLE TO DETERMINE,NOT APPLICABLE,,1,NO INDICATION OF INJURY,0.0,0.0,0.0,0.0,0.0,1.0,0.0,0,1,7,41.794570511,-87.630362635,POINT (-87.630362634526 41.794570511442),POINT (1175940.2759057845 1868515.7694301323),2020,5459 S WENTWORTH AVE
O978079,DRIVER,32030a4f5125e1f78d9f3dd1dbb70edf0c3fb436745d4432a3104299cca21d18e823ffb805caf1b6f9cd4617bcba4896f5d394c1fde2d1865d5e74378ad62d40,926848.0,M,34.0,DID NOT DEPLOY,NONE,NO INDICATION OF INJURY,OTHER,NOT OBSCURED,NORMAL,,,,,2020-10-16 19:55:00,30,CLEAR,"DARKNESS, LIGHTED ROAD",TURNING,NOT DIVIDED,DRY,NO DEFECTS,ON SCENE,INJURY AND / OR TOW DUE TO CRASH,,"OVER $1,500",10/16/2020 08:03:00 PM,DRIVING SKILLS/KNOWLEDGE/EXPERIENCE,UNABLE TO DETERMINE,,2,NONINCAPACITATING INJURY,1.0,0.0,0.0,1.0,0.0,2.0,0.0,19,6,10,41.812962741,-87.616835586,POINT (-87.616835585954 41.812962741184),POINT (1179573.0650196364 1875248.2514451812),2020,4500 S DR MARTIN LUTHER KING JR DR
O977224,DRIVER,ba5a9989f02551c4da7ed9c9f26476671716b72aacdf1f342aca0356ed2c98e52025e5496430e77e25338011a2389da71be0d18853ad4027f46695ee2fcd2bdc,926075.0,M,,DEPLOYMENT UNKNOWN,NONE,NO INDICATION OF INJURY,UNKNOWN,UNKNOWN,UNKNOWN,,,,,2020-10-15 14:57:00,30,CLEAR,DAYLIGHT,REAR END,NOT DIVIDED,DRY,UNKNOWN,ON SCENE,NO INJURY / DRIVE AWAY,Y,"OVER $1,500",10/15/2020 03:12:00 PM,UNABLE TO DETERMINE,NOT APPLICABLE,,2,NO INDICATION OF INJURY,0.0,0.0,0.0,0.0,0.0,2.0,0.0,14,5,10,41.813083543,-87.606498785,POINT (-87.606498785311 41.813083542872),POINT (1182390.6048987086 1875315.9354012944),2020,4501 S COTTAGE GROVE AVE
P208418,PASSENGER,e1fd285f673a15efd6254aced12ee8561a576ac7d6d835f0bab994b8d7ea8dcd9a2b7670207aa785f68d9c5c36ff999e67be0eca05e72c4564786408ff167aee,864971.0,X,,DEPLOYMENT UNKNOWN,NONE,NO INDICATION OF INJURY,,,,,,,,2020-07-05 12:40:00,0,CLEAR,DAYLIGHT,PARKED MOTOR VEHICLE,PARKING LOT,DRY,NO DEFECTS,ON SCENE,NO INJURY / DRIVE AWAY,,$500 OR LESS,07/05/2020 12:46:00 PM,UNABLE TO DETERMINE,NOT APPLICABLE,,2,NO INDICATION OF INJURY,0.0,0.0,0.0,0.0,0.0,4.0,0.0,12,1,7,41.950901158,-87.649771838,POINT (-87.649771838187 41.950901157508),POINT (1170193.965447123 1925439.754836801),2020,3760 N HALSTED ST
O983024,DRIVER,ace1d4c9c27c08f89210812207f30a899485d2b3f9015d641a0e7d8076107cf1f92f0df76fe003e3184f442b85a52db795d080faa9e3863bff2475da7abf4615,931571.0,M,58.0,DID NOT DEPLOY,NONE,NO INDICATION OF INJURY,NONE,NOT OBSCURED,NORMAL,,,,,2020-10-25 11:20:00,30,CLEAR,DAYLIGHT,SIDESWIPE OPPOSITE DIRECTION,DIVIDED - W/MEDIAN (NOT RAISED),DRY,NO DEFECTS,ON SCENE,INJURY AND / OR TOW DUE TO CRASH,,"OVER $1,500",10/25/2020 11:23:00 AM,FAILING TO REDUCE SPEED TO AVOID CRASH,PHYSICAL CONDITION OF DRIVER,,3,NO INDICATION OF INJURY,0.0,0.0,0.0,0.0,0.0,3.0,0.0,11,1,10,41.952572263,-87.810799573,POINT (-87.810799573154 41.952572262877),POINT (1126386.9672508636 1925740.497771948),2020,7319 W IRVING PARK RD
O924753,DRIVER,070c0e998fbb4d5ffad00a675675e08a0137e9f14d1a79fb6d8fa2b605ab59335298768f71dcc0f276ac206467daa8a726781ee95d01316e0b4339eac501c682,876737.0,M,33.0,DID NOT DEPLOY,NONE,NONINCAPACITATING INJURY,UNKNOWN,UNKNOWN,REMOVED BY EMS,,,,Y,2020-07-24 23:56:00,30,UNKNOWN,DARKNESS,PARKED MOTOR VEHICLE,NOT DIVIDED,UNKNOWN,UNKNOWN,ON SCENE,INJURY AND / OR TOW DUE TO CRASH,,"OVER $1,500",07/25/2020 12:02:00 AM,UNABLE TO DETERMINE,NOT APPLICABLE,,2,INCAPACITATING INJURY,2.0,0.0,1.0,1.0,0.0,0.0,0.0,23,6,7,41.93916653,-87.730062921,POINT (-87.730062920558 41.939166530494),POINT (1148383.0035697897 1920999.6595117087),2020,4108 W BELMONT AVE
O943094,DRIVER,0d14be3b3c1d2208823dcca79d7782cce3a5c100ce7bb90ebb6f8a88635039c54911cd6a7ce7574786088dbd0430299b15cf26836b31f1e34641bd1bb8e1feed,893972.0,M,,DID NOT DEPLOY,NONE,NO INDICATION OF INJURY,UNKNOWN,UNKNOWN,UNKNOWN,,,,,2020-08-21 18:20:00,30,CLEAR,DAYLIGHT,PARKED MOTOR VEHICLE,ONE-WAY,DRY,NO DEFECTS,NOT ON SCENE (DESK REPORT),NO INJURY / DRIVE AWAY,,"OVER $1,500",08/21/2020 08:10:00 PM,UNABLE TO DETERMINE,NOT APPLICABLE,,2,NO INDICATION OF INJURY,0.0,0.0,0.0,0.0,0.0,1.0,0.0,18,6,8,41.930702589,-87.709115254,POINT (-87.709115254261 41.930702589269),POINT (1154104.7584298013 1917956.1859977653),2020,2715 N SAWYER AVE
O892694,DRIVER,77c360e45b92cf1f72f563fd30c718bdffedb1e5923aa389b01fd66e21bbc52187ee8dfd30223591343cb4ecaf20751a1235f68fad816f7e57eecf25e1b0bfa9,846719.0,M,,DEPLOYMENT UNKNOWN,UNKNOWN,NONINCAPACITATING INJURY,DISREGARDED CONTROL DEVICES,UNKNOWN,UNKNOWN,,,,,2020-05-31 12:30:00,35,CLEAR,DAYLIGHT,ANGLE,FOUR WAY,DRY,NO DEFECTS,NOT ON SCENE (DESK REPORT),INJURY AND / OR TOW DUE TO CRASH,,"OVER $1,500",06/02/2020 12:30:00 PM,DISREGARDING TRAFFIC SIGNALS,NOT APPLICABLE,,2,NONINCAPACITATING INJURY,1.0,0.0,0.0,1.0,0.0,1.0,0.0,12,1,5,41.756647299,-87.605403203,POINT (-87.605403203033 41.756647299341),POINT (1182863.376136651 1854753.4645124846),2020,799 E 76TH ST
P186631,PASSENGER,d9c7b77db2132ab168e85ab7b179ef560ecd1228e80983e1cce1069b5fccc605ffff9d082983fd2f613f2c9792de36f23c7ffc664e36ee13ccca7479478b3fc1,774533.0,M,0.0,NOT APPLICABLE,NONE,NO INDICATION OF INJURY,,,,,,,,2020-01-03 20:42:00,30,CLEAR,"DARKNESS, LIGHTED ROAD",HEAD ON,FOUR WAY,DRY,NO DEFECTS,ON SCENE,INJURY AND / OR TOW DUE TO CRASH,,"OVER $1,500",01/03/2020 08:48:00 PM,FAILING TO REDUCE SPEED TO AVOID CRASH,DISTRACTION - FROM OUTSIDE VEHICLE,,2,NONINCAPACITATING INJURY,1.0,0.0,0.0,1.0,0.0,8.0,0.0,20,6,1,41.668808855,-87.641460673,POINT (-87.641460672806 41.668808854582),POINT (1173282.346226551 1822664.9506947873),2020,12359 S HALSTED ST
O932667,DRIVER,6b97171f1790ce985150c0b71437e2d490ad3941b16b98de7a87c84dfffaab5c863d76e7d5fe304b76203038d87b7849d6c02399d4507864dde70b078568d533,884169.0,F,56.0,DID NOT DEPLOY,NONE,NO INDICATION OF INJURY,NONE,NOT OBSCURED,NORMAL,,,,,2020-08-06 07:00:00,30,CLEAR,DAYLIGHT,REAR END,DIVIDED - W/MEDIAN (NOT RAISED),DRY,NO DEFECTS,ON SCENE,NO INJURY / DRIVE AWAY,,"$501 - $1,500",08/06/2020 07:12:00 AM,FOLLOWING TOO CLOSELY,DRIVING SKILLS/KNOWLEDGE/EXPERIENCE,,2,NO INDICATION OF INJURY,0.0,0.0,0.0,0.0,0.0,2.0,0.0,7,5,8,41.886113683,-87.725969941,POINT (-87.725969941288 41.886113682573),POINT (1149633.4935334285 1901675.0383840671),2020,322 N PULASKI RD
O862291,DRIVER,4268ae4d6605438dd58935ca00ad8bd6c5e81ccb0b799096ca18147ecc241ba9c117e8d98fd2d1671395b9da141c7dcfe254f666073ccddfd0ea0278f6fb321c,818230.0,X,,DEPLOYMENT UNKNOWN,NONE,NO INDICATION OF INJURY,UNKNOWN,UNKNOWN,UNKNOWN,,,,,2020-03-15 05:08:00,30,CLEAR,"DARKNESS, LIGHTED ROAD",PARKED MOTOR VEHICLE,NOT DIVIDED,DRY,NO DEFECTS,NOT ON SCENE (DESK REPORT),INJURY AND / OR TOW DUE TO CRASH,Y,"OVER $1,500",03/15/2020 05:45:00 AM,UNABLE TO DETERMINE,UNABLE TO DETERMINE,,2,NO INDICATION OF INJURY,0.0,0.0,0.0,0.0,0.0,1.0,0.0,5,1,3,41.917003203,-87.730674407,POINT (-87.73067440677 41.917003203457),POINT (1148273.4001586589 1912922.1410651712),2020,4141 W ARMITAGE AVE
O843238,DRIVER,81de3648a52f402055a7c845178bc6bc175e298ebdecaf5430f37147d8960646a73f8d8524a0eec84cc844cbb155a3ee0fb0859422a2b2168a90ce404f09c307,800241.0,M,64.0,NOT APPLICABLE,NONE,NO INDICATION OF INJURY,IMPROPER PASSING,NOT OBSCURED,NORMAL,,,,,2020-02-14 19:47:00,30,SNOW,DARKNESS,TURNING,NOT DIVIDED,SNOW OR SLUSH,NO DEFECTS,NOT ON SCENE (DESK REPORT),NO INJURY / DRIVE AWAY,,$500 OR LESS,02/15/2020 01:12:00 PM,FOLLOWING TOO CLOSELY,IMPROPER OVERTAKING/PASSING,,2,NO INDICATION OF INJURY,0.0,0.0,0.0,0.0,0.0,2.0,0.0,19,6,2,41.881982186,-87.62564147,POINT (-87.625641469716 41.881982186245),POINT (1176965.2370432434 1900378.8528918657),2020,61 E MADISON ST
P207723,PASSENGER,6a1baf34dc28185c3e39c1a863b3433685874038ae0d7ad05e83bd26f3ef29378536ae5bd38bffeb60d42d6f3e16b1b47d825ae0b3f50dc3e8eae803b0a30163,862492.0,F,29.0,DID NOT DEPLOY,NONE,NO INDICATION OF INJURY,,,,,,,,2020-07-01 13:30:00,30,CLEAR,DAYLIGHT,SIDESWIPE SAME DIRECTION,ONE-WAY,DRY,NO DEFECTS,ON SCENE,NO INJURY / DRIVE AWAY,Y,"OVER $1,500",07/01/2020 01:36:00 PM,IMPROPER LANE USAGE,FAILING TO REDUCE SPEED TO AVOID CRASH,,2,NO INDICATION OF INJURY,0.0,0.0,0.0,0.0,0.0,4.0,0.0,13,4,7,41.884593871,-87.629016276,POINT (-87.629016276311 41.884593870814),POINT (1176038.4101009718 1901322.9888563026),2020,30 W RANDOLPH ST
O832842,DRIVER,833a1db5b2b733c8fc5fc7bc9d28d03ed5e9b6a8e8808d55da6a9627f28c33658a79c87d67afa2479183c6dae66ab2359d02d86584ff852052dcac51ccb5e0bb,790482.0,F,34.0,DEPLOYMENT UNKNOWN,NONE,NO INDICATION OF INJURY,OTHER,UNKNOWN,UNKNOWN,,,,,2020-01-31 14:15:00,30,CLEAR,DAYLIGHT,PARKED MOTOR VEHICLE,NOT DIVIDED,DRY,NO DEFECTS,ON SCENE,NO INJURY / DRIVE AWAY,,$500 OR LESS,01/31/2020 02:25:00 PM,UNABLE TO DETERMINE,NOT APPLICABLE,,2,NO INDICATION OF INJURY,0.0,0.0,0.0,0.0,0.0,1.0,0.0,14,6,1,41.958550898,-87.653520049,POINT (-87.653520048932 41.95855089785),POINT (1169152.2504320962 1928219.2387822056),2020,910 W BUENA AVE
P190567,PASSENGER,605accb9ee4819e1a62845c43c006b5c949a6c48c70140ba807cc42254aa43770a3761d0935070258e595d0135c5f0be10c767fff087a6c0de9e1a63d5e3ab25,791338.0,F,,DID NOT DEPLOY,NONE,NO INDICATION OF INJURY,,,,,,,,2020-02-01 19:31:00,30,CLEAR,"DARKNESS, LIGHTED ROAD",REAR END,DIVIDED - W/MEDIAN (NOT RAISED),DRY,NO DEFECTS,ON SCENE,NO INJURY / DRIVE AWAY,,"OVER $1,500",02/01/2020 07:34:00 PM,FAILING TO REDUCE SPEED TO AVOID CRASH,NOT APPLICABLE,,2,NO INDICATION OF INJURY,0.0,0.0,0.0,0.0,0.0,8.0,0.0,19,7,2,41.86482065,-87.686136587,POINT (-87.686136586549 41.864820649748),POINT (1160538.5700884378 1893995.176310992),2020,1254 S WESTERN AVE
O955836,DRIVER,f7d829e97edbc691a64ebe4adf95a750fe482f39112fd399ecd411004cc35434a2ccc9683041c1945d86c55465762859c56ed56f67165e17cb0027f52533e627,905983.0,M,60.0,DID NOT DEPLOY,NONE,NO INDICATION OF INJURY,OTHER,UNKNOWN,NORMAL,,,,,2020-09-10 13:30:00,30,CLEAR,DAYLIGHT,TURNING,DIVIDED - W/MEDIAN (NOT RAISED),UNKNOWN,UNKNOWN,ON SCENE,INJURY AND / OR TOW DUE TO CRASH,,"OVER $1,500",09/10/2020 02:15:00 PM,UNABLE TO DETERMINE,UNABLE TO DETERMINE,,2,"REPORTED, NOT EVIDENT",1.0,0.0,0.0,0.0,1.0,7.0,0.0,13,5,9,41.851567827,-87.717577122,POINT (-87.717577122438 41.851567827084),POINT (1152009.1443938734 1889102.8912610083),2020,2200 S LAWNDALE AVE
O998949,DRIVER,d61b81bbc1f58b84d5a1669622cab00cf62a7e92e591122c0de90771e4b3538cd14686b9d0729947866b3b5bde7c88d8c10b11176eb6d4c784eb070c8288491d,946668.0,M,27.0,DID NOT DEPLOY,NONE,NO INDICATION OF INJURY,UNKNOWN,NOT OBSCURED,NORMAL,,,,,2020-11-24 10:23:00,30,RAIN,DAYLIGHT,REAR END,ONE-WAY,WET,NO DEFECTS,ON SCENE,NO INJURY / DRIVE AWAY,,"$501 - $1,500",11/24/2020 10:26:00 AM,WEATHER,NOT APPLICABLE,,2,NO INDICATION OF INJURY,0.0,0.0,0.0,0.0,0.0,2.0,0.0,10,3,11,41.892019353,-87.613771643,POINT (-87.613771643383 41.892019353419),POINT (1180166.9194682194 1904063.2730979212),2020,500 E GRAND AVE
O848442,DRIVER,eb393b3bfc78cc392bb3127ec63ebcb7762ba3b85954ad45cdbfc29b3b2a2ed4f2e437c055c4c35f24314e01b6bca40a24d3634f178b5201e1ddfc421901fe29,805179.0,M,26.0,DID NOT DEPLOY,NONE,NO INDICATION OF INJURY,IMPROPER TURN,NOT OBSCURED,NORMAL,,,,,2020-02-23 13:45:00,30,CLEAR,DAYLIGHT,TURNING,NOT DIVIDED,DRY,NO DEFECTS,NOT ON SCENE (DESK REPORT),NO INJURY / DRIVE AWAY,,"OVER $1,500",02/23/2020 01:45:00 PM,IMPROPER TURNING/NO SIGNAL,NOT APPLICABLE,,2,NO INDICATION OF INJURY,0.0,0.0,0.0,0.0,0.0,5.0,0.0,13,1,2,41.909863573,-87.736380296,POINT (-87.736380296054 41.909863573402),POINT (1146738.5516179504 1910309.5953677152),2020,4400 W NORTH AVE
O962470,DRIVER,7497e200aff74d7044214dcecfb80f16dbd47f347ae0b1f6ba264e6624a443936155b3d02d20d7c34e44f5dc3895a6b299b0fb09b4a575314201b14c4eca4582,912181.0,M,0.0,"DEPLOYED, COMBINATION",NONE,NONINCAPACITATING INJURY,DISREGARDED CONTROL DEVICES,NOT OBSCURED,NORMAL,,,,,2020-09-21 15:19:00,30,CLEAR,DAYLIGHT,ANGLE,FOUR WAY,DRY,NO DEFECTS,ON SCENE,INJURY AND / OR TOW DUE TO CRASH,,"OVER $1,500",09/21/2020 03:19:00 PM,FAILING TO REDUCE SPEED TO AVOID CRASH,NOT APPLICABLE,,3,INCAPACITATING INJURY,3.0,0.0,1.0,2.0,0.0,1.0,0.0,15,2,9,41.744571837,-87.566067287,POINT (-87.566067286561 41.744571837048),POINT (1193635.3648606322 1850446.53467578),2020,2400 E 83RD ST
O941795,DRIVER,bdfc8ac5631d4e39eea36a2d591183c912a3cb39d9b9f3693be668f13e5b065af90a23c390908c9fda04a565613d6807e18fe8929ffc7d1141041c8ac3bc73b5,892800.0,M,23.0,DID NOT DEPLOY,UNKNOWN,NO INDICATION OF INJURY,IMPROPER TURN,UNKNOWN,UNKNOWN,,,,Y,2020-08-19 20:00:00,30,CLEAR,"DARKNESS, LIGHTED ROAD",TURNING,NOT DIVIDED,DRY,NO DEFECTS,NOT ON SCENE (DESK REPORT),NO INJURY / DRIVE AWAY,,"$501 - $1,500",08/19/2020 08:45:00 PM,IMPROPER TURNING/NO SIGNAL,IMPROPER LANE USAGE,,2,NO INDICATION OF INJURY,0.0,0.0,0.0,0.0,0.0,6.0,0.0,20,4,8,41.765881286,-87.722587158,POINT (-87.722587157729 41.76588128582),POINT (1150866.07200388 1857869.4832060875),2020,7000 S PULASKI RD
O969056,DRIVER,527545af3ed0fbebc853cde583d0d6d73e7ddad19eae20b2545d5240300ea9f04185a97da81d4ad95780545ce796f101433e9cba2a40ad3962af54de6a717bf1,918404.0,M,,DEPLOYMENT UNKNOWN,NONE,NO INDICATION OF INJURY,UNKNOWN,UNKNOWN,UNKNOWN,,,,,2020-10-02 10:15:00,30,CLEAR,DAYLIGHT,ANGLE,NOT DIVIDED,DRY,UNKNOWN,ON SCENE,NO INJURY / DRIVE AWAY,Y,"$501 - $1,500",10/02/2020 10:20:00 AM,FAILING TO YIELD RIGHT-OF-WAY,NOT APPLICABLE,,2,NO INDICATION OF INJURY,0.0,0.0,0.0,0.0,0.0,2.0,0.0,10,6,10,41.935475036,-87.727228012,POINT (-87.727228012437 41.935475035715),POINT (1149163.8164764447 1919659.9118746698),2020,3000 N PULASKI RD
O841623,DRIVER,246b6d9890a0bee23955b3f0fc1a76e849fc58a16dfa1a8a5eaca7aa03a0084eaeeaa3af5131a6e69de5b51a91539392dd3d85880d3226ffe4c807693cc28c1c,798699.0,F,43.0,DID NOT DEPLOY,NONE,NO INDICATION OF INJURY,OTHER,NOT OBSCURED,NORMAL,,,,,2020-02-13 16:30:00,30,CLEAR,DAYLIGHT,REAR END,DIVIDED - W/MEDIAN (NOT RAISED),SNOW OR SLUSH,NO DEFECTS,NOT ON SCENE (DESK REPORT),NO INJURY / DRIVE AWAY,,"$501 - $1,500",02/13/2020 06:50:00 PM,FOLLOWING TOO CLOSELY,FAILING TO YIELD RIGHT-OF-WAY,,2,NO INDICATION OF INJURY,0.0,0.0,0.0,0.0,0.0,2.0,0.0,16,5,2,41.932203177,-87.675944586,POINT (-87.67594458564 41.932203176891),POINT (1163126.6134400934 1918570.4630008957),2020,1919 W DIVERSEY PKWY
O882337,DRIVER,bddd52fc37e22667eefa3cbda7034fcdabe3be19befb2f98f4d7eecdcfb8fefed154142964ea11ac1b67f1ca3468fa2389017fde0b0c4d86536602239a6b29f1,837057.0,M,,DEPLOYMENT UNKNOWN,UNKNOWN,NO INDICATION OF INJURY,FAILED TO YIELD,UNKNOWN,UNKNOWN,,,,,2020-05-11 13:00:00,10,CLEAR,DAYLIGHT,ANGLE,PARKING LOT,DRY,NO DEFECTS,NOT ON SCENE (DESK REPORT),NO INJURY / DRIVE AWAY,,$500 OR LESS,05/11/2020 02:00:00 PM,IMPROPER BACKING,UNABLE TO DETERMINE,,2,NO INDICATION OF INJURY,0.0,0.0,0.0,0.0,0.0,2.0,0.0,13,2,5,41.722941218,-87.662862871,POINT (-87.662862871273 41.72294121821),POINT (1167281.2951454788 1842343.8807111066),2020,9400 S ASHLAND AVE
O942335,DRIVER,10bde2032b2858849fdbbf4ac57c466888a4c2a53c7773f70774211cb11ad52d641d9ca991776414afdb8b60f8da0eb53c8c37c4b522e7c3c01f7f3b4867a818,893303.0,M,26.0,DID NOT DEPLOY,NONE,NO INDICATION OF INJURY,FAILED TO YIELD,UNKNOWN,NORMAL,,,,,2020-08-20 18:00:00,30,CLEAR,DAYLIGHT,SIDESWIPE SAME DIRECTION,NOT DIVIDED,DRY,NO DEFECTS,NOT ON SCENE (DESK REPORT),NO INJURY / DRIVE AWAY,,"OVER $1,500",08/20/2020 06:30:00 PM,FAILING TO YIELD RIGHT-OF-WAY,NOT APPLICABLE,,2,NO INDICATION OF INJURY,0.0,0.0,0.0,0.0,0.0,3.0,0.0,18,5,8,41.9348492,-87.697846718,POINT (-87.697846718372 41.934849199839),POINT (1157159.8311799753 1919489.74443756),2020,2928 N CALIFORNIA AVE
O990500,DRIVER,a94a35ae82d0b3b43afcc694248f04366cf247f55da12180f709aa319352677d0ea3130616bccfb2fe001cbb1e439739a1deb65c4c356b012a92bc61063ebfa4,938642.0,M,39.0,DID NOT DEPLOY,NONE,NO INDICATION OF INJURY,NONE,NOT OBSCURED,NORMAL,,,,,2020-11-07 15:00:00,30,CLEAR,DAYLIGHT,REAR END,NOT DIVIDED,DRY,NO DEFECTS,NOT ON SCENE (DESK REPORT),NO INJURY / DRIVE AWAY,,"OVER $1,500",11/07/2020 05:38:00 PM,FOLLOWING TOO CLOSELY,FAILING TO REDUCE SPEED TO AVOID CRASH,,2,NO INDICATION OF INJURY,0.0,0.0,0.0,0.0,0.0,3.0,0.0,15,7,11,41.792679208,-87.58403699,POINT (-87.584036989658 41.792679207509),POINT (1188578.7175486186 1867933.2929366848),2020,5630 S HYDE PARK DR
O843526,DRIVER,2162ed11da92280e5ea06f5d9f6ce85da00dda14cb34277c76be7c926673d24a6c5200b88d1fb0e964afcbfc7881e6e6b0ed4631fe2a8776354b2d6e55d81449,800518.0,M,42.0,DID NOT DEPLOY,NONE,NO INDICATION OF INJURY,NONE,UNKNOWN,NORMAL,,,,,2020-02-15 18:33:00,30,CLEAR,"DARKNESS, LIGHTED ROAD",TURNING,CENTER TURN LANE,DRY,NO DEFECTS,ON SCENE,NO INJURY / DRIVE AWAY,,"$501 - $1,500",02/15/2020 06:33:00 PM,FAILING TO YIELD RIGHT-OF-WAY,NOT APPLICABLE,,2,NO INDICATION OF INJURY,0.0,0.0,0.0,0.0,0.0,2.0,0.0,18,7,2,41.895054275,-87.755146791,POINT (-87.755146790721 41.89505427492),POINT (1141666.7288421434 1904878.1000726),2020,5148 W CHICAGO AVE