PERSON_ID,PERSON_TYPE,CRASH_RECORD_ID,VEHICLE_ID,SEX,AGE,AIRBAG_DEPLOYED,EJECTION,INJURY_CLASSIFICATION,DRIVER_ACTION,DRIVER_VISION,PHYSICAL_CONDITION,PEDPEDAL_ACTION,PEDPEDAL_VISIBILITY,PEDPEDAL_LOCATION,CRASH_DATE_EST_I,CRASH_DATE,POSTED_SPEED_LIMIT,WEATHER_CONDITION,LIGHTING_CONDITION,FIRST_CRASH_TYPE,TRAFFICWAY_TYPE,ROADWAY_SURFACE_COND,ROAD_DEFECT,REPORT_TYPE,CRASH_TYPE,HIT_AND_RUN_I,DAMAGE,DATE_POLICE_NOTIFIED,PRIM_CONTRIBUTORY_CAUSE,SEC_CONTRIBUTORY_CAUSE,DOORING_I,NUM_UNITS,MOST_SEVERE_INJURY,INJURIES_TOTAL,INJURIES_FATAL,INJURIES_INCAPACITATING,INJURIES_NON_INCAPACITATING,INJURIES_REPORTED_NOT_EVIDENT,INJURIES_NO_INDICATION,INJURIES_UNKNOWN,CRASH_HOUR,CRASH_DAY_OF_WEEK,CRASH_MONTH,LATITUDE,LONGITUDE,LOCATION,geometry,YEAR,ADDRESS
P228725,PASSENGER,f9cd2ef9344b70cb59992c9f0857e6973c5943071ef73ac3de1ccb75334044f7415911efa304d771fd15405cdc049a3b1e3aa17d7564920dfe8d28a531058691,956971.0,M,8.0,NOT APPLICABLE,NONE,NO INDICATION OF INJURY,,,,,,,,2020-12-15 13:21:00,25,CLEAR,DAYLIGHT,PARKED MOTOR VEHICLE,OTHER,DRY,NO DEFECTS,NOT ON SCENE (DESK REPORT),NO INJURY / DRIVE AWAY,,"$501 - $1,500",12/16/2020 10:55:00 AM,DRIVING SKILLS/KNOWLEDGE/EXPERIENCE,NOT APPLICABLE,,2,NO INDICATION OF INJURY,0.0,0.0,0.0,0.0,0.0,2.0,0.0,13,3,12,41.858195331,-87.726014169,POINT (-87.726014169209 41.85819533061),POINT (1149693.4298059198 1891501.5628987318),2020,1621 S KOMENSKY AVE
P217702,PASSENGER,b9e1ef17ef49677bbfde830f1bb1508a920bd1812337d1df10cbcbe798b3b95d5e78568c7da73b993bfe654b4d3475a75fb60a882c50ed22807e252c00556b00,904800.0,M,12.0,NOT APPLICABLE,NONE,NO INDICATION OF INJURY,,,,,,,,2020-09-08 18:07:00,30,CLEAR,DAYLIGHT,REAR END,UNKNOWN,UNKNOWN,UNKNOWN,NOT ON SCENE (DESK REPORT),NO INJURY / DRIVE AWAY,Y,"$501 - $1,500",09/08/2020 07:10:00 PM,UNABLE TO DETERMINE,NOT APPLICABLE,,2,NO INDICATION OF INJURY,0.0,0.0,0.0,0.0,0.0,3.0,0.0,18,3,9,41.964720662,-87.688932905,POINT (-87.688932905375 41.964720661823),POINT (1159503.3631836667 1930393.1024688685),2020,4552 N WESTERN AVE
O999687,DRIVER,c05142c9125582704494e20188c3d4efa637ce54c24d7466cdf73e69e97418cbe624625163603a80c3db97b927ee0fc01b191ae7d6259bfc5037c79111842e24,947357.0,M,37.0,DID NOT DEPLOY,NONE,NO INDICATION OF INJURY,FOLLOWED TOO CLOSELY,UNKNOWN,UNKNOWN,,,,,2020-11-25 12:02:00,30,RAIN,DAYLIGHT,TURNING,NOT DIVIDED,WET,UNKNOWN,NOT ON SCENE (DESK REPORT),NO INJURY / DRIVE AWAY,,"OVER $1,500",11/25/2020 01:45:00 PM,FOLLOWING TOO CLOSELY,NOT APPLICABLE,,2,NO INDICATION OF INJURY,0.0,0.0,0.0,0.0,0.0,2.0,0.0,12,4,11,41.885474901,-87.662805185,POINT (-87.662805184738 41.885474900515),POINT (1166834.9962218925 1901570.3315840086),2020,200 N OGDEN AVE
O819576,DRIVER,b7c4d38835c7415a84f05638351862f11b5e9ee4e4b1dec9a1fa64c42f7efae1fd2433b9b7a02a79d7a7fada87f7dbf0ee5a85bb2384f5888c93e39c147d5462,778132.0,M,,DEPLOYMENT UNKNOWN,NONE,NO INDICATION OF INJURY,FAILED TO YIELD,UNKNOWN,UNKNOWN,,,,,2020-01-10 13:00:00,30,CLEAR,DUSK,ANGLE,FOUR WAY,DRY,NO DEFECTS,NOT ON SCENE (DESK REPORT),NO INJURY / DRIVE AWAY,Y,"OVER $1,500",01/10/2020 06:00:00 PM,FAILING TO YIELD RIGHT-OF-WAY,NOT APPLICABLE,,2,NO INDICATION OF INJURY,0.0,0.0,0.0,0.0,0.0,2.0,0.0,13,6,1,41.865924046,-87.734900281,POINT (-87.734900280994 41.865924045778),POINT (1147253.0704910671 1894300.8880722534),2020,4359 W ROOSEVELT RD
O1016232,DRIVER,80d62916586369b6f794df970c0365937d29d94cd1f7c9499c088b627b4751f00c225db11bc4cab2ea735a97c865fe0a06a2460fe52cd85847717b141a398fe2,963145.0,X,,DEPLOYMENT UNKNOWN,NONE,NO INDICATION OF INJURY,UNKNOWN,NOT OBSCURED,UNKNOWN,,,,Y,2020-12-28 21:00:00,25,CLEAR,DARKNESS,PARKED MOTOR VEHICLE,NOT DIVIDED,DRY,NO DEFECTS,ON SCENE,INJURY AND / OR TOW DUE TO CRASH,Y,"OVER $1,500",12/29/2020 07:39:00 AM,UNABLE TO DETERMINE,NOT APPLICABLE,,2,NO INDICATION OF INJURY,0.0,0.0,0.0,0.0,0.0,1.0,0.0,21,2,12,41.724920698,-87.664497804,POINT (-87.664497804014 41.72492069849),POINT (1166829.3694253522 1843061.70994421),2020,1644 W 93RD ST
O879903,DRIVER,5950e3d71c18fd852d1111082e52615c83afc8fabda63f2b304bb337f4f0217dfa41d498bfe80f49b01e20c8ccfbca3542e3d582241002504c26ef30e6887e9d,834780.0,F,45.0,DID NOT DEPLOY,NONE,NO INDICATION OF INJURY,UNKNOWN,UNKNOWN,NORMAL,,,,,2020-05-05 15:20:00,35,CLEAR,DAYLIGHT,PARKED MOTOR VEHICLE,DIVIDED - W/MEDIAN (NOT RAISED),DRY,NO DEFECTS,NOT ON SCENE (DESK REPORT),NO INJURY / DRIVE AWAY,,"OVER $1,500",05/05/2020 05:45:00 PM,FAILING TO REDUCE SPEED TO AVOID CRASH,UNABLE TO DETERMINE,,2,NO INDICATION OF INJURY,0.0,0.0,0.0,0.0,0.0,1.0,0.0,15,3,5,41.972566786,-87.720664023,POINT (-87.720664023126 41.972566786107),POINT (1150853.1767209808 1933188.957392013),2020,5019 N LAWNDALE AVE
O866925,DRIVER,e5bc5753ef550db44845dd1e881bf12f5bb31f38b3d9fef304e0fde7e918c9eaa8e07043a17525f58ccb9f271a7a5d340a8de34bf6283c8333d7b927c4013fa5,822635.0,M,20.0,NOT APPLICABLE,NONE,NO INDICATION OF INJURY,FOLLOWED TOO CLOSELY,UNKNOWN,NORMAL,,,,,2020-03-28 08:20:00,30,RAIN,DAYLIGHT,REAR END,DIVIDED - W/MEDIAN BARRIER,WET,NO DEFECTS,ON SCENE,NO INJURY / DRIVE AWAY,,"$501 - $1,500",03/28/2020 08:24:00 AM,FAILING TO REDUCE SPEED TO AVOID CRASH,UNABLE TO DETERMINE,,2,NO INDICATION OF INJURY,0.0,0.0,0.0,0.0,0.0,2.0,0.0,8,7,3,41.736156017,-87.645530567,POINT (-87.645530566693 41.736156017458),POINT (1171974.3777970665 1847196.5440263716),2020,850 W 87TH ST
O1001186,DRIVER,91d33ffb2462012f0678b66a66833eeb22f6c18ca0bb021367380652bb1003bc1e06828d12bb72f300ee277f93e79a73748e6b12e28ebb6b3beecea76910d051,948796.0,M,,DEPLOYMENT UNKNOWN,NONE,NO INDICATION OF INJURY,IMPROPER TURN,UNKNOWN,UNKNOWN,,,,,2020-11-28 16:00:00,30,CLEAR,UNKNOWN,TURNING,NOT DIVIDED,UNKNOWN,UNKNOWN,NOT ON SCENE (DESK REPORT),NO INJURY / DRIVE AWAY,Y,"$501 - $1,500",11/28/2020 05:00:00 PM,UNABLE TO DETERMINE,UNABLE TO DETERMINE,,3,NO INDICATION OF INJURY,0.0,0.0,0.0,0.0,0.0,4.0,0.0,16,7,11,41.986521263,-87.669350887,POINT (-87.669350886998 41.986521262795),POINT (1164767.4057210244 1938378.009847696),2020,5739 N CLARK ST
O864295,BICYCLE,f9477414a34c74136560421ff30c2dac1c7faa7e0dbea9db28671c7bc0cb6abc742e056fa4be6addd2a3d7dba665a49c4d2158979ed5e9ea1c82d77c6ca2e7e8,,F,40.0,,NONE,NONINCAPACITATING INJURY,FAILED TO YIELD,NOT OBSCURED,NORMAL,CROSSING - AGAINST SIGNAL,NO CONTRASTING CLOTHING,IN ROADWAY,,2020-03-19 12:43:00,30,CLEAR,DAYLIGHT,PEDALCYCLIST,NOT DIVIDED,WET,NO DEFECTS,ON SCENE,INJURY AND / OR TOW DUE TO CRASH,,"OVER $1,500",03/19/2020 12:43:00 PM,DISREGARDING STOP SIGN,NOT APPLICABLE,,2,NONINCAPACITATING INJURY,1.0,0.0,0.0,1.0,0.0,1.0,0.0,12,5,3,41.943289517,-87.676179684,POINT (-87.676179684163 41.943289516668),POINT (1163031.6739901851 1922609.8620881557),2020,3400 N WOLCOTT AVE
O947892,DRIVER,fdd3c9a419f576493c5eed97eee07d0fd7e516d3d03dd6a377d5e8c7bd7c8f002c5bdae3e3120517c5e26e37bcc8e36519e571e6436ccdbef96776d584b2a7ba,898520.0,F,23.0,DID NOT DEPLOY,NONE,NO INDICATION OF INJURY,NONE,NOT OBSCURED,NORMAL,,,,,2020-08-29 10:00:00,30,CLEAR,DAYLIGHT,TURNING,CENTER TURN LANE,DRY,NO DEFECTS,ON SCENE,NO INJURY / DRIVE AWAY,,"OVER $1,500",08/29/2020 10:05:00 AM,IMPROPER TURNING/NO SIGNAL,DRIVING SKILLS/KNOWLEDGE/EXPERIENCE,,2,NO INDICATION OF INJURY,0.0,0.0,0.0,0.0,0.0,2.0,0.0,10,7,8,41.925076189,-87.669436162,POINT (-87.669436162483 41.92507618881),POINT (1164917.684366792 1915987.020912399),2020,2400 N CLYBOURN AVE
O961251,DRIVER,89ea990dc1c771e058d6e5bd9c165b2abc8596e64f028e8ee1ccb9939d3bec43f0a9a5db6663fc098d243b2418a6a5c4002a9c70140744cd5dbbfc37d3e2ca0c,911038.0,F,22.0,DID NOT DEPLOY,NONE,NO INDICATION OF INJURY,NONE,NOT OBSCURED,NORMAL,,,,,2020-09-19 16:30:00,15,CLEAR,DAYLIGHT,TURNING,PARKING LOT,DRY,NO DEFECTS,NOT ON SCENE (DESK REPORT),NO INJURY / DRIVE AWAY,,"OVER $1,500",09/19/2020 05:15:00 PM,UNABLE TO DETERMINE,UNABLE TO DETERMINE,,2,NO INDICATION OF INJURY,0.0,0.0,0.0,0.0,0.0,3.0,0.0,16,7,9,41.833041231,-87.614820982,POINT (-87.614820982497 41.833041231185),POINT (1180061.0789889435 1882569.353948402),2020,439 E 34TH ST
O1013166,DRIVER,79147997f0a8b55ff39cf1ffe4e62c2b64c12659fa28a648f83b91842b107be128b135562fc4360e0baeada1a2bfc17ef8858abc84c53cf14926393055e9f1e9,960204.0,F,,DID NOT DEPLOY,NONE,NO INDICATION OF INJURY,UNKNOWN,NOT OBSCURED,NORMAL,,,,,2020-12-22 09:15:00,30,CLEAR,DAYLIGHT,SIDESWIPE SAME DIRECTION,UNKNOWN,DRY,NO DEFECTS,NOT ON SCENE (DESK REPORT),NO INJURY / DRIVE AWAY,,"OVER $1,500",12/22/2020 06:40:00 PM,IMPROPER OVERTAKING/PASSING,NOT APPLICABLE,,2,NO INDICATION OF INJURY,0.0,0.0,0.0,0.0,0.0,2.0,0.0,9,3,12,41.852991503,-87.635543855,POINT (-87.635543854644 41.852991503101),POINT (1174354.5243485388 1889792.6135070329),2020,316 W CERMAK RD
O953393,DRIVER,c8b0b682e5e934b5e576627a154ccb68e6abdd4c7261388307e57d9ecf72fdf5a7a5e8d59f418e2182024a98709a2ff221eefd695a7e745a82cf7f724a748a19,903654.0,F,48.0,DEPLOYMENT UNKNOWN,UNKNOWN,NONINCAPACITATING INJURY,NONE,UNKNOWN,NORMAL,,,,,2020-08-29 05:47:00,30,UNKNOWN,UNKNOWN,ANGLE,ONE-WAY,UNKNOWN,UNKNOWN,,INJURY AND / OR TOW DUE TO CRASH,Y,"OVER $1,500",08/29/2020 06:27:00 AM,FAILING TO YIELD RIGHT-OF-WAY,NOT APPLICABLE,,2,NONINCAPACITATING INJURY,2.0,0.0,0.0,2.0,0.0,0.0,0.0,5,7,8,41.899526799,-87.748212845,POINT (-87.748212844543 41.899526799463),POINT (1143543.4530619672 1906520.683367566),2020,1027 N LAMON AVE
O1015028,DRIVER,5e9f87a1a8fe04d46ac0947c8b98484a27fddd38082b180995e250724e11a22273b0ec9895e2198efe4b82dea9126337ef4c46707affbf8856cfb80e2872e9e5,961976.0,M,33.0,DID NOT DEPLOY,NONE,NO INDICATION OF INJURY,NONE,NOT OBSCURED,NORMAL,,,,,2020-12-26 13:45:00,35,RAIN,DAYLIGHT,ANGLE,NOT DIVIDED,DRY,NO DEFECTS,ON SCENE,INJURY AND / OR TOW DUE TO CRASH,N,"OVER $1,500",12/26/2020 01:47:00 PM,DISREGARDING TRAFFIC SIGNALS,NOT APPLICABLE,,2,NO INDICATION OF INJURY,0.0,0.0,0.0,0.0,0.0,3.0,0.0,13,7,12,41.866140868,-87.73508956,POINT (-87.735089560082 41.866140867642),POINT (1147200.9632588092 1894379.5380780688),2020,4400 W ROOSEVELT RD
O869564,DRIVER,cd77db547b1f5710e77e62fb7a0d863249d8e59cffaa243be55cee25908d101bfde87fbf17cef672e78ac51bb66759a3c1b5a3da3d39cc07cff0948fdf2c156c,825029.0,M,46.0,NOT APPLICABLE,NONE,NO INDICATION OF INJURY,NONE,NOT OBSCURED,NORMAL,,,,,2020-04-06 08:50:00,30,CLEAR,DAYLIGHT,REAR END,NOT DIVIDED,DRY,NO DEFECTS,ON SCENE,NO INJURY / DRIVE AWAY,,"OVER $1,500",04/06/2020 09:00:00 AM,UNABLE TO DETERMINE,UNABLE TO DETERMINE,,2,NO INDICATION OF INJURY,0.0,0.0,0.0,0.0,0.0,2.0,0.0,8,2,4,41.812609268,-87.64578341,POINT (-87.645783409991 41.812609268463),POINT (1171682.6415046356 1875054.9805251216),2020,4450 S HALSTED ST
O845876,DRIVER,3edbca0cddf0f7e17574c95f248eeec87f82d8240b94196b523e4367aadb7484f38cbd206fd256a7845ac20dcac4986b0897016662efe47081bb189bac9fb1b7,802723.0,M,26.0,NOT APPLICABLE,NONE,NO INDICATION OF INJURY,NONE,NOT OBSCURED,NORMAL,,,,,2020-02-19 12:48:00,30,CLEAR,DAYLIGHT,TURNING,DIVIDED - W/MEDIAN (NOT RAISED),DRY,NO DEFECTS,ON SCENE,INJURY AND / OR TOW DUE TO CRASH,,"$501 - $1,500",02/19/2020 01:00:00 PM,UNABLE TO DETERMINE,UNABLE TO DETERMINE,,2,NO INDICATION OF INJURY,0.0,0.0,0.0,0.0,0.0,2.0,0.0,12,4,2,41.882275346,-87.67681126,POINT (-87.676811259569 41.882275345693),POINT (1163030.0391811216 1900374.9273929077),2020,36 N DAMEN AVE
O880534,DRIVER,68daf39f63b91e258e67d71b5642b32d3db25fd8fcfb4a016c40e744b5febbd1144fc53b0fa091e77963e39c8a6c968bcbcd6ac999332c479800b98dbd31fc16,835377.0,M,49.0,NOT APPLICABLE,NONE,NO INDICATION OF INJURY,NONE,NOT OBSCURED,NORMAL,,,,,2020-05-07 11:05:00,30,CLEAR,DAYLIGHT,REAR END,NOT DIVIDED,DRY,NO DEFECTS,ON SCENE,NO INJURY / DRIVE AWAY,Y,"$501 - $1,500",05/07/2020 11:06:00 AM,UNABLE TO DETERMINE,UNABLE TO DETERMINE,,2,NO INDICATION OF INJURY,0.0,0.0,0.0,0.0,0.0,2.0,0.0,11,5,5,41.768954659,-87.644050669,POINT (-87.644050668956 41.768954658943),POINT (1172282.543768955 1859151.3086068707),2020,758 W 69TH ST
O907426,DRIVER,d4b99fdab2b9b8e9ea7ef6137c2b7a51aca5a217cc11b892ab654c5814a6f271fc5211cb50fb4f612bf460be09f1e5fccb7b3d338788c791d6f2cf13949d7913,860349.0,M,80.0,DID NOT DEPLOY,NONE,NO INDICATION OF INJURY,NONE,NOT OBSCURED,NORMAL,,,,,2020-06-27 12:04:00,30,CLEAR,DAYLIGHT,REAR END,DIVIDED - W/MEDIAN BARRIER,DRY,NO DEFECTS,ON SCENE,INJURY AND / OR TOW DUE TO CRASH,,"OVER $1,500",06/27/2020 12:09:00 PM,FAILING TO REDUCE SPEED TO AVOID CRASH,FOLLOWING TOO CLOSELY,,3,NONINCAPACITATING INJURY,2.0,0.0,0.0,1.0,1.0,4.0,0.0,12,7,6,41.735702535,-87.67771862,POINT (-87.677718620106 41.735702534627),POINT (1163190.3948421218 1846962.7330865564),2020,2200 W 87TH ST
P204938,PASSENGER,bad88ab93318de3f16c4d916957d98df9cd479445b5c9350d8d37008c633cf243102a4c4a651e6ac5a1cfb19136bab86dd766ee403bbd4bfe1fb1048f3819779,851150.0,M,56.0,DID NOT DEPLOY,NONE,NO INDICATION OF INJURY,,,,,,,,2020-06-09 14:30:00,30,CLEAR,DAYLIGHT,ANGLE,NOT DIVIDED,DRY,NO DEFECTS,NOT ON SCENE (DESK REPORT),NO INJURY / DRIVE AWAY,,$500 OR LESS,06/09/2020 10:00:00 PM,FAILING TO YIELD RIGHT-OF-WAY,UNABLE TO DETERMINE,,2,NO INDICATION OF INJURY,0.0,0.0,0.0,0.0,0.0,4.0,0.0,14,3,6,41.758918348,-87.582125637,POINT (-87.582125636783 41.758918348118),POINT (1189207.3994495152 1855635.616559005),2020,1732 E 75TH ST
O908895,DRIVER,2cfdf77c6b1e71d6d909ed9a88428300b969445693d5b17b7881d62d6146681b222c2e2d9be379f2c6edd2fd8ad4e6a17e0fd0e82dcb34c103bf0470f8260294,861698.0,X,,DEPLOYMENT UNKNOWN,NONE,NO INDICATION OF INJURY,UNKNOWN,UNKNOWN,UNKNOWN,,,,,2020-06-29 21:41:00,25,CLOUDY/OVERCAST,"DARKNESS, LIGHTED ROAD",PARKED MOTOR VEHICLE,NOT DIVIDED,WET,NO DEFECTS,ON SCENE,INJURY AND / OR TOW DUE TO CRASH,Y,"OVER $1,500",06/29/2020 09:50:00 PM,UNABLE TO DETERMINE,DRIVING ON WRONG SIDE/WRONG WAY,,2,NONINCAPACITATING INJURY,1.0,0.0,0.0,1.0,0.0,1.0,0.0,21,2,6,41.698646234,-87.60971833,POINT (-87.609718329692 41.698646234389),POINT (1181863.6720014748 1833608.5322806404),2020,10747 S RHODES AVE
O864359,DRIVER,a42c0a14df827410e2a654ecb2678d2d03ceb2f083767bbe4d1216de28bd3cfb3b12dc89221e08fc7e9e8cac720076a4901ffb4a8d566fade2df182f831ad87c,820238.0,M,,DID NOT DEPLOY,NONE,NO INDICATION OF INJURY,NONE,UNKNOWN,UNKNOWN,,,,,2020-03-19 15:30:00,30,RAIN,DAYLIGHT,REAR END,DIVIDED - W/MEDIAN (NOT RAISED),WET,NO DEFECTS,NOT ON SCENE (DESK REPORT),NO INJURY / DRIVE AWAY,,"OVER $1,500",03/19/2020 04:14:00 PM,FOLLOWING TOO CLOSELY,UNABLE TO DETERMINE,,2,NO INDICATION OF INJURY,0.0,0.0,0.0,0.0,0.0,2.0,0.0,15,5,3,41.706747916,-87.681778662,POINT (-87.681778661699 41.706747915899),POINT (1162162.112043537 1836403.578772269),2020,10248 S WESTERN AVE
P198312,PASSENGER,f069dfa4619d1466ba9ad1cb88bc69798bb2e6f30f2b4d6ec02bccbb151e09acba057ce0ccaaf81aeebeb5597cf89e55e00939a305c9c8119a0a10145cddff20,822774.0,F,52.0,"DEPLOYED, FRONT",NONE,"REPORTED, NOT EVIDENT",,,,,,,,2020-03-28 15:30:00,30,RAIN,DAYLIGHT,ANGLE,FOUR WAY,WET,NO DEFECTS,,INJURY AND / OR TOW DUE TO CRASH,,"OVER $1,500",03/28/2020 03:38:00 PM,UNABLE TO DETERMINE,NOT APPLICABLE,,3,"REPORTED, NOT EVIDENT",1.0,0.0,0.0,0.0,1.0,5.0,0.0,15,7,3,41.93182107,-87.717046777,POINT (-87.717046776981 41.931821069852),POINT (1151943.5885343929 1918348.1491567737),2020,2799 N CENTRAL PARK AVE
O832784,DRIVER,8eeb1b3fb865cf9349fff2fb2ea2919bbad29cfb038aaa84cac994747c16deafb33e7e0f2fa2b5953f73e0a476060c6784d45326d2e34a4b82560ae64f6ddde8,790434.0,M,69.0,NOT APPLICABLE,NONE,NO INDICATION OF INJURY,NONE,NOT OBSCURED,NORMAL,,,,,2020-01-31 11:21:00,30,CLEAR,DAYLIGHT,REAR END,ONE-WAY,DRY,NO DEFECTS,NOT ON SCENE (DESK REPORT),NO INJURY / DRIVE AWAY,,"$501 - $1,500",01/31/2020 02:09:00 PM,NOT APPLICABLE,NOT APPLICABLE,,2,NO INDICATION OF INJURY,0.0,0.0,0.0,0.0,0.0,4.0,0.0,11,6,1,41.884365354,-87.631515474,POINT (-87.631515473867 41.88436535429),POINT (1175358.5456464053 1901234.141962204),2020,119 W RANDOLPH ST
O954534,DRIVER,95422424d4b9bdc4a8a17160997f4898f478e9567493fd86ada4ef090cb81892ed340cbabac6620437204858bbd9ec86d6b05bd7bda28e63614dfa76d5bf4a7f,904711.0,M,17.0,DID NOT DEPLOY,NONE,NO INDICATION OF INJURY,NONE,UNKNOWN,NORMAL,,,,,2020-09-08 14:00:00,30,RAIN,DAYLIGHT,PARKED MOTOR VEHICLE,ONE-WAY,WET,NO DEFECTS,ON SCENE,INJURY AND / OR TOW DUE TO CRASH,,"OVER $1,500",09/08/2020 03:42:00 PM,WEATHER,UNABLE TO DETERMINE,,3,NO INDICATION OF INJURY,0.0,0.0,0.0,0.0,0.0,1.0,0.0,14,3,9,41.793518213,-87.689075731,POINT (-87.689075731328 41.793518212762),POINT (1159932.829173139 1868006.8649488857),2020,5506 S ROCKWELL ST
O880110,DRIVER,b9c0237f4d8bce02eff9d07bf01535b2a65c3f974a56a109a947ac0be50b18c5dd9aa4aa99a3329d5c0e52e66779b74630aea3333a51d21256884eaa45c47eeb,834989.0,M,40.0,NOT APPLICABLE,NONE,NO INDICATION OF INJURY,NONE,NOT OBSCURED,NORMAL,,,,,2020-05-06 10:55:00,30,CLEAR,DAYLIGHT,REAR END,NOT DIVIDED,DRY,NO DEFECTS,ON SCENE,NO INJURY / DRIVE AWAY,,"OVER $1,500",05/06/2020 10:57:00 AM,FAILING TO REDUCE SPEED TO AVOID CRASH,DISTRACTION - FROM OUTSIDE VEHICLE,,2,NO INDICATION OF INJURY,0.0,0.0,0.0,0.0,0.0,2.0,0.0,10,4,5,41.707024851,-87.643063046,POINT (-87.643063045632 41.707024850793),POINT (1172732.963737816 1836586.854302846),2020,804 W 103RD ST
O821333,DRIVER,7b0fdc2ed084d94fa9789469c1c4da0ce1391b3f1fb24e4cfff642cc51a2ffe37b34355b84e85516d8cc55a59dcb934eea86d0d9563d924c25bcd0db55a6dcd7,779797.0,F,42.0,DID NOT DEPLOY,NONE,NO INDICATION OF INJURY,UNKNOWN,UNKNOWN,UNKNOWN,,,,,2020-01-13 13:00:00,30,CLEAR,DAYLIGHT,PARKED MOTOR VEHICLE,DIVIDED - W/MEDIAN (NOT RAISED),DRY,NO DEFECTS,NOT ON SCENE (DESK REPORT),NO INJURY / DRIVE AWAY,,"OVER $1,500",01/13/2020 04:30:00 PM,UNABLE TO DETERMINE,NOT APPLICABLE,,2,NO INDICATION OF INJURY,0.0,0.0,0.0,0.0,0.0,1.0,0.0,13,2,1,41.976245518,-87.6721929,POINT (-87.672192899772 41.976245518021),POINT (1164023.6448718896 1934627.4972696141),2020,1700 W FOSTER AVE
O903956,PEDESTRIAN,0c53e61a9b205bb3827edd3bceda0bef0a45fd55ecbe615def083a4a940f74a6415f6ba57263175215782766b7864310f9fb5d0da438b733f0b2f17d351b47fb,,F,26.0,,,INCAPACITATING INJURY,,,,OTHER ACTION,CONTRASTING CLOTHING,IN ROADWAY,,2020-06-21 19:42:00,35,CLEAR,DAYLIGHT,PARKED MOTOR VEHICLE,NOT DIVIDED,DRY,NO DEFECTS,ON SCENE,INJURY AND / OR TOW DUE TO CRASH,N,"$501 - $1,500",06/21/2020 07:46:00 PM,NOT APPLICABLE,NOT APPLICABLE,,9,INCAPACITATING INJURY,4.0,0.0,3.0,1.0,0.0,0.0,0.0,19,1,6,41.800933113,-87.589230197,POINT (-87.589230196526 41.800933113002),POINT (1187136.5162376922 1870928.6691893705),2020,5200 S HARPER AVE
P186420,PASSENGER,9b37b6db8d0d3fef479b3a7664eb4e8025d47bf551595996c449066347f0f8e85e886f056b447756804106df4f9dc0d0adfdbfb031ef633ee7deb4688f8630d5,773611.0,,,NOT APPLICABLE,NONE,NO INDICATION OF INJURY,,,,,,,,2020-01-02 14:23:00,30,CLEAR,DAYLIGHT,SIDESWIPE SAME DIRECTION,NOT DIVIDED,DRY,NO DEFECTS,ON SCENE,NO INJURY / DRIVE AWAY,,"OVER $1,500",01/02/2020 02:43:00 PM,DISTRACTION - FROM INSIDE VEHICLE,IMPROPER LANE USAGE,,2,NO INDICATION OF INJURY,0.0,0.0,0.0,0.0,0.0,4.0,0.0,14,5,1,41.858829455,-87.710180287,POINT (-87.710180286533 41.858829455003),POINT (1154005.1737030584 1891763.5441375372),2020,1605 S HOMAN AVE
O1013860,DRIVER,6b6d7ff534af94a46e5b0f993b274034ab6fd58dd873646ff92da0e526b652aa10f6ea56a046d8ed2ea34e231e46cce6d40fc1e83d3791a919e865c254174208,960884.0,F,47.0,DID NOT DEPLOY,NONE,NO INDICATION OF INJURY,NONE,NOT OBSCURED,NORMAL,,,,,2020-12-23 19:45:00,30,CLEAR,"DARKNESS, LIGHTED ROAD",SIDESWIPE SAME DIRECTION,CENTER TURN LANE,WET,NO DEFECTS,ON SCENE,NO INJURY / DRIVE AWAY,Y,"OVER $1,500",12/23/2020 08:04:00 PM,IMPROPER LANE USAGE,UNABLE TO DETERMINE,,2,NO INDICATION OF INJURY,0.0,0.0,0.0,0.0,0.0,2.0,0.0,19,4,12,41.81421181,-87.703819895,POINT (-87.703819895437 41.814211810102),POINT (1155856.9911077654 1875517.697836443),2020,4363 S ARCHER AVE
O921445,DRIVER,b17cbc74d8d1a304a152ff44b478cb7fa89b94449a8f424d50fa942f8559f5a033cc3ffffaed149702bbb1431bd8af7917f603f51ecbe726f1a5d5467ec76b6c,873568.0,M,,NOT APPLICABLE,NONE,NO INDICATION OF INJURY,OTHER,UNKNOWN,UNKNOWN,,,,,2020-07-17 15:18:00,30,CLEAR,DAYLIGHT,REAR END,NOT DIVIDED,DRY,NO DEFECTS,NOT ON SCENE (DESK REPORT),NO INJURY / DRIVE AWAY,,"OVER $1,500",07/19/2020 11:45:00 AM,UNABLE TO DETERMINE,NOT APPLICABLE,,2,NO INDICATION OF INJURY,0.0,0.0,0.0,0.0,0.0,2.0,0.0,15,6,7,42.012847332,-87.663619778,POINT (-87.663619777525 42.012847332398),POINT (1166250.49883143 1947983.5312911358),2020,7200 N SHERIDAN RD
O974101,DRIVER,dc658dd0bb56d53757eb646a3deefaba05bb13e098378291a11c598d12a19f2ae46a0bb7f2275473379a046b3147b9c8bb5bf65df1d10104c7339f6903cbde4f,923109.0,M,28.0,"DEPLOYED, FRONT",NONE,INCAPACITATING INJURY,UNKNOWN,UNKNOWN,UNKNOWN,,,,,2020-10-09 23:24:00,35,CLEAR,"DARKNESS, LIGHTED ROAD",ANGLE,NOT DIVIDED,DRY,NO DEFECTS,ON SCENE,INJURY AND / OR TOW DUE TO CRASH,,"OVER $1,500",10/09/2020 11:25:00 PM,UNABLE TO DETERMINE,NOT APPLICABLE,,2,INCAPACITATING INJURY,1.0,0.0,1.0,0.0,0.0,2.0,0.0,23,6,10,41.898588812,-87.766799954,POINT (-87.766799953581 41.898588811565),POINT (1138485.5291747812 1906144.917586293),2020,5632 W AUGUSTA BLVD