PERSON_ID,PERSON_TYPE,CRASH_RECORD_ID,VEHICLE_ID,SEX,AGE,AIRBAG_DEPLOYED,EJECTION,INJURY_CLASSIFICATION,DRIVER_ACTION,DRIVER_VISION,PHYSICAL_CONDITION,PEDPEDAL_ACTION,PEDPEDAL_VISIBILITY,PEDPEDAL_LOCATION,CRASH_DATE_EST_I,CRASH_DATE,POSTED_SPEED_LIMIT,WEATHER_CONDITION,LIGHTING_CONDITION,FIRST_CRASH_TYPE,TRAFFICWAY_TYPE,ROADWAY_SURFACE_COND,ROAD_DEFECT,REPORT_TYPE,CRASH_TYPE,HIT_AND_RUN_I,DAMAGE,DATE_POLICE_NOTIFIED,PRIM_CONTRIBUTORY_CAUSE,SEC_CONTRIBUTORY_CAUSE,DOORING_I,NUM_UNITS,MOST_SEVERE_INJURY,INJURIES_TOTAL,INJURIES_FATAL,INJURIES_INCAPACITATING,INJURIES_NON_INCAPACITATING,INJURIES_REPORTED_NOT_EVIDENT,INJURIES_NO_INDICATION,INJURIES_UNKNOWN,CRASH_HOUR,CRASH_DAY_OF_WEEK,CRASH_MONTH,LATITUDE,LONGITUDE,LOCATION,geometry,YEAR,ADDRESS
O994299,DRIVER,5263510d7a1bb47ae42004bb924a23544ce136405a6264bdba910cb82ae282bd8658dbb64f10f78aa553b6740408cfb6a34009c11a79e0cc1216c3df9335bcfe,942214.0,F,36.0,DID NOT DEPLOY,NONE,NO INDICATION OF INJURY,NONE,UNKNOWN,NORMAL,,,,,2020-11-14 16:44:00,30,CLOUDY/OVERCAST,DAYLIGHT,ANGLE,NOT DIVIDED,DRY,NO DEFECTS,ON SCENE,INJURY AND / OR TOW DUE TO CRASH,,"OVER $1,500",11/14/2020 04:44:00 PM,UNABLE TO DETERMINE,NOT APPLICABLE,,3,INCAPACITATING INJURY,1.0,0.0,1.0,0.0,0.0,2.0,0.0,16,7,11,41.808369549,-87.684019397,POINT (-87.684019396719 41.808369548854),POINT (1161270.7689612876 1873428.973371981),2020,4700 S WESTERN BLVD
O821383,DRIVER,a8b070a971278005bfea75dd0cbb6896850ba1232ef8284dd8cc9c3799421eb6029fa48809682f24450df6f6c419ac07e526d5023170d7e33f86f5b6e8c84971,779852.0,M,41.0,DID NOT DEPLOY,NONE,NO INDICATION OF INJURY,NONE,NOT OBSCURED,NORMAL,,,,,2020-01-13 16:45:00,30,CLEAR,DAYLIGHT,TURNING,DIVIDED - W/MEDIAN (NOT RAISED),DRY,NO DEFECTS,NOT ON SCENE (DESK REPORT),NO INJURY / DRIVE AWAY,,"OVER $1,500",01/13/2020 05:30:00 PM,FAILING TO YIELD RIGHT-OF-WAY,UNABLE TO DETERMINE,,2,NO INDICATION OF INJURY,0.0,0.0,0.0,0.0,0.0,2.0,0.0,16,2,1,41.736006565,-87.645341819,POINT (-87.64534181898 41.736006564585),POINT (1172026.3289894033 1847142.4966435574),2020,8700 S VINCENNES AVE
O937458,DRIVER,c568d1424c000f760119e12aff9a09d0536a501c0e04e9ce2bfce8dcc625af8a38131f3acf7d8cfbb8dc94106c0e8e7ff347d5ef4c8c28d022d3542e40c775ba,888690.0,X,,DEPLOYMENT UNKNOWN,NONE,NO INDICATION OF INJURY,NONE,UNKNOWN,UNKNOWN,,,,Y,2020-08-12 16:00:00,25,CLEAR,DAYLIGHT,ANGLE,ONE-WAY,DRY,NO DEFECTS,NOT ON SCENE (DESK REPORT),NO INJURY / DRIVE AWAY,Y,"$501 - $1,500",08/13/2020 09:15:00 AM,UNABLE TO DETERMINE,UNABLE TO DETERMINE,,2,NO INDICATION OF INJURY,0.0,0.0,0.0,0.0,0.0,2.0,0.0,16,4,8,41.864624785,-87.727718472,POINT (-87.727718472331 41.864624785486),POINT (1149212.622017568 1893841.1592362141),2020,1250 S KARLOV AVE
O841714,DRIVER,b900a1b6a6fda8d4f52d19a7456eab7220982027481cd84293071767fe8c59948d7ceb7285e20829adddf7c72033823a46310e0fad91fff1edb257e09c6f4ab7,798776.0,F,57.0,DID NOT DEPLOY,NONE,NO INDICATION OF INJURY,NONE,NOT OBSCURED,NORMAL,,,,,2020-02-13 17:30:00,30,CLEAR,DUSK,REAR END,NOT DIVIDED,SNOW OR SLUSH,NO DEFECTS,ON SCENE,NO INJURY / DRIVE AWAY,,"$501 - $1,500",02/13/2020 05:39:00 PM,FOLLOWING TOO CLOSELY,UNABLE TO DETERMINE,,2,NO INDICATION OF INJURY,0.0,0.0,0.0,0.0,0.0,3.0,0.0,17,5,2,41.921459971,-87.668764034,POINT (-87.66876403416 41.921459970717),POINT (1165110.8055036755 1914670.6820872242),2020,2198 N ASHLAND AVE
O870335,DRIVER,9ffb5104714b8fad4fab833c8611f10262e3135892066ede0aa1b1a2c9c229be4ba74273482a14d4c867653fb05e748f7dc472c1868f24f2e39ae553cb45cbe0,825733.0,F,32.0,DID NOT DEPLOY,NONE,NO INDICATION OF INJURY,NONE,NOT OBSCURED,NORMAL,,,,,2020-04-08 17:49:00,40,RAIN,DAYLIGHT,TURNING,CENTER TURN LANE,WET,NO DEFECTS,NOT ON SCENE (DESK REPORT),NO INJURY / DRIVE AWAY,Y,"$501 - $1,500",04/08/2020 07:05:00 PM,UNABLE TO DETERMINE,NOT APPLICABLE,,2,NO INDICATION OF INJURY,0.0,0.0,0.0,0.0,0.0,2.0,0.0,17,4,4,41.722493336,-87.584991704,POINT (-87.584991703861 41.722493336193),POINT (1188540.8463303281 1842355.8580499082),2020,9455 S STONY ISLAND AVE
P206365,PASSENGER,b269a10c921c7f52a92d4c2d256c2f2bc24d0c6a542dbec6a392b787a063556120b26e43b1d2516ffc2e68d89e2c9ae3540fc1566f3249994c0a2ad70c8189e3,857092.0,F,24.0,DID NOT DEPLOY,NONE,NO INDICATION OF INJURY,,,,,,,,2020-06-21 17:13:00,35,CLEAR,DAYLIGHT,TURNING,FOUR WAY,DRY,NO DEFECTS,ON SCENE,NO INJURY / DRIVE AWAY,,"OVER $1,500",06/21/2020 05:13:00 PM,IMPROPER LANE USAGE,IMPROPER LANE USAGE,,2,NO INDICATION OF INJURY,0.0,0.0,0.0,0.0,0.0,8.0,0.0,17,1,6,41.880900286,-87.626081917,POINT (-87.626081917256 41.880900286195),POINT (1176848.5448116201 1899983.620461551),2020,44 E MONROE ST
O988202,DRIVER,115c7d43a2b05ac7a9c0f35fb43ca0ace5bdf1d8d18418afc2458901c4039d97aad48707209a7ee4a1bf7c084e721b7b64ca4704d7130ce8f7252b37d6639dad,936460.0,M,,DEPLOYMENT UNKNOWN,NONE,NO INDICATION OF INJURY,FAILED TO YIELD,UNKNOWN,UNKNOWN,,,,,2020-11-03 15:48:00,30,CLEAR,DAYLIGHT,SIDESWIPE SAME DIRECTION,DIVIDED - W/MEDIAN (NOT RAISED),DRY,UNKNOWN,ON SCENE,NO INJURY / DRIVE AWAY,Y,$500 OR LESS,11/03/2020 03:58:00 PM,FAILING TO REDUCE SPEED TO AVOID CRASH,DRIVING SKILLS/KNOWLEDGE/EXPERIENCE,,2,NO INDICATION OF INJURY,0.0,0.0,0.0,0.0,0.0,2.0,0.0,15,3,11,41.78660841,-87.723130029,POINT (-87.723130028895 41.786608409502),POINT (1150664.3805731586 1865421.2288209284),2020,5838 S PULASKI RD
O939634,DRIVER,7fd7d32174e6851bd9ff09ece6f8254b4618f5aaa21d34f3656016083ab9006df14104bbd7cd239e1f103cd8def861621eb834bff7d1f7ebe64d6a21e65cb406,890747.0,M,36.0,NOT APPLICABLE,NONE,NO INDICATION OF INJURY,NONE,NOT OBSCURED,NORMAL,,,,,2020-08-16 10:20:00,25,CLEAR,DAYLIGHT,SIDESWIPE OPPOSITE DIRECTION,NOT DIVIDED,DRY,NO DEFECTS,ON SCENE,NO INJURY / DRIVE AWAY,,"$501 - $1,500",08/16/2020 10:25:00 AM,UNABLE TO DETERMINE,NOT APPLICABLE,,2,NO INDICATION OF INJURY,0.0,0.0,0.0,0.0,0.0,4.0,0.0,10,1,8,41.855060112,-87.674203832,POINT (-87.674203831722 41.855060111925),POINT (1163816.2292734478 1890463.189572535),2020,1916 W CULLERTON ST
O1010009,DRIVER,93b7480145daf2eb17fe96883c3e39ded3b6ffdf04d7685bbd0f071a91d40d7d3eec81e4b6cdf7a3aa1a6d7b00ddb0c2d50394662220b11c1942cda76e3d9c14,957248.0,M,28.0,DEPLOYMENT UNKNOWN,NONE,NO INDICATION OF INJURY,UNKNOWN,UNKNOWN,UNKNOWN,,,,,2020-12-16 17:00:00,30,UNKNOWN,UNKNOWN,REAR END,NOT DIVIDED,UNKNOWN,UNKNOWN,NOT ON SCENE (DESK REPORT),NO INJURY / DRIVE AWAY,,"$501 - $1,500",12/16/2020 05:30:00 PM,UNABLE TO DETERMINE,UNABLE TO DETERMINE,,2,NO INDICATION OF INJURY,0.0,0.0,0.0,0.0,0.0,2.0,0.0,17,4,12,42.009034911,-87.674122161,POINT (-87.674122160514 42.009034910919),POINT (1163407.069432353 1946572.1035290617),2020,7000 N CLARK ST
P205689,PASSENGER,b7e74745b4acf197f5762b8d6ca3a0722cdedcd9042a0c94efda007a958486db98b09e11292e262bd6eccb6a6828cdd63f76f7780fede33bfa783b7f2c595e4d,854388.0,F,,NOT APPLICABLE,NONE,NO INDICATION OF INJURY,,,,,,,,2020-06-14 04:18:00,30,CLEAR,"DARKNESS, LIGHTED ROAD",REAR END,NOT DIVIDED,DRY,NO DEFECTS,ON SCENE,INJURY AND / OR TOW DUE TO CRASH,Y,"OVER $1,500",06/14/2020 04:19:00 AM,UNABLE TO DETERMINE,UNABLE TO DETERMINE,,2,NO INDICATION OF INJURY,0.0,0.0,0.0,0.0,0.0,3.0,0.0,4,1,6,41.933051724,-87.776176123,POINT (-87.776176123173 41.933051723887),POINT (1135851.3275375136 1918686.4980785523),2020,2900 N AUSTIN AVE
O889144,DRIVER,7597e40af1222b53f7dfc2d975e4952007dfa6dbf4cc20953abff82e45cae1e96b1cef1491d17adc556b4d3c63c1dcb61c592ba69ba33366d2b23b62ee54ec36,843454.0,M,55.0,DID NOT DEPLOY,NONE,NO INDICATION OF INJURY,IMPROPER LANE CHANGE,UNKNOWN,NORMAL,,,,,2020-05-26 09:55:00,30,CLEAR,DAYLIGHT,SIDESWIPE SAME DIRECTION,DIVIDED - W/MEDIAN (NOT RAISED),DRY,NO DEFECTS,ON SCENE,NO INJURY / DRIVE AWAY,,"OVER $1,500",05/26/2020 09:56:00 AM,IMPROPER OVERTAKING/PASSING,NOT APPLICABLE,,2,NO INDICATION OF INJURY,0.0,0.0,0.0,0.0,0.0,2.0,0.0,9,3,5,41.663182101,-87.641565265,POINT (-87.641565265157 41.663182101231),POINT (1173270.2268950054 1820614.4128487955),2020,12700 S HALSTED ST
O842594,DRIVER,abcdc2e0875840f65329899b23958bbe199a1045c2ee3fa2362cfe996fc1f8d34cdf63755f1b4e96ab82dd96c2d166d28cdca0a84d7cca2c392255e1c198e741,799599.0,X,,DEPLOYMENT UNKNOWN,NONE,NO INDICATION OF INJURY,UNKNOWN,UNKNOWN,UNKNOWN,,,,,2020-02-14 17:00:00,30,CLEAR,DAYLIGHT,TURNING,ALLEY,DRY,UNKNOWN,NOT ON SCENE (DESK REPORT),NO INJURY / DRIVE AWAY,Y,"OVER $1,500",02/14/2020 05:11:00 PM,UNABLE TO DETERMINE,NOT APPLICABLE,,2,NO INDICATION OF INJURY,0.0,0.0,0.0,0.0,0.0,2.0,0.0,17,6,2,41.815946533,-87.704431751,POINT (-87.704431751035 41.815946533252),POINT (1155685.5706858807 1876148.6001856297),2020,4242 S KEDZIE AVE
O835673,DRIVER,b465948d27d81a79ff1ade41998d34d2feb2bec71fddce4cd65d6ed198efb9bdf99d8b56edf2334711f951951889c1b8ce816ae8017dadf415882d278c7b2628,793068.0,X,,DEPLOYMENT UNKNOWN,NONE,NO INDICATION OF INJURY,OTHER,OTHER,OTHER,,,,,2020-02-05 08:05:00,30,CLEAR,DAYLIGHT,PARKED MOTOR VEHICLE,ONE-WAY,DRY,NO DEFECTS,ON SCENE,NO INJURY / DRIVE AWAY,Y,"OVER $1,500",02/05/2020 08:10:00 AM,UNABLE TO DETERMINE,UNABLE TO DETERMINE,,2,NO INDICATION OF INJURY,0.0,0.0,0.0,0.0,0.0,1.0,0.0,8,4,2,41.882314249,-87.678453957,POINT (-87.678453956569 41.882314248962),POINT (1162582.5997364365 1900385.6858837376),2020,2044 W WARREN BLVD
O1002804,DRIVER,aaffe1f02e9496b8e6d794bc564933e591ed338835e38750f51a2c41f16917ed669326cfe3f03bc875e4cc8063227e4454a3a86fadf36568d4a0f4a428e92a56,950337.0,F,33.0,DID NOT DEPLOY,NONE,NO INDICATION OF INJURY,NONE,NOT OBSCURED,NORMAL,,,,,2020-12-01 16:15:00,10,CLEAR,DAYLIGHT,REAR TO SIDE,PARKING LOT,DRY,UNKNOWN,NOT ON SCENE (DESK REPORT),NO INJURY / DRIVE AWAY,,"OVER $1,500",12/02/2020 01:00:00 PM,FOLLOWING TOO CLOSELY,FOLLOWING TOO CLOSELY,,2,NO INDICATION OF INJURY,0.0,0.0,0.0,0.0,0.0,2.0,0.0,16,3,12,41.808662602,-87.67025444,POINT (-87.67025444016 41.808662601878),POINT (1165022.6681241747 1873564.4131839804),2020,1808 W 47TH ST
P201871,PASSENGER,926e717ab6a32ac55dbb652b23f4f0fdbb517def62832ef8c60c863a0e4c6245ce05621a6a197ae94b7070ff2c225cfcab2b570da2f0c743797b0d0151449bec,838372.0,M,,DID NOT DEPLOY,NONE,NO INDICATION OF INJURY,,,,,,,,2020-05-14 18:32:00,30,CLEAR,DAYLIGHT,REAR END,DIVIDED - W/MEDIAN (NOT RAISED),DRY,NO DEFECTS,NOT ON SCENE (DESK REPORT),NO INJURY / DRIVE AWAY,,"$501 - $1,500",05/14/2020 07:05:00 PM,FOLLOWING TOO CLOSELY,FOLLOWING TOO CLOSELY,,2,NO INDICATION OF INJURY,0.0,0.0,0.0,0.0,0.0,3.0,0.0,18,5,5,41.845652912,-87.617816391,POINT (-87.617816391009 41.845652911763),POINT (1179206.472330746 1887158.1958663927),2020,2600 S DR MARTIN LUTHER KING JR DR
O866158,DRIVER,fc265df6fe320c7e367a2bf8f4b33fe6ed2d05e013030692c07138eca1fa54ebff2e029a3ef8414460e9f537d029c972f56eb02ccfe1b5a38cc9938ae6099be2,821943.0,F,,DID NOT DEPLOY,NONE,NO INDICATION OF INJURY,IMPROPER BACKING,NOT OBSCURED,NORMAL,,,,,2020-03-25 12:30:00,30,CLEAR,DAYLIGHT,REAR TO FRONT,NOT DIVIDED,DRY,NO DEFECTS,NOT ON SCENE (DESK REPORT),NO INJURY / DRIVE AWAY,,"$501 - $1,500",03/25/2020 03:44:00 PM,IMPROPER BACKING,IMPROPER BACKING,,2,NO INDICATION OF INJURY,0.0,0.0,0.0,0.0,0.0,2.0,0.0,12,4,3,41.690747603,-87.62117331,POINT (-87.621173310257 41.69074760281),POINT (1178759.1830988002 1830704.2932734264),2020,11200 S MICHIGAN AVE
O969514,DRIVER,31541628783b824aa20209f5133cd691c7e13f0d28729daf7e44c2f4a39a9c09e4e673b9796335e55e9f2b15443dd45ab13cd035df655ecc3d773022739b492d,918845.0,M,,DEPLOYMENT UNKNOWN,UNKNOWN,NO INDICATION OF INJURY,NONE,UNKNOWN,UNKNOWN,,,,,2020-10-02 18:15:00,30,CLEAR,DAYLIGHT,TURNING,NOT DIVIDED,DRY,NO DEFECTS,NOT ON SCENE (DESK REPORT),INJURY AND / OR TOW DUE TO CRASH,Y,"OVER $1,500",10/02/2020 08:10:00 PM,FAILING TO YIELD RIGHT-OF-WAY,TURNING RIGHT ON RED,,3,NO INDICATION OF INJURY,0.0,0.0,0.0,0.0,0.0,3.0,0.0,18,6,10,41.765398586,-87.626695501,POINT (-87.626695500681 41.765398585764),POINT (1177027.611811527 1857893.9231324608),2020,7100 S LAFAYETTE AVE
P188309,PASSENGER,2ada19efe41ff878df9a6db94be986b193f24eaebd809869198bfa43aa872fdeb17d281604d757abd53c345d5a5020fc4c8fcd477ff9ab34a318c6d48c95b2dd,781395.0,F,,NOT APPLICABLE,NONE,NO INDICATION OF INJURY,,,,,,,,2020-01-15 23:32:00,30,CLEAR,"DARKNESS, LIGHTED ROAD",TURNING,DIVIDED - W/MEDIAN BARRIER,DRY,NO DEFECTS,ON SCENE,INJURY AND / OR TOW DUE TO CRASH,,"OVER $1,500",01/15/2020 11:32:00 PM,UNDER THE INFLUENCE OF ALCOHOL/DRUGS (USE WHEN ARREST IS EFFECTED),FAILING TO REDUCE SPEED TO AVOID CRASH,,2,"REPORTED, NOT EVIDENT",5.0,0.0,0.0,0.0,5.0,10.0,0.0,23,4,1,41.869221974,-87.676092819,POINT (-87.676092818719 41.869221973564),POINT (1163262.1051080814 1895619.7948022215),2020,2002 W TAYLOR ST
P208357,PASSENGER,aac02a6c47846addd4f0ccf0229103e5e3a62e20e64ad6c3882f69e1ade76da871060001c40e83eb20d109ca7d28451a6e710e1c309c81032347d32fbc0f8340,864718.0,,,DEPLOYMENT UNKNOWN,UNKNOWN,NO INDICATION OF INJURY,,,,,,,,2020-07-05 02:36:00,30,CLEAR,"DARKNESS, LIGHTED ROAD",PARKED MOTOR VEHICLE,ONE-WAY,DRY,UNKNOWN,ON SCENE,NO INJURY / DRIVE AWAY,Y,"OVER $1,500",07/05/2020 02:37:00 AM,UNABLE TO DETERMINE,UNABLE TO DETERMINE,,4,NO INDICATION OF INJURY,0.0,0.0,0.0,0.0,0.0,4.0,0.0,2,1,7,42.016327483,-87.687664333,POINT (-87.687664333468 42.016327482554),POINT (1159706.5853183235 1949201.5188951422),2020,7422 N OAKLEY AVE
P198021,PASSENGER,676453f27c2bf9a454dbdb7deadeb5a1afad0ce7de38cbf744fcc67a328e9ef86b9c5977aee38e1bad163c2f5bdbe2815aaae5fe1530f0a7cb3867ffdec5644f,821405.0,M,55.0,DID NOT DEPLOY,NONE,NO INDICATION OF INJURY,,,,,,,,2020-03-23 11:30:00,30,CLEAR,DAYLIGHT,SIDESWIPE SAME DIRECTION,DIVIDED - W/MEDIAN (NOT RAISED),DRY,NO DEFECTS,NOT ON SCENE (DESK REPORT),NO INJURY / DRIVE AWAY,,"$501 - $1,500",03/23/2020 11:45:00 AM,DRIVING SKILLS/KNOWLEDGE/EXPERIENCE,UNABLE TO DETERMINE,,2,NO INDICATION OF INJURY,0.0,0.0,0.0,0.0,0.0,3.0,0.0,11,2,3,41.797996583,-87.723150424,POINT (-87.723150423508 41.797996582679),POINT (1150629.3652366374 1869570.9593247175),2020,5221 S PULASKI RD
O1003724,DRIVER,e19da9e8b083ec00f2d0432536dc5a3a7e53bed4ee08c247449532c3386a320ec3b79fbb5e4f90479722af07a30330240a81225a574c133cb21bdbc84e19497b,951208.0,X,,DEPLOYMENT UNKNOWN,NONE,NO INDICATION OF INJURY,UNKNOWN,UNKNOWN,UNKNOWN,,,,N,2020-12-04 02:00:00,15,CLEAR,UNKNOWN,PARKED MOTOR VEHICLE,ALLEY,DRY,NO DEFECTS,ON SCENE,NO INJURY / DRIVE AWAY,Y,"OVER $1,500",12/04/2020 10:38:00 AM,UNABLE TO DETERMINE,DRIVING SKILLS/KNOWLEDGE/EXPERIENCE,,2,NO INDICATION OF INJURY,0.0,0.0,0.0,0.0,0.0,1.0,0.0,2,6,12,41.885873087,-87.763525794,POINT (-87.763525794157 41.885873086846),POINT (1139407.6748013769 1901517.224100815),2020,302 N PINE AVE
O1003809,DRIVER,be92badcf78e114a2b63ad24ca86d64c540dccc9d5dd4a116e91cf8ca7fc224e63b9d256cab77de7d3cc6186caef6c4c183cc09be0119cef1cca78a1e4765070,951299.0,M,67.0,DID NOT DEPLOY,NONE,NO INDICATION OF INJURY,NONE,NOT OBSCURED,NORMAL,,,,,2020-12-04 13:39:00,30,CLEAR,DAYLIGHT,ANGLE,PARKING LOT,DRY,NO DEFECTS,NOT ON SCENE (DESK REPORT),NO INJURY / DRIVE AWAY,,"OVER $1,500",12/04/2020 01:44:00 PM,UNABLE TO DETERMINE,NOT APPLICABLE,,2,NO INDICATION OF INJURY,0.0,0.0,0.0,0.0,0.0,2.0,0.0,13,6,12,41.866879824,-87.657130548,POINT (-87.65713054772 41.866879824442),POINT (1168433.593877197 1894806.434135775),2020,1211 W ROOSEVELT RD
O894331,DRIVER,5302f8ad64403a679b9caa1665242de878e2db36910e1ca96dcd04ea27fb73a958721ae3cfa05c7b292f4591d9fcba3151f530e039f8fee908e1688f37c8446c,848231.0,M,17.0,NOT APPLICABLE,NONE,NO INDICATION OF INJURY,NONE,NOT OBSCURED,NORMAL,,,,,2020-06-05 10:45:00,30,CLEAR,DAYLIGHT,SIDESWIPE OPPOSITE DIRECTION,NOT DIVIDED,DRY,NO DEFECTS,ON SCENE,INJURY AND / OR TOW DUE TO CRASH,,"$501 - $1,500",06/05/2020 10:55:00 AM,NOT APPLICABLE,NOT APPLICABLE,,2,NO INDICATION OF INJURY,0.0,0.0,0.0,0.0,0.0,2.0,0.0,10,6,6,41.765636363,-87.702987809,POINT (-87.702987809337 41.765636363233),POINT (1156213.5975402591 1857818.809983744),2020,7020 S KEDZIE AVE
O888300,DRIVER,7cb9caa0434d1a98ca387246802c513741dce71edd0a5034e6b14f8b920a9198e5a3c8c1041882f2c67e06b4c71860b36bb42ba17f9852ffc31100d40dc25048,842668.0,X,,DEPLOYMENT UNKNOWN,NONE,NO INDICATION OF INJURY,NONE,UNKNOWN,UNKNOWN,,,,,2020-05-17 14:00:00,30,RAIN,DAYLIGHT,REAR END,NOT DIVIDED,WET,NO DEFECTS,NOT ON SCENE (DESK REPORT),NO INJURY / DRIVE AWAY,Y,"$501 - $1,500",05/24/2020 02:14:00 PM,NOT APPLICABLE,NOT APPLICABLE,,2,NO INDICATION OF INJURY,0.0,0.0,0.0,0.0,0.0,4.0,0.0,14,1,5,41.845141425,-87.675804877,POINT (-87.675804877316 41.845141424557),POINT (1163407.730183429 1886845.5059247927),2020,2558 S DAMEN AVE
O929300,DRIVER,e87dc4236f06683327921cb6313bfdc66b499d0471fc873ba04db9f5ff7679b8f2bf7a48bfb8a6ca80d292dbe48be807aaccb2bfb49f4e53d3d7bd7c57d9e12d,881046.0,M,38.0,NOT APPLICABLE,NONE,NO INDICATION OF INJURY,NONE,NOT OBSCURED,NORMAL,,,,,2020-07-31 19:30:00,30,CLEAR,DAYLIGHT,SIDESWIPE SAME DIRECTION,NOT DIVIDED,DRY,NO DEFECTS,NOT ON SCENE (DESK REPORT),NO INJURY / DRIVE AWAY,,$500 OR LESS,07/31/2020 08:14:00 PM,UNABLE TO DETERMINE,UNABLE TO DETERMINE,,2,NO INDICATION OF INJURY,0.0,0.0,0.0,0.0,0.0,2.0,0.0,19,6,7,41.755992001,-87.658814075,POINT (-87.658814075348 41.755992000526),POINT (1168292.1844701346 1854395.8946050655),2020,1400 W 76TH ST
O957852,DRIVER,3ed44be229d5a65d1214f7a8253e3a565e1229f295ebc31102b73f71289c2a31b2e94b4d2798e40a6b7d6b0722ff0716dc1b6c57a6e952c453e9ebdbc531c9f9,907858.0,M,56.0,DID NOT DEPLOY,UNKNOWN,NO INDICATION OF INJURY,FOLLOWED TOO CLOSELY,NOT OBSCURED,NORMAL,,,,,2020-09-14 14:05:00,30,CLEAR,DAYLIGHT,REAR END,NOT DIVIDED,DRY,NO DEFECTS,NOT ON SCENE (DESK REPORT),NO INJURY / DRIVE AWAY,,"OVER $1,500",09/14/2020 02:25:00 PM,FOLLOWING TOO CLOSELY,NOT APPLICABLE,,2,NO INDICATION OF INJURY,0.0,0.0,0.0,0.0,0.0,2.0,0.0,14,2,9,41.937659877,-87.836506581,POINT (-87.836506580828 41.937659877212),POINT (1119425.7557478661 1920264.8117843405),2020,8400 W BELMONT AVE
O923751,DRIVER,b470c52279da080ae7ab1156a9b9fd6c97abdb3144efe58c1ad23c64eb45f6bd04807929d419b278a41eec859c31763e95bb0f7499129c378a3a6bb5a08c2c26,875769.0,X,,DID NOT DEPLOY,NONE,NO INDICATION OF INJURY,UNKNOWN,UNKNOWN,UNKNOWN,,,,,2020-07-22 20:00:00,30,CLEAR,DAYLIGHT,REAR TO FRONT,NOT DIVIDED,DRY,NO DEFECTS,NOT ON SCENE (DESK REPORT),NO INJURY / DRIVE AWAY,Y,"OVER $1,500",07/23/2020 11:45:00 AM,FAILING TO YIELD RIGHT-OF-WAY,IMPROPER BACKING,,2,NO INDICATION OF INJURY,0.0,0.0,0.0,0.0,0.0,3.0,0.0,20,4,7,41.780503236,-87.577547876,POINT (-87.577547876387 41.780503235854),POINT (1190387.2739958665 1863511.9339703475),2020,2000 E HAYES DR
O909670,DRIVER,216ee87f4e5566ece872deb98430707359af104bf24c94e83d092fc0c86bb7ff553b2b6049a84a612773e0a033bc5f7df5d9eaa36e603772b440bfee0333924c,862442.0,F,,DEPLOYMENT UNKNOWN,UNKNOWN,NO INDICATION OF INJURY,UNKNOWN,UNKNOWN,UNKNOWN,,,,,2020-06-30 16:30:00,30,CLEAR,DAYLIGHT,REAR END,NOT DIVIDED,DRY,UNKNOWN,NOT ON SCENE (DESK REPORT),NO INJURY / DRIVE AWAY,Y,"$501 - $1,500",07/01/2020 01:30:00 PM,UNABLE TO DETERMINE,NOT APPLICABLE,,2,NO INDICATION OF INJURY,0.0,0.0,0.0,0.0,0.0,5.0,0.0,16,3,6,41.844330771,-87.710609783,POINT (-87.710609783291 41.844330770676),POINT (1153926.4860053046 1886479.4214684174),2020,3415 W 26TH ST
O991506,DRIVER,be329b019736b3003f5f5d9fe5e7841455e1951ce778b26b7c03e4f028e10c96fcda2f5c9c68547436855202f01900a9a9bee6bca6833673ee523dcd5fd75041,939604.0,M,58.0,NOT APPLICABLE,NONE,NO INDICATION OF INJURY,NONE,NOT OBSCURED,NORMAL,,,,,2020-11-09 16:00:00,30,CLEAR,DAYLIGHT,SIDESWIPE SAME DIRECTION,ONE-WAY,DRY,NO DEFECTS,ON SCENE,NO INJURY / DRIVE AWAY,Y,"OVER $1,500",11/09/2020 04:00:00 PM,DRIVING SKILLS/KNOWLEDGE/EXPERIENCE,NOT APPLICABLE,,2,NO INDICATION OF INJURY,0.0,0.0,0.0,0.0,0.0,2.0,0.0,16,2,11,41.753755174,-87.666101215,POINT (-87.666101214758 41.75375517379),POINT (1166310.2037431626 1853565.310021422),2020,7704 S PAULINA ST
P220799,PASSENGER,1d6121ba97d3bd488f61a2f2e9b7896435e9d01848c192fdc5ee6e3145ccfe54d87a20e53803bcbf16b7e394a0783784176a001ce9ed8480d2823a86c0a6d4cd,919527.0,,,NOT APPLICABLE,NONE,NO INDICATION OF INJURY,,,,,,,,2020-10-03 20:43:00,40,RAIN,"DARKNESS, LIGHTED ROAD",REAR END,DIVIDED - W/MEDIAN BARRIER,WET,NO DEFECTS,ON SCENE,NO INJURY / DRIVE AWAY,,"OVER $1,500",10/03/2020 08:45:00 PM,WEATHER,NOT APPLICABLE,,3,NO INDICATION OF INJURY,0.0,0.0,0.0,0.0,0.0,6.0,0.0,20,7,10,41.897686008,-87.61747391,POINT (-87.617473909604 41.897686007824),POINT (1179141.6591909893 1906119.7715599912),2020,831 N LAKE SHORE DR