PERSON_ID,PERSON_TYPE,CRASH_RECORD_ID,VEHICLE_ID,SEX,AGE,AIRBAG_DEPLOYED,EJECTION,INJURY_CLASSIFICATION,DRIVER_ACTION,DRIVER_VISION,PHYSICAL_CONDITION,PEDPEDAL_ACTION,PEDPEDAL_VISIBILITY,PEDPEDAL_LOCATION,CRASH_DATE_EST_I,CRASH_DATE,POSTED_SPEED_LIMIT,WEATHER_CONDITION,LIGHTING_CONDITION,FIRST_CRASH_TYPE,TRAFFICWAY_TYPE,ROADWAY_SURFACE_COND,ROAD_DEFECT,REPORT_TYPE,CRASH_TYPE,HIT_AND_RUN_I,DAMAGE,DATE_POLICE_NOTIFIED,PRIM_CONTRIBUTORY_CAUSE,SEC_CONTRIBUTORY_CAUSE,DOORING_I,NUM_UNITS,MOST_SEVERE_INJURY,INJURIES_TOTAL,INJURIES_FATAL,INJURIES_INCAPACITATING,INJURIES_NON_INCAPACITATING,INJURIES_REPORTED_NOT_EVIDENT,INJURIES_NO_INDICATION,INJURIES_UNKNOWN,CRASH_HOUR,CRASH_DAY_OF_WEEK,CRASH_MONTH,LATITUDE,LONGITUDE,LOCATION,geometry,YEAR,ADDRESS
P223085,PASSENGER,5a602296e848613b97221ef0e633b6a180ac9ecfa96e94dc62f3aa871cae3b83c60d6bb569f3f0a5b9500f04b107f047b04671ca869c9c88db528c5f41a66f95,930032.0,F,55.0,DID NOT DEPLOY,NONE,NO INDICATION OF INJURY,,,,,,,,2020-10-22 16:40:00,30,CLEAR,DAYLIGHT,TURNING,DIVIDED - W/MEDIAN (NOT RAISED),DRY,NO DEFECTS,NOT ON SCENE (DESK REPORT),NO INJURY / DRIVE AWAY,,"OVER $1,500",10/22/2020 05:30:00 PM,UNABLE TO DETERMINE,UNABLE TO DETERMINE,,2,NO INDICATION OF INJURY,0.0,0.0,0.0,0.0,0.0,3.0,0.0,16,5,10,41.83107789,-87.675440157,POINT (-87.675440157073 41.83107788975),POINT (1163546.3587667446 1881721.5682571898),2020,3436 S DAMEN AVE
P187707,PASSENGER,fca11ca78cb049ca20d58131df977d36382d82de6c28444c12260c1f699ec983677b3c68f624068d7893d687d1442b79bd70480dfa9656fed549de9f87cffec8,778828.0,X,,DID NOT DEPLOY,NONE,NO INDICATION OF INJURY,,,,,,,,2020-01-10 23:44:00,30,RAIN,"DARKNESS, LIGHTED ROAD",REAR END,DIVIDED - W/MEDIAN (NOT RAISED),WET,NO DEFECTS,NOT ON SCENE (DESK REPORT),NO INJURY / DRIVE AWAY,Y,"$501 - $1,500",01/11/2020 06:27:00 PM,FOLLOWING TOO CLOSELY,NOT APPLICABLE,,2,NO INDICATION OF INJURY,0.0,0.0,0.0,0.0,0.0,5.0,0.0,23,6,1,41.891791463,-87.627657741,POINT (-87.6276577412 41.891791463112),POINT (1176386.7774425894 1903948.8288490453),2020,10 E GRAND AVE
P201277,PASSENGER,06ebc76817c2fb2daf09a59cad390912721a34aba3f988d8c36709a83befbf195eeda83dcdbcd41d458c61209b10884b334ad55b8c381f80784bb7f72a86518f,836004.0,M,20.0,NOT APPLICABLE,NONE,NO INDICATION OF INJURY,,,,,,,,2020-05-08 21:20:00,15,CLEAR,"DARKNESS, LIGHTED ROAD",ANGLE,FOUR WAY,DRY,NO DEFECTS,ON SCENE,INJURY AND / OR TOW DUE TO CRASH,,"OVER $1,500",05/08/2020 09:26:00 PM,FAILING TO YIELD RIGHT-OF-WAY,UNABLE TO DETERMINE,,2,NO INDICATION OF INJURY,0.0,0.0,0.0,0.0,0.0,5.0,0.0,21,6,5,41.782764217,-87.686245667,POINT (-87.686245666713 41.782764217031),POINT (1160734.0572492818 1864093.9806143472),2020,2501 W 61ST ST
P219646,PASSENGER,973fcf99465150b2ff7f565054d603215962e2bafd54dba6a9f93ac449a8e568a57e0928837e658f53695b1609b454278cfc210a1bc9884954b7aca04df7fe13,914279.0,F,5.0,DID NOT DEPLOY,NONE,NO INDICATION OF INJURY,,,,,,,,2020-09-25 11:03:00,30,CLEAR,DAYLIGHT,REAR END,FOUR WAY,DRY,NO DEFECTS,,NO INJURY / DRIVE AWAY,,$500 OR LESS,09/25/2020 11:04:00 AM,UNABLE TO DETERMINE,UNABLE TO DETERMINE,,2,NO INDICATION OF INJURY,0.0,0.0,0.0,0.0,0.0,5.0,0.0,11,6,9,41.808542244,-87.684548202,POINT (-87.684548201832 41.808542244315),POINT (1161126.1264480522 1873490.8138449965),2020,2400 W 47TH ST
O832164,DRIVER,3c97b4b880037037553e7e83d320127fbd99ea77ec4a072146fc5b4adf5851310a62a52c2e6f2ed6d9cb253c0bf2b5dc0ca7c6f0422b2e08ae492181557a2c1f,789839.0,F,84.0,DID NOT DEPLOY,NONE,NO INDICATION OF INJURY,NONE,NOT OBSCURED,NORMAL,,,,,2020-01-30 10:59:00,30,CLEAR,DAYLIGHT,REAR END,DIVIDED - W/MEDIAN BARRIER,DRY,DEBRIS ON ROADWAY,ON SCENE,INJURY AND / OR TOW DUE TO CRASH,,"OVER $1,500",01/30/2020 10:59:00 AM,FOLLOWING TOO CLOSELY,FAILING TO REDUCE SPEED TO AVOID CRASH,,3,NO INDICATION OF INJURY,0.0,0.0,0.0,0.0,0.0,3.0,0.0,10,5,1,41.954208066,-87.682697164,POINT (-87.682697164435 41.954208066498),POINT (1161228.3514607819 1926575.089332962),2020,2136 W IRVING PARK RD
P214054,PASSENGER,5ce3939e3fd9b38987eea14a0ef19866a49f7d3603f61c18f3a737e323e5ca56ba72b2104f78a698ac9727864dc510d11fa88aa05a947a2219841467f71b8b8f,889138.0,M,,DID NOT DEPLOY,NONE,NO INDICATION OF INJURY,,,,,,,,2020-08-13 22:20:00,30,CLEAR,"DARKNESS, LIGHTED ROAD",PARKED MOTOR VEHICLE,NOT DIVIDED,DRY,NO DEFECTS,ON SCENE,INJURY AND / OR TOW DUE TO CRASH,Y,"OVER $1,500",08/13/2020 10:25:00 PM,"OPERATING VEHICLE IN ERRATIC, RECKLESS, CARELESS, NEGLIGENT OR AGGRESSIVE MANNER",UNABLE TO DETERMINE,,2,NO INDICATION OF INJURY,0.0,0.0,0.0,0.0,0.0,2.0,0.0,22,5,8,41.900857663,-87.735952013,POINT (-87.73595201349 41.900857663189),POINT (1146877.9831886692 1907028.653590691),2020,1105 N KOSTNER AVE
O982430,DRIVER,b7d29f1ab8dcf5ec2dd24f4883715b47ee3fff0c41902c7c56b2283439044e3373613a258bd9e25ab12700ecbef6177387afdc0eb10e626af3c125c363a42cd2,930992.0,M,66.0,"DEPLOYED, FRONT",NONE,NO INDICATION OF INJURY,NONE,NOT OBSCURED,NORMAL,,,,,2020-10-24 09:00:00,30,CLEAR,DAYLIGHT,REAR END,DIVIDED - W/MEDIAN (NOT RAISED),DRY,UNKNOWN,ON SCENE,INJURY AND / OR TOW DUE TO CRASH,Y,"$501 - $1,500",10/24/2020 09:00:00 AM,UNABLE TO DETERMINE,NOT APPLICABLE,,4,INCAPACITATING INJURY,1.0,0.0,1.0,0.0,0.0,6.0,0.0,9,7,10,41.802409323,-87.723573983,POINT (-87.723573983079 41.802409323239),POINT (1150502.465653674 1871178.1135113249),2020,4958 S PULASKI RD
P212803,PASSENGER,d0534fbb8077ff5df0f32cea0f9586d7720e7aa7953ee57de6c7a25c399245ea440a0ae166277a6ca411dab22146dcdaf8c944257a6eb8053530adb5d42f3a3c,883323.0,M,,DID NOT DEPLOY,NONE,NO INDICATION OF INJURY,,,,,,,,2020-08-04 16:15:00,30,CLEAR,DAYLIGHT,REAR TO SIDE,NOT DIVIDED,DRY,NO DEFECTS,NOT ON SCENE (DESK REPORT),NO INJURY / DRIVE AWAY,,"OVER $1,500",08/04/2020 05:00:00 PM,IMPROPER BACKING,UNABLE TO DETERMINE,,2,NO INDICATION OF INJURY,0.0,0.0,0.0,0.0,0.0,4.0,0.0,16,3,8,41.719875587,-87.663875784,POINT (-87.663875783635 41.71987558702),POINT (1167013.4661902979 1841224.6465371198),2020,9546 S CHARLES ST
O1030251,DRIVER,1bdc58e324c0f312d8d6a0022da1005d1e88a1f0fff3756e6734a4ae5bc95b0c83759d83c6fdfc33fd0db283c7a8f55281b96335453a142e2c3587675a36eb24,976465.0,M,38.0,DID NOT DEPLOY,NONE,NO INDICATION OF INJURY,UNKNOWN,UNKNOWN,UNKNOWN,,,,,2020-12-26 17:00:00,30,CLEAR,DAYLIGHT,ANGLE,NOT DIVIDED,DRY,UNKNOWN,NOT ON SCENE (DESK REPORT),NO INJURY / DRIVE AWAY,,"OVER $1,500",01/25/2021 05:01:00 PM,UNABLE TO DETERMINE,UNABLE TO DETERMINE,,2,NO INDICATION OF INJURY,0.0,0.0,0.0,0.0,0.0,2.0,0.0,17,7,12,41.876586533,-87.764579874,POINT (-87.76457987401 41.876586533336),POINT (1139143.0757069786 1898131.3162255974),2020,299 S CENTRAL AVE
O928960,DRIVER,061d9bdfea643e8ce64127ba734bdc04a9114e0cc2253c78f5d5f2d3dd88656ef28a83fe24ab238dda26390d04085e58f8d34f5af6a7dde99322c60bc1c4aed9,880750.0,F,25.0,NOT APPLICABLE,NONE,NO INDICATION OF INJURY,UNKNOWN,UNKNOWN,NORMAL,,,,,2020-07-31 11:50:00,30,CLEAR,DAYLIGHT,TURNING,T-INTERSECTION,DRY,NO DEFECTS,NOT ON SCENE (DESK REPORT),INJURY AND / OR TOW DUE TO CRASH,,"OVER $1,500",07/31/2020 01:30:00 PM,UNABLE TO DETERMINE,UNABLE TO DETERMINE,,2,"REPORTED, NOT EVIDENT",1.0,0.0,0.0,0.0,1.0,2.0,0.0,11,6,7,41.882049291,-87.701356421,POINT (-87.701356421227 41.882049290742),POINT (1156346.62827376 1900242.3761814162),2020,3000 W WARREN BLVD
O861919,DRIVER,12c50dcfdd311adf2f0c3b1bf1bc11d21304ca0e3aa9055ecbc72769547c96b0c676472fcc9e1ea974bd97f46447d279955ffc97e9908a7632f5dc9ebfe9e3b1,817882.0,M,32.0,NOT APPLICABLE,NONE,NO INDICATION OF INJURY,UNKNOWN,UNKNOWN,NORMAL,,,,,2020-03-14 14:20:00,30,CLEAR,DAYLIGHT,ANGLE,FOUR WAY,DRY,NO DEFECTS,ON SCENE,INJURY AND / OR TOW DUE TO CRASH,,"OVER $1,500",03/14/2020 02:24:00 PM,UNABLE TO DETERMINE,UNABLE TO DETERMINE,,2,NO INDICATION OF INJURY,0.0,0.0,0.0,0.0,0.0,5.0,0.0,14,7,3,41.893037016,-87.76523108,POINT (-87.765231080415 41.893037016144),POINT (1138926.0431882413 1904124.6723784008),2020,5598 W HURON ST
P200326,PASSENGER,c428357568e04de777e5eb222d85b2fd0c9409199403cce84d9073e6c8bb9ece43cc96efae5fca46f48f8825a8ebc21e655d4a83f1d5dfc880be729ee63f6624,832022.0,F,,DID NOT DEPLOY,NONE,NO INDICATION OF INJURY,,,,,,,,2020-04-28 21:30:00,30,RAIN,DARKNESS,REAR END,FOUR WAY,WET,NO DEFECTS,ON SCENE,NO INJURY / DRIVE AWAY,Y,"OVER $1,500",04/28/2020 09:30:00 PM,FOLLOWING TOO CLOSELY,FOLLOWING TOO CLOSELY,,2,NO INDICATION OF INJURY,0.0,0.0,0.0,0.0,0.0,5.0,0.0,21,3,4,41.809271449,-87.630891214,POINT (-87.630891213636 41.809271449146),POINT (1175752.360137243 1873871.529326537),2020,200 W 47TH ST
O886529,DRIVER,6e51fc330b326c78ddff617187ed82ae2ea66e86d0251d5db7aab3b59945b3409b17d10d5948d7154c97b9532757e57de01302acd4e237a25053e1939e122392,841003.0,M,19.0,NOT APPLICABLE,NONE,NO INDICATION OF INJURY,NONE,NOT OBSCURED,NORMAL,,,,,2020-05-20 20:03:00,30,CLEAR,DAYLIGHT,TURNING,NOT DIVIDED,DRY,UNKNOWN,ON SCENE,INJURY AND / OR TOW DUE TO CRASH,,"OVER $1,500",05/20/2020 08:10:00 PM,FAILING TO YIELD RIGHT-OF-WAY,UNABLE TO DETERMINE,,2,NONINCAPACITATING INJURY,1.0,0.0,0.0,1.0,0.0,1.0,0.0,20,4,5,41.91006511,-87.752809973,POINT (-87.752809972923 41.910065110203),POINT (1142265.9363412948 1910352.3395927676),2020,1614 N LECLAIRE AVE
P203752,PASSENGER,d7733399429ff47e53c14096a9a7ea43d210c9cb7ca466c2189583ed9380541e53c43a7584d43f5ff68c97ed9140e6f73c687e9fe3c3c55639ad4b5ad464b67d,846027.0,F,10.0,"DEPLOYED, COMBINATION",NONE,NO INDICATION OF INJURY,,,,,,,,2020-05-31 17:56:00,30,CLEAR,DAYLIGHT,ANGLE,NOT DIVIDED,DRY,NO DEFECTS,ON SCENE,INJURY AND / OR TOW DUE TO CRASH,Y,"OVER $1,500",05/31/2020 05:57:00 PM,DISREGARDING STOP SIGN,FAILING TO YIELD RIGHT-OF-WAY,,2,NONINCAPACITATING INJURY,1.0,0.0,0.0,1.0,0.0,4.0,0.0,17,1,5,41.696170868,-87.620655456,POINT (-87.62065545552 41.696170868376),POINT (1178884.272762054 1832681.6338197119),2020,10901 S MICHIGAN AVE
O847028,DRIVER,c5adcdaf11c5e0bee8d26f01c1d9eae5afb1262727419914f72fda3df0f548680fad3c4a1bfc73d5fc4ed29648207aeee000d60ac07cf61a799aed8a3f191e2d,803816.0,F,22.0,DID NOT DEPLOY,UNKNOWN,NO INDICATION OF INJURY,UNKNOWN,UNKNOWN,UNKNOWN,,,,,2020-02-21 10:30:00,30,CLEAR,DAYLIGHT,SIDESWIPE SAME DIRECTION,NOT DIVIDED,DRY,NO DEFECTS,NOT ON SCENE (DESK REPORT),NO INJURY / DRIVE AWAY,,"OVER $1,500",02/21/2020 10:47:00 AM,UNABLE TO DETERMINE,UNABLE TO DETERMINE,,2,NO INDICATION OF INJURY,0.0,0.0,0.0,0.0,0.0,2.0,0.0,10,6,2,41.994682175,-87.658635374,POINT (-87.658635374098 41.994682174724),POINT (1167657.2250559758 1941374.6621869903),2020,1106 W GRANVILLE AVE
O850287,DRIVER,7b9d78f573386cf52aac9ddf9c703b56b92aca0b52c7ded74040881a4f6fc96d57af9d2d0d4f14751e1a6ad8d4eb98990d76af08bb5dd60bb1b4c48e19e71e5c,806928.0,M,,NOT APPLICABLE,NONE,NO INDICATION OF INJURY,UNKNOWN,NOT OBSCURED,NORMAL,,,,,2020-02-26 11:45:00,30,CLEAR,DAYLIGHT,SIDESWIPE SAME DIRECTION,DIVIDED - W/MEDIAN BARRIER,DRY,NO DEFECTS,NOT ON SCENE (DESK REPORT),NO INJURY / DRIVE AWAY,,"OVER $1,500",02/26/2020 01:30:00 PM,UNABLE TO DETERMINE,UNABLE TO DETERMINE,,2,NO INDICATION OF INJURY,0.0,0.0,0.0,0.0,0.0,2.0,0.0,11,4,2,41.886723278,-87.627508664,POINT (-87.627508664155 41.886723278098),POINT (1176442.5590086018 1902102.3170031037),2020,11 E WACKER DR
P206881,PASSENGER,b02a3a561470db7f6984d84f364cd83f3b1fb8e3a8310d64b305f4cf6001f5428e326814733c0c90c50d6a6a9da954109365dae0ae53d58b5c01da2d135c3430,859249.0,F,18.0,DID NOT DEPLOY,NONE,NO INDICATION OF INJURY,,,,,,,,2020-06-25 15:18:00,25,CLEAR,DAYLIGHT,SIDESWIPE SAME DIRECTION,ONE-WAY,DRY,NO DEFECTS,ON SCENE,NO INJURY / DRIVE AWAY,,"OVER $1,500",06/25/2020 03:34:00 PM,FAILING TO YIELD RIGHT-OF-WAY,NOT APPLICABLE,,2,NO INDICATION OF INJURY,0.0,0.0,0.0,0.0,0.0,6.0,0.0,15,5,6,41.748508361,-87.600403529,POINT (-87.600403528567 41.748508360788),POINT (1184252.7945907197 1851799.286826184),2020,8032 S ELLIS AVE
O962160,DRIVER,2beef382d61acd9be87ea500ab2d7f0f7c1254e91eb5630650f035793e4bb3358fab16669d730a5ab3841dadd9b77c361e976ce489fa754f2bf3329bd4dcc3e2,911883.0,X,,DEPLOYMENT UNKNOWN,NONE,NO INDICATION OF INJURY,FOLLOWED TOO CLOSELY,UNKNOWN,UNKNOWN,,,,,2020-09-20 21:30:00,30,CLEAR,DAYLIGHT,PARKED MOTOR VEHICLE,ONE-WAY,DRY,NO DEFECTS,NOT ON SCENE (DESK REPORT),NO INJURY / DRIVE AWAY,Y,"OVER $1,500",09/21/2020 09:00:00 AM,UNABLE TO DETERMINE,NOT APPLICABLE,,2,NO INDICATION OF INJURY,0.0,0.0,0.0,0.0,0.0,1.0,0.0,21,1,9,41.830433259,-87.623388541,POINT (-87.623388540761 41.8304332588),POINT (1177734.0635547086 1881599.6052151043),2020,3520 S MICHIGAN AVE
O916575,DRIVER,632aa2d2e0699d0a6cbfc1514619b0229e1b0a98230d259545d3c2dc50e81424473616a2f5637ae8890b37720867d10be594603491eb1b4b6829b10df0a5d7df,868988.0,M,23.0,"DEPLOYED, FRONT",NONE,NO INDICATION OF INJURY,UNKNOWN,UNKNOWN,NORMAL,,,,,2020-07-11 17:25:00,30,CLEAR,DAYLIGHT,PARKED MOTOR VEHICLE,ONE-WAY,DRY,UNKNOWN,ON SCENE,NO INJURY / DRIVE AWAY,,"OVER $1,500",07/11/2020 05:36:00 PM,IMPROPER LANE USAGE,UNABLE TO DETERMINE,,3,NO INDICATION OF INJURY,0.0,0.0,0.0,0.0,0.0,1.0,0.0,17,7,7,41.788260403,-87.685042922,POINT (-87.685042922358 41.788260403054),POINT (1161046.989808272 1866099.222253493),2020,2431 W 58TH ST
O878267,DRIVER,7c2637ba7dd1a28f876dce1e443324e044095fbb1a3a924991e7556e5751d1545e11c4110ed73dd1b341c02a34b076ec452a985fdaf9efa566b760859bb5b39b,833196.0,M,42.0,DID NOT DEPLOY,NONE,NO INDICATION OF INJURY,UNKNOWN,NOT OBSCURED,NORMAL,,,,,2020-05-01 23:45:00,5,CLEAR,"DARKNESS, LIGHTED ROAD",REAR TO SIDE,PARKING LOT,DRY,NO DEFECTS,ON SCENE,NO INJURY / DRIVE AWAY,,$500 OR LESS,05/01/2020 11:55:00 PM,UNABLE TO DETERMINE,UNABLE TO DETERMINE,,2,NO INDICATION OF INJURY,0.0,0.0,0.0,0.0,0.0,2.0,0.0,23,6,5,41.778624993,-87.735029364,POINT (-87.735029364106 41.778624993141),POINT (1147439.4271535648 1862489.3271579565),2020,4500 W 63RD ST
O994357,DRIVER,20c8977645765f450448598e4ef85f111e8a1d55925d06cb6fefbf883b90cbbe7b49f61c87d226567e77a297a85e7bfad0b8d400f1da3c3eb3f8a0b8943ad3bf,942268.0,M,,DID NOT DEPLOY,NONE,NO INDICATION OF INJURY,UNKNOWN,NOT OBSCURED,NORMAL,,,,,2020-11-14 23:00:00,30,RAIN,"DARKNESS, LIGHTED ROAD",REAR END,NOT DIVIDED,WET,NO DEFECTS,NOT ON SCENE (DESK REPORT),NO INJURY / DRIVE AWAY,,"OVER $1,500",11/14/2020 11:45:00 PM,UNABLE TO DETERMINE,UNABLE TO DETERMINE,,2,NO INDICATION OF INJURY,0.0,0.0,0.0,0.0,0.0,2.0,0.0,23,7,11,41.798672033,-87.743598778,POINT (-87.743598778437 41.798672032748),POINT (1145051.9744557657 1869778.1735752549),2020,5414 S ARCHER AVE
O927221,DRIVER,3b7c4ff62acaf0fc460202d5f46f671d81568fc94fa2e86714a1ec9671bf1c147b3f539a482b1d938156f1b582e3bbdc0cc048ee5e50ab981cba7d883b7bd202,879056.0,F,46.0,DID NOT DEPLOY,NONE,NO INDICATION OF INJURY,FOLLOWED TOO CLOSELY,UNKNOWN,NORMAL,,,,,2020-07-28 17:46:00,30,CLEAR,DAYLIGHT,REAR END,DIVIDED - W/MEDIAN (NOT RAISED),DRY,NO DEFECTS,ON SCENE,NO INJURY / DRIVE AWAY,,"OVER $1,500",07/28/2020 05:47:00 PM,UNABLE TO DETERMINE,NOT APPLICABLE,,2,NO INDICATION OF INJURY,0.0,0.0,0.0,0.0,0.0,2.0,0.0,17,3,7,41.942387587,-87.707559426,POINT (-87.707559426347 41.942387587153),POINT (1154497.032340361 1922217.3103209734),2020,3349 N KEDZIE AVE
O1005752,DRIVER,67af3bde99ad12919c43fe71c5f753eb43af78c079d705906f6cb002d711eebd3fbdefafd8eeef3e7923ea45303aa9ecff4a509842e0b894eb7be5c93dda52bd,953153.0,F,,DID NOT DEPLOY,UNKNOWN,NO INDICATION OF INJURY,UNKNOWN,UNKNOWN,UNKNOWN,,,,,2020-12-08 16:00:00,30,UNKNOWN,UNKNOWN,REAR END,NOT DIVIDED,UNKNOWN,UNKNOWN,NOT ON SCENE (DESK REPORT),NO INJURY / DRIVE AWAY,,"OVER $1,500",12/08/2020 04:30:00 PM,UNABLE TO DETERMINE,NOT APPLICABLE,,3,NO INDICATION OF INJURY,0.0,0.0,0.0,0.0,0.0,3.0,0.0,16,3,12,41.94685643,-87.670809132,POINT (-87.67080913181 41.946856430289),POINT (1164482.717860462 1923920.9031947136),2020,1649 W ADDISON ST
P189139,PASSENGER,8964c907df44d8d081bf1b052fca4b4db2f0f04af92dc1339c7295b242574f2f5709879888db84638836fe4829c098dbac3f5c740dc0bb42984d414223139d6a,784964.0,M,,NOT APPLICABLE,NONE,NO INDICATION OF INJURY,,,,,,,,2020-01-21 20:23:00,30,CLOUDY/OVERCAST,"DARKNESS, LIGHTED ROAD",REAR END,NOT DIVIDED,WET,NO DEFECTS,ON SCENE,NO INJURY / DRIVE AWAY,,"$501 - $1,500",01/21/2020 08:24:00 PM,FOLLOWING TOO CLOSELY,NOT APPLICABLE,,3,NO INDICATION OF INJURY,0.0,0.0,0.0,0.0,0.0,4.0,0.0,20,3,1,42.011009534,-87.662838,POINT (-87.662838000224 42.0110095344),POINT (1166468.2001855667 1947315.4875498025),2020,7064 N SHERIDAN RD
O897784,DRIVER,2404475c4030c43d14ea4bcac37ea0c6912c308f54dc636903f3bb6cbcd7c8a30d88bfd01dc44439de2eef7e291420f3994de8a8e25586b568c7cdc7c9258ff9,851285.0,M,28.0,DEPLOYMENT UNKNOWN,NONE,INCAPACITATING INJURY,NONE,NOT OBSCURED,NORMAL,,,,,2020-06-11 06:46:00,30,CLEAR,DAYLIGHT,ANGLE,T-INTERSECTION,DRY,NO DEFECTS,ON SCENE,INJURY AND / OR TOW DUE TO CRASH,,"OVER $1,500",06/11/2020 06:46:00 AM,FAILING TO YIELD RIGHT-OF-WAY,FAILING TO YIELD RIGHT-OF-WAY,,2,INCAPACITATING INJURY,2.0,0.0,2.0,0.0,0.0,0.0,0.0,6,5,6,41.766373506,-87.573796777,POINT (-87.573796777147 41.766373506293),POINT (1191455.8500026932 1858372.1733445656),2020,2100 E 71ST ST
O844037,DRIVER,85c9c503a34368e7de3eff5b5c66e85a09574b330d2b1c04d0652f33ea68f02c21076308551455ec4d54525c342d8f43a47b75ea1222f036d0520adadbedc0d0,800998.0,M,,DEPLOYMENT UNKNOWN,NONE,NO INDICATION OF INJURY,FOLLOWED TOO CLOSELY,UNKNOWN,UNKNOWN,,,,,2020-02-14 18:00:00,30,CLEAR,DUSK,REAR END,NOT DIVIDED,DRY,NO DEFECTS,NOT ON SCENE (DESK REPORT),NO INJURY / DRIVE AWAY,Y,"OVER $1,500",02/14/2020 06:00:00 PM,FOLLOWING TOO CLOSELY,UNABLE TO DETERMINE,,2,NO INDICATION OF INJURY,0.0,0.0,0.0,0.0,0.0,2.0,0.0,18,6,2,41.751147467,-87.60683904,POINT (-87.606839040234 41.751147466776),POINT (1182488.5333316072 1852746.0605169837),2020,719 E 79TH ST
O967954,DRIVER,dfa3f6f60706ca331212e9b04831d938f61ed1dd24a161d0845c0f3f6a91cecc080e1b0fd5be44760c0cef639a7b090b9f846f1c4a60c610b8791f54770cd66e,917337.0,M,,DEPLOYMENT UNKNOWN,NONE,NO INDICATION OF INJURY,FAILED TO YIELD,UNKNOWN,UNKNOWN,,,,,2020-09-30 11:15:00,30,CLEAR,DAYLIGHT,REAR END,NOT DIVIDED,DRY,NO DEFECTS,NOT ON SCENE (DESK REPORT),NO INJURY / DRIVE AWAY,Y,"$501 - $1,500",09/30/2020 03:20:00 PM,FAILING TO YIELD RIGHT-OF-WAY,NOT APPLICABLE,,2,NO INDICATION OF INJURY,0.0,0.0,0.0,0.0,0.0,2.0,0.0,11,4,9,41.895476752,-87.72614436,POINT (-87.726144359916 41.895476751637),POINT (1149561.8559397552 1905086.5964460226),2020,4000 W CHICAGO AVE
O1002996,DRIVER,0667ab3f4a5e476d499dfd95795a7dc51acaf1c5ca6bc23961b86e68826abe62ed6349a1bde783ed0e8b6a27d6b39bcb1467fb970fd468a36bb91aae78c77f4f,950512.0,M,50.0,"DEPLOYED, FRONT",NONE,NO INDICATION OF INJURY,FAILED TO YIELD,UNKNOWN,NORMAL,,,,,2020-12-02 16:13:00,30,CLEAR,DUSK,SIDESWIPE SAME DIRECTION,NOT DIVIDED,DRY,NO DEFECTS,ON SCENE,INJURY AND / OR TOW DUE TO CRASH,,"OVER $1,500",12/02/2020 04:17:00 PM,DRIVING ON WRONG SIDE/WRONG WAY,FAILING TO REDUCE SPEED TO AVOID CRASH,,2,NO INDICATION OF INJURY,0.0,0.0,0.0,0.0,0.0,2.0,0.0,16,4,12,41.907881497,-87.74811542,POINT (-87.748115420087 41.907881496918),POINT (1143549.206929427 1909565.3141637733),2020,4850 W LE MOYNE ST
O933627,DRIVER,304b9d3a3ee8729aa73282e45dcc2c0e3eef301211866d790fde377329059fb62add05551df6a9f14eefa67029b00c64e67a12aacccc48f24131c498c699c23c,885080.0,F,58.0,NOT APPLICABLE,NONE,NO INDICATION OF INJURY,NONE,UNKNOWN,NORMAL,,,,,2020-08-07 15:25:00,35,CLEAR,DAYLIGHT,HEAD ON,NOT DIVIDED,DRY,NO DEFECTS,ON SCENE,INJURY AND / OR TOW DUE TO CRASH,,"OVER $1,500",08/07/2020 03:29:00 PM,UNABLE TO DETERMINE,UNABLE TO DETERMINE,,2,NO INDICATION OF INJURY,0.0,0.0,0.0,0.0,0.0,5.0,0.0,15,6,8,42.002861479,-87.818136309,POINT (-87.81813630879 42.00286147946),POINT (1124281.0442367513 1944054.0062142299),2020,6700 N OSHKOSH AVE
O897612,DRIVER,5573e58effddd37011cb8916159f9aa091aad25cb5096b6333ea20e99fd625ff1076c606af45040f99bdc12c3f45213d933c4569d35c7ce87dce5a8bd6326ed9,851102.0,F,,DEPLOYMENT UNKNOWN,NONE,NO INDICATION OF INJURY,NONE,UNKNOWN,UNKNOWN,,,,,2020-06-10 19:40:00,30,CLEAR,DAYLIGHT,SIDESWIPE SAME DIRECTION,NOT DIVIDED,DRY,NO DEFECTS,NOT ON SCENE (DESK REPORT),NO INJURY / DRIVE AWAY,,$500 OR LESS,06/10/2020 07:51:00 PM,NOT APPLICABLE,NOT APPLICABLE,,2,NO INDICATION OF INJURY,0.0,0.0,0.0,0.0,0.0,3.0,0.0,19,4,6,41.77833539,-87.742436494,POINT (-87.74243649416 41.778335390453),POINT (1145419.824321159 1862369.8287980764),2020,6300 S CICERO AVE
O829067,DRIVER,bb0fcbad90ae62a46198d3041d929724a7885d7d7b90545af6318d590061427f7b74be07a806a0552591cb5d2cdbd4dac6192d272cf496751d77b492882e08d5,786970.0,F,28.0,NOT APPLICABLE,NONE,NO INDICATION OF INJURY,FAILED TO YIELD,UNKNOWN,NORMAL,,,,,2020-01-24 19:00:00,30,RAIN,"DARKNESS, LIGHTED ROAD",ANGLE,NOT DIVIDED,WET,UNKNOWN,ON SCENE,INJURY AND / OR TOW DUE TO CRASH,,"OVER $1,500",01/24/2020 07:01:00 PM,UNABLE TO DETERMINE,DRIVING SKILLS/KNOWLEDGE/EXPERIENCE,,3,"REPORTED, NOT EVIDENT",1.0,0.0,0.0,0.0,1.0,2.0,0.0,19,6,1,41.778021462,-87.732364147,POINT (-87.732364147435 41.778021461658),POINT (1148167.9139583001 1862274.474158971),2020,6313 S KOSTNER AVE