PERSON_ID,PERSON_TYPE,CRASH_RECORD_ID,VEHICLE_ID,SEX,AGE,AIRBAG_DEPLOYED,EJECTION,INJURY_CLASSIFICATION,DRIVER_ACTION,DRIVER_VISION,PHYSICAL_CONDITION,PEDPEDAL_ACTION,PEDPEDAL_VISIBILITY,PEDPEDAL_LOCATION,CRASH_DATE_EST_I,CRASH_DATE,POSTED_SPEED_LIMIT,WEATHER_CONDITION,LIGHTING_CONDITION,FIRST_CRASH_TYPE,TRAFFICWAY_TYPE,ROADWAY_SURFACE_COND,ROAD_DEFECT,REPORT_TYPE,CRASH_TYPE,HIT_AND_RUN_I,DAMAGE,DATE_POLICE_NOTIFIED,PRIM_CONTRIBUTORY_CAUSE,SEC_CONTRIBUTORY_CAUSE,DOORING_I,NUM_UNITS,MOST_SEVERE_INJURY,INJURIES_TOTAL,INJURIES_FATAL,INJURIES_INCAPACITATING,INJURIES_NON_INCAPACITATING,INJURIES_REPORTED_NOT_EVIDENT,INJURIES_NO_INDICATION,INJURIES_UNKNOWN,CRASH_HOUR,CRASH_DAY_OF_WEEK,CRASH_MONTH,LATITUDE,LONGITUDE,LOCATION,geometry,YEAR,ADDRESS
P204602,PASSENGER,f97506d6161310040fab808d72b4ef1498b259a06a76143c0c525c0dc20e4e271213b3635df570daf3e69433273bf517b5aa835f909f5502977d2b8ba55a7f40,849630.0,M,,NOT APPLICABLE,NONE,NO INDICATION OF INJURY,,,,,,,,2020-06-07 22:00:00,30,CLEAR,"DARKNESS, LIGHTED ROAD",REAR END,OTHER,DRY,NO DEFECTS,ON SCENE,NO INJURY / DRIVE AWAY,,"OVER $1,500",06/07/2020 10:20:00 PM,UNABLE TO DETERMINE,NOT APPLICABLE,,2,NO INDICATION OF INJURY,0.0,0.0,0.0,0.0,0.0,5.0,0.0,22,1,6,41.866142102,-87.719189941,POINT (-87.719189941159 41.866142102433),POINT (1151531.7516456463 1894410.5691732678),2020,3731 W ROOSEVELT RD
O1010283,DRIVER,e552372bd94498ca047f92b3dd91537228f1dac941b08814f7378fa99151924e7fb5848ee0668e3c7fe14853a67c22db5ee1a6d13be05ba4bebab4dc78cf9668,957491.0,F,21.0,NOT APPLICABLE,NONE,NO INDICATION OF INJURY,OVERCORRECTED,UNKNOWN,NORMAL,,,,,2020-12-17 12:00:00,15,BLOWING SNOW,DAYLIGHT,SIDESWIPE SAME DIRECTION,RAMP,ICE,UNKNOWN,ON SCENE,INJURY AND / OR TOW DUE TO CRASH,,"OVER $1,500",12/17/2020 12:01:00 PM,WEATHER,WEATHER,,4,NONINCAPACITATING INJURY,1.0,0.0,0.0,1.0,0.0,3.0,0.0,12,5,12,41.799729101,-87.583974985,POINT (-87.583974985364 41.799729101474),POINT (1188573.231682375 1870502.382090608),2020,1700 E 53RD ST
O865663,PEDESTRIAN,50f4082b942e4dcba644971e2463d155d6feb50cd4f976fc525a87993f61a4c8d937315207097e50a963b34b063cad00054e874da8593835b72edb51d32fd2a4,,M,62.0,,,NO INDICATION OF INJURY,NONE,OTHER,NORMAL,CROSSING - WITH SIGNAL,NO CONTRASTING CLOTHING,IN CROSSWALK,,2020-03-23 15:18:00,30,CLEAR,DAYLIGHT,PEDESTRIAN,DIVIDED - W/MEDIAN (NOT RAISED),DRY,NO DEFECTS,ON SCENE,NO INJURY / DRIVE AWAY,,$500 OR LESS,03/23/2020 03:21:00 PM,UNABLE TO DETERMINE,UNABLE TO DETERMINE,,2,NO INDICATION OF INJURY,0.0,0.0,0.0,0.0,0.0,2.0,0.0,15,2,3,41.844144689,-87.724778253,POINT (-87.724778252938 41.84414468925),POINT (1150066.398841472 1886383.9403199207),2020,4005 W 26TH ST
P208122,PASSENGER,96dee6c07378a0149f5d776f3baf4f998b4360d003ab1e24cecd5f03cbf34f3fb4c23c3c9280f982b5165e91ef0b8b60666189179b07a0210244a09873372a95,864076.0,F,,DID NOT DEPLOY,NONE,NO INDICATION OF INJURY,,,,,,,,2020-07-03 21:53:00,30,CLEAR,"DARKNESS, LIGHTED ROAD",SIDESWIPE OPPOSITE DIRECTION,DIVIDED - W/MEDIAN (NOT RAISED),DRY,NO DEFECTS,ON SCENE,INJURY AND / OR TOW DUE TO CRASH,,"OVER $1,500",07/03/2020 10:17:00 PM,"OPERATING VEHICLE IN ERRATIC, RECKLESS, CARELESS, NEGLIGENT OR AGGRESSIVE MANNER",NOT APPLICABLE,,2,FATAL,3.0,1.0,2.0,0.0,0.0,2.0,0.0,21,6,7,41.884404345,-87.705225113,POINT (-87.705225113381 41.884404345057),POINT (1155286.8406307916 1901092.8209146345),2020,3138 W LAKE ST
O833260,DRIVER,35d41002d40b6d0d76d15e2b9455feedf4e758023f9a63af89702324858945b43fcf3e88c6938955fb4f297559ad6cefd2dfa10f180a60becabe23164c47fe86,790868.0,M,36.0,"DEPLOYED, FRONT",NONE,NONINCAPACITATING INJURY,UNKNOWN,NOT OBSCURED,NORMAL,,,,,2020-02-01 01:55:00,30,RAIN,"DARKNESS, LIGHTED ROAD",TURNING,NOT DIVIDED,WET,NO DEFECTS,ON SCENE,INJURY AND / OR TOW DUE TO CRASH,,"OVER $1,500",02/01/2020 01:59:00 AM,FAILING TO YIELD RIGHT-OF-WAY,UNABLE TO DETERMINE,,3,NONINCAPACITATING INJURY,2.0,0.0,0.0,2.0,0.0,0.0,0.0,1,7,2,41.939182607,-87.728760435,POINT (-87.728760435318 41.939182606825),POINT (1148737.3334808177 1921008.0142571032),2020,4038 W BELMONT AVE
O977469,DRIVER,4b9c890007e40e2f82b0e5aee21b7d714321a3b0e08d94ecebaaa6ac3fe033cf10b94b247140e90c98a3055981467dadd51b84bc5d93ca9deb7c9bebab7aa6de,926280.0,X,,DEPLOYMENT UNKNOWN,UNKNOWN,NO INDICATION OF INJURY,FAILED TO YIELD,UNKNOWN,UNKNOWN,,,,,2020-10-15 19:20:00,30,CLEAR,"DARKNESS, LIGHTED ROAD",SIDESWIPE OPPOSITE DIRECTION,NOT DIVIDED,DRY,NO DEFECTS,ON SCENE,NO INJURY / DRIVE AWAY,Y,"OVER $1,500",10/15/2020 07:26:00 PM,FAILING TO YIELD RIGHT-OF-WAY,IMPROPER BACKING,,4,NO INDICATION OF INJURY,0.0,0.0,0.0,0.0,0.0,8.0,0.0,19,5,10,41.820070383,-87.694714835,POINT (-87.694714835496 41.820070382509),POINT (1158323.1995282911 1877670.8448856464),2020,4032 S CALIFORNIA AVE
O915900,DRIVER,984dd995e0ac707f40c849f2ab60258328966d4f1bdf392dc25a4510882deb2b263a45d5accbc22c1d5aae4a211f533674229be38b210319489202f11aae6e42,868351.0,M,19.0,NOT APPLICABLE,NONE,NO INDICATION OF INJURY,NONE,UNKNOWN,UNKNOWN,,,,,2020-07-10 18:12:00,30,CLEAR,DAYLIGHT,REAR TO SIDE,OTHER,DRY,UNKNOWN,NOT ON SCENE (DESK REPORT),NO INJURY / DRIVE AWAY,,"OVER $1,500",07/10/2020 06:45:00 PM,IMPROPER BACKING,NOT APPLICABLE,,2,NO INDICATION OF INJURY,0.0,0.0,0.0,0.0,0.0,2.0,0.0,18,6,7,41.853521875,-87.707887866,POINT (-87.70788786643 41.853521874813),POINT (1154643.7502820124 1889834.0181870686),2020,2100 S SPAULDING AVE
P201600,PASSENGER,ce5eb4d2c60177b89e0ae806f415759bbcd145bcbd3ebd7d044c216dd8ab44068ba6a36ac41ac6bc34687898d446198cba843efd8f3988ccafb2b5c2686685a2,837213.0,F,12.0,"DEPLOYED, COMBINATION",NONE,NONINCAPACITATING INJURY,,,,,,,,2020-05-11 18:22:00,30,CLEAR,DAYLIGHT,HEAD ON,DIVIDED - W/MEDIAN BARRIER,DRY,NO DEFECTS,ON SCENE,INJURY AND / OR TOW DUE TO CRASH,,"OVER $1,500",05/11/2020 06:24:00 PM,UNDER THE INFLUENCE OF ALCOHOL/DRUGS (USE WHEN ARREST IS EFFECTED),IMPROPER LANE USAGE,,2,INCAPACITATING INJURY,2.0,0.0,1.0,1.0,0.0,1.0,0.0,18,2,5,41.819789735,-87.743632011,POINT (-87.743632010866 41.819789734897),POINT (1144990.1119848753 1877473.2723542636),2020,4030 S CICERO AVE
O925924,DRIVER,36b53dc108dffba6121df0b59c0053c8a2f18210419b9509c689c489832e48afe99d9bf44aa37319d04f7cad3dc98c65b3f4a70ff70d6458645a6811bfb170f2,877866.0,M,,DID NOT DEPLOY,NONE,NO INDICATION OF INJURY,NONE,NOT OBSCURED,NORMAL,,,,,2020-07-26 17:50:00,30,CLEAR,DAYLIGHT,REAR END,NOT DIVIDED,DRY,NO DEFECTS,NOT ON SCENE (DESK REPORT),NO INJURY / DRIVE AWAY,,"$501 - $1,500",07/26/2020 06:45:00 PM,FOLLOWING TOO CLOSELY,FAILING TO REDUCE SPEED TO AVOID CRASH,,2,NO INDICATION OF INJURY,0.0,0.0,0.0,0.0,0.0,3.0,0.0,17,1,7,41.92366978,-87.800019548,POINT (-87.800019547738 41.923669780217),POINT (1129384.8243955262 1915226.449815685),2020,6958 W GRAND AVE
O993068,DRIVER,56748ec65efe33bfaca16011e20c429edcde3380adc2d6fb926b0336cc5382319fde193f9485a602e841ed51c99acb3c57e8dcf32d2a4abcdef581dc1b9713ca,941050.0,F,26.0,DID NOT DEPLOY,NONE,NO INDICATION OF INJURY,UNKNOWN,NOT OBSCURED,NORMAL,,,,,2020-11-12 15:45:00,30,CLEAR,DAYLIGHT,REAR END,ONE-WAY,DRY,NO DEFECTS,NOT ON SCENE (DESK REPORT),NO INJURY / DRIVE AWAY,Y,"OVER $1,500",11/12/2020 04:55:00 PM,UNABLE TO DETERMINE,NOT APPLICABLE,,2,NO INDICATION OF INJURY,0.0,0.0,0.0,0.0,0.0,2.0,0.0,15,5,11,41.750891047,-87.625968505,POINT (-87.625968505423 41.750891046593),POINT (1177269.4124523478 1852609.1277254876),2020,7900 S LAFAYETTE AVE
O855225,DRIVER,1cf9ef61621b8fc8aedf75486f92d33144e34c394dd09d4c74d457e47da050a81a0232e32b00b2b3e125714148de2475f1313b66a76694a8b99753384d5604f2,811581.0,X,,"DEPLOYED, COMBINATION",UNKNOWN,NO INDICATION OF INJURY,UNKNOWN,UNKNOWN,UNKNOWN,,,,,2020-03-03 01:10:00,30,CLEAR,"DARKNESS, LIGHTED ROAD",PARKED MOTOR VEHICLE,ONE-WAY,DRY,NO DEFECTS,,INJURY AND / OR TOW DUE TO CRASH,Y,"OVER $1,500",03/03/2020 01:11:00 AM,UNABLE TO DETERMINE,UNABLE TO DETERMINE,,2,NO INDICATION OF INJURY,0.0,0.0,0.0,0.0,0.0,1.0,0.0,1,3,3,41.855587184,-87.705217021,POINT (-87.705217020566 41.855587184434),POINT (1155365.882354223 1890591.9221128763),2020,1877 S KEDZIE AVE
P186258,PASSENGER,4b1a98416af46afec84635e3694043e125395e0ceb5dd3387ee76cfc62efdccb93b80e36291c477ccc262b5e5a83a8058d40c431aa0eb10f63f00dd077450080,772997.0,M,32.0,NOT APPLICABLE,NONE,NO INDICATION OF INJURY,,,,,,,,2020-01-01 11:45:00,10,CLEAR,DAYLIGHT,REAR TO SIDE,PARKING LOT,SNOW OR SLUSH,NO DEFECTS,NOT ON SCENE (DESK REPORT),NO INJURY / DRIVE AWAY,,"$501 - $1,500",01/01/2020 12:20:00 PM,FAILING TO YIELD RIGHT-OF-WAY,NOT APPLICABLE,,2,NO INDICATION OF INJURY,0.0,0.0,0.0,0.0,0.0,3.0,0.0,11,4,1,41.938044656,-87.795923822,POINT (-87.79592382204 41.938044655767),POINT (1130466.596842086 1920471.6298550046),2020,6805 W BELMONT AVE
P223114,PASSENGER,89fa5e074dd6a022fefac18d3f820a30b6f1b5b999e1d1818263f7659dbaf682867878ab6a1c5fc85a2adc4ba77703426ae1b7b2ce2e0f4552eab2b6d3390cd7,930128.0,F,,NOT APPLICABLE,NONE,NONINCAPACITATING INJURY,,,,,,,,2020-10-22 18:20:00,30,CLEAR,DAYLIGHT,HEAD ON,NOT DIVIDED,DRY,UNKNOWN,ON SCENE,INJURY AND / OR TOW DUE TO CRASH,,"OVER $1,500",10/22/2020 06:30:00 PM,UNABLE TO DETERMINE,NOT APPLICABLE,,2,NONINCAPACITATING INJURY,4.0,0.0,0.0,4.0,0.0,0.0,0.0,18,5,10,41.97578099,-87.775816366,POINT (-87.775816366244 41.975780990079),POINT (1135847.9231113957 1934257.7979371857),2020,5900 W FOSTER AVE
P221323,PASSENGER,a5fd3bb9de6b6f1f9b5f30895d290c1689d51ea886667e9c27efbd631f87e7bac9d34c33468cf10f7f1c21299bb702050b18979150fa9bd10be937140a9d2233,921779.0,M,59.0,NOT APPLICABLE,NONE,NO INDICATION OF INJURY,,,,,,,,2020-10-07 17:53:00,30,CLEAR,DAYLIGHT,SIDESWIPE SAME DIRECTION,DIVIDED - W/MEDIAN BARRIER,DRY,NO DEFECTS,NOT ON SCENE (DESK REPORT),NO INJURY / DRIVE AWAY,Y,"OVER $1,500",10/07/2020 05:53:00 PM,UNABLE TO DETERMINE,UNABLE TO DETERMINE,,2,NO INDICATION OF INJURY,0.0,0.0,0.0,0.0,0.0,5.0,0.0,17,4,10,41.706710251,-87.642973818,POINT (-87.642973818316 41.706710250769),POINT (1172758.2470218868 1836472.4130646887),2020,10304 S HALSTED ST
O913907,DRIVER,13bb1abd0406098677cf1e4aa3da475f37f5c434698b7cc357fc6afbe01dc49f61c25faa990d417d809de0a8fb20acb16b54d9cdbe302a55bc631e63156cc7d8,866437.0,M,26.0,NOT APPLICABLE,NONE,NO INDICATION OF INJURY,FAILED TO YIELD,NOT OBSCURED,NORMAL,,,,,2020-07-07 13:15:00,30,CLEAR,DAYLIGHT,TURNING,NOT DIVIDED,DRY,NO DEFECTS,NOT ON SCENE (DESK REPORT),NO INJURY / DRIVE AWAY,,"OVER $1,500",07/07/2020 05:30:00 PM,FAILING TO YIELD RIGHT-OF-WAY,NOT APPLICABLE,,2,NO INDICATION OF INJURY,0.0,0.0,0.0,0.0,0.0,2.0,0.0,13,3,7,41.870513237,-87.673591581,POINT (-87.673591580717 41.870513237197),POINT (1163939.75237666 1896095.5549644928),2020,835 S WOLCOTT AVE
O916925,DRIVER,a200771f28b0d46c659ebedc5a82fb208a8df463bd0417ff10108cf258c730b4c9e97fdbc273965093786c852c033655f0d93968769bfe7dfe48a0bc85dd3b08,869328.0,X,,DEPLOYMENT UNKNOWN,NONE,NO INDICATION OF INJURY,UNKNOWN,UNKNOWN,UNKNOWN,,,,,2020-07-12 10:30:00,30,CLEAR,DAYLIGHT,PARKED MOTOR VEHICLE,ONE-WAY,DRY,NO DEFECTS,ON SCENE,NO INJURY / DRIVE AWAY,Y,"$501 - $1,500",07/12/2020 11:40:00 AM,UNABLE TO DETERMINE,UNABLE TO DETERMINE,,2,NO INDICATION OF INJURY,0.0,0.0,0.0,0.0,0.0,1.0,0.0,10,1,7,41.920371064,-87.773308154,POINT (-87.773308153623 41.920371063663),POINT (1136661.8784336483 1914070.7364766668),2020,2206 N MARMORA AVE
O979876,DRIVER,83e0f7cc16071f48f51f2332ea3a4e86aca7fcc02cecf5044cd3c71aaf36d4cc9f7ecfe98201ca877c454f1304e5421b4cdb5ed15756ea53dd184737ff2ea319,928545.0,M,55.0,DID NOT DEPLOY,NONE,NO INDICATION OF INJURY,OTHER,NOT OBSCURED,NORMAL,,,,,2020-10-20 08:10:00,30,CLOUDY/OVERCAST,DAYLIGHT,REAR END,DIVIDED - W/MEDIAN (NOT RAISED),DRY,NO DEFECTS,ON SCENE,NO INJURY / DRIVE AWAY,,"OVER $1,500",10/20/2020 08:11:00 AM,DRIVING SKILLS/KNOWLEDGE/EXPERIENCE,UNABLE TO DETERMINE,,2,NO INDICATION OF INJURY,0.0,0.0,0.0,0.0,0.0,2.0,0.0,8,3,10,41.932468872,-87.713212506,POINT (-87.713212505816 41.932468871967),POINT (1152985.2032986423 1918591.7322476055),2020,2822 N MILWAUKEE AVE
O837206,DRIVER,005e740713c8c27b366a68bd4de65882b667d22a2bb9a068d3e2473299ec0331310a5fd7d12ee616bf7040690b2555955f9d5b31ca8ea4971368a1bb283fb40d,794476.0,M,44.0,NOT APPLICABLE,NONE,NO INDICATION OF INJURY,IMPROPER PASSING,UNKNOWN,UNKNOWN,,,,,2020-02-04 19:50:00,25,CLEAR,"DARKNESS, LIGHTED ROAD",SIDESWIPE SAME DIRECTION,NOT DIVIDED,UNKNOWN,NO DEFECTS,NOT ON SCENE (DESK REPORT),NO INJURY / DRIVE AWAY,,"$501 - $1,500",02/07/2020 08:15:00 AM,IMPROPER OVERTAKING/PASSING,IMPROPER OVERTAKING/PASSING,,2,NO INDICATION OF INJURY,0.0,0.0,0.0,0.0,0.0,2.0,0.0,19,3,2,42.008523963,-87.689381235,POINT (-87.689381234774 42.008523962535),POINT (1159261.4173920334 1946354.3464872015),2020,2333 W LUNT AVE
O949120,DRIVER,e7ca7785ad1ee2de81788f3929dec13e79aec1554aeafd19fbe6fbcba24f3d6d8ee7efd90434b133485cca90e097b8d887b4690a6429cf4bfd565ad3b9e6fc73,899691.0,M,68.0,DID NOT DEPLOY,NONE,NO INDICATION OF INJURY,FAILED TO YIELD,NOT OBSCURED,NORMAL,,,,,2020-08-31 10:13:00,30,CLEAR,DAYLIGHT,TURNING,"FIVE POINT, OR MORE",DRY,NO DEFECTS,ON SCENE,NO INJURY / DRIVE AWAY,,"OVER $1,500",08/31/2020 10:16:00 AM,FAILING TO YIELD RIGHT-OF-WAY,FAILING TO YIELD RIGHT-OF-WAY,,2,NO INDICATION OF INJURY,0.0,0.0,0.0,0.0,0.0,2.0,0.0,10,2,8,41.912577862,-87.627097857,POINT (-87.627097857495 41.91257786203),POINT (1176476.8616182867 1911524.6600452296),2020,100 E LA SALLE DR
O873577,DRIVER,b9faaee35c1e60f68806f040b357b5941cdebaf44ba642526a843c994f9361ed44546a7d13e94a354f0f5abf519ae2a2f5da4c30742d6864ff3b3378881da23b,828792.0,M,36.0,DID NOT DEPLOY,NONE,NO INDICATION OF INJURY,NONE,NOT OBSCURED,NORMAL,,,,,2020-04-19 09:27:00,25,CLEAR,DAYLIGHT,REAR END,FOUR WAY,DRY,NO DEFECTS,ON SCENE,INJURY AND / OR TOW DUE TO CRASH,N,"OVER $1,500",04/19/2020 09:28:00 AM,DRIVING SKILLS/KNOWLEDGE/EXPERIENCE,FAILING TO YIELD RIGHT-OF-WAY,,3,NO INDICATION OF INJURY,0.0,0.0,0.0,0.0,0.0,4.0,0.0,9,1,4,41.940417234,-87.756626468,POINT (-87.756626467793 41.940417234037),POINT (1141152.712217849 1921405.6783146532),2020,5159 W SCHOOL ST
O988542,DRIVER,ecf31e770331c9fe083b3c587b8538ad04750245d079f0fcbee0a4168b83b9786dc551c594e932b175de622776c9679d202b848a838a3b8dd13729f2396e447b,936791.0,F,,DEPLOYMENT UNKNOWN,NONE,NO INDICATION OF INJURY,FAILED TO YIELD,UNKNOWN,UNKNOWN,,,,,2020-11-03 20:00:00,30,CLEAR,"DARKNESS, LIGHTED ROAD",REAR END,NOT DIVIDED,DRY,NO DEFECTS,NOT ON SCENE (DESK REPORT),NO INJURY / DRIVE AWAY,Y,"$501 - $1,500",11/04/2020 10:45:00 AM,UNABLE TO DETERMINE,UNABLE TO DETERMINE,,2,NO INDICATION OF INJURY,0.0,0.0,0.0,0.0,0.0,2.0,0.0,20,3,11,41.971516441,-87.659885636,POINT (-87.659885636238 41.971516440921),POINT (1167383.7315056543 1932930.2673885964),2020,4900 N BROADWAY
O940067,DRIVER,497586bcdef0d3dea2f29ead917013850d5d79a2d3c576f6dc8882951bf2e5893d789fd82ebc4caeedcf877e4cf2dec90a3d73c48b73926d236bad050e6c3e98,891167.0,M,33.0,NOT APPLICABLE,NONE,NO INDICATION OF INJURY,NONE,UNKNOWN,NORMAL,,,,,2020-08-16 23:59:00,30,CLEAR,"DARKNESS, LIGHTED ROAD",SIDESWIPE SAME DIRECTION,FOUR WAY,DRY,NO DEFECTS,ON SCENE,INJURY AND / OR TOW DUE TO CRASH,,"OVER $1,500",08/16/2020 11:59:00 PM,IMPROPER OVERTAKING/PASSING,FOLLOWING TOO CLOSELY,,3,NONINCAPACITATING INJURY,1.0,0.0,0.0,1.0,0.0,2.0,0.0,23,1,8,41.736786026,-87.601329519,POINT (-87.60132951938 41.736786025858),POINT (1184036.4429462187 1847525.6239265364),2020,8698 S INGLESIDE AVE
O820708,DRIVER,eb1b96ed91115866f122871e40468f4a6a9157237df471842a1804ce143b041e186c6a211ac429d7dbfc5a1e93a39743df98d0b50322cc267a3aa00ee3ba6e95,779185.0,X,,DEPLOYMENT UNKNOWN,UNKNOWN,NO INDICATION OF INJURY,UNKNOWN,UNKNOWN,UNKNOWN,,,,Y,2020-01-12 05:00:00,30,SNOW,UNKNOWN,PARKED MOTOR VEHICLE,UNKNOWN INTERSECTION TYPE,SNOW OR SLUSH,NO DEFECTS,ON SCENE,NO INJURY / DRIVE AWAY,Y,"OVER $1,500",01/12/2020 01:10:00 PM,UNABLE TO DETERMINE,UNABLE TO DETERMINE,,3,NO INDICATION OF INJURY,0.0,0.0,0.0,0.0,0.0,2.0,0.0,5,1,1,41.820959281,-87.68954159,POINT (-87.689541589851 41.8209592811),POINT (1159730.8909547855 1878005.2780749043),2020,2557 W 40TH ST
P187086,PASSENGER,e2362bb25c2e5ec1daaab6dadb18afb116e11b2447318648de53675b0478a8a437fcd7545237838c74b7c74b86272b4d016e5faa5f45c38d85a73d2877a92d53,776159.0,M,,DID NOT DEPLOY,NONE,NO INDICATION OF INJURY,,,,,,,,2020-01-05 22:30:00,30,CLEAR,DARKNESS,SIDESWIPE SAME DIRECTION,NOT DIVIDED,DRY,NO DEFECTS,NOT ON SCENE (DESK REPORT),NO INJURY / DRIVE AWAY,Y,"$501 - $1,500",01/07/2020 01:04:00 PM,NOT APPLICABLE,NOT APPLICABLE,,2,NO INDICATION OF INJURY,0.0,0.0,0.0,0.0,0.0,6.0,0.0,22,1,1,41.806648097,-87.716326122,POINT (-87.716326121991 41.806648097041),POINT (1152467.5343046912 1872736.7985434546),2020,4800 S LAWNDALE AVE
P227738,PASSENGER,19f773d74a51a68e1a35f70896e879d4b85fefd1b986ce62bfc066e805a94fa6d02cc35f0071e6949f8b6c1710cc47e168e7c6d6c126502c1559a79e8e058f8f,952230.0,F,,NOT APPLICABLE,NONE,NO INDICATION OF INJURY,,,,,,,,2020-12-05 21:30:00,30,CLEAR,"DARKNESS, LIGHTED ROAD",PARKED MOTOR VEHICLE,NOT DIVIDED,DRY,NO DEFECTS,ON SCENE,NO INJURY / DRIVE AWAY,Y,"OVER $1,500",12/06/2020 12:00:00 PM,UNABLE TO DETERMINE,UNABLE TO DETERMINE,,3,NO INDICATION OF INJURY,0.0,0.0,0.0,0.0,0.0,2.0,0.0,21,7,12,41.798533468,-87.604303258,POINT (-87.604303257926 41.798533468386),POINT (1183034.099200779 1870019.0339106116),2020,849 E 53RD ST
O817850,DRIVER,25691723f05b3d37b24cff89a4903950d52fc6e5bf6e029d4763e51891a64064c2d396f21aef61881e37943977e10b5b4c3c993086af0ae18b69fcd3197442b4,776460.0,M,66.0,DID NOT DEPLOY,NONE,NO INDICATION OF INJURY,UNKNOWN,UNKNOWN,UNKNOWN,,,,,2020-01-07 11:30:00,30,CLEAR,DAYLIGHT,REAR END,NOT DIVIDED,DRY,UNKNOWN,NOT ON SCENE (DESK REPORT),NO INJURY / DRIVE AWAY,,"OVER $1,500",01/07/2020 08:16:00 PM,UNABLE TO DETERMINE,UNABLE TO DETERMINE,,2,NO INDICATION OF INJURY,0.0,0.0,0.0,0.0,0.0,2.0,0.0,11,3,1,41.825967292,-87.684756805,POINT (-87.684756805186 41.82596729223),POINT (1161021.3293586902 1879839.981782807),2020,3719 S WESTERN AVE
O968260,DRIVER,23cb9f009b04c144f8a1166422cfae5b3357cee76cdb37ca6ce5897bf60368d40ecc9a2e1f77e3c65458b560d35482cb90e5b40e2361d474bea6892c312074d6,917647.0,M,19.0,DID NOT DEPLOY,NONE,NO INDICATION OF INJURY,NONE,NOT OBSCURED,NORMAL,,,,,2020-09-30 21:10:00,30,CLEAR,"DARKNESS, LIGHTED ROAD",SIDESWIPE SAME DIRECTION,NOT DIVIDED,DRY,NO DEFECTS,NOT ON SCENE (DESK REPORT),NO INJURY / DRIVE AWAY,,"OVER $1,500",10/01/2020 12:45:00 AM,UNABLE TO DETERMINE,UNABLE TO DETERMINE,,2,NO INDICATION OF INJURY,0.0,0.0,0.0,0.0,0.0,2.0,0.0,21,4,9,41.768839471,-87.651848759,POINT (-87.651848758748 41.768839470931),POINT (1170155.588504272 1859092.383196383),2020,1100 W 69TH ST
O843339,DRIVER,9152689c7460b0a38dfb7b5b6172729cd5ff3883025b6cca4b18aeb9e31b662dd12a86a1c6465b4e881a3b3cc5ce53852b4b1ac7ebfab42d27f6be0b22cc2f2c,800320.0,F,19.0,NOT APPLICABLE,NONE,NO INDICATION OF INJURY,NONE,NOT OBSCURED,NORMAL,,,,,2020-02-15 14:30:00,30,CLEAR,DAYLIGHT,ANGLE,ALLEY,DRY,NO DEFECTS,NOT ON SCENE (DESK REPORT),NO INJURY / DRIVE AWAY,,"$501 - $1,500",02/15/2020 03:40:00 PM,NOT APPLICABLE,NOT APPLICABLE,,2,NO INDICATION OF INJURY,0.0,0.0,0.0,0.0,0.0,2.0,0.0,14,7,2,41.791948315,-87.796691381,POINT (-87.796691380991 41.791948314825),POINT (1130590.5437879364 1867233.2530920142),2020,7005 W ARCHER AVE
O1014368,DRIVER,c62666f35827b1ff3ecb24fd3471cd6a1ac8254735c864ae4cab4a5c18ca91b2fb4e3caf9641d5bbdb6883be7a5d7aa4fcf1aa72b3f95611b684ad7c651bf956,961345.0,X,,DEPLOYMENT UNKNOWN,NONE,NO INDICATION OF INJURY,OTHER,UNKNOWN,UNKNOWN,,,,,2020-12-24 19:03:00,30,CLEAR,"DARKNESS, LIGHTED ROAD",TURNING,NOT DIVIDED,DRY,NO DEFECTS,NOT ON SCENE (DESK REPORT),NO INJURY / DRIVE AWAY,Y,"OVER $1,500",12/24/2020 07:30:00 PM,UNABLE TO DETERMINE,NOT APPLICABLE,,2,NO INDICATION OF INJURY,0.0,0.0,0.0,0.0,0.0,2.0,0.0,19,5,12,41.721345885,-87.650796334,POINT (-87.650796333578 41.721345885031),POINT (1170579.9583078243 1841788.4446831553),2020,9500 S VINCENNES AVE
P191213,PASSENGER,3331f7e37fc7c74bb68018b6f236136e53f0abb03d870c3c99d219f549f0607da8d8cf829fd36c6ed15b71f55dc77b1bf1a73499964475dec82ab38e02e2a3b8,794328.0,M,34.0,"DEPLOYED, FRONT",NONE,NO INDICATION OF INJURY,,,,,,,,2020-02-06 11:35:00,35,BLOWING SNOW,DAYLIGHT,SIDESWIPE SAME DIRECTION,CENTER TURN LANE,SNOW OR SLUSH,NO DEFECTS,ON SCENE,INJURY AND / OR TOW DUE TO CRASH,,"OVER $1,500",02/06/2020 12:22:00 PM,UNABLE TO DETERMINE,UNABLE TO DETERMINE,,4,"REPORTED, NOT EVIDENT",1.0,0.0,0.0,0.0,1.0,6.0,0.0,11,5,2,41.758896748,-87.576289033,POINT (-87.576289032556 41.758896747619),POINT (1190799.9220420232 1855641.7055264544),2020,7458 S JEFFERY BLVD
O957009,DRIVER,7e3e9abd065e5c4eaf8a0e5a5c8920aa09647f47638a4924f305084fc4010f0125344d6d2ff90593ee8788c6e193ed42538f09ebb2be646da58db978f5629e9f,907084.0,M,28.0,NOT APPLICABLE,NONE,NO INDICATION OF INJURY,IMPROPER TURN,UNKNOWN,NORMAL,,,,,2020-09-12 20:30:00,30,RAIN,"DARKNESS, LIGHTED ROAD",TURNING,NOT DIVIDED,WET,NO DEFECTS,NOT ON SCENE (DESK REPORT),NO INJURY / DRIVE AWAY,,"$501 - $1,500",09/12/2020 09:15:00 PM,UNABLE TO DETERMINE,UNABLE TO DETERMINE,,2,NO INDICATION OF INJURY,0.0,0.0,0.0,0.0,0.0,2.0,0.0,20,7,9,41.83649822,-87.61758874,POINT (-87.617588739996 41.836498219642),POINT (1179296.3006949467 1883822.771437005),2020,3200 S DR MARTIN LUTHER KING JR DR