PERSON_ID,PERSON_TYPE,CRASH_RECORD_ID,VEHICLE_ID,SEX,AGE,AIRBAG_DEPLOYED,EJECTION,INJURY_CLASSIFICATION,DRIVER_ACTION,DRIVER_VISION,PHYSICAL_CONDITION,PEDPEDAL_ACTION,PEDPEDAL_VISIBILITY,PEDPEDAL_LOCATION,CRASH_DATE_EST_I,CRASH_DATE,POSTED_SPEED_LIMIT,WEATHER_CONDITION,LIGHTING_CONDITION,FIRST_CRASH_TYPE,TRAFFICWAY_TYPE,ROADWAY_SURFACE_COND,ROAD_DEFECT,REPORT_TYPE,CRASH_TYPE,HIT_AND_RUN_I,DAMAGE,DATE_POLICE_NOTIFIED,PRIM_CONTRIBUTORY_CAUSE,SEC_CONTRIBUTORY_CAUSE,DOORING_I,NUM_UNITS,MOST_SEVERE_INJURY,INJURIES_TOTAL,INJURIES_FATAL,INJURIES_INCAPACITATING,INJURIES_NON_INCAPACITATING,INJURIES_REPORTED_NOT_EVIDENT,INJURIES_NO_INDICATION,INJURIES_UNKNOWN,CRASH_HOUR,CRASH_DAY_OF_WEEK,CRASH_MONTH,LATITUDE,LONGITUDE,LOCATION,geometry,YEAR,ADDRESS
P211073,PASSENGER,5d44c658be2dfac81b10f6466955ec0613c78a34862ee7f068495b3b928b7bcb316a9c3aa2415a5bc41291d67f5cffedba7a97991d32925ab7d3d300fc65ee10,876109.0,M,25.0,DID NOT DEPLOY,NONE,NONINCAPACITATING INJURY,,,,,,,,2020-07-23 17:45:00,30,CLEAR,DAYLIGHT,REAR END,NOT DIVIDED,DRY,NO DEFECTS,ON SCENE,INJURY AND / OR TOW DUE TO CRASH,,"OVER $1,500",07/23/2020 08:00:00 PM,FOLLOWING TOO CLOSELY,UNABLE TO DETERMINE,,3,NONINCAPACITATING INJURY,3.0,0.0,0.0,3.0,0.0,1.0,0.0,17,5,7,41.952371912,-87.819458853,POINT (-87.819458853125 41.952371912065),POINT (1124031.944957266 1925653.247255726),2020,7661 W IRVING PARK RD
O859568,BICYCLE,e7079564c77fe4f11e66281d2027065b123ccffc808747e7bfccc02f535526c684d330557ebc4a6970a935331ef281d304a2d846de5c4a376bb46723f561506e,,M,53.0,,NONE,NO INDICATION OF INJURY,NONE,NOT OBSCURED,NORMAL,WITH TRAFFIC,NO CONTRASTING CLOTHING,UNKNOWN/NA,,2020-03-10 08:35:00,30,CLEAR,DAYLIGHT,PEDALCYCLIST,ONE-WAY,DRY,NO DEFECTS,,NO INJURY / DRIVE AWAY,Y,"$501 - $1,500",03/10/2020 03:35:00 PM,IMPROPER OVERTAKING/PASSING,IMPROPER OVERTAKING/PASSING,,2,NO INDICATION OF INJURY,0.0,0.0,0.0,0.0,0.0,2.0,0.0,8,3,3,41.802387002,-87.586758277,POINT (-87.586758277123 41.802387001878),POINT (1187805.9103036183 1871464.3030220512),2020,5100 S CORNELL AVE
O837651,DRIVER,266c64d83db0e44bbee7ed1d693d64bf998e627f914b2d5e64b68a589c236e4cacdd0c8fb79236eaad865662cf3a470271c67344b478b5f857b98b360c9124df,794923.0,M,60.0,DID NOT DEPLOY,NONE,NO INDICATION OF INJURY,NONE,UNKNOWN,NORMAL,,,,,2020-02-07 16:15:00,30,CLEAR,DUSK,REAR END,DIVIDED - W/MEDIAN BARRIER,DRY,UNKNOWN,NOT ON SCENE (DESK REPORT),NO INJURY / DRIVE AWAY,,"OVER $1,500",02/07/2020 04:33:00 PM,FAILING TO REDUCE SPEED TO AVOID CRASH,FAILING TO REDUCE SPEED TO AVOID CRASH,,2,NO INDICATION OF INJURY,0.0,0.0,0.0,0.0,0.0,4.0,0.0,16,6,2,41.9875954,-87.702448713,POINT (-87.702448713268 41.987595400081),POINT (1155766.1516174523 1938701.4087534156),2020,5835 N LINCOLN AVE
O1007108,DRIVER,1835d1400ed2cb3d2694fcabd511baab2a2adaca9c565d502a2b516fb50adab2397a40c2d005af4ee300b76d5b58e511a4a4b2dd727ca2ec9c742fa978594035,954460.0,F,64.0,DID NOT DEPLOY,NONE,NONINCAPACITATING INJURY,DISREGARDED CONTROL DEVICES,NOT OBSCURED,NORMAL,,,,,2020-12-11 11:06:00,30,CLEAR,DAYLIGHT,ANGLE,NOT DIVIDED,DRY,NO DEFECTS,ON SCENE,INJURY AND / OR TOW DUE TO CRASH,,"OVER $1,500",12/11/2020 11:15:00 AM,DISREGARDING TRAFFIC SIGNALS,FAILING TO REDUCE SPEED TO AVOID CRASH,,2,NONINCAPACITATING INJURY,1.0,0.0,0.0,1.0,0.0,1.0,0.0,11,6,12,41.87433069,-87.639600735,POINT (-87.639600735438 41.874330690014),POINT (1173186.4333932486 1897559.6173599362),2020,600 S CANAL ST
O876699,DRIVER,70565b0e7288b9d406281a7276e232d68fd5701d64945caab9a50cb186ddb02a1970153b5ae246d937dfb042d6b687599aa02b7272903f9d2e6d909a26832d67,831727.0,F,36.0,"DEPLOYED, FRONT",NONE,NONINCAPACITATING INJURY,UNKNOWN,NOT OBSCURED,NORMAL,,,,,2020-04-28 08:20:00,30,CLEAR,DAYLIGHT,ANGLE,FOUR WAY,DRY,NO DEFECTS,ON SCENE,INJURY AND / OR TOW DUE TO CRASH,,"OVER $1,500",04/28/2020 08:25:00 AM,UNABLE TO DETERMINE,NOT APPLICABLE,,2,NONINCAPACITATING INJURY,1.0,0.0,0.0,1.0,0.0,1.0,0.0,8,3,4,41.873467424,-87.72051086,POINT (-87.72051085957 41.873467423537),POINT (1151152.8988871917 1897077.329200996),2020,600 S INDEPENDENCE BLVD
O970453,DRIVER,e6d9fe774b7e46192dfd0eaf600ca1fcebddcf41150341d03d51f242d979bc0eb187bac13f76fdb52d414b7e5372a27eab7c5d9023d585ef114f485f9a44d914,919711.0,M,27.0,"DEPLOYED, FRONT",NONE,NO INDICATION OF INJURY,UNKNOWN,UNKNOWN,UNKNOWN,,,,,2020-10-04 03:10:00,40,RAIN,DARKNESS,FIXED OBJECT,DIVIDED - W/MEDIAN BARRIER,WET,UNKNOWN,ON SCENE,INJURY AND / OR TOW DUE TO CRASH,,"OVER $1,500",10/04/2020 03:10:00 AM,WEATHER,NOT APPLICABLE,,1,NO INDICATION OF INJURY,0.0,0.0,0.0,0.0,0.0,1.0,0.0,3,1,10,41.953892828,-87.644959865,POINT (-87.64495986473 41.953892828203),POINT (1171494.1798305896 1926540.4073186913),2020,3931 N LAKE SHORE DR
O968818,DRIVER,583103b31b677e9daf41faf7b8d2e7532e27aa2585f3e47c8e9011d6803c67db6da39a5fac1d96816ec8b0dd090e4ddda331b49d1226af54df35ffdb3f37f666,918185.0,M,,DEPLOYMENT UNKNOWN,NONE,NO INDICATION OF INJURY,IMPROPER PASSING,UNKNOWN,UNKNOWN,,,,,2020-10-01 19:28:00,35,CLEAR,DARKNESS,SIDESWIPE SAME DIRECTION,FOUR WAY,DRY,UNKNOWN,NOT ON SCENE (DESK REPORT),NO INJURY / DRIVE AWAY,Y,"OVER $1,500",10/01/2020 08:20:00 PM,IMPROPER OVERTAKING/PASSING,NOT APPLICABLE,,2,NO INDICATION OF INJURY,0.0,0.0,0.0,0.0,0.0,2.0,0.0,19,5,10,41.757279229,-87.586246085,POINT (-87.58624608456 41.757279228802),POINT (1188088.3677292091 1855028.5443902193),2020,7548 S STONY ISLAND AVE
O859265,DRIVER,5c5430eb0c6ae4f2d720cdce4ab56295cd877a309399d8c288bcb39c6bdb43fb588fcf24849123adc650bab62ea1869ffbdc696c71170a065556bc1a408cee04,815367.0,M,80.0,DID NOT DEPLOY,NONE,NO INDICATION OF INJURY,OTHER,UNKNOWN,NORMAL,,,,,2020-03-10 12:00:00,30,CLEAR,DAYLIGHT,TURNING,T-INTERSECTION,DRY,NO DEFECTS,ON SCENE,INJURY AND / OR TOW DUE TO CRASH,,"OVER $1,500",03/10/2020 12:13:00 PM,FAILING TO YIELD RIGHT-OF-WAY,NOT APPLICABLE,,2,NO INDICATION OF INJURY,0.0,0.0,0.0,0.0,0.0,2.0,0.0,12,3,3,41.677720829,-87.642051845,POINT (-87.642051844982 41.677720829248),POINT (1173094.7746162284 1825911.0546093285),2020,11900 S HALSTED ST
P186696,PASSENGER,aaa4f5eb87f1a580bcf7f4f6cec10f0e30052f821c028ca090efb7a9d9d747e557fbea0c59ae3cc3cc40047441ab14676662457c3afdcbebd46c2757d59f99f0,774786.0,M,9.0,DID NOT DEPLOY,NONE,NO INDICATION OF INJURY,,,,,,,,2020-01-04 12:00:00,20,CLEAR,DAYLIGHT,ANGLE,ONE-WAY,DRY,NO DEFECTS,NOT ON SCENE (DESK REPORT),NO INJURY / DRIVE AWAY,,"OVER $1,500",01/04/2020 01:30:00 PM,FAILING TO YIELD RIGHT-OF-WAY,UNABLE TO DETERMINE,,2,NO INDICATION OF INJURY,0.0,0.0,0.0,0.0,0.0,5.0,0.0,12,7,1,41.939472028,-87.737195797,POINT (-87.737195797322 41.939472028142),POINT (1146441.5655250936 1921097.4072776285),2020,3216 N KOSTNER AVE
O893238,DRIVER,1a971e86ddeeed6a1197ab6c8be64962b89cc039142bec158a7c45bba1b020094fe4dd0b2875cf4bb984f84588b9df0a6d1c9cd19495980f4d2f7d81d9b61986,847215.0,M,56.0,DID NOT DEPLOY,NONE,INCAPACITATING INJURY,UNKNOWN,UNKNOWN,NORMAL,,,,,2020-06-02 17:11:00,30,CLEAR,DAYLIGHT,TURNING,NOT DIVIDED,DRY,NO DEFECTS,ON SCENE,INJURY AND / OR TOW DUE TO CRASH,Y,"$501 - $1,500",06/02/2020 05:11:00 PM,FOLLOWING TOO CLOSELY,NOT APPLICABLE,,2,INCAPACITATING INJURY,1.0,0.0,1.0,0.0,0.0,2.0,0.0,17,3,6,41.825555998,-87.617178418,POINT (-87.617178418099 41.82555599761),POINT (1179441.3581914443 1879836.398656671),2020,3800 S DR MARTIN LUTHER KING JR DR
P203253,PASSENGER,a5a9cfcc29a5fb5d04472f725be5a3bb822ed1a6da973b3c9623ed09abaaf758c33abe86f3997876889a1d74e71b2cde0d4fcad6709a603e7d36a313918c28b2,844367.0,M,43.0,"DEPLOYED, COMBINATION",NONE,NONINCAPACITATING INJURY,,,,,,,,2020-05-28 00:50:00,30,CLEAR,"DARKNESS, LIGHTED ROAD",PARKED MOTOR VEHICLE,ONE-WAY,DRY,NO DEFECTS,ON SCENE,INJURY AND / OR TOW DUE TO CRASH,,"OVER $1,500",05/28/2020 12:54:00 AM,UNDER THE INFLUENCE OF ALCOHOL/DRUGS (USE WHEN ARREST IS EFFECTED),UNABLE TO DETERMINE,,4,NONINCAPACITATING INJURY,1.0,0.0,0.0,1.0,0.0,1.0,0.0,0,5,5,41.957376996,-87.729178058,POINT (-87.729178057516 41.957376996364),POINT (1148576.9753687887 1927637.2982721573),2020,4201 N KEYSTONE AVE
O845696,DRIVER,1de35722d747a436c0de0b879c9963058df6988b94e907361ca12485baca2ad0a5558a94e4fc040e9632fb2b1ac40abe57501ab4024ef74ecf8bc43f9d4ae638,802584.0,M,,DID NOT DEPLOY,NONE,NO INDICATION OF INJURY,FAILED TO YIELD,NOT OBSCURED,NORMAL,,,,,2020-02-04 12:00:00,15,CLEAR,DAYLIGHT,ANGLE,PARKING LOT,DRY,NO DEFECTS,NOT ON SCENE (DESK REPORT),NO INJURY / DRIVE AWAY,,"$501 - $1,500",02/19/2020 09:40:00 AM,FAILING TO YIELD RIGHT-OF-WAY,NOT APPLICABLE,,2,NO INDICATION OF INJURY,0.0,0.0,0.0,0.0,0.0,2.0,0.0,12,3,2,42.016328492,-87.675398269,POINT (-87.675398268846 42.016328491503),POINT (1163039.8256030306 1949227.2686446703),2020,7410 N CLARK ST
O924089,DRIVER,3149a0ddad59342d8825a7cfe49db1183333e16d9b1d964ffd5d7138587763816ce8ffb08c0992e499f9151c8fb7dd2c0e1655eecfe9baceecab8fd2ca85a796,876097.0,F,38.0,"DEPLOYED, FRONT",NONE,NONINCAPACITATING INJURY,UNKNOWN,UNKNOWN,UNKNOWN,,,,,2020-07-23 19:30:00,20,CLEAR,DAYLIGHT,PARKED MOTOR VEHICLE,NOT DIVIDED,DRY,NO DEFECTS,ON SCENE,INJURY AND / OR TOW DUE TO CRASH,,"OVER $1,500",07/23/2020 07:30:00 PM,UNABLE TO DETERMINE,NOT APPLICABLE,,4,NONINCAPACITATING INJURY,1.0,0.0,0.0,1.0,0.0,0.0,0.0,19,5,7,41.917074737,-87.633990778,POINT (-87.633990777943 41.917074736524),POINT (1174587.3382224422 1913147.9539241989),2020,1911 N STOCKTON DR
P205694,PASSENGER,66623d0d04cc041809e207bdc42c03f65b13095a57b1a796fcb97e69dbd22f3b1a58c44728e7e090060deea553e6f6af97733d5b6524cd311b5926dc73ebccc1,854427.0,M,9.0,DID NOT DEPLOY,NONE,NO INDICATION OF INJURY,,,,,,,,2020-06-17 09:20:00,30,CLEAR,DAYLIGHT,REAR END,ONE-WAY,DRY,NO DEFECTS,NOT ON SCENE (DESK REPORT),NO INJURY / DRIVE AWAY,,"OVER $1,500",06/17/2020 10:00:00 AM,FOLLOWING TOO CLOSELY,NOT APPLICABLE,,2,NO INDICATION OF INJURY,0.0,0.0,0.0,0.0,0.0,3.0,0.0,9,4,6,41.870828906,-87.720418534,POINT (-87.720418533508 41.870828906032),POINT (1151184.909445456 1896116.0382581851),2020,758 S INDEPENDENCE BLVD
O983909,DRIVER,78a9ecd4af770a12ca4a7c7f01fa822e0d832dead1c34d3193e515afb7ece23f68d0624cf531a21de99e32d24c6fcb50afd0ef00935cf1616c66b8984eb3a0c6,932397.0,M,49.0,"DEPLOYED, FRONT",NONE,NO INDICATION OF INJURY,NONE,NOT OBSCURED,NORMAL,,,,,2020-10-26 23:56:00,35,CLEAR,"DARKNESS, LIGHTED ROAD",ANGLE,FOUR WAY,DRY,NO DEFECTS,ON SCENE,INJURY AND / OR TOW DUE TO CRASH,,"OVER $1,500",10/26/2020 11:58:00 PM,DISREGARDING TRAFFIC SIGNALS,DRIVING SKILLS/KNOWLEDGE/EXPERIENCE,,2,NO INDICATION OF INJURY,0.0,0.0,0.0,0.0,0.0,2.0,0.0,23,2,10,41.881759151,-87.643977647,POINT (-87.643977647215 41.88175915108),POINT (1171972.6433970435 1900256.93672745),2020,1 S DESPLAINES ST
O854259,DRIVER,2c06cfc7f5a0c4b9151d96bf75db27ad90ac992edfd1c0357d052b0aa0b4f6b2d6602470391f6c27b9ba28803fe7943b017641fbd8be5bc66fbabcbb864302b0,810649.0,M,46.0,NOT APPLICABLE,UNKNOWN,NO INDICATION OF INJURY,UNKNOWN,UNKNOWN,UNKNOWN,,,,,2020-03-02 23:45:00,30,CLEAR,"DARKNESS, LIGHTED ROAD",REAR END,NOT DIVIDED,DRY,NO DEFECTS,NOT ON SCENE (DESK REPORT),NO INJURY / DRIVE AWAY,,"OVER $1,500",03/03/2020 12:53:00 AM,UNABLE TO DETERMINE,NOT APPLICABLE,,2,NO INDICATION OF INJURY,0.0,0.0,0.0,0.0,0.0,2.0,0.0,23,2,3,41.915193528,-87.74618263,POINT (-87.746182630403 41.915193528319),POINT (1144057.0838808522 1912233.4158512985),2020,1900 N CICERO AVE
O908250,DRIVER,90ee7ce1ec8f346d15d25abe10c8b8be6df816bfe62d2954ae53bad552efc990102f615ec7691d136f7d1927bd4abc36cf458075a1d4b0b05c6863ee5cf594da,861095.0,M,20.0,NOT APPLICABLE,NONE,NO INDICATION OF INJURY,IMPROPER TURN,NOT OBSCURED,NORMAL,,,,,2020-06-28 23:30:00,30,CLEAR,"DARKNESS, LIGHTED ROAD",TURNING,DIVIDED - W/MEDIAN BARRIER,DRY,NO DEFECTS,ON SCENE,NO INJURY / DRIVE AWAY,,"$501 - $1,500",06/28/2020 11:30:00 PM,IMPROPER TURNING/NO SIGNAL,NOT APPLICABLE,,2,NO INDICATION OF INJURY,0.0,0.0,0.0,0.0,0.0,5.0,0.0,23,1,6,41.877598278,-87.666833916,POINT (-87.666833916263 41.877598278077),POINT (1165760.256850162 1898691.5520482333),2020,300 S ASHLAND AVE
P190148,PASSENGER,b5c79677f9851b97ee16b1cfe9a7ba36e59a1d265be81ac9c9939b1e347ed788e98dcb43106cb2c8259e32febf8ec1d36da14d1584b78904e5785189793325c1,789451.0,M,6.0,DID NOT DEPLOY,NONE,NO INDICATION OF INJURY,,,,,,,Y,2020-01-29 15:00:00,30,CLEAR,DAYLIGHT,SIDESWIPE SAME DIRECTION,DIVIDED - W/MEDIAN (NOT RAISED),DRY,NO DEFECTS,ON SCENE,NO INJURY / DRIVE AWAY,,$500 OR LESS,01/29/2020 03:12:00 PM,UNABLE TO DETERMINE,NOT APPLICABLE,,2,NO INDICATION OF INJURY,0.0,0.0,0.0,0.0,0.0,6.0,0.0,15,4,1,41.809455863,-87.603840324,POINT (-87.603840323976 41.809455863234),POINT (1183126.5472501533 1874000.1674749095),2020,901 E 47TH ST
O822565,DRIVER,797a8fcec2b7ff9b3a9072476f13cba1d374944e705934092566ff01c0b678efeecf0a61eb945c944a24e9e057ce2eae74c38b1ec5b7bec20583fb07d61c445d,780940.0,F,38.0,DID NOT DEPLOY,NONE,NO INDICATION OF INJURY,FOLLOWED TOO CLOSELY,NOT OBSCURED,NORMAL,,,,,2020-01-15 08:00:00,30,CLEAR,DAYLIGHT,REAR END,NOT DIVIDED,DRY,NO DEFECTS,NOT ON SCENE (DESK REPORT),NO INJURY / DRIVE AWAY,,"OVER $1,500",01/15/2020 11:30:00 AM,DRIVING SKILLS/KNOWLEDGE/EXPERIENCE,UNABLE TO DETERMINE,,2,NO INDICATION OF INJURY,0.0,0.0,0.0,0.0,0.0,6.0,0.0,8,4,1,41.964124657,-87.66946768,POINT (-87.669467679835 41.96412465662),POINT (1164798.9009812076 1930216.3311984432),2020,4522 N ASHLAND AVE
P212071,PASSENGER,45e683fdd286e06715e3930b533a82a7c5f776caeaf3edc727f890295bc3d5d282b13cacf8433ba1a219879fe45cf72e7b00ba1256debd83d802add6fc43f476,880338.0,X,,DID NOT DEPLOY,NONE,NO INDICATION OF INJURY,,,,,,,,2020-07-30 18:15:00,30,CLEAR,DAYLIGHT,TURNING,CENTER TURN LANE,DRY,NO DEFECTS,NOT ON SCENE (DESK REPORT),NO INJURY / DRIVE AWAY,,"OVER $1,500",07/30/2020 07:30:00 PM,FAILING TO YIELD RIGHT-OF-WAY,IMPROPER TURNING/NO SIGNAL,,2,NO INDICATION OF INJURY,0.0,0.0,0.0,0.0,0.0,4.0,0.0,18,5,7,41.690158762,-87.664535504,POINT (-87.664535503973 41.690158761699),POINT (1166917.4556416643 1830394.793937787),2020,1698 W MONTEREY AVE
O1000654,DRIVER,8e59656259ed7dbc1e22b894c87cfd05810b9b6b2f10afb8e7d8ebec5fbb9f3564f47cca236fdfc1246d268685d2d3b318281172f8f4b3d6a6dba30224287d6f,948284.0,F,43.0,DID NOT DEPLOY,NONE,NO INDICATION OF INJURY,NONE,NOT OBSCURED,NORMAL,,,,,2020-09-12 19:55:00,30,CLEAR,DAYLIGHT,OTHER NONCOLLISION,ONE-WAY,DRY,"RUT, HOLES",ON SCENE,NO INJURY / DRIVE AWAY,,"$501 - $1,500",11/27/2020 02:45:00 PM,UNABLE TO DETERMINE,NOT APPLICABLE,,1,NO INDICATION OF INJURY,0.0,0.0,0.0,0.0,0.0,1.0,0.0,19,7,9,41.894671024,-87.634904368,POINT (-87.634904367614 41.89467102372),POINT (1174405.1605828216 1904981.9967725833),2020,217 W HURON ST
P186686,PASSENGER,014147fc224f1ef6955e1e8f2d0857be3d44db5156102161ac400a80996db946e6ac73477957bb899f0f899c5b446296ea858d9c01b6132040df5d58c9d828bb,774759.0,M,59.0,DID NOT DEPLOY,NONE,NO INDICATION OF INJURY,,,,,,,,2020-01-04 11:25:00,30,CLEAR,DAYLIGHT,REAR END,DIVIDED - W/MEDIAN (NOT RAISED),DRY,NO DEFECTS,ON SCENE,NO INJURY / DRIVE AWAY,,"OVER $1,500",01/04/2020 11:30:00 AM,DISREGARDING TRAFFIC SIGNALS,NOT APPLICABLE,,2,NO INDICATION OF INJURY,0.0,0.0,0.0,0.0,0.0,6.0,0.0,11,7,1,41.82276222,-87.617115391,POINT (-87.61711539096 41.822762220064),POINT (1179467.0232882646 1878818.5009689522),2020,3936 S DR MARTIN LUTHER KING JR DR
P188498,PASSENGER,61d4e417325e54020ec77dff3b81e55e74b925cdff8fb4c28b9c5a99319530b31363ec023268d7387dd603b342ffb5bb521ec8df03cf7d961772b208f8d04279,782279.0,F,33.0,DID NOT DEPLOY,NONE,NONINCAPACITATING INJURY,,,,,,,,2020-01-17 12:45:00,30,CLEAR,DAYLIGHT,REAR END,NOT DIVIDED,DRY,NO DEFECTS,ON SCENE,INJURY AND / OR TOW DUE TO CRASH,,"OVER $1,500",01/17/2020 01:00:00 PM,DISTRACTION - FROM INSIDE VEHICLE,DISTRACTION - FROM INSIDE VEHICLE,,2,NONINCAPACITATING INJURY,1.0,0.0,0.0,1.0,0.0,2.0,0.0,12,6,1,41.910437131,-87.686823788,POINT (-87.686823788123 41.910437131195),POINT (1160226.1466663769 1910616.3764546635),2020,2350 W NORTH AVE
O960034,DRIVER,ae3567a0ccb81126decf0e0dc80d7d6bb82c997f51f764cdf0784699581476c5ebfcbea1e8e491c8f33a587d7219f36e91c5415664ea3d2e69f746a25f569fa3,909898.0,M,51.0,DID NOT DEPLOY,NONE,NO INDICATION OF INJURY,FAILED TO YIELD,OTHER,NORMAL,,,,,2020-09-17 18:09:00,30,CLEAR,DAYLIGHT,TURNING,DIVIDED - W/MEDIAN (NOT RAISED),DRY,NO DEFECTS,ON SCENE,INJURY AND / OR TOW DUE TO CRASH,,"OVER $1,500",09/17/2020 06:30:00 PM,IMPROPER TURNING/NO SIGNAL,IMPROPER TURNING/NO SIGNAL,,2,NO INDICATION OF INJURY,0.0,0.0,0.0,0.0,0.0,2.0,0.0,18,5,9,41.938428349,-87.806614552,POINT (-87.806614551734 41.938428349401),POINT (1127557.030517048 1920593.395691421),2020,3213 N HARLEM AVE
O991596,DRIVER,b57f5040d76662ac81f4741dcd3d4084e64b35570832e80fc48363c670fab67b948d1bd93ad449fe5a3029df0c3de62f60a0c84f8e81e46b799d00f98a362f12,939694.0,M,32.0,DID NOT DEPLOY,NONE,NO INDICATION OF INJURY,NONE,NOT OBSCURED,NORMAL,,,,,2020-11-09 17:14:00,30,CLEAR,"DARKNESS, LIGHTED ROAD",ANGLE,DIVIDED - W/MEDIAN (NOT RAISED),DRY,UNKNOWN,ON SCENE,INJURY AND / OR TOW DUE TO CRASH,,"$501 - $1,500",11/09/2020 05:15:00 PM,IMPROPER OVERTAKING/PASSING,IMPROPER OVERTAKING/PASSING,,2,NO INDICATION OF INJURY,0.0,0.0,0.0,0.0,0.0,2.0,0.0,17,2,11,41.877751501,-87.696348142,POINT (-87.696348141744 41.877751500553),POINT (1157722.0864913824 1898686.3502112443),2020,216 S CALIFORNIA AVE
O970381,DRIVER,3d226f24a965e307a9a5d6caa1d4d3bc5030ada89fbda1bd1b951f404286222476a19070517299e9deeeacd4863f5e2e7bb3157ccfbb2ed786ab79038563afb0,919644.0,M,,DEPLOYMENT UNKNOWN,NONE,NO INDICATION OF INJURY,UNKNOWN,UNKNOWN,UNKNOWN,,,,,2020-10-03 06:01:00,30,CLEAR,"DARKNESS, LIGHTED ROAD",REAR END,DIVIDED - W/MEDIAN BARRIER,DRY,NO DEFECTS,ON SCENE,NO INJURY / DRIVE AWAY,Y,"OVER $1,500",10/03/2020 06:01:00 AM,UNABLE TO DETERMINE,UNABLE TO DETERMINE,,2,NO INDICATION OF INJURY,0.0,0.0,0.0,0.0,0.0,2.0,0.0,6,7,10,41.792994385,-87.741806029,POINT (-87.741806028879 41.792994384855),POINT (1145555.0387074235 1867712.6370039994),2020,5501 S CICERO AVE
O870307,DRIVER,a23a061cf47509aa27c7ee1b2a10377a468b2d5daa12785704c760bc55bf4903e6417aea9977cc78adf273e1b04d8d9417dd0b26beaa517681fbe4fbd3c3a382,825706.0,F,32.0,DID NOT DEPLOY,NONE,NO INDICATION OF INJURY,IMPROPER TURN,UNKNOWN,NORMAL,,,,,2020-04-08 16:43:00,30,RAIN,DAYLIGHT,TURNING,NOT DIVIDED,WET,NO DEFECTS,ON SCENE,INJURY AND / OR TOW DUE TO CRASH,,"OVER $1,500",04/08/2020 04:44:00 PM,FAILING TO YIELD RIGHT-OF-WAY,IMPROPER TURNING/NO SIGNAL,,2,NO INDICATION OF INJURY,0.0,0.0,0.0,0.0,0.0,2.0,0.0,16,4,4,41.691493171,-87.697963546,POINT (-87.697963546176 41.691493170985),POINT (1157783.6876846764 1830811.9208037963),2020,3047 W 111TH ST
P190644,PASSENGER,e2955845a58a9b69367f322b4a9794f3b269b783f1c95d2a83712ae35b52bab899c4e0e16330aa30fbaaaae39877f940684ba6147e793b9f07d6a5fe85792e78,791535.0,F,42.0,NOT APPLICABLE,NONE,NO INDICATION OF INJURY,,,,,,,,2020-02-02 08:27:00,30,CLEAR,DAYLIGHT,ANGLE,DIVIDED - W/MEDIAN (NOT RAISED),DRY,NO DEFECTS,ON SCENE,INJURY AND / OR TOW DUE TO CRASH,,"OVER $1,500",02/02/2020 08:27:00 AM,DISREGARDING TRAFFIC SIGNALS,NOT APPLICABLE,,2,"REPORTED, NOT EVIDENT",1.0,0.0,0.0,0.0,1.0,3.0,0.0,8,1,2,41.916362532,-87.666311232,POINT (-87.666311231958 41.91636253151),POINT (1165792.7801619794 1912818.3510192104),2020,1527 W CORTLAND ST
O934864,DRIVER,0f7d0b9a84fbc5a78b400e8c63d05daeef84afc6e7b232118ad1efdf921b1bcf6ff6cca0ca4bec189d56a75bfe8e722c0d53d9307a8bd49406bbc63b11406c1c,886250.0,X,,DEPLOYMENT UNKNOWN,UNKNOWN,NO INDICATION OF INJURY,OTHER,UNKNOWN,UNKNOWN,,,,,2020-08-08 20:00:00,30,CLEAR,DARKNESS,PARKED MOTOR VEHICLE,ONE-WAY,DRY,NO DEFECTS,NOT ON SCENE (DESK REPORT),NO INJURY / DRIVE AWAY,Y,"OVER $1,500",08/09/2020 09:11:00 AM,UNABLE TO DETERMINE,NOT APPLICABLE,,2,NO INDICATION OF INJURY,0.0,0.0,0.0,0.0,0.0,1.0,0.0,20,7,8,41.889005319,-87.760969628,POINT (-87.760969628459 41.889005318944),POINT (1140096.10415014 1902663.2373713825),2020,5412 W FERDINAND ST
O882164,DRIVER,9b38385496512be31f4e7ddbf4413076d5d1f318bc658b4062727bbd8cb568b9e54ea672e8ef2bc5aaa3b6bea7120a683d8704a748942f3148493d505c08b659,836888.0,X,,DEPLOYMENT UNKNOWN,NONE,NO INDICATION OF INJURY,FOLLOWED TOO CLOSELY,UNKNOWN,UNKNOWN,,,,,2020-05-10 22:00:00,30,CLOUDY/OVERCAST,"DARKNESS, LIGHTED ROAD",REAR END,T-INTERSECTION,WET,NO DEFECTS,ON SCENE,NO INJURY / DRIVE AWAY,Y,"OVER $1,500",05/10/2020 10:10:00 PM,FOLLOWING TOO CLOSELY,UNABLE TO DETERMINE,,3,NO INDICATION OF INJURY,0.0,0.0,0.0,0.0,0.0,3.0,0.0,22,1,5,41.787666416,-87.606226159,POINT (-87.606226159394 41.787666416266),POINT (1182543.272161937 1866054.7045292093),2020,5900 S COTTAGE GROVE AVE