PERSON_ID,PERSON_TYPE,CRASH_RECORD_ID,VEHICLE_ID,SEX,AGE,AIRBAG_DEPLOYED,EJECTION,INJURY_CLASSIFICATION,DRIVER_ACTION,DRIVER_VISION,PHYSICAL_CONDITION,PEDPEDAL_ACTION,PEDPEDAL_VISIBILITY,PEDPEDAL_LOCATION,CRASH_DATE_EST_I,CRASH_DATE,POSTED_SPEED_LIMIT,WEATHER_CONDITION,LIGHTING_CONDITION,FIRST_CRASH_TYPE,TRAFFICWAY_TYPE,ROADWAY_SURFACE_COND,ROAD_DEFECT,REPORT_TYPE,CRASH_TYPE,HIT_AND_RUN_I,DAMAGE,DATE_POLICE_NOTIFIED,PRIM_CONTRIBUTORY_CAUSE,SEC_CONTRIBUTORY_CAUSE,DOORING_I,NUM_UNITS,MOST_SEVERE_INJURY,INJURIES_TOTAL,INJURIES_FATAL,INJURIES_INCAPACITATING,INJURIES_NON_INCAPACITATING,INJURIES_REPORTED_NOT_EVIDENT,INJURIES_NO_INDICATION,INJURIES_UNKNOWN,CRASH_HOUR,CRASH_DAY_OF_WEEK,CRASH_MONTH,LATITUDE,LONGITUDE,LOCATION,geometry,YEAR,ADDRESS
O991499,DRIVER,bb6adf42f1534f1d3b796a8759f279ba5f817ef24726936dfe3435781427504e45f45e7c556b97f6d09fd43067b721ff97b2347641c64ba35803667d03a81e10,939605.0,M,66.0,DID NOT DEPLOY,NONE,"REPORTED, NOT EVIDENT",OTHER,UNKNOWN,IMPAIRED - DRUGS,,,,,2020-11-09 15:44:00,30,CLEAR,DAYLIGHT,PARKED MOTOR VEHICLE,NOT DIVIDED,DRY,NO DEFECTS,ON SCENE,INJURY AND / OR TOW DUE TO CRASH,,"OVER $1,500",11/09/2020 03:46:00 PM,UNDER THE INFLUENCE OF ALCOHOL/DRUGS (USE WHEN ARREST IS EFFECTED),UNABLE TO DETERMINE,,2,"REPORTED, NOT EVIDENT",1.0,0.0,0.0,0.0,1.0,0.0,0.0,15,2,11,41.874011435,-87.68149301,POINT (-87.681493009801 41.87401143535),POINT (1161777.9986157443 1897353.8510893197),2020,556 S LEAVITT ST
O906743,DRIVER,5ee15471dde6c4a2d5056bdadd65af3625299aa1c4697f20c9bea2b72650f9ddc54593487472b94d1606de85fb8bc6bf2e0edbe25e593b456086d78a417040e4,859768.0,M,23.0,DID NOT DEPLOY,NONE,NO INDICATION OF INJURY,UNKNOWN,NOT OBSCURED,NORMAL,,,,,2020-06-26 14:55:00,30,CLOUDY/OVERCAST,DAYLIGHT,TURNING,FOUR WAY,DRY,NO DEFECTS,NOT ON SCENE (DESK REPORT),NO INJURY / DRIVE AWAY,Y,"$501 - $1,500",06/26/2020 03:10:00 PM,UNABLE TO DETERMINE,NOT APPLICABLE,,2,NO INDICATION OF INJURY,0.0,0.0,0.0,0.0,0.0,2.0,0.0,14,6,6,41.886920124,-87.745656899,POINT (-87.745656899198 41.886920124479),POINT (1144270.751780591 1901931.5780647718),2020,358 N CICERO AVE
O821834,DRIVER,b7226ad705085668688b59a2d9abb91155c166a9ef306d6745339c9cb2a73e06e2588769e602144f127d2484710894a7505f13377cbe9c4df67eaa40bb696ef0,780235.0,F,27.0,NOT APPLICABLE,NONE,NO INDICATION OF INJURY,UNKNOWN,NOT OBSCURED,NORMAL,,,,,2020-01-14 11:40:00,35,CLOUDY/OVERCAST,DAYLIGHT,SIDESWIPE SAME DIRECTION,DIVIDED - W/MEDIAN (NOT RAISED),UNKNOWN,UNKNOWN,NOT ON SCENE (DESK REPORT),NO INJURY / DRIVE AWAY,,"OVER $1,500",01/14/2020 12:15:00 PM,UNABLE TO DETERMINE,NOT APPLICABLE,,2,NO INDICATION OF INJURY,0.0,0.0,0.0,0.0,0.0,2.0,0.0,11,3,1,41.946848022,-87.671350846,POINT (-87.671350845798 41.946848022107),POINT (1164335.3732393929 1923916.700582949),2020,1701 W ADDISON ST
O962956,DRIVER,0f41ad8d575ec76a8c6c2d1625c00e1ec3579ace409b074d418e2532be107b514d306cc33f13018cc29ffedc32792728fb947bed6873673868fa47c3a52ab904,912647.0,M,0.0,"DEPLOYED, FRONT",NONE,NO INDICATION OF INJURY,NONE,NOT OBSCURED,NORMAL,,,,,2020-09-22 15:19:00,3,CLEAR,DAYLIGHT,ANGLE,DIVIDED - W/MEDIAN (NOT RAISED),DRY,NO DEFECTS,ON SCENE,INJURY AND / OR TOW DUE TO CRASH,,"OVER $1,500",09/22/2020 03:19:00 PM,FAILING TO YIELD RIGHT-OF-WAY,NOT APPLICABLE,,2,NO INDICATION OF INJURY,0.0,0.0,0.0,0.0,0.0,2.0,0.0,15,3,9,41.786253555,-87.697397842,POINT (-87.697397842071 41.786253555019),POINT (1157683.0399768518 1865342.7774218952),2020,5900 S RICHMOND ST
O866879,DRIVER,b608a54ef3ecae75adabe48fe5a8c8a7001436b544bcf215fa256c08b46565a54db5ef20955fb837d631c9f7311c8c526f8aa0b9b225afa73c3452d2810f61dc,822596.0,F,25.0,DID NOT DEPLOY,NONE,NO INDICATION OF INJURY,UNKNOWN,UNKNOWN,NORMAL,,,,,2020-03-28 00:58:00,30,RAIN,"DARKNESS, LIGHTED ROAD",REAR TO FRONT,ONE-WAY,WET,NO DEFECTS,ON SCENE,NO INJURY / DRIVE AWAY,,"OVER $1,500",03/28/2020 12:59:00 AM,UNABLE TO DETERMINE,NOT APPLICABLE,,2,NO INDICATION OF INJURY,0.0,0.0,0.0,0.0,0.0,4.0,0.0,0,7,3,41.752223728,-87.554191872,POINT (-87.554191871715 41.752223728407),POINT (1196850.9157963577 1853263.9409103766),2020,7848 S ESCANABA AVE
O987093,DRIVER,4b8d538d5a6c39aa7aa3945a58d0664d2769510b79de7c700329903946aa855eee1d6cf8279aa92dacfb71e79c05f865cd0a9f5ca01f89599b5ee2a9272b4463,935416.0,F,27.0,DID NOT DEPLOY,NONE,NO INDICATION OF INJURY,NONE,NOT OBSCURED,NORMAL,,,,,2020-11-01 14:15:00,35,CLEAR,DAYLIGHT,REAR END,DIVIDED - W/MEDIAN (NOT RAISED),DRY,NO DEFECTS,ON SCENE,NO INJURY / DRIVE AWAY,Y,$500 OR LESS,11/01/2020 03:07:00 PM,FOLLOWING TOO CLOSELY,NOT APPLICABLE,,2,NO INDICATION OF INJURY,0.0,0.0,0.0,0.0,0.0,2.0,0.0,14,1,11,42.001634074,-87.660601432,POINT (-87.660601431826 42.001634073815),POINT (1167102.873809574 1943903.7737810134),2020,6551 N SHERIDAN RD
O995067,DRIVER,a5ec885a48df5175b2d921fb2461f7e52b4774741a95ace36bd6291fc07b81dc93a0092ab6808ba856fc34783646044228ace5003ad20b2e6059d5be806faa4e,942958.0,F,25.0,"DEPLOYED, FRONT",NONE,NO INDICATION OF INJURY,TOO FAST FOR CONDITIONS,NOT OBSCURED,NORMAL,,,,,2020-11-16 13:30:00,35,CLEAR,DAYLIGHT,FIXED OBJECT,UNKNOWN INTERSECTION TYPE,DRY,NO DEFECTS,ON SCENE,INJURY AND / OR TOW DUE TO CRASH,,"OVER $1,500",11/16/2020 01:36:00 PM,FAILING TO REDUCE SPEED TO AVOID CRASH,NOT APPLICABLE,,2,NO INDICATION OF INJURY,0.0,0.0,0.0,0.0,0.0,1.0,0.0,13,2,11,41.985116069,-87.65340408,POINT (-87.653404080002 41.985116068918),POINT (1169106.962754361 1937899.9645098469),2020,5648 N LAKE SHORE DR NB
O998479,DRIVER,575074dcad2400b875bfdd613439e7ed56d1f00a5e1c011775e2dc33d38279621d050cda73b4d9d42108b23b0469bf3d02cc8a02be8a6e3ef65a98cd8bc2f50d,946212.0,F,,DEPLOYMENT UNKNOWN,NONE,NO INDICATION OF INJURY,NONE,UNKNOWN,UNKNOWN,,,,,2020-11-23 13:10:00,30,CLEAR,DAYLIGHT,SIDESWIPE SAME DIRECTION,FOUR WAY,DRY,NO DEFECTS,NOT ON SCENE (DESK REPORT),NO INJURY / DRIVE AWAY,,"OVER $1,500",11/23/2020 01:40:00 PM,IMPROPER LANE USAGE,UNABLE TO DETERMINE,,2,NO INDICATION OF INJURY,0.0,0.0,0.0,0.0,0.0,2.0,0.0,13,2,11,41.758715467,-87.586280965,POINT (-87.586280964844 41.758715466706),POINT (1188074.3060017026 1855551.8153076551),2020,7500 S STONY ISLAND AVE
O833377,DRIVER,46bc03a929eadfdd7eba2ea9c390f392c3e7698d2146162bb9ef451aa9b55d74a41f733497d2392cabe8cdc5d9308bff4d8c0231d904e4626e6cf604c497998d,790976.0,M,44.0,DID NOT DEPLOY,NONE,NO INDICATION OF INJURY,FOLLOWED TOO CLOSELY,NOT OBSCURED,NORMAL,,,,,2020-02-01 09:42:00,35,CLOUDY/OVERCAST,DAYLIGHT,REAR END,NOT DIVIDED,WET,NO DEFECTS,ON SCENE,NO INJURY / DRIVE AWAY,,"OVER $1,500",02/01/2020 09:42:00 AM,FOLLOWING TOO CLOSELY,FAILING TO REDUCE SPEED TO AVOID CRASH,,4,NO INDICATION OF INJURY,0.0,0.0,0.0,0.0,0.0,7.0,0.0,9,7,2,41.8268122,-87.683237086,POINT (-87.683237086392 41.82681219988),POINT (1161433.205220491 1880150.9928166245),2020,3685 S ARCHER AVE
P194077,PASSENGER,0471d392a958a0fabaed931ee563b8228cedce40c426ba32c8a7c099dcf396a575ce1e71ad8a22fdf2f888bbba2b5dc99dd4c2f49b6b047ac8c716b37dd3f90f,805359.0,M,25.0,"DEPLOYED, SIDE",NONE,NO INDICATION OF INJURY,,,,,,,,2020-02-23 18:22:00,30,CLEAR,"DARKNESS, LIGHTED ROAD",TURNING,FOUR WAY,DRY,NO DEFECTS,ON SCENE,INJURY AND / OR TOW DUE TO CRASH,,"OVER $1,500",02/23/2020 06:33:00 PM,UNABLE TO DETERMINE,UNABLE TO DETERMINE,,2,"REPORTED, NOT EVIDENT",1.0,0.0,0.0,0.0,1.0,2.0,0.0,18,1,2,41.772576302,-87.626740364,POINT (-87.626740364026 41.772576301797),POINT (1176993.8852532592 1860509.3269424005),2020,37 W MARQUETTE RD
O1016649,DRIVER,36b867f8e0fd08fd1b83625d51d2adbbe0e60113062c9915654ec144482de886058ff873d626a784adb5ff1f4a7dbff6f4009d33bb2bc14c25f76f34a07d3af2,963553.0,M,45.0,NOT APPLICABLE,NONE,NO INDICATION OF INJURY,NONE,NOT OBSCURED,NORMAL,,,,,2020-12-29 18:50:00,35,SNOW,"DARKNESS, LIGHTED ROAD",REAR END,NOT DIVIDED,SNOW OR SLUSH,UNKNOWN,NOT ON SCENE (DESK REPORT),NO INJURY / DRIVE AWAY,,"OVER $1,500",12/29/2020 07:20:00 PM,WEATHER,WEATHER,,2,NO INDICATION OF INJURY,0.0,0.0,0.0,0.0,0.0,3.0,0.0,18,3,12,41.874377906,-87.634252025,POINT (-87.634252024691 41.874377905653),POINT (1174643.009977962 1897588.6418738049),2020,221 W HARRISON ST
O850004,DRIVER,e08aa708dc90bc5df9167ecd70fbdc24b557e676cb1000364f52e6a75be281d20d020cd029530e2e31199c5dc8617d8298e64a1d1d967f9c5b71f6f249807e26,806672.0,M,23.0,DID NOT DEPLOY,NONE,NO INDICATION OF INJURY,NONE,NOT OBSCURED,NORMAL,,,,,2020-02-26 08:05:00,30,SNOW,DAYLIGHT,REAR END,NOT DIVIDED,SNOW OR SLUSH,NO DEFECTS,NOT ON SCENE (DESK REPORT),NO INJURY / DRIVE AWAY,,"$501 - $1,500",02/26/2020 08:50:00 AM,UNABLE TO DETERMINE,NOT APPLICABLE,,2,NO INDICATION OF INJURY,0.0,0.0,0.0,0.0,0.0,2.0,0.0,8,4,2,41.91200401,-87.689645639,POINT (-87.689645639045 41.912004010288),POINT (1159453.7666962403 1911181.5714031316),2020,2499 W WABANSIA AVE
O873707,DRIVER,4e3f74b33908603f870c4f0df2fdaca08694ad27324116ca8cf2f1878273bc0fb69c48ab84fcaf6ec92cf54e9c3050b17f6d4592eaddaafee15c40850db89251,828910.0,X,,DEPLOYMENT UNKNOWN,NONE,NO INDICATION OF INJURY,IMPROPER TURN,UNKNOWN,UNKNOWN,,,,,2020-04-19 14:55:00,30,CLEAR,DAYLIGHT,PEDALCYCLIST,NOT DIVIDED,DRY,UNKNOWN,NOT ON SCENE (DESK REPORT),NO INJURY / DRIVE AWAY,Y,$500 OR LESS,04/19/2020 04:00:00 PM,IMPROPER TURNING/NO SIGNAL,NOT APPLICABLE,,2,NO INDICATION OF INJURY,0.0,0.0,0.0,0.0,0.0,2.0,0.0,14,1,4,41.939653139,-87.663938727,POINT (-87.663938726767 41.939653138887),POINT (1166372.2468618574 1921310.5248067146),2020,1401 W BELMONT AVE
O880858,DRIVER,ff053da4a2400da842b08dc72aa77fb36b9fe02fea6e36ddd7048e66be4c725860a503e53dacd37436a1e23e6c381b814ce43981a0eb597e8076d9d3227eee9b,835651.0,M,,DEPLOYMENT UNKNOWN,NONE,NO INDICATION OF INJURY,UNKNOWN,UNKNOWN,UNKNOWN,,,,,2020-05-07 22:00:00,25,CLEAR,"DARKNESS, LIGHTED ROAD",ANGLE,NOT DIVIDED,DRY,NO DEFECTS,NOT ON SCENE (DESK REPORT),NO INJURY / DRIVE AWAY,Y,"OVER $1,500",05/07/2020 11:20:00 PM,UNABLE TO DETERMINE,UNABLE TO DETERMINE,,2,NO INDICATION OF INJURY,0.0,0.0,0.0,0.0,0.0,3.0,0.0,22,5,5,41.782253098,-87.594210333,POINT (-87.594210332753 41.782253097766),POINT (1185837.1497173025 1864110.0679001273),2020,1311 E 62ND ST
O962609,DRIVER,8a79f0c33df9a358a28842db99a67c6518d8f5e99808b9da72b40a988af8db1cfcfb6c32ae84d91ace2ba7f33cf88c4f9a8cfa05a7e8407a1b3538b06768ffba,912320.0,M,58.0,NOT APPLICABLE,NONE,NO INDICATION OF INJURY,OTHER,NOT OBSCURED,NORMAL,,,,,2020-09-21 19:40:00,30,CLEAR,"DARKNESS, LIGHTED ROAD",PARKED MOTOR VEHICLE,NOT DIVIDED,DRY,NO DEFECTS,ON SCENE,NO INJURY / DRIVE AWAY,,$500 OR LESS,09/21/2020 07:41:00 PM,UNABLE TO DETERMINE,NOT APPLICABLE,,2,NO INDICATION OF INJURY,0.0,0.0,0.0,0.0,0.0,1.0,0.0,19,2,9,41.904378494,-87.65304279,POINT (-87.653042789819 41.904378493656),POINT (1169438.6942111647 1908479.722783862),2020,1229 N HICKORY AVE
O824984,DRIVER,5f0c560a362378f141ce60beb14a82787ab0d9642160279da3f029f99ab35f6f8523722cfa79509b175ed26a9b141040a9af77879e334e3923657de2460f5861,783159.0,M,52.0,DID NOT DEPLOY,NONE,NO INDICATION OF INJURY,NONE,NOT OBSCURED,NORMAL,,,,,2020-01-18 16:00:00,30,CLEAR,DAYLIGHT,REAR END,NOT DIVIDED,DRY,NO DEFECTS,NOT ON SCENE (DESK REPORT),NO INJURY / DRIVE AWAY,,"OVER $1,500",01/18/2020 04:20:00 PM,UNABLE TO DETERMINE,UNABLE TO DETERMINE,,2,NO INDICATION OF INJURY,0.0,0.0,0.0,0.0,0.0,2.0,0.0,16,7,1,41.898280669,-87.706792445,POINT (-87.706792444974 41.898280668563),POINT (1154823.1244803066 1906146.2236450783),2020,930 N KEDZIE AVE
O956080,DRIVER,fe02cc38091c85baf3a211b83a483c7a389c315a97d43905f490b14befcc8c8cab54ed0e2eb56114f8cf7cd106e16112948eaaf1830412738424cfc784729121,906207.0,M,,DEPLOYMENT UNKNOWN,NONE,NO INDICATION OF INJURY,UNKNOWN,UNKNOWN,UNKNOWN,,,,,2020-09-11 08:50:00,30,CLEAR,DAYLIGHT,ANGLE,DIVIDED - W/MEDIAN (NOT RAISED),DRY,UNKNOWN,NOT ON SCENE (DESK REPORT),NO INJURY / DRIVE AWAY,,"$501 - $1,500",09/11/2020 03:41:00 PM,UNABLE TO DETERMINE,UNABLE TO DETERMINE,,2,NO INDICATION OF INJURY,0.0,0.0,0.0,0.0,0.0,2.0,0.0,8,6,9,41.969133561,-87.659743364,POINT (-87.659743364273 41.969133560519),POINT (1167429.2475294755 1932062.2388754047),2020,1200 W LAWRENCE AVE
O882821,DRIVER,c10c6c89db7181ae3ef95b1ea1cd71c16fb0bdda731c34897151faaaedbeaca75147a260e0e9d263417084cf4781737855a4d5b1763ff50671423cfb48fcb1f4,837513.0,F,,NOT APPLICABLE,NONE,NO INDICATION OF INJURY,NONE,NOT OBSCURED,NORMAL,,,,,2020-05-12 15:45:00,20,CLEAR,DAYLIGHT,REAR TO REAR,OTHER,DRY,NO DEFECTS,NOT ON SCENE (DESK REPORT),NO INJURY / DRIVE AWAY,,"$501 - $1,500",05/12/2020 05:20:00 PM,UNABLE TO DETERMINE,NOT APPLICABLE,,2,NO INDICATION OF INJURY,0.0,0.0,0.0,0.0,0.0,2.0,0.0,15,3,5,41.792218536,-87.794082136,POINT (-87.794082135983 41.792218535676),POINT (1131301.461316905 1867336.17176318),2020,6900 W ARCHER AVE
O818501,DRIVER,cbefc5f4045b6ce131d7d60b0fc3907e9cebc717ed6531d5813ec5a59a7fa85adae4e43126a4b6b3ace8ae3a71b848955a3bf11a8eaf35d9e1974220ae19150a,777073.0,F,24.0,DID NOT DEPLOY,NONE,NO INDICATION OF INJURY,NONE,NOT OBSCURED,NORMAL,,,,,2020-01-09 05:45:00,30,CLEAR,"DARKNESS, LIGHTED ROAD",REAR END,NOT DIVIDED,DRY,NO DEFECTS,NOT ON SCENE (DESK REPORT),NO INJURY / DRIVE AWAY,,"$501 - $1,500",01/09/2020 06:10:00 AM,DRIVING SKILLS/KNOWLEDGE/EXPERIENCE,UNABLE TO DETERMINE,,2,NO INDICATION OF INJURY,0.0,0.0,0.0,0.0,0.0,2.0,0.0,5,5,1,41.793622803,-87.703618141,POINT (-87.70361814062 41.7936228033),POINT (1155966.956993314 1868015.593764085),2020,3200 W 55TH ST
O990709,DRIVER,02ba206c8f5f134de5b87525529974b6c3e58d25a4ce6672527403e9ac56d67745c577b57e6036971ef40a533d5d429a2b9f25d738d144ddaeafa411c9ba93f3,938845.0,M,22.0,"DEPLOYED, FRONT",UNKNOWN,NO INDICATION OF INJURY,UNKNOWN,UNKNOWN,UNKNOWN,,,,,2020-11-08 01:13:00,25,CLEAR,"DARKNESS, LIGHTED ROAD",PARKED MOTOR VEHICLE,ONE-WAY,DRY,UNKNOWN,ON SCENE,INJURY AND / OR TOW DUE TO CRASH,,"OVER $1,500",11/08/2020 01:49:00 AM,DRIVING ON WRONG SIDE/WRONG WAY,UNABLE TO DETERMINE,,2,NO INDICATION OF INJURY,0.0,0.0,0.0,0.0,0.0,1.0,0.0,1,1,11,41.919628889,-87.802302003,POINT (-87.80230200255 41.919628889267),POINT (1128772.7986425543 1913750.092164468),2020,2153 N NORDICA AVE
O997487,DRIVER,5ab1d108e5b941f81a0354f7de25b2ec69b94a4af80681c116a178f91006a70dae46c6fe30eb6dfe63403ac2affadea90914b16130054e82bc0e1dd54e435091,945244.0,M,62.0,DID NOT DEPLOY,NONE,NO INDICATION OF INJURY,NONE,NOT OBSCURED,NORMAL,,,,,2020-11-11 16:30:00,30,CLEAR,DUSK,ANGLE,NOT DIVIDED,DRY,NO DEFECTS,NOT ON SCENE (DESK REPORT),NO INJURY / DRIVE AWAY,Y,"OVER $1,500",11/11/2020 04:30:00 PM,UNABLE TO DETERMINE,UNABLE TO DETERMINE,,2,NO INDICATION OF INJURY,0.0,0.0,0.0,0.0,0.0,3.0,0.0,16,4,11,41.713483888,-87.553634508,POINT (-87.553634507518 41.713483888285),POINT (1197130.883910818 1839148.8804656123),2020,2900 E 100TH ST
P187328,PASSENGER,0c576a59a7ca3d0a47e2ffe70c2c0249d50baf6c31d7b2bc96a776bd2d8ee6994ec6eb450fa8c636e867900f6a3684e5e4428d21a0d09ba4f308f9c297cef51d,777380.0,F,,DID NOT DEPLOY,NONE,NO INDICATION OF INJURY,,,,,,,,2020-01-09 15:49:00,25,CLEAR,DAYLIGHT,TURNING,NOT DIVIDED,DRY,NO DEFECTS,ON SCENE,NO INJURY / DRIVE AWAY,Y,"OVER $1,500",01/09/2020 03:51:00 PM,FAILING TO YIELD RIGHT-OF-WAY,NOT APPLICABLE,,2,NO INDICATION OF INJURY,0.0,0.0,0.0,0.0,0.0,4.0,0.0,15,5,1,41.914105075,-87.682286245,POINT (-87.682286244766 41.914105075396),POINT (1161451.0997507975 1911962.3205123665),2020,1775 N LEAVITT ST
O891119,DRIVER,4b10a030120e370fb2fd7da90160f762c9007fc5a56d6a6b410e85be283565cb5d136a3ffa1ef4ec03acb235c1cc77c8dc49a4f50aa719538e445f6641461b63,845271.0,M,,DEPLOYMENT UNKNOWN,UNKNOWN,NO INDICATION OF INJURY,UNKNOWN,UNKNOWN,UNKNOWN,,,,,2020-05-29 20:50:00,30,CLEAR,DAWN,ANGLE,FOUR WAY,DRY,NO DEFECTS,ON SCENE,NO INJURY / DRIVE AWAY,Y,"OVER $1,500",05/29/2020 09:10:00 PM,UNABLE TO DETERMINE,UNABLE TO DETERMINE,,2,NO INDICATION OF INJURY,0.0,0.0,0.0,0.0,0.0,6.0,0.0,20,6,5,41.699012523,-87.535427914,POINT (-87.53542791363 41.699012522767),POINT (1202150.7209954218 1833921.2114113234),2020,10800 S EWING AVE
P199023,PASSENGER,746b55eeec755a6e924bf69aa172d943af6932fa9ce4db6c0f29a124b6c9aeacbf9108fa057078da7fe354cbe87777c69ccb2d002156b6c9096ce859c4a0f44a,825934.0,M,,NOT APPLICABLE,UNKNOWN,NO INDICATION OF INJURY,,,,,,,,2020-04-09 16:15:00,15,CLEAR,DAYLIGHT,PARKED MOTOR VEHICLE,ONE-WAY,DRY,NO DEFECTS,ON SCENE,INJURY AND / OR TOW DUE TO CRASH,Y,"OVER $1,500",04/09/2020 04:16:00 PM,DRIVING SKILLS/KNOWLEDGE/EXPERIENCE,UNABLE TO DETERMINE,,3,NO INDICATION OF INJURY,0.0,0.0,0.0,0.0,0.0,2.0,0.0,16,5,4,41.86491323,-87.72743307,POINT (-87.727433070177 41.864913230066),POINT (1149289.6208245093 1893946.8162539876),2020,1241 S KARLOV AVE
O886032,DRIVER,3b5bd9edd054ed653fafc0f019262f14a821181d95b0717b374e68b678dba7b43fe97e7a18adb6a0421f1f1703a26ef2f2744b18da016ccf14ca11f34cf6ab82,840529.0,M,49.0,DID NOT DEPLOY,NONE,NO INDICATION OF INJURY,FAILED TO YIELD,NOT OBSCURED,NORMAL,,,,,2020-05-19 18:15:00,30,CLEAR,DAYLIGHT,TURNING,FOUR WAY,DRY,NO DEFECTS,ON SCENE,INJURY AND / OR TOW DUE TO CRASH,,"OVER $1,500",05/19/2020 06:23:00 PM,FAILING TO YIELD RIGHT-OF-WAY,NOT APPLICABLE,,2,NO INDICATION OF INJURY,0.0,0.0,0.0,0.0,0.0,3.0,0.0,18,3,5,41.873100153,-87.744850226,POINT (-87.744850226374 41.873100153311),POINT (1144524.9357603758 1896897.1092662697),2020,601 S CICERO AVE
O823213,DRIVER,ec51480f746c1ed2ac4bca1bd207f971b112003425aa379eb85b7efc6432373bf566581255e455b002d9c14b2b941a576a88715a676a7dee7c85ff8977ea2171,781473.0,M,28.0,DID NOT DEPLOY,NONE,NONINCAPACITATING INJURY,NONE,NOT OBSCURED,NORMAL,,,,,2020-01-13 19:30:00,30,CLEAR,"DARKNESS, LIGHTED ROAD",REAR END,NOT DIVIDED,DRY,NO DEFECTS,,INJURY AND / OR TOW DUE TO CRASH,,"OVER $1,500",01/13/2020 07:50:00 PM,FOLLOWING TOO CLOSELY,FOLLOWING TOO CLOSELY,,2,NONINCAPACITATING INJURY,3.0,0.0,0.0,3.0,0.0,1.0,0.0,19,2,1,41.836495572,-87.685348345,POINT (-87.685348344522 41.836495571534),POINT (1160831.1642999805 1883675.2248480732),2020,3126 S WESTERN AVE
O938574,DRIVER,40e40ae4eec2ecaf6de50737fb6454f0a8f949678aa64b7cd6aefe73c6c0afedc25763ffbb459011a7aff31fc81765debc1cd072c3024cd09a1dd5e14b800445,889732.0,F,31.0,NOT APPLICABLE,NONE,NO INDICATION OF INJURY,NONE,NOT OBSCURED,NORMAL,,,,,2020-08-14 18:17:00,30,CLEAR,DAYLIGHT,TURNING,DIVIDED - W/MEDIAN (NOT RAISED),DRY,NO DEFECTS,ON SCENE,INJURY AND / OR TOW DUE TO CRASH,,"OVER $1,500",08/14/2020 07:25:00 PM,UNABLE TO DETERMINE,NOT APPLICABLE,,3,NONINCAPACITATING INJURY,1.0,0.0,0.0,1.0,0.0,2.0,0.0,18,6,8,41.795918388,-87.761780789,POINT (-87.761780789101 41.795918387995),POINT (1140100.9673330758 1868741.2766891206),2020,5874 S ARCHER AVE
P213716,PASSENGER,421f54c7bd11258749cf5834131cfa28127a0564fb0f16df4e21bf6b64da5aeb544e8a4df3262e6a118d74d0042b94a82ef2e1e2307cc4a0dc751f9c2e5e556f,887516.0,F,23.0,DID NOT DEPLOY,NONE,NO INDICATION OF INJURY,,,,,,,,2020-08-11 12:26:00,30,CLEAR,DAYLIGHT,PARKED MOTOR VEHICLE,ONE-WAY,DRY,NO DEFECTS,ON SCENE,NO INJURY / DRIVE AWAY,,"$501 - $1,500",08/11/2020 12:37:00 PM,NOT APPLICABLE,NOT APPLICABLE,,2,NO INDICATION OF INJURY,0.0,0.0,0.0,0.0,0.0,3.0,0.0,12,3,8,41.885747275,-87.755324631,POINT (-87.755324630567 41.885747274664),POINT (1141641.155544187 1901486.31330107),2020,5200 W FULTON ST
O862674,DRIVER,7ccfd539adf4c9e60ee4aa8b6ba643fa0aee8f7380e92a961f9f9f185c70a455398482bd7b947d309f3f53e17aca20f8947dd38d8b570fd9f04bda9e0097cbd1,818592.0,F,26.0,NOT APPLICABLE,NONE,NO INDICATION OF INJURY,FAILED TO YIELD,NOT OBSCURED,NORMAL,,,,,2020-03-15 21:40:00,30,CLEAR,"DARKNESS, LIGHTED ROAD",TURNING,NOT DIVIDED,DRY,NO DEFECTS,ON SCENE,INJURY AND / OR TOW DUE TO CRASH,,"OVER $1,500",03/15/2020 09:40:00 PM,FAILING TO YIELD RIGHT-OF-WAY,UNABLE TO DETERMINE,,2,NO INDICATION OF INJURY,0.0,0.0,0.0,0.0,0.0,2.0,0.0,21,1,3,41.908334833,-87.711973293,POINT (-87.711973292606 41.908334833473),POINT (1153386.1170049424 1909799.703540162),2020,3400 W LE MOYNE ST
O1007620,DRIVER,c33a3a188aba7c3cf525502cf78e7625707ca429ba359fc2b5b131ec0b0696fc8610968afbe24599bfa6e71180f0076aef7947cce5bd3e03c02b7cb1ac742ac7,954952.0,F,36.0,"DEPLOYED, FRONT",NONE,NO INDICATION OF INJURY,OTHER,NOT OBSCURED,NORMAL,,,,,2020-12-11 23:15:00,30,RAIN,"DARKNESS, LIGHTED ROAD",REAR END,ONE-WAY,WET,NO DEFECTS,ON SCENE,INJURY AND / OR TOW DUE TO CRASH,,"OVER $1,500",12/11/2020 11:18:00 PM,WEATHER,UNABLE TO DETERMINE,,2,NO INDICATION OF INJURY,0.0,0.0,0.0,0.0,0.0,3.0,0.0,23,6,12,41.711262751,-87.656308565,POINT (-87.656308565414 41.711262751284),POINT (1169104.0239068624 1838102.382011751),2020,1401 W 100TH PL
O971798,DRIVER,9f0471afd008c22a0221d73c6dd80045854788252e726e9e1750318398fbb7606facb0c852a76e9dd00535efa584cb4d5c575fdef7fed070f86989c345647f50,921001.0,M,47.0,NOT APPLICABLE,NONE,NO INDICATION OF INJURY,UNKNOWN,UNKNOWN,UNKNOWN,,,,,2020-10-05 19:00:00,30,UNKNOWN,UNKNOWN,REAR END,DIVIDED - W/MEDIAN (NOT RAISED),UNKNOWN,UNKNOWN,NOT ON SCENE (DESK REPORT),NO INJURY / DRIVE AWAY,,"$501 - $1,500",10/05/2020 08:40:00 PM,UNABLE TO DETERMINE,UNABLE TO DETERMINE,,2,NO INDICATION OF INJURY,0.0,0.0,0.0,0.0,0.0,4.0,0.0,19,2,10,41.997547853,-87.706549478,POINT (-87.706549478076 41.997547852658),POINT (1154624.7432399704 1942319.9532034898),2020,3050 W DEVON AVE