PERSON_ID,PERSON_TYPE,CRASH_RECORD_ID,VEHICLE_ID,SEX,AGE,AIRBAG_DEPLOYED,EJECTION,INJURY_CLASSIFICATION,DRIVER_ACTION,DRIVER_VISION,PHYSICAL_CONDITION,PEDPEDAL_ACTION,PEDPEDAL_VISIBILITY,PEDPEDAL_LOCATION,CRASH_DATE_EST_I,CRASH_DATE,POSTED_SPEED_LIMIT,WEATHER_CONDITION,LIGHTING_CONDITION,FIRST_CRASH_TYPE,TRAFFICWAY_TYPE,ROADWAY_SURFACE_COND,ROAD_DEFECT,REPORT_TYPE,CRASH_TYPE,HIT_AND_RUN_I,DAMAGE,DATE_POLICE_NOTIFIED,PRIM_CONTRIBUTORY_CAUSE,SEC_CONTRIBUTORY_CAUSE,DOORING_I,NUM_UNITS,MOST_SEVERE_INJURY,INJURIES_TOTAL,INJURIES_FATAL,INJURIES_INCAPACITATING,INJURIES_NON_INCAPACITATING,INJURIES_REPORTED_NOT_EVIDENT,INJURIES_NO_INDICATION,INJURIES_UNKNOWN,CRASH_HOUR,CRASH_DAY_OF_WEEK,CRASH_MONTH,LATITUDE,LONGITUDE,LOCATION,geometry,YEAR,ADDRESS
O1004251,DRIVER,139594048fc00ad0640ac71392e4b6ade17c7ca8961cf4f52579c26931d8f666937a1bf7afa951871d1978b659b31ff42a8241099c55d1ac4becce69a2957001,951713.0,X,,"DEPLOYED, COMBINATION",NONE,NO INDICATION OF INJURY,UNKNOWN,UNKNOWN,UNKNOWN,,,,,2020-12-05 04:58:00,30,CLEAR,"DARKNESS, LIGHTED ROAD",PARKED MOTOR VEHICLE,NOT DIVIDED,DRY,NO DEFECTS,,INJURY AND / OR TOW DUE TO CRASH,Y,"OVER $1,500",12/05/2020 04:58:00 AM,UNABLE TO DETERMINE,UNABLE TO DETERMINE,,4,NO INDICATION OF INJURY,0.0,0.0,0.0,0.0,0.0,1.0,0.0,4,7,12,41.773587708,-87.573904584,POINT (-87.573904584097 41.773587708273),POINT (1191403.2273418475 1861000.7172059973),2020,2102 E 67TH ST
O846368,DRIVER,ef8b8973a45753f606abc7a1d683f829f6a66c0bf60165c43446c9c9e20ff6a5a861b2e35ac5d86537bb0785e9acd5ab361f8eeeef6c9ca170c6101adad30a45,803174.0,F,26.0,NOT APPLICABLE,NONE,NO INDICATION OF INJURY,FOLLOWED TOO CLOSELY,NOT OBSCURED,NORMAL,,,,,2020-02-20 07:50:00,30,CLEAR,DAYLIGHT,REAR END,NOT DIVIDED,DRY,NO DEFECTS,ON SCENE,NO INJURY / DRIVE AWAY,,"OVER $1,500",02/20/2020 09:00:00 AM,FOLLOWING TOO CLOSELY,NOT APPLICABLE,,2,NO INDICATION OF INJURY,0.0,0.0,0.0,0.0,0.0,2.0,0.0,7,5,2,41.7863747,-87.702192536,POINT (-87.702192536394 41.786374700255),POINT (1156375.095471892 1865377.2868061636),2020,3132 W 59TH ST
O989773,DRIVER,cfeb00ff9f1eb38d259fe3f64d5a10748ebb9005d5f2318414c4bda6d4ee97819f2ef911cfa2aa548369669d62c93c6ffaea3a9b6bb981508a336814fec8e57f,937941.0,F,39.0,DEPLOYMENT UNKNOWN,NONE,NO INDICATION OF INJURY,NONE,NOT OBSCURED,NORMAL,,,,,2020-11-06 14:24:00,20,CLEAR,DAYLIGHT,ANGLE,FOUR WAY,DRY,NO DEFECTS,ON SCENE,INJURY AND / OR TOW DUE TO CRASH,,"OVER $1,500",11/06/2020 04:07:00 PM,DISREGARDING STOP SIGN,FAILING TO YIELD RIGHT-OF-WAY,,2,NO INDICATION OF INJURY,0.0,0.0,0.0,0.0,0.0,2.0,0.0,14,6,11,41.770910211,-87.623590038,POINT (-87.623590037932 41.770910211372),POINT (1177858.243944725 1859909.292209754),2020,6800 S WABASH AVE
O901289,DRIVER,d2f38d9ca1d22f8645db1fa3acae989fdc764dfaf58cf6b029dcbc37647e5b9ef260d5fe4f480b60fcf110ecf2a7d59a59bf38e7c4c4cc61997b7f614e14add9,854630.0,F,,DEPLOYMENT UNKNOWN,NONE,NO INDICATION OF INJURY,FOLLOWED TOO CLOSELY,UNKNOWN,UNKNOWN,,,,,2020-06-17 12:15:00,30,CLEAR,DAYLIGHT,REAR END,NOT DIVIDED,DRY,NO DEFECTS,NOT ON SCENE (DESK REPORT),NO INJURY / DRIVE AWAY,,"OVER $1,500",06/17/2020 03:00:00 PM,FOLLOWING TOO CLOSELY,FOLLOWING TOO CLOSELY,,2,NO INDICATION OF INJURY,0.0,0.0,0.0,0.0,0.0,2.0,0.0,12,4,6,41.866819962,-87.666235619,POINT (-87.666235618567 41.866819962413),POINT (1165953.7186609977 1894765.2166858702),2020,1201 S ASHLAND AVE
O949851,DRIVER,66542c39ab8d97c2f02f280fcf470b0e9866532ce420f2d6e373559b2084fe60a4f3ee049c655fc576fa7d746c6a7a78d3a306549b3100d7c0506dfe81838e4b,900380.0,F,46.0,DID NOT DEPLOY,NONE,NO INDICATION OF INJURY,IMPROPER TURN,UNKNOWN,NORMAL,,,,,2020-09-01 13:30:00,30,CLEAR,DAYLIGHT,TURNING,NOT DIVIDED,DRY,NO DEFECTS,NOT ON SCENE (DESK REPORT),NO INJURY / DRIVE AWAY,,"OVER $1,500",09/01/2020 02:00:00 PM,IMPROPER OVERTAKING/PASSING,UNABLE TO DETERMINE,,2,NO INDICATION OF INJURY,0.0,0.0,0.0,0.0,0.0,2.0,0.0,13,3,9,41.939502996,-87.688313429,POINT (-87.688313428863 41.939502996037),POINT (1159741.0002772058 1921204.970292904),2020,3200 N WESTERN AVE
O1006748,DRIVER,898dfea63f6f4072aa1d1aab15915e5c05c2d5dbcd8ed296bfb66fa595dbbc9fe4169b5fa21ea97acf2993a86f0ead54d393fe745959ace800d906d070cdc505,954091.0,M,,DEPLOYMENT UNKNOWN,UNKNOWN,NO INDICATION OF INJURY,UNKNOWN,UNKNOWN,UNKNOWN,,,,Y,2020-12-10 00:10:00,30,CLEAR,"DARKNESS, LIGHTED ROAD",PARKED MOTOR VEHICLE,ONE-WAY,DRY,NO DEFECTS,,INJURY AND / OR TOW DUE TO CRASH,Y,"OVER $1,500",12/10/2020 12:32:00 AM,UNABLE TO DETERMINE,NOT APPLICABLE,,3,NO INDICATION OF INJURY,0.0,0.0,0.0,0.0,0.0,1.0,0.0,0,5,12,41.774909723,-87.741273815,POINT (-87.741273814516 41.774909722595),POINT (1145745.5458150527 1861123.7246862676),2020,4738 W 65TH ST
O977933,DRIVER,66686aa8b8ee3c2daf79585a4745c43d38e6acee67d43576c72b727c967370c225815c454520dfa1757185aee67f0b50e68b61dd38a517c75f2920e07e4555d8,926722.0,F,23.0,DID NOT DEPLOY,NONE,NO INDICATION OF INJURY,NONE,UNKNOWN,NORMAL,,,,,2020-10-16 17:05:00,30,CLEAR,DAYLIGHT,TURNING,DIVIDED - W/MEDIAN BARRIER,DRY,UNKNOWN,ON SCENE,NO INJURY / DRIVE AWAY,,$500 OR LESS,10/16/2020 05:05:00 PM,FOLLOWING TOO CLOSELY,FOLLOWING TOO CLOSELY,,2,NO INDICATION OF INJURY,0.0,0.0,0.0,0.0,0.0,2.0,0.0,17,6,10,41.976201139,-87.905309125,POINT (-87.905309125103 41.976201139024),POINT (1100635.8917230505 1934208.3565550821),2020,10000 W OHARE ST
P201051,PASSENGER,247d450fe22a1b2ab44fadebcbd7fb687aaf713778565cf8b9b088de252d0b13f93fe315cd397ab96b5797fa104bda856958cf9eee286a49a89a8246fd446a18,835007.0,M,26.0,"DEPLOYED, FRONT",NONE,NO INDICATION OF INJURY,,,,,,,,2020-05-04 14:50:00,30,CLEAR,DAYLIGHT,TURNING,NOT DIVIDED,DRY,UNKNOWN,,INJURY AND / OR TOW DUE TO CRASH,,"OVER $1,500",05/04/2020 02:50:00 PM,IMPROPER TURNING/NO SIGNAL,UNABLE TO DETERMINE,,2,NO INDICATION OF INJURY,0.0,0.0,0.0,0.0,0.0,4.0,0.0,14,2,5,41.885721524,-87.644391312,POINT (-87.644391312168 41.885721524424),POINT (1171848.403551342 1901699.9183335404),2020,200 N DESPLAINES ST
O878430,DRIVER,07377f80a37f8b8b0e55b0fc5073e0f473b86b28a3668fb0dbcdc616ed9650cbaac59c369538879e7a43bcc9890b499710555ef330090f8e84a9844827abdae4,833352.0,X,,DEPLOYMENT UNKNOWN,NONE,NO INDICATION OF INJURY,UNKNOWN,UNKNOWN,UNKNOWN,,,,Y,2020-05-02 11:30:00,30,CLEAR,UNKNOWN,PARKED MOTOR VEHICLE,DIVIDED - W/MEDIAN (NOT RAISED),DRY,NO DEFECTS,NOT ON SCENE (DESK REPORT),NO INJURY / DRIVE AWAY,Y,"$501 - $1,500",05/02/2020 01:35:00 PM,UNABLE TO DETERMINE,UNABLE TO DETERMINE,,2,NO INDICATION OF INJURY,0.0,0.0,0.0,0.0,0.0,1.0,0.0,11,7,5,41.728049511,-87.604469093,POINT (-87.604469093006 41.728049511109),POINT (1183206.5097799134 1844334.85091803),2020,9143 S COTTAGE GROVE AVE
P199122,PASSENGER,54546a50c8221069f9557e226ac9af64b3032c7cf612a53ee85c91fa7ae40203720ed76c56b5bf2964eaac6e640b38fc1f4e8361c640d2e99912419de3f9e2e4,826341.0,M,20.0,DID NOT DEPLOY,NONE,NO INDICATION OF INJURY,,,,,,,N,2020-04-11 01:15:00,30,CLEAR,"DARKNESS, LIGHTED ROAD",PARKED MOTOR VEHICLE,ONE-WAY,DRY,NO DEFECTS,ON SCENE,NO INJURY / DRIVE AWAY,,$500 OR LESS,04/11/2020 01:15:00 AM,UNABLE TO DETERMINE,NOT APPLICABLE,,2,NO INDICATION OF INJURY,0.0,0.0,0.0,0.0,0.0,3.0,0.0,1,7,4,41.852961842,-87.63200039,POINT (-87.632000389706 41.852961841603),POINT (1175319.9932832825 1889789.6698370557),2020,180 W CERMAK RD
O993687,DRIVER,aaf3a3d33399b4cec4193a58404e70c5d24b91f46af90ff2c47a1a678b11f9d4e4416bf41aa877ffeeaa155a3673bf49cf2a224b8a1aa81f6908ffdc2ccf10ab,941647.0,M,25.0,"DEPLOYED, FRONT",NONE,NO INDICATION OF INJURY,UNKNOWN,UNKNOWN,NORMAL,,,,,2020-11-13 15:20:00,30,CLEAR,DAYLIGHT,SIDESWIPE SAME DIRECTION,NOT DIVIDED,DRY,UNKNOWN,ON SCENE,NO INJURY / DRIVE AWAY,,"OVER $1,500",11/13/2020 03:40:00 PM,UNABLE TO DETERMINE,UNABLE TO DETERMINE,,3,NO INDICATION OF INJURY,0.0,0.0,0.0,0.0,0.0,3.0,0.0,15,6,11,41.991457364,-87.65528026,POINT (-87.65528026028 41.991457364008),POINT (1168578.5751931896 1940206.7253837478),2020,6015 N SHERIDAN RD
O930111,DRIVER,3909e86a9ebe35e2b01047256449a1192d55e43d0a75daeb5a49cea141099334da0844550de94c1405b47c7c7128a171316ffd691041aee6a928f2d3dd0b7d35,881732.0,X,,DEPLOYMENT UNKNOWN,UNKNOWN,NO INDICATION OF INJURY,UNKNOWN,UNKNOWN,UNKNOWN,,,,,2020-08-01 22:00:00,30,UNKNOWN,"DARKNESS, LIGHTED ROAD",REAR END,NOT DIVIDED,UNKNOWN,UNKNOWN,NOT ON SCENE (DESK REPORT),NO INJURY / DRIVE AWAY,Y,"OVER $1,500",08/01/2020 10:30:00 PM,UNABLE TO DETERMINE,UNABLE TO DETERMINE,,2,NO INDICATION OF INJURY,0.0,0.0,0.0,0.0,0.0,2.0,0.0,22,7,8,41.772634626,-87.62527215,POINT (-87.62527215003 41.77263462564),POINT (1177394.2108915066 1860533.8736250412),2020,6700 S STATE ST
O870460,DRIVER,a3d3d7d5dd6d0673d53c5e773fae2f3e8ac49bae3092b53d9412ddb129a42846e2d13ff7229503e7028872a38b6167b4793fb15957f2ad59be9ea07cb13372da,825844.0,X,,DEPLOYMENT UNKNOWN,UNKNOWN,NO INDICATION OF INJURY,UNKNOWN,UNKNOWN,UNKNOWN,,,,,2020-04-09 11:00:00,30,CLEAR,DAYLIGHT,PARKED MOTOR VEHICLE,ONE-WAY,DRY,NO DEFECTS,ON SCENE,NO INJURY / DRIVE AWAY,Y,"OVER $1,500",04/09/2020 11:39:00 AM,UNABLE TO DETERMINE,UNABLE TO DETERMINE,,2,NO INDICATION OF INJURY,0.0,0.0,0.0,0.0,0.0,1.0,0.0,11,5,4,41.969381814,-87.714762472,POINT (-87.714762472188 41.969381813706),POINT (1152466.372156278 1932039.8720865159),2020,4832 N BERNARD ST
O840689,DRIVER,f1d3c8fdc928ce87a8bd097502445f34252d5ba0f443461e1fcb60c4024772a407ad2f432dc2df9f05a19186bee8085d6f419dc40a355e50b00ba6df9cbe41ea,797809.0,F,53.0,DID NOT DEPLOY,NONE,NO INDICATION OF INJURY,NONE,NOT OBSCURED,NORMAL,,,,,2020-02-12 15:30:00,30,SNOW,DAYLIGHT,REAR END,NOT DIVIDED,WET,NO DEFECTS,NOT ON SCENE (DESK REPORT),NO INJURY / DRIVE AWAY,,"$501 - $1,500",02/12/2020 03:40:00 PM,UNABLE TO DETERMINE,UNABLE TO DETERMINE,,2,NO INDICATION OF INJURY,0.0,0.0,0.0,0.0,0.0,4.0,0.0,15,4,2,41.982022192,-87.79274635,POINT (-87.792746350203 41.982022192303),POINT (1131230.0175191278 1936502.6127619457),2020,5532 N NATOMA AVE
O818685,DRIVER,5ac17935b6b6cc0fecb05d202f2a319bbb515fa7c8c7f15e9551dd20251ecedb4b03b8428217f02915fd1848917376308c77d5baece089e99f22024ea66f6b8b,777249.0,F,42.0,NOT APPLICABLE,NONE,NO INDICATION OF INJURY,UNKNOWN,UNKNOWN,NORMAL,,,,,2020-01-05 17:30:00,30,CLEAR,"DARKNESS, LIGHTED ROAD",REAR END,ONE-WAY,DRY,NO DEFECTS,NOT ON SCENE (DESK REPORT),NO INJURY / DRIVE AWAY,Y,"OVER $1,500",01/09/2020 12:44:00 PM,UNABLE TO DETERMINE,UNABLE TO DETERMINE,,2,NO INDICATION OF INJURY,0.0,0.0,0.0,0.0,0.0,2.0,0.0,17,1,1,41.794915741,-87.630376665,POINT (-87.630376665403 41.794915740831),POINT (1175935.421172688 1868641.5376161572),2020,5451 S WENTWORTH AVE
P203394,PASSENGER,b6c6d85a031013251ee0e49c18f3ad01351c1f6f18f3e0b2e05fbe815068c32cb1674578e94e4399a6e582d550f872b0ddcaf912500dbed76c0c2894025e0ee2,844841.0,F,25.0,DEPLOYMENT UNKNOWN,NONE,"REPORTED, NOT EVIDENT",,,,,,,,2020-05-29 01:39:00,30,RAIN,"DARKNESS, LIGHTED ROAD",ANGLE,NOT REPORTED,WET,NO DEFECTS,ON SCENE,INJURY AND / OR TOW DUE TO CRASH,,"OVER $1,500",05/29/2020 01:40:00 AM,UNDER THE INFLUENCE OF ALCOHOL/DRUGS (USE WHEN ARREST IS EFFECTED),NOT APPLICABLE,,2,INCAPACITATING INJURY,3.0,0.0,1.0,0.0,2.0,5.0,0.0,1,6,5,41.862402154,-87.705353942,POINT (-87.705353942365 41.862402153725),POINT (1155310.4174556348 1893075.0055501082),2020,3159 W DOUGLAS BLVD
O865009,DRIVER,cb0348a8c74a21bd24042eec68601e3e5f208181965e91d118362a0cba9ebca52711a20394a3b8dde83eecfef89d8c4aaba931dc84a757cd505da4ad0f95156b,820863.0,M,61.0,DID NOT DEPLOY,NONE,NO INDICATION OF INJURY,NONE,NOT OBSCURED,NORMAL,,,,,2020-03-21 05:35:00,30,CLEAR,"DARKNESS, LIGHTED ROAD",TURNING,DIVIDED - W/MEDIAN (NOT RAISED),DRY,NO DEFECTS,NOT ON SCENE (DESK REPORT),NO INJURY / DRIVE AWAY,,"OVER $1,500",03/21/2020 06:05:00 AM,IMPROPER TURNING/NO SIGNAL,NOT APPLICABLE,,2,NO INDICATION OF INJURY,0.0,0.0,0.0,0.0,0.0,2.0,0.0,5,7,3,41.932085568,-87.68773814,POINT (-87.687738139734 41.932085567831),POINT (1159917.8747927973 1918503.221021295),2020,2759 N WESTERN AVE
O892714,DRIVER,58ea619a1885e2c5fb233fb16766a0614f0fe9b360f457f1a914d8b9a1c193a5971b5a45498b21499271fd000cedbe02e576388a11fbd32c97d4a05dc89ed0ef,846747.0,F,0.0,DID NOT DEPLOY,NONE,NO INDICATION OF INJURY,UNKNOWN,NOT OBSCURED,NORMAL,,,,,2020-06-02 06:45:00,30,CLEAR,DAYLIGHT,REAR END,NOT DIVIDED,DRY,NO DEFECTS,NOT ON SCENE (DESK REPORT),NO INJURY / DRIVE AWAY,,"$501 - $1,500",06/02/2020 08:00:00 AM,UNABLE TO DETERMINE,UNABLE TO DETERMINE,,2,NO INDICATION OF INJURY,0.0,0.0,0.0,0.0,0.0,2.0,0.0,6,3,6,41.87094666,-87.676220588,POINT (-87.67622058845 41.870946660267),POINT (1163222.493368117 1896248.0011228053),2020,819 S DAMEN AVE
O877992,DRIVER,2717a3def05715add0d6e33ade17ccb9b716d685b85cc1a49ca60a0652fc39bc4170a6501372d632e5c0359c2e0b6bac883ac6d19d2a591ba86a908a8aed063f,832934.0,M,26.0,NOT APPLICABLE,NONE,NO INDICATION OF INJURY,UNKNOWN,NOT OBSCURED,NORMAL,,,,,2020-05-01 15:30:00,30,CLEAR,DAYLIGHT,REAR TO FRONT,NOT DIVIDED,DRY,NO DEFECTS,NOT ON SCENE (DESK REPORT),NO INJURY / DRIVE AWAY,,"OVER $1,500",05/01/2020 03:50:00 PM,UNABLE TO DETERMINE,UNABLE TO DETERMINE,,2,NO INDICATION OF INJURY,0.0,0.0,0.0,0.0,0.0,2.0,0.0,15,6,5,41.953509353,-87.730768764,POINT (-87.730768764208 41.953509352762),POINT (1148154.2197204018 1926224.8704081988),2020,4139 W IRVING PARK RD
O993973,DRIVER,401d5c87253b30b65cccbfecd1e6cf78bf83724facbba2834773538e580b0d65aab64e38b78b13e317689e63588f475eae99b9159f77582a1dbd3ddc583fe840,941914.0,F,58.0,DID NOT DEPLOY,NONE,NO INDICATION OF INJURY,NONE,UNKNOWN,NORMAL,,,,,2020-11-14 06:45:00,30,CLEAR,DAYLIGHT,REAR END,DIVIDED - W/MEDIAN BARRIER,DRY,NO DEFECTS,ON SCENE,NO INJURY / DRIVE AWAY,,"OVER $1,500",11/14/2020 06:50:00 AM,FOLLOWING TOO CLOSELY,NOT APPLICABLE,,2,NO INDICATION OF INJURY,0.0,0.0,0.0,0.0,0.0,2.0,0.0,6,7,11,41.721139332,-87.675958234,POINT (-87.675958234197 41.721139331845),POINT (1163711.3958741452 1841659.7226429097),2020,2128 W 95TH ST
O816899,DRIVER,96c7487ce13ac66988ea910eb159dc5d371860775e461b7dec0ac4ee3548536ad13d1ec707bb8a7c91cf3511473f3b9492d0dd332b53b9ba020f9932cf6d4401,775557.0,X,,DEPLOYMENT UNKNOWN,UNKNOWN,NO INDICATION OF INJURY,UNKNOWN,UNKNOWN,UNKNOWN,,,,Y,2020-01-06 04:00:00,30,CLEAR,"DARKNESS, LIGHTED ROAD",PARKED MOTOR VEHICLE,ONE-WAY,DRY,NO DEFECTS,NOT ON SCENE (DESK REPORT),NO INJURY / DRIVE AWAY,Y,"OVER $1,500",01/06/2020 11:15:00 AM,UNABLE TO DETERMINE,NOT APPLICABLE,,2,NO INDICATION OF INJURY,0.0,0.0,0.0,0.0,0.0,1.0,0.0,4,2,1,41.855101955,-87.716463436,POINT (-87.716463435945 41.855101954615),POINT (1152303.31139465 1890392.8938496683),2020,1872 S MILLARD AVE
O1017713,DRIVER,856cec9a0387c8014414752da7bc8b027995ce5de8156e552c47574d8c7f0dfa0eefd8bf0e2637a1bcddbf68065666b527aa9e00e79a7991d25eb543d47f8797,964562.0,F,52.0,NOT APPLICABLE,NONE,NO INDICATION OF INJURY,FAILED TO YIELD,NOT OBSCURED,NORMAL,,,,,2020-12-31 17:34:00,30,CLEAR,"DARKNESS, LIGHTED ROAD",SIDESWIPE SAME DIRECTION,ONE-WAY,DRY,NO DEFECTS,ON SCENE,INJURY AND / OR TOW DUE TO CRASH,,"$501 - $1,500",12/31/2020 05:35:00 PM,FAILING TO YIELD RIGHT-OF-WAY,EQUIPMENT - VEHICLE CONDITION,,2,NO INDICATION OF INJURY,0.0,0.0,0.0,0.0,0.0,2.0,0.0,17,5,12,41.748396655,-87.665459232,POINT (-87.665459231863 41.748396655054),POINT (1166500.5322767384 1851614.0741429091),2020,1653 W 80TH ST
O1016782,PEDESTRIAN,7af98322c4171618fffc452f77171da541b0fa0b75f023aa66ff325419ad12d8851d990bcd19c27f812b20bfd5e02822cc56b65c9a50db9cf756a5469c50fa77,,M,52.0,,,INCAPACITATING INJURY,NONE,NOT OBSCURED,NORMAL,CROSSING - CONTROLS PRESENT (NOT AT INTERSECTION),NO CONTRASTING CLOTHING,IN ROADWAY,,2020-12-29 21:40:00,25,SNOW,"DARKNESS, LIGHTED ROAD",PEDESTRIAN,NOT DIVIDED,SNOW OR SLUSH,NO DEFECTS,ON SCENE,INJURY AND / OR TOW DUE TO CRASH,N,"$501 - $1,500",12/29/2020 09:41:00 PM,UNABLE TO DETERMINE,UNABLE TO DETERMINE,,2,INCAPACITATING INJURY,1.0,0.0,1.0,0.0,0.0,1.0,0.0,21,3,12,41.997612866,-87.690193054,POINT (-87.690193053972 41.997612866157),POINT (1159070.6496298905 1942376.613915957),2020,2407 W DEVON AVE
O892809,DRIVER,9282a944f4063f95c66288fb230ad689a7e850e2ee27ffc3e4b86eb0737ab71e9531e042124f3c250f1bd0117755cb3fa0af2cb61354bc6c4a44e2bf02e55e8c,846848.0,M,23.0,DID NOT DEPLOY,NONE,NO INDICATION OF INJURY,UNKNOWN,UNKNOWN,NORMAL,,,,,2020-06-02 14:46:00,30,CLEAR,DAYLIGHT,REAR END,DIVIDED - W/MEDIAN (NOT RAISED),DRY,UNKNOWN,ON SCENE,NO INJURY / DRIVE AWAY,,"OVER $1,500",06/02/2020 02:50:00 PM,UNABLE TO DETERMINE,UNABLE TO DETERMINE,,2,NO INDICATION OF INJURY,0.0,0.0,0.0,0.0,0.0,2.0,0.0,14,3,6,41.659583177,-87.597607376,POINT (-87.597607376284 41.659583177355),POINT (1185292.6470268113 1819402.4856007043),2020,1000 E 130TH ST
O960785,DRIVER,cbcf28bf619dc0a7389308dd3bf0b8d688d99e81a817c551a944e4383c86001114abc997f1e18f207cc0d76212289feb262a5597490d0496643cf4f46ea52447,910594.0,M,0.0,NOT APPLICABLE,NONE,NO INDICATION OF INJURY,NONE,NOT OBSCURED,NORMAL,,,,,2020-09-18 21:30:00,5,CLEAR,DAWN,ANGLE,PARKING LOT,DRY,NO DEFECTS,NOT ON SCENE (DESK REPORT),NO INJURY / DRIVE AWAY,,"OVER $1,500",09/18/2020 11:00:00 PM,IMPROPER BACKING,PHYSICAL CONDITION OF DRIVER,,2,NO INDICATION OF INJURY,0.0,0.0,0.0,0.0,0.0,2.0,0.0,21,6,9,41.876145649,-87.696303849,POINT (-87.69630384866 41.876145648792),POINT (1157738.4922133933 1898101.269797834),2020,340 S CALIFORNIA AVE
P196254,PASSENGER,d295e1cf22e9be769fbfefea511fcb4e88a0d8d28c1575c39f66269ba21a15eb490aafe2fb48e4feaab8991f440a1ffff14d8ea217e7909bf7b05645d8af42ad,814000.0,M,45.0,DID NOT DEPLOY,NONE,NO INDICATION OF INJURY,,,,,,,,2020-03-08 11:55:00,30,CLEAR,DAYLIGHT,PARKED MOTOR VEHICLE,PARKING LOT,DRY,NO DEFECTS,NOT ON SCENE (DESK REPORT),NO INJURY / DRIVE AWAY,,"$501 - $1,500",03/08/2020 01:00:00 PM,IMPROPER BACKING,NOT APPLICABLE,,2,NO INDICATION OF INJURY,0.0,0.0,0.0,0.0,0.0,4.0,0.0,11,1,3,41.793414843,-87.71629716,POINT (-87.716297159703 41.793414842662),POINT (1152510.0454137274 1867914.7435407676),2020,3710 W 55TH ST
O995540,DRIVER,4b4b27c42cc83904762fc7c61cd3c836e7b90bb4b0beafec03b38a78d44ea0c0a5b32423421c4498febe548424e7fc63f3636bfd447d1f8dc62cce442952466e,943416.0,M,,DEPLOYMENT UNKNOWN,NONE,NO INDICATION OF INJURY,UNKNOWN,UNKNOWN,UNKNOWN,,,,,2020-11-14 20:30:00,30,RAIN,DARKNESS,HEAD ON,NOT DIVIDED,WET,NO DEFECTS,ON SCENE,INJURY AND / OR TOW DUE TO CRASH,Y,"OVER $1,500",11/14/2020 08:36:00 PM,IMPROPER LANE USAGE,NOT APPLICABLE,,2,NO INDICATION OF INJURY,0.0,0.0,0.0,0.0,0.0,2.0,0.0,20,7,11,41.819115768,-87.696285036,POINT (-87.696285036294 41.819115767734),POINT (1157897.774744785 1877319.8109761132),2020,4100 S ARCHER AVE
O840255,DRIVER,757cd73e02a143c91a8b2c58dfea0f57183d01b28e09fee27397287fb823bb68b2a699201df6dc6f86a1c1d240dbaf5cb15d01c5d80d3cba3f200ba107b39fd9,797410.0,M,65.0,DID NOT DEPLOY,NONE,NO INDICATION OF INJURY,UNKNOWN,UNKNOWN,NORMAL,,,,,2020-02-11 18:10:00,30,CLEAR,"DARKNESS, LIGHTED ROAD",TURNING,T-INTERSECTION,DRY,NO DEFECTS,ON SCENE,INJURY AND / OR TOW DUE TO CRASH,,"OVER $1,500",02/11/2020 06:11:00 PM,UNABLE TO DETERMINE,NOT APPLICABLE,,2,NO INDICATION OF INJURY,0.0,0.0,0.0,0.0,0.0,2.0,0.0,18,3,2,41.946837391,-87.690696829,POINT (-87.690696829341 41.946837390731),POINT (1159072.5066541592 1923872.7732304893),2020,2500 W ADDISON ST
O882611,DRIVER,e0d17a21db09adfcef0a95f7500c0830e8384ccfcb28d864ba2c3e360e5bdae0aa2ba4b2b89f10040e9cb7e138eb5babd35c840c246cb1b5a7285cee6cf11aef,837305.0,M,,DEPLOYMENT UNKNOWN,NONE,NO INDICATION OF INJURY,EVADING POLICE VEHICLE,UNKNOWN,UNKNOWN,,,,,2020-05-11 03:06:00,30,CLEAR,"DARKNESS, LIGHTED ROAD",PARKED MOTOR VEHICLE,ONE-WAY,DRY,UNKNOWN,ON SCENE,NO INJURY / DRIVE AWAY,Y,"OVER $1,500",05/12/2020 03:06:00 AM,"OPERATING VEHICLE IN ERRATIC, RECKLESS, CARELESS, NEGLIGENT OR AGGRESSIVE MANNER",NOT APPLICABLE,,2,NO INDICATION OF INJURY,0.0,0.0,0.0,0.0,0.0,4.0,0.0,3,2,5,41.758535163,-87.563791507,POINT (-87.563791506644 41.7585351633),POINT (1194210.9152784888 1855540.2020603905),2020,7515 S ESSEX AVE
O946506,DRIVER,a93a425a3a8d04127fd37e9ca8ef0a810b855fb33a38460cdf1a4e421a8f7cd26cb82fea3b31ad0719e938a05a4a3444a7df8047fb8167091b0a661605543697,897202.0,M,53.0,DID NOT DEPLOY,NONE,NO INDICATION OF INJURY,IMPROPER PASSING,NOT OBSCURED,NORMAL,,,,,2020-08-27 12:19:00,10,CLEAR,DAYLIGHT,SIDESWIPE SAME DIRECTION,NOT DIVIDED,DRY,NO DEFECTS,ON SCENE,NO INJURY / DRIVE AWAY,,"OVER $1,500",08/27/2020 12:30:00 PM,FAILING TO YIELD RIGHT-OF-WAY,FAILING TO YIELD RIGHT-OF-WAY,,2,NO INDICATION OF INJURY,0.0,0.0,0.0,0.0,0.0,2.0,0.0,12,5,8,41.936101809,-87.653830812,POINT (-87.653830811647 41.936101809189),POINT (1169132.5797538916 1920038.0476677662),2020,2955 N SHEFFIELD AVE