PERSON_ID,PERSON_TYPE,CRASH_RECORD_ID,VEHICLE_ID,SEX,AGE,AIRBAG_DEPLOYED,EJECTION,INJURY_CLASSIFICATION,DRIVER_ACTION,DRIVER_VISION,PHYSICAL_CONDITION,PEDPEDAL_ACTION,PEDPEDAL_VISIBILITY,PEDPEDAL_LOCATION,CRASH_DATE_EST_I,CRASH_DATE,POSTED_SPEED_LIMIT,WEATHER_CONDITION,LIGHTING_CONDITION,FIRST_CRASH_TYPE,TRAFFICWAY_TYPE,ROADWAY_SURFACE_COND,ROAD_DEFECT,REPORT_TYPE,CRASH_TYPE,HIT_AND_RUN_I,DAMAGE,DATE_POLICE_NOTIFIED,PRIM_CONTRIBUTORY_CAUSE,SEC_CONTRIBUTORY_CAUSE,DOORING_I,NUM_UNITS,MOST_SEVERE_INJURY,INJURIES_TOTAL,INJURIES_FATAL,INJURIES_INCAPACITATING,INJURIES_NON_INCAPACITATING,INJURIES_REPORTED_NOT_EVIDENT,INJURIES_NO_INDICATION,INJURIES_UNKNOWN,CRASH_HOUR,CRASH_DAY_OF_WEEK,CRASH_MONTH,LATITUDE,LONGITUDE,LOCATION,geometry,YEAR,ADDRESS
O841387,DRIVER,c95ddf3a44af91f6fd4cdb8891d103f4e5a898dfc08ce1fd21193e150436a6145d4ddf319a486e877a70dff4721a35a02bbbbec74e6511eb4fd4aeb32525298f,798474.0,X,,DEPLOYMENT UNKNOWN,NONE,NO INDICATION OF INJURY,IMPROPER PASSING,UNKNOWN,UNKNOWN,,,,,2020-02-13 13:30:00,30,CLOUDY/OVERCAST,DAYLIGHT,SIDESWIPE SAME DIRECTION,NOT DIVIDED,WET,NO DEFECTS,ON SCENE,NO INJURY / DRIVE AWAY,Y,$500 OR LESS,02/13/2020 01:55:00 PM,IMPROPER OVERTAKING/PASSING,UNABLE TO DETERMINE,,2,NO INDICATION OF INJURY,0.0,0.0,0.0,0.0,0.0,2.0,0.0,13,5,2,41.721088238,-87.575176583,POINT (-87.575176583169 41.721088238079),POINT (1191224.8172731486 1841867.2997101995),2020,9545 S JEFFERY AVE
O848839,DRIVER,52480af11af8e0cd9b0cf3a99c3bfaf2204f34aafa215d80e85b8c4285222e2faebe7eba28f3c7a417a4d37f567eb6a0eeee0898a987d2a2902f232b606c1a3c,805557.0,X,,DEPLOYMENT UNKNOWN,NONE,NO INDICATION OF INJURY,UNKNOWN,UNKNOWN,UNKNOWN,,,,,2020-02-24 10:00:00,25,CLEAR,DAYLIGHT,PARKED MOTOR VEHICLE,NOT DIVIDED,DRY,NO DEFECTS,NOT ON SCENE (DESK REPORT),NO INJURY / DRIVE AWAY,,$500 OR LESS,02/24/2020 10:40:00 AM,NOT APPLICABLE,NOT APPLICABLE,,2,NO INDICATION OF INJURY,0.0,0.0,0.0,0.0,0.0,1.0,0.0,10,2,2,41.881828343,-87.650637599,POINT (-87.650637599059 41.881828343173),POINT (1170158.8212498196 1900267.652579407),2020,920 W MADISON ST
O968945,DRIVER,5c4e6584731f5f5c3c5efd238b6fdca1ab5144d87255816be06ca28682d32031f2d86ea95a18c88e81e70f201cc896a7f9f6bb053b8077412127e530959d8868,918299.0,M,39.0,NOT APPLICABLE,NONE,NO INDICATION OF INJURY,UNKNOWN,UNKNOWN,UNKNOWN,,,,,2020-10-02 01:15:00,25,CLEAR,"DARKNESS, LIGHTED ROAD",PARKED MOTOR VEHICLE,NOT DIVIDED,DRY,NO DEFECTS,ON SCENE,NO INJURY / DRIVE AWAY,,"$501 - $1,500",10/02/2020 01:15:00 AM,UNABLE TO DETERMINE,NOT APPLICABLE,,2,NO INDICATION OF INJURY,0.0,0.0,0.0,0.0,0.0,6.0,0.0,1,6,10,42.012403501,-87.674452901,POINT (-87.674452900922 42.012403501488),POINT (1163307.7340717604 1947798.9497351327),2020,7131 N CLARK ST
O954968,DRIVER,b515c099cc7cb348cd69bc6cfc652729cc64d4529d988153a860bc017d8b9b4ff9871823119cb753004dd9ed93a167c7df37568b43f7c6061c8734e9b29ad9c2,905131.0,F,63.0,DID NOT DEPLOY,UNKNOWN,NO INDICATION OF INJURY,UNKNOWN,UNKNOWN,UNKNOWN,,,,,2020-09-09 13:44:00,30,CLEAR,DAYLIGHT,REAR END,NOT DIVIDED,DRY,NO DEFECTS,ON SCENE,NO INJURY / DRIVE AWAY,Y,"OVER $1,500",09/09/2020 04:31:00 PM,UNABLE TO DETERMINE,UNABLE TO DETERMINE,,3,NO INDICATION OF INJURY,0.0,0.0,0.0,0.0,0.0,4.0,0.0,13,4,9,41.77966308,-87.586591366,POINT (-87.586591366414 41.779663079964),POINT (1187923.34306512 1863184.2367296037),2020,6330 S STONY ISLAND AVE
O1014686,DRIVER,b9ce9e0c3b052018fbbfcd57962df03d54611ab476003a8099fbd5c9b9d12a31cb086083026bcae5256370cd9627a6c064df17993b66c3c463ff492cfd00fc15,961647.0,X,,DEPLOYMENT UNKNOWN,NONE,NO INDICATION OF INJURY,NONE,UNKNOWN,UNKNOWN,,,,,2020-12-25 18:30:00,30,CLEAR,"DARKNESS, LIGHTED ROAD",ANGLE,DIVIDED - W/MEDIAN (NOT RAISED),DRY,NO DEFECTS,NOT ON SCENE (DESK REPORT),NO INJURY / DRIVE AWAY,Y,"OVER $1,500",12/25/2020 07:55:00 PM,UNABLE TO DETERMINE,NOT APPLICABLE,,2,NO INDICATION OF INJURY,0.0,0.0,0.0,0.0,0.0,2.0,0.0,18,6,12,41.898511035,-87.752075715,POINT (-87.752075715408 41.898511034575),POINT (1142494.3272460022 1906143.3904517128),2020,5031 W AUGUSTA BLVD
O909931,DRIVER,5e3b63d3ea298a0f3becb41dc6dd154275268dbfe1a1cf0d5ed57a936e87795eee8c3bc99c08d653966a279685720fc61587dda8c6c0d489e75dad40d7533577,862697.0,M,35.0,DID NOT DEPLOY,NONE,NO INDICATION OF INJURY,DISREGARDED CONTROL DEVICES,NOT OBSCURED,NORMAL,,,,,2020-07-01 19:02:00,25,CLEAR,DAYLIGHT,REAR TO SIDE,FOUR WAY,DRY,NO DEFECTS,ON SCENE,NO INJURY / DRIVE AWAY,,"OVER $1,500",07/01/2020 07:02:00 PM,DISREGARDING TRAFFIC SIGNALS,NOT APPLICABLE,,2,NO INDICATION OF INJURY,0.0,0.0,0.0,0.0,0.0,2.0,0.0,19,4,7,41.802135196,-87.621111288,POINT (-87.621111287815 41.80213519553),POINT (1178440.164007938 1871293.0612118442),2020,198 E 51ST ST
P194648,PASSENGER,3a2bc26005981da95c64e55151d84a60e6d35de6ca0f7f037a667994defe2ede059ddee08f2286232e076833ac5393791ab6831aee3fe7f9586d8974d8403127,807966.0,F,24.0,DID NOT DEPLOY,NONE,NO INDICATION OF INJURY,,,,,,,,2020-02-28 06:10:00,30,CLEAR,DAWN,REAR END,NOT DIVIDED,DRY,NO DEFECTS,ON SCENE,NO INJURY / DRIVE AWAY,,"OVER $1,500",02/28/2020 06:10:00 AM,UNABLE TO DETERMINE,NOT APPLICABLE,,2,NO INDICATION OF INJURY,0.0,0.0,0.0,0.0,0.0,4.0,0.0,6,6,2,41.925572327,-87.648110929,POINT (-87.648110928928 41.92557232725),POINT (1170719.5484240493 1916213.468096591),2020,744 W FULLERTON AVE
P207770,PASSENGER,0b7514ec3a14a1b8217b1c8d291b721f794325b71aea679af8f0a2d1416c70360ea49b9e5aaff8a900fe4bbfde59a122d4e60002db05c0f6150a2dd8c73bfd94,862742.0,M,35.0,"DEPLOYED, FRONT",NONE,NO INDICATION OF INJURY,,,,,,,,2020-07-01 19:15:00,30,CLEAR,DAYLIGHT,TURNING,FOUR WAY,DRY,NO DEFECTS,ON SCENE,INJURY AND / OR TOW DUE TO CRASH,,"$501 - $1,500",07/01/2020 07:20:00 PM,UNABLE TO DETERMINE,UNABLE TO DETERMINE,,3,NONINCAPACITATING INJURY,1.0,0.0,0.0,1.0,0.0,3.0,0.0,19,4,7,41.722539998,-87.560679141,POINT (-87.560679140551 41.722539998485),POINT (1195177.8609900984 1842431.4950053901),2020,2601 E 95TH ST
O968338,DRIVER,60c76d0d3362f93d1316feac48215e0b5eeaeeaf3a44d84ac300b393f11f3bfbe43cfaec6ff1ced6edf6e8e8c2dd0be721e03961a594e122f2228dd7a0aaaa99,917722.0,M,54.0,DID NOT DEPLOY,NONE,NO INDICATION OF INJURY,OTHER,NOT OBSCURED,NORMAL,,,,,2020-10-01 09:27:00,30,CLEAR,DAYLIGHT,ANGLE,TRAFFIC ROUTE,DRY,NO DEFECTS,ON SCENE,INJURY AND / OR TOW DUE TO CRASH,,"OVER $1,500",10/01/2020 09:30:00 AM,UNABLE TO DETERMINE,UNABLE TO DETERMINE,,2,NONINCAPACITATING INJURY,1.0,0.0,0.0,1.0,0.0,1.0,0.0,9,5,10,41.891233581,-87.613501254,POINT (-87.613501254346 41.891233580643),POINT (1180242.9415873277 1903777.5549391203),2020,532 E ILLINOIS ST
O911228,DRIVER,98a56b79bf003d2881cbee46b75f44b10ef078856f1d429378d38d44f48c0687b5763cabbd392778de826909a4cce90cbf0312dfce206be23dc53d4ce5e16636,863900.0,M,44.0,NOT APPLICABLE,NONE,NO INDICATION OF INJURY,NONE,UNKNOWN,NORMAL,,,,,2020-07-03 17:15:00,30,CLEAR,DAYLIGHT,REAR END,NOT DIVIDED,DRY,NO DEFECTS,NOT ON SCENE (DESK REPORT),NO INJURY / DRIVE AWAY,Y,"$501 - $1,500",07/03/2020 06:48:00 PM,UNABLE TO DETERMINE,UNABLE TO DETERMINE,,2,NO INDICATION OF INJURY,0.0,0.0,0.0,0.0,0.0,2.0,0.0,17,6,7,41.722354448,-87.575778064,POINT (-87.575778064147 41.722354448293),POINT (1191056.5532342799 1842327.248282681),2020,1951 E 95TH ST
O959136,DRIVER,6b52c82e8826b240a82dac123b4828031ef4c1eb5e93132a78a4dd7e64687e9396e734e4e9a64fa629fead90cd302e8470c551220ead14df4008904b01640b21,909036.0,F,55.0,NOT APPLICABLE,NONE,NO INDICATION OF INJURY,NONE,NOT OBSCURED,NORMAL,,,,,2020-09-09 15:00:00,30,CLEAR,DAYLIGHT,REAR END,NOT DIVIDED,DRY,NO DEFECTS,,NO INJURY / DRIVE AWAY,Y,"OVER $1,500",09/09/2020 03:30:00 PM,FOLLOWING TOO CLOSELY,FOLLOWING TOO CLOSELY,,2,NO INDICATION OF INJURY,0.0,0.0,0.0,0.0,0.0,3.0,0.0,15,4,9,41.771330473,-87.722428179,POINT (-87.72242817856 41.771330472676),POINT (1150895.3395239047 1859855.4283574882),2020,6701 S PULASKI RD
O852072,DRIVER,7ffcaf77caca919b3adf3e353df2c7b1775460d5be6cb101734e34b1e2429d8503e4b30dd022565c36bf8e6c23b6a8692b04993bdf3bc65e5c6c9f33840c6c35,808625.0,M,40.0,DID NOT DEPLOY,NONE,NO INDICATION OF INJURY,IMPROPER PASSING,NOT OBSCURED,NORMAL,,,,N,2020-02-28 22:17:00,30,CLEAR,"DARKNESS, LIGHTED ROAD",SIDESWIPE SAME DIRECTION,FOUR WAY,DRY,NO DEFECTS,ON SCENE,INJURY AND / OR TOW DUE TO CRASH,,"OVER $1,500",02/28/2020 10:17:00 PM,IMPROPER TURNING/NO SIGNAL,NOT APPLICABLE,,2,NO INDICATION OF INJURY,0.0,0.0,0.0,0.0,0.0,2.0,0.0,22,6,2,42.000602282,-87.660571607,POINT (-87.660571606739 42.000602282212),POINT (1167113.934818299 1943527.845841008),2020,6513 N SHERIDAN RD
O892827,DRIVER,3181a6315f75a9e5e60b8a8aca6990045d101b2ecc36a93dac0876e200cfa4860928c51e22088e830f3cc7d7fd0547d685d8570b6b6de4d28a5627039cfe7b1f,846877.0,M,44.0,NOT APPLICABLE,NONE,NO INDICATION OF INJURY,UNKNOWN,NOT OBSCURED,NORMAL,,,,,2020-06-02 15:40:00,25,CLEAR,DAYLIGHT,ANGLE,FOUR WAY,DRY,NO DEFECTS,ON SCENE,INJURY AND / OR TOW DUE TO CRASH,,"$501 - $1,500",06/02/2020 03:46:00 PM,UNABLE TO DETERMINE,NOT APPLICABLE,,2,NO INDICATION OF INJURY,0.0,0.0,0.0,0.0,0.0,2.0,0.0,15,3,6,41.725625513,-87.615964878,POINT (-87.615964877959 41.725625512697),POINT (1180075.8718956392 1843425.2091373648),2020,314 E 93RD ST
O980398,DRIVER,eb131c3fa4f41e081e8c5419b07d7bc3302afcbe1a7ed8149898ba4d23d2a71e558989d4181e9dd9b6ae12a23c13c865d225fa1da3f6278aa1d1e34b2a2b4454,929047.0,M,31.0,NOT APPLICABLE,NONE,NO INDICATION OF INJURY,FAILED TO YIELD,NOT OBSCURED,NORMAL,,,,,2020-10-21 05:45:00,25,CLEAR,"DARKNESS, LIGHTED ROAD",REAR TO SIDE,PARKING LOT,DRY,NO DEFECTS,ON SCENE,NO INJURY / DRIVE AWAY,,"OVER $1,500",10/21/2020 05:49:00 AM,FAILING TO YIELD RIGHT-OF-WAY,NOT APPLICABLE,,2,NO INDICATION OF INJURY,0.0,0.0,0.0,0.0,0.0,2.0,0.0,5,4,10,41.832144031,-87.724395923,POINT (-87.724395923478 41.832144031294),POINT (1150201.5766992562 1882011.6890999265),2020,3348 S PULASKI RD
O976614,DRIVER,bc67a831dafc1da318b26bb47fcc29af18efb740bc74563cb7b80cca7d43607871a5d3bd6c6560cd6ff1a82b1f2552c9fd4fbb2c6173ef50b50b991f72cb3e3a,925488.0,M,40.0,DID NOT DEPLOY,NONE,NO INDICATION OF INJURY,FAILED TO YIELD,NOT OBSCURED,NORMAL,,,,,2020-10-14 14:30:00,30,CLEAR,DAYLIGHT,REAR END,DIVIDED - W/MEDIAN (NOT RAISED),DRY,NO DEFECTS,NOT ON SCENE (DESK REPORT),NO INJURY / DRIVE AWAY,,"$501 - $1,500",10/14/2020 03:00:00 PM,FAILING TO YIELD RIGHT-OF-WAY,FOLLOWING TOO CLOSELY,,2,NO INDICATION OF INJURY,0.0,0.0,0.0,0.0,0.0,2.0,0.0,14,4,10,41.946723663,-87.680833781,POINT (-87.680833780866 41.946723663368),POINT (1161755.9732979068 1923851.602305563),2020,2057 W ADDISON ST
O842220,DRIVER,6c0c1845ac4d0c97e6b4620f43e1f518a3a605a021cc9c6f8e18bd39b92c2b47d0170291c655ad582eef84626beaa76336f3ed8119f934dd010e87e549eb3434,799248.0,F,51.0,DID NOT DEPLOY,NONE,NO INDICATION OF INJURY,NONE,NOT OBSCURED,NORMAL,,,,,2020-02-13 14:26:00,30,CLEAR,DAYLIGHT,SIDESWIPE SAME DIRECTION,NOT DIVIDED,DRY,NO DEFECTS,,NO INJURY / DRIVE AWAY,,"$501 - $1,500",02/13/2020 04:55:00 PM,IMPROPER LANE USAGE,UNABLE TO DETERMINE,,2,NO INDICATION OF INJURY,0.0,0.0,0.0,0.0,0.0,2.0,0.0,14,5,2,41.988795157,-87.65519995,POINT (-87.655199949868 41.988795157182),POINT (1168608.0895558132 1939236.774329213),2020,5851 N SHERIDAN RD
O980627,DRIVER,cc50feae1e6a8ab9e7c74aafd14ab1535024478eb59f5997b0d00329c40eebb701d340e30a62c5890c1f17953f912e2ab6fc63371fbf72f71361696d1207c966,929270.0,F,36.0,DID NOT DEPLOY,NONE,NO INDICATION OF INJURY,NONE,NOT OBSCURED,NORMAL,,,,,2020-10-21 14:15:00,30,CLEAR,DAYLIGHT,TURNING,FOUR WAY,DRY,NO DEFECTS,ON SCENE,NO INJURY / DRIVE AWAY,,"OVER $1,500",10/21/2020 02:17:00 PM,DRIVING SKILLS/KNOWLEDGE/EXPERIENCE,DRIVING SKILLS/KNOWLEDGE/EXPERIENCE,,2,NO INDICATION OF INJURY,0.0,0.0,0.0,0.0,0.0,3.0,0.0,14,4,10,41.872286408,-87.630759002,POINT (-87.630759002248 41.872286408111),POINT (1175600.56932529 1896834.2703248758),2020,798 S CLARK ST
O837031,DRIVER,0b40ee5652d6efefed27b1af3eee96c126cda22d87e76c8bb8b96ef17fef64a40671c46b184faa4005c2b0abfb38b294208b19b8f0cdfcbc840f175bf09e2653,794395.0,M,38.0,DID NOT DEPLOY,NONE,FATAL,UNKNOWN,UNKNOWN,REMOVED BY EMS,,,,,2020-02-06 19:05:00,25,SNOW,"DARKNESS, LIGHTED ROAD",PARKED MOTOR VEHICLE,T-INTERSECTION,SNOW OR SLUSH,NO DEFECTS,ON SCENE,INJURY AND / OR TOW DUE TO CRASH,,"OVER $1,500",02/06/2020 07:06:00 PM,PHYSICAL CONDITION OF DRIVER,NOT APPLICABLE,,2,FATAL,1.0,1.0,0.0,0.0,0.0,0.0,0.0,19,5,2,41.739534025,-87.637802635,POINT (-87.637802634991 41.739534024613),POINT (1174073.6527238034 1848444.4079290926),2020,8500 S PARNELL AVE
O1004598,DRIVER,d0f10e8ad27ba43620a79bbf8e60158af09cfc7a982faa370baff0913e08fa462d48f413586da501c1ce0b550841d250ba50d2b53203093ae3c3878769f29aed,952058.0,F,19.0,DID NOT DEPLOY,NONE,NO INDICATION OF INJURY,UNKNOWN,NOT OBSCURED,NORMAL,,,,,2020-12-05 19:10:00,35,CLEAR,DARKNESS,TURNING,NOT DIVIDED,DRY,NO DEFECTS,NOT ON SCENE (DESK REPORT),NO INJURY / DRIVE AWAY,,"$501 - $1,500",12/05/2020 09:58:00 PM,FAILING TO YIELD RIGHT-OF-WAY,UNABLE TO DETERMINE,,2,NO INDICATION OF INJURY,0.0,0.0,0.0,0.0,0.0,4.0,0.0,19,7,12,41.73682263,-87.58578342,POINT (-87.585783420329 41.736822630157),POINT (1188279.3651045111 1847575.4345735447),2020,8700 S STONY ISLAND AVE
P204404,PASSENGER,46c7cdf7d18ee3d9dbdc3f251dde30b16ac0069f5d79a0ac8be7ab5746081c06dc919134a2ec571afa846c3fc7e57c65edce0716be55152808fa8b4c86b07d99,848795.0,F,30.0,DID NOT DEPLOY,NONE,NO INDICATION OF INJURY,,,,,,,,2020-06-06 10:40:00,30,CLEAR,DAYLIGHT,ANGLE,FOUR WAY,DRY,NO DEFECTS,NOT ON SCENE (DESK REPORT),INJURY AND / OR TOW DUE TO CRASH,,"$501 - $1,500",06/06/2020 10:43:00 AM,FAILING TO YIELD RIGHT-OF-WAY,FAILING TO REDUCE SPEED TO AVOID CRASH,,2,NONINCAPACITATING INJURY,2.0,0.0,0.0,1.0,1.0,3.0,0.0,10,7,6,41.69616302,-87.620948187,POINT (-87.620948186529 41.696163019788),POINT (1178804.3502965341 1832678.1125257409),2020,10900 S MICHIGAN AVE
P211182,PASSENGER,83609803f86dab08c9d091ef175f76a09ee161edda7bffc5b4839f49ff0d91db208f05d3c16b230192bf6eb5b31039620bd7ee4c39c88b3759cb77a4d503ae08,876677.0,F,20.0,DID NOT DEPLOY,NONE,NO INDICATION OF INJURY,,,,,,,,2020-07-24 20:54:00,35,CLEAR,"DARKNESS, LIGHTED ROAD",REAR END,DIVIDED - W/MEDIAN (NOT RAISED),DRY,NO DEFECTS,ON SCENE,NO INJURY / DRIVE AWAY,,"OVER $1,500",07/24/2020 08:55:00 PM,FOLLOWING TOO CLOSELY,DRIVING SKILLS/KNOWLEDGE/EXPERIENCE,,2,NO INDICATION OF INJURY,0.0,0.0,0.0,0.0,0.0,4.0,0.0,20,6,7,41.77311706,-87.613359934,POINT (-87.613359933538 41.773117060416),POINT (1180642.1609394124 1860736.646955561),2020,452 E MARQUETTE RD
P218278,PASSENGER,7da8de2f07d25fa4932d7d247d0462f39f461fba13353a2d690b4d5c41876b000d71d53028faf176dbcd146a634f645802955c7c6d9eb036aba9fc2dd4868dbd,907542.0,M,,DID NOT DEPLOY,NONE,NO INDICATION OF INJURY,,,,,,,,2020-09-13 15:40:00,30,UNKNOWN,UNKNOWN,PARKED MOTOR VEHICLE,PARKING LOT,UNKNOWN,UNKNOWN,NOT ON SCENE (DESK REPORT),NO INJURY / DRIVE AWAY,,"OVER $1,500",09/13/2020 04:00:00 PM,UNABLE TO DETERMINE,UNABLE TO DETERMINE,,2,NO INDICATION OF INJURY,0.0,0.0,0.0,0.0,0.0,2.0,0.0,15,1,9,41.837945673,-87.645459827,POINT (-87.645459827304 41.837945672974),POINT (1171696.933925869 1884288.1620948794),2020,741 W 31ST ST
O953907,DRIVER,c7b2717bb466ac8f9bef42ada2af4cf72adbd899ec57261083585687abd17a7df5cd8ac69ec015694af7ccddd4cc0d3e9527e8fddbee2f8d2b566dd4725f64f0,904144.0,M,,DEPLOYMENT UNKNOWN,NONE,NO INDICATION OF INJURY,IMPROPER PARKING,UNKNOWN,UNKNOWN,,,,,2020-09-07 19:15:00,30,CLEAR,"DARKNESS, LIGHTED ROAD",PARKED MOTOR VEHICLE,ONE-WAY,DRY,NO DEFECTS,ON SCENE,NO INJURY / DRIVE AWAY,Y,"$501 - $1,500",09/07/2020 07:54:00 PM,UNABLE TO DETERMINE,DRIVING SKILLS/KNOWLEDGE/EXPERIENCE,,2,NO INDICATION OF INJURY,0.0,0.0,0.0,0.0,0.0,1.0,0.0,19,2,9,41.946265185,-87.73237623,POINT (-87.73237623029 41.946265185112),POINT (1147735.4789947157 1923582.0052355675),2020,3556 N KEELER AVE
P205690,PASSENGER,8e8142621b0042e4e6e72b4d1a6e0ec18931ef63ced47addeb9c3707b789f358de34e1abe9d100587814d96ed48da89d712df55e2750715043229adfc689cac9,854394.0,,,DEPLOYMENT UNKNOWN,NONE,NO INDICATION OF INJURY,,,,,,,,2020-06-17 07:37:00,30,CLEAR,DAYLIGHT,REAR END,NOT DIVIDED,DRY,NO DEFECTS,ON SCENE,NO INJURY / DRIVE AWAY,Y,"OVER $1,500",06/17/2020 07:38:00 AM,FAILING TO REDUCE SPEED TO AVOID CRASH,NOT APPLICABLE,,2,NO INDICATION OF INJURY,0.0,0.0,0.0,0.0,0.0,3.0,0.0,7,4,6,41.895614641,-87.72134699,POINT (-87.721346990464 41.895614640794),POINT (1150867.6236225192 1905146.1231058466),2020,804 N HAMLIN AVE
P199449,PASSENGER,be7627772a4ce867c564c372c784a8b80f339aa7cc83ef9f8f192bf5c5290afb953a9892fcda5dc21fef2fc7b7d589e01248e4e504b7c1d3b48b5da631a9aa4f,827895.0,F,20.0,DID NOT DEPLOY,NONE,NO INDICATION OF INJURY,,,,,,,,2020-04-09 13:10:00,30,CLEAR,DAYLIGHT,TURNING,NOT DIVIDED,DRY,NO DEFECTS,ON SCENE,NO INJURY / DRIVE AWAY,,"OVER $1,500",04/16/2020 01:26:00 PM,IMPROPER TURNING/NO SIGNAL,UNABLE TO DETERMINE,,2,NO INDICATION OF INJURY,0.0,0.0,0.0,0.0,0.0,4.0,0.0,13,5,4,41.756252885,-87.702728905,POINT (-87.702728904549 41.756252884922),POINT (1156309.294630537 1854400.0713934794),2020,7530 S KEDZIE AVE
O830697,DRIVER,18386a5fcafc4b3ffcf9c14d9458ca67546fb472d01761bc690f70d5a004eebe022ec231f189768ff6894454329ddc0931db9b6e42e27ff8f62a39efe8406446,788464.0,X,,DEPLOYMENT UNKNOWN,UNKNOWN,NO INDICATION OF INJURY,UNKNOWN,UNKNOWN,UNKNOWN,,,,,2020-01-27 09:00:00,10,UNKNOWN,UNKNOWN,PARKED MOTOR VEHICLE,OTHER,UNKNOWN,UNKNOWN,NOT ON SCENE (DESK REPORT),NO INJURY / DRIVE AWAY,Y,"OVER $1,500",01/27/2020 04:20:00 PM,UNABLE TO DETERMINE,UNABLE TO DETERMINE,,2,NO INDICATION OF INJURY,0.0,0.0,0.0,0.0,0.0,1.0,0.0,9,2,1,42.00443429,-87.707448005,POINT (-87.70744800471 42.004434290439),POINT (1154362.157523446 1944827.6272916684),2020,3112 W COLUMBIA AVE
O942103,DRIVER,ae6c212f8cc179690546895d24947d00672f8d01c8be3c00a1ff6953c829b3457020107d1c7a2c5f340a9b52d1914ccb6ab4c68da1be0180f6d49035175df1a3,893099.0,M,42.0,DID NOT DEPLOY,NONE,NO INDICATION OF INJURY,NONE,NOT OBSCURED,NORMAL,,,,,2020-08-20 11:43:00,10,CLEAR,DAYLIGHT,REAR TO REAR,PARKING LOT,DRY,NO DEFECTS,NOT ON SCENE (DESK REPORT),NO INJURY / DRIVE AWAY,,"OVER $1,500",08/20/2020 01:30:00 PM,IMPROPER BACKING,NOT APPLICABLE,,2,NO INDICATION OF INJURY,0.0,0.0,0.0,0.0,0.0,2.0,0.0,11,5,8,41.891467129,-87.634904026,POINT (-87.634904026274 41.891467128926),POINT (1174414.757094157 1903814.4982796991),2020,219 W GRAND AVE
P215916,PASSENGER,12575e92489ef08bd705cd02e5612a64b1ca9112ce6acae8a72bf63810d57218248dcb8b10e38469f5a83333c63161880065eeaa64a9b8366853dd03cc8c3452,896849.0,F,,DID NOT DEPLOY,NONE,NO INDICATION OF INJURY,,,,,,,,2020-08-26 14:50:00,30,CLEAR,DAYLIGHT,SIDESWIPE SAME DIRECTION,NOT DIVIDED,DRY,NO DEFECTS,NOT ON SCENE (DESK REPORT),NO INJURY / DRIVE AWAY,Y,"OVER $1,500",08/26/2020 03:45:00 PM,IMPROPER TURNING/NO SIGNAL,NOT APPLICABLE,,2,NO INDICATION OF INJURY,0.0,0.0,0.0,0.0,0.0,4.0,0.0,14,4,8,41.872265149,-87.754636727,POINT (-87.754636726642 41.872265149087),POINT (1141861.5976711179 1896574.7137935169),2020,621 S LARAMIE AVE
O839605,DRIVER,6d778cb864d6ec021469fcd0ed4ed3c0f22dcd54d2b606db8ec1f08de04e296adf906f7cedbbe1959e61c67db6e5ce1ca2d7dc43058c4f63466e521d9c5f35fe,796777.0,X,,DEPLOYMENT UNKNOWN,NONE,NO INDICATION OF INJURY,UNKNOWN,UNKNOWN,UNKNOWN,,,,,2020-02-10 19:00:00,15,CLEAR,"DARKNESS, LIGHTED ROAD",PARKED MOTOR VEHICLE,ONE-WAY,DRY,NO DEFECTS,NOT ON SCENE (DESK REPORT),NO INJURY / DRIVE AWAY,Y,$500 OR LESS,02/10/2020 07:45:00 PM,UNABLE TO DETERMINE,NOT APPLICABLE,,2,NO INDICATION OF INJURY,0.0,0.0,0.0,0.0,0.0,1.0,0.0,19,2,2,41.999011496,-87.686114501,POINT (-87.686114501089 41.999011496032),POINT (1160175.4488034744 1942894.636684308),2020,6441 N BELL AVE
O922268,DRIVER,6d65176b5e60ae7013e00b96cc09902910719eac51c3bea575fd7714318ca6723454b2f7ea1268f8487d9a54f5db7988a49f96a6832a74d2c2f1d25b7f746bc9,874360.0,M,46.0,"DEPLOYED, SIDE",NONE,NO INDICATION OF INJURY,NONE,NOT OBSCURED,NORMAL,,,,,2020-07-20 15:00:00,30,CLEAR,DAYLIGHT,SIDESWIPE SAME DIRECTION,"FIVE POINT, OR MORE",DRY,NO DEFECTS,ON SCENE,INJURY AND / OR TOW DUE TO CRASH,,"OVER $1,500",07/20/2020 03:00:00 PM,UNABLE TO DETERMINE,UNABLE TO DETERMINE,,2,NO INDICATION OF INJURY,0.0,0.0,0.0,0.0,0.0,2.0,0.0,15,2,7,41.989637856,-87.669833951,POINT (-87.66983395067 41.989637856211),POINT (1164627.2756166884 1939512.69637705),2020,5941 N CLARK ST
O979800,DRIVER,b8533211108788578ad7260db948ed31dc7d22d4a14ff13e00c86ed4eb46b0c7aaf773d38e877d40c4da86324d36e5f06da7844d355d9010874038bff27bbd9e,928472.0,M,22.0,DID NOT DEPLOY,NONE,NO INDICATION OF INJURY,NONE,UNKNOWN,NORMAL,,,,,2020-10-19 18:55:00,30,RAIN,"DARKNESS, LIGHTED ROAD",REAR END,DIVIDED - W/MEDIAN BARRIER,WET,NO DEFECTS,ON SCENE,NO INJURY / DRIVE AWAY,,"OVER $1,500",10/19/2020 07:20:00 PM,FOLLOWING TOO CLOSELY,UNABLE TO DETERMINE,,3,NO INDICATION OF INJURY,0.0,0.0,0.0,0.0,0.0,3.0,0.0,18,2,10,41.92519389,-87.668294363,POINT (-87.668294363399 41.92519388981),POINT (1165228.0733427836 1916032.319168829),2020,2400 N ASHLAND AVE