PERSON_ID,PERSON_TYPE,CRASH_RECORD_ID,VEHICLE_ID,SEX,AGE,AIRBAG_DEPLOYED,EJECTION,INJURY_CLASSIFICATION,DRIVER_ACTION,DRIVER_VISION,PHYSICAL_CONDITION,PEDPEDAL_ACTION,PEDPEDAL_VISIBILITY,PEDPEDAL_LOCATION,CRASH_DATE_EST_I,CRASH_DATE,POSTED_SPEED_LIMIT,WEATHER_CONDITION,LIGHTING_CONDITION,FIRST_CRASH_TYPE,TRAFFICWAY_TYPE,ROADWAY_SURFACE_COND,ROAD_DEFECT,REPORT_TYPE,CRASH_TYPE,HIT_AND_RUN_I,DAMAGE,DATE_POLICE_NOTIFIED,PRIM_CONTRIBUTORY_CAUSE,SEC_CONTRIBUTORY_CAUSE,DOORING_I,NUM_UNITS,MOST_SEVERE_INJURY,INJURIES_TOTAL,INJURIES_FATAL,INJURIES_INCAPACITATING,INJURIES_NON_INCAPACITATING,INJURIES_REPORTED_NOT_EVIDENT,INJURIES_NO_INDICATION,INJURIES_UNKNOWN,CRASH_HOUR,CRASH_DAY_OF_WEEK,CRASH_MONTH,LATITUDE,LONGITUDE,LOCATION,geometry,YEAR,ADDRESS
O969856,DRIVER,6a4585d729f2949f68ee1ddb60d3a37ea56adb824da228fc0e7963c335c9108ffd6c7f6947fd18a62e58468a011f8813838ab1645428e34a707f386030e376c5,919155.0,F,21.0,NOT APPLICABLE,NONE,NO INDICATION OF INJURY,FOLLOWED TOO CLOSELY,UNKNOWN,EMOTIONAL,,,,,2020-10-03 11:15:00,30,CLEAR,DAYLIGHT,SIDESWIPE SAME DIRECTION,NOT DIVIDED,UNKNOWN,NO DEFECTS,ON SCENE,NO INJURY / DRIVE AWAY,Y,"OVER $1,500",10/03/2020 11:20:00 AM,FOLLOWING TOO CLOSELY,NOT APPLICABLE,,3,NO INDICATION OF INJURY,0.0,0.0,0.0,0.0,0.0,2.0,0.0,11,7,10,41.7925999,-87.774722125,POINT (-87.774722124664 41.792599900213),POINT (1136579.968133955 1867508.8474394009),2020,6104 W 55TH ST
O831260,DRIVER,8d2cc8f33f98f2896fad7d0094018fae6b583eaf3eecce57093fe47d23161c049bb4637077a53196891a3cfec856197d67d259b51a9a81b00183ebd697325ada,789009.0,M,,DID NOT DEPLOY,NONE,NO INDICATION OF INJURY,IMPROPER BACKING,UNKNOWN,UNKNOWN,,,,,2020-01-27 16:30:00,30,CLEAR,DUSK,ANGLE,NOT DIVIDED,DRY,NO DEFECTS,NOT ON SCENE (DESK REPORT),NO INJURY / DRIVE AWAY,,"OVER $1,500",01/28/2020 04:30:00 PM,IMPROPER BACKING,FAILING TO REDUCE SPEED TO AVOID CRASH,,2,NO INDICATION OF INJURY,0.0,0.0,0.0,0.0,0.0,2.0,0.0,16,2,1,41.911860077,-87.643606197,POINT (-87.643606197204 41.911860076825),POINT (1171985.6147907896 1911226.5315172866),2020,1630 N LARRABEE ST
O961748,DRIVER,d0d7ca618fc16f60e0ff203e6d03921a1a489c360410a3df551c11085c3db15ea1f71de6761e2a2fdd19fcfed5b6b3221819ed0fcd3386d945500043c6a9e23a,911486.0,M,,DEPLOYMENT UNKNOWN,NONE,NO INDICATION OF INJURY,UNKNOWN,UNKNOWN,UNKNOWN,,,,,2020-09-20 14:20:00,35,CLEAR,DAYLIGHT,REAR END,ONE-WAY,DRY,NO DEFECTS,NOT ON SCENE (DESK REPORT),NO INJURY / DRIVE AWAY,Y,"OVER $1,500",09/20/2020 02:49:00 PM,NOT APPLICABLE,NOT APPLICABLE,,2,NO INDICATION OF INJURY,0.0,0.0,0.0,0.0,0.0,3.0,0.0,14,1,9,41.815745928,-87.668949764,POINT (-87.668949763959 41.815745927679),POINT (1165358.4039105673 1876148.2860708141),2020,4300 S HERMITAGE AVE
O824015,DRIVER,49a72104c44238ef6863bc542269f86b0663d88d20e24ffae5e4d414193237a018aeb01a8bdd4771804c5015532032c9d002755f06cd30f6954fc6b089d60e72,782229.0,M,46.0,DID NOT DEPLOY,NONE,NONINCAPACITATING INJURY,OTHER,UNKNOWN,ILLNESS/FAINTED,,,,,2020-01-17 10:43:00,35,CLEAR,DAYLIGHT,PARKED MOTOR VEHICLE,NOT DIVIDED,DRY,NO DEFECTS,ON SCENE,INJURY AND / OR TOW DUE TO CRASH,,"OVER $1,500",01/17/2020 10:43:00 AM,PHYSICAL CONDITION OF DRIVER,NOT APPLICABLE,,2,NONINCAPACITATING INJURY,1.0,0.0,0.0,1.0,0.0,1.0,0.0,10,6,1,41.997773648,-87.693776705,POINT (-87.693776704521 41.997773647976),POINT (1158096.0872132927 1942427.9076185827),2020,2536 W DEVON AVE
O917511,DRIVER,cd9ee6f4edd9ddacbe2a38c828eeed4a892591fdcdc71c83d5d0fe106a8d1b1ffd7f6a157ae362c666353a5674cd80a615dc1d2a38cca0bbc8ae524266889d1e,869862.0,F,75.0,DID NOT DEPLOY,NONE,NO INDICATION OF INJURY,FOLLOWED TOO CLOSELY,NOT OBSCURED,NORMAL,,,,,2020-07-13 12:04:00,30,CLEAR,DAYLIGHT,REAR END,NOT DIVIDED,DRY,NO DEFECTS,ON SCENE,NO INJURY / DRIVE AWAY,,"OVER $1,500",07/13/2020 12:04:00 PM,FOLLOWING TOO CLOSELY,DRIVING SKILLS/KNOWLEDGE/EXPERIENCE,,2,NO INDICATION OF INJURY,0.0,0.0,0.0,0.0,0.0,2.0,0.0,12,2,7,41.955063497,-87.651027331,POINT (-87.651027330641 41.955063497409),POINT (1169840.3660645396 1926953.8051554954),2020,4020 N BROADWAY
O1003255,DRIVER,e8fb71292dd80b0f421ebb2bedc8a5e306050402ba9ff92dc0438994a36bf5af4d618ee43bb7b2fbe9b30370ca2a2f2ba715d94e20cf59a40a2a1ed41e0f1a59,950760.0,M,32.0,NOT APPLICABLE,NONE,NO INDICATION OF INJURY,NONE,NOT OBSCURED,NORMAL,,,,,2020-12-03 09:15:00,30,CLEAR,DAYLIGHT,SIDESWIPE SAME DIRECTION,DIVIDED - W/MEDIAN (NOT RAISED),DRY,NO DEFECTS,ON SCENE,NO INJURY / DRIVE AWAY,,"OVER $1,500",12/03/2020 09:22:00 AM,FAILING TO YIELD RIGHT-OF-WAY,NOT APPLICABLE,,2,NO INDICATION OF INJURY,0.0,0.0,0.0,0.0,0.0,2.0,0.0,9,5,12,41.849352149,-87.685414543,POINT (-87.685414542566 41.849352148593),POINT (1160777.7819086837 1888359.9795177341),2020,2327 S WESTERN AVE
P197074,PASSENGER,7f55fb8fc1e5c0f0edeb9bde9d5cc4f7e45715dc8f474ae78aece8808d814c8122a6ce3b8b490ec914c7c7d834d9ca4044bf2b24a99bd41b136df90716d1cda3,817752.0,M,29.0,DID NOT DEPLOY,NONE,NO INDICATION OF INJURY,,,,,,,,2020-03-14 11:50:00,15,CLEAR,DAYLIGHT,REAR TO SIDE,PARKING LOT,DRY,NO DEFECTS,NOT ON SCENE (DESK REPORT),NO INJURY / DRIVE AWAY,,"$501 - $1,500",03/14/2020 12:00:00 PM,IMPROPER BACKING,NOT APPLICABLE,,2,NO INDICATION OF INJURY,0.0,0.0,0.0,0.0,0.0,3.0,0.0,11,7,3,41.834147388,-87.674597856,POINT (-87.674597856436 41.834147387528),POINT (1163767.3358216626 1882841.839700901),2020,1940 W 33RD ST
O849430,DRIVER,b61a2c9349a9afaa95e355b78f4cfff0251d2f4262ced4ed184c796e8265227890a70547cb0c7c67c38020f89ec9cb26dfb1c32ea770132b5563fddc7c4cd109,806126.0,M,40.0,DID NOT DEPLOY,NONE,NO INDICATION OF INJURY,NONE,NOT OBSCURED,NORMAL,,,,,2020-02-25 11:58:00,30,CLEAR,DAYLIGHT,TURNING,ONE-WAY,DRY,NO DEFECTS,NOT ON SCENE (DESK REPORT),NO INJURY / DRIVE AWAY,,"OVER $1,500",02/25/2020 12:32:00 PM,FAILING TO YIELD RIGHT-OF-WAY,IMPROPER TURNING/NO SIGNAL,,2,NO INDICATION OF INJURY,0.0,0.0,0.0,0.0,0.0,3.0,0.0,11,3,2,41.928303359,-87.703586229,POINT (-87.7035862287 41.9283033591),POINT (1155615.6787211932 1917092.9043063966),2020,3029 W LOGAN BLVD
O997622,DRIVER,d6a0c48a51d2d1cd8d9d30219e2f9a8a67e79b8bc01a5bd4137de708589097af4f25ed04b44525dcef5dc67350a93a5e0c3c1a5c670a032a3369b34795db72e7,945376.0,M,,DEPLOYMENT UNKNOWN,NONE,NO INDICATION OF INJURY,NONE,NOT OBSCURED,NORMAL,,,,,2020-11-14 18:45:00,30,CLEAR,"DARKNESS, LIGHTED ROAD",REAR END,FOUR WAY,UNKNOWN,NO DEFECTS,NOT ON SCENE (DESK REPORT),NO INJURY / DRIVE AWAY,,"OVER $1,500",11/21/2020 02:30:00 PM,UNABLE TO DETERMINE,UNABLE TO DETERMINE,,2,NO INDICATION OF INJURY,0.0,0.0,0.0,0.0,0.0,2.0,0.0,18,7,11,41.891113882,-87.620199418,POINT (-87.620199417551 41.89111388192),POINT (1178419.5451187796 1903718.7078778595),2020,300 E ILLINOIS ST
O869166,DRIVER,7c30a3526526463845e24462e6632f3103a24877a7ba9b92fcafff669b9ed27691881a7b3f201071ac2d9d30273a30229d75e48dfc5ddcac422a88a1754d6294,824657.0,M,24.0,"DEPLOYED, COMBINATION",NONE,NO INDICATION OF INJURY,WRONG WAY/SIDE,NOT OBSCURED,NORMAL,,,,,2020-04-04 15:58:00,30,CLEAR,DAYLIGHT,HEAD ON,NOT DIVIDED,DRY,NO DEFECTS,ON SCENE,INJURY AND / OR TOW DUE TO CRASH,,"OVER $1,500",04/04/2020 04:01:00 PM,DRIVING ON WRONG SIDE/WRONG WAY,NOT APPLICABLE,,2,NO INDICATION OF INJURY,0.0,0.0,0.0,0.0,0.0,2.0,0.0,15,7,4,41.881050989,-87.686532168,POINT (-87.686532168279 41.881050988942),POINT (1160386.2512970928 1899908.6723299038),2020,2401 W MADISON ST
O943281,DRIVER,620e523e100188d2495f73aea67f42dcf846e0400ec691f1469a0698c11e285d08d93421142548bdec55b23875ecff3bbad672d6703b01ea9c0562391f2e6611,894160.0,F,41.0,NOT APPLICABLE,NONE,NO INDICATION OF INJURY,NONE,NOT OBSCURED,NORMAL,,,,,2020-08-22 03:26:00,30,CLEAR,"DARKNESS, LIGHTED ROAD",REAR END,DRIVEWAY,DRY,NO DEFECTS,ON SCENE,NO INJURY / DRIVE AWAY,Y,"$501 - $1,500",08/22/2020 03:27:00 AM,FOLLOWING TOO CLOSELY,DRIVING SKILLS/KNOWLEDGE/EXPERIENCE,,2,NO INDICATION OF INJURY,0.0,0.0,0.0,0.0,0.0,4.0,0.0,3,7,8,41.772870635,-87.644753784,POINT (-87.644753783889 41.772870634607),POINT (1172079.3123246487 1860576.7234067135),2020,6646 S HALSTED ST
P190996,PASSENGER,3a6b7242de601207e66d7dce71c9663e61881bd274a57ec5e30c2b88b9090db4185c5e97f6d08b82479eea5ec45ce31403167b1063088e322db8ee9f16f79dd1,793181.0,M,,NOT APPLICABLE,NONE,NO INDICATION OF INJURY,,,,,,,,2020-02-05 11:00:00,30,CLEAR,DAYLIGHT,PARKED MOTOR VEHICLE,ONE-WAY,DRY,NO DEFECTS,ON SCENE,NO INJURY / DRIVE AWAY,,"OVER $1,500",02/05/2020 11:00:00 AM,DISREGARDING OTHER TRAFFIC SIGNS,NOT APPLICABLE,,2,NO INDICATION OF INJURY,0.0,0.0,0.0,0.0,0.0,3.0,0.0,11,4,2,41.872745015,-87.669215739,POINT (-87.669215738978 41.872745015173),POINT (1165125.2869252802 1896918.0017257247),2020,702 S PAULINA ST
P215571,PASSENGER,40695fc2445fc201b9f64d60554414d38bbaf7965306ef8ece2e0ef4fc040f6b7388264d3d438735e4c538ba1bc275b3e0838884ab468bc851a65d71c0b4b113,895109.0,F,38.0,DID NOT DEPLOY,NONE,NO INDICATION OF INJURY,,,,,,,,2020-08-23 02:25:00,30,CLEAR,"DARKNESS, LIGHTED ROAD",TURNING,NOT DIVIDED,DRY,NO DEFECTS,NOT ON SCENE (DESK REPORT),NO INJURY / DRIVE AWAY,,"OVER $1,500",08/23/2020 04:30:00 PM,FAILING TO YIELD RIGHT-OF-WAY,NOT APPLICABLE,,2,NO INDICATION OF INJURY,0.0,0.0,0.0,0.0,0.0,3.0,0.0,2,1,8,41.907654375,-87.765997959,POINT (-87.765997959166 41.90765437542),POINT (1138682.0211112923 1909449.8483776557),2020,1500 N CENTRAL AVE
O915987,DRIVER,dc42c31689daaaa42966abca70d2d922ae52e3bcc9665c16f57a5c77a6169f661a12b6e3f89687eb7f5209713136e8d9debfea59435e77e22f47a63f5b171c30,868438.0,F,28.0,DID NOT DEPLOY,NONE,NO INDICATION OF INJURY,NONE,NOT OBSCURED,NORMAL,,,,,2020-07-10 20:09:00,30,CLEAR,DAYLIGHT,REAR END,NOT DIVIDED,DRY,NO DEFECTS,NOT ON SCENE (DESK REPORT),NO INJURY / DRIVE AWAY,,"OVER $1,500",07/10/2020 08:30:00 PM,UNABLE TO DETERMINE,UNABLE TO DETERMINE,,2,NO INDICATION OF INJURY,0.0,0.0,0.0,0.0,0.0,2.0,0.0,20,6,7,41.870887513,-87.715413589,POINT (-87.715413589479 41.870887512894),POINT (1152547.9198261343 1896147.1675938757),2020,799 S CENTRAL PARK AVE
O854046,DRIVER,4821f9ce81d4f279ddc79f00c96022808b8a26a14649349b93e57c39ac30fdc210b94c208e8f1c2c2550c8fc32ab669373710d3587f2ea708c4e6303b0d8d81d,810562.0,F,20.0,DID NOT DEPLOY,NONE,NO INDICATION OF INJURY,NONE,NOT OBSCURED,NORMAL,,,,,2020-03-02 16:45:00,10,CLEAR,DAYLIGHT,REAR TO SIDE,PARKING LOT,DRY,NO DEFECTS,NOT ON SCENE (DESK REPORT),NO INJURY / DRIVE AWAY,,"$501 - $1,500",03/02/2020 06:00:00 PM,FAILING TO YIELD RIGHT-OF-WAY,UNABLE TO DETERMINE,,2,NO INDICATION OF INJURY,0.0,0.0,0.0,0.0,0.0,2.0,0.0,16,2,3,41.703954875,-87.719565948,POINT (-87.719565947589 41.703954874603),POINT (1151851.2034774201 1835310.0243938442),2020,3929 W 104TH ST
O925960,DRIVER,58536812d7e5517e25da9071e5364ec67661b4df169f527acf1cd2b23878ee1060abb391ab85a8b4bd3565f15bfc0593e06e58ae70fe49bf33c626d6c7c376d6,877895.0,M,21.0,NOT APPLICABLE,NONE,NO INDICATION OF INJURY,FOLLOWED TOO CLOSELY,UNKNOWN,UNKNOWN,,,,,2020-07-26 18:30:00,35,CLEAR,DAYLIGHT,REAR END,NOT DIVIDED,DRY,NO DEFECTS,ON SCENE,INJURY AND / OR TOW DUE TO CRASH,,"OVER $1,500",07/26/2020 06:50:00 PM,FOLLOWING TOO CLOSELY,UNABLE TO DETERMINE,,2,NO INDICATION OF INJURY,0.0,0.0,0.0,0.0,0.0,2.0,0.0,18,1,7,41.925011425,-87.687525059,POINT (-87.687525058941 41.925011424908),POINT (1159995.270933841 1915925.8273117337),2020,2356 W FULLERTON AVE
O891758,DRIVER,48b98763639c7a699026f95a2e8f331cafa7715b8a1f8cd49ef0222e6c27c9571836424d1e07c68456d6ce118c9b47534563efeff83fd39f7e51f44edd686742,845848.0,X,,DEPLOYMENT UNKNOWN,NONE,NO INDICATION OF INJURY,UNKNOWN,UNKNOWN,UNKNOWN,,,,,2020-05-31 06:30:00,30,CLEAR,DAWN,PARKED MOTOR VEHICLE,NOT DIVIDED,DRY,NO DEFECTS,NOT ON SCENE (DESK REPORT),NO INJURY / DRIVE AWAY,Y,"OVER $1,500",05/31/2020 08:52:00 AM,UNABLE TO DETERMINE,NOT APPLICABLE,,2,NO INDICATION OF INJURY,0.0,0.0,0.0,0.0,0.0,1.0,0.0,6,1,5,41.880541799,-87.750374122,POINT (-87.750374121873 41.880541798517),POINT (1143002.0641683722 1899598.5643617935),2020,5002 W MADISON ST
O954616,DRIVER,245a0e7fbb1bc8a9d11b3ad8fb3d1fd7a5258a50c855a1240d1ecee498dd7db46e1038e84dc6edb3c445678347e28d9fc7db419b79649dd3a0ff2a8881bb7e33,904799.0,F,51.0,DID NOT DEPLOY,NONE,NO INDICATION OF INJURY,FOLLOWED TOO CLOSELY,NOT OBSCURED,NORMAL,,,,,2020-09-08 19:30:00,25,RAIN,"DARKNESS, LIGHTED ROAD",REAR END,NOT DIVIDED,WET,NO DEFECTS,NOT ON SCENE (DESK REPORT),NO INJURY / DRIVE AWAY,,"$501 - $1,500",09/08/2020 07:50:00 PM,FOLLOWING TOO CLOSELY,NOT APPLICABLE,,2,NO INDICATION OF INJURY,0.0,0.0,0.0,0.0,0.0,2.0,0.0,19,3,9,41.990405644,-87.71413423,POINT (-87.714134230154 41.990405644412),POINT (1152581.8380730033 1939702.2915246573),2020,6000 N KIMBALL AVE
O890545,DRIVER,baa4164d06cd3422c2d572fdaab67901b9568babec0a00f17f77ea5e7fc8b81055e901d28acf6fa2e623f4f4cc49c9910533680497acceb6b527e898885d05f9,844763.0,M,,DEPLOYMENT UNKNOWN,NONE,NO INDICATION OF INJURY,UNKNOWN,UNKNOWN,UNKNOWN,,,,,2020-05-28 20:00:00,30,CLOUDY/OVERCAST,DUSK,TURNING,PARKING LOT,WET,NO DEFECTS,ON SCENE,NO INJURY / DRIVE AWAY,Y,$500 OR LESS,05/28/2020 08:02:00 PM,UNABLE TO DETERMINE,NOT APPLICABLE,,2,NO INDICATION OF INJURY,0.0,0.0,0.0,0.0,0.0,2.0,0.0,20,5,5,41.89038911,-87.706253048,POINT (-87.706253047639 41.890389110396),POINT (1154990.9911463906 1903271.6167127232),2020,501 N KEDZIE AVE
O998654,DRIVER,72e736f7b7738963bdf8fe1f6fe6465c595fb8aa93813782a3690d8277bb1d7f2870ac9943a65248b39916ad7554cb8b3b9f194a289e6ecf84f48486f31c408a,946389.0,M,46.0,DID NOT DEPLOY,NONE,"REPORTED, NOT EVIDENT",UNKNOWN,NOT OBSCURED,NORMAL,,,,,2020-11-18 22:51:00,40,CLEAR,"DARKNESS, LIGHTED ROAD",TURNING,DIVIDED - W/MEDIAN (NOT RAISED),DRY,NO DEFECTS,ON SCENE,INJURY AND / OR TOW DUE TO CRASH,,"OVER $1,500",11/18/2020 10:51:00 PM,UNABLE TO DETERMINE,NOT APPLICABLE,,2,"REPORTED, NOT EVIDENT",1.0,0.0,0.0,0.0,1.0,1.0,0.0,22,4,11,41.880856048,-87.617635892,POINT (-87.617635891755 41.880856047671),POINT (1179148.712154315 1899986.5677166735),2020,100 S LAKE SHORE DR SB
O860857,DRIVER,896ef8572f1d90d497a371052b5f060ea792f3a976121f89865892f28f459d4d1c2da62a3cceb45ef05ad6876fcbc92fbbbd581db43eeb624dd1fce3fdce4e3b,816877.0,M,39.0,NOT APPLICABLE,NONE,NO INDICATION OF INJURY,OTHER,NOT OBSCURED,NORMAL,,,,,2020-03-12 19:30:00,30,CLEAR,"DARKNESS, LIGHTED ROAD",ANGLE,NOT DIVIDED,DRY,NO DEFECTS,ON SCENE,INJURY AND / OR TOW DUE TO CRASH,,"OVER $1,500",03/12/2020 07:33:00 PM,DISREGARDING STOP SIGN,NOT APPLICABLE,,2,INCAPACITATING INJURY,2.0,0.0,1.0,1.0,0.0,4.0,0.0,19,5,3,41.994422968,-87.667572531,POINT (-87.667572530679 41.994422968219),POINT (1165228.5063706774 1941261.190796273),2020,6199 N GREENVIEW AVE
O913260,DRIVER,35a0b44fd9e8814817a1b5ebd8a34b1cf2767f2d42dd5692acfabf256c5a32983ee26213904d3fa465c45c7d30fc893359395e1fee59ef23202c72718019b9ca,865823.0,F,61.0,NOT APPLICABLE,NONE,NO INDICATION OF INJURY,NONE,NOT OBSCURED,NORMAL,,,,,2020-07-06 17:33:00,35,CLEAR,DAYLIGHT,REAR END,DIVIDED - W/MEDIAN BARRIER,DRY,NO DEFECTS,ON SCENE,INJURY AND / OR TOW DUE TO CRASH,,"OVER $1,500",07/06/2020 05:33:00 PM,DRIVING SKILLS/KNOWLEDGE/EXPERIENCE,DRIVING SKILLS/KNOWLEDGE/EXPERIENCE,,3,NONINCAPACITATING INJURY,1.0,0.0,0.0,1.0,0.0,2.0,0.0,17,2,7,41.990591466,-87.678178202,POINT (-87.678178202273 41.990591465913),POINT (1162356.1592746808 1939842.732888719),2020,1925 W PETERSON AVE
O821508,PEDESTRIAN,22cb0256f8e300164949b0eee1c8825de1a1e5ac95358866c9f891cddfbbf0719aff52cdab5c86f1659098f08a49790f50a3eafc516d340545704ca7d0430abe,,F,15.0,,,NONINCAPACITATING INJURY,NONE,NOT OBSCURED,NORMAL,CROSSING - NO CONTROLS (AT INTERSECTION),NO CONTRASTING CLOTHING,IN CROSSWALK,,2020-01-13 17:25:00,20,CLEAR,"DARKNESS, LIGHTED ROAD",PEDESTRIAN,FOUR WAY,DRY,UNKNOWN,ON SCENE,INJURY AND / OR TOW DUE TO CRASH,Y,"OVER $1,500",01/13/2020 07:25:00 PM,FAILING TO YIELD RIGHT-OF-WAY,IMPROPER OVERTAKING/PASSING,,2,NONINCAPACITATING INJURY,1.0,0.0,0.0,1.0,0.0,2.0,0.0,17,2,1,42.017808547,-87.690339649,POINT (-87.690339648892 42.017808546712),POINT (1158975.5272219188 1949735.7569914064),2020,7500 N WESTERN AVE
O951541,DRIVER,3e3eb25895dc8cfed1e7d35e2e15610d10adfbe05c5781270132961925d86e135ae8ff9e7ed26d07bacd4d3711043f91c6e45286c9dcc552b7f1c1f5c38f30f1,901944.0,M,38.0,DID NOT DEPLOY,NONE,NO INDICATION OF INJURY,OTHER,UNKNOWN,UNKNOWN,,,,,2020-09-03 23:50:00,30,CLEAR,"DARKNESS, LIGHTED ROAD",REAR END,DIVIDED - W/MEDIAN BARRIER,DRY,NO DEFECTS,NOT ON SCENE (DESK REPORT),INJURY AND / OR TOW DUE TO CRASH,,$500 OR LESS,09/04/2020 12:30:00 AM,PHYSICAL CONDITION OF DRIVER,NOT APPLICABLE,,2,"REPORTED, NOT EVIDENT",1.0,0.0,0.0,0.0,1.0,1.0,0.0,23,5,9,41.749458309,-87.713626753,POINT (-87.713626753429 41.749458309131),POINT (1153353.6558093517 1851902.585144161),2020,3639 W 79TH ST
O1007965,DRIVER,117135b3e060947fdea1b92164a14567d129ee269e58acdf85e2ca590574dbdf95c81f1f6bf45ad93ed148ca26179b6203266f4ea4f6873d1868af9281cb14f7,955269.0,M,28.0,DID NOT DEPLOY,NONE,NO INDICATION OF INJURY,NONE,NOT OBSCURED,NORMAL,,,,,2020-12-12 14:12:00,30,RAIN,DAYLIGHT,REAR TO FRONT,NOT DIVIDED,WET,UNKNOWN,ON SCENE,INJURY AND / OR TOW DUE TO CRASH,,"$501 - $1,500",12/12/2020 02:12:00 PM,IMPROPER BACKING,FAILING TO REDUCE SPEED TO AVOID CRASH,,2,NO INDICATION OF INJURY,0.0,0.0,0.0,0.0,0.0,3.0,0.0,14,7,12,41.877485087,-87.701174301,POINT (-87.701174301317 41.877485087486),POINT (1156408.473099658 1898579.5520785905),2020,3000 W JACKSON BLVD
O988491,DRIVER,c2bf4bb3e3037d61b2a4858e2b575cfc38051390ee5da6631525a64a4039a694a4e61afabf2dfd86e742b772e096bcdf14700b5becb03187272ffdecc68596c2,936738.0,X,,DEPLOYMENT UNKNOWN,NONE,NO INDICATION OF INJURY,UNKNOWN,UNKNOWN,UNKNOWN,,,,,2020-11-04 08:00:00,30,CLEAR,DAYLIGHT,PARKED MOTOR VEHICLE,NOT DIVIDED,DRY,NO DEFECTS,ON SCENE,NO INJURY / DRIVE AWAY,Y,"$501 - $1,500",11/04/2020 08:30:00 AM,UNABLE TO DETERMINE,NOT APPLICABLE,,2,NO INDICATION OF INJURY,0.0,0.0,0.0,0.0,0.0,1.0,0.0,8,4,11,41.808515307,-87.606480643,POINT (-87.606480643264 41.808515307279),POINT (1182409.6298884056 1873651.3346139414),2020,801 E 47TH PL
O917840,DRIVER,da36d0a36441849ff7d9d7ccf88d6bf3102f0f549540bc3a947c919d3fbf6b587f829ee35dec6f3d1c731fa3d9435193d375621bc0c220abd90c7e6b1c50dc95,870172.0,F,53.0,DID NOT DEPLOY,NONE,NO INDICATION OF INJURY,UNKNOWN,NOT OBSCURED,UNKNOWN,,,,,2020-07-13 17:05:00,30,CLEAR,DAYLIGHT,OTHER OBJECT,NOT DIVIDED,DRY,NO DEFECTS,ON SCENE,INJURY AND / OR TOW DUE TO CRASH,,"OVER $1,500",07/13/2020 05:10:00 PM,UNABLE TO DETERMINE,UNABLE TO DETERMINE,,1,NO INDICATION OF INJURY,0.0,0.0,0.0,0.0,0.0,1.0,0.0,17,2,7,41.736159141,-87.627784584,POINT (-87.627784584001 41.736159141056),POINT (1176817.868614024 1847236.8896657263),2020,125 W 87TH ST
O902164,DRIVER,50dba7e19a69f99d3351b68c4daa9e72eb40b8410e780739cc576e414d6fead600c2475bbeaf3043370011a9f71ad5357e9cc9e988e07c2a8d395bf413966a3c,855438.0,F,27.0,DID NOT DEPLOY,NONE,NO INDICATION OF INJURY,NONE,NOT OBSCURED,NORMAL,,,,,2020-06-19 11:00:00,30,CLEAR,DAYLIGHT,SIDESWIPE SAME DIRECTION,NOT DIVIDED,DRY,NO DEFECTS,NOT ON SCENE (DESK REPORT),NO INJURY / DRIVE AWAY,,"$501 - $1,500",06/19/2020 11:28:00 AM,FAILING TO YIELD RIGHT-OF-WAY,NOT APPLICABLE,,2,NO INDICATION OF INJURY,0.0,0.0,0.0,0.0,0.0,2.0,0.0,11,6,6,41.913316119,-87.746117095,POINT (-87.746117095363 41.913316119271),POINT (1144079.6048713059 1911549.409257548),2020,1800 N CICERO AVE
O885284,DRIVER,1259e95e5c7fb5558a92a1a98809219804e0c759b7f5ab5cb2e7b6058f1c8be8df10752dbe02316f23aeca1c30dddb8648cdc5e74bc8e8bc79d720f8c74c9250,839825.0,X,,DEPLOYMENT UNKNOWN,UNKNOWN,NO INDICATION OF INJURY,UNKNOWN,UNKNOWN,UNKNOWN,,,,,2020-05-18 01:22:00,30,RAIN,"DARKNESS, LIGHTED ROAD",PARKED MOTOR VEHICLE,NOT DIVIDED,WET,UNKNOWN,ON SCENE,NO INJURY / DRIVE AWAY,Y,"OVER $1,500",05/18/2020 01:30:00 AM,UNABLE TO DETERMINE,UNABLE TO DETERMINE,,3,NO INDICATION OF INJURY,0.0,0.0,0.0,0.0,0.0,1.0,0.0,1,2,5,41.837084643,-87.65826872,POINT (-87.658268720033 41.837084642788),POINT (1168208.9321241796 1883946.7128379731),2020,3125 S THROOP ST
P209195,PASSENGER,554e3089c3538683409918da52317f84a04a0250d179bed3496b7f65a4b0b2ec9768a74e86dadb08d76795cdff3df96fdc06cd77e6053c61b97a47f371bff455,868102.0,F,,DID NOT DEPLOY,NONE,NO INDICATION OF INJURY,,,,,,,,2020-07-10 12:40:00,30,CLEAR,DAYLIGHT,ANGLE,ALLEY,DRY,NO DEFECTS,NOT ON SCENE (DESK REPORT),NO INJURY / DRIVE AWAY,,"$501 - $1,500",07/10/2020 02:02:00 PM,NOT APPLICABLE,NOT APPLICABLE,,2,NO INDICATION OF INJURY,0.0,0.0,0.0,0.0,0.0,8.0,0.0,12,6,7,41.780914833,-87.700900956,POINT (-87.700900956271 41.780914832909),POINT (1156741.970943497 1863390.3399644236),2020,6158 S ALBANY AVE