PERSON_ID,PERSON_TYPE,CRASH_RECORD_ID,VEHICLE_ID,SEX,AGE,AIRBAG_DEPLOYED,EJECTION,INJURY_CLASSIFICATION,DRIVER_ACTION,DRIVER_VISION,PHYSICAL_CONDITION,PEDPEDAL_ACTION,PEDPEDAL_VISIBILITY,PEDPEDAL_LOCATION,CRASH_DATE_EST_I,CRASH_DATE,POSTED_SPEED_LIMIT,WEATHER_CONDITION,LIGHTING_CONDITION,FIRST_CRASH_TYPE,TRAFFICWAY_TYPE,ROADWAY_SURFACE_COND,ROAD_DEFECT,REPORT_TYPE,CRASH_TYPE,HIT_AND_RUN_I,DAMAGE,DATE_POLICE_NOTIFIED,PRIM_CONTRIBUTORY_CAUSE,SEC_CONTRIBUTORY_CAUSE,DOORING_I,NUM_UNITS,MOST_SEVERE_INJURY,INJURIES_TOTAL,INJURIES_FATAL,INJURIES_INCAPACITATING,INJURIES_NON_INCAPACITATING,INJURIES_REPORTED_NOT_EVIDENT,INJURIES_NO_INDICATION,INJURIES_UNKNOWN,CRASH_HOUR,CRASH_DAY_OF_WEEK,CRASH_MONTH,LATITUDE,LONGITUDE,LOCATION,geometry,YEAR,ADDRESS
O932495,DRIVER,0582e2b6a615587b1c70c4748ee14fa50d29f511ed97ca35c2c87cc8e670aa7bd01966ef203604d7327e0d60c4b6a4d716a7c4f4739bc7f0f9ce058b3257f28b,883994.0,M,20.0,DEPLOYMENT UNKNOWN,NONE,NO INDICATION OF INJURY,UNKNOWN,UNKNOWN,UNKNOWN,,,,,2020-08-05 19:00:00,30,CLEAR,DAYLIGHT,SIDESWIPE SAME DIRECTION,ONE-WAY,DRY,NO DEFECTS,NOT ON SCENE (DESK REPORT),NO INJURY / DRIVE AWAY,,"$501 - $1,500",08/05/2020 07:35:00 PM,UNABLE TO DETERMINE,UNABLE TO DETERMINE,,2,NO INDICATION OF INJURY,0.0,0.0,0.0,0.0,0.0,2.0,0.0,19,4,8,41.88463657,-87.639652995,POINT (-87.639652995033 41.884636570178),POINT (1173141.8466252075 1901314.9558145078),2020,151 N CANAL ST
O921204,DRIVER,736f5853be0ae5cfe0b38f15f9d16215da6a9757099cb64d8148567f9a389dc87e6478e0b103316a6a69e9a862d568be856d9452eef3e888e02fbac6f975bdb6,873351.0,X,,DEPLOYMENT UNKNOWN,NONE,NO INDICATION OF INJURY,WRONG WAY/SIDE,UNKNOWN,UNKNOWN,,,,,2020-07-18 20:55:00,30,CLEAR,"DARKNESS, LIGHTED ROAD",HEAD ON,DIVIDED - W/MEDIAN BARRIER,DRY,NO DEFECTS,ON SCENE,INJURY AND / OR TOW DUE TO CRASH,Y,"OVER $1,500",07/18/2020 08:57:00 PM,DRIVING ON WRONG SIDE/WRONG WAY,UNABLE TO DETERMINE,,3,NONINCAPACITATING INJURY,2.0,0.0,0.0,2.0,0.0,2.0,0.0,20,7,7,41.852944238,-87.637025287,POINT (-87.637025287285 41.852944237749),POINT (1173951.0629192109 1889772.11382596),2020,400 W CERMAK RD
O940817,DRIVER,04ee156d2815a158582a51a524b2852d157765dcce27a3375f703272b86aa4615cdb71df0ce0dec3cd286e2646ec0d6f143dcbce1bc4288a2bc947f7be7d77cf,891863.0,X,,DEPLOYMENT UNKNOWN,NONE,NO INDICATION OF INJURY,UNKNOWN,UNKNOWN,UNKNOWN,,,,,2020-08-18 08:00:00,5,CLEAR,DAYLIGHT,PARKED MOTOR VEHICLE,OTHER,DRY,UNKNOWN,NOT ON SCENE (DESK REPORT),NO INJURY / DRIVE AWAY,Y,"OVER $1,500",08/18/2020 11:00:00 AM,UNABLE TO DETERMINE,NOT APPLICABLE,,2,NO INDICATION OF INJURY,0.0,0.0,0.0,0.0,0.0,1.0,0.0,8,3,8,41.735527629,-87.688996214,POINT (-87.688996213682 41.735527629464),POINT (1160112.803513918 1846875.7535065261),2020,2636 W 87TH ST
O915547,DRIVER,db9f03ad25925c77dfc39035cbdf529fbe4232ca35944cad405a8059d071478437f74d584aff56ca10d919a66da1883f12d1fb5a276f80bc1f8b47a57e106455,868022.0,F,35.0,DID NOT DEPLOY,NONE,NO INDICATION OF INJURY,NONE,NOT OBSCURED,NORMAL,,,,,2020-07-10 11:01:00,10,CLEAR,DAYLIGHT,REAR TO SIDE,PARKING LOT,DRY,NO DEFECTS,ON SCENE,NO INJURY / DRIVE AWAY,,"$501 - $1,500",07/10/2020 11:03:00 AM,IMPROPER BACKING,FAILING TO YIELD RIGHT-OF-WAY,,2,NO INDICATION OF INJURY,0.0,0.0,0.0,0.0,0.0,4.0,0.0,11,6,7,41.780066692,-87.632282827,POINT (-87.632282826767 41.780066692008),POINT (1175459.757201486 1863226.3976490432),2020,252 W 63RD ST
O904913,DRIVER,8c5d7441854a682c78297644848e8166b2882642eae97b0b94ce3a3a6e203f59fa4ebaf3eab7b257be5a57e7c30bc2f1f91388e86762d3f27db824922e51ed34,858051.0,M,,DEPLOYMENT UNKNOWN,NONE,NO INDICATION OF INJURY,UNKNOWN,UNKNOWN,UNKNOWN,,,,,2020-06-23 13:10:00,30,CLEAR,DAYLIGHT,REAR END,NOT DIVIDED,DRY,NO DEFECTS,NOT ON SCENE (DESK REPORT),NO INJURY / DRIVE AWAY,Y,"$501 - $1,500",06/23/2020 01:48:00 PM,UNABLE TO DETERMINE,UNABLE TO DETERMINE,,2,NO INDICATION OF INJURY,0.0,0.0,0.0,0.0,0.0,2.0,0.0,13,3,6,41.708309635,-87.559812021,POINT (-87.559812021413 41.708309634639),POINT (1195461.165268434 1837248.2246742162),2020,10258 S TORRENCE AVE
O894793,DRIVER,feea1b2e792037f88276143d36838f46701a804f59f5540ee6182cd5d8a00482f68285799aa7e5c2a797d329f2668f24aace7b7bf86333e0872644c42a460616,848657.0,M,20.0,NOT APPLICABLE,NONE,NO INDICATION OF INJURY,OTHER,NOT OBSCURED,NORMAL,,,,,2020-06-06 01:49:00,30,CLEAR,"DARKNESS, LIGHTED ROAD",SIDESWIPE OPPOSITE DIRECTION,NOT DIVIDED,DRY,NO DEFECTS,ON SCENE,NO INJURY / DRIVE AWAY,,"OVER $1,500",06/06/2020 01:51:00 AM,UNABLE TO DETERMINE,NOT APPLICABLE,,4,NO INDICATION OF INJURY,0.0,0.0,0.0,0.0,0.0,2.0,0.0,1,7,6,41.75212896,-87.716092031,POINT (-87.71609203074 41.752128960127),POINT (1152673.9540796897 1852870.9091853711),2020,7727 S RIDGEWAY AVE
O874892,DRIVER,4aa3fef7b14ccd88c6297c89753855f9b1312f0e3e0c36eee5ba3e2617d0e00028776324d535bc2f5e6f3e7970caae2b6aa1b0d7bbe35c166e16643e7376c3da,830032.0,M,32.0,"DEPLOYED, COMBINATION",NONE,NO INDICATION OF INJURY,DISREGARDED CONTROL DEVICES,UNKNOWN,NORMAL,,,,,2020-04-23 11:30:00,30,RAIN,DAYLIGHT,ANGLE,FOUR WAY,WET,NO DEFECTS,ON SCENE,INJURY AND / OR TOW DUE TO CRASH,,"OVER $1,500",04/23/2020 11:33:00 AM,DISREGARDING TRAFFIC SIGNALS,NOT APPLICABLE,,2,NO INDICATION OF INJURY,0.0,0.0,0.0,0.0,0.0,2.0,0.0,11,5,4,41.867196447,-87.651088221,POINT (-87.651088220891 41.867196446975),POINT (1170078.489864884 1894934.8328619143),2020,1000 W ROOSEVELT RD
O908094,DRIVER,6034f59b15c0d8a8a7148d68a6a336b5123c2ac66f892af97f82f887dc6c0577a69237f5b6385d74a047b7ceba05a16b4252c6e8148f3b51a1cba00f8987500f,861654.0,M,21.0,NOT APPLICABLE,NONE,NO INDICATION OF INJURY,NONE,NOT OBSCURED,NORMAL,,,,,2020-06-28 17:52:00,35,CLEAR,DAYLIGHT,REAR END,NOT DIVIDED,DRY,NO DEFECTS,ON SCENE,NO INJURY / DRIVE AWAY,,$500 OR LESS,06/28/2020 05:52:00 PM,FOLLOWING TOO CLOSELY,"VISION OBSCURED (SIGNS, TREE LIMBS, BUILDINGS, ETC.)",,2,NO INDICATION OF INJURY,0.0,0.0,0.0,0.0,0.0,2.0,0.0,17,1,6,41.96873716,-87.688235835,POINT (-87.688235835387 41.968737159606),POINT (1159681.9215761998 1931858.1576444346),2020,2342 W LAWRENCE AVE
O970918,DRIVER,7895ed8d749fc8610e66f5d87b0ec4bb944a8f8338fe70d5f1719ac014b7fe591a2220331135e3d15228fce2b53dc21fb38f48af33a34b729c3e9cc1b35edcfb,920152.0,M,26.0,DID NOT DEPLOY,NONE,NO INDICATION OF INJURY,IMPROPER PASSING,NOT OBSCURED,NORMAL,,,,,2020-10-04 19:20:00,30,CLEAR,"DARKNESS, LIGHTED ROAD",SIDESWIPE SAME DIRECTION,DIVIDED - W/MEDIAN (NOT RAISED),DRY,NO DEFECTS,ON SCENE,NO INJURY / DRIVE AWAY,,"$501 - $1,500",10/04/2020 07:55:00 PM,IMPROPER OVERTAKING/PASSING,NOT APPLICABLE,,2,NO INDICATION OF INJURY,0.0,0.0,0.0,0.0,0.0,3.0,0.0,19,1,10,41.786227126,-87.711649854,POINT (-87.711649853979 41.786227125825),POINT (1153796.26736123 1865304.720823682),2020,3520 W 59TH ST
P201921,PASSENGER,26e40f771984d8812a3c38424a92890ae786f35c15e3395914b41847c04922eb15686aeafe268f95ae5cdf117ad3b5fb741fe9976df4234e40bad3b4724b8ca1,838570.0,M,8.0,NOT APPLICABLE,NONE,"REPORTED, NOT EVIDENT",,,,,,,,2020-05-15 09:25:00,30,RAIN,DAYLIGHT,SIDESWIPE SAME DIRECTION,DIVIDED - W/MEDIAN (NOT RAISED),WET,NO DEFECTS,ON SCENE,INJURY AND / OR TOW DUE TO CRASH,Y,"OVER $1,500",05/15/2020 09:33:00 AM,FAILING TO YIELD RIGHT-OF-WAY,FAILING TO REDUCE SPEED TO AVOID CRASH,,3,"REPORTED, NOT EVIDENT",1.0,0.0,0.0,0.0,1.0,3.0,0.0,9,6,5,41.808210251,-87.705479885,POINT (-87.705479884679 41.80821025064),POINT (1155420.4490620126 1873327.453341666),2020,3236 W 47TH ST
O830616,DRIVER,ffe04cec96498b77b8359f2af745bbd7cd66c35426154c37b00add9a162c152579a54b13454412fd6d3e93920fd605d086a6147ab73ba879f7ac59795cda6a42,788388.0,M,46.0,NOT APPLICABLE,NONE,NO INDICATION OF INJURY,NONE,NOT OBSCURED,NORMAL,,,,,2020-01-27 13:55:00,30,CLEAR,DAYLIGHT,REAR END,NOT DIVIDED,DRY,NO DEFECTS,ON SCENE,INJURY AND / OR TOW DUE TO CRASH,,"OVER $1,500",01/27/2020 02:00:00 PM,FAILING TO YIELD RIGHT-OF-WAY,NOT APPLICABLE,,2,NO INDICATION OF INJURY,0.0,0.0,0.0,0.0,0.0,3.0,0.0,13,2,1,41.786597518,-87.688659944,POINT (-87.68865994359 41.786597517978),POINT (1160065.121056888 1865485.861644611),2020,2568 W 59TH ST
O821903,DRIVER,96f405e3f5eac687b478c8aff0de24cac2087f6b9367dc60f18a23193301058ca2b2254db42c5b5d5a175dba887f9b97c9e7aa4c0300fa12080be15bc1285547,780304.0,M,24.0,DID NOT DEPLOY,NONE,NO INDICATION OF INJURY,NONE,NOT OBSCURED,NORMAL,,,,,2020-01-14 13:40:00,30,CLEAR,DAYLIGHT,REAR END,NOT DIVIDED,DRY,NO DEFECTS,NOT ON SCENE (DESK REPORT),NO INJURY / DRIVE AWAY,Y,"OVER $1,500",01/14/2020 02:30:00 PM,FOLLOWING TOO CLOSELY,UNABLE TO DETERMINE,,2,NO INDICATION OF INJURY,0.0,0.0,0.0,0.0,0.0,2.0,0.0,13,3,1,41.751512984,-87.576125765,POINT (-87.576125765304 41.751512984098),POINT (1190868.1490339742 1852951.51399851),2020,7900 S JEFFERY BLVD
O994682,DRIVER,fefc4ddd14c73a1138ee64e5898c2ce0afdcc8c01beb68c1d9d8a438619838284a6699c3aa1b162a1bd26f4dbb3e958bda1c6c3ebea6fe43ad73abff9f59711a,942598.0,F,,DEPLOYMENT UNKNOWN,UNKNOWN,NO INDICATION OF INJURY,UNKNOWN,UNKNOWN,UNKNOWN,,,,,2020-11-15 04:00:00,20,CLEAR,DUSK,PARKED MOTOR VEHICLE,NOT DIVIDED,DRY,UNKNOWN,ON SCENE,NO INJURY / DRIVE AWAY,Y,"$501 - $1,500",11/15/2020 02:18:00 PM,UNABLE TO DETERMINE,UNABLE TO DETERMINE,,2,NO INDICATION OF INJURY,0.0,0.0,0.0,0.0,0.0,1.0,0.0,4,1,11,41.798536082,-87.603963106,POINT (-87.603963105706 41.798536081544),POINT (1183126.840747724 1870020.7729386024),2020,857 E 53RD ST
O989225,DRIVER,afd43e01fbfd5e0b47c7b6774609acb487b67bbff61b4280a8d26d10440a39d0d158c76f779311213e80edb177c3dbbc620d86c1a2d72c797d752f3cbe961e60,937422.0,F,60.0,NOT APPLICABLE,NONE,NO INDICATION OF INJURY,NONE,NOT OBSCURED,NORMAL,,,,Y,2020-11-05 17:00:00,25,CLEAR,DAYLIGHT,ANGLE,NOT DIVIDED,DRY,NO DEFECTS,ON SCENE,INJURY AND / OR TOW DUE TO CRASH,,"OVER $1,500",11/05/2020 05:10:00 PM,FAILING TO YIELD RIGHT-OF-WAY,FAILING TO YIELD RIGHT-OF-WAY,,2,NO INDICATION OF INJURY,0.0,0.0,0.0,0.0,0.0,2.0,0.0,17,5,11,41.733636989,-87.551490296,POINT (-87.551490296115 41.733636989361),POINT (1197649.624589079 1846497.7810003085),2020,8900 S COMMERCIAL AVE
O957930,DRIVER,0faac99d19c4d7276504fb3a7963fbc4800eb56f6fe7a1a5b6b194761e535e414e0ef9e5f2cc3b8f734985f7660178640deaace72ab40f690121c04f168dd7f5,907932.0,X,,DEPLOYMENT UNKNOWN,NONE,NO INDICATION OF INJURY,IMPROPER BACKING,UNKNOWN,UNKNOWN,,,,,2020-09-14 15:05:00,15,CLEAR,DAYLIGHT,PARKED MOTOR VEHICLE,PARKING LOT,DRY,NO DEFECTS,ON SCENE,NO INJURY / DRIVE AWAY,Y,"OVER $1,500",09/14/2020 03:20:00 PM,UNABLE TO DETERMINE,NOT APPLICABLE,,2,NO INDICATION OF INJURY,0.0,0.0,0.0,0.0,0.0,1.0,0.0,15,2,9,41.758597399,-87.653800004,POINT (-87.653800004119 41.758597398879),POINT (1169652.7791097355 1855356.0454486494),2020,7433 S RACINE AVE
O971472,DRIVER,a5ab7780c194a7a09d6f7597c67906698b081cc4724634514b6d2dd8e4820801fb9e517f4d9b9f192819a65a259bf092632bf9d736a855493d153a5e0802322b,920688.0,F,25.0,DEPLOYMENT UNKNOWN,NONE,NO INDICATION OF INJURY,FAILED TO YIELD,UNKNOWN,UNKNOWN,,,,,2020-10-05 17:10:00,30,CLOUDY/OVERCAST,DAYLIGHT,ANGLE,UNKNOWN INTERSECTION TYPE,DRY,NO DEFECTS,ON SCENE,INJURY AND / OR TOW DUE TO CRASH,Y,"OVER $1,500",10/05/2020 05:12:00 PM,FAILING TO YIELD RIGHT-OF-WAY,UNABLE TO DETERMINE,,3,"REPORTED, NOT EVIDENT",2.0,0.0,0.0,0.0,2.0,2.0,0.0,17,2,10,41.75643033,-87.617509764,POINT (-87.61750976422 41.756430329906),POINT (1179560.7780794618 1854646.6848384144),2020,317 E 76TH ST
O843582,DRIVER,a56785ba42200e9c352da2460350ea6c94b85926a47d5905d7511b227d303b8055ba6251778104c0e74fe7b2cfd9b22beafc9c9fde670d30ba737f650c283d64,800569.0,M,44.0,DID NOT DEPLOY,NONE,NO INDICATION OF INJURY,NONE,NOT OBSCURED,NORMAL,,,,,2020-02-15 19:00:00,30,CLEAR,DUSK,TURNING,DIVIDED - W/MEDIAN (NOT RAISED),DRY,NO DEFECTS,ON SCENE,NO INJURY / DRIVE AWAY,,"$501 - $1,500",02/15/2020 07:16:00 PM,FAILING TO REDUCE SPEED TO AVOID CRASH,NOT APPLICABLE,,2,NO INDICATION OF INJURY,0.0,0.0,0.0,0.0,0.0,3.0,0.0,19,7,2,41.857774403,-87.63899038,POINT (-87.638990380396 41.85777440349),POINT (1173401.4599962763 1891527.8793909089),2020,500 W 18TH ST
O998591,DRIVER,fd40847b83b3a743a0c3f78502086888f0e936f64fdcd283b0f516f7f29943722646439a8f16b7ccc7c1e7e6e403212cf8a91ac7f226a086f13ecf3f002fe372,946311.0,M,,DEPLOYMENT UNKNOWN,UNKNOWN,NO INDICATION OF INJURY,OTHER,UNKNOWN,UNKNOWN,,,,,2020-11-23 15:40:00,25,CLEAR,DAYLIGHT,REAR END,NOT DIVIDED,DRY,NO DEFECTS,ON SCENE,INJURY AND / OR TOW DUE TO CRASH,Y,"$501 - $1,500",11/23/2020 03:41:00 PM,UNABLE TO DETERMINE,UNABLE TO DETERMINE,,2,NONINCAPACITATING INJURY,1.0,0.0,0.0,1.0,0.0,5.0,0.0,15,2,11,41.853631675,-87.694501825,POINT (-87.694501824578 41.853631674677),POINT (1158290.3066329304 1889900.8762135934),2020,2737 W 21ST ST
O848580,DRIVER,5fd5ec97a7b5fec906ab90fa71ccc018aaa06c2304de495486a70d5f9602373db9eb758c40db66e197b616d3dec69fd39c8954e805c1c44d138397807ad36e32,805310.0,M,23.0,NOT APPLICABLE,NONE,NO INDICATION OF INJURY,NONE,NOT OBSCURED,NORMAL,,,,,2020-02-23 17:01:00,30,CLEAR,DUSK,TURNING,DIVIDED - W/MEDIAN (NOT RAISED),DRY,NO DEFECTS,ON SCENE,NO INJURY / DRIVE AWAY,Y,"OVER $1,500",02/23/2020 05:14:00 PM,FAILING TO YIELD RIGHT-OF-WAY,NOT APPLICABLE,,2,NO INDICATION OF INJURY,0.0,0.0,0.0,0.0,0.0,2.0,0.0,17,1,2,41.919158055,-87.716976132,POINT (-87.716976132473 41.91915805516),POINT (1151995.979778728 1913733.8673567036),2020,2100 N CENTRAL PARK AVE
P188300,PASSENGER,6245f503de6b3eaffdccfe67c3fe16abf532894e79515da3833faff8ee8229449e64fab7c46e4cf1357ccd8c4d69f3d44183aea07a03c4869d5bdf563ff864c7,781363.0,F,26.0,DID NOT DEPLOY,NONE,NO INDICATION OF INJURY,,,,,,,,2020-01-15 19:47:00,30,CLEAR,"DARKNESS, LIGHTED ROAD",TURNING,DIVIDED - W/MEDIAN (NOT RAISED),WET,NO DEFECTS,ON SCENE,NO INJURY / DRIVE AWAY,,"OVER $1,500",01/15/2020 08:00:00 PM,UNABLE TO DETERMINE,UNABLE TO DETERMINE,,2,NO INDICATION OF INJURY,0.0,0.0,0.0,0.0,0.0,4.0,0.0,19,4,1,41.93998637,-87.640951215,POINT (-87.64095121488 41.939986370395),POINT (1172625.5128898316 1921481.6318528536),2020,435 W BELMONT AVE
O819365,DRIVER,59b67157522622d4a3f83aba3dd868a6656795af3d14f427427c54aa7f3afffd7033da9b17f02a85c843b272d3d6d297323d2f6feeec3ece6f880a347f3d4d41,777918.0,F,61.0,DID NOT DEPLOY,NONE,NO INDICATION OF INJURY,NONE,NOT OBSCURED,NORMAL,,,,,2020-01-10 12:41:00,30,FOG/SMOKE/HAZE,DAYLIGHT,TURNING,FOUR WAY,DRY,NO DEFECTS,ON SCENE,INJURY AND / OR TOW DUE TO CRASH,Y,"OVER $1,500",01/10/2020 12:45:00 PM,IMPROPER OVERTAKING/PASSING,DISREGARDING STOP SIGN,,2,NO INDICATION OF INJURY,0.0,0.0,0.0,0.0,0.0,2.0,0.0,12,6,1,41.695303843,-87.628116457,POINT (-87.628116457357 41.69530384318),POINT (1176849.2274332133 1832348.9287466006),2020,10930 S WENTWORTH AVE
P218446,PASSENGER,18df1f5e1b35a3139e3be567c17380f294e9a406ca975dace34be1ea4c4da90280f7648682c1208c76e10c76dbe8c1a74d69692de5315852303d7fe0b9153660,907814.0,F,,DID NOT DEPLOY,NONE,NO INDICATION OF INJURY,,,,,,,,2020-09-14 10:15:00,30,CLEAR,DAYLIGHT,SIDESWIPE SAME DIRECTION,NOT DIVIDED,DRY,NO DEFECTS,NOT ON SCENE (DESK REPORT),NO INJURY / DRIVE AWAY,,"OVER $1,500",09/14/2020 12:31:00 PM,IMPROPER LANE USAGE,UNABLE TO DETERMINE,,2,NO INDICATION OF INJURY,0.0,0.0,0.0,0.0,0.0,3.0,0.0,10,2,9,41.983048083,-87.718770425,POINT (-87.718770425448 41.983048082757),POINT (1151340.7028200487 1937012.0789277973),2020,3600 W BRYN MAWR AVE
O998186,DRIVER,cf8c545c230ec693a68765b94c25e65a6e5bce8ac88b5dcb021a3d892acd9b5d5f0e06e3e0f1ff4f757cc628e747aa2eb9469f349156353c17b751c4108d59be,945930.0,M,43.0,NOT APPLICABLE,NONE,NO INDICATION OF INJURY,NONE,NOT OBSCURED,NORMAL,,,,,2020-11-14 19:00:00,40,CLEAR,DARKNESS,REAR TO SIDE,FOUR WAY,DRY,NO DEFECTS,NOT ON SCENE (DESK REPORT),NO INJURY / DRIVE AWAY,,"OVER $1,500",11/22/2020 05:12:00 PM,UNABLE TO DETERMINE,UNABLE TO DETERMINE,,2,NO INDICATION OF INJURY,0.0,0.0,0.0,0.0,0.0,2.0,0.0,19,7,11,41.889146254,-87.613843127,POINT (-87.613843127448 41.889146254302),POINT (1180156.2351477419 1903016.1524986408),2020,401 N LAKE SHORE DR SB
O870479,DRIVER,4be3db9f5ef9d206b7b196678c594a42a0e3463a428f866884bdef6dc5002069730db79685c30a4dbf67475da6389c435b329e9c649dbfb77eb35a81e1324c6f,825861.0,F,24.0,"DEPLOYED, FRONT",NONE,NO INDICATION OF INJURY,UNKNOWN,NOT OBSCURED,NORMAL,,,,,2020-04-09 12:15:00,35,CLEAR,DAYLIGHT,ANGLE,NOT DIVIDED,DRY,NO DEFECTS,ON SCENE,NO INJURY / DRIVE AWAY,,"OVER $1,500",04/09/2020 12:20:00 PM,UNABLE TO DETERMINE,UNABLE TO DETERMINE,,2,NO INDICATION OF INJURY,0.0,0.0,0.0,0.0,0.0,2.0,0.0,12,5,4,41.742227699,-87.721534279,POINT (-87.721534278599 41.742227699151),POINT (1151214.597701141 1849252.3809566817),2020,8259 S PULASKI RD
O901060,DRIVER,1cdbfd2d81513e8ddcdaea89a617b69ab13140d2639fe648b101fafec4d83ca7c7c6d9eb7252e92a60cb621412a48b82dbabfd90e4881e5c4421bbdab0e8d067,854408.0,F,37.0,"DEPLOYED, SIDE",NONE,NONINCAPACITATING INJURY,NONE,NOT OBSCURED,UNKNOWN,,,,,2020-05-19 23:42:00,30,CLEAR,"DARKNESS, LIGHTED ROAD",ANGLE,NOT DIVIDED,DRY,NO DEFECTS,,INJURY AND / OR TOW DUE TO CRASH,,"OVER $1,500",05/19/2020 11:44:00 PM,DISREGARDING TRAFFIC SIGNALS,FAILING TO REDUCE SPEED TO AVOID CRASH,,2,NONINCAPACITATING INJURY,3.0,0.0,0.0,3.0,0.0,1.0,0.0,23,3,5,41.881859781,-87.750347812,POINT (-87.750347812104 41.881859781393),POINT (1143005.9664403757 1900078.883805423),2020,5000 W WASHINGTON BLVD
O856348,DRIVER,a59a03f07c4f3aa9522d051b296237d0b7c4af9f6afd86c46e5318eb99db78c860c50b0c49786d8aabe2133379409ce35131e6f71484be403ddd37f51cf1315c,812627.0,M,23.0,"DEPLOYED, FRONT",NONE,NO INDICATION OF INJURY,UNKNOWN,NOT OBSCURED,NORMAL,,,,,2020-03-06 08:42:00,30,CLOUDY/OVERCAST,DAYLIGHT,TURNING,Y-INTERSECTION,DRY,NO DEFECTS,ON SCENE,INJURY AND / OR TOW DUE TO CRASH,,"OVER $1,500",03/06/2020 08:45:00 AM,UNABLE TO DETERMINE,UNABLE TO DETERMINE,,2,NO INDICATION OF INJURY,0.0,0.0,0.0,0.0,0.0,2.0,0.0,8,6,3,41.751611523,-87.585592284,POINT (-87.585592284288 41.751611523273),POINT (1188284.7044398654 1852964.8290473558),2020,1600 E 79TH ST
O899204,BICYCLE,6310b47173b77f303bd2fdc51a4359d66d3cd0197cdae086a775fe5e31edbc2ba0df9d41807df70ff66470d58b8fb243a15396a4f8f62ad7856d78a6eeeb77bb,,M,23.0,,NONE,"REPORTED, NOT EVIDENT",NONE,NOT OBSCURED,NORMAL,WITH TRAFFIC,NO CONTRASTING CLOTHING,IN ROADWAY,,2020-06-13 16:27:00,30,CLEAR,DAYLIGHT,PEDALCYCLIST,FOUR WAY,DRY,NO DEFECTS,ON SCENE,INJURY AND / OR TOW DUE TO CRASH,Y,$500 OR LESS,06/13/2020 04:31:00 PM,FAILING TO YIELD RIGHT-OF-WAY,DRIVING SKILLS/KNOWLEDGE/EXPERIENCE,,2,"REPORTED, NOT EVIDENT",1.0,0.0,0.0,0.0,1.0,1.0,0.0,16,7,6,41.940090125,-87.649309959,POINT (-87.649309959096 41.940090124848),POINT (1170351.0465959497 1921501.182746439),2020,800 W BELMONT AVE
O970489,DRIVER,5c7cd4e45a1bdb587f19ec1f9f1a11c165de1a252413b117f02044819b2647cb76119e4e1c1782a843a2662f49f6b6bf1c31d039b3b614184ec532aa7cdaa650,919749.0,M,21.0,"DEPLOYED, COMBINATION",NONE,NONINCAPACITATING INJURY,DISREGARDED CONTROL DEVICES,UNKNOWN,UNKNOWN,,,,,2020-10-04 03:09:00,30,RAIN,"DARKNESS, LIGHTED ROAD",ANGLE,FOUR WAY,WET,UNKNOWN,ON SCENE,INJURY AND / OR TOW DUE TO CRASH,,"OVER $1,500",10/04/2020 03:11:00 AM,DISREGARDING OTHER TRAFFIC SIGNS,FAILING TO REDUCE SPEED TO AVOID CRASH,,2,NONINCAPACITATING INJURY,5.0,0.0,0.0,5.0,0.0,0.0,0.0,3,1,10,41.773047822,-87.605913053,POINT (-87.605913052872 41.773047821886),POINT (1182673.7242950855 1860728.510609165),2020,6700 S COTTAGE GROVE AVE
O942161,DRIVER,be55d4e2b0e9d7156030c953014082a54fb0441ab96a56fe99d2f2c11ffb5dafce7fb18b6eed21d94db764d35f5d9ea9427ba2d5bca293bdc62c0d69de969503,893148.0,M,31.0,DID NOT DEPLOY,NONE,NO INDICATION OF INJURY,FOLLOWED TOO CLOSELY,UNKNOWN,UNKNOWN,,,,,2020-08-20 14:15:00,30,CLEAR,DAYLIGHT,REAR END,NOT DIVIDED,DRY,NO DEFECTS,ON SCENE,NO INJURY / DRIVE AWAY,,"$501 - $1,500",08/20/2020 03:00:00 PM,FOLLOWING TOO CLOSELY,UNABLE TO DETERMINE,,2,NO INDICATION OF INJURY,0.0,0.0,0.0,0.0,0.0,3.0,0.0,14,5,8,41.751168945,-87.606590451,POINT (-87.606590451357 41.751168944754),POINT (1182556.3001022898 1852754.4597741717),2020,7900 S EVANS AVE
O970213,DRIVER,b45a80e3e1886ddb548f1ce5d148aa94bf6b847e62bcb30f3c514bdd18561b2deca694048193812b2cc9d22ff5eb8d79a04cb5831e75c15a76363f03c4cf34c8,919483.0,X,,"DEPLOYED, FRONT",NONE,NO INDICATION OF INJURY,OTHER,UNKNOWN,UNKNOWN,,,,,2020-10-03 19:47:00,30,RAIN,"DARKNESS, LIGHTED ROAD",FIXED OBJECT,DIVIDED - W/MEDIAN BARRIER,WET,NO DEFECTS,ON SCENE,INJURY AND / OR TOW DUE TO CRASH,,"OVER $1,500",10/03/2020 07:58:00 PM,IMPROPER LANE USAGE,NOT APPLICABLE,,1,NO INDICATION OF INJURY,0.0,0.0,0.0,0.0,0.0,1.0,0.0,19,7,10,41.737296246,-87.682697195,POINT (-87.682697194964 41.737296246364),POINT (1161827.1689758431 1847533.1535058173),2020,8600 S WESTERN AVE