PERSON_ID,PERSON_TYPE,CRASH_RECORD_ID,VEHICLE_ID,SEX,AGE,AIRBAG_DEPLOYED,EJECTION,INJURY_CLASSIFICATION,DRIVER_ACTION,DRIVER_VISION,PHYSICAL_CONDITION,PEDPEDAL_ACTION,PEDPEDAL_VISIBILITY,PEDPEDAL_LOCATION,CRASH_DATE_EST_I,CRASH_DATE,POSTED_SPEED_LIMIT,WEATHER_CONDITION,LIGHTING_CONDITION,FIRST_CRASH_TYPE,TRAFFICWAY_TYPE,ROADWAY_SURFACE_COND,ROAD_DEFECT,REPORT_TYPE,CRASH_TYPE,HIT_AND_RUN_I,DAMAGE,DATE_POLICE_NOTIFIED,PRIM_CONTRIBUTORY_CAUSE,SEC_CONTRIBUTORY_CAUSE,DOORING_I,NUM_UNITS,MOST_SEVERE_INJURY,INJURIES_TOTAL,INJURIES_FATAL,INJURIES_INCAPACITATING,INJURIES_NON_INCAPACITATING,INJURIES_REPORTED_NOT_EVIDENT,INJURIES_NO_INDICATION,INJURIES_UNKNOWN,CRASH_HOUR,CRASH_DAY_OF_WEEK,CRASH_MONTH,LATITUDE,LONGITUDE,LOCATION,geometry,YEAR,ADDRESS
O941000,DRIVER,dce58481279ee07004af6fd4e723319afb83eef46d4b3a56fca98c1f3035a809dbcfc68ba95e061a1f8be137e736a171596e8d3029a50a9a41dd0b13afc670e6,892040.0,M,30.0,DID NOT DEPLOY,NONE,NO INDICATION OF INJURY,NONE,NOT OBSCURED,NORMAL,,,,,2020-08-18 14:15:00,30,CLEAR,DAYLIGHT,TURNING,NOT DIVIDED,DRY,NO DEFECTS,NOT ON SCENE (DESK REPORT),NO INJURY / DRIVE AWAY,,"OVER $1,500",08/18/2020 03:35:00 PM,FAILING TO YIELD RIGHT-OF-WAY,NOT APPLICABLE,,2,NO INDICATION OF INJURY,0.0,0.0,0.0,0.0,0.0,2.0,0.0,14,3,8,41.928221907,-87.727024943,POINT (-87.727024942983 41.928221906766),POINT (1149237.760277161 1917017.250032218),2020,2600 N PULASKI RD
O863345,DRIVER,479b6167e2c3f49270f7e9aa9151f3ee9d386492857697015f45901b98488a1845a1be64b8e19cea5dd8a313210737e184b7bd82a57ebbd2624d7df8edb46ed3,819254.0,M,,DEPLOYMENT UNKNOWN,NONE,NO INDICATION OF INJURY,FAILED TO YIELD,NOT OBSCURED,UNKNOWN,,,,,2020-03-17 01:30:00,25,CLEAR,"DARKNESS, LIGHTED ROAD",ANGLE,ONE-WAY,DRY,NO DEFECTS,NOT ON SCENE (DESK REPORT),NO INJURY / DRIVE AWAY,Y,"OVER $1,500",03/17/2020 01:40:00 AM,FAILING TO YIELD RIGHT-OF-WAY,FAILING TO REDUCE SPEED TO AVOID CRASH,,2,NO INDICATION OF INJURY,0.0,0.0,0.0,0.0,0.0,3.0,0.0,1,3,3,41.997275937,-87.686355744,POINT (-87.68635574426 41.997275936859),POINT (1160114.6530285764 1942261.6926285606),2020,6342 N BELL AVE
O873457,DRIVER,2b511fd4195248a5d7d0c0a405fb67a8913a073f9e36a2374491539514e8ecfbbd65d1f7ad21249bb3e7935fd649746c6793bbf7a38711c8b189c55867dc0172,828678.0,F,61.0,DID NOT DEPLOY,NONE,"REPORTED, NOT EVIDENT",NONE,NOT OBSCURED,NORMAL,,,,,2020-04-18 19:28:00,30,CLEAR,DAYLIGHT,REAR END,ONE-WAY,DRY,UNKNOWN,ON SCENE,INJURY AND / OR TOW DUE TO CRASH,Y,"OVER $1,500",04/18/2020 07:41:00 PM,DRIVING ON WRONG SIDE/WRONG WAY,DRIVING ON WRONG SIDE/WRONG WAY,,4,NONINCAPACITATING INJURY,2.0,0.0,0.0,1.0,1.0,0.0,0.0,19,7,4,41.923695905,-87.774642714,POINT (-87.774642714384 41.923695905331),POINT (1136290.7805750424 1915279.942230523),2020,2356 N MASON AVE
P226216,PASSENGER,4af9013ff6d92730c38f6729ad17ab7442aa0e32f513d784c256c6f146e2feea7d4dc1849108b99943bd9cc1d94e85a48f4586552c75e512ed1c2d2dfd554842,945536.0,M,17.0,NOT APPLICABLE,NONE,NO INDICATION OF INJURY,,,,,,,,2020-11-21 17:40:00,30,CLEAR,"DARKNESS, LIGHTED ROAD",TURNING,NOT DIVIDED,DRY,NO DEFECTS,ON SCENE,NO INJURY / DRIVE AWAY,Y,"OVER $1,500",11/21/2020 07:00:00 PM,IMPROPER TURNING/NO SIGNAL,NOT APPLICABLE,,2,NO INDICATION OF INJURY,0.0,0.0,0.0,0.0,0.0,5.0,0.0,17,7,11,41.772952693,-87.611680265,POINT (-87.611680265036 41.772952693247),POINT (1181100.841171147 1860680.5929322469),2020,6701 S RHODES AVE
O850101,DRIVER,8cede8c23d8dceb2a8d39d234faeabc1c8b930b8d2d6f2aa8dcab601db7327faa6c86ab5780f47ee5be68bc61830ec1e61e8b347ab8f834e4d66c8a1f1e02a8e,806739.0,M,31.0,NOT APPLICABLE,NONE,NO INDICATION OF INJURY,TOO FAST FOR CONDITIONS,NOT OBSCURED,NORMAL,,,,,2020-02-26 07:30:00,25,SNOW,DAYLIGHT,PARKED MOTOR VEHICLE,ONE-WAY,SNOW OR SLUSH,NO DEFECTS,,NO INJURY / DRIVE AWAY,,"$501 - $1,500",02/26/2020 08:58:00 AM,FAILING TO REDUCE SPEED TO AVOID CRASH,WEATHER,,2,NO INDICATION OF INJURY,0.0,0.0,0.0,0.0,0.0,2.0,0.0,7,4,2,41.984463081,-87.788588999,POINT (-87.788588999407 41.984463081491),POINT (1132354.7049172227 1937399.245129907),2020,5633 N NORTHCOTT AVE
P196057,PASSENGER,2b32ebf5ec421c613669de909202b06eab669c41cb2ddd5946c4e8c535c146ea8445e66d91927e43b66d2c9960255f178d3ba18e80fba2b9d0a5bf119aacfe22,813399.0,X,,DID NOT DEPLOY,NONE,NO INDICATION OF INJURY,,,,,,,,2020-03-07 12:48:00,30,CLEAR,DAYLIGHT,TURNING,NOT DIVIDED,DRY,NO DEFECTS,NOT ON SCENE (DESK REPORT),NO INJURY / DRIVE AWAY,,"OVER $1,500",03/07/2020 01:30:00 PM,UNABLE TO DETERMINE,NOT APPLICABLE,,2,NO INDICATION OF INJURY,0.0,0.0,0.0,0.0,0.0,4.0,0.0,12,7,3,41.859558171,-87.662549712,POINT (-87.662549711713 41.859558171154),POINT (1166978.36457365 1892126.8586431574),2020,1429 W 16TH ST
O906826,DRIVER,066226a9e7ee08c5a103d018f322d9253630799c19735cb89aae0fdedebee236004aa4e5503e9912426e2ac9abd7c36a3233178a32e0589368949a7e26e5df1c,859845.0,M,41.0,NOT APPLICABLE,NONE,NO INDICATION OF INJURY,OTHER,NOT OBSCURED,NORMAL,,,,,2020-06-26 16:18:00,30,RAIN,DAYLIGHT,PARKED MOTOR VEHICLE,NOT DIVIDED,WET,NO DEFECTS,ON SCENE,NO INJURY / DRIVE AWAY,,"OVER $1,500",06/26/2020 04:19:00 PM,"OPERATING VEHICLE IN ERRATIC, RECKLESS, CARELESS, NEGLIGENT OR AGGRESSIVE MANNER",NOT APPLICABLE,,3,NO INDICATION OF INJURY,0.0,0.0,0.0,0.0,0.0,3.0,0.0,16,6,6,41.891220055,-87.677068195,POINT (-87.677068194665 41.891220055113),POINT (1162935.1445693257 1903633.8376402133),2020,510 N DAMEN AVE
O823585,DRIVER,5ff37b51aa475bffa698b9faaf86d7ce8f86ea6da46c1d47b92a29315d282bbaf31cefc56620ff8a17d1aa169667456cf6bf91ea264abbdc497bc60128ab0ccb,781815.0,F,36.0,DID NOT DEPLOY,NONE,NO INDICATION OF INJURY,FAILED TO YIELD,NOT OBSCURED,NORMAL,,,,,2020-01-07 17:30:00,30,CLEAR,DAYLIGHT,SIDESWIPE SAME DIRECTION,Y-INTERSECTION,DRY,NO DEFECTS,NOT ON SCENE (DESK REPORT),NO INJURY / DRIVE AWAY,,"OVER $1,500",01/16/2020 05:50:00 PM,FAILING TO YIELD RIGHT-OF-WAY,UNABLE TO DETERMINE,,2,NO INDICATION OF INJURY,0.0,0.0,0.0,0.0,0.0,2.0,0.0,17,3,1,41.793061893,-87.608134227,POINT (-87.608134226854 41.793061893127),POINT (1182006.3253994843 1868016.3878894558),2020,5600 S PAYNE DR
O1001647,DRIVER,cba8fd6d203a0246de59474c37f0a9c47906ed9b1f4c8ed2f88803ab420367e18593fbe72747935e9340af1cdc7634f9b9a98f425f33b81adcdd4cb3809bcec4,949238.0,F,20.0,DID NOT DEPLOY,NONE,NO INDICATION OF INJURY,FAILED TO YIELD,UNKNOWN,NORMAL,,,,,2020-11-29 18:24:00,30,CLEAR,"DARKNESS, LIGHTED ROAD",ANGLE,NOT DIVIDED,DRY,NO DEFECTS,ON SCENE,NO INJURY / DRIVE AWAY,,"OVER $1,500",11/29/2020 06:24:00 PM,FAILING TO YIELD RIGHT-OF-WAY,UNABLE TO DETERMINE,,2,NO INDICATION OF INJURY,0.0,0.0,0.0,0.0,0.0,3.0,0.0,18,1,11,41.941724043,-87.795689499,POINT (-87.795689499209 41.941724042575),POINT (1130521.9418106817 1921812.8045391412),2020,3399 N OAK PARK AVE
O1005819,DRIVER,f0815beebc44354a8acdc71241c8d22e77382d8f48776300508d4f3cf0004cfb25e2c7f2fd6d2eb716c1825ec6a38a510b4cf893abab502c53a7d3966ce1591c,953219.0,F,37.0,NOT APPLICABLE,NONE,NO INDICATION OF INJURY,NONE,NOT OBSCURED,NORMAL,,,,,2020-12-08 18:16:00,30,CLEAR,"DARKNESS, LIGHTED ROAD",REAR END,NOT DIVIDED,DRY,NO DEFECTS,ON SCENE,NO INJURY / DRIVE AWAY,,"OVER $1,500",12/08/2020 06:16:00 PM,FAILING TO REDUCE SPEED TO AVOID CRASH,NOT APPLICABLE,,3,NO INDICATION OF INJURY,0.0,0.0,0.0,0.0,0.0,3.0,0.0,18,3,12,41.778822697,-87.70567679,POINT (-87.705676790286 41.778822697431),POINT (1155444.9506515553 1862618.437877068),2020,3301 W 63RD ST
O893831,DRIVER,074231586e3daa27acad0fbde20f7227666727fc4451515bf9ba028965560bb9ec6604afe2f87ec34ac5d8c29e1f8c37308e5c66f466fca67e74189606f5d550,847773.0,X,,DEPLOYMENT UNKNOWN,UNKNOWN,NO INDICATION OF INJURY,UNKNOWN,UNKNOWN,UNKNOWN,,,,Y,2020-05-31 08:00:00,30,CLEAR,UNKNOWN,PARKED MOTOR VEHICLE,DIVIDED - W/MEDIAN (NOT RAISED),DRY,NO DEFECTS,NOT ON SCENE (DESK REPORT),NO INJURY / DRIVE AWAY,Y,$500 OR LESS,06/04/2020 12:10:00 PM,UNABLE TO DETERMINE,UNABLE TO DETERMINE,,2,NO INDICATION OF INJURY,0.0,0.0,0.0,0.0,0.0,1.0,0.0,8,1,5,41.960312344,-87.771908171,POINT (-87.771908171438 41.960312343754),POINT (1136947.5652929032 1928627.906926865),2020,5755 W MONTROSE AVE
P195588,PASSENGER,3cfbf8bb0fe2c523f7584203860ca40c5fe9d566799693a020fbb0e5c34c507ec0fcae991463a0a622b0dfd35b083c4124b53145cb2818f79159306b4662d3f1,811569.0,M,46.0,DID NOT DEPLOY,NONE,NO INDICATION OF INJURY,,,,,,,,2020-03-04 12:17:00,30,CLEAR,DAYLIGHT,ANGLE,FOUR WAY,DRY,NO DEFECTS,ON SCENE,INJURY AND / OR TOW DUE TO CRASH,,"OVER $1,500",03/04/2020 12:20:00 PM,UNABLE TO DETERMINE,UNABLE TO DETERMINE,,2,NO INDICATION OF INJURY,0.0,0.0,0.0,0.0,0.0,4.0,0.0,12,4,3,41.816090726,-87.655456648,POINT (-87.655456647903 41.816090725538),POINT (1169035.6034535044 1876302.6558660811),2020,1200 W 43RD ST
P218652,PASSENGER,5338d8dcbb523cdf26043d0395b745b2a7aab3385e6fe5cda611dc37bbdfc07e22d0424913b51bd975fe7d749e46d0af95f8cfc2a019ea76a1c066e53d782b89,909226.0,F,,DEPLOYMENT UNKNOWN,TRAPPED/EXTRICATED,NO INDICATION OF INJURY,,,,,,,,2020-09-16 17:50:00,25,CLEAR,DAYLIGHT,PEDALCYCLIST,NOT DIVIDED,DRY,NO DEFECTS,ON SCENE,INJURY AND / OR TOW DUE TO CRASH,Y,"OVER $1,500",09/16/2020 05:52:00 PM,UNABLE TO DETERMINE,NOT APPLICABLE,,2,NONINCAPACITATING INJURY,1.0,0.0,0.0,1.0,0.0,2.0,0.0,17,4,9,41.858696237,-87.663636706,POINT (-87.663636705721 41.858696236584),POINT (1166684.7046046425 1891810.460168311),2020,1701 S LAFLIN ST
O965384,DRIVER,b54f958d5fa3df1d6406e1c4e35116cc9a34571f65576e7bbb75fbcad891b10db5e33181cd871e9b402a0599bf9f0c66b9aec2e1623f0360cafbd15c1e4f4cca,914942.0,M,,DID NOT DEPLOY,NONE,NO INDICATION OF INJURY,UNKNOWN,UNKNOWN,UNKNOWN,,,,,2020-09-26 11:35:00,30,CLEAR,DAYLIGHT,ANGLE,NOT DIVIDED,DRY,UNKNOWN,NOT ON SCENE (DESK REPORT),NO INJURY / DRIVE AWAY,,"$501 - $1,500",09/26/2020 12:00:00 PM,UNABLE TO DETERMINE,UNABLE TO DETERMINE,,2,NO INDICATION OF INJURY,0.0,0.0,0.0,0.0,0.0,3.0,0.0,11,7,9,41.880462928,-87.760272139,POINT (-87.760272139467 41.880462928397),POINT (1140306.8074980606 1899551.670665933),2020,4 N LONG AVE
O824564,DRIVER,c762b6c74a085c1164890d4293c313bffaa27f54b6c1a831b70fade7e371adb6e4b5e43781fb3d8e1bf2b851401bd306fcab66cc8931e3a2b5f4bce14e4652c5,782736.0,M,27.0,DID NOT DEPLOY,NONE,NO INDICATION OF INJURY,NONE,NOT OBSCURED,NORMAL,,,,,2020-01-17 21:15:00,30,SNOW,"DARKNESS, LIGHTED ROAD",REAR END,DIVIDED - W/MEDIAN BARRIER,SNOW OR SLUSH,NO DEFECTS,ON SCENE,NO INJURY / DRIVE AWAY,,"OVER $1,500",01/17/2020 09:30:00 PM,WEATHER,UNABLE TO DETERMINE,,2,NO INDICATION OF INJURY,0.0,0.0,0.0,0.0,0.0,2.0,0.0,21,6,1,41.9539952,-87.682244973,POINT (-87.682244973169 41.953995200359),POINT (1161351.9410679098 1926498.4543289822),2020,2123 W IRVING PARK RD
P198887,PASSENGER,cfaaf2e8d68eae2215c9aac920855a1795f58533a9cc9680b58e77b4ad88c437baf3efaed7ca294e0146a9510783d830e3b3afb3fd0914fb0950109d8f69afc8,825301.0,M,,NOT APPLICABLE,NONE,NO INDICATION OF INJURY,,,,,,,,2020-04-07 08:52:00,30,CLEAR,DAYLIGHT,ANGLE,NOT DIVIDED,DRY,NO DEFECTS,ON SCENE,NO INJURY / DRIVE AWAY,,"OVER $1,500",04/07/2020 09:02:00 AM,FAILING TO YIELD RIGHT-OF-WAY,DRIVING SKILLS/KNOWLEDGE/EXPERIENCE,,2,NO INDICATION OF INJURY,0.0,0.0,0.0,0.0,0.0,7.0,0.0,8,3,4,41.816697716,-87.619722577,POINT (-87.619722577093 41.816697716435),POINT (1178774.740989132 1876602.7098554852),2020,300 E 43RD ST
P210667,PASSENGER,0085c8e0ae63729c66db63e454fb2938791331d9536755aa6215974c3433052f0d26e03e17826acfea6ca5de9ebc5fa1576f91dd6b0569e642f90aec4542ba22,874496.0,F,,DID NOT DEPLOY,NONE,NO INDICATION OF INJURY,,,,,,,,2020-07-20 21:40:00,25,CLEAR,"DARKNESS, LIGHTED ROAD",REAR END,T-INTERSECTION,DRY,UNKNOWN,ON SCENE,INJURY AND / OR TOW DUE TO CRASH,Y,"OVER $1,500",07/20/2020 09:40:00 PM,UNABLE TO DETERMINE,NOT APPLICABLE,,2,NONINCAPACITATING INJURY,1.0,0.0,0.0,1.0,0.0,7.0,0.0,21,2,7,41.780376503,-87.600603363,POINT (-87.600603362609 41.780376503348),POINT (1184099.3417862805 1863411.3262634294),2020,6300 S ELLIS AVE
O825870,DRIVER,22a79bc195c34ad7ec948126a8b41d06d54c9427bdeb67a1d38ede470ad8a9df1f5520879c7568623b37f5bdaecfd90b96bec83a1b8fdfdd45d5ffe73f992367,783987.0,M,44.0,NOT APPLICABLE,NONE,NO INDICATION OF INJURY,NONE,NOT OBSCURED,NORMAL,,,,,2020-01-20 13:09:00,30,CLEAR,DAYLIGHT,TURNING,NOT DIVIDED,DRY,NO DEFECTS,ON SCENE,NO INJURY / DRIVE AWAY,,$500 OR LESS,01/20/2020 01:10:00 PM,FAILING TO YIELD RIGHT-OF-WAY,NOT APPLICABLE,,2,NO INDICATION OF INJURY,0.0,0.0,0.0,0.0,0.0,2.0,0.0,13,2,1,41.996359865,-87.716863931,POINT (-87.716863930936 41.996359865024),POINT (1151824.1349160175 1941866.689527457),2020,6325 N LINCOLN AVE
O998178,DRIVER,54404ee826279a6aa628b60c312eb9b243bcb105350f2e0a8d106f9c3068adc9ab81cf31fea34b11d48a57f5ac586b32b68d06fcc65e432c2427442ebf99242d,945909.0,F,39.0,DID NOT DEPLOY,NONE,NO INDICATION OF INJURY,OTHER,NOT OBSCURED,NORMAL,,,,,2020-11-22 16:03:00,30,CLEAR,DAYLIGHT,SIDESWIPE SAME DIRECTION,DIVIDED - W/MEDIAN (NOT RAISED),DRY,NO DEFECTS,ON SCENE,NO INJURY / DRIVE AWAY,Y,"$501 - $1,500",11/22/2020 04:10:00 PM,IMPROPER LANE USAGE,NOT APPLICABLE,,2,NO INDICATION OF INJURY,0.0,0.0,0.0,0.0,0.0,2.0,0.0,16,1,11,41.736628283,-87.721640083,POINT (-87.721640082906 41.736628283167),POINT (1151200.225303581 1847211.8065665357),2020,8600 S PULASKI RD
O902281,DRIVER,25bc20c3136dc3b626e67a5f563aa2eec1019ee444b41d48aad6f9d89963a9a2279d5308574c93d678860116b9869ca348fd133410b7f18e9aa1c697007d04f3,855540.0,X,,DEPLOYMENT UNKNOWN,NONE,NO INDICATION OF INJURY,UNKNOWN,UNKNOWN,UNKNOWN,,,,,2020-06-19 12:30:00,30,CLEAR,DAYLIGHT,PARKED MOTOR VEHICLE,NOT DIVIDED,DRY,NO DEFECTS,NOT ON SCENE (DESK REPORT),NO INJURY / DRIVE AWAY,Y,$500 OR LESS,06/19/2020 02:14:00 PM,UNABLE TO DETERMINE,UNABLE TO DETERMINE,,2,NO INDICATION OF INJURY,0.0,0.0,0.0,0.0,0.0,1.0,0.0,12,6,6,41.914541676,-87.6418586,POINT (-87.641858599514 41.914541675763),POINT (1172453.41464637 1912207.5394571638),2020,517 W MENOMONEE ST
O852887,DRIVER,59489e6bee02710082473b9dab2d2f47ba48bf074920e7ea688bd1c7ccfa32bfb56e6f88adc8815a6131d1327ecdc310ae12edf5207ed9cd7b3f35822a1b1485,809379.0,F,24.0,DID NOT DEPLOY,NONE,NO INDICATION OF INJURY,NONE,UNKNOWN,NORMAL,,,,,2020-02-29 22:30:00,30,CLEAR,"DARKNESS, LIGHTED ROAD",REAR END,NOT DIVIDED,UNKNOWN,UNKNOWN,NOT ON SCENE (DESK REPORT),NO INJURY / DRIVE AWAY,,"OVER $1,500",02/29/2020 11:00:00 PM,UNABLE TO DETERMINE,NOT APPLICABLE,,2,NO INDICATION OF INJURY,0.0,0.0,0.0,0.0,0.0,3.0,0.0,22,7,2,41.940102022,-87.644254414,POINT (-87.64425441373 41.940102022465),POINT (1171726.4723341353 1921516.5343084608),2020,3201 N BROADWAY
O892365,DRIVER,da2c910a336f7e0a603cf0a81972517a1980a4e7e98885b21b43aa4fbf51d0f42b8dbf86b6c7c38a06d0d192b4899c9ef4f608d2fa717df83c57b273cb9c3bc0,846402.0,F,24.0,DID NOT DEPLOY,NONE,NO INDICATION OF INJURY,NONE,NOT OBSCURED,NORMAL,,,,,2020-06-01 16:20:00,30,CLEAR,DAYLIGHT,ANGLE,T-INTERSECTION,DRY,NO DEFECTS,NOT ON SCENE (DESK REPORT),NO INJURY / DRIVE AWAY,Y,"OVER $1,500",06/01/2020 05:20:00 PM,DISREGARDING STOP SIGN,NOT APPLICABLE,,2,NO INDICATION OF INJURY,0.0,0.0,0.0,0.0,0.0,4.0,0.0,16,2,6,41.867875451,-87.730273789,POINT (-87.730273789008 41.867875451116),POINT (1148508.2587018705 1895020.7940345062),2020,1100 S KEELER AVE
P229595,PASSENGER,b592940c199f1842238f49375be59a9a8ae40c28fe14c0a0d53c1e1f30b85bb95f1ca9bb82352aa301aceee63cb259ca6285c0fbc8e326276d9fb14fd1aa4715,961215.0,M,,DID NOT DEPLOY,NONE,NO INDICATION OF INJURY,,,,,,,,2020-12-24 15:30:00,30,CLEAR,DAYLIGHT,REAR END,NOT DIVIDED,DRY,NO DEFECTS,NOT ON SCENE (DESK REPORT),NO INJURY / DRIVE AWAY,,"$501 - $1,500",12/24/2020 04:10:00 PM,FOLLOWING TOO CLOSELY,FAILING TO REDUCE SPEED TO AVOID CRASH,,2,NO INDICATION OF INJURY,0.0,0.0,0.0,0.0,0.0,4.0,0.0,15,5,12,41.88198557,-87.725854585,POINT (-87.72585458505 41.88198557029),POINT (1149675.5533103629 1900170.9819714862),2020,100 N PULASKI RD
O833185,DRIVER,37d4563d6f1171feba003a8dc330b0af9d068e37c5ef3e4ee05ca873d8d309ec6de6c9c05794c31ef992b5c3413c9f85afb46382fde174c64ac07ac36d0c00ff,790787.0,F,,DEPLOYMENT UNKNOWN,NONE,NO INDICATION OF INJURY,UNKNOWN,UNKNOWN,UNKNOWN,,,,,2020-01-31 22:30:00,30,SNOW,"DARKNESS, LIGHTED ROAD",PEDESTRIAN,NOT DIVIDED,WET,NO DEFECTS,NOT ON SCENE (DESK REPORT),INJURY AND / OR TOW DUE TO CRASH,Y,$500 OR LESS,01/31/2020 10:56:00 PM,UNABLE TO DETERMINE,NOT APPLICABLE,,2,NONINCAPACITATING INJURY,1.0,0.0,0.0,1.0,0.0,1.0,0.0,22,6,1,41.997980909,-87.681589168,POINT (-87.681589167644 41.997980909138),POINT (1161408.378094045 1942528.4146894303),2020,2036 W DEVON AVE
O953285,DRIVER,0ad83ca8f6247d57f19f96cfb556d291bdb77899a324fd64d16328e3ccc18397deb0fa31c0a84ad19f07b6bfc3f0f5283de78e38e93479e3085b69d35dc5e611,903590.0,M,,NOT APPLICABLE,NONE,NO INDICATION OF INJURY,UNKNOWN,UNKNOWN,UNKNOWN,,,,,2020-09-06 15:30:00,30,CLEAR,DAYLIGHT,REAR END,NOT DIVIDED,DRY,NO DEFECTS,NOT ON SCENE (DESK REPORT),NO INJURY / DRIVE AWAY,,"OVER $1,500",09/06/2020 03:45:00 PM,UNABLE TO DETERMINE,UNABLE TO DETERMINE,,2,NO INDICATION OF INJURY,0.0,0.0,0.0,0.0,0.0,2.0,0.0,15,1,9,41.881092767,-87.683835202,POINT (-87.683835202062 41.881092766795),POINT (1161120.5747216486 1899929.4428257803),2020,2299 W MADISON ST
P212815,PASSENGER,f3f936fad3961b524b75c8768768109dbdb9430cf44355c2a6be0e6b82289783b7b8448d5b04c013c4ebc842db14a6cc7242879099830a250968ee13b02dd7f4,883378.0,M,34.0,NOT APPLICABLE,NONE,NO INDICATION OF INJURY,,,,,,,,2020-08-04 17:38:00,30,CLEAR,DAYLIGHT,REAR END,NOT DIVIDED,DRY,UNKNOWN,ON SCENE,NO INJURY / DRIVE AWAY,,"OVER $1,500",08/04/2020 05:45:00 PM,UNABLE TO DETERMINE,UNABLE TO DETERMINE,,2,NO INDICATION OF INJURY,0.0,0.0,0.0,0.0,0.0,5.0,0.0,17,3,8,41.865645799,-87.768681579,POINT (-87.768681579482 41.865645799488),POINT (1138052.2472940471 1894137.163831564),2020,5746 W ROOSEVELT RD
O844570,DRIVER,d816bcfcc6c8210a77b86c03f3fc2817492d506c38a04cbbb3b179243c76ffde792f2d7483c0e142188e74733c90ba70573ec8c033bfaa671d6d186300ba3977,801512.0,M,20.0,NOT APPLICABLE,NONE,NO INDICATION OF INJURY,IMPROPER LANE CHANGE,NOT OBSCURED,NORMAL,,,,,2020-02-17 13:45:00,30,RAIN,DAYLIGHT,SIDESWIPE SAME DIRECTION,NOT DIVIDED,WET,NO DEFECTS,NOT ON SCENE (DESK REPORT),NO INJURY / DRIVE AWAY,,"OVER $1,500",02/17/2020 02:50:00 PM,IMPROPER LANE USAGE,IMPROPER LANE USAGE,,2,NO INDICATION OF INJURY,0.0,0.0,0.0,0.0,0.0,2.0,0.0,13,2,2,41.798309978,-87.743062233,POINT (-87.743062232619 41.79830997844),POINT (1145199.1800648198 1869647.2476067683),2020,5210 S CICERO AVE
P189478,PASSENGER,1960e9354a599e0a75455fe2a57bb78e1a49d20dd34099ef42adab016ab13f370eb23a9f113bdad759c462f04e5865ec31a562090305a19f17033ea9f20b1682,786712.0,F,17.0,NOT APPLICABLE,NONE,NO INDICATION OF INJURY,,,,,,,,2020-01-24 14:50:00,20,RAIN,DAYLIGHT,SIDESWIPE SAME DIRECTION,NOT DIVIDED,WET,NO DEFECTS,ON SCENE,INJURY AND / OR TOW DUE TO CRASH,,"OVER $1,500",01/24/2020 02:55:00 PM,FAILING TO YIELD RIGHT-OF-WAY,UNABLE TO DETERMINE,,2,NO INDICATION OF INJURY,0.0,0.0,0.0,0.0,0.0,6.0,0.0,14,6,1,41.856970219,-87.667274314,POINT (-87.667274314069 41.856970219326),POINT (1165698.6434703378 1891173.7954478976),2020,1624 W 18TH PL
O1005163,DRIVER,9c50c1050c047713326ced98869d69a684ed59b21effcfc3321e09b40312f381f7558f8b0e350bf662e84d4ee1e85361b7154c345fe18c1ca903a3c61e6abcda,952601.0,F,38.0,NOT APPLICABLE,NONE,NO INDICATION OF INJURY,IMPROPER BACKING,NOT OBSCURED,NORMAL,,,,,2020-12-07 12:30:00,30,CLEAR,DAYLIGHT,PARKED MOTOR VEHICLE,DRIVEWAY,DRY,NO DEFECTS,NOT ON SCENE (DESK REPORT),NO INJURY / DRIVE AWAY,,$500 OR LESS,12/07/2020 01:00:00 PM,DRIVING SKILLS/KNOWLEDGE/EXPERIENCE,NOT APPLICABLE,,2,NO INDICATION OF INJURY,0.0,0.0,0.0,0.0,0.0,1.0,0.0,12,2,12,41.913195844,-87.761220726,POINT (-87.761220725821 41.913195843576),POINT (1139968.9479034217 1911477.7969944773),2020,5412 W BLOOMINGDALE AVE
O851660,DRIVER,8c26b4e96e89d2b13b13ee4ea9ad4c517c2a6b76fdad7cb132eed6063fcf131faacba9e86f95047792f429c2cf8bb818685bfc0ed01e6455790d9d18fe0a8625,808215.0,M,33.0,DID NOT DEPLOY,NONE,NO INDICATION OF INJURY,UNKNOWN,NOT OBSCURED,UNKNOWN,,,,,2020-02-28 07:35:00,30,CLEAR,DAYLIGHT,SIDESWIPE SAME DIRECTION,DIVIDED - W/MEDIAN (NOT RAISED),DRY,NO DEFECTS,NOT ON SCENE (DESK REPORT),NO INJURY / DRIVE AWAY,Y,"$501 - $1,500",02/28/2020 01:40:00 PM,UNABLE TO DETERMINE,NOT APPLICABLE,,2,NO INDICATION OF INJURY,0.0,0.0,0.0,0.0,0.0,2.0,0.0,7,6,2,41.886051048,-87.737996295,POINT (-87.737996294516 41.886051047565),POINT (1146358.8935883981 1901629.2659732152),2020,4459 W LAKE ST
O828313,DRIVER,93083c6bb0eb4c7f197f95aa6fef66e996f206c8998952f063e67f4ca7489bdb1b72828ec527f1419c884728ecff6a9f0c99900a8693511ef16ced960cdd078d,786273.0,M,26.0,NOT APPLICABLE,NONE,NO INDICATION OF INJURY,NONE,UNKNOWN,NORMAL,,,,,2020-01-23 19:30:00,30,SNOW,"DARKNESS, LIGHTED ROAD",HEAD ON,PARKING LOT,UNKNOWN,UNKNOWN,NOT ON SCENE (DESK REPORT),NO INJURY / DRIVE AWAY,,"$501 - $1,500",01/23/2020 07:53:00 PM,UNABLE TO DETERMINE,NOT APPLICABLE,,2,NO INDICATION OF INJURY,0.0,0.0,0.0,0.0,0.0,2.0,0.0,19,5,1,41.85187404,-87.705318326,POINT (-87.705318326267 41.851874039784),POINT (1155348.1797751335 1889238.661656672),2020,3200 W CERMAK RD