PERSON_ID,PERSON_TYPE,CRASH_RECORD_ID,VEHICLE_ID,SEX,AGE,AIRBAG_DEPLOYED,EJECTION,INJURY_CLASSIFICATION,DRIVER_ACTION,DRIVER_VISION,PHYSICAL_CONDITION,PEDPEDAL_ACTION,PEDPEDAL_VISIBILITY,PEDPEDAL_LOCATION,CRASH_DATE_EST_I,CRASH_DATE,POSTED_SPEED_LIMIT,WEATHER_CONDITION,LIGHTING_CONDITION,FIRST_CRASH_TYPE,TRAFFICWAY_TYPE,ROADWAY_SURFACE_COND,ROAD_DEFECT,REPORT_TYPE,CRASH_TYPE,HIT_AND_RUN_I,DAMAGE,DATE_POLICE_NOTIFIED,PRIM_CONTRIBUTORY_CAUSE,SEC_CONTRIBUTORY_CAUSE,DOORING_I,NUM_UNITS,MOST_SEVERE_INJURY,INJURIES_TOTAL,INJURIES_FATAL,INJURIES_INCAPACITATING,INJURIES_NON_INCAPACITATING,INJURIES_REPORTED_NOT_EVIDENT,INJURIES_NO_INDICATION,INJURIES_UNKNOWN,CRASH_HOUR,CRASH_DAY_OF_WEEK,CRASH_MONTH,LATITUDE,LONGITUDE,LOCATION,geometry,YEAR,ADDRESS
O994244,DRIVER,0acb043a1d0f5ff2fac2ddddf82b510c03add87692b914ee855bc66cfd2e76fb0af77debe9b857621a96440d419c8c10d23cf61c3a916fd58422c63440a2a19d,942160.0,M,54.0,NOT APPLICABLE,NONE,NO INDICATION OF INJURY,UNKNOWN,UNKNOWN,NORMAL,,,,,2020-11-14 17:00:00,30,CLEAR,DARKNESS,SIDESWIPE OPPOSITE DIRECTION,DIVIDED - W/MEDIAN (NOT RAISED),DRY,UNKNOWN,ON SCENE,NO INJURY / DRIVE AWAY,,"OVER $1,500",11/14/2020 05:05:00 PM,UNABLE TO DETERMINE,NOT APPLICABLE,,2,NO INDICATION OF INJURY,0.0,0.0,0.0,0.0,0.0,4.0,0.0,17,7,11,41.924214439,-87.756289548,POINT (-87.756289547749 41.92421443867),POINT (1141284.1157665625 1915501.9718738582),2020,5202 W FULLERTON AVE
P193558,PASSENGER,adeaed3b5eb08936f49e858f419d9896d12ce4df63bfe25c154d4d4e98b76115bc049ca5fdf5f2f5bee09d4843cef583d21fee97c14b206b05932e1a8273325c,803347.0,F,26.0,DID NOT DEPLOY,NONE,NO INDICATION OF INJURY,,,,,,,,2020-02-20 12:30:00,35,CLEAR,DAYLIGHT,PARKED MOTOR VEHICLE,NOT DIVIDED,DRY,UNKNOWN,ON SCENE,NO INJURY / DRIVE AWAY,Y,$500 OR LESS,02/20/2020 12:58:00 PM,IMPROPER BACKING,FAILING TO REDUCE SPEED TO AVOID CRASH,,2,NO INDICATION OF INJURY,0.0,0.0,0.0,0.0,0.0,2.0,0.0,12,5,2,41.79100686,-87.607989738,POINT (-87.607989737618 41.791006860128),POINT (1182052.0448878224 1867267.8788099408),2020,5706 S PAYNE DR
O1007954,DRIVER,7146dccb549f6eb3611761414a2779275c3389a1b9f0894104a20b331acb883d478c1a6a337af85a33c8b44db4ddb709d2f9f7bf0984370a338025d6f8fe9c03,955262.0,M,65.0,NOT APPLICABLE,NONE,NO INDICATION OF INJURY,NONE,NOT OBSCURED,NORMAL,,,,,2020-12-12 13:50:00,35,RAIN,DAYLIGHT,HEAD ON,DIVIDED - W/MEDIAN (NOT RAISED),WET,OTHER,ON SCENE,NO INJURY / DRIVE AWAY,,"OVER $1,500",12/12/2020 01:53:00 PM,WEATHER,UNABLE TO DETERMINE,,2,NO INDICATION OF INJURY,0.0,0.0,0.0,0.0,0.0,2.0,0.0,13,7,12,41.995301863,-87.787355563,POINT (-87.787355563106 41.995301862707),POINT (1132664.8717793946 1941351.085857037),2020,6303 N NAGLE AVE
P213162,PASSENGER,345cde60116a1669480891b503da03dc38405cc5ca10c6ef275453e5a1ab3f814c9c71dd58e55c5ec1fce1612abaf4fa7a2affc37f718867b1340e4e47166996,885020.0,M,,DID NOT DEPLOY,NONE,NO INDICATION OF INJURY,,,,,,,,2020-08-07 14:27:00,30,CLEAR,DAYLIGHT,REAR END,NOT DIVIDED,DRY,UNKNOWN,NOT ON SCENE (DESK REPORT),NO INJURY / DRIVE AWAY,,"OVER $1,500",08/07/2020 03:03:00 PM,UNABLE TO DETERMINE,UNABLE TO DETERMINE,,3,NO INDICATION OF INJURY,0.0,0.0,0.0,0.0,0.0,5.0,0.0,14,6,8,41.802644545,-87.723581097,POINT (-87.723581097102 41.802644544771),POINT (1150499.9179406676 1871263.8129689896),2020,4950 S PULASKI RD
O816653,DRIVER,9ca1702cbe891425207096a0b0447a259d2382ff0158f6f085c8e59508eeb6df14cdef75bd338783613f2a032384553f090394250128a4cfceb985f7d0b29bcd,775307.0,X,,DEPLOYMENT UNKNOWN,NONE,NO INDICATION OF INJURY,UNKNOWN,UNKNOWN,UNKNOWN,,,,Y,2020-01-05 16:20:00,35,CLEAR,DAYLIGHT,PARKED MOTOR VEHICLE,NOT DIVIDED,DRY,NO DEFECTS,ON SCENE,NO INJURY / DRIVE AWAY,N,$500 OR LESS,01/05/2020 04:23:00 PM,NOT APPLICABLE,NOT APPLICABLE,,2,NO INDICATION OF INJURY,0.0,0.0,0.0,0.0,0.0,1.0,0.0,16,1,1,41.657585942,-87.603552322,POINT (-87.603552322322 41.657585941602),POINT (1183674.2971427299 1818660.9111640146),2020,13080 S EVANS AVE
O949272,DRIVER,4fc327b647e1380a13afaf6002ee0c9fd9d8442f6a3691a63cca909062325faf4be0c6b79574ac667ac9ca8d7d4e64b5deff388e51621cacd20865d9832a2e3b,899815.0,M,23.0,DID NOT DEPLOY,NONE,NO INDICATION OF INJURY,NONE,NOT OBSCURED,NORMAL,,,,,2020-08-31 12:40:00,30,CLEAR,DAYLIGHT,TURNING,DIVIDED - W/MEDIAN (NOT RAISED),DRY,NO DEFECTS,NOT ON SCENE (DESK REPORT),NO INJURY / DRIVE AWAY,,"OVER $1,500",08/31/2020 01:10:00 PM,IMPROPER LANE USAGE,UNABLE TO DETERMINE,,2,NO INDICATION OF INJURY,0.0,0.0,0.0,0.0,0.0,3.0,0.0,12,2,8,41.734190679,-87.646031043,POINT (-87.646031043207 41.734190678884),POINT (1171843.4992725514 1846479.3030589412),2020,8800 S VINCENNES AVE
O930788,DRIVER,307f0dc36b19f8e8146394714c0759368274d36d53664cd0c7d74c44207cbb45d7482f8374583858a9f89c6c468cf83d607022174bec0ce4e9b046b014e7c8db,882391.0,M,38.0,DID NOT DEPLOY,NONE,NO INDICATION OF INJURY,NONE,UNKNOWN,NORMAL,,,,,2020-08-02 20:55:00,30,CLEAR,"DARKNESS, LIGHTED ROAD",REAR END,NOT DIVIDED,WET,NO DEFECTS,ON SCENE,NO INJURY / DRIVE AWAY,,"OVER $1,500",08/02/2020 08:55:00 PM,UNABLE TO DETERMINE,UNABLE TO DETERMINE,,3,NO INDICATION OF INJURY,0.0,0.0,0.0,0.0,0.0,3.0,0.0,20,1,8,41.97625676,-87.788008296,POINT (-87.788008296216 41.976256760265),POINT (1132531.6246990168 1934409.8307376218),2020,5220 N NAGLE AVE
O873807,DRIVER,3875b20c98670a8fe72ea078713774fb0e5d3d0136c485f44a7f8fda0ecbe5b001e3b18fef32351512f9618b3eb9b360d3637c0d4f439be5582ce22209572c58,829010.0,M,,DEPLOYMENT UNKNOWN,NONE,NO INDICATION OF INJURY,FOLLOWED TOO CLOSELY,UNKNOWN,UNKNOWN,,,,,2020-04-19 21:20:00,30,CLEAR,DUSK,REAR END,"FIVE POINT, OR MORE",DRY,UNKNOWN,NOT ON SCENE (DESK REPORT),NO INJURY / DRIVE AWAY,Y,$500 OR LESS,04/19/2020 10:35:00 PM,FOLLOWING TOO CLOSELY,UNABLE TO DETERMINE,,2,NO INDICATION OF INJURY,0.0,0.0,0.0,0.0,0.0,2.0,0.0,21,1,4,41.751460603,-87.585971993,POINT (-87.585971992965 41.751460603167),POINT (1188181.5710682059 1852908.9347892143),2020,7900 S STONY ISLAND AVE
O856531,DRIVER,5be396401bd48b6b7d021d145578a7188f78b522b0104caa0c27b30ec5ce5da8db0656bf55b7edf2fd57c053802664a390207377770c78718544769d2be2d4d8,812754.0,M,,DID NOT DEPLOY,NONE,NO INDICATION OF INJURY,FOLLOWED TOO CLOSELY,NOT OBSCURED,OTHER,,,,,2020-03-05 16:30:00,30,CLEAR,DAYLIGHT,REAR END,NOT DIVIDED,DRY,NO DEFECTS,NOT ON SCENE (DESK REPORT),NO INJURY / DRIVE AWAY,,"OVER $1,500",03/06/2020 02:15:00 PM,FOLLOWING TOO CLOSELY,NOT APPLICABLE,,2,NO INDICATION OF INJURY,0.0,0.0,0.0,0.0,0.0,2.0,0.0,16,5,3,41.933175094,-87.685637275,POINT (-87.685637275146 41.933175093682),POINT (1160486.5279637484 1918904.5580361702),2020,2832 N CLAREMONT AVE
O829810,DRIVER,9a77149f3ff90b4110893d03a03b89d906882baa0fa69775fbfa36cec3ff6afa2c2ad28720ee7b498a87662d5006ac67f520bd6e81558ee8ae15175fb7015ad1,787671.0,M,21.0,NOT APPLICABLE,NONE,NO INDICATION OF INJURY,UNKNOWN,UNKNOWN,NORMAL,,,,,2020-01-25 22:47:00,30,CLEAR,"DARKNESS, LIGHTED ROAD",SIDESWIPE SAME DIRECTION,NOT DIVIDED,DRY,NO DEFECTS,ON SCENE,NO INJURY / DRIVE AWAY,,"OVER $1,500",01/25/2020 10:49:00 PM,UNABLE TO DETERMINE,NOT APPLICABLE,,2,NO INDICATION OF INJURY,0.0,0.0,0.0,0.0,0.0,2.0,0.0,22,7,1,41.967961972,-87.689032131,POINT (-87.689032131482 41.9679619719),POINT (1159467.4950794936 1931574.0463997922),2020,4740 N WESTERN AVE
P207551,PASSENGER,a1f8ee91f516f5308cff169c0019699891b36e347684ab600ffa1749e87584d1002387c66e3072e7cd22ed4a68b32fab01680a121e122ebf2f938012b46a2a0d,861757.0,M,34.0,DID NOT DEPLOY,NONE,"REPORTED, NOT EVIDENT",,,,,,,,2020-06-30 06:10:00,25,CLEAR,DAYLIGHT,REAR END,ONE-WAY,DRY,NO DEFECTS,NOT ON SCENE (DESK REPORT),INJURY AND / OR TOW DUE TO CRASH,,"$501 - $1,500",06/30/2020 06:15:00 AM,UNABLE TO DETERMINE,NOT APPLICABLE,,2,"REPORTED, NOT EVIDENT",1.0,0.0,0.0,0.0,1.0,2.0,0.0,6,3,6,41.883151619,-87.737865777,POINT (-87.737865776555 41.883151618794),POINT (1146401.7647149076 1900572.9646379282),2020,159 N KILBOURN AVE
O842907,DRIVER,968cd8380930a344ebf0b710cb0089f12f4c59bd3d53f7bb25ec832510aac31922d9586d383ef6d914cfdd30b394bd952892470def1dbb05c21fa3f3c1ffdc80,799904.0,X,,DEPLOYMENT UNKNOWN,NONE,NO INDICATION OF INJURY,UNKNOWN,UNKNOWN,UNKNOWN,,,,Y,2020-02-13 12:00:00,30,CLEAR,DAYLIGHT,PEDESTRIAN,NOT DIVIDED,SNOW OR SLUSH,NO DEFECTS,ON SCENE,INJURY AND / OR TOW DUE TO CRASH,Y,"OVER $1,500",02/14/2020 10:00:00 PM,IMPROPER LANE USAGE,NOT APPLICABLE,,2,"REPORTED, NOT EVIDENT",1.0,0.0,0.0,0.0,1.0,1.0,0.0,12,5,2,41.864679479,-87.715519402,POINT (-87.715519401535 41.864679479444),POINT (1152535.381355874 1893884.766700282),2020,1250 S CENTRAL PARK AVE
O998340,DRIVER,ce37c03e2acb6594e312be4dbbeb68f5a14d000b8046aa5626249b472c4b8cd6d79f32fa2e2b38dd113e6fd550a170247e774c442fe4641a094686ec1810c8b0,946077.0,M,27.0,NOT APPLICABLE,NONE,NO INDICATION OF INJURY,NONE,NOT OBSCURED,NORMAL,,,,,2020-11-23 06:46:00,30,CLEAR,DAYLIGHT,TURNING,NOT DIVIDED,DRY,NO DEFECTS,ON SCENE,INJURY AND / OR TOW DUE TO CRASH,,"OVER $1,500",11/23/2020 06:46:00 AM,FAILING TO YIELD RIGHT-OF-WAY,DRIVING SKILLS/KNOWLEDGE/EXPERIENCE,,3,NO INDICATION OF INJURY,0.0,0.0,0.0,0.0,0.0,3.0,0.0,6,2,11,42.013588975,-87.680141663,POINT (-87.680141663472 42.013588974557),POINT (1161758.4491062362 1948219.0965920198),2020,7301 N ROGERS AVE
O983606,DRIVER,5641d707dada3704e0fc600cf9fef7f9683a906a1fcca7446f2b4139036647462360ebe3174402d71a99885be62556c22f0c0f1adee28c7e54ed819ffc2f9b93,932120.0,M,32.0,DID NOT DEPLOY,NONE,NO INDICATION OF INJURY,NONE,NOT OBSCURED,NORMAL,,,,,2020-10-26 13:30:00,10,CLEAR,"DARKNESS, LIGHTED ROAD",PARKED MOTOR VEHICLE,PARKING LOT,DRY,NO DEFECTS,NOT ON SCENE (DESK REPORT),NO INJURY / DRIVE AWAY,,"$501 - $1,500",10/26/2020 02:00:00 PM,FAILING TO REDUCE SPEED TO AVOID CRASH,NOT APPLICABLE,,2,NO INDICATION OF INJURY,0.0,0.0,0.0,0.0,0.0,1.0,0.0,13,2,10,41.881835466,-87.633897389,POINT (-87.633897388601 41.88183546591),POINT (1174717.4483198116 1900306.9567227745),2020,201 W MADISON ST
O986516,DRIVER,66f9d361f9a0ac93f870c1fc91dcb73773d5b0c7baf2cce6483b11e9c0ce0e94f3b607b3c4ab07adc622b2d77e9256f051fee3c06bf64af67d1f4f631fb13c95,934885.0,F,38.0,"DEPLOYED, COMBINATION",NONE,NO INDICATION OF INJURY,NONE,UNKNOWN,NORMAL,,,,,2020-10-31 15:50:00,30,CLEAR,DAYLIGHT,ANGLE,FOUR WAY,DRY,NO DEFECTS,ON SCENE,INJURY AND / OR TOW DUE TO CRASH,,"OVER $1,500",10/31/2020 03:55:00 PM,FAILING TO YIELD RIGHT-OF-WAY,NOT APPLICABLE,,3,"REPORTED, NOT EVIDENT",3.0,0.0,0.0,0.0,3.0,3.0,0.0,15,7,10,41.811153788,-87.616491491,POINT (-87.616491490526 41.811153788367),POINT (1179672.3672941125 1874589.8602377025),2020,4601 S DR MARTIN LUTHER KING JR DR
O968562,DRIVER,7f6caee099d5807c525cd450a3b14a3fe6c4b6022b1ca497869370d857fe0f49f74df1e30d0b9218eb7d29d5a878d06f5ce770814a12b4c7b3c3329f77338da0,917930.0,M,,DEPLOYMENT UNKNOWN,UNKNOWN,NO INDICATION OF INJURY,OTHER,UNKNOWN,UNKNOWN,,,,,2020-10-01 15:00:00,30,CLEAR,DAYLIGHT,REAR END,NOT DIVIDED,DRY,NO DEFECTS,NOT ON SCENE (DESK REPORT),NO INJURY / DRIVE AWAY,,"OVER $1,500",10/01/2020 04:30:00 PM,FOLLOWING TOO CLOSELY,NOT APPLICABLE,,2,NO INDICATION OF INJURY,0.0,0.0,0.0,0.0,0.0,2.0,0.0,15,5,10,41.751570751,-87.702592863,POINT (-87.702592862696 41.751570751478),POINT (1156358.9215567643 1852694.2176512163),2020,7800 S KEDZIE AVE
O830929,DRIVER,3306d2d0cbc63f555f9b2443a0e175bfc6a706267df8ad5d91f74cef3227a873f4135992cf253d771b58803cc21fc85fc8b446b4270da440e7e9a271cba64745,788700.0,M,36.0,DID NOT DEPLOY,NONE,NO INDICATION OF INJURY,FAILED TO YIELD,PARKED VEHICLES,NORMAL,,,,,2020-01-27 05:20:00,30,CLEAR,"DARKNESS, LIGHTED ROAD",ANGLE,NOT DIVIDED,DRY,NO DEFECTS,ON SCENE,NO INJURY / DRIVE AWAY,,"OVER $1,500",01/27/2020 05:22:00 AM,FAILING TO YIELD RIGHT-OF-WAY,FAILING TO YIELD RIGHT-OF-WAY,,2,NO INDICATION OF INJURY,0.0,0.0,0.0,0.0,0.0,2.0,0.0,5,2,1,41.924061042,-87.767894822,POINT (-87.767894821635 41.924061042326),POINT (1138126.2656987212 1915425.0350800294),2020,5646 W FULLERTON AVE
O840150,DRIVER,acfa6968b553cd73de947016c1d3eb4300249995595bcd479f89c8233feb1e836a5ced84ab2de390a8646f6c05931abe34a3948f16a73e04082809fd7f309c6d,797303.0,F,34.0,DID NOT DEPLOY,NONE,NO INDICATION OF INJURY,UNKNOWN,NOT OBSCURED,NORMAL,,,,,2020-02-11 04:40:00,25,CLEAR,DAWN,TURNING,NOT DIVIDED,DRY,NO DEFECTS,ON SCENE,INJURY AND / OR TOW DUE TO CRASH,Y,"OVER $1,500",02/11/2020 05:15:00 PM,UNABLE TO DETERMINE,NOT APPLICABLE,,2,NO INDICATION OF INJURY,0.0,0.0,0.0,0.0,0.0,2.0,0.0,4,3,2,41.827184915,-87.735426695,POINT (-87.735426694547 41.827184914753),POINT (1147207.9639435438 1880183.494174327),2020,3600 S KOSTNER AVE
O942377,DRIVER,287a0f0472a7a9916114b69a284c5b18c72a97ad38c01f481209c0b26f2420ddaaefb7689ee24a6964eb8713ba63a881cc20f0dcf88c2a1900ca95f4484ad1d3,893344.0,F,21.0,DID NOT DEPLOY,NONE,NO INDICATION OF INJURY,UNKNOWN,NOT OBSCURED,NORMAL,,,,,2020-08-20 18:21:00,30,CLEAR,DAYLIGHT,PEDALCYCLIST,NOT DIVIDED,DRY,NO DEFECTS,ON SCENE,INJURY AND / OR TOW DUE TO CRASH,,"OVER $1,500",08/20/2020 06:30:00 PM,UNABLE TO DETERMINE,NOT APPLICABLE,,2,"REPORTED, NOT EVIDENT",1.0,0.0,0.0,0.0,1.0,1.0,0.0,18,5,8,41.689946635,-87.539048847,POINT (-87.539048847099 41.68994663463),POINT (1201192.3331534937 1830608.565883874),2020,11300 S AVENUE N
O919208,DRIVER,068b62c639cbceaf957cfead07ee4e3619469b9e9a1a03dc8e5d0ded49a95b809712a8946e34257f8cace1c04fe3965c95c26fdd32ab1a36ed2eb774973663dc,871472.0,M,43.0,DID NOT DEPLOY,NONE,NO INDICATION OF INJURY,TOO FAST FOR CONDITIONS,NOT OBSCURED,NORMAL,,,,,2020-07-15 22:07:00,25,RAIN,"DARKNESS, LIGHTED ROAD",OTHER OBJECT,DIVIDED - W/MEDIAN BARRIER,WET,NO DEFECTS,ON SCENE,INJURY AND / OR TOW DUE TO CRASH,,"OVER $1,500",07/15/2020 10:17:00 PM,WEATHER,NOT APPLICABLE,,1,NO INDICATION OF INJURY,0.0,0.0,0.0,0.0,0.0,1.0,0.0,22,4,7,41.902461926,-87.624660601,POINT (-87.624660600778 41.902461925754),POINT (1177170.705832224 1907843.8747718653),2020,1100 N LAKE SHORE DR
P215089,PASSENGER,1c1e64c7dbcce508022f5876f74ca9478582de1c807130532a7019531573e14d0ffe47e6f1562a58fdab3ef15887624e9c056406a86ece60b8e6a18bfcb0ab48,893348.0,F,,DID NOT DEPLOY,NONE,NO INDICATION OF INJURY,,,,,,,,2020-08-20 18:06:00,30,CLEAR,DAYLIGHT,TURNING,FOUR WAY,DRY,NO DEFECTS,ON SCENE,INJURY AND / OR TOW DUE TO CRASH,,"OVER $1,500",08/20/2020 06:06:00 PM,UNABLE TO DETERMINE,NOT APPLICABLE,,2,NO INDICATION OF INJURY,0.0,0.0,0.0,0.0,0.0,3.0,0.0,18,5,8,41.875668676,-87.623410818,POINT (-87.623410818474 41.875668676196),POINT (1177591.7110581605 1898083.2319276615),2020,500 S CONGRESS PLAZA DR
O1001532,DRIVER,453f303da372e6a633a719143c3b5b9e1e571f7dc766e37fd8ae18c53818621e45cbdbf17fc1ebe1bc202b0fd423611f1003f2c7d60a376caa85eaeddd48a4fc,949130.0,M,21.0,NOT APPLICABLE,NONE,NO INDICATION OF INJURY,NONE,NOT OBSCURED,NORMAL,,,,,2020-11-21 14:36:00,30,CLEAR,DAYLIGHT,REAR TO FRONT,NOT DIVIDED,DRY,NO DEFECTS,NOT ON SCENE (DESK REPORT),NO INJURY / DRIVE AWAY,,"OVER $1,500",11/29/2020 02:51:00 PM,IMPROPER BACKING,UNABLE TO DETERMINE,,2,NO INDICATION OF INJURY,0.0,0.0,0.0,0.0,0.0,2.0,0.0,14,7,11,41.768401903,-87.574060773,POINT (-87.574060772781 41.768401903177),POINT (1191377.3052128865 1859110.670450188),2020,6952 S CLYDE AVE
O877603,DRIVER,a79da18c6380c5dc7a44571cd60219fe39f68a0b2a53bc2f558b452a94845c9c2fa5fa2b8735fc59c7e74b9b25ad0b5338f28e43332819913aabeaa0b98c65d7,832569.0,X,,DEPLOYMENT UNKNOWN,NONE,NO INDICATION OF INJURY,UNKNOWN,UNKNOWN,UNKNOWN,,,,,2020-04-30 14:30:00,35,CLEAR,DAYLIGHT,FIXED OBJECT,DIVIDED - W/MEDIAN (NOT RAISED),DRY,NO DEFECTS,NOT ON SCENE (DESK REPORT),NO INJURY / DRIVE AWAY,Y,"$501 - $1,500",04/30/2020 02:55:00 PM,UNABLE TO DETERMINE,UNABLE TO DETERMINE,,1,NO INDICATION OF INJURY,0.0,0.0,0.0,0.0,0.0,1.0,0.0,14,5,4,41.851658605,-87.724617501,POINT (-87.724617500889 41.851658605222),POINT (1150090.7922511278 1889122.2949177148),2020,3958 W CERMAK RD
P218232,PASSENGER,d610b4c169a0c974a93cf7b5c422711081363d4bd89d6f7d877ed77c776ad8456ca250b4481e402df68087287e34ff698c4b23c048f8341704062074e98000b5,907356.0,,,NOT APPLICABLE,NONE,NO INDICATION OF INJURY,,,,,,,,2020-09-13 12:25:00,30,CLEAR,DAYLIGHT,TURNING,DIVIDED - W/MEDIAN (NOT RAISED),DRY,NO DEFECTS,ON SCENE,NO INJURY / DRIVE AWAY,,"OVER $1,500",09/13/2020 12:25:00 PM,IMPROPER OVERTAKING/PASSING,NOT APPLICABLE,,2,NO INDICATION OF INJURY,0.0,0.0,0.0,0.0,0.0,8.0,0.0,12,1,9,41.772243743,-87.654161141,POINT (-87.654161141406 41.772243743323),POINT (1169514.9828139686 1860327.883634648),2020,6701 S RACINE AVE
O887879,DRIVER,6bc2f2fdae2fd2aa57dd66a62450388e35c357826b5098f4ac8548f8751415164ab3446a6eef10c3b6fbfa192ac6ed0aba3840a0c12d6f48d55d6cf09d087a66,842274.0,F,19.0,DID NOT DEPLOY,NONE,NONINCAPACITATING INJURY,NONE,UNKNOWN,NORMAL,,,,,2020-05-23 17:00:00,30,RAIN,DAYLIGHT,SIDESWIPE SAME DIRECTION,NOT DIVIDED,WET,UNKNOWN,ON SCENE,INJURY AND / OR TOW DUE TO CRASH,,"OVER $1,500",05/23/2020 05:10:00 PM,IMPROPER LANE USAGE,WEATHER,,2,NONINCAPACITATING INJURY,3.0,0.0,0.0,3.0,0.0,4.0,0.0,17,7,5,41.743939448,-87.613491319,POINT (-87.613491319177 41.743939448315),POINT (1180695.2880014882 1850104.265778547),2020,430 E 83RD ST
O952858,DRIVER,a8c308788cd1fbd0f61aabbb8f95d35f8828c6d812bad833acd4df5db8d8b26db75c585c1c7c36250fffb64d30c0406a1bdad7b7bcdb558bfa06879df3c12770,903160.0,M,42.0,NOT APPLICABLE,NONE,NO INDICATION OF INJURY,NONE,NOT OBSCURED,NORMAL,,,,,2020-09-04 20:48:00,30,CLEAR,"DARKNESS, LIGHTED ROAD",REAR END,"FIVE POINT, OR MORE",DRY,NO DEFECTS,ON SCENE,NO INJURY / DRIVE AWAY,,"OVER $1,500",09/04/2020 08:48:00 PM,CELL PHONE USE OTHER THAN TEXTING,FAILING TO REDUCE SPEED TO AVOID CRASH,,2,NO INDICATION OF INJURY,0.0,0.0,0.0,0.0,0.0,2.0,0.0,20,6,9,41.891293713,-87.647680593,POINT (-87.647680593026 41.891293712961),POINT (1170936.505368164 1903723.2479730581),2020,800 W GRAND AVE
O873723,BICYCLE,950d19f21634d65cc09ddc82af33f8df70872d342923d561129265cb167f4d42ab6634c4bc1adb7f07c514cb63f642e41a3f8920648ae81c6e5c377900117ea9,,M,38.0,,NONE,NO INDICATION OF INJURY,UNKNOWN,UNKNOWN,UNKNOWN,WITH TRAFFIC,NO CONTRASTING CLOTHING,IN ROADWAY,,2020-04-19 17:00:00,30,CLEAR,DAYLIGHT,PEDALCYCLIST,NOT DIVIDED,DRY,WORN SURFACE,ON SCENE,NO INJURY / DRIVE AWAY,,$500 OR LESS,04/19/2020 05:11:00 PM,UNABLE TO DETERMINE,UNABLE TO DETERMINE,Y,2,NO INDICATION OF INJURY,0.0,0.0,0.0,0.0,0.0,2.0,0.0,17,1,4,41.928363904,-87.717151466,POINT (-87.717151466202 41.928363904365),POINT (1151924.1558189213 1917088.1475525983),2020,3600 W WRIGHTWOOD AVE
O1007193,DRIVER,6b29b6d55e6578f02adf4b444758d269ccbe573172bca818ed5609ddbdf8edc07ca9160c431ba4656dc1533c83ff55efd2c3ae6bba904c84a89b5f509680082e,954531.0,X,,DEPLOYMENT UNKNOWN,NONE,NO INDICATION OF INJURY,OTHER,UNKNOWN,UNKNOWN,,,,,2020-12-11 14:00:00,30,CLEAR,DAYLIGHT,PARKED MOTOR VEHICLE,NOT DIVIDED,DRY,NO DEFECTS,ON SCENE,NO INJURY / DRIVE AWAY,Y,"OVER $1,500",12/11/2020 02:38:00 PM,UNABLE TO DETERMINE,NOT APPLICABLE,,3,NO INDICATION OF INJURY,0.0,0.0,0.0,0.0,0.0,1.0,0.0,14,6,12,41.848010611,-87.677447172,POINT (-87.677447171542 41.848010610549),POINT (1162952.2647258805 1887887.60616058),2020,2444 S BLUE ISLAND AVE
O1163207,DRIVER,65b35aaea80eb7da9902a13ca01f6c7be4b5b42dcea48571ab48c434c54efbc8bc5dbe5ffab7bb48a2612c9e08bd8893ee3b434631ad69935cf949ef5e9fde1c,1103411.0,F,28.0,DEPLOYMENT UNKNOWN,NONE,NO INDICATION OF INJURY,NONE,UNKNOWN,UNKNOWN,,,,,2021-08-16 16:00:00,30,CLEAR,DAYLIGHT,REAR END,DIVIDED - W/MEDIAN BARRIER,UNKNOWN,UNKNOWN,NOT ON SCENE (DESK REPORT),NO INJURY / DRIVE AWAY,,$500 OR LESS,08/16/2021 04:30:00 PM,FOLLOWING TOO CLOSELY,NOT APPLICABLE,,2,NO INDICATION OF INJURY,0.0,0.0,0.0,0.0,0.0,2.0,0.0,16,2,8,41.884216731,-87.619526371,POINT (-87.619526371295 41.88421673051),POINT (1178623.7077985364 1901206.911145957),2021,331 E RANDOLPH ST
O1157623,DRIVER,eab2479e476b1e2e2f36e144b241154538295c3e03d8aedceb48970f48328fa0847224171b4f90417b90d6a880ba6d065b8fb8841d55995690f18e434794d909,1098114.0,M,24.0,DEPLOYMENT UNKNOWN,NONE,NO INDICATION OF INJURY,NONE,UNKNOWN,UNKNOWN,,,,,2021-08-08 13:55:00,30,CLEAR,DAYLIGHT,TURNING,OTHER,DRY,NO DEFECTS,NOT ON SCENE (DESK REPORT),NO INJURY / DRIVE AWAY,,"OVER $1,500",08/08/2021 04:00:00 PM,UNABLE TO DETERMINE,UNABLE TO DETERMINE,,2,NO INDICATION OF INJURY,0.0,0.0,0.0,0.0,0.0,4.0,0.0,13,1,8,41.736261699,-87.629064716,POINT (-87.629064716425 41.736261699376),POINT (1176468.1697783126 1847271.3992011358),2021,200 W 87TH ST
O1175063,DRIVER,59dce62ad462f52e5182f4b043877944e4158c926b1c3d8edcdd7fefca173da25930e7d2dd8b193b1a9547c3db9fe03bc91817c8997d679427c4dbf4279c74b0,1114725.0,M,56.0,DID NOT DEPLOY,NONE,NO INDICATION OF INJURY,IMPROPER PARKING,UNKNOWN,NORMAL,,,,,2021-09-02 08:00:00,25,CLEAR,DAYLIGHT,PARKED MOTOR VEHICLE,ONE-WAY,DRY,NO DEFECTS,ON SCENE,NO INJURY / DRIVE AWAY,,$500 OR LESS,09/02/2021 10:16:00 AM,FAILING TO REDUCE SPEED TO AVOID CRASH,UNABLE TO DETERMINE,,2,NO INDICATION OF INJURY,0.0,0.0,0.0,0.0,0.0,1.0,0.0,8,5,9,42.006157543,-87.689315187,POINT (-87.689315186577 42.006157542933),POINT (1159285.8548702255 1945492.142274946),2021,2333 W FARWELL AVE