PERSON_ID,PERSON_TYPE,CRASH_RECORD_ID,VEHICLE_ID,SEX,AGE,AIRBAG_DEPLOYED,EJECTION,INJURY_CLASSIFICATION,DRIVER_ACTION,DRIVER_VISION,PHYSICAL_CONDITION,PEDPEDAL_ACTION,PEDPEDAL_VISIBILITY,PEDPEDAL_LOCATION,CRASH_DATE_EST_I,CRASH_DATE,POSTED_SPEED_LIMIT,WEATHER_CONDITION,LIGHTING_CONDITION,FIRST_CRASH_TYPE,TRAFFICWAY_TYPE,ROADWAY_SURFACE_COND,ROAD_DEFECT,REPORT_TYPE,CRASH_TYPE,HIT_AND_RUN_I,DAMAGE,DATE_POLICE_NOTIFIED,PRIM_CONTRIBUTORY_CAUSE,SEC_CONTRIBUTORY_CAUSE,DOORING_I,NUM_UNITS,MOST_SEVERE_INJURY,INJURIES_TOTAL,INJURIES_FATAL,INJURIES_INCAPACITATING,INJURIES_NON_INCAPACITATING,INJURIES_REPORTED_NOT_EVIDENT,INJURIES_NO_INDICATION,INJURIES_UNKNOWN,CRASH_HOUR,CRASH_DAY_OF_WEEK,CRASH_MONTH,LATITUDE,LONGITUDE,LOCATION,geometry,YEAR,ADDRESS
O1151595,DRIVER,25f1e89aa4616ff54e504b096e60780ff5b7a364316d51cbbc75abdb7efe5dec3e33f63a261c8f30392f2c1c4cf6aedf9602cc727f8220fd2682949c9caf0719,1092376.0,F,24.0,DID NOT DEPLOY,NONE,NO INDICATION OF INJURY,NONE,NOT OBSCURED,NORMAL,,,,,2021-07-30 23:15:00,45,CLEAR,"DARKNESS, LIGHTED ROAD",TURNING,DIVIDED - W/MEDIAN BARRIER,DRY,WORN SURFACE,ON SCENE,NO INJURY / DRIVE AWAY,Y,"OVER $1,500",07/30/2021 11:30:00 PM,UNABLE TO DETERMINE,IMPROPER LANE USAGE,,2,NO INDICATION OF INJURY,0.0,0.0,0.0,0.0,0.0,2.0,0.0,23,6,7,41.867484227,-87.619150383,POINT (-87.619150383382 41.867484227164),POINT (1178776.8274424 1895110.454629602),2021,1200 S LAKE SHORE DR W
O1106266,DRIVER,cab2dd6c16b2a79191f49c0c5faadb0049eba02dbe7fd0ee0892c0391fde2a0b9a4dd5b40916b74c78a367cd979dcce91b6840a1e2f7216564f433ed79cacbe3,1049410.0,F,27.0,DID NOT DEPLOY,NONE,NO INDICATION OF INJURY,IMPROPER LANE CHANGE,NOT OBSCURED,NORMAL,,,,,2021-05-30 08:36:00,30,CLEAR,DAYLIGHT,SIDESWIPE SAME DIRECTION,FOUR WAY,DRY,NO DEFECTS,NOT ON SCENE (DESK REPORT),NO INJURY / DRIVE AWAY,,"$501 - $1,500",05/30/2021 09:20:00 AM,IMPROPER LANE USAGE,DRIVING SKILLS/KNOWLEDGE/EXPERIENCE,,2,NO INDICATION OF INJURY,0.0,0.0,0.0,0.0,0.0,2.0,0.0,8,1,5,41.89326536,-87.63657183,POINT (-87.636571829866 41.89326536018),POINT (1173955.3323906856 1904466.0817108103),2021,320 W ONTARIO ST
O1153257,DRIVER,6e7e934d650f699e7f4cbb3f664be64a84d8c8447468dd81ca8c7e517dfab8b91b650027413d723b048edf2a330ff852a210e71e8d3d657e1d3f676feb004f1d,1093951.0,F,40.0,NOT APPLICABLE,NONE,NO INDICATION OF INJURY,NONE,NOT OBSCURED,NORMAL,,,,,2021-08-01 15:15:00,10,CLEAR,DAYLIGHT,REAR TO REAR,PARKING LOT,DRY,NO DEFECTS,NOT ON SCENE (DESK REPORT),NO INJURY / DRIVE AWAY,,"$501 - $1,500",08/02/2021 01:30:00 PM,FAILING TO YIELD RIGHT-OF-WAY,NOT APPLICABLE,,2,NO INDICATION OF INJURY,0.0,0.0,0.0,0.0,0.0,3.0,0.0,15,1,8,41.932485977,-87.656402457,POINT (-87.656402456975 41.932485976768),POINT (1168443.273292119 1918714.894142473),2021,1111 W DIVERSEY PKWY
P239048,PASSENGER,035df7cba9fd40acc50922e2c8b6d3909d7822823d1645163859d17c26f316b42c423fe75fcbc779914f947d9b0a90bbfa295a9c5ef5f34b3087a7e0e3db7f27,1009212.0,M,,DID NOT DEPLOY,NONE,NO INDICATION OF INJURY,,,,,,,,2021-03-24 17:30:00,30,CLEAR,DAYLIGHT,SIDESWIPE SAME DIRECTION,NOT DIVIDED,DRY,NO DEFECTS,NOT ON SCENE (DESK REPORT),NO INJURY / DRIVE AWAY,,"$501 - $1,500",03/24/2021 06:32:00 PM,NOT APPLICABLE,NOT APPLICABLE,,2,NO INDICATION OF INJURY,0.0,0.0,0.0,0.0,0.0,3.0,0.0,17,4,3,41.805455236,-87.695903291,POINT (-87.695903291472 41.805455235861),POINT (1158038.7545569215 1872342.761133039),2021,2845 W 48TH PL
O1075828,DRIVER,02aa78ef5dc65bd1932cbae4491717df06ffea6e67fdf90a95166c8854bff0e4def7442f744eda88fd3e601915d44a0c744106ad21023e79e05ba3bf26004b67,1020289.0,F,,DEPLOYMENT UNKNOWN,UNKNOWN,NO INDICATION OF INJURY,IMPROPER PASSING,UNKNOWN,UNKNOWN,,,,,2021-04-11 19:00:00,30,UNKNOWN,UNKNOWN,SIDESWIPE SAME DIRECTION,NOT DIVIDED,UNKNOWN,UNKNOWN,NOT ON SCENE (DESK REPORT),NO INJURY / DRIVE AWAY,Y,"OVER $1,500",04/13/2021 02:15:00 PM,UNABLE TO DETERMINE,NOT APPLICABLE,,2,NO INDICATION OF INJURY,0.0,0.0,0.0,0.0,0.0,2.0,0.0,19,1,4,41.902253534,-87.765716889,POINT (-87.765716888859 41.902253534164),POINT (1138771.5529092415 1907482.2894296478),2021,5600 W DIVISION ST
O1207487,DRIVER,d161799a5086a982015fbdbabd9d08a62b76ba2b42c237b9e82c26e4d150c246b9c75ce5ab35de0198ff8e5c0cdc1cccdb45ffeeafd3fc643427625a371a089a,1145740.0,F,,DID NOT DEPLOY,NONE,NO INDICATION OF INJURY,NONE,NOT OBSCURED,NORMAL,,,,,2021-10-18 06:40:00,30,CLEAR,DAYLIGHT,TURNING,FOUR WAY,DRY,NO DEFECTS,NOT ON SCENE (DESK REPORT),NO INJURY / DRIVE AWAY,Y,"OVER $1,500",10/18/2021 06:50:00 AM,UNABLE TO DETERMINE,NOT APPLICABLE,,2,NO INDICATION OF INJURY,0.0,0.0,0.0,0.0,0.0,2.0,0.0,6,2,10,41.867080279,-87.644325249,POINT (-87.644325248556 41.867080279085),POINT (1171920.9236410474 1894907.2140326467),2021,653 W ROOSEVELT RD
O1191076,DRIVER,ddbe7a5a49b0affe4a69818ae0acf54be8be3e57048e05f0b7b4221335c5c836551c9df43a499e449e67e7ddfce2b19ff72b89b5e843b38f07ed31d4b3b4e9f5,1130076.0,M,29.0,DID NOT DEPLOY,NONE,NO INDICATION OF INJURY,UNKNOWN,UNKNOWN,UNKNOWN,,,,,2021-09-24 15:20:00,30,CLEAR,DAYLIGHT,SIDESWIPE SAME DIRECTION,DIVIDED - W/MEDIAN (NOT RAISED),DRY,NO DEFECTS,NOT ON SCENE (DESK REPORT),NO INJURY / DRIVE AWAY,,"OVER $1,500",09/24/2021 03:30:00 PM,UNABLE TO DETERMINE,UNABLE TO DETERMINE,,2,NO INDICATION OF INJURY,0.0,0.0,0.0,0.0,0.0,4.0,0.0,15,6,9,41.772789522,-87.664185722,POINT (-87.664185722449 41.772789522462),POINT (1166778.9101005157 1860505.3260477206),2021,6640 S ASHLAND AVE
O1151315,DRIVER,c3d28820ee7f4b3d19708d5032e1825efcd4516aa4a94dbdb6e679b5f519efc04af7842d42f9f7cd4ebdd30dbbb2486a6b940fb859b71d8bbdbb0898e70f0219,1092090.0,M,39.0,DID NOT DEPLOY,NONE,NO INDICATION OF INJURY,UNKNOWN,UNKNOWN,UNKNOWN,,,,,2021-07-30 16:13:00,30,CLEAR,DAYLIGHT,TURNING,FOUR WAY,DRY,NO DEFECTS,ON SCENE,NO INJURY / DRIVE AWAY,,$500 OR LESS,07/30/2021 04:13:00 PM,UNABLE TO DETERMINE,UNABLE TO DETERMINE,,2,NO INDICATION OF INJURY,0.0,0.0,0.0,0.0,0.0,5.0,0.0,16,6,7,41.866931753,-87.671471107,POINT (-87.671471107231 41.86693175309),POINT (1164527.357903895 1894794.914752992),2021,1800 W ROOSEVELT RD
P275315,PASSENGER,ab7aecfd1793bfdf0bfa4e59a999a70fda762f61e10cbefb93773001d12dd0bf9d309d9bed4716f4bcd6548619f44aca2e164a7ff6c9dcef8ae8ffb79c702087,1167132.0,F,28.0,DEPLOYMENT UNKNOWN,NONE,NONINCAPACITATING INJURY,,,,,,,,2021-11-18 22:03:00,30,CLEAR,"DARKNESS, LIGHTED ROAD",ANGLE,FOUR WAY,DRY,NO DEFECTS,NOT ON SCENE (DESK REPORT),INJURY AND / OR TOW DUE TO CRASH,,"OVER $1,500",11/18/2021 10:04:00 PM,UNABLE TO DETERMINE,NOT APPLICABLE,,2,NONINCAPACITATING INJURY,5.0,0.0,0.0,4.0,1.0,0.0,0.0,22,5,11,41.7514312,-87.60535675,POINT (-87.605356749545 41.751431200423),POINT (1182892.1337765525 1852852.8694174273),2021,7856 S COTTAGE GROVE AVE
P244414,PASSENGER,97cc5e4850858fa02ed7eded2a7c80cfc2b793a13e326cbe32d22f923cc3f5a4ddf870957ecb2f90b49d85a3ea59fdd52fdc969369f88d2802437db01b799cee,1033317.0,F,,DID NOT DEPLOY,NONE,NO INDICATION OF INJURY,,,,,,,,2021-05-05 16:55:00,25,CLEAR,DAYLIGHT,REAR END,NOT DIVIDED,DRY,NO DEFECTS,ON SCENE,INJURY AND / OR TOW DUE TO CRASH,,"OVER $1,500",05/05/2021 04:55:00 PM,FAILING TO REDUCE SPEED TO AVOID CRASH,UNABLE TO DETERMINE,,3,NO INDICATION OF INJURY,0.0,0.0,0.0,0.0,0.0,5.0,0.0,16,4,5,41.862894819,-87.702159968,POINT (-87.70215996842 41.862894818545),POINT (1156179.1340793192 1893260.91154171),2021,1400 S SACRAMENTO DR
O1029045,DRIVER,111a3e3e93660b23f8b137ee96f03ac1c88d6883d6bab15518be32c44d4b6c102a2b6524e369823a6ea1f2fdd8b83ee2f51fdf7376f2d3c4cc291e8883efc293,975311.0,F,42.0,DID NOT DEPLOY,NONE,NO INDICATION OF INJURY,NONE,NOT OBSCURED,NORMAL,,,,,2021-01-23 08:20:00,30,CLEAR,DAYLIGHT,REAR TO FRONT,NOT DIVIDED,DRY,NO DEFECTS,ON SCENE,NO INJURY / DRIVE AWAY,,$500 OR LESS,01/23/2021 08:25:00 AM,UNABLE TO DETERMINE,NOT APPLICABLE,,2,NO INDICATION OF INJURY,0.0,0.0,0.0,0.0,0.0,2.0,0.0,8,7,1,41.989790021,-87.74817933,POINT (-87.748179330067 41.989790020839),POINT (1143328.034224481 1939412.876263353),2021,4755 W PETERSON AVE
O1163035,DRIVER,8697d5d951f5b8523d086f7df7dfb6af6f52278eaa2cbe241d5171675090fb0cabc1e569e849176bbfde62af3b4c9b774c98f8348206971dfdb8ca039ad44107,1103243.0,F,,DEPLOYMENT UNKNOWN,NONE,NO INDICATION OF INJURY,UNKNOWN,UNKNOWN,UNKNOWN,,,,,2021-08-06 13:00:00,30,CLEAR,DAYLIGHT,PARKED MOTOR VEHICLE,PARKING LOT,DRY,NO DEFECTS,NOT ON SCENE (DESK REPORT),NO INJURY / DRIVE AWAY,Y,"$501 - $1,500",08/16/2021 01:15:00 PM,UNABLE TO DETERMINE,UNABLE TO DETERMINE,,2,NO INDICATION OF INJURY,0.0,0.0,0.0,0.0,0.0,1.0,0.0,13,6,8,41.937338437,-87.644456472,POINT (-87.644456471505 41.937338437309),POINT (1171679.59116566 1920509.0343541075),2021,3030 N BROADWAY
O1097780,DRIVER,964cd5bec26e6976a585524c131a93f00dfd01607892a6e0514a5a59b3d00dee3f8640545eaaacacb68076bc38ce972ae0f66c48a3411bfcc9b140837e255912,1041264.0,F,46.0,NOT APPLICABLE,NONE,NO INDICATION OF INJURY,OTHER,NOT OBSCURED,NORMAL,,,,,2021-05-18 08:06:00,30,CLEAR,DAYLIGHT,REAR END,DIVIDED - W/MEDIAN (NOT RAISED),DRY,NO DEFECTS,ON SCENE,NO INJURY / DRIVE AWAY,,"$501 - $1,500",05/18/2021 08:08:00 AM,DISTRACTION - FROM INSIDE VEHICLE,UNABLE TO DETERMINE,,2,NO INDICATION OF INJURY,0.0,0.0,0.0,0.0,0.0,2.0,0.0,8,3,5,41.750586569,-87.655157629,POINT (-87.655157629184 41.750586569103),POINT (1169305.3751342243 1852434.0470894298),2021,1232 W 79TH ST
O1088815,DRIVER,e5718a09e0227d95dc70056bbaa2df1fd924b8907bcc64e76bdc59e4857e2fd37157558fef3bab0ed70f88854d183826e370896645f9a45ea6d59ab197e570e6,1032690.0,M,54.0,NOT APPLICABLE,NONE,NO INDICATION OF INJURY,NONE,NOT OBSCURED,NORMAL,,,,,2021-05-04 17:35:00,35,CLEAR,DAYLIGHT,ANGLE,FOUR WAY,DRY,NO DEFECTS,ON SCENE,NO INJURY / DRIVE AWAY,,"$501 - $1,500",05/04/2021 05:37:00 PM,UNABLE TO DETERMINE,NOT APPLICABLE,,2,NO INDICATION OF INJURY,0.0,0.0,0.0,0.0,0.0,2.0,0.0,17,3,5,41.786518133,-87.693538479,POINT (-87.693538479244 41.786518133281),POINT (1158734.8572969637 1865446.9962995967),2021,2758 W 59TH ST
O1240144,DRIVER,dcfc3fe8711652cd3442255a0c4eeafc7246590814e90d3889d7b21a44d07f3e0cd42aa3a5d01a906bb8c9d052a9b83e1d0c86b7c56198b5dadff4f535973f25,1177017.0,M,63.0,NOT APPLICABLE,NONE,NO INDICATION OF INJURY,IMPROPER PASSING,OTHER,NORMAL,,,,,2021-12-05 16:01:00,30,RAIN,DUSK,ANGLE,DIVIDED - W/MEDIAN (NOT RAISED),WET,NO DEFECTS,ON SCENE,INJURY AND / OR TOW DUE TO CRASH,,"OVER $1,500",12/05/2021 04:26:00 PM,UNABLE TO DETERMINE,NOT APPLICABLE,,2,NO INDICATION OF INJURY,0.0,0.0,0.0,0.0,0.0,3.0,0.0,16,1,12,41.939191037,-87.711215898,POINT (-87.711215897962 41.939191036538),POINT (1153510.7079564242 1921045.2387537064),2021,3329 W BELMONT AVE
O1178172,DRIVER,3da87def0d8257acc49509ca149a3a91af2949c82e74524b27ac593b370f21dfc9fc30101227fb911ab86cbf025126b201b378426edfe51bd04dca30ac3e4d93,1117711.0,F,38.0,DID NOT DEPLOY,NONE,NO INDICATION OF INJURY,NONE,NOT OBSCURED,NORMAL,,,,,2021-09-06 18:40:00,30,CLEAR,DAYLIGHT,ANGLE,NOT DIVIDED,DRY,NO DEFECTS,NOT ON SCENE (DESK REPORT),NO INJURY / DRIVE AWAY,Y,"OVER $1,500",09/07/2021 08:15:00 AM,DISREGARDING TRAFFIC SIGNALS,DISREGARDING TRAFFIC SIGNALS,,2,NO INDICATION OF INJURY,0.0,0.0,0.0,0.0,0.0,2.0,0.0,18,2,9,41.846400719,-87.695416319,POINT (-87.695416318771 41.846400718513),POINT (1158060.738693542 1887264.0867521584),2021,2500 S CALIFORNIA AVE
P245197,PASSENGER,680b512597b92e56d40c9b7b295ea691e046884bcfaa286bfba3cb2ce5a9166b9cbd972e28553f8d91dec93aafeeffb0d0db20f4b4458dfe3644b80e5496dbca,1036451.0,F,,NOT APPLICABLE,NONE,NO INDICATION OF INJURY,,,,,,,,2021-05-10 14:55:00,25,CLEAR,DAYLIGHT,PARKED MOTOR VEHICLE,NOT DIVIDED,DRY,NO DEFECTS,ON SCENE,NO INJURY / DRIVE AWAY,,"OVER $1,500",05/10/2021 02:58:00 PM,UNABLE TO DETERMINE,NOT APPLICABLE,,3,NO INDICATION OF INJURY,0.0,0.0,0.0,0.0,0.0,7.0,0.0,14,2,5,41.991517567,-87.706866975,POINT (-87.706866975458 41.991517566925),POINT (1154554.51563669 1940121.850548834),2021,6038 N ALBANY AVE
P276908,PASSENGER,84a27524db3cc4c28adfda315c108116f997cbaa7c6a1142333870a6cfd48139046778dbe75d388434bf77e64f0b7721f5800ee3b317ea18e62671e007354f3a,1174192.0,,,NOT APPLICABLE,NONE,NO INDICATION OF INJURY,,,,,,,,2021-12-01 07:09:00,20,CLEAR,DAYLIGHT,PARKED MOTOR VEHICLE,T-INTERSECTION,DRY,NO DEFECTS,ON SCENE,NO INJURY / DRIVE AWAY,,"OVER $1,500",12/01/2021 07:14:00 AM,UNABLE TO DETERMINE,NOT APPLICABLE,,2,NO INDICATION OF INJURY,0.0,0.0,0.0,0.0,0.0,8.0,0.0,7,4,12,41.958602999,-87.779349151,POINT (-87.779349151218 41.958602998912),POINT (1134927.772407424 1927991.8446447647),2021,6058 W CULLOM AVE
O1042734,DRIVER,0d9dc12d7a5d47a4526d653fe0e6cfa180caba148a093c0cc81e7f6ef25fbe65789082bc86b2bf348caa1ed3e69216008fc572e211b15b0cfb480388a9166152,988512.0,M,26.0,NOT APPLICABLE,NONE,NO INDICATION OF INJURY,NONE,NOT OBSCURED,NORMAL,,,,,2021-02-14 19:00:00,30,SNOW,"DARKNESS, LIGHTED ROAD",REAR END,NOT DIVIDED,SNOW OR SLUSH,NO DEFECTS,NOT ON SCENE (DESK REPORT),NO INJURY / DRIVE AWAY,,"$501 - $1,500",02/15/2021 10:40:00 AM,FAILING TO REDUCE SPEED TO AVOID CRASH,WEATHER,,2,NO INDICATION OF INJURY,0.0,0.0,0.0,0.0,0.0,3.0,0.0,19,1,2,41.917262431,-87.716624429,POINT (-87.716624429322 41.917262430557),POINT (1152096.6660705667 1913043.7881474881),2021,1995 N CENTRAL PARK AVE
P268591,PASSENGER,62eb8733c541c532da6d5d8d89a5ff3ac74e7697288a565328d1bc45e7e2406cc060150812c9e47220301b7c06ed1e27372677b128efe9fcce6e0002ec270e87,1137078.0,F,49.0,DID NOT DEPLOY,NONE,NO INDICATION OF INJURY,,,,,,,,2021-10-04 16:40:00,40,CLEAR,DAYLIGHT,SIDESWIPE SAME DIRECTION,DIVIDED - W/MEDIAN BARRIER,DRY,NO DEFECTS,ON SCENE,INJURY AND / OR TOW DUE TO CRASH,,"OVER $1,500",10/04/2021 04:41:00 PM,IMPROPER LANE USAGE,FAILING TO REDUCE SPEED TO AVOID CRASH,,2,NO INDICATION OF INJURY,0.0,0.0,0.0,0.0,0.0,6.0,0.0,16,2,10,41.915165359,-87.627731462,POINT (-87.627731461886 41.915165358628),POINT (1176296.6457318505 1912466.1279028694),2021,1800 N LAKE SHORE DR SB
O1231568,DRIVER,ec147d77eddec6108665c0fcb2c6df1253bc88893b78bfb4eee001e57230cc5d91100bdabc9fc5d15621319c278708d79739cd2fec0526ba4854aba87bd0ea76,1168771.0,M,32.0,DID NOT DEPLOY,NONE,NO INDICATION OF INJURY,FAILED TO YIELD,OTHER,NORMAL,,,,,2021-11-21 12:50:00,20,RAIN,DAYLIGHT,SIDESWIPE SAME DIRECTION,ONE-WAY,DRY,NO DEFECTS,ON SCENE,NO INJURY / DRIVE AWAY,,"OVER $1,500",11/21/2021 12:56:00 PM,"VISION OBSCURED (SIGNS, TREE LIMBS, BUILDINGS, ETC.)",FAILING TO YIELD RIGHT-OF-WAY,,2,NO INDICATION OF INJURY,0.0,0.0,0.0,0.0,0.0,2.0,0.0,12,1,11,41.935021399,-87.739216386,POINT (-87.739216386254 41.935021399484),POINT (1145903.0598591128 1919471.772998618),2021,2953 N KILBOURN AVE
O1258328,DRIVER,6d0af533a7fcdd7a9ffa177f9489ed771fbf751889077f26628db73103ec1ba17573e6dd6ab828e2209dfeb773a95e0491dcf09cf46f49a759f447b90d7c7694,1194430.0,M,57.0,DID NOT DEPLOY,NONE,"REPORTED, NOT EVIDENT",NONE,NOT OBSCURED,NORMAL,,,,,2021-09-28 10:34:00,35,CLEAR,DAYLIGHT,REAR END,FOUR WAY,DRY,NO DEFECTS,,INJURY AND / OR TOW DUE TO CRASH,Y,$500 OR LESS,09/28/2021 10:35:00 AM,FOLLOWING TOO CLOSELY,FOLLOWING TOO CLOSELY,,2,"REPORTED, NOT EVIDENT",2.0,0.0,0.0,0.0,2.0,2.0,0.0,10,3,9,41.783791474,-87.615857666,POINT (-87.615857665732 41.783791474078),POINT (1179928.3796573859 1864620.6344065985),2021,6100 S DR MARTIN LUTHER KING JR DR
O1195816,DRIVER,671716e26a72bad555dfa5c996f6a45ad691387f42bd729ba37202778310849e455d3683b4b39810a83954be1c55b4a1071c4b55ef5ec1d8e0a5bbc59ee25681,1134593.0,M,49.0,NOT APPLICABLE,NONE,"REPORTED, NOT EVIDENT",NONE,NOT OBSCURED,NORMAL,,,,,2021-10-01 08:25:00,35,CLEAR,DAYLIGHT,HEAD ON,NOT DIVIDED,DRY,NO DEFECTS,ON SCENE,INJURY AND / OR TOW DUE TO CRASH,,"OVER $1,500",10/01/2021 08:36:00 AM,DISTRACTION - FROM OUTSIDE VEHICLE,DRIVING ON WRONG SIDE/WRONG WAY,,3,"REPORTED, NOT EVIDENT",2.0,0.0,0.0,0.0,2.0,0.0,0.0,8,6,10,41.980955784,-87.805712038,POINT (-87.805712037727 41.980955784162),POINT (1127707.1639027267 1936092.027159767),2021,7130 W HIGGINS AVE
O1017948,DRIVER,21708a16c0fe4b8c27b4520a61463cbe70bccaea9da6dab5a13192fdd01013cfb2e1ced620651f95b96dfdf32cdd8375554934de2787c122b236f2ea04a9972c,964807.0,M,27.0,DID NOT DEPLOY,NONE,NO INDICATION OF INJURY,IMPROPER PASSING,UNKNOWN,UNKNOWN,,,,,2021-01-01 02:13:00,30,OTHER,"DARKNESS, LIGHTED ROAD",PARKED MOTOR VEHICLE,ONE-WAY,SNOW OR SLUSH,UNKNOWN,ON SCENE,NO INJURY / DRIVE AWAY,,$500 OR LESS,01/01/2021 02:20:00 AM,UNABLE TO DETERMINE,UNABLE TO DETERMINE,,2,NO INDICATION OF INJURY,0.0,0.0,0.0,0.0,0.0,1.0,0.0,2,6,1,41.731177214,-87.666429143,POINT (-87.666429142617 41.731177214217),POINT (1166284.4847786003 1845337.4273629463),2021,8929 S HERMITAGE AVE
P238972,PASSENGER,83351d133165defd9b331e0809dc4cbd1d8a2c52fdfdd34d00e7f0464dfcc20cf8c4600acd8e7243bd238c5b0111d80d28f6d2fc085ece30344074ca93e7199b,1008786.0,M,,DID NOT DEPLOY,NONE,NO INDICATION OF INJURY,,,,,,,,2021-03-23 21:05:00,30,CLEAR,"DARKNESS, LIGHTED ROAD",PARKED MOTOR VEHICLE,ONE-WAY,WET,UNKNOWN,NOT ON SCENE (DESK REPORT),NO INJURY / DRIVE AWAY,Y,"OVER $1,500",03/23/2021 09:06:00 PM,UNABLE TO DETERMINE,UNABLE TO DETERMINE,,2,NO INDICATION OF INJURY,0.0,0.0,0.0,0.0,0.0,3.0,0.0,21,3,3,41.873406916,-87.720270846,POINT (-87.720270845952 41.873406916379),POINT (1151218.4246259837 1897055.747301759),2021,3757 W HARRISON ST
O1038147,DRIVER,3752403206a42479bee3aa8a22037b64785b12104624bb1dbdbee43d9ac764baea4e35e614640858f962499f8cda8fc330280e0c441fb5467532645c80390246,984037.0,M,34.0,"DEPLOYED, FRONT",NONE,NONINCAPACITATING INJURY,UNKNOWN,NOT OBSCURED,UNKNOWN,,,,,2021-02-08 00:00:00,30,CLEAR,"DARKNESS, LIGHTED ROAD",FIXED OBJECT,NOT DIVIDED,UNKNOWN,NO DEFECTS,ON SCENE,INJURY AND / OR TOW DUE TO CRASH,,"OVER $1,500",02/08/2021 12:02:00 AM,FAILING TO REDUCE SPEED TO AVOID CRASH,NOT APPLICABLE,,1,NONINCAPACITATING INJURY,1.0,0.0,0.0,1.0,0.0,0.0,0.0,0,2,2,41.735635329,-87.682650343,POINT (-87.682650342555 41.735635328819),POINT (1161844.5321451742 1846928.0288358536),2021,2400 W 87TH ST
O1226354,DRIVER,ba04a8758b628963754cda08c76fb78f75a3d459208466f8a082791018f7e70fee86a25b981ff3819e9a51f1e869c8c31676ec5ab049afe7e081f9fdd24d01a9,1163767.0,X,,DEPLOYMENT UNKNOWN,NONE,NO INDICATION OF INJURY,IMPROPER TURN,UNKNOWN,UNKNOWN,,,,,2021-11-08 09:50:00,30,CLEAR,DAYLIGHT,TURNING,DIVIDED - W/MEDIAN (NOT RAISED),DRY,NO DEFECTS,NOT ON SCENE (DESK REPORT),NO INJURY / DRIVE AWAY,Y,"OVER $1,500",11/13/2021 03:12:00 PM,IMPROPER TURNING/NO SIGNAL,NOT APPLICABLE,,2,NO INDICATION OF INJURY,0.0,0.0,0.0,0.0,0.0,2.0,0.0,9,2,11,41.871565991,-87.666675414,POINT (-87.666675414457 41.871565990609),POINT (1165820.4955189887 1896493.730373193),2021,800 S ASHLAND AVE
O1047704,DRIVER,04e62fad023f15527410570aff7346374bfa77249b92e5cbd15796fb43187e5c8dc53479d4299ddbb09bcc40c8cb3827206ea6b3fea694dd1c6d8454a3af9499,993339.0,M,70.0,DID NOT DEPLOY,NONE,NO INDICATION OF INJURY,NONE,UNKNOWN,NORMAL,,,,,2021-02-22 14:30:00,30,CLEAR,DAYLIGHT,ANGLE,FOUR WAY,UNKNOWN,UNKNOWN,NOT ON SCENE (DESK REPORT),NO INJURY / DRIVE AWAY,,"OVER $1,500",02/22/2021 03:20:00 PM,FAILING TO REDUCE SPEED TO AVOID CRASH,NOT APPLICABLE,,2,NO INDICATION OF INJURY,0.0,0.0,0.0,0.0,0.0,2.0,0.0,14,2,2,41.76602778,-87.576443123,POINT (-87.576443122779 41.766027779516),POINT (1190735.0157815265 1858239.8290280083),2021,7100 S JEFFERY BLVD
O1159890,BICYCLE,9f55ea432ef3f4d14f1e0b8a8cb05ec936d6f6f12e826199cd563c50fedeb2f0cddfbcb9c695bb422077c95fc1ed71f0d04c62e69c92cfcc827877e9c05bd211,,M,41.0,,NONE,NONINCAPACITATING INJURY,NONE,NOT OBSCURED,NORMAL,WITH TRAFFIC,CONTRASTING CLOTHING,BIKE LANE,,2021-08-11 19:33:00,30,CLEAR,DAYLIGHT,PEDALCYCLIST,NOT DIVIDED,DRY,NO DEFECTS,ON SCENE,INJURY AND / OR TOW DUE TO CRASH,,$500 OR LESS,08/11/2021 07:33:00 PM,UNABLE TO DETERMINE,UNABLE TO DETERMINE,Y,2,NONINCAPACITATING INJURY,1.0,0.0,0.0,1.0,0.0,1.0,0.0,19,4,8,41.857918477,-87.665506712,POINT (-87.66550671179 41.857918477322),POINT (1166177.4907187347 1891523.0786864),2021,1544 W 18TH ST
O1049936,DRIVER,04756d394a6c8c31cbd8a41f449939a9c6a6ca24cdefa2b67b55e56e7931e055162a40bdff88cf4208e96a63876029f9d5259d934649cffc061ee7568670c88a,995519.0,F,38.0,DID NOT DEPLOY,NONE,NO INDICATION OF INJURY,NONE,NOT OBSCURED,NORMAL,,,,,2021-02-26 11:30:00,30,CLEAR,DAYLIGHT,PARKED MOTOR VEHICLE,DIVIDED - W/MEDIAN (NOT RAISED),DRY,NO DEFECTS,NOT ON SCENE (DESK REPORT),NO INJURY / DRIVE AWAY,,"OVER $1,500",02/26/2021 12:50:00 PM,UNABLE TO DETERMINE,NOT APPLICABLE,,2,NO INDICATION OF INJURY,0.0,0.0,0.0,0.0,0.0,1.0,0.0,11,6,2,41.922020697,-87.683489166,POINT (-87.683489166368 41.922020696751),POINT (1161101.8316830143 1914844.2991053641),2021,2220 W PALMER ST