PERSON_ID,PERSON_TYPE,CRASH_RECORD_ID,VEHICLE_ID,SEX,AGE,AIRBAG_DEPLOYED,EJECTION,INJURY_CLASSIFICATION,DRIVER_ACTION,DRIVER_VISION,PHYSICAL_CONDITION,PEDPEDAL_ACTION,PEDPEDAL_VISIBILITY,PEDPEDAL_LOCATION,CRASH_DATE_EST_I,CRASH_DATE,POSTED_SPEED_LIMIT,WEATHER_CONDITION,LIGHTING_CONDITION,FIRST_CRASH_TYPE,TRAFFICWAY_TYPE,ROADWAY_SURFACE_COND,ROAD_DEFECT,REPORT_TYPE,CRASH_TYPE,HIT_AND_RUN_I,DAMAGE,DATE_POLICE_NOTIFIED,PRIM_CONTRIBUTORY_CAUSE,SEC_CONTRIBUTORY_CAUSE,DOORING_I,NUM_UNITS,MOST_SEVERE_INJURY,INJURIES_TOTAL,INJURIES_FATAL,INJURIES_INCAPACITATING,INJURIES_NON_INCAPACITATING,INJURIES_REPORTED_NOT_EVIDENT,INJURIES_NO_INDICATION,INJURIES_UNKNOWN,CRASH_HOUR,CRASH_DAY_OF_WEEK,CRASH_MONTH,LATITUDE,LONGITUDE,LOCATION,geometry,YEAR,ADDRESS
O1035311,DRIVER,9487171c0a5c242e9ea5c889615df76db701fc88ff82be8fb65bd264af0d45fdb669c01a0bf8df70b9db23a0323e3a036dd56195dfa92a42df138350a718b8e2,981333.0,F,26.0,DID NOT DEPLOY,NONE,NO INDICATION OF INJURY,FOLLOWED TOO CLOSELY,NOT OBSCURED,NORMAL,,,,Y,2021-02-03 20:44:00,30,CLEAR,"DARKNESS, LIGHTED ROAD",REAR END,NOT DIVIDED,DRY,NO DEFECTS,ON SCENE,NO INJURY / DRIVE AWAY,,"OVER $1,500",02/03/2021 08:44:00 PM,FOLLOWING TOO CLOSELY,FAILING TO REDUCE SPEED TO AVOID CRASH,,2,NO INDICATION OF INJURY,0.0,0.0,0.0,0.0,0.0,6.0,0.0,20,4,2,41.823847216,-87.624665617,POINT (-87.624665616643 41.823847216418),POINT (1177405.8116612004 1879196.8042701252),2021,46 E PERSHING RD
O1033862,DRIVER,c347e3a26af1cee705fe667a93a8ba6d67babe33ed81c06e566d811d90b71413fa78ae5b1d7ce1068c1a02f84394ce065325a8b7fc9ea50f87e99c6433548c94,979927.0,M,18.0,"DEPLOYED, FRONT",NONE,NO INDICATION OF INJURY,NONE,NOT OBSCURED,NORMAL,,,,,2021-02-01 14:00:00,35,CLEAR,DAYLIGHT,SIDESWIPE OPPOSITE DIRECTION,DIVIDED - W/MEDIAN (NOT RAISED),DRY,NO DEFECTS,ON SCENE,INJURY AND / OR TOW DUE TO CRASH,,"OVER $1,500",02/01/2021 02:01:00 PM,DISREGARDING ROAD MARKINGS,DISREGARDING ROAD MARKINGS,,3,NO INDICATION OF INJURY,0.0,0.0,0.0,0.0,0.0,3.0,0.0,14,2,2,41.813751236,-87.68387171,POINT (-87.683871709926 41.813751236224),POINT (1161296.212396087 1875390.3345462081),2021,4401 S WESTERN BLVD
O1047059,DRIVER,3b37c264c4d2da326dd136980c6b76521c55d7ed8e8a291dcc060c8be3a4ea0a755e65980edfb68ed912f641b0812743b68921bd11b1b06fb4b4b6dbff846646,992712.0,M,57.0,DID NOT DEPLOY,NONE,NO INDICATION OF INJURY,NONE,NOT OBSCURED,NORMAL,,,,,2021-02-21 13:20:00,35,CLOUDY/OVERCAST,DAYLIGHT,ANGLE,DIVIDED - W/MEDIAN (NOT RAISED),WET,NO DEFECTS,ON SCENE,INJURY AND / OR TOW DUE TO CRASH,,"OVER $1,500",02/21/2021 01:25:00 PM,FAILING TO YIELD RIGHT-OF-WAY,NOT APPLICABLE,,2,NO INDICATION OF INJURY,0.0,0.0,0.0,0.0,0.0,3.0,0.0,13,1,2,41.952449111,-87.841606941,POINT (-87.841606940632 41.952449110708),POINT (1118007.1388611947 1925646.0338338078),2021,8600 W IRVING PARK RD
P255210,PASSENGER,b99da02a608fcafe1ae6a82e2dcb229e8400f02c540e106d052c367ac289b911d4f9df539ab4a2623ccf774a0547d26589ae249f0e2660daafd19b4a2d254490,1078416.0,F,47.0,DID NOT DEPLOY,NONE,"REPORTED, NOT EVIDENT",,,,,,,,2021-07-10 09:45:00,30,CLEAR,DAYLIGHT,PEDALCYCLIST,NOT DIVIDED,DRY,NO DEFECTS,ON SCENE,INJURY AND / OR TOW DUE TO CRASH,,$500 OR LESS,07/10/2021 09:50:00 AM,DRIVING SKILLS/KNOWLEDGE/EXPERIENCE,NOT APPLICABLE,N,2,"REPORTED, NOT EVIDENT",2.0,0.0,0.0,0.0,2.0,0.0,0.0,9,7,7,41.968529904,-87.711833806,POINT (-87.711833805824 41.968529904353),POINT (1153265.0594786205 1931735.1966537628),2021,3320 W LAWRENCE AVE
P267916,PASSENGER,c95e74c754b16b09e716ec8a69e554efc3672c4b3ab1ff024d904fd7b45e6588371d0249c28c49231677ae70a804e270290557d5755cb2b48209930c91e497d0,1133950.0,F,51.0,DID NOT DEPLOY,NONE,NO INDICATION OF INJURY,,,,,,,,2021-08-30 19:00:00,10,CLEAR,DAYLIGHT,PARKED MOTOR VEHICLE,PARKING LOT,DRY,NO DEFECTS,NOT ON SCENE (DESK REPORT),NO INJURY / DRIVE AWAY,,"OVER $1,500",09/30/2021 11:40:00 AM,DRIVING SKILLS/KNOWLEDGE/EXPERIENCE,UNABLE TO DETERMINE,,2,NO INDICATION OF INJURY,0.0,0.0,0.0,0.0,0.0,3.0,0.0,19,2,8,41.868082661,-87.639365416,POINT (-87.639365415895 41.868082660987),POINT (1173268.929422332 1895283.3624998592),2021,1130 S CANAL ST
P271544,PASSENGER,34dab6839d0b5cdc248bf21c2353cd7222e7a7892579c81a99a64dacf03daf27de652375faeb486962d6c0c000dd4426e74eead67cc010a52b1d4e15c81f5dfe,1150450.0,F,15.0,NOT APPLICABLE,NONE,NO INDICATION OF INJURY,,,,,,,,2021-10-25 07:55:00,35,RAIN,DAYLIGHT,ANGLE,NOT DIVIDED,WET,NO DEFECTS,ON SCENE,INJURY AND / OR TOW DUE TO CRASH,,"OVER $1,500",10/25/2021 07:55:00 AM,UNABLE TO DETERMINE,UNABLE TO DETERMINE,,2,NO INDICATION OF INJURY,0.0,0.0,0.0,0.0,0.0,3.0,0.0,7,2,10,41.722049309,-87.584947228,POINT (-87.584947227798 41.722049308932),POINT (1188554.3945766997 1842194.1646166684),2021,9507 S STONY ISLAND AVE
O1240588,DRIVER,242b1a578ea64241958dce607d8afb3abe89ca1d46125428d1740e875161a036effb7c3b80a44401e4d180cc882cb6ab49dfa8e36276a09c1c8fc3ba61954df9,1177445.0,F,23.0,DID NOT DEPLOY,NONE,NO INDICATION OF INJURY,OTHER,NOT OBSCURED,NORMAL,,,,,2021-12-06 09:26:00,25,CLEAR,DAYLIGHT,PARKED MOTOR VEHICLE,DRIVEWAY,DRY,NO DEFECTS,ON SCENE,NO INJURY / DRIVE AWAY,Y,"OVER $1,500",12/06/2021 09:30:00 AM,FAILING TO REDUCE SPEED TO AVOID CRASH,NOT APPLICABLE,,2,NO INDICATION OF INJURY,0.0,0.0,0.0,0.0,0.0,1.0,0.0,9,2,12,41.687453481,-87.654538109,POINT (-87.654538108688 41.687453480656),POINT (1169655.8073624934 1829430.3831369982),2021,11336 S THROOP ST
P276706,PASSENGER,20f348d9482720489bd79d99c6f13fd75dc955717ec3c1fbaade9b15785936d9d83b4b666c27ea687856613b661faf3f8ff4b54ee6cdd12f0690818bc42c17ec,1173378.0,M,,DID NOT DEPLOY,NONE,NO INDICATION OF INJURY,,,,,,,,2021-11-29 14:35:00,30,CLEAR,DAYLIGHT,PARKED MOTOR VEHICLE,FOUR WAY,DRY,NO DEFECTS,ON SCENE,INJURY AND / OR TOW DUE TO CRASH,Y,"OVER $1,500",11/29/2021 02:36:00 PM,IMPROPER TURNING/NO SIGNAL,DRIVING SKILLS/KNOWLEDGE/EXPERIENCE,,3,"REPORTED, NOT EVIDENT",1.0,0.0,0.0,0.0,1.0,4.0,0.0,14,2,11,41.945995693,-87.776365991,POINT (-87.776365991239 41.945995692733),POINT (1135769.0189100201 1923402.968462685),2021,3607 N AUSTIN AVE
O1171294,DRIVER,d19946a19fa8e61f508379529ac612346f4b9177a6cc8e5d4c1539e754333ee45fa39ae981db82b6a658b144c73e27133ac5d991d7200914dc1ed2a67b3cf365,1111118.0,F,23.0,"DEPLOYED, FRONT",NONE,"REPORTED, NOT EVIDENT",OTHER,UNKNOWN,NORMAL,,,,,2021-08-28 09:36:00,30,CLEAR,DAYLIGHT,TURNING,FOUR WAY,DRY,NO DEFECTS,ON SCENE,INJURY AND / OR TOW DUE TO CRASH,N,"OVER $1,500",08/28/2021 09:40:00 AM,DISREGARDING TRAFFIC SIGNALS,FAILING TO YIELD RIGHT-OF-WAY,,2,"REPORTED, NOT EVIDENT",2.0,0.0,0.0,0.0,2.0,1.0,0.0,9,7,8,41.722448383,-87.585211606,POINT (-87.585211605863 41.722448382529),POINT (1188480.956927129 1842338.9556207336),2021,1598 E 95TH ST
O1255357,DRIVER,b21c3c048ac319f0fca67804ab0fce0149c97d11a850fff5aba1e5d123ae0cbaec29799c1bc7e289e70303e2167606867a2e888220a341464d5d2818e8745b9f,1191621.0,M,25.0,DID NOT DEPLOY,NONE,NO INDICATION OF INJURY,NONE,NOT OBSCURED,NORMAL,,,,,2021-12-31 13:31:00,30,CLEAR,DAYLIGHT,SIDESWIPE SAME DIRECTION,NOT DIVIDED,DRY,NO DEFECTS,ON SCENE,INJURY AND / OR TOW DUE TO CRASH,,"OVER $1,500",12/31/2021 01:31:00 PM,UNABLE TO DETERMINE,UNABLE TO DETERMINE,,2,NO INDICATION OF INJURY,0.0,0.0,0.0,0.0,0.0,2.0,0.0,13,6,12,41.869130395,-87.680566017,POINT (-87.680566016706 41.869130394922),POINT (1162043.9914219738 1895577.1270772978),2021,2157 W OGDEN AVE
P275330,PASSENGER,c678265a9c9d6cab710e3d3e997211e47ecc01de8aebd92f220210be512672f160e3c4cf4b834fcdbe205809577f46db7888cc59003eb1271acc9716531ad18f,1167218.0,M,,DID NOT DEPLOY,NONE,NO INDICATION OF INJURY,,,,,,,,2021-11-19 08:00:00,30,CLEAR,DAYLIGHT,SIDESWIPE SAME DIRECTION,NOT DIVIDED,DRY,NO DEFECTS,ON SCENE,NO INJURY / DRIVE AWAY,Y,"OVER $1,500",11/19/2021 08:15:00 AM,IMPROPER OVERTAKING/PASSING,UNABLE TO DETERMINE,,2,NO INDICATION OF INJURY,0.0,0.0,0.0,0.0,0.0,4.0,0.0,8,6,11,41.902634654,-87.7178401,POINT (-87.717840099967 41.902634653566),POINT (1151804.0510455144 1907711.0435907454),2021,3635 W DIVISION ST
O1121812,DRIVER,3fbeb852f9ae1c834e5cc78eb82ce726e60429e44bb1951c135b040fb88e443a84afbc67b2048be14f70c2a523428b81da33a2448f9ea7e9ec0d351d2ea60550,1064058.0,F,44.0,NOT APPLICABLE,NONE,NO INDICATION OF INJURY,OTHER,NOT OBSCURED,NORMAL,,,,,2021-06-19 14:30:00,0,CLEAR,UNKNOWN,REAR TO REAR,PARKING LOT,DRY,NO DEFECTS,NOT ON SCENE (DESK REPORT),NO INJURY / DRIVE AWAY,,$500 OR LESS,06/19/2021 03:30:00 PM,UNABLE TO DETERMINE,NOT APPLICABLE,,2,NO INDICATION OF INJURY,0.0,0.0,0.0,0.0,0.0,2.0,0.0,14,7,6,41.880554245,-87.647470406,POINT (-87.647470405718 41.880554245414),POINT (1171025.012953125 1899810.2493874067),2021,40 S HALSTED ST
O1039597,DRIVER,f77c1c3840350044a5a4d7a0b1ecfa2a0a724ec4aa8eb1477cbe1168c2d7de07168e1e4759638e01df778b6ce7b642f8b3a565b1876e19bc7523e8ca4362b023,985448.0,M,30.0,DID NOT DEPLOY,NONE,NO INDICATION OF INJURY,UNKNOWN,NOT OBSCURED,NORMAL,,,,,2021-02-07 11:30:00,30,SNOW,DAYLIGHT,ANGLE,DIVIDED - W/MEDIAN BARRIER,SNOW OR SLUSH,NO DEFECTS,,NO INJURY / DRIVE AWAY,,"OVER $1,500",02/07/2021 11:50:00 AM,UNABLE TO DETERMINE,UNABLE TO DETERMINE,,2,NO INDICATION OF INJURY,0.0,0.0,0.0,0.0,0.0,3.0,0.0,11,1,2,41.795294927,-87.587525032,POINT (-87.587525031623 41.795294926626),POINT (1187619.2736653122 1868878.1747447287),2021,1600 E 55TH ST
O1029962,DRIVER,55d4e5d50225200f929c9c15d604966e19a175372a8c927daedd0aa47262bda7fb4c0e3f809e493e6002050a97de4a2506edf9990ba1a36a52bfd423707821cd,976183.0,X,,DEPLOYMENT UNKNOWN,NONE,NO INDICATION OF INJURY,UNKNOWN,UNKNOWN,UNKNOWN,,,,Y,2021-01-02 00:01:00,10,UNKNOWN,UNKNOWN,FIXED OBJECT,PARKING LOT,UNKNOWN,UNKNOWN,NOT ON SCENE (DESK REPORT),NO INJURY / DRIVE AWAY,Y,"OVER $1,500",01/25/2021 08:50:00 AM,UNABLE TO DETERMINE,UNABLE TO DETERMINE,,1,NO INDICATION OF INJURY,0.0,0.0,0.0,0.0,0.0,1.0,0.0,0,7,1,41.75889207,-87.565223113,POINT (-87.565223113022 41.758892070498),POINT (1193819.1534916377 1855666.7653939237),2021,2431 E 75TH ST
O1168723,DRIVER,3cbb7eaca7ebad7d7d75a12c5b8a4d038f8b55dac145351b694dbccdd890399e9f4a8f3742fcd2b644436ca2317d9c5650834e3e7bdf1b9ede65c5570c698c6f,1108659.0,F,21.0,DID NOT DEPLOY,NONE,NO INDICATION OF INJURY,UNKNOWN,UNKNOWN,NORMAL,,,,,2021-08-24 18:30:00,30,RAIN,DARKNESS,REAR END,NOT DIVIDED,WET,UNKNOWN,ON SCENE,INJURY AND / OR TOW DUE TO CRASH,,"OVER $1,500",08/24/2021 06:36:00 PM,UNABLE TO DETERMINE,UNABLE TO DETERMINE,,2,NO INDICATION OF INJURY,0.0,0.0,0.0,0.0,0.0,2.0,0.0,18,3,8,41.880913308,-87.701627716,POINT (-87.701627715739 41.880913308144),POINT (1156275.7974268268 1899827.881654925),2021,3009 W MADISON ST
P256331,PASSENGER,82550eb945d8bc9c2e573d0c9f269491def3e7572d0a7cb211f8e08492df76854c86b94ec52e64a549c4263fcda47552e82ef3cc86c555f1e4f312b835104947,1083290.0,F,56.0,DID NOT DEPLOY,NONE,NO INDICATION OF INJURY,,,,,,,,2021-07-18 00:32:00,30,CLEAR,"DARKNESS, LIGHTED ROAD",TURNING,T-INTERSECTION,DRY,NO DEFECTS,NOT ON SCENE (DESK REPORT),INJURY AND / OR TOW DUE TO CRASH,,"OVER $1,500",07/18/2021 12:38:00 AM,DRIVING SKILLS/KNOWLEDGE/EXPERIENCE,UNABLE TO DETERMINE,,2,NO INDICATION OF INJURY,0.0,0.0,0.0,0.0,0.0,4.0,0.0,0,1,7,41.886679429,-87.630292407,POINT (-87.630292407055 41.88667942918),POINT (1175684.6863127216 1902080.1159630183),2021,63 W LOWER WACKER DR
O1026730,DRIVER,2686e372365286ad0a494a44664dbb5f265ee1ca6b2e7cccf80794a4d7f7608c60dd3ec5a78d3e3a210a56f84d9417c7bd9cc65a5470c7600a28d40605c96824,973135.0,M,,DEPLOYMENT UNKNOWN,NONE,NO INDICATION OF INJURY,IMPROPER BACKING,UNKNOWN,UNKNOWN,,,,,2021-01-18 21:43:00,30,CLEAR,"DARKNESS, LIGHTED ROAD",PARKED MOTOR VEHICLE,ONE-WAY,DRY,NO DEFECTS,ON SCENE,NO INJURY / DRIVE AWAY,Y,"$501 - $1,500",01/18/2021 09:50:00 PM,IMPROPER BACKING,DISTRACTION - FROM INSIDE VEHICLE,,2,NO INDICATION OF INJURY,0.0,0.0,0.0,0.0,0.0,1.0,0.0,21,2,1,41.749651389,-87.598015192,POINT (-87.598015191917 41.749651389242),POINT (1184900.9714623033 1852221.357123494),2021,7958 S GREENWOOD AVE
O1046331,DRIVER,533c2d1d209bc8927ddd2e0c0ab95e53ae09e46d6be5056115c212f1a53405ee8f385c23d83f2b4772b025ac84d18e06f5ff6f9061924beab1f7d32a9331a3a3,991989.0,F,,DEPLOYMENT UNKNOWN,NONE,NO INDICATION OF INJURY,UNKNOWN,UNKNOWN,UNKNOWN,,,,,2021-02-20 11:00:00,30,CLEAR,DAYLIGHT,REAR TO FRONT,NOT DIVIDED,UNKNOWN,NO DEFECTS,NOT ON SCENE (DESK REPORT),NO INJURY / DRIVE AWAY,,"$501 - $1,500",02/20/2021 01:15:00 PM,UNABLE TO DETERMINE,NOT APPLICABLE,,2,NO INDICATION OF INJURY,0.0,0.0,0.0,0.0,0.0,2.0,0.0,11,7,2,41.814104506,-87.694529086,POINT (-87.694529086028 41.814104506417),POINT (1158389.992217367 1875497.2874438923),2021,4348 S CALIFORNIA AVE
P241822,PASSENGER,42cce188c7030deb259139e6b8848a134dbf6393b0c13772c0c60e3a23c0b904ad1b47b5356b968a654c9491d0475730f124d68cd7aab81e3dbcf6971204f63d,1021213.0,,,DID NOT DEPLOY,NONE,NO INDICATION OF INJURY,,,,,,,,2021-04-15 09:00:00,15,CLOUDY/OVERCAST,DAYLIGHT,REAR TO SIDE,ALLEY,DRY,NO DEFECTS,ON SCENE,NO INJURY / DRIVE AWAY,,"OVER $1,500",04/15/2021 09:34:00 AM,UNABLE TO DETERMINE,UNABLE TO DETERMINE,,2,NO INDICATION OF INJURY,0.0,0.0,0.0,0.0,0.0,3.0,0.0,9,5,4,41.896515291,-87.669602122,POINT (-87.669602122359 41.896515291434),POINT (1164953.0588286975 1905579.0568495046),2021,815 N PAULINA ST
O1120564,DRIVER,c7cb54d06341fba29398a3414df861896a68d68dbef4a53fb469e64ac82e874bc4831e88f3b6439c567048aa680944abf4a0279a5dbbe70ca3cb59acad13b2a9,1062875.0,M,,DEPLOYMENT UNKNOWN,NONE,NO INDICATION OF INJURY,NONE,UNKNOWN,UNKNOWN,,,,,2021-06-18 06:25:00,30,RAIN,"DARKNESS, LIGHTED ROAD",TURNING,NOT DIVIDED,WET,NO DEFECTS,NOT ON SCENE (DESK REPORT),NO INJURY / DRIVE AWAY,,"OVER $1,500",06/18/2021 08:00:00 AM,UNABLE TO DETERMINE,UNABLE TO DETERMINE,,2,NO INDICATION OF INJURY,0.0,0.0,0.0,0.0,0.0,3.0,0.0,6,6,6,41.847773135,-87.695704304,POINT (-87.695704303988 41.847773134609),POINT (1157978.558971125 1887763.6078001752),2021,2807 W 24TH BLVD
O1172821,DRIVER,d6c4da60ea2d3637a5332a47a5834053e65ccfe24614a448d4ede45230a2561626f5d26757edc82604a6791aac61e6da849beb2076ed58e24d0b50ad92eae116,1112566.0,M,0.0,"DEPLOYED, FRONT",NONE,NO INDICATION OF INJURY,FOLLOWED TOO CLOSELY,NOT OBSCURED,NORMAL,,,,,2021-08-30 13:02:00,30,CLEAR,DAYLIGHT,REAR END,DIVIDED - W/MEDIAN (NOT RAISED),DRY,NO DEFECTS,ON SCENE,INJURY AND / OR TOW DUE TO CRASH,,"OVER $1,500",08/30/2021 01:04:00 PM,UNABLE TO DETERMINE,NOT APPLICABLE,,3,"REPORTED, NOT EVIDENT",1.0,0.0,0.0,0.0,1.0,2.0,0.0,13,2,8,41.968252068,-87.736968193,POINT (-87.736968193017 41.968252068448),POINT (1146430.5107256772 1931585.3715083452),2021,4336 W LAWRENCE AVE
P279661,PASSENGER,1d6ac931d711f9036f397d303afe2828be76b1165009a72b68a224c15844ae87a9e8296827d99ddc87df64ad9bebf3b6d44371645245c44ed21bf7b34875f2b9,1187058.0,F,23.0,"DEPLOYED, COMBINATION",NONE,NO INDICATION OF INJURY,,,,,,,,2021-12-22 00:16:00,30,CLEAR,"DARKNESS, LIGHTED ROAD",TURNING,NOT DIVIDED,DRY,NO DEFECTS,ON SCENE,INJURY AND / OR TOW DUE TO CRASH,,"OVER $1,500",12/22/2021 12:16:00 AM,FAILING TO YIELD RIGHT-OF-WAY,NOT APPLICABLE,,2,NO INDICATION OF INJURY,0.0,0.0,0.0,0.0,0.0,3.0,0.0,0,4,12,41.9096867,-87.749895778,POINT (-87.749895777876 41.90968669954),POINT (1143060.1085209844 1910219.828827475),2021,4916 W NORTH AVE
O1228567,DRIVER,b79c21455395fa2dec7bfb2b11a66c58cc0e4fed740e64e5c2e3b26190dad75df2726032ef6d4fc588c97d4359250d739c9f5210a41fa09c542450c8d452dea5,1165895.0,F,24.0,DID NOT DEPLOY,NONE,NO INDICATION OF INJURY,NONE,NOT OBSCURED,NORMAL,,,,,2021-11-16 22:28:00,35,CLEAR,"DARKNESS, LIGHTED ROAD",ANGLE,FOUR WAY,WET,NO DEFECTS,ON SCENE,NO INJURY / DRIVE AWAY,Y,"OVER $1,500",11/16/2021 11:06:00 PM,DISREGARDING TRAFFIC SIGNALS,FAILING TO REDUCE SPEED TO AVOID CRASH,,3,NO INDICATION OF INJURY,0.0,0.0,0.0,0.0,0.0,4.0,0.0,22,3,11,41.885087885,-87.676868039,POINT (-87.676868038988 41.88508788525),POINT (1163006.7373254937 1901399.695878895),2021,2000 W LAKE ST
P263245,PASSENGER,572d887eb7e65775ceff7d12f40215ac931c69104ca8c9c0dc9305f6b77f3922bef62aa0c7799be8a1d28ab7b59a264350e1d3b18c9597cbd294a8390fecafe7,1113450.0,F,,DID NOT DEPLOY,NONE,NO INDICATION OF INJURY,,,,,,,,2021-08-31 15:30:00,30,CLEAR,DAYLIGHT,REAR END,NOT DIVIDED,DRY,NO DEFECTS,NOT ON SCENE (DESK REPORT),NO INJURY / DRIVE AWAY,,"OVER $1,500",08/31/2021 03:55:00 PM,UNABLE TO DETERMINE,UNABLE TO DETERMINE,,2,NO INDICATION OF INJURY,0.0,0.0,0.0,0.0,0.0,3.0,0.0,15,3,8,41.876983788,-87.742823734,POINT (-87.742823733801 41.876983788256),POINT (1145067.1223244586 1898316.088572202),2021,4700 W JACKSON BLVD
O1240858,DRIVER,6b24a964699ad48c620973078e5ef97d62fbfc11ded646bf8fea85282a5e2c09afe38c3c0c272e4cfc6d9984f03ae39257a67a575ba676788fd5feb186244b99,1177710.0,M,19.0,"DEPLOYED, FRONT",NONE,NONINCAPACITATING INJURY,FAILED TO YIELD,UNKNOWN,NORMAL,,,,,2021-12-05 00:51:00,20,CLEAR,"DARKNESS, LIGHTED ROAD",ANGLE,DIVIDED - W/MEDIAN (NOT RAISED),DRY,NO DEFECTS,,INJURY AND / OR TOW DUE TO CRASH,,"OVER $1,500",12/05/2021 12:51:00 AM,FAILING TO REDUCE SPEED TO AVOID CRASH,FAILING TO YIELD RIGHT-OF-WAY,,2,NONINCAPACITATING INJURY,2.0,0.0,0.0,2.0,0.0,1.0,0.0,0,1,12,41.903639931,-87.65554697,POINT (-87.655546970003 41.903639930952),POINT (1168759.129237787 1908205.1940012607),2021,1100 W DIVISION ST
O1153185,DRIVER,f237f472a22a8a76baee347b3ed2b6b8283572fe12700f1e2f8ae2747235a7d3d3570fa09fe9320f76ca6b56852dac7e47885613bccc521ea6d6e68e013b5c7a,1093881.0,F,36.0,NOT APPLICABLE,NONE,NO INDICATION OF INJURY,IMPROPER TURN,NOT OBSCURED,NORMAL,,,,,2021-08-02 10:00:00,30,CLEAR,DAYLIGHT,TURNING,NOT DIVIDED,DRY,NO DEFECTS,NOT ON SCENE (DESK REPORT),NO INJURY / DRIVE AWAY,N,"OVER $1,500",08/02/2021 11:00:00 AM,IMPROPER TURNING/NO SIGNAL,NOT APPLICABLE,,2,NO INDICATION OF INJURY,0.0,0.0,0.0,0.0,0.0,7.0,0.0,10,2,8,41.75088626,-87.622073077,POINT (-87.622073077353 41.750886259739),POINT (1178332.3828537639 1852616.1465273665),2021,63 E 79TH ST
O1178335,DRIVER,f029e12130a481c134ec74efcfabdbcfe8851fc83cfe68068780ef3c2938cab5c57e0f5db7cdf88ad16b640f924bf4e3494a745dc31ed8e700dda055142bb9a5,1117864.0,X,,DEPLOYMENT UNKNOWN,NONE,NO INDICATION OF INJURY,UNKNOWN,UNKNOWN,UNKNOWN,,,,,2021-08-31 08:05:00,20,CLEAR,DAYLIGHT,REAR END,DIVIDED - W/MEDIAN (NOT RAISED),DRY,NO DEFECTS,NOT ON SCENE (DESK REPORT),NO INJURY / DRIVE AWAY,Y,"$501 - $1,500",09/07/2021 12:30:00 PM,FOLLOWING TOO CLOSELY,UNABLE TO DETERMINE,,2,NO INDICATION OF INJURY,0.0,0.0,0.0,0.0,0.0,3.0,0.0,8,3,8,41.859055186,-87.717725453,POINT (-87.717725452935 41.859055185997),POINT (1151949.171431352 1891830.972290778),2021,3700 W 16TH ST
O1206344,DRIVER,2daeafa23dfe028c7687b6650b5b1eea02fde8da0914d6d4a76a03daef524c42e0022f597267e9a0e4be167aae1a758e310e74a061fd46f547d941475484c107,1144642.0,X,,DEPLOYMENT UNKNOWN,NONE,NO INDICATION OF INJURY,UNKNOWN,UNKNOWN,UNKNOWN,,,,,2021-10-16 07:00:00,30,UNKNOWN,"DARKNESS, LIGHTED ROAD",PARKED MOTOR VEHICLE,ONE-WAY,UNKNOWN,NO DEFECTS,NOT ON SCENE (DESK REPORT),INJURY AND / OR TOW DUE TO CRASH,Y,"OVER $1,500",10/16/2021 09:30:00 AM,UNABLE TO DETERMINE,UNABLE TO DETERMINE,,2,NO INDICATION OF INJURY,0.0,0.0,0.0,0.0,0.0,1.0,0.0,7,7,10,41.892742809,-87.762195993,POINT (-87.762195993242 41.892742809028),POINT (1139753.11682622 1904022.9495892907),2021,654 N LOTUS AVE
O1144217,DRIVER,8a546030c5f83eff060c7fac500a7c452999e792396770b0c91e5dce35c54b55d5ff770989d76aea6fd58ff19a3a601178990144fe6873d909368b7f9b997c4c,1085355.0,M,,DID NOT DEPLOY,NONE,NO INDICATION OF INJURY,FAILED TO YIELD,UNKNOWN,UNKNOWN,,,,,2021-07-21 08:10:00,30,CLEAR,DAYLIGHT,ANGLE,ONE-WAY,DRY,NO DEFECTS,NOT ON SCENE (DESK REPORT),NO INJURY / DRIVE AWAY,,"OVER $1,500",07/21/2021 08:30:00 AM,UNABLE TO DETERMINE,NOT APPLICABLE,,2,NO INDICATION OF INJURY,0.0,0.0,0.0,0.0,0.0,2.0,0.0,8,4,7,41.893307609,-87.662250522,POINT (-87.662250521567 41.893307608506),POINT (1166963.7095021293 1904425.7473810639),2021,1367 W ERIE ST
P244685,PASSENGER,82d827c53e6a2b5a8276d952ccedc10f27492cec668c889ba6e59e86b3b37f26522417939723eb689a84217ffd8cad183c2766715803764a6ccf43b0a2bc28fb,1034526.0,F,26.0,DID NOT DEPLOY,NONE,NONINCAPACITATING INJURY,,,,,,,,2021-05-07 15:20:00,30,CLEAR,DAYLIGHT,REAR END,DIVIDED - W/MEDIAN (NOT RAISED),DRY,NO DEFECTS,NOT ON SCENE (DESK REPORT),INJURY AND / OR TOW DUE TO CRASH,Y,"$501 - $1,500",05/07/2021 04:15:00 PM,FOLLOWING TOO CLOSELY,UNABLE TO DETERMINE,,2,NONINCAPACITATING INJURY,1.0,0.0,0.0,1.0,0.0,2.0,0.0,15,6,5,41.941616816,-87.658873681,POINT (-87.658873680729 41.941616815848),POINT (1167744.6711557393 1922036.8957585432),2021,3259 N RACINE AVE
O1173029,DRIVER,86072e3f5aab3040c6dd5efe766e5d4debfb4c03d5322b4957a040bbaa187d283c20a71a0e4196dee378bc0fb5ca6acdf1ddee0c03ecb9e09b623ca3cf4d1cf0,1112762.0,M,26.0,NOT APPLICABLE,NONE,NO INDICATION OF INJURY,NONE,NOT OBSCURED,NORMAL,,,,,2021-08-30 17:10:00,30,CLEAR,DAYLIGHT,ANGLE,NOT DIVIDED,DRY,NO DEFECTS,NOT ON SCENE (DESK REPORT),NO INJURY / DRIVE AWAY,,"OVER $1,500",08/30/2021 05:25:00 PM,FAILING TO YIELD RIGHT-OF-WAY,FAILING TO YIELD RIGHT-OF-WAY,,2,NO INDICATION OF INJURY,0.0,0.0,0.0,0.0,0.0,2.0,0.0,17,2,8,41.778809817,-87.706431072,POINT (-87.706431072217 41.778809817352),POINT (1155239.2515748008 1862612.2437478306),2021,3321 W 63RD ST