PERSON_ID,PERSON_TYPE,CRASH_RECORD_ID,VEHICLE_ID,SEX,AGE,AIRBAG_DEPLOYED,EJECTION,INJURY_CLASSIFICATION,DRIVER_ACTION,DRIVER_VISION,PHYSICAL_CONDITION,PEDPEDAL_ACTION,PEDPEDAL_VISIBILITY,PEDPEDAL_LOCATION,CRASH_DATE_EST_I,CRASH_DATE,POSTED_SPEED_LIMIT,WEATHER_CONDITION,LIGHTING_CONDITION,FIRST_CRASH_TYPE,TRAFFICWAY_TYPE,ROADWAY_SURFACE_COND,ROAD_DEFECT,REPORT_TYPE,CRASH_TYPE,HIT_AND_RUN_I,DAMAGE,DATE_POLICE_NOTIFIED,PRIM_CONTRIBUTORY_CAUSE,SEC_CONTRIBUTORY_CAUSE,DOORING_I,NUM_UNITS,MOST_SEVERE_INJURY,INJURIES_TOTAL,INJURIES_FATAL,INJURIES_INCAPACITATING,INJURIES_NON_INCAPACITATING,INJURIES_REPORTED_NOT_EVIDENT,INJURIES_NO_INDICATION,INJURIES_UNKNOWN,CRASH_HOUR,CRASH_DAY_OF_WEEK,CRASH_MONTH,LATITUDE,LONGITUDE,LOCATION,geometry,YEAR,ADDRESS
P250599,PASSENGER,6c297fda3776242af08bde78286485c3f7f3ce7935587d384ff8faf68b27df51ebd77cb6a3029a61aadda38ab840a2d4dbebdfdb762517fbb943c78b22e68613,1059280.0,M,17.0,DID NOT DEPLOY,NONE,NO INDICATION OF INJURY,,,,,,,,2021-06-12 22:20:00,35,CLEAR,"DARKNESS, LIGHTED ROAD",REAR END,DIVIDED - W/MEDIAN (NOT RAISED),DRY,NO DEFECTS,NOT ON SCENE (DESK REPORT),NO INJURY / DRIVE AWAY,,"$501 - $1,500",06/12/2021 11:40:00 PM,DISTRACTION - FROM INSIDE VEHICLE,NOT APPLICABLE,,2,NO INDICATION OF INJURY,0.0,0.0,0.0,0.0,0.0,5.0,0.0,22,7,6,41.752669457,-87.683059597,POINT (-87.683059596765 41.752669456828),POINT (1161685.925777469 1853134.2546043391),2021,7740 S WESTERN AVE
O1096590,DRIVER,7faf86670023cbf6062ba14ca39e73054630ae8afe55dca8ceb8db9a79df410a28bc265816cef04bc572476bfb7acb9c90ea24b9b9ef3b33433cb135ff21aebf,1040132.0,M,,DEPLOYMENT UNKNOWN,NONE,NO INDICATION OF INJURY,IMPROPER PARKING,UNKNOWN,UNKNOWN,,,,,2021-05-16 14:40:00,30,CLEAR,DAYLIGHT,PARKED MOTOR VEHICLE,PARKING LOT,DRY,NO DEFECTS,NOT ON SCENE (DESK REPORT),NO INJURY / DRIVE AWAY,,"OVER $1,500",05/16/2021 03:30:00 PM,UNABLE TO DETERMINE,NOT APPLICABLE,,2,NO INDICATION OF INJURY,0.0,0.0,0.0,0.0,0.0,4.0,0.0,14,1,5,41.96139778,-87.654592975,POINT (-87.654592974847 41.961397779903),POINT (1168852.2068218715 1929254.3407850128),2021,4355 N SHERIDAN RD
P238063,PASSENGER,3841504f3a3bf81f7f134763f5ff3862c662b4b43e57c3a277cbc9c458d8b3fc7f202fce1a5af183f78babcac3969daae413ed672c65ea4b9074e75540ef4374,1004350.0,F,62.0,DID NOT DEPLOY,NONE,NO INDICATION OF INJURY,,,,,,,,2021-03-15 15:26:00,35,SNOW,DAYLIGHT,REAR END,NOT DIVIDED,WET,NO DEFECTS,ON SCENE,NO INJURY / DRIVE AWAY,,"OVER $1,500",03/15/2021 03:38:00 PM,UNABLE TO DETERMINE,NOT APPLICABLE,,2,NO INDICATION OF INJURY,0.0,0.0,0.0,0.0,0.0,3.0,0.0,15,2,3,41.760428638,-87.56655039,POINT (-87.566550390295 41.760428638036),POINT (1193452.0293322767 1856223.4480520757),2021,7410 S YATES BLVD
O1047576,DRIVER,91b432aa5f0990ae8c19d39c42769b25b25e281a0f78e665a4c8498960fdf03d4641396e20e0937584b01f50e3fa31dd87ba95fb032411f6f40621c877e26e8f,993249.0,M,41.0,NOT APPLICABLE,NONE,"REPORTED, NOT EVIDENT",NONE,NOT OBSCURED,REMOVED BY EMS,,,,,2021-02-22 11:54:00,30,CLOUDY/OVERCAST,DAYLIGHT,ANGLE,FOUR WAY,WET,NO DEFECTS,ON SCENE,INJURY AND / OR TOW DUE TO CRASH,,"OVER $1,500",02/22/2021 11:54:00 AM,DISREGARDING TRAFFIC SIGNALS,DRIVING SKILLS/KNOWLEDGE/EXPERIENCE,,3,FATAL,4.0,1.0,0.0,0.0,3.0,2.0,0.0,11,2,2,41.759231605,-87.654109345,POINT (-87.654109344592 41.759231605282),POINT (1169566.554036968 1855586.4782788341),2021,7410 S RACINE AVE
O1179957,DRIVER,9ae122f356157a7b4148fce7a32c09baab94c3292354ba251c234f549397aa6b6d3251810b7e3face574062c2289de01c8ae11ce9cebf9bae6d7a7a966d15cb9,1119438.0,F,,DID NOT DEPLOY,NONE,NONINCAPACITATING INJURY,NONE,NOT OBSCURED,NORMAL,,,,,2021-09-08 15:30:00,30,CLEAR,DAYLIGHT,SIDESWIPE SAME DIRECTION,DIVIDED - W/MEDIAN BARRIER,DRY,NO DEFECTS,NOT ON SCENE (DESK REPORT),INJURY AND / OR TOW DUE TO CRASH,,"OVER $1,500",09/09/2021 02:17:00 PM,IMPROPER OVERTAKING/PASSING,NOT APPLICABLE,,2,NONINCAPACITATING INJURY,1.0,0.0,0.0,1.0,0.0,1.0,0.0,15,4,9,41.74579217,-87.635369997,POINT (-87.63536999702 41.745792169991),POINT (1174719.0739667553 1850730.1922388014),2021,8147 S VINCENNES AVE
O1056736,DRIVER,de42be8763c9841663ee8e83b4848a342d8fbe3dc48c5565ea09ce7644d35355c7eec7269c1acfb9ebb993cf49c0ca8ccee9c7bd80a166864eb24e176c7053d7,1002041.0,M,52.0,DID NOT DEPLOY,NONE,NO INDICATION OF INJURY,NONE,NOT OBSCURED,NORMAL,,,,,2021-03-05 11:09:00,35,CLEAR,DAYLIGHT,REAR END,FOUR WAY,DRY,NO DEFECTS,ON SCENE,NO INJURY / DRIVE AWAY,,"OVER $1,500",03/05/2021 11:10:00 AM,FOLLOWING TOO CLOSELY,NOT APPLICABLE,,2,NO INDICATION OF INJURY,0.0,0.0,0.0,0.0,0.0,2.0,0.0,11,6,3,41.885828447,-87.662299389,POINT (-87.662299389219 41.885828446802),POINT (1166971.7177510106 1901700.2401883467),2021,201 N OGDEN AVE
O1020894,DRIVER,f801bdf17bdfec02795d4cce8ba2602bbbe33c3064b1f9aa16352498acd438fdac955cb6072e831e685952c1501ae045abb3f979a4cdf5e22de57ab6df41b22f,967624.0,M,26.0,DEPLOYMENT UNKNOWN,NONE,NO INDICATION OF INJURY,OTHER,MOVING VEHICLES,NORMAL,,,,Y,2021-01-07 04:30:00,30,OTHER,"DARKNESS, LIGHTED ROAD",PARKED MOTOR VEHICLE,DIVIDED - W/MEDIAN (NOT RAISED),ICE,UNKNOWN,NOT ON SCENE (DESK REPORT),INJURY AND / OR TOW DUE TO CRASH,,"OVER $1,500",01/07/2021 08:45:00 AM,ROAD CONSTRUCTION/MAINTENANCE,ROAD CONSTRUCTION/MAINTENANCE,,2,NO INDICATION OF INJURY,0.0,0.0,0.0,0.0,0.0,1.0,0.0,4,5,1,41.784619044,-87.632383025,POINT (-87.632383025499 41.784619044205),POINT (1175418.905377894 1864885.0204666194),2021,252 W 60TH PL
O1143403,DRIVER,59c0fbf911d041408859be771785239ece34435e10d4e23793f056e00e68fb1f8b570a569071d0a4358af220923a17efe2718b0b09ef98fe66ce4c1f35de0991,1084572.0,M,21.0,NOT APPLICABLE,NONE,NO INDICATION OF INJURY,NONE,NOT OBSCURED,NORMAL,,,,,2021-07-19 21:10:00,35,CLEAR,"DARKNESS, LIGHTED ROAD",ANGLE,OTHER,DRY,UNKNOWN,ON SCENE,INJURY AND / OR TOW DUE TO CRASH,,"OVER $1,500",07/19/2021 09:27:00 PM,FAILING TO YIELD RIGHT-OF-WAY,UNABLE TO DETERMINE,,2,NO INDICATION OF INJURY,0.0,0.0,0.0,0.0,0.0,2.0,0.0,21,2,7,41.866142102,-87.719189941,POINT (-87.719189941159 41.866142102433),POINT (1151531.7516456463 1894410.5691732678),2021,3731 W ROOSEVELT RD
P275358,PASSENGER,49dd2acd5ef0519a336029ddc4ddbb79ed4eff6b74fac5b275338983c0704cd7144f65effc0abe527d020a572a6ff216378a9bbaaa4a96ad6dde3de6bc485a74,1167393.0,,,DID NOT DEPLOY,NONE,NO INDICATION OF INJURY,,,,,,,Y,2021-11-19 11:05:00,35,CLEAR,DAYLIGHT,ANGLE,DIVIDED - W/MEDIAN BARRIER,DRY,NO DEFECTS,ON SCENE,INJURY AND / OR TOW DUE TO CRASH,Y,"$501 - $1,500",11/19/2021 11:06:00 AM,FAILING TO YIELD RIGHT-OF-WAY,UNABLE TO DETERMINE,,2,NO INDICATION OF INJURY,0.0,0.0,0.0,0.0,0.0,3.0,0.0,11,6,11,41.953816736,-87.7238043,POINT (-87.723804300343 41.953816735901),POINT (1150047.8418630033 1926350.2783903563),2021,3826 W IRVING PARK RD
O1115994,DRIVER,56753e7b88b0124ef9e8d5fe23cd3e3f80e2c46a4bc9370cb4330ec2a31706c9510c317ea9f2aa08b47491ae128bcddb9bd5073b8a0c4b8a7baa8a51878ae244,1058586.0,F,,DEPLOYMENT UNKNOWN,UNKNOWN,NO INDICATION OF INJURY,UNKNOWN,UNKNOWN,UNKNOWN,,,,,2021-06-11 20:45:00,15,UNKNOWN,UNKNOWN,ANGLE,UNKNOWN INTERSECTION TYPE,UNKNOWN,UNKNOWN,NOT ON SCENE (DESK REPORT),NO INJURY / DRIVE AWAY,Y,"$501 - $1,500",06/12/2021 08:00:00 AM,UNABLE TO DETERMINE,UNABLE TO DETERMINE,,2,NO INDICATION OF INJURY,0.0,0.0,0.0,0.0,0.0,2.0,0.0,20,6,6,41.75797791,-87.637134173,POINT (-87.637134173499 41.757977910175),POINT (1174201.709755425 1855166.6676284426),2021,7500 S NORMAL AVE
O1067687,DRIVER,90827b035b6870c001ae5124e0257d17d148baf9058f63e9c7acc8e046ac27f613c065820829db6f510ebb2b3916852efe2d557309e3a1ab5c9d87364a230eab,1012585.0,F,32.0,DID NOT DEPLOY,NONE,NO INDICATION OF INJURY,NONE,NOT OBSCURED,NORMAL,,,,,2021-03-30 18:03:00,30,CLEAR,DAYLIGHT,SIDESWIPE SAME DIRECTION,DIVIDED - W/MEDIAN BARRIER,DRY,NO DEFECTS,ON SCENE,NO INJURY / DRIVE AWAY,Y,"OVER $1,500",03/30/2021 06:10:00 PM,IMPROPER TURNING/NO SIGNAL,UNABLE TO DETERMINE,,2,NO INDICATION OF INJURY,0.0,0.0,0.0,0.0,0.0,2.0,0.0,18,3,3,41.892933473,-87.667347183,POINT (-87.667347183212 41.892933472555),POINT (1165577.1079941825 1904278.6001180387),2021,614 N ASHLAND AVE
O1214980,DRIVER,e657a10e6ce021e2d3d2166b35cc0a23a695105eabfab910ce33250b1806e6205fa76c9c59964d183f34e32a5c232fa1a7f0d7e6f307f4131a59a16e1666ed8b,1152873.0,F,,DEPLOYMENT UNKNOWN,NONE,NO INDICATION OF INJURY,DISREGARDED CONTROL DEVICES,UNKNOWN,UNKNOWN,,,,,2021-10-28 15:45:00,30,RAIN,DUSK,SIDESWIPE SAME DIRECTION,NOT DIVIDED,WET,NO DEFECTS,NOT ON SCENE (DESK REPORT),NO INJURY / DRIVE AWAY,Y,"OVER $1,500",10/28/2021 03:57:00 PM,IMPROPER LANE USAGE,DISREGARDING STOP SIGN,,2,NO INDICATION OF INJURY,0.0,0.0,0.0,0.0,0.0,2.0,0.0,15,5,10,41.780572544,-87.732437775,POINT (-87.732437774986 41.78057254382),POINT (1148141.3357400473 1863203.927898029),2021,6155 S KOSTNER AVE
O1135293,DRIVER,c8fff05f41c0d14de324a46edde824c9ef1eb7a5386f3cd946f32138f9f980b05ff22bf7b47a204c62c95c7826ae4c3060bed7bf550993e04f0c8873bce324e9,1076854.0,F,27.0,NOT APPLICABLE,NONE,NO INDICATION OF INJURY,OTHER,NOT OBSCURED,NORMAL,,,,N,2021-07-07 07:30:00,30,CLEAR,DAYLIGHT,PARKED MOTOR VEHICLE,NOT DIVIDED,DRY,NO DEFECTS,NOT ON SCENE (DESK REPORT),NO INJURY / DRIVE AWAY,,"OVER $1,500",07/07/2021 08:00:00 PM,DRIVING SKILLS/KNOWLEDGE/EXPERIENCE,NOT APPLICABLE,,2,NO INDICATION OF INJURY,0.0,0.0,0.0,0.0,0.0,1.0,0.0,7,4,7,41.761060976,-87.566563958,POINT (-87.566563958087 41.761060976312),POINT (1193446.273714205 1856453.834276687),2021,7352 S YATES BLVD
O1113375,DRIVER,9596797eac7dd8266a0e15ba1da02e9af82c8d9b17728d8af3a085550951df1552797949b25cd734045255e77500a6390e559e49fb936ef43af2929be9cb6068,1056201.0,F,33.0,DID NOT DEPLOY,NONE,NO INDICATION OF INJURY,NONE,NOT OBSCURED,NORMAL,,,,,2021-06-04 21:30:00,30,CLEAR,"DARKNESS, LIGHTED ROAD",REAR END,NOT DIVIDED,DRY,NO DEFECTS,NOT ON SCENE (DESK REPORT),NO INJURY / DRIVE AWAY,,"$501 - $1,500",06/08/2021 09:30:00 PM,FOLLOWING TOO CLOSELY,NOT APPLICABLE,,2,NO INDICATION OF INJURY,0.0,0.0,0.0,0.0,0.0,2.0,0.0,21,6,6,41.889812547,-87.755558962,POINT (-87.755558961656 41.889812546755),POINT (1141567.3729256608 1902967.263550343),2021,526 N LARAMIE AVE
O1022115,DRIVER,8881430a7b3ea7d154110bcf79401a83eb6ac29daa5d2ca2a5bff8e973b863901df08122b71a3779ac8f765579b49add11583469c5b853db48a6d2469b7d5461,968781.0,M,,DEPLOYMENT UNKNOWN,UNKNOWN,NO INDICATION OF INJURY,UNKNOWN,UNKNOWN,UNKNOWN,,,,,2021-01-09 16:08:00,30,CLEAR,DAYLIGHT,SIDESWIPE SAME DIRECTION,NOT DIVIDED,UNKNOWN,UNKNOWN,ON SCENE,NO INJURY / DRIVE AWAY,Y,"$501 - $1,500",01/09/2021 04:09:00 PM,UNABLE TO DETERMINE,NOT APPLICABLE,,2,NO INDICATION OF INJURY,0.0,0.0,0.0,0.0,0.0,2.0,0.0,16,7,1,41.943172955,-87.730309666,POINT (-87.730309665578 41.943172955266),POINT (1148305.6006318778 1922459.1374413958),2021,3401 N MILWAUKEE AVE
O1171961,DRIVER,007a8de8f32cf02b51cc9cc7a052ef05e2c314fb40aa72aa9fb521adce63843995b17be9c0ec461924b78a767ab59de3b8b082ae615fb8dbf26adda7f61d98e5,1111788.0,F,19.0,"DEPLOYED, COMBINATION",NONE,NO INDICATION OF INJURY,TOO FAST FOR CONDITIONS,UNKNOWN,NORMAL,,,,Y,2021-08-29 09:10:00,30,RAIN,DAYLIGHT,TURNING,T-INTERSECTION,WET,NO DEFECTS,ON SCENE,INJURY AND / OR TOW DUE TO CRASH,,"OVER $1,500",08/29/2021 09:15:00 AM,FAILING TO YIELD RIGHT-OF-WAY,UNABLE TO DETERMINE,,3,NO INDICATION OF INJURY,0.0,0.0,0.0,0.0,0.0,3.0,0.0,9,1,8,41.924417273,-87.741276499,POINT (-87.741276498656 41.924417273238),POINT (1145369.205169056 1915603.736115453),2021,4558 W FULLERTON AVE
O1024915,DRIVER,14c305565ea58d237170722977ee8ebf3ceb9331add07f222c3519bbc60164c68c8c8316f7d6b93550ced7128da6146ecb9797539a0b07d5cbccaf19fe85e4c5,971376.0,F,19.0,"DEPLOYED, COMBINATION",NONE,INCAPACITATING INJURY,FAILED TO YIELD,NOT OBSCURED,NORMAL,,,,,2021-01-15 11:49:00,30,CLOUDY/OVERCAST,DAYLIGHT,TURNING,DIVIDED - W/MEDIAN (NOT RAISED),WET,UNKNOWN,ON SCENE,INJURY AND / OR TOW DUE TO CRASH,,"OVER $1,500",01/15/2021 11:50:00 AM,FAILING TO YIELD RIGHT-OF-WAY,DRIVING SKILLS/KNOWLEDGE/EXPERIENCE,,2,INCAPACITATING INJURY,2.0,0.0,1.0,1.0,0.0,1.0,0.0,11,6,1,41.735942014,-87.645154175,POINT (-87.645154174803 41.735942013966),POINT (1172077.7318455887 1847119.3845026407),2021,839 W 87TH ST
O1051442,DRIVER,9563286b58f07d5a3b63b22d241de6fd1c8da615833b9cffe6ce4d1ee5d78bb546be72575d6c081d9ba86c150825fadfa392e1c83596d9bbfd88bd48632f3dd7,996950.0,M,80.0,DID NOT DEPLOY,NONE,NO INDICATION OF INJURY,UNKNOWN,NOT OBSCURED,NORMAL,,,,,2021-02-28 18:20:00,30,CLEAR,"DARKNESS, LIGHTED ROAD",SIDESWIPE OPPOSITE DIRECTION,DIVIDED - W/MEDIAN (NOT RAISED),DRY,NO DEFECTS,ON SCENE,INJURY AND / OR TOW DUE TO CRASH,,"OVER $1,500",02/28/2021 06:21:00 PM,UNABLE TO DETERMINE,UNABLE TO DETERMINE,,2,"REPORTED, NOT EVIDENT",1.0,0.0,0.0,0.0,1.0,2.0,0.0,18,1,2,41.808574264,-87.658953708,POINT (-87.658953708352 41.808574263893),POINT (1168103.8120711842 1873556.1961033007),2021,1335 W 47TH ST
O1017920,DRIVER,7ca7a6e22dfcc8aa90fbd0f75c219c8a104fe456e356d4e4adb0c48ca1490c078adab9b24a6b87fb2b7a40050779620a149a76ee47b58f75f8d55211122aa705,964771.0,F,32.0,DID NOT DEPLOY,NONE,NO INDICATION OF INJURY,OTHER,NOT OBSCURED,NORMAL,,,,,2021-01-01 02:00:00,35,CLEAR,DARKNESS,TURNING,NOT DIVIDED,DRY,NO DEFECTS,NOT ON SCENE (DESK REPORT),NO INJURY / DRIVE AWAY,,"OVER $1,500",01/01/2021 03:00:00 AM,DISTRACTION - FROM INSIDE VEHICLE,DISTRACTION - FROM INSIDE VEHICLE,,2,NO INDICATION OF INJURY,0.0,0.0,0.0,0.0,0.0,2.0,0.0,2,6,1,41.852933968,-87.630214239,POINT (-87.630214239166 41.852933967598),POINT (1175806.6950930804 1889783.4921763276),2021,2198 S CLARK ST
O1224848,DRIVER,cf5cf2a1d3d2956a62eb752c7b37b2c378ec206229d5bbcc371064620d278b379a139b5b730049e9b4ebfd7c945f400ac35da54ed5dedbbcb459a5c10592a57c,1162325.0,F,34.0,NOT APPLICABLE,NONE,NO INDICATION OF INJURY,FOLLOWED TOO CLOSELY,UNKNOWN,UNKNOWN,,,,,2021-11-10 16:00:00,30,CLEAR,DAYLIGHT,REAR END,DIVIDED - W/MEDIAN BARRIER,DRY,NO DEFECTS,NOT ON SCENE (DESK REPORT),NO INJURY / DRIVE AWAY,,"$501 - $1,500",11/11/2021 01:30:00 PM,FOLLOWING TOO CLOSELY,UNABLE TO DETERMINE,,2,NO INDICATION OF INJURY,0.0,0.0,0.0,0.0,0.0,2.0,0.0,16,4,11,41.721137868,-87.67607118,POINT (-87.676071179586 41.721137867804),POINT (1163680.5660432973 1841658.9537375546),2021,2130 W 95TH ST
O1134346,DRIVER,2c5acf8950b5c05ea28310ad92fdf34691c987db848af2b7f09bcc1386327db617b5de4b78421481888fb84502cffa2c2f52c33ae1593be7f2fc97c992268c65,1075960.0,M,52.0,DID NOT DEPLOY,NONE,NO INDICATION OF INJURY,NONE,NOT OBSCURED,NORMAL,,,,,2021-07-06 15:00:00,30,CLEAR,DAYLIGHT,REAR END,NOT DIVIDED,DRY,NO DEFECTS,NOT ON SCENE (DESK REPORT),INJURY AND / OR TOW DUE TO CRASH,,"OVER $1,500",07/06/2021 05:20:00 PM,FOLLOWING TOO CLOSELY,FOLLOWING TOO CLOSELY,,2,NONINCAPACITATING INJURY,1.0,0.0,0.0,1.0,0.0,2.0,0.0,15,3,7,41.866206044,-87.725322833,POINT (-87.725322833252 41.866206044196),POINT (1149861.0887389104 1894421.978430455),2021,1158 S PULASKI RD
O1232039,DRIVER,60372d47aeb49cb3b4549f3584be4c4e01ef2b83f2edd63f01dea117eae99789d102952f42750cd027bd7192fe68b788526d1fd1a452d5f956d33df490ae2a2f,1169239.0,F,33.0,DID NOT DEPLOY,NONE,NO INDICATION OF INJURY,UNKNOWN,NOT OBSCURED,NORMAL,,,,,2021-11-22 08:43:00,30,CLEAR,DAYLIGHT,ANGLE,FOUR WAY,DRY,NO DEFECTS,ON SCENE,NO INJURY / DRIVE AWAY,,"OVER $1,500",11/22/2021 09:10:00 AM,UNABLE TO DETERMINE,NOT APPLICABLE,,2,NO INDICATION OF INJURY,0.0,0.0,0.0,0.0,0.0,2.0,0.0,8,2,11,41.804856002,-87.674739263,POINT (-87.674739262818 41.804856001578),POINT (1163810.611151703 1872167.908379506),2021,4900 S DAMEN AVE
O1209786,DRIVER,eb762355c577e34708c3bf0eda9692522cf836657ba34e1ad67bde31ec2aaae0349161f49506baa7802c6659a557f304911f3e372c3a80790c2dde166cb0dd09,1147874.0,M,,NOT APPLICABLE,NONE,NO INDICATION OF INJURY,OTHER,NOT OBSCURED,NORMAL,,,,,2021-10-21 09:50:00,30,RAIN,DAYLIGHT,SIDESWIPE SAME DIRECTION,NOT DIVIDED,WET,NO DEFECTS,ON SCENE,NO INJURY / DRIVE AWAY,,$500 OR LESS,10/21/2021 09:55:00 AM,UNABLE TO DETERMINE,UNABLE TO DETERMINE,,2,NO INDICATION OF INJURY,0.0,0.0,0.0,0.0,0.0,2.0,0.0,9,5,10,41.892561436,-87.620106751,POINT (-87.620106750527 41.892561435881),POINT (1178440.3916137475 1904246.406323366),2021,557 N FAIRBANKS CT
O1213106,DRIVER,5cc20f16b8b68431ae3933c09beb6945d632e41ec3e96899a605f6932f073c75443dabbad2e6c198b5bfc234fb0ba06b0e6790b648f81c47ba74fca722a341a6,1151094.0,M,63.0,NOT APPLICABLE,NONE,NO INDICATION OF INJURY,NONE,NOT OBSCURED,NORMAL,,,,,2021-10-25 21:20:00,30,CLEAR,"DARKNESS, LIGHTED ROAD",TURNING,DIVIDED - W/MEDIAN (NOT RAISED),WET,NO DEFECTS,NOT ON SCENE (DESK REPORT),NO INJURY / DRIVE AWAY,,"OVER $1,500",10/25/2021 09:45:00 PM,UNABLE TO DETERMINE,NOT APPLICABLE,,2,NO INDICATION OF INJURY,0.0,0.0,0.0,0.0,0.0,2.0,0.0,21,2,10,41.771402554,-87.717818518,POINT (-87.71781851821 41.771402554206),POINT (1152152.6000719944 1859890.6597069898),2021,6700 S HAMLIN AVE
O1190946,DRIVER,c0240d72d49893c37aa1173ec18d5e8a8238a2a768f795708ee49329145714904ec7b96a207c89445a746a9be6cf612dd445747f5d4b160d78218d9e6de57398,1129949.0,F,,DID NOT DEPLOY,NONE,NO INDICATION OF INJURY,FOLLOWED TOO CLOSELY,UNKNOWN,UNKNOWN,,,,,2021-09-22 16:00:00,30,CLEAR,DAYLIGHT,REAR END,NOT DIVIDED,DRY,NO DEFECTS,NOT ON SCENE (DESK REPORT),NO INJURY / DRIVE AWAY,,"$501 - $1,500",09/24/2021 02:27:00 PM,FOLLOWING TOO CLOSELY,FAILING TO REDUCE SPEED TO AVOID CRASH,,2,NO INDICATION OF INJURY,0.0,0.0,0.0,0.0,0.0,3.0,0.0,16,4,9,41.944155298,-87.746862024,POINT (-87.746862024445 41.944155298119),POINT (1143799.9822461787 1922785.8607676388),2021,3459 N CICERO AVE
O1244583,DRIVER,adbd1798b90f4e3b7fff51fd34b41021bc37a27edaf85222a199040ada766022d9641fb22f55738e3544f0c46d17f38618393ec6aea8d48c2509030d4cbb07f3,1181247.0,M,29.0,NOT APPLICABLE,NONE,NO INDICATION OF INJURY,UNKNOWN,NOT OBSCURED,NORMAL,,,,,2021-12-11 23:26:00,30,CLEAR,"DARKNESS, LIGHTED ROAD",SIDESWIPE SAME DIRECTION,DIVIDED - W/MEDIAN BARRIER,DRY,NO DEFECTS,ON SCENE,INJURY AND / OR TOW DUE TO CRASH,,"OVER $1,500",12/11/2021 11:27:00 PM,UNABLE TO DETERMINE,NOT APPLICABLE,,3,NO INDICATION OF INJURY,0.0,0.0,0.0,0.0,0.0,3.0,0.0,23,7,12,41.721808765,-87.625241895,POINT (-87.625241894685 41.721808764631),POINT (1177554.8744024287 1842013.4585249173),2021,36 W 95TH ST
P262077,PASSENGER,a23c0d19a696713bc2ac80fbe3295ee978ca3fab3511069467f313cb5f14c64d9833820ca654cc6cf3e9ac294ada0c679a063bf67058940966da269458bd3f5e,1108479.0,F,19.0,DID NOT DEPLOY,NONE,NO INDICATION OF INJURY,,,,,,,,2021-08-21 11:00:00,30,CLEAR,DAYLIGHT,TURNING,ALLEY,DRY,NO DEFECTS,NOT ON SCENE (DESK REPORT),NO INJURY / DRIVE AWAY,Y,"OVER $1,500",08/24/2021 03:45:00 PM,UNABLE TO DETERMINE,UNABLE TO DETERMINE,,2,NO INDICATION OF INJURY,0.0,0.0,0.0,0.0,0.0,3.0,0.0,11,7,8,41.897195442,-87.765330935,POINT (-87.765330935169 41.897195442489),POINT (1138888.82414028 1905639.8192616566),2021,915 N CENTRAL AVE
O1024792,DRIVER,e7ed441a0625f36954497bafc74dbee538e89916865fd25ea376708fb5f2b49f6d7f1d63a830be5ec9104b52dc6f2f23cf6723819c24fb13237637c1f5881fa8,971272.0,M,,DID NOT DEPLOY,NONE,NO INDICATION OF INJURY,IMPROPER BACKING,UNKNOWN,UNKNOWN,,,,,2021-01-15 08:30:00,20,SNOW,DAYLIGHT,SIDESWIPE SAME DIRECTION,PARKING LOT,SNOW OR SLUSH,NO DEFECTS,NOT ON SCENE (DESK REPORT),NO INJURY / DRIVE AWAY,,$500 OR LESS,01/15/2021 09:52:00 AM,UNABLE TO DETERMINE,UNABLE TO DETERMINE,,2,NO INDICATION OF INJURY,0.0,0.0,0.0,0.0,0.0,2.0,0.0,8,6,1,41.705520297,-87.701458042,POINT (-87.701458042202 41.705520296559),POINT (1156791.7593536028 1835916.2055705576),2021,10320 S KEDZIE AVE
O1027192,DRIVER,7c4a1407199388c5333568ee4717758b7638e7b6e7f1e13046b7446131350e66fe4a4114a80e443043c9fe13b273c5151ff1a1c701debb6f130acbe6b349a3ad,973584.0,M,52.0,DID NOT DEPLOY,NONE,NO INDICATION OF INJURY,NONE,NOT OBSCURED,NORMAL,,,,,2021-01-19 21:26:00,30,SNOW,"DARKNESS, LIGHTED ROAD",TURNING,NOT DIVIDED,SNOW OR SLUSH,NO DEFECTS,ON SCENE,INJURY AND / OR TOW DUE TO CRASH,,"OVER $1,500",01/19/2021 09:26:00 PM,FAILING TO YIELD RIGHT-OF-WAY,WEATHER,,2,NO INDICATION OF INJURY,0.0,0.0,0.0,0.0,0.0,5.0,0.0,21,3,1,41.945566436,-87.796137876,POINT (-87.796137876224 41.94556643629),POINT (1130391.180626201 1923212.2155995278),2021,3600 N OAK PARK AVE
O1191587,DRIVER,75ea15066c29af81ec008c15e587bbe6379f168ff9dd97cd1da65733b46dbde58ee4deb761fd7d48d274542ee84a9677a054c3f1860b03a1b8f7e8415e680d18,1130547.0,M,67.0,DID NOT DEPLOY,NONE,NO INDICATION OF INJURY,OTHER,UNKNOWN,NORMAL,,,,,2021-09-25 09:10:00,10,CLEAR,DAYLIGHT,REAR TO SIDE,PARKING LOT,DRY,NO DEFECTS,ON SCENE,NO INJURY / DRIVE AWAY,,"OVER $1,500",09/25/2021 09:20:00 AM,UNABLE TO DETERMINE,UNABLE TO DETERMINE,,2,NO INDICATION OF INJURY,0.0,0.0,0.0,0.0,0.0,2.0,0.0,9,7,9,41.924634246,-87.695749929,POINT (-87.695749929177 41.924634245509),POINT (1157758.030154445 1915771.632578243),2021,2354 N WASHTENAW AVE