PERSON_ID,PERSON_TYPE,CRASH_RECORD_ID,VEHICLE_ID,SEX,AGE,AIRBAG_DEPLOYED,EJECTION,INJURY_CLASSIFICATION,DRIVER_ACTION,DRIVER_VISION,PHYSICAL_CONDITION,PEDPEDAL_ACTION,PEDPEDAL_VISIBILITY,PEDPEDAL_LOCATION,CRASH_DATE_EST_I,CRASH_DATE,POSTED_SPEED_LIMIT,WEATHER_CONDITION,LIGHTING_CONDITION,FIRST_CRASH_TYPE,TRAFFICWAY_TYPE,ROADWAY_SURFACE_COND,ROAD_DEFECT,REPORT_TYPE,CRASH_TYPE,HIT_AND_RUN_I,DAMAGE,DATE_POLICE_NOTIFIED,PRIM_CONTRIBUTORY_CAUSE,SEC_CONTRIBUTORY_CAUSE,DOORING_I,NUM_UNITS,MOST_SEVERE_INJURY,INJURIES_TOTAL,INJURIES_FATAL,INJURIES_INCAPACITATING,INJURIES_NON_INCAPACITATING,INJURIES_REPORTED_NOT_EVIDENT,INJURIES_NO_INDICATION,INJURIES_UNKNOWN,CRASH_HOUR,CRASH_DAY_OF_WEEK,CRASH_MONTH,LATITUDE,LONGITUDE,LOCATION,geometry,YEAR,ADDRESS
O1168866,DRIVER,55247de3b501da460ef9aa6de443fbcd09bbe967c105876f74b8e14bd72ba695bbba19444f68084a9630c597bd4807e4cde484f0392acca7a25eb3ac1ccc97f8,1108800.0,M,47.0,DID NOT DEPLOY,NONE,"REPORTED, NOT EVIDENT",NONE,NOT OBSCURED,NORMAL,,,,,2021-08-24 23:32:00,25,RAIN,"DARKNESS, LIGHTED ROAD",ANGLE,FOUR WAY,WET,NO DEFECTS,ON SCENE,INJURY AND / OR TOW DUE TO CRASH,Y,"OVER $1,500",08/24/2021 11:34:00 PM,DISREGARDING STOP SIGN,FAILING TO REDUCE SPEED TO AVOID CRASH,,2,"REPORTED, NOT EVIDENT",2.0,0.0,0.0,0.0,2.0,1.0,0.0,23,3,8,41.905904834,-87.629898996,POINT (-87.629898996058 41.905904833514),POINT (1175734.3709943108 1909086.7358337631),2021,1301 N DEARBORN ST
O1026052,DRIVER,3d000bb20c766a3f419a1cb70e35ab31466fe4fb21086e18f4c8295f64ada848e864914cb115630898f9842dbdc1860fe527b5fb492550ce51924127d90629eb,972474.0,M,54.0,DEPLOYMENT UNKNOWN,NONE,NO INDICATION OF INJURY,UNKNOWN,NOT OBSCURED,NORMAL,,,,,2021-01-17 11:21:00,30,SNOW,DAYLIGHT,ANGLE,FOUR WAY,SNOW OR SLUSH,NO DEFECTS,ON SCENE,INJURY AND / OR TOW DUE TO CRASH,,"OVER $1,500",01/17/2021 11:21:00 AM,NOT APPLICABLE,NOT APPLICABLE,,2,NONINCAPACITATING INJURY,1.0,0.0,0.0,1.0,0.0,2.0,0.0,11,1,1,41.894604411,-87.77498441,POINT (-87.774984409706 41.894604410625),POINT (1136266.797950694 1904678.397855532),2021,5999 W CHICAGO AVE
P273186,PASSENGER,ce36881be38fc34da5733fa442fe8979f08c084adca0691212c2f44c71b9e6eddf91ffe8e2b9fa79657eea24c7d0bfd91f6342f587d99bc06613f0c9dcde3bcf,1157530.0,M,,DID NOT DEPLOY,NONE,NO INDICATION OF INJURY,,,,,,,,2021-11-03 15:51:00,30,CLEAR,DAYLIGHT,ANGLE,DIVIDED - W/MEDIAN (NOT RAISED),DRY,NO DEFECTS,ON SCENE,INJURY AND / OR TOW DUE TO CRASH,,"OVER $1,500",11/03/2021 03:55:00 PM,DISREGARDING STOP SIGN,NOT APPLICABLE,,2,NO INDICATION OF INJURY,0.0,0.0,0.0,0.0,0.0,7.0,0.0,15,4,11,41.796896795,-87.71605431,POINT (-87.716054310078 41.796896794729),POINT (1152567.1579032035 1869184.01853691),2021,5300 S LAWNDALE AVE
O1107960,DRIVER,a5e34fb7c0abe422db90f6e6136c28c1a9b5748f7c8d705344543656b15d1edbc9204fec2b8b36d28ac73c489febea716df396c8f7ced1a33ef182ae033002bf,1051013.0,M,28.0,"DEPLOYED, COMBINATION",NONE,NO INDICATION OF INJURY,UNKNOWN,NOT OBSCURED,NORMAL,,,,,2021-06-01 19:05:00,30,CLEAR,DAYLIGHT,TURNING,FOUR WAY,DRY,UNKNOWN,ON SCENE,INJURY AND / OR TOW DUE TO CRASH,,"OVER $1,500",06/01/2021 07:07:00 PM,FAILING TO YIELD RIGHT-OF-WAY,UNABLE TO DETERMINE,,2,NO INDICATION OF INJURY,0.0,0.0,0.0,0.0,0.0,2.0,0.0,19,3,6,41.685541096,-87.612546944,POINT (-87.612546944242 41.685541095884),POINT (1181131.153641807 1828826.704863168),2021,412 E 115TH ST
O1135683,DRIVER,1c4c0c0a0f7b6ba6072d02b6c807127683be953373ed70c786ab912030a5cf7e46b8266d6db8813583ee159ab9076e9114eeb0ee59b5c854a4dd91676830e7e0,1077250.0,F,30.0,DID NOT DEPLOY,NONE,NO INDICATION OF INJURY,OTHER,UNKNOWN,UNKNOWN,,,,,2021-07-08 12:15:00,25,CLEAR,DAYLIGHT,SIDESWIPE SAME DIRECTION,FOUR WAY,DRY,NO DEFECTS,NOT ON SCENE (DESK REPORT),NO INJURY / DRIVE AWAY,,"OVER $1,500",07/08/2021 02:15:00 PM,UNABLE TO DETERMINE,UNABLE TO DETERMINE,,2,NO INDICATION OF INJURY,0.0,0.0,0.0,0.0,0.0,2.0,0.0,12,5,7,41.772809318,-87.629819787,POINT (-87.629819787263 41.772809318114),POINT (1176153.1831429526 1860587.3499227366),2021,6659 S WENTWORTH AVE
O1179411,DRIVER,b27102478c27f0f6bc47c423315eb74e5d50ebfc297b089258b1ce98784e674eba62cbd63080dfa01f06f9f41501f47bbe66b73b006f3074ef0ea05eed86f202,1118928.0,F,35.0,NOT APPLICABLE,NONE,NO INDICATION OF INJURY,NONE,NOT OBSCURED,NORMAL,,,,,2021-09-08 15:46:00,45,CLEAR,DAYLIGHT,REAR END,NOT DIVIDED,DRY,NO DEFECTS,NOT ON SCENE (DESK REPORT),NO INJURY / DRIVE AWAY,Y,"$501 - $1,500",09/08/2021 05:49:00 PM,FAILING TO REDUCE SPEED TO AVOID CRASH,FAILING TO REDUCE SPEED TO AVOID CRASH,,2,NO INDICATION OF INJURY,0.0,0.0,0.0,0.0,0.0,3.0,0.0,15,4,9,41.779292468,-87.667723226,POINT (-87.667723226149 41.779292467935),POINT (1165795.6104343706 1862867.461717252),2021,1723 W 63RD ST
P257244,PASSENGER,2b44a93f17825ae8cf4a0488af26eea944553a49347cca006d2bdc0d5a6b2df3eea215f184c50283d4c0cb5c8575e9fd0fa67e327306ab0e278d3140d2f54ea4,1087262.0,F,1.0,NOT APPLICABLE,NONE,NO INDICATION OF INJURY,,,,,,,,2021-07-24 00:30:00,30,CLEAR,"DARKNESS, LIGHTED ROAD",TURNING,NOT DIVIDED,DRY,NO DEFECTS,ON SCENE,NO INJURY / DRIVE AWAY,,"OVER $1,500",07/24/2021 12:32:00 AM,IMPROPER TURNING/NO SIGNAL,UNABLE TO DETERMINE,,3,NO INDICATION OF INJURY,0.0,0.0,0.0,0.0,0.0,5.0,0.0,0,7,7,41.916747887,-87.751962695,POINT (-87.751962694695 41.916747886918),POINT (1142480.0558939453 1912789.1078729553),2021,5023 W ARMITAGE AVE
O1178075,DRIVER,2de14774b5b36e37c307224b726322cfbc8b52dba9ec3282d4882b30499c8649af11323c6ee27c6dfbec82940da1afe69a7d1c98f3ecc8654e0ba0e2ee7b01bf,1117610.0,X,,DEPLOYMENT UNKNOWN,UNKNOWN,NO INDICATION OF INJURY,UNKNOWN,UNKNOWN,UNKNOWN,,,,Y,2021-09-06 18:00:00,25,CLEAR,DAYLIGHT,PEDALCYCLIST,DIVIDED - W/MEDIAN (NOT RAISED),UNKNOWN,UNKNOWN,ON SCENE,INJURY AND / OR TOW DUE TO CRASH,Y,"OVER $1,500",09/06/2021 09:41:00 PM,UNABLE TO DETERMINE,UNABLE TO DETERMINE,,2,NONINCAPACITATING INJURY,1.0,0.0,0.0,1.0,0.0,1.0,0.0,18,2,9,41.910403336,-87.689730623,POINT (-87.689730622845 41.91040333553),POINT (1159435.011872752 1910598.110836277),2021,2500 W NORTH AVE
O1072622,DRIVER,47c3a68ec3929f505ca1b4969521e4eb3f37eb5b9f85d0e46a9f3b3ef9db44c411cf3e5a2e782392dc31fc7ae73c0b84205e92d02a6d6e6743d1112deaef9223,1017234.0,F,29.0,DID NOT DEPLOY,NONE,NO INDICATION OF INJURY,NONE,UNKNOWN,UNKNOWN,,,,Y,2021-04-07 20:25:00,15,CLEAR,DARKNESS,SIDESWIPE SAME DIRECTION,NOT DIVIDED,WET,NO DEFECTS,ON SCENE,NO INJURY / DRIVE AWAY,Y,"OVER $1,500",04/07/2021 08:30:00 PM,FAILING TO YIELD RIGHT-OF-WAY,DRIVING SKILLS/KNOWLEDGE/EXPERIENCE,,2,NO INDICATION OF INJURY,0.0,0.0,0.0,0.0,0.0,4.0,0.0,20,4,4,41.780059825,-87.578892942,POINT (-87.578892942489 41.780059824586),POINT (1190021.8281222049 1863347.136188939),2021,1902 E HAYES DR
O1032779,DRIVER,caebf934dea5efe7660bb9ad98a5b8a926969c465a190abc70e8cdb433ca290f22c46b6e28737d92c7ed8c177d1cfb5ffb5c57c4e8ae69b4d3b49732519ad2ce,978931.0,M,19.0,DID NOT DEPLOY,NONE,NO INDICATION OF INJURY,IMPROPER TURN,NOT OBSCURED,NORMAL,,,,,2021-01-30 14:59:00,30,SNOW,DAYLIGHT,SIDESWIPE SAME DIRECTION,NOT REPORTED,WET,NO DEFECTS,NOT ON SCENE (DESK REPORT),NO INJURY / DRIVE AWAY,,"$501 - $1,500",01/30/2021 03:30:00 PM,IMPROPER OVERTAKING/PASSING,UNABLE TO DETERMINE,,2,NO INDICATION OF INJURY,0.0,0.0,0.0,0.0,0.0,2.0,0.0,14,7,1,41.838345,-87.631740873,POINT (-87.631740872716 41.838345000207),POINT (1175434.2092113588 1884463.9135454388),2021,200 W 31ST ST
O1189468,DRIVER,ceb4e806dfa13307305b49e860baa0c193151cc5a6d56a5fe2c5e11139ed63e07a02b8c1ab6b8fb2e422debac28df6f5707de0966880b62b5af4e66044f136f3,1128521.0,M,34.0,NOT APPLICABLE,NONE,NO INDICATION OF INJURY,UNKNOWN,NOT OBSCURED,NORMAL,,,,,2021-09-22 10:20:00,30,RAIN,DAYLIGHT,TURNING,FOUR WAY,WET,NO DEFECTS,ON SCENE,NO INJURY / DRIVE AWAY,,"OVER $1,500",09/22/2021 10:24:00 AM,UNABLE TO DETERMINE,UNABLE TO DETERMINE,,2,NO INDICATION OF INJURY,0.0,0.0,0.0,0.0,0.0,2.0,0.0,10,4,9,41.969133561,-87.659743364,POINT (-87.659743364273 41.969133560519),POINT (1167429.2475294755 1932062.2388754047),2021,1200 W LAWRENCE AVE
O1076100,DRIVER,355e40751bf508370fc9e473246928ef92abdc33a641a8c159a9a0a615401761e445278e33340c2f160fcf125b5534ce0fadae8803638a709249b639032c6e8c,1020546.0,M,28.0,DEPLOYMENT UNKNOWN,NONE,NO INDICATION OF INJURY,FAILED TO YIELD,UNKNOWN,UNKNOWN,,,,,2021-04-13 19:00:00,30,CLEAR,DAYLIGHT,REAR END,DIVIDED - W/MEDIAN (NOT RAISED),DRY,NO DEFECTS,NOT ON SCENE (DESK REPORT),NO INJURY / DRIVE AWAY,,"$501 - $1,500",04/13/2021 07:45:00 PM,FAILING TO REDUCE SPEED TO AVOID CRASH,NOT APPLICABLE,,2,NO INDICATION OF INJURY,0.0,0.0,0.0,0.0,0.0,2.0,0.0,19,3,4,41.901960016,-87.770564507,POINT (-87.770564506824 41.901960016084),POINT (1137452.5885693782 1907366.6372012112),2021,5801 W DIVISION ST
O1154990,DRIVER,84474dc3415d1fee18788ee93825d57015006a7f4cbd041700f321b1f62175ddfa4ae15d0b4071b6e093409c1b727d12eeaecb298b33cd53dc7802b4806c4a66,1095576.0,M,37.0,"DEPLOYED, SIDE",NONE,NO INDICATION OF INJURY,NONE,NOT OBSCURED,NORMAL,,,,,2021-08-04 20:09:00,15,CLEAR,DUSK,ANGLE,PARKING LOT,DRY,NO DEFECTS,ON SCENE,INJURY AND / OR TOW DUE TO CRASH,,"OVER $1,500",08/04/2021 08:12:00 PM,DRIVING SKILLS/KNOWLEDGE/EXPERIENCE,NOT APPLICABLE,,2,NO INDICATION OF INJURY,0.0,0.0,0.0,0.0,0.0,2.0,0.0,20,4,8,41.834105777,-87.664535468,POINT (-87.664535467951 41.834105776529),POINT (1166509.6506795299 1882847.8663612634),2021,3300 S JUSTINE ST
O1192097,DRIVER,f5561a55bd9ba922f85d647ee850e3f27a54034b4f6e00af3f99eaafb6d1d58ec4a6e4bcb25727ee53bc3ea22869cd4f340d35f55b5ddf085175b2a0b2fb0a4a,1131027.0,M,39.0,DID NOT DEPLOY,NONE,NO INDICATION OF INJURY,TOO FAST FOR CONDITIONS,UNKNOWN,NORMAL,,,,,2021-09-25 21:50:00,30,CLEAR,DARKNESS,PARKED MOTOR VEHICLE,NOT DIVIDED,DRY,NO DEFECTS,ON SCENE,INJURY AND / OR TOW DUE TO CRASH,,"OVER $1,500",09/25/2021 09:53:00 PM,UNABLE TO DETERMINE,UNABLE TO DETERMINE,,4,NO INDICATION OF INJURY,0.0,0.0,0.0,0.0,0.0,1.0,0.0,21,7,9,41.824531951,-87.69324181,POINT (-87.693241809736 41.824531951473),POINT (1158712.6036910587 1879299.6062769704),2021,2725 W 38TH ST
P241987,PASSENGER,c8c81cc4f2acf20aaf8946117238e48bb2d29fafce8ea979fe50a2d4516e7be6e084249a0e0d3d9f21ac06299e57fd050d749e7df6c57e5d36a665ab795198e6,1021979.0,F,25.0,NOT APPLICABLE,NONE,NO INDICATION OF INJURY,,,,,,,,2021-04-16 16:00:00,30,CLEAR,DAYLIGHT,ANGLE,NOT DIVIDED,DRY,UNKNOWN,ON SCENE,INJURY AND / OR TOW DUE TO CRASH,,"OVER $1,500",04/16/2021 04:02:00 PM,FAILING TO YIELD RIGHT-OF-WAY,NOT APPLICABLE,,2,NO INDICATION OF INJURY,0.0,0.0,0.0,0.0,0.0,6.0,0.0,16,6,4,41.94239478,-87.756954815,POINT (-87.756954814727 41.94239478016),POINT (1141058.5342931466 1922125.6994398523),2021,3400 N LARAMIE AVE
O1159134,DRIVER,88447f482937ae892426bad9aad6dfbfe281cfcd8f3d5c1ef52bf866a7600446f2f792bfd2ec3e89187a785c3cf09d247ddf651572e8ea2841957d6b5b7fc991,1099569.0,F,33.0,DID NOT DEPLOY,NONE,NO INDICATION OF INJURY,UNKNOWN,UNKNOWN,NORMAL,,,,,2021-08-10 19:06:00,30,RAIN,"DARKNESS, LIGHTED ROAD",REAR END,DIVIDED - W/MEDIAN (NOT RAISED),WET,NO DEFECTS,ON SCENE,INJURY AND / OR TOW DUE TO CRASH,Y,"OVER $1,500",08/10/2021 07:06:00 PM,UNABLE TO DETERMINE,UNABLE TO DETERMINE,,4,NO INDICATION OF INJURY,0.0,0.0,0.0,0.0,0.0,4.0,0.0,19,3,8,41.984347988,-87.768459556,POINT (-87.768459555609 41.984347987577),POINT (1137827.7791417518 1937392.7549994716),2021,5648 N CENTRAL AVE
O1151777,DRIVER,b28d2aced9b75ec236c5335184d37a329149b3317b89ff7be4ea80f39108cd513d37d20b4334441b90a3949eb52e674dc1d3c5e55a2edfd90f2f5f6e1ec2c15c,1092551.0,X,,DEPLOYMENT UNKNOWN,UNKNOWN,NO INDICATION OF INJURY,UNKNOWN,UNKNOWN,UNKNOWN,,,,Y,2021-07-31 00:01:00,30,CLEAR,DAYLIGHT,PARKED MOTOR VEHICLE,NOT DIVIDED,DRY,NO DEFECTS,ON SCENE,NO INJURY / DRIVE AWAY,Y,"$501 - $1,500",07/31/2021 11:30:00 AM,UNABLE TO DETERMINE,UNABLE TO DETERMINE,,2,NO INDICATION OF INJURY,0.0,0.0,0.0,0.0,0.0,1.0,0.0,0,7,7,41.810248071,-87.690283779,POINT (-87.690283778941 41.810248070538),POINT (1159557.7967129385 1874100.655102639),2021,2620 W 46TH ST
O1043746,DRIVER,141d8247cffbbed89a319258b36236b0e0aa95a0c70bfd7054c65c40bf4ee8e056088b6fa0c63a700f650e98e856708417e224bdc41832affc8c9221a8f5f4cc,989500.0,M,,DEPLOYMENT UNKNOWN,UNKNOWN,NO INDICATION OF INJURY,UNKNOWN,UNKNOWN,UNKNOWN,,,,,2021-02-17 02:30:00,30,SNOW,"DARKNESS, LIGHTED ROAD",PARKED MOTOR VEHICLE,ONE-WAY,SNOW OR SLUSH,UNKNOWN,ON SCENE,INJURY AND / OR TOW DUE TO CRASH,Y,"OVER $1,500",02/17/2021 02:33:00 AM,UNABLE TO DETERMINE,UNABLE TO DETERMINE,,2,NO INDICATION OF INJURY,0.0,0.0,0.0,0.0,0.0,1.0,0.0,2,4,2,41.758928395,-87.651382886,POINT (-87.651382885992 41.758928394694),POINT (1170311.3091788767 1855481.8761120662),2021,7425 S ABERDEEN ST
O1217878,DRIVER,ed52a45e09107df76b27655e02585b1757ed3a12879984a4db7ef1e57741049c7a1d9958016fb46b6454a76f1e141a5a083c04c7d0ca7bea30f157804ef36743,1155632.0,F,,DEPLOYMENT UNKNOWN,NONE,NO INDICATION OF INJURY,IMPROPER BACKING,UNKNOWN,UNKNOWN,,,,,2021-10-31 22:46:00,30,CLEAR,"DARKNESS, LIGHTED ROAD",REAR TO FRONT,ONE-WAY,DRY,UNKNOWN,NOT ON SCENE (DESK REPORT),NO INJURY / DRIVE AWAY,,"$501 - $1,500",11/01/2021 12:10:00 AM,IMPROPER BACKING,DRIVING SKILLS/KNOWLEDGE/EXPERIENCE,,2,NO INDICATION OF INJURY,0.0,0.0,0.0,0.0,0.0,2.0,0.0,22,1,10,42.007578791,-87.667998732,POINT (-87.667998732157 42.007578791408),POINT (1165075.3954850298 1946054.3578387133),2021,6930 N GREENVIEW AVE
O1217440,DRIVER,49bf187af4f2bfd47b1c173f3b40f510105d656fc960f7dae15bf20c4d1730a8d95e1c68d46fd2bfd645b37b2958e9ac3b0b781c754c94a2e756e772d5d1474c,1155216.0,M,39.0,NOT APPLICABLE,NONE,NO INDICATION OF INJURY,NONE,UNKNOWN,NORMAL,,,,,2021-10-31 10:41:00,35,CLEAR,DAYLIGHT,REAR END,NOT DIVIDED,DRY,UNKNOWN,ON SCENE,INJURY AND / OR TOW DUE TO CRASH,,"OVER $1,500",10/31/2021 10:45:00 AM,FAILING TO REDUCE SPEED TO AVOID CRASH,UNABLE TO DETERMINE,,2,"REPORTED, NOT EVIDENT",1.0,0.0,0.0,0.0,1.0,6.0,0.0,10,1,10,41.909191535,-87.746261738,POINT (-87.746261737623 41.909191534939),POINT (1144050.523112554 1910046.1401218488),2021,1546 N CICERO AVE
O1077638,DRIVER,701bd0bcb276361ad654ddf507e4f34a1e317e69f6ce60c201bc32c69c5a54d1ab3e9dbaefef9deda4654e7246415b459d66418daba152fa5f9d5be5ea2d8302,1021986.0,X,,DEPLOYMENT UNKNOWN,NONE,NO INDICATION OF INJURY,UNKNOWN,UNKNOWN,UNKNOWN,,,,,2021-04-16 16:45:00,35,CLEAR,DAYLIGHT,REAR END,DIVIDED - W/MEDIAN BARRIER,DRY,NO DEFECTS,NOT ON SCENE (DESK REPORT),NO INJURY / DRIVE AWAY,Y,"OVER $1,500",04/16/2021 05:45:00 PM,UNABLE TO DETERMINE,NOT APPLICABLE,,2,NO INDICATION OF INJURY,0.0,0.0,0.0,0.0,0.0,3.0,0.0,16,6,4,41.778501794,-87.606035086,POINT (-87.606035086379 41.778501794315),POINT (1182623.6282758708 1862715.617904791),2021,6400 S COTTAGE GROVE AVE
O1146813,DRIVER,9b6fac3ce6598cd6dcfd19e3f23df8515f45229907fded4ac4af0f89955e948b846b8863b23984b2361bdf64902baf7518650bbd85e976ec27e5403a06304c83,1087811.0,X,,DEPLOYMENT UNKNOWN,UNKNOWN,NO INDICATION OF INJURY,UNKNOWN,UNKNOWN,UNKNOWN,,,,,2021-07-24 19:00:00,30,UNKNOWN,DAYLIGHT,PARKED MOTOR VEHICLE,DIVIDED - W/MEDIAN (NOT RAISED),UNKNOWN,UNKNOWN,NOT ON SCENE (DESK REPORT),NO INJURY / DRIVE AWAY,Y,"OVER $1,500",07/24/2021 07:20:00 PM,UNABLE TO DETERMINE,NOT APPLICABLE,,2,NO INDICATION OF INJURY,0.0,0.0,0.0,0.0,0.0,1.0,0.0,19,7,7,41.985587768,-87.689657941,POINT (-87.689657940519 41.98558776798),POINT (1159249.043141832 1937995.6920509539),2021,5718 N WESTERN AVE
O1253649,DRIVER,9aadc43e36b48252496539226d5cc0d6b71823d020c8b9bc61aff678103a8a08553999392549ceef542d1665b5c6ed0a5bdb093037071ccccde56f4030d21cbc,1189977.0,X,,DEPLOYMENT UNKNOWN,NONE,NO INDICATION OF INJURY,UNKNOWN,UNKNOWN,UNKNOWN,,,,Y,2021-12-23 12:00:00,30,UNKNOWN,UNKNOWN,PARKED MOTOR VEHICLE,ONE-WAY,UNKNOWN,UNKNOWN,NOT ON SCENE (DESK REPORT),NO INJURY / DRIVE AWAY,Y,"OVER $1,500",12/28/2021 07:30:00 AM,UNABLE TO DETERMINE,NOT APPLICABLE,,2,NO INDICATION OF INJURY,0.0,0.0,0.0,0.0,0.0,1.0,0.0,12,5,12,41.941112264,-87.723429582,POINT (-87.72342958159 41.941112264126),POINT (1150182.7123189433 1921721.4595809875),2021,3303 N AVERS AVE
O1223908,DRIVER,c1e9f3e11de59815269cdf25082d7282070fedf1a0c4733e2f61010ee075b2a2241cffa4af1aaf0882057459bf2fcea71c425c9401d59bc9d774c7cfb5067b10,1161416.0,M,25.0,DID NOT DEPLOY,NONE,NO INDICATION OF INJURY,FAILED TO YIELD,OTHER,NORMAL,,,,,2021-11-09 18:34:00,30,CLEAR,"DARKNESS, LIGHTED ROAD",PEDESTRIAN,NOT DIVIDED,DRY,NO DEFECTS,ON SCENE,INJURY AND / OR TOW DUE TO CRASH,,"$501 - $1,500",11/09/2021 06:35:00 PM,FAILING TO YIELD RIGHT-OF-WAY,NOT APPLICABLE,,2,NONINCAPACITATING INJURY,1.0,0.0,0.0,1.0,0.0,1.0,0.0,18,3,11,41.747291561,-87.635277079,POINT (-87.635277079422 41.74729156095),POINT (1174739.9982377545 1851276.7622043728),2021,8058 S VINCENNES AVE
O1179049,DRIVER,9dc2dcdd02b16be83956fa4bd475bc96ea0854421eae960c1dde261983c2e1c0e79917f58320f94b2127a5206699501abcaf8368eb9ef0a64940968e5a2200c8,1118571.0,M,,DEPLOYMENT UNKNOWN,NONE,NO INDICATION OF INJURY,FOLLOWED TOO CLOSELY,UNKNOWN,UNKNOWN,,,,,2021-09-08 11:00:00,30,CLEAR,DAYLIGHT,TURNING,ONE-WAY,DRY,UNKNOWN,ON SCENE,NO INJURY / DRIVE AWAY,Y,"$501 - $1,500",09/08/2021 11:20:00 AM,UNABLE TO DETERMINE,NOT APPLICABLE,,2,NO INDICATION OF INJURY,0.0,0.0,0.0,0.0,0.0,3.0,0.0,11,4,9,41.892413487,-87.625453387,POINT (-87.625453386562 41.89241348727),POINT (1176985.0981849534 1904180.4383655847),2021,65 E OHIO ST
P270315,PASSENGER,815fbfdfceb761d0f0e6b041e1a6232f6e8e3feac7336e052225364f5770f2f58a858a747f179376ece3937b90c95fe83bf1232998888e31aa4c66b5997f2298,1145170.0,F,30.0,DID NOT DEPLOY,NONE,NONINCAPACITATING INJURY,,,,,,,,2021-10-17 00:01:00,30,CLEAR,"DARKNESS, LIGHTED ROAD",OTHER OBJECT,NOT DIVIDED,DRY,NO DEFECTS,ON SCENE,INJURY AND / OR TOW DUE TO CRASH,,"$501 - $1,500",10/17/2021 12:06:00 AM,UNABLE TO DETERMINE,UNABLE TO DETERMINE,,1,NONINCAPACITATING INJURY,2.0,0.0,0.0,2.0,0.0,0.0,0.0,0,1,10,41.714187049,-87.653644002,POINT (-87.653644002321 41.714187049006),POINT (1169823.1454352573 1839173.6941387479),2021,1220 W 99TH ST
O1129538,DRIVER,2630b931e20556477e14c7fdf3a60a57376fbbe1ef30e61aac5bf46b4615f758279040459323067bba4b776fdd884babb7f055f14894a5618c18bb381917fb65,1071463.0,F,37.0,DID NOT DEPLOY,NONE,NO INDICATION OF INJURY,UNKNOWN,UNKNOWN,UNKNOWN,,,,,2021-06-28 06:50:00,30,CLEAR,DAYLIGHT,SIDESWIPE SAME DIRECTION,ONE-WAY,DRY,UNKNOWN,NOT ON SCENE (DESK REPORT),NO INJURY / DRIVE AWAY,,"OVER $1,500",06/30/2021 11:40:00 AM,UNABLE TO DETERMINE,NOT APPLICABLE,,2,NO INDICATION OF INJURY,0.0,0.0,0.0,0.0,0.0,2.0,0.0,6,2,6,41.756400407,-87.624869686,POINT (-87.624869685896 41.756400406673),POINT (1177552.7187122218 1854619.15784885),2021,7600 S STATE ST
O1253141,DRIVER,291872fd8c2c28216ab97920a3a1fd5db854687686a70a5f36669518ee91f1ba32edfe45a2af6b5a569ffda498de8b0ff3c90ba32c4037c951e00199577f2d58,1189500.0,M,62.0,NOT APPLICABLE,NONE,NO INDICATION OF INJURY,NONE,UNKNOWN,NORMAL,,,,,2021-12-27 08:35:00,30,FOG/SMOKE/HAZE,DAYLIGHT,TURNING,DIVIDED - W/MEDIAN BARRIER,WET,NO DEFECTS,ON SCENE,NO INJURY / DRIVE AWAY,Y,"$501 - $1,500",12/27/2021 08:42:00 AM,IMPROPER TURNING/NO SIGNAL,NOT APPLICABLE,,2,NO INDICATION OF INJURY,0.0,0.0,0.0,0.0,0.0,3.0,0.0,8,2,12,41.874311859,-87.666483672,POINT (-87.666483671868 41.874311858635),POINT (1165864.94509865 1897494.726124987),2021,1598 W HARRISON ST
O1120980,DRIVER,633c383f81948dc9b47cc5321c9eb16400ac931e2236ff73dcc23a2d6d9569448ef6d63b852d21e6b6c4d5860e4147792adf24e114e80dc8cddb7446b4b57ca7,1063284.0,M,36.0,DID NOT DEPLOY,NONE,NO INDICATION OF INJURY,NONE,NOT OBSCURED,NORMAL,,,,,2021-06-18 16:45:00,30,CLEAR,DAYLIGHT,ANGLE,DIVIDED - W/MEDIAN (NOT RAISED),DRY,UNKNOWN,ON SCENE,INJURY AND / OR TOW DUE TO CRASH,Y,"$501 - $1,500",06/18/2021 04:45:00 PM,NOT APPLICABLE,NOT APPLICABLE,,2,NO INDICATION OF INJURY,0.0,0.0,0.0,0.0,0.0,4.0,0.0,16,6,6,41.89603605,-87.624131033,POINT (-87.624131032735 41.896036050119),POINT (1177334.2271891665 1905503.4740195367),2021,737 N MICHIGAN AVE
O1152312,DRIVER,ad91bed012f37633d954c220ead3dfc51e3dabf032ae239be0e3ca2d152a8300c948d0fa46047147113d254bbae58c485ab68f9baa13264e4c7ec966deb3575c,1093049.0,M,39.0,DID NOT DEPLOY,NONE,NO INDICATION OF INJURY,OTHER,UNKNOWN,NORMAL,,,,,2021-08-01 03:15:00,30,CLEAR,"DARKNESS, LIGHTED ROAD",REAR END,NOT DIVIDED,DRY,UNKNOWN,ON SCENE,INJURY AND / OR TOW DUE TO CRASH,Y,"OVER $1,500",08/01/2021 03:22:00 AM,FAILING TO REDUCE SPEED TO AVOID CRASH,FOLLOWING TOO CLOSELY,,2,NONINCAPACITATING INJURY,1.0,0.0,0.0,1.0,0.0,3.0,0.0,3,1,8,41.891503833,-87.637176441,POINT (-87.637176441212 41.891503833012),POINT (1173795.923704657 1903822.8451039488),2021,524 N ORLEANS ST