PERSON_ID,PERSON_TYPE,CRASH_RECORD_ID,VEHICLE_ID,SEX,AGE,AIRBAG_DEPLOYED,EJECTION,INJURY_CLASSIFICATION,DRIVER_ACTION,DRIVER_VISION,PHYSICAL_CONDITION,PEDPEDAL_ACTION,PEDPEDAL_VISIBILITY,PEDPEDAL_LOCATION,CRASH_DATE_EST_I,CRASH_DATE,POSTED_SPEED_LIMIT,WEATHER_CONDITION,LIGHTING_CONDITION,FIRST_CRASH_TYPE,TRAFFICWAY_TYPE,ROADWAY_SURFACE_COND,ROAD_DEFECT,REPORT_TYPE,CRASH_TYPE,HIT_AND_RUN_I,DAMAGE,DATE_POLICE_NOTIFIED,PRIM_CONTRIBUTORY_CAUSE,SEC_CONTRIBUTORY_CAUSE,DOORING_I,NUM_UNITS,MOST_SEVERE_INJURY,INJURIES_TOTAL,INJURIES_FATAL,INJURIES_INCAPACITATING,INJURIES_NON_INCAPACITATING,INJURIES_REPORTED_NOT_EVIDENT,INJURIES_NO_INDICATION,INJURIES_UNKNOWN,CRASH_HOUR,CRASH_DAY_OF_WEEK,CRASH_MONTH,LATITUDE,LONGITUDE,LOCATION,geometry,YEAR,ADDRESS
O1177477,DRIVER,7a3419baea6effb25cd6c37bde6816f1a13957921e88a9da690fc9ca22db56b309fa99c87965c58bfb85deaa010415db8d72ef339730cb9af66a4f8a7b56ed41,1117033.0,F,,DEPLOYMENT UNKNOWN,NONE,NO INDICATION OF INJURY,FAILED TO YIELD,UNKNOWN,NORMAL,,,,,2021-09-03 20:12:00,30,CLEAR,"DARKNESS, LIGHTED ROAD",ANGLE,FOUR WAY,DRY,NO DEFECTS,NOT ON SCENE (DESK REPORT),NO INJURY / DRIVE AWAY,,"OVER $1,500",09/05/2021 09:40:00 PM,UNABLE TO DETERMINE,NOT APPLICABLE,,2,NO INDICATION OF INJURY,0.0,0.0,0.0,0.0,0.0,2.0,0.0,20,6,9,41.67778757,-87.636033993,POINT (-87.636033993234 41.677787569864),POINT (1174738.5483931247 1825948.6209535778),2021,11900 S PARNELL AVE
P230592,PASSENGER,a6c41397694c96e74d1cf0285ba400c4f95fdb63509c7f12c68e18f2ca357da0210fa3b036b8656e08ba763e1fc92d3281a1c07e8bb2af2bb58ca290922827ed,965689.0,M,,"DEPLOYED, FRONT",NONE,NO INDICATION OF INJURY,,,,,,,,2021-01-02 22:46:00,30,RAIN,"DARKNESS, LIGHTED ROAD",REAR END,DIVIDED - W/MEDIAN (NOT RAISED),WET,NO DEFECTS,NOT ON SCENE (DESK REPORT),INJURY AND / OR TOW DUE TO CRASH,,"OVER $1,500",01/02/2021 10:46:00 PM,FAILING TO REDUCE SPEED TO AVOID CRASH,NOT APPLICABLE,,2,NONINCAPACITATING INJURY,1.0,0.0,0.0,1.0,0.0,2.0,0.0,22,7,1,41.797579996,-87.664824819,POINT (-87.664824818501 41.797579996037),POINT (1166534.342526781 1869537.4445962326),2021,5300 S ASHLAND AVE
O1172525,DRIVER,f1c9c455634a40583cb00e588272946eb1ebab774f8b0c27f0120e54fb4af25660702214c0bd7a0a5ddd5f0357376376974cc70cec5457fbefc414e9a9a36146,1112286.0,M,29.0,DID NOT DEPLOY,NONE,NO INDICATION OF INJURY,IMPROPER BACKING,UNKNOWN,NORMAL,,,,,2021-08-30 00:51:00,25,CLEAR,DARKNESS,FIXED OBJECT,ONE-WAY,UNKNOWN,UNKNOWN,NOT ON SCENE (DESK REPORT),NO INJURY / DRIVE AWAY,,"OVER $1,500",08/30/2021 12:51:00 AM,UNABLE TO DETERMINE,NOT APPLICABLE,,1,NO INDICATION OF INJURY,0.0,0.0,0.0,0.0,0.0,1.0,0.0,0,2,8,41.875290203,-87.715233198,POINT (-87.715233197727 41.875290202955),POINT (1152585.499107809 1897751.8531818308),2021,3551 W VAN BUREN ST
O1235867,DRIVER,881b914e58ffa9077495496559d03158b2d0a492ddfe16beb56903835eeb66438ce62a930e355a64abd8ad457677153ff80df6a7233c199affe706d74b9b8d7c,1172932.0,M,27.0,NOT APPLICABLE,NONE,NO INDICATION OF INJURY,NONE,UNKNOWN,UNKNOWN,,,,,2021-11-28 17:13:00,30,CLEAR,"DARKNESS, LIGHTED ROAD",SIDESWIPE SAME DIRECTION,FOUR WAY,DRY,UNKNOWN,NOT ON SCENE (DESK REPORT),NO INJURY / DRIVE AWAY,Y,"OVER $1,500",11/28/2021 06:00:00 PM,IMPROPER BACKING,UNABLE TO DETERMINE,,2,NO INDICATION OF INJURY,0.0,0.0,0.0,0.0,0.0,2.0,0.0,17,1,11,41.765928192,-87.586470078,POINT (-87.586470077922 41.76592819222),POINT (1187999.8885404235 1858179.6285030982),2021,7100 S STONY ISLAND AVE
P278645,PASSENGER,3e302b9fa020037c5bf50bd95a4c3539052d638ccaf6e07bd5c2d442e51c464b927115b3e831828299153a4f6590197afb6558e40525ac61059782fb69fa25d7,1182092.0,M,60.0,NOT APPLICABLE,NONE,NONINCAPACITATING INJURY,,,,,,,,2021-12-13 09:45:00,30,CLEAR,DAYLIGHT,ANGLE,FOUR WAY,DRY,UNKNOWN,ON SCENE,INJURY AND / OR TOW DUE TO CRASH,,"OVER $1,500",12/13/2021 09:55:00 AM,FAILING TO REDUCE SPEED TO AVOID CRASH,DRIVING SKILLS/KNOWLEDGE/EXPERIENCE,,2,INCAPACITATING INJURY,21.0,0.0,2.0,19.0,0.0,0.0,0.0,9,2,12,41.76991131,-87.576338448,POINT (-87.576338448062 41.769911309667),POINT (1190751.1170353466 1859655.2103367564),2021,2000 E 69TH ST
O1082119,DRIVER,397bf39f12aa544237826debdbe0eccc29f582e1c1a29b289898024ac517cb6940170c0757ad3856c427edb77fc540c444558c62a7fbe8e47c1991093e6ad8cb,1026303.0,F,23.0,DID NOT DEPLOY,NONE,NO INDICATION OF INJURY,UNKNOWN,UNKNOWN,NORMAL,,,,,2021-04-24 14:30:00,30,CLEAR,DAYLIGHT,REAR END,NOT DIVIDED,UNKNOWN,NO DEFECTS,NOT ON SCENE (DESK REPORT),NO INJURY / DRIVE AWAY,,"OVER $1,500",04/24/2021 03:30:00 PM,UNABLE TO DETERMINE,UNABLE TO DETERMINE,,2,NO INDICATION OF INJURY,0.0,0.0,0.0,0.0,0.0,4.0,0.0,14,7,4,41.809572517,-87.611394621,POINT (-87.611394620986 41.809572516992),POINT (1181066.7029131798 1874025.2843820567),2021,600 E 47TH ST
O1193692,DRIVER,05b0a995e4c24362bc2b3d55342bdc1be27e883e26d080b263951e2f1cfc4e4dba82c4f0eb4f80f67bd4938c8a74edd077da9907e99e7e8288cec549e28d8520,1132589.0,M,24.0,DID NOT DEPLOY,NONE,NO INDICATION OF INJURY,UNKNOWN,UNKNOWN,NORMAL,,,,,2021-09-28 09:45:00,30,CLEAR,DAYLIGHT,ANGLE,NOT DIVIDED,DRY,NO DEFECTS,ON SCENE,INJURY AND / OR TOW DUE TO CRASH,,"$501 - $1,500",09/28/2021 09:46:00 AM,UNABLE TO DETERMINE,NOT APPLICABLE,,2,NO INDICATION OF INJURY,0.0,0.0,0.0,0.0,0.0,2.0,0.0,9,3,9,41.755922558,-87.66363879,POINT (-87.663638790352 41.755922557505),POINT (1166975.9538636894 1854360.3057423302),2021,1600 W 76TH ST
O1146781,DRIVER,6010f8cbd0a60b7e2032d46d72e3eceb66aeadd4065bdecc88731c7024ee524d7fb0e41e44c69598ed5c406521e719c219bb93697080fcf19c2a5d33b2826e07,1087809.0,F,42.0,NOT APPLICABLE,UNKNOWN,NO INDICATION OF INJURY,FOLLOWED TOO CLOSELY,NOT OBSCURED,NORMAL,,,,,2021-07-24 17:50:00,30,RAIN,DAWN,TURNING,NOT DIVIDED,WET,NO DEFECTS,NOT ON SCENE (DESK REPORT),NO INJURY / DRIVE AWAY,,"OVER $1,500",07/24/2021 06:32:00 PM,WEATHER,WEATHER,,2,NO INDICATION OF INJURY,0.0,0.0,0.0,0.0,0.0,2.0,0.0,17,7,7,41.793443852,-87.674140801,POINT (-87.674140801231 41.793443852295),POINT (1164005.6684256822 1868010.6431394517),2021,1957 W GARFIELD BLVD
O1086524,DRIVER,5724072c8b1be7b9f0faf3ef4d1a6a34f18268cd1e32f7469b6b72e2d6e89eb1d7d5de17bc4f9ce55735778220b46f804deb70e158f1fa03263633f2aa450171,1030526.0,M,54.0,DID NOT DEPLOY,NONE,NO INDICATION OF INJURY,FAILED TO YIELD,MOVING VEHICLES,NORMAL,,,,,2021-05-01 14:13:00,20,CLEAR,DAYLIGHT,SIDESWIPE SAME DIRECTION,DIVIDED - W/MEDIAN (NOT RAISED),DRY,NO DEFECTS,NOT ON SCENE (DESK REPORT),NO INJURY / DRIVE AWAY,,"OVER $1,500",05/01/2021 03:15:00 PM,FAILING TO YIELD RIGHT-OF-WAY,FAILING TO YIELD RIGHT-OF-WAY,,2,NO INDICATION OF INJURY,0.0,0.0,0.0,0.0,0.0,2.0,0.0,14,7,5,41.997196148,-87.766632847,POINT (-87.766632847015 41.997196147514),POINT (1138293.4444722745 1942077.9712341835),2021,5523 W DEVON AVE
O1121717,DRIVER,147f95845c4910b629fb5a7ddac60591335425b326060432d3340e572ff8bae9de5aa56a402f143298fefb5bb4a9591c57fa586c95b977b39c45e1764efb4724,1063969.0,M,,NOT APPLICABLE,NONE,NO INDICATION OF INJURY,UNKNOWN,UNKNOWN,UNKNOWN,,,,,2021-06-19 13:15:00,30,CLEAR,DAYLIGHT,PARKED MOTOR VEHICLE,NOT DIVIDED,DRY,NO DEFECTS,NOT ON SCENE (DESK REPORT),NO INJURY / DRIVE AWAY,,"$501 - $1,500",06/19/2021 02:00:00 PM,UNABLE TO DETERMINE,NOT APPLICABLE,,2,NO INDICATION OF INJURY,0.0,0.0,0.0,0.0,0.0,6.0,0.0,13,7,6,41.844202241,-87.704886994,POINT (-87.704886994392 41.844202240983),POINT (1155486.1515574746 1886443.944031213),2021,2609 S KEDZIE AVE
O1115476,DRIVER,82625083f721b23c039e55153dbb90724f1ef02062b3da3d543191c5eab8af4daf73c92c6e2bc90bc4fa5db1dfe52ce4264f03bd2dd41c352df9f6556ae4e28f,1058077.0,M,42.0,DEPLOYMENT UNKNOWN,UNKNOWN,NO INDICATION OF INJURY,OTHER,UNKNOWN,NORMAL,,,,,2021-06-11 13:30:00,30,CLEAR,DAYLIGHT,SIDESWIPE SAME DIRECTION,FOUR WAY,DRY,UNKNOWN,NOT ON SCENE (DESK REPORT),NO INJURY / DRIVE AWAY,Y,"OVER $1,500",06/11/2021 04:45:00 PM,IMPROPER OVERTAKING/PASSING,IMPROPER LANE USAGE,,2,NO INDICATION OF INJURY,0.0,0.0,0.0,0.0,0.0,2.0,0.0,13,6,6,41.89639511,-87.654110908,POINT (-87.654110908113 41.896395109558),POINT (1169170.9623324277 1905568.271197355),2021,1038 W CHICAGO AVE
O1156323,DRIVER,5b78c7a6b4d63a1015e75ad025e4105079322632fa4bf42e521535fd2df51baa396cd0c170055725af335d1972d02143df7abbc6f29bf1a12fcbcf90ddffee1c,1096881.0,M,36.0,NOT APPLICABLE,NONE,NO INDICATION OF INJURY,NONE,NOT OBSCURED,NORMAL,,,,Y,2021-08-06 17:15:00,30,CLEAR,DAYLIGHT,TURNING,FOUR WAY,DRY,NO DEFECTS,ON SCENE,INJURY AND / OR TOW DUE TO CRASH,,"$501 - $1,500",08/06/2021 05:46:00 PM,FAILING TO YIELD RIGHT-OF-WAY,IMPROPER TURNING/NO SIGNAL,,2,NO INDICATION OF INJURY,0.0,0.0,0.0,0.0,0.0,2.0,0.0,17,6,8,41.909877028,-87.7354854,POINT (-87.73548539997 41.909877028275),POINT (1146982.1060313804 1910316.1948766743),2021,4348 W GRAND AVE
O1043266,DRIVER,436d31c300d12ec1d2c62be0d5f0b3c2ac861052e74f6d456e73b158126e2e2317dee0f1916a281aec61f427ed891e447aa112091ced65d26602efd73e5b96f0,989037.0,M,32.0,DID NOT DEPLOY,NONE,NO INDICATION OF INJURY,IMPROPER LANE CHANGE,NOT OBSCURED,NORMAL,,,,,2021-02-16 08:20:00,30,SNOW,DAYLIGHT,SIDESWIPE SAME DIRECTION,DIVIDED - W/MEDIAN (NOT RAISED),SNOW OR SLUSH,NO DEFECTS,NOT ON SCENE (DESK REPORT),NO INJURY / DRIVE AWAY,,"OVER $1,500",02/16/2021 09:20:00 AM,IMPROPER LANE USAGE,FAILING TO REDUCE SPEED TO AVOID CRASH,,2,NO INDICATION OF INJURY,0.0,0.0,0.0,0.0,0.0,2.0,0.0,8,3,2,41.99349326,-87.806690264,POINT (-87.806690264332 41.993493260301),POINT (1127413.0956281982 1940659.1050000915),2021,6199 N HARLEM AVE
O1254783,DRIVER,6801f5d8127a4ff41878e3c9b1745371673bd25b2237e478a47c6c13fbac0ea715d538fb390505574e134c5e9ae79e1eaa5f78727bdbd9d38da07ac283d56d4e,1191081.0,M,31.0,DID NOT DEPLOY,NONE,NO INDICATION OF INJURY,UNKNOWN,UNKNOWN,UNKNOWN,,,,,2021-12-30 11:26:00,30,CLEAR,DAYLIGHT,ANGLE,NOT DIVIDED,DRY,UNKNOWN,ON SCENE,INJURY AND / OR TOW DUE TO CRASH,,"$501 - $1,500",12/30/2021 11:27:00 AM,DRIVING SKILLS/KNOWLEDGE/EXPERIENCE,DRIVING SKILLS/KNOWLEDGE/EXPERIENCE,,2,NO INDICATION OF INJURY,0.0,0.0,0.0,0.0,0.0,2.0,0.0,11,5,12,41.756638465,-87.618198768,POINT (-87.618198767514 41.756638464579),POINT (1179372.1535733305 1854720.9638797946),2021,300 E 76TH ST
O1173004,DRIVER,c6074213838f846b5777af92a9c901be4e61eab66ea6fc105b5c77518c927dc001c742f73bbf2d311ce7981e9a1ce84348b88490bda29e3f3fcc91585f5e8777,1112741.0,X,,DEPLOYMENT UNKNOWN,NONE,NO INDICATION OF INJURY,UNKNOWN,UNKNOWN,UNKNOWN,,,,,2021-08-30 08:00:00,30,CLEAR,DAYLIGHT,PARKED MOTOR VEHICLE,ONE-WAY,DRY,NO DEFECTS,NOT ON SCENE (DESK REPORT),NO INJURY / DRIVE AWAY,Y,"OVER $1,500",08/30/2021 05:10:00 PM,UNABLE TO DETERMINE,NOT APPLICABLE,,2,NO INDICATION OF INJURY,0.0,0.0,0.0,0.0,0.0,1.0,0.0,8,2,8,41.952308905,-87.769914089,POINT (-87.769914088991 41.952308905232),POINT (1137509.0963215372 1925714.99009747),2021,5710 W DAKIN ST
O1139748,DRIVER,9a6b27a77d4d4a1735c78a3d0a480ca7766ae0d785eefd403b6a3747605b00f3115accf383ae96ff90bd5ef258580e7e52380653c2e3335419e59dcf48b2d9b3,1081106.0,F,34.0,NOT APPLICABLE,NONE,NO INDICATION OF INJURY,NONE,NOT OBSCURED,NORMAL,,,,,2021-07-14 15:30:00,30,CLEAR,DAYLIGHT,REAR END,NOT DIVIDED,DRY,NO DEFECTS,NOT ON SCENE (DESK REPORT),NO INJURY / DRIVE AWAY,,"$501 - $1,500",07/14/2021 05:03:00 PM,NOT APPLICABLE,NOT APPLICABLE,,2,NO INDICATION OF INJURY,0.0,0.0,0.0,0.0,0.0,2.0,0.0,15,4,7,41.777628165,-87.78141062,POINT (-87.781410620358 41.777628164752),POINT (1134791.0676388238 1862041.4855094051),2021,6300 S NARRAGANSETT AVE
O1038444,DRIVER,02149fb5e8deba26f22611326da8183d88a9ced0d888fc8275b16ec6e4981072c2572c05a56f7f7e26af1ee393d0e5e8ab8d386816e9984b67aee64f09d8261f,984337.0,F,65.0,NOT APPLICABLE,NONE,NO INDICATION OF INJURY,OTHER,NOT OBSCURED,NORMAL,,,,,2021-02-08 12:18:00,15,SNOW,DAYLIGHT,FIXED OBJECT,ALLEY,SNOW OR SLUSH,NO DEFECTS,ON SCENE,NO INJURY / DRIVE AWAY,,$500 OR LESS,02/08/2021 12:18:00 PM,WEATHER,UNABLE TO DETERMINE,,1,NO INDICATION OF INJURY,0.0,0.0,0.0,0.0,0.0,1.0,0.0,12,2,2,41.915404767,-87.712667159,POINT (-87.712667158767 41.915404767176),POINT (1153178.6007326776 1912374.6238536844),2021,3419 W CORTLAND ST
O1250907,DRIVER,75d635d76ab7c61301fb9d9b1a86e0b68b234503c4e61d53c196bb548032b321d41b121c85782d6d2e927e33ff9789195cd5a0292188055fbd296e6a87344b8c,1187362.0,F,,DEPLOYMENT UNKNOWN,UNKNOWN,NO INDICATION OF INJURY,UNKNOWN,NOT OBSCURED,NORMAL,,,,,2021-12-22 13:45:00,30,CLEAR,DAYLIGHT,REAR END,DIVIDED - W/MEDIAN (NOT RAISED),DRY,NO DEFECTS,NOT ON SCENE (DESK REPORT),NO INJURY / DRIVE AWAY,,"OVER $1,500",12/22/2021 02:09:00 PM,UNABLE TO DETERMINE,UNABLE TO DETERMINE,,2,NO INDICATION OF INJURY,0.0,0.0,0.0,0.0,0.0,2.0,0.0,13,4,12,41.736358013,-87.624015058,POINT (-87.624015058087 41.736358013424),POINT (1177846.1072112396 1847317.8137115145),2021,8659 S STATE ST
O1136762,DRIVER,b3e589db150f11a6dfc5c9fbcd19c3b2f747f635f9486c21f0928ca2a95b349b6f2acb16eb37d7c8a1e45dc5db46cb4a4d061ac5548719843f2457bfcff1bbb8,1078247.0,F,,DEPLOYMENT UNKNOWN,NONE,NO INDICATION OF INJURY,FAILED TO YIELD,UNKNOWN,UNKNOWN,,,,,2021-07-10 00:11:00,30,CLEAR,"DARKNESS, LIGHTED ROAD",REAR END,DIVIDED - W/MEDIAN BARRIER,DRY,NO DEFECTS,ON SCENE,INJURY AND / OR TOW DUE TO CRASH,Y,"OVER $1,500",07/10/2021 12:20:00 AM,FAILING TO YIELD RIGHT-OF-WAY,UNABLE TO DETERMINE,,2,NONINCAPACITATING INJURY,2.0,0.0,0.0,2.0,0.0,1.0,0.0,0,7,7,41.773438566,-87.566899306,POINT (-87.566899305833 41.773438566009),POINT (1193314.5899005781 1860963.3227132377),2021,6700 S SOUTH SHORE DR
O1140217,DRIVER,fd1d86f0a937b7515b386198be224bd5698fabdd14923040b295e49abf1386d186bc87c8284bf80c0f5fc5e4d5acbdb4fb8e245f4fcca765d5b3738578071da1,1081546.0,M,,DID NOT DEPLOY,NONE,NO INDICATION OF INJURY,FAILED TO YIELD,NOT OBSCURED,NORMAL,,,,,2021-07-15 13:00:00,30,CLEAR,DAYLIGHT,ANGLE,NOT DIVIDED,DRY,NO DEFECTS,NOT ON SCENE (DESK REPORT),NO INJURY / DRIVE AWAY,,"OVER $1,500",07/15/2021 01:28:00 PM,FAILING TO YIELD RIGHT-OF-WAY,FAILING TO YIELD RIGHT-OF-WAY,,2,NO INDICATION OF INJURY,0.0,0.0,0.0,0.0,0.0,2.0,0.0,13,5,7,41.786004645,-87.715748756,POINT (-87.715748755759 41.786004644539),POINT (1152678.9872928655 1865215.5942292353),2021,5900 S LAWNDALE AVE
O1204921,DRIVER,ea291ec5e866eac84363deb20bb113445e6f6d0d844f59f267b9203b45eda88114cb5943b32b74741259e9081d5f02ca9cf66f075a501e82a17747a8d417b188,1143278.0,M,45.0,DID NOT DEPLOY,NONE,NO INDICATION OF INJURY,OTHER,UNKNOWN,NORMAL,,,,,2021-10-14 08:20:00,30,CLOUDY/OVERCAST,DAYLIGHT,TURNING,NOT DIVIDED,DRY,NO DEFECTS,NOT ON SCENE (DESK REPORT),NO INJURY / DRIVE AWAY,,"OVER $1,500",10/14/2021 09:00:00 AM,UNABLE TO DETERMINE,UNABLE TO DETERMINE,,2,NO INDICATION OF INJURY,0.0,0.0,0.0,0.0,0.0,2.0,0.0,8,5,10,41.823774058,-87.630127702,POINT (-87.630127701723 41.823774058),POINT (1175917.2651710762 1879157.913173052),2021,140 W PERSHING RD
O1152494,DRIVER,6ce05f6e0ba8092a75655215a6eb1d9cdd68004057c07150da2c15e48f74b3a6a12dedd9bf6fe411a56efe1d543d708085ea91c353068957be3a930e6ea9d4cb,1093234.0,F,22.0,DID NOT DEPLOY,NONE,NO INDICATION OF INJURY,UNKNOWN,UNKNOWN,NORMAL,,,,,2021-08-01 10:22:00,30,CLEAR,DAYLIGHT,PARKED MOTOR VEHICLE,ONE-WAY,DRY,NO DEFECTS,ON SCENE,INJURY AND / OR TOW DUE TO CRASH,,"OVER $1,500",08/01/2021 10:35:00 AM,UNABLE TO DETERMINE,NOT APPLICABLE,,6,NO INDICATION OF INJURY,0.0,0.0,0.0,0.0,0.0,1.0,0.0,10,1,8,41.869969616,-87.702689246,POINT (-87.702689245999 41.869969616392),POINT (1156016.021486247 1895837.8925905644),2021,3045 W ARTHINGTON ST
O1243137,DRIVER,e8522f45e0b9ade8d688e0b4e6aa5d470903adb8677d2ebb04873e12c8b76e8a67237e83bcc13404467fb0156a28d76300d0fc9dec33a8711505cf117fb106d6,1179872.0,F,60.0,DID NOT DEPLOY,NONE,NO INDICATION OF INJURY,NONE,NOT OBSCURED,NORMAL,,,,,2021-12-10 12:15:00,30,CLEAR,DAYLIGHT,REAR END,DIVIDED - W/MEDIAN (NOT RAISED),DRY,NO DEFECTS,ON SCENE,NO INJURY / DRIVE AWAY,Y,"OVER $1,500",12/10/2021 12:31:00 PM,FOLLOWING TOO CLOSELY,FAILING TO REDUCE SPEED TO AVOID CRASH,,2,NO INDICATION OF INJURY,0.0,0.0,0.0,0.0,0.0,2.0,0.0,12,6,12,41.880252483,-87.755829095,POINT (-87.755829094868 41.880252483041),POINT (1141517.2640122727 1899483.0951015933),2021,5219 W MADISON ST
O1136508,DRIVER,ce57e4ad837bc845212f3ba0f37ce97b891ebb2089d750a11c503b81b38cfad9b5d2e9bc6a34935173f69e15b010050d415c264b05eeb9073c66138fdecd53b3,1078015.0,M,36.0,DID NOT DEPLOY,NONE,NONINCAPACITATING INJURY,NONE,NOT OBSCURED,NORMAL,,,,,2021-07-09 17:01:00,25,CLEAR,DAYLIGHT,REAR END,NOT DIVIDED,DRY,NO DEFECTS,ON SCENE,INJURY AND / OR TOW DUE TO CRASH,,"OVER $1,500",07/09/2021 05:01:00 PM,FAILING TO REDUCE SPEED TO AVOID CRASH,FAILING TO REDUCE SPEED TO AVOID CRASH,,2,NONINCAPACITATING INJURY,1.0,0.0,0.0,1.0,0.0,1.0,0.0,17,6,7,41.967858305,-87.752572567,POINT (-87.75257256745 41.967858305347),POINT (1142187.8837584183 1931412.7310602285),2021,4999 W LAWRENCE AVE
O1134146,DRIVER,2a7dd7f01d6454954601a4a05c57b7f06f3462daf0ae7a417cef31bf249fa8e8b1884049b670740f985ef19b78a11be7ba7d4b871c43921ad52501d8c23806da,1075774.0,F,36.0,"DEPLOYED, COMBINATION",NONE,NONINCAPACITATING INJURY,UNKNOWN,UNKNOWN,NORMAL,,,,,2021-07-04 11:55:00,35,CLEAR,DAYLIGHT,TURNING,FOUR WAY,DRY,UNKNOWN,,INJURY AND / OR TOW DUE TO CRASH,,"OVER $1,500",07/04/2021 11:56:00 AM,FAILING TO YIELD RIGHT-OF-WAY,NOT APPLICABLE,,2,NONINCAPACITATING INJURY,2.0,0.0,0.0,2.0,0.0,0.0,0.0,11,1,7,41.756468716,-87.615316023,POINT (-87.615316023063 41.756468716081),POINT (1180159.2220529004 1854665.6604907417),2021,375 E 76TH ST
O1074831,DRIVER,17355c5c5c71ec1846e320e4da9d679c4f9c8676242f88bdae6360c85864787cc6dabf846eb5850bb70d91adf96d6567e65496d3db640a154966a90d678913d6,1019334.0,F,,DEPLOYMENT UNKNOWN,NONE,NO INDICATION OF INJURY,FAILED TO YIELD,UNKNOWN,UNKNOWN,,,,,2021-04-11 14:30:00,30,CLEAR,DAYLIGHT,ANGLE,ONE-WAY,DRY,NO DEFECTS,ON SCENE,NO INJURY / DRIVE AWAY,Y,"OVER $1,500",04/11/2021 05:35:00 PM,FAILING TO YIELD RIGHT-OF-WAY,UNABLE TO DETERMINE,,2,NO INDICATION OF INJURY,0.0,0.0,0.0,0.0,0.0,2.0,0.0,14,1,4,41.777039298,-87.702942961,POINT (-87.70294296089 41.777039297891),POINT (1156195.3769748819 1861974.0353784836),2021,3157 W 64TH ST
P255658,PASSENGER,de404b27ecb6b27df0bdef106bac9c7a20b2cb893df1d76ac079301bcccfa2e10448e83b7740a9cb9c892d74d3c721cbf6f68d25f3b36a96994c59d2851ea181,1080169.0,F,38.0,"DEPLOYED, COMBINATION",TRAPPED/EXTRICATED,INCAPACITATING INJURY,,,,,,,,2021-07-11 02:40:00,30,CLEAR,"DARKNESS, LIGHTED ROAD",ANGLE,FOUR WAY,WET,NO DEFECTS,ON SCENE,INJURY AND / OR TOW DUE TO CRASH,Y,"OVER $1,500",07/11/2021 03:06:00 AM,FAILING TO REDUCE SPEED TO AVOID CRASH,UNABLE TO DETERMINE,,2,INCAPACITATING INJURY,3.0,0.0,3.0,0.0,0.0,2.0,0.0,2,1,7,41.882736186,-87.701375563,POINT (-87.701375563052 41.882736185609),POINT (1156339.5724634116 1900492.6414500014),2021,3001 W WASHINGTON BLVD
O1126402,DRIVER,c86ce4368058351b3ae9041882146a3b622c420826326cacd641e16db8f55c08f4ffe781357e3ae2ddb855a1fdb8db2b1c975920acb1605476e408103262967f,1068446.0,F,22.0,"DEPLOYED, FRONT",NONE,"REPORTED, NOT EVIDENT",UNKNOWN,UNKNOWN,NORMAL,,,,,2021-06-25 21:10:00,30,RAIN,"DARKNESS, LIGHTED ROAD",ANGLE,FOUR WAY,WET,"RUT, HOLES",ON SCENE,INJURY AND / OR TOW DUE TO CRASH,,"OVER $1,500",06/25/2021 09:21:00 PM,UNABLE TO DETERMINE,NOT APPLICABLE,,2,"REPORTED, NOT EVIDENT",2.0,0.0,0.0,0.0,2.0,1.0,0.0,21,6,6,41.853687707,-87.695651749,POINT (-87.695651748828 41.85368770724),POINT (1157976.8735023595 1889918.965679754),2021,2100 S CALIFORNIA AVE
O1133308,DRIVER,825e7e95372fc488e25c606f7fa34198ad9cfea7e2efe0ed1fb49dbd3c46bca9dad28f6823b7f20d95f54325bc8bb760320c6cd47d2ed4ddd759074bef010d02,1074978.0,X,,DEPLOYMENT UNKNOWN,NONE,NO INDICATION OF INJURY,UNKNOWN,UNKNOWN,UNKNOWN,,,,Y,2021-07-05 05:00:00,30,CLEAR,DAWN,PARKED MOTOR VEHICLE,NOT DIVIDED,DRY,NO DEFECTS,ON SCENE,NO INJURY / DRIVE AWAY,Y,"$501 - $1,500",07/05/2021 08:22:00 AM,UNABLE TO DETERMINE,UNABLE TO DETERMINE,,2,NO INDICATION OF INJURY,0.0,0.0,0.0,0.0,0.0,1.0,0.0,5,2,7,41.708955099,-87.559833595,POINT (-87.559833595188 41.708955099295),POINT (1195453.1617278485 1837483.3720722497),2021,10234 S TORRENCE AVE
O1132175,DRIVER,794d254f1d5e97051973aed88e522b7ce6e00fda80a5e91efa71aaf1c737ec95acf2a65e386e57373e4fc22dee7b2afd690af5b1186d8294ff49141b79dd99b9,1073964.0,F,80.0,DID NOT DEPLOY,NONE,NO INDICATION OF INJURY,NONE,WINDSHIELD (WATER/ICE),NORMAL,,,,,2021-07-03 17:00:00,35,CLEAR,DAYLIGHT,REAR END,DIVIDED - W/MEDIAN (NOT RAISED),DRY,NO DEFECTS,NOT ON SCENE (DESK REPORT),NO INJURY / DRIVE AWAY,,"OVER $1,500",07/03/2021 06:30:00 PM,FOLLOWING TOO CLOSELY,UNABLE TO DETERMINE,,2,NO INDICATION OF INJURY,0.0,0.0,0.0,0.0,0.0,2.0,0.0,17,7,7,41.750182355,-87.673278857,POINT (-87.673278856776 41.750182355465),POINT (1164361.6981764636 1852248.3006923979),2021,7900 S DAMEN AVE