PERSON_ID,PERSON_TYPE,CRASH_RECORD_ID,VEHICLE_ID,SEX,AGE,AIRBAG_DEPLOYED,EJECTION,INJURY_CLASSIFICATION,DRIVER_ACTION,DRIVER_VISION,PHYSICAL_CONDITION,PEDPEDAL_ACTION,PEDPEDAL_VISIBILITY,PEDPEDAL_LOCATION,CRASH_DATE_EST_I,CRASH_DATE,POSTED_SPEED_LIMIT,WEATHER_CONDITION,LIGHTING_CONDITION,FIRST_CRASH_TYPE,TRAFFICWAY_TYPE,ROADWAY_SURFACE_COND,ROAD_DEFECT,REPORT_TYPE,CRASH_TYPE,HIT_AND_RUN_I,DAMAGE,DATE_POLICE_NOTIFIED,PRIM_CONTRIBUTORY_CAUSE,SEC_CONTRIBUTORY_CAUSE,DOORING_I,NUM_UNITS,MOST_SEVERE_INJURY,INJURIES_TOTAL,INJURIES_FATAL,INJURIES_INCAPACITATING,INJURIES_NON_INCAPACITATING,INJURIES_REPORTED_NOT_EVIDENT,INJURIES_NO_INDICATION,INJURIES_UNKNOWN,CRASH_HOUR,CRASH_DAY_OF_WEEK,CRASH_MONTH,LATITUDE,LONGITUDE,LOCATION,geometry,YEAR,ADDRESS
P277390,PASSENGER,6f4021bfcae0e4b6a65b6b9ddc79e583bbff0ad3dcb0c6ff5c6f6db6b666e09e58351543401bf6982fb66b8108819011450d3882e089016b0dfac00880543219,1176627.0,F,,NOT APPLICABLE,NONE,NO INDICATION OF INJURY,,,,,,,,2021-12-05 01:07:00,30,CLEAR,"DARKNESS, LIGHTED ROAD",ANGLE,DIVIDED - W/MEDIAN BARRIER,DRY,NO DEFECTS,NOT ON SCENE (DESK REPORT),NO INJURY / DRIVE AWAY,N,"OVER $1,500",12/05/2021 01:30:00 AM,UNABLE TO DETERMINE,NOT APPLICABLE,,2,NO INDICATION OF INJURY,0.0,0.0,0.0,0.0,0.0,6.0,0.0,1,1,12,41.889225372,-87.632674115,POINT (-87.632674114985 41.88922537162),POINT (1175028.579766777 1903002.552291156),2021,400 N LA SALLE DR
P272831,PASSENGER,76f7fe7876d89c634553e9c2f687da4150fdd192e5b1095b85780608195ccd64af24440c280b393fc05276051b485fd1b7f15f33923c7589bed606f3adf57e2c,1156061.0,M,20.0,DID NOT DEPLOY,NONE,NO INDICATION OF INJURY,,,,,,,,2021-11-01 15:40:00,15,CLEAR,DAYLIGHT,SIDESWIPE OPPOSITE DIRECTION,PARKING LOT,DRY,NO DEFECTS,NOT ON SCENE (DESK REPORT),NO INJURY / DRIVE AWAY,,$500 OR LESS,11/01/2021 04:24:00 PM,DRIVING SKILLS/KNOWLEDGE/EXPERIENCE,UNABLE TO DETERMINE,,2,NO INDICATION OF INJURY,0.0,0.0,0.0,0.0,0.0,3.0,0.0,15,2,11,41.742577617,-87.633936931,POINT (-87.633936930688 41.742577617335),POINT (1175119.6699542676 1849562.0146583142),2021,8331 S STEWART AVE
O1121936,DRIVER,feba7acdecf28b4880379f0d2345c07c9daac21e4b84cc0cad07b55a685a1b29fe33375f6d45476fe3f5623c433dd6e080eff83709207bc13347cf5202e6c2cc,1064182.0,M,,DEPLOYMENT UNKNOWN,NONE,NO INDICATION OF INJURY,UNKNOWN,UNKNOWN,UNKNOWN,,,,,2021-06-19 17:22:00,30,CLEAR,DAYLIGHT,TURNING,NOT DIVIDED,DRY,NO DEFECTS,NOT ON SCENE (DESK REPORT),NO INJURY / DRIVE AWAY,,"$501 - $1,500",06/19/2021 06:15:00 PM,FAILING TO YIELD RIGHT-OF-WAY,NOT APPLICABLE,,2,NO INDICATION OF INJURY,0.0,0.0,0.0,0.0,0.0,2.0,0.0,17,7,6,41.924727551,-87.726925201,POINT (-87.726925201269 41.924727551393),POINT (1149273.9072317402 1915744.0941056362),2021,2406 N PULASKI RD
O1219082,DRIVER,1a37546bea7ffef68d696ec9b0fc965a74764c6600de53abbeb9909c78502a23d2ce48b2365d9e284686513c5ecd6bf9d12cb8407fb8af7997660991152606cf,1156793.0,F,43.0,"DEPLOYED, FRONT",NONE,NO INDICATION OF INJURY,UNKNOWN,UNKNOWN,NORMAL,,,,Y,2021-11-02 13:50:00,10,CLEAR,DAYLIGHT,ANGLE,NOT DIVIDED,DRY,NO DEFECTS,ON SCENE,INJURY AND / OR TOW DUE TO CRASH,,"OVER $1,500",11/02/2021 01:50:00 PM,UNABLE TO DETERMINE,UNABLE TO DETERMINE,,2,"REPORTED, NOT EVIDENT",1.0,0.0,0.0,0.0,1.0,2.0,0.0,13,3,11,41.926924806,-87.792751048,POINT (-87.792751048065 41.926924805601),POINT (1131355.386372526 1916424.9696009092),2021,2555 N NORMANDY AVE
O1157092,DRIVER,4527b47fb44164931658d2f0de36efcfe8cd091d6c5032ccc52c4fa938ceebd9fbdf4d82315dfba52fc21c76a82b97e7c6e306693c7ad1f1ea5ec653cf6e546a,1097613.0,F,45.0,NOT APPLICABLE,NONE,NO INDICATION OF INJURY,IMPROPER BACKING,UNKNOWN,UNKNOWN,,,,,2021-08-07 16:10:00,25,CLEAR,DAYLIGHT,ANGLE,PARKING LOT,UNKNOWN,UNKNOWN,NOT ON SCENE (DESK REPORT),NO INJURY / DRIVE AWAY,Y,$500 OR LESS,08/07/2021 05:00:00 PM,IMPROPER BACKING,UNABLE TO DETERMINE,,2,NO INDICATION OF INJURY,0.0,0.0,0.0,0.0,0.0,2.0,0.0,16,7,8,41.799577834,-87.595432109,POINT (-87.595432109341 41.79957783365),POINT (1185449.7370030263 1870420.2347738028),2021,1228 E 53RD ST
O1103718,DRIVER,df93a740c5925a7d4cfa14b8f640a1e97f025114808054b73b3eb96f45ec0ac6fb170a3f5b4bc3b4777df47612eadf15985ef51f114b387902a35c21b4fa6d1e,1046958.0,M,45.0,DID NOT DEPLOY,NONE,NO INDICATION OF INJURY,NONE,NOT OBSCURED,NORMAL,,,,,2021-05-26 17:46:00,30,CLEAR,DAYLIGHT,REAR END,NOT DIVIDED,DRY,NO DEFECTS,ON SCENE,NO INJURY / DRIVE AWAY,,"OVER $1,500",05/26/2021 05:46:00 PM,FOLLOWING TOO CLOSELY,NOT APPLICABLE,,2,NO INDICATION OF INJURY,0.0,0.0,0.0,0.0,0.0,3.0,0.0,17,4,5,41.881840223,-87.751940951,POINT (-87.751940950756 41.881840222903),POINT (1142572.1767984042 1900068.8136699058),2021,5042 W WASHINGTON BLVD
O1080080,DRIVER,ca6c5b91dffd6c9d53ba2637cf3f4990afb6af007e76e967ae71f496d82d193d0462f8a9d542eb196ba07053388cc07d6ebd8768f0e1470bc8aa58372c26ab38,1024337.0,M,,"DEPLOYED, SIDE",NONE,NO INDICATION OF INJURY,UNKNOWN,UNKNOWN,UNKNOWN,,,,,2021-04-21 01:15:00,30,CLEAR,DARKNESS,OTHER OBJECT,NOT DIVIDED,DRY,NO DEFECTS,ON SCENE,INJURY AND / OR TOW DUE TO CRASH,Y,"OVER $1,500",04/21/2021 01:20:00 AM,UNABLE TO DETERMINE,NOT APPLICABLE,,1,NO INDICATION OF INJURY,0.0,0.0,0.0,0.0,0.0,1.0,0.0,1,4,4,41.986320223,-87.797076145,POINT (-87.79707614459 41.986320222569),POINT (1130042.981394484 1938061.4343894173),2021,6775 W ARDMORE AVE
P238067,PASSENGER,65684efd53c57657e2c7e1aa69b4d7036e55fed50e39f8b0a7bc8e202cd47e783b821291e729b473cd02a6386297f4dc113e4df546e76e1d0ca04254f4998ff8,1004373.0,M,74.0,DID NOT DEPLOY,NONE,NO INDICATION OF INJURY,,,,,,,,2021-03-15 16:18:00,30,SNOW,DAYLIGHT,TURNING,FOUR WAY,SNOW OR SLUSH,NO DEFECTS,ON SCENE,INJURY AND / OR TOW DUE TO CRASH,,"OVER $1,500",03/15/2021 04:18:00 PM,IMPROPER TURNING/NO SIGNAL,FAILING TO YIELD RIGHT-OF-WAY,,2,NO INDICATION OF INJURY,0.0,0.0,0.0,0.0,0.0,3.0,0.0,16,2,3,41.88130621,-87.669554287,POINT (-87.669554286979 41.881306209995),POINT (1165008.9543638702 1900036.9767584754),2021,1705 W MADISON ST
O1120192,DRIVER,b57cc8a2634e0e9cd77fe9a71be75ff76586f252a005bfd37087a8cc3a8c0c6b6b7a3b9647a85276d7bcaafc26b38916f81abac35f42a441943289c7dcc1d140,1062515.0,F,,DID NOT DEPLOY,NONE,NO INDICATION OF INJURY,OTHER,NOT OBSCURED,NORMAL,,,,,2021-06-17 15:30:00,30,CLEAR,DAYLIGHT,SIDESWIPE SAME DIRECTION,NOT DIVIDED,DRY,UNKNOWN,NOT ON SCENE (DESK REPORT),NO INJURY / DRIVE AWAY,,"OVER $1,500",06/17/2021 05:20:00 PM,UNABLE TO DETERMINE,UNABLE TO DETERMINE,,2,NO INDICATION OF INJURY,0.0,0.0,0.0,0.0,0.0,3.0,0.0,15,5,6,41.990891695,-87.673675231,POINT (-87.673675230799 41.990891695235),POINT (1163579.4704783496 1939961.5353955573),2021,1750 W PETERSON AVE
O1237906,DRIVER,049a6229fde76b00410571b02df7502b2c96be6fb120778e0a09b8ac684b9f35fe0db70588704de94e709e394921a4b63aa1384ad76bc03faf4110250732ea4d,1174892.0,M,,NOT APPLICABLE,NONE,NO INDICATION OF INJURY,OTHER,UNKNOWN,UNKNOWN,,,,,2021-12-02 09:31:00,30,CLEAR,DAYLIGHT,PARKED MOTOR VEHICLE,NOT DIVIDED,DRY,NO DEFECTS,ON SCENE,NO INJURY / DRIVE AWAY,Y,"OVER $1,500",12/02/2021 11:25:00 AM,FAILING TO REDUCE SPEED TO AVOID CRASH,FAILING TO REDUCE SPEED TO AVOID CRASH,,2,NO INDICATION OF INJURY,0.0,0.0,0.0,0.0,0.0,2.0,0.0,9,5,12,41.764302779,-87.591095717,POINT (-87.591095716916 41.764302778515),POINT (1186743.0824354566 1857576.4167128752),2021,7156 S DORCHESTER AVE
P257259,PASSENGER,894ed68306150c398900208c4df04c183bd6c10ef9dbec01ddd58a4e17a20ca27383edfe6a8004f6e369a248c7950a55265b1640eb60b85a3a1ab0b7348d12f8,1087308.0,F,23.0,DID NOT DEPLOY,NONE,NO INDICATION OF INJURY,,,,,,,,2021-07-24 02:07:00,30,CLEAR,"DARKNESS, LIGHTED ROAD",ANGLE,FOUR WAY,DRY,NO DEFECTS,ON SCENE,NO INJURY / DRIVE AWAY,Y,"OVER $1,500",07/24/2021 02:15:00 AM,UNABLE TO DETERMINE,UNABLE TO DETERMINE,,2,NO INDICATION OF INJURY,0.0,0.0,0.0,0.0,0.0,3.0,0.0,2,7,7,41.887041742,-87.633890937,POINT (-87.633890937092 41.887041742144),POINT (1174703.7422378026 1902204.1353054137),2021,198 W WACKER DR
O1173544,DRIVER,9b95eabd64102aca2f31eb3cad536ffcbf8ba38f04616a790b930680b8b55959c18eb6234286133cc2d844c6d94fbe42f11b04f86fe980c94d3b80e1489c62d0,1113263.0,M,37.0,DID NOT DEPLOY,NONE,NO INDICATION OF INJURY,IMPROPER LANE CHANGE,UNKNOWN,NORMAL,,,,,2021-08-31 11:05:00,30,CLEAR,DAYLIGHT,SIDESWIPE SAME DIRECTION,NOT DIVIDED,DRY,NO DEFECTS,ON SCENE,NO INJURY / DRIVE AWAY,,"OVER $1,500",08/31/2021 11:37:00 AM,IMPROPER LANE USAGE,EQUIPMENT - VEHICLE CONDITION,,2,NO INDICATION OF INJURY,0.0,0.0,0.0,0.0,0.0,4.0,0.0,11,3,8,41.81741987,-87.684819476,POINT (-87.684819475725 41.817419869684),POINT (1161027.7569219675 1876725.2139649806),2021,4200 S WESTERN AVE
P261694,PASSENGER,dc33c767b37762bff3306890662b7160e141980c21983be6f0df878a326af41ff636086be6778e66dcb86209dc55db45264cfaadaf088cd7917627f1487e728a,1106787.0,F,66.0,"DEPLOYED, COMBINATION",NONE,NONINCAPACITATING INJURY,,,,,,,,2021-08-21 18:29:00,30,CLEAR,DAYLIGHT,ANGLE,DIVIDED - W/MEDIAN (NOT RAISED),DRY,NO DEFECTS,ON SCENE,INJURY AND / OR TOW DUE TO CRASH,,"OVER $1,500",08/21/2021 06:31:00 PM,DISREGARDING TRAFFIC SIGNALS,UNABLE TO DETERMINE,,2,NONINCAPACITATING INJURY,3.0,0.0,0.0,3.0,0.0,1.0,0.0,18,7,8,41.78007919,-87.631398228,POINT (-87.631398227912 41.780079189939),POINT (1175700.9935098724 1863232.920075108),2021,232 W 63RD ST
O1070038,DRIVER,820ccc6028de4703ce0fe94a94766e2afc62415f760d2bd9a7642f1ea910e18cc37470b6f753459cf1690a59f8b8138c39805c10e7566c1e24786e50861a1283,1014741.0,M,27.0,DID NOT DEPLOY,NONE,NO INDICATION OF INJURY,FAILED TO YIELD,NOT OBSCURED,NORMAL,,,,,2021-04-03 16:20:00,35,CLEAR,DAYLIGHT,ANGLE,DIVIDED - W/MEDIAN (NOT RAISED),DRY,NO DEFECTS,NOT ON SCENE (DESK REPORT),NO INJURY / DRIVE AWAY,,"$501 - $1,500",04/03/2021 05:05:00 PM,DRIVING SKILLS/KNOWLEDGE/EXPERIENCE,NOT APPLICABLE,,2,NO INDICATION OF INJURY,0.0,0.0,0.0,0.0,0.0,2.0,0.0,16,7,4,41.758973539,-87.577299189,POINT (-87.577299189217 41.758973539258),POINT (1190524.065864183 1855667.2639642155),2021,1932 E 75TH ST
O1160812,DRIVER,cb8ecc9572c1f8da0ab2c9d37e6ffd6f66e2314c6ccccf47bc96b46290fe8091a28688c9cc5fd3d1e9109a617c76b956c5ec52d20c59925ed99be74c6638212d,1101139.0,F,31.0,DID NOT DEPLOY,NONE,NO INDICATION OF INJURY,OTHER,UNKNOWN,NORMAL,,,,,2021-08-13 09:54:00,25,CLEAR,DAYLIGHT,REAR END,NOT DIVIDED,DRY,NO DEFECTS,ON SCENE,INJURY AND / OR TOW DUE TO CRASH,,"OVER $1,500",08/13/2021 10:47:00 AM,FOLLOWING TOO CLOSELY,DRIVING SKILLS/KNOWLEDGE/EXPERIENCE,,3,NO INDICATION OF INJURY,0.0,0.0,0.0,0.0,0.0,3.0,0.0,9,6,8,41.88271249,-87.755300127,POINT (-87.75530012716 41.882712490314),POINT (1141655.276576428 1900380.4873839247),2021,110 N LARAMIE AVE
P260446,PASSENGER,22b8121e6257d3768a9a8f78a6e9355eb27235be9d72d8592c7591ac0009f885b757640be1b9fd5314d589cb2ff941d002f065a57d2184eb681e1fd29ffb354f,1101446.0,M,27.0,NOT APPLICABLE,NONE,NO INDICATION OF INJURY,,,,,,,,2021-08-13 16:15:00,30,CLEAR,DAYLIGHT,REAR END,NOT DIVIDED,DRY,UNKNOWN,ON SCENE,INJURY AND / OR TOW DUE TO CRASH,Y,"OVER $1,500",08/13/2021 04:16:00 PM,"OPERATING VEHICLE IN ERRATIC, RECKLESS, CARELESS, NEGLIGENT OR AGGRESSIVE MANNER",FAILING TO REDUCE SPEED TO AVOID CRASH,,3,NO INDICATION OF INJURY,0.0,0.0,0.0,0.0,0.0,4.0,0.0,16,6,8,41.92461013,-87.725494241,POINT (-87.72549424088 41.924610129588),POINT (1149663.624251952 1915704.0625895956),2021,3928 W FULLERTON AVE
O1220535,DRIVER,2432f44ab9f3a5484258740412c883a1aeb1221adc44a8b35e426e1dd0ac8d05eab7989c4920a4cf14c6bfad8b3a0f5c5e0359f02c4d433f78a412561ff82c59,1158185.0,X,,DEPLOYMENT UNKNOWN,NONE,NO INDICATION OF INJURY,UNKNOWN,UNKNOWN,UNKNOWN,,,,Y,2021-11-04 16:45:00,30,CLEAR,DAYLIGHT,PARKED MOTOR VEHICLE,DIVIDED - W/MEDIAN (NOT RAISED),DRY,NO DEFECTS,NOT ON SCENE (DESK REPORT),NO INJURY / DRIVE AWAY,Y,"OVER $1,500",11/04/2021 05:50:00 PM,UNABLE TO DETERMINE,UNABLE TO DETERMINE,,2,NO INDICATION OF INJURY,0.0,0.0,0.0,0.0,0.0,1.0,0.0,16,5,11,41.832406132,-87.646289623,POINT (-87.646289622871 41.832406131804),POINT (1171486.957158328 1882267.7641762514),2021,3410 S HALSTED ST
O1214001,DRIVER,b10da680c9e534859a7c0f786e1107278967a47b964e45ef22b49ffb1df01769b0d18641ceafc17c9687d8c93d4e6024044fa8630c3225589d40943c5ac58ead,1151954.0,X,,DEPLOYMENT UNKNOWN,NONE,NO INDICATION OF INJURY,UNKNOWN,UNKNOWN,UNKNOWN,,,,Y,2021-10-26 22:30:00,30,CLEAR,DARKNESS,PARKED MOTOR VEHICLE,NOT DIVIDED,DRY,NO DEFECTS,NOT ON SCENE (DESK REPORT),NO INJURY / DRIVE AWAY,Y,"OVER $1,500",10/27/2021 10:56:00 AM,UNABLE TO DETERMINE,UNABLE TO DETERMINE,,2,NO INDICATION OF INJURY,0.0,0.0,0.0,0.0,0.0,1.0,0.0,22,3,10,41.873741171,-87.762624421,POINT (-87.762624420834 41.873741171246),POINT (1139682.515605179 1897098.0073183156),2021,5525 W CONGRESS PKWY
O1246930,DRIVER,9d199fbd0ddcd0e5cb22287b4e84dd79481f0af0968fe4d8218b3e67f887521f77f61f0755a45cc3a2ef1f635a46a4feed30a66b9a6d02677895d1679719a56e,1183512.0,X,,DEPLOYMENT UNKNOWN,NONE,NO INDICATION OF INJURY,FOLLOWED TOO CLOSELY,UNKNOWN,UNKNOWN,,,,,2021-12-15 18:45:00,30,CLEAR,DAYLIGHT,REAR END,NOT DIVIDED,DRY,NO DEFECTS,ON SCENE,INJURY AND / OR TOW DUE TO CRASH,Y,"OVER $1,500",12/15/2021 06:58:00 PM,FOLLOWING TOO CLOSELY,NOT APPLICABLE,,2,NO INDICATION OF INJURY,0.0,0.0,0.0,0.0,0.0,2.0,0.0,18,4,12,41.876261806,-87.681464229,POINT (-87.68146422925 41.876261806442),POINT (1161779.6090597454 1898173.9424316227),2021,2200 W VAN BUREN ST
O1083562,DRIVER,a02ef18c48204a02d4432838f348ce419905990048a69605a32d697e9bc35c08ffed0bace8d438ba56b0d75d747f59832534ba7714e0dd8ffe0aa47f5875b349,1027676.0,X,,DEPLOYMENT UNKNOWN,NONE,NO INDICATION OF INJURY,UNKNOWN,UNKNOWN,UNKNOWN,,,,,2021-04-26 23:03:00,35,CLEAR,"DARKNESS, LIGHTED ROAD",SIDESWIPE SAME DIRECTION,NOT DIVIDED,DRY,NO DEFECTS,ON SCENE,INJURY AND / OR TOW DUE TO CRASH,Y,"$501 - $1,500",04/27/2021 12:31:00 AM,FAILING TO YIELD RIGHT-OF-WAY,FAILING TO REDUCE SPEED TO AVOID CRASH,,2,NO INDICATION OF INJURY,0.0,0.0,0.0,0.0,0.0,2.0,0.0,23,2,4,41.790472534,-87.641259889,POINT (-87.641259888711 41.790472534122),POINT (1172980.7518011916 1866998.3816223787),2021,5707 S LOWE AVE
P270294,PASSENGER,a49a3e0170e241b4f3b7361e6f1491d4a4ca72fa5b5e635d3a60816378461eb7bb4691cc7df1cb0ebc4d671e9cde2d622e171ff0d21e04da5894051ff4e2465a,1145095.0,,,"DEPLOYED, SIDE",NONE,NO INDICATION OF INJURY,,,,,,,,2021-10-16 20:48:00,30,CLEAR,"DARKNESS, LIGHTED ROAD",ANGLE,FOUR WAY,DRY,NO DEFECTS,ON SCENE,INJURY AND / OR TOW DUE TO CRASH,,"OVER $1,500",10/16/2021 09:13:00 PM,FAILING TO YIELD RIGHT-OF-WAY,DISREGARDING TRAFFIC SIGNALS,,2,NO INDICATION OF INJURY,0.0,0.0,0.0,0.0,0.0,5.0,0.0,20,7,10,41.866144695,-87.730212192,POINT (-87.730212192042 41.866144694779),POINT (1148529.4671997284 1894390.2284556257),2021,1198 S KEELER AVE
O1179707,DRIVER,0fc5fae04f582f1aadf775eb23ff48992234ea4571858d0faea8adf5ae172c92621cfeaa76157b7f44a360d2e3532246b7dc07412d4534831bcb78afd707cb9f,1119200.0,M,,DEPLOYMENT UNKNOWN,NONE,NO INDICATION OF INJURY,IMPROPER LANE CHANGE,UNKNOWN,UNKNOWN,,,,,2021-09-09 07:57:00,30,CLEAR,DAYLIGHT,SIDESWIPE SAME DIRECTION,NOT DIVIDED,DRY,NO DEFECTS,NOT ON SCENE (DESK REPORT),NO INJURY / DRIVE AWAY,,"OVER $1,500",09/09/2021 08:45:00 AM,IMPROPER LANE USAGE,NOT APPLICABLE,,2,NO INDICATION OF INJURY,0.0,0.0,0.0,0.0,0.0,2.0,0.0,7,5,9,41.865376782,-87.734798173,POINT (-87.734798173277 41.865376782024),POINT (1147282.2733994005 1894101.6604362417),2021,1221 S KOSTNER AVE
P270763,PASSENGER,fb19ce623c4f7b36672e0099471c6c3da65109f7da7b2c287ba1284445410b0051bc75716020b3ac08c936cdca569e853cbbc244584ca7c36e51793e61f7cf20,1147390.0,F,,NOT APPLICABLE,UNKNOWN,NO INDICATION OF INJURY,,,,,,,,2021-10-20 14:30:00,30,CLEAR,DAWN,ANGLE,PARKING LOT,DRY,NO DEFECTS,NOT ON SCENE (DESK REPORT),NO INJURY / DRIVE AWAY,,$500 OR LESS,10/20/2021 02:42:00 PM,UNABLE TO DETERMINE,UNABLE TO DETERMINE,,2,NO INDICATION OF INJURY,0.0,0.0,0.0,0.0,0.0,3.0,0.0,14,4,10,41.692498351,-87.625975813,POINT (-87.625975813217 41.692498350613),POINT (1177442.249684558 1831331.4360098254),2021,11100 S PERRY AVE
O1071082,DRIVER,0b07ef9979ef30b941c51efd339677c6caee92e70bba1eec386615d321ad3557e3bbedae60b087cfc56adef97ca2e933f561b2d56649f2dfb017f428bdbde03a,1015740.0,F,39.0,NOT APPLICABLE,NONE,NO INDICATION OF INJURY,IMPROPER LANE CHANGE,NOT OBSCURED,NORMAL,,,,,2021-04-05 11:15:00,30,RAIN,DAYLIGHT,SIDESWIPE SAME DIRECTION,NOT DIVIDED,WET,NO DEFECTS,NOT ON SCENE (DESK REPORT),NO INJURY / DRIVE AWAY,N,"$501 - $1,500",04/05/2021 11:55:00 AM,IMPROPER LANE USAGE,NOT APPLICABLE,,2,NO INDICATION OF INJURY,0.0,0.0,0.0,0.0,0.0,2.0,0.0,11,2,4,41.743473594,-87.643433989,POINT (-87.643433989318 41.74347359351),POINT (1172525.2309586303 1849867.5779024113),2021,750 W 83RD ST
P279540,PASSENGER,e7c74ec38468f421afe982d5f6548f171f67a770cc2c4e47a191aff740a1f4e52b4cabb8425f9c543d8165d10a667b1a585ad8b0c2d684a4e475e6197170506d,1186438.0,M,,"DEPLOYED, COMBINATION",NONE,NO INDICATION OF INJURY,,,,,,,,2021-12-20 16:39:00,30,CLEAR,DUSK,TURNING,FOUR WAY,DRY,NO DEFECTS,ON SCENE,INJURY AND / OR TOW DUE TO CRASH,Y,"OVER $1,500",12/20/2021 04:39:00 PM,FAILING TO YIELD RIGHT-OF-WAY,DISREGARDING OTHER TRAFFIC SIGNS,,3,INCAPACITATING INJURY,1.0,0.0,1.0,0.0,0.0,4.0,0.0,16,2,12,42.015785995,-87.675312863,POINT (-87.67531286294 42.015785994926),POINT (1163064.5539723777 1949029.7572868506),2021,7374 N CLARK ST
O1167926,DRIVER,558a6ab70eec9e3442c1003fb9032a4093bfcf6ab57393ce54a68ffea459234e697d9f791b5f6f3f02684336ba037f0e770412a584564944aa2d07041ef92582,1107928.0,F,43.0,DID NOT DEPLOY,NONE,NO INDICATION OF INJURY,NONE,NOT OBSCURED,NORMAL,,,,,2021-08-23 15:38:00,30,CLEAR,DAYLIGHT,REAR END,NOT DIVIDED,DRY,NO DEFECTS,NOT ON SCENE (DESK REPORT),NO INJURY / DRIVE AWAY,,"OVER $1,500",08/23/2021 05:15:00 PM,FOLLOWING TOO CLOSELY,NOT APPLICABLE,,2,NO INDICATION OF INJURY,0.0,0.0,0.0,0.0,0.0,2.0,0.0,15,2,8,41.99637626,-87.786780566,POINT (-87.786780566335 41.996376260348),POINT (1132818.6765871074 1941743.5991696313),2021,6353 N MILWAUKEE AVE
P258206,PASSENGER,4961964c300ed3637788dd3e48c088a3e5d4cfefc5626819028f8a3fb8081bfb0f4b7757025b0fb8ddfbf7d3823768032cc0e4170e1057cdfdcb7f3317ee5076,1091366.0,M,,DID NOT DEPLOY,NONE,NO INDICATION OF INJURY,,,,,,,,2021-07-29 18:55:00,30,CLEAR,DAYLIGHT,SIDESWIPE OPPOSITE DIRECTION,NOT DIVIDED,DRY,NO DEFECTS,NOT ON SCENE (DESK REPORT),NO INJURY / DRIVE AWAY,,"$501 - $1,500",07/29/2021 07:15:00 PM,NOT APPLICABLE,NOT APPLICABLE,,2,NO INDICATION OF INJURY,0.0,0.0,0.0,0.0,0.0,4.0,0.0,18,5,7,41.77833539,-87.742436494,POINT (-87.74243649416 41.778335390453),POINT (1145419.824321159 1862369.8287980764),2021,6300 S CICERO AVE
O1238070,DRIVER,163f7c9e1dab486459d8f167a5b39f23d8d94dcd281d59932f063fc45f82314a688f3651a1c1683e5ffac3f9d8fd9d439c661b707210ccb8ced4a2170c718081,1175054.0,M,46.0,NOT APPLICABLE,NONE,NO INDICATION OF INJURY,NONE,NOT OBSCURED,NORMAL,,,,,2021-12-02 16:14:00,30,CLEAR,DAYLIGHT,TURNING,DIVIDED - W/MEDIAN (NOT RAISED),DRY,NO DEFECTS,ON SCENE,NO INJURY / DRIVE AWAY,Y,"$501 - $1,500",12/02/2021 04:25:00 PM,UNABLE TO DETERMINE,NOT APPLICABLE,,2,NO INDICATION OF INJURY,0.0,0.0,0.0,0.0,0.0,5.0,0.0,16,5,12,41.851790359,-87.713566448,POINT (-87.713566448428 41.851790358529),POINT (1153101.2483373552 1889191.8418551367),2021,3532 W CERMAK RD
O1243759,DRIVER,68c77054fe443d66df7b0042206f4a63925b8008ac8836f08d3683fa75a5e603039960dd8ffee71f1344faf949eaf221d130ec235aac9f618dc3b3c397e68ade,1180461.0,M,33.0,DID NOT DEPLOY,NONE,NO INDICATION OF INJURY,NONE,NOT OBSCURED,NORMAL,,,,,2021-12-10 20:46:00,30,RAIN,"DARKNESS, LIGHTED ROAD",SIDESWIPE SAME DIRECTION,NOT DIVIDED,WET,NO DEFECTS,NOT ON SCENE (DESK REPORT),INJURY AND / OR TOW DUE TO CRASH,,"OVER $1,500",12/10/2021 10:00:00 PM,IMPROPER LANE USAGE,UNABLE TO DETERMINE,,2,"REPORTED, NOT EVIDENT",1.0,0.0,0.0,0.0,1.0,1.0,0.0,20,6,12,42.005199578,-87.67471354,POINT (-87.674713539618 42.005199578063),POINT (1163257.0987284626 1945173.244967013),2021,1743 W PRATT BLVD
O1190410,DRIVER,e6f7d840edbec02ccc3e3790898ec7006659991beb7e007ce9d532366c3ac876ed04bd382dfe8aaddb9b17e780270de874a92721be63746b86744f07aaae9593,1129427.0,F,39.0,DID NOT DEPLOY,NONE,NO INDICATION OF INJURY,UNKNOWN,UNKNOWN,NORMAL,,,,,2021-09-23 07:45:00,30,CLEAR,DAYLIGHT,SIDESWIPE SAME DIRECTION,FOUR WAY,DRY,NO DEFECTS,NOT ON SCENE (DESK REPORT),NO INJURY / DRIVE AWAY,,"OVER $1,500",09/23/2021 06:00:00 PM,UNABLE TO DETERMINE,UNABLE TO DETERMINE,,2,NO INDICATION OF INJURY,0.0,0.0,0.0,0.0,0.0,3.0,0.0,7,5,9,41.792642337,-87.762446601,POINT (-87.762446600716 41.792642336891),POINT (1139927.3405934284 1867546.3009359625),2021,5500 S CENTRAL AVE
O1216995,DRIVER,b9a0157b9aa2c7ca232ffac1da9b7d5801c77e1f9103a624750989adc93ae3cfb7086bb28decdb753afeff5af18562d55a71da00cef920a4989f68981ccf09a6,1154785.0,X,,DEPLOYMENT UNKNOWN,NONE,NO INDICATION OF INJURY,UNKNOWN,UNKNOWN,UNKNOWN,,,,,2021-10-30 18:15:00,30,CLEAR,DAYLIGHT,PARKED MOTOR VEHICLE,DIVIDED - W/MEDIAN (NOT RAISED),DRY,NO DEFECTS,NOT ON SCENE (DESK REPORT),NO INJURY / DRIVE AWAY,Y,"$501 - $1,500",10/30/2021 06:45:00 PM,UNABLE TO DETERMINE,NOT APPLICABLE,,2,NO INDICATION OF INJURY,0.0,0.0,0.0,0.0,0.0,1.0,0.0,18,7,10,41.902141577,-87.773093024,POINT (-87.773093024432 41.902141576887),POINT (1136763.8155976997 1907428.2924768457),2021,5902 W DIVISION ST