PERSON_ID,PERSON_TYPE,CRASH_RECORD_ID,VEHICLE_ID,SEX,AGE,AIRBAG_DEPLOYED,EJECTION,INJURY_CLASSIFICATION,DRIVER_ACTION,DRIVER_VISION,PHYSICAL_CONDITION,PEDPEDAL_ACTION,PEDPEDAL_VISIBILITY,PEDPEDAL_LOCATION,CRASH_DATE_EST_I,CRASH_DATE,POSTED_SPEED_LIMIT,WEATHER_CONDITION,LIGHTING_CONDITION,FIRST_CRASH_TYPE,TRAFFICWAY_TYPE,ROADWAY_SURFACE_COND,ROAD_DEFECT,REPORT_TYPE,CRASH_TYPE,HIT_AND_RUN_I,DAMAGE,DATE_POLICE_NOTIFIED,PRIM_CONTRIBUTORY_CAUSE,SEC_CONTRIBUTORY_CAUSE,DOORING_I,NUM_UNITS,MOST_SEVERE_INJURY,INJURIES_TOTAL,INJURIES_FATAL,INJURIES_INCAPACITATING,INJURIES_NON_INCAPACITATING,INJURIES_REPORTED_NOT_EVIDENT,INJURIES_NO_INDICATION,INJURIES_UNKNOWN,CRASH_HOUR,CRASH_DAY_OF_WEEK,CRASH_MONTH,LATITUDE,LONGITUDE,LOCATION,geometry,YEAR,ADDRESS
O1060655,DRIVER,ae9d3a5bd44d73843ef0720b546059d5cb306f89003dd5dc3efecc01636c8b530c6d0663745ad15718a6a5e5fd00df80ad715cfcfc2da8394585495a423b1071,1005842.0,F,31.0,NOT APPLICABLE,NONE,NO INDICATION OF INJURY,UNKNOWN,NOT OBSCURED,NORMAL,,,,,2021-03-18 17:30:00,30,CLEAR,DAYLIGHT,TURNING,FOUR WAY,DRY,NO DEFECTS,ON SCENE,INJURY AND / OR TOW DUE TO CRASH,,"OVER $1,500",03/18/2021 06:18:00 PM,NOT APPLICABLE,NOT APPLICABLE,,2,NO INDICATION OF INJURY,0.0,0.0,0.0,0.0,0.0,2.0,0.0,17,5,3,41.731211616,-87.60941704,POINT (-87.609417039803 41.731211615752),POINT (1181846.180268557 1845475.6923741223),2021,600 E 90TH ST
P261963,PASSENGER,916c3547fedf87d79ccefbddf19054c7e3698845f020f7cbb0fec423e9e6c200aca14a6838430aeb376ab10c5483ea5226171b77cda70dc051a8f63a3441fe0a,1108036.0,,,DEPLOYMENT UNKNOWN,UNKNOWN,NO INDICATION OF INJURY,,,,,,,,2021-08-22 20:21:00,30,CLEAR,DARKNESS,REAR END,UNKNOWN INTERSECTION TYPE,UNKNOWN,UNKNOWN,NOT ON SCENE (DESK REPORT),NO INJURY / DRIVE AWAY,,"OVER $1,500",08/23/2021 07:45:00 PM,UNABLE TO DETERMINE,NOT APPLICABLE,,2,NO INDICATION OF INJURY,0.0,0.0,0.0,0.0,0.0,3.0,0.0,20,1,8,41.873931754,-87.676511652,POINT (-87.676511651553 41.873931753618),POINT (1163134.8948411713 1897335.157494008),2021,2001 W HARRISON ST
O1067236,DRIVER,62967a56a062bc9398e537b5faa13d764ca5b70d4e086d60acbc945c4b12312f92795e30385e286fef9947da360904422dea246be84e805cef3a78ad028bded0,1012134.0,M,29.0,"DEPLOYED, COMBINATION",NONE,NONINCAPACITATING INJURY,UNKNOWN,UNKNOWN,IMPAIRED - ALCOHOL,,,,,2021-03-30 01:05:00,30,CLEAR,"DARKNESS, LIGHTED ROAD",FIXED OBJECT,NOT DIVIDED,DRY,NO DEFECTS,ON SCENE,INJURY AND / OR TOW DUE TO CRASH,,"OVER $1,500",03/30/2021 01:05:00 AM,UNABLE TO DETERMINE,UNABLE TO DETERMINE,,1,NONINCAPACITATING INJURY,1.0,0.0,0.0,1.0,0.0,0.0,0.0,1,3,3,41.895997923,-87.67831775,POINT (-87.678317750069 41.895997922531),POINT (1162581.627689156 1905372.2912574415),2021,2030 W CHICAGO AVE
P248075,PASSENGER,0f5d6a7f44ef07012a9e6d90119510e902c1ce2f6c2c9b4aa9275790c4d63856a6bed240715001fe561fa1298e83d1e2fbf4563705ec00ee514894c8f7a1e6a2,1048686.0,F,18.0,"DEPLOYED, COMBINATION",NONE,NONINCAPACITATING INJURY,,,,,,,,2021-05-29 02:08:00,30,CLEAR,"DARKNESS, LIGHTED ROAD",FIXED OBJECT,NOT DIVIDED,DRY,NO DEFECTS,ON SCENE,INJURY AND / OR TOW DUE TO CRASH,,"OVER $1,500",05/29/2021 02:09:00 AM,FAILING TO REDUCE SPEED TO AVOID CRASH,DRIVING SKILLS/KNOWLEDGE/EXPERIENCE,,1,NONINCAPACITATING INJURY,2.0,0.0,0.0,2.0,0.0,0.0,0.0,2,7,5,41.750536149,-87.658530707,POINT (-87.65853070676 41.750536148987),POINT (1168385.0948218796 1852408.437625215),2021,1382 W 79TH ST
P234945,PASSENGER,c7428044afb5c99bdc96978b00a11408ff25e82706fff83d629a8abff60cc6f86768e2b062028c29009427bc1988929c3095bd614547478854873e5edcaff2d1,988025.0,M,,DID NOT DEPLOY,NONE,NO INDICATION OF INJURY,,,,,,,,2021-02-14 11:30:00,30,CLEAR,DAYLIGHT,PARKED MOTOR VEHICLE,ONE-WAY,SNOW OR SLUSH,NO DEFECTS,ON SCENE,NO INJURY / DRIVE AWAY,,$500 OR LESS,02/14/2021 11:53:00 AM,IMPROPER OVERTAKING/PASSING,NOT APPLICABLE,,3,NO INDICATION OF INJURY,0.0,0.0,0.0,0.0,0.0,4.0,0.0,11,1,2,41.812062,-87.616810138,POINT (-87.616810138482 41.812061999621),POINT (1179582.7389674962 1874920.0834716929),2021,4530 S DR MARTIN LUTHER KING JR DR
O1032073,DRIVER,53c600ffb9f3ac94319c01f8d00b1786eacf3c70f5a83ea0ae692cc9742959c31ab57f2e8f6085c4a62eb0d7979ba04c60f10c3fa97d595c82cb236079869cae,978247.0,F,40.0,NOT APPLICABLE,NONE,NO INDICATION OF INJURY,NONE,UNKNOWN,UNKNOWN,,,,Y,2021-01-29 10:35:00,30,CLEAR,DAYLIGHT,SIDESWIPE SAME DIRECTION,NOT DIVIDED,DRY,UNKNOWN,ON SCENE,INJURY AND / OR TOW DUE TO CRASH,,"OVER $1,500",01/29/2021 10:38:00 AM,IMPROPER OVERTAKING/PASSING,IMPROPER LANE USAGE,,2,NO INDICATION OF INJURY,0.0,0.0,0.0,0.0,0.0,2.0,0.0,10,6,1,41.896905707,-87.746000199,POINT (-87.746000198786 41.896905706956),POINT (1144152.3656854422 1905569.6748303163),2021,900 N CICERO AVE
P274551,PASSENGER,89c5f1587c7751e5af13130f080afb669970bd0b3e400e0bef31d4d77829a545987f2e7c479b0c19cb9d790c878bafca603add4e09524dedb761c7c942d235e6,1163640.0,M,32.0,NOT APPLICABLE,NONE,NO INDICATION OF INJURY,,,,,,,,2021-11-13 12:15:00,30,CLEAR,DAYLIGHT,PARKED MOTOR VEHICLE,NOT DIVIDED,DRY,NO DEFECTS,NOT ON SCENE (DESK REPORT),NO INJURY / DRIVE AWAY,,"OVER $1,500",11/13/2021 12:30:00 PM,DRIVING SKILLS/KNOWLEDGE/EXPERIENCE,NOT APPLICABLE,,2,NO INDICATION OF INJURY,0.0,0.0,0.0,0.0,0.0,2.0,0.0,12,7,11,41.764235781,-87.70632988,POINT (-87.706329880121 41.764235780685),POINT (1155305.5683314854 1857301.7859462264),2021,7101 S CHRISTIANA AVE
O1195732,DRIVER,68ee5afdbae156603189a5b20e69bbb0641ea03461826d469ffe703e4243a7781f08fe6f3583018f6af7bd3653ea4e89a743f5afa11e72ea1df61540b114f2c7,1134510.0,F,47.0,DID NOT DEPLOY,NONE,NO INDICATION OF INJURY,NONE,NOT OBSCURED,NORMAL,,,,,2021-09-30 18:28:00,30,CLEAR,DAYLIGHT,REAR END,NOT DIVIDED,DRY,NO DEFECTS,NOT ON SCENE (DESK REPORT),NO INJURY / DRIVE AWAY,Y,"OVER $1,500",10/01/2021 06:00:00 AM,UNABLE TO DETERMINE,UNABLE TO DETERMINE,,2,NO INDICATION OF INJURY,0.0,0.0,0.0,0.0,0.0,2.0,0.0,18,5,9,41.777372519,-87.795819861,POINT (-87.795819861278 41.777372519086),POINT (1130861.4077967654 1861923.4353430343),2021,6301 S SAYRE AVE
O1237327,DRIVER,49d5f4f1c7ef6a4748667554c387a2ea01a3070d29011fec36e8087c5c2fcbade2db3ead0ed5e12be1fb7dfa5e1a060fdce1fb8f8f7826f7a3531e9253db4952,1174344.0,M,28.0,DID NOT DEPLOY,NONE,NO INDICATION OF INJURY,FAILED TO YIELD,UNKNOWN,NORMAL,,,,,2021-12-01 11:25:00,10,CLEAR,DAYLIGHT,REAR TO SIDE,PARKING LOT,DRY,NO DEFECTS,ON SCENE,NO INJURY / DRIVE AWAY,,"OVER $1,500",12/01/2021 11:25:00 AM,FAILING TO YIELD RIGHT-OF-WAY,DRIVING SKILLS/KNOWLEDGE/EXPERIENCE,,2,NO INDICATION OF INJURY,0.0,0.0,0.0,0.0,0.0,2.0,0.0,11,4,12,41.997156863,-87.711874235,POINT (-87.711874235421 41.997156862638),POINT (1153178.3756696987 1942166.924346013),2021,6350 N MC CORMICK RD
O1086703,DRIVER,515d471a00dcfff84113842f72665a8c473e0bd21c0c116176cffdb09278483b56f8b16b348909798be0e2bdab76b189b7d5e9712917d98da6b386b6120fcce0,1030669.0,M,,DEPLOYMENT UNKNOWN,NONE,NO INDICATION OF INJURY,NONE,UNKNOWN,UNKNOWN,,,,,2021-05-01 18:00:00,35,CLEAR,DAYLIGHT,REAR END,DIVIDED - W/MEDIAN (NOT RAISED),DRY,NO DEFECTS,NOT ON SCENE (DESK REPORT),NO INJURY / DRIVE AWAY,,"OVER $1,500",05/01/2021 06:45:00 PM,FOLLOWING TOO CLOSELY,UNABLE TO DETERMINE,,3,NO INDICATION OF INJURY,0.0,0.0,0.0,0.0,0.0,3.0,0.0,18,7,5,41.750427284,-87.666600113,POINT (-87.666600112654 41.750427283531),POINT (1166183.471561882 1852351.6018294075),2021,1716 W 79TH ST
O1089166,DRIVER,329f0ec58a6394e76f59a5224e174f904f78bc3d5cead1334fe53c3c7a3faa7e61ea8b118d31a87427aac2ecaa8f0bee1153d2721aeb2a1bd348c63786510917,1033036.0,F,30.0,DID NOT DEPLOY,NONE,NO INDICATION OF INJURY,NONE,NOT OBSCURED,NORMAL,,,,,2021-05-05 12:15:00,30,CLEAR,DAYLIGHT,REAR END,DIVIDED - W/MEDIAN BARRIER,DRY,NO DEFECTS,ON SCENE,NO INJURY / DRIVE AWAY,,"$501 - $1,500",05/05/2021 12:16:00 PM,UNABLE TO DETERMINE,NOT APPLICABLE,,2,NO INDICATION OF INJURY,0.0,0.0,0.0,0.0,0.0,2.0,0.0,12,4,5,41.815041608,-87.743406292,POINT (-87.743406291791 41.815041608076),POINT (1145063.5167694525 1875743.5039882578),2021,4800 W 43RD ST
P275783,PASSENGER,4a5453177866305647ca259b2a419addf6b7fda4226bc0a3027fe673b37d0888557f2fda613046636c3c3b40959993fd40dc08ff11c1642a91c4e814407696ee,1169178.0,F,19.0,NOT APPLICABLE,NONE,NO INDICATION OF INJURY,,,,,,,,2021-11-22 07:50:00,30,CLEAR,DAYLIGHT,REAR END,NOT DIVIDED,DRY,NO DEFECTS,ON SCENE,NO INJURY / DRIVE AWAY,,$500 OR LESS,11/22/2021 08:00:00 AM,FOLLOWING TOO CLOSELY,NOT APPLICABLE,,2,NO INDICATION OF INJURY,0.0,0.0,0.0,0.0,0.0,10.0,0.0,7,2,11,41.852938234,-87.637105321,POINT (-87.637105320711 41.852938234342),POINT (1173929.2763568843 1889769.7493976783),2021,402 W CERMAK RD
P245692,PASSENGER,d1011d25b37effaa6890a1e11716d37cfde5822d60fb80a793f25806e0dcf829cabd02e2eef19556f4a47964ccbfb157ae87719e594d694b6ff9325f8bf114b5,1038585.0,,,DID NOT DEPLOY,NONE,NO INDICATION OF INJURY,,,,,,,,2021-05-13 16:30:00,30,CLEAR,DAYLIGHT,REAR END,NOT DIVIDED,DRY,NO DEFECTS,ON SCENE,NO INJURY / DRIVE AWAY,,"OVER $1,500",05/13/2021 04:32:00 PM,NOT APPLICABLE,NOT APPLICABLE,,2,NO INDICATION OF INJURY,0.0,0.0,0.0,0.0,0.0,4.0,0.0,16,5,5,41.780538239,-87.604633585,POINT (-87.604633584963 41.780538239068),POINT (1182999.607583363 1863460.9206399925),2021,830 E 63RD ST
P231411,PASSENGER,3f8abd6637879b27d36a42ffec906bbe481ca41414efdbfb70272bb17980c7df1cfefbc474d8cdf601cd4792375fff42c0c6f2d987f6b9ecf4137299a35d1299,969646.0,M,2.0,DID NOT DEPLOY,NONE,NO INDICATION OF INJURY,,,,,,,,2021-01-11 20:02:00,35,CLEAR,"DARKNESS, LIGHTED ROAD",PARKED MOTOR VEHICLE,ONE-WAY,DRY,NO DEFECTS,ON SCENE,INJURY AND / OR TOW DUE TO CRASH,,"OVER $1,500",01/11/2021 08:45:00 PM,DISTRACTION - FROM INSIDE VEHICLE,DRIVING SKILLS/KNOWLEDGE/EXPERIENCE,,2,NO INDICATION OF INJURY,0.0,0.0,0.0,0.0,0.0,2.0,0.0,20,2,1,41.752890202,-87.553141529,POINT (-87.553141529052 41.75289020196),POINT (1197135.3179351962 1853509.395752094),2021,7843 S EXCHANGE AVE
O1101714,DRIVER,7fd3ba72091c132cc8d6b53e67060e3491bc68eb013c29087e773ae5e749960b1103a7ac33ce3982061b332174793502e62420f4c4a776e4bcc4818ac92afc5a,1045037.0,F,37.0,DID NOT DEPLOY,NONE,NO INDICATION OF INJURY,UNKNOWN,UNKNOWN,NORMAL,,,,,2021-05-23 16:15:00,25,CLEAR,DAYLIGHT,ANGLE,FOUR WAY,DRY,NO DEFECTS,ON SCENE,INJURY AND / OR TOW DUE TO CRASH,,"OVER $1,500",05/23/2021 04:21:00 PM,UNABLE TO DETERMINE,UNABLE TO DETERMINE,,2,INCAPACITATING INJURY,1.0,0.0,1.0,0.0,0.0,1.0,0.0,16,1,5,41.79722407,-87.695265846,POINT (-87.695265845677 41.797224070056),POINT (1158234.8136390436 1869344.6654647253),2021,5300 S MOZART ST
P234401,PASSENGER,afbc19a121c0ac0125fe637fb9da7af01fd271a91e1b12e938c4dd236e9bb9fdb208e30ebcfdcfed54b162a9b3bb7305f4efd51a8d65f6a534bafac822d635e4,985083.0,M,,DID NOT DEPLOY,NONE,NO INDICATION OF INJURY,,,,,,,,2021-02-08 22:10:00,10,SNOW,"DARKNESS, LIGHTED ROAD",FIXED OBJECT,DRIVEWAY,SNOW OR SLUSH,NO DEFECTS,ON SCENE,NO INJURY / DRIVE AWAY,,"OVER $1,500",02/08/2021 10:13:00 PM,IMPROPER BACKING,DRIVING SKILLS/KNOWLEDGE/EXPERIENCE,,1,NO INDICATION OF INJURY,0.0,0.0,0.0,0.0,0.0,2.0,0.0,22,2,2,41.887999887,-87.622565133,POINT (-87.62256513256 41.887999887349),POINT (1177784.8125348762 1902578.6239966655),2021,151 E WACKER DR
O1035333,PEDESTRIAN,76f90f459011fdd575845e5bdaaa1dd860ef835d97f418a88c9e6fe99d764b1fa422c52252dc8bdd87bbe3f630da7937a6a8e3781a4c08fc0b67c289f5e55b3d,,M,33.0,,,NONINCAPACITATING INJURY,NONE,UNKNOWN,NORMAL,CROSSING - NO CONTROLS (NOT AT INTERSECTION),NO CONTRASTING CLOTHING,IN ROADWAY,,2021-02-03 21:00:00,30,CLEAR,"DARKNESS, LIGHTED ROAD",PEDESTRIAN,DIVIDED - W/MEDIAN (NOT RAISED),UNKNOWN,NO DEFECTS,ON SCENE,INJURY AND / OR TOW DUE TO CRASH,Y,"OVER $1,500",02/03/2021 10:50:00 PM,"EVASIVE ACTION DUE TO ANIMAL, OBJECT, NONMOTORIST",NOT APPLICABLE,,2,NONINCAPACITATING INJURY,1.0,0.0,0.0,1.0,0.0,1.0,0.0,21,4,2,41.77815656,-87.693512733,POINT (-87.693512733221 41.778156559815),POINT (1158764.5504177774 1862400.1534398494),2021,6330 S CALIFORNIA AVE
O1137819,DRIVER,eba2ffabaf7b1e070f68bb38f5607e01011a5dcafcfd1041e5a1a8bae9867f6534bbb330a313b5d8596300624088efb72c0f7c8b947c7bd10eb4a350eb9aa06b,1079249.0,F,31.0,DID NOT DEPLOY,NONE,NO INDICATION OF INJURY,NONE,OTHER,NORMAL,,,,,2021-07-11 14:48:00,30,RAIN,DAYLIGHT,ANGLE,NOT DIVIDED,WET,NO DEFECTS,ON SCENE,INJURY AND / OR TOW DUE TO CRASH,,"$501 - $1,500",07/11/2021 02:48:00 PM,FAILING TO REDUCE SPEED TO AVOID CRASH,NOT APPLICABLE,,2,NO INDICATION OF INJURY,0.0,0.0,0.0,0.0,0.0,5.0,0.0,14,1,7,41.786793446,-87.654827078,POINT (-87.654827077712 41.786793446291),POINT (1169291.4939609433 1865628.2553468882),2021,5900 S RACINE AVE
P246021,PASSENGER,b9b554f383a4d35beeae36da72bef7353d1c1ba4161c6aa6fae22b71c65d735c48c68f0462bb76a2a090315571434cf4797c0105553f3c239aec37ca87b208e3,1039916.0,,,"DEPLOYED, FRONT",NONE,NONINCAPACITATING INJURY,,,,,,,,2021-05-16 03:00:00,30,CLEAR,"DARKNESS, LIGHTED ROAD",ANGLE,FOUR WAY,DRY,NO DEFECTS,ON SCENE,INJURY AND / OR TOW DUE TO CRASH,Y,"OVER $1,500",05/16/2021 03:01:00 AM,DISREGARDING OTHER TRAFFIC SIGNS,FAILING TO REDUCE SPEED TO AVOID CRASH,,3,NONINCAPACITATING INJURY,4.0,0.0,0.0,4.0,0.0,3.0,0.0,3,1,5,41.879366251,-87.632437634,POINT (-87.632437634148 41.879366251477),POINT (1175122.313086128 1899410.4200385252),2021,200 S LA SALLE ST
P236369,PASSENGER,377cf1bcca2cb697aec7abd640df1d5487a4a5c13e1d0e46dd159982fd2a9a72cb6e302ba3ab9f226d1551261377198a3a0e34f93fb289788bc401de2b9017d8,996376.0,M,60.0,NOT APPLICABLE,NONE,NO INDICATION OF INJURY,,,,,,,,2021-02-27 15:42:00,30,CLEAR,DAYLIGHT,TURNING,DIVIDED - W/MEDIAN (NOT RAISED),DRY,NO DEFECTS,ON SCENE,NO INJURY / DRIVE AWAY,,"OVER $1,500",02/27/2021 04:16:00 PM,IMPROPER TURNING/NO SIGNAL,DRIVING SKILLS/KNOWLEDGE/EXPERIENCE,,2,NO INDICATION OF INJURY,0.0,0.0,0.0,0.0,0.0,3.0,0.0,15,7,2,41.9279146,-87.734164622,POINT (-87.734164621502 41.927914600221),POINT (1147295.6960649767 1916891.6097292162),2021,4299 W WRIGHTWOOD AVE
O1137400,DRIVER,fed5856075ca4722ecc20aabe4f3a52dae422ab94a566f958be6ce207d13244d3b239230c6ce59e2b9c64f75b9a3d9b43b30661051943ee0c60d6ea9e7de24a1,1078850.0,F,45.0,NOT APPLICABLE,NONE,NO INDICATION OF INJURY,OTHER,NOT OBSCURED,NORMAL,,,,,2021-07-10 21:40:00,35,RAIN,DARKNESS,SIDESWIPE SAME DIRECTION,NOT DIVIDED,WET,NO DEFECTS,ON SCENE,NO INJURY / DRIVE AWAY,,"OVER $1,500",07/10/2021 09:49:00 PM,NOT APPLICABLE,NOT APPLICABLE,,4,NO INDICATION OF INJURY,0.0,0.0,0.0,0.0,0.0,4.0,0.0,21,7,7,42.000443496,-87.660859351,POINT (-87.660859350903 42.000443496129),POINT (1167036.1769014033 1943469.368747264),2021,6500 N SHERIDAN RD
O1131680,DRIVER,7c17329830e946e4fa65dcc5cc659d1fb8476d6c6d14e375177a307615f2fd460f5c308363a881cc7cfd186ee79116ba6e455b790da1ff2bc4d77d676423491f,1073487.0,M,39.0,NOT APPLICABLE,NONE,NO INDICATION OF INJURY,NONE,NOT OBSCURED,NORMAL,,,,,2021-07-03 02:30:00,30,CLEAR,"DARKNESS, LIGHTED ROAD",REAR END,RAMP,DRY,NO DEFECTS,NOT ON SCENE (DESK REPORT),NO INJURY / DRIVE AWAY,,"OVER $1,500",07/03/2021 02:50:00 AM,FOLLOWING TOO CLOSELY,FAILING TO REDUCE SPEED TO AVOID CRASH,,2,NO INDICATION OF INJURY,0.0,0.0,0.0,0.0,0.0,2.0,0.0,2,7,7,41.825882585,-87.600971854,POINT (-87.600971854237 41.825882585011),POINT (1183857.54498861 1879992.6432041002),2021,3900 S LAKE SHORE DR SB
O1039457,DRIVER,016ab75970536fc0242d20a28a0536a54a11f9311a16ab548697b327fda8ffb49f6e8d1f290e3e812c3c19e83da9d3ff5440a8dd05dbfae0e2346bfae0054c15,985305.0,F,22.0,DID NOT DEPLOY,NONE,NO INDICATION OF INJURY,UNKNOWN,NOT OBSCURED,NORMAL,,,,,2021-02-08 14:15:00,30,CLEAR,DAYLIGHT,SIDESWIPE OPPOSITE DIRECTION,NOT DIVIDED,DRY,NO DEFECTS,NOT ON SCENE (DESK REPORT),NO INJURY / DRIVE AWAY,,"$501 - $1,500",02/09/2021 05:45:00 PM,UNABLE TO DETERMINE,UNABLE TO DETERMINE,,2,NO INDICATION OF INJURY,0.0,0.0,0.0,0.0,0.0,2.0,0.0,14,2,2,41.834089353,-87.618036598,POINT (-87.618036598409 41.834089353002),POINT (1179181.56447462 1882943.972155886),2021,3325 S CALUMET AVE
O1034219,DRIVER,2314cb4345030b9ae9c0a1ffbe8e6c630048e9a92fb41a324a0e8cfaae94fb549cf3271215332e845c334356aff6d7ead82059664914ff1bc78be22adc521092,980276.0,M,43.0,DID NOT DEPLOY,NONE,NO INDICATION OF INJURY,FOLLOWED TOO CLOSELY,NOT OBSCURED,NORMAL,,,,,2021-02-01 11:45:00,30,CLOUDY/OVERCAST,DAYLIGHT,REAR END,DIVIDED - W/MEDIAN (NOT RAISED),WET,NO DEFECTS,NOT ON SCENE (DESK REPORT),NO INJURY / DRIVE AWAY,,"OVER $1,500",02/01/2021 12:30:00 PM,FOLLOWING TOO CLOSELY,UNABLE TO DETERMINE,,2,NO INDICATION OF INJURY,0.0,0.0,0.0,0.0,0.0,2.0,0.0,11,2,2,41.99035159,-87.69925293,POINT (-87.699252930059 41.990351590151),POINT (1156627.5443620444 1939712.1958830366),2021,5959 N CALIFORNIA AVE
P230740,PASSENGER,87aa518dccbf80c3cb91dd25eeed21f3b566bb1bcc49499edbcf37d334796a1d916ff61194a9c0661051e1d4eff62ceb22913e78cf6f0e83b9094f3becb41a5a,966380.0,F,42.0,DID NOT DEPLOY,NONE,NO INDICATION OF INJURY,,,,,,,,2021-01-04 14:48:00,30,CLEAR,DAYLIGHT,REAR END,DIVIDED - W/MEDIAN BARRIER,DRY,NO DEFECTS,ON SCENE,INJURY AND / OR TOW DUE TO CRASH,,"OVER $1,500",01/04/2021 04:36:00 PM,UNABLE TO DETERMINE,NOT APPLICABLE,,3,NO INDICATION OF INJURY,0.0,0.0,0.0,0.0,0.0,5.0,0.0,14,2,1,41.74928394,-87.740555542,POINT (-87.740555541701 41.749283939951),POINT (1146005.8163993424 1851787.2720114973),2021,4740 W 79TH ST
O1202364,DRIVER,f974b0e4fc0ed02ab8374ba6392cf4898ca6520f16b9e30bf9d0fabe239fdc0029f9d1b34c74af06f693284bf2a5ed3137c84a98e3f051b6389d2e417cead895,1140866.0,M,,DID NOT DEPLOY,NONE,NO INDICATION OF INJURY,OTHER,NOT OBSCURED,NORMAL,,,,,2021-10-09 11:45:00,30,CLEAR,DAYLIGHT,REAR END,OTHER,DRY,NO DEFECTS,NOT ON SCENE (DESK REPORT),NO INJURY / DRIVE AWAY,,"$501 - $1,500",10/09/2021 12:30:00 PM,DRIVING SKILLS/KNOWLEDGE/EXPERIENCE,UNABLE TO DETERMINE,,2,NO INDICATION OF INJURY,0.0,0.0,0.0,0.0,0.0,3.0,0.0,11,7,10,41.867377773,-87.624283016,POINT (-87.624283015693 41.867377772988),POINT (1177379.1302087454 1895060.0737467057),2021,1200 S MICHIGAN AVE
O1182629,DRIVER,cc3ed30128b932a974fbd4821441729b13467b5b064ed24c88bc3f8f92bf695cf554344573fcdecd65eb68fc6660b6f568c33e77370f5c056d5c8f30cb026226,1122036.0,M,67.0,DID NOT DEPLOY,NONE,"REPORTED, NOT EVIDENT",NONE,UNKNOWN,NORMAL,,,,,2021-09-13 08:18:00,30,CLEAR,DAYLIGHT,ANGLE,NOT DIVIDED,DRY,NO DEFECTS,ON SCENE,INJURY AND / OR TOW DUE TO CRASH,,"OVER $1,500",09/13/2021 08:19:00 AM,DISREGARDING TRAFFIC SIGNALS,FAILING TO REDUCE SPEED TO AVOID CRASH,,3,NONINCAPACITATING INJURY,4.0,0.0,0.0,3.0,1.0,0.0,0.0,8,2,9,41.898313284,-87.775101658,POINT (-87.775101658446 41.89831328386),POINT (1136226.0820280751 1906029.7003257726),2021,999 N AUSTIN BLVD
O1214023,DRIVER,a41efef972977bd19cc88287aa0ad030f6b4e7cdc3dfd5d2e9f1b980483e0f4d88e2f76f93fa35b0e9118346445d98e9b8bc26d88a743c12429b9aa0b8ac4b4a,1151977.0,M,22.0,DID NOT DEPLOY,NONE,NO INDICATION OF INJURY,NONE,NOT OBSCURED,UNKNOWN,,,,,2021-10-26 11:45:00,30,CLEAR,DAYLIGHT,TURNING,NOT DIVIDED,DRY,NO DEFECTS,NOT ON SCENE (DESK REPORT),NO INJURY / DRIVE AWAY,,"OVER $1,500",10/27/2021 11:15:00 AM,FAILING TO YIELD RIGHT-OF-WAY,NOT APPLICABLE,,2,NO INDICATION OF INJURY,0.0,0.0,0.0,0.0,0.0,2.0,0.0,11,3,10,41.82956111,-87.678768812,POINT (-87.678768812071 41.829561109616),POINT (1162643.4036361643 1881161.930271178),2021,3543 S ARCHER AVE
O1250665,DRIVER,c949fb783c08eb1bbc1518a991c6753bea0838f9256d7f3093f26ebf2350546ef077a7d74919fe3e30689f6431b893246d236643f68fc0810cdb45d6479eb39a,1187116.0,M,33.0,DID NOT DEPLOY,NONE,NO INDICATION OF INJURY,NONE,NOT OBSCURED,NORMAL,,,,,2021-12-22 06:13:00,30,CLEAR,DAYLIGHT,REAR END,NOT DIVIDED,DRY,SHOULDER DEFECT,ON SCENE,INJURY AND / OR TOW DUE TO CRASH,,"OVER $1,500",12/22/2021 06:15:00 AM,FAILING TO REDUCE SPEED TO AVOID CRASH,UNABLE TO DETERMINE,,2,"REPORTED, NOT EVIDENT",1.0,0.0,0.0,0.0,1.0,3.0,0.0,6,4,12,41.829624729,-87.684866206,POINT (-87.684866206413 41.829624729006),POINT (1160981.4517778095 1881172.5101364714),2021,3521 S WESTERN AVE
P268065,PASSENGER,3bc212e21cf5a2f297b86d8e22a933e8a665f78bcb4f089e6585e8f57b068d0c7eb51f14149a16a0901449c95ac5165d13cf532dd965b62e923a1c911d8dbe35,1134727.0,F,37.0,DID NOT DEPLOY,NONE,NO INDICATION OF INJURY,,,,,,,,2021-09-27 09:00:00,30,CLEAR,DAYLIGHT,SIDESWIPE SAME DIRECTION,NOT DIVIDED,DRY,NO DEFECTS,NOT ON SCENE (DESK REPORT),NO INJURY / DRIVE AWAY,,"OVER $1,500",10/01/2021 01:10:00 PM,UNABLE TO DETERMINE,UNABLE TO DETERMINE,,2,NO INDICATION OF INJURY,0.0,0.0,0.0,0.0,0.0,3.0,0.0,9,2,9,41.647986159,-87.545483659,POINT (-87.545483658871 41.647986158583),POINT (1199574.5692979703 1815302.581391092),2021,13600 S BRAINARD AVE