PERSON_ID,PERSON_TYPE,CRASH_RECORD_ID,VEHICLE_ID,SEX,AGE,AIRBAG_DEPLOYED,EJECTION,INJURY_CLASSIFICATION,DRIVER_ACTION,DRIVER_VISION,PHYSICAL_CONDITION,PEDPEDAL_ACTION,PEDPEDAL_VISIBILITY,PEDPEDAL_LOCATION,CRASH_DATE_EST_I,CRASH_DATE,POSTED_SPEED_LIMIT,WEATHER_CONDITION,LIGHTING_CONDITION,FIRST_CRASH_TYPE,TRAFFICWAY_TYPE,ROADWAY_SURFACE_COND,ROAD_DEFECT,REPORT_TYPE,CRASH_TYPE,HIT_AND_RUN_I,DAMAGE,DATE_POLICE_NOTIFIED,PRIM_CONTRIBUTORY_CAUSE,SEC_CONTRIBUTORY_CAUSE,DOORING_I,NUM_UNITS,MOST_SEVERE_INJURY,INJURIES_TOTAL,INJURIES_FATAL,INJURIES_INCAPACITATING,INJURIES_NON_INCAPACITATING,INJURIES_REPORTED_NOT_EVIDENT,INJURIES_NO_INDICATION,INJURIES_UNKNOWN,CRASH_HOUR,CRASH_DAY_OF_WEEK,CRASH_MONTH,LATITUDE,LONGITUDE,LOCATION,geometry,YEAR,ADDRESS
O1062168,DRIVER,8afb7e8493e2ded6ef3cbdb57a9fa8a3d22cdfb853798944857f094ba76c9e1db6937b4e2bcd1502760ed031968460449a943a3fe7e7aa0713e48c3717f2be60,1007271.0,F,27.0,"DEPLOYED, FRONT",NONE,NO INDICATION OF INJURY,FAILED TO YIELD,NOT OBSCURED,NORMAL,,,,,2021-03-21 06:30:00,30,CLEAR,DAYLIGHT,ANGLE,FOUR WAY,DRY,NO DEFECTS,ON SCENE,NO INJURY / DRIVE AWAY,,"OVER $1,500",03/21/2021 06:30:00 AM,DISREGARDING TRAFFIC SIGNALS,NOT APPLICABLE,,2,NO INDICATION OF INJURY,0.0,0.0,0.0,0.0,0.0,2.0,0.0,6,1,3,41.749339,-87.722052091,POINT (-87.722052090915 41.749339000082),POINT (1151054.873956571 1851842.6638538372),2021,7900 S PULASKI RD
P274043,PASSENGER,2725fad8330aadc4f6b220f12d4a100d6d9a9b9634a6bdfede390a3bd425b1a8608b2913469f5039e91c7c58aad8510617dfa412519f97a96d47581125ced828,1161452.0,M,34.0,DID NOT DEPLOY,NONE,NO INDICATION OF INJURY,,,,,,,,2021-11-09 02:00:00,30,CLEAR,"DARKNESS, LIGHTED ROAD",PARKED MOTOR VEHICLE,NOT DIVIDED,DRY,NO DEFECTS,NOT ON SCENE (DESK REPORT),NO INJURY / DRIVE AWAY,,"OVER $1,500",11/09/2021 11:50:00 PM,IMPROPER TURNING/NO SIGNAL,UNABLE TO DETERMINE,,2,NO INDICATION OF INJURY,0.0,0.0,0.0,0.0,0.0,2.0,0.0,2,3,11,41.890123005,-87.631684597,POINT (-87.631684596557 41.890123005137),POINT (1175295.3369822667 1903331.851373383),2021,112 W HUBBARD ST
O1140718,DRIVER,1a72a3a51d441bc7a7d38328a0145ceea96efb073bb5c1890eef4314c4e2a128b5d1c3910f39f6bf57309d7e5eb239d547b2485e71ef3a1698fb1a9966c607fc,1082026.0,M,,DEPLOYMENT UNKNOWN,NONE,NO INDICATION OF INJURY,TOO FAST FOR CONDITIONS,UNKNOWN,UNKNOWN,,,,,2021-07-04 15:00:00,30,CLEAR,DAYLIGHT,PARKED MOTOR VEHICLE,DIVIDED - W/MEDIAN (NOT RAISED),DRY,WORN SURFACE,,INJURY AND / OR TOW DUE TO CRASH,Y,"OVER $1,500",07/04/2021 03:00:00 PM,UNABLE TO DETERMINE,UNABLE TO DETERMINE,,3,NO INDICATION OF INJURY,0.0,0.0,0.0,0.0,0.0,1.0,0.0,15,1,7,41.827283894,-87.675346092,POINT (-87.675346092361 41.827283893542),POINT (1163582.5833989703 1880339.248900565),2021,3642 S DAMEN AVE
O1164626,DRIVER,518d6fe711a75bc2ab9b9e028153f9be0f1bc25a9bc0cf428e5d1f398261f7de4963f58218c5376c902bd46bedc611b82b2ff202e37bdc920a74585f79b062cc,1104756.0,F,37.0,DID NOT DEPLOY,NONE,NO INDICATION OF INJURY,FAILED TO YIELD,NOT OBSCURED,NORMAL,,,,,2021-08-18 16:15:00,30,CLEAR,DAYLIGHT,TURNING,ONE-WAY,DRY,NO DEFECTS,NOT ON SCENE (DESK REPORT),NO INJURY / DRIVE AWAY,Y,"$501 - $1,500",08/18/2021 06:05:00 PM,IMPROPER OVERTAKING/PASSING,IMPROPER OVERTAKING/PASSING,,2,NO INDICATION OF INJURY,0.0,0.0,0.0,0.0,0.0,2.0,0.0,16,4,8,41.879239473,-87.642723051,POINT (-87.642723050862 41.879239473141),POINT (1172321.6805045356 1899341.5150706046),2021,200 S JEFFERSON ST
O1168257,DRIVER,ec10a0c39f6812831c586c87f2e8abc6f66756c2e5e5a0637c5e15c587d38c4bacc8cf2bf85b03089d600eb9656103c70e454a288fffe0086612fb2e23cd9e25,1108218.0,M,50.0,NOT APPLICABLE,NONE,NO INDICATION OF INJURY,OTHER,NOT OBSCURED,NORMAL,,,,,2021-08-24 08:15:00,20,CLEAR,DAYLIGHT,PARKED MOTOR VEHICLE,ONE-WAY,DRY,NO DEFECTS,ON SCENE,NO INJURY / DRIVE AWAY,,"OVER $1,500",08/24/2021 08:30:00 AM,NOT APPLICABLE,NOT APPLICABLE,,2,NO INDICATION OF INJURY,0.0,0.0,0.0,0.0,0.0,1.0,0.0,8,3,8,41.91950161,-87.637884955,POINT (-87.637884954607 41.919501610204),POINT (1173520.2980701858 1914023.6917592115),2021,2038 N ORLEANS ST
O1207726,DRIVER,228152052fc889b33d0e22df7f67ea911910ca9fabbcc0b937e294795ed4055bb4937db1582f3fc14312e77a404dc1801bd5bb4054b44a3bb9974ede0bfe2dba,1145961.0,X,,DEPLOYMENT UNKNOWN,NONE,NO INDICATION OF INJURY,UNKNOWN,UNKNOWN,UNKNOWN,,,,N,2021-10-17 21:00:00,30,CLEAR,"DARKNESS, LIGHTED ROAD",PARKED MOTOR VEHICLE,ONE-WAY,DRY,NO DEFECTS,NOT ON SCENE (DESK REPORT),NO INJURY / DRIVE AWAY,,"$501 - $1,500",10/18/2021 01:30:00 PM,UNABLE TO DETERMINE,UNABLE TO DETERMINE,,2,NO INDICATION OF INJURY,0.0,0.0,0.0,0.0,0.0,1.0,0.0,21,1,10,41.765402725,-87.576317733,POINT (-87.576317733283 41.765402725377),POINT (1190771.2277418105 1858012.3649960614),2021,1980 E 71ST PL
O1090903,DRIVER,1f3cc18050099d10b13dedbab120db516198f2831e48c5b3cc5ceb9285fb2d40812b74d1aff2bff044f2d306e1b5a43884023a8313852ee28f1db322ea5d92ae,1034677.0,M,46.0,DID NOT DEPLOY,NONE,NO INDICATION OF INJURY,FAILED TO YIELD,UNKNOWN,NORMAL,,,,,2021-05-07 18:17:00,30,CLEAR,DAYLIGHT,PEDESTRIAN,NOT DIVIDED,UNKNOWN,UNKNOWN,ON SCENE,INJURY AND / OR TOW DUE TO CRASH,,$500 OR LESS,05/07/2021 06:28:00 PM,FAILING TO REDUCE SPEED TO AVOID CRASH,NOT APPLICABLE,,2,NONINCAPACITATING INJURY,1.0,0.0,0.0,1.0,0.0,1.0,0.0,18,6,5,41.902427504,-87.734796783,POINT (-87.734796783313 41.902427504128),POINT (1147188.4871405265 1907602.8952899536),2021,4327 W DIVISION ST
O1105123,DRIVER,e29505f8baef1a394369ae3131d2c8b62a696aaee744c1ed237cc0b626bcadbcc05141db7a7338836f920780f5707ecd6b8cf805f7072bf2cf38fdbc7fa1c1ab,1048329.0,F,47.0,DID NOT DEPLOY,NONE,"REPORTED, NOT EVIDENT",UNKNOWN,UNKNOWN,UNKNOWN,,,,,2021-05-28 14:00:00,35,CLEAR,DAYLIGHT,REAR END,DIVIDED - W/MEDIAN (NOT RAISED),DRY,UNKNOWN,ON SCENE,INJURY AND / OR TOW DUE TO CRASH,,"OVER $1,500",05/28/2021 02:05:00 PM,UNABLE TO DETERMINE,UNABLE TO DETERMINE,,2,"REPORTED, NOT EVIDENT",1.0,0.0,0.0,0.0,1.0,1.0,0.0,14,6,5,41.813271598,-87.723935214,POINT (-87.723935214329 41.813271598175),POINT (1150375.908976881 1875135.561942275),2021,4400 S PULASKI RD
O1222171,DRIVER,942963400c841db00e8a9069f436f9f633fde7fbeee2362826b301fcdef2e6c278d9bd3d21fd332731250c476ce22ad730fcbd9ac73b30441ab0630ab6328e58,1159754.0,M,,DEPLOYMENT UNKNOWN,NONE,NO INDICATION OF INJURY,UNKNOWN,UNKNOWN,UNKNOWN,,,,,2021-11-07 01:15:00,35,CLEAR,"DARKNESS, LIGHTED ROAD",TURNING,FOUR WAY,DRY,NO DEFECTS,ON SCENE,INJURY AND / OR TOW DUE TO CRASH,Y,"OVER $1,500",11/07/2021 01:16:00 AM,IMPROPER TURNING/NO SIGNAL,UNABLE TO DETERMINE,,2,NO INDICATION OF INJURY,0.0,0.0,0.0,0.0,0.0,2.0,0.0,1,1,11,41.936960437,-87.746666524,POINT (-87.746666523762 41.936960436553),POINT (1143871.111661899 1920164.4019929613),2021,3059 N CICERO AVE
P266102,PASSENGER,20ae170d21d30b821d5fe440ceaad776970f008feffefa7b7384980e982eb5d23db9500efd64a6d54ab694e9d2373bc21137b21b0dc625dac26faf54bed44c2c,1125869.0,F,47.0,NOT APPLICABLE,NONE,NO INDICATION OF INJURY,,,,,,,,2021-09-18 12:15:00,35,CLEAR,DAYLIGHT,TURNING,DIVIDED - W/MEDIAN (NOT RAISED),DRY,NO DEFECTS,NOT ON SCENE (DESK REPORT),INJURY AND / OR TOW DUE TO CRASH,,"OVER $1,500",09/18/2021 01:12:00 PM,IMPROPER OVERTAKING/PASSING,IMPROPER OVERTAKING/PASSING,,2,NONINCAPACITATING INJURY,1.0,0.0,0.0,1.0,0.0,4.0,0.0,12,7,9,41.778636469,-87.722906356,POINT (-87.722906355685 41.778636468781),POINT (1150746.0030908976 1862516.7476951831),2021,6300 S PULASKI RD
O1085908,DRIVER,2df6b9f693d6f56ceb0a32db1ac38d828e5c38654849bd84f719e93aefca7ebfc48bb4a13ce607957c7342dbe8cdca89afd3ddcc000b3588fced04541ccd1350,1029878.0,M,32.0,DID NOT DEPLOY,NONE,NO INDICATION OF INJURY,UNKNOWN,NOT OBSCURED,NORMAL,,,,,2021-04-30 15:28:00,30,CLEAR,DAYLIGHT,TURNING,FOUR WAY,DRY,NO DEFECTS,NOT ON SCENE (DESK REPORT),NO INJURY / DRIVE AWAY,,"$501 - $1,500",04/30/2021 03:58:00 PM,UNABLE TO DETERMINE,NOT APPLICABLE,,2,NO INDICATION OF INJURY,0.0,0.0,0.0,0.0,0.0,2.0,0.0,15,6,4,41.888681717,-87.686769045,POINT (-87.686769045044 41.888681717199),POINT (1160300.7946331007 1902688.8164142144),2021,400 N WESTERN AVE
O1202045,DRIVER,bcbd2841c6ab357ad82cdc3234d30a0b66a65009a58b8327c921ff6bbd35570bac673cc69c3aca2c34e153c8f3bac03289ef3abadefc214f2c38dab91b207cc0,1140559.0,X,,DEPLOYMENT UNKNOWN,NONE,NO INDICATION OF INJURY,UNKNOWN,UNKNOWN,UNKNOWN,,,,,2021-10-09 18:13:00,30,CLEAR,DUSK,TURNING,FOUR WAY,DRY,NO DEFECTS,ON SCENE,INJURY AND / OR TOW DUE TO CRASH,Y,"$501 - $1,500",10/09/2021 06:13:00 PM,UNABLE TO DETERMINE,NOT APPLICABLE,,2,NONINCAPACITATING INJURY,1.0,0.0,0.0,1.0,0.0,1.0,0.0,18,7,10,41.976216437,-87.669761602,POINT (-87.669761602136 41.976216437221),POINT (1164684.8351161839 1934622.0118575487),2021,5200 N ASHLAND AVE
O1189993,DRIVER,cb6142cdfed5715d447d5e2921464366df0d1ed5b0daff5a7fb1c7c5919c38194d9624780cbb368a9ffde1ecabb458697656ebfd8a9aa08b6d3027b0d029547e,1129030.0,M,71.0,NOT APPLICABLE,NONE,NO INDICATION OF INJURY,NONE,NOT OBSCURED,NORMAL,,,,,2021-09-23 07:15:00,30,CLEAR,DAYLIGHT,ANGLE,ONE-WAY,DRY,NO DEFECTS,ON SCENE,NO INJURY / DRIVE AWAY,Y,"$501 - $1,500",09/23/2021 07:16:00 AM,FAILING TO YIELD RIGHT-OF-WAY,NOT APPLICABLE,,2,NO INDICATION OF INJURY,0.0,0.0,0.0,0.0,0.0,2.0,0.0,7,5,9,41.968886972,-87.799971668,POINT (-87.799971668321 41.968886972011),POINT (1129295.3234045606 1931703.7709979792),2021,4817 N NEWLAND AVE
O1218644,DRIVER,7053df6cd645a80a26361d8d4d0ebdf769b915a2ddb6368c472e6820b2cc5774a6d8535e3d19b57f9c734b6cab78af3f71364d0873fa8d78d90fc8a20aa2d650,1156367.0,X,,DEPLOYMENT UNKNOWN,NONE,NO INDICATION OF INJURY,OTHER,UNKNOWN,UNKNOWN,,,,,2021-11-01 23:45:00,25,CLEAR,"DARKNESS, LIGHTED ROAD",PARKED MOTOR VEHICLE,NOT DIVIDED,DRY,UNKNOWN,NOT ON SCENE (DESK REPORT),NO INJURY / DRIVE AWAY,Y,"OVER $1,500",11/02/2021 12:30:00 AM,UNABLE TO DETERMINE,NOT APPLICABLE,,2,NO INDICATION OF INJURY,0.0,0.0,0.0,0.0,0.0,1.0,0.0,23,2,11,41.876902238,-87.725686443,POINT (-87.725686443234 41.876902237724),POINT (1149734.4559000721 1898318.9478073327),2021,304 S PULASKI RD
O1089354,DRIVER,60cd723749254f86cb093309d000c90912eafa98e4e0de064b849afbaf58dee250b0dd8f068b025d8a050316b470c0402920e0be79abd2882489db293b7b9c17,1033228.0,F,30.0,DID NOT DEPLOY,NONE,NO INDICATION OF INJURY,NONE,OTHER,NORMAL,,,,,2021-05-05 12:12:00,30,CLEAR,DAYLIGHT,REAR END,DIVIDED - W/MEDIAN (NOT RAISED),DRY,NO DEFECTS,NOT ON SCENE (DESK REPORT),NO INJURY / DRIVE AWAY,,"$501 - $1,500",05/05/2021 04:30:00 PM,FOLLOWING TOO CLOSELY,FOLLOWING TOO CLOSELY,,2,NO INDICATION OF INJURY,0.0,0.0,0.0,0.0,0.0,2.0,0.0,12,4,5,41.990362961,-87.694236761,POINT (-87.694236760751 41.990362961016),POINT (1157991.187133154 1939726.4761355747),2021,2553 W PETERSON AVE
O1066639,DRIVER,00a01d191aa42466ed7e9fddf191e9d40c8ff5b9dc76e97a761f0faa121937a6841a64fd6f121879cf1b43f68d7c0a2c0cc6440e45a604acf19db2e86529821a,1011571.0,X,,NOT APPLICABLE,NONE,NO INDICATION OF INJURY,DISREGARDED CONTROL DEVICES,UNKNOWN,UNKNOWN,,,,,2021-03-29 01:30:00,30,CLEAR,DARKNESS,ANGLE,NOT DIVIDED,DRY,NO DEFECTS,NOT ON SCENE (DESK REPORT),INJURY AND / OR TOW DUE TO CRASH,Y,"OVER $1,500",03/29/2021 02:40:00 AM,DISREGARDING OTHER TRAFFIC SIGNS,UNABLE TO DETERMINE,,2,NO INDICATION OF INJURY,0.0,0.0,0.0,0.0,0.0,2.0,0.0,1,2,3,41.685219413,-87.622257601,POINT (-87.622257600762 41.685219412512),POINT (1178479.6614225248 1828687.4446753478),2021,15 E 115TH ST
O1064277,DRIVER,5f47e3f3c9138d00ac5bf79cedca6ee90c95af056549ec11e2969722c1926fe708f6fe5a2d04d068cbe1c8f23b1dbb35b3288dad06f454d0ff385c17c97448d2,1009286.0,M,31.0,"DEPLOYED, SIDE",NONE,NONINCAPACITATING INJURY,IMPROPER TURN,NOT OBSCURED,NORMAL,,,,,2021-03-24 19:08:00,35,CLEAR,DUSK,TURNING,T-INTERSECTION,DRY,NO DEFECTS,ON SCENE,INJURY AND / OR TOW DUE TO CRASH,,"OVER $1,500",03/24/2021 07:08:00 PM,IMPROPER TURNING/NO SIGNAL,NOT APPLICABLE,,2,NONINCAPACITATING INJURY,2.0,0.0,0.0,2.0,0.0,0.0,0.0,19,4,3,41.773447792,-87.566883909,POINT (-87.566883909438 41.773447792302),POINT (1193318.7597292326 1860966.722139817),2021,2399 E 67TH ST
O1218008,DRIVER,b2117edcef4fd4f299609dd9171cf25a781af83da40d920ce19d19b9102c3249a531c6608f475f60fe5ff5a1241408506f917fd023437077404cd6d409cd889d,1155770.0,F,29.0,DID NOT DEPLOY,NONE,NO INDICATION OF INJURY,NONE,NOT OBSCURED,NORMAL,,,,,2021-11-01 08:00:00,20,CLEAR,DAYLIGHT,ANGLE,ONE-WAY,DRY,NO DEFECTS,ON SCENE,INJURY AND / OR TOW DUE TO CRASH,,"OVER $1,500",11/01/2021 08:35:00 AM,UNABLE TO DETERMINE,UNABLE TO DETERMINE,,2,NO INDICATION OF INJURY,0.0,0.0,0.0,0.0,0.0,2.0,0.0,8,2,11,41.781164001,-87.71806834,POINT (-87.718068339811 41.781164000573),POINT (1152059.0040902058 1863447.1648423974),2021,6140 S HAMLIN AVE
P245974,PASSENGER,fff8ce2127a1f2ca66dcc66a36838624d6c73adb2a84c59a2dc5dfd79c6b4b4a35acbd6077febf5a4de3a612ceba50e65a0e335e637198b27211f64ee590afa7,1039796.0,,,"DEPLOYED, COMBINATION",NONE,NONINCAPACITATING INJURY,,,,,,,,2021-05-15 19:12:00,30,CLEAR,DAYLIGHT,ANGLE,NOT DIVIDED,DRY,UNKNOWN,ON SCENE,INJURY AND / OR TOW DUE TO CRASH,,"OVER $1,500",05/15/2021 07:12:00 PM,FAILING TO YIELD RIGHT-OF-WAY,NOT APPLICABLE,,2,NONINCAPACITATING INJURY,4.0,0.0,0.0,3.0,1.0,0.0,0.0,19,7,5,41.892718169,-87.765459644,POINT (-87.76545964366 41.892718169321),POINT (1138864.5814855332 1904008.0729742511),2021,654 N CENTRAL AVE
O1051373,DRIVER,24a73aa91d8232ba208f87bd440deea739271dda675199e7a550f3c0a8bb6e6b18b7cd1143368fe3e8c29c73a625a0d6618c2f0de45fb22661c82127c2847f04,996877.0,F,21.0,DID NOT DEPLOY,NONE,NO INDICATION OF INJURY,NONE,NOT OBSCURED,NORMAL,,,,,2021-02-28 00:30:00,30,CLEAR,"DARKNESS, LIGHTED ROAD",REAR END,OTHER,UNKNOWN,NO DEFECTS,NOT ON SCENE (DESK REPORT),NO INJURY / DRIVE AWAY,Y,"$501 - $1,500",02/28/2021 04:19:00 PM,UNABLE TO DETERMINE,UNABLE TO DETERMINE,,2,NO INDICATION OF INJURY,0.0,0.0,0.0,0.0,0.0,3.0,0.0,0,1,2,41.6633486,-87.627130688,POINT (-87.627130687705 41.663348599857),POINT (1177213.8888159045 1820707.0700511222),2021,12700 S WENTWORTH AVE
O1185255,PEDESTRIAN,73a810a2db45d1908fa696f83da747d72887b16f22ce50708102fe7716a9b13902497c4f3884e7d3d06915e8c60a83f1511f4d5bbb19135899c0d39940f42ebe,,M,25.0,,,INCAPACITATING INJURY,NONE,NOT OBSCURED,NORMAL,STANDING IN ROADWAY,NO CONTRASTING CLOTHING,IN ROADWAY,,2021-09-16 17:08:00,30,CLEAR,DAYLIGHT,PARKED MOTOR VEHICLE,ONE-WAY,DRY,NO DEFECTS,ON SCENE,INJURY AND / OR TOW DUE TO CRASH,,"OVER $1,500",09/16/2021 05:19:00 PM,IMPROPER BACKING,NOT APPLICABLE,,3,INCAPACITATING INJURY,1.0,0.0,1.0,0.0,0.0,2.0,0.0,17,5,9,41.959254406,-87.707577278,POINT (-87.707577278439 41.959254405945),POINT (1154447.2997801737 1928363.5949291603),2021,3145 W CULLOM AVE
P245158,PASSENGER,43c5737acb2fffd5bf83b63712568b10fee876a3ea9913c9102970e1a7960f8ab0d1fd9edfd2d4ba9e67fa8288f70c9fbdafaaa0b20d5b2c21def8c4d5fba0ae,1036250.0,F,20.0,DID NOT DEPLOY,NONE,NO INDICATION OF INJURY,,,,,,,,2021-05-07 23:35:00,30,RAIN,"DARKNESS, LIGHTED ROAD",OTHER OBJECT,NOT DIVIDED,WET,NO DEFECTS,NOT ON SCENE (DESK REPORT),NO INJURY / DRIVE AWAY,,"OVER $1,500",05/10/2021 10:40:00 AM,IMPROPER TURNING/NO SIGNAL,NOT APPLICABLE,,1,NO INDICATION OF INJURY,0.0,0.0,0.0,0.0,0.0,2.0,0.0,23,6,5,41.83714877,-87.714447887,POINT (-87.714447886541 41.837148769588),POINT (1152899.552716994 1883854.7690932585),2021,3059 S CENTRAL PARK AVE
O1179262,DRIVER,b0c3ca70828f3e9c86cee22ab1d7fa1403f83e3d8628db37b54f7303caa2558c0b1aca6566217eaab57a83f8e752abe11c8400d6e86edab8ea2bc3fa6287bc14,1118760.0,F,19.0,DID NOT DEPLOY,NONE,NO INDICATION OF INJURY,UNKNOWN,NOT OBSCURED,NORMAL,,,,,2021-09-03 15:36:00,30,CLEAR,DAYLIGHT,TURNING,NOT DIVIDED,WET,NO DEFECTS,,INJURY AND / OR TOW DUE TO CRASH,,"OVER $1,500",09/03/2021 04:54:00 PM,UNABLE TO DETERMINE,UNABLE TO DETERMINE,,2,NO INDICATION OF INJURY,0.0,0.0,0.0,0.0,0.0,2.0,0.0,15,6,9,41.932967382,-87.71247513,POINT (-87.712475129714 41.932967382104),POINT (1153184.5290953128 1918774.8423525067),2021,2828 N KIMBALL AVE
O1217102,DRIVER,8e4854b5a42ab10002e46403be829cb80dbe9f645e19aa1283f4524d2ee4f91deae65bbb7e93782330c6b8ef4bd62c5aa7a3f2c5abe65c3169dfc1af9f65ca21,1154884.0,F,54.0,NOT APPLICABLE,NONE,NO INDICATION OF INJURY,UNKNOWN,UNKNOWN,NORMAL,,,,,2021-10-30 19:30:00,25,CLEAR,DUSK,REAR END,NOT DIVIDED,DRY,NO DEFECTS,NOT ON SCENE (DESK REPORT),NO INJURY / DRIVE AWAY,,"OVER $1,500",10/30/2021 09:00:00 PM,NOT APPLICABLE,NOT APPLICABLE,,2,NO INDICATION OF INJURY,0.0,0.0,0.0,0.0,0.0,2.0,0.0,19,7,10,41.903407374,-87.670465614,POINT (-87.670465613518 41.903407374175),POINT (1164698.5640107458 1908088.7151994281),2021,1700 W DIVISION ST
O1149657,DRIVER,176db6cb60c1850933165a5d15edd5c88fef94bd90c39e12547626f1af677448c658e0f1fe39b052da2347ef05aea9fa5419e6c9fe0f00c2bcc09c36c093166e,1090515.0,M,,DEPLOYMENT UNKNOWN,NONE,NO INDICATION OF INJURY,UNKNOWN,UNKNOWN,UNKNOWN,,,,,2021-07-25 18:00:00,30,CLEAR,DAYLIGHT,PARKED MOTOR VEHICLE,NOT DIVIDED,DRY,NO DEFECTS,NOT ON SCENE (DESK REPORT),NO INJURY / DRIVE AWAY,Y,"$501 - $1,500",07/28/2021 05:55:00 PM,UNABLE TO DETERMINE,NOT APPLICABLE,,2,NO INDICATION OF INJURY,0.0,0.0,0.0,0.0,0.0,1.0,0.0,18,1,7,41.853205894,-87.67111766,POINT (-87.671117659569 41.853205894202),POINT (1164662.2082405826 1889793.9868818054),2021,2130 S WOOD ST
O1188665,DRIVER,f6118eb178ae5bbec6de71042635002a0fcc442e1aca83576004e9e3311eb1cb29f73db86abc26bcae3691f5f31a5891f54788c77d4e150dcab5c3639f82708d,1127742.0,M,58.0,DID NOT DEPLOY,NONE,NO INDICATION OF INJURY,NONE,NOT OBSCURED,NORMAL,,,,,2021-09-21 08:00:00,30,RAIN,DAYLIGHT,ANGLE,FOUR WAY,WET,NO DEFECTS,NOT ON SCENE (DESK REPORT),NO INJURY / DRIVE AWAY,,"$501 - $1,500",09/21/2021 08:30:00 AM,FAILING TO YIELD RIGHT-OF-WAY,NOT APPLICABLE,,2,NO INDICATION OF INJURY,0.0,0.0,0.0,0.0,0.0,2.0,0.0,8,3,9,41.983054268,-87.767064263,POINT (-87.767064263227 41.983054268427),POINT (1138210.249122387 1936923.8226405806),2021,5528 W BRYN MAWR AVE
O1042851,DRIVER,e7c1aa1f61dc3d0646c4fd127bf3614b0c51ff3291d9771f6e5e82581c266079e1f60682c0cd6e8ef8b1ee9e1e554b9cc8fdf6dfb2d35e475740fc60d482e513,988625.0,M,,DEPLOYMENT UNKNOWN,NONE,NO INDICATION OF INJURY,FAILED TO YIELD,NOT OBSCURED,UNKNOWN,,,,,2021-02-15 12:25:00,30,SNOW,DAYLIGHT,ANGLE,OTHER,SNOW OR SLUSH,NO DEFECTS,ON SCENE,INJURY AND / OR TOW DUE TO CRASH,Y,"OVER $1,500",02/15/2021 12:37:00 PM,FAILING TO YIELD RIGHT-OF-WAY,WEATHER,,2,NO INDICATION OF INJURY,0.0,0.0,0.0,0.0,0.0,2.0,0.0,12,2,2,41.751814031,-87.568443077,POINT (-87.568443076627 41.751814030604),POINT (1192963.552358734 1853079.7565128866),2021,2304 E 79TH ST
O1117210,DRIVER,acc94f63f582e30051c3cd35e9a411ac925ce6dcb07819c382f3e97107bddfeb28354d198f3e52ddfd77d654144862ef4f52ecdbfb4460fea522f4b0d7e1c249,1059724.0,M,43.0,NOT APPLICABLE,NONE,NO INDICATION OF INJURY,NONE,NOT OBSCURED,IMPAIRED - ALCOHOL,,,,,2021-06-13 15:29:00,30,CLEAR,DAYLIGHT,REAR END,NOT DIVIDED,DRY,NO DEFECTS,ON SCENE,NO INJURY / DRIVE AWAY,,$500 OR LESS,06/13/2021 03:29:00 PM,FOLLOWING TOO CLOSELY,NOT APPLICABLE,,2,NO INDICATION OF INJURY,0.0,0.0,0.0,0.0,0.0,5.0,0.0,15,1,6,41.736405584,-87.613675754,POINT (-87.613675754052 41.736405583548),POINT (1180667.912827481 1847358.5752818063),2021,421 E 87TH ST
O1248155,DRIVER,3b7c91cee657093180ef85caa85df4ba3616894c4ffa36a7c68714a797c41781acbe62a03ee0beea038210e542689391e13238dac60b7e2419b219dd6dc14f45,1184666.0,M,18.0,DID NOT DEPLOY,NONE,NO INDICATION OF INJURY,UNKNOWN,UNKNOWN,UNKNOWN,,,,,2021-12-17 15:30:00,30,CLEAR,DAYLIGHT,ANGLE,DIVIDED - W/MEDIAN (NOT RAISED),DRY,NO DEFECTS,NOT ON SCENE (DESK REPORT),NO INJURY / DRIVE AWAY,,"OVER $1,500",12/17/2021 07:00:00 PM,UNABLE TO DETERMINE,UNABLE TO DETERMINE,,2,NO INDICATION OF INJURY,0.0,0.0,0.0,0.0,0.0,2.0,0.0,15,6,12,41.916832387,-87.745237954,POINT (-87.745237954096 41.916832387196),POINT (1144310.105988575 1912832.3786106957),2021,4739 W ARMITAGE AVE
P245269,PASSENGER,f25c0e3cf04e26916332c8d0e055eeb9f343f7bec99e7045c740723456bad971ad6681cff47c6e01c08557d4aa9d5f8c6f9f3d3839959cadafd90ad29c7f8232,1036761.0,M,18.0,"DEPLOYED, FRONT",NONE,NONINCAPACITATING INJURY,,,,,,,,2021-05-10 23:11:00,30,CLEAR,"DARKNESS, LIGHTED ROAD",PARKED MOTOR VEHICLE,FOUR WAY,DRY,NO DEFECTS,ON SCENE,INJURY AND / OR TOW DUE TO CRASH,N,"OVER $1,500",05/10/2021 11:11:00 PM,UNABLE TO DETERMINE,UNABLE TO DETERMINE,,4,NONINCAPACITATING INJURY,2.0,0.0,0.0,2.0,0.0,0.0,0.0,23,2,5,41.909821986,-87.716588971,POINT (-87.716588971394 41.909821985554),POINT (1152125.8131476245 1910332.5547204295),2021,1555 N CENTRAL PARK AVE
O1059224,DRIVER,63cafd2c1b0573dfb16881abcb921cb5993f3f1b8ae7aee68715d1b0eca99bfb2f7b9fc7037752ad8ac67ba2c8e29a4389325d0a19c7e8a60cd10b297da8094f,1004474.0,M,27.0,NOT APPLICABLE,NONE,NO INDICATION OF INJURY,NONE,NOT OBSCURED,NORMAL,,,,,2021-03-15 19:20:00,15,CLEAR,"DARKNESS, LIGHTED ROAD",FIXED OBJECT,PARKING LOT,WET,NO DEFECTS,ON SCENE,NO INJURY / DRIVE AWAY,,"$501 - $1,500",03/15/2021 07:20:00 PM,UNABLE TO DETERMINE,UNABLE TO DETERMINE,,1,NO INDICATION OF INJURY,0.0,0.0,0.0,0.0,0.0,2.0,0.0,19,2,3,41.743879913,-87.604883139,POINT (-87.604883138996 41.743879913061),POINT (1183044.6633607128 1850102.3409540863),2021,8301 S COTTAGE GROVE AVE