PERSON_ID,PERSON_TYPE,CRASH_RECORD_ID,VEHICLE_ID,SEX,AGE,AIRBAG_DEPLOYED,EJECTION,INJURY_CLASSIFICATION,DRIVER_ACTION,DRIVER_VISION,PHYSICAL_CONDITION,PEDPEDAL_ACTION,PEDPEDAL_VISIBILITY,PEDPEDAL_LOCATION,CRASH_DATE_EST_I,CRASH_DATE,POSTED_SPEED_LIMIT,WEATHER_CONDITION,LIGHTING_CONDITION,FIRST_CRASH_TYPE,TRAFFICWAY_TYPE,ROADWAY_SURFACE_COND,ROAD_DEFECT,REPORT_TYPE,CRASH_TYPE,HIT_AND_RUN_I,DAMAGE,DATE_POLICE_NOTIFIED,PRIM_CONTRIBUTORY_CAUSE,SEC_CONTRIBUTORY_CAUSE,DOORING_I,NUM_UNITS,MOST_SEVERE_INJURY,INJURIES_TOTAL,INJURIES_FATAL,INJURIES_INCAPACITATING,INJURIES_NON_INCAPACITATING,INJURIES_REPORTED_NOT_EVIDENT,INJURIES_NO_INDICATION,INJURIES_UNKNOWN,CRASH_HOUR,CRASH_DAY_OF_WEEK,CRASH_MONTH,LATITUDE,LONGITUDE,LOCATION,geometry,YEAR,ADDRESS
O1031131,DRIVER,1eca2d224a6ed87732a50f8b7124b044606daa4e1d07b5e0d25d01b37c931ff81ff44ebad9578b4a0a27a1a78d82ccee62956c883d453acadf5b43582ed74241,977333.0,M,50.0,DID NOT DEPLOY,NONE,NO INDICATION OF INJURY,NONE,UNKNOWN,NORMAL,,,,,2021-01-27 15:40:00,30,SNOW,DUSK,SIDESWIPE SAME DIRECTION,NOT DIVIDED,WET,UNKNOWN,ON SCENE,NO INJURY / DRIVE AWAY,,"OVER $1,500",01/27/2021 04:00:00 PM,IMPROPER OVERTAKING/PASSING,NOT APPLICABLE,,2,NO INDICATION OF INJURY,0.0,0.0,0.0,0.0,0.0,3.0,0.0,15,4,1,41.708077429,-87.559806871,POINT (-87.559806871332 41.708077429042),POINT (1195463.3315951626 1837163.6241139008),2021,10300 S TORRENCE AVE
P237606,PASSENGER,574d5b935717534a23611df1ae33ccd99966be45ee130e855112448a3d42b799002b3ab3108898eeacaeb1b39ff993c0936ca6120e3d9210d10c841c76496923,1002351.0,M,26.0,NOT APPLICABLE,NONE,NONINCAPACITATING INJURY,,,,,,,,2021-03-11 18:00:00,30,CLEAR,"DARKNESS, LIGHTED ROAD",SIDESWIPE SAME DIRECTION,DIVIDED - W/MEDIAN (NOT RAISED),DRY,UNKNOWN,NOT ON SCENE (DESK REPORT),INJURY AND / OR TOW DUE TO CRASH,,"OVER $1,500",03/11/2021 06:00:00 PM,FAILING TO YIELD RIGHT-OF-WAY,IMPROPER OVERTAKING/PASSING,,2,NONINCAPACITATING INJURY,2.0,0.0,0.0,2.0,0.0,1.0,0.0,18,5,3,41.932084965,-87.712456114,POINT (-87.712456114165 41.932084965292),POINT (1153192.0318279706 1918453.325500356),2021,3402 W DIVERSEY AVE
O1177199,DRIVER,387e07ef6daceb22d20c34a9eeffdeb270ccc4d428c04152906f5e3c6714b116d29832a5ba6b04c500843d1a009dd1b50aa0af5521cb00297dd44b140842a140,1116770.0,M,32.0,NOT APPLICABLE,NONE,NO INDICATION OF INJURY,UNKNOWN,NOT OBSCURED,NORMAL,,,,,2021-09-05 13:00:00,30,CLEAR,DAYLIGHT,ANGLE,FOUR WAY,DRY,NO DEFECTS,ON SCENE,INJURY AND / OR TOW DUE TO CRASH,,"OVER $1,500",09/05/2021 01:00:00 PM,UNABLE TO DETERMINE,NOT APPLICABLE,,2,NO INDICATION OF INJURY,0.0,0.0,0.0,0.0,0.0,2.0,0.0,13,1,9,41.887915092,-87.77190166,POINT (-87.77190165953 41.887915092069),POINT (1137122.0637132612 1902246.2950206185),2021,427 N MAYFIELD AVE
O1185813,DRIVER,9d781c1569bd7edf2663aae8c7ff41d8f95be75eb0b6e6ceb6cf5a8ebf2eff62054c876d015231de913cfbf4fa820cdfe3c9d4089c2ac23e24a31454a4af140a,1124996.0,X,,DEPLOYMENT UNKNOWN,NONE,NO INDICATION OF INJURY,UNKNOWN,UNKNOWN,UNKNOWN,,,,,2021-09-17 10:00:00,30,CLEAR,DAYLIGHT,REAR END,NOT DIVIDED,DRY,NO DEFECTS,,NO INJURY / DRIVE AWAY,Y,"OVER $1,500",09/17/2021 11:11:00 AM,UNABLE TO DETERMINE,UNABLE TO DETERMINE,,3,NO INDICATION OF INJURY,0.0,0.0,0.0,0.0,0.0,3.0,0.0,10,6,9,41.777390097,-87.800759696,POINT (-87.800759696279 41.777390096996),POINT (1129513.9813253244 1861921.4575552796),2021,6259 S HARLEM AVE
P250580,PASSENGER,eb93a09a3be638b31fb287223fed8c3a679a7c9aee86589bf9dfef538063b4e693ae5f24fe297de633589db8db4f10f92cc25dd8bfe24f823e256ecb197702b5,1059229.0,M,,DID NOT DEPLOY,NONE,NO INDICATION OF INJURY,,,,,,,,2021-06-12 22:18:00,30,CLEAR,DARKNESS,TURNING,NOT DIVIDED,DRY,NO DEFECTS,ON SCENE,NO INJURY / DRIVE AWAY,Y,"OVER $1,500",06/12/2021 10:30:00 PM,IMPROPER LANE USAGE,DISREGARDING OTHER TRAFFIC SIGNS,,2,NO INDICATION OF INJURY,0.0,0.0,0.0,0.0,0.0,3.0,0.0,22,7,6,41.967827125,-87.754976227,POINT (-87.75497622657 41.967827125118),POINT (1141534.2829913201 1931396.9471235794),2021,5099 W LAWRENCE AVE
O1206067,DRIVER,38aaeec6778535fbdbe1eddccb8e2f7b149838f2570ee219d9b63a4272b3cd58a98a4d3c75cbd68d185cc7f7fd117aa90df01dcf27a48e4c8d82bdc4580649d8,1144369.0,M,,DEPLOYMENT UNKNOWN,NONE,NO INDICATION OF INJURY,UNKNOWN,UNKNOWN,UNKNOWN,,,,,2021-10-15 18:51:00,30,CLEAR,DUSK,HEAD ON,NOT DIVIDED,DRY,NO DEFECTS,ON SCENE,INJURY AND / OR TOW DUE TO CRASH,Y,"OVER $1,500",10/15/2021 06:55:00 PM,UNABLE TO DETERMINE,UNABLE TO DETERMINE,,2,NONINCAPACITATING INJURY,1.0,0.0,0.0,1.0,0.0,2.0,0.0,18,6,10,41.930871603,-87.805663343,POINT (-87.805663343184 41.930871603334),POINT (1127832.77974549 1917841.2988391705),2021,7150 W DIVERSEY AVE
O1190239,DRIVER,3785905140ef740dd52d71fb4391ee88ae999a597aa9adb6e0707aab84b8868d3ee1d7464abcd68a69d6e838ee2d84c4c6cca8a922d942ab36bd746a18df9976,1129265.0,M,31.0,DID NOT DEPLOY,NONE,NO INDICATION OF INJURY,NONE,NOT OBSCURED,NORMAL,,,,,2021-09-23 09:30:00,15,CLEAR,DAYLIGHT,PARKED MOTOR VEHICLE,DIVIDED - W/MEDIAN (NOT RAISED),DRY,NO DEFECTS,NOT ON SCENE (DESK REPORT),NO INJURY / DRIVE AWAY,,"OVER $1,500",09/23/2021 03:00:00 PM,UNABLE TO DETERMINE,UNABLE TO DETERMINE,,2,NO INDICATION OF INJURY,0.0,0.0,0.0,0.0,0.0,1.0,0.0,9,5,9,41.949575803,-87.690892368,POINT (-87.690892367522 41.949575803019),POINT (1159011.8326055063 1924870.2601233148),2021,2500 W BRADLEY PL
O1024867,DRIVER,ac475b485e3e48d33c9a6aaefa9373aa68b418bb13a3e40747e5590c20290f8a8e597098409f29056906e29fb2b9e21693ecf05e9dbe1a7ccbe033b4a872b9d2,971327.0,X,,DEPLOYMENT UNKNOWN,UNKNOWN,NO INDICATION OF INJURY,UNKNOWN,UNKNOWN,UNKNOWN,,,,,2021-01-15 11:00:00,5,SNOW,DAYLIGHT,PARKED MOTOR VEHICLE,PARKING LOT,SNOW OR SLUSH,NO DEFECTS,NOT ON SCENE (DESK REPORT),NO INJURY / DRIVE AWAY,Y,"OVER $1,500",01/15/2021 12:30:00 PM,UNABLE TO DETERMINE,UNABLE TO DETERMINE,,2,NO INDICATION OF INJURY,0.0,0.0,0.0,0.0,0.0,1.0,0.0,11,6,1,41.809629768,-87.645707565,POINT (-87.645707565129 41.809629768022),POINT (1171712.0048830828 1873969.431606432),2021,4640 S HALSTED ST
O1171686,DRIVER,83f3007c28145f8667d72c0f76805d0c1c7c6e87133d2f15f9c930d5fb8d1fc5ad65b0b54980ca142a2df96c585bf5d2d6ced8b5e184b0a9af8053980b5652ce,1111489.0,F,25.0,"DEPLOYED, COMBINATION",NONE,NONINCAPACITATING INJURY,IMPROPER TURN,MOVING VEHICLES,NORMAL,,,,,2021-08-28 20:24:00,30,CLEAR,"DARKNESS, LIGHTED ROAD",TURNING,DIVIDED - W/MEDIAN (NOT RAISED),DRY,NO DEFECTS,ON SCENE,INJURY AND / OR TOW DUE TO CRASH,,"OVER $1,500",08/28/2021 08:24:00 PM,FAILING TO YIELD RIGHT-OF-WAY,NOT APPLICABLE,,2,NONINCAPACITATING INJURY,1.0,0.0,0.0,1.0,0.0,2.0,0.0,20,7,8,41.934132577,-87.687797336,POINT (-87.687797336239 41.934132577429),POINT (1159896.1507396635 1919249.0342890692),2021,2907 N WESTERN AVE
P235274,PASSENGER,213e8ce21fef8e0531e3342904f97fffe168c3226f9d9e2f59539f79f83c6c0c6e296b7a2ceaa268734fc6f2fe5dc095ff574f58c3053a9b9d4df891801038f3,990301.0,M,14.0,NOT APPLICABLE,NONE,NO INDICATION OF INJURY,,,,,,,,2021-02-18 07:41:00,30,CLEAR,DAYLIGHT,PARKED MOTOR VEHICLE,ONE-WAY,SNOW OR SLUSH,UNKNOWN,ON SCENE,NO INJURY / DRIVE AWAY,,"$501 - $1,500",02/18/2021 07:42:00 AM,IMPROPER LANE USAGE,NOT APPLICABLE,,2,NO INDICATION OF INJURY,0.0,0.0,0.0,0.0,0.0,4.0,0.0,7,5,2,41.709649894,-87.655792918,POINT (-87.655792918216 41.709649893991),POINT (1169249.4407483623 1837515.783017875),2021,10166 S WINSTON AVE
O1233808,DRIVER,3b468d312288103f45bd8fa23f01607ab29ceb9674b3cb500eee58c68e8914cc635cbd9e751a3af64ca2acda6a123f0db97fe102da36351363bc4af59a68a586,1170949.0,M,22.0,NOT APPLICABLE,NONE,NONINCAPACITATING INJURY,UNKNOWN,UNKNOWN,NORMAL,,,,,2021-11-24 17:42:00,30,CLEAR,"DARKNESS, LIGHTED ROAD",FIXED OBJECT,ONE-WAY,DRY,NO DEFECTS,ON SCENE,INJURY AND / OR TOW DUE TO CRASH,,"OVER $1,500",11/24/2021 06:08:00 PM,UNABLE TO DETERMINE,UNABLE TO DETERMINE,,1,NONINCAPACITATING INJURY,1.0,0.0,0.0,1.0,0.0,0.0,0.0,17,4,11,41.876026848,-87.682521451,POINT (-87.682521451253 41.876026847549),POINT (1161492.3337425825 1898086.1387620806),2021,2245 W VAN BUREN ST
O1189781,DRIVER,96aa3f6845d0d49919753506f4aec42e36e46b5b5699787cc0dfcb4be9c6d9a08fbec1ce5f4d86e490b09e95f836517a9d78fdee0b19fdbabc9106027e36f140,1128844.0,M,32.0,DID NOT DEPLOY,NONE,NO INDICATION OF INJURY,NONE,NOT OBSCURED,NORMAL,,,,,2021-09-22 17:50:00,30,CLEAR,DAYLIGHT,REAR TO FRONT,NOT DIVIDED,DRY,NO DEFECTS,ON SCENE,NO INJURY / DRIVE AWAY,,$500 OR LESS,09/22/2021 05:51:00 PM,IMPROPER BACKING,NOT APPLICABLE,,2,NO INDICATION OF INJURY,0.0,0.0,0.0,0.0,0.0,2.0,0.0,17,4,9,41.872982947,-87.627521366,POINT (-87.627521365991 41.872982946621),POINT (1176480.2778899183 1897095.3223394374),2021,1 E BALBO AVE
O1063770,DRIVER,a247d6d8691b9849e9d018c2ce2db6bf07b3468995b59cf1c087ea0d8e094f55430187db87abeb752c732117c107a4a65f3655cca18e9d6a27415d9de111add7,1008797.0,M,22.0,"DEPLOYED, FRONT",NONE,NO INDICATION OF INJURY,UNKNOWN,UNKNOWN,UNKNOWN,,,,,2021-03-23 20:50:00,30,RAIN,"DARKNESS, LIGHTED ROAD",REAR TO FRONT,NOT DIVIDED,WET,NO DEFECTS,ON SCENE,INJURY AND / OR TOW DUE TO CRASH,Y,"OVER $1,500",03/23/2021 08:52:00 PM,UNABLE TO DETERMINE,UNABLE TO DETERMINE,,2,NO INDICATION OF INJURY,0.0,0.0,0.0,0.0,0.0,5.0,0.0,20,3,3,41.686835827,-87.620754462,POINT (-87.620754461884 41.68683582714),POINT (1178885.3729263865 1829279.8379012262),2021,11407 S MICHIGAN AVE
P242867,PASSENGER,0b1eea0565880ad42de42a99fb840f2994d0d3c3785e562b3a6449caa0e56523846c6063c353c10bb64a5527e2b4f5f2f1f0546e8aa644573df96baaf9b092ec,1026166.0,M,9.0,DID NOT DEPLOY,NONE,NO INDICATION OF INJURY,,,,,,,,2021-04-24 12:00:00,25,CLEAR,DAYLIGHT,REAR END,ONE-WAY,DRY,NO DEFECTS,NOT ON SCENE (DESK REPORT),NO INJURY / DRIVE AWAY,Y,"OVER $1,500",04/24/2021 12:25:00 PM,UNABLE TO DETERMINE,UNABLE TO DETERMINE,,2,NO INDICATION OF INJURY,0.0,0.0,0.0,0.0,0.0,4.0,0.0,12,7,4,41.712553791,-87.637060547,POINT (-87.637060546509 41.712553790938),POINT (1174355.705324022 1838614.73177647),2021,9958 S PARNELL AVE
O1109609,DRIVER,8eea4d5c7dfb4d5aa53271b16d16b4fc439c7c74180cde8800903948005b3270eef809044c058f410abd6207a679956e006b069daf9d4ae8268a18d185be6c72,1052592.0,M,,DEPLOYMENT UNKNOWN,NONE,NO INDICATION OF INJURY,IMPROPER TURN,UNKNOWN,UNKNOWN,,,,,2021-06-04 07:07:00,30,CLEAR,DAYLIGHT,TURNING,NOT DIVIDED,DRY,NO DEFECTS,NOT ON SCENE (DESK REPORT),NO INJURY / DRIVE AWAY,Y,"OVER $1,500",06/04/2021 08:30:00 AM,UNABLE TO DETERMINE,NOT APPLICABLE,,2,NO INDICATION OF INJURY,0.0,0.0,0.0,0.0,0.0,3.0,0.0,7,6,6,41.801238478,-87.683529893,POINT (-87.683529893198 41.80123847844),POINT (1161423.867318334 1870831.4623991835),2021,5057 S WESTERN BLVD
O1215051,DRIVER,fd6bdda5b5779e39f5734fc8cdbc93ea833383ca227a9896fed3956d8adf917b3083a0bfad3c11540a17d04dd1e64bc15a2de722a04a9de9351a4a0bed79342e,1152955.0,F,46.0,DID NOT DEPLOY,NONE,NONINCAPACITATING INJURY,FAILED TO YIELD,NOT OBSCURED,NORMAL,,,,,2021-10-28 15:05:00,30,RAIN,DAYLIGHT,ANGLE,FOUR WAY,WET,NO DEFECTS,ON SCENE,INJURY AND / OR TOW DUE TO CRASH,,"OVER $1,500",10/28/2021 03:07:00 PM,FAILING TO YIELD RIGHT-OF-WAY,DRIVING SKILLS/KNOWLEDGE/EXPERIENCE,,2,NONINCAPACITATING INJURY,1.0,0.0,0.0,1.0,0.0,4.0,0.0,15,5,10,41.799470959,-87.660017009,POINT (-87.660017009402 41.799470958658),POINT (1167839.9126174115 1870236.7316333542),2021,5200 S LOOMIS BLVD
P274615,PASSENGER,84c96b2cdeecf4582f2c99d06dd06fd48e341945a978b7792e7778ec44c5219a3da81788655a14a0090a88b6e21dce0f921c95d7adbf49050627291be894f437,1163855.0,M,,DEPLOYMENT UNKNOWN,NONE,NO INDICATION OF INJURY,,,,,,,,2021-11-13 17:20:00,30,CLEAR,"DARKNESS, LIGHTED ROAD",PARKED MOTOR VEHICLE,OTHER,DRY,NO DEFECTS,ON SCENE,NO INJURY / DRIVE AWAY,Y,"OVER $1,500",11/13/2021 06:25:00 PM,UNABLE TO DETERMINE,UNABLE TO DETERMINE,,2,NO INDICATION OF INJURY,0.0,0.0,0.0,0.0,0.0,2.0,0.0,17,7,11,41.849288955,-87.69471826,POINT (-87.694718260294 41.849288955337),POINT (1158243.1103060727 1888317.964182884),2021,2744 W 23RD PL
O1106589,DRIVER,a7cfb8d8f394b24d627d265dbdf080742693d2bae243cc2fdc8f3f686f184fc4351c1db7e486be86ca446d6113f858312e852251c393ff8c4c0c63832eb1b8a1,1049716.0,M,57.0,DID NOT DEPLOY,NONE,NO INDICATION OF INJURY,OTHER,NOT OBSCURED,NORMAL,,,,,2021-05-30 20:00:00,30,CLEAR,"DARKNESS, LIGHTED ROAD",REAR END,DIVIDED - W/MEDIAN (NOT RAISED),DRY,UNKNOWN,NOT ON SCENE (DESK REPORT),NO INJURY / DRIVE AWAY,,$500 OR LESS,05/30/2021 09:00:00 PM,FOLLOWING TOO CLOSELY,FOLLOWING TOO CLOSELY,,2,NO INDICATION OF INJURY,0.0,0.0,0.0,0.0,0.0,3.0,0.0,20,1,5,41.911003891,-87.638650273,POINT (-87.638650273304 41.911003890979),POINT (1173337.0931651867 1910925.4231703908),2021,401 W NORTH AVE
O1194238,DRIVER,e43130ca735935796859fcf13b7b2e052a0006f02aa9af23d9b9ef74f4794213cc47587e7bb41238b6eaba1ec8d7f1a40a11b03ecec182b7b830d460b2766e26,1133090.0,M,29.0,DID NOT DEPLOY,NONE,NO INDICATION OF INJURY,NONE,NOT OBSCURED,NORMAL,,,,,2021-09-28 20:15:00,45,CLEAR,"DARKNESS, LIGHTED ROAD",SIDESWIPE SAME DIRECTION,DIVIDED - W/MEDIAN BARRIER,DRY,NO DEFECTS,ON SCENE,NO INJURY / DRIVE AWAY,Y,"$501 - $1,500",09/28/2021 08:15:00 PM,"OPERATING VEHICLE IN ERRATIC, RECKLESS, CARELESS, NEGLIGENT OR AGGRESSIVE MANNER",IMPROPER LANE USAGE,,2,NO INDICATION OF INJURY,0.0,0.0,0.0,0.0,0.0,4.0,0.0,20,3,9,41.842074737,-87.610301619,POINT (-87.610301619267 41.842074737),POINT (1181265.0068747434 1885871.4682731975),2021,2900 S LAKE SHORE DR SB
O1138340,DRIVER,94935ffadcdd118e313fdd5e1aa5ce8dadb9776ef880ec019944fba29fabacb3276f4c1de7b225927c4f4d4c710c77eacf6d674422d80ce125e834fc6afc8139,1079777.0,F,76.0,DID NOT DEPLOY,NONE,NO INDICATION OF INJURY,UNKNOWN,UNKNOWN,NORMAL,,,,Y,2021-07-12 11:20:00,30,CLEAR,DAYLIGHT,REAR END,FOUR WAY,DRY,NO DEFECTS,ON SCENE,INJURY AND / OR TOW DUE TO CRASH,Y,"$501 - $1,500",07/12/2021 11:20:00 AM,UNABLE TO DETERMINE,UNABLE TO DETERMINE,,2,NONINCAPACITATING INJURY,1.0,0.0,0.0,1.0,0.0,5.0,0.0,11,2,7,41.768946489,-87.644570662,POINT (-87.644570662029 41.768946489336),POINT (1172140.715556669 1859147.1952812776),2021,800 W 69TH ST
O1094179,DRIVER,912a736c2c42509312f7ac1540726ecd3be396c8e232c79c4c253ef684ddf128a0707b725000f92cdb4dff7a8cb7e080608c2d9e7fe301aea8f3df772e904034,1037800.0,M,62.0,DID NOT DEPLOY,NONE,NO INDICATION OF INJURY,OTHER,UNKNOWN,NORMAL,,,,,2021-05-12 17:46:00,35,CLEAR,DAYLIGHT,TURNING,ONE-WAY,DRY,NO DEFECTS,ON SCENE,NO INJURY / DRIVE AWAY,Y,$500 OR LESS,05/12/2021 05:51:00 PM,FAILING TO YIELD RIGHT-OF-WAY,UNABLE TO DETERMINE,,2,NO INDICATION OF INJURY,0.0,0.0,0.0,0.0,0.0,2.0,0.0,17,4,5,41.777877739,-87.765087709,POINT (-87.765087709036 41.777877739375),POINT (1139242.6798760805 1862161.425371205),2021,5723 W 63RD ST
P253314,PASSENGER,a25f1877d4470f3a81aec52d3234ebcc2ee16f8c173954543b9b4b1a55a37f01235bfdcc490d6067f1e0d02882dcaac80c1728e49fc1ac4cbcb69a7a51b802c9,1070451.0,M,21.0,NOT APPLICABLE,NONE,NO INDICATION OF INJURY,,,,,,,,2021-06-28 17:15:00,30,CLEAR,DAYLIGHT,TURNING,NOT DIVIDED,DRY,UNKNOWN,NOT ON SCENE (DESK REPORT),NO INJURY / DRIVE AWAY,,"$501 - $1,500",06/28/2021 06:00:00 PM,FAILING TO YIELD RIGHT-OF-WAY,NOT APPLICABLE,,2,NO INDICATION OF INJURY,0.0,0.0,0.0,0.0,0.0,3.0,0.0,17,2,6,41.844279124,-87.714553766,POINT (-87.714553766277 41.844279123739),POINT (1152851.9808611057 1886452.8341745143),2021,3555 W 26TH ST
O1138589,DRIVER,8d7ac4c02fbf369d75598217d028aa20b42e0b09cf545b557d0c6d1c310c326bab7d2f9ac7b8bc766a51480c96997e90d5406d95e5ebffc1023499bd8c66ad50,1079974.0,F,48.0,DID NOT DEPLOY,NONE,NO INDICATION OF INJURY,NONE,NOT OBSCURED,NORMAL,,,,,2021-07-12 17:00:00,30,CLEAR,DAYLIGHT,REAR END,FOUR WAY,DRY,NO DEFECTS,NOT ON SCENE (DESK REPORT),NO INJURY / DRIVE AWAY,,"OVER $1,500",07/12/2021 05:10:00 PM,DISTRACTION - FROM INSIDE VEHICLE,NOT APPLICABLE,,2,NO INDICATION OF INJURY,0.0,0.0,0.0,0.0,0.0,2.0,0.0,17,2,7,41.946880303,-87.685605747,POINT (-87.685605746629 41.946880303452),POINT (1160457.3703948366 1923898.835971218),2021,2254 W ADDISON ST
P260078,PASSENGER,f1e293b6733c18963c350d40764efbdf461f53560b0c16e3e5984f672b16ca744b82836526dc6e0de0ef3ff61898a0e02cb03542bd7083e00b1a1f763a977b48,1099276.0,M,,DID NOT DEPLOY,NONE,NO INDICATION OF INJURY,,,,,,,,2021-08-10 13:04:00,30,CLEAR,DAYLIGHT,REAR END,NOT DIVIDED,DRY,UNKNOWN,NOT ON SCENE (DESK REPORT),NO INJURY / DRIVE AWAY,Y,"OVER $1,500",08/10/2021 01:25:00 PM,UNABLE TO DETERMINE,UNABLE TO DETERMINE,,2,NO INDICATION OF INJURY,0.0,0.0,0.0,0.0,0.0,5.0,0.0,13,3,8,41.779152451,-87.698330615,POINT (-87.698330615168 41.779152450501),POINT (1157447.7609914478 1862753.307779927),2021,3000 W 63RD ST
O1215327,DRIVER,1b573e1f8744fc0c77a25f6945f4002a6cb59a3532f405b892c611b69468c57f766b295a95a28d3b8b630ca4c54bfa7f85c921d97959c14b580f6865ba8afc44,1153227.0,X,,"DEPLOYED, FRONT",UNKNOWN,NO INDICATION OF INJURY,UNKNOWN,UNKNOWN,UNKNOWN,,,,,2021-10-21 19:49:00,30,RAIN,"DARKNESS, LIGHTED ROAD",FIXED OBJECT,DIVIDED - W/MEDIAN (NOT RAISED),WET,NO DEFECTS,ON SCENE,INJURY AND / OR TOW DUE TO CRASH,Y,"OVER $1,500",10/28/2021 07:58:00 PM,UNABLE TO DETERMINE,UNABLE TO DETERMINE,,1,NO INDICATION OF INJURY,0.0,0.0,0.0,0.0,0.0,1.0,0.0,19,5,10,41.895062291,-87.736831072,POINT (-87.736831071805 41.895062290623),POINT (1146653.354971349 1904915.1575600698),2021,4421 W CHICAGO AVE
O1202075,DRIVER,b3ec18191bb50848ca103c70644006f0f9696fac6e551a4b279c8db92244055a8bbef8f5d965bb34736ddf2e37368a53054bac0855fd17ccf6d10f20a0262d96,1140578.0,X,,DEPLOYMENT UNKNOWN,NONE,NO INDICATION OF INJURY,IMPROPER PASSING,UNKNOWN,UNKNOWN,,,,,2021-10-09 18:50:00,35,CLEAR,"DARKNESS, LIGHTED ROAD",SIDESWIPE SAME DIRECTION,DIVIDED - W/MEDIAN (NOT RAISED),DRY,NO DEFECTS,NOT ON SCENE (DESK REPORT),NO INJURY / DRIVE AWAY,Y,"OVER $1,500",10/09/2021 07:50:00 PM,IMPROPER OVERTAKING/PASSING,UNABLE TO DETERMINE,,2,NO INDICATION OF INJURY,0.0,0.0,0.0,0.0,0.0,2.0,0.0,18,7,10,41.768764968,-87.643412606,POINT (-87.643412606169 41.768764968199),POINT (1172457.1592333708 1859083.582377444),2021,6900 S EMERALD AVE
O1034914,DRIVER,479c68d994b52b38b3a64732d953ce10f9a498ecedf17880bef88d4db27050993f67bbb1c7aa89c16038a3371b2bdfc1208d589cc59798045f9ee883471415a7,980941.0,M,43.0,DEPLOYMENT UNKNOWN,NONE,NO INDICATION OF INJURY,UNKNOWN,UNKNOWN,UNKNOWN,,,,,2021-02-03 10:30:00,35,UNKNOWN,DAYLIGHT,REAR END,DIVIDED - W/MEDIAN BARRIER,UNKNOWN,UNKNOWN,NOT ON SCENE (DESK REPORT),NO INJURY / DRIVE AWAY,,"$501 - $1,500",02/03/2021 11:45:00 AM,UNABLE TO DETERMINE,NOT APPLICABLE,,2,NO INDICATION OF INJURY,0.0,0.0,0.0,0.0,0.0,2.0,0.0,10,4,2,41.722379605,-87.575206909,POINT (-87.57520690929 41.722379604639),POINT (1191212.3942896754 1842337.7876182639),2021,9501 S JEFFERY AVE
O1167273,DRIVER,d4e50d9a2abb646d07fb5ad06df1669984cdfcb355d6a2f03134168230c372e24776e53e1e9fb12c208afcc87611ddf841467a0b22521f84ace5c0f8575794eb,1107279.0,M,,"DEPLOYED, FRONT",NONE,"REPORTED, NOT EVIDENT",OTHER,UNKNOWN,NORMAL,,,,,2021-08-22 14:05:00,30,CLEAR,DAYLIGHT,ANGLE,OTHER,DRY,UNKNOWN,ON SCENE,INJURY AND / OR TOW DUE TO CRASH,,"OVER $1,500",08/22/2021 04:28:00 PM,FAILING TO REDUCE SPEED TO AVOID CRASH,DISREGARDING TRAFFIC SIGNALS,,2,"REPORTED, NOT EVIDENT",1.0,0.0,0.0,0.0,1.0,1.0,0.0,14,1,8,41.883236895,-87.641381616,POINT (-87.641381615901 41.88323689522),POINT (1172675.2464736719 1900801.114911558),2021,100 N CLINTON ST
O1248661,DRIVER,73b31db2aaabe37c1b61b4a228a4956db1ca2c2e9f20318f0d8e63ecd989dc17b18fe1a19a8802e26ebf7d736b28aa97a33630da044490d386616cff06326651,1185163.0,F,22.0,NOT APPLICABLE,NONE,NO INDICATION OF INJURY,FOLLOWED TOO CLOSELY,UNKNOWN,NORMAL,,,,,2021-12-18 14:35:00,30,CLEAR,DAYLIGHT,REAR END,NOT DIVIDED,DRY,NO DEFECTS,NOT ON SCENE (DESK REPORT),NO INJURY / DRIVE AWAY,,"OVER $1,500",12/18/2021 03:17:00 PM,FOLLOWING TOO CLOSELY,NOT APPLICABLE,,2,NO INDICATION OF INJURY,0.0,0.0,0.0,0.0,0.0,3.0,0.0,14,7,12,41.798394331,-87.703548561,POINT (-87.703548560914 41.798394330655),POINT (1155973.1927266256 1869754.4455097914),2021,5219 S KEDZIE AVE
O1225355,DRIVER,f147a1f04d7038439a33ce2668895f80dd169fff05d8b4425d39fb2f6cb79bcfd97c0a98588635e2e75b0c05a5ac910fcc7acfd3201a3a2d24d7b3512fef3f33,1162821.0,F,26.0,DID NOT DEPLOY,NONE,NO INDICATION OF INJURY,IMPROPER LANE CHANGE,UNKNOWN,FATIGUED/ASLEEP,,,,,2021-11-12 10:03:00,30,RAIN,DAYLIGHT,SIDESWIPE OPPOSITE DIRECTION,NOT DIVIDED,WET,NO DEFECTS,ON SCENE,INJURY AND / OR TOW DUE TO CRASH,,"OVER $1,500",11/12/2021 10:07:00 AM,IMPROPER LANE USAGE,NOT APPLICABLE,,3,NO INDICATION OF INJURY,0.0,0.0,0.0,0.0,0.0,4.0,0.0,10,6,11,41.89686904,-87.622494191,POINT (-87.622494191221 41.896869040157),POINT (1177777.3538724056 1905810.7038490935),2021,202 E CHICAGO AVE