PERSON_ID,PERSON_TYPE,CRASH_RECORD_ID,VEHICLE_ID,SEX,AGE,AIRBAG_DEPLOYED,EJECTION,INJURY_CLASSIFICATION,DRIVER_ACTION,DRIVER_VISION,PHYSICAL_CONDITION,PEDPEDAL_ACTION,PEDPEDAL_VISIBILITY,PEDPEDAL_LOCATION,CRASH_DATE_EST_I,CRASH_DATE,POSTED_SPEED_LIMIT,WEATHER_CONDITION,LIGHTING_CONDITION,FIRST_CRASH_TYPE,TRAFFICWAY_TYPE,ROADWAY_SURFACE_COND,ROAD_DEFECT,REPORT_TYPE,CRASH_TYPE,HIT_AND_RUN_I,DAMAGE,DATE_POLICE_NOTIFIED,PRIM_CONTRIBUTORY_CAUSE,SEC_CONTRIBUTORY_CAUSE,DOORING_I,NUM_UNITS,MOST_SEVERE_INJURY,INJURIES_TOTAL,INJURIES_FATAL,INJURIES_INCAPACITATING,INJURIES_NON_INCAPACITATING,INJURIES_REPORTED_NOT_EVIDENT,INJURIES_NO_INDICATION,INJURIES_UNKNOWN,CRASH_HOUR,CRASH_DAY_OF_WEEK,CRASH_MONTH,LATITUDE,LONGITUDE,LOCATION,geometry,YEAR,ADDRESS
O1074606,DRIVER,13d62f168540fa24d3cdbe97d4b239496a84a04f616430d9565c86d275b9f41197997984249558dbffd364662a1d2f36a0fa04975ca30ce7ee710fb6d4adf2a5,1019122.0,F,56.0,NOT APPLICABLE,NONE,NO INDICATION OF INJURY,UNKNOWN,NOT OBSCURED,NORMAL,,,,,2021-04-11 10:35:00,30,CLEAR,DAYLIGHT,ANGLE,FOUR WAY,DRY,NO DEFECTS,ON SCENE,NO INJURY / DRIVE AWAY,,"OVER $1,500",04/11/2021 10:35:00 AM,DRIVING SKILLS/KNOWLEDGE/EXPERIENCE,DISREGARDING TRAFFIC SIGNALS,,2,NO INDICATION OF INJURY,0.0,0.0,0.0,0.0,0.0,3.0,0.0,10,1,4,41.867134208,-87.64423752,POINT (-87.644237519792 41.867134208293),POINT (1171944.6614405094 1894927.0575472661),2021,1200 S RUBLE ST
O1138708,DRIVER,352ba827b7d42f31acea7cd832af3e1bc1a354cc674a215bb344c5d8849d70f0ac692030bb026194496ca784b6291b4f2dfe675c3fa1217c6b73c5e9c516c766,1080093.0,X,,DEPLOYMENT UNKNOWN,NONE,NO INDICATION OF INJURY,UNKNOWN,UNKNOWN,UNKNOWN,,,,,2021-07-12 18:30:00,30,CLEAR,DAYLIGHT,PARKED MOTOR VEHICLE,ONE-WAY,DRY,NO DEFECTS,ON SCENE,INJURY AND / OR TOW DUE TO CRASH,Y,"OVER $1,500",07/12/2021 07:40:00 PM,UNABLE TO DETERMINE,NOT APPLICABLE,,2,NO INDICATION OF INJURY,0.0,0.0,0.0,0.0,0.0,1.0,0.0,18,2,7,41.879463163,-87.712524902,POINT (-87.7125249018 41.879463163227),POINT (1153312.0899542775 1899277.7964066826),2021,3439 W MONROE ST
P254364,PASSENGER,f621dfd4f28850560757b1d951cdb69549a2fcee8ae017cc7ba5d2f7682378415b200f215281ca5584fd577d0b0488f48cc6d02d0881a28424b056ab496deca0,1074672.0,M,18.0,DID NOT DEPLOY,NONE,NO INDICATION OF INJURY,,,,,,,,2021-07-04 18:43:00,20,CLEAR,DAYLIGHT,PARKED MOTOR VEHICLE,ONE-WAY,DRY,UNKNOWN,NOT ON SCENE (DESK REPORT),NO INJURY / DRIVE AWAY,,"OVER $1,500",07/04/2021 08:10:00 PM,UNABLE TO DETERMINE,UNABLE TO DETERMINE,N,2,NO INDICATION OF INJURY,0.0,0.0,0.0,0.0,0.0,3.0,0.0,18,1,7,41.889664694,-87.747037384,POINT (-87.747037384181 41.889664694374),POINT (1143888.0193036036 1902929.1247996497),2021,4832 W FERDINAND ST
O1131214,DRIVER,854daeba818f8b551e522d4a6eaa7aa545c08d2e7907b7de1fb4ba46e8efa1c0e57d5e0a07474fe97ff5a9978728a6e305ca84372d817dc51fd6a160177c6d78,1073054.0,F,32.0,NOT APPLICABLE,NONE,NO INDICATION OF INJURY,NONE,NOT OBSCURED,NORMAL,,,,,2021-07-02 14:15:00,35,CLEAR,DAYLIGHT,SIDESWIPE SAME DIRECTION,DIVIDED - W/MEDIAN (NOT RAISED),DRY,NO DEFECTS,NOT ON SCENE (DESK REPORT),NO INJURY / DRIVE AWAY,,"$501 - $1,500",07/02/2021 02:45:00 PM,IMPROPER OVERTAKING/PASSING,NOT APPLICABLE,,2,NO INDICATION OF INJURY,0.0,0.0,0.0,0.0,0.0,2.0,0.0,14,6,7,41.792078635,-87.799761657,POINT (-87.799761657248 41.792078634866),POINT (1129752.9917865347 1867275.5294637957),2021,7116 W ARCHER AVE
O1253990,DRIVER,b56d10b633b10bbbf17ec566467c0f8ec94f7011b70fedbaf6b24620c437fd146b3acb919bc32087cc4ce957099909719252e42845fbab171bcb61ee0c6afbee,1190311.0,F,33.0,DID NOT DEPLOY,NONE,NO INDICATION OF INJURY,NONE,NOT OBSCURED,NORMAL,,,,,2021-12-26 15:12:00,30,CLEAR,DAYLIGHT,ANGLE,NOT DIVIDED,UNKNOWN,UNKNOWN,NOT ON SCENE (DESK REPORT),NO INJURY / DRIVE AWAY,,"OVER $1,500",12/28/2021 05:40:00 PM,FAILING TO YIELD RIGHT-OF-WAY,FAILING TO YIELD RIGHT-OF-WAY,,2,NO INDICATION OF INJURY,0.0,0.0,0.0,0.0,0.0,2.0,0.0,15,1,12,41.877027864,-87.721704019,POINT (-87.721704019264 41.877027864051),POINT (1150818.69382336 1898372.4294230945),2021,3825 W JACKSON BLVD
O1089077,DRIVER,d9e2e41795716dde91ec4a112a6fe3860527838c186d30dc488820b130e37c922cbbfc05eaeb986e552ab153816865343b2f9a3bb9756506aa5b0d63793e6ce1,1032950.0,M,71.0,DID NOT DEPLOY,NONE,"REPORTED, NOT EVIDENT",NONE,NOT OBSCURED,NORMAL,,,,,2021-05-05 09:00:00,45,CLEAR,DAYLIGHT,REAR END,FOUR WAY,DRY,NO DEFECTS,ON SCENE,INJURY AND / OR TOW DUE TO CRASH,,"OVER $1,500",05/05/2021 09:02:00 AM,DISTRACTION - FROM INSIDE VEHICLE,DRIVING SKILLS/KNOWLEDGE/EXPERIENCE,,3,"REPORTED, NOT EVIDENT",1.0,0.0,0.0,0.0,1.0,2.0,0.0,9,4,5,41.953766077,-87.914197073,POINT (-87.914197072743 41.953766077129),POINT (1098259.118479301 1926021.0107998285),2021,11600 W IRVING PARK RD
O1207669,DRIVER,34454cf54a3fa5d73c304471e3c496a16b5d5c62fc4e5461e32b1b819eb316d1b3189d3ad54d95f33fcd21bb5c22035ca13729a0ba730ed5fa10b04590d14763,1145911.0,M,33.0,DEPLOYMENT UNKNOWN,NONE,NO INDICATION OF INJURY,NONE,NOT OBSCURED,NORMAL,,,,Y,2021-10-18 00:01:00,30,CLEAR,"DARKNESS, LIGHTED ROAD",TURNING,NOT DIVIDED,DRY,NO DEFECTS,NOT ON SCENE (DESK REPORT),NO INJURY / DRIVE AWAY,Y,"OVER $1,500",10/18/2021 12:00:00 PM,FAILING TO YIELD RIGHT-OF-WAY,NOT APPLICABLE,,2,NO INDICATION OF INJURY,0.0,0.0,0.0,0.0,0.0,2.0,0.0,0,2,10,41.924190911,-87.746447216,POINT (-87.746447216179 41.924190910575),POINT (1143962.632696046 1915511.5762135496),2021,2358 N CICERO AVE
P273150,PASSENGER,920779f39c697ae446790e3ca9c851406e30fae8cc20c878103aa1098bc03fb90eb83a234d34e036ef89c0fbd75ea9e42d3ff493f694e627ba0324e6efc094b4,1157259.0,F,71.0,NOT APPLICABLE,NONE,NO INDICATION OF INJURY,,,,,,,,2021-11-03 09:00:00,30,CLEAR,DAYLIGHT,SIDESWIPE SAME DIRECTION,NOT DIVIDED,DRY,UNKNOWN,NOT ON SCENE (DESK REPORT),NO INJURY / DRIVE AWAY,Y,"$501 - $1,500",11/03/2021 09:30:00 AM,UNABLE TO DETERMINE,UNABLE TO DETERMINE,,2,NO INDICATION OF INJURY,0.0,0.0,0.0,0.0,0.0,3.0,0.0,9,4,11,41.742595845,-87.572990447,POINT (-87.572990447102 41.742595845144),POINT (1191752.3975896565 1849709.730189725),2021,8401 S SOUTH CHICAGO AVE
O1036106,DRIVER,4e3c5b64cf30e6e8aa110ae1b9740b012ad63258828ed4424863381db485b3bf3e48a1857da7446a4d9ae1162547a576cc6b971a49b48408e78169c10905cbdb,982087.0,F,20.0,DID NOT DEPLOY,NONE,NO INDICATION OF INJURY,FAILED TO YIELD,UNKNOWN,NORMAL,,,,,2021-02-05 09:15:00,30,CLEAR,DAYLIGHT,TURNING,DIVIDED - W/MEDIAN (NOT RAISED),SNOW OR SLUSH,NO DEFECTS,ON SCENE,NO INJURY / DRIVE AWAY,,"OVER $1,500",02/05/2021 09:18:00 AM,FAILING TO YIELD RIGHT-OF-WAY,NOT APPLICABLE,,2,NO INDICATION OF INJURY,0.0,0.0,0.0,0.0,0.0,2.0,0.0,9,6,2,41.756915177,-87.553534773,POINT (-87.553534773022 41.756915177471),POINT (1197014.721461684 1854975.092215388),2021,7700 S SOUTH SHORE DR
O1034698,DRIVER,6d45668374d2c9f13336973c91c942cf34d1fd2d7adbad968438b802693c3ec7bd489f936bf902560a13574143fa7391d6a4d1801a42f5a4e4afcdb82a75379f,980734.0,X,,DEPLOYMENT UNKNOWN,NONE,NO INDICATION OF INJURY,DISREGARDED CONTROL DEVICES,UNKNOWN,UNKNOWN,,,,,2021-02-02 20:33:00,30,SNOW,"DARKNESS, LIGHTED ROAD",ANGLE,FOUR WAY,SNOW OR SLUSH,UNKNOWN,ON SCENE,NO INJURY / DRIVE AWAY,,"OVER $1,500",02/02/2021 08:36:00 PM,DISREGARDING STOP SIGN,FAILING TO REDUCE SPEED TO AVOID CRASH,,2,NO INDICATION OF INJURY,0.0,0.0,0.0,0.0,0.0,2.0,0.0,20,3,2,41.886406643,-87.711315645,POINT (-87.711315644629 41.886406642509),POINT (1153623.064231638 1901810.3759072393),2021,300 N HOMAN AVE
P239761,PASSENGER,138ee6729644c135e910be752151ea282c0db175bba11058507d1d3d3c3ce573e0d73d977fd594eee59b47994e6716e6356fcd286ef61d9ab8832f6bff1835c4,1012164.0,M,47.0,NOT APPLICABLE,NONE,NO INDICATION OF INJURY,,,,,,,,2021-03-29 12:50:00,30,CLEAR,DAYLIGHT,REAR END,DIVIDED - W/MEDIAN (NOT RAISED),DRY,WORN SURFACE,ON SCENE,INJURY AND / OR TOW DUE TO CRASH,Y,"OVER $1,500",03/29/2021 12:50:00 PM,FAILING TO REDUCE SPEED TO AVOID CRASH,UNABLE TO DETERMINE,,5,NO INDICATION OF INJURY,0.0,0.0,0.0,0.0,0.0,7.0,0.0,12,2,3,41.837505899,-87.66559125,POINT (-87.665591249957 41.837505898897),POINT (1166212.297698248 1884084.619468243),2021,3111 S ASHLAND AVE
O1161555,DRIVER,fbfe05f896b7889906ba17d8ed3d4b731ac10a9f27b4af220919c74a8f74fdd119227236eef501483545c8ee0e765fc55138761cff7d6847c6197d9e055ce42d,1101827.0,X,,DEPLOYMENT UNKNOWN,NONE,NO INDICATION OF INJURY,UNKNOWN,UNKNOWN,UNKNOWN,,,,,2021-08-14 09:48:00,30,CLEAR,DAYLIGHT,PARKED MOTOR VEHICLE,NOT DIVIDED,DRY,NO DEFECTS,ON SCENE,NO INJURY / DRIVE AWAY,Y,"OVER $1,500",08/14/2021 09:49:00 AM,UNABLE TO DETERMINE,NOT APPLICABLE,,2,NO INDICATION OF INJURY,0.0,0.0,0.0,0.0,0.0,1.0,0.0,9,7,8,41.696652749,-87.654407558,POINT (-87.654407557558 41.696652749145),POINT (1169665.0457353254 1832782.7599679977),2021,1255 W 108TH PL
O1074870,DRIVER,a2e9f97182f487fbbc8cffa89792c979301d9294fd9851d84cdebad057c6fae8f41efb09f60211e673e133ae0e680e3754230f219c26289f95e8c893ec588937,1019374.0,M,,DEPLOYMENT UNKNOWN,NONE,NO INDICATION OF INJURY,UNKNOWN,UNKNOWN,UNKNOWN,,,,,2021-04-11 19:15:00,30,CLEAR,DAYLIGHT,REAR END,DIVIDED - W/MEDIAN (NOT RAISED),DRY,NO DEFECTS,ON SCENE,NO INJURY / DRIVE AWAY,Y,"OVER $1,500",04/11/2021 07:21:00 PM,FAILING TO REDUCE SPEED TO AVOID CRASH,UNABLE TO DETERMINE,,3,NO INDICATION OF INJURY,0.0,0.0,0.0,0.0,0.0,4.0,0.0,19,1,4,41.772083269,-87.663956857,POINT (-87.663956857364 41.772083268831),POINT (1166843.342859997 1860248.4585695486),2021,1599 W MARQUETTE RD
O1060062,DRIVER,c36300e244b3b2765b3563019624f35c9adfa205790a67d2ec2ddb22258255bd87905278d811ce6746679e97cc000a4720f61073d972a4d8d738cd372dff9166,1005274.0,M,,DEPLOYMENT UNKNOWN,UNKNOWN,NO INDICATION OF INJURY,IMPROPER PASSING,UNKNOWN,UNKNOWN,,,,,2021-03-17 14:23:00,20,CLEAR,DAYLIGHT,SIDESWIPE SAME DIRECTION,NOT DIVIDED,DRY,NO DEFECTS,NOT ON SCENE (DESK REPORT),NO INJURY / DRIVE AWAY,Y,$500 OR LESS,03/17/2021 04:10:00 PM,IMPROPER LANE USAGE,IMPROPER OVERTAKING/PASSING,,2,NO INDICATION OF INJURY,0.0,0.0,0.0,0.0,0.0,2.0,0.0,14,4,3,41.880040613,-87.753688177,POINT (-87.753688177372 41.880040612664),POINT (1142100.8071545365 1899409.8203095226),2021,10 S LEAMINGTON AVE
O1229465,DRIVER,412ccf7631b60764dff546fc750a1fbaccbb43666e466b19ea9206074ed7bea08827f45f51f15b6b5b1e8a45155d70aa7f4b06a9f0146e1531a218cf736e3a31,1167170.0,M,,NOT APPLICABLE,NONE,NO INDICATION OF INJURY,IMPROPER LANE CHANGE,UNKNOWN,NORMAL,,,,,2021-11-18 11:15:00,35,CLEAR,DAYLIGHT,SIDESWIPE SAME DIRECTION,NOT DIVIDED,DRY,UNKNOWN,NOT ON SCENE (DESK REPORT),NO INJURY / DRIVE AWAY,,"$501 - $1,500",11/18/2021 11:30:00 AM,IMPROPER LANE USAGE,IMPROPER LANE USAGE,,2,NO INDICATION OF INJURY,0.0,0.0,0.0,0.0,0.0,2.0,0.0,11,5,11,41.852903777,-87.635004677,POINT (-87.63500467743 41.852903777456),POINT (1174501.6776159161 1889761.8406652827),2021,2200 S ARCHER AVE
O1035869,PEDESTRIAN,9fa0188f1dbf7cce72bcc8b49b1813efc8a8b1fac652e46c1cfff947366d04d3da71a6c0c499b03e0ae3b8b71099aeccf3c5917e45584eee28e3d891a4a4d815,,M,19.0,,,"REPORTED, NOT EVIDENT",NONE,NOT OBSCURED,NORMAL,WORKING IN ROADWAY,CONTRASTING CLOTHING,IN ROADWAY,,2021-02-04 14:30:00,30,SNOW,DAYLIGHT,PEDESTRIAN,ONE-WAY,SNOW OR SLUSH,NO DEFECTS,NOT ON SCENE (DESK REPORT),INJURY AND / OR TOW DUE TO CRASH,Y,$500 OR LESS,02/04/2021 07:30:00 PM,"OPERATING VEHICLE IN ERRATIC, RECKLESS, CARELESS, NEGLIGENT OR AGGRESSIVE MANNER",NOT APPLICABLE,,2,"REPORTED, NOT EVIDENT",1.0,0.0,0.0,0.0,1.0,1.0,0.0,14,5,2,41.744520673,-87.613676206,POINT (-87.613676206472 41.744520672803),POINT (1180643.060576358 1850315.6366378437),2021,8238 S VERNON AVE
P274967,PASSENGER,820988539cf511dbe0fb23a686a73ba7ab975bb17cf6da9ff048529876eae44ed6f5f83eb2d867e0fb398bb911ac7ce800c5c771bbbd06c9cf57c778590779aa,1165348.0,M,16.0,NOT APPLICABLE,NONE,NO INDICATION OF INJURY,,,,,,,,2021-11-16 07:40:00,30,CLEAR,DAYLIGHT,REAR END,NOT DIVIDED,DRY,NO DEFECTS,ON SCENE,INJURY AND / OR TOW DUE TO CRASH,,"OVER $1,500",11/16/2021 07:43:00 AM,FOLLOWING TOO CLOSELY,UNABLE TO DETERMINE,,3,NO INDICATION OF INJURY,0.0,0.0,0.0,0.0,0.0,9.0,0.0,7,3,11,41.877427214,-87.707323556,POINT (-87.707323556117 41.877427213645),POINT (1154733.967609375 1898546.1883342296),2021,3232 W JACKSON BLVD
O1149182,DRIVER,4b90936a084f69a2fa6e399ed91c4d90fa5358fff4b84cd8023af9e2debddb620e8371856c496902a96539f9c33cf1043111eaeae4054b3db3bc6eb1ac440068,1090070.0,X,,DEPLOYMENT UNKNOWN,NONE,NO INDICATION OF INJURY,UNKNOWN,UNKNOWN,UNKNOWN,,,,,2021-07-28 04:06:00,30,CLEAR,"DARKNESS, LIGHTED ROAD",FIXED OBJECT,DIVIDED - W/MEDIAN BARRIER,DRY,NO DEFECTS,ON SCENE,INJURY AND / OR TOW DUE TO CRASH,,"OVER $1,500",07/28/2021 04:06:00 AM,UNABLE TO DETERMINE,UNABLE TO DETERMINE,,1,NO INDICATION OF INJURY,0.0,0.0,0.0,0.0,0.0,1.0,0.0,4,4,7,41.767200314,-87.586503959,POINT (-87.586503958607 41.767200313735),POINT (1187986.6206374585 1858643.0997946449),2021,7022 S STONY ISLAND AVE
O1041908,DRIVER,e40c4b5004f335f726833cfe9944caa14dfd96dfe9315d67feb4ac24ac15a0e37de01543436907f63ec40bf1121f13a2a12e70bbee0e5b02f6a40c0736cfa615,987709.0,F,41.0,NOT APPLICABLE,NONE,NO INDICATION OF INJURY,NONE,UNKNOWN,UNKNOWN,,,,,2021-02-13 17:20:00,15,UNKNOWN,DARKNESS,REAR TO SIDE,PARKING LOT,SNOW OR SLUSH,UNKNOWN,NOT ON SCENE (DESK REPORT),NO INJURY / DRIVE AWAY,,"OVER $1,500",02/13/2021 05:55:00 PM,IMPROPER BACKING,NOT APPLICABLE,,2,NO INDICATION OF INJURY,0.0,0.0,0.0,0.0,0.0,2.0,0.0,17,7,2,41.866831454,-87.625669609,POINT (-87.625669608957 41.866831454439),POINT (1177003.0928136497 1894857.8796243505),2021,1221 S WABASH AVE
O1052938,DRIVER,b60b1feda3066d4fc0ae03dfcc7ed2ebf5ee6e22323ba8b121d846aeb4106cfc932e116ee8bba7524091d703eb9798b4a0bbe5c991a18b23d8801e81578bffdd,998545.0,M,,DEPLOYMENT UNKNOWN,NONE,NO INDICATION OF INJURY,IMPROPER BACKING,UNKNOWN,UNKNOWN,,,,,2021-03-03 14:15:00,10,CLEAR,DAYLIGHT,REAR TO FRONT,OTHER,DRY,NO DEFECTS,NOT ON SCENE (DESK REPORT),NO INJURY / DRIVE AWAY,Y,"$501 - $1,500",03/03/2021 04:47:00 PM,IMPROPER BACKING,FAILING TO REDUCE SPEED TO AVOID CRASH,,2,NO INDICATION OF INJURY,0.0,0.0,0.0,0.0,0.0,2.0,0.0,14,4,3,41.923673257,-87.799626646,POINT (-87.799626645945 41.923673256513),POINT (1129491.7402668216 1915228.3818143024),2021,6948 W GRAND AVE
P268129,PASSENGER,f1a985d493af7426f495c28889fadf344a6fe6194c6772ebb4ea11151ff6757cf3bbe2bc4ae049d713e102ca23c3dac8964853000be102804e068bb6dc9449d8,1135073.0,F,,NOT APPLICABLE,NONE,NO INDICATION OF INJURY,,,,,,,,2021-10-01 16:20:00,30,CLEAR,DAYLIGHT,REAR END,NOT DIVIDED,DRY,NO DEFECTS,NOT ON SCENE (DESK REPORT),NO INJURY / DRIVE AWAY,Y,"OVER $1,500",10/01/2021 07:05:00 PM,FOLLOWING TOO CLOSELY,NOT APPLICABLE,,2,NO INDICATION OF INJURY,0.0,0.0,0.0,0.0,0.0,3.0,0.0,16,6,10,41.928548469,-87.687623676,POINT (-87.687623675529 41.928548469136),POINT (1159958.727887677 1917214.5300721019),2021,2557 N WESTERN AVE
O1137860,DRIVER,d0918ad25d54f7307edacbaebe27aa07d218c9d579395945891d245b752ed7759a59e6d9ed893b702ae6674668a3dda0ba5283112a310d2e39108fcf716ceb90,1079284.0,M,,DEPLOYMENT UNKNOWN,UNKNOWN,NO INDICATION OF INJURY,TOO FAST FOR CONDITIONS,UNKNOWN,UNKNOWN,,,,,2021-07-11 15:45:00,30,RAIN,DAYLIGHT,SIDESWIPE SAME DIRECTION,FOUR WAY,WET,UNKNOWN,NOT ON SCENE (DESK REPORT),NO INJURY / DRIVE AWAY,Y,"OVER $1,500",07/11/2021 04:36:00 PM,FAILING TO REDUCE SPEED TO AVOID CRASH,FOLLOWING TOO CLOSELY,,2,NO INDICATION OF INJURY,0.0,0.0,0.0,0.0,0.0,2.0,0.0,15,1,7,41.887466003,-87.661390991,POINT (-87.661390990694 41.88746600263),POINT (1167214.4022123008 1902298.9000664486),2021,335 N OGDEN AVE
O1250288,DRIVER,b768603b5d92faedd46f993e27e1b20da42913d9131ca01236087dde5a9e9eacd792965a3183d6bf2877b0c8d19f05be263f943d95162cfbbb6491affac688e3,1186748.0,F,59.0,DID NOT DEPLOY,NONE,NO INDICATION OF INJURY,NONE,NOT OBSCURED,NORMAL,,,,,2021-12-20 17:31:00,20,CLEAR,"DARKNESS, LIGHTED ROAD",REAR END,NOT DIVIDED,DRY,NO DEFECTS,NOT ON SCENE (DESK REPORT),NO INJURY / DRIVE AWAY,Y,"$501 - $1,500",12/20/2021 06:15:00 PM,FOLLOWING TOO CLOSELY,NOT APPLICABLE,,2,NO INDICATION OF INJURY,0.0,0.0,0.0,0.0,0.0,3.0,0.0,17,2,12,41.897605211,-87.68703654,POINT (-87.687036540437 41.897605211464),POINT (1160203.4654068665 1905939.985201486),2021,900 N WESTERN AVE
P269469,PASSENGER,8db8b94029b50597b730fe3f551e29b6496956f30269a283e49fcc52373a20966ec759251b9d9d9e94baac70765045f4324cf7e1904149483ad96b5dd32a88fa,1141149.0,M,,"DEPLOYED, COMBINATION",NONE,NO INDICATION OF INJURY,,,,,,,,2021-10-10 14:32:00,30,CLEAR,DAYLIGHT,PARKED MOTOR VEHICLE,NOT DIVIDED,DRY,NO DEFECTS,ON SCENE,INJURY AND / OR TOW DUE TO CRASH,Y,"OVER $1,500",10/10/2021 04:12:00 PM,UNABLE TO DETERMINE,UNABLE TO DETERMINE,,3,NO INDICATION OF INJURY,0.0,0.0,0.0,0.0,0.0,2.0,0.0,14,1,10,41.742978512,-87.662182517,POINT (-87.662182516706 41.742978511795),POINT (1167410.0912562464 1849646.7116611323),2021,1535 W 83RD ST
O1142958,DRIVER,90862cf859ad365b77b4026261750016d9bc9ec53a6aca438d4adc1f34b814a376ed6b9f42a18b32bb1561919bbd9609450306c8da2093d7bea539152a8806bd,1084164.0,M,45.0,DID NOT DEPLOY,NONE,INCAPACITATING INJURY,FOLLOWED TOO CLOSELY,NOT OBSCURED,NORMAL,,,,,2021-07-19 11:20:00,30,CLEAR,DAYLIGHT,REAR END,DIVIDED - W/MEDIAN BARRIER,DRY,NO DEFECTS,ON SCENE,INJURY AND / OR TOW DUE TO CRASH,,"OVER $1,500",07/19/2021 11:25:00 AM,FOLLOWING TOO CLOSELY,IMPROPER BACKING,,2,INCAPACITATING INJURY,1.0,0.0,1.0,0.0,0.0,1.0,0.0,11,2,7,41.721488379,-87.6497849,POINT (-87.649784900178 41.72148837917),POINT (1170855.664959589 1841842.5587584795),2021,1042 W 95TH ST
O1223737,DRIVER,869a93aba994529b66f21959c73017a4d0c7d4e7015133b334a8466ae7d9756d8dcd5f998a48a5bac83a99ac2ef6a0f2a52d9d65a2c7339d8f55b0a35d94da84,1161280.0,F,66.0,NOT APPLICABLE,NONE,NO INDICATION OF INJURY,IMPROPER BACKING,NOT OBSCURED,NORMAL,,,,,2021-11-09 15:00:00,30,CLEAR,DAYLIGHT,SIDESWIPE SAME DIRECTION,NOT DIVIDED,DRY,NO DEFECTS,ON SCENE,NO INJURY / DRIVE AWAY,,"$501 - $1,500",11/09/2021 03:08:00 PM,IMPROPER OVERTAKING/PASSING,IMPROPER BACKING,,2,NO INDICATION OF INJURY,0.0,0.0,0.0,0.0,0.0,2.0,0.0,15,3,11,41.779784073,-87.649702953,POINT (-87.64970295329 41.779784072879),POINT (1170709.254290697 1863085.1585607834),2021,1000 W 63RD ST
O1104746,DRIVER,714ad72deba9dad0d8a0d0003f742344742bab1db8334c248d309e2470ac8aa97ead41ad2e5249f7ecb9616ee25443707f5e11bfe16618a22237efc4e1d68270,1047941.0,M,,DEPLOYMENT UNKNOWN,NONE,NO INDICATION OF INJURY,UNKNOWN,UNKNOWN,UNKNOWN,,,,,2021-05-28 05:00:00,30,RAIN,"DARKNESS, LIGHTED ROAD",TURNING,DIVIDED - W/MEDIAN BARRIER,WET,NO DEFECTS,NOT ON SCENE (DESK REPORT),NO INJURY / DRIVE AWAY,Y,"OVER $1,500",05/28/2021 05:15:00 AM,UNABLE TO DETERMINE,UNABLE TO DETERMINE,,2,NO INDICATION OF INJURY,0.0,0.0,0.0,0.0,0.0,2.0,0.0,5,6,5,41.819052466,-87.724112702,POINT (-87.7241127025 41.819052466282),POINT (1150312.589806614 1877241.7350798303),2021,4000 S PULASKI RD
O1201542,DRIVER,4746284f0f01ae2fdab20e074a0c889b18f0f8597916b148765033a57631025c8e55b595a47100e7dcc52d6ab2963890666a4bde69a5a46e0b2427199e51c7ff,1140088.0,F,26.0,DID NOT DEPLOY,NONE,NO INDICATION OF INJURY,NONE,NOT OBSCURED,NORMAL,,,,,2021-10-09 00:45:00,40,CLEAR,"DARKNESS, LIGHTED ROAD",REAR END,DIVIDED - W/MEDIAN BARRIER,DRY,NO DEFECTS,ON SCENE,INJURY AND / OR TOW DUE TO CRASH,,"OVER $1,500",10/09/2021 12:47:00 AM,UNABLE TO DETERMINE,NOT APPLICABLE,,4,"REPORTED, NOT EVIDENT",3.0,0.0,0.0,0.0,3.0,5.0,0.0,0,7,10,41.929911908,-87.631797474,POINT (-87.631797474485 41.929911907856),POINT (1175146.0137559853 1917830.7194156328),2021,2601 N LAKE SHORE DR NB
O1188331,DRIVER,6d345838d37b87d515571183097b9025f12da8b2189e76c6181da285ad53a37dbb1b1a645da46d9e79dc244bca661d636736bf4f1d7f48fae3595c77696e218f,1127411.0,X,,NOT APPLICABLE,NONE,NO INDICATION OF INJURY,UNKNOWN,UNKNOWN,UNKNOWN,,,,Y,2021-09-19 00:00:00,30,UNKNOWN,UNKNOWN,PARKED MOTOR VEHICLE,NOT DIVIDED,UNKNOWN,UNKNOWN,NOT ON SCENE (DESK REPORT),NO INJURY / DRIVE AWAY,Y,"OVER $1,500",09/20/2021 05:00:00 PM,UNABLE TO DETERMINE,UNABLE TO DETERMINE,,2,NO INDICATION OF INJURY,0.0,0.0,0.0,0.0,0.0,1.0,0.0,0,1,9,41.747553352,-87.601754317,POINT (-87.601754316514 41.747553352243),POINT (1183887.146403005 1851448.1531383551),2021,921 E 81ST ST
O1036660,DRIVER,94e2c3dab61ba2512cdb3c203586cce6093a8e7dd3492461bf2e5bee22750a6fcbf6079b33a26faf6fa27dfdb3ec9a895bed9993a373fc28d739a6ca1d968f96,982635.0,F,55.0,DEPLOYMENT UNKNOWN,NONE,NO INDICATION OF INJURY,NONE,NOT OBSCURED,NORMAL,,,,,2021-02-05 20:45:00,30,SNOW,"DARKNESS, LIGHTED ROAD",SIDESWIPE SAME DIRECTION,ONE-WAY,ICE,NO DEFECTS,NOT ON SCENE (DESK REPORT),INJURY AND / OR TOW DUE TO CRASH,,"OVER $1,500",02/05/2021 09:10:00 PM,FAILING TO REDUCE SPEED TO AVOID CRASH,NOT APPLICABLE,,2,NO INDICATION OF INJURY,0.0,0.0,0.0,0.0,0.0,2.0,0.0,20,6,2,41.851058626,-87.613152893,POINT (-87.613152893438 41.851058626095),POINT (1180460.6205291748 1889138.6452097406),2021,2300 S LAKE SHORE DR E