PERSON_ID,PERSON_TYPE,CRASH_RECORD_ID,VEHICLE_ID,SEX,AGE,AIRBAG_DEPLOYED,EJECTION,INJURY_CLASSIFICATION,DRIVER_ACTION,DRIVER_VISION,PHYSICAL_CONDITION,PEDPEDAL_ACTION,PEDPEDAL_VISIBILITY,PEDPEDAL_LOCATION,CRASH_DATE_EST_I,CRASH_DATE,POSTED_SPEED_LIMIT,WEATHER_CONDITION,LIGHTING_CONDITION,FIRST_CRASH_TYPE,TRAFFICWAY_TYPE,ROADWAY_SURFACE_COND,ROAD_DEFECT,REPORT_TYPE,CRASH_TYPE,HIT_AND_RUN_I,DAMAGE,DATE_POLICE_NOTIFIED,PRIM_CONTRIBUTORY_CAUSE,SEC_CONTRIBUTORY_CAUSE,DOORING_I,NUM_UNITS,MOST_SEVERE_INJURY,INJURIES_TOTAL,INJURIES_FATAL,INJURIES_INCAPACITATING,INJURIES_NON_INCAPACITATING,INJURIES_REPORTED_NOT_EVIDENT,INJURIES_NO_INDICATION,INJURIES_UNKNOWN,CRASH_HOUR,CRASH_DAY_OF_WEEK,CRASH_MONTH,LATITUDE,LONGITUDE,LOCATION,geometry,YEAR,ADDRESS
P271790,PASSENGER,1dfb44e66982ab2d8944c5f66157f228ccc1a5c513adb05b9aa301774a1b746061f143c7bba8dddc11e7af3b41b04ec3f13af7288874bd83f6e84f95e36e91fb,1151545.0,M,80.0,DID NOT DEPLOY,NONE,NO INDICATION OF INJURY,,,,,,,,2021-10-26 16:10:00,30,OTHER,DAYLIGHT,REAR END,OTHER,UNKNOWN,UNKNOWN,ON SCENE,NO INJURY / DRIVE AWAY,,"OVER $1,500",10/26/2021 04:16:00 PM,FOLLOWING TOO CLOSELY,FOLLOWING TOO CLOSELY,,2,NO INDICATION OF INJURY,0.0,0.0,0.0,0.0,0.0,3.0,0.0,16,3,10,41.990246758,-87.728530585,POINT (-87.728530585409 41.990246758251),POINT (1148668.5225024435 1939616.4242304813),2021,3958 W PETERSON AVE
O1253944,DRIVER,f7afebfa392daf329efa0d3cd2b08e6a8331de27ad2192c2b4366401ad1fa007709631dd52713e5d59fcd383c3b8a9b81bc529ffb0f2033d8e7219bc66697a48,1190275.0,M,,NOT APPLICABLE,NONE,NO INDICATION OF INJURY,NONE,UNKNOWN,NORMAL,,,,,2021-12-28 15:41:00,30,SNOW,DAYLIGHT,ANGLE,DIVIDED - W/MEDIAN (NOT RAISED),WET,UNKNOWN,ON SCENE,NO INJURY / DRIVE AWAY,,"OVER $1,500",12/28/2021 03:42:00 PM,FAILING TO YIELD RIGHT-OF-WAY,NOT APPLICABLE,,2,NO INDICATION OF INJURY,0.0,0.0,0.0,0.0,0.0,2.0,0.0,15,3,12,41.993482911,-87.802963043,POINT (-87.802963042518 41.993482911041),POINT (1128426.3331832879 1940661.586809617),2021,6154 N AVONDALE AVE
O1054584,DRIVER,d492c632e90b86db86a827430c29a9db516f93ac1b44453aead4434c958d367b2f2b73356f22ad2826671af6c1c7e1d5912ece6a8d8df24252855dfc5c16d6a0,999948.0,X,,DEPLOYMENT UNKNOWN,NONE,NO INDICATION OF INJURY,UNKNOWN,UNKNOWN,UNKNOWN,,,,,2021-03-04 00:15:00,30,CLEAR,"DARKNESS, LIGHTED ROAD",PARKED MOTOR VEHICLE,NOT DIVIDED,DRY,NO DEFECTS,NOT ON SCENE (DESK REPORT),NO INJURY / DRIVE AWAY,,"OVER $1,500",03/06/2021 05:20:00 PM,UNABLE TO DETERMINE,NOT APPLICABLE,,2,NO INDICATION OF INJURY,0.0,0.0,0.0,0.0,0.0,1.0,0.0,0,5,3,41.80865734,-87.708776867,POINT (-87.708776867065 41.808657339797),POINT (1154520.4112799817 1873483.8207352513),2021,4640 S HOMAN AVE
O1083089,DRIVER,c4559ac6971839ef057cec609dc2a3c39d62bbd65127848056ceb32692345a95c210cef0b2175985575daa0b20e049b417cbfb27105e92e0c19b90eac76e030b,1027220.0,M,51.0,DID NOT DEPLOY,NONE,NO INDICATION OF INJURY,FOLLOWED TOO CLOSELY,NOT OBSCURED,NORMAL,,,,,2021-04-26 13:34:00,30,CLEAR,DAYLIGHT,REAR END,NOT DIVIDED,DRY,NO DEFECTS,NOT ON SCENE (DESK REPORT),NO INJURY / DRIVE AWAY,,"OVER $1,500",04/26/2021 02:35:00 PM,FOLLOWING TOO CLOSELY,NOT APPLICABLE,,2,NO INDICATION OF INJURY,0.0,0.0,0.0,0.0,0.0,2.0,0.0,13,2,4,41.773166977,-87.610571305,POINT (-87.610571305266 41.773166976776),POINT (1181402.686249725 1860761.2165639764),2021,600 E 67TH ST
P260569,PASSENGER,d825f7860b863a903b0e050c71a724f9976d6639cd033d50fc0284584fd86c99b20ee4c324e7be2ef5b4ebb80deae043d334d86516e6e90805aa430474ab72a9,1101972.0,F,,DID NOT DEPLOY,NONE,NO INDICATION OF INJURY,,,,,,,,2021-08-14 12:35:00,30,CLEAR,DAYLIGHT,SIDESWIPE SAME DIRECTION,FOUR WAY,DRY,NO DEFECTS,NOT ON SCENE (DESK REPORT),NO INJURY / DRIVE AWAY,,"$501 - $1,500",08/14/2021 01:50:00 PM,FAILING TO YIELD RIGHT-OF-WAY,IMPROPER OVERTAKING/PASSING,,2,NO INDICATION OF INJURY,0.0,0.0,0.0,0.0,0.0,3.0,0.0,12,7,8,41.917822573,-87.667938856,POINT (-87.667938856275 41.91782257343),POINT (1165345.661055218 1913346.9509055163),2021,1579 W ARMITAGE AVE
O1196988,DRIVER,3ccdbe3640caf7f5376820f035f75a75538e717b186bd6aaceaa633b56cfd3cabb68ada49a401471d3b438a782288a2ff07bf27c1b12a931d7d3da3b3707144e,1135712.0,F,38.0,"DEPLOYED OTHER (KNEE, AIR, BELT, ETC.)",NONE,NO INDICATION OF INJURY,OTHER,NOT OBSCURED,NORMAL,,,,,2021-10-02 15:38:00,30,RAIN,DAYLIGHT,FIXED OBJECT,DIVIDED - W/MEDIAN BARRIER,WET,OTHER,ON SCENE,INJURY AND / OR TOW DUE TO CRASH,,"OVER $1,500",10/02/2021 03:41:00 PM,ROAD CONSTRUCTION/MAINTENANCE,UNABLE TO DETERMINE,,1,NO INDICATION OF INJURY,0.0,0.0,0.0,0.0,0.0,1.0,0.0,15,7,10,41.935398902,-87.70275945,POINT (-87.702759449849 41.935398901535),POINT (1155821.6446863858 1919680.1868278051),2021,2950 N SACRAMENTO AVE
O1069772,DRIVER,c754608120ce755e9be3e5ceb2f1b5af59896ac1f2213e9d0d794ac375e0e643ec6840a3be7729ec256c9d2ed55f826e43697f312912279e7902c3c1005ebf4f,1014502.0,M,32.0,DID NOT DEPLOY,NONE,NO INDICATION OF INJURY,UNKNOWN,NOT OBSCURED,NORMAL,,,,,2021-04-03 10:15:00,30,CLEAR,DAYLIGHT,TURNING,UNKNOWN INTERSECTION TYPE,DRY,NO DEFECTS,NOT ON SCENE (DESK REPORT),NO INJURY / DRIVE AWAY,,"$501 - $1,500",04/03/2021 10:50:00 AM,IMPROPER LANE USAGE,NOT APPLICABLE,,2,NO INDICATION OF INJURY,0.0,0.0,0.0,0.0,0.0,2.0,0.0,10,7,4,41.940442903,-87.638633539,POINT (-87.638633539238 41.940442902597),POINT (1173254.7350673876 1921653.0951583397),2021,3200 N LAKE SHORE DR SB
O1035330,DRIVER,453e8b5cae61e5222280864566b78d19695535c5919b7e221f4b51caef3076f764baeb50fd97cd16c390d67606eb54d250472f7a96af96edc6455932e9441704,981350.0,M,39.0,DID NOT DEPLOY,NONE,NO INDICATION OF INJURY,NONE,NOT OBSCURED,NORMAL,,,,,2021-02-03 22:22:00,30,SNOW,"DARKNESS, LIGHTED ROAD",TURNING,NOT DIVIDED,DRY,NO DEFECTS,NOT ON SCENE (DESK REPORT),NO INJURY / DRIVE AWAY,,"$501 - $1,500",02/03/2021 11:00:00 PM,UNABLE TO DETERMINE,UNABLE TO DETERMINE,,2,NO INDICATION OF INJURY,0.0,0.0,0.0,0.0,0.0,2.0,0.0,22,4,2,41.997677159,-87.686599409,POINT (-87.686599408894 41.997677158519),POINT (1160047.3143154925 1942407.399911869),2021,2241 W DEVON AVE
O1158067,DRIVER,1b3f54da0665b4c4b685b8354a0c2ff094dca5552e7fc7e08ebc2c5e2fc190f47ea81610d39235684161b8e0bfc502767eeeac0e8b48f84539715477edfda8bb,1098535.0,M,22.0,DID NOT DEPLOY,NONE,NO INDICATION OF INJURY,NONE,NOT OBSCURED,NORMAL,,,,,2021-08-09 10:15:00,35,CLEAR,DAYLIGHT,SIDESWIPE OPPOSITE DIRECTION,NOT DIVIDED,DRY,NO DEFECTS,ON SCENE,NO INJURY / DRIVE AWAY,Y,$500 OR LESS,08/09/2021 10:30:00 AM,IMPROPER LANE USAGE,IMPROPER LANE USAGE,,2,NO INDICATION OF INJURY,0.0,0.0,0.0,0.0,0.0,2.0,0.0,10,2,8,41.746741672,-87.707601429,POINT (-87.707601428879 41.746741671555),POINT (1155005.0344732443 1850924.568293928),2021,3410 W COLUMBUS AVE
P263357,PASSENGER,c970522c0d85b3424a0b96bbae31f6c79f494726e7bed5366e06d83519a1545c9595dfddd4c5fc61ccc18bbf4535f716ebf3de85f8dc25ceee00300fdec24468,1113872.0,F,26.0,NOT APPLICABLE,NONE,NO INDICATION OF INJURY,,,,,,,,2021-09-01 08:38:00,20,CLEAR,DAYLIGHT,REAR END,DIVIDED - W/MEDIAN (NOT RAISED),DRY,NO DEFECTS,ON SCENE,NO INJURY / DRIVE AWAY,,"$501 - $1,500",09/01/2021 08:38:00 AM,FOLLOWING TOO CLOSELY,UNABLE TO DETERMINE,,2,NO INDICATION OF INJURY,0.0,0.0,0.0,0.0,0.0,4.0,0.0,8,4,9,41.908244964,-87.70681302,POINT (-87.706813020489 41.908244964366),POINT (1154791.0042862103 1909777.1726681984),2021,1497 N KEDZIE AVE
O1227111,DRIVER,f9d98ba1b476c73ad187d63b0a2593db145d1907626f6d48a5288ac847ba9f24ccd05e3a41248f6d06deb9e6126100387b0c99d1104bd1c8774f8956e33b94d3,1164500.0,M,,DID NOT DEPLOY,NONE,NO INDICATION OF INJURY,NONE,NOT OBSCURED,NORMAL,,,,,2021-11-14 19:22:00,30,CLEAR,"DARKNESS, LIGHTED ROAD",SIDESWIPE SAME DIRECTION,DIVIDED - W/MEDIAN BARRIER,DRY,NO DEFECTS,NOT ON SCENE (DESK REPORT),NO INJURY / DRIVE AWAY,Y,"OVER $1,500",11/14/2021 07:40:00 PM,DRIVING SKILLS/KNOWLEDGE/EXPERIENCE,NOT APPLICABLE,,2,NO INDICATION OF INJURY,0.0,0.0,0.0,0.0,0.0,3.0,0.0,19,1,11,41.867323482,-87.625653447,POINT (-87.625653447348 41.867323482267),POINT (1177006.016870025 1895037.2100894428),2021,47 E ROOSEVELT RD
O1129781,DRIVER,b38f4b1499dd9b9224e2b29d820eec4901cb442b926d549ef69b384935b7229160e2b78f19ed19a3e0a962973664e7069e37fad345bb712430f1f56d7422cd64,1071694.0,F,33.0,DID NOT DEPLOY,NONE,NO INDICATION OF INJURY,IMPROPER BACKING,NOT OBSCURED,NORMAL,,,,,2021-06-30 15:00:00,30,RAIN,DAYLIGHT,FIXED OBJECT,PARKING LOT,WET,NO DEFECTS,ON SCENE,INJURY AND / OR TOW DUE TO CRASH,,"OVER $1,500",06/30/2021 03:05:00 PM,IMPROPER BACKING,DRIVING SKILLS/KNOWLEDGE/EXPERIENCE,,2,NO INDICATION OF INJURY,0.0,0.0,0.0,0.0,0.0,2.0,0.0,15,4,6,41.724829062,-87.682038672,POINT (-87.682038671643 41.724829062469),POINT (1162041.2747810874 1842991.6029746535),2021,9255 S WESTERN AVE
O1034659,DRIVER,3f2809ecffd7757d6bdf97b478cd9369dae93dec538537174ce8267fa42f2ea07df473016894a51613ee9525053300ab2b6d71157457fe787b90103e32d8aa97,980699.0,F,23.0,DEPLOYMENT UNKNOWN,NONE,NO INDICATION OF INJURY,OTHER,UNKNOWN,UNKNOWN,,,,,2021-02-02 18:50:00,30,CLEAR,"DARKNESS, LIGHTED ROAD",SIDESWIPE OPPOSITE DIRECTION,NOT DIVIDED,SNOW OR SLUSH,NO DEFECTS,NOT ON SCENE (DESK REPORT),NO INJURY / DRIVE AWAY,Y,"OVER $1,500",02/02/2021 07:00:00 PM,IMPROPER LANE USAGE,IMPROPER OVERTAKING/PASSING,,2,NO INDICATION OF INJURY,0.0,0.0,0.0,0.0,0.0,2.0,0.0,18,3,2,41.745668139,-87.619541104,POINT (-87.619541103744 41.74566813876),POINT (1179039.0632304086 1850720.4316204),2021,200 E 82ND ST
O1122704,DRIVER,e1b1a64125914693fe76019a614eb62156330d3806f7e260af9b1a076697be54080c08094ae1e6244444ae7122c71f57a206b1cddd9d2a166365a8d451f1de26,1064897.0,X,,DEPLOYMENT UNKNOWN,NONE,NO INDICATION OF INJURY,IMPROPER LANE CHANGE,UNKNOWN,UNKNOWN,,,,,2021-06-19 20:00:00,30,UNKNOWN,"DARKNESS, LIGHTED ROAD",SIDESWIPE SAME DIRECTION,NOT DIVIDED,DRY,NO DEFECTS,NOT ON SCENE (DESK REPORT),NO INJURY / DRIVE AWAY,Y,"$501 - $1,500",06/20/2021 05:45:00 PM,UNABLE TO DETERMINE,UNABLE TO DETERMINE,,2,NO INDICATION OF INJURY,0.0,0.0,0.0,0.0,0.0,2.0,0.0,20,7,6,41.660431364,-87.618323885,POINT (-87.618323885191 41.660431363794),POINT (1179629.1061104634 1819663.9117522067),2021,12900 S INDIANA AVE
O1124814,DRIVER,8686c90b84dd5b4ed2bf0b1b6b36f18be60ff609e27e83bc2b95a46c53978be1a9e229379bb6ad76f28cbfa72d75f02b29131f7a7ee290c224c0f37ed5cfcc23,1066936.0,M,43.0,DID NOT DEPLOY,NONE,NO INDICATION OF INJURY,UNKNOWN,UNKNOWN,UNKNOWN,,,,,2021-06-22 18:00:00,30,CLEAR,DAYLIGHT,PEDALCYCLIST,DIVIDED - W/MEDIAN (NOT RAISED),DRY,NO DEFECTS,NOT ON SCENE (DESK REPORT),INJURY AND / OR TOW DUE TO CRASH,,"OVER $1,500",06/23/2021 04:30:00 PM,UNABLE TO DETERMINE,UNABLE TO DETERMINE,,2,NONINCAPACITATING INJURY,1.0,0.0,0.0,1.0,0.0,1.0,0.0,18,3,6,41.884425763,-87.652689885,POINT (-87.652689885142 41.884425762902),POINT (1169592.4415244707 1901209.7111659644),2021,1012 W RANDOLPH ST
O1096924,DRIVER,9ddeb161e7b5644ca6b39ec404a6480a74ddc4458458dd5a21c9718af0b2093832ca450d66f9abd87a4c567539eb7d70f6eeccd2f8d0adf6d1b806f18b202741,1040452.0,M,30.0,NOT APPLICABLE,NONE,NO INDICATION OF INJURY,UNKNOWN,NOT OBSCURED,UNKNOWN,,,,,2021-05-17 03:15:00,30,CLEAR,"DARKNESS, LIGHTED ROAD",PARKED MOTOR VEHICLE,ONE-WAY,DRY,NO DEFECTS,ON SCENE,INJURY AND / OR TOW DUE TO CRASH,Y,"OVER $1,500",05/17/2021 03:17:00 AM,UNABLE TO DETERMINE,UNABLE TO DETERMINE,,2,NO INDICATION OF INJURY,0.0,0.0,0.0,0.0,0.0,1.0,0.0,3,2,5,41.929618663,-87.761850131,POINT (-87.761850131091 41.929618663386),POINT (1139757.7528503537 1917461.1435037018),2021,5412 W SCHUBERT AVE
O1028300,DRIVER,2ba146fb54a6e61ea127efc3a30c8fa1660b2cb741fcb83e8440e8538097c502971b5754e255915b7cdf9ab938a929edb9edf0c9bd2c931fa7e27bafa0fd1209,974598.0,M,23.0,DID NOT DEPLOY,NONE,NO INDICATION OF INJURY,NONE,UNKNOWN,NORMAL,,,,,2021-01-21 18:15:00,30,CLOUDY/OVERCAST,DARKNESS,SIDESWIPE SAME DIRECTION,NOT DIVIDED,DRY,NO DEFECTS,ON SCENE,NO INJURY / DRIVE AWAY,,"OVER $1,500",01/21/2021 07:04:00 PM,FAILING TO YIELD RIGHT-OF-WAY,UNABLE TO DETERMINE,,3,NO INDICATION OF INJURY,0.0,0.0,0.0,0.0,0.0,3.0,0.0,18,5,1,41.913688133,-87.650304718,POINT (-87.650304718117 41.913688132569),POINT (1170157.0417104238 1911878.0862211916),2021,849 W WILLOW ST
O1140154,DRIVER,63c2f702b0728de0f271d590231727a73d14b591d1a0f4721f36515df0ea65ff505cd93e67ac583d35ba3dd5274ec910febd785c764b0bc3539dc3218c96cd13,1081490.0,F,55.0,DID NOT DEPLOY,NONE,NO INDICATION OF INJURY,NONE,NOT OBSCURED,NORMAL,,,,Y,2021-07-15 10:15:00,30,RAIN,DAYLIGHT,REAR END,NOT DIVIDED,WET,NO DEFECTS,NOT ON SCENE (DESK REPORT),NO INJURY / DRIVE AWAY,,"OVER $1,500",07/15/2021 11:05:00 AM,UNABLE TO DETERMINE,UNABLE TO DETERMINE,,2,NO INDICATION OF INJURY,0.0,0.0,0.0,0.0,0.0,2.0,0.0,10,5,7,41.807693308,-87.74609285,POINT (-87.746092849956 41.807693308321),POINT (1144349.4580066341 1873060.8116730154),2021,4910 W 47TH ST
O1132224,DRIVER,0fdd0a7f5f034e390cdea56f5732e0b40b84a9343e58c0b69457b19c7d5fcd662e7beba7fdfc37a7caa7d221e4da92e3e528ae8f5265c57d273239995b94ec67,1073998.0,M,,NOT APPLICABLE,NONE,NO INDICATION OF INJURY,UNKNOWN,UNKNOWN,UNKNOWN,,,,,2021-07-03 18:06:00,30,UNKNOWN,UNKNOWN,REAR END,UNKNOWN,UNKNOWN,UNKNOWN,NOT ON SCENE (DESK REPORT),NO INJURY / DRIVE AWAY,,"OVER $1,500",07/03/2021 06:30:00 PM,UNABLE TO DETERMINE,NOT APPLICABLE,,2,NO INDICATION OF INJURY,0.0,0.0,0.0,0.0,0.0,2.0,0.0,18,7,7,41.795559922,-87.703763038,POINT (-87.703763038295 41.795559921966),POINT (1155922.2752712003 1868721.177321399),2021,5352 S KEDZIE AVE
P281407,PASSENGER,01476084d3325d6a8f4687e5a67da75bc11333a0fa511169070111eb8012d0493b84052d3f48e18733fe89814c43c626e65d41f2b6f06450ee2b2c4f4d3be645,1195330.0,,,DEPLOYMENT UNKNOWN,UNKNOWN,NO INDICATION OF INJURY,,,,,,,Y,2021-09-22 23:45:00,30,CLEAR,"DARKNESS, LIGHTED ROAD",REAR END,NOT DIVIDED,DRY,NO DEFECTS,,INJURY AND / OR TOW DUE TO CRASH,Y,$500 OR LESS,09/22/2021 11:45:00 PM,UNABLE TO DETERMINE,UNABLE TO DETERMINE,,2,INCAPACITATING INJURY,1.0,0.0,1.0,0.0,0.0,4.0,0.0,23,4,9,41.949805688,-87.74735089,POINT (-87.747350889952 41.949805687678),POINT (1143652.9087879425 1924843.9673258136),2021,3800 N CICERO AVE
O1139106,DRIVER,8e97e2bbeb3c4758f2786923be03d95fbe78f0fd3933c823945ac2bf2479c69bd398a6c1c3767379bfacef9aa4fc503c6e44cea9320bf1015bf3b108f29bd6df,1080475.0,M,55.0,DID NOT DEPLOY,NONE,NO INDICATION OF INJURY,FOLLOWED TOO CLOSELY,NOT OBSCURED,NORMAL,,,,,2021-07-13 14:40:00,30,CLEAR,DAYLIGHT,REAR END,NOT DIVIDED,DRY,NO DEFECTS,ON SCENE,NO INJURY / DRIVE AWAY,,"OVER $1,500",07/13/2021 04:10:00 PM,FOLLOWING TOO CLOSELY,NOT APPLICABLE,,2,NO INDICATION OF INJURY,0.0,0.0,0.0,0.0,0.0,2.0,0.0,14,3,7,41.773438566,-87.566899306,POINT (-87.566899305833 41.773438566009),POINT (1193314.5899005781 1860963.3227132377),2021,6700 S SOUTH SHORE DR
O1213298,DRIVER,c11b70152c1d338fa8c59854f9b1f9fb1d296c957e674717977d261944e410c9f0049afcf2ee2ba6150fc9bb0a43c9a9267f903fe47f087481a8507ea453f079,1151284.0,M,44.0,"DEPLOYED, FRONT",NONE,NO INDICATION OF INJURY,UNKNOWN,UNKNOWN,NORMAL,,,,,2021-10-26 08:58:00,35,CLEAR,DAYLIGHT,REAR END,DIVIDED - W/MEDIAN BARRIER,DRY,NO DEFECTS,ON SCENE,INJURY AND / OR TOW DUE TO CRASH,,"OVER $1,500",10/26/2021 09:11:00 AM,FOLLOWING TOO CLOSELY,FOLLOWING TOO CLOSELY,,3,NO INDICATION OF INJURY,0.0,0.0,0.0,0.0,0.0,5.0,0.0,8,3,10,41.90298309,-87.745840182,POINT (-87.745840182297 41.902983090428),POINT (1144180.765080973 1907784.56894318),2021,1221 N CICERO AVE
O1226180,DRIVER,bbbfa7e75e99a7cbb0f46581a5b489054a20ed8f5654020ffa63fe312190899462ab36d38c06bee70a506696b35c318da80fa88cb77fce59f09283b55faa75e8,1163617.0,F,28.0,NOT APPLICABLE,NONE,NO INDICATION OF INJURY,NONE,NOT OBSCURED,NORMAL,,,,,2021-11-13 11:30:00,30,CLEAR,DAYLIGHT,SIDESWIPE SAME DIRECTION,DIVIDED - W/MEDIAN BARRIER,WET,NO DEFECTS,NOT ON SCENE (DESK REPORT),NO INJURY / DRIVE AWAY,Y,"$501 - $1,500",11/13/2021 12:05:00 PM,NOT APPLICABLE,NOT APPLICABLE,,2,NO INDICATION OF INJURY,0.0,0.0,0.0,0.0,0.0,2.0,0.0,11,7,11,41.763951651,-87.722497655,POINT (-87.722497655038 41.763951651325),POINT (1150895.482375115 1857166.5147082526),2021,7102 S PULASKI RD
O1142765,DRIVER,2c9eb6e76cc9e0063ea244dc4cf01ad6c6b28e6775e498f9fc7985a3d4dd484d6fe2f1957c9c4c7872ab9b8a225bf97c94f7b6a373ab74da293655be6023b92d,1083978.0,M,23.0,DID NOT DEPLOY,NONE,NO INDICATION OF INJURY,NONE,NOT OBSCURED,NORMAL,,,,,2021-07-19 01:44:00,40,CLEAR,"DARKNESS, LIGHTED ROAD",REAR END,T-INTERSECTION,DRY,NO DEFECTS,ON SCENE,INJURY AND / OR TOW DUE TO CRASH,,"OVER $1,500",07/19/2021 01:45:00 AM,DISREGARDING TRAFFIC SIGNALS,"OPERATING VEHICLE IN ERRATIC, RECKLESS, CARELESS, NEGLIGENT OR AGGRESSIVE MANNER",,3,NO INDICATION OF INJURY,0.0,0.0,0.0,0.0,0.0,5.0,0.0,1,2,7,41.896804972,-87.617027423,POINT (-87.617027423234 41.896804972416),POINT (1179265.8956318714 1905799.736476907),2021,800 N LAKE SHORE DR SB
P245608,PASSENGER,231a81da2a4231f02a9b4ea9dd98acc379f304cdd2e7be532ec43658c06df6d08f1e1ec28603280dc3a71535c98b63dc931bc25b213cebec61e4f148f49ca67d,1038331.0,F,,DID NOT DEPLOY,NONE,NO INDICATION OF INJURY,,,,,,,,2021-05-13 16:30:00,30,CLEAR,DAYLIGHT,REAR END,NOT DIVIDED,DRY,NO DEFECTS,NOT ON SCENE (DESK REPORT),NO INJURY / DRIVE AWAY,,"OVER $1,500",05/13/2021 04:55:00 PM,FOLLOWING TOO CLOSELY,DRIVING SKILLS/KNOWLEDGE/EXPERIENCE,,2,NO INDICATION OF INJURY,0.0,0.0,0.0,0.0,0.0,3.0,0.0,16,5,5,41.769707857,-87.57654226,POINT (-87.576542259917 41.769707856796),POINT (1190696.1710445934 1859580.584285785),2021,6900 S JEFFERY BLVD
O1234708,DRIVER,bcec5200a422f1bae8a969521204c68c6d0f0539809e9a0a1117cad7bb1ddffc9b1198c44e1ed67d36e396bd031862c41210af8f5e50ab65683d4622717fcddf,1171805.0,F,41.0,DEPLOYMENT UNKNOWN,NONE,NO INDICATION OF INJURY,FOLLOWED TOO CLOSELY,UNKNOWN,UNKNOWN,,,,,2021-11-26 14:50:00,30,CLEAR,DAYLIGHT,REAR END,FOUR WAY,DRY,UNKNOWN,ON SCENE,NO INJURY / DRIVE AWAY,Y,"OVER $1,500",11/26/2021 03:00:00 PM,FOLLOWING TOO CLOSELY,FAILING TO REDUCE SPEED TO AVOID CRASH,,2,NO INDICATION OF INJURY,0.0,0.0,0.0,0.0,0.0,2.0,0.0,14,6,11,41.97620816,-87.660255031,POINT (-87.66025503074 41.976208159712),POINT (1167269.8469564498 1934639.1630842309),2021,1209 W FOSTER AVE
P237059,PASSENGER,e8e35066e01217706f6f57093b22a0d87309353d48b868ee4e99a26ccb16e8826f11ebc9d8406dec5a9b06cd24d3598ee7ee3f1eec04199744b65d5cfdce2bb4,999700.0,F,24.0,NOT APPLICABLE,NONE,"REPORTED, NOT EVIDENT",,,,,,,,2021-02-09 08:50:00,30,CLEAR,DAYLIGHT,REAR END,OTHER,SNOW OR SLUSH,NO DEFECTS,,INJURY AND / OR TOW DUE TO CRASH,Y,"OVER $1,500",02/09/2021 09:15:00 AM,UNABLE TO DETERMINE,NOT APPLICABLE,,2,"REPORTED, NOT EVIDENT",2.0,0.0,0.0,0.0,2.0,1.0,0.0,8,3,2,41.865946251,-87.666220239,POINT (-87.666220239472 41.865946250508),POINT (1165960.3817719605 1894446.8703172049),2021,1233 S ASHLAND AVE
O1168643,BICYCLE,6e0c2a4cb372dc552ccc980d9abedce32214b551a3b56bd587607bc54764cc6030ee51e4d8afd836860a05cb8e1bc63d49e086b9af216159a12cbaeee4b1f874,,M,,,NONE,NO INDICATION OF INJURY,OTHER,UNKNOWN,UNKNOWN,CROSSING - CONTROLS PRESENT (NOT AT INTERSECTION),NO CONTRASTING CLOTHING,IN CROSSWALK,,2021-08-24 14:30:00,25,CLEAR,DAYLIGHT,PEDALCYCLIST,ONE-WAY,DRY,NO DEFECTS,NOT ON SCENE (DESK REPORT),NO INJURY / DRIVE AWAY,,$500 OR LESS,08/24/2021 03:30:00 PM,UNABLE TO DETERMINE,NOT APPLICABLE,,2,NO INDICATION OF INJURY,0.0,0.0,0.0,0.0,0.0,2.0,0.0,14,3,8,41.77924666,-87.672845201,POINT (-87.672845200505 41.779246660191),POINT (1164398.7095491234 1862839.9977823875),2021,6300 S WINCHESTER AVE
O1035144,DRIVER,bde5fcd1adea02c963ef3a516dc08efc44a79524fa0f59410e13825816c7b29dfa9a495f5d0119059dc08f136f246a0e673904205547558c49321dd02cbe9c98,981166.0,M,,DEPLOYMENT UNKNOWN,NONE,NO INDICATION OF INJURY,DISREGARDED CONTROL DEVICES,UNKNOWN,UNKNOWN,,,,N,2021-02-03 15:26:00,30,CLEAR,DAYLIGHT,SIDESWIPE OPPOSITE DIRECTION,NOT DIVIDED,WET,NO DEFECTS,ON SCENE,INJURY AND / OR TOW DUE TO CRASH,Y,"OVER $1,500",02/03/2021 03:29:00 PM,DISREGARDING TRAFFIC SIGNALS,UNABLE TO DETERMINE,,3,NO INDICATION OF INJURY,0.0,0.0,0.0,0.0,0.0,3.0,0.0,15,4,2,41.888082067,-87.620501171,POINT (-87.620501170849 41.888082067345),POINT (1178346.5623394845 1902613.2322324715),2021,300 E LOWER WACKER DR
O1223050,DRIVER,c8949c691d13b0471898059270bb78b92a2c8a9dae0fa1289e8363a6c147e3098d70cf2c6be833e1b3fd058cf88f26bc1b1b3d14c7dd234a61db1dd45b055a4c,1160591.0,F,56.0,DID NOT DEPLOY,NONE,NO INDICATION OF INJURY,UNKNOWN,NOT OBSCURED,UNKNOWN,,,,,2021-11-05 14:50:00,30,CLEAR,DAYLIGHT,REAR END,DIVIDED - W/MEDIAN (NOT RAISED),DRY,NO DEFECTS,NOT ON SCENE (DESK REPORT),NO INJURY / DRIVE AWAY,Y,"$501 - $1,500",11/08/2021 02:15:00 PM,UNABLE TO DETERMINE,NOT APPLICABLE,,2,NO INDICATION OF INJURY,0.0,0.0,0.0,0.0,0.0,2.0,0.0,14,6,11,41.866349884,-87.720095954,POINT (-87.72009595399 41.866349884342),POINT (1151284.4279300803 1894484.5202398382),2021,3758 W ROOSEVELT RD