PERSON_ID,PERSON_TYPE,CRASH_RECORD_ID,VEHICLE_ID,SEX,AGE,AIRBAG_DEPLOYED,EJECTION,INJURY_CLASSIFICATION,DRIVER_ACTION,DRIVER_VISION,PHYSICAL_CONDITION,PEDPEDAL_ACTION,PEDPEDAL_VISIBILITY,PEDPEDAL_LOCATION,CRASH_DATE_EST_I,CRASH_DATE,POSTED_SPEED_LIMIT,WEATHER_CONDITION,LIGHTING_CONDITION,FIRST_CRASH_TYPE,TRAFFICWAY_TYPE,ROADWAY_SURFACE_COND,ROAD_DEFECT,REPORT_TYPE,CRASH_TYPE,HIT_AND_RUN_I,DAMAGE,DATE_POLICE_NOTIFIED,PRIM_CONTRIBUTORY_CAUSE,SEC_CONTRIBUTORY_CAUSE,DOORING_I,NUM_UNITS,MOST_SEVERE_INJURY,INJURIES_TOTAL,INJURIES_FATAL,INJURIES_INCAPACITATING,INJURIES_NON_INCAPACITATING,INJURIES_REPORTED_NOT_EVIDENT,INJURIES_NO_INDICATION,INJURIES_UNKNOWN,CRASH_HOUR,CRASH_DAY_OF_WEEK,CRASH_MONTH,LATITUDE,LONGITUDE,LOCATION,geometry,YEAR,ADDRESS
O1215770,DRIVER,df77e476f3515fda8b56809b48b7975110635f099dd1a10212408bfbba489315db9da3c2ccb8e29a0963e917b5630056248da87f5a80647ed31d065eef4c1301,1153606.0,F,32.0,NOT APPLICABLE,NONE,NO INDICATION OF INJURY,FAILED TO YIELD,NOT OBSCURED,NORMAL,,,,,2021-10-29 11:05:00,35,RAIN,DAYLIGHT,SIDESWIPE SAME DIRECTION,NOT DIVIDED,WET,NO DEFECTS,ON SCENE,NO INJURY / DRIVE AWAY,,"OVER $1,500",10/29/2021 11:06:00 AM,FAILING TO YIELD RIGHT-OF-WAY,IMPROPER OVERTAKING/PASSING,,2,NO INDICATION OF INJURY,0.0,0.0,0.0,0.0,0.0,3.0,0.0,11,6,10,41.812954813,-87.626325035,POINT (-87.626325035416 41.812954813193),POINT (1176986.1733809346 1875223.9364517624),2021,4500 S STATE ST
O1059119,DRIVER,3af1c16aab61e71fd0271550600b4eb93d74f8bcd8fa977ed0d9c15ef6f275858e3908f226d83c60f8e1541320b0f7850c081c175d699ca5c0e93f20867ab0d8,1004354.0,F,,DEPLOYMENT UNKNOWN,NONE,NO INDICATION OF INJURY,IMPROPER TURN,UNKNOWN,UNKNOWN,,,,,2021-03-15 15:47:00,30,SNOW,DAYLIGHT,TURNING,FOUR WAY,SNOW OR SLUSH,NO DEFECTS,ON SCENE,INJURY AND / OR TOW DUE TO CRASH,Y,"OVER $1,500",03/15/2021 04:10:00 PM,IMPROPER TURNING/NO SIGNAL,IMPROPER LANE USAGE,,2,NO INDICATION OF INJURY,0.0,0.0,0.0,0.0,0.0,2.0,0.0,15,2,3,41.794084556,-87.632841361,POINT (-87.632841360936 41.794084556012),POINT (1175265.80097458 1868333.172813192),2021,5501 S PRINCETON AVE
O1209346,DRIVER,bf882227ede4b31186bce33d030bcff88c148793ea74c9fbf96ef46ab4cdda139b659a4dc3aa618e9326f984e3525fea49bf6c29b657a287ad5a3dd388b464f9,1147453.0,F,68.0,NOT APPLICABLE,NONE,NO INDICATION OF INJURY,NONE,NOT OBSCURED,NORMAL,,,,,2021-10-20 15:38:00,30,CLEAR,DAYLIGHT,SIDESWIPE SAME DIRECTION,FOUR WAY,DRY,NO DEFECTS,ON SCENE,NO INJURY / DRIVE AWAY,Y,"OVER $1,500",10/20/2021 03:39:00 PM,IMPROPER OVERTAKING/PASSING,UNABLE TO DETERMINE,,2,NO INDICATION OF INJURY,0.0,0.0,0.0,0.0,0.0,2.0,0.0,15,4,10,41.714604365,-87.642872291,POINT (-87.642872290895 41.714604365489),POINT (1172762.9042634987 1839349.15983316),2021,9847 S HALSTED ST
O1213190,DRIVER,f759cc4cd17475a24e6485e0f12cac710242159123a4a9494869dc4868ea68b9c316e2c06b53c477bb02df52126913fcc20ab0a24a8227e6d533f1d064d8e512,1151180.0,M,,DEPLOYMENT UNKNOWN,NONE,NO INDICATION OF INJURY,FOLLOWED TOO CLOSELY,UNKNOWN,UNKNOWN,,,,,2021-10-26 06:30:00,30,CLEAR,DAYLIGHT,REAR END,NOT DIVIDED,DRY,NO DEFECTS,NOT ON SCENE (DESK REPORT),NO INJURY / DRIVE AWAY,Y,"OVER $1,500",10/26/2021 07:36:00 AM,FOLLOWING TOO CLOSELY,UNABLE TO DETERMINE,,2,NO INDICATION OF INJURY,0.0,0.0,0.0,0.0,0.0,2.0,0.0,6,3,10,41.65930504,-87.559149657,POINT (-87.559149656862 41.65930504),POINT (1195802.4920435958 1819393.183361159),2021,2634 E 130TH ST
O1105253,DRIVER,e82a7dc7517ddff621487bc1debf8634e5057f067d1e14d5b2d8961f89c41bec7782bdeb4eff7ee8e46dbc019fbc710bc4382e80cf955c73583538885d67f851,1048441.0,M,43.0,DID NOT DEPLOY,NONE,NO INDICATION OF INJURY,IMPROPER PASSING,UNKNOWN,UNKNOWN,,,,,2021-05-28 15:15:00,30,RAIN,DAYLIGHT,PARKED MOTOR VEHICLE,NOT DIVIDED,WET,NO DEFECTS,NOT ON SCENE (DESK REPORT),NO INJURY / DRIVE AWAY,,$500 OR LESS,05/28/2021 06:00:00 PM,IMPROPER LANE USAGE,NOT APPLICABLE,,2,NO INDICATION OF INJURY,0.0,0.0,0.0,0.0,0.0,1.0,0.0,15,6,5,41.931388589,-87.710980013,POINT (-87.710980012773 41.931388588745),POINT (1153595.5259312636 1918202.4767124744),2021,2759 N MILWAUKEE AVE
O1238510,DRIVER,97d9ee6bb6a961ec3b2a3030f44d4d1d7cb30968d212335e9a4b2b845f7aa4422269210efb43c47f072e2624675f025bebe099e1d0e47d06fea036739e57950e,1175473.0,M,28.0,DEPLOYMENT UNKNOWN,NONE,NO INDICATION OF INJURY,OTHER,UNKNOWN,UNKNOWN,,,,,2021-12-03 08:00:00,20,UNKNOWN,DAYLIGHT,PARKED MOTOR VEHICLE,ONE-WAY,UNKNOWN,NO DEFECTS,ON SCENE,NO INJURY / DRIVE AWAY,Y,"OVER $1,500",12/03/2021 08:40:00 AM,UNABLE TO DETERMINE,UNABLE TO DETERMINE,,2,NO INDICATION OF INJURY,0.0,0.0,0.0,0.0,0.0,1.0,0.0,8,6,12,41.766900449,-87.571277663,POINT (-87.571277663002 41.76690044859),POINT (1192141.3819462494 1858570.265959678),2021,7039 S PAXTON AVE
O1094192,DRIVER,729b2d3a21fb74d380e7ec35c577cd11ef814f49736d2c650c69bae49b42b7db970760e985e34170ad0e6231c7395ac770c11ec077e7cccd4a882cd91cba69cc,1037803.0,M,29.0,NOT APPLICABLE,NONE,NO INDICATION OF INJURY,UNKNOWN,UNKNOWN,NORMAL,,,,,2021-05-12 17:53:00,20,CLEAR,DAYLIGHT,REAR END,NOT DIVIDED,DRY,NO DEFECTS,ON SCENE,INJURY AND / OR TOW DUE TO CRASH,Y,"$501 - $1,500",05/12/2021 05:54:00 PM,UNABLE TO DETERMINE,NOT APPLICABLE,,2,NO INDICATION OF INJURY,0.0,0.0,0.0,0.0,0.0,2.0,0.0,17,4,5,41.909201162,-87.789914626,POINT (-87.789914626251 41.909201161636),POINT (1132168.1710995503 1909971.3456588679),2021,6600 W NORTH AVE
O1207742,DRIVER,bfca0bcca8bce2f2f4cd26b7e85f9af0ea362e7bb0104482512a0e04938619b44486115f23b9852f287098a959aef7b9a37387a273505dbfcfa8c4c3d7bab059,1145981.0,F,27.0,DID NOT DEPLOY,NONE,NO INDICATION OF INJURY,IMPROPER BACKING,UNKNOWN,NORMAL,,,,,2021-10-18 12:55:00,30,CLEAR,DAYLIGHT,PARKED MOTOR VEHICLE,ONE-WAY,DRY,NO DEFECTS,NOT ON SCENE (DESK REPORT),NO INJURY / DRIVE AWAY,,"OVER $1,500",10/18/2021 02:10:00 PM,IMPROPER BACKING,UNABLE TO DETERMINE,,2,NO INDICATION OF INJURY,0.0,0.0,0.0,0.0,0.0,1.0,0.0,12,2,10,41.83215039,-87.621641427,POINT (-87.621641426623 41.832150389654),POINT (1178205.0303465303 1882229.2611082033),2021,3421 S INDIANA AVE
O1051367,DRIVER,48444455606b21c206d6c58b17d032a6e43b6170fb34d95f438a7b67ef552f98f9845b2a235654c2eeae8597152641cf6ffcd286117b2eb7a76d6150b4927879,996878.0,X,71.0,NOT APPLICABLE,NONE,NO INDICATION OF INJURY,NONE,NOT OBSCURED,NORMAL,,,,,2021-02-28 14:00:00,30,CLEAR,DAYLIGHT,ANGLE,T-INTERSECTION,DRY,NO DEFECTS,NOT ON SCENE (DESK REPORT),NO INJURY / DRIVE AWAY,Y,"OVER $1,500",02/28/2021 04:12:00 PM,UNABLE TO DETERMINE,DISREGARDING ROAD MARKINGS,,2,NO INDICATION OF INJURY,0.0,0.0,0.0,0.0,0.0,2.0,0.0,14,1,2,41.744151639,-87.585945067,POINT (-87.585945066953 41.744151639042),POINT (1188212.052384043 1850245.6753937118),2021,8300 S STONY ISLAND AVE
O1168131,DRIVER,375fcaaa36c34f5a305d9ef6d4c7de836985e69003a99fef0633d67bd17ebcf4800d61e2dc6a854d6c28bbc55e21aff6af5f489baaa5a5730df40c007662730f,1108093.0,M,20.0,"DEPLOYED, FRONT",NONE,NO INDICATION OF INJURY,UNKNOWN,NOT OBSCURED,NORMAL,,,,,2021-08-23 21:24:00,30,OTHER,DUSK,ANGLE,NOT DIVIDED,DRY,NO DEFECTS,ON SCENE,INJURY AND / OR TOW DUE TO CRASH,,"OVER $1,500",08/23/2021 09:25:00 PM,UNABLE TO DETERMINE,DRIVING SKILLS/KNOWLEDGE/EXPERIENCE,,2,NO INDICATION OF INJURY,0.0,0.0,0.0,0.0,0.0,5.0,0.0,21,2,8,41.881251598,-87.681380572,POINT (-87.68138057239 41.881251598044),POINT (1161788.5801255784 1899992.3891128413),2021,1 N LEAVITT ST
O1243883,DRIVER,5f613635d1e17bab1632f64383ad8d342b7abd18c502ce0395c4569f91c73ae9d37de4b96b3d1c20a6cf589ec99e8f2f90a4afa5722cbf6f50014d5cc658cffd,1180587.0,F,43.0,"DEPLOYED, FRONT",NONE,NONINCAPACITATING INJURY,NONE,NOT OBSCURED,NORMAL,,,,,2021-12-11 00:37:00,25,RAIN,"DARKNESS, LIGHTED ROAD",ANGLE,FOUR WAY,WET,NO DEFECTS,ON SCENE,INJURY AND / OR TOW DUE TO CRASH,,"OVER $1,500",12/11/2021 12:37:00 AM,DISREGARDING TRAFFIC SIGNALS,FAILING TO REDUCE SPEED TO AVOID CRASH,,4,NONINCAPACITATING INJURY,3.0,0.0,0.0,3.0,0.0,2.0,0.0,0,7,12,41.794199485,-87.631925482,POINT (-87.631925482492 41.794199485414),POINT (1175515.2098147385 1868377.0887797705),2021,5500 S WELLS ST
O1030443,DRIVER,0e9d8186d8c0019381fa8acc0a982d27d65282bd803a0bf6104f04a7d5d06adfc21db7830d0bda40e6c7707a78b0e7f08d8d55a7a0c5cf84aeb3cab3e6570ae7,976666.0,F,28.0,DEPLOYMENT UNKNOWN,NONE,NO INDICATION OF INJURY,UNKNOWN,UNKNOWN,UNKNOWN,,,,,2021-01-25 21:20:00,25,SNOW,DARKNESS,REAR END,ONE-WAY,SNOW OR SLUSH,NO DEFECTS,ON SCENE,INJURY AND / OR TOW DUE TO CRASH,Y,"OVER $1,500",01/25/2021 09:20:00 PM,UNABLE TO DETERMINE,UNABLE TO DETERMINE,,2,NO INDICATION OF INJURY,0.0,0.0,0.0,0.0,0.0,4.0,0.0,21,2,1,41.765252996,-87.568784701,POINT (-87.568784700829 41.765252995521),POINT (1192826.8112452258 1857975.98161242),2021,7131 S CRANDON AVE
O1215637,DRIVER,1fc44db55586446057d4f3ed7fc692eafd54daf7995ff95bdfae85b1f189d8d633fad59d568ce98f041901c3f508d54fc902e74908266bdc8d8afe6e2b216e08,1153503.0,F,63.0,DID NOT DEPLOY,NONE,NO INDICATION OF INJURY,NONE,NOT OBSCURED,NORMAL,,,,,2021-10-29 10:20:00,30,RAIN,DAYLIGHT,REAR END,NOT DIVIDED,WET,NO DEFECTS,NOT ON SCENE (DESK REPORT),NO INJURY / DRIVE AWAY,,"$501 - $1,500",10/29/2021 10:30:00 AM,FOLLOWING TOO CLOSELY,CELL PHONE USE OTHER THAN TEXTING,,2,NO INDICATION OF INJURY,0.0,0.0,0.0,0.0,0.0,2.0,0.0,10,6,10,41.750695645,-87.647745967,POINT (-87.647745967121 41.750695644594),POINT (1171327.5068827425 1852489.8214731503),2021,932 W 79TH ST
O1093931,DRIVER,fa0054c9d8f41e8ca20fca4cdf8565eeacd0ace8f0982701cb5596dc858f0b3a7bba949d2afa906315ae0c6d6c755e404e095d69381f4cae3521ef87c745f9f8,1037608.0,M,33.0,NOT APPLICABLE,NONE,NO INDICATION OF INJURY,NONE,NOT OBSCURED,UNKNOWN,,,,,2021-05-12 11:40:00,30,CLEAR,DAYLIGHT,SIDESWIPE SAME DIRECTION,DIVIDED - W/MEDIAN (NOT RAISED),DRY,NO DEFECTS,ON SCENE,INJURY AND / OR TOW DUE TO CRASH,,"OVER $1,500",05/12/2021 11:45:00 AM,FAILING TO YIELD RIGHT-OF-WAY,FAILING TO YIELD RIGHT-OF-WAY,,2,NO INDICATION OF INJURY,0.0,0.0,0.0,0.0,0.0,3.0,0.0,11,4,5,41.87478724,-87.646997701,POINT (-87.646997700587 41.87478723986),POINT (1171170.5463632958 1897709.787864354),2021,519 S HALSTED ST
O1210525,DRIVER,8188b238f086bf0124746b92a27f726b8d269f61bc6457952a771c598e850a2ce518ee989270f01781450ace6e5cc68e8293dcc3dbb7cc4b459725d678ae7241,1148594.0,M,18.0,DID NOT DEPLOY,NONE,NO INDICATION OF INJURY,IMPROPER PASSING,UNKNOWN,NORMAL,,,,,2021-10-22 13:15:00,25,CLEAR,DAYLIGHT,SIDESWIPE SAME DIRECTION,NOT DIVIDED,DRY,NO DEFECTS,NOT ON SCENE (DESK REPORT),NO INJURY / DRIVE AWAY,,"$501 - $1,500",10/22/2021 01:50:00 PM,FAILING TO YIELD RIGHT-OF-WAY,IMPROPER OVERTAKING/PASSING,,2,NO INDICATION OF INJURY,0.0,0.0,0.0,0.0,0.0,2.0,0.0,13,6,10,41.788580015,-87.781814132,POINT (-87.78181413191 41.788580015024),POINT (1134655.4096352786 1866031.5453156102),2021,5700 S NARRAGANSETT AVE
O1221749,DRIVER,15214f459c18e6e3cd415df31fc0cbcfa41145b9f13247c7105e2f1a522e0587659d6ffce8a2dadb583999072570608da7ef550981a8ca354deb4d2d395468a8,1159360.0,X,,DEPLOYMENT UNKNOWN,UNKNOWN,NO INDICATION OF INJURY,UNKNOWN,UNKNOWN,UNKNOWN,,,,Y,2021-11-06 01:00:00,30,UNKNOWN,DARKNESS,PARKED MOTOR VEHICLE,ONE-WAY,UNKNOWN,UNKNOWN,ON SCENE,NO INJURY / DRIVE AWAY,Y,"$501 - $1,500",11/06/2021 08:10:00 AM,NOT APPLICABLE,NOT APPLICABLE,,2,NO INDICATION OF INJURY,0.0,0.0,0.0,0.0,0.0,1.0,0.0,1,7,11,41.756600009,-87.578686552,POINT (-87.57868655244 41.756600009186),POINT (1190153.12642035 1854799.0448701151),2021,7612 S BENNETT AVE
O1177994,DRIVER,8fd64c1a39693a788d04063c05624ae0b9f11ceebd17c0d4827f6527ca77c097a31e9fb9d6ccf65a15b30918718877beb316398c7a9117915481d2a411cd9e13,1117539.0,F,25.0,NOT APPLICABLE,NONE,NO INDICATION OF INJURY,NONE,NOT OBSCURED,NORMAL,,,,,2021-09-06 18:30:00,30,CLEAR,DAYLIGHT,TURNING,NOT DIVIDED,DRY,NO DEFECTS,NOT ON SCENE (DESK REPORT),NO INJURY / DRIVE AWAY,,"OVER $1,500",09/06/2021 06:55:00 PM,FAILING TO YIELD RIGHT-OF-WAY,UNABLE TO DETERMINE,,2,NO INDICATION OF INJURY,0.0,0.0,0.0,0.0,0.0,2.0,0.0,18,2,9,41.691924019,-87.526983291,POINT (-87.526983290774 41.691924019473),POINT (1204481.0699706245 1831359.7196971958),2021,4000 E 112TH ST
O1181663,DRIVER,7015e7d857a6174ff05a5f7fc8be9dc48cb29237f32e1f11949befcab100badc89ad92ddb4e384bd8aea6ffe13c63da868c70fa115ec921db86dc35d0e656c07,1121059.0,X,,DEPLOYMENT UNKNOWN,NONE,NO INDICATION OF INJURY,FAILED TO YIELD,UNKNOWN,UNKNOWN,,,,,2021-09-11 16:00:00,15,CLEAR,DUSK,PARKED MOTOR VEHICLE,PARKING LOT,UNKNOWN,UNKNOWN,NOT ON SCENE (DESK REPORT),NO INJURY / DRIVE AWAY,Y,"$501 - $1,500",09/11/2021 10:00:00 PM,UNABLE TO DETERMINE,NOT APPLICABLE,,2,NO INDICATION OF INJURY,0.0,0.0,0.0,0.0,0.0,1.0,0.0,16,7,9,41.975475399,-87.659697012,POINT (-87.659697011694 41.975475398635),POINT (1167423.6810531898 1934373.334010517),2021,5129 N BROADWAY
O1147547,DRIVER,878c8280ebdf048aba2f666d0e25a917621e6fb1db4050f676bfb6e2d5516d21e9e49481dfef1e31232c7850afd669ff4d2b5536c1f6cb0007b7b91deab411d4,1088536.0,M,75.0,NOT APPLICABLE,NONE,NO INDICATION OF INJURY,IMPROPER BACKING,UNKNOWN,NORMAL,,,,,2021-07-19 09:00:00,30,CLEAR,DAYLIGHT,REAR END,NOT DIVIDED,DRY,NO DEFECTS,NOT ON SCENE (DESK REPORT),NO INJURY / DRIVE AWAY,,"$501 - $1,500",07/25/2021 06:00:00 PM,IMPROPER BACKING,UNABLE TO DETERMINE,,2,NO INDICATION OF INJURY,0.0,0.0,0.0,0.0,0.0,2.0,0.0,9,2,7,41.80237973,-87.587979407,POINT (-87.587979406628 41.802379729614),POINT (1187472.986558879 1871458.7634554568),2021,5100 S LAKE PARK AVE
O1179765,DRIVER,8eae4716f07398975caf7f8f19763f9700ca0f43ee40fd2898f37f8a793cfb69c5c2b6e735fab9f477200cd5b15e46d8ec5c344ebbb895c5bb215058ee04a58f,1119266.0,M,22.0,DID NOT DEPLOY,NONE,NO INDICATION OF INJURY,NONE,NOT OBSCURED,NORMAL,,,,,2021-09-08 09:30:00,30,CLEAR,DAYLIGHT,SIDESWIPE SAME DIRECTION,DIVIDED - W/MEDIAN (NOT RAISED),DRY,NO DEFECTS,NOT ON SCENE (DESK REPORT),NO INJURY / DRIVE AWAY,,"OVER $1,500",09/08/2021 09:45:00 AM,IMPROPER OVERTAKING/PASSING,NOT APPLICABLE,,2,NO INDICATION OF INJURY,0.0,0.0,0.0,0.0,0.0,2.0,0.0,9,4,9,42.017808547,-87.690339649,POINT (-87.690339648892 42.017808546712),POINT (1158975.5272219188 1949735.7569914064),2021,7500 N WESTERN AVE
O1025274,DRIVER,29db3de5eecff485c068d63c7f909b143897fa1fcc20a22ddef4ce3293a65e83827ff9c33b034f51a1b437f70171f80282d582b966e758f6eaa68373fa1b60c0,971723.0,M,30.0,"DEPLOYED, COMBINATION",NONE,NO INDICATION OF INJURY,UNKNOWN,UNKNOWN,UNKNOWN,,,,,2021-01-16 00:37:00,30,FOG/SMOKE/HAZE,DARKNESS,ANGLE,FOUR WAY,DRY,NO DEFECTS,ON SCENE,INJURY AND / OR TOW DUE TO CRASH,,"OVER $1,500",01/16/2021 01:07:00 AM,UNABLE TO DETERMINE,UNABLE TO DETERMINE,,2,NO INDICATION OF INJURY,0.0,0.0,0.0,0.0,0.0,2.0,0.0,0,7,1,41.765341358,-87.629914575,POINT (-87.629914574932 41.7653413584),POINT (1176149.5827902313 1857865.8716861487),2021,7100 S WENTWORTH AVE
P245127,PASSENGER,9641ee7b2dc9a67d64297ee962395db918cc2a322674b35df778fe844926a81d2a8e571a492d1948fa75b91e2a798e19f74f545d795770fa5aa6ad29327a6cb4,1036067.0,F,21.0,DEPLOYMENT UNKNOWN,NONE,NO INDICATION OF INJURY,,,,,,,,2021-05-10 00:01:00,35,CLEAR,DARKNESS,SIDESWIPE SAME DIRECTION,NOT DIVIDED,UNKNOWN,UNKNOWN,ON SCENE,INJURY AND / OR TOW DUE TO CRASH,,"OVER $1,500",05/10/2021 12:03:00 AM,UNABLE TO DETERMINE,UNABLE TO DETERMINE,,2,NO INDICATION OF INJURY,0.0,0.0,0.0,0.0,0.0,3.0,0.0,0,2,5,41.909932031,-87.677597312,POINT (-87.677597311931 41.909932031357),POINT (1162738.9590215946 1910451.3824828123),2021,1558 N DAMEN AVE
P262250,PASSENGER,963293b030e715afa7c3eab04516c1cff94395378c6aa90655a7737a0904d09faf326b9a6e29331c0b39c27b9931c709dfac5293d01cce65c29f91c18f910d9a,1109143.0,F,6.0,NOT APPLICABLE,NONE,NO INDICATION OF INJURY,,,,,,,,2021-08-25 15:21:00,30,CLEAR,DAYLIGHT,SIDESWIPE SAME DIRECTION,FOUR WAY,DRY,NO DEFECTS,NOT ON SCENE (DESK REPORT),NO INJURY / DRIVE AWAY,,"$501 - $1,500",08/25/2021 03:30:00 PM,IMPROPER LANE USAGE,UNABLE TO DETERMINE,,2,NO INDICATION OF INJURY,0.0,0.0,0.0,0.0,0.0,4.0,0.0,15,4,8,41.805576418,-87.621263266,POINT (-87.621263265866 41.805576418196),POINT (1178388.3376477875 1872546.6805731913),2021,4900 S INDIANA AVE
P267647,PASSENGER,76a89594887beef39040d970e99a8b829f0999d0ee5ffa0dd133d16e7632cbb5243d56692b463a099d15f359d311582b93eca0e2843466893b298a4fa6880329,1132565.0,F,,"DEPLOYED, FRONT",NONE,NO INDICATION OF INJURY,,,,,,,,2021-05-25 13:06:00,30,CLEAR,DAYLIGHT,ANGLE,FOUR WAY,DRY,NO DEFECTS,,INJURY AND / OR TOW DUE TO CRASH,Y,"OVER $1,500",05/25/2021 01:11:00 PM,DISREGARDING STOP SIGN,FAILING TO REDUCE SPEED TO AVOID CRASH,,2,NO INDICATION OF INJURY,0.0,0.0,0.0,0.0,0.0,3.0,0.0,13,3,5,41.734026633,-87.653138185,POINT (-87.653138185344 41.734026633253),POINT (1169904.1251702474 1846404.1157083316),2021,8801 S RACINE AVE
O1140492,DRIVER,a786bc1625f2a1cb4747c363161b7b3d204f9fecdd88b69dfbd867e0fb58dcaee76940362def762a7bc177754cc3382aebb74f899e90376863ef30c6c1902f37,1081807.0,F,38.0,DEPLOYMENT UNKNOWN,NONE,NO INDICATION OF INJURY,FOLLOWED TOO CLOSELY,UNKNOWN,UNKNOWN,,,,,2021-07-15 18:50:00,30,CLEAR,DUSK,SIDESWIPE SAME DIRECTION,NOT DIVIDED,DRY,UNKNOWN,NOT ON SCENE (DESK REPORT),NO INJURY / DRIVE AWAY,,"OVER $1,500",07/15/2021 07:10:00 PM,FOLLOWING TOO CLOSELY,NOT APPLICABLE,,2,NO INDICATION OF INJURY,0.0,0.0,0.0,0.0,0.0,3.0,0.0,18,5,7,41.877134903,-87.73057338,POINT (-87.730573380226 41.877134902728),POINT (1148402.9634763168 1898394.3460065937),2021,4200 W JACKSON BLVD
P256435,PASSENGER,d87f6625d4bb6fe0cc6bbd4811c4c2f5468ca17c45c603534915856be6fb22e9a8fcaa0cdd8533f225d1928306a5ca3628ed00e6cb73f64a8603318eef518246,1083769.0,F,,DID NOT DEPLOY,NONE,NO INDICATION OF INJURY,,,,,,,,2021-07-18 17:30:00,30,CLEAR,DAYLIGHT,SIDESWIPE SAME DIRECTION,NOT DIVIDED,DRY,NO DEFECTS,NOT ON SCENE (DESK REPORT),NO INJURY / DRIVE AWAY,Y,"$501 - $1,500",07/18/2021 06:54:00 PM,IMPROPER OVERTAKING/PASSING,FAILING TO REDUCE SPEED TO AVOID CRASH,,2,NO INDICATION OF INJURY,0.0,0.0,0.0,0.0,0.0,5.0,0.0,17,1,7,41.902188313,-87.765801497,POINT (-87.765801496951 41.902188313458),POINT (1138748.6772942585 1907458.370645967),2021,1200 N CENTRAL AVE
O1025177,DRIVER,d3dff4e7f7f0d66afb1673421a821d32ecfe734172f4a58c2673ac202ebae86413d3869333f5a4fbbc4f4238086c4d35a43c7e38ef1c723367a0522364c4afc1,971641.0,F,41.0,NOT APPLICABLE,NONE,NO INDICATION OF INJURY,UNKNOWN,NOT OBSCURED,NORMAL,,,,,2021-01-15 19:25:00,30,CLEAR,"DARKNESS, LIGHTED ROAD",HEAD ON,NOT DIVIDED,DRY,NO DEFECTS,ON SCENE,INJURY AND / OR TOW DUE TO CRASH,,"OVER $1,500",01/15/2021 07:29:00 PM,UNABLE TO DETERMINE,UNABLE TO DETERMINE,,2,NO INDICATION OF INJURY,0.0,0.0,0.0,0.0,0.0,4.0,0.0,19,6,1,41.841422366,-87.629047807,POINT (-87.629047807488 41.841422365567),POINT (1176158.879443428 1885591.301279681),2021,2931 S FEDERAL ST
O1049284,DRIVER,727a91d113ef1edf891525979780100b9473aec9c6bd63a8de13f4b8e280587e5640e66af7a6e1d4562a151e74b20600f11989cb30a4433761d8853b6f24cabb,994871.0,F,25.0,"DEPLOYED, FRONT",NONE,INCAPACITATING INJURY,UNKNOWN,UNKNOWN,NORMAL,,,,,2021-02-25 05:50:00,30,OTHER,DAWN,REAR TO FRONT,NOT DIVIDED,ICE,NO DEFECTS,ON SCENE,INJURY AND / OR TOW DUE TO CRASH,,"OVER $1,500",02/25/2021 05:50:00 AM,WEATHER,NOT APPLICABLE,,2,INCAPACITATING INJURY,2.0,0.0,2.0,0.0,0.0,1.0,0.0,5,5,2,41.823064356,-87.663698906,POINT (-87.663698905861 41.823064355558),POINT (1166768.9918116385 1878826.1960938815),2021,1515 W PERSHING RD
O1223498,DRIVER,3dac219efb2140043eefe992822f21dfe22603c913be27d2bc406b866d829d3deb79f4758aa38632c5144bb1ccb9edb5a1a7f090f87bc59c7a39cebc807692c9,1161024.0,F,38.0,NOT APPLICABLE,NONE,NO INDICATION OF INJURY,NONE,UNKNOWN,NORMAL,,,,,2021-11-09 08:40:00,20,CLEAR,DAYLIGHT,SIDESWIPE SAME DIRECTION,ONE-WAY,DRY,NO DEFECTS,ON SCENE,NO INJURY / DRIVE AWAY,,$500 OR LESS,11/09/2021 08:45:00 AM,UNABLE TO DETERMINE,UNABLE TO DETERMINE,,2,NO INDICATION OF INJURY,0.0,0.0,0.0,0.0,0.0,3.0,0.0,8,3,11,41.905812638,-87.686028628,POINT (-87.686028627643 41.905812638125),POINT (1160455.302726307 1908932.8411790044),2021,1330 N CLAREMONT AVE
O1152850,DRIVER,d5db06ea83fa78430f81930f5ae519120694fe512e2fd9ceb28c41b404c7d02db442aafbe5cafc21ab809b48f3d77eb4d2d20e1d35c13011ac6fd9faefbaea04,1093555.0,M,51.0,DID NOT DEPLOY,NONE,NO INDICATION OF INJURY,NONE,NOT OBSCURED,NORMAL,,,,,2021-08-01 16:34:00,30,CLEAR,DAYLIGHT,PARKED MOTOR VEHICLE,NOT DIVIDED,DRY,NO DEFECTS,ON SCENE,NO INJURY / DRIVE AWAY,,"$501 - $1,500",08/01/2021 04:36:00 PM,DRIVING SKILLS/KNOWLEDGE/EXPERIENCE,FAILING TO REDUCE SPEED TO AVOID CRASH,,2,NO INDICATION OF INJURY,0.0,0.0,0.0,0.0,0.0,3.0,0.0,16,1,8,41.856852576,-87.633817103,POINT (-87.633817103381 41.856852576323),POINT (1174813.4978262396 1891203.4070072945),2021,298 W 19TH ST