PERSON_ID,PERSON_TYPE,CRASH_RECORD_ID,VEHICLE_ID,SEX,AGE,AIRBAG_DEPLOYED,EJECTION,INJURY_CLASSIFICATION,DRIVER_ACTION,DRIVER_VISION,PHYSICAL_CONDITION,PEDPEDAL_ACTION,PEDPEDAL_VISIBILITY,PEDPEDAL_LOCATION,CRASH_DATE_EST_I,CRASH_DATE,POSTED_SPEED_LIMIT,WEATHER_CONDITION,LIGHTING_CONDITION,FIRST_CRASH_TYPE,TRAFFICWAY_TYPE,ROADWAY_SURFACE_COND,ROAD_DEFECT,REPORT_TYPE,CRASH_TYPE,HIT_AND_RUN_I,DAMAGE,DATE_POLICE_NOTIFIED,PRIM_CONTRIBUTORY_CAUSE,SEC_CONTRIBUTORY_CAUSE,DOORING_I,NUM_UNITS,MOST_SEVERE_INJURY,INJURIES_TOTAL,INJURIES_FATAL,INJURIES_INCAPACITATING,INJURIES_NON_INCAPACITATING,INJURIES_REPORTED_NOT_EVIDENT,INJURIES_NO_INDICATION,INJURIES_UNKNOWN,CRASH_HOUR,CRASH_DAY_OF_WEEK,CRASH_MONTH,LATITUDE,LONGITUDE,LOCATION,geometry,YEAR,ADDRESS
O1039342,DRIVER,8a14501745df75a1baf8148592b2454a8e0613c84daaa83f5f3d20f6fef4a0cf9556407c1dee14e3991d1b16e3cbf8c6971ea5d24c90b9aeca1629c95d2e92fb,985202.0,M,20.0,DID NOT DEPLOY,NONE,NO INDICATION OF INJURY,UNKNOWN,UNKNOWN,NORMAL,,,,,2021-02-09 14:11:00,30,CLEAR,DAYLIGHT,REAR END,NOT DIVIDED,WET,NO DEFECTS,ON SCENE,NO INJURY / DRIVE AWAY,,"OVER $1,500",02/09/2021 02:30:00 PM,UNABLE TO DETERMINE,UNABLE TO DETERMINE,,2,NO INDICATION OF INJURY,0.0,0.0,0.0,0.0,0.0,2.0,0.0,14,3,2,41.752716955,-87.722166212,POINT (-87.722166211581 41.752716954894),POINT (1151014.9894611577 1853073.3367950323),2021,7700 S PULASKI RD
P274306,PASSENGER,34e0a7206aa9d869b78bb035efe881ac5d8c3fffdaac52795d2b8894191c9494cb4bbdf3b1164ee62d3bb4688290d66b16a146b13b7615412159e060b1804aec,1162722.0,F,24.0,"DEPLOYED, FRONT",NONE,NO INDICATION OF INJURY,,,,,,,,2021-11-12 07:15:00,30,CLEAR,DAYLIGHT,OTHER OBJECT,DIVIDED - W/MEDIAN (NOT RAISED),WET,NO DEFECTS,ON SCENE,NO INJURY / DRIVE AWAY,,"OVER $1,500",11/12/2021 07:30:00 AM,DRIVING SKILLS/KNOWLEDGE/EXPERIENCE,NOT APPLICABLE,,1,NO INDICATION OF INJURY,0.0,0.0,0.0,0.0,0.0,2.0,0.0,7,6,11,41.792956108,-87.740461743,POINT (-87.740461742821 41.792956107689),POINT (1145921.7130617534 1867701.2142412097),2021,5500 S KILPATRICK AVE
O1045909,DRIVER,117c51754d1e24a03dde2d9cc2545320ad7953667c92977e47dda983878c5cee1e6d624bcc3dd687a3c9c36d43585a4da23a697b3c5c371ab8bf58d66edc8061,991580.0,M,,DEPLOYMENT UNKNOWN,NONE,NO INDICATION OF INJURY,NONE,UNKNOWN,UNKNOWN,,,,,2021-02-19 07:45:00,30,CLEAR,DAYLIGHT,REAR END,NOT DIVIDED,UNKNOWN,UNKNOWN,ON SCENE,NO INJURY / DRIVE AWAY,,"$501 - $1,500",02/19/2021 07:55:00 PM,FOLLOWING TOO CLOSELY,FOLLOWING TOO CLOSELY,,2,NO INDICATION OF INJURY,0.0,0.0,0.0,0.0,0.0,2.0,0.0,7,6,2,41.877069537,-87.73585397,POINT (-87.735853970076 41.877069536681),POINT (1146965.0311440707 1898360.4714595734),2021,4410 W JACKSON BLVD
O1222779,DRIVER,ee91c057a0b7cc9061dd9488bb9f6a7491a45ea6258bd9ace72c50a26998682885e9103fcb9fdee6a69806b8385b8ab53e81cf960eb4d26fda7b9d43e8241957,1160323.0,M,17.0,NOT APPLICABLE,NONE,NO INDICATION OF INJURY,OTHER,OTHER,NORMAL,,,,,2021-11-08 07:00:00,30,CLEAR,DAYLIGHT,TURNING,NOT DIVIDED,DRY,NO DEFECTS,ON SCENE,INJURY AND / OR TOW DUE TO CRASH,,"OVER $1,500",11/08/2021 07:00:00 AM,"VISION OBSCURED (SIGNS, TREE LIMBS, BUILDINGS, ETC.)",NOT APPLICABLE,,2,NO INDICATION OF INJURY,0.0,0.0,0.0,0.0,0.0,2.0,0.0,7,2,11,41.954645784,-87.651250625,POINT (-87.651250624776 41.954645783941),POINT (1169780.8402338622 1926801.1053092466),2021,842 W IRVING PARK RD
O1115692,DRIVER,9936d6c617fe936ade56403a533f9965ecafee651a1362f152ce2ac617b17702af5eda432d80eaa9c15bbc03eaf61f32b7bc77c3f5c0859494ff3887a62014aa,1058295.0,F,37.0,NOT APPLICABLE,NONE,NO INDICATION OF INJURY,NONE,UNKNOWN,NORMAL,,,,,2021-06-11 19:16:00,30,CLEAR,DAYLIGHT,SIDESWIPE SAME DIRECTION,NOT DIVIDED,DRY,UNKNOWN,NOT ON SCENE (DESK REPORT),NO INJURY / DRIVE AWAY,Y,"$501 - $1,500",06/11/2021 07:35:00 PM,UNABLE TO DETERMINE,UNABLE TO DETERMINE,,2,NO INDICATION OF INJURY,0.0,0.0,0.0,0.0,0.0,2.0,0.0,19,6,6,41.76489269,-87.676018157,POINT (-87.676018157341 41.764892689879),POINT (1163573.2541313393 1857602.8938335963),2021,2100 W 71ST ST
O1113323,DRIVER,47db1da9e9bf7b63b1a7ca62fd31e0b1b55287f116e9b7e58f9838323f349f1b3ad4b1429962f20b2259e6c74a2de4c8a34e9055acb61ef24f22e5cbc2bee9b1,1056130.0,F,,DID NOT DEPLOY,NONE,NO INDICATION OF INJURY,FAILED TO YIELD,UNKNOWN,UNKNOWN,,,,,2021-06-08 19:24:00,30,CLEAR,DUSK,PEDALCYCLIST,NOT DIVIDED,DRY,NO DEFECTS,NOT ON SCENE (DESK REPORT),INJURY AND / OR TOW DUE TO CRASH,Y,"$501 - $1,500",06/08/2021 08:05:00 PM,FAILING TO YIELD RIGHT-OF-WAY,FAILING TO REDUCE SPEED TO AVOID CRASH,,2,NONINCAPACITATING INJURY,1.0,0.0,0.0,1.0,0.0,3.0,0.0,19,3,6,41.920927342,-87.721925411,POINT (-87.721925410736 41.920927342186),POINT (1150644.3963822527 1914368.9552019602),2021,2200 N HAMLIN AVE
O1026321,DRIVER,6c5e67a428595f9f5f2b6fc51774224b05c5f5e002629ae516490c3e4c4c01e4e88a3d0b8fff8e501230352f14e3c13b654e8d8f8535a1cc4605d16baa2aba2f,972732.0,F,55.0,NOT APPLICABLE,NONE,NO INDICATION OF INJURY,NONE,NOT OBSCURED,NORMAL,,,,,2021-01-17 21:40:00,30,CLEAR,"DARKNESS, LIGHTED ROAD",REAR END,NOT DIVIDED,DRY,NO DEFECTS,NOT ON SCENE (DESK REPORT),NO INJURY / DRIVE AWAY,Y,"$501 - $1,500",01/17/2021 10:20:00 PM,UNABLE TO DETERMINE,UNABLE TO DETERMINE,,2,NO INDICATION OF INJURY,0.0,0.0,0.0,0.0,0.0,2.0,0.0,21,1,1,41.946231828,-87.747197693,POINT (-87.747197692752 41.946231828075),POINT (1143703.4886817147 1923541.9286411286),2021,4800 W ADDISON ST
O1053475,DRIVER,0b9fd56f908c20431b455ea4daff44d383e8b6aecada96409990f8e34d974a624d42d32b0d0c8d94eb50c9e384f6b7173ef2af3b8cd0ecd3f660f6429e8ebd8e,998894.0,F,50.0,DID NOT DEPLOY,NONE,NO INDICATION OF INJURY,IMPROPER BACKING,NOT OBSCURED,NORMAL,,,,,2021-03-04 15:15:00,30,CLEAR,DAYLIGHT,HEAD ON,DIVIDED - W/MEDIAN (NOT RAISED),DRY,NO DEFECTS,NOT ON SCENE (DESK REPORT),NO INJURY / DRIVE AWAY,N,"OVER $1,500",03/04/2021 04:30:00 PM,IMPROPER BACKING,DRIVING SKILLS/KNOWLEDGE/EXPERIENCE,,2,NO INDICATION OF INJURY,0.0,0.0,0.0,0.0,0.0,2.0,0.0,15,5,3,41.857675051,-87.671242242,POINT (-87.671242241978 41.857675050702),POINT (1164615.7095983967 1891422.2738446342),2021,1800 S WOOD ST
O1160030,DRIVER,2e4f3c198d32b7893654202032c65419d6465907c4b53d27ea88a5fc890db6407e03b58edb1274d33248805fd2f427813f94e8aeba75acb3302b1f3900872256,1100403.0,M,20.0,DID NOT DEPLOY,NONE,NO INDICATION OF INJURY,FAILED TO YIELD,UNKNOWN,NORMAL,,,,,2021-08-11 11:40:00,30,CLEAR,DAYLIGHT,ANGLE,NOT DIVIDED,DRY,NO DEFECTS,NOT ON SCENE (DESK REPORT),NO INJURY / DRIVE AWAY,,"OVER $1,500",08/11/2021 12:00:00 PM,FAILING TO YIELD RIGHT-OF-WAY,UNABLE TO DETERMINE,,2,NO INDICATION OF INJURY,0.0,0.0,0.0,0.0,0.0,2.0,0.0,11,4,8,41.932265719,-87.689660076,POINT (-87.689660076208 41.932265718697),POINT (1159394.41639012 1918564.9362926765),2021,2442 W DIVERSEY AVE
O1115647,DRIVER,31871e5cc3a1b1dfc562db67d39313ee48f118c40db030db4b5614b9ff7ec28756e11cd8808c7ddbf56ffe27b3255582088c1e280274b8db99454bdf713e0611,1058275.0,M,21.0,NOT APPLICABLE,NONE,NO INDICATION OF INJURY,NONE,NOT OBSCURED,NORMAL,,,,,2021-06-11 17:27:00,40,CLEAR,DAYLIGHT,REAR END,DIVIDED - W/MEDIAN BARRIER,DRY,NO DEFECTS,ON SCENE,NO INJURY / DRIVE AWAY,,"OVER $1,500",06/11/2021 05:30:00 PM,FOLLOWING TOO CLOSELY,FAILING TO REDUCE SPEED TO AVOID CRASH,,2,NO INDICATION OF INJURY,0.0,0.0,0.0,0.0,0.0,7.0,0.0,17,6,6,41.906842222,-87.624934796,POINT (-87.624934795992 41.906842221566),POINT (1177082.8801789843 1909439.4415877373),2021,1329 N LAKE SHORE DR SB
O1021873,DRIVER,ef39e30031742e3caf63dbd5ba8458189a0f83367d94ce5a8ef8d29626c2cbf7966696744f593a5cd8f8cf87a86163f8ae87819b0999fb4c1571db81f4eb1487,968554.0,M,25.0,"DEPLOYED, COMBINATION",NONE,NO INDICATION OF INJURY,UNKNOWN,NOT OBSCURED,NORMAL,,,,,2021-01-09 04:35:00,30,CLEAR,"DARKNESS, LIGHTED ROAD",PARKED MOTOR VEHICLE,NOT DIVIDED,DRY,NO DEFECTS,ON SCENE,INJURY AND / OR TOW DUE TO CRASH,,"OVER $1,500",01/09/2021 04:40:00 AM,UNABLE TO DETERMINE,NOT APPLICABLE,,3,NO INDICATION OF INJURY,0.0,0.0,0.0,0.0,0.0,1.0,0.0,4,7,1,42.003910619,-87.817714219,POINT (-87.817714218704 42.003910619372),POINT (1124393.4666807426 1944437.009290856),2021,6755 N NORTHWEST HWY
O1181154,DRIVER,0d83bcff763b9cd65336903588ff9bfb531c27a8611124c97fb228766c2e5fcaec7a687c9c2ea0c1f9944589c17b541404a3c922edd376a94871f3214d8d547f,1120581.0,M,,DID NOT DEPLOY,NONE,NO INDICATION OF INJURY,NONE,UNKNOWN,UNKNOWN,,,,Y,2021-09-11 04:25:00,30,CLEAR,"DARKNESS, LIGHTED ROAD",TURNING,FOUR WAY,DRY,NO DEFECTS,ON SCENE,INJURY AND / OR TOW DUE TO CRASH,Y,"OVER $1,500",09/11/2021 04:29:00 AM,UNABLE TO DETERMINE,UNABLE TO DETERMINE,,2,NO INDICATION OF INJURY,0.0,0.0,0.0,0.0,0.0,2.0,0.0,4,7,9,41.917288407,-87.69704722,POINT (-87.697047220136 41.917288407416),POINT (1157424.8533477818 1913092.1777156233),2021,1955 N CALIFORNIA AVE
O1170955,DRIVER,c48db30ab177463a664b8a569bf16ec4ea958d353efab4748198c74820a5083de02f5d9267e61c266b5981a4d617f8777d55b0c459716c4711d47bb816f843fe,1110783.0,M,28.0,DID NOT DEPLOY,NONE,NO INDICATION OF INJURY,OTHER,NOT OBSCURED,NORMAL,,,,,2021-08-27 20:35:00,30,CLEAR,"DARKNESS, LIGHTED ROAD",TURNING,DIVIDED - W/MEDIAN (NOT RAISED),DRY,NO DEFECTS,ON SCENE,INJURY AND / OR TOW DUE TO CRASH,,"OVER $1,500",08/27/2021 08:37:00 PM,IMPROPER TURNING/NO SIGNAL,IMPROPER LANE USAGE,,2,NO INDICATION OF INJURY,0.0,0.0,0.0,0.0,0.0,2.0,0.0,20,6,8,41.869930334,-87.630368002,POINT (-87.630368001511 41.869930333925),POINT (1175714.092530151 1895976.5919481118),2021,999 S CLARK ST
O1073274,DRIVER,161be9ae99714fd7e6bece9c673f302a562d6149848a7b2175e4957607b91d2cced41d2a92a38aeec8d699557ce56e3199cfd9f2fd9d013b04d118e56351f9c4,1017865.0,M,19.0,DID NOT DEPLOY,NONE,NO INDICATION OF INJURY,OTHER,UNKNOWN,UNKNOWN,,,,,2021-04-08 07:45:00,30,CLEAR,DAYLIGHT,SIDESWIPE SAME DIRECTION,NOT DIVIDED,DRY,NO DEFECTS,NOT ON SCENE (DESK REPORT),NO INJURY / DRIVE AWAY,,"$501 - $1,500",04/08/2021 12:00:00 PM,IMPROPER OVERTAKING/PASSING,NOT APPLICABLE,,2,NO INDICATION OF INJURY,0.0,0.0,0.0,0.0,0.0,3.0,0.0,7,5,4,41.935720422,-87.702760457,POINT (-87.70276045657 41.935720422038),POINT (1155820.5090057375 1919797.347565121),2021,3000 N SACRAMENTO AVE
P263464,PASSENGER,0968b57ca231d10258a33931044a7826f524b987a4d2452ac8d2d325ed04eccc4a495ba6971b2de70fbf7a6f23e4355972b3b055ac55d2a7693abf99d92a5019,1114445.0,F,21.0,"DEPLOYED, FRONT",NONE,NONINCAPACITATING INJURY,,,,,,,,2021-09-01 18:36:00,30,CLEAR,DAYLIGHT,TURNING,FOUR WAY,DRY,NO DEFECTS,ON SCENE,INJURY AND / OR TOW DUE TO CRASH,,"OVER $1,500",09/01/2021 06:36:00 PM,DRIVING SKILLS/KNOWLEDGE/EXPERIENCE,UNABLE TO DETERMINE,,2,NONINCAPACITATING INJURY,2.0,0.0,0.0,1.0,1.0,4.0,0.0,18,4,9,41.779798525,-87.635108405,POINT (-87.63510840473 41.77979852489),POINT (1174689.8770266615 1863122.4090584),2021,401 W 63RD ST
O1226913,DRIVER,40caca591e6c0c268257566802f40698ed784007f816e249bca4def82124ef67f9b32e81b0ed4db0231e306a99249833300ba55eb12fe7d4b16d116c4e71ba15,1164303.0,M,17.0,"DEPLOYED, COMBINATION",NONE,NO INDICATION OF INJURY,IMPROPER TURN,NOT OBSCURED,NORMAL,,,,,2021-11-14 14:08:00,30,CLOUDY/OVERCAST,DAYLIGHT,PARKED MOTOR VEHICLE,ONE-WAY,DRY,NO DEFECTS,ON SCENE,INJURY AND / OR TOW DUE TO CRASH,,"OVER $1,500",11/14/2021 02:08:00 PM,UNABLE TO DETERMINE,UNABLE TO DETERMINE,,2,NO INDICATION OF INJURY,0.0,0.0,0.0,0.0,0.0,3.0,0.0,14,1,11,41.86455126,-87.7173229,POINT (-87.71732289993 41.864551260373),POINT (1152044.4623659712 1893834.5138377782),2021,3648 W 13TH ST
O1155862,DRIVER,f9f1d8bb0c397220b0074031208542b38092bbae9dda48f4d389a754eb87979800c3eb86346bbce710000afa11a4e9969914e4c275961960d27817b759013635,1096427.0,M,59.0,DID NOT DEPLOY,NONE,NO INDICATION OF INJURY,NONE,NOT OBSCURED,NORMAL,,,,,2021-08-06 01:40:00,30,CLEAR,"DARKNESS, LIGHTED ROAD",ANGLE,FOUR WAY,DRY,NO DEFECTS,NOT ON SCENE (DESK REPORT),NO INJURY / DRIVE AWAY,Y,"OVER $1,500",08/06/2021 02:00:00 AM,DISREGARDING TRAFFIC SIGNALS,UNABLE TO DETERMINE,,2,NO INDICATION OF INJURY,0.0,0.0,0.0,0.0,0.0,2.0,0.0,1,6,8,41.876767374,-87.75506336,POINT (-87.755063359691 41.876767373839),POINT (1141734.3481384404 1898214.5318968068),2021,5200 W JACKSON BLVD
O1113587,DRIVER,97ebe9b2b30425b42c4eb27363bcec1e611e5a25aa21a0aab88e23fd317f78354e27e3ce781331c1d681bde40a3c60b138f0fa756999ff7748fb8b59d9ff3397,1056378.0,F,,DID NOT DEPLOY,NONE,NO INDICATION OF INJURY,FOLLOWED TOO CLOSELY,UNKNOWN,UNKNOWN,,,,,2021-06-08 21:00:00,30,CLEAR,DAYLIGHT,REAR END,NOT DIVIDED,DRY,NO DEFECTS,NOT ON SCENE (DESK REPORT),NO INJURY / DRIVE AWAY,,"OVER $1,500",06/09/2021 11:15:00 AM,FOLLOWING TOO CLOSELY,NOT APPLICABLE,,2,NO INDICATION OF INJURY,0.0,0.0,0.0,0.0,0.0,2.0,0.0,21,3,6,41.884585371,-87.620792153,POINT (-87.620792152563 41.884585370634),POINT (1178277.9109834726 1901338.3789583948),2021,150 N COLUMBUS DR
O1163610,DRIVER,c573d317b1daf507f403b38a6f31d90409d82305387ade7f71d1d85b0a54110d65aa9acc005619c0544b57d3b9607598c51022fe419a35708b8e03883688b5ea,1103780.0,M,64.0,NOT APPLICABLE,NONE,NO INDICATION OF INJURY,UNKNOWN,UNKNOWN,NORMAL,,,,,2021-08-12 13:10:00,0,CLEAR,DAYLIGHT,PARKED MOTOR VEHICLE,PARKING LOT,DRY,NO DEFECTS,ON SCENE,NO INJURY / DRIVE AWAY,,"OVER $1,500",08/12/2021 01:10:00 PM,EQUIPMENT - VEHICLE CONDITION,UNABLE TO DETERMINE,,2,NO INDICATION OF INJURY,0.0,0.0,0.0,0.0,0.0,1.0,0.0,13,5,8,41.89578523,-87.677930893,POINT (-87.677930892592 41.895785229598),POINT (1162687.5443540604 1905295.5903320194),2021,2021 W CHICAGO AVE
O1196906,DRIVER,1e51a00eff285f2a2d2f0c331bf5a787b1202281f3c0ff08ae13ee3d420664ffb96409dc64e077ad4ed7ddaaa0051e7e7f35a8a45a5ef393e3930134f238b0c4,1135629.0,F,3.0,DID NOT DEPLOY,NONE,NO INDICATION OF INJURY,NONE,NOT OBSCURED,NORMAL,,,,,2021-10-02 13:30:00,30,CLEAR,DAYLIGHT,ANGLE,DIVIDED - W/MEDIAN (NOT RAISED),DRY,NO DEFECTS,NOT ON SCENE (DESK REPORT),NO INJURY / DRIVE AWAY,,"$501 - $1,500",10/02/2021 02:23:00 PM,UNABLE TO DETERMINE,NOT APPLICABLE,,2,NO INDICATION OF INJURY,0.0,0.0,0.0,0.0,0.0,2.0,0.0,13,7,10,41.764185795,-87.586426389,POINT (-87.586426389081 41.764185795037),POINT (1188017.320540229 1857544.8156839095),2021,7200 S STONY ISLAND AVE
O1048959,DRIVER,07a9e26e53a43b41f4817ec0dd89370d77dce80fd71f49dc13d11d40eb19e530bdc199ae78ab28a43f4575f918d9f92cd7e2ac0ebb6abb9ecfa1c09e2ce022c9,994547.0,M,73.0,DID NOT DEPLOY,NONE,NO INDICATION OF INJURY,UNKNOWN,UNKNOWN,NORMAL,,,,,2021-02-24 11:15:00,30,SNOW,DAYLIGHT,TURNING,DIVIDED - W/MEDIAN (NOT RAISED),SNOW OR SLUSH,NO DEFECTS,NOT ON SCENE (DESK REPORT),NO INJURY / DRIVE AWAY,,"OVER $1,500",02/24/2021 02:55:00 PM,UNABLE TO DETERMINE,UNABLE TO DETERMINE,,2,NO INDICATION OF INJURY,0.0,0.0,0.0,0.0,0.0,2.0,0.0,11,4,2,41.939138154,-87.72733371,POINT (-87.727333710143 41.9391381535),POINT (1149125.6214786172 1920994.5561778315),2021,3200 N PULASKI RD
O1092442,DRIVER,c0f1073f518cd139339c35f4ddaeec2dbaaebb165f54e189bbc6edc89f0a8ac105500eeaee8a470da04a8952214ce0067673d9daa2aa172e350aacf41e7591d9,1036160.0,F,24.0,NOT APPLICABLE,NONE,NO INDICATION OF INJURY,OTHER,NOT OBSCURED,IMPAIRED - ALCOHOL,,,,,2021-05-10 04:25:00,30,CLEAR,"DARKNESS, LIGHTED ROAD",FIXED OBJECT,DIVIDED - W/MEDIAN BARRIER,DRY,NO DEFECTS,ON SCENE,INJURY AND / OR TOW DUE TO CRASH,,"OVER $1,500",05/10/2021 04:35:00 AM,UNDER THE INFLUENCE OF ALCOHOL/DRUGS (USE WHEN ARREST IS EFFECTED),NOT APPLICABLE,,2,NO INDICATION OF INJURY,0.0,0.0,0.0,0.0,0.0,1.0,0.0,4,2,5,41.924209262,-87.740378355,POINT (-87.740378355409 41.924209262493),POINT (1145614.1462051792 1915529.6256129504),2021,4535 W FULLERTON AVE
O1161403,DRIVER,a392177cce4c05d522c3ccd15dfe619cc70c7b84a19f508dc3387eececd2590a537a54e1d97fe1ddafdd92c7b39cd3174a55a8bebf3c15df70c09461b182c983,1101699.0,M,33.0,DID NOT DEPLOY,NONE,NO INDICATION OF INJURY,DISREGARDED CONTROL DEVICES,UNKNOWN,NORMAL,,,,,2021-08-14 01:40:00,30,CLEAR,"DARKNESS, LIGHTED ROAD",ANGLE,FOUR WAY,DRY,NO DEFECTS,ON SCENE,INJURY AND / OR TOW DUE TO CRASH,,"OVER $1,500",08/14/2021 01:44:00 AM,DISREGARDING STOP SIGN,UNABLE TO DETERMINE,,2,"REPORTED, NOT EVIDENT",1.0,0.0,0.0,0.0,1.0,3.0,0.0,1,7,8,41.891068869,-87.772308948,POINT (-87.772308947774 41.891068868857),POINT (1137003.649126173 1903394.801895726),2021,600 N MAYFIELD AVE
O1084973,DRIVER,c73aebc244bfb7eef214a537d1845cb538214928a57e687dccac5d07eebc8a50dc143c1d77b2bfa4864d883ec526c7fe502972c3e03c84d5ee2aa6855eb15180,1029009.0,F,76.0,DID NOT DEPLOY,NONE,NO INDICATION OF INJURY,OTHER,UNKNOWN,UNKNOWN,,,,,2021-04-29 08:05:00,30,CLOUDY/OVERCAST,DAYLIGHT,REAR END,NOT DIVIDED,WET,NO DEFECTS,NOT ON SCENE (DESK REPORT),NO INJURY / DRIVE AWAY,,"OVER $1,500",04/29/2021 09:43:00 AM,FOLLOWING TOO CLOSELY,UNABLE TO DETERMINE,,2,NO INDICATION OF INJURY,0.0,0.0,0.0,0.0,0.0,2.0,0.0,8,5,4,41.97959355,-87.758589272,POINT (-87.758589271767 41.979593550153),POINT (1140522.9450799932 1935678.0688324752),2021,5401 N ELSTON AVE
O1054236,PEDESTRIAN,977865d4915fc7093ff888b876a55aaf9b04cc2223b75e545a08a2c6e142eb4daf969947035cd38a48ae63bc13c2e986702956a0078674a0ac930c3d8d36be19,,M,71.0,,,NO INDICATION OF INJURY,NONE,,NORMAL,NO ACTION,NO CONTRASTING CLOTHING,NOT IN ROADWAY,,2021-03-06 01:14:00,30,CLEAR,"DARKNESS, LIGHTED ROAD",PEDESTRIAN,ONE-WAY,DRY,NO DEFECTS,ON SCENE,NO INJURY / DRIVE AWAY,Y,$500 OR LESS,03/06/2021 01:14:00 AM,NOT APPLICABLE,NOT APPLICABLE,,2,NO INDICATION OF INJURY,0.0,0.0,0.0,0.0,0.0,2.0,0.0,1,7,3,41.746622063,-87.663489333,POINT (-87.663489333293 41.746622062843),POINT (1167043.1181009102 1850971.6080396357),2021,8100 S ASHLAND AVE
O1131909,DRIVER,08cdd08f06ce4267b3b278c00558bff81376d111a2833457d26dc86ee1369b9c60b257a8031f20bb8a5d07ea05ed96b99dcb78f00169492a9f173e5d3bee127c,1073705.0,F,23.0,DID NOT DEPLOY,NONE,NO INDICATION OF INJURY,FOLLOWED TOO CLOSELY,NOT OBSCURED,NORMAL,,,,,2021-07-03 10:50:00,30,CLEAR,DAYLIGHT,REAR END,NOT DIVIDED,DRY,NO DEFECTS,NOT ON SCENE (DESK REPORT),NO INJURY / DRIVE AWAY,Y,$500 OR LESS,07/03/2021 12:00:00 PM,FOLLOWING TOO CLOSELY,UNABLE TO DETERMINE,,2,NO INDICATION OF INJURY,0.0,0.0,0.0,0.0,0.0,2.0,0.0,10,7,7,41.707217734,-87.612945385,POINT (-87.61294538453 41.707217733631),POINT (1180956.2560594874 1836724.498254375),2021,419 E 103RD ST
O1098324,DRIVER,6f6fd7746dcf7ac4144b7db12deaca4e7e8d340b672665753a926214e5cb8912b1a9affff1e5ace6817b80084732ce7ca690519e6a53f1de379d378de28d6c48,1041792.0,F,55.0,NOT APPLICABLE,NONE,NONINCAPACITATING INJURY,NONE,NOT OBSCURED,NORMAL,,,,,2021-05-19 10:45:00,30,RAIN,DAYLIGHT,REAR END,DIVIDED - W/MEDIAN (NOT RAISED),WET,NO DEFECTS,ON SCENE,INJURY AND / OR TOW DUE TO CRASH,Y,"$501 - $1,500",05/19/2021 10:47:00 AM,FOLLOWING TOO CLOSELY,FAILING TO REDUCE SPEED TO AVOID CRASH,,2,NONINCAPACITATING INJURY,1.0,0.0,0.0,1.0,0.0,1.0,0.0,10,4,5,41.74888097,-87.634860796,POINT (-87.63486079575 41.748880970247),POINT (1174848.895546946 1851856.8503571455),2021,8000 S VINCENNES AVE
O1090649,DRIVER,c17faf37717f6b618d113b69f43713b47fdbf85f0859ea23f10af175c0f765437049c2d9e1214e462026fb2783bee1c5d08df024a51e82dd8870a158f5f0f2f0,1034443.0,M,47.0,NOT APPLICABLE,NONE,INCAPACITATING INJURY,NONE,UNKNOWN,UNKNOWN,,,,,2021-05-01 16:00:00,30,CLEAR,DAYLIGHT,TURNING,NOT DIVIDED,DRY,NO DEFECTS,NOT ON SCENE (DESK REPORT),INJURY AND / OR TOW DUE TO CRASH,,"$501 - $1,500",05/07/2021 01:50:00 PM,FAILING TO YIELD RIGHT-OF-WAY,NOT APPLICABLE,,2,INCAPACITATING INJURY,1.0,0.0,1.0,0.0,0.0,1.0,0.0,16,7,5,42.012111639,-87.692951611,POINT (-87.692951611074 42.012111639457),POINT (1158281.2868128037 1947654.4419765389),2021,2501 W TOUHY AVE
P239107,PASSENGER,2dbbbac8f25a12cbcc4aa257b8f306ff9ce6e91ad788cb34fa338aa378c8386e8cc26e56c5234975fa660fc01d42fb7f15e0f3d5312ec18149c5cff8b07e2c47,1009546.0,F,49.0,NOT APPLICABLE,NONE,NO INDICATION OF INJURY,,,,,,,,2021-03-25 13:30:00,35,CLEAR,DAYLIGHT,FIXED OBJECT,NOT DIVIDED,DRY,NO DEFECTS,ON SCENE,INJURY AND / OR TOW DUE TO CRASH,,"OVER $1,500",03/25/2021 01:30:00 PM,EQUIPMENT - VEHICLE CONDITION,UNABLE TO DETERMINE,,2,NONINCAPACITATING INJURY,5.0,0.0,0.0,5.0,0.0,5.0,0.0,13,5,3,41.875638222,-87.696291743,POINT (-87.696291743451 41.875638221553),POINT (1157743.1613479163 1897916.3885854776),2021,410 S CALIFORNIA AVE
O1063315,DRIVER,56091b62442aabc84a7f3933d7ce30f1d137ef7b79987a85ac234b360827861bfd7c88a29833dcfeb79281ed0128eac33358771060de815bd7916781a9de2598,1008362.0,M,27.0,DID NOT DEPLOY,NONE,NO INDICATION OF INJURY,OTHER,NOT OBSCURED,NORMAL,,,,,2021-03-22 10:20:00,30,UNKNOWN,DAYLIGHT,PARKED MOTOR VEHICLE,ONE-WAY,UNKNOWN,UNKNOWN,NOT ON SCENE (DESK REPORT),NO INJURY / DRIVE AWAY,,"OVER $1,500",03/23/2021 08:50:00 AM,UNABLE TO DETERMINE,NOT APPLICABLE,,2,NO INDICATION OF INJURY,0.0,0.0,0.0,0.0,0.0,1.0,0.0,10,2,3,41.943789397,-87.645307827,POINT (-87.645307826839 41.943789396604),POINT (1171429.085522812 1922857.9223376282),2021,618 W ROSCOE ST