PERSON_ID,PERSON_TYPE,CRASH_RECORD_ID,VEHICLE_ID,SEX,AGE,AIRBAG_DEPLOYED,EJECTION,INJURY_CLASSIFICATION,DRIVER_ACTION,DRIVER_VISION,PHYSICAL_CONDITION,PEDPEDAL_ACTION,PEDPEDAL_VISIBILITY,PEDPEDAL_LOCATION,CRASH_DATE_EST_I,CRASH_DATE,POSTED_SPEED_LIMIT,WEATHER_CONDITION,LIGHTING_CONDITION,FIRST_CRASH_TYPE,TRAFFICWAY_TYPE,ROADWAY_SURFACE_COND,ROAD_DEFECT,REPORT_TYPE,CRASH_TYPE,HIT_AND_RUN_I,DAMAGE,DATE_POLICE_NOTIFIED,PRIM_CONTRIBUTORY_CAUSE,SEC_CONTRIBUTORY_CAUSE,DOORING_I,NUM_UNITS,MOST_SEVERE_INJURY,INJURIES_TOTAL,INJURIES_FATAL,INJURIES_INCAPACITATING,INJURIES_NON_INCAPACITATING,INJURIES_REPORTED_NOT_EVIDENT,INJURIES_NO_INDICATION,INJURIES_UNKNOWN,CRASH_HOUR,CRASH_DAY_OF_WEEK,CRASH_MONTH,LATITUDE,LONGITUDE,LOCATION,geometry,YEAR,ADDRESS
O1035248,DRIVER,3ead28d4f12d7364a1d8ad14cb8f221f913d4a12a7fbdbe0c53d51780e767b6caa008ac654564b5407aadd4541098f165eccf638086d44cad9a343b765246c45,981274.0,M,23.0,NOT APPLICABLE,NONE,NO INDICATION OF INJURY,UNKNOWN,UNKNOWN,UNKNOWN,,,,,2021-02-03 12:00:00,30,CLEAR,DAYLIGHT,SIDESWIPE SAME DIRECTION,ONE-WAY,UNKNOWN,UNKNOWN,NOT ON SCENE (DESK REPORT),NO INJURY / DRIVE AWAY,,"$501 - $1,500",02/03/2021 06:45:00 PM,UNABLE TO DETERMINE,UNABLE TO DETERMINE,,2,NO INDICATION OF INJURY,0.0,0.0,0.0,0.0,0.0,2.0,0.0,12,4,2,41.998308806,-87.659696383,POINT (-87.659696383256 41.99830880639),POINT (1167358.406436593 1942693.9588571612),2021,6401 N SHERIDAN RD
O1245332,DRIVER,e1239809461ca2ff438369a19ef4981cc8fde88943d13bccf242353655626089f6fe0817f72c689936917bd2771602e7ce06a4f61e5223e7f5e59bb018fc39fb,1181970.0,M,22.0,NOT APPLICABLE,NONE,NO INDICATION OF INJURY,FOLLOWED TOO CLOSELY,UNKNOWN,UNKNOWN,,,,,2021-12-11 23:00:00,25,CLEAR,"DARKNESS, LIGHTED ROAD",REAR END,NOT DIVIDED,DRY,NO DEFECTS,,NO INJURY / DRIVE AWAY,,"$501 - $1,500",12/11/2021 11:10:00 PM,IMPROPER LANE USAGE,NOT APPLICABLE,,2,NO INDICATION OF INJURY,0.0,0.0,0.0,0.0,0.0,2.0,0.0,23,7,12,41.789329323,-87.741645644,POINT (-87.741645644196 41.789329323265),POINT (1145607.9660026962 1866377.416162628),2021,5700 S CICERO AVE
O1249998,DRIVER,d0d3b0db9888d6ab2d7b9d2fac898d75609eeb9f4a5b2d228e6cb7e4b9fef3730f6835079dfe5f8479dfee1cdb10bf301aa6c7285ff93cd3a4c5f5d020528bfd,1186467.0,M,,DEPLOYMENT UNKNOWN,NONE,NO INDICATION OF INJURY,UNKNOWN,UNKNOWN,UNKNOWN,,,,,2021-12-20 19:35:00,30,CLEAR,"DARKNESS, LIGHTED ROAD",REAR END,DIVIDED - W/MEDIAN BARRIER,DRY,NO DEFECTS,NOT ON SCENE (DESK REPORT),NO INJURY / DRIVE AWAY,Y,"OVER $1,500",12/20/2021 08:30:00 PM,UNABLE TO DETERMINE,UNABLE TO DETERMINE,,2,NO INDICATION OF INJURY,0.0,0.0,0.0,0.0,0.0,2.0,0.0,19,2,12,41.869069924,-87.719469576,POINT (-87.719469576463 41.869069924032),POINT (1151447.954412092 1895476.9158933419),2021,933 S INDEPENDENCE BLVD
O1136789,DRIVER,fa69988bc88f76b6aac678260b44e5c9e96bb06d6143740ded464729c75095049ce88809fbbaf9bc9e9fe888448e0812a9668fbc847abc1c1dfef86515b2b919,1078272.0,M,30.0,DID NOT DEPLOY,NONE,NO INDICATION OF INJURY,NONE,NOT OBSCURED,NORMAL,,,,,2021-07-10 00:00:00,30,CLEAR,"DARKNESS, LIGHTED ROAD",ANGLE,FOUR WAY,DRY,NO DEFECTS,NOT ON SCENE (DESK REPORT),NO INJURY / DRIVE AWAY,Y,"OVER $1,500",07/10/2021 01:10:00 AM,DISREGARDING TRAFFIC SIGNALS,FAILING TO YIELD RIGHT-OF-WAY,,2,NO INDICATION OF INJURY,0.0,0.0,0.0,0.0,0.0,2.0,0.0,0,7,7,41.736613967,-87.61444973,POINT (-87.614449730497 41.736613967437),POINT (1180456.03398224 1847432.7428950958),2021,400 E 87TH ST
O1030355,DRIVER,07d27e4dca5b1644f0691128a07af661879d1bdaf05d1ffd81aee5793688961424c8f5cf4f6cd122f301a98881de9620b0cdcb2fe70e09e7df27a3de8cfd1ab6,976574.0,F,46.0,DID NOT DEPLOY,NONE,NO INDICATION OF INJURY,NONE,NOT OBSCURED,NORMAL,,,,,2021-01-25 18:45:00,30,SNOW,"DARKNESS, LIGHTED ROAD",TURNING,FOUR WAY,WET,NO DEFECTS,ON SCENE,NO INJURY / DRIVE AWAY,,"OVER $1,500",01/25/2021 06:48:00 PM,DISREGARDING STOP SIGN,FAILING TO YIELD RIGHT-OF-WAY,,2,NO INDICATION OF INJURY,0.0,0.0,0.0,0.0,0.0,2.0,0.0,18,2,1,41.822576992,-87.699656491,POINT (-87.69965649132 41.822576992403),POINT (1156969.4714915343 1878574.268259666),2021,3001 W PERSHING RD
O1108270,DRIVER,a8b8bcb4d99e5fe11ba5636f41ad8010bbfe52a4cfbce4318cb0dfc86628e361d8d82c22ff831cf6410ab18bcaae9bbae6c0f0e2ded232f7be32f71939b6c060,1053479.0,F,31.0,DID NOT DEPLOY,NONE,NO INDICATION OF INJURY,NONE,NOT OBSCURED,NORMAL,,,,,2021-06-02 09:55:00,35,CLEAR,DAYLIGHT,REAR END,PARKING LOT,DRY,NO DEFECTS,NOT ON SCENE (DESK REPORT),NO INJURY / DRIVE AWAY,Y,$500 OR LESS,06/02/2021 12:35:00 PM,UNABLE TO DETERMINE,UNABLE TO DETERMINE,,2,NO INDICATION OF INJURY,0.0,0.0,0.0,0.0,0.0,2.0,0.0,9,4,6,41.796234875,-87.630404924,POINT (-87.630404924387 41.796234875219),POINT (1175923.7847811761 1869122.1591562668),2021,5401 S WENTWORTH AVE
O1039543,DRIVER,486bda18b3d951a4c45b0b594efccbea8ac80b4fb742ce16c6e3ea98282e4a830a431a689cc2e724a630449ef641b5b3e41c21ecb3c2663902c569b70c3ff2a3,985390.0,X,,DEPLOYMENT UNKNOWN,NONE,NO INDICATION OF INJURY,UNKNOWN,UNKNOWN,UNKNOWN,,,,,2021-02-09 19:30:00,25,CLEAR,"DARKNESS, LIGHTED ROAD",PARKED MOTOR VEHICLE,ONE-WAY,SNOW OR SLUSH,NO DEFECTS,ON SCENE,NO INJURY / DRIVE AWAY,Y,"OVER $1,500",02/09/2021 11:08:00 PM,FAILING TO REDUCE SPEED TO AVOID CRASH,UNABLE TO DETERMINE,,2,NO INDICATION OF INJURY,0.0,0.0,0.0,0.0,0.0,1.0,0.0,19,3,2,41.931849588,-87.797800398,POINT (-87.797800397802 41.931849588014),POINT (1129970.12420607 1918210.943336119),2021,2833 N NEW ENGLAND AVE
O1242243,DRIVER,6093aee33f99b44f7fe9bbea3ea2890b47bc087943c801e7f2d93a9907f7a123a033bef99d6e36e0fed979ae970fd85bf2a51f52f4b3924b46220935c013095e,1179067.0,M,,DEPLOYMENT UNKNOWN,NONE,NO INDICATION OF INJURY,IMPROPER PASSING,UNKNOWN,UNKNOWN,,,,,2021-12-08 19:30:00,30,CLEAR,"DARKNESS, LIGHTED ROAD",SIDESWIPE SAME DIRECTION,ONE-WAY,DRY,NO DEFECTS,NOT ON SCENE (DESK REPORT),NO INJURY / DRIVE AWAY,Y,"OVER $1,500",12/08/2021 09:00:00 PM,IMPROPER OVERTAKING/PASSING,NOT APPLICABLE,,2,NO INDICATION OF INJURY,0.0,0.0,0.0,0.0,0.0,3.0,0.0,19,4,12,41.849043363,-87.613061411,POINT (-87.613061410828 41.849043363023),POINT (1180491.7043440097 1888404.497453497),2021,2400 S LAKE SHORE DR W
O1128520,DRIVER,6b005420a1a62c32fb3599df9dd3bda14468d80a6335a82357655b7670e3b4618f249e17ff3ff76eddb0aef9ae975b84db1769d53ef058f18980577fe5aa3781,1070493.0,M,33.0,NOT APPLICABLE,NONE,"REPORTED, NOT EVIDENT",UNKNOWN,UNKNOWN,NORMAL,,,,,2021-06-28 17:01:00,30,RAIN,DAYLIGHT,ANGLE,NOT DIVIDED,WET,NO DEFECTS,ON SCENE,INJURY AND / OR TOW DUE TO CRASH,,"OVER $1,500",06/28/2021 05:06:00 PM,DISREGARDING STOP SIGN,FAILING TO YIELD RIGHT-OF-WAY,,2,"REPORTED, NOT EVIDENT",2.0,0.0,0.0,0.0,2.0,2.0,0.0,17,2,6,41.809607296,-87.607656169,POINT (-87.607656169034 41.809607295936),POINT (1182085.7879949387 1874046.5415120707),2021,4699 S EVANS AVE
O1181815,DRIVER,b69f580ed0e937091d62273d4a54667c61f2422920c0020eeebda13e6e0b1ed4352cb4a0d62f3797ef76972d9895d3cc6073e1ab83b8c7040a41b58913bd8bc3,1121207.0,M,20.0,DID NOT DEPLOY,NONE,NO INDICATION OF INJURY,WRONG WAY/SIDE,NOT OBSCURED,NORMAL,,,,,2021-09-12 03:11:00,30,CLEAR,"DARKNESS, LIGHTED ROAD",PARKED MOTOR VEHICLE,NOT DIVIDED,DRY,NO DEFECTS,ON SCENE,INJURY AND / OR TOW DUE TO CRASH,,"$501 - $1,500",09/12/2021 03:14:00 AM,FAILING TO REDUCE SPEED TO AVOID CRASH,NOT APPLICABLE,,3,NO INDICATION OF INJURY,0.0,0.0,0.0,0.0,0.0,2.0,0.0,3,1,9,41.832578753,-87.670300768,POINT (-87.670300767983 41.832578752641),POINT (1164942.787979481 1882279.2450785355),2021,3351 S WOOD ST
O1179803,DRIVER,9075016b3bce60500d98ed0516bd50abcc1c00277d029a552fe4a9858cd5332c8b36cc84f5fad2792ea5481cc3476f33b0976cbe7c2cd051ac4de821b59f2bc3,1119294.0,M,,DEPLOYMENT UNKNOWN,NONE,NO INDICATION OF INJURY,FAILED TO YIELD,UNKNOWN,UNKNOWN,,,,,2021-09-08 16:30:00,30,CLEAR,DAYLIGHT,ANGLE,NOT DIVIDED,DRY,NO DEFECTS,NOT ON SCENE (DESK REPORT),NO INJURY / DRIVE AWAY,Y,"OVER $1,500",09/09/2021 10:30:00 AM,FAILING TO YIELD RIGHT-OF-WAY,FAILING TO YIELD RIGHT-OF-WAY,,2,NO INDICATION OF INJURY,0.0,0.0,0.0,0.0,0.0,2.0,0.0,16,4,9,41.768738687,-87.673779557,POINT (-87.673779556781 41.76873868735),POINT (1164173.2271592123 1859009.0184717919),2021,6850 S DAMEN AVE
O1075814,DRIVER,211205e68ab98c3e64759715cce27c28720d4c610c72f08649f288d75d1078a340c568e5890e983b3236c1cf590a0705228657f00d3bdc858faebe1b6e904f34,1020274.0,M,,NOT APPLICABLE,NONE,NO INDICATION OF INJURY,NONE,NOT OBSCURED,NORMAL,,,,,2021-04-06 14:30:00,30,CLEAR,DAYLIGHT,ANGLE,NOT DIVIDED,DRY,NO DEFECTS,NOT ON SCENE (DESK REPORT),NO INJURY / DRIVE AWAY,,"OVER $1,500",04/13/2021 02:05:00 PM,UNABLE TO DETERMINE,NOT APPLICABLE,,2,NO INDICATION OF INJURY,0.0,0.0,0.0,0.0,0.0,2.0,0.0,14,3,4,41.758727998,-87.741535662,POINT (-87.741535662317 41.75872799769),POINT (1145714.6909450558 1855226.754892055),2021,7401 S CICERO AVE
O1151601,DRIVER,736ebb63d0bdf02a3fe94332c4b9565e2e1ff48065c44d8d6944fb4fb6f7169462f4705cba615d83b8be1465032be52fa4ffc23d104c78de64a639e88a08a63a,1092388.0,M,29.0,DID NOT DEPLOY,NONE,NO INDICATION OF INJURY,UNKNOWN,NOT OBSCURED,NORMAL,,,,N,2021-07-31 02:18:00,30,CLEAR,"DARKNESS, LIGHTED ROAD",SIDESWIPE SAME DIRECTION,NOT DIVIDED,DRY,NO DEFECTS,ON SCENE,INJURY AND / OR TOW DUE TO CRASH,,"OVER $1,500",07/31/2021 02:18:00 AM,UNABLE TO DETERMINE,UNABLE TO DETERMINE,,2,NONINCAPACITATING INJURY,2.0,0.0,0.0,2.0,0.0,4.0,0.0,2,7,7,41.910546981,-87.680108062,POINT (-87.6801080616 41.910546980784),POINT (1162053.8322425329 1910670.2557476433),2021,2100 W NORTH AVE
O1222429,DRIVER,c17f529b1d19bb413c85a40e5a858eac435aabb6aa6bedd11f44318f2f8ce878505f4545d19f86c2322872f491a20a15092c06431bf34e3c3867f3aef789c1de,1160008.0,M,31.0,NOT APPLICABLE,NONE,NO INDICATION OF INJURY,NONE,NOT OBSCURED,NORMAL,,,,,2021-11-07 12:08:00,30,CLEAR,DAYLIGHT,TURNING,DIVIDED - W/MEDIAN BARRIER,DRY,NO DEFECTS,ON SCENE,INJURY AND / OR TOW DUE TO CRASH,N,"OVER $1,500",11/07/2021 12:10:00 PM,FAILING TO YIELD RIGHT-OF-WAY,NOT APPLICABLE,,3,NO INDICATION OF INJURY,0.0,0.0,0.0,0.0,0.0,6.0,0.0,12,1,11,41.911160241,-87.638740951,POINT (-87.638740950988 41.911160241295),POINT (1173311.9499124107 1910982.1975044063),2021,1600 N SEDGWICK ST
O1049444,DRIVER,a9d453e44dc406afb31391b42e2df72133dbf42a48531a2cbedc244e62340ec1736863077bc80e71910bdea6e45bb7f6639fd357a3cfe2709c1001e277ff0f3f,995029.0,M,28.0,DID NOT DEPLOY,NONE,NO INDICATION OF INJURY,NONE,NOT OBSCURED,NORMAL,,,,,2021-02-25 12:30:00,30,CLEAR,DAYLIGHT,TURNING,NOT DIVIDED,WET,NO DEFECTS,ON SCENE,INJURY AND / OR TOW DUE TO CRASH,,"OVER $1,500",02/25/2021 12:44:00 PM,FAILING TO YIELD RIGHT-OF-WAY,NOT APPLICABLE,,2,NO INDICATION OF INJURY,0.0,0.0,0.0,0.0,0.0,2.0,0.0,12,5,2,41.848281031,-87.686153618,POINT (-87.686153617915 41.848281031221),POINT (1160579.358729146 1887968.1493654118),2021,2415 W 24TH ST
O1140939,DRIVER,d1764b14f08cfd2ec111d9645658fa3751ab9deb3f30ae0499bb8beb850248550d1d05b5aa796a7a9eb96f0fe9c55983b6d1dc79aa76c2b571dff2f7f9b75d48,1082240.0,M,65.0,DID NOT DEPLOY,NONE,NO INDICATION OF INJURY,UNKNOWN,NOT OBSCURED,NORMAL,,,,,2021-07-16 14:45:00,30,CLEAR,DAYLIGHT,REAR END,DIVIDED - W/MEDIAN (NOT RAISED),DRY,NO DEFECTS,NOT ON SCENE (DESK REPORT),NO INJURY / DRIVE AWAY,Y,"$501 - $1,500",07/16/2021 03:30:00 PM,UNABLE TO DETERMINE,NOT APPLICABLE,,2,NO INDICATION OF INJURY,0.0,0.0,0.0,0.0,0.0,2.0,0.0,14,6,7,41.8377949,-87.685148751,POINT (-87.685148751027 41.837794899723),POINT (1160881.982486667 1884149.105309199),2021,3100 S WESTERN AVE
O1119818,DRIVER,95c485e029374bdfc1131c28321f87ce985f812e0d1d3acf8e9738fa51eb3a6d2287f71b0507b6d5463955069585675fe9504bcaf3e1ef32462a73c122940c18,1062176.0,M,38.0,NOT APPLICABLE,NONE,NO INDICATION OF INJURY,UNKNOWN,UNKNOWN,UNKNOWN,,,,Y,2021-06-17 07:13:00,30,CLEAR,DAYLIGHT,ANGLE,FOUR WAY,DRY,NO DEFECTS,ON SCENE,INJURY AND / OR TOW DUE TO CRASH,Y,"OVER $1,500",06/17/2021 07:27:00 AM,IMPROPER LANE USAGE,IMPROPER OVERTAKING/PASSING,,2,NO INDICATION OF INJURY,0.0,0.0,0.0,0.0,0.0,2.0,0.0,7,5,6,41.89488833,-87.745950667,POINT (-87.745950667106 41.894888330427),POINT (1144170.8836329076 1904834.6365539862),2021,756 N CICERO AVE
O1155163,DRIVER,6c20d33ffce04e7edf0d21094551be2018c7a7b796c173efcb943c0d5323b63f253022008bdf9f513a5df65ba9af171bbaead211044e9300a9c909f4152133b9,1095740.0,F,51.0,DID NOT DEPLOY,NONE,NO INDICATION OF INJURY,IMPROPER LANE CHANGE,NOT OBSCURED,NORMAL,,,,,2021-08-05 07:45:00,30,CLEAR,DAYLIGHT,SIDESWIPE SAME DIRECTION,NOT DIVIDED,DRY,NO DEFECTS,NOT ON SCENE (DESK REPORT),NO INJURY / DRIVE AWAY,,"OVER $1,500",08/05/2021 07:59:00 AM,IMPROPER OVERTAKING/PASSING,NOT APPLICABLE,,2,NO INDICATION OF INJURY,0.0,0.0,0.0,0.0,0.0,2.0,0.0,7,5,8,41.857816773,-87.623785007,POINT (-87.623785007005 41.857816773234),POINT (1177543.571887038 1891577.183636446),2021,1801 S MICHIGAN AVE
P275253,PASSENGER,2277c5fe151db3d510c58b97f66abf1ee456ed56fb7223f6561bc7f8f2b510ac7eafff23adc36c718d5d06f28c2a3f33e3d56cc30e82f9710b674c0918c1ec0e,1166917.0,M,21.0,DID NOT DEPLOY,NONE,NO INDICATION OF INJURY,,,,,,,,2021-11-18 13:09:00,30,CLEAR,DAYLIGHT,ANGLE,FOUR WAY,DRY,NO DEFECTS,ON SCENE,INJURY AND / OR TOW DUE TO CRASH,,"OVER $1,500",11/18/2021 01:11:00 PM,DISREGARDING TRAFFIC SIGNALS,FAILING TO REDUCE SPEED TO AVOID CRASH,,3,NO INDICATION OF INJURY,0.0,0.0,0.0,0.0,0.0,5.0,0.0,13,5,11,41.736182571,-87.643659815,POINT (-87.643659815136 41.736182571052),POINT (1172484.893774803 1847210.3059766975),2021,800 W 87TH ST
O1073842,DRIVER,6e74bf1a86bcb0df5d9daddaf5b69c6637d483f1a3c387828234b43d12a1386b5d3f5d894536f47739b211899b1d94baf44e22470ec468fafe911c814a0a9e34,1018410.0,M,29.0,"DEPLOYED, FRONT",NONE,NO INDICATION OF INJURY,UNKNOWN,NOT OBSCURED,UNKNOWN,,,,,2021-04-10 00:02:00,15,CLEAR,DARKNESS,FIXED OBJECT,PARKING LOT,DRY,NO DEFECTS,ON SCENE,INJURY AND / OR TOW DUE TO CRASH,,"OVER $1,500",04/10/2021 12:03:00 AM,DRIVING SKILLS/KNOWLEDGE/EXPERIENCE,NOT APPLICABLE,,1,NO INDICATION OF INJURY,0.0,0.0,0.0,0.0,0.0,3.0,0.0,0,7,4,41.889095178,-87.631569424,POINT (-87.631569424082 41.88909517779),POINT (1175329.759536158 1902957.5677384408),2021,111 W KINZIE ST
O1078003,DRIVER,ba6ddc11613d9e58bd7218d91f2862e55c2a361f1a177304bda09b2be0967d93d0d274814482805e4c30c777055c595d2fba7f5702572babbac38b31d08f5942,1022347.0,F,48.0,DID NOT DEPLOY,NONE,NO INDICATION OF INJURY,OTHER,NOT OBSCURED,NORMAL,,,,,2021-04-17 11:00:00,30,CLEAR,DAYLIGHT,REAR END,NOT DIVIDED,DRY,NO DEFECTS,NOT ON SCENE (DESK REPORT),NO INJURY / DRIVE AWAY,,"OVER $1,500",04/17/2021 11:20:00 AM,FOLLOWING TOO CLOSELY,FOLLOWING TOO CLOSELY,,2,NO INDICATION OF INJURY,0.0,0.0,0.0,0.0,0.0,2.0,0.0,11,7,4,41.743504558,-87.636662798,POINT (-87.636662798126 41.743504557606),POINT (1174373.0248380343 1849893.748609847),2021,8300 S VINCENNES AVE
O1084793,DRIVER,0fa0b803b121867137fe80a9fd32489efcbf8ecc374e6dd2f99b3e0c80017c8428a3306ec94e68250d4aecf0ea2ab463ed8507818bfb3e938b8e940bc72da530,1028834.0,F,22.0,DEPLOYMENT UNKNOWN,NONE,NONINCAPACITATING INJURY,FAILED TO YIELD,UNKNOWN,UNKNOWN,,,,Y,2021-04-28 19:24:00,30,UNKNOWN,DUSK,ANGLE,FOUR WAY,WET,NO DEFECTS,ON SCENE,INJURY AND / OR TOW DUE TO CRASH,,"OVER $1,500",04/28/2021 07:40:00 PM,FAILING TO YIELD RIGHT-OF-WAY,FAILING TO YIELD RIGHT-OF-WAY,,2,NONINCAPACITATING INJURY,3.0,0.0,0.0,3.0,0.0,1.0,0.0,19,4,4,41.882040356,-87.771752388,POINT (-87.771752387632 41.882040355908),POINT (1137176.7181255498 1900105.8163485175),2021,5899 W WASHINGTON BLVD
O1124485,DRIVER,fa01b2d0d5ebfa45d3948e2815c92255f23eb95ed3b40f6bebfa3fcb5408fbcee6a66f3ad210384eec022e3474922da26dae22691a50d25f5f92310094f09c08,1066625.0,M,35.0,NOT APPLICABLE,NONE,NO INDICATION OF INJURY,NONE,UNKNOWN,NORMAL,,,,,2021-06-22 12:57:00,40,CLEAR,DAYLIGHT,SIDESWIPE SAME DIRECTION,DIVIDED - W/MEDIAN BARRIER,DRY,UNKNOWN,ON SCENE,INJURY AND / OR TOW DUE TO CRASH,,"OVER $1,500",06/22/2021 01:00:00 PM,UNABLE TO DETERMINE,UNABLE TO DETERMINE,,2,"REPORTED, NOT EVIDENT",1.0,0.0,0.0,0.0,1.0,4.0,0.0,12,3,6,41.92616072,-87.631514665,POINT (-87.631514664826 41.926160719812),POINT (1175234.1586174504 1916464.4079675975),2021,2400 N LAKE SHORE DR NB
P260612,PASSENGER,d67be1a079d86a6eddfd1da9e676bc086b57d5151c6f5878056ff2e683abee943ce4b4d236773fe0aff42dee0b37264b816f1009f06cca0a3f6b5269c2488366,1102143.0,F,2.0,"DEPLOYED, COMBINATION",NONE,NO INDICATION OF INJURY,,,,,,,,2021-08-14 04:28:00,30,CLEAR,DAYLIGHT,ANGLE,FOUR WAY,DRY,NO DEFECTS,ON SCENE,INJURY AND / OR TOW DUE TO CRASH,,"OVER $1,500",08/14/2021 04:30:00 AM,DISREGARDING STOP SIGN,FAILING TO YIELD RIGHT-OF-WAY,,3,NONINCAPACITATING INJURY,2.0,0.0,0.0,2.0,0.0,5.0,0.0,4,7,8,41.9078977,-87.746212915,POINT (-87.746212914515 41.907897700184),POINT (1144067.0399164963 1909574.7575759955),2021,1500 N CICERO AVE
O1070227,DRIVER,8e8c0e143447ee40d523d324271491c9e1163f22244048c32125850d7bb78316c6cffe185661c42b09e89361acd5a92b7b3779faa5278a313a59af59f573ee3b,1014924.0,F,25.0,DID NOT DEPLOY,NONE,NO INDICATION OF INJURY,NONE,NOT OBSCURED,NORMAL,,,,N,2021-04-03 18:55:00,25,CLEAR,DARKNESS,TURNING,ONE-WAY,DRY,NO DEFECTS,ON SCENE,NO INJURY / DRIVE AWAY,Y,"$501 - $1,500",04/03/2021 07:52:00 PM,UNABLE TO DETERMINE,UNABLE TO DETERMINE,,2,NO INDICATION OF INJURY,0.0,0.0,0.0,0.0,0.0,3.0,0.0,18,7,4,41.808348434,-87.695577396,POINT (-87.695577396206 41.808348434083),POINT (1158119.78386347 1873397.6845784944),2021,4658 S MOZART ST
P265907,PASSENGER,0eff3ba3f23a642ab577cefa08c6058f6fe3489ae4461e9f5316f6bbead978c54244d1b7e8b6bc9a41f218be5ab9be7ea2f15831d3d476974016b499817b22ca,1124848.0,F,,DID NOT DEPLOY,NONE,NO INDICATION OF INJURY,,,,,,,,2021-09-17 09:57:00,30,CLEAR,DAYLIGHT,SIDESWIPE SAME DIRECTION,NOT DIVIDED,DRY,NO DEFECTS,NOT ON SCENE (DESK REPORT),NO INJURY / DRIVE AWAY,,"OVER $1,500",09/17/2021 10:29:00 AM,IMPROPER OVERTAKING/PASSING,NOT APPLICABLE,,2,NO INDICATION OF INJURY,0.0,0.0,0.0,0.0,0.0,3.0,0.0,9,6,9,41.89097123,-87.624276946,POINT (-87.624276945562 41.890971229645),POINT (1177309.753709081 1903657.5245126085),2021,500 N MICHIGAN AVE
O1156867,DRIVER,eae7f6ff4adb3cd1d8e9d557e71c85189675c90f587b734bad2b5f1252f3c345721e0836b61f5c04def6b05703254b41f9b02085a9587eb36b2f5d37c5b1565a,1097389.0,M,69.0,NOT APPLICABLE,NONE,NO INDICATION OF INJURY,NONE,NOT OBSCURED,NORMAL,,,,,2021-08-07 12:00:00,30,CLEAR,DAYLIGHT,TURNING,NOT DIVIDED,DRY,NO DEFECTS,NOT ON SCENE (DESK REPORT),NO INJURY / DRIVE AWAY,,"OVER $1,500",08/07/2021 01:30:00 PM,UNABLE TO DETERMINE,UNABLE TO DETERMINE,,2,NO INDICATION OF INJURY,0.0,0.0,0.0,0.0,0.0,2.0,0.0,12,7,8,41.931221547,-87.761788137,POINT (-87.761788137357 41.931221546592),POINT (1139770.728607699 1918045.348775136),2021,5411 W DIVERSEY AVE
O1212501,DRIVER,689030827acec958b1cea0b6d2cc6501a508070be5f9be435ce35eb50b823b51ff02e234a2fa815651737f429852485535b5f3aa6379c8647ad3ec926335c9c4,1150499.0,F,44.0,NOT APPLICABLE,NONE,NO INDICATION OF INJURY,UNKNOWN,UNKNOWN,NORMAL,,,,,2021-10-25 08:45:00,30,RAIN,DAYLIGHT,REAR END,NOT DIVIDED,WET,UNKNOWN,NOT ON SCENE (DESK REPORT),NO INJURY / DRIVE AWAY,,"OVER $1,500",10/25/2021 09:10:00 AM,WEATHER,WEATHER,,2,NO INDICATION OF INJURY,0.0,0.0,0.0,0.0,0.0,4.0,0.0,8,2,10,41.879332621,-87.635382399,POINT (-87.635382399203 41.879332621351),POINT (1174320.471453965 1899391.629807771),2021,200 S FRANKLIN ST
O1236800,PEDESTRIAN,cef5be8b77cab285725b32b36c32266508c444ec6f8785aa11c4e238fe28b2a0c6dfcc3f1be475be7bbc3c66be3054a136a97f6f34e86110ca42227b3ef9dd89,,M,17.0,,,NONINCAPACITATING INJURY,NONE,UNKNOWN,NORMAL,CROSSING - NO CONTROLS (AT INTERSECTION),NO CONTRASTING CLOTHING,IN CROSSWALK,,2021-11-30 07:45:00,30,CLEAR,DAYLIGHT,PEDESTRIAN,NOT DIVIDED,DRY,UNKNOWN,NOT ON SCENE (DESK REPORT),INJURY AND / OR TOW DUE TO CRASH,Y,$500 OR LESS,11/30/2021 12:30:00 PM,UNABLE TO DETERMINE,NOT APPLICABLE,,2,NONINCAPACITATING INJURY,1.0,0.0,0.0,1.0,0.0,1.0,0.0,7,3,11,41.908284856,-87.731435769,POINT (-87.731435769016 41.908284856307),POINT (1148088.4770365641 1909743.7161268191),2021,4202 W GRAND AVE
O1216047,DRIVER,347818e3e8be046190666d58f757c50ac223cd0763a978547861a85c67c1db6d8d3349d18981ba3d3275505b82ce58ba5ac5901834c0e21ae121c4a9a3cb2f63,1153867.0,F,31.0,DID NOT DEPLOY,NONE,NO INDICATION OF INJURY,NONE,NOT OBSCURED,NORMAL,,,,,2021-10-29 17:30:00,25,RAIN,DARKNESS,REAR END,NOT DIVIDED,WET,NO DEFECTS,NOT ON SCENE (DESK REPORT),NO INJURY / DRIVE AWAY,,"$501 - $1,500",10/29/2021 05:52:00 PM,NOT APPLICABLE,NOT APPLICABLE,,2,NO INDICATION OF INJURY,0.0,0.0,0.0,0.0,0.0,3.0,0.0,17,6,10,41.877019319,-87.739548415,POINT (-87.739548414858 41.877019319327),POINT (1145959.0240951348 1898335.1900129085),2021,4542 W JACKSON BLVD
O1127917,DRIVER,0fe65532ebc823fc33beb56714b7372d2c415738c01c22dbfe118203be5c7bd6d13c6efcf17e54f4298b8c2700f1d5d061fbb7ce64a59e8f9b08cb63786fbc01,1069893.0,M,36.0,NOT APPLICABLE,NONE,NO INDICATION OF INJURY,NONE,NOT OBSCURED,NORMAL,,,,,2021-06-27 22:17:00,30,CLEAR,"DARKNESS, LIGHTED ROAD",TURNING,CENTER TURN LANE,DRY,NO DEFECTS,ON SCENE,INJURY AND / OR TOW DUE TO CRASH,Y,"OVER $1,500",06/27/2021 11:17:00 PM,UNABLE TO DETERMINE,UNABLE TO DETERMINE,,2,NO INDICATION OF INJURY,0.0,0.0,0.0,0.0,0.0,2.0,0.0,22,1,6,41.853720247,-87.654648156,POINT (-87.654648155649 41.853720247147),POINT (1169147.6561108425 1890016.4493601352),2021,1139 W 21ST ST