PERSON_ID,PERSON_TYPE,CRASH_RECORD_ID,VEHICLE_ID,SEX,AGE,AIRBAG_DEPLOYED,EJECTION,INJURY_CLASSIFICATION,DRIVER_ACTION,DRIVER_VISION,PHYSICAL_CONDITION,PEDPEDAL_ACTION,PEDPEDAL_VISIBILITY,PEDPEDAL_LOCATION,CRASH_DATE_EST_I,CRASH_DATE,POSTED_SPEED_LIMIT,WEATHER_CONDITION,LIGHTING_CONDITION,FIRST_CRASH_TYPE,TRAFFICWAY_TYPE,ROADWAY_SURFACE_COND,ROAD_DEFECT,REPORT_TYPE,CRASH_TYPE,HIT_AND_RUN_I,DAMAGE,DATE_POLICE_NOTIFIED,PRIM_CONTRIBUTORY_CAUSE,SEC_CONTRIBUTORY_CAUSE,DOORING_I,NUM_UNITS,MOST_SEVERE_INJURY,INJURIES_TOTAL,INJURIES_FATAL,INJURIES_INCAPACITATING,INJURIES_NON_INCAPACITATING,INJURIES_REPORTED_NOT_EVIDENT,INJURIES_NO_INDICATION,INJURIES_UNKNOWN,CRASH_HOUR,CRASH_DAY_OF_WEEK,CRASH_MONTH,LATITUDE,LONGITUDE,LOCATION,geometry,YEAR,ADDRESS
O1126898,DRIVER,8f65b693df1ebf621c31dee5b442be020e955277df8ca90335357dbfc600964924001c7f483f6af33a6c898fe6dad52719d332c3e8148a35bb3878cd59e4667e,1068930.0,F,,DID NOT DEPLOY,NONE,NO INDICATION OF INJURY,NONE,UNKNOWN,NORMAL,,,,,2021-06-26 12:45:00,30,RAIN,DAYLIGHT,SIDESWIPE SAME DIRECTION,NOT DIVIDED,WET,NO DEFECTS,NOT ON SCENE (DESK REPORT),NO INJURY / DRIVE AWAY,,"OVER $1,500",06/26/2021 03:25:00 PM,UNABLE TO DETERMINE,UNABLE TO DETERMINE,,2,NO INDICATION OF INJURY,0.0,0.0,0.0,0.0,0.0,2.0,0.0,12,7,6,41.902179471,-87.770572427,POINT (-87.770572427416 41.90217947086),POINT (1137449.9077446526 1907446.59227063),2021,5800 W DIVISION ST
O1104912,DRIVER,ad47769518ce6627b18d98c104d399ed44901e945226bb29977a2cb4194c25a71301730f29706b25355665a4d43e485af1560282eaa421523b9929b87cc415ef,1048103.0,F,,NOT APPLICABLE,UNKNOWN,NO INDICATION OF INJURY,UNKNOWN,UNKNOWN,NORMAL,,,,,2021-05-21 13:40:00,35,CLEAR,DAYLIGHT,REAR END,NOT DIVIDED,DRY,NO DEFECTS,NOT ON SCENE (DESK REPORT),NO INJURY / DRIVE AWAY,Y,"OVER $1,500",05/28/2021 11:25:00 AM,NOT APPLICABLE,NOT APPLICABLE,,2,NO INDICATION OF INJURY,0.0,0.0,0.0,0.0,0.0,2.0,0.0,13,6,5,41.851506055,-87.734809434,POINT (-87.734809434236 41.851506054825),POINT (1147314.4403174915 1889047.1873665347),2021,4406 W CERMAK RD
O1122551,DRIVER,a7cfa1d195debc80253bf92214a92079968a43ff637d6929052334132e891f712964c2c226f146e0351488813a0229f615de70a59ac63d492bd5f00242b336b4,1064745.0,M,,DEPLOYMENT UNKNOWN,NONE,NO INDICATION OF INJURY,DISREGARDED CONTROL DEVICES,UNKNOWN,UNKNOWN,,,,,2021-06-20 01:30:00,35,CLEAR,"DARKNESS, LIGHTED ROAD",ANGLE,DIVIDED - W/MEDIAN (NOT RAISED),DRY,NO DEFECTS,NOT ON SCENE (DESK REPORT),INJURY AND / OR TOW DUE TO CRASH,Y,"OVER $1,500",06/20/2021 01:40:00 PM,FAILING TO YIELD RIGHT-OF-WAY,UNABLE TO DETERMINE,,2,NO INDICATION OF INJURY,0.0,0.0,0.0,0.0,0.0,2.0,0.0,1,1,6,41.758068532,-87.626516982,POINT (-87.626516982328 41.75806853202),POINT (1177098.260796115 1855223.311559146),2021,7500 S LAFAYETTE AVE
P239286,PASSENGER,d3b2cd2be29012c1ca062b839e06194a08581a9613196d9ca5ea737031924adedfb2e1d4ae7541cce465eefe4eeac117b7b5ff363e409dfab963f435fd8b3da8,1010361.0,F,3.0,NOT APPLICABLE,NONE,NO INDICATION OF INJURY,,,,,,,,2021-03-26 18:58:00,35,CLEAR,DUSK,TURNING,CENTER TURN LANE,DRY,NO DEFECTS,ON SCENE,NO INJURY / DRIVE AWAY,,"OVER $1,500",03/26/2021 07:00:00 PM,DISREGARDING TRAFFIC SIGNALS,NOT APPLICABLE,,3,NO INDICATION OF INJURY,0.0,0.0,0.0,0.0,0.0,8.0,0.0,18,6,3,41.823772748,-87.61714202,POINT (-87.617142020372 41.823772747763),POINT (1179456.695448671 1879186.672487884),2021,3900 S DR MARTIN LUTHER KING JR DR
P272060,PASSENGER,0c85131eb499cdfd417ff1a5fcff0686345aac68dfdee5d09f08ed6d85584c06d66c140e9e5b536470bac932523e956fb27c6b88c3a2f3fb4f0fcdda8314c94c,1152931.0,F,6.0,DID NOT DEPLOY,NONE,NO INDICATION OF INJURY,,,,,,,,2021-10-28 14:50:00,30,RAIN,DAYLIGHT,REAR END,DIVIDED - W/MEDIAN (NOT RAISED),WET,NO DEFECTS,NOT ON SCENE (DESK REPORT),NO INJURY / DRIVE AWAY,Y,$500 OR LESS,10/28/2021 04:25:00 PM,FOLLOWING TOO CLOSELY,UNABLE TO DETERMINE,,2,NO INDICATION OF INJURY,0.0,0.0,0.0,0.0,0.0,4.0,0.0,14,5,10,41.930977098,-87.796754573,POINT (-87.796754572643 41.930977097972),POINT (1130256.6870278474 1917894.7861471146),2021,6830 W DIVERSEY AVE
O1079299,DRIVER,2c51b1263e244952009fca5d343547305326cbce3338b10a97bb24353f9106000f46820d29f04e5517a433e518aa832742bcfcaf3673b5ea7b40f0c23654d478,1023610.0,X,,DEPLOYMENT UNKNOWN,UNKNOWN,NO INDICATION OF INJURY,FAILED TO YIELD,UNKNOWN,UNKNOWN,,,,,2021-04-19 08:30:00,30,CLEAR,DAYLIGHT,REAR END,PARKING LOT,DRY,NO DEFECTS,NOT ON SCENE (DESK REPORT),NO INJURY / DRIVE AWAY,,"OVER $1,500",04/19/2021 04:40:00 PM,UNABLE TO DETERMINE,NOT APPLICABLE,,2,NO INDICATION OF INJURY,0.0,0.0,0.0,0.0,0.0,2.0,0.0,8,2,4,41.845098636,-87.650581016,POINT (-87.650581015596 41.845098636357),POINT (1170280.6719949418 1886883.5432777721),2021,2601 S ARCHER AVE
P240768,PASSENGER,31712aa03b3af021b226c8ce3fb699dc149eecd273256970a28f6288855c7493ab0b6e40599f0437959fcb5918965265aa11698cc5d11f92deee25657b0618ca,1016457.0,M,,DID NOT DEPLOY,NONE,NO INDICATION OF INJURY,,,,,,,,2021-04-06 15:45:00,30,CLEAR,DAYLIGHT,REAR END,NOT DIVIDED,DRY,NO DEFECTS,NOT ON SCENE (DESK REPORT),NO INJURY / DRIVE AWAY,,"OVER $1,500",04/06/2021 04:00:00 PM,UNABLE TO DETERMINE,UNABLE TO DETERMINE,,2,NO INDICATION OF INJURY,0.0,0.0,0.0,0.0,0.0,4.0,0.0,15,3,4,41.880382865,-87.74569046,POINT (-87.745690460216 41.880382865278),POINT (1144277.9253088539 1899549.3478360362),2021,4809 W MADISON ST
O1051487,DRIVER,f98e50dd7345d5d1155507807533b8a46243b3e15fc205190a20e43b5dbc37905114e5e0d307f9a6d128823b92ec8edaf49b32207be9ed6934add50e4d693bca,996995.0,M,60.0,DID NOT DEPLOY,NONE,NO INDICATION OF INJURY,OTHER,NOT OBSCURED,NORMAL,,,,,2021-02-28 20:20:00,30,CLEAR,DARKNESS,REAR TO FRONT,NOT DIVIDED,DRY,NO DEFECTS,ON SCENE,INJURY AND / OR TOW DUE TO CRASH,,"OVER $1,500",02/28/2021 08:29:00 PM,EQUIPMENT - VEHICLE CONDITION,NOT APPLICABLE,,2,NO INDICATION OF INJURY,0.0,0.0,0.0,0.0,0.0,3.0,0.0,20,1,2,41.770497818,-87.612115793,POINT (-87.612115792585 41.770497818282),POINT (1180989.5397466698 1859785.058093499),2021,6831 S KEEFE AVE
O1122853,DRIVER,a10091eccc074ca5f66ff5a890133c791aedce603d5781cd1602dd19123375f23f4c19af306da1b8b1d3ff7450aae83400bb5cd434993445e82f6d3c58f58406,1065037.0,F,41.0,DID NOT DEPLOY,NONE,NO INDICATION OF INJURY,NONE,NOT OBSCURED,NORMAL,,,,,2021-06-20 20:30:00,30,RAIN,"DARKNESS, LIGHTED ROAD",TURNING,NOT DIVIDED,DRY,NO DEFECTS,NOT ON SCENE (DESK REPORT),NO INJURY / DRIVE AWAY,Y,"OVER $1,500",06/20/2021 09:30:00 PM,UNABLE TO DETERMINE,NOT APPLICABLE,,2,NO INDICATION OF INJURY,0.0,0.0,0.0,0.0,0.0,3.0,0.0,20,1,6,41.663173271,-87.636763079,POINT (-87.636763078789 41.663173270962),POINT (1174582.420474204 1820621.7636933157),2021,12700 S WALLACE ST
P241087,PASSENGER,d1cac395e8665df0913b07b16bc0f005ee4879d8c332682e751e1f20af7a17c427416d726b547e188cac6aa8967e116d7cdb1aa64eb1ab54d6efa48074733af7,1017840.0,M,35.0,NOT APPLICABLE,NONE,NO INDICATION OF INJURY,,,,,,,,2021-04-09 00:05:00,30,CLOUDY/OVERCAST,"DARKNESS, LIGHTED ROAD",ANGLE,FOUR WAY,DRY,NO DEFECTS,ON SCENE,INJURY AND / OR TOW DUE TO CRASH,,"OVER $1,500",04/09/2021 12:10:00 AM,DISREGARDING TRAFFIC SIGNALS,UNABLE TO DETERMINE,,2,NONINCAPACITATING INJURY,1.0,0.0,0.0,1.0,0.0,3.0,0.0,0,6,4,41.857547746,-87.643926093,POINT (-87.643926092669 41.857547745949),POINT (1172057.5394630784 1891434.4510086614),2021,1800 S RUBLE ST
O1131229,DRIVER,d0e6c84e53a011820326095d3cb8b3b66bdb29f59dd121c8696ad7290ce9ad40b8c036c68ae7cb30cfbd1615a432f2a17bfa4de64239cf59ae6800d2d3c29ad7,1073063.0,M,59.0,DID NOT DEPLOY,NONE,NO INDICATION OF INJURY,OTHER,NOT OBSCURED,NORMAL,,,,,2021-07-02 12:30:00,30,CLEAR,DAYLIGHT,FIXED OBJECT,NOT DIVIDED,DRY,NO DEFECTS,NOT ON SCENE (DESK REPORT),NO INJURY / DRIVE AWAY,,"OVER $1,500",07/02/2021 03:29:00 PM,"EVASIVE ACTION DUE TO ANIMAL, OBJECT, NONMOTORIST","EVASIVE ACTION DUE TO ANIMAL, OBJECT, NONMOTORIST",,1,NO INDICATION OF INJURY,0.0,0.0,0.0,0.0,0.0,1.0,0.0,12,6,7,41.88424821,-87.699266401,POINT (-87.699266400729 41.884248209666),POINT (1156909.8539556544 1901047.8578084444),2021,2908 W LAKE ST
O1176690,DRIVER,3cfb4d8e71cacc4ae1778aa26ec2e3248e02b4351c49ffa5d4b9e46c131483c837a4110662ff87fc565f75f9caa3528b24ef9ced8e3b7cc6f5f7e5aedfd9879f,1116263.0,F,,DEPLOYMENT UNKNOWN,NONE,NO INDICATION OF INJURY,IMPROPER TURN,UNKNOWN,UNKNOWN,,,,,2021-09-04 15:00:00,35,CLEAR,DAYLIGHT,TURNING,T-INTERSECTION,DRY,NO DEFECTS,NOT ON SCENE (DESK REPORT),NO INJURY / DRIVE AWAY,,"$501 - $1,500",09/04/2021 04:30:00 PM,IMPROPER TURNING/NO SIGNAL,DRIVING SKILLS/KNOWLEDGE/EXPERIENCE,,2,NO INDICATION OF INJURY,0.0,0.0,0.0,0.0,0.0,2.0,0.0,15,7,9,41.794199485,-87.631925482,POINT (-87.631925482492 41.794199485414),POINT (1175515.2098147385 1868377.0887797705),2021,5500 S WELLS ST
O1076783,DRIVER,21e674efed023209025a16dd9abe1ef87fe4d1710b8a32e521f160b4e2c59b9fbd76a3b2a254844f807d3dd473a6c4291136f0684bfaec8764ecdb251426eaf9,1021177.0,M,46.0,DID NOT DEPLOY,NONE,NO INDICATION OF INJURY,FOLLOWED TOO CLOSELY,NOT OBSCURED,NORMAL,,,,,2021-04-15 06:45:00,30,CLOUDY/OVERCAST,DAYLIGHT,TURNING,NOT DIVIDED,DRY,NO DEFECTS,ON SCENE,NO INJURY / DRIVE AWAY,,"OVER $1,500",04/15/2021 07:01:00 AM,FOLLOWING TOO CLOSELY,NOT APPLICABLE,,2,NO INDICATION OF INJURY,0.0,0.0,0.0,0.0,0.0,2.0,0.0,6,5,4,41.866315958,-87.705519881,POINT (-87.705519880996 41.866315958256),POINT (1155254.7863090083 1894500.8560052603),2021,1201 S KEDZIE AVE
O1146419,DRIVER,b27348a14341649f555c7d95cdf066d6ccfff45493b160bbb1bbaba06dbc33324459c94f177d85b1b1601f6f1b7fda2965faee832511b1d274c36c7885448dab,1087444.0,M,,DEPLOYMENT UNKNOWN,NONE,NO INDICATION OF INJURY,FAILED TO YIELD,UNKNOWN,UNKNOWN,,,,,2021-07-24 11:13:00,20,CLEAR,DAYLIGHT,SIDESWIPE SAME DIRECTION,RAMP,DRY,NO DEFECTS,NOT ON SCENE (DESK REPORT),NO INJURY / DRIVE AWAY,Y,"$501 - $1,500",07/24/2021 11:40:00 AM,FAILING TO YIELD RIGHT-OF-WAY,IMPROPER LANE USAGE,,2,NO INDICATION OF INJURY,0.0,0.0,0.0,0.0,0.0,3.0,0.0,11,7,7,41.901475362,-87.622922851,POINT (-87.622922850908 41.901475362334),POINT (1177646.7501497364 1907488.2832235917),2021,1030 N LAKE SHORE DR SB
O1090029,DRIVER,f89b18abd46bc063d9cda918af6373416295f8f20582989bbd05a6044af50abd07998116566de66cc95ceff4caad0f68aa07446510a837d141ea1ca54da9a3e7,1033853.0,F,43.0,DID NOT DEPLOY,NONE,NO INDICATION OF INJURY,FAILED TO YIELD,UNKNOWN,NORMAL,,,,,2021-05-06 15:25:00,30,CLEAR,DAYLIGHT,TURNING,DIVIDED - W/MEDIAN BARRIER,DRY,NO DEFECTS,ON SCENE,NO INJURY / DRIVE AWAY,,"$501 - $1,500",05/06/2021 03:29:00 PM,NOT APPLICABLE,UNABLE TO DETERMINE,,2,NO INDICATION OF INJURY,0.0,0.0,0.0,0.0,0.0,5.0,0.0,15,5,5,41.86748292,-87.630492795,POINT (-87.630492795017 41.86748291958),POINT (1175687.4048146545 1895084.4794909367),2021,100 W ROOSEVELT RD
O1225521,DRIVER,620509a82ae940a1d6af8eca7353b320010e6c7d43c806178a3a7d27c7b9d92eccd926a990b24038517cff42ebeabe001fc572ef69b319ea2f806e154e70d5dc,1162979.0,M,58.0,DEPLOYMENT UNKNOWN,NONE,NO INDICATION OF INJURY,UNKNOWN,UNKNOWN,UNKNOWN,,,,,2021-11-12 05:30:00,30,RAIN,"DARKNESS, LIGHTED ROAD",SIDESWIPE SAME DIRECTION,DIVIDED - W/MEDIAN (NOT RAISED),WET,NO DEFECTS,NOT ON SCENE (DESK REPORT),INJURY AND / OR TOW DUE TO CRASH,,"OVER $1,500",11/12/2021 02:25:00 PM,UNABLE TO DETERMINE,UNABLE TO DETERMINE,,2,NO INDICATION OF INJURY,0.0,0.0,0.0,0.0,0.0,2.0,0.0,5,6,11,41.953545372,-87.727113077,POINT (-87.72711307667 41.953545371614),POINT (1149148.5182749582 1926245.0085510367),2021,3951 W IRVING PARK RD
O1249596,DRIVER,af4d571976cc9c2a4045db33fd8c24e6d2372de71d9f0c9e09f26620e776d9b1df831cf233355f32aa12ff3ad74221bc7b5fd4818fce170229f7f38721ea1388,1187091.0,F,52.0,DID NOT DEPLOY,NONE,NO INDICATION OF INJURY,UNKNOWN,NOT OBSCURED,NORMAL,,,,,2021-12-20 05:35:00,30,CLEAR,"DARKNESS, LIGHTED ROAD",REAR END,NOT DIVIDED,DRY,NO DEFECTS,NOT ON SCENE (DESK REPORT),NO INJURY / DRIVE AWAY,,"OVER $1,500",12/20/2021 06:30:00 AM,UNABLE TO DETERMINE,NOT APPLICABLE,,2,NO INDICATION OF INJURY,0.0,0.0,0.0,0.0,0.0,2.0,0.0,5,2,12,41.869220164,-87.666606676,POINT (-87.666606676226 41.869220163861),POINT (1165845.8565976259 1895639.0604882203),2021,1000 S ASHLAND AVE
O1217442,DRIVER,5f18be9f5218832463647d310e990f12c19b628f69b4007037e84adb660fe11c5d31025ce9e39fdd6d98b7bab9f217c67b001943a0cd667d0b91931f0a8d0cf4,1155224.0,M,37.0,NOT APPLICABLE,NONE,NO INDICATION OF INJURY,NONE,NOT OBSCURED,NORMAL,,,,,2021-10-31 11:10:00,15,CLEAR,DAYLIGHT,SIDESWIPE SAME DIRECTION,NOT DIVIDED,DRY,NO DEFECTS,ON SCENE,NO INJURY / DRIVE AWAY,N,"$501 - $1,500",10/31/2021 11:15:00 AM,IMPROPER OVERTAKING/PASSING,IMPROPER OVERTAKING/PASSING,,2,NO INDICATION OF INJURY,0.0,0.0,0.0,0.0,0.0,2.0,0.0,11,1,10,41.91276804,-87.795130374,POINT (-87.795130374471 41.912768040175),POINT (1130740.2879409115 1911262.1645945325),2021,6804 W BLOOMINGDALE AVE
O1027987,DRIVER,50abd7edbbd6f19e16f9458548ac2e24e0b07e309c04eae1f3f868b8be8b94ffa4247333776514ebfad8e30180a8390553e376124ab9a7224ec2fdd46d393f60,974316.0,F,,DEPLOYMENT UNKNOWN,NONE,NO INDICATION OF INJURY,UNKNOWN,UNKNOWN,UNKNOWN,,,,,2021-01-21 10:00:00,30,CLEAR,DAYLIGHT,REAR END,NOT DIVIDED,DRY,UNKNOWN,NOT ON SCENE (DESK REPORT),INJURY AND / OR TOW DUE TO CRASH,,"$501 - $1,500",01/21/2021 11:20:00 AM,UNABLE TO DETERMINE,NOT APPLICABLE,,2,"REPORTED, NOT EVIDENT",1.0,0.0,0.0,0.0,1.0,1.0,0.0,10,5,1,41.747849381,-87.706191494,POINT (-87.706191494033 41.747849381039),POINT (1155386.8493390228 1851331.0079224089),2021,3350 W COLUMBUS AVE
P248452,PASSENGER,3989de4ccd3d26820020d810b818761464f6874631363b0ab38100c4e324ec9b3ad87f5c0e3d3896df6eda04d8366be083e6981b1ae9f7ab260dfdf4e1f8ee14,1050171.0,F,,DID NOT DEPLOY,NONE,NO INDICATION OF INJURY,,,,,,,,2021-05-31 15:20:00,30,CLEAR,DAYLIGHT,REAR END,ONE-WAY,DRY,NO DEFECTS,NOT ON SCENE (DESK REPORT),INJURY AND / OR TOW DUE TO CRASH,,"$501 - $1,500",05/31/2021 03:20:00 PM,FOLLOWING TOO CLOSELY,FOLLOWING TOO CLOSELY,,2,"REPORTED, NOT EVIDENT",1.0,0.0,0.0,0.0,1.0,3.0,0.0,15,2,5,41.883322199,-87.629775097,POINT (-87.629775096643 41.88332219915),POINT (1175835.5782075843 1900857.8973906578),2021,50 W WASHINGTON ST
O1037731,DRIVER,7de6dead58b56d03f0658ee22f0d87c85c374522dee9b4f43017b5db6f40fa2b4626c7b61139e4bd372a7ca8fdbaafebc640441047129f1f683cf60429b7e142,983632.0,F,27.0,DID NOT DEPLOY,NONE,NO INDICATION OF INJURY,UNKNOWN,NOT OBSCURED,NORMAL,,,,,2021-02-05 20:30:00,20,UNKNOWN,"DARKNESS, LIGHTED ROAD",TURNING,NOT DIVIDED,UNKNOWN,NO DEFECTS,NOT ON SCENE (DESK REPORT),NO INJURY / DRIVE AWAY,,"$501 - $1,500",02/07/2021 01:05:00 PM,UNABLE TO DETERMINE,UNABLE TO DETERMINE,,2,NO INDICATION OF INJURY,0.0,0.0,0.0,0.0,0.0,2.0,0.0,20,6,2,41.979623049,-87.806834722,POINT (-87.806834722153 41.979623049365),POINT (1127404.8967101073 1935604.4947068214),2021,5415 N HARLEM AVE
P274799,PASSENGER,eceac9f4fad910511235813686576bc855f40086011fc1ee759dea3eea0e80116a44e8e9a771cb228214b59f88e6174af21fdf618baf501ba7c04d41c96673b7,1164561.0,,,DID NOT DEPLOY,NONE,NO INDICATION OF INJURY,,,,,,,,2021-11-14 21:10:00,30,CLEAR,DARKNESS,REAR END,NOT DIVIDED,DRY,NO DEFECTS,ON SCENE,NO INJURY / DRIVE AWAY,,"OVER $1,500",11/14/2021 09:29:00 PM,FOLLOWING TOO CLOSELY,DRIVING SKILLS/KNOWLEDGE/EXPERIENCE,,2,NO INDICATION OF INJURY,0.0,0.0,0.0,0.0,0.0,3.0,0.0,21,1,11,41.866073587,-87.624267673,POINT (-87.624267673225 41.866073586832),POINT (1177387.234612531 1894584.8648694903),2021,1250 S MICHIGAN AVE
O1112615,DRIVER,94741002c9a17be21149ad2408bcee690fb7457a0de3caa8c42c9b3be0cf71eab50deddd65886b4b64d3e009693cbc4e8934a8974c6c3df0554d65684ca95917,1055454.0,X,,DEPLOYMENT UNKNOWN,UNKNOWN,NO INDICATION OF INJURY,OVERCORRECTED,UNKNOWN,UNKNOWN,,,,,2021-06-08 00:49:00,30,CLEAR,"DARKNESS, LIGHTED ROAD",PARKED MOTOR VEHICLE,ONE-WAY,DRY,NO DEFECTS,ON SCENE,INJURY AND / OR TOW DUE TO CRASH,Y,"OVER $1,500",06/08/2021 12:49:00 AM,DRIVING SKILLS/KNOWLEDGE/EXPERIENCE,UNABLE TO DETERMINE,,4,NO INDICATION OF INJURY,0.0,0.0,0.0,0.0,0.0,1.0,0.0,0,3,6,41.874420202,-87.699985865,POINT (-87.699985865157 41.87442020154),POINT (1156740.3675093069 1897465.098667375),2021,2937 W CONGRESS PKWY
O1213887,DRIVER,c89ed801da3a05cf26f510e47e92c3e2e75bd959115a65e0db18da83ce981a8a31c6f82aff8e47338a980a6b3cb56aa911bbea095c06197861c86bc9694c55b1,1151838.0,M,39.0,NOT APPLICABLE,NONE,NO INDICATION OF INJURY,NONE,NOT OBSCURED,NORMAL,,,,,2021-10-27 06:50:00,25,CLEAR,DAYLIGHT,FIXED OBJECT,ONE-WAY,DRY,NO DEFECTS,ON SCENE,NO INJURY / DRIVE AWAY,,"OVER $1,500",10/27/2021 07:02:00 AM,NOT APPLICABLE,ROAD ENGINEERING/SURFACE/MARKING DEFECTS,,1,NO INDICATION OF INJURY,0.0,0.0,0.0,0.0,0.0,1.0,0.0,6,4,10,41.855559789,-87.69326328,POINT (-87.693263279602 41.855559789144),POINT (1158622.4942883698 1890605.9883169648),2021,1900 S WASHTENAW AVE
O1033902,DRIVER,3d36543b1247a0a8758f357e677b01a7107731814eae81b95ed1a997f55092a18f6ae24903ccaa9354df3ab8e7577e5399f83aa79839e9e3ccc0fda3e855d3bd,979962.0,M,47.0,DID NOT DEPLOY,NONE,NO INDICATION OF INJURY,OTHER,NOT OBSCURED,NORMAL,,,,,2021-02-01 16:15:00,30,SNOW,"DARKNESS, LIGHTED ROAD",PARKED MOTOR VEHICLE,NOT DIVIDED,SNOW OR SLUSH,NO DEFECTS,NOT ON SCENE (DESK REPORT),NO INJURY / DRIVE AWAY,,"OVER $1,500",02/01/2021 04:55:00 PM,NOT APPLICABLE,NOT APPLICABLE,,2,NO INDICATION OF INJURY,0.0,0.0,0.0,0.0,0.0,1.0,0.0,16,2,2,41.85992792,-87.641092488,POINT (-87.641092488155 41.859927919623),POINT (1172822.4780472533 1892307.991917034),2021,1600 S CLINTON ST
O1214593,DRIVER,b035eb7162251afb58ef148eb54bcc412b509a3488e3304a4f19c2040931646efa2293cb93880c6fe5c0a4e770a3037dd593e5ebaf9d986f6a94da0efd85cd81,1152508.0,M,25.0,"DEPLOYED, FRONT",NONE,NO INDICATION OF INJURY,UNKNOWN,MOVING VEHICLES,NORMAL,,,,Y,2021-10-27 22:56:00,30,CLEAR,DARKNESS,ANGLE,DIVIDED - W/MEDIAN BARRIER,DRY,NO DEFECTS,ON SCENE,INJURY AND / OR TOW DUE TO CRASH,Y,"OVER $1,500",10/27/2021 11:23:00 PM,DISREGARDING TRAFFIC SIGNALS,UNABLE TO DETERMINE,,3,NO INDICATION OF INJURY,0.0,0.0,0.0,0.0,0.0,4.0,0.0,22,4,10,41.749339,-87.722052091,POINT (-87.722052090915 41.749339000082),POINT (1151054.873956571 1851842.6638538372),2021,7900 S PULASKI RD
P260853,PASSENGER,99693b9a6f3a21a75a9111b17895f19b2e09809d22da62a3be9b197fa508784eb375ae80eca016d08e84f13b7f15c93d8e67719249336c64d1de52125bade980,1102852.0,F,27.0,"DEPLOYED, FRONT",NONE,NO INDICATION OF INJURY,,,,,,,,2021-08-15 17:45:00,30,CLEAR,DAYLIGHT,ANGLE,FOUR WAY,DRY,NO DEFECTS,ON SCENE,INJURY AND / OR TOW DUE TO CRASH,,"OVER $1,500",08/15/2021 05:46:00 PM,DISREGARDING STOP SIGN,NOT APPLICABLE,,2,NONINCAPACITATING INJURY,2.0,0.0,0.0,2.0,0.0,4.0,0.0,17,1,8,41.800600363,-87.728333492,POINT (-87.728333492031 41.800600363164),POINT (1149209.407343171 1870509.7702450298),2021,4200 W 51ST ST
O1090657,DRIVER,a4db9eaa4115704553f8b12cae6232673e27f1f9ea340b418f11f0ea7c6529d0ff43e653a052561b7d55b73d6c2c07908506d076b959f48591911a6f0287eebc,1034437.0,F,50.0,DID NOT DEPLOY,NONE,NO INDICATION OF INJURY,NONE,NOT OBSCURED,NORMAL,,,,,2021-05-07 14:40:00,30,CLEAR,DAYLIGHT,ANGLE,NOT DIVIDED,DRY,NO DEFECTS,NOT ON SCENE (DESK REPORT),NO INJURY / DRIVE AWAY,Y,"$501 - $1,500",05/07/2021 02:45:00 PM,DISREGARDING STOP SIGN,UNABLE TO DETERMINE,,2,NO INDICATION OF INJURY,0.0,0.0,0.0,0.0,0.0,3.0,0.0,14,6,5,41.887678186,-87.767020422,POINT (-87.767020421616 41.887678186248),POINT (1138451.7490201932 1902168.7006053517),2021,5645 W LAKE ST
O1164691,DRIVER,39f6c22fdfcfe78804052e0847c1cca60127e87588a04dfd8ba8fa3bfd8a2124679ee863d4bff267d00d86da0cbcb68ad4c112b034c2f180ab80369ce1a41da2,1104818.0,F,,NOT APPLICABLE,NONE,NO INDICATION OF INJURY,FOLLOWED TOO CLOSELY,UNKNOWN,UNKNOWN,,,,Y,2021-08-18 22:30:00,30,UNKNOWN,UNKNOWN,REAR END,FOUR WAY,UNKNOWN,UNKNOWN,NOT ON SCENE (DESK REPORT),NO INJURY / DRIVE AWAY,,"$501 - $1,500",08/18/2021 11:00:00 PM,FOLLOWING TOO CLOSELY,NOT APPLICABLE,,2,NO INDICATION OF INJURY,0.0,0.0,0.0,0.0,0.0,2.0,0.0,22,4,8,41.889192613,-87.6281949,POINT (-87.628194899842 41.889192612887),POINT (1176248.3050791041 1903000.6057114482),2021,398 N STATE ST
P259074,PASSENGER,2473ce2345550f997a8652ae095deb4e28368feb66981b892eb6d4722c7b4b4302983f4af9694b53ebf47b2aba2f4ddf07dd8cd883c4f49f8ca505d384dcc808,1094921.0,F,23.0,DID NOT DEPLOY,NONE,NO INDICATION OF INJURY,,,,,,,,2021-08-03 16:50:00,30,CLEAR,DAYLIGHT,REAR END,NOT DIVIDED,DRY,UNKNOWN,NOT ON SCENE (DESK REPORT),NO INJURY / DRIVE AWAY,,"$501 - $1,500",08/03/2021 07:00:00 PM,FOLLOWING TOO CLOSELY,DRIVING SKILLS/KNOWLEDGE/EXPERIENCE,,2,NO INDICATION OF INJURY,0.0,0.0,0.0,0.0,0.0,3.0,0.0,16,3,8,41.925102257,-87.680533464,POINT (-87.680533463943 41.925102256744),POINT (1161897.6664977057 1915973.3338388277),2021,2100 W FULLERTON AVE