PERSON_ID,PERSON_TYPE,CRASH_RECORD_ID,VEHICLE_ID,SEX,AGE,AIRBAG_DEPLOYED,EJECTION,INJURY_CLASSIFICATION,DRIVER_ACTION,DRIVER_VISION,PHYSICAL_CONDITION,PEDPEDAL_ACTION,PEDPEDAL_VISIBILITY,PEDPEDAL_LOCATION,CRASH_DATE_EST_I,CRASH_DATE,POSTED_SPEED_LIMIT,WEATHER_CONDITION,LIGHTING_CONDITION,FIRST_CRASH_TYPE,TRAFFICWAY_TYPE,ROADWAY_SURFACE_COND,ROAD_DEFECT,REPORT_TYPE,CRASH_TYPE,HIT_AND_RUN_I,DAMAGE,DATE_POLICE_NOTIFIED,PRIM_CONTRIBUTORY_CAUSE,SEC_CONTRIBUTORY_CAUSE,DOORING_I,NUM_UNITS,MOST_SEVERE_INJURY,INJURIES_TOTAL,INJURIES_FATAL,INJURIES_INCAPACITATING,INJURIES_NON_INCAPACITATING,INJURIES_REPORTED_NOT_EVIDENT,INJURIES_NO_INDICATION,INJURIES_UNKNOWN,CRASH_HOUR,CRASH_DAY_OF_WEEK,CRASH_MONTH,LATITUDE,LONGITUDE,LOCATION,geometry,YEAR,ADDRESS
O1033022,DRIVER,2e14902f8854379bbdccd5d89453847ace1067721ff052ae442dadfde96f83c014d9a1ef1e9b166b3c674b3eccdfb974f5496f75abe3825438938b3f82f9246f,979154.0,M,25.0,DID NOT DEPLOY,NONE,NO INDICATION OF INJURY,UNKNOWN,UNKNOWN,NORMAL,,,,,2021-01-31 01:10:00,35,SNOW,"DARKNESS, LIGHTED ROAD",TURNING,FOUR WAY,SNOW OR SLUSH,NO DEFECTS,ON SCENE,NO INJURY / DRIVE AWAY,,$500 OR LESS,01/31/2021 01:10:00 AM,FOLLOWING TOO CLOSELY,WEATHER,,2,NO INDICATION OF INJURY,0.0,0.0,0.0,0.0,0.0,3.0,0.0,1,1,1,41.90329796,-87.662684612,POINT (-87.662684611762 41.903297960345),POINT (1166817.0624313531 1908065.3084034969),2021,1401 W DIVISION ST
O1047017,DRIVER,09a4f769db028ea6aa5892b4467c481778fae2ba229f8254839beb73ef265100dc9d77bb6f38267ae013a27b0661fe014028cfe482cc1d4d960417a3277bfb83,992672.0,F,,DEPLOYMENT UNKNOWN,NONE,NO INDICATION OF INJURY,UNKNOWN,UNKNOWN,UNKNOWN,,,,Y,2021-02-21 12:00:00,20,SNOW,DAYLIGHT,REAR END,FOUR WAY,WET,NO DEFECTS,NOT ON SCENE (DESK REPORT),NO INJURY / DRIVE AWAY,Y,"OVER $1,500",02/21/2021 01:26:00 PM,UNABLE TO DETERMINE,UNABLE TO DETERMINE,,2,NO INDICATION OF INJURY,0.0,0.0,0.0,0.0,0.0,3.0,0.0,12,1,2,41.838345,-87.631740873,POINT (-87.631740872716 41.838345000207),POINT (1175434.2092113588 1884463.9135454388),2021,200 W 31ST ST
O1122418,DRIVER,3b0591363aa9f8df0734eb55e1e8ef6397c1ba25572c8c5060928c478c0729d81d9f0528623d0dec70cb2880bd71b6e54bfa78254d5202d1877bf7c4eff37e14,1064626.0,F,20.0,DID NOT DEPLOY,NONE,NO INDICATION OF INJURY,OTHER,NOT OBSCURED,NORMAL,,,,,2021-06-20 07:58:00,30,CLEAR,DAYLIGHT,REAR END,NOT DIVIDED,DRY,NO DEFECTS,NOT ON SCENE (DESK REPORT),NO INJURY / DRIVE AWAY,,"$501 - $1,500",06/20/2021 08:29:00 AM,UNABLE TO DETERMINE,UNABLE TO DETERMINE,,2,NO INDICATION OF INJURY,0.0,0.0,0.0,0.0,0.0,2.0,0.0,7,1,6,41.766365419,-87.56662788,POINT (-87.566627879732 41.766365419233),POINT (1193411.6051821304 1858386.5781516423),2021,7058 S SOUTH SHORE DR
O1190338,DRIVER,47250b68355c695960e1ea06354ddf367ae7321dd3a66b48c585670fb6ab184e9821c24e36599edf856099958a70293e7047cc3cc90b8066d02d98a0f0f305ee,1129356.0,F,25.0,DID NOT DEPLOY,NONE,NO INDICATION OF INJURY,NONE,NOT OBSCURED,NORMAL,,,,,2021-09-23 15:50:00,25,CLEAR,DAYLIGHT,REAR END,NOT DIVIDED,DRY,NO DEFECTS,NOT ON SCENE (DESK REPORT),NO INJURY / DRIVE AWAY,Y,"$501 - $1,500",09/23/2021 04:59:00 PM,NOT APPLICABLE,NOT APPLICABLE,,3,NO INDICATION OF INJURY,0.0,0.0,0.0,0.0,0.0,3.0,0.0,15,5,9,41.895154463,-87.743642398,POINT (-87.743642397852 41.895154463493),POINT (1144798.6692419827 1904935.926097326),2021,4700 W CHICAGO AVE
O1191777,DRIVER,d4c1f0089f58bb9e707a0d602c9b49b6de66b7a84a6e8f9212aac971f749fd831fe342ea6787f9a8ae8588ea64e33758c35ef6881b8e1d33053d3c90e0fa00b5,1130736.0,M,25.0,NOT APPLICABLE,NONE,NO INDICATION OF INJURY,NONE,NOT OBSCURED,NORMAL,,,,,2021-09-25 13:40:00,30,CLEAR,DAYLIGHT,TURNING,ONE-WAY,DRY,NO DEFECTS,ON SCENE,NO INJURY / DRIVE AWAY,,"$501 - $1,500",09/25/2021 01:41:00 PM,IMPROPER OVERTAKING/PASSING,NOT APPLICABLE,,2,NO INDICATION OF INJURY,0.0,0.0,0.0,0.0,0.0,4.0,0.0,13,7,9,41.86686981,-87.720287862,POINT (-87.72028786219 41.866869810229),POINT (1151230.802519935 1894673.6066634096),2021,1140 S INDEPENDENCE BLVD
O1058785,DRIVER,b8bca3eb36f9d16ccfe8b6d2e9414d4ab38bbdab5ae288f717b369a0cae3f674f4fc57cb442edde1dee13ce092d098fb0254099f12ec31fc51cc1e88a5fc69b0,1004031.0,F,21.0,NOT APPLICABLE,NONE,NO INDICATION OF INJURY,OTHER,NOT OBSCURED,IMPAIRED - DRUGS,,,,,2021-03-15 01:07:00,30,CLEAR,"DARKNESS, LIGHTED ROAD",PARKED MOTOR VEHICLE,NOT DIVIDED,DRY,NO DEFECTS,ON SCENE,NO INJURY / DRIVE AWAY,,$500 OR LESS,03/15/2021 01:07:00 AM,UNDER THE INFLUENCE OF ALCOHOL/DRUGS (USE WHEN ARREST IS EFFECTED),NOT APPLICABLE,,2,NO INDICATION OF INJURY,0.0,0.0,0.0,0.0,0.0,1.0,0.0,1,2,3,41.771562436,-87.654437351,POINT (-87.654437351352 41.771562436297),POINT (1169441.5974306474 1860079.0257699434),2021,6724 S RACINE AVE
O1252163,DRIVER,268eb654da840458a2ef6af65769edf40b9111376aa4f42aecf81295d66b4f641691b4f90869356335af6e4cdfcc4f2003e67822d98a958d5683016eb917f93d,1188561.0,F,59.0,DID NOT DEPLOY,NONE,NO INDICATION OF INJURY,NONE,NOT OBSCURED,NORMAL,,,,,2021-12-24 17:25:00,30,CLEAR,DARKNESS,ANGLE,DIVIDED - W/MEDIAN (NOT RAISED),DRY,NO DEFECTS,NOT ON SCENE (DESK REPORT),NO INJURY / DRIVE AWAY,Y,"OVER $1,500",12/24/2021 06:00:00 PM,FAILING TO YIELD RIGHT-OF-WAY,"OPERATING VEHICLE IN ERRATIC, RECKLESS, CARELESS, NEGLIGENT OR AGGRESSIVE MANNER",,2,NO INDICATION OF INJURY,0.0,0.0,0.0,0.0,0.0,3.0,0.0,17,6,12,42.001203433,-87.671532199,POINT (-87.671532199353 42.001203432818),POINT (1164133.0194090516 1943723.6909983074),2021,6543 N CLARK ST
O1167934,DRIVER,7f0e9d204aa4595caa8d086637dcb4c747166694e4e4ff63824798fb49a1593afb8bb19e903bbc3d6fc5a2f91d20cb84525b95777ba4d0ad461db4800b6bd3f8,1107913.0,M,41.0,DID NOT DEPLOY,NONE,NO INDICATION OF INJURY,IMPROPER BACKING,UNKNOWN,NORMAL,,,,,2021-08-23 15:50:00,30,CLEAR,DAYLIGHT,REAR END,NOT DIVIDED,DRY,NO DEFECTS,ON SCENE,INJURY AND / OR TOW DUE TO CRASH,,"OVER $1,500",08/23/2021 04:18:00 PM,IMPROPER OVERTAKING/PASSING,NOT APPLICABLE,,2,NO INDICATION OF INJURY,0.0,0.0,0.0,0.0,0.0,4.0,0.0,15,2,8,41.797090963,-87.754018256,POINT (-87.754018255955 41.797090963202),POINT (1142214.7838313447 1869182.7236475667),2021,5248 S LATROBE AVE
O1040128,DRIVER,423f7a42b108de074e7aea7d10b822318ebbe7248e817c57cb9e7773c27044ccad5df9d16216601f346ee634b4fb27902a5c712c7f9d467ecf1e88d077f5c0bd,985998.0,M,32.0,DID NOT DEPLOY,NONE,NO INDICATION OF INJURY,NONE,NOT OBSCURED,NORMAL,,,,,2021-02-10 20:17:00,35,CLEAR,DARKNESS,FIXED OBJECT,DIVIDED - W/MEDIAN BARRIER,SNOW OR SLUSH,NO DEFECTS,ON SCENE,INJURY AND / OR TOW DUE TO CRASH,,"OVER $1,500",02/10/2021 08:18:00 PM,IMPROPER OVERTAKING/PASSING,NOT APPLICABLE,,2,NONINCAPACITATING INJURY,1.0,0.0,0.0,1.0,0.0,1.0,0.0,20,4,2,41.756415111,-87.683161463,POINT (-87.683161462952 41.756415110661),POINT (1161647.8154183633 1854498.926679879),2021,7530 S WESTERN AVE
O1136405,DRIVER,79049c9dff36707a5f95cb5d78c7c3510638667f2511b3902404c2fecbebc6bea45029d606a98184e0ce19650a9065cb40125b8fa9f9027b3c4500bf0a59703b,1077921.0,M,47.0,DID NOT DEPLOY,NONE,NO INDICATION OF INJURY,NONE,UNKNOWN,NORMAL,,,,,2021-07-09 14:35:00,30,CLEAR,DAYLIGHT,REAR END,UNKNOWN,UNKNOWN,UNKNOWN,NOT ON SCENE (DESK REPORT),NO INJURY / DRIVE AWAY,Y,"$501 - $1,500",07/09/2021 03:03:00 PM,FOLLOWING TOO CLOSELY,FOLLOWING TOO CLOSELY,,2,NO INDICATION OF INJURY,0.0,0.0,0.0,0.0,0.0,2.0,0.0,14,6,7,41.835178071,-87.704908563,POINT (-87.704908562627 41.835178070832),POINT (1155504.334223879 1883155.5288956568),2021,3200 S KEDZIE AVE
O1181717,DRIVER,e622bb553cea2d1d132ac78b235fb15a58bf8e749efec299689e65dd073e0764e56f6bf574d9a78622c6e5181983a687b56e04a0f5285480d6c829b24f052c7b,1121115.0,M,33.0,NOT APPLICABLE,NONE,INCAPACITATING INJURY,UNKNOWN,UNKNOWN,UNKNOWN,,,,,2021-09-11 22:15:00,30,UNKNOWN,"DARKNESS, LIGHTED ROAD",PARKED MOTOR VEHICLE,DIVIDED - W/MEDIAN (NOT RAISED),UNKNOWN,UNKNOWN,ON SCENE,INJURY AND / OR TOW DUE TO CRASH,,"OVER $1,500",09/11/2021 10:49:00 PM,FAILING TO REDUCE SPEED TO AVOID CRASH,UNABLE TO DETERMINE,,2,INCAPACITATING INJURY,1.0,0.0,1.0,0.0,0.0,0.0,0.0,22,7,9,41.896201749,-87.725958873,POINT (-87.725958872814 41.896201749375),POINT (1149610.4861958576 1905351.1426624495),2021,827 N PULASKI RD
O1199126,DRIVER,5f7cde42f99318f99cc0f7fea62bb03b05217f866ef29e27b6bd14a81463c1f2a602730f71c99509e98f463e6e750fc4077ac912331e556d42302ac4d4ef2ecd,1137767.0,M,51.0,NOT APPLICABLE,NONE,NO INDICATION OF INJURY,NONE,NOT OBSCURED,NORMAL,,,,,2021-10-05 17:09:00,30,CLEAR,DAYLIGHT,HEAD ON,NOT DIVIDED,DRY,NO DEFECTS,ON SCENE,INJURY AND / OR TOW DUE TO CRASH,Y,"$501 - $1,500",10/05/2021 05:11:00 PM,FOLLOWING TOO CLOSELY,UNABLE TO DETERMINE,,2,NO INDICATION OF INJURY,0.0,0.0,0.0,0.0,0.0,1.0,0.0,17,3,10,41.837981506,-87.702254413,POINT (-87.702254412949 41.837981505988),POINT (1156220.1241426053 1884182.3918861798),2021,3037 S ALBANY AVE
O1176539,DRIVER,8370e87a714e234be83529708a2f5ee0c6f377ec2bae73519b2c14b0a45d4f1258ebcc9f271a4c0a06436659f1b175d135331192b5188433a929148257a9f132,1116115.0,X,,NOT APPLICABLE,NONE,NO INDICATION OF INJURY,UNKNOWN,UNKNOWN,UNKNOWN,,,,,2021-09-04 12:17:00,30,CLOUDY/OVERCAST,DAYLIGHT,PARKED MOTOR VEHICLE,NOT DIVIDED,DRY,NO DEFECTS,ON SCENE,NO INJURY / DRIVE AWAY,Y,"OVER $1,500",09/04/2021 12:19:00 PM,DRIVING SKILLS/KNOWLEDGE/EXPERIENCE,UNABLE TO DETERMINE,,2,NO INDICATION OF INJURY,0.0,0.0,0.0,0.0,0.0,1.0,0.0,12,7,9,41.682814956,-87.651955279,POINT (-87.651955278927 41.682814955781),POINT (1170374.652401566 1827745.735309535),2021,11608 S RACINE AVE
O1146569,DRIVER,304e1a1c041424929259aebbde2c652df622c811be6ff977e1e30c2cc3239e39077dba5b560dd27619811fefac956a8dbd3b7374987661e0f3e79f9fc3237ae7,1087587.0,M,29.0,NOT APPLICABLE,NONE,NO INDICATION OF INJURY,NONE,NOT OBSCURED,NORMAL,,,,,2021-07-24 11:45:00,15,CLEAR,DAYLIGHT,TURNING,PARKING LOT,DRY,NO DEFECTS,NOT ON SCENE (DESK REPORT),NO INJURY / DRIVE AWAY,,"$501 - $1,500",07/24/2021 01:20:00 PM,IMPROPER TURNING/NO SIGNAL,FAILING TO REDUCE SPEED TO AVOID CRASH,,2,NO INDICATION OF INJURY,0.0,0.0,0.0,0.0,0.0,2.0,0.0,11,7,7,41.810451546,-87.683774401,POINT (-87.683774401323 41.810451546165),POINT (1161331.8276128937 1874188.1461213098),2021,4555 S WESTERN BLVD
O1105146,DRIVER,9d12cac7b2fc70fffd74fa497198a8d4db0fbfa49b3f5c83993d72865619e7bc09f3ad4fd549a067a50b436174182ebfd9ff96c8c125f9a8aeb0b0642c2a8241,1048336.0,F,37.0,DID NOT DEPLOY,NONE,NO INDICATION OF INJURY,OTHER,UNKNOWN,UNKNOWN,,,,,2021-05-28 15:09:00,30,CLOUDY/OVERCAST,DAYLIGHT,REAR END,NOT DIVIDED,UNKNOWN,UNKNOWN,NOT ON SCENE (DESK REPORT),NO INJURY / DRIVE AWAY,,"OVER $1,500",05/28/2021 03:41:00 PM,FOLLOWING TOO CLOSELY,UNABLE TO DETERMINE,,3,NO INDICATION OF INJURY,0.0,0.0,0.0,0.0,0.0,4.0,0.0,15,6,5,41.970177997,-87.659849007,POINT (-87.659849007291 41.970177996889),POINT (1167397.526430714 1932442.610432838),2021,4840 N BROADWAY
O1175917,DRIVER,353c86e3898770e5322017e511daaf34ada937b73f32b4ecdb80e94384f4afc3d0443fd56440b8e7dbd749007cd4dd11767098b685a8e9391866b948a1cdc961,1115527.0,F,29.0,NOT APPLICABLE,NONE,NO INDICATION OF INJURY,NONE,NOT OBSCURED,NORMAL,,,,,2021-09-03 14:36:00,30,CLEAR,DAYLIGHT,REAR END,NOT DIVIDED,DRY,NO DEFECTS,NOT ON SCENE (DESK REPORT),NO INJURY / DRIVE AWAY,,$500 OR LESS,09/03/2021 04:10:00 PM,FOLLOWING TOO CLOSELY,FOLLOWING TOO CLOSELY,,2,NO INDICATION OF INJURY,0.0,0.0,0.0,0.0,0.0,2.0,0.0,14,6,9,41.891052857,-87.669623539,POINT (-87.669623538743 41.891052857019),POINT (1164962.625769886 1903588.5020002434),2021,1700 W GRAND AVE
O1182306,DRIVER,baad297a64b5496ea532e30ff2221411d0aa625caa6531d3c39d95a5a7aadb76b3752878687ba53c66a9fc7bbd3901f9812084b4650cd1c3842bd335cb6a7363,1121666.0,X,,DEPLOYMENT UNKNOWN,NONE,NO INDICATION OF INJURY,IMPROPER TURN,UNKNOWN,UNKNOWN,,,,,2021-09-12 21:20:00,30,CLEAR,"DARKNESS, LIGHTED ROAD",TURNING,DIVIDED - W/MEDIAN (NOT RAISED),DRY,NO DEFECTS,ON SCENE,NO INJURY / DRIVE AWAY,Y,"OVER $1,500",09/12/2021 09:25:00 PM,IMPROPER TURNING/NO SIGNAL,FAILING TO YIELD RIGHT-OF-WAY,,2,NO INDICATION OF INJURY,0.0,0.0,0.0,0.0,0.0,3.0,0.0,21,1,9,41.689574769,-87.662723146,POINT (-87.66272314558 41.689574769193),POINT (1167414.1208497467 1830185.8430665168),2021,1622 W MONTEREY AVE
O1127144,DRIVER,6346bb371a7578badb0a5204f5c7a849ddbfbe3ec276ceb6d3dbf66e124cba9f339c10e70109a24d1ad10d3832e022bb768d701dd655861752bdde76177b7f75,1069165.0,M,24.0,NOT APPLICABLE,NONE,NO INDICATION OF INJURY,NONE,NOT OBSCURED,NORMAL,,,,,2021-06-26 19:28:00,20,RAIN,DUSK,ANGLE,ALLEY,DRY,NO DEFECTS,NOT ON SCENE (DESK REPORT),NO INJURY / DRIVE AWAY,,"$501 - $1,500",06/26/2021 08:56:00 PM,NOT APPLICABLE,NOT APPLICABLE,,2,NO INDICATION OF INJURY,0.0,0.0,0.0,0.0,0.0,3.0,0.0,19,7,6,41.792164368,-87.708568154,POINT (-87.708568154132 41.792164368177),POINT (1154620.9944760615 1867474.301499637),2021,5542 S HOMAN AVE
O1023337,DRIVER,cbe379a4885f65e8784b5f32bade3d066bf207b40759bde5fbe7cb4345a9f15c432afda7a34e95916bd1e0d6e40e7ad8880cf2285e889f9fa7741131082ca4f9,969914.0,M,78.0,DID NOT DEPLOY,NONE,NO INDICATION OF INJURY,NONE,NOT OBSCURED,NORMAL,,,,,2021-01-12 13:45:00,35,CLEAR,DAYLIGHT,ANGLE,FOUR WAY,DRY,NO DEFECTS,ON SCENE,NO INJURY / DRIVE AWAY,,"$501 - $1,500",01/12/2021 01:51:00 PM,DISREGARDING OTHER TRAFFIC SIGNS,DISTRACTION - FROM OUTSIDE VEHICLE,,2,NO INDICATION OF INJURY,0.0,0.0,0.0,0.0,0.0,2.0,0.0,13,3,1,41.712569728,-87.620310762,POINT (-87.620310762391 41.712569728389),POINT (1178928.934427844 1838657.9655826131),2021,99 E 100TH ST
O1142173,DRIVER,e86a33a6bbb8dc573a2a4ffb0e44c2679f4f170f0bb88807d309bb2fddf66b8e9797b2d8c1a518ad9f571922ff9b28fcc846f7153a36e8841c658475448780f7,1083408.0,M,33.0,NOT APPLICABLE,NONE,NO INDICATION OF INJURY,WRONG WAY/SIDE,UNKNOWN,NORMAL,,,,,2021-07-17 11:00:00,30,CLEAR,DAYLIGHT,SIDESWIPE OPPOSITE DIRECTION,NOT DIVIDED,DRY,NO DEFECTS,NOT ON SCENE (DESK REPORT),NO INJURY / DRIVE AWAY,,"OVER $1,500",07/17/2021 12:00:00 PM,IMPROPER OVERTAKING/PASSING,DRIVING ON WRONG SIDE/WRONG WAY,,2,NO INDICATION OF INJURY,0.0,0.0,0.0,0.0,0.0,2.0,0.0,11,7,7,41.869150382,-87.626389093,POINT (-87.626389092774 41.869150381611),POINT (1176800.1600864176 1895701.2785028878),2021,31 E 11TH ST
O1218213,DRIVER,7c55870b199e688f2eba2bfd3c7f0408b3e17c9174ae71bb189f7c88048fba0eb529a804d9bc15119d4e995f9bf9d1ce8bca3eb3c81d7343b6ab23659b627878,1155947.0,X,,DEPLOYMENT UNKNOWN,NONE,NO INDICATION OF INJURY,UNKNOWN,UNKNOWN,UNKNOWN,,,,Y,2021-11-01 08:00:00,30,CLEAR,UNKNOWN,PARKED MOTOR VEHICLE,ONE-WAY,DRY,NO DEFECTS,NOT ON SCENE (DESK REPORT),NO INJURY / DRIVE AWAY,Y,"$501 - $1,500",11/01/2021 01:40:00 PM,UNABLE TO DETERMINE,NOT APPLICABLE,,2,NO INDICATION OF INJURY,0.0,0.0,0.0,0.0,0.0,1.0,0.0,8,2,11,41.816766234,-87.690931923,POINT (-87.690931922677 41.816766234172),POINT (1159363.3437166337 1876474.5168256068),2021,4220 S TALMAN AVE
P261112,PASSENGER,dd596cc3901af46f53277e4f5f5c5c82975cfedc3ef26434e6f5dbb58b25535e864b44fa103cf7fe6274d2affd4e7cef5c29f2dbecba1566558023892dd9a71b,1104175.0,M,,DID NOT DEPLOY,NONE,NO INDICATION OF INJURY,,,,,,,,2021-08-17 19:15:00,30,CLEAR,DUSK,ANGLE,NOT DIVIDED,DRY,NO DEFECTS,NOT ON SCENE (DESK REPORT),NO INJURY / DRIVE AWAY,,$500 OR LESS,08/17/2021 07:22:00 PM,NOT APPLICABLE,NOT APPLICABLE,,2,NO INDICATION OF INJURY,0.0,0.0,0.0,0.0,0.0,4.0,0.0,19,3,8,41.77894575,-87.703283119,POINT (-87.703283119003 41.77894575018),POINT (1156097.5051773316 1862668.051774953),2021,6300 S KEDZIE AVE
O1082374,DRIVER,2e583bee59c97987cb48100a5281fed54c8de5ea49ed5aec6a78bb5595d84422d03d8794905afe53cad68f86e28c2149dcd9eb93f0a4e0eddfcfd7e4fbb2352e,1026540.0,F,,DEPLOYMENT UNKNOWN,NONE,NO INDICATION OF INJURY,UNKNOWN,UNKNOWN,UNKNOWN,,,,,2021-04-24 23:55:00,30,CLEAR,"DARKNESS, LIGHTED ROAD",PARKED MOTOR VEHICLE,NOT DIVIDED,DRY,NO DEFECTS,ON SCENE,NO INJURY / DRIVE AWAY,Y,"OVER $1,500",04/24/2021 11:56:00 PM,NOT APPLICABLE,NOT APPLICABLE,,2,NO INDICATION OF INJURY,0.0,0.0,0.0,0.0,0.0,1.0,0.0,23,7,4,41.964960705,-87.68948159,POINT (-87.689481590132 41.964960704521),POINT (1159353.4830005306 1930479.453201912),2021,2416 W WILSON AVE
P233732,PASSENGER,cc8cfc1b935a493f9d71c6e23ec3d0ddebcafdf4bb87d487c5b99e7e72077da67de37c340639b83de7d6b1a7992ec87fad92c8c85f318ee11f2c3524958a945b,981682.0,F,,DID NOT DEPLOY,NONE,NO INDICATION OF INJURY,,,,,,,,2021-02-04 15:00:00,0,SNOW,DAYLIGHT,ANGLE,PARKING LOT,SNOW OR SLUSH,NO DEFECTS,NOT ON SCENE (DESK REPORT),NO INJURY / DRIVE AWAY,,"OVER $1,500",02/04/2021 03:55:00 PM,UNABLE TO DETERMINE,UNABLE TO DETERMINE,,2,NO INDICATION OF INJURY,0.0,0.0,0.0,0.0,0.0,3.0,0.0,15,5,2,41.807772972,-87.704110729,POINT (-87.704110728585 41.807772972327),POINT (1155794.8876766209 1873170.841587509),2021,4710 S KEDZIE AVE
P272425,PASSENGER,c4828ad6a3b0b8dfaed4764e5fe5f2f9f26862275bb992354632e88a64b6667b0e67696ccdd77a01f39d5727053fc23d15d6f34fccd6c6d95de85cf2859aefb1,1154553.0,M,4.0,"DEPLOYED, SIDE",NONE,"REPORTED, NOT EVIDENT",,,,,,,,2021-10-30 10:30:00,30,CLEAR,DAYLIGHT,TURNING,FOUR WAY,DRY,NO DEFECTS,ON SCENE,INJURY AND / OR TOW DUE TO CRASH,,"OVER $1,500",10/30/2021 10:42:00 AM,DISREGARDING TRAFFIC SIGNALS,NOT APPLICABLE,,2,"REPORTED, NOT EVIDENT",3.0,0.0,0.0,0.0,3.0,1.0,0.0,10,7,10,41.838528605,-87.61750936,POINT (-87.617509360335 41.838528605003),POINT (1179311.7665067092 1884562.8173511731),2021,366 E 31ST ST
P247416,PASSENGER,12c5741b993ba2bf1e1155adc34ca31f58e98d209b381c9b81e777aeca24f9b8ee2c0371aecbfb4ed96519c702911292787f254c83078f499aa216f166e2788e,1045738.0,F,34.0,DID NOT DEPLOY,NONE,NO INDICATION OF INJURY,,,,,,,,2021-05-24 22:35:00,25,CLEAR,"DARKNESS, LIGHTED ROAD",FIXED OBJECT,NOT DIVIDED,DRY,NO DEFECTS,ON SCENE,INJURY AND / OR TOW DUE TO CRASH,,"OVER $1,500",05/24/2021 10:41:00 PM,UNABLE TO DETERMINE,UNABLE TO DETERMINE,,1,NO INDICATION OF INJURY,0.0,0.0,0.0,0.0,0.0,2.0,0.0,22,2,5,41.905731002,-87.649645966,POINT (-87.64964596637 41.905731002286),POINT (1170359.4541896838 1908979.929258896),2021,1333 N KINGSBURY ST
O1052582,DRIVER,39ae6053a6a6df5eff41e9f7369c7d06f8fd80952dd46ba1fb03ab23a521e5d53f121e3313d19c91728cd797b74cfc7e3ac988e259074e9b3d8ca4696f6ff9e6,998040.0,M,41.0,NOT APPLICABLE,NONE,NO INDICATION OF INJURY,OTHER,NOT OBSCURED,NORMAL,,,,,2021-03-02 20:21:00,30,CLEAR,"DARKNESS, LIGHTED ROAD",SIDESWIPE OPPOSITE DIRECTION,NOT DIVIDED,DRY,NO DEFECTS,ON SCENE,INJURY AND / OR TOW DUE TO CRASH,,"OVER $1,500",03/02/2021 09:00:00 PM,FAILING TO REDUCE SPEED TO AVOID CRASH,"OPERATING VEHICLE IN ERRATIC, RECKLESS, CARELESS, NEGLIGENT OR AGGRESSIVE MANNER",,8,NONINCAPACITATING INJURY,1.0,0.0,0.0,1.0,0.0,2.0,0.0,20,3,3,41.696309743,-87.61117648,POINT (-87.611176480309 41.696309742749),POINT (1181472.5984173522 1832753.800584168),2021,10900 S EBERHART AVE
O1236917,DRIVER,7894ced6f0d0fa8485651d1d72588d11b155e56b4a9c134cc9a919aecc9c2aaf4aafec302117036e416efe781e565ce3398e2f1539f2431c68a22b5c9cd663d3,1173943.0,M,22.0,DID NOT DEPLOY,NONE,NO INDICATION OF INJURY,UNKNOWN,NOT OBSCURED,NORMAL,,,,,2021-11-30 15:30:00,30,CLEAR,DAYLIGHT,REAR END,NOT DIVIDED,DRY,NO DEFECTS,NOT ON SCENE (DESK REPORT),NO INJURY / DRIVE AWAY,,"$501 - $1,500",11/30/2021 04:45:00 PM,UNABLE TO DETERMINE,UNABLE TO DETERMINE,,3,NO INDICATION OF INJURY,0.0,0.0,0.0,0.0,0.0,3.0,0.0,15,3,11,41.964053671,-87.747355911,POINT (-87.74735591083 41.96405367085),POINT (1143616.0406255596 1930035.9677470757),2021,4551 N CICERO AVE
O1140619,DRIVER,876ff8e243a305ca6860ee3cac26d4ca762f47b4c8b14def5ff8f17aa6a5e9cfac0e8fecfb9310a960b0bc58b3e2a081f664e31cd6b60e3c6d05c3d8664bb542,1081939.0,F,31.0,DID NOT DEPLOY,NONE,NO INDICATION OF INJURY,NONE,NOT OBSCURED,NORMAL,,,,,2021-07-15 23:30:00,30,RAIN,"DARKNESS, LIGHTED ROAD",REAR END,DIVIDED - W/MEDIAN (NOT RAISED),WET,NO DEFECTS,NOT ON SCENE (DESK REPORT),NO INJURY / DRIVE AWAY,Y,"OVER $1,500",07/16/2021 12:10:00 AM,UNABLE TO DETERMINE,UNABLE TO DETERMINE,,2,NO INDICATION OF INJURY,0.0,0.0,0.0,0.0,0.0,2.0,0.0,23,5,7,41.938758473,-87.743920312,POINT (-87.743920312025 41.93875847344),POINT (1144613.8027481714 1920824.7353902846),2021,4645 W BELMONT AVE
O1025645,DRIVER,ebd861428a180433ffb986474ac39662977d019122abf541f3ca6b02ee465d75ab83b9d4dc6dfbf3516643a23da723b757cce4872a2652e4a4d36cb8707074ec,972075.0,F,28.0,DID NOT DEPLOY,NONE,NO INDICATION OF INJURY,FAILED TO YIELD,NOT OBSCURED,NORMAL,,,,,2021-01-16 15:50:00,30,CLOUDY/OVERCAST,DAYLIGHT,PARKED MOTOR VEHICLE,NOT DIVIDED,WET,NO DEFECTS,ON SCENE,NO INJURY / DRIVE AWAY,,"OVER $1,500",01/16/2021 03:56:00 PM,FAILING TO REDUCE SPEED TO AVOID CRASH,NOT APPLICABLE,,2,NO INDICATION OF INJURY,0.0,0.0,0.0,0.0,0.0,1.0,0.0,15,7,1,41.89499811,-87.760876905,POINT (-87.760876905091 41.894998109762),POINT (1140106.7820699147 1904847.172464051),2021,5404 W CHICAGO AVE