PERSON_ID,PERSON_TYPE,CRASH_RECORD_ID,VEHICLE_ID,SEX,AGE,AIRBAG_DEPLOYED,EJECTION,INJURY_CLASSIFICATION,DRIVER_ACTION,DRIVER_VISION,PHYSICAL_CONDITION,PEDPEDAL_ACTION,PEDPEDAL_VISIBILITY,PEDPEDAL_LOCATION,CRASH_DATE_EST_I,CRASH_DATE,POSTED_SPEED_LIMIT,WEATHER_CONDITION,LIGHTING_CONDITION,FIRST_CRASH_TYPE,TRAFFICWAY_TYPE,ROADWAY_SURFACE_COND,ROAD_DEFECT,REPORT_TYPE,CRASH_TYPE,HIT_AND_RUN_I,DAMAGE,DATE_POLICE_NOTIFIED,PRIM_CONTRIBUTORY_CAUSE,SEC_CONTRIBUTORY_CAUSE,DOORING_I,NUM_UNITS,MOST_SEVERE_INJURY,INJURIES_TOTAL,INJURIES_FATAL,INJURIES_INCAPACITATING,INJURIES_NON_INCAPACITATING,INJURIES_REPORTED_NOT_EVIDENT,INJURIES_NO_INDICATION,INJURIES_UNKNOWN,CRASH_HOUR,CRASH_DAY_OF_WEEK,CRASH_MONTH,LATITUDE,LONGITUDE,LOCATION,geometry,YEAR,ADDRESS
O1072057,DRIVER,c07fd327118b4b78ce89d1a16c705462c4db1cc4c4841b86365785525eb51eb9038125dd8dadd07e382aad52065496c441e5c6fc1ed2153e3dc30b694207e6bc,1016679.0,M,17.0,"DEPLOYED, COMBINATION",NONE,NONINCAPACITATING INJURY,FOLLOWED TOO CLOSELY,UNKNOWN,UNKNOWN,,,,,2021-04-06 20:33:00,40,CLEAR,DARKNESS,SIDESWIPE SAME DIRECTION,OTHER,DRY,NO DEFECTS,ON SCENE,INJURY AND / OR TOW DUE TO CRASH,N,"OVER $1,500",04/06/2021 08:33:00 PM,FOLLOWING TOO CLOSELY,NOT APPLICABLE,,2,NONINCAPACITATING INJURY,2.0,0.0,0.0,2.0,0.0,1.0,0.0,20,3,4,41.964521502,-87.646632314,POINT (-87.6466323145 41.964521501877),POINT (1171008.2169821353 1930409.8893382738),2021,4523 N LAKE SHORE DR NB
P270296,PASSENGER,a49a3e0170e241b4f3b7361e6f1491d4a4ca72fa5b5e635d3a60816378461eb7bb4691cc7df1cb0ebc4d671e9cde2d622e171ff0d21e04da5894051ff4e2465a,1145101.0,,,DID NOT DEPLOY,NONE,NO INDICATION OF INJURY,,,,,,,,2021-10-16 20:48:00,30,CLEAR,"DARKNESS, LIGHTED ROAD",ANGLE,FOUR WAY,DRY,NO DEFECTS,ON SCENE,INJURY AND / OR TOW DUE TO CRASH,,"OVER $1,500",10/16/2021 09:13:00 PM,FAILING TO YIELD RIGHT-OF-WAY,DISREGARDING TRAFFIC SIGNALS,,2,NO INDICATION OF INJURY,0.0,0.0,0.0,0.0,0.0,5.0,0.0,20,7,10,41.866144695,-87.730212192,POINT (-87.730212192042 41.866144694779),POINT (1148529.4671997284 1894390.2284556257),2021,1198 S KEELER AVE
O1018834,DRIVER,30f55ef1a2a8448f42c2c1dfc9d675f39b5c90b4a104de68e5fcf3293c23e4eadfae53e13f6a2019c8b0bf2055d37f84cc2b76804f09667f7a3aec76305aae26,965657.0,M,34.0,DID NOT DEPLOY,NONE,NO INDICATION OF INJURY,NONE,UNKNOWN,UNKNOWN,,,,,2021-01-02 18:51:00,30,CLEAR,DARKNESS,TURNING,NOT DIVIDED,SNOW OR SLUSH,NO DEFECTS,ON SCENE,NO INJURY / DRIVE AWAY,,"OVER $1,500",01/02/2021 06:51:00 PM,IMPROPER OVERTAKING/PASSING,IMPROPER OVERTAKING/PASSING,,4,NO INDICATION OF INJURY,0.0,0.0,0.0,0.0,0.0,7.0,0.0,18,7,1,41.74602292,-87.74110156,POINT (-87.741101560269 41.746022919618),POINT (1145864.9981702191 1850597.96280392),2021,8057 S CICERO AVE
O1048587,DRIVER,80ca74c310c7524d129a0f654531f276f190069d0c50e6674599d9b075b9257d63e5a82a60177c9c7aae5a87a23dab244ec3dae25d42af0f8d825195155d3674,994189.0,M,,DEPLOYMENT UNKNOWN,NONE,NO INDICATION OF INJURY,UNKNOWN,UNKNOWN,IMPAIRED - ALCOHOL,,,,,2021-02-23 18:14:00,30,CLEAR,"DARKNESS, LIGHTED ROAD",HEAD ON,NOT DIVIDED,WET,NO DEFECTS,ON SCENE,INJURY AND / OR TOW DUE TO CRASH,Y,"OVER $1,500",02/23/2021 06:24:00 PM,UNDER THE INFLUENCE OF ALCOHOL/DRUGS (USE WHEN ARREST IS EFFECTED),UNABLE TO DETERMINE,,2,NO INDICATION OF INJURY,0.0,0.0,0.0,0.0,0.0,2.0,0.0,18,3,2,41.941264495,-87.778903885,POINT (-87.778903885327 41.941264495194),POINT (1135089.7517540853 1921674.434144109),2021,3332 N MEADE AVE
O1101421,DRIVER,9a45a4c12da56c16c75f79118b10dc346c0815c6d4ff976db7ea10e609a7735d0ca3a887cd49bc584bb6a452d81f58944283d94cc138de7f9177251feb235fe1,1044752.0,F,40.0,DID NOT DEPLOY,NONE,NO INDICATION OF INJURY,NONE,NOT OBSCURED,NORMAL,,,,,2021-05-23 14:15:00,30,CLOUDY/OVERCAST,DAYLIGHT,REAR END,NOT DIVIDED,DRY,NO DEFECTS,ON SCENE,NO INJURY / DRIVE AWAY,,$500 OR LESS,05/23/2021 02:23:00 PM,UNABLE TO DETERMINE,UNABLE TO DETERMINE,,2,NO INDICATION OF INJURY,0.0,0.0,0.0,0.0,0.0,2.0,0.0,14,1,5,41.841456776,-87.724620946,POINT (-87.724620945807 41.841456776244),POINT (1150116.203280724 1885404.7790217632),2021,2730 S PULASKI RD
O1166612,DRIVER,c200f994a10dc0c3a4841fa1aad1c57858e23c038210e8a65ae21603ba665f588712010794619314a40e2fe6bfd52aa6342a8245e0fa4562628455d4e3553416,1107254.0,M,25.0,DID NOT DEPLOY,NONE,NO INDICATION OF INJURY,FOLLOWED TOO CLOSELY,NOT OBSCURED,NORMAL,,,,,2021-08-21 16:40:00,30,CLEAR,DAYLIGHT,REAR END,NOT DIVIDED,DRY,NO DEFECTS,NOT ON SCENE (DESK REPORT),NO INJURY / DRIVE AWAY,,"OVER $1,500",08/21/2021 05:30:00 PM,FOLLOWING TOO CLOSELY,FOLLOWING TOO CLOSELY,,2,NO INDICATION OF INJURY,0.0,0.0,0.0,0.0,0.0,2.0,0.0,16,7,8,41.816438805,-87.629586596,POINT (-87.629586596136 41.816438804918),POINT (1176086.643436615 1876486.187805623),2021,4300 S LA SALLE ST
O1233568,DRIVER,127ff5a886bb4c9e9532d2e3e84b98c51b46a107d673feff675d8f709f5fb87da1d3720d4e9c70fae7938e0eb09af728b7d0c2ea16d097cb418df20f86865fc9,1170750.0,M,33.0,NOT APPLICABLE,NONE,NO INDICATION OF INJURY,NONE,NOT OBSCURED,NORMAL,,,,,2021-11-24 13:00:00,5,CLEAR,DAYLIGHT,REAR TO SIDE,PARKING LOT,DRY,UNKNOWN,NOT ON SCENE (DESK REPORT),NO INJURY / DRIVE AWAY,,"$501 - $1,500",11/24/2021 02:00:00 PM,IMPROPER BACKING,UNABLE TO DETERMINE,,2,NO INDICATION OF INJURY,0.0,0.0,0.0,0.0,0.0,2.0,0.0,13,4,11,41.992771129,-87.660499753,POINT (-87.660499752552 41.992771129487),POINT (1167155.88896889 1940674.2779986642),2021,6100 N BROADWAY
P278460,PASSENGER,df052765d17449021588b87cb5047869e3491468018875982c8ec69287f1fe0f97c5969fd7de292879b062275f1b709ed526299b7221996d3a7431e8929e943a,1181358.0,F,35.0,"DEPLOYED, FRONT",NONE,NONINCAPACITATING INJURY,,,,,,,,2021-12-12 01:30:00,30,CLEAR,"DARKNESS, LIGHTED ROAD",HEAD ON,ONE-WAY,ICE,NO DEFECTS,ON SCENE,INJURY AND / OR TOW DUE TO CRASH,,"OVER $1,500",12/12/2021 01:35:00 AM,UNABLE TO DETERMINE,NOT APPLICABLE,,3,INCAPACITATING INJURY,8.0,0.0,4.0,4.0,0.0,0.0,0.0,1,1,12,41.686563935,-87.66286916,POINT (-87.662869160448 41.686563935329),POINT (1167382.7782405578 1829088.4242386003),2021,11400 S MARSHFIELD AVE
O1046981,DRIVER,969647b3cbfaeb643a574e1298a090fb4e3b9f68fea4e45a3c51cef3acf2a44be926067d14d4dd7895482d8a6ab7449a36ddfb84d1c11e774f90aae390ad34b4,992638.0,M,26.0,NOT APPLICABLE,NONE,NO INDICATION OF INJURY,OTHER,NOT OBSCURED,NORMAL,,,,,2021-02-21 11:09:00,10,CLEAR,DAYLIGHT,REAR TO FRONT,PARKING LOT,SNOW OR SLUSH,NO DEFECTS,ON SCENE,NO INJURY / DRIVE AWAY,,$500 OR LESS,02/21/2021 11:24:00 AM,DISTRACTION - FROM OUTSIDE VEHICLE,NOT APPLICABLE,,2,NO INDICATION OF INJURY,0.0,0.0,0.0,0.0,0.0,2.0,0.0,11,1,2,41.736380046,-87.627509219,POINT (-87.627509219026 41.736380045588),POINT (1176892.3652143818 1847318.0013712507),2021,112 W 87TH ST
P238861,PASSENGER,242a4ab945703baf382719c7b23385062636d1ef9a418d810d3e2915779d6ae8e64835e8f111e42ee59fef7ba03d4ea5d1d2e772b600b4e08603c266ab5245d2,1008034.0,M,34.0,"DEPLOYED, SIDE",NONE,NONINCAPACITATING INJURY,,,,,,,,2021-03-22 15:28:00,30,CLEAR,DAYLIGHT,REAR END,DIVIDED - W/MEDIAN (NOT RAISED),DRY,NO DEFECTS,ON SCENE,INJURY AND / OR TOW DUE TO CRASH,,"OVER $1,500",03/22/2021 03:28:00 PM,"EVASIVE ACTION DUE TO ANIMAL, OBJECT, NONMOTORIST",UNABLE TO DETERMINE,,2,NONINCAPACITATING INJURY,2.0,0.0,0.0,2.0,0.0,2.0,0.0,15,2,3,41.805073733,-87.606323695,POINT (-87.606323695478 41.805073732906),POINT (1182463.0267291232 1872397.6045913785),2021,4927 S COTTAGE GROVE AVE
O1076857,DRIVER,b371242c90e79dc599bec3921be5b0f94f8bc04aa33405633c438798cee939a41272a8c0d73842d83ac218aa85257bec7d7d1bc25afa05a540402dfb70ab182a,1021255.0,M,38.0,DEPLOYMENT UNKNOWN,NONE,"REPORTED, NOT EVIDENT",NONE,NOT OBSCURED,NORMAL,,,,,2021-04-14 08:00:00,30,UNKNOWN,DAYLIGHT,REAR END,NOT DIVIDED,UNKNOWN,UNKNOWN,NOT ON SCENE (DESK REPORT),INJURY AND / OR TOW DUE TO CRASH,Y,"$501 - $1,500",04/15/2021 11:49:00 AM,UNABLE TO DETERMINE,NOT APPLICABLE,,2,"REPORTED, NOT EVIDENT",1.0,0.0,0.0,0.0,1.0,1.0,0.0,8,4,4,41.757410361,-87.686547302,POINT (-87.686547301781 41.757410361241),POINT (1160721.2664496142 1854854.623476859),2021,2531 W COLUMBUS AVE
O1233125,DRIVER,3af25197c440fd66d3d17944f7af9c9b3e7904f9af64f67194bbba792c234e294628c48d7fa7a90f8f8eb4107f8449baa1abbec029b11c98578732d19f5d1c87,1170268.0,F,60.0,NOT APPLICABLE,NONE,NO INDICATION OF INJURY,UNKNOWN,NOT OBSCURED,NORMAL,,,,,2021-11-23 18:15:00,30,CLEAR,"DARKNESS, LIGHTED ROAD",TURNING,DIVIDED - W/MEDIAN (NOT RAISED),DRY,NO DEFECTS,ON SCENE,INJURY AND / OR TOW DUE TO CRASH,,"OVER $1,500",11/23/2021 06:20:00 PM,DRIVING SKILLS/KNOWLEDGE/EXPERIENCE,UNABLE TO DETERMINE,,2,NO INDICATION OF INJURY,0.0,0.0,0.0,0.0,0.0,6.0,0.0,18,3,11,41.856391396,-87.710258009,POINT (-87.710258008761 41.85639139624),POINT (1153990.4481286241 1890874.9688012216),2021,3398 W OGDEN AVE
O1018202,DRIVER,ec528a204e85c6a9c1f3e9159e23c2ef14b4e6d32465ee4b703229818200f3c2638864b21c682b61ff9eb95d3551767f3030e341631d4fd5c396ae897e3e5ae1,965048.0,X,,DEPLOYMENT UNKNOWN,NONE,NO INDICATION OF INJURY,OTHER,UNKNOWN,UNKNOWN,,,,,2021-01-01 14:00:00,30,CLEAR,DAYLIGHT,PARKED MOTOR VEHICLE,NOT DIVIDED,ICE,NO DEFECTS,ON SCENE,NO INJURY / DRIVE AWAY,Y,"OVER $1,500",01/01/2021 02:35:00 PM,UNABLE TO DETERMINE,NOT APPLICABLE,,3,NO INDICATION OF INJURY,0.0,0.0,0.0,0.0,0.0,1.0,0.0,14,6,1,41.741412596,-87.705933633,POINT (-87.705933633278 41.741412595959),POINT (1155474.3168695406 1848986.0202448657),2021,3333 W 83RD PL
O1038417,DRIVER,255a7bb691182c480b58e89e891df729e85eb27147c58bd028d707f3c06a1f277c3685963746ce82ccc4db3eac6186a40c88ad70b6fdad32ceb65ff40c36c340,984293.0,M,39.0,DID NOT DEPLOY,NONE,NO INDICATION OF INJURY,EMERGENCY VEHICLE ON CALL,UNKNOWN,NORMAL,,,,,2021-02-08 11:40:00,20,SNOW,DAYLIGHT,PARKED MOTOR VEHICLE,ONE-WAY,SNOW OR SLUSH,NO DEFECTS,ON SCENE,NO INJURY / DRIVE AWAY,,"$501 - $1,500",02/08/2021 11:45:00 AM,UNABLE TO DETERMINE,UNABLE TO DETERMINE,,2,NO INDICATION OF INJURY,0.0,0.0,0.0,0.0,0.0,1.0,0.0,11,2,2,41.870845851,-87.724000736,POINT (-87.724000735646 41.870845851398),POINT (1150209.204557519 1896115.2669812175),2021,3926 W POLK ST
O1157013,DRIVER,05165f1db14fc2e15d1ef608935032954d3da665ec0c1b67dec785932774482e16c89c93270570986521aca11b560712aa471ab5147b3567e16b030f1413b0ec,1097508.0,M,38.0,"DEPLOYED, FRONT",NONE,NO INDICATION OF INJURY,UNKNOWN,UNKNOWN,NORMAL,,,,,2021-08-07 16:21:00,30,CLEAR,DAYLIGHT,ANGLE,NOT DIVIDED,DRY,UNKNOWN,ON SCENE,INJURY AND / OR TOW DUE TO CRASH,,"OVER $1,500",08/07/2021 04:35:00 PM,UNABLE TO DETERMINE,UNABLE TO DETERMINE,,2,NONINCAPACITATING INJURY,1.0,0.0,0.0,1.0,0.0,1.0,0.0,16,7,8,42.013613566,-87.806759777,POINT (-87.80675977706 42.013613566359),POINT (1127349.1061605155 1947990.942716982),2021,7300 N HARLEM AVE
O1172617,DRIVER,b5743b84a4ccdee55ef3a8d88aaef752c86c1e4051a05ea7b224192c888394b1ea741b62edb7acf26e6c8f8b9ac0cc205cee57d4c71f6d7b8527ab207a27ebb9,1112368.0,F,40.0,DEPLOYMENT UNKNOWN,NONE,NO INDICATION OF INJURY,FAILED TO YIELD,"TREES, PLANTS",NORMAL,,,,N,2021-08-30 08:45:00,30,CLEAR,DAYLIGHT,TURNING,RAMP,DRY,NO DEFECTS,ON SCENE,INJURY AND / OR TOW DUE TO CRASH,,"OVER $1,500",08/30/2021 09:00:00 AM,FAILING TO YIELD RIGHT-OF-WAY,"VISION OBSCURED (SIGNS, TREE LIMBS, BUILDINGS, ETC.)",,2,NO INDICATION OF INJURY,0.0,0.0,0.0,0.0,0.0,2.0,0.0,8,2,8,41.685995076,-87.600309316,POINT (-87.600309316016 41.685995075688),POINT (1184472.447480544 1829020.334287996),2021,11501 S DOTY AVE E
O1057245,DRIVER,33d2c55862c5cc5f2647d067a3c6a6dbdd8c0d4e13e28c8cc66cf32ebe2bd1705649c4410943ff3a0f234f8871c32be002b60fdaf56e19fde4f66c66ff95b764,1002516.0,M,,DEPLOYMENT UNKNOWN,NONE,NO INDICATION OF INJURY,UNKNOWN,UNKNOWN,UNKNOWN,,,,,2021-03-11 11:45:00,30,CLEAR,DAYLIGHT,SIDESWIPE SAME DIRECTION,NOT DIVIDED,DRY,UNKNOWN,NOT ON SCENE (DESK REPORT),NO INJURY / DRIVE AWAY,Y,"OVER $1,500",03/12/2021 09:00:00 AM,UNABLE TO DETERMINE,UNABLE TO DETERMINE,,2,NO INDICATION OF INJURY,0.0,0.0,0.0,0.0,0.0,2.0,0.0,11,5,3,41.891478464,-87.689193966,POINT (-87.689193966396 41.891478464281),POINT (1159632.8674479153 1903702.983453844),2021,2500 W GRAND AVE
O1169682,DRIVER,101cb1c2341e47f1864bbac1e5a6fac3fa0d32d98ff73cb4e2f8f8daf79f83c53481b33736c97097f2eb2a8282ddbd36cbaa7a548206900b532a59d6fd728220,1109567.0,M,,DEPLOYMENT UNKNOWN,NONE,NO INDICATION OF INJURY,IMPROPER LANE CHANGE,UNKNOWN,UNKNOWN,,,,,2021-08-25 07:50:00,30,CLEAR,DAYLIGHT,SIDESWIPE SAME DIRECTION,DIVIDED - W/MEDIAN (NOT RAISED),DRY,NO DEFECTS,NOT ON SCENE (DESK REPORT),NO INJURY / DRIVE AWAY,Y,"$501 - $1,500",08/26/2021 08:10:00 AM,IMPROPER LANE USAGE,NOT APPLICABLE,,2,NO INDICATION OF INJURY,0.0,0.0,0.0,0.0,0.0,2.0,0.0,7,4,8,41.924120619,-87.76359263,POINT (-87.763592629504 41.924120619367),POINT (1139296.907701817 1915454.494524717),2021,5500 W FULLERTON AVE
O1189528,DRIVER,bb254a5d73d139b9033b59c1e626680f35ec0c94f762d3a30b23514480837196b20db1e959fec7852fa7c5485d116d42b85b4b2da5edaa5bcac105c83eb5ec08,1128579.0,M,47.0,DEPLOYMENT UNKNOWN,NONE,NO INDICATION OF INJURY,NONE,UNKNOWN,NORMAL,,,,,2021-09-22 12:11:00,30,CLEAR,DAYLIGHT,TURNING,FOUR WAY,DRY,NO DEFECTS,ON SCENE,NO INJURY / DRIVE AWAY,Y,"OVER $1,500",09/22/2021 12:32:00 PM,UNABLE TO DETERMINE,NOT APPLICABLE,,2,NO INDICATION OF INJURY,0.0,0.0,0.0,0.0,0.0,2.0,0.0,12,4,9,41.925132631,-87.678121211,POINT (-87.67812121141 41.925132630941),POINT (1162554.0358969688 1915989.4090656466),2021,2004 W FULLERTON AVE
O1092171,DRIVER,b95c994b62df311f79ea1595b90dc08d414dbc5611c1eb82cfe497b0cf7ca9542793c373f0a7dda663bb1fc47b7141d75e63af822b63daef4a1cb6b1617c60b3,1035900.0,M,,DID NOT DEPLOY,NONE,NO INDICATION OF INJURY,NONE,NOT OBSCURED,NORMAL,,,,,2021-05-09 15:35:00,30,CLEAR,DAYLIGHT,REAR END,NOT DIVIDED,DRY,NO DEFECTS,NOT ON SCENE (DESK REPORT),INJURY AND / OR TOW DUE TO CRASH,,"$501 - $1,500",05/09/2021 06:00:00 PM,FOLLOWING TOO CLOSELY,FAILING TO REDUCE SPEED TO AVOID CRASH,,2,"REPORTED, NOT EVIDENT",1.0,0.0,0.0,0.0,1.0,5.0,0.0,15,1,5,41.879714362,-87.774496221,POINT (-87.774496220954 41.879714361958),POINT (1136435.0485754237 1899253.3510596822),2021,11 S AUSTIN BLVD
P274762,PASSENGER,d13055ad964f580760e6d1017307a477f9f8c4b71d0c0125423ee472d0f973a484b7ec46ef7c2386156b97bb0b66b68602d64887535f74e71fcfe91e931ad04c,1164405.0,F,40.0,DID NOT DEPLOY,NONE,NO INDICATION OF INJURY,,,,,,,,2021-11-14 16:13:00,30,CLEAR,DAYLIGHT,ANGLE,NOT DIVIDED,DRY,NO DEFECTS,ON SCENE,INJURY AND / OR TOW DUE TO CRASH,Y,"OVER $1,500",11/14/2021 04:20:00 PM,UNABLE TO DETERMINE,NOT APPLICABLE,,2,NO INDICATION OF INJURY,0.0,0.0,0.0,0.0,0.0,3.0,0.0,16,1,11,41.835171684,-87.724375084,POINT (-87.724375083847 41.835171684145),POINT (1150199.4349908056 1883114.9925544683),2021,4000 W 32ND ST
O1228745,DRIVER,c141da485557900a54958cd34dc89e62bd4410e84e7fc173920d98de8cce2df6d2073e4c3410da5e91999fe0709c666759566fe6dd7a572cc40913fed0c44a80,1166051.0,F,22.0,"DEPLOYED, FRONT",NONE,NO INDICATION OF INJURY,IMPROPER TURN,UNKNOWN,NORMAL,,,,,2021-11-17 10:13:00,30,RAIN,DAYLIGHT,TURNING,NOT DIVIDED,WET,NO DEFECTS,ON SCENE,INJURY AND / OR TOW DUE TO CRASH,,"OVER $1,500",11/17/2021 10:13:00 AM,IMPROPER TURNING/NO SIGNAL,NOT APPLICABLE,,2,NONINCAPACITATING INJURY,1.0,0.0,0.0,1.0,0.0,3.0,0.0,10,4,11,41.780521025,-87.605869499,POINT (-87.605869499248 41.780521024744),POINT (1182662.5684697318 1863451.793646854),2021,800 E 63RD ST
O1190034,DRIVER,6699cf00fba7d1fcae017cbbce19d44eb1c1395d608e47971020649bbd406eb900c77b953cb4d19158478e2bced77253ec3cb642f373d60de5bd73267391e7e7,1129065.0,X,,DEPLOYMENT UNKNOWN,UNKNOWN,NO INDICATION OF INJURY,FAILED TO YIELD,UNKNOWN,UNKNOWN,,,,,2021-09-22 18:35:00,30,CLEAR,DAWN,ANGLE,FOUR WAY,DRY,NO DEFECTS,NOT ON SCENE (DESK REPORT),NO INJURY / DRIVE AWAY,Y,"OVER $1,500",09/23/2021 09:00:00 AM,FAILING TO YIELD RIGHT-OF-WAY,NOT APPLICABLE,,2,NO INDICATION OF INJURY,0.0,0.0,0.0,0.0,0.0,4.0,0.0,18,4,9,41.710535866,-87.638219135,POINT (-87.638219134784 41.710535866222),POINT (1174045.306266989 1837876.8671556932),2021,10100 S WALLACE ST
O1043068,DRIVER,6c52e6ab40b97f707a739d006c66ae2822645dc23a8f0f92748f52aec0089407bb1c4342f5dea34b66e4a1db60e574457bca726ae789fda7ab77947604078b33,988835.0,M,63.0,DID NOT DEPLOY,NONE,NO INDICATION OF INJURY,TOO FAST FOR CONDITIONS,NOT OBSCURED,NORMAL,,,,,2021-02-15 17:12:00,30,SNOW,"DARKNESS, LIGHTED ROAD",REAR END,NOT DIVIDED,SNOW OR SLUSH,NO DEFECTS,NOT ON SCENE (DESK REPORT),NO INJURY / DRIVE AWAY,,"$501 - $1,500",02/15/2021 05:50:00 PM,FOLLOWING TOO CLOSELY,WEATHER,,2,NO INDICATION OF INJURY,0.0,0.0,0.0,0.0,0.0,2.0,0.0,17,2,2,41.984386163,-87.661077517,POINT (-87.661077517484 41.984386162889),POINT (1167022.8108137143 1937617.514231334),2021,5631 N RIDGE AVE
O1253693,DRIVER,0a7556596af37afc2ae697046cf4ea0536fa748aab9f543871ec74b7f57479ab449aa712bf277a7f5d6f8e17c359bd308fa0cffbd7029e7e7bfd8e246e70318f,1190029.0,X,,DEPLOYMENT UNKNOWN,NONE,NO INDICATION OF INJURY,NONE,UNKNOWN,UNKNOWN,,,,,2021-12-27 23:25:00,30,CLEAR,"DARKNESS, LIGHTED ROAD",REAR END,DIVIDED - W/MEDIAN (NOT RAISED),DRY,NO DEFECTS,NOT ON SCENE (DESK REPORT),NO INJURY / DRIVE AWAY,Y,$500 OR LESS,12/28/2021 10:40:00 AM,FAILING TO REDUCE SPEED TO AVOID CRASH,UNABLE TO DETERMINE,,3,NO INDICATION OF INJURY,0.0,0.0,0.0,0.0,0.0,3.0,0.0,23,2,12,41.885501424,-87.774683506,POINT (-87.774683505755 41.885501424153),POINT (1136370.3188268947 1901361.8144180693),2021,255 N AUSTIN BLVD
O1083426,DRIVER,796013b51aa85684e35e90f1e21c3e5acb38e064f8e7dc4a2c9748c3b9d69edbd9f43314147b4412fa8cdb0f8a5bae5ee3c00d2431ff5364307d5051aaf49196,1027539.0,M,29.0,DID NOT DEPLOY,NONE,NO INDICATION OF INJURY,OVERCORRECTED,NOT OBSCURED,NORMAL,,,,,2021-04-26 19:30:00,30,CLEAR,DAYLIGHT,REAR END,NOT DIVIDED,DRY,UNKNOWN,NOT ON SCENE (DESK REPORT),NO INJURY / DRIVE AWAY,Y,"$501 - $1,500",04/26/2021 08:30:00 PM,UNABLE TO DETERMINE,UNABLE TO DETERMINE,,2,NO INDICATION OF INJURY,0.0,0.0,0.0,0.0,0.0,2.0,0.0,19,2,4,41.860250254,-87.695575178,POINT (-87.695575177986 41.860250253825),POINT (1157979.971744022 1892310.4944016424),2021,1525 S CALIFORNIA BLVD
O1152858,DRIVER,2e90ae2ca01fdb00de14a3aee3852c949c3c410c1cb4c18824cf67cc7891cc6578dd87e4340d9d94a6115eea2df121a756b4bfedd5b584345f943158575a1c2b,1093557.0,F,19.0,DID NOT DEPLOY,NONE,NO INDICATION OF INJURY,UNKNOWN,NOT OBSCURED,NORMAL,,,,,2021-08-01 19:15:00,25,CLEAR,DAYLIGHT,SIDESWIPE SAME DIRECTION,ONE-WAY,DRY,NO DEFECTS,NOT ON SCENE (DESK REPORT),NO INJURY / DRIVE AWAY,,$500 OR LESS,08/01/2021 07:30:00 PM,UNABLE TO DETERMINE,NOT APPLICABLE,,2,NO INDICATION OF INJURY,0.0,0.0,0.0,0.0,0.0,2.0,0.0,19,1,8,41.877737747,-87.750208543,POINT (-87.750208542955 41.877737747127),POINT (1143054.097330768 1898577.0793696614),2021,5018 W QUINCY ST
P241005,PASSENGER,62e6f5fd34fd5e4072ac4caf3fe823765d088510c0f04be357dac9783d3e4c7581ae673f80a96154867b63fef892139d4edba88ff583969ab7baea90408a16ed,1017449.0,,,DID NOT DEPLOY,NONE,NO INDICATION OF INJURY,,,,,,,,2021-04-07 19:30:00,30,CLEAR,"DARKNESS, LIGHTED ROAD",HEAD ON,NOT DIVIDED,DRY,NO DEFECTS,NOT ON SCENE (DESK REPORT),NO INJURY / DRIVE AWAY,Y,"$501 - $1,500",04/08/2021 11:30:00 AM,IMPROPER LANE USAGE,DRIVING ON WRONG SIDE/WRONG WAY,,2,NO INDICATION OF INJURY,0.0,0.0,0.0,0.0,0.0,6.0,0.0,19,4,4,41.750823653,-87.587932983,POINT (-87.587932983307 41.750823653134),POINT (1187648.4853743978 1852672.193603947),2021,7920 S ANTHONY AVE
O1213307,DRIVER,33fe2348fa54ccdfbcb2bb4883b5f92c4aa14812686bad1720fa21e40b59f385300c412e4d03393a578eddb6a44fb419c59e6fe7fdf84456f2154dfa6b2d2e5f,1151290.0,M,61.0,DEPLOYMENT UNKNOWN,NONE,NO INDICATION OF INJURY,UNKNOWN,NOT OBSCURED,UNKNOWN,,,,,2021-10-26 10:43:00,30,CLEAR,DAYLIGHT,TURNING,NOT DIVIDED,DRY,NO DEFECTS,NOT ON SCENE (DESK REPORT),NO INJURY / DRIVE AWAY,,"OVER $1,500",10/26/2021 11:23:00 AM,NOT APPLICABLE,NOT APPLICABLE,,2,NO INDICATION OF INJURY,0.0,0.0,0.0,0.0,0.0,2.0,0.0,10,3,10,41.755803801,-87.673232706,POINT (-87.673232705986 41.755803801009),POINT (1164358.5754892325 1854296.80078144),2021,1958 W 76TH ST
P243299,PASSENGER,c22270a810b31f0dcf4d95e6747c342a1158093ffefc1f2c34cadc0636e096ecf9bc66be3e8235b662bb2947bb2ece50af3c6bc09818e4f5889ea668101da106,1028327.0,F,36.0,NOT APPLICABLE,NONE,NO INDICATION OF INJURY,,,,,,,,2021-04-27 20:39:00,30,CLEAR,"DARKNESS, LIGHTED ROAD",HEAD ON,NOT DIVIDED,DRY,NO DEFECTS,ON SCENE,INJURY AND / OR TOW DUE TO CRASH,,"$501 - $1,500",04/27/2021 08:39:00 PM,FAILING TO YIELD RIGHT-OF-WAY,FAILING TO REDUCE SPEED TO AVOID CRASH,,2,NONINCAPACITATING INJURY,1.0,0.0,0.0,1.0,0.0,3.0,0.0,20,3,4,41.710819143,-87.63201593,POINT (-87.632015930366 41.710819143152),POINT (1175738.2101288792 1837993.8240738064),2021,330 W 101ST ST