PERSON_ID,PERSON_TYPE,CRASH_RECORD_ID,VEHICLE_ID,SEX,AGE,AIRBAG_DEPLOYED,EJECTION,INJURY_CLASSIFICATION,DRIVER_ACTION,DRIVER_VISION,PHYSICAL_CONDITION,PEDPEDAL_ACTION,PEDPEDAL_VISIBILITY,PEDPEDAL_LOCATION,CRASH_DATE_EST_I,CRASH_DATE,POSTED_SPEED_LIMIT,WEATHER_CONDITION,LIGHTING_CONDITION,FIRST_CRASH_TYPE,TRAFFICWAY_TYPE,ROADWAY_SURFACE_COND,ROAD_DEFECT,REPORT_TYPE,CRASH_TYPE,HIT_AND_RUN_I,DAMAGE,DATE_POLICE_NOTIFIED,PRIM_CONTRIBUTORY_CAUSE,SEC_CONTRIBUTORY_CAUSE,DOORING_I,NUM_UNITS,MOST_SEVERE_INJURY,INJURIES_TOTAL,INJURIES_FATAL,INJURIES_INCAPACITATING,INJURIES_NON_INCAPACITATING,INJURIES_REPORTED_NOT_EVIDENT,INJURIES_NO_INDICATION,INJURIES_UNKNOWN,CRASH_HOUR,CRASH_DAY_OF_WEEK,CRASH_MONTH,LATITUDE,LONGITUDE,LOCATION,geometry,YEAR,ADDRESS
O1082639,DRIVER,14ee427924f6f185d0d4073d64eccf80d4946c0f7f85ff612c1cb2e635e2845dcddf919bcc9cc039702121a1575f00323d17fe72e84f2aa9984ba89dde4bc158,1026795.0,F,35.0,DID NOT DEPLOY,NONE,NO INDICATION OF INJURY,FOLLOWED TOO CLOSELY,NOT OBSCURED,NORMAL,,,,,2021-04-25 12:40:00,30,CLEAR,DAYLIGHT,REAR END,NOT DIVIDED,DRY,NO DEFECTS,NOT ON SCENE (DESK REPORT),NO INJURY / DRIVE AWAY,,"OVER $1,500",04/25/2021 01:10:00 PM,FOLLOWING TOO CLOSELY,NOT APPLICABLE,,2,NO INDICATION OF INJURY,0.0,0.0,0.0,0.0,0.0,2.0,0.0,12,1,4,41.951175556,-87.659541802,POINT (-87.659541802485 41.951175556416),POINT (1167535.5178801774 1925518.7013250347),2021,3801 N CLARK ST
O1063086,DRIVER,8ef3853160a9f9c22aceaba3b5632b188d1450833eb5b563eb9a048efa53ea45538372b7f36dd911ad5748309d2403012d4f94d6d78db5a7d98b4575345a71d7,1008132.0,F,65.0,DID NOT DEPLOY,NONE,NO INDICATION OF INJURY,UNKNOWN,NOT OBSCURED,NORMAL,,,,,2021-03-22 17:00:00,25,CLEAR,DAYLIGHT,SIDESWIPE SAME DIRECTION,T-INTERSECTION,DRY,UNKNOWN,NOT ON SCENE (DESK REPORT),NO INJURY / DRIVE AWAY,,"OVER $1,500",03/22/2021 06:00:00 PM,UNABLE TO DETERMINE,UNABLE TO DETERMINE,,2,NO INDICATION OF INJURY,0.0,0.0,0.0,0.0,0.0,2.0,0.0,17,2,3,41.769068957,-87.626238587,POINT (-87.626238587369 41.76906895707),POINT (1177141.2677825745 1859232.402116383),2021,31 W 69TH ST
O1022613,DRIVER,aac33b0031eb60df754bccc7a02ba2dc032b1ddc7eab1b13501f4fcab1408bcfdb96a1975d9a4d0dd47ed56578399ea51547bcf52b30c3a883e192e6cb948242,969250.0,M,23.0,"DEPLOYED, COMBINATION",NONE,NO INDICATION OF INJURY,NONE,NOT OBSCURED,NORMAL,,,,,2021-01-10 19:15:00,30,CLEAR,"DARKNESS, LIGHTED ROAD",ANGLE,NOT DIVIDED,DRY,NO DEFECTS,ON SCENE,INJURY AND / OR TOW DUE TO CRASH,,"OVER $1,500",01/10/2021 07:17:00 PM,DISREGARDING TRAFFIC SIGNALS,NOT APPLICABLE,,2,NO INDICATION OF INJURY,0.0,0.0,0.0,0.0,0.0,5.0,0.0,19,1,1,41.771593627,-87.715425302,POINT (-87.715425302193 41.771593627064),POINT (1152804.933804105 1859964.966275732),2021,3702 W MARQUETTE RD
O1251398,DRIVER,4596a05173a0cf7d352a3978552ec43a39d72d65b598a157cd3f0e8238da79edc0dd86843044aa655727dfa7825d0f3258da30b94ad4216850318b3ddbf91fcd,1187826.0,M,70.0,DID NOT DEPLOY,NONE,NO INDICATION OF INJURY,UNKNOWN,UNKNOWN,UNKNOWN,,,,,2021-12-23 09:00:00,10,CLEAR,DAYLIGHT,PARKED MOTOR VEHICLE,PARKING LOT,DRY,NO DEFECTS,NOT ON SCENE (DESK REPORT),NO INJURY / DRIVE AWAY,,"OVER $1,500",12/23/2021 02:05:00 PM,UNABLE TO DETERMINE,UNABLE TO DETERMINE,,2,NO INDICATION OF INJURY,0.0,0.0,0.0,0.0,0.0,1.0,0.0,9,5,12,41.784783812,-87.58828903,POINT (-87.588289029886 41.784783812205),POINT (1187444.1355326395 1865046.1816376133),2021,6040 S HARPER AVE
O1023218,DRIVER,eb5d92e2ad3178ba36ff5789983f564523aa7363d7fd4f699030afaf914ac6940dc31729745bd5cd29aa308b098a6b122efc6fc6ee0bbb4d0240821ad5b03f0a,969799.0,M,19.0,DID NOT DEPLOY,NONE,"REPORTED, NOT EVIDENT",NONE,NOT OBSCURED,NORMAL,,,,,2021-01-12 10:05:00,30,CLEAR,DAYLIGHT,ANGLE,FOUR WAY,DRY,WORN SURFACE,ON SCENE,INJURY AND / OR TOW DUE TO CRASH,,"OVER $1,500",01/12/2021 10:06:00 AM,DISTRACTION - FROM INSIDE VEHICLE,UNABLE TO DETERMINE,,2,"REPORTED, NOT EVIDENT",2.0,0.0,0.0,0.0,2.0,0.0,0.0,10,3,1,41.804948673,-87.665013074,POINT (-87.665013074287 41.804948673338),POINT (1166462.1326469204 1872222.1470822787),2021,4900 S ASHLAND AVE
O1090457,DRIVER,a2d2745d00f9b3fa359e887743ccd5b5f618644b96bea19f08d00ccc2b40ae0caad6cb564f7b2ec47e1928671485e9343dad5df3cab4aa8edd564debf3e4bf30,1034256.0,M,33.0,DID NOT DEPLOY,NONE,NO INDICATION OF INJURY,UNKNOWN,UNKNOWN,NORMAL,,,,Y,2021-05-07 09:15:00,30,CLEAR,DAYLIGHT,REAR TO FRONT,NOT DIVIDED,DRY,NO DEFECTS,NOT ON SCENE (DESK REPORT),NO INJURY / DRIVE AWAY,,"$501 - $1,500",05/07/2021 09:27:00 AM,UNABLE TO DETERMINE,UNABLE TO DETERMINE,,2,NO INDICATION OF INJURY,0.0,0.0,0.0,0.0,0.0,2.0,0.0,9,6,5,41.94738765,-87.654482154,POINT (-87.65448215373 41.947387649856),POINT (1168922.7890346325 1924149.2365856864),2021,3602 N SHEFFIELD AVE
P257140,PASSENGER,36a4f3b5d9d246edc9a2b0b283954a8a028cb4a2e87203ca53f6916e2c1b3b4115747d1fecd221c26218bdfe31ba2dffd01c8dd92a7e4fd6b0e585bba0c7baf9,1086807.0,M,43.0,"DEPLOYED, COMBINATION",NONE,NONINCAPACITATING INJURY,,,,,,,,2021-07-23 13:10:00,30,CLEAR,DAYLIGHT,ANGLE,FOUR WAY,DRY,NO DEFECTS,ON SCENE,INJURY AND / OR TOW DUE TO CRASH,,"OVER $1,500",07/23/2021 01:12:00 PM,FAILING TO REDUCE SPEED TO AVOID CRASH,FAILING TO REDUCE SPEED TO AVOID CRASH,,3,NONINCAPACITATING INJURY,1.0,0.0,0.0,1.0,0.0,3.0,0.0,13,6,7,41.765398586,-87.626695501,POINT (-87.626695500681 41.765398585764),POINT (1177027.611811527 1857893.9231324608),2021,7100 S LAFAYETTE AVE
O1057055,DRIVER,522f90dace64f4db0d67a594f15540c84637122c1043908fd711a71f9cfecc1736e410678e6d80a57d12883c90495c07865dc98f4f3bb8141fed9e5a6a357cfb,1002328.0,F,54.0,NOT APPLICABLE,NONE,NO INDICATION OF INJURY,FOLLOWED TOO CLOSELY,NOT OBSCURED,NORMAL,,,,,2021-02-09 11:00:00,30,CLEAR,DAYLIGHT,TURNING,NOT DIVIDED,SNOW OR SLUSH,NO DEFECTS,,NO INJURY / DRIVE AWAY,,"OVER $1,500",02/09/2021 11:10:00 AM,FOLLOWING TOO CLOSELY,IMPROPER OVERTAKING/PASSING,,2,NO INDICATION OF INJURY,0.0,0.0,0.0,0.0,0.0,2.0,0.0,11,3,2,41.914087695,-87.746101702,POINT (-87.746101701967 41.914087695045),POINT (1144081.8696366437 1911830.6004806622),2021,4802 W GRAND AVE
O1121513,DRIVER,8ae0686a3c9945c11bfeaa8a35665aa7a822b440e7c12d97971ff7d71f1ff40bd8f1d4c86671f99b133c6af64a02056d8cdf8bbf9509b9aed48f1d6510f517c6,1063793.0,F,41.0,DID NOT DEPLOY,NONE,"REPORTED, NOT EVIDENT",UNKNOWN,NOT OBSCURED,NORMAL,,,,,2021-06-19 09:40:00,30,CLEAR,DAYLIGHT,REAR END,NOT DIVIDED,DRY,NO DEFECTS,NOT ON SCENE (DESK REPORT),INJURY AND / OR TOW DUE TO CRASH,,"OVER $1,500",06/19/2021 09:43:00 AM,UNABLE TO DETERMINE,UNABLE TO DETERMINE,,2,NONINCAPACITATING INJURY,2.0,0.0,0.0,1.0,1.0,1.0,0.0,9,7,6,41.892552308,-87.706613291,POINT (-87.706613290911 41.892552307901),POINT (1154887.1463741225 1904059.1677739788),2021,620 N KEDZIE AVE
O1099004,DRIVER,a87b26be8ca7388455aa290071dddf76ed7c91f97d0a49726aa3bb3af33e248a89cdf4b86274ed1bbb54d9919caaa9b41ea12850ffbd757f5aa95af4c124ed24,1042436.0,M,33.0,DID NOT DEPLOY,NONE,NO INDICATION OF INJURY,UNKNOWN,UNKNOWN,NORMAL,,,,,2021-05-20 13:45:00,10,CLEAR,DAYLIGHT,PARKED MOTOR VEHICLE,PARKING LOT,DRY,NO DEFECTS,ON SCENE,NO INJURY / DRIVE AWAY,,"OVER $1,500",05/20/2021 02:09:00 PM,UNABLE TO DETERMINE,UNABLE TO DETERMINE,,3,NO INDICATION OF INJURY,0.0,0.0,0.0,0.0,0.0,1.0,0.0,13,5,5,41.931688919,-87.743016947,POINT (-87.743016946831 41.931688919351),POINT (1144877.324065701 1918250.2683463502),2021,4626 W DIVERSEY AVE
P234327,PASSENGER,6f4e4015a6e474eac8f62acc44ff36c53c145032da870de6e24197d704c0048acf83aac931d7b82e5f0e91bb8ffab206beeed8a6e05e2ccef8131c3a4d8a6b2c,984517.0,F,3.0,DID NOT DEPLOY,NONE,NO INDICATION OF INJURY,,,,,,,,2021-02-08 15:45:00,30,SNOW,DAYLIGHT,REAR END,DIVIDED - W/MEDIAN (NOT RAISED),SNOW OR SLUSH,NO DEFECTS,ON SCENE,NO INJURY / DRIVE AWAY,,"$501 - $1,500",02/08/2021 03:49:00 PM,WEATHER,NOT APPLICABLE,,2,NO INDICATION OF INJURY,0.0,0.0,0.0,0.0,0.0,3.0,0.0,15,2,2,41.939150067,-87.713646857,POINT (-87.713646857252 41.93915006743),POINT (1152849.4172177312 1921025.5190356236),2021,3427 W BELMONT AVE
O1086060,DRIVER,46273ba92a65e0e4bc3fe992755ee6fb8193c25c1a6f8f1dbf4c8d4e0da89f5c6249812827aed7cabfe17d960050e1a4eabc8adbd4001e037bb70972782200ca,1030037.0,M,,NOT APPLICABLE,NONE,NO INDICATION OF INJURY,IMPROPER PASSING,NOT OBSCURED,NORMAL,,,,,2021-04-30 15:00:00,30,CLEAR,DAYLIGHT,TURNING,NOT DIVIDED,DRY,NO DEFECTS,NOT ON SCENE (DESK REPORT),NO INJURY / DRIVE AWAY,,"OVER $1,500",04/30/2021 06:30:00 PM,IMPROPER OVERTAKING/PASSING,IMPROPER OVERTAKING/PASSING,,2,NO INDICATION OF INJURY,0.0,0.0,0.0,0.0,0.0,3.0,0.0,15,6,4,41.749723972,-87.702539572,POINT (-87.702539571674 41.749723971726),POINT (1156378.3966776591 1852021.3752814082),2021,7900 S KEDZIE AVE
O1056277,DRIVER,2816bef72099a0303cef159e88e71e5b698ca8eceee1c7ea267a70d54daa31c9967b8f5d7079364dd04bf92269ee81e06a2c941203fee9e79196b7ad687cae57,1001593.0,M,27.0,DID NOT DEPLOY,NONE,NO INDICATION OF INJURY,NONE,NOT OBSCURED,NORMAL,,,,,2021-03-10 07:50:00,30,CLEAR,DAYLIGHT,REAR END,DIVIDED - W/MEDIAN (NOT RAISED),DRY,NO DEFECTS,NOT ON SCENE (DESK REPORT),NO INJURY / DRIVE AWAY,Y,"OVER $1,500",03/10/2021 08:10:00 AM,UNABLE TO DETERMINE,UNABLE TO DETERMINE,,2,NO INDICATION OF INJURY,0.0,0.0,0.0,0.0,0.0,2.0,0.0,7,4,3,41.779018633,-87.703283882,POINT (-87.703283882332 41.779018633099),POINT (1156097.1023925932 1862694.6082213966),2021,6258 S KEDZIE AVE
P230620,PASSENGER,9db178c0fbd3adb978bbf4b7a6206d9483676016a0b261bede66a6c411bb09c7bd84b940e1a403d60e7ffc175d90b583570c4eabdacdf4423a0a24361abd9003,965835.0,M,22.0,NOT APPLICABLE,NONE,NO INDICATION OF INJURY,,,,,,,,2021-01-03 12:30:00,30,CLEAR,DAYLIGHT,REAR END,FOUR WAY,UNKNOWN,UNKNOWN,ON SCENE,NO INJURY / DRIVE AWAY,Y,"OVER $1,500",01/03/2021 12:37:00 PM,HAD BEEN DRINKING (USE WHEN ARREST IS NOT MADE),"OPERATING VEHICLE IN ERRATIC, RECKLESS, CARELESS, NEGLIGENT OR AGGRESSIVE MANNER",,2,NO INDICATION OF INJURY,0.0,0.0,0.0,0.0,0.0,3.0,0.0,12,1,1,41.909788304,-87.736404667,POINT (-87.736404667392 41.909788303943),POINT (1146732.1086791444 1910282.1209904917),2021,1600 N KOSTNER AVE
P277316,PASSENGER,a0b2a45d31d438ee0e7223a23ea7d5bfe95af0c537f2b1efa3f5b664041b7bd241aa516dbdd8c55a3ed0ab56af5b405643b0022c53fd20ccbcb3a335d27681a6,1176302.0,M,,DEPLOYMENT UNKNOWN,UNKNOWN,NO INDICATION OF INJURY,,,,,,,,2021-12-04 13:23:00,30,CLEAR,DAYLIGHT,ANGLE,NOT DIVIDED,DRY,UNKNOWN,NOT ON SCENE (DESK REPORT),NO INJURY / DRIVE AWAY,,"OVER $1,500",12/04/2021 02:20:00 PM,UNABLE TO DETERMINE,NOT APPLICABLE,,2,NO INDICATION OF INJURY,0.0,0.0,0.0,0.0,0.0,3.0,0.0,13,7,12,41.976433001,-87.676565534,POINT (-87.676565533769 41.976433001342),POINT (1162834.1330420985 1934686.670919352),2021,5210 N WOLCOTT AVE
P255734,PASSENGER,35375f77fc73a1bafb7f0eca3a086871dbc879f77fdbf07c28a29ce4715eae0ae32c3513b422d79fd624ffcd3d771037b7208f34655e20b91b8c5f66217a4d6e,1080528.0,M,,DID NOT DEPLOY,NONE,NO INDICATION OF INJURY,,,,,,,,2021-07-13 16:04:00,30,CLEAR,DAYLIGHT,SIDESWIPE SAME DIRECTION,NOT DIVIDED,DRY,NO DEFECTS,NOT ON SCENE (DESK REPORT),NO INJURY / DRIVE AWAY,,"$501 - $1,500",07/13/2021 05:10:00 PM,NOT APPLICABLE,NOT APPLICABLE,,2,NO INDICATION OF INJURY,0.0,0.0,0.0,0.0,0.0,5.0,0.0,16,3,7,41.80826496,-87.713505174,POINT (-87.713505174296 41.808264960172),POINT (1153232.376656115 1873331.5076333531),2021,4675 S ARCHER AVE
O1088187,DRIVER,f5891e7b3cc709e43bc77f4b2c396e92c83a58a793a7d04cee4a5c2f89014104d9051c13cc6d0f7b5bec036ff06ea08b25f31ec75d20e3aae27980b80e019b99,1032092.0,X,,DEPLOYMENT UNKNOWN,NONE,NO INDICATION OF INJURY,FAILED TO YIELD,UNKNOWN,UNKNOWN,,,,,2021-05-03 17:18:00,30,CLEAR,DAYLIGHT,PEDESTRIAN,DIVIDED - W/MEDIAN (NOT RAISED),DRY,NO DEFECTS,ON SCENE,INJURY AND / OR TOW DUE TO CRASH,Y,"OVER $1,500",05/03/2021 05:19:00 PM,PHYSICAL CONDITION OF DRIVER,UNABLE TO DETERMINE,,2,NONINCAPACITATING INJURY,1.0,0.0,0.0,1.0,0.0,1.0,0.0,17,2,5,41.808369549,-87.684019397,POINT (-87.684019396719 41.808369548854),POINT (1161270.7689612876 1873428.973371981),2021,4700 S WESTERN BLVD
P277347,PASSENGER,0253ab02fe65a98bba6251a9e5eb62d2c908e3171015060c79cafa070ab3f9621965ca35d7f140777a33ae5f6751d20c9235c6ea9b200b53d015f6b0489c96e8,1176455.0,M,,NOT APPLICABLE,NONE,NO INDICATION OF INJURY,,,,,,,,2021-12-04 16:05:00,30,CLEAR,DAYLIGHT,REAR END,DIVIDED - W/MEDIAN (NOT RAISED),DRY,NO DEFECTS,ON SCENE,INJURY AND / OR TOW DUE TO CRASH,,"OVER $1,500",12/04/2021 04:08:00 PM,UNABLE TO DETERMINE,UNABLE TO DETERMINE,,3,NONINCAPACITATING INJURY,1.0,0.0,0.0,1.0,0.0,4.0,0.0,16,7,12,41.910790321,-87.664081068,POINT (-87.664081067529 41.910790321191),POINT (1166415.6093648502 1910792.5605354377),2021,1430 W NORTH AVE
O1162036,DRIVER,cc24b5c5065f6b0a76f57aa6dc6c6e2f96220da2deccb3719dc22e57744a39961feb7a1f1c1857c7555a8ea78e0551d3cf7762e4039c1487dc4718b27e8e7b8a,1102285.0,X,,DEPLOYMENT UNKNOWN,NONE,NO INDICATION OF INJURY,FAILED TO YIELD,UNKNOWN,UNKNOWN,,,,,2021-08-14 18:50:00,30,CLEAR,DAYLIGHT,ANGLE,FOUR WAY,DRY,NO DEFECTS,ON SCENE,INJURY AND / OR TOW DUE TO CRASH,Y,"OVER $1,500",08/14/2021 06:52:00 PM,FAILING TO YIELD RIGHT-OF-WAY,UNABLE TO DETERMINE,,2,NO INDICATION OF INJURY,0.0,0.0,0.0,0.0,0.0,4.0,0.0,18,7,8,41.884222378,-87.716328562,POINT (-87.716328561794 41.884222378455),POINT (1152263.7827892383 1901004.5781901432),2021,149 N CENTRAL PARK DR
O1151610,DRIVER,ac45deb10caa0dcfcbbb755caea6986bef0fe0f2dbee9c9fdae16c0403286ce2a4ecc6b652ca5a895ea63e6f0b4a5f6b20e3c2839c49e86c119db07bcd17ae04,1092387.0,X,,DEPLOYMENT UNKNOWN,UNKNOWN,NO INDICATION OF INJURY,UNKNOWN,UNKNOWN,UNKNOWN,,,,,2021-07-31 03:40:00,20,CLEAR,"DARKNESS, LIGHTED ROAD",PARKED MOTOR VEHICLE,ONE-WAY,DRY,NO DEFECTS,NOT ON SCENE (DESK REPORT),NO INJURY / DRIVE AWAY,Y,"$501 - $1,500",07/31/2021 05:15:00 AM,UNABLE TO DETERMINE,NOT APPLICABLE,,2,NO INDICATION OF INJURY,0.0,0.0,0.0,0.0,0.0,1.0,0.0,3,7,7,41.85594199,-87.718664812,POINT (-87.718664811685 41.855941989582),POINT (1151701.3987248377 1890694.6992330654),2021,1839 S RIDGEWAY AVE
O1122262,DRIVER,de9ae8c811f104349ed9f9b5f63c7e40552c142726c6491a28cfbc71579abcbf30df6fe5c0ee9dc364ab3400dab0bf1030c0bde3fc3c1b60cafe9c76fd4e10c9,1064486.0,M,,DEPLOYMENT UNKNOWN,NONE,NO INDICATION OF INJURY,UNKNOWN,UNKNOWN,UNKNOWN,,,,,2021-06-20 02:20:00,30,CLEAR,"DARKNESS, LIGHTED ROAD",SIDESWIPE OPPOSITE DIRECTION,NOT DIVIDED,DRY,NO DEFECTS,ON SCENE,INJURY AND / OR TOW DUE TO CRASH,Y,"OVER $1,500",06/20/2021 02:22:00 AM,UNABLE TO DETERMINE,UNABLE TO DETERMINE,,2,NO INDICATION OF INJURY,0.0,0.0,0.0,0.0,0.0,2.0,0.0,2,1,6,41.77387125,-87.683643778,POINT (-87.683643778025 41.773871250304),POINT (1161468.1717245653 1860858.802346094),2021,6558 S WESTERN AVE
O1245751,DRIVER,157f3de15d5b08ef8f823db105657b54bc1a7cdd20fab3b375893099a6d2ba14c196bd3b527db123afe55c2a1a513ee083c92ed601b598b40801c7f19df18b94,1182387.0,X,,NOT APPLICABLE,NONE,NO INDICATION OF INJURY,FOLLOWED TOO CLOSELY,NOT OBSCURED,UNKNOWN,,,,,2021-12-13 17:00:00,30,CLEAR,"DARKNESS, LIGHTED ROAD",REAR END,DIVIDED - W/MEDIAN (NOT RAISED),DRY,NO DEFECTS,ON SCENE,NO INJURY / DRIVE AWAY,Y,"OVER $1,500",12/13/2021 05:30:00 PM,FOLLOWING TOO CLOSELY,UNABLE TO DETERMINE,,2,NO INDICATION OF INJURY,0.0,0.0,0.0,0.0,0.0,2.0,0.0,17,2,12,41.940198323,-87.64154502,POINT (-87.641545019915 41.940198322732),POINT (1172463.3329630073 1921557.5635651927),2021,450 W BELMONT AVE
P258053,PASSENGER,9faa403669863bc1884442a39588af8b918f97ac68ad84e1d1850c39aa7b51a76eebc1a532bb4b2d1f562ac969ad9848261d2f214cb0a8f9087a9eead67261f9,1090566.0,,9.0,DID NOT DEPLOY,NONE,NO INDICATION OF INJURY,,,,,,,,2021-07-28 08:05:00,30,CLEAR,DAYLIGHT,REAR END,FOUR WAY,DRY,NO DEFECTS,NOT ON SCENE (DESK REPORT),NO INJURY / DRIVE AWAY,,"OVER $1,500",07/28/2021 06:45:00 PM,UNABLE TO DETERMINE,NOT APPLICABLE,,2,NO INDICATION OF INJURY,0.0,0.0,0.0,0.0,0.0,4.0,0.0,8,4,7,41.935887285,-87.683334147,POINT (-87.683334147016 41.935887285156),POINT (1161105.7132332881 1919897.6293448359),2021,3000 N CLYBOURN AVE
O1045225,DRIVER,24d5c24bd68e66bd17f182a9b96df41fc725a096d247147a47a80f07519bf93223e6c6305d3c2c4f77d2cb161625401e791885a138db4bb4ddf1d7b0295daba4,990924.0,X,,DEPLOYMENT UNKNOWN,UNKNOWN,NO INDICATION OF INJURY,FOLLOWED TOO CLOSELY,UNKNOWN,UNKNOWN,,,,,2021-02-19 04:40:00,30,SNOW,"DARKNESS, LIGHTED ROAD",REAR END,DIVIDED - W/MEDIAN (NOT RAISED),SNOW OR SLUSH,NO DEFECTS,ON SCENE,INJURY AND / OR TOW DUE TO CRASH,Y,"OVER $1,500",02/19/2021 04:45:00 AM,FOLLOWING TOO CLOSELY,FAILING TO REDUCE SPEED TO AVOID CRASH,,2,NO INDICATION OF INJURY,0.0,0.0,0.0,0.0,0.0,2.0,0.0,4,6,2,41.795744584,-87.762262253,POINT (-87.762262253154 41.795744584003),POINT (1139970.1019285624 1868677.0712420647),2021,5319 S CENTRAL AVE
O1172555,DRIVER,f53a8eb6660c552bc31696821f2374acfae5387fe4cdc9ba64b8f8ecadc8a4de0c21eceb803dc1e8352c523f8c56a0b135aa6e72e192bac13918f1ec57f5d78d,1112316.0,M,28.0,DEPLOYMENT UNKNOWN,NONE,NO INDICATION OF INJURY,UNKNOWN,UNKNOWN,UNKNOWN,,,,,2021-08-05 23:01:00,30,CLEAR,"DARKNESS, LIGHTED ROAD",HEAD ON,"FIVE POINT, OR MORE",DRY,NO DEFECTS,,INJURY AND / OR TOW DUE TO CRASH,Y,"OVER $1,500",08/05/2021 11:03:00 PM,IMPROPER LANE USAGE,UNABLE TO DETERMINE,,2,"REPORTED, NOT EVIDENT",3.0,0.0,0.0,0.0,3.0,1.0,0.0,23,5,8,41.932287183,-87.687950093,POINT (-87.687950093412 41.932287182991),POINT (1159859.6484238843 1918576.2557841756),2021,2400 W DIVERSEY AVE
O1042865,DRIVER,f80cc09e896e240da8c7f06142e78bb5edb8e880b425900daf7ca7bf389a0cc29b623e0719d6e7453009c5bf14654f33a30ba6c61a838ae654ad7566f35c26a2,988636.0,X,,DEPLOYMENT UNKNOWN,NONE,NO INDICATION OF INJURY,UNKNOWN,UNKNOWN,UNKNOWN,,,,Y,2021-02-15 12:00:00,30,SNOW,DAYLIGHT,FIXED OBJECT,DIVIDED - W/MEDIAN BARRIER,SNOW OR SLUSH,NO DEFECTS,ON SCENE,INJURY AND / OR TOW DUE TO CRASH,Y,"OVER $1,500",02/15/2021 12:55:00 PM,UNABLE TO DETERMINE,UNABLE TO DETERMINE,,1,NO INDICATION OF INJURY,0.0,0.0,0.0,0.0,0.0,1.0,0.0,12,2,2,41.866819304,-87.679364834,POINT (-87.679364834388 41.866819303675),POINT (1162377.5742680756 1894737.460110318),2021,2110 W ROOSEVELT RD
P253136,PASSENGER,ea2ff29497e3203fa2882774b878ce2207bcebdd7c6e521fe7cc5631d864c5648636f728ae84d3fe1a03f584c501ac77db9962ddb351cbc8e685f70d2b877504,1069567.0,F,,NOT APPLICABLE,NONE,NO INDICATION OF INJURY,,,,,,,,2021-06-27 11:55:00,30,CLEAR,DAYLIGHT,SIDESWIPE SAME DIRECTION,NOT DIVIDED,DRY,NO DEFECTS,NOT ON SCENE (DESK REPORT),NO INJURY / DRIVE AWAY,,"OVER $1,500",06/27/2021 01:10:00 PM,FAILING TO YIELD RIGHT-OF-WAY,NOT APPLICABLE,,2,NO INDICATION OF INJURY,0.0,0.0,0.0,0.0,0.0,3.0,0.0,11,1,6,42.001668115,-87.660896871,POINT (-87.66089687098 42.001668115243),POINT (1167022.4737231948 1943915.5478918408),2021,6552 N SHERIDAN RD
P255345,PASSENGER,d2fdbc9d5ee48ba4e63dbf25d1d6ce8f9c89c6804edc751dd17f2c0db7b65e406bfcc688552a21e1ceeafc5b4fb69878f308158d712623cba147c67b46d0c31a,1078838.0,F,5.0,NOT APPLICABLE,NONE,NO INDICATION OF INJURY,,,,,,,,2021-07-10 21:20:00,30,RAIN,"DARKNESS, LIGHTED ROAD",REAR TO SIDE,FOUR WAY,WET,NO DEFECTS,ON SCENE,NO INJURY / DRIVE AWAY,Y,"OVER $1,500",07/10/2021 09:21:00 PM,DISREGARDING TRAFFIC SIGNALS,DISREGARDING TRAFFIC SIGNALS,,2,NO INDICATION OF INJURY,0.0,0.0,0.0,0.0,0.0,4.0,0.0,21,7,7,41.77937222,-87.664365347,POINT (-87.664365347416 41.779372220485),POINT (1166711.2528095103 1862903.6300158405),2021,6300 S ASHLAND AVE
P242259,PASSENGER,1c32cd4f0ed5f75a24b71d74023476f25e6224c40b5a699658a93b3b391b4971d261f29670538254550ba1f43698abf755edca09e2dac57ed526349caaf8cf9d,1023181.0,,,DEPLOYMENT UNKNOWN,NONE,NONINCAPACITATING INJURY,,,,,,,,2021-04-18 20:23:00,30,CLEAR,DUSK,SIDESWIPE SAME DIRECTION,DIVIDED - W/MEDIAN (NOT RAISED),DRY,NO DEFECTS,ON SCENE,INJURY AND / OR TOW DUE TO CRASH,,"OVER $1,500",04/18/2021 08:23:00 PM,"OPERATING VEHICLE IN ERRATIC, RECKLESS, CARELESS, NEGLIGENT OR AGGRESSIVE MANNER",DISREGARDING OTHER TRAFFIC SIGNS,,4,NONINCAPACITATING INJURY,5.0,0.0,0.0,5.0,0.0,5.0,0.0,20,1,4,41.909514389,-87.746239925,POINT (-87.746239925209 41.909514388786),POINT (1144055.655210456 1910163.8287486068),2021,4801 W NORTH AVE
O1135702,DRIVER,8f8c9cb410f06e87e9c66547cd4dcade479a0b18451027a5582b1b3f741477100e034ffd3503fd3c4b84912dd14f111a869f33a3fc3c8f5277537cbef272f86b,1077258.0,F,,DEPLOYMENT UNKNOWN,NONE,NO INDICATION OF INJURY,FAILED TO YIELD,UNKNOWN,UNKNOWN,,,,,2021-07-08 14:00:00,30,CLEAR,DAYLIGHT,TURNING,NOT DIVIDED,DRY,NO DEFECTS,NOT ON SCENE (DESK REPORT),NO INJURY / DRIVE AWAY,Y,"$501 - $1,500",07/08/2021 03:00:00 PM,FAILING TO YIELD RIGHT-OF-WAY,NOT APPLICABLE,,2,NO INDICATION OF INJURY,0.0,0.0,0.0,0.0,0.0,2.0,0.0,14,5,7,41.939654649,-87.650609049,POINT (-87.65060904869 41.939654648946),POINT (1169998.8675804813 1921339.6764926189),2021,3176 N CLARK ST
P240075,PASSENGER,4ddcf880ecdf5cd61275e0a99161d863d0869ed77da2508feb2a40f14dae2cb8a938b2932541b41beb563d207721521eb8070d8548051bcf4a0c43527d652916,1013666.0,,7.0,DID NOT DEPLOY,NONE,NO INDICATION OF INJURY,,,,,,,,2021-04-01 18:43:00,30,CLEAR,DUSK,SIDESWIPE SAME DIRECTION,NOT DIVIDED,DRY,NO DEFECTS,ON SCENE,INJURY AND / OR TOW DUE TO CRASH,,"$501 - $1,500",04/01/2021 07:07:00 PM,IMPROPER LANE USAGE,NOT APPLICABLE,,2,NONINCAPACITATING INJURY,1.0,0.0,0.0,1.0,0.0,5.0,0.0,18,5,4,41.909646381,-87.736223012,POINT (-87.736223012482 41.909646380603),POINT (1146781.9147943575 1910230.7482539574),2021,4399 W NORTH AVE