PERSON_ID,PERSON_TYPE,CRASH_RECORD_ID,VEHICLE_ID,SEX,AGE,AIRBAG_DEPLOYED,EJECTION,INJURY_CLASSIFICATION,DRIVER_ACTION,DRIVER_VISION,PHYSICAL_CONDITION,PEDPEDAL_ACTION,PEDPEDAL_VISIBILITY,PEDPEDAL_LOCATION,CRASH_DATE_EST_I,CRASH_DATE,POSTED_SPEED_LIMIT,WEATHER_CONDITION,LIGHTING_CONDITION,FIRST_CRASH_TYPE,TRAFFICWAY_TYPE,ROADWAY_SURFACE_COND,ROAD_DEFECT,REPORT_TYPE,CRASH_TYPE,HIT_AND_RUN_I,DAMAGE,DATE_POLICE_NOTIFIED,PRIM_CONTRIBUTORY_CAUSE,SEC_CONTRIBUTORY_CAUSE,DOORING_I,NUM_UNITS,MOST_SEVERE_INJURY,INJURIES_TOTAL,INJURIES_FATAL,INJURIES_INCAPACITATING,INJURIES_NON_INCAPACITATING,INJURIES_REPORTED_NOT_EVIDENT,INJURIES_NO_INDICATION,INJURIES_UNKNOWN,CRASH_HOUR,CRASH_DAY_OF_WEEK,CRASH_MONTH,LATITUDE,LONGITUDE,LOCATION,geometry,YEAR,ADDRESS
P262182,PASSENGER,8827f78f4af417516cb9fcde3c5b4977a712b120f7687225196dad5d29e451295dc7552d00ca8ac8c728b2dc9923be8745c3f5eac1b642de2fb9b238502f5004,1108808.0,F,23.0,"DEPLOYED, COMBINATION",NONE,NO INDICATION OF INJURY,,,,,,,,2021-08-24 22:06:00,35,CLOUDY/OVERCAST,"DARKNESS, LIGHTED ROAD",ANGLE,DIVIDED - W/MEDIAN (NOT RAISED),DRY,NO DEFECTS,ON SCENE,INJURY AND / OR TOW DUE TO CRASH,,"OVER $1,500",08/24/2021 10:36:00 PM,DISREGARDING STOP SIGN,UNABLE TO DETERMINE,,3,NONINCAPACITATING INJURY,1.0,0.0,0.0,1.0,0.0,3.0,0.0,22,3,8,41.758438909,-87.618455371,POINT (-87.618455371247 41.758438909211),POINT (1179296.6878404792 1855376.4489597885),2021,7478 S PRAIRIE AVE
O1200522,DRIVER,159f79d06b4420706c2defcd6c9fe3a552ad157b4a4eae29deb5570c42786453252369c14b9c38d195a8fe63a1544aae0882feca73cc856de8e8ef45240ca61f,1139078.0,F,,DEPLOYMENT UNKNOWN,NONE,NO INDICATION OF INJURY,FAILED TO YIELD,UNKNOWN,UNKNOWN,,,,,2021-10-07 15:17:00,15,RAIN,DAYLIGHT,ANGLE,PARKING LOT,WET,NO DEFECTS,NOT ON SCENE (DESK REPORT),NO INJURY / DRIVE AWAY,Y,$500 OR LESS,10/07/2021 06:38:00 PM,FAILING TO YIELD RIGHT-OF-WAY,NOT APPLICABLE,,2,NO INDICATION OF INJURY,0.0,0.0,0.0,0.0,0.0,2.0,0.0,15,5,10,41.930833915,-87.789133788,POINT (-87.789133787544 41.93083391524),POINT (1132330.691785756 1917855.679912149),2021,6525 W DIVERSEY AVE
P259226,PASSENGER,1e2074c6dd74ce8cd6e631a54813182477a0946826855a2785e07dbebcd92cf92999da1cd1939e240f42ec56a941e10bd67de94d306d235573f5b151b262b1d4,1095506.0,M,32.0,DEPLOYMENT UNKNOWN,NONE,NO INDICATION OF INJURY,,,,,,,,2021-08-04 15:05:00,30,CLEAR,DAYLIGHT,ANGLE,FOUR WAY,DRY,NO DEFECTS,ON SCENE,INJURY AND / OR TOW DUE TO CRASH,,"OVER $1,500",08/04/2021 04:05:00 PM,FAILING TO YIELD RIGHT-OF-WAY,NOT APPLICABLE,,2,NONINCAPACITATING INJURY,1.0,0.0,0.0,1.0,0.0,2.0,0.0,15,4,8,41.807641845,-87.6210224,POINT (-87.621022399823 41.807641845293),POINT (1178447.769837144 1873299.8554175538),2021,4757 S INDIANA AVE
P234591,PASSENGER,0b7acaa64d62c9c9aa5e9fd752f5299745a5507f7166cf05ce4323714b053e8ca297255d1dc90eda341b83e0e329de4d401f78802f45ef450c294b565f54c694,986249.0,M,47.0,DID NOT DEPLOY,NONE,NO INDICATION OF INJURY,,,,,,,,2021-02-11 13:50:00,30,SNOW,DAYLIGHT,REAR END,NOT DIVIDED,WET,UNKNOWN,NOT ON SCENE (DESK REPORT),NO INJURY / DRIVE AWAY,,"$501 - $1,500",02/11/2021 02:10:00 PM,FOLLOWING TOO CLOSELY,NOT APPLICABLE,,2,NO INDICATION OF INJURY,0.0,0.0,0.0,0.0,0.0,3.0,0.0,13,5,2,41.851521442,-87.724904787,POINT (-87.72490478675 41.851521442331),POINT (1150012.8768382124 1889071.7585184416),2021,2200 S PULASKI RD
O1211074,DRIVER,cebb5103d3a18e17217619361cc04c910e908c163612aa3714f17995025d98f07fe79dc6ed8806bba6036849a514cefabc92fa67e905a0a9df8c2edb18fbfeae,1149120.0,X,,DEPLOYMENT UNKNOWN,UNKNOWN,NO INDICATION OF INJURY,UNKNOWN,UNKNOWN,UNKNOWN,,,,Y,2021-10-22 21:00:00,15,UNKNOWN,UNKNOWN,PARKED MOTOR VEHICLE,ALLEY,UNKNOWN,NO DEFECTS,ON SCENE,INJURY AND / OR TOW DUE TO CRASH,Y,"OVER $1,500",10/23/2021 08:28:00 AM,UNABLE TO DETERMINE,NOT APPLICABLE,,2,NO INDICATION OF INJURY,0.0,0.0,0.0,0.0,0.0,1.0,0.0,21,6,10,41.86818404,-87.683386347,POINT (-87.683386346881 41.86818404044),POINT (1161278.4264699628 1895226.4484905447),2021,2242 W FILLMORE ST
O1025871,DRIVER,c045d1d7749acd04a58b7d83dad59684f8d2d47d90ad0f57eeedf4c70fc5d5b9b2cc921be5c3de478a77c7ee6abb2066c9cbc2c545ac683ce3af985e09c830b5,972306.0,F,37.0,NOT APPLICABLE,NONE,NO INDICATION OF INJURY,NONE,NOT OBSCURED,NORMAL,,,,,2021-01-17 00:20:00,35,CLEAR,"DARKNESS, LIGHTED ROAD",ANGLE,FOUR WAY,DRY,NO DEFECTS,ON SCENE,NO INJURY / DRIVE AWAY,,"OVER $1,500",01/17/2021 12:26:00 AM,DISREGARDING STOP SIGN,NOT APPLICABLE,,2,NO INDICATION OF INJURY,0.0,0.0,0.0,0.0,0.0,2.0,0.0,0,1,1,41.842602526,-87.705127811,POINT (-87.705127810739 41.842602526365),POINT (1155424.7985902664 1885860.5338866243),2021,2700 S KEDZIE AVE
P261896,PASSENGER,542592dc5121ac2f44712a1ada81fa3cddcc2d53c84995afe54d7eaf1632edcf6c1b5a35a8e35880fe9207ef219b9656813099a893dcca85ad7e9568f85bde6f,1107719.0,,,DEPLOYMENT UNKNOWN,NONE,NO INDICATION OF INJURY,,,,,,,,2021-08-16 14:30:00,30,CLEAR,DAYLIGHT,TURNING,DIVIDED - W/MEDIAN BARRIER,DRY,NO DEFECTS,NOT ON SCENE (DESK REPORT),NO INJURY / DRIVE AWAY,,"OVER $1,500",08/23/2021 11:40:00 AM,IMPROPER LANE USAGE,IMPROPER TURNING/NO SIGNAL,,2,NO INDICATION OF INJURY,0.0,0.0,0.0,0.0,0.0,3.0,0.0,14,2,8,41.951848824,-87.836515973,POINT (-87.836515972516 41.951848823581),POINT (1119393.2322364615 1925435.2744036578),2021,3955 N CUMBERLAND AVE
P241298,PASSENGER,f0e53bdc4c2b9d5a58f7d3ab02201f425e964348039478e9b50b3751a4a270bb90736537d86d7b1fd62771bb7073a52b625ef247650945082855458f835410e1,1018626.0,F,5.0,NOT APPLICABLE,NONE,NO INDICATION OF INJURY,,,,,,,,2021-04-09 13:13:00,30,CLEAR,DAYLIGHT,ANGLE,DIVIDED - W/MEDIAN (NOT RAISED),DRY,NO DEFECTS,ON SCENE,NO INJURY / DRIVE AWAY,,"OVER $1,500",04/09/2021 01:14:00 PM,FAILING TO YIELD RIGHT-OF-WAY,NOT APPLICABLE,,2,NO INDICATION OF INJURY,0.0,0.0,0.0,0.0,0.0,5.0,0.0,13,6,4,41.750093717,-87.663575474,POINT (-87.663575473947 41.750093716675),POINT (1167009.7641798912 1852236.4633198753),2021,7906 S ASHLAND AVE
P234306,PASSENGER,367dd9fb4041c538e4a8f93d2b74a3d04bb68532ade3913c4c7e16220a74902f54a830049dc96daceb08a2723cd5b85366b485a4258bee7fc492d9be15e8bfea,984344.0,,,DID NOT DEPLOY,NONE,NO INDICATION OF INJURY,,,,,,,,2021-02-08 11:45:00,30,SNOW,DAYLIGHT,TURNING,DIVIDED - W/MEDIAN (NOT RAISED),SNOW OR SLUSH,NO DEFECTS,ON SCENE,INJURY AND / OR TOW DUE TO CRASH,,"OVER $1,500",02/08/2021 11:45:00 AM,FAILING TO YIELD RIGHT-OF-WAY,FAILING TO REDUCE SPEED TO AVOID CRASH,,2,NONINCAPACITATING INJURY,3.0,0.0,0.0,1.0,2.0,2.0,0.0,11,2,2,41.721808765,-87.625241895,POINT (-87.625241894685 41.721808764631),POINT (1177554.8744024287 1842013.4585249173),2021,36 W 95TH ST
O1157279,DRIVER,809a6068116e20b2815f8d841a8d8ceef4182aacefdfd734417dfd2bcfee0e43fe1b183c4b46b1c252561c4e46ff31d050c2c95e8df8c943c366b5d0c8f1d90a,1097811.0,M,46.0,NOT APPLICABLE,NONE,NO INDICATION OF INJURY,NONE,NOT OBSCURED,NORMAL,,,,,2021-08-08 01:05:00,30,CLEAR,"DARKNESS, LIGHTED ROAD",TURNING,FOUR WAY,DRY,NO DEFECTS,ON SCENE,INJURY AND / OR TOW DUE TO CRASH,,"OVER $1,500",08/08/2021 01:05:00 AM,FAILING TO YIELD RIGHT-OF-WAY,IMPROPER OVERTAKING/PASSING,,2,NO INDICATION OF INJURY,0.0,0.0,0.0,0.0,0.0,2.0,0.0,1,1,8,41.685029587,-87.642004532,POINT (-87.642004532189 41.685029586669),POINT (1173086.32971786 1828574.371989244),2021,11501 S HALSTED ST
P271094,PASSENGER,728b0cf18b911f385920ea7913a1f750ff7e7ca178845e38639ce866b3639e9826a164d89eea79532bdd5dc90feed86a8e94ff17637b03e62c14512185b4ce9a,1148943.0,F,,DID NOT DEPLOY,NONE,NO INDICATION OF INJURY,,,,,,,,2021-10-22 15:30:00,30,CLEAR,DAYLIGHT,SIDESWIPE SAME DIRECTION,NOT DIVIDED,DRY,NO DEFECTS,NOT ON SCENE (DESK REPORT),NO INJURY / DRIVE AWAY,Y,"$501 - $1,500",10/22/2021 09:00:00 PM,IMPROPER LANE USAGE,UNABLE TO DETERMINE,,2,NO INDICATION OF INJURY,0.0,0.0,0.0,0.0,0.0,5.0,0.0,15,6,10,41.89676152,-87.624089407,POINT (-87.62408940651 41.896761519523),POINT (1177343.3748248615 1905767.928969768),2021,801 N MICHIGAN AVE
O1204486,DRIVER,598d819f4db3c11a6eb79959bf42651114fee6d42969ecdaeec14e360931e746931935e84bd08a80021862c7982411c77525afead6919c6e019726025dd38f4c,1142863.0,F,24.0,DID NOT DEPLOY,NONE,NO INDICATION OF INJURY,NONE,NOT OBSCURED,NORMAL,,,,,2021-10-13 14:25:00,30,RAIN,DAYLIGHT,REAR END,DIVIDED - W/MEDIAN (NOT RAISED),WET,NO DEFECTS,NOT ON SCENE (DESK REPORT),NO INJURY / DRIVE AWAY,,"OVER $1,500",10/13/2021 03:45:00 PM,FAILING TO REDUCE SPEED TO AVOID CRASH,UNABLE TO DETERMINE,,3,NO INDICATION OF INJURY,0.0,0.0,0.0,0.0,0.0,3.0,0.0,14,4,10,41.765519044,-87.620227855,POINT (-87.620227855065 41.765519043532),POINT (1178791.6943756924 1857952.378820726),2021,7100 S INDIANA AVE
O1249188,DRIVER,658a6517ddee4e46dd1f9dd892e449648601d1f014ff692fd7c9fe4610ca8df4b9e2c800d8c4677cab7426682a905ea06f0d3e394910158c1874f3cf440b86e4,1185688.0,X,,DEPLOYMENT UNKNOWN,NONE,NO INDICATION OF INJURY,UNKNOWN,UNKNOWN,UNKNOWN,,,,,2021-12-19 07:00:00,30,CLEAR,DAYLIGHT,PARKED MOTOR VEHICLE,NOT DIVIDED,DRY,NO DEFECTS,NOT ON SCENE (DESK REPORT),NO INJURY / DRIVE AWAY,Y,"$501 - $1,500",12/19/2021 02:19:00 PM,NOT APPLICABLE,NOT APPLICABLE,,2,NO INDICATION OF INJURY,0.0,0.0,0.0,0.0,0.0,1.0,0.0,7,1,12,41.929141249,-87.74419993,POINT (-87.744199930402 41.929141249363),POINT (1144561.807541828 1917319.6795367068),2021,2630 N KILPATRICK AVE
O1124724,DRIVER,a486a7d72cae97b4cbea269c5a19d9cb29d32a44a604974df688abb113b2d6bf71305fe01f54f1bc65fcff528f674abf0d19cd1b12043daea2d715e48397f1d6,1066849.0,M,,DEPLOYMENT UNKNOWN,NONE,NO INDICATION OF INJURY,FAILED TO YIELD,UNKNOWN,UNKNOWN,,,,,2021-06-23 13:30:00,25,CLEAR,DAYLIGHT,SIDESWIPE SAME DIRECTION,NOT DIVIDED,DRY,NO DEFECTS,ON SCENE,NO INJURY / DRIVE AWAY,Y,$500 OR LESS,06/23/2021 02:22:00 PM,FAILING TO YIELD RIGHT-OF-WAY,IMPROPER LANE USAGE,,2,NO INDICATION OF INJURY,0.0,0.0,0.0,0.0,0.0,3.0,0.0,13,4,6,41.932514015,-87.66833623,POINT (-87.668336229586 41.932514015247),POINT (1165195.991763491 1918699.6989036228),2021,1590 W DIVERSEY PKWY
O1052132,DRIVER,6c3150c5908cd1cdff39936c03750b395515095f828c3f0d7182fa529dfb8afb1dc943d9576d166b0ec3b8b2a8e28d7e2688566600257b2bdd1d2c2135ecc341,997607.0,F,,DID NOT DEPLOY,NONE,NO INDICATION OF INJURY,NONE,NOT OBSCURED,NORMAL,,,,,2021-02-26 20:50:00,30,CLEAR,"DARKNESS, LIGHTED ROAD",SIDESWIPE SAME DIRECTION,DIVIDED - W/MEDIAN (NOT RAISED),DRY,UNKNOWN,NOT ON SCENE (DESK REPORT),NO INJURY / DRIVE AWAY,Y,"OVER $1,500",02/27/2021 12:40:00 PM,IMPROPER OVERTAKING/PASSING,UNABLE TO DETERMINE,,2,NO INDICATION OF INJURY,0.0,0.0,0.0,0.0,0.0,2.0,0.0,20,6,2,41.990502396,-87.708038321,POINT (-87.708038320642 41.990502396327),POINT (1154238.7858656822 1939749.5894924102),2021,3130 W PETERSON AVE
O1181445,DRIVER,3cd6b2dae5a67a9c9e2b154a90670d4bee3b5e5364ac8fc1dc4d9e105185740f3abd9e7bbda8fe59eb8d7996f25ef8a69dd5da2bb06c23e4f523aefb434ae5e7,1120853.0,F,94.0,NOT APPLICABLE,NONE,NO INDICATION OF INJURY,OTHER,OTHER,OTHER,,,,,2021-09-11 13:52:00,30,CLEAR,DAYLIGHT,FIXED OBJECT,PARKING LOT,UNKNOWN,UNKNOWN,ON SCENE,NO INJURY / DRIVE AWAY,,"OVER $1,500",09/11/2021 02:13:00 PM,PHYSICAL CONDITION OF DRIVER,PHYSICAL CONDITION OF DRIVER,,1,NO INDICATION OF INJURY,0.0,0.0,0.0,0.0,0.0,2.0,0.0,13,7,9,41.976936888,-87.769074312,POINT (-87.76907431197 41.976936887697),POINT (1137678.429056678 1934691.0152714627),2021,5316 N MILWAUKEE AVE
P261002,PASSENGER,5a677f388110453afdeb5b53068ec0e98f4c49207d7ce2b1ef14a3e81b28e7b214bc3a1dbe3944d9505b626c031af2d7bcab45eaf1144ba7e497081219701553,1103574.0,M,23.0,DID NOT DEPLOY,NONE,NO INDICATION OF INJURY,,,,,,,,2021-08-16 17:30:00,30,CLEAR,DAYLIGHT,ANGLE,FOUR WAY,DRY,NO DEFECTS,NOT ON SCENE (DESK REPORT),INJURY AND / OR TOW DUE TO CRASH,,"OVER $1,500",08/16/2021 07:30:00 PM,UNABLE TO DETERMINE,UNABLE TO DETERMINE,,2,NO INDICATION OF INJURY,0.0,0.0,0.0,0.0,0.0,3.0,0.0,17,2,8,41.8844735,-87.745570787,POINT (-87.745570786944 41.884473499553),POINT (1144300.3061228136 1901040.1918117749),2021,200 N CICERO AVE
O1060392,DRIVER,fbbc89ca7a26e6e63662e09cb96d4fb2e990f828cb408fa6f8004d8531d8e8686a4894d751c4d534259c63fa298f0177e366aee2334e9e1526796e9a7d797a16,1005592.0,M,56.0,DID NOT DEPLOY,NONE,NO INDICATION OF INJURY,IMPROPER PARKING,UNKNOWN,NORMAL,,,,,2021-03-18 09:55:00,30,RAIN,DAYLIGHT,PARKED MOTOR VEHICLE,NOT DIVIDED,WET,UNKNOWN,ON SCENE,NO INJURY / DRIVE AWAY,,$500 OR LESS,03/18/2021 10:00:00 AM,UNABLE TO DETERMINE,NOT APPLICABLE,,2,NO INDICATION OF INJURY,0.0,0.0,0.0,0.0,0.0,1.0,0.0,9,5,3,41.76511468,-87.657220818,POINT (-87.657220818007 41.765114680273),POINT (1168700.7788562758 1857723.5338920767),2021,1314 W 71ST ST
P241984,PASSENGER,eb9c3e1f1b8951bfc2d3f487f6c02e1515ca672772b944b1624d53f57fb83f44cc7a1fa5818d5f9d5cbbf163aed04a5d8c3325d22446f8640a12e96d7c88d3b2,1021961.0,F,,DID NOT DEPLOY,NONE,NO INDICATION OF INJURY,,,,,,,,2021-04-15 15:30:00,30,CLEAR,DAYLIGHT,PEDALCYCLIST,NOT DIVIDED,DRY,NO DEFECTS,NOT ON SCENE (DESK REPORT),NO INJURY / DRIVE AWAY,Y,"$501 - $1,500",04/16/2021 04:50:00 PM,NOT APPLICABLE,NOT APPLICABLE,,2,NO INDICATION OF INJURY,0.0,0.0,0.0,0.0,0.0,3.0,0.0,15,5,4,41.749339,-87.722052091,POINT (-87.722052090915 41.749339000082),POINT (1151054.873956571 1851842.6638538372),2021,7900 S PULASKI RD
O1081356,DRIVER,7de9685cf811c3e3bf79ed3f5a8b373ed0591e4c7e1645d3f43ffbaeedd784fc329c0303ee52599c33289f5bfff2ac8b89f4d8cb855c58c4470d40fdc9424398,1025569.0,F,30.0,DID NOT DEPLOY,NONE,NO INDICATION OF INJURY,NONE,NOT OBSCURED,NORMAL,,,,,2021-04-22 19:00:00,30,CLEAR,DAYLIGHT,REAR END,DIVIDED - W/MEDIAN (NOT RAISED),DRY,NO DEFECTS,NOT ON SCENE (DESK REPORT),NO INJURY / DRIVE AWAY,,"OVER $1,500",04/23/2021 11:00:00 AM,UNABLE TO DETERMINE,NOT APPLICABLE,,2,NO INDICATION OF INJURY,0.0,0.0,0.0,0.0,0.0,2.0,0.0,19,5,4,41.872002141,-87.754917485,POINT (-87.754917484758 41.872002141497),POINT (1141785.7769898972 1896478.3590251782),2021,696 S LARAMIE AVE
O1132795,DRIVER,2f8396e61351950c0db9d828d34be778318e3b00a02a916370adf1e31775aa6c762372ad7a7c0ca36033539db1b2bed120813dce82f63f1344ed36797a6f17ab,1074508.0,M,33.0,"DEPLOYED, FRONT",NONE,INCAPACITATING INJURY,FAILED TO YIELD,UNKNOWN,REMOVED BY EMS,,,,,2021-07-04 14:25:00,35,CLEAR,DAYLIGHT,SIDESWIPE OPPOSITE DIRECTION,NOT DIVIDED,DRY,NO DEFECTS,ON SCENE,INJURY AND / OR TOW DUE TO CRASH,,"OVER $1,500",07/04/2021 02:30:00 PM,FAILING TO YIELD RIGHT-OF-WAY,FAILING TO YIELD RIGHT-OF-WAY,,3,INCAPACITATING INJURY,3.0,0.0,2.0,1.0,0.0,3.0,0.0,14,1,7,41.759026559,-87.683241496,POINT (-87.683241495883 41.759026559025),POINT (1161618.7876297478 1855450.3501771775),2021,7402 S WESTERN AVE
O1038913,DRIVER,7985ab2120ba94790bdee81d0e10e74ffd1f8c75c950c0f231400b6a39413dec7d9416d018a80605115a90b7ddea3518da4593bec4f33e4d636a48e5bc1612e8,984782.0,X,,DEPLOYMENT UNKNOWN,NONE,NO INDICATION OF INJURY,UNKNOWN,UNKNOWN,UNKNOWN,,,,Y,2021-02-04 18:00:00,30,UNKNOWN,UNKNOWN,PARKED MOTOR VEHICLE,ONE-WAY,UNKNOWN,UNKNOWN,,NO INJURY / DRIVE AWAY,Y,"$501 - $1,500",02/08/2021 11:00:00 AM,UNABLE TO DETERMINE,UNABLE TO DETERMINE,,2,NO INDICATION OF INJURY,0.0,0.0,0.0,0.0,0.0,1.0,0.0,18,5,2,41.996901653,-87.697028991,POINT (-87.697028991068 41.996901653254),POINT (1157214.3989067758 1942103.56122802),2021,6337 N WASHTENAW AVE
O1093299,DRIVER,f1cbb4f40ca21155bc3ddba369d3e289b6fbc5b00d340d08040e86df9a9a0ab669b4ac31b1fc0b8db6dea1683b5e9f12c0dac7ce500f9318139bef705b0a4604,1036966.0,M,,DID NOT DEPLOY,NONE,NO INDICATION OF INJURY,OTHER,NOT OBSCURED,NORMAL,,,,,2021-05-11 13:10:00,30,CLEAR,DAYLIGHT,SIDESWIPE SAME DIRECTION,NOT DIVIDED,DRY,NO DEFECTS,NOT ON SCENE (DESK REPORT),NO INJURY / DRIVE AWAY,,$500 OR LESS,05/11/2021 01:30:00 PM,NOT APPLICABLE,NOT APPLICABLE,,2,NO INDICATION OF INJURY,0.0,0.0,0.0,0.0,0.0,2.0,0.0,13,3,5,41.787062861,-87.65007449,POINT (-87.650074490159 41.787062860744),POINT (1170586.8413262924 1865736.6923926887),2021,1004 W 59TH ST
O1227004,DRIVER,7cd9442f20491064c9b3a286917efc53aad81fda87f468b01689f42f3acf3c7af713909b8a4e762186bf275eb736c963740c1537934b317734d81d3a27a595c4,1164413.0,M,24.0,DID NOT DEPLOY,NONE,NO INDICATION OF INJURY,NONE,NOT OBSCURED,NORMAL,,,,,2021-11-14 16:01:00,30,CLEAR,DAYLIGHT,REAR END,NOT DIVIDED,DRY,NO DEFECTS,NOT ON SCENE (DESK REPORT),NO INJURY / DRIVE AWAY,,"OVER $1,500",11/14/2021 04:25:00 PM,UNABLE TO DETERMINE,UNABLE TO DETERMINE,,2,NO INDICATION OF INJURY,0.0,0.0,0.0,0.0,0.0,4.0,0.0,16,1,11,41.948766022,-87.712630201,POINT (-87.71263020135 41.948766022319),POINT (1153100.6480107782 1924531.5988776148),2021,3711 N KIMBALL AVE
O1074289,DRIVER,22ee124257cffadafd343cce55ed53d3deace270c1285a72e7fd575bf5e995d9a5882815b63937f85fc8d1daed1d8c1b5bff1579ab2ab95148ae9c018b709020,1018826.0,M,33.0,NOT APPLICABLE,NONE,NO INDICATION OF INJURY,NONE,NOT OBSCURED,NORMAL,,,,,2021-04-10 17:45:00,30,RAIN,DAYLIGHT,SIDESWIPE SAME DIRECTION,NOT DIVIDED,DRY,UNKNOWN,NOT ON SCENE (DESK REPORT),NO INJURY / DRIVE AWAY,,"$501 - $1,500",04/10/2021 06:54:00 PM,UNABLE TO DETERMINE,UNABLE TO DETERMINE,,2,NO INDICATION OF INJURY,0.0,0.0,0.0,0.0,0.0,2.0,0.0,17,7,4,41.990959238,-87.660442745,POINT (-87.660442745415 41.990959238233),POINT (1167176.5741267186 1940014.1357427118),2021,6000 N BROADWAY
O1100451,DRIVER,f1b4465769a7c97b9eb226b6d30436bb8b60be63273afdafbc5488394f90e7bd3ccd382faae94ed03cb252d11558fb3e381eb391ed0787d5e8b1d643bfc6df52,1043819.0,F,30.0,"DEPLOYED, COMBINATION",NONE,NONINCAPACITATING INJURY,NONE,UNKNOWN,NORMAL,,,,,2021-05-22 10:53:00,30,CLEAR,DAYLIGHT,TURNING,DIVIDED - W/MEDIAN (NOT RAISED),DRY,NO DEFECTS,ON SCENE,INJURY AND / OR TOW DUE TO CRASH,,"OVER $1,500",05/22/2021 10:56:00 AM,FAILING TO YIELD RIGHT-OF-WAY,"VISION OBSCURED (SIGNS, TREE LIMBS, BUILDINGS, ETC.)",,2,NONINCAPACITATING INJURY,1.0,0.0,0.0,1.0,0.0,1.0,0.0,10,7,5,41.911728368,-87.687110882,POINT (-87.687110881845 41.911728368102),POINT (1160144.4559921774 1911086.3151951812),2021,1651 N WESTERN AVE
O1050257,DRIVER,061392c4bf5a36385309785a7a3e3072482ecf4ef2cc3a68cd3acf8f9ca1f9feaf855540cd1108b1a0100a636fec80427c2409efa6573bc995c3c3239c7f4ab6,995837.0,M,40.0,DEPLOYMENT UNKNOWN,NONE,NO INDICATION OF INJURY,NONE,UNKNOWN,NORMAL,,,,,2021-02-26 17:20:00,30,CLEAR,DAYLIGHT,TURNING,FOUR WAY,DRY,NO DEFECTS,ON SCENE,INJURY AND / OR TOW DUE TO CRASH,,"OVER $1,500",02/26/2021 05:28:00 PM,UNABLE TO DETERMINE,FAILING TO REDUCE SPEED TO AVOID CRASH,,3,NONINCAPACITATING INJURY,1.0,0.0,0.0,1.0,0.0,2.0,0.0,17,6,2,41.959577363,-87.753738863,POINT (-87.753738862859 41.959577362801),POINT (1141891.1205007313 1928392.9786530833),2021,4330 N MILWAUKEE AVE
O1106410,DRIVER,59e47e56ea626a1893074342a31d0ecb6eaec57c4f95a6c11a5cfc5e914420fa0ed50add780283495d146a29a64090bd0e284161de34bf5027f573eb7a876a0e,1049543.0,F,23.0,NOT APPLICABLE,NONE,NO INDICATION OF INJURY,NONE,NOT OBSCURED,NORMAL,,,,,2021-05-30 14:40:00,25,CLEAR,DAYLIGHT,SIDESWIPE SAME DIRECTION,NOT DIVIDED,DRY,NO DEFECTS,NOT ON SCENE (DESK REPORT),NO INJURY / DRIVE AWAY,,"OVER $1,500",05/30/2021 03:00:00 PM,UNABLE TO DETERMINE,UNABLE TO DETERMINE,,2,NO INDICATION OF INJURY,0.0,0.0,0.0,0.0,0.0,2.0,0.0,14,1,5,41.86718159,-87.720295865,POINT (-87.720295865435 41.867181590219),POINT (1151227.8112707 1894787.2029983744),2021,1132 S INDEPENDENCE BLVD
O1102712,DRIVER,32ea108bb373ce83be3bc40143dab68703ef78019386b7d0d80c6d7d524be514929202da00a4dbd8499f701fce29545afedc3e09cf0e71380e687541e1653b84,1045987.0,F,24.0,"DEPLOYED, COMBINATION",NONE,NO INDICATION OF INJURY,NONE,NOT OBSCURED,NORMAL,,,,,2021-05-22 13:13:00,30,CLEAR,DAYLIGHT,ANGLE,FOUR WAY,DRY,NO DEFECTS,,INJURY AND / OR TOW DUE TO CRASH,,"OVER $1,500",05/22/2021 01:35:00 PM,FAILING TO YIELD RIGHT-OF-WAY,NOT APPLICABLE,,2,NO INDICATION OF INJURY,0.0,0.0,0.0,0.0,0.0,5.0,0.0,13,7,5,41.87706968,-87.723250791,POINT (-87.723250791054 41.877069679531),POINT (1150397.3420714284 1898384.668859033),2021,300 S SPRINGFIELD AVE
O1077766,DRIVER,170b893c518e177a8ce451f944f988e95ebcd82e3ad753fc32169c1d0d15ab357afe91fefa2c01aadbdb053a2b211ffc3218bb55ea5dbcabd97c1a2607df9522,1022110.0,M,,DEPLOYMENT UNKNOWN,NONE,NO INDICATION OF INJURY,OTHER,UNKNOWN,UNKNOWN,,,,,2021-04-16 19:05:00,30,CLEAR,DAYLIGHT,SIDESWIPE SAME DIRECTION,NOT DIVIDED,DRY,NO DEFECTS,ON SCENE,INJURY AND / OR TOW DUE TO CRASH,Y,"OVER $1,500",04/16/2021 07:10:00 PM,UNABLE TO DETERMINE,NOT APPLICABLE,,2,NO INDICATION OF INJURY,0.0,0.0,0.0,0.0,0.0,2.0,0.0,19,6,4,41.942125007,-87.831397661,POINT (-87.831397661325 41.942125006728),POINT (1120806.2585181438 1921900.0088432464),2021,8201 W FOREST PRESERVE AVE