PERSON_ID,PERSON_TYPE,CRASH_RECORD_ID,VEHICLE_ID,SEX,AGE,AIRBAG_DEPLOYED,EJECTION,INJURY_CLASSIFICATION,DRIVER_ACTION,DRIVER_VISION,PHYSICAL_CONDITION,PEDPEDAL_ACTION,PEDPEDAL_VISIBILITY,PEDPEDAL_LOCATION,CRASH_DATE_EST_I,CRASH_DATE,POSTED_SPEED_LIMIT,WEATHER_CONDITION,LIGHTING_CONDITION,FIRST_CRASH_TYPE,TRAFFICWAY_TYPE,ROADWAY_SURFACE_COND,ROAD_DEFECT,REPORT_TYPE,CRASH_TYPE,HIT_AND_RUN_I,DAMAGE,DATE_POLICE_NOTIFIED,PRIM_CONTRIBUTORY_CAUSE,SEC_CONTRIBUTORY_CAUSE,DOORING_I,NUM_UNITS,MOST_SEVERE_INJURY,INJURIES_TOTAL,INJURIES_FATAL,INJURIES_INCAPACITATING,INJURIES_NON_INCAPACITATING,INJURIES_REPORTED_NOT_EVIDENT,INJURIES_NO_INDICATION,INJURIES_UNKNOWN,CRASH_HOUR,CRASH_DAY_OF_WEEK,CRASH_MONTH,LATITUDE,LONGITUDE,LOCATION,geometry,YEAR,ADDRESS
O1053055,DRIVER,6b7d6c7b2e5fd9d56ee8711ee3fb4fc034cb440f42938716f39e7686162f1d96370d6f854a753bd4a1d0561d9daa853a2c417ace67a0ebcab6019914d2cabb6b,998487.0,F,40.0,DID NOT DEPLOY,NONE,NO INDICATION OF INJURY,IMPROPER TURN,NOT OBSCURED,NORMAL,,,,,2021-02-06 21:34:00,30,SNOW,"DARKNESS, LIGHTED ROAD",TURNING,CENTER TURN LANE,SNOW OR SLUSH,NO DEFECTS,,INJURY AND / OR TOW DUE TO CRASH,,"OVER $1,500",02/06/2021 10:02:00 PM,IMPROPER TURNING/NO SIGNAL,FAILING TO REDUCE SPEED TO AVOID CRASH,,2,NONINCAPACITATING INJURY,1.0,0.0,0.0,1.0,0.0,3.0,0.0,21,7,2,41.775289692,-87.575223606,POINT (-87.575223606428 41.77528969185),POINT (1191037.9613334604 1861617.733831166),2021,2031 E MARQUETTE DR
O1024103,DRIVER,a9f0737040dced3b8c76a9422e02b6e8f74e330fcde11559d16fed8252db3e95bfaf564b1607ac34c83d05a24a25ba35bf33010db641ac1ca2a05086b8b1f8fe,970610.0,M,31.0,NOT APPLICABLE,NONE,NO INDICATION OF INJURY,NONE,NOT OBSCURED,NORMAL,,,,,2021-01-13 22:50:00,30,CLEAR,"DARKNESS, LIGHTED ROAD",TURNING,NOT DIVIDED,DRY,NO DEFECTS,NOT ON SCENE (DESK REPORT),NO INJURY / DRIVE AWAY,,"OVER $1,500",01/13/2021 11:20:00 PM,IMPROPER TURNING/NO SIGNAL,NOT APPLICABLE,,2,NO INDICATION OF INJURY,0.0,0.0,0.0,0.0,0.0,2.0,0.0,22,4,1,41.975419765,-87.749408907,POINT (-87.749408907308 41.975419765477),POINT (1143029.4636727932 1934174.0055399605),2021,4832 W FOSTER AVE
O1188782,DRIVER,7feded74926ca9a54ff318a49fe75b74446bffe2a9d541586d801450e87ed8d03216abc878e7a0f193795304370798309b8cbd4481b57384dfead94e20ef8340,1127856.0,F,27.0,DEPLOYMENT UNKNOWN,NONE,"REPORTED, NOT EVIDENT",UNKNOWN,UNKNOWN,UNKNOWN,,,,,2021-09-21 08:54:00,30,RAIN,DAYLIGHT,SIDESWIPE SAME DIRECTION,NOT DIVIDED,WET,UNKNOWN,ON SCENE,INJURY AND / OR TOW DUE TO CRASH,,"OVER $1,500",09/21/2021 08:55:00 AM,FOLLOWING TOO CLOSELY,FOLLOWING TOO CLOSELY,,2,NONINCAPACITATING INJURY,2.0,0.0,0.0,1.0,1.0,1.0,0.0,8,3,9,41.773665963,-87.566960326,POINT (-87.566960326314 41.773665963437),POINT (1193297.2064737163 1861046.036439934),2021,2378 E 67TH ST
O1094643,DRIVER,1a250c096d5316636f9ffbfe6a84325a521394d190d4ef2860da4f6a7e2df5483272c03af38be1ca33e9c41eed5980f5add2dda6f17640ba737be48bc7f2c862,1038273.0,F,36.0,DID NOT DEPLOY,NONE,NO INDICATION OF INJURY,NONE,NOT OBSCURED,NORMAL,,,,,2021-05-13 14:22:00,40,CLEAR,DAYLIGHT,REAR END,T-INTERSECTION,DRY,NO DEFECTS,ON SCENE,INJURY AND / OR TOW DUE TO CRASH,,"OVER $1,500",05/13/2021 02:22:00 PM,UNABLE TO DETERMINE,UNABLE TO DETERMINE,,3,NO INDICATION OF INJURY,0.0,0.0,0.0,0.0,0.0,4.0,0.0,14,5,5,41.878310135,-87.617575903,POINT (-87.617575903416 41.878310134581),POINT (1179172.7854412147 1899058.9750073226),2021,300 S LAKE SHORE DR SB
O1158328,DRIVER,237b59986658b80e784682f29cd0a9d8a6953a38e27e5d7af404a60cd615d7f61722a2a6360560318e372925f5b5871eff01998f04fdc5aa9e759d6ca5990248,1098776.0,F,38.0,NOT APPLICABLE,NONE,NO INDICATION OF INJURY,NONE,NOT OBSCURED,NORMAL,,,,,2021-08-09 14:30:00,30,CLEAR,DAYLIGHT,ANGLE,DIVIDED - W/MEDIAN (NOT RAISED),DRY,NO DEFECTS,NOT ON SCENE (DESK REPORT),NO INJURY / DRIVE AWAY,Y,"$501 - $1,500",08/09/2021 05:00:00 PM,UNABLE TO DETERMINE,NOT APPLICABLE,,2,NO INDICATION OF INJURY,0.0,0.0,0.0,0.0,0.0,2.0,0.0,14,2,8,41.923549688,-87.746133875,POINT (-87.746133875298 41.923549688404),POINT (1144049.5043027261 1915278.4979391447),2021,2337 N CICERO AVE
O1180337,DRIVER,949fd9a2dfce3a6982de6917fc237f1a22d017f8f926221fd2b32ff19ec04a305ba0ac267aa8fe10dfc33be1d34ab1f0f443b9d8ff880aa75ea775efa5c1a2cb,1119801.0,M,23.0,"DEPLOYED, FRONT",NONE,NO INDICATION OF INJURY,NONE,NOT OBSCURED,NORMAL,,,,,2021-09-10 02:00:00,30,CLEAR,"DARKNESS, LIGHTED ROAD",REAR TO SIDE,DIVIDED - W/MEDIAN (NOT RAISED),DRY,NO DEFECTS,NOT ON SCENE (DESK REPORT),INJURY AND / OR TOW DUE TO CRASH,Y,"OVER $1,500",09/10/2021 02:50:00 AM,IMPROPER BACKING,UNABLE TO DETERMINE,,2,NO INDICATION OF INJURY,0.0,0.0,0.0,0.0,0.0,2.0,0.0,2,6,9,41.756736814,-87.612576257,POINT (-87.612576256772 41.756736813788),POINT (1180905.946467691 1854769.604077186),2021,500 E 76TH ST
P276613,PASSENGER,05b3fd6e837736c3e1b8bdfcb115179a33da96cf96d5d7e84e3ecabba75e7d3668ad9a0ff579c12916bca2c035a120f1a5159d5c0bfaa3f4ca432006eaa18578,1173046.0,F,16.0,DID NOT DEPLOY,NONE,NONINCAPACITATING INJURY,,,,,,,,2021-11-28 21:38:00,30,CLEAR,"DARKNESS, LIGHTED ROAD",ANGLE,DIVIDED - W/MEDIAN BARRIER,DRY,NO DEFECTS,ON SCENE,INJURY AND / OR TOW DUE TO CRASH,,"OVER $1,500",11/28/2021 09:39:00 PM,FAILING TO YIELD RIGHT-OF-WAY,UNABLE TO DETERMINE,,2,NONINCAPACITATING INJURY,2.0,0.0,0.0,2.0,0.0,2.0,0.0,21,1,11,41.749699577,-87.585957242,POINT (-87.585957241503 41.749699576791),POINT (1188191.170442435 1852267.2666913425),2021,8000 S STONY ISLAND AVE
P238349,PASSENGER,68121c3796d67ab0d926f9727d0010bd6fb6ad2c708b6182c3716154a492d04c799e748273c7add5e3f7c438d6668b4f5382cb5c4e3385148a694c4ee61b6b61,1005912.0,M,,DID NOT DEPLOY,NONE,NO INDICATION OF INJURY,,,,,,,,2021-03-18 20:10:00,30,CLEAR,"DARKNESS, LIGHTED ROAD",REAR END,NOT DIVIDED,DRY,UNKNOWN,NOT ON SCENE (DESK REPORT),NO INJURY / DRIVE AWAY,,"OVER $1,500",03/18/2021 08:38:00 PM,UNABLE TO DETERMINE,UNABLE TO DETERMINE,,2,NO INDICATION OF INJURY,0.0,0.0,0.0,0.0,0.0,3.0,0.0,20,5,3,41.754660124,-87.741384759,POINT (-87.741384758605 41.754660124394),POINT (1145766.0625108115 1853744.7435096262),2021,7601 S CICERO AVE
P263259,PASSENGER,ddda35fa2bbb7171ad46b1c554fc0d508c201f5d5a0fc50bd3f05a93c21bf88f81ad286c8f4f5a18a4f5da42b094cfaae255bb3204868d82ecbb73d846ec87e7,1113524.0,,,NOT APPLICABLE,NONE,NO INDICATION OF INJURY,,,,,,,Y,2021-08-31 16:20:00,30,CLEAR,DAYLIGHT,SIDESWIPE SAME DIRECTION,DIVIDED - W/MEDIAN (NOT RAISED),DRY,NO DEFECTS,ON SCENE,NO INJURY / DRIVE AWAY,,"$501 - $1,500",08/31/2021 04:23:00 PM,IMPROPER OVERTAKING/PASSING,FAILING TO YIELD RIGHT-OF-WAY,,2,NO INDICATION OF INJURY,0.0,0.0,0.0,0.0,0.0,7.0,0.0,16,3,8,41.885642279,-87.765202216,POINT (-87.765202216468 41.885642279393),POINT (1138951.7428700265 1901430.0915785485),2021,250 N CENTRAL AVE
O1190722,DRIVER,4267c4c204020b3d71abe34a50cf4bac65a29b0eb8da46082f58f722684a132c1c9c3d64bb1efa9bd30b523c032613b4f378a750d9ee28330e72025ee51b234f,1129726.0,M,30.0,DID NOT DEPLOY,NONE,NO INDICATION OF INJURY,OVERCORRECTED,NOT OBSCURED,NORMAL,,,,,2021-09-24 06:42:00,30,CLEAR,DAWN,PARKED MOTOR VEHICLE,DIVIDED - W/MEDIAN BARRIER,DRY,"RUT, HOLES",ON SCENE,INJURY AND / OR TOW DUE TO CRASH,,"OVER $1,500",09/24/2021 06:42:00 AM,FAILING TO REDUCE SPEED TO AVOID CRASH,UNABLE TO DETERMINE,,4,NO INDICATION OF INJURY,0.0,0.0,0.0,0.0,0.0,2.0,0.0,6,6,9,41.977635224,-87.669800774,POINT (-87.669800773966 41.977635224247),POINT (1164670.1789062917 1935138.9424003996),2021,5248 N ASHLAND AVE
O1200365,DRIVER,4c1ed6f26c2a1129ccac7da008cdbc6eebb92ac82a2b6870c29fe4c137da255951dfbba446d85b0dd59ad107661ddf44efb145ae60f796bd37de212dd490cb9e,1139112.0,M,46.0,DID NOT DEPLOY,NONE,NO INDICATION OF INJURY,UNKNOWN,UNKNOWN,NORMAL,,,,,2021-10-06 18:00:00,35,UNKNOWN,UNKNOWN,REAR END,ONE-WAY,UNKNOWN,UNKNOWN,NOT ON SCENE (DESK REPORT),NO INJURY / DRIVE AWAY,,"OVER $1,500",10/07/2021 01:00:00 PM,UNABLE TO DETERMINE,UNABLE TO DETERMINE,,2,NO INDICATION OF INJURY,0.0,0.0,0.0,0.0,0.0,2.0,0.0,18,4,10,41.893255329,-87.637159916,POINT (-87.637159915596 41.893255328806),POINT (1173795.2447017783 1904461.1265612447),2021,340 W ONTARIO ST
O1123442,DRIVER,11fddcfcd3e22abaa1866ebaa3f8446cd09cc3bd220cafc5c52e1a189e2bfd2d162635f156470d040c19b6dd52d75aaa16cff8eb867121f2dd737a490bdf34f2,1065610.0,M,43.0,NOT APPLICABLE,NONE,NO INDICATION OF INJURY,OTHER,UNKNOWN,NORMAL,,,,,2021-06-21 15:30:00,30,CLEAR,DAYLIGHT,TURNING,NOT DIVIDED,DRY,NO DEFECTS,NOT ON SCENE (DESK REPORT),INJURY AND / OR TOW DUE TO CRASH,,"$501 - $1,500",06/21/2021 05:25:00 PM,FAILING TO YIELD RIGHT-OF-WAY,NOT APPLICABLE,,2,"REPORTED, NOT EVIDENT",1.0,0.0,0.0,0.0,1.0,2.0,0.0,15,2,6,41.862564097,-87.694669286,POINT (-87.694669285653 41.862564097367),POINT (1158220.4723765396 1893155.4876173658),2021,1400 S FAIRFIELD AVE
O1027758,DRIVER,5f953a03d2cb98d780d34b34b3d47a396da5416e7aebd6fc711b4f808bb3225db9414963b617f82144b0fb0e19ea2495636622c43ce525011765dc7e65bae2c0,974105.0,M,,DEPLOYMENT UNKNOWN,NONE,NO INDICATION OF INJURY,NONE,UNKNOWN,UNKNOWN,,,,,2021-01-20 22:00:00,30,CLEAR,"DARKNESS, LIGHTED ROAD",REAR END,NOT DIVIDED,ICE,UNKNOWN,NOT ON SCENE (DESK REPORT),NO INJURY / DRIVE AWAY,,"OVER $1,500",01/20/2021 10:11:00 PM,WEATHER,EQUIPMENT - VEHICLE CONDITION,,2,NO INDICATION OF INJURY,0.0,0.0,0.0,0.0,0.0,2.0,0.0,22,4,1,41.900407668,-87.648502939,POINT (-87.648502938918 41.900407667865),POINT (1170686.0901290064 1907042.5855042767),2021,1010 N HOOKER ST
O1253769,DRIVER,30bc7cad737484d8751f2d6401ae22a8eda2503b3840d4db6e8e83e6e7a2bdbbdd23804d364961c9ac6dd4ab48360a6f3bb84c28c7c750dc2e32f34f4645b09d,1190097.0,M,44.0,DID NOT DEPLOY,NONE,NO INDICATION OF INJURY,FAILED TO YIELD,OTHER,NORMAL,,,,,2021-12-28 12:10:00,30,SNOW,DAYLIGHT,TURNING,NOT DIVIDED,SNOW OR SLUSH,UNKNOWN,ON SCENE,INJURY AND / OR TOW DUE TO CRASH,,"OVER $1,500",12/28/2021 12:12:00 PM,FAILING TO YIELD RIGHT-OF-WAY,"VISION OBSCURED (SIGNS, TREE LIMBS, BUILDINGS, ETC.)",,2,NO INDICATION OF INJURY,0.0,0.0,0.0,0.0,0.0,2.0,0.0,12,3,12,41.832047608,-87.685221641,POINT (-87.685221640545 41.832047608387),POINT (1160877.9213614522 1882054.6658784088),2021,3400 S WESTERN AVE
O1077257,DRIVER,eac3a96349615595c20479841de75d4caaeb88f80fb2c8c94cc1315a687f65b28f183c67ec0fb937d5aa8b63e0109fbd26a82c42ae9c737ac5cafc7404eaa9bb,1021630.0,M,23.0,DID NOT DEPLOY,NONE,NO INDICATION OF INJURY,UNKNOWN,UNKNOWN,UNKNOWN,,,,,2021-04-16 01:14:00,30,CLEAR,"DARKNESS, LIGHTED ROAD",PARKED MOTOR VEHICLE,ONE-WAY,DRY,NO DEFECTS,ON SCENE,INJURY AND / OR TOW DUE TO CRASH,,"OVER $1,500",04/16/2021 01:16:00 AM,UNABLE TO DETERMINE,UNABLE TO DETERMINE,,5,NO INDICATION OF INJURY,0.0,0.0,0.0,0.0,0.0,2.0,0.0,1,6,4,41.950290932,-87.715202976,POINT (-87.715202975775 41.95029093247),POINT (1152396.7624076877 1925082.2225627135),2021,3464 W GRACE ST
P252760,PASSENGER,36d5f3d920eec503fc3ef25526cb11b5344516f0f5cfc7fae3d65b1e56996251000559cac33ed1186f6b676d465a3ab482b01437abb47b2bcaff52521951f55b,1068196.0,F,,DID NOT DEPLOY,NONE,NONINCAPACITATING INJURY,,,,,,,,2021-06-25 14:34:00,35,CLEAR,DAYLIGHT,PARKED MOTOR VEHICLE,PARKING LOT,DRY,NO DEFECTS,NOT ON SCENE (DESK REPORT),INJURY AND / OR TOW DUE TO CRASH,Y,"OVER $1,500",06/25/2021 04:00:00 PM,IMPROPER BACKING,UNABLE TO DETERMINE,,2,NONINCAPACITATING INJURY,1.0,0.0,0.0,1.0,0.0,1.0,0.0,14,6,6,41.755926794,-87.654025215,POINT (-87.65402521485 41.755926793676),POINT (1169599.0168883302 1854382.4148274742),2021,7600 S RACINE AVE
O1119982,DRIVER,9c02e1f59eddc5168cec6081a7f467a21f23a81887a1f5bbfe3716ca3de93a54729fd0d7a5bb4d749a5c40e37836993f832ac5ee3e6530b28c567ea350d96aad,1062327.0,M,53.0,DID NOT DEPLOY,NONE,NO INDICATION OF INJURY,OTHER,UNKNOWN,NORMAL,,,,,2021-06-17 12:18:00,30,CLEAR,DAYLIGHT,TURNING,NOT DIVIDED,DRY,NO DEFECTS,ON SCENE,INJURY AND / OR TOW DUE TO CRASH,,"OVER $1,500",06/17/2021 12:20:00 PM,DRIVING SKILLS/KNOWLEDGE/EXPERIENCE,UNABLE TO DETERMINE,,2,NONINCAPACITATING INJURY,1.0,0.0,0.0,1.0,0.0,1.0,0.0,12,5,6,41.903398316,-87.65746875,POINT (-87.657468750417 41.903398316144),POINT (1168236.6671532607 1908113.0217952463),2021,1201 W DIVISION ST
O1031040,DRIVER,e1258447ce378c5f68e9babf48231908064f41fafb72e920cd7aa129dd275021ea637145feba6fc787b1dfedb9d47e0c5d37ec932bcac71bcb64b6d4efd2fb95,977232.0,X,,DEPLOYMENT UNKNOWN,UNKNOWN,NO INDICATION OF INJURY,UNKNOWN,UNKNOWN,UNKNOWN,,,,,2021-01-26 19:00:00,20,SNOW,DUSK,PARKED MOTOR VEHICLE,NOT DIVIDED,SNOW OR SLUSH,NO DEFECTS,NOT ON SCENE (DESK REPORT),NO INJURY / DRIVE AWAY,Y,"OVER $1,500",01/27/2021 01:30:00 PM,WEATHER,NOT APPLICABLE,,2,NO INDICATION OF INJURY,0.0,0.0,0.0,0.0,0.0,1.0,0.0,19,3,1,41.749483017,-87.696129613,POINT (-87.696129613395 41.749483017171),POINT (1158128.1781256448 1851946.4621870462),2021,7909 S RICHMOND ST
O1224435,DRIVER,60b6352900f8615de2f50eea39ba4bfb76d808854f8c47ed43d49f0d55896153f39e35f4b9b5939fe331a64a5fbac7b242c8f061ef45ccb7444286c9df28dae7,1161914.0,X,,DEPLOYMENT UNKNOWN,NONE,NO INDICATION OF INJURY,UNKNOWN,UNKNOWN,UNKNOWN,,,,,2021-11-10 17:30:00,35,CLOUDY/OVERCAST,"DARKNESS, LIGHTED ROAD",SIDESWIPE SAME DIRECTION,NOT DIVIDED,DRY,NO DEFECTS,NOT ON SCENE (DESK REPORT),NO INJURY / DRIVE AWAY,Y,"OVER $1,500",11/10/2021 06:30:00 PM,UNABLE TO DETERMINE,NOT APPLICABLE,,2,NO INDICATION OF INJURY,0.0,0.0,0.0,0.0,0.0,2.0,0.0,17,4,11,42.011661765,-87.812781431,POINT (-87.812781431141 42.011661765073),POINT (1125717.0105601326 1947269.685460853),2021,7432 W TOUHY AVE
O1123937,DRIVER,7fa22fcf67a1dc64756074d7fbf8c641680db4c511ed1b3b3a755837183d3edd992e9f68765cc7d1200b981ca352a6eea7195da5fd4b07da2ae1266d8031859c,1066104.0,M,38.0,NOT APPLICABLE,NONE,NO INDICATION OF INJURY,UNKNOWN,UNKNOWN,NORMAL,,,,,2021-06-22 10:20:00,30,CLEAR,DAYLIGHT,TURNING,NOT DIVIDED,DRY,NO DEFECTS,ON SCENE,NO INJURY / DRIVE AWAY,,"OVER $1,500",06/22/2021 11:00:00 AM,UNABLE TO DETERMINE,UNABLE TO DETERMINE,,2,NO INDICATION OF INJURY,0.0,0.0,0.0,0.0,0.0,2.0,0.0,10,3,6,41.874081989,-87.667222759,POINT (-87.66722275935 41.874081988696),POINT (1165664.3054030228 1897409.3988639354),2021,1611 W HARRISON ST
O1184913,DRIVER,cacba42cb8f918e38b6f60f2c3292996104c1683c260bbd5172ea8edc891142a3376ae6e8e9cdc08655a73647959c6ecc228e10f7141b836f28dedccf22f8e25,1124133.0,F,24.0,NOT APPLICABLE,NONE,NO INDICATION OF INJURY,OTHER,UNKNOWN,NORMAL,,,,,2021-09-16 10:18:00,30,CLEAR,DAYLIGHT,TURNING,FOUR WAY,DRY,NO DEFECTS,ON SCENE,NO INJURY / DRIVE AWAY,,"OVER $1,500",09/16/2021 11:00:00 AM,FAILING TO YIELD RIGHT-OF-WAY,FAILING TO REDUCE SPEED TO AVOID CRASH,,2,NO INDICATION OF INJURY,0.0,0.0,0.0,0.0,0.0,3.0,0.0,10,5,9,41.837136851,-87.704673605,POINT (-87.704673604958 41.83713685068),POINT (1155563.139757962 1883869.768661972),2021,3101 S KEDZIE AVE
O1150211,DRIVER,7b50edffa9a5f3d5d297f828c6b26627789e2e552c1b1c4b63ec5c418572ce31f9ccdc0d70f67161c225898fa7ff2770f0f5edb8de6665d8f06060fe2a53fa63,1091049.0,F,41.0,DID NOT DEPLOY,UNKNOWN,NO INDICATION OF INJURY,UNKNOWN,UNKNOWN,NORMAL,,,,,2021-07-29 12:16:00,30,CLEAR,DAYLIGHT,REAR END,NOT DIVIDED,DRY,UNKNOWN,ON SCENE,NO INJURY / DRIVE AWAY,,"OVER $1,500",07/29/2021 12:57:00 PM,FOLLOWING TOO CLOSELY,FOLLOWING TOO CLOSELY,,3,NO INDICATION OF INJURY,0.0,0.0,0.0,0.0,0.0,3.0,0.0,12,5,7,41.77328619,-87.605919103,POINT (-87.60591910261 41.773286190051),POINT (1182671.339380443 1860815.35627939),2021,6656 S COTTAGE GROVE AVE
O1063564,DRIVER,138c00be01776569df2a907235524be4cf7a86dada2e2496321f36a6937228de6c15ae4b05763c7c211a50a829071abf6c84e54612b82778267a402dfc310345,1008604.0,F,61.0,DID NOT DEPLOY,NONE,NO INDICATION OF INJURY,NONE,NOT OBSCURED,NORMAL,,,,,2021-03-23 14:34:00,30,RAIN,DAYLIGHT,PEDESTRIAN,NOT DIVIDED,WET,NO DEFECTS,ON SCENE,INJURY AND / OR TOW DUE TO CRASH,Y,"OVER $1,500",03/23/2021 02:36:00 PM,"OPERATING VEHICLE IN ERRATIC, RECKLESS, CARELESS, NEGLIGENT OR AGGRESSIVE MANNER",NOT APPLICABLE,,3,NONINCAPACITATING INJURY,1.0,0.0,0.0,1.0,0.0,2.0,0.0,14,3,3,41.873612979,-87.745163628,POINT (-87.745163628072 41.873612979337),POINT (1144438.2991313995 1897083.396945345),2021,512 S CICERO AVE
O1033412,DRIVER,472abc506953c50174b1f844b3b23c25c5a412169265a21dc7abb70c64d419ed74c9da14bec3a56493499a99b1af80571cc05cec2d86fe493ebe7c691cf06107,979526.0,M,49.0,"DEPLOYED, COMBINATION",NONE,NO INDICATION OF INJURY,UNKNOWN,NOT OBSCURED,NORMAL,,,,,2021-01-31 21:44:00,30,FREEZING RAIN/DRIZZLE,"DARKNESS, LIGHTED ROAD",TURNING,FOUR WAY,SNOW OR SLUSH,UNKNOWN,NOT ON SCENE (DESK REPORT),INJURY AND / OR TOW DUE TO CRASH,,$500 OR LESS,01/31/2021 09:44:00 PM,DISREGARDING TRAFFIC SIGNALS,NOT APPLICABLE,,2,NO INDICATION OF INJURY,0.0,0.0,0.0,0.0,0.0,3.0,0.0,21,1,1,41.67765143,-87.661205432,POINT (-87.661205432191 41.677651430267),POINT (1167862.5524691388 1825844.3685829304),2021,11857 S ASHLAND AVE
O1149493,DRIVER,8be008769b305b972b0f9d84637e567c7a290dda841e72e7920c726b199aa6b6423b8a1670394db4632091074a38973e0107533648aa87dfd97d9cda7f069195,1090361.0,M,,DEPLOYMENT UNKNOWN,NONE,NO INDICATION OF INJURY,FOLLOWED TOO CLOSELY,UNKNOWN,UNKNOWN,,,,,2021-07-28 14:20:00,30,CLEAR,DAYLIGHT,REAR END,NOT DIVIDED,DRY,NO DEFECTS,NOT ON SCENE (DESK REPORT),NO INJURY / DRIVE AWAY,,"$501 - $1,500",07/28/2021 02:45:00 PM,FOLLOWING TOO CLOSELY,NOT APPLICABLE,,2,NO INDICATION OF INJURY,0.0,0.0,0.0,0.0,0.0,2.0,0.0,14,4,7,41.830398983,-87.684425055,POINT (-87.684425054949 41.830398983034),POINT (1161099.5514274654 1881455.5527778661),2021,2340 W 35TH ST
O1240616,DRIVER,3ff648024ce35285fd84c225317b21efcccd8d349d1f1f7dc4cd9bcf2d9a3691751ed1d9818a44458093cab6da0344b785edd16ec4ae22590415e0e92143d76f,1177478.0,M,37.0,NOT APPLICABLE,NONE,NO INDICATION OF INJURY,IMPROPER LANE CHANGE,NOT OBSCURED,NORMAL,,,,,2021-12-06 11:30:00,30,CLEAR,DAYLIGHT,SIDESWIPE SAME DIRECTION,NOT DIVIDED,DRY,NO DEFECTS,NOT ON SCENE (DESK REPORT),NO INJURY / DRIVE AWAY,,"$501 - $1,500",12/06/2021 11:43:00 AM,IMPROPER OVERTAKING/PASSING,IMPROPER OVERTAKING/PASSING,,2,NO INDICATION OF INJURY,0.0,0.0,0.0,0.0,0.0,2.0,0.0,11,2,12,41.945757349,-87.767555587,POINT (-87.767555586643 41.945757349342),POINT (1138166.4087272545 1923331.813178909),2021,5619 W ADDISON ST
O1238303,DRIVER,97bda59345d00e2556c2fd6f484699efbde3921d144054fb3a302566943b92da1483be6e02209e16fa32779a22b58e44713d8a2ed2e0a07c355a143ecdf797e4,1175278.0,M,,NOT APPLICABLE,NONE,NO INDICATION OF INJURY,NONE,NOT OBSCURED,NORMAL,,,,,2021-12-02 21:00:00,30,CLEAR,"DARKNESS, LIGHTED ROAD",REAR END,NOT DIVIDED,DRY,NO DEFECTS,ON SCENE,NO INJURY / DRIVE AWAY,Y,"OVER $1,500",12/02/2021 09:02:00 PM,NOT APPLICABLE,NOT APPLICABLE,,2,NO INDICATION OF INJURY,0.0,0.0,0.0,0.0,0.0,2.0,0.0,21,5,12,41.8421979,-87.734079107,POINT (-87.734079107405 41.842197900392),POINT (1147537.082450419 1885656.7180487919),2021,2701 S KOSTNER AVE
O1042374,DRIVER,2f83e27b4124425422b247a6279832718c69dc204b6d2432ed9b6cdc53d6749e915f9d3280d75fac82b8cd0f00918119701cb2bcbc516082ec2afb9fe10685cd,988166.0,F,30.0,NOT APPLICABLE,NONE,NO INDICATION OF INJURY,NONE,NOT OBSCURED,NORMAL,,,,,2021-02-14 15:54:00,30,CLEAR,DAYLIGHT,REAR END,PARKING LOT,DRY,NO DEFECTS,ON SCENE,NO INJURY / DRIVE AWAY,,"OVER $1,500",02/14/2021 03:55:00 PM,UNABLE TO DETERMINE,NOT APPLICABLE,,2,NO INDICATION OF INJURY,0.0,0.0,0.0,0.0,0.0,3.0,0.0,15,1,2,41.737153702,-87.625615754,POINT (-87.625615753607 41.737153702271),POINT (1177406.838324945 1847604.1583383316),2021,8630 S LAFAYETTE AVE
O1128367,DRIVER,b5be5202a7ec6ab5c47fb9012d613202c2b2d034174ab0cd9efdd2923cbdf36517ad3d71d0907325a48f78da2f29c01d8b26428eee41226a5c3878eced5b1f90,1070325.0,M,25.0,DID NOT DEPLOY,NONE,NO INDICATION OF INJURY,UNKNOWN,UNKNOWN,UNKNOWN,,,,,2021-06-27 18:15:00,30,CLEAR,DAYLIGHT,REAR END,NOT DIVIDED,DRY,UNKNOWN,NOT ON SCENE (DESK REPORT),NO INJURY / DRIVE AWAY,,"OVER $1,500",06/28/2021 04:27:00 PM,UNABLE TO DETERMINE,UNABLE TO DETERMINE,,2,NO INDICATION OF INJURY,0.0,0.0,0.0,0.0,0.0,2.0,0.0,18,1,6,41.876805011,-87.636467364,POINT (-87.636467364254 41.876805011454),POINT (1174032.48375807 1898468.17021315),2021,401 S WACKER DR
O1212438,DRIVER,12939f780dd2ab13612e229369608463c4ab653be193cbac544c15426de61b23a7e0068b1e914a79944f52d884019b41bc42dbc780087aa5b413094dee9bee7f,1150464.0,F,28.0,DID NOT DEPLOY,NONE,NO INDICATION OF INJURY,FAILED TO YIELD,WINDSHIELD (WATER/ICE),NORMAL,,,,,2021-10-25 07:24:00,30,RAIN,DAYLIGHT,TURNING,NOT DIVIDED,WET,NO DEFECTS,NOT ON SCENE (DESK REPORT),NO INJURY / DRIVE AWAY,,"OVER $1,500",10/25/2021 08:30:00 AM,FAILING TO YIELD RIGHT-OF-WAY,NOT APPLICABLE,,2,NO INDICATION OF INJURY,0.0,0.0,0.0,0.0,0.0,2.0,0.0,7,2,10,41.954524788,-87.786464375,POINT (-87.78646437512 41.954524788238),POINT (1133001.9847543552 1926493.3024008418),2021,4057 N NARRAGANSETT AVE