PERSON_ID,PERSON_TYPE,CRASH_RECORD_ID,VEHICLE_ID,SEX,AGE,AIRBAG_DEPLOYED,EJECTION,INJURY_CLASSIFICATION,DRIVER_ACTION,DRIVER_VISION,PHYSICAL_CONDITION,PEDPEDAL_ACTION,PEDPEDAL_VISIBILITY,PEDPEDAL_LOCATION,CRASH_DATE_EST_I,CRASH_DATE,POSTED_SPEED_LIMIT,WEATHER_CONDITION,LIGHTING_CONDITION,FIRST_CRASH_TYPE,TRAFFICWAY_TYPE,ROADWAY_SURFACE_COND,ROAD_DEFECT,REPORT_TYPE,CRASH_TYPE,HIT_AND_RUN_I,DAMAGE,DATE_POLICE_NOTIFIED,PRIM_CONTRIBUTORY_CAUSE,SEC_CONTRIBUTORY_CAUSE,DOORING_I,NUM_UNITS,MOST_SEVERE_INJURY,INJURIES_TOTAL,INJURIES_FATAL,INJURIES_INCAPACITATING,INJURIES_NON_INCAPACITATING,INJURIES_REPORTED_NOT_EVIDENT,INJURIES_NO_INDICATION,INJURIES_UNKNOWN,CRASH_HOUR,CRASH_DAY_OF_WEEK,CRASH_MONTH,LATITUDE,LONGITUDE,LOCATION,geometry,YEAR,ADDRESS
O1247025,DRIVER,f8770933dc68be278bd003e28a1a4eef3a7a96b295c470923cd1d31612c64c3ea397928dbdae690e5ffbef2dc3214dfc16c25a60290b549b9c80580bbe8c650c,1183602.0,F,58.0,DID NOT DEPLOY,NONE,NO INDICATION OF INJURY,OTHER,UNKNOWN,IMPAIRED - ALCOHOL,,,,,2021-12-15 22:23:00,25,SEVERE CROSS WIND GATE,"DARKNESS, LIGHTED ROAD",PARKED MOTOR VEHICLE,ONE-WAY,OTHER,NO DEFECTS,ON SCENE,INJURY AND / OR TOW DUE TO CRASH,N,"OVER $1,500",12/15/2021 10:30:00 PM,UNDER THE INFLUENCE OF ALCOHOL/DRUGS (USE WHEN ARREST IS EFFECTED),NOT APPLICABLE,,3,NO INDICATION OF INJURY,0.0,0.0,0.0,0.0,0.0,1.0,0.0,22,4,12,41.959853944,-87.752888195,POINT (-87.752888194749 41.959853943714),POINT (1142121.8077950338 1928495.3317180607),2021,5022 W PENSACOLA AVE
O1086456,DRIVER,866b82fcfd5ca2168b046d3e8e54eaabb9b69779505331264788f922f99cc596d7c58559ec6367c508433c503667d2780570ad257b4bb84f7c200025ba96a4f5,1030416.0,M,18.0,"DEPLOYED, FRONT",NONE,NO INDICATION OF INJURY,FAILED TO YIELD,NOT OBSCURED,NORMAL,,,,,2021-05-01 12:45:00,30,CLEAR,DAYLIGHT,ANGLE,NOT DIVIDED,DRY,NO DEFECTS,ON SCENE,INJURY AND / OR TOW DUE TO CRASH,,"OVER $1,500",05/01/2021 12:45:00 PM,NOT APPLICABLE,NOT APPLICABLE,,3,NONINCAPACITATING INJURY,4.0,0.0,0.0,4.0,0.0,2.0,0.0,12,7,5,41.865938839,-87.735108549,POINT (-87.735108549013 41.865938838909),POINT (1147196.3040018696 1894305.8832696732),2021,1200 S KOSTNER AVE
P241808,PASSENGER,b022fe7693bde32079aa96e1ceeecc58890bc39daa4a99cf39752bf49bc69311e0cc0acebb69d2458195f8bc13ef4ed9ce78d37c47ed8c703fd9f7ee0460e6a1,1021135.0,M,18.0,NOT APPLICABLE,NONE,NO INDICATION OF INJURY,,,,,,,,2021-04-14 23:20:00,30,CLEAR,"DARKNESS, LIGHTED ROAD",FIXED OBJECT,NOT DIVIDED,DRY,NO DEFECTS,ON SCENE,INJURY AND / OR TOW DUE TO CRASH,,"$501 - $1,500",04/14/2021 11:20:00 PM,UNDER THE INFLUENCE OF ALCOHOL/DRUGS (USE WHEN ARREST IS EFFECTED),UNDER THE INFLUENCE OF ALCOHOL/DRUGS (USE WHEN ARREST IS EFFECTED),,1,NONINCAPACITATING INJURY,1.0,0.0,0.0,1.0,0.0,3.0,0.0,23,4,4,41.969115369,-87.660979992,POINT (-87.6609799919 41.969115368512),POINT (1167093.0035156386 1932052.9680261577),2021,1232 W LAWRENCE AVE
P264833,PASSENGER,7cf4da7108b42e12dab5c891d7a01c9b3c75f8ff04e986165bea4f71ec0533b805c9896b23dc73fd1c1ea956be8f02141228de75984ecb5bfa9b7bd89c5cf084,1120132.0,F,6.0,DID NOT DEPLOY,NONE,NO INDICATION OF INJURY,,,,,,,,2021-09-10 15:15:00,30,CLEAR,DAYLIGHT,TURNING,NOT DIVIDED,DRY,NO DEFECTS,ON SCENE,NO INJURY / DRIVE AWAY,,"OVER $1,500",09/10/2021 03:43:00 PM,DISTRACTION - FROM OUTSIDE VEHICLE,DISTRACTION - FROM OUTSIDE VEHICLE,,2,NO INDICATION OF INJURY,0.0,0.0,0.0,0.0,0.0,6.0,0.0,15,6,9,41.795548906,-87.683665622,POINT (-87.683665622076 41.795548905521),POINT (1161402.5287772648 1868757.9384540091),2021,5400 S WESTERN BLVD
P277060,PASSENGER,163f7c9e1dab486459d8f167a5b39f23d8d94dcd281d59932f063fc45f82314a688f3651a1c1683e5ffac3f9d8fd9d439c661b707210ccb8ced4a2170c718081,1175045.0,,,DEPLOYMENT UNKNOWN,NONE,NO INDICATION OF INJURY,,,,,,,,2021-12-02 16:14:00,30,CLEAR,DAYLIGHT,TURNING,DIVIDED - W/MEDIAN (NOT RAISED),DRY,NO DEFECTS,ON SCENE,NO INJURY / DRIVE AWAY,Y,"$501 - $1,500",12/02/2021 04:25:00 PM,UNABLE TO DETERMINE,NOT APPLICABLE,,2,NO INDICATION OF INJURY,0.0,0.0,0.0,0.0,0.0,5.0,0.0,16,5,12,41.851790359,-87.713566448,POINT (-87.713566448428 41.851790358529),POINT (1153101.2483373552 1889191.8418551367),2021,3532 W CERMAK RD
O1198721,DRIVER,236854a28a1c4213dc0b2719066d486906854854722825e8348b84061a990ef23cbd2946c881d663928fccd40c003e682a655644b4d8329dfb318a7e5f06e487,1137380.0,M,46.0,NOT APPLICABLE,NONE,NO INDICATION OF INJURY,NONE,NOT OBSCURED,NORMAL,,,,,2021-10-05 07:28:00,30,CLEAR,DAYLIGHT,SIDESWIPE SAME DIRECTION,NOT DIVIDED,DRY,NO DEFECTS,ON SCENE,NO INJURY / DRIVE AWAY,,"OVER $1,500",10/05/2021 08:30:00 AM,IMPROPER OVERTAKING/PASSING,IMPROPER OVERTAKING/PASSING,,2,NO INDICATION OF INJURY,0.0,0.0,0.0,0.0,0.0,4.0,0.0,7,3,10,41.864521194,-87.6393041,POINT (-87.639304099636 41.864521193744),POINT (1173296.1226283452 1893985.7049867965),2021,1340 S CANAL ST
P273472,PASSENGER,4a739cdd434fef69ae444706853caa0802bdfe1a4e93b4908bcb2513e6c2a973eb762453add6de6db6381bd72d826f21e211415e0a389406bc3ba7b13e4cadfc,1158983.0,F,,"DEPLOYED, SIDE",NONE,NO INDICATION OF INJURY,,,,,,,,2021-11-05 18:28:00,30,CLEAR,"DARKNESS, LIGHTED ROAD",ANGLE,DIVIDED - W/MEDIAN (NOT RAISED),DRY,NO DEFECTS,ON SCENE,INJURY AND / OR TOW DUE TO CRASH,,"OVER $1,500",11/05/2021 06:29:00 PM,FAILING TO YIELD RIGHT-OF-WAY,FAILING TO YIELD RIGHT-OF-WAY,,2,"REPORTED, NOT EVIDENT",2.0,0.0,0.0,0.0,2.0,3.0,0.0,18,6,11,41.939902032,-87.806667978,POINT (-87.806667978291 41.939902032359),POINT (1127539.1952526476 1921130.3188401952),2021,3301 N HARLEM AVE
O1188659,DRIVER,069bcda51fc814f9a71c9af040c19161c54745e785522ad482f68d30e75e30b9595ce27690928a076dd7c72d6e96e5176f078c3dcd73aeb0b49c8454919e407f,1127744.0,M,67.0,DID NOT DEPLOY,NONE,NO INDICATION OF INJURY,NONE,UNKNOWN,NORMAL,,,,,2021-09-21 06:50:00,30,RAIN,DAYLIGHT,REAR END,DIVIDED - W/MEDIAN (NOT RAISED),WET,NO DEFECTS,ON SCENE,NO INJURY / DRIVE AWAY,Y,"$501 - $1,500",09/21/2021 06:52:00 AM,UNABLE TO DETERMINE,UNABLE TO DETERMINE,,2,NO INDICATION OF INJURY,0.0,0.0,0.0,0.0,0.0,2.0,0.0,6,3,9,41.837282037,-87.694878759,POINT (-87.694878758869 41.837282036609),POINT (1158231.9067872195 1883942.3613778588),2021,3101 S CALIFORNIA AVE
O1077669,DRIVER,8f7409d2d371bcecf8ad873623531c667c5b9a888cdebd715ce0dd033b01dfddfa4c8c91e4f88814214743e392feb3d2a333e404e084d7df861a8961cac8883d,1022027.0,M,36.0,DID NOT DEPLOY,NONE,NO INDICATION OF INJURY,NONE,NOT OBSCURED,NORMAL,,,,,2021-04-16 17:25:00,30,CLEAR,DAYLIGHT,REAR END,NOT DIVIDED,DRY,UNKNOWN,ON SCENE,INJURY AND / OR TOW DUE TO CRASH,,"OVER $1,500",04/16/2021 05:30:00 PM,UNABLE TO DETERMINE,NOT APPLICABLE,,3,NO INDICATION OF INJURY,0.0,0.0,0.0,0.0,0.0,3.0,0.0,17,6,4,41.952633283,-87.797421163,POINT (-87.797421163037 41.952633283396),POINT (1130025.966405099 1925785.205627495),2021,6829 W IRVING PARK RD
O1098863,DRIVER,743e0c2ee24cd69c04d3fb72e7216b4ec8b469be57ae9ddcf4567e02ad7670a5f17a01de9eb8d5d23de3323ad13ae81fbf1a12b08d9a9766bda415da76db4d02,1042296.0,M,41.0,NOT APPLICABLE,NONE,NO INDICATION OF INJURY,NONE,NOT OBSCURED,UNKNOWN,,,,,2021-05-19 19:00:00,30,UNKNOWN,DAYLIGHT,SIDESWIPE SAME DIRECTION,NOT DIVIDED,UNKNOWN,UNKNOWN,NOT ON SCENE (DESK REPORT),NO INJURY / DRIVE AWAY,Y,"$501 - $1,500",05/20/2021 07:45:00 AM,IMPROPER OVERTAKING/PASSING,UNABLE TO DETERMINE,,2,NO INDICATION OF INJURY,0.0,0.0,0.0,0.0,0.0,3.0,0.0,19,4,5,41.722848567,-87.553362374,POINT (-87.553362373974 41.722848567374),POINT (1197174.2700224563 1842561.9470150105),2021,2910 E 95TH ST
O1225373,DRIVER,1670b80d3a25e96dd780332151558465e538317653813ac27a007ad4f7136a1b78265d46da307586e5d337fff829b9f3fc0302b98d18886312714ed0409c2628,1162843.0,M,22.0,NOT APPLICABLE,NONE,NO INDICATION OF INJURY,UNKNOWN,UNKNOWN,UNKNOWN,,,,,2021-11-11 21:39:00,30,CLEAR,"DARKNESS, LIGHTED ROAD",TURNING,NOT DIVIDED,DRY,UNKNOWN,NOT ON SCENE (DESK REPORT),NO INJURY / DRIVE AWAY,,"$501 - $1,500",11/12/2021 11:45:00 AM,NOT APPLICABLE,NOT APPLICABLE,,2,NO INDICATION OF INJURY,0.0,0.0,0.0,0.0,0.0,2.0,0.0,21,5,11,41.714211932,-87.681709371,POINT (-87.681709370806 41.714211931593),POINT (1162160.4503872322 1839123.5207038808),2021,9843 S WESTERN AVE
O1123067,DRIVER,5cc485931dcd3e2c9f881dc802ac13d5bd04b0f6c0f1e8c01d58f00e94f6f9d61bbfdbe5a0739aed192b37ab3c752653f0dec60a97406a390e5cda67e538d124,1065248.0,F,62.0,DID NOT DEPLOY,NONE,NO INDICATION OF INJURY,IMPROPER TURN,UNKNOWN,NORMAL,,,,,2021-06-19 07:20:00,30,CLEAR,DAYLIGHT,TURNING,FOUR WAY,DRY,NO DEFECTS,NOT ON SCENE (DESK REPORT),NO INJURY / DRIVE AWAY,,"$501 - $1,500",06/21/2021 08:55:00 AM,FAILING TO YIELD RIGHT-OF-WAY,UNABLE TO DETERMINE,,2,NO INDICATION OF INJURY,0.0,0.0,0.0,0.0,0.0,2.0,0.0,7,7,6,41.929300103,-87.645093088,POINT (-87.64509308848 41.929300103133),POINT (1171529.8939784018 1917578.4545701733),2021,658 W WRIGHTWOOD AVE
O1180927,DRIVER,defad7519ed06770480cdd6ea0ecface46fabe9796c76ca19b6cf0ad2fe8d32c003cb547aed1f60467b3704139a433694bf0ae4030821b42393d5d23db19ebc4,1120354.0,F,33.0,DID NOT DEPLOY,NONE,NO INDICATION OF INJURY,OTHER,UNKNOWN,NORMAL,,,,,2021-09-10 15:15:00,30,CLEAR,DAYLIGHT,TURNING,NOT DIVIDED,DRY,UNKNOWN,NOT ON SCENE (DESK REPORT),NO INJURY / DRIVE AWAY,,"$501 - $1,500",09/10/2021 05:57:00 PM,IMPROPER OVERTAKING/PASSING,IMPROPER OVERTAKING/PASSING,,2,NO INDICATION OF INJURY,0.0,0.0,0.0,0.0,0.0,3.0,0.0,15,6,9,41.836730827,-87.727930866,POINT (-87.727930866097 41.836730826828),POINT (1149226.427466804 1883676.2879228578),2021,4127 W 31ST ST
P241226,PASSENGER,47f8a6ab3a1461fd149498bf36573db06a5577d900673ebcb048adca400b7d9fc7600fa8f8dab1c175444d5eebe1b66746f28703cc2b85bdfdcbb52289beeb9f,1018334.0,F,,DEPLOYMENT UNKNOWN,UNKNOWN,NO INDICATION OF INJURY,,,,,,,,2021-04-09 17:50:00,30,CLEAR,DAYLIGHT,REAR END,ONE-WAY,DRY,UNKNOWN,ON SCENE,NO INJURY / DRIVE AWAY,Y,"OVER $1,500",04/09/2021 06:30:00 PM,FAILING TO REDUCE SPEED TO AVOID CRASH,NOT APPLICABLE,,3,NO INDICATION OF INJURY,0.0,0.0,0.0,0.0,0.0,5.0,0.0,17,6,4,41.799456861,-87.591931711,POINT (-87.591931711353 41.799456861025),POINT (1186404.5587948055 1870384.3658990078),2021,5300 S DORCHESTER AVE
O1174765,DRIVER,ea15acd11bd355d0fbb36affe2fa75661a5df8389564cd089d9d3f44bcb46648bd22d22b6bba26709a8f981100c628b15142c0b67df277f5d26ca7dc68ae98ac,1114434.0,M,26.0,DID NOT DEPLOY,NONE,NO INDICATION OF INJURY,NONE,NOT OBSCURED,NORMAL,,,,,2021-09-01 20:13:00,30,CLEAR,DARKNESS,TURNING,Y-INTERSECTION,DRY,NO DEFECTS,ON SCENE,NO INJURY / DRIVE AWAY,,"OVER $1,500",09/01/2021 08:16:00 PM,DISTRACTION - FROM INSIDE VEHICLE,NOT APPLICABLE,,2,NO INDICATION OF INJURY,0.0,0.0,0.0,0.0,0.0,3.0,0.0,20,4,9,41.768383858,-87.626802468,POINT (-87.626802468266 41.768383857633),POINT (1176989.4942472584 1858981.4930593588),2021,6920 S LAFAYETTE AVE
P238066,PASSENGER,cf161fbd7c30719acb5aa58a35230b7ca347fb6ac33997a3991e7fdb96ed29cfe9568b7e93e013ed2d237fffbc4215c2a7828dae9eb54af1080a68d34221c7bc,1004359.0,F,70.0,DID NOT DEPLOY,NONE,NO INDICATION OF INJURY,,,,,,,,2021-03-15 10:30:00,30,CLOUDY/OVERCAST,DAYLIGHT,TURNING,T-INTERSECTION,DRY,NO DEFECTS,ON SCENE,NO INJURY / DRIVE AWAY,,"OVER $1,500",03/15/2021 02:43:00 PM,UNABLE TO DETERMINE,UNABLE TO DETERMINE,,2,NO INDICATION OF INJURY,0.0,0.0,0.0,0.0,0.0,4.0,0.0,10,2,3,41.832127133,-87.695021464,POINT (-87.695021463612 41.832127132976),POINT (1158206.9773508986 1882063.646949456),2021,3400 S CALIFORNIA AVE
O1116327,DRIVER,bb2517fb740e5fb9bd3f155b99fadd81a501406e6c3ad22bc0c66da3ae6e14c70484c4a9aba315726cd5c23129f9d79b1121bd84c3af48c3cce4c094dba5a003,1058889.0,F,53.0,DEPLOYMENT UNKNOWN,UNKNOWN,NO INDICATION OF INJURY,IMPROPER TURN,UNKNOWN,UNKNOWN,,,,Y,2021-06-12 12:30:00,30,CLEAR,DAYLIGHT,TURNING,FOUR WAY,DRY,UNKNOWN,NOT ON SCENE (DESK REPORT),NO INJURY / DRIVE AWAY,,"OVER $1,500",06/12/2021 03:45:00 PM,IMPROPER TURNING/NO SIGNAL,IMPROPER LANE USAGE,,2,NO INDICATION OF INJURY,0.0,0.0,0.0,0.0,0.0,3.0,0.0,12,7,6,41.926005042,-87.631304336,POINT (-87.631304335946 41.926005041975),POINT (1175291.8596634632 1916408.147182365),2021,75 W FULLERTON DR
O1117906,DRIVER,19827f956b4e0be53cd6d0788736065ea735f19f843309b11ce8f6113a053481fc9752c6e5aef7f79b95d92e471b40f721ae55a72a896fd935b1cc0aee419982,1060377.0,F,,NOT APPLICABLE,NONE,NO INDICATION OF INJURY,NONE,UNKNOWN,NORMAL,,,,,2021-06-14 11:30:00,20,CLEAR,DAYLIGHT,ANGLE,NOT DIVIDED,DRY,NO DEFECTS,NOT ON SCENE (DESK REPORT),NO INJURY / DRIVE AWAY,,"$501 - $1,500",06/14/2021 05:00:00 PM,UNABLE TO DETERMINE,NOT APPLICABLE,,2,NO INDICATION OF INJURY,0.0,0.0,0.0,0.0,0.0,2.0,0.0,11,2,6,41.952993555,-87.788594921,POINT (-87.788594920811 41.952993554644),POINT (1132426.006986314 1925931.625959189),2021,6456 W IRVING PARK RD
O1024477,DRIVER,dd76c809f574bc0afc4192a36a7a61ac7a989dcf5144fa539902e59cd4aad6385a324e54708a637b961e48a3ef429b70b515c920c5c80d760f12f839b19f2dff,970970.0,X,,DEPLOYMENT UNKNOWN,UNKNOWN,NO INDICATION OF INJURY,UNKNOWN,UNKNOWN,UNKNOWN,,,,Y,2021-01-14 16:30:00,30,RAIN,DAYLIGHT,PEDESTRIAN,NOT DIVIDED,WET,UNKNOWN,ON SCENE,INJURY AND / OR TOW DUE TO CRASH,Y,$500 OR LESS,01/14/2021 04:32:00 PM,UNABLE TO DETERMINE,UNABLE TO DETERMINE,,2,INCAPACITATING INJURY,1.0,0.0,1.0,0.0,0.0,1.0,0.0,16,5,1,41.873897322,-87.735375571,POINT (-87.735375571169 41.873897321577),POINT (1147103.369921257 1897205.429650916),2021,508 S KOSTNER AVE
O1091526,DRIVER,2939c4621feae977967ac72883f63640d96d6bc8e794d5a291c132a1a0e61c7613d32046f23caa68d56ffd0f021d012d25d48a28f549dfadd70231b41dfdcff1,1035277.0,M,53.0,NOT APPLICABLE,NONE,NO INDICATION OF INJURY,NONE,NOT OBSCURED,NORMAL,,,,Y,2021-05-08 15:52:00,20,CLEAR,DAYLIGHT,SIDESWIPE SAME DIRECTION,CENTER TURN LANE,DRY,NO DEFECTS,ON SCENE,INJURY AND / OR TOW DUE TO CRASH,,"OVER $1,500",05/08/2021 04:43:00 PM,UNABLE TO DETERMINE,UNABLE TO DETERMINE,,2,NO INDICATION OF INJURY,0.0,0.0,0.0,0.0,0.0,3.0,0.0,15,7,5,41.736754125,-87.605209243,POINT (-87.605209242848 41.736754125031),POINT (1182977.6383509315 1847505.0169521451),2021,750 E 87TH ST
P274624,PASSENGER,883d263b0f08e69c10e5fc46abf6205d2d0c7f19139547144c301313612b748546a3e05a7278c39059cb26673273b353cba66cf89616bdc056699b12333ec4de,1163883.0,X,,NOT APPLICABLE,NONE,NO INDICATION OF INJURY,,,,,,,,2021-11-13 19:30:00,30,CLEAR,DARKNESS,PARKED MOTOR VEHICLE,PARKING LOT,DRY,NO DEFECTS,ON SCENE,NO INJURY / DRIVE AWAY,Y,"OVER $1,500",11/13/2021 07:40:00 PM,UNABLE TO DETERMINE,UNABLE TO DETERMINE,,2,NO INDICATION OF INJURY,0.0,0.0,0.0,0.0,0.0,3.0,0.0,19,7,11,41.866532872,-87.702162905,POINT (-87.702162905419 41.866532872178),POINT (1156168.5873918924 1894586.603908642),2021,1156 S WHIPPLE ST
P275805,PASSENGER,a5b629ef76ecbc98a4ca0e9bf9c317fc39d3aa25d7be97ee634a2399316280f7ada3d9c33d8e02c3cd0ef27da826050128130f15357e04c354a1cba83ce4c044,1169249.0,M,29.0,NOT APPLICABLE,NONE,NO INDICATION OF INJURY,,,,,,,,2021-11-22 09:54:00,35,CLEAR,DAYLIGHT,SIDESWIPE OPPOSITE DIRECTION,NOT DIVIDED,DRY,NO DEFECTS,ON SCENE,NO INJURY / DRIVE AWAY,Y,"OVER $1,500",11/22/2021 09:54:00 AM,DISREGARDING TRAFFIC SIGNALS,UNABLE TO DETERMINE,,2,NO INDICATION OF INJURY,0.0,0.0,0.0,0.0,0.0,4.0,0.0,9,2,11,41.793658483,-87.659865916,POINT (-87.659865916322 41.793658482756),POINT (1167897.704166227 1868119.0246220639),2021,5500 S LOOMIS BLVD
P273206,PASSENGER,2313cb799f928d7d791271230b12aade853042106c87ae5c1401d37b62a34907fd14a2f64f6f8bea50563b72843186b0424c0537f191d483732e91ba0ca5f3ef,1157454.0,M,61.0,NOT APPLICABLE,NONE,NO INDICATION OF INJURY,,,,,,,,2021-11-03 14:01:00,30,CLEAR,DAYLIGHT,PARKED MOTOR VEHICLE,NOT DIVIDED,DRY,NO DEFECTS,NOT ON SCENE (DESK REPORT),NO INJURY / DRIVE AWAY,,"OVER $1,500",11/03/2021 02:45:00 PM,IMPROPER OVERTAKING/PASSING,NOT APPLICABLE,,2,NO INDICATION OF INJURY,0.0,0.0,0.0,0.0,0.0,2.0,0.0,14,4,11,41.874016335,-87.670260828,POINT (-87.670260828397 41.874016335282),POINT (1164837.0721549774 1897379.0682919018),2021,1725 W HARRISON ST
O1119117,DRIVER,f5583ad81084b2857499389eecee74d89dfffe06393fd6e13dc5113c44de57753fad6c3c010c2369bf027dd8f58b78394b65fbe96b3ecfcf09e2b82d166881b9,1061505.0,M,83.0,NOT APPLICABLE,NONE,NO INDICATION OF INJURY,NONE,NOT OBSCURED,NORMAL,,,,,2021-06-16 08:55:00,30,CLEAR,DAYLIGHT,REAR END,DIVIDED - W/MEDIAN (NOT RAISED),DRY,UNKNOWN,NOT ON SCENE (DESK REPORT),INJURY AND / OR TOW DUE TO CRASH,,"OVER $1,500",06/16/2021 09:20:00 AM,FOLLOWING TOO CLOSELY,NOT APPLICABLE,,2,NO INDICATION OF INJURY,0.0,0.0,0.0,0.0,0.0,2.0,0.0,8,4,6,41.94716643,-87.674063316,POINT (-87.674063315776 41.947166429533),POINT (1163596.5783117183 1924027.041813205),2021,3604 N LINCOLN AVE
P257211,PASSENGER,50a8bbb771c67f067370902cb8cea87189acb03f4141df40768b31a98e0a09682fc0240a5e3a13ff532ce0dd448905a305125a9b8e82e438b2ec40c50eefb6e1,1087170.0,,,DEPLOYMENT UNKNOWN,NONE,NO INDICATION OF INJURY,,,,,,,,2021-07-23 19:10:00,10,CLEAR,DAYLIGHT,PARKED MOTOR VEHICLE,PARKING LOT,WET,NO DEFECTS,ON SCENE,INJURY AND / OR TOW DUE TO CRASH,Y,"OVER $1,500",07/23/2021 07:12:00 PM,"OPERATING VEHICLE IN ERRATIC, RECKLESS, CARELESS, NEGLIGENT OR AGGRESSIVE MANNER",IMPROPER BACKING,,4,NO INDICATION OF INJURY,0.0,0.0,0.0,0.0,0.0,3.0,0.0,19,6,7,41.869531089,-87.64388153,POINT (-87.643881530117 41.869531089373),POINT (1172034.6108193968 1895801.2556590193),2021,1004 S DESPLAINES ST
O1154686,DRIVER,9f9db72e5f1c6a2dd8b44e69d3aec3b6c0573376e35dda60cdd65c48ed7cb693cf668a44f4cfc640413288fdbad5177c7d8f9a5ba122ad10462e5d1cda9647c2,1095271.0,M,,DEPLOYMENT UNKNOWN,NONE,NO INDICATION OF INJURY,UNKNOWN,UNKNOWN,UNKNOWN,,,,,2021-08-04 13:03:00,45,CLEAR,DAYLIGHT,SIDESWIPE SAME DIRECTION,DIVIDED - W/MEDIAN (NOT RAISED),DRY,NO DEFECTS,ON SCENE,NO INJURY / DRIVE AWAY,Y,"OVER $1,500",08/04/2021 01:08:00 PM,DRIVING SKILLS/KNOWLEDGE/EXPERIENCE,NOT APPLICABLE,,3,NO INDICATION OF INJURY,0.0,0.0,0.0,0.0,0.0,3.0,0.0,13,4,8,41.748707558,-87.741172791,POINT (-87.741172791024 41.748707557862),POINT (1145838.8275899317 1851576.08430266),2021,7919 S CICERO AVE
P244565,PASSENGER,d72fdf2f6edc1b8c872517e860cddfd9507acf7dbabb146976e1e8111aae097796b51495dba5ba01dbf0240d5560d240f76e63d6a320d0564872ca3adbd93648,1034026.0,X,,DID NOT DEPLOY,NONE,NO INDICATION OF INJURY,,,,,,,,2021-05-06 01:00:00,30,CLEAR,DARKNESS,PARKED MOTOR VEHICLE,NOT DIVIDED,UNKNOWN,UNKNOWN,NOT ON SCENE (DESK REPORT),NO INJURY / DRIVE AWAY,N,"$501 - $1,500",05/06/2021 06:04:00 PM,UNABLE TO DETERMINE,UNABLE TO DETERMINE,,2,NO INDICATION OF INJURY,0.0,0.0,0.0,0.0,0.0,6.0,0.0,1,5,5,41.857888101,-87.6562803,POINT (-87.65628029976 41.857888100647),POINT (1168691.0247390608 1891531.6943605065),2021,1801 S RACINE AVE
P252933,PASSENGER,3faa108088bf8f26a1c42fb2e9aec4fae18caa28e2cd106b622c5f769cbf014d8e02e651793751305918734a17a703f9ddcc6b112085d60c465c8f89ea5bc4a5,1068799.0,M,6.0,DID NOT DEPLOY,NONE,"REPORTED, NOT EVIDENT",,,,,,,,2021-06-26 11:28:00,30,CLOUDY/OVERCAST,DAYLIGHT,REAR END,DIVIDED - W/MEDIAN (NOT RAISED),DRY,NO DEFECTS,ON SCENE,INJURY AND / OR TOW DUE TO CRASH,,"OVER $1,500",06/26/2021 11:32:00 AM,FAILING TO REDUCE SPEED TO AVOID CRASH,DISTRACTION - FROM INSIDE VEHICLE,,2,NONINCAPACITATING INJURY,5.0,0.0,0.0,1.0,4.0,0.0,0.0,11,7,6,41.764012004,-87.722205933,POINT (-87.7222059328 41.764012004448),POINT (1150974.9128433657 1857189.0721523066),2021,7101 S PULASKI RD
P265748,PASSENGER,44f34e1f6366759597f50731d237b11efdca8c6dd7bb925acd4a19abb00ee80eaa3b933312fb4e7ec3bf5116d4bb668ee6c5ac99afc5012e159553c3f261f389,1124273.0,X,,DID NOT DEPLOY,NONE,NO INDICATION OF INJURY,,,,,,,,2021-09-15 18:10:00,30,UNKNOWN,UNKNOWN,REAR END,UNKNOWN,UNKNOWN,OTHER,NOT ON SCENE (DESK REPORT),NO INJURY / DRIVE AWAY,,"$501 - $1,500",09/16/2021 03:35:00 PM,UNABLE TO DETERMINE,NOT APPLICABLE,,2,NO INDICATION OF INJURY,0.0,0.0,0.0,0.0,0.0,5.0,0.0,18,4,9,41.989003468,-87.669082244,POINT (-87.669082244321 41.989003468279),POINT (1164833.4266363734 1939283.105919656),2021,5900 N RIDGE AVE
O1106969,DRIVER,357cbbe0f2dd69842255d2bbf1bb9c7e05877d0aa05cc7c9b4188883300726d5219aa64849dc92675b6f59cb0677d7e42bd9fb92fd5f19318008dda5e3072e72,1050069.0,F,44.0,NOT APPLICABLE,NONE,NONINCAPACITATING INJURY,UNKNOWN,UNKNOWN,NORMAL,,,,,2021-05-31 12:54:00,30,CLEAR,DAYLIGHT,TURNING,NOT DIVIDED,DRY,NO DEFECTS,ON SCENE,INJURY AND / OR TOW DUE TO CRASH,,"OVER $1,500",05/31/2021 12:55:00 PM,UNABLE TO DETERMINE,NOT APPLICABLE,,3,NONINCAPACITATING INJURY,1.0,0.0,0.0,1.0,0.0,2.0,0.0,12,2,5,41.68869768,-87.700572194,POINT (-87.700572193951 41.688697680404),POINT (1157078.6867168732 1829788.0367252177),2021,11235 S KEDZIE AVE
O1238245,DRIVER,ab1da0b72215cf4e51ab7a9e2018cabbf137ff076e4ec1990cf47db8895f2d78c173a20c824006d9b6b0ea539c29c21be302418e404643a33a3fbff536c434e9,1175220.0,F,35.0,DID NOT DEPLOY,NONE,NO INDICATION OF INJURY,NONE,UNKNOWN,NORMAL,,,,,2021-12-02 18:00:00,30,CLEAR,"DARKNESS, LIGHTED ROAD",TURNING,DIVIDED - W/MEDIAN (NOT RAISED),DRY,UNKNOWN,ON SCENE,INJURY AND / OR TOW DUE TO CRASH,,"OVER $1,500",12/02/2021 06:07:00 PM,FAILING TO YIELD RIGHT-OF-WAY,NOT APPLICABLE,,2,NO INDICATION OF INJURY,0.0,0.0,0.0,0.0,0.0,2.0,0.0,18,5,12,41.979428255,-87.659805855,POINT (-87.659805854713 41.979428254922),POINT (1167382.7587465504 1935813.542230498),2021,5343 N BROADWAY