PERSON_ID,PERSON_TYPE,CRASH_RECORD_ID,VEHICLE_ID,SEX,AGE,AIRBAG_DEPLOYED,EJECTION,INJURY_CLASSIFICATION,DRIVER_ACTION,DRIVER_VISION,PHYSICAL_CONDITION,PEDPEDAL_ACTION,PEDPEDAL_VISIBILITY,PEDPEDAL_LOCATION,CRASH_DATE_EST_I,CRASH_DATE,POSTED_SPEED_LIMIT,WEATHER_CONDITION,LIGHTING_CONDITION,FIRST_CRASH_TYPE,TRAFFICWAY_TYPE,ROADWAY_SURFACE_COND,ROAD_DEFECT,REPORT_TYPE,CRASH_TYPE,HIT_AND_RUN_I,DAMAGE,DATE_POLICE_NOTIFIED,PRIM_CONTRIBUTORY_CAUSE,SEC_CONTRIBUTORY_CAUSE,DOORING_I,NUM_UNITS,MOST_SEVERE_INJURY,INJURIES_TOTAL,INJURIES_FATAL,INJURIES_INCAPACITATING,INJURIES_NON_INCAPACITATING,INJURIES_REPORTED_NOT_EVIDENT,INJURIES_NO_INDICATION,INJURIES_UNKNOWN,CRASH_HOUR,CRASH_DAY_OF_WEEK,CRASH_MONTH,LATITUDE,LONGITUDE,LOCATION,geometry,YEAR,ADDRESS
O1225285,DRIVER,31edd1ebdfa39f759a6a83deb00f9eb9fcd696de9ad7e30b62fe43e960edc1af7a21cf9ae78821b10f867a86f725738b39d59c9bb6151ec355dd942eba53e132,1162747.0,X,,DEPLOYMENT UNKNOWN,NONE,NO INDICATION OF INJURY,TOO FAST FOR CONDITIONS,UNKNOWN,UNKNOWN,,,,,2021-11-12 06:01:00,35,CLEAR,DUSK,REAR END,NOT DIVIDED,WET,NO DEFECTS,ON SCENE,INJURY AND / OR TOW DUE TO CRASH,Y,"OVER $1,500",11/12/2021 06:03:00 AM,FAILING TO REDUCE SPEED TO AVOID CRASH,NOT APPLICABLE,,2,"REPORTED, NOT EVIDENT",1.0,0.0,0.0,0.0,1.0,1.0,0.0,6,6,11,41.894761647,-87.745652942,POINT (-87.745652941983 41.894761646682),POINT (1144252.2588239338 1904789.028166435),2021,753 N CICERO AVE
O1086331,DRIVER,f5fbed33e3d59b2dbe3cb076701ca5d8f11843d264875f19a3aa6f2d8ec86e5ec1023b15c42fc000f2622f7d39f1b2d74a516d7a5ecda8318c5cb139a304f635,1030292.0,F,54.0,NOT APPLICABLE,NONE,NO INDICATION OF INJURY,NONE,NOT OBSCURED,NORMAL,,,,,2021-04-30 21:50:00,30,CLEAR,DAYLIGHT,REAR END,DIVIDED - W/MEDIAN (NOT RAISED),WET,NO DEFECTS,NOT ON SCENE (DESK REPORT),NO INJURY / DRIVE AWAY,,"OVER $1,500",05/01/2021 08:50:00 AM,UNABLE TO DETERMINE,UNABLE TO DETERMINE,,2,NO INDICATION OF INJURY,0.0,0.0,0.0,0.0,0.0,2.0,0.0,21,6,4,41.876388793,-87.658253754,POINT (-87.658253754488 41.876388792802),POINT (1168100.4026130699 1898269.0796073268),2021,1231 W VAN BUREN ST
O1054563,DRIVER,073baa2a7630ebf16c5666365181b8a41f389fffee66e83a430f8c14213cf87ccda5b93fcd6b3510072de0e4217e3fa05bd2af674df0f893d111c558427c55fd,999939.0,M,19.0,DID NOT DEPLOY,NONE,NO INDICATION OF INJURY,UNKNOWN,NOT OBSCURED,NORMAL,,,,,2021-03-06 16:05:00,30,CLEAR,DAYLIGHT,TURNING,T-INTERSECTION,DRY,NO DEFECTS,NOT ON SCENE (DESK REPORT),NO INJURY / DRIVE AWAY,,"$501 - $1,500",03/06/2021 05:00:00 PM,UNABLE TO DETERMINE,UNABLE TO DETERMINE,,2,NO INDICATION OF INJURY,0.0,0.0,0.0,0.0,0.0,2.0,0.0,16,7,3,41.884809888,-87.713708373,POINT (-87.71370837284 41.884809888096),POINT (1152975.7318838835 1901223.806792742),2021,200 N ST LOUIS AVE
O1076342,DRIVER,b29142134b032b1a2929b2f3566d78645d8f218703290fe9288cf3ebca28c3a14aff5ba034300d9b395e58a806a233d1ee0c18731cba4bfd0b4bd210f42b6dc2,1020771.0,F,22.0,NOT APPLICABLE,NONE,NO INDICATION OF INJURY,NONE,NOT OBSCURED,NORMAL,,,,,2021-04-14 09:30:00,30,CLEAR,DAYLIGHT,ANGLE,NOT DIVIDED,DRY,NO DEFECTS,ON SCENE,INJURY AND / OR TOW DUE TO CRASH,,"OVER $1,500",04/14/2021 09:35:00 AM,NOT APPLICABLE,DISREGARDING STOP SIGN,,3,NONINCAPACITATING INJURY,1.0,0.0,0.0,1.0,0.0,3.0,0.0,9,4,4,41.846184197,-87.708889914,POINT (-87.70888991435 41.846184197343),POINT (1154390.1983736395 1887158.2060432162),2021,2500 S CHRISTIANA AVE
O1252179,DRIVER,d9be27017371bbc45a687d031a512eaa6e3400d0873a9dcf9a77b920fe02cbb9f13b221b4f36fc224c44cdd6785729df7c3660c4b1c1e78bb2e320aa4211d0f4,1188552.0,M,37.0,DID NOT DEPLOY,NONE,NO INDICATION OF INJURY,FAILED TO YIELD,UNKNOWN,NORMAL,,,,,2021-12-24 18:00:00,30,CLEAR,"DARKNESS, LIGHTED ROAD",ANGLE,NOT DIVIDED,WET,UNKNOWN,ON SCENE,INJURY AND / OR TOW DUE TO CRASH,,"OVER $1,500",12/24/2021 06:15:00 PM,FAILING TO YIELD RIGHT-OF-WAY,UNABLE TO DETERMINE,,2,NO INDICATION OF INJURY,0.0,0.0,0.0,0.0,0.0,3.0,0.0,18,6,12,41.793260945,-87.729228405,POINT (-87.729228405132 41.793260945005),POINT (1148984.193688437 1867833.6200790678),2021,4226 W 55TH ST
O1097608,DRIVER,24c6d91371a2dc7eb6b6575f2ff6d779c3677fcce5d792806c0c27768d71107bdb46eaaf0c4daed573f22debab32cb057b74a56847cc3b9a2fb6898fb78f8e83,1041114.0,M,39.0,DID NOT DEPLOY,NONE,NO INDICATION OF INJURY,NONE,NOT OBSCURED,NORMAL,,,,,2021-05-14 14:00:00,30,CLEAR,DAYLIGHT,REAR END,DIVIDED - W/MEDIAN (NOT RAISED),DRY,NO DEFECTS,ON SCENE,NO INJURY / DRIVE AWAY,,"$501 - $1,500",05/14/2021 02:05:00 PM,UNABLE TO DETERMINE,UNABLE TO DETERMINE,,2,NO INDICATION OF INJURY,0.0,0.0,0.0,0.0,0.0,3.0,0.0,14,6,5,41.743172453,-87.54529729,POINT (-87.545297290147 41.743172453101),POINT (1199308.1657550524 1849987.8358168076),2021,8355 S BURLEY AVE
O1112993,DRIVER,13f0fef5023887a9aafb2256e5f865879f952967b2585cb4925d7b779c98506a56e7234342cffeef655909b3daf1a81d99d536bc22d3a55d10ce5142b9468487,1055850.0,M,51.0,DID NOT DEPLOY,NONE,NO INDICATION OF INJURY,FAILED TO YIELD,UNKNOWN,NORMAL,,,,,2021-06-08 14:14:00,30,CLEAR,DAYLIGHT,TURNING,CENTER TURN LANE,DRY,NO DEFECTS,ON SCENE,INJURY AND / OR TOW DUE TO CRASH,,"OVER $1,500",06/08/2021 02:14:00 PM,FAILING TO YIELD RIGHT-OF-WAY,NOT APPLICABLE,,2,NO INDICATION OF INJURY,0.0,0.0,0.0,0.0,0.0,3.0,0.0,14,3,6,41.685271223,-87.620947158,POINT (-87.620947158386 41.685271222904),POINT (1178837.4535651202 1828709.2809238716),2021,11500 S MICHIGAN AVE
O1035387,DRIVER,2b547b9ec973e95dbd5a9fc318d9c90dfe010dc59c263f2c728657008b0470992746f0e3bc59056609fd4f28c43cd876a4986d78262f2241d889f2def6e2f0b9,981407.0,M,31.0,NOT APPLICABLE,NONE,NO INDICATION OF INJURY,FAILED TO YIELD,NOT OBSCURED,NORMAL,,,,,2021-02-03 14:30:00,25,SNOW,DAYLIGHT,PARKED MOTOR VEHICLE,ONE-WAY,SNOW OR SLUSH,NO DEFECTS,NOT ON SCENE (DESK REPORT),INJURY AND / OR TOW DUE TO CRASH,,"OVER $1,500",02/04/2021 09:30:00 AM,FAILING TO YIELD RIGHT-OF-WAY,NOT APPLICABLE,,2,"REPORTED, NOT EVIDENT",1.0,0.0,0.0,0.0,1.0,1.0,0.0,14,4,2,41.899449615,-87.758318102,POINT (-87.758318101531 41.899449615075),POINT (1140792.5718202912 1906473.956419856),2021,1028 N LOCKWOOD AVE
O1238541,DRIVER,15a31acab3290dde10a8483c5a05d49d21d97286a8a208f5530ded4fdc83d825edc7433169de72d6b6c21a810004aaa7d3b74a1a74fa12e82d8baa4d0650fcac,1175549.0,M,32.0,"DEPLOYED, FRONT",NONE,NO INDICATION OF INJURY,UNKNOWN,UNKNOWN,NORMAL,,,,,2021-12-03 09:30:00,30,CLEAR,DAYLIGHT,REAR END,CENTER TURN LANE,DRY,NO DEFECTS,ON SCENE,INJURY AND / OR TOW DUE TO CRASH,Y,"OVER $1,500",12/03/2021 09:35:00 AM,UNABLE TO DETERMINE,UNABLE TO DETERMINE,,3,NO INDICATION OF INJURY,0.0,0.0,0.0,0.0,0.0,3.0,0.0,9,6,12,41.768636785,-87.664051379,POINT (-87.664051378811 41.768636785294),POINT (1166827.331901418 1858992.3867180613),2021,6858 S ASHLAND AVE
P276540,PASSENGER,d158d1749a64a55446e527e728ebb6b1842943123ff6aa0f2f05ee120d46fb5661fd468d8138675251473fd8429bf12b417da5f07db44bdf9d6879fdc7f4dc1e,1172667.0,M,52.0,DID NOT DEPLOY,UNKNOWN,NO INDICATION OF INJURY,,,,,,,,2021-11-28 08:38:00,30,CLEAR,DAYLIGHT,ANGLE,ONE-WAY,DRY,NO DEFECTS,ON SCENE,INJURY AND / OR TOW DUE TO CRASH,,"OVER $1,500",11/28/2021 08:38:00 AM,DISREGARDING TRAFFIC SIGNALS,FAILING TO REDUCE SPEED TO AVOID CRASH,,2,NONINCAPACITATING INJURY,1.0,0.0,0.0,1.0,0.0,2.0,0.0,8,1,11,41.894914499,-87.628301128,POINT (-87.62830112814 41.894914498943),POINT (1176202.2478702783 1905085.4232513392),2021,700 N STATE ST
O1224323,DRIVER,bf29bf5af64dcbc1ae8841d8b9266902b4ee78ed1bdfee4f400efe9e1801978fae39a10d721dc9534b09a9a23d8f7c783e649090afce3ca0634782a2b18d4675,1161808.0,F,35.0,DID NOT DEPLOY,NONE,NO INDICATION OF INJURY,IMPROPER BACKING,NOT OBSCURED,NORMAL,,,,,2021-11-10 16:00:00,30,CLEAR,DAYLIGHT,PARKED MOTOR VEHICLE,NOT DIVIDED,DRY,NO DEFECTS,NOT ON SCENE (DESK REPORT),NO INJURY / DRIVE AWAY,,"$501 - $1,500",11/10/2021 04:15:00 PM,FOLLOWING TOO CLOSELY,NOT APPLICABLE,,2,NO INDICATION OF INJURY,0.0,0.0,0.0,0.0,0.0,1.0,0.0,16,4,11,41.935631858,-87.644398079,POINT (-87.644398078748 41.935631857668),POINT (1171700.4763369386 1919887.2799000784),2021,2924 N BROADWAY
O1197975,DRIVER,1f5c6f9e8512b1970ca8b209d72d4633fdad4efcb8665b980597f0a68c2833e20e37e0350ceda5bd367d098a8a894147fe49e3deef7972d5195667c0c1b700e7,1136665.0,M,35.0,DID NOT DEPLOY,NONE,NO INDICATION OF INJURY,UNKNOWN,UNKNOWN,NORMAL,,,,,2021-10-02 19:00:00,30,CLEAR,DAYLIGHT,SIDESWIPE SAME DIRECTION,NOT DIVIDED,DRY,NO DEFECTS,NOT ON SCENE (DESK REPORT),NO INJURY / DRIVE AWAY,,"OVER $1,500",10/03/2021 12:20:00 PM,UNABLE TO DETERMINE,NOT APPLICABLE,,2,NO INDICATION OF INJURY,0.0,0.0,0.0,0.0,0.0,2.0,0.0,19,7,10,41.924594566,-87.72671052,POINT (-87.726710520322 41.924594566385),POINT (1149332.67214989 1915696.0474295947),2021,3958 W FULLERTON AVE
P268995,PASSENGER,9ce37e1392b980dc3e9ea59a14fd4121d76d6158fcb4568ff2ee8fb5577a6c56bf833ba8229c8f29481789bd093011a80d2ecca3dfea44bd7652b0912856cc48,1139232.0,M,28.0,NOT APPLICABLE,NONE,NO INDICATION OF INJURY,,,,,,,,2021-10-07 23:50:00,30,RAIN,"DARKNESS, LIGHTED ROAD",REAR TO FRONT,CENTER TURN LANE,WET,NO DEFECTS,ON SCENE,NO INJURY / DRIVE AWAY,,"OVER $1,500",10/07/2021 11:50:00 PM,IMPROPER BACKING,WEATHER,,2,NO INDICATION OF INJURY,0.0,0.0,0.0,0.0,0.0,3.0,0.0,23,5,10,41.883254565,-87.66672363,POINT (-87.666723630079 41.883254564577),POINT (1165774.2820858562 1900752.9300870956),2021,99 N ASHLAND AVE
O1131532,DRIVER,b77f321e2feec28fa5204dbc2acaa8922851f531a337808ae4dfc8e5de474b337ea96fc13fca042440d90ae06dadddcffea06d11c9319f62a3b36669d1405cab,1073342.0,X,,DEPLOYMENT UNKNOWN,NONE,NO INDICATION OF INJURY,UNKNOWN,UNKNOWN,UNKNOWN,,,,,2021-07-02 20:49:00,30,CLEAR,DAYLIGHT,PARKED MOTOR VEHICLE,NOT DIVIDED,DRY,NO DEFECTS,ON SCENE,NO INJURY / DRIVE AWAY,Y,"$501 - $1,500",07/02/2021 09:05:00 PM,UNABLE TO DETERMINE,UNABLE TO DETERMINE,,2,NO INDICATION OF INJURY,0.0,0.0,0.0,0.0,0.0,1.0,0.0,20,6,7,41.753227468,-87.549187325,POINT (-87.549187324608 41.753227468305),POINT (1198213.1608315292 1853642.102110816),2021,7849 S SOUTH SHORE DR
O1177405,DRIVER,e3b7565001d4474259f0817fc624219ec6b22bec1ca1170e6dfa5bcad5150c139b426fc49e1df0fc476bda4266d5fe22830ad491fd8384ad9df9864f170afb23,1116962.0,M,,DEPLOYMENT UNKNOWN,NONE,NO INDICATION OF INJURY,IMPROPER BACKING,UNKNOWN,UNKNOWN,,,,,2021-09-04 20:05:00,30,CLEAR,DAYLIGHT,REAR TO FRONT,NOT DIVIDED,DRY,NO DEFECTS,NOT ON SCENE (DESK REPORT),NO INJURY / DRIVE AWAY,Y,"OVER $1,500",09/05/2021 07:05:00 PM,UNABLE TO DETERMINE,NOT APPLICABLE,,2,NO INDICATION OF INJURY,0.0,0.0,0.0,0.0,0.0,2.0,0.0,20,7,9,42.000595362,-87.660865772,POINT (-87.660865772271 42.000595362291),POINT (1167033.996849539 1943524.6960597758),2021,6512 N SHERIDAN RD
O1221854,DRIVER,3e202b405c523fc6e7f992842ba12fdbdbb159405b5e83ed3dae5135379d7d13d32dbeeed6ceab8159c127b3244125b15cb27c3c06dfaba85aee11339e25d1e2,1159450.0,F,,DID NOT DEPLOY,NONE,NO INDICATION OF INJURY,NONE,NOT OBSCURED,NORMAL,,,,,2021-11-06 14:30:00,30,CLEAR,DAYLIGHT,SIDESWIPE SAME DIRECTION,DIVIDED - W/MEDIAN BARRIER,DRY,NO DEFECTS,NOT ON SCENE (DESK REPORT),NO INJURY / DRIVE AWAY,,"OVER $1,500",11/06/2021 02:55:00 PM,IMPROPER OVERTAKING/PASSING,DRIVING SKILLS/KNOWLEDGE/EXPERIENCE,,2,NO INDICATION OF INJURY,0.0,0.0,0.0,0.0,0.0,2.0,0.0,14,7,11,41.793948402,-87.681339724,POINT (-87.68133972357 41.793948402256),POINT (1162041.1852298682 1868179.5272929966),2021,2300 W GARFIELD BLVD
O1093664,DRIVER,34cf8c5090283efbec111ab707411c3c458c10c526f208598badcd4cc4074443d0205c74fe2e5d435085e90251a5ec4beaa98efefa82483ef5fe8da42f2ffa17,1037314.0,M,,DEPLOYMENT UNKNOWN,NONE,NO INDICATION OF INJURY,IMPROPER BACKING,UNKNOWN,UNKNOWN,,,,,2021-05-11 23:10:00,30,CLEAR,"DARKNESS, LIGHTED ROAD",REAR TO FRONT,DIVIDED - W/MEDIAN (NOT RAISED),DRY,UNKNOWN,NOT ON SCENE (DESK REPORT),NO INJURY / DRIVE AWAY,Y,"OVER $1,500",05/11/2021 11:30:00 PM,IMPROPER BACKING,NOT APPLICABLE,,2,NO INDICATION OF INJURY,0.0,0.0,0.0,0.0,0.0,2.0,0.0,23,3,5,41.891944192,-87.618433925,POINT (-87.61843392515 41.891944192153),POINT (1178897.7288829256 1904025.2731382719),2021,344 E GRAND AVE
O1172250,DRIVER,1a1f5f7acc35744802c862d3e890db141a9bc6f17060c1b369dbc483cc4572d10a1bf95951013af9c3b63b5dd2735d8e98701ae397f3be78df23a717aff6cc9f,1112025.0,F,35.0,DID NOT DEPLOY,NONE,NO INDICATION OF INJURY,NONE,NOT OBSCURED,NORMAL,,,,,2021-08-29 17:00:00,30,CLEAR,DAYLIGHT,REAR END,NOT DIVIDED,DRY,NO DEFECTS,NOT ON SCENE (DESK REPORT),NO INJURY / DRIVE AWAY,,"OVER $1,500",08/29/2021 05:27:00 PM,FOLLOWING TOO CLOSELY,NOT APPLICABLE,,2,NO INDICATION OF INJURY,0.0,0.0,0.0,0.0,0.0,2.0,0.0,17,1,8,41.890569355,-87.685574249,POINT (-87.685574248532 41.890569355413),POINT (1160620.9306364777 1903379.124170428),2021,2333 W GRAND AVE
O1230512,DRIVER,559df63f9b9bd49eb9e3bd8d9729ec2acf9712e7d4c3e60cf12d88b0a5f01c7e0d6ef3caf37a8fe0536214fbc2e2314ad1fd506ea1f3b784a2934ea558c4cad5,1167743.0,M,38.0,DID NOT DEPLOY,NONE,NO INDICATION OF INJURY,NONE,NOT OBSCURED,NORMAL,,,,,2021-11-19 19:35:00,30,CLEAR,"DARKNESS, LIGHTED ROAD",REAR END,DIVIDED - W/MEDIAN (NOT RAISED),DRY,NO DEFECTS,NOT ON SCENE (DESK REPORT),NO INJURY / DRIVE AWAY,,"OVER $1,500",11/19/2021 08:00:00 PM,UNABLE TO DETERMINE,UNABLE TO DETERMINE,,2,NO INDICATION OF INJURY,0.0,0.0,0.0,0.0,0.0,2.0,0.0,19,6,11,41.901907335,-87.774086443,POINT (-87.774086443167 41.901907334841),POINT (1136493.9334308822 1907341.1702415666),2021,5931 W DIVISION ST
O1142041,DRIVER,a5ab7cc0416a2f3b0021978a6639c3795f1705336d9615e2bb292fd5c6aad7091361cf948d388438d20bec89fc13c4177b2bdb16f26d1ef034c6c54a92762f79,1083282.0,M,50.0,DID NOT DEPLOY,NONE,NONINCAPACITATING INJURY,NONE,NOT OBSCURED,NORMAL,,,,,2021-07-11 00:40:00,30,RAIN,DAYLIGHT,REAR END,ONE-WAY,WET,NO DEFECTS,,INJURY AND / OR TOW DUE TO CRASH,Y,"OVER $1,500",07/11/2021 12:50:00 AM,FAILING TO REDUCE SPEED TO AVOID CRASH,NOT APPLICABLE,,3,NONINCAPACITATING INJURY,1.0,0.0,0.0,1.0,0.0,2.0,0.0,0,1,7,41.89537585,-87.631362709,POINT (-87.631362708675 41.895375850475),POINT (1175367.3210842465 1905246.7050933565),2021,714 N CLARK ST
O1187292,DRIVER,32cd049f19efa9f250c4dd2ab3b775ef15c6212a896a0a8ac66e9752d8226248e10659748bb9044cfc3201021cde097081abbf5048a367bb55909f304ade701e,1126406.0,F,32.0,DEPLOYMENT UNKNOWN,NONE,NO INDICATION OF INJURY,OTHER,UNKNOWN,UNKNOWN,,,,,2021-09-19 09:45:00,30,CLEAR,DAYLIGHT,REAR END,NOT DIVIDED,DRY,NO DEFECTS,NOT ON SCENE (DESK REPORT),NO INJURY / DRIVE AWAY,,"OVER $1,500",09/19/2021 10:05:00 AM,UNABLE TO DETERMINE,NOT APPLICABLE,,2,NO INDICATION OF INJURY,0.0,0.0,0.0,0.0,0.0,5.0,0.0,9,1,9,41.923977346,-87.687468284,POINT (-87.687468284399 41.923977345926),POINT (1160013.5594098214 1915549.1237067606),2021,2321 N WESTERN AVE
O1081918,DRIVER,137e2d0c391ed57e4a563a0ca8c1f473b59b48b7153b779005376a85762073007d9273d984f066b17260b08f2dd4e5ecee33b652e998bcc4ccb8d0def638bdb0,1026103.0,X,,DEPLOYMENT UNKNOWN,NONE,NO INDICATION OF INJURY,UNKNOWN,UNKNOWN,UNKNOWN,,,,Y,2021-04-21 12:00:00,30,UNKNOWN,DAYLIGHT,PARKED MOTOR VEHICLE,NOT DIVIDED,UNKNOWN,UNKNOWN,ON SCENE,NO INJURY / DRIVE AWAY,Y,"OVER $1,500",04/24/2021 09:05:00 AM,IMPROPER OVERTAKING/PASSING,UNABLE TO DETERMINE,,2,NO INDICATION OF INJURY,0.0,0.0,0.0,0.0,0.0,1.0,0.0,12,4,4,41.801104269,-87.675935924,POINT (-87.675935924133 41.801104268587),POINT (1163494.8052265204 1870798.3016579219),2021,2035 W 51ST ST
P261715,PASSENGER,b499325040ac24ef041df20c0f4e4e36cbffa36820061dc23c9bb65f624c14fc7560cfac1c49bd3589880fd1e3cc7ebf2933f1896d51a1e5688531747d542d6f,1106864.0,F,13.0,NOT APPLICABLE,NONE,NO INDICATION OF INJURY,,,,,,,,2021-08-21 22:10:00,30,CLEAR,"DARKNESS, LIGHTED ROAD",TURNING,NOT DIVIDED,WET,NO DEFECTS,NOT ON SCENE (DESK REPORT),NO INJURY / DRIVE AWAY,,"OVER $1,500",08/21/2021 11:15:00 PM,IMPROPER TURNING/NO SIGNAL,UNABLE TO DETERMINE,,2,NO INDICATION OF INJURY,0.0,0.0,0.0,0.0,0.0,5.0,0.0,22,7,8,41.875516841,-87.62776584,POINT (-87.627765840248 41.875516841034),POINT (1176406.1039199033 1898018.1231973856),2021,504 S STATE ST
O1062073,DRIVER,afbcf3655ed0a102fa3cd5b807b93f9399823cbcf089b7bde38bbaa77bf81a08b90ba9e6984030b0c28fbfc7dfda426c38d5ece386dc8ce5e8c1e5543263639f,1007175.0,F,31.0,NOT APPLICABLE,NONE,NO INDICATION OF INJURY,UNKNOWN,NOT OBSCURED,NORMAL,,,,,2021-03-21 00:09:00,30,CLEAR,"DARKNESS, LIGHTED ROAD",SIDESWIPE SAME DIRECTION,NOT DIVIDED,DRY,NO DEFECTS,ON SCENE,INJURY AND / OR TOW DUE TO CRASH,,"OVER $1,500",03/21/2021 12:09:00 AM,UNABLE TO DETERMINE,UNABLE TO DETERMINE,,2,NO INDICATION OF INJURY,0.0,0.0,0.0,0.0,0.0,5.0,0.0,0,1,3,41.967892546,-87.749833576,POINT (-87.749833576399 41.967892546095),POINT (1142932.6701335595 1931430.2694921843),2021,4853 W LAWRENCE AVE
O1240480,DRIVER,24433a77c7400b6b7e93c88fcd80b1e6b691a8a4d705ce45280b2482c0ecbb5c221943415a47deff749f4063e623c5e6a273610b9296ff19770f8925ee461e6d,1177347.0,M,60.0,DID NOT DEPLOY,NONE,NO INDICATION OF INJURY,UNKNOWN,NOT OBSCURED,NORMAL,,,,,2021-12-06 07:50:00,30,CLEAR,DAYLIGHT,PARKED MOTOR VEHICLE,NOT DIVIDED,DRY,UNKNOWN,NOT ON SCENE (DESK REPORT),NO INJURY / DRIVE AWAY,,"$501 - $1,500",12/06/2021 08:00:00 AM,UNABLE TO DETERMINE,UNABLE TO DETERMINE,,2,NO INDICATION OF INJURY,0.0,0.0,0.0,0.0,0.0,3.0,0.0,7,2,12,41.765291423,-87.604543742,POINT (-87.604543742002 41.765291422607),POINT (1183071.1927719754 1857905.2991639387),2021,7131 S SOUTH CHICAGO AVE
O1099769,DRIVER,ff893ac06bef788a8830f7d2648a36f72d591265b912fdd94629180e22e33919dad06118e5ac308a7ca9c507506d7fbd5c79630ff4124bcb2fc021e81b50c66b,1043173.0,M,58.0,DID NOT DEPLOY,NONE,NO INDICATION OF INJURY,NONE,NOT OBSCURED,NORMAL,,,,,2021-05-21 14:20:00,30,CLEAR,DAYLIGHT,SIDESWIPE SAME DIRECTION,DIVIDED - W/MEDIAN (NOT RAISED),DRY,NO DEFECTS,NOT ON SCENE (DESK REPORT),NO INJURY / DRIVE AWAY,,"OVER $1,500",05/21/2021 03:00:00 PM,UNABLE TO DETERMINE,NOT APPLICABLE,,2,NO INDICATION OF INJURY,0.0,0.0,0.0,0.0,0.0,2.0,0.0,14,6,5,41.851521442,-87.724904787,POINT (-87.72490478675 41.851521442331),POINT (1150012.8768382124 1889071.7585184416),2021,2200 S PULASKI RD
O1029114,DRIVER,599bc603237e7351d03832d330133d10d8e792a4178796892c9070d5fd39f5f5254010b319c390fd4d6f2d779acc5fef8e20405b1a596b45ab6fc70f220a2486,975373.0,F,43.0,DID NOT DEPLOY,NONE,NO INDICATION OF INJURY,IMPROPER LANE CHANGE,UNKNOWN,UNKNOWN,,,,,2021-01-22 15:18:00,30,CLEAR,DAYLIGHT,SIDESWIPE SAME DIRECTION,OTHER,DRY,NO DEFECTS,NOT ON SCENE (DESK REPORT),NO INJURY / DRIVE AWAY,Y,"OVER $1,500",01/23/2021 10:30:00 AM,UNABLE TO DETERMINE,NOT APPLICABLE,,3,NO INDICATION OF INJURY,0.0,0.0,0.0,0.0,0.0,3.0,0.0,15,6,1,41.725895797,-87.584824315,POINT (-87.584824315172 41.725895796966),POINT (1188575.7618685276 1843596.0775710547),2021,9301 S STONY ISLAND AVE
O1043497,DRIVER,ca8e3a3ccd211c691d242edcb0a3543f8ec87d062a4af0bd717d03ddc2416bf5cd2f0fb6f819e721ce0df001a5d4854a91959d94ea4e12ccb312a274d6cc6fbe,989260.0,F,35.0,NOT APPLICABLE,NONE,NO INDICATION OF INJURY,UNKNOWN,NOT OBSCURED,NORMAL,,,,,2021-02-16 14:10:00,30,CLEAR,DAYLIGHT,TURNING,OTHER,SNOW OR SLUSH,NO DEFECTS,ON SCENE,INJURY AND / OR TOW DUE TO CRASH,,"OVER $1,500",02/16/2021 03:30:00 PM,WEATHER,UNABLE TO DETERMINE,,2,NO INDICATION OF INJURY,0.0,0.0,0.0,0.0,0.0,2.0,0.0,14,3,2,41.952843372,-87.726810793,POINT (-87.726810792834 41.952843372336),POINT (1149232.5535111807 1925989.7796489852),2021,3944 W DAKIN ST
P276035,PASSENGER,dddfe854facbb823360978a456c8dde8391c743d5ae4cc4e8e2d01f620b780cdc900fd46751a9e22e2c57355800c32c6ef87fb995bcfc4d590dac48e82d88819,1170436.0,,20.0,"DEPLOYED, COMBINATION",NONE,NO INDICATION OF INJURY,,,,,,,,2021-11-23 20:42:00,30,CLEAR,"DARKNESS, LIGHTED ROAD",FIXED OBJECT,NOT DIVIDED,DRY,NO DEFECTS,ON SCENE,INJURY AND / OR TOW DUE TO CRASH,,"OVER $1,500",11/23/2021 08:42:00 PM,NOT APPLICABLE,NOT APPLICABLE,,1,NONINCAPACITATING INJURY,3.0,0.0,0.0,3.0,0.0,1.0,0.0,20,3,11,41.793017623,-87.723298501,POINT (-87.723298501221 41.793017623347),POINT (1150601.8633219493 1867756.3740918995),2021,5504 S PULASKI RD
O1162573,DRIVER,907a7e8924907817c0c692d15b1d826d6938aac45252e86d6d15640b204aeea032ebcd01abc9c353e62a255db51b2a227b38356dc594bb8bf2d6e93341b13311,1102829.0,M,,DEPLOYMENT UNKNOWN,NONE,NO INDICATION OF INJURY,FOLLOWED TOO CLOSELY,UNKNOWN,UNKNOWN,,,,,2021-08-15 16:25:00,30,CLEAR,DAYLIGHT,REAR END,NOT DIVIDED,DRY,NO DEFECTS,ON SCENE,NO INJURY / DRIVE AWAY,Y,"OVER $1,500",08/15/2021 04:30:00 PM,FOLLOWING TOO CLOSELY,NOT APPLICABLE,,3,NO INDICATION OF INJURY,0.0,0.0,0.0,0.0,0.0,3.0,0.0,16,1,8,41.736861592,-87.597445103,POINT (-87.597445103106 41.736861592332),POINT (1185096.391366252 1847562.200945684),2021,1100 E 87TH ST