PERSON_ID,PERSON_TYPE,CRASH_RECORD_ID,VEHICLE_ID,SEX,AGE,AIRBAG_DEPLOYED,EJECTION,INJURY_CLASSIFICATION,DRIVER_ACTION,DRIVER_VISION,PHYSICAL_CONDITION,PEDPEDAL_ACTION,PEDPEDAL_VISIBILITY,PEDPEDAL_LOCATION,CRASH_DATE_EST_I,CRASH_DATE,POSTED_SPEED_LIMIT,WEATHER_CONDITION,LIGHTING_CONDITION,FIRST_CRASH_TYPE,TRAFFICWAY_TYPE,ROADWAY_SURFACE_COND,ROAD_DEFECT,REPORT_TYPE,CRASH_TYPE,HIT_AND_RUN_I,DAMAGE,DATE_POLICE_NOTIFIED,PRIM_CONTRIBUTORY_CAUSE,SEC_CONTRIBUTORY_CAUSE,DOORING_I,NUM_UNITS,MOST_SEVERE_INJURY,INJURIES_TOTAL,INJURIES_FATAL,INJURIES_INCAPACITATING,INJURIES_NON_INCAPACITATING,INJURIES_REPORTED_NOT_EVIDENT,INJURIES_NO_INDICATION,INJURIES_UNKNOWN,CRASH_HOUR,CRASH_DAY_OF_WEEK,CRASH_MONTH,LATITUDE,LONGITUDE,LOCATION,geometry,YEAR,ADDRESS
P246586,PASSENGER,21ece86f56fa6a7597aa2a6ab132c486fa851ad79fac2fcc2226588c16cb96f3978d94beae91f557aba782c98b0397e2a9e94b6eaa97de36884b247240c1d475,1042549.0,F,,DID NOT DEPLOY,NONE,NO INDICATION OF INJURY,,,,,,,,2021-05-20 16:00:00,35,CLEAR,DAYLIGHT,TURNING,NOT DIVIDED,DRY,NO DEFECTS,NOT ON SCENE (DESK REPORT),NO INJURY / DRIVE AWAY,Y,"OVER $1,500",05/20/2021 04:55:00 PM,NOT APPLICABLE,NOT APPLICABLE,,2,NO INDICATION OF INJURY,0.0,0.0,0.0,0.0,0.0,4.0,0.0,16,5,5,41.768525605,-87.675941454,POINT (-87.675941453521 41.768525604875),POINT (1163584.0621939206 1858926.8578843442),2021,2098 W 69TH ST
O1090312,DRIVER,699484ca245a6af5f8049dd818c4b3727978fe1b40550b97e854d5da5e2318161f632ebc2d3fdb2a1f58e2a7ca7f3a9009307d579dd511270cf545425f8c3b1d,1034112.0,X,,DEPLOYMENT UNKNOWN,NONE,NO INDICATION OF INJURY,DISREGARDED CONTROL DEVICES,UNKNOWN,UNKNOWN,,,,,2021-05-06 20:32:00,30,CLEAR,"DARKNESS, LIGHTED ROAD",ANGLE,NOT DIVIDED,DRY,NO DEFECTS,NOT ON SCENE (DESK REPORT),INJURY AND / OR TOW DUE TO CRASH,Y,"OVER $1,500",05/06/2021 08:37:00 PM,DISREGARDING STOP SIGN,NOT APPLICABLE,,2,NO INDICATION OF INJURY,0.0,0.0,0.0,0.0,0.0,4.0,0.0,20,5,5,41.777170526,-87.693196392,POINT (-87.693196392058 41.77717052558),POINT (1158853.5092177256 1862041.492331956),2021,6401 S CALIFORNIA AVE
O1064808,DRIVER,de18e4a052539558e5e32ecc6977f64a215ab5675f3080f2078448f136de36b1badc4260aee86e0c769728d8ba5fa0c768431ef829bc4418348ae034857b3e10,1009799.0,M,33.0,DID NOT DEPLOY,NONE,NO INDICATION OF INJURY,UNKNOWN,UNKNOWN,UNKNOWN,,,,,2021-03-25 21:15:00,30,RAIN,DARKNESS,ANGLE,FOUR WAY,WET,UNKNOWN,ON SCENE,INJURY AND / OR TOW DUE TO CRASH,Y,"OVER $1,500",03/25/2021 09:15:00 PM,UNABLE TO DETERMINE,UNABLE TO DETERMINE,,3,NO INDICATION OF INJURY,0.0,0.0,0.0,0.0,0.0,4.0,0.0,21,5,3,41.809385403,-87.610351879,POINT (-87.610351879026 41.809385403297),POINT (1181351.5530884122 1873959.4908724178),2021,4700 S CHAMPLAIN AVE
O1043988,DRIVER,73b27fc2a08f72f2837efdc0f1cf693839ba1b8ce94b0b98b56ea6872611d895be1fdab1486c82d4a7eb0914ead6b37be7fe3a731e14c74e38e01b62cce5e51c,989747.0,M,40.0,NOT APPLICABLE,NONE,NO INDICATION OF INJURY,UNKNOWN,NOT OBSCURED,NORMAL,,,,,2021-02-17 12:12:00,15,SNOW,DAYLIGHT,ANGLE,PARKING LOT,WET,NO DEFECTS,ON SCENE,NO INJURY / DRIVE AWAY,,"OVER $1,500",02/17/2021 12:30:00 PM,UNABLE TO DETERMINE,UNABLE TO DETERMINE,,2,NO INDICATION OF INJURY,0.0,0.0,0.0,0.0,0.0,2.0,0.0,12,4,2,41.90608046,-87.745890879,POINT (-87.745890878556 41.906080460151),POINT (1144159.2349905148 1908913.1554798442),2021,1401 N CICERO AVE
O1114164,DRIVER,f984fd69b6fe9b612478e9bd578e92645fe51ddbb2a22c9f4dab8fd7c4a1a46928f72ea9e6cb7015f4868363dc3ee18d0ab9ed351fc8b61b3d35ca4e52ba3b54,1056901.0,M,,DEPLOYMENT UNKNOWN,NONE,NO INDICATION OF INJURY,FOLLOWED TOO CLOSELY,UNKNOWN,UNKNOWN,,,,,2021-06-09 15:00:00,30,CLEAR,DAYLIGHT,REAR END,NOT DIVIDED,DRY,NO DEFECTS,NOT ON SCENE (DESK REPORT),NO INJURY / DRIVE AWAY,Y,"OVER $1,500",06/09/2021 03:30:00 PM,FOLLOWING TOO CLOSELY,UNABLE TO DETERMINE,,2,NO INDICATION OF INJURY,0.0,0.0,0.0,0.0,0.0,2.0,0.0,15,4,6,41.73641095,-87.624087134,POINT (-87.624087133574 41.736410950037),POINT (1177826.2763774188 1847336.9411747032),2021,2 E 87TH ST
O1090703,DRIVER,dd4374d876fff7cade8f4217c32ebca164f20559b9cba4c763f8f818a69f81f6f9309fdd1c176fd2710984e95a26b88a70d28d44697754e7a45c454980aad753,1034482.0,M,21.0,DID NOT DEPLOY,NONE,NO INDICATION OF INJURY,NONE,NOT OBSCURED,NORMAL,,,,,2021-05-07 15:40:00,30,CLEAR,DAYLIGHT,REAR END,NOT DIVIDED,DRY,NO DEFECTS,NOT ON SCENE (DESK REPORT),NO INJURY / DRIVE AWAY,,"$501 - $1,500",05/07/2021 04:12:00 PM,FOLLOWING TOO CLOSELY,FAILING TO REDUCE SPEED TO AVOID CRASH,,2,NO INDICATION OF INJURY,0.0,0.0,0.0,0.0,0.0,3.0,0.0,15,6,5,41.935100791,-87.756411546,POINT (-87.756411546119 41.93510079122),POINT (1141224.2230406795 1919468.7500919364),2021,3001 N LARAMIE AVE
O1253334,DRIVER,e834851ff4626deeb9ba070372b296917c7184db9b96e9ab8c109024552445e12f8b9ae88ab9e82f4b8c298c1067cff1ce649806a201822eefc800ee42e9f1d7,1189693.0,F,39.0,DEPLOYMENT UNKNOWN,UNKNOWN,NO INDICATION OF INJURY,FOLLOWED TOO CLOSELY,UNKNOWN,UNKNOWN,,,,,2021-12-24 09:33:00,30,RAIN,DAYLIGHT,REAR END,CENTER TURN LANE,WET,NO DEFECTS,ON SCENE,NO INJURY / DRIVE AWAY,,"OVER $1,500",12/27/2021 02:00:00 PM,FOLLOWING TOO CLOSELY,NOT APPLICABLE,,3,NO INDICATION OF INJURY,0.0,0.0,0.0,0.0,0.0,3.0,0.0,9,6,12,41.968635309,-87.680005668,POINT (-87.680005668354 41.968635309313),POINT (1161920.3790064778 1931838.0028990845),2021,2019 W LAWRENCE AVE
O1222448,DRIVER,bfce942e4088c2ea1475b3e0cad0d7d52f1746e2efe1effa174759a606aa2936d5317d9b04a48e79b52b65498f1342a92af02fc0fd286904e6f28ec35de4bf39,1160019.0,M,74.0,DID NOT DEPLOY,NONE,NO INDICATION OF INJURY,NONE,NOT OBSCURED,NORMAL,,,,,2021-11-07 13:30:00,30,CLEAR,DAYLIGHT,TURNING,NOT DIVIDED,DRY,NO DEFECTS,NOT ON SCENE (DESK REPORT),NO INJURY / DRIVE AWAY,,"$501 - $1,500",11/07/2021 02:35:00 PM,FOLLOWING TOO CLOSELY,NOT APPLICABLE,,2,NO INDICATION OF INJURY,0.0,0.0,0.0,0.0,0.0,3.0,0.0,13,1,11,41.976138927,-87.668560534,POINT (-87.668560534484 41.976138926692),POINT (1165011.6436986614 1934596.2987934316),2021,5158 N CLARK ST
O1239018,DRIVER,16c9e77c7b51d2842841e55a5ecd0bfb591ec999749efa8b26fcbcf0194500e45f86e2c5a7697ddc0f0229b8f21cd799522f3f532bc1d290b19ab164b399e0fd,1175947.0,X,,DEPLOYMENT UNKNOWN,NONE,NO INDICATION OF INJURY,TOO FAST FOR CONDITIONS,UNKNOWN,UNKNOWN,,,,,2021-12-03 19:37:00,30,CLEAR,"DARKNESS, LIGHTED ROAD",FIXED OBJECT,T-INTERSECTION,DRY,NO DEFECTS,ON SCENE,NO INJURY / DRIVE AWAY,Y,"OVER $1,500",12/03/2021 07:39:00 PM,"OPERATING VEHICLE IN ERRATIC, RECKLESS, CARELESS, NEGLIGENT OR AGGRESSIVE MANNER",UNABLE TO DETERMINE,,1,NO INDICATION OF INJURY,0.0,0.0,0.0,0.0,0.0,1.0,0.0,19,6,12,41.75342792,-87.720310352,POINT (-87.720310352454 41.753427920155),POINT (1151519.5413558155 1853336.008454509),2021,3849 W PIPPIN ST
O1199748,DRIVER,e5c9f62dc6a85c1f2f874999b1a71c1e6df1b35b843a8a79e6ddfa38e803849af07ad823e772785007aa4ca6a1b58bd6fcaf1fd4a7b5b8859887339449a42013,1138353.0,M,,DID NOT DEPLOY,NONE,NO INDICATION OF INJURY,FOLLOWED TOO CLOSELY,UNKNOWN,UNKNOWN,,,,,2021-10-06 18:30:00,30,CLEAR,DAYLIGHT,REAR END,NOT DIVIDED,DRY,NO DEFECTS,NOT ON SCENE (DESK REPORT),NO INJURY / DRIVE AWAY,,"$501 - $1,500",10/06/2021 07:18:00 PM,FOLLOWING TOO CLOSELY,FAILING TO REDUCE SPEED TO AVOID CRASH,,2,NO INDICATION OF INJURY,0.0,0.0,0.0,0.0,0.0,2.0,0.0,18,4,10,41.92366978,-87.800019548,POINT (-87.800019547738 41.923669780217),POINT (1129384.8243955262 1915226.449815685),2021,6958 W GRAND AVE
O1048061,DRIVER,ab0328d5e735af3fd7fe5f2bb25f8bfb9aae0a58f74069e7ab0cf1ab2f2d50b35b05bcc97c2afc73587741829ecb7d57ecba3576d0dc1bbac81d6ddacbe98d56,993691.0,M,22.0,"DEPLOYED, FRONT",NONE,NONINCAPACITATING INJURY,UNKNOWN,UNKNOWN,NORMAL,,,,,2021-02-23 01:10:00,30,CLEAR,"DARKNESS, LIGHTED ROAD",PARKED MOTOR VEHICLE,NOT DIVIDED,WET,NO DEFECTS,ON SCENE,INJURY AND / OR TOW DUE TO CRASH,,"OVER $1,500",02/23/2021 01:10:00 AM,UNABLE TO DETERMINE,UNABLE TO DETERMINE,,4,NONINCAPACITATING INJURY,1.0,0.0,0.0,1.0,0.0,0.0,0.0,1,3,2,41.913896328,-87.775525652,POINT (-87.775525652329 41.913896328129),POINT (1136073.7257868631 1911707.4067748236),2021,1834 N AUSTIN AVE
O1076243,DRIVER,2af04449a6473837b3daf88610c01934708d9dec5bf4429f06e77820b9f179d198c15af2d18c8f0d452db8b38383bd69249f5385b700dd3d0168b11a72f5fc58,1020660.0,M,26.0,DEPLOYMENT UNKNOWN,UNKNOWN,"REPORTED, NOT EVIDENT",UNKNOWN,UNKNOWN,UNKNOWN,,,,,2021-04-12 23:45:00,20,UNKNOWN,UNKNOWN,TURNING,FOUR WAY,UNKNOWN,UNKNOWN,ON SCENE,INJURY AND / OR TOW DUE TO CRASH,N,"OVER $1,500",04/14/2021 12:47:00 AM,FAILING TO YIELD RIGHT-OF-WAY,NOT APPLICABLE,,2,"REPORTED, NOT EVIDENT",1.0,0.0,0.0,0.0,1.0,1.0,0.0,23,2,4,41.751483138,-87.578570117,POINT (-87.578570117306 41.751483138026),POINT (1190201.2531450512 1852934.7776837237),2021,7900 S BENNETT AVE
O1235146,DRIVER,16d4b3c73e72abfc135eb19b59a7eea914d8fa7c5b5944ef3653a3201d4219d7d56b253d9900dbfc85533bd38c643046d36704194d69707bc784048b96768c88,1172248.0,M,42.0,NOT APPLICABLE,NONE,INCAPACITATING INJURY,NONE,NOT OBSCURED,NORMAL,,,,,2021-11-27 11:58:00,30,CLEAR,DAYLIGHT,REAR END,DIVIDED - W/MEDIAN (NOT RAISED),DRY,NO DEFECTS,ON SCENE,INJURY AND / OR TOW DUE TO CRASH,,"OVER $1,500",11/27/2021 12:00:00 PM,UNABLE TO DETERMINE,UNABLE TO DETERMINE,,2,INCAPACITATING INJURY,2.0,0.0,2.0,0.0,0.0,0.0,0.0,11,7,11,41.990683418,-87.670372255,POINT (-87.670372254685 41.990683418098),POINT (1164477.9834436283 1939892.5718661596),2021,1607 W PETERSON AVE
O1163534,DRIVER,8898f9a55a15fa9adb7cebd63beebf50718ddff73e3a251a6eb75da36173b6f00ddc3a7b79edf4a81d62d9532a763e801533d8016fe7700a7481acb96c375f59,1103705.0,M,23.0,DID NOT DEPLOY,NONE,NO INDICATION OF INJURY,CELL PHONE USE OTHER THAN TEXTING,UNKNOWN,NORMAL,,,,,2021-08-17 03:44:00,30,CLEAR,"DARKNESS, LIGHTED ROAD",FIXED OBJECT,ONE-WAY,DRY,UNKNOWN,ON SCENE,INJURY AND / OR TOW DUE TO CRASH,,"OVER $1,500",08/17/2021 03:44:00 AM,CELL PHONE USE OTHER THAN TEXTING,DISTRACTION - FROM INSIDE VEHICLE,,1,NO INDICATION OF INJURY,0.0,0.0,0.0,0.0,0.0,1.0,0.0,3,3,8,41.677571857,-87.661212461,POINT (-87.661212461106 41.67757185693),POINT (1167860.8584738064 1825815.3581745538),2021,11865 S ASHLAND AVE
O1084126,DRIVER,431cf0675f03defdb7a09aeef765696ae534bf1f1af2766c7c62755d9348672b642acae52db247c58b92ad030ba5650b3e3fc64924eb6915b9b071a1055de9ac,1028225.0,F,23.0,DEPLOYMENT UNKNOWN,NONE,NO INDICATION OF INJURY,UNKNOWN,NOT OBSCURED,NORMAL,,,,,2021-04-27 17:31:00,30,CLEAR,DAYLIGHT,ANGLE,NOT DIVIDED,DRY,NO DEFECTS,ON SCENE,INJURY AND / OR TOW DUE TO CRASH,,"$501 - $1,500",04/27/2021 06:00:00 PM,UNABLE TO DETERMINE,UNABLE TO DETERMINE,,2,NO INDICATION OF INJURY,0.0,0.0,0.0,0.0,0.0,4.0,0.0,17,3,4,41.874954857,-87.673561664,POINT (-87.67356166437 41.87495485739),POINT (1163935.4598302778 1897714.1368684743),2021,1851 W CONGRESS PKWY
O1026532,DRIVER,c84eeb615f8eb72d55fbaf54eca49df312c9d7c64aa7af2115b54f3e2a2683a413bd75b42fd05f0dda6d02c96c0bbb7995638822aaa6db2898ba0ecab933d316,972941.0,M,51.0,DID NOT DEPLOY,NONE,NO INDICATION OF INJURY,NONE,NOT OBSCURED,NORMAL,,,,,2021-01-18 13:33:00,30,CLEAR,DAYLIGHT,REAR END,DIVIDED - W/MEDIAN BARRIER,DRY,NO DEFECTS,ON SCENE,NO INJURY / DRIVE AWAY,,"OVER $1,500",01/18/2021 01:33:00 PM,FAILING TO REDUCE SPEED TO AVOID CRASH,NOT APPLICABLE,,2,NO INDICATION OF INJURY,0.0,0.0,0.0,0.0,0.0,2.0,0.0,13,2,1,41.888082067,-87.620501171,POINT (-87.620501170849 41.888082067345),POINT (1178346.5623394845 1902613.2322324715),2021,300 E LOWER WACKER DR
P244706,PASSENGER,6ab18141f6ba096fb5c3b8d0cf7e0fdda42016067e0f8f7addc2b9b5c0ddb8445312741de39b8930488d89b89f8016f74a1f7115dec7e001caca69b31ff4053a,1034615.0,M,,DID NOT DEPLOY,NONE,NO INDICATION OF INJURY,,,,,,,,2021-05-07 17:45:00,30,CLEAR,DAYLIGHT,REAR END,NOT DIVIDED,DRY,NO DEFECTS,ON SCENE,NO INJURY / DRIVE AWAY,,"OVER $1,500",05/07/2021 06:03:00 PM,EQUIPMENT - VEHICLE CONDITION,NOT APPLICABLE,,2,NO INDICATION OF INJURY,0.0,0.0,0.0,0.0,0.0,4.0,0.0,17,6,5,41.767058623,-87.607028469,POINT (-87.60702846878 41.767058622914),POINT (1182387.8923088762 1858543.5196858142),2021,7049 S SOUTH CHICAGO AVE
O1149738,DRIVER,488e1dd80ab650ef2d238975384839eda5a1daa0f0c3e4b6d032d495c17deab7d6b3af5f54e72184748dd2c503b5acdec8ffbca33b0c7c03143e206d34463fb6,1090591.0,M,,DID NOT DEPLOY,NONE,NO INDICATION OF INJURY,NONE,UNKNOWN,UNKNOWN,,,,,2021-07-28 18:56:00,30,CLEAR,DAYLIGHT,SIDESWIPE SAME DIRECTION,DIVIDED - W/MEDIAN (NOT RAISED),DRY,NO DEFECTS,NOT ON SCENE (DESK REPORT),NO INJURY / DRIVE AWAY,,"OVER $1,500",07/28/2021 07:24:00 PM,UNABLE TO DETERMINE,NOT APPLICABLE,,2,NO INDICATION OF INJURY,0.0,0.0,0.0,0.0,0.0,4.0,0.0,18,4,7,41.879489329,-87.624498125,POINT (-87.624498124934 41.879489328698),POINT (1177284.091763041 1899473.026892137),2021,200 S MICHIGAN AVE
O1232947,DRIVER,9cb597f17a9bab4c333c926b28fe1b48c473e6110d09980f75b83c36c2fd253ae9de059409b13d8db9fc0170432ef6b338a3fda8c5392c5af0ac50a936a0a944,1170102.0,M,,DEPLOYMENT UNKNOWN,UNKNOWN,NO INDICATION OF INJURY,UNKNOWN,UNKNOWN,UNKNOWN,,,,,2021-11-23 13:13:00,30,UNKNOWN,UNKNOWN,PARKED MOTOR VEHICLE,ONE-WAY,UNKNOWN,UNKNOWN,ON SCENE,NO INJURY / DRIVE AWAY,Y,$500 OR LESS,11/23/2021 03:02:00 PM,UNABLE TO DETERMINE,UNABLE TO DETERMINE,,2,NO INDICATION OF INJURY,0.0,0.0,0.0,0.0,0.0,2.0,0.0,13,3,11,41.884591274,-87.629378727,POINT (-87.629378726528 41.884591274157),POINT (1175939.7206399124 1901321.2327977642),2021,40 W RANDOLPH ST
O1150781,DRIVER,484e7838e5585a0a322685f8c594d9c479534d999c7d48dee06858185c51ab26fe3f1e5a24921ff64dc2619343360701acecb25cd4d3d4f8ebe5c60f04a14fc6,1091590.0,M,41.0,DID NOT DEPLOY,NONE,NO INDICATION OF INJURY,OTHER,NOT OBSCURED,FATIGUED/ASLEEP,,,,,2021-07-30 01:50:00,30,CLEAR,"DARKNESS, LIGHTED ROAD",PARKED MOTOR VEHICLE,NOT DIVIDED,DRY,NO DEFECTS,ON SCENE,INJURY AND / OR TOW DUE TO CRASH,,"OVER $1,500",07/30/2021 02:27:00 AM,PHYSICAL CONDITION OF DRIVER,UNABLE TO DETERMINE,,3,NO INDICATION OF INJURY,0.0,0.0,0.0,0.0,0.0,1.0,0.0,1,6,7,41.768464161,-87.681545684,POINT (-87.681545683953 41.768464160639),POINT (1162055.4110349047 1858892.8328382554),2021,2316 W 69TH ST
O1201341,DRIVER,ed8817b02940f1f7e7081f9cf0b9dc864a73a0ec0cd9d7e75bdaf45a1242b1ed5de502d9f9bceeb998537ff81961b7e940f4c6dfc13c9ad5d494d47e5ec02183,1139893.0,F,66.0,DID NOT DEPLOY,NONE,NO INDICATION OF INJURY,UNKNOWN,NOT OBSCURED,NORMAL,,,,,2021-10-08 16:36:00,30,CLEAR,DAYLIGHT,TURNING,NOT DIVIDED,DRY,NO DEFECTS,ON SCENE,INJURY AND / OR TOW DUE TO CRASH,,"OVER $1,500",10/08/2021 05:50:00 PM,UNABLE TO DETERMINE,NOT APPLICABLE,,3,NO INDICATION OF INJURY,0.0,0.0,0.0,0.0,0.0,3.0,0.0,16,6,10,41.75889467,-87.56651784,POINT (-87.566517839923 41.758894670165),POINT (1193465.892770754 1855664.5611844305),2021,7500 S YATES BLVD
P261934,PASSENGER,0f3778596b5cc400a05fbf4c3ab5fd8ff53200a77ce4d5e011790d90f463d97e0309db2f7e84eafca3657c26f9d820923c4cbd907354547787f16e03cf0c88c7,1107950.0,F,30.0,NOT APPLICABLE,NONE,"REPORTED, NOT EVIDENT",,,,,,,,2021-08-21 00:54:00,30,CLEAR,"DARKNESS, LIGHTED ROAD",SIDESWIPE SAME DIRECTION,DIVIDED - W/MEDIAN (NOT RAISED),DRY,NO DEFECTS,,INJURY AND / OR TOW DUE TO CRASH,Y,"OVER $1,500",08/21/2021 12:57:00 AM,UNABLE TO DETERMINE,UNABLE TO DETERMINE,,4,"REPORTED, NOT EVIDENT",1.0,0.0,0.0,0.0,1.0,3.0,0.0,0,7,8,41.851727913,-87.719083064,POINT (-87.719083064473 41.851727913172),POINT (1151598.4403401113 1889158.2876629245),2021,3742 W CERMAK RD
O1106521,DRIVER,17539dab35c93356f2fb5d7b53fb2c7076aa839a36ba4d25258907ca65e86c04f57a04eadd944b0193661bd3af02d46a73ff3a3187497a6bdc9e4e06a3dff2b1,1049647.0,M,,DEPLOYMENT UNKNOWN,NONE,NO INDICATION OF INJURY,UNKNOWN,UNKNOWN,UNKNOWN,,,,,2021-05-30 18:55:00,30,CLEAR,DAYLIGHT,REAR END,NOT DIVIDED,DRY,NO DEFECTS,NOT ON SCENE (DESK REPORT),NO INJURY / DRIVE AWAY,Y,"OVER $1,500",05/30/2021 07:10:00 PM,UNABLE TO DETERMINE,NOT APPLICABLE,,2,NO INDICATION OF INJURY,0.0,0.0,0.0,0.0,0.0,2.0,0.0,18,1,5,41.721330641,-87.644821758,POINT (-87.644821758129 41.721330641244),POINT (1172211.047784628 1841795.8779629688),2021,841 W 95TH ST
O1172301,DRIVER,879f6ca26cb0f31ff5cf84c6b0d9d6958e713b46d74d53fe64eabf0a37358adfff6d9802606291af60f336e7086f8353fce99694c04ba96080d6d39639ebfee4,1112061.0,M,,DID NOT DEPLOY,NONE,NO INDICATION OF INJURY,NONE,NOT OBSCURED,NORMAL,,,,,2021-08-29 16:30:00,30,CLEAR,DAYLIGHT,ANGLE,NOT DIVIDED,DRY,NO DEFECTS,NOT ON SCENE (DESK REPORT),NO INJURY / DRIVE AWAY,,"$501 - $1,500",08/29/2021 06:23:00 PM,FAILING TO YIELD RIGHT-OF-WAY,FAILING TO REDUCE SPEED TO AVOID CRASH,,2,NO INDICATION OF INJURY,0.0,0.0,0.0,0.0,0.0,3.0,0.0,16,1,8,41.938109974,-87.791982153,POINT (-87.791982153017 41.938109973781),POINT (1131538.8862248 1920502.1794111952),2021,6629 W BELMONT AVE
P261616,PASSENGER,35c0c49810ad360d6c38f1615cba6334d1706b7f80081691c4f8f1d2c8389c78e0d13c2387d339c11576a0ee2928ef4e823b56089970626fa58526d5cab5e8e9,1106520.0,M,13.0,NOT APPLICABLE,NONE,NO INDICATION OF INJURY,,,,,,,,2021-08-21 13:40:00,30,CLEAR,DAYLIGHT,ANGLE,NOT DIVIDED,DRY,NO DEFECTS,NOT ON SCENE (DESK REPORT),NO INJURY / DRIVE AWAY,,"OVER $1,500",08/21/2021 03:25:00 PM,UNABLE TO DETERMINE,UNABLE TO DETERMINE,,2,NO INDICATION OF INJURY,0.0,0.0,0.0,0.0,0.0,6.0,0.0,13,7,8,41.941227207,-87.74678519,POINT (-87.746785189753 41.941227207154),POINT (1143828.1863904563 1921719.0008782034),2021,3319 N CICERO AVE
O1031346,DRIVER,7229d4b218c0215d8c3eab726d0cefb070e1cbf7ee3dfb6874d0767a49aad3e7ac1c650a692218dbb62ebd9b56923f761a30ac31a1f1b5be6bbac0a94c52dadb,977537.0,F,37.0,NOT APPLICABLE,NONE,NO INDICATION OF INJURY,NONE,NOT OBSCURED,NORMAL,,,,,2021-01-27 22:45:00,35,CLEAR,DUSK,REAR END,PARKING LOT,DRY,NO DEFECTS,ON SCENE,NO INJURY / DRIVE AWAY,,"$501 - $1,500",01/27/2021 10:50:00 PM,FOLLOWING TOO CLOSELY,UNABLE TO DETERMINE,,2,NO INDICATION OF INJURY,0.0,0.0,0.0,0.0,0.0,3.0,0.0,22,4,1,41.69267124,-87.642532623,POINT (-87.642532623355 41.69267123975),POINT (1172919.7514034254 1831357.7348412245),2021,11050 S HALSTED ST
O1152732,DRIVER,741f3d1a548b82436cf6bdddf3ad066483bae23a40259558f659decd6775f27a8541aca702931a008e5f5c280d591eaff9ed5ce36644ec896ef956870fd08315,1093510.0,M,,DEPLOYMENT UNKNOWN,NONE,NO INDICATION OF INJURY,NONE,UNKNOWN,UNKNOWN,,,,,2021-08-01 16:00:00,30,CLEAR,DAYLIGHT,TURNING,NOT DIVIDED,DRY,NO DEFECTS,NOT ON SCENE (DESK REPORT),INJURY AND / OR TOW DUE TO CRASH,,"$501 - $1,500",08/01/2021 04:48:00 PM,NOT APPLICABLE,NOT APPLICABLE,,2,NONINCAPACITATING INJURY,1.0,0.0,0.0,1.0,0.0,3.0,0.0,16,1,8,41.789790822,-87.70359877,POINT (-87.703598769655 41.789790821511),POINT (1155982.467432049 1866619.284880064),2021,5700 S KEDZIE AVE
O1072942,DRIVER,4794822dca3e8f8bccbb74acd4ae74ce8ab348ca27722e5dfbb69e4568fd2500751a5f79fc4f5d26c7031e50463c7cb415032885f5ceb1b1dd5ca40f24f91eb0,1017545.0,M,26.0,DID NOT DEPLOY,NONE,NO INDICATION OF INJURY,FAILED TO YIELD,UNKNOWN,NORMAL,,,,,2021-04-08 15:16:00,30,RAIN,DAYLIGHT,SIDESWIPE SAME DIRECTION,DIVIDED - W/MEDIAN (NOT RAISED),WET,NO DEFECTS,ON SCENE,NO INJURY / DRIVE AWAY,,"$501 - $1,500",04/08/2021 03:16:00 PM,NOT APPLICABLE,NOT APPLICABLE,,2,NO INDICATION OF INJURY,0.0,0.0,0.0,0.0,0.0,2.0,0.0,15,5,4,41.851748484,-87.698583303,POINT (-87.698583302804 41.851748483809),POINT (1157183.4351014988 1889206.4010909598),2021,2875 W CERMAK RD
O1222955,DRIVER,ffdfbb8d44be6e689de625f5b2dac5a8b3086cceca8f8f351acccb78f662797a3e9228e95b832657aa8c858ba6692bf5451005de8156c71195f3e5280a88fd4f,1160502.0,M,33.0,NOT APPLICABLE,NONE,NO INDICATION OF INJURY,UNKNOWN,UNKNOWN,NORMAL,,,,,2021-11-08 10:45:00,30,CLEAR,DAYLIGHT,SIDESWIPE SAME DIRECTION,DIVIDED - W/MEDIAN (NOT RAISED),DRY,UNKNOWN,ON SCENE,NO INJURY / DRIVE AWAY,,"$501 - $1,500",11/08/2021 10:45:00 AM,DRIVING SKILLS/KNOWLEDGE/EXPERIENCE,NOT APPLICABLE,,2,NO INDICATION OF INJURY,0.0,0.0,0.0,0.0,0.0,2.0,0.0,10,2,11,41.906081271,-87.726531913,POINT (-87.726531912634 41.906081270938),POINT (1149429.0085424955 1908950.1341375085),2021,4003 W GRAND AVE
O1063669,DRIVER,8095fca5978dba449c962052965934edb93c6fc68f2743a23e18d3fad00285be6f5522221ff14acf830246c301a32915056fdf56205facde7713a4898349aca6,1008693.0,X,,DEPLOYMENT UNKNOWN,NONE,NO INDICATION OF INJURY,UNKNOWN,UNKNOWN,UNKNOWN,,,,,2021-03-23 14:39:00,30,RAIN,DAYLIGHT,PARKED MOTOR VEHICLE,DIVIDED - W/MEDIAN (NOT RAISED),WET,NO DEFECTS,ON SCENE,NO INJURY / DRIVE AWAY,Y,"OVER $1,500",03/23/2021 02:41:00 PM,UNABLE TO DETERMINE,UNABLE TO DETERMINE,,2,NO INDICATION OF INJURY,0.0,0.0,0.0,0.0,0.0,1.0,0.0,14,3,3,41.760984299,-87.615036329,POINT (-87.615036329335 41.760984299491),POINT (1180221.7971576243 1856311.7388848101),2021,7337 S DR MARTIN LUTHER KING JR DR