PERSON_ID,PERSON_TYPE,CRASH_RECORD_ID,VEHICLE_ID,SEX,AGE,AIRBAG_DEPLOYED,EJECTION,INJURY_CLASSIFICATION,DRIVER_ACTION,DRIVER_VISION,PHYSICAL_CONDITION,PEDPEDAL_ACTION,PEDPEDAL_VISIBILITY,PEDPEDAL_LOCATION,CRASH_DATE_EST_I,CRASH_DATE,POSTED_SPEED_LIMIT,WEATHER_CONDITION,LIGHTING_CONDITION,FIRST_CRASH_TYPE,TRAFFICWAY_TYPE,ROADWAY_SURFACE_COND,ROAD_DEFECT,REPORT_TYPE,CRASH_TYPE,HIT_AND_RUN_I,DAMAGE,DATE_POLICE_NOTIFIED,PRIM_CONTRIBUTORY_CAUSE,SEC_CONTRIBUTORY_CAUSE,DOORING_I,NUM_UNITS,MOST_SEVERE_INJURY,INJURIES_TOTAL,INJURIES_FATAL,INJURIES_INCAPACITATING,INJURIES_NON_INCAPACITATING,INJURIES_REPORTED_NOT_EVIDENT,INJURIES_NO_INDICATION,INJURIES_UNKNOWN,CRASH_HOUR,CRASH_DAY_OF_WEEK,CRASH_MONTH,LATITUDE,LONGITUDE,LOCATION,geometry,YEAR,ADDRESS
O1110190,DRIVER,3174b7befc6fa241bec67c67f6427c3fb6894ae1a9049a51b3f5f3d3d141b170cd9e77eae49bcb7112fe6dedfbcd9853d7ac57c5ada97cf9c0b36f83210ac215,1053144.0,M,75.0,DID NOT DEPLOY,NONE,NO INDICATION OF INJURY,NONE,NOT OBSCURED,NORMAL,,,,,2021-05-28 10:25:00,30,CLOUDY/OVERCAST,DAYLIGHT,SIDESWIPE SAME DIRECTION,ONE-WAY,DRY,NO DEFECTS,,NO INJURY / DRIVE AWAY,,"$501 - $1,500",05/28/2021 10:26:00 AM,IMPROPER OVERTAKING/PASSING,NOT APPLICABLE,,2,NO INDICATION OF INJURY,0.0,0.0,0.0,0.0,0.0,2.0,0.0,10,6,5,41.721193525,-87.639417185,POINT (-87.639417184797 41.721193524888),POINT (1173686.8868818036 1841757.760607082),2021,9509 S LOWE AVE
O1206100,DRIVER,27ad047a2cb704f4d95f1b0c4f9b5dec09dd34f04b3d038968e9afbdd7ac6feea15664cda4de50ada6c04fefd487a0a7e43ae2bf8d03951f13c2550f5e970ad1,1144409.0,X,,DEPLOYMENT UNKNOWN,NONE,NO INDICATION OF INJURY,UNKNOWN,UNKNOWN,UNKNOWN,,,,,2021-10-15 19:10:00,35,CLEAR,"DARKNESS, LIGHTED ROAD",PARKED MOTOR VEHICLE,NOT DIVIDED,DRY,NO DEFECTS,NOT ON SCENE (DESK REPORT),NO INJURY / DRIVE AWAY,Y,"$501 - $1,500",10/15/2021 08:35:00 PM,UNABLE TO DETERMINE,UNABLE TO DETERMINE,,2,NO INDICATION OF INJURY,0.0,0.0,0.0,0.0,0.0,2.0,0.0,19,6,10,41.798580986,-87.744223852,POINT (-87.744223852491 41.798580986476),POINT (1144881.7632031525 1869743.8282499248),2021,5432 S ARCHER AVE
O1253863,DRIVER,a940ab02b4b65ec12ccf08347bba6b30b054e9d6ab33f72cd42a6bffe39a892bb947da8c4e450ce78d31c16b5ab84994693db9643d7491122a314d98dff009cb,1190205.0,M,,DID NOT DEPLOY,NONE,NO INDICATION OF INJURY,NONE,NOT OBSCURED,NORMAL,,,,,2021-12-28 13:21:00,30,SNOW,DAYLIGHT,SIDESWIPE SAME DIRECTION,NOT DIVIDED,SNOW OR SLUSH,NO DEFECTS,NOT ON SCENE (DESK REPORT),NO INJURY / DRIVE AWAY,,"OVER $1,500",12/28/2021 03:07:00 PM,UNABLE TO DETERMINE,UNABLE TO DETERMINE,,2,NO INDICATION OF INJURY,0.0,0.0,0.0,0.0,0.0,2.0,0.0,13,3,12,41.721975783,-87.6156889,POINT (-87.615688900245 41.721975782941),POINT (1180162.2951353053 1842095.9136765632),2021,318 E 95TH ST
O1199309,DRIVER,3eda16da071c19239f7d7dfc539515275614db65063b68160523da2c8a022033b25961b4dbd76d278877f6fed7e06ef333591acbc7f4c506138f747b93d9af7e,1137946.0,X,,DEPLOYMENT UNKNOWN,NONE,NO INDICATION OF INJURY,OTHER,UNKNOWN,UNKNOWN,,,,,2021-10-06 06:59:00,30,CLOUDY/OVERCAST,DUSK,REAR END,Y-INTERSECTION,DRY,NO DEFECTS,NOT ON SCENE (DESK REPORT),NO INJURY / DRIVE AWAY,Y,$500 OR LESS,10/06/2021 07:05:00 AM,UNABLE TO DETERMINE,UNABLE TO DETERMINE,,2,NO INDICATION OF INJURY,0.0,0.0,0.0,0.0,0.0,2.0,0.0,6,4,10,41.772858908,-87.61552915,POINT (-87.615529150239 41.772858908112),POINT (1180051.230171364 1860637.631991885),2021,399 E MARQUETTE RD
O1157737,DRIVER,d922b16c40da7b6f2541d8d859ec7e9a126ba5c1a24996cd5104d9e3cc30af11da5ec3ec86d8fd1c039a92858da720a9f7e826e50d16284152bb205229d4ba95,1098228.0,F,73.0,DID NOT DEPLOY,NONE,NO INDICATION OF INJURY,UNKNOWN,UNKNOWN,NORMAL,,,,,2021-08-08 16:30:00,30,CLEAR,DAYLIGHT,SIDESWIPE SAME DIRECTION,UNKNOWN,DRY,UNKNOWN,NOT ON SCENE (DESK REPORT),NO INJURY / DRIVE AWAY,,"OVER $1,500",08/08/2021 06:00:00 PM,UNABLE TO DETERMINE,UNABLE TO DETERMINE,,2,NO INDICATION OF INJURY,0.0,0.0,0.0,0.0,0.0,2.0,0.0,16,1,8,41.799451172,-87.590581636,POINT (-87.590581636237 41.799451172365),POINT (1186772.697797086 1870385.4710123714),2021,5300 S BLACKSTONE AVE
O1074603,DRIVER,8c74dcc5aec8f023befec4c114c7528f938ef6f4c01fc9e34f7079f6efab8765fcf8744163be72abfcec723529cc1d8484e9aff35ee28f4009f20602937f331b,1019111.0,M,61.0,DID NOT DEPLOY,NONE,NO INDICATION OF INJURY,FOLLOWED TOO CLOSELY,NOT OBSCURED,NORMAL,,,,,2021-04-11 03:30:00,30,UNKNOWN,"DARKNESS, LIGHTED ROAD",REAR END,FOUR WAY,UNKNOWN,NO DEFECTS,NOT ON SCENE (DESK REPORT),NO INJURY / DRIVE AWAY,,"OVER $1,500",04/11/2021 11:20:00 AM,FOLLOWING TOO CLOSELY,FAILING TO REDUCE SPEED TO AVOID CRASH,,2,NO INDICATION OF INJURY,0.0,0.0,0.0,0.0,0.0,2.0,0.0,3,1,4,41.946812647,-87.674115018,POINT (-87.674115017775 41.946812646878),POINT (1163583.5048661293 1923898.014151384),2021,1801 W ADDISON ST
O1232125,DRIVER,0a991d65bb6afc73ec50cc9cdf6de017fc6b23a37b622fa36b1bb56a463b8adf227d3f87772d3ae7b95702575b0fc47889bc93cc591a3c9412b3232dbada26b7,1169306.0,M,35.0,DEPLOYMENT UNKNOWN,NONE,NO INDICATION OF INJURY,FAILED TO YIELD,UNKNOWN,UNKNOWN,,,,,2021-11-18 22:05:00,30,CLEAR,"DARKNESS, LIGHTED ROAD",ANGLE,DIVIDED - W/MEDIAN (NOT RAISED),DRY,NO DEFECTS,,NO INJURY / DRIVE AWAY,,"$501 - $1,500",11/18/2021 11:30:00 PM,FAILING TO YIELD RIGHT-OF-WAY,NOT APPLICABLE,,2,NO INDICATION OF INJURY,0.0,0.0,0.0,0.0,0.0,2.0,0.0,22,5,11,41.922030171,-87.782984096,POINT (-87.782984096067 41.922030170819),POINT (1134024.6640632758 1914658.2680793111),2021,6300 W GRAND AVE
O1149663,DRIVER,be9f347c877e2f32f0704fe4930a83243fe2f1086ae0019dfeca040f9daa73e3b36190193ff40dc3816daf6c2f105d43224c118eaeacbe70b700d33ecb7be65b,1090523.0,M,46.0,"DEPLOYED, FRONT",NONE,NO INDICATION OF INJURY,FAILED TO YIELD,NOT OBSCURED,NORMAL,,,,,2021-07-28 15:12:00,35,CLEAR,DAYLIGHT,SIDESWIPE SAME DIRECTION,DIVIDED - W/MEDIAN BARRIER,DRY,NO DEFECTS,ON SCENE,NO INJURY / DRIVE AWAY,,"OVER $1,500",07/28/2021 03:40:00 PM,UNABLE TO DETERMINE,UNABLE TO DETERMINE,,2,NO INDICATION OF INJURY,0.0,0.0,0.0,0.0,0.0,2.0,0.0,15,4,7,41.824201142,-87.626271227,POINT (-87.626271226523 41.824201142078),POINT (1176967.1197216718 1879322.1676441883),2021,3845 S STATE ST
O1074810,PEDESTRIAN,d8191a5408a6c294a575f0a8643cc70128a1c2d8d197f40de89f7b066e2f571e482a70b9a0bb8f7d892e4023b2690f9b77e0e04ac2763964296587a4e27f7f1f,,M,44.0,,,INCAPACITATING INJURY,OTHER,UNKNOWN,HAD BEEN DRINKING,OTHER ACTION,OTHER LIGHT SOURCE USED,IN CROSSWALK,,2021-04-11 15:25:00,30,CLEAR,DAYLIGHT,PEDESTRIAN,FOUR WAY,DRY,NO DEFECTS,ON SCENE,INJURY AND / OR TOW DUE TO CRASH,,$500 OR LESS,04/11/2021 03:25:00 PM,DRIVING SKILLS/KNOWLEDGE/EXPERIENCE,UNABLE TO DETERMINE,,2,INCAPACITATING INJURY,1.0,0.0,1.0,0.0,0.0,1.0,0.0,15,1,4,41.932131133,-87.705129355,POINT (-87.705129354872 41.932131133399),POINT (1155185.544230802 1918484.6716867965),2021,2800 N ALBANY AVE
P270578,PASSENGER,f69d342fc8f02e9926a6483a86f9d0be9439ef407a42f3911d61306403869fcf049cf484d950e3191ae5fbceae820888730711a469f0dff010011d37251a2943,1146422.0,,,DID NOT DEPLOY,NONE,NONINCAPACITATING INJURY,,,,,,,,2021-10-19 02:18:00,30,CLEAR,"DARKNESS, LIGHTED ROAD",PARKED MOTOR VEHICLE,DIVIDED - W/MEDIAN (NOT RAISED),DRY,NO DEFECTS,ON SCENE,INJURY AND / OR TOW DUE TO CRASH,,"OVER $1,500",10/19/2021 02:18:00 AM,UNABLE TO DETERMINE,NOT APPLICABLE,,2,NONINCAPACITATING INJURY,4.0,0.0,0.0,4.0,0.0,2.0,0.0,2,3,10,41.802333809,-87.607814953,POINT (-87.607814952601 41.802333808621),POINT (1182064.8733908124 1871395.7552536316),2021,724 E 51ST ST
O1058817,DRIVER,ac6373b272fd1cb083b9e3923b636c0cd047f2acbc1802918ee19e24d9b358e78a75a4843284164f29675f79bbe4b2e7452a0f1e9643f55b62698b8c95fd28e1,1004059.0,X,,DEPLOYMENT UNKNOWN,NONE,NO INDICATION OF INJURY,FAILED TO YIELD,UNKNOWN,UNKNOWN,,,,,2021-03-15 02:30:00,30,CLEAR,"DARKNESS, LIGHTED ROAD",ANGLE,NOT DIVIDED,DRY,NO DEFECTS,NOT ON SCENE (DESK REPORT),INJURY AND / OR TOW DUE TO CRASH,,"OVER $1,500",03/15/2021 02:30:00 AM,DISTRACTION - FROM OUTSIDE VEHICLE,NOT APPLICABLE,,2,INCAPACITATING INJURY,4.0,0.0,3.0,1.0,0.0,1.0,0.0,2,2,3,41.95352435,-87.747438299,POINT (-87.747438298799 41.953524350453),POINT (1143619.8674502578 1926198.8959137292),2021,4800 W IRVING PARK RD
O1094136,DRIVER,9d4e73151f784b27d3c0b0519826a6d0725f25f15650aace72710f169de7f65a28701306d551f73eff61aab01ceab2fc0f371681c30054f820d834ec7e914ebb,1037755.0,M,28.0,DID NOT DEPLOY,NONE,NO INDICATION OF INJURY,NONE,NOT OBSCURED,NORMAL,,,,,2021-05-12 16:35:00,30,CLEAR,DAYLIGHT,ANGLE,FOUR WAY,DRY,NO DEFECTS,NOT ON SCENE (DESK REPORT),NO INJURY / DRIVE AWAY,,"OVER $1,500",05/12/2021 05:23:00 PM,FAILING TO YIELD RIGHT-OF-WAY,NOT APPLICABLE,,2,NO INDICATION OF INJURY,0.0,0.0,0.0,0.0,0.0,2.0,0.0,16,4,5,41.885635238,-87.655586483,POINT (-87.655586483423 41.885635237638),POINT (1168800.1991746924 1901644.200209787),2021,1130 W LAKE ST
O1227078,DRIVER,d7fa35837bbbe3ea97e1b35bf2ab8c45d02e66953da579195a388e758e00b7786d7ad976e867c673cd49e13e5e31fe08dfe79f8941a373ff6e8479fe5889ffb5,1164467.0,F,40.0,DID NOT DEPLOY,NONE,NO INDICATION OF INJURY,FOLLOWED TOO CLOSELY,NOT OBSCURED,NORMAL,,,,,2021-11-14 17:31:00,30,CLEAR,"DARKNESS, LIGHTED ROAD",REAR END,NOT DIVIDED,DRY,NO DEFECTS,ON SCENE,INJURY AND / OR TOW DUE TO CRASH,,"OVER $1,500",11/14/2021 05:47:00 PM,FAILING TO REDUCE SPEED TO AVOID CRASH,NOT APPLICABLE,,2,NO INDICATION OF INJURY,0.0,0.0,0.0,0.0,0.0,3.0,0.0,17,1,11,41.972858367,-87.748057094,POINT (-87.748057093561 41.972858366514),POINT (1143403.4241714326 1933243.1294433263),2021,5042 N CICERO AVE
O1206036,DRIVER,253cc1b1dfc52b4cd9e819b6e5d186d3a44774b10c29e74e8a43857c91140db310a83534cfee3e873ad0ee64abe327c0a72f3f32bdc1eabdf7e07e2c3147cfaa,1144359.0,F,26.0,DID NOT DEPLOY,NONE,NO INDICATION OF INJURY,NONE,NOT OBSCURED,NORMAL,,,,,2021-10-15 16:18:00,30,CLEAR,DAYLIGHT,TURNING,ONE-WAY,UNKNOWN,UNKNOWN,NOT ON SCENE (DESK REPORT),NO INJURY / DRIVE AWAY,Y,"OVER $1,500",10/15/2021 07:00:00 PM,IMPROPER TURNING/NO SIGNAL,IMPROPER LANE USAGE,,2,NO INDICATION OF INJURY,0.0,0.0,0.0,0.0,0.0,2.0,0.0,16,6,10,41.851815991,-87.710167258,POINT (-87.710167258415 41.85181599099),POINT (1154027.2706894919 1889207.8845660558),2021,3400 W CERMAK RD
O1233999,PEDESTRIAN,c9734cbbf966178500023adfcee280447e941aaf85f505843696de676de517745eb197fee4240605c80204a219a1294bfe435902a4798cf98447887f9ce17394,,F,43.0,,,NONINCAPACITATING INJURY,NONE,UNKNOWN,UNKNOWN,CROSSING - NO CONTROLS (NOT AT INTERSECTION),NO CONTRASTING CLOTHING,IN ROADWAY,,2021-11-24 22:50:00,30,RAIN,"DARKNESS, LIGHTED ROAD",PEDESTRIAN,NOT DIVIDED,WET,NO DEFECTS,ON SCENE,INJURY AND / OR TOW DUE TO CRASH,Y,$500 OR LESS,11/24/2021 11:05:00 PM,UNABLE TO DETERMINE,UNABLE TO DETERMINE,,2,NONINCAPACITATING INJURY,1.0,0.0,0.0,1.0,0.0,1.0,0.0,22,4,11,41.772485377,-87.637075644,POINT (-87.637075643551 41.772485377331),POINT (1174174.8879023613 1860453.2012425573),2021,457 W MARQUETTE RD
O1232382,DRIVER,e80a6fe23795c6d2b98bd4b43b50cf170325ddb34793170ac5c324e59762d5c2a125559a5c604c124b06addb049e1a04101fd739f998bc4fe5548961356f3e4a,1169560.0,F,21.0,DEPLOYMENT UNKNOWN,NONE,NO INDICATION OF INJURY,FOLLOWED TOO CLOSELY,NOT OBSCURED,UNKNOWN,,,,,2021-11-22 13:30:00,30,CLEAR,DAYLIGHT,TURNING,FOUR WAY,DRY,NO DEFECTS,ON SCENE,INJURY AND / OR TOW DUE TO CRASH,,"OVER $1,500",11/22/2021 01:48:00 PM,IMPROPER TURNING/NO SIGNAL,NOT APPLICABLE,,3,INCAPACITATING INJURY,3.0,0.0,1.0,1.0,1.0,1.0,0.0,13,2,11,41.780521025,-87.605869499,POINT (-87.605869499248 41.780521024744),POINT (1182662.5684697318 1863451.793646854),2021,800 E 63RD ST
P256300,PASSENGER,af09822c8da15e1be7f6bd1dd2f81155ba8fe5a3f9e2d6593f93a4f2f5767403b697443416841b40988a9d4183e10404801d147da01ce5b51261a25008905616,1083214.0,M,31.0,NOT APPLICABLE,NONE,NO INDICATION OF INJURY,,,,,,,,2021-07-17 21:14:00,30,CLEAR,"DARKNESS, LIGHTED ROAD",SIDESWIPE OPPOSITE DIRECTION,PARKING LOT,DRY,UNKNOWN,ON SCENE,NO INJURY / DRIVE AWAY,,"$501 - $1,500",07/17/2021 10:17:00 PM,UNABLE TO DETERMINE,UNABLE TO DETERMINE,,2,NO INDICATION OF INJURY,0.0,0.0,0.0,0.0,0.0,4.0,0.0,21,7,7,41.835976102,-87.611540761,POINT (-87.611540761134 41.835976102182),POINT (1180946.0332873065 1883646.3051181904),2021,601 E 32ND ST
O1046405,DRIVER,8efa75a15d2a7946ea478e3f582598fa6ca7e1e59417cabae0fa6daa601d57f92fda177e8b186773b2e9d92767ee8395559f7d2681c693e220122b6e279daebc,992082.0,F,55.0,DID NOT DEPLOY,NONE,NO INDICATION OF INJURY,NONE,NOT OBSCURED,NORMAL,,,,,2021-02-20 12:25:00,30,CLEAR,DAYLIGHT,REAR END,ONE-WAY,SNOW OR SLUSH,NO DEFECTS,NOT ON SCENE (DESK REPORT),NO INJURY / DRIVE AWAY,,"OVER $1,500",02/20/2021 02:40:00 PM,FOLLOWING TOO CLOSELY,UNABLE TO DETERMINE,,2,NO INDICATION OF INJURY,0.0,0.0,0.0,0.0,0.0,2.0,0.0,12,7,2,41.780008277,-87.625522512,POINT (-87.625522511916 41.780008277408),POINT (1177303.8018949972 1863220.216755791),2021,6300 S STATE ST
P276604,PASSENGER,7406b26ece207ca065d0b67d18322324cce47081a36e85ef3db77fc6b327cf512f91b52184075debc2c7f6f572b1a06e60675d225c89defd8e2a930e07bd3400,1173029.0,F,16.0,DID NOT DEPLOY,NONE,NO INDICATION OF INJURY,,,,,,,,2021-11-28 19:24:00,30,CLEAR,"DARKNESS, LIGHTED ROAD",HEAD ON,DIVIDED - W/MEDIAN BARRIER,DRY,NO DEFECTS,ON SCENE,INJURY AND / OR TOW DUE TO CRASH,,"OVER $1,500",11/28/2021 07:28:00 PM,DRIVING ON WRONG SIDE/WRONG WAY,UNABLE TO DETERMINE,,2,NONINCAPACITATING INJURY,1.0,0.0,0.0,1.0,0.0,2.0,0.0,19,1,11,41.754913242,-87.728287489,POINT (-87.728287489029 41.754913242142),POINT (1149339.0830197649 1853861.8375241742),2021,4233 W 76TH ST
P238987,PASSENGER,d5dbba4c60f461047932ed9ca96c6a9b203afe8bc9c197bae8f02bc925c349710cc5aea2a7947de830833cac34221e797aa8f975186298c93e213ff3baa323ab,1008856.0,F,30.0,"DEPLOYED, COMBINATION",NONE,NONINCAPACITATING INJURY,,,,,,,,2021-03-24 04:27:00,30,CLEAR,"DARKNESS, LIGHTED ROAD",SIDESWIPE OPPOSITE DIRECTION,NOT DIVIDED,DRY,NO DEFECTS,ON SCENE,INJURY AND / OR TOW DUE TO CRASH,,"OVER $1,500",03/24/2021 04:28:00 AM,DISTRACTION - FROM OUTSIDE VEHICLE,UNABLE TO DETERMINE,,2,NONINCAPACITATING INJURY,4.0,0.0,0.0,4.0,0.0,0.0,0.0,4,4,3,41.880445063,-87.745422526,POINT (-87.745422526067 41.880445063162),POINT (1144350.734624469 1899572.5123521339),2021,2 S CICERO AVE
O1139586,DRIVER,f61d9cccd9d952ebbadc5bb1c92ca94b0f9d301d213aa291bf8117ce82d8c06f8d7e8d40057f1f289ec4780837860e903ad566666c63b3a25f36dfe0ca122984,1080947.0,M,22.0,NOT APPLICABLE,NONE,NO INDICATION OF INJURY,NONE,UNKNOWN,NORMAL,,,,,2021-07-14 12:38:00,30,CLEAR,DAYLIGHT,TURNING,DIVIDED - W/MEDIAN (NOT RAISED),DRY,NO DEFECTS,ON SCENE,NO INJURY / DRIVE AWAY,Y,"OVER $1,500",07/14/2021 12:41:00 PM,FAILING TO YIELD RIGHT-OF-WAY,UNABLE TO DETERMINE,,2,NO INDICATION OF INJURY,0.0,0.0,0.0,0.0,0.0,2.0,0.0,12,4,7,41.953255953,-87.713025755,POINT (-87.713025754741 41.953255952506),POINT (1152981.202777178 1926166.9639498305),2021,3940 N KIMBALL AVE
O1229399,DRIVER,ed5c869878ccc3f54e19a6f31746bc340f866e2b497d867d898361878e33df9563789a88835a7a8c82e21b0c910b885619edd0b17c4a9a1ecf7348ce75c98dbf,1166665.0,M,,DID NOT DEPLOY,NONE,NO INDICATION OF INJURY,UNKNOWN,UNKNOWN,NORMAL,,,,,2021-11-11 17:20:00,20,CLEAR,"DARKNESS, LIGHTED ROAD",ANGLE,DIVIDED - W/MEDIAN (NOT RAISED),DRY,NO DEFECTS,NOT ON SCENE (DESK REPORT),NO INJURY / DRIVE AWAY,,"OVER $1,500",11/18/2021 10:30:00 AM,UNABLE TO DETERMINE,NOT APPLICABLE,,2,NO INDICATION OF INJURY,0.0,0.0,0.0,0.0,0.0,2.0,0.0,17,5,11,41.892917556,-87.770219334,POINT (-87.770219334437 41.892917555586),POINT (1137568.182274421 1904072.188200156),2021,700 N MENARD AVE
O1194798,DRIVER,4ae5b0ac9f7247b95f54f7592214fde35cfc32df05c05e466d5491cf8614d9364478647fe49ba1d54acf915b36dd01c6be16cf33f00ed45f1860210776f9237a,1133628.0,M,29.0,"DEPLOYED, SIDE",NONE,NO INDICATION OF INJURY,UNKNOWN,NOT OBSCURED,NORMAL,,,,,2021-09-29 17:59:00,30,CLEAR,DAYLIGHT,TURNING,NOT DIVIDED,DRY,NO DEFECTS,ON SCENE,INJURY AND / OR TOW DUE TO CRASH,,$500 OR LESS,09/29/2021 05:59:00 PM,DISREGARDING OTHER TRAFFIC SIGNS,UNABLE TO DETERMINE,,2,"REPORTED, NOT EVIDENT",1.0,0.0,0.0,0.0,1.0,1.0,0.0,17,4,9,41.772817684,-87.630024485,POINT (-87.630024485162 41.772817683552),POINT (1176097.3207620084 1860589.9415320135),2021,200 W MARQUETTE RD
O1179464,DRIVER,2d482170e976b542a5be54f99c6e0c4a5555ae676a2f85d21d17c4ba822a607bddd3a4e9fba81914a598f962a9f8e211b86f25c5fba9238c5ac8fab158c42894,1119001.0,M,43.0,"DEPLOYED, FRONT",NONE,NONINCAPACITATING INJURY,NONE,NOT OBSCURED,NORMAL,,,,,2021-09-08 17:01:00,30,CLEAR,DAYLIGHT,TURNING,DIVIDED - W/MEDIAN (NOT RAISED),DRY,NO DEFECTS,ON SCENE,INJURY AND / OR TOW DUE TO CRASH,,"OVER $1,500",09/08/2021 05:01:00 PM,FAILING TO REDUCE SPEED TO AVOID CRASH,NOT APPLICABLE,,2,NONINCAPACITATING INJURY,2.0,0.0,0.0,2.0,0.0,0.0,0.0,17,4,9,41.881699067,-87.658679294,POINT (-87.658679294343 41.881699066849),POINT (1167969.2997905458 1900203.2264636743),2021,1240 W MADISON ST
O1071561,DRIVER,98d2d82b3987044f9ca4c69ab788f9ca98a80be707f1e1e46e48cd60bd78c34d608b698ea74bf013f07790a3c2f71077de207b3ff68a4e82a0c558f21db30bf4,1016197.0,F,40.0,"DEPLOYED, FRONT",NONE,NO INDICATION OF INJURY,OTHER,UNKNOWN,NORMAL,,,,,2021-04-06 05:01:00,30,CLEAR,DARKNESS,PARKED MOTOR VEHICLE,NOT DIVIDED,DRY,NO DEFECTS,ON SCENE,INJURY AND / OR TOW DUE TO CRASH,,"OVER $1,500",04/06/2021 05:01:00 AM,UNABLE TO DETERMINE,UNABLE TO DETERMINE,,2,NO INDICATION OF INJURY,0.0,0.0,0.0,0.0,0.0,2.0,0.0,5,3,4,41.757963799,-87.635845331,POINT (-87.635845330525 41.757963798527),POINT (1174553.4027123994 1855164.3739307455),2021,7500 S EGGLESTON AVE
O1083479,DRIVER,0ff64318922e00a8cc85cb51069587139022c7b51afd5d83cec35b9d4a2cdfa703aceb5d247fddde2b026c5e483303e80e170dd7442a85777cb5f76a575cc55c,1027608.0,M,,DEPLOYMENT UNKNOWN,NONE,NO INDICATION OF INJURY,DISREGARDED CONTROL DEVICES,UNKNOWN,UNKNOWN,,,,,2021-04-26 22:00:00,30,CLEAR,"DARKNESS, LIGHTED ROAD",TURNING,Y-INTERSECTION,DRY,NO DEFECTS,NOT ON SCENE (DESK REPORT),NO INJURY / DRIVE AWAY,,"OVER $1,500",04/26/2021 10:30:00 PM,DISREGARDING STOP SIGN,NOT APPLICABLE,,2,NO INDICATION OF INJURY,0.0,0.0,0.0,0.0,0.0,2.0,0.0,22,2,4,41.686058662,-87.602218434,POINT (-87.602218434087 41.686058661568),POINT (1183950.7798908933 1829039.0728222178),2021,845 E 115TH ST
O1123303,DRIVER,122584bf6b4709afc950ad138a215064e8b22327c1931e9471eb37fadc48fbb945a8d0e196e85052f2af3d5edacb38960ae8917c9c1fe474ea9da1e5df0add56,1065476.0,F,32.0,DID NOT DEPLOY,NONE,NO INDICATION OF INJURY,FOLLOWED TOO CLOSELY,NOT OBSCURED,NORMAL,,,,,2021-06-21 14:45:00,30,CLEAR,DAYLIGHT,TURNING,T-INTERSECTION,DRY,NO DEFECTS,NOT ON SCENE (DESK REPORT),NO INJURY / DRIVE AWAY,,"$501 - $1,500",06/21/2021 03:30:00 PM,FOLLOWING TOO CLOSELY,NOT APPLICABLE,,2,NO INDICATION OF INJURY,0.0,0.0,0.0,0.0,0.0,2.0,0.0,14,2,6,41.73616511,-87.625587569,POINT (-87.625587568999 41.736165110086),POINT (1177417.49318038 1847243.988223351),2021,8700 S LAFAYETTE AVE
O1041948,DRIVER,799c43bcf0da779d0ca5a691e27b3fc3e6ae0cfa07f50454d6791fc79f63b74e7f47e13a1d887f452d8a9b6f7ad4ab215442c1cb817c69652bea18e1fba6defc,987747.0,M,73.0,NOT APPLICABLE,NONE,NO INDICATION OF INJURY,FAILED TO YIELD,NOT OBSCURED,NORMAL,,,,,2021-02-13 17:51:00,30,SNOW,"DARKNESS, LIGHTED ROAD",PEDESTRIAN,NOT DIVIDED,SNOW OR SLUSH,NO DEFECTS,ON SCENE,INJURY AND / OR TOW DUE TO CRASH,,$500 OR LESS,02/13/2021 05:51:00 PM,"VISION OBSCURED (SIGNS, TREE LIMBS, BUILDINGS, ETC.)",UNABLE TO DETERMINE,,2,NONINCAPACITATING INJURY,1.0,0.0,0.0,1.0,0.0,1.0,0.0,17,7,2,41.868319686,-87.625990426,POINT (-87.625990425506 41.868319685546),POINT (1176911.239883231 1895399.4685753433),2021,1130 S WABASH AVE
O1125314,DRIVER,ff8ebe74497be0925efb606222f42800d821d645afec6b1a8751c02548ee30d4ed249aaea990db3917185d033157c374a7e98811b83c03ec4e8afae25c57cfc2,1067417.0,M,24.0,DID NOT DEPLOY,NONE,NO INDICATION OF INJURY,NONE,NOT OBSCURED,NORMAL,,,,,2021-06-24 12:30:00,30,CLEAR,DAYLIGHT,REAR END,NOT DIVIDED,DRY,NO DEFECTS,NOT ON SCENE (DESK REPORT),NO INJURY / DRIVE AWAY,,"OVER $1,500",06/24/2021 01:00:00 PM,FOLLOWING TOO CLOSELY,UNABLE TO DETERMINE,,2,NO INDICATION OF INJURY,0.0,0.0,0.0,0.0,0.0,2.0,0.0,12,5,6,41.985927992,-87.728663419,POINT (-87.728663418531 41.9859279924),POINT (1148643.522388403 1938042.3883589294),2021,5800 N PULASKI RD
O1056930,DRIVER,2563dde40382b8cfa505b76946dafa818d48856826094576926423e8e675cd49a2388c00db0204cfb72d8c6d60cb1a31e31cbcedda4607afb4b21e54c1ae069a,1002240.0,F,,DEPLOYMENT UNKNOWN,UNKNOWN,NO INDICATION OF INJURY,UNKNOWN,UNKNOWN,UNKNOWN,,,,,2021-03-06 16:45:00,30,UNKNOWN,UNKNOWN,SIDESWIPE SAME DIRECTION,T-INTERSECTION,UNKNOWN,UNKNOWN,NOT ON SCENE (DESK REPORT),NO INJURY / DRIVE AWAY,,$500 OR LESS,03/11/2021 03:20:00 PM,UNABLE TO DETERMINE,UNABLE TO DETERMINE,,2,NO INDICATION OF INJURY,0.0,0.0,0.0,0.0,0.0,2.0,0.0,16,7,3,41.874545216,-87.627464099,POINT (-87.627464099076 41.874545215885),POINT (1176491.1931276508 1897664.7397190647),2021,601 S STATE ST