PERSON_ID,PERSON_TYPE,CRASH_RECORD_ID,VEHICLE_ID,SEX,AGE,AIRBAG_DEPLOYED,EJECTION,INJURY_CLASSIFICATION,DRIVER_ACTION,DRIVER_VISION,PHYSICAL_CONDITION,PEDPEDAL_ACTION,PEDPEDAL_VISIBILITY,PEDPEDAL_LOCATION,CRASH_DATE_EST_I,CRASH_DATE,POSTED_SPEED_LIMIT,WEATHER_CONDITION,LIGHTING_CONDITION,FIRST_CRASH_TYPE,TRAFFICWAY_TYPE,ROADWAY_SURFACE_COND,ROAD_DEFECT,REPORT_TYPE,CRASH_TYPE,HIT_AND_RUN_I,DAMAGE,DATE_POLICE_NOTIFIED,PRIM_CONTRIBUTORY_CAUSE,SEC_CONTRIBUTORY_CAUSE,DOORING_I,NUM_UNITS,MOST_SEVERE_INJURY,INJURIES_TOTAL,INJURIES_FATAL,INJURIES_INCAPACITATING,INJURIES_NON_INCAPACITATING,INJURIES_REPORTED_NOT_EVIDENT,INJURIES_NO_INDICATION,INJURIES_UNKNOWN,CRASH_HOUR,CRASH_DAY_OF_WEEK,CRASH_MONTH,LATITUDE,LONGITUDE,LOCATION,geometry,YEAR,ADDRESS
O1246641,DRIVER,eb241d3c96a9633e38921386a13f918bdf1b596654568beedb3d358953306e7dd65fa421e4895b59c4c4355b8c8fb9824a021c389190f61bbd0641fc67858c52,1183237.0,F,,DEPLOYMENT UNKNOWN,NONE,NO INDICATION OF INJURY,IMPROPER PASSING,UNKNOWN,UNKNOWN,,,,,2021-12-15 08:00:00,40,CLEAR,DAYLIGHT,SIDESWIPE SAME DIRECTION,DIVIDED - W/MEDIAN BARRIER,DRY,UNKNOWN,NOT ON SCENE (DESK REPORT),NO INJURY / DRIVE AWAY,Y,"OVER $1,500",12/15/2021 12:20:00 PM,FAILING TO YIELD RIGHT-OF-WAY,IMPROPER OVERTAKING/PASSING,,2,NO INDICATION OF INJURY,0.0,0.0,0.0,0.0,0.0,2.0,0.0,8,4,12,41.923797792,-87.630777267,POINT (-87.630777266631 41.923797791573),POINT (1175441.880927982 1915604.9954167455),2021,2300 N LAKE SHORE DR NB
O1099486,DRIVER,fe4f7489c613331c2f4e85d46424d1cb1d95c323babcfdeaa16096afa807607d71e99ec1c7b1f579240d22ca3bceb7e9a30dedab9bee77f235e3aa8a40893ec4,1042894.0,X,,DEPLOYMENT UNKNOWN,NONE,NO INDICATION OF INJURY,UNKNOWN,UNKNOWN,UNKNOWN,,,,,2021-05-21 02:45:00,30,CLEAR,"DARKNESS, LIGHTED ROAD",SIDESWIPE SAME DIRECTION,DIVIDED - W/MEDIAN BARRIER,DRY,NO DEFECTS,ON SCENE,INJURY AND / OR TOW DUE TO CRASH,Y,"OVER $1,500",05/21/2021 03:02:00 AM,UNABLE TO DETERMINE,UNABLE TO DETERMINE,,2,NO INDICATION OF INJURY,0.0,0.0,0.0,0.0,0.0,2.0,0.0,2,6,5,41.751845308,-87.586148235,POINT (-87.586148235418 41.751845307752),POINT (1188132.2622816912 1853048.7002056174),2021,7850 S STONY ISLAND AVE
P244879,PASSENGER,f51c608856ab37f4ba582f403b1d5adbc0441b3043bbfdd457cdac4817fa4022cffd603b4ed07956d98d1c399e59fba3aee1a89b96996661db5e83fd0a4b1814,1035305.0,M,73.0,"DEPLOYED, COMBINATION",NONE,NONINCAPACITATING INJURY,,,,,,,,2021-05-08 17:20:00,30,CLEAR,DAYLIGHT,TURNING,DIVIDED - W/MEDIAN (NOT RAISED),DRY,NO DEFECTS,ON SCENE,INJURY AND / OR TOW DUE TO CRASH,,"OVER $1,500",05/08/2021 05:25:00 PM,UNABLE TO DETERMINE,UNABLE TO DETERMINE,,3,NONINCAPACITATING INJURY,2.0,0.0,0.0,2.0,0.0,3.0,0.0,17,7,5,41.749065056,-87.741203904,POINT (-87.741203904025 41.749065056465),POINT (1145829.4409615286 1851706.2948173364),2021,7901 S CICERO AVE
O1043278,DRIVER,de9702a8d1d4ee14d29fa2b50080e75381bc52c98b4ade8245532190517755e493df0d26cebe859baa962d6b6f91cfe58bebaa200c06eb5a35406c854662d549,989047.0,M,25.0,NOT APPLICABLE,NONE,NO INDICATION OF INJURY,FOLLOWED TOO CLOSELY,UNKNOWN,NORMAL,,,,,2021-02-16 08:55:00,30,SNOW,DAYLIGHT,REAR END,NOT DIVIDED,WET,UNKNOWN,NOT ON SCENE (DESK REPORT),NO INJURY / DRIVE AWAY,,"OVER $1,500",02/16/2021 09:40:00 AM,FOLLOWING TOO CLOSELY,UNABLE TO DETERMINE,,2,NO INDICATION OF INJURY,0.0,0.0,0.0,0.0,0.0,2.0,0.0,8,3,2,41.899580007,-87.668455165,POINT (-87.668455164851 41.899580006869),POINT (1165256.6685845843 1906698.2570685337),2021,1625 W AUGUSTA BLVD
O1169498,DRIVER,6202d6cc1f3e9daa0e09bec20485894210129440ef8689fd855a6cc04b7c48faac74594862013f43c093acd943ec2c4bf20bbd00f6728eeb19cbc7b68b1dfa5b,1109395.0,F,42.0,NOT APPLICABLE,NONE,NO INDICATION OF INJURY,UNKNOWN,UNKNOWN,NORMAL,,,,,2021-08-25 19:40:00,35,RAIN,"DARKNESS, LIGHTED ROAD",SIDESWIPE SAME DIRECTION,NOT DIVIDED,WET,NO DEFECTS,ON SCENE,NO INJURY / DRIVE AWAY,,"OVER $1,500",08/25/2021 07:41:00 PM,UNABLE TO DETERMINE,UNABLE TO DETERMINE,,2,NO INDICATION OF INJURY,0.0,0.0,0.0,0.0,0.0,3.0,0.0,19,4,8,41.698611721,-87.681519865,POINT (-87.681519865255 41.698611720616),POINT (1162255.2175868463 1833439.3844929843),2021,10714 S WESTERN AVE
O1049078,DRIVER,a89724822ce19a94065f1c49b68f8a55cd99e3a7be6d7c6cd937f228ac0f836a1a1265cf3b11a8a58a6ff64a27fe75e5833cd27de08e5c847c5646005587fbda,994671.0,M,28.0,DEPLOYMENT UNKNOWN,NONE,NO INDICATION OF INJURY,DISREGARDED CONTROL DEVICES,NOT OBSCURED,NORMAL,,,,,2021-02-24 14:34:00,30,CLEAR,DAYLIGHT,ANGLE,FOUR WAY,DRY,NO DEFECTS,ON SCENE,INJURY AND / OR TOW DUE TO CRASH,,"OVER $1,500",02/24/2021 02:45:00 PM,"OPERATING VEHICLE IN ERRATIC, RECKLESS, CARELESS, NEGLIGENT OR AGGRESSIVE MANNER",NOT APPLICABLE,,2,NO INDICATION OF INJURY,0.0,0.0,0.0,0.0,0.0,3.0,0.0,14,4,2,41.886724965,-87.686433606,POINT (-87.686433606151 41.886724964549),POINT (1160397.505968686 1901976.4656359912),2021,301 N WESTERN AVE
O1035599,DRIVER,f9978c4167795e3f8b823e2f460c4aeecf487442f8f86ec39e46dbbdd4d7daa1d9816c6e93f0641b77369f3fd6a5b430435333cc50b1a85d1c8ea4dc75f501e8,981609.0,M,36.0,DID NOT DEPLOY,NONE,NO INDICATION OF INJURY,OTHER,NOT OBSCURED,NORMAL,,,,,2021-02-04 13:51:00,30,SNOW,DAYLIGHT,TURNING,FOUR WAY,SNOW OR SLUSH,WORN SURFACE,ON SCENE,INJURY AND / OR TOW DUE TO CRASH,,"OVER $1,500",02/04/2021 02:01:00 PM,WEATHER,FAILING TO REDUCE SPEED TO AVOID CRASH,,2,NO INDICATION OF INJURY,0.0,0.0,0.0,0.0,0.0,3.0,0.0,13,5,2,41.844160508,-87.72326778,POINT (-87.723267779663 41.844160508083),POINT (1150477.92671733 1886392.6245569927),2021,3933 W 26TH ST
P258203,PASSENGER,4b68f50987a82c38e5d7a96c00225b93a0efd508bc8f89b9082d5f7525b9c39f3033e31f56eaf7dde45bed02bf9c904cd75aa19bce8fb1cf0c63b509d46a5ff9,1091362.0,F,18.0,DID NOT DEPLOY,NONE,NO INDICATION OF INJURY,,,,,,,,2021-07-29 16:30:00,30,CLEAR,DAYLIGHT,REAR END,T-INTERSECTION,DRY,UNKNOWN,NOT ON SCENE (DESK REPORT),NO INJURY / DRIVE AWAY,,"OVER $1,500",07/29/2021 04:30:00 PM,UNABLE TO DETERMINE,UNABLE TO DETERMINE,,2,NO INDICATION OF INJURY,0.0,0.0,0.0,0.0,0.0,5.0,0.0,16,5,7,41.754465638,-87.740773596,POINT (-87.740773595591 41.754465637794),POINT (1145933.3101208021 1853675.022416635),2021,4740 W 76TH ST
O1053509,DRIVER,7225f5a350e81a6fd5f98429ffe562cec56b65bf3b3305c1aec01a80f6e644f1419f7fce563a5875875a745e75fc7a350180cf33cce2445ee730acba9482e57f,998922.0,M,55.0,DEPLOYMENT UNKNOWN,UNKNOWN,NO INDICATION OF INJURY,UNKNOWN,UNKNOWN,UNKNOWN,,,,,2021-03-04 15:15:00,15,UNKNOWN,UNKNOWN,PARKED MOTOR VEHICLE,ONE-WAY,UNKNOWN,UNKNOWN,NOT ON SCENE (DESK REPORT),NO INJURY / DRIVE AWAY,,"OVER $1,500",03/04/2021 05:00:00 PM,UNABLE TO DETERMINE,UNABLE TO DETERMINE,,2,NO INDICATION OF INJURY,0.0,0.0,0.0,0.0,0.0,1.0,0.0,15,5,3,41.744866923,-87.594262861,POINT (-87.594262861212 41.744866922878),POINT (1185939.875362849 1850486.712550195),2021,8234 S AVALON AVE
O1027176,DRIVER,4a99dc7d2a2e90890b5bd04885f947ee0e4d82b0226330f05f83e52c17891a140263722e09480cc4be8dd7a3b0194e08492d1e66c6ae005808183a7a1475ff78,973553.0,M,25.0,DID NOT DEPLOY,NONE,NO INDICATION OF INJURY,OTHER,MOVING VEHICLES,NORMAL,,,,,2021-01-19 21:25:00,30,SNOW,"DARKNESS, LIGHTED ROAD",PARKED MOTOR VEHICLE,NOT DIVIDED,SNOW OR SLUSH,NO DEFECTS,NOT ON SCENE (DESK REPORT),INJURY AND / OR TOW DUE TO CRASH,,"OVER $1,500",01/19/2021 09:40:00 PM,WEATHER,FAILING TO REDUCE SPEED TO AVOID CRASH,,2,NO INDICATION OF INJURY,0.0,0.0,0.0,0.0,0.0,1.0,0.0,21,3,1,41.935511194,-87.756426944,POINT (-87.756426943873 41.93551119395),POINT (1141219.0271007626 1919618.2733558079),2021,3015 N LARAMIE AVE
P241931,PASSENGER,4831c563aac3454a260b9d78e15a20ce499d3d7f5f6f7f3010a4eef0df7a8fbb693c97848fd7d4db3ce8e322cff4b4e978f6b329512a0cac7ed83cc52c5ca769,1021645.0,F,0.0,NOT APPLICABLE,NONE,NONINCAPACITATING INJURY,,,,,,,,2021-04-15 10:00:00,40,CLEAR,DAYLIGHT,FIXED OBJECT,DIVIDED - W/MEDIAN BARRIER,DRY,NO DEFECTS,ON SCENE,INJURY AND / OR TOW DUE TO CRASH,,"OVER $1,500",04/15/2021 10:04:00 AM,FAILING TO REDUCE SPEED TO AVOID CRASH,PHYSICAL CONDITION OF DRIVER,,1,INCAPACITATING INJURY,4.0,0.0,1.0,3.0,0.0,2.0,0.0,10,5,4,41.874470434,-87.617486196,POINT (-87.617486195888 41.874470433803),POINT (1179208.8854962364 1897659.9952495978),2021,600 S LAKE SHORE DR NB
O1030367,DRIVER,2dbb667a245324d464bfbe1975dec6474233961ac315d40a0c2f191e060de353c8f5d6d546c2afecd19629a7b7419a2dd1f83fce2bff9f70bdcbeaa15cce1124,976596.0,M,30.0,DID NOT DEPLOY,NONE,NO INDICATION OF INJURY,UNKNOWN,UNKNOWN,NORMAL,,,,,2021-01-25 19:45:00,30,SNOW,"DARKNESS, LIGHTED ROAD",REAR END,DIVIDED - W/MEDIAN BARRIER,WET,"RUT, HOLES",ON SCENE,NO INJURY / DRIVE AWAY,,"OVER $1,500",01/25/2021 07:50:00 PM,UNABLE TO DETERMINE,NOT APPLICABLE,,2,NO INDICATION OF INJURY,0.0,0.0,0.0,0.0,0.0,3.0,0.0,19,2,1,41.900258783,-87.624032075,POINT (-87.624032075059 41.900258783461),POINT (1177348.4471276444 1907042.4624935056),2021,943 N MICHIGAN AVE
O1144751,DRIVER,a1b3ef1957d1f64a63f27e0f2c7c37af288e022ee789fd86dcdd5dee6ff443f43600fb75d5f8d24d524e7fb5917f86864be51a5b0d3839f07ff8f0f4df0ac07f,1085862.0,X,,DEPLOYMENT UNKNOWN,NONE,NO INDICATION OF INJURY,FAILED TO YIELD,UNKNOWN,UNKNOWN,,,,,2021-07-21 21:00:00,30,CLEAR,"DARKNESS, LIGHTED ROAD",ANGLE,NOT DIVIDED,DRY,NO DEFECTS,ON SCENE,INJURY AND / OR TOW DUE TO CRASH,Y,"OVER $1,500",07/21/2021 09:03:00 PM,"OPERATING VEHICLE IN ERRATIC, RECKLESS, CARELESS, NEGLIGENT OR AGGRESSIVE MANNER",UNABLE TO DETERMINE,,2,"REPORTED, NOT EVIDENT",1.0,0.0,0.0,0.0,1.0,4.0,0.0,21,4,7,41.787976364,-87.703251242,POINT (-87.703251242135 41.78797636417),POINT (1156082.086216478 1865958.8039044987),2021,5801 S KEDZIE AVE
O1226131,DRIVER,370a1eab5a8cc49b4a70c3691a862c0a524b50c4a6d8cf27c5e8175a4871803c4d47eb0761d06a5b1c702502112ad46fa6e0bdbfefc59164145958b5673c6626,1163555.0,X,,DEPLOYMENT UNKNOWN,NONE,NO INDICATION OF INJURY,UNKNOWN,UNKNOWN,UNKNOWN,,,,,2021-11-12 13:27:00,30,RAIN,UNKNOWN,PARKED MOTOR VEHICLE,NOT DIVIDED,WET,NO DEFECTS,ON SCENE,NO INJURY / DRIVE AWAY,Y,"OVER $1,500",11/12/2021 02:41:00 PM,UNABLE TO DETERMINE,UNABLE TO DETERMINE,,4,NO INDICATION OF INJURY,0.0,0.0,0.0,0.0,0.0,3.0,0.0,13,6,11,41.768581508,-87.671139643,POINT (-87.671139643421 41.768581507778),POINT (1164893.8279740142 1858957.2770169436),2021,1898 W 69TH ST
O1044955,DRIVER,a9f0a432fd7a13ec9759d203c6d7c871ff74ab78a2296aff22556ebd54bd37bc585ea269effa50af337d4516b441ebe0433249ca74af8ddfdaa811d08dbdc0a2,990652.0,M,,NOT APPLICABLE,NONE,NO INDICATION OF INJURY,UNKNOWN,NOT OBSCURED,NORMAL,,,,,2021-02-18 16:05:00,30,CLEAR,DAYLIGHT,SIDESWIPE SAME DIRECTION,OTHER,DRY,NO DEFECTS,NOT ON SCENE (DESK REPORT),NO INJURY / DRIVE AWAY,Y,"OVER $1,500",02/18/2021 05:50:00 PM,UNABLE TO DETERMINE,NOT APPLICABLE,,2,NO INDICATION OF INJURY,0.0,0.0,0.0,0.0,0.0,2.0,0.0,16,5,2,41.80770793,-87.72790598,POINT (-87.727905980448 41.807707929857),POINT (1149307.7299270483 1873100.5431861011),2021,4147 W 47TH ST
O1044945,DRIVER,ffb42d5a9096f20648425cf9684bec4172315d07ac2cc12cb8f523365ce0b403065ce04b180df8ce46e7cc070c6bd07f98fb3f8b5f96e4d8b359d1b9ef4474fb,990648.0,M,63.0,"DEPLOYED, COMBINATION",NONE,NONINCAPACITATING INJURY,FAILED TO YIELD,NOT OBSCURED,NORMAL,,,,,2021-02-18 15:14:00,30,CLEAR,DAYLIGHT,ANGLE,NOT DIVIDED,SNOW OR SLUSH,NO DEFECTS,ON SCENE,INJURY AND / OR TOW DUE TO CRASH,,"OVER $1,500",02/18/2021 03:15:00 PM,FAILING TO YIELD RIGHT-OF-WAY,DRIVING SKILLS/KNOWLEDGE/EXPERIENCE,,2,NONINCAPACITATING INJURY,4.0,0.0,0.0,4.0,0.0,0.0,0.0,15,5,2,41.768474213,-87.66284856,POINT (-87.662848560202 41.768474212541),POINT (1167155.9193309199 1858935.7021109548),2021,6900 S JUSTINE ST
O1205407,DRIVER,5c38caef298159a961d44924a06c82d4d3fa64b62ecb18d162432ad4f1848e6f9c8a9651284d9f072173315f3157606238e8b5f5750fa724e16d58b43ce9cc41,1143752.0,F,60.0,DID NOT DEPLOY,NONE,NO INDICATION OF INJURY,NONE,NOT OBSCURED,NORMAL,,,,,2021-10-14 19:07:00,30,CLEAR,DARKNESS,REAR END,DIVIDED - W/MEDIAN (NOT RAISED),DRY,NO DEFECTS,NOT ON SCENE (DESK REPORT),NO INJURY / DRIVE AWAY,,"OVER $1,500",10/14/2021 07:55:00 PM,FAILING TO REDUCE SPEED TO AVOID CRASH,FOLLOWING TOO CLOSELY,,3,NO INDICATION OF INJURY,0.0,0.0,0.0,0.0,0.0,3.0,0.0,19,5,10,41.953773361,-87.726537294,POINT (-87.726537293508 41.953773361319),POINT (1149304.5499652755 1926329.1971025427),2021,3934 W IRVING PARK RD
O1047187,DRIVER,92b5419c3347dff046e836f233931be20ee7b02f183ce72d640e21b2b4aa37f1c66bbba7b57d902fdcf2dbfc24475b7aa0d820b5bbca8421497f93057b1f051a,992839.0,X,,DEPLOYMENT UNKNOWN,NONE,NO INDICATION OF INJURY,IMPROPER BACKING,UNKNOWN,UNKNOWN,,,,,2021-02-20 18:50:00,30,CLEAR,"DARKNESS, LIGHTED ROAD",REAR TO SIDE,PARKING LOT,DRY,NO DEFECTS,NOT ON SCENE (DESK REPORT),NO INJURY / DRIVE AWAY,Y,"OVER $1,500",02/21/2021 05:45:00 PM,FAILING TO YIELD RIGHT-OF-WAY,FAILING TO YIELD RIGHT-OF-WAY,,2,NO INDICATION OF INJURY,0.0,0.0,0.0,0.0,0.0,2.0,0.0,18,7,2,41.852150126,-87.684574345,POINT (-87.684574344746 41.852150125608),POINT (1160998.9950750484 1889381.2820194575),2021,2332 W CERMAK RD
O1033424,DRIVER,3cd7e263872833b99a41176cc8a58c56d1de84d1cb81d45799758a8cb2e9fefc7df65337bcd77bceb8de8104f482c2907f3ceeb26fbf4483456052434def2d64,979540.0,M,63.0,NOT APPLICABLE,NONE,NO INDICATION OF INJURY,IMPROPER BACKING,NOT OBSCURED,NORMAL,,,,,2021-01-31 22:45:00,30,SNOW,"DARKNESS, LIGHTED ROAD",REAR TO FRONT,NOT DIVIDED,SNOW OR SLUSH,UNKNOWN,NOT ON SCENE (DESK REPORT),NO INJURY / DRIVE AWAY,,"$501 - $1,500",02/01/2021 12:01:00 AM,IMPROPER BACKING,UNABLE TO DETERMINE,,2,NO INDICATION OF INJURY,0.0,0.0,0.0,0.0,0.0,2.0,0.0,22,1,1,41.882673884,-87.69207631,POINT (-87.69207630964 41.88267388442),POINT (1158872.0503630226 1900488.723711771),2021,51 N TALMAN AVE
O1116706,DRIVER,6c80945aa21da29e9d7ff0b6791f952be6d73e7eb80c6a969135e9220a719f6e519b411de4fe259c47b85d3b8ff7848d83bab8659c369d924628610882e56bbd,1059298.0,M,50.0,"DEPLOYED, COMBINATION",NONE,NO INDICATION OF INJURY,NONE,NOT OBSCURED,NORMAL,,,,,2021-06-12 22:52:00,30,CLEAR,"DARKNESS, LIGHTED ROAD",REAR END,DIVIDED - W/MEDIAN (NOT RAISED),DRY,NO DEFECTS,ON SCENE,INJURY AND / OR TOW DUE TO CRASH,Y,"OVER $1,500",06/12/2021 11:08:00 PM,"OPERATING VEHICLE IN ERRATIC, RECKLESS, CARELESS, NEGLIGENT OR AGGRESSIVE MANNER",DRIVING ON WRONG SIDE/WRONG WAY,,3,NONINCAPACITATING INJURY,1.0,0.0,0.0,1.0,0.0,5.0,0.0,22,7,6,41.876886261,-87.733019489,POINT (-87.733019489239 41.87688626068),POINT (1147737.4320428143 1898299.0724188534),2021,4301 W JACKSON BLVD
O1234115,DRIVER,6d246d74cb98814de91275dfc08753498d6b9680b71228074023bc24d31e77320b06deca9659435aad52c56cccb5b34a7cf75e4c5c4d9429634b4ce3c7d8aaa4,1171236.0,M,,DEPLOYMENT UNKNOWN,NONE,NO INDICATION OF INJURY,UNKNOWN,UNKNOWN,UNKNOWN,,,,,2021-11-25 07:15:00,35,CLEAR,DAWN,REAR END,ONE-WAY,DRY,NO DEFECTS,NOT ON SCENE (DESK REPORT),NO INJURY / DRIVE AWAY,Y,"OVER $1,500",11/25/2021 07:18:00 AM,UNABLE TO DETERMINE,NOT APPLICABLE,,2,NO INDICATION OF INJURY,0.0,0.0,0.0,0.0,0.0,2.0,0.0,7,5,11,41.756400407,-87.624869686,POINT (-87.624869685896 41.756400406673),POINT (1177552.7187122218 1854619.15784885),2021,7600 S STATE ST
O1229693,DRIVER,24df2abeedd01a5f566bf863c192a4b1f1cc5fc186b43a505b749f0fb5de04d8c173874865197698c19eee9fa6bbf2e78193783292d1a6f4e7bbbb617c1dc7d2,1166957.0,F,23.0,DID NOT DEPLOY,NONE,NO INDICATION OF INJURY,NONE,UNKNOWN,NORMAL,,,,,2021-11-18 12:21:00,30,CLEAR,DAYLIGHT,SIDESWIPE SAME DIRECTION,ONE-WAY,UNKNOWN,UNKNOWN,NOT ON SCENE (DESK REPORT),NO INJURY / DRIVE AWAY,,"$501 - $1,500",11/18/2021 03:45:00 PM,IMPROPER OVERTAKING/PASSING,IMPROPER OVERTAKING/PASSING,,2,NO INDICATION OF INJURY,0.0,0.0,0.0,0.0,0.0,2.0,0.0,12,5,11,41.874652177,-87.710915737,POINT (-87.710915737246 41.874652177201),POINT (1153763.02209123 1897527.8548686614),2021,3400 W CONGRESS PKWY
P259784,PASSENGER,3cdfa4f26ccbb4ca672a506493e3fce5c44176dc548aa3d57d308dcb1e78c10f6ec5d404ae953e3a5bd4effc03fb59e16e2c687bed420ed9b8f3a703dc403872,1097962.0,F,4.0,"DEPLOYED, FRONT",NONE,NO INDICATION OF INJURY,,,,,,,,2021-08-08 10:05:00,35,CLEAR,DAYLIGHT,ANGLE,FOUR WAY,DRY,NO DEFECTS,ON SCENE,INJURY AND / OR TOW DUE TO CRASH,,"$501 - $1,500",08/08/2021 10:05:00 AM,UNABLE TO DETERMINE,NOT APPLICABLE,,2,INCAPACITATING INJURY,1.0,0.0,1.0,0.0,0.0,9.0,0.0,10,1,8,41.945673625,-87.775471291,POINT (-87.775471291081 41.945673625019),POINT (1136013.1804188162 1923287.1891225625),2021,5935 W ADDISON ST
O1026277,DRIVER,014bd376500341da2e8d2ccbb6fac86d769d40cc580995103d91a79ce79eeed85bbae5742d2b91cef302b91b5019022f0a80f5a3e257b19941022f739be7eeac,972691.0,F,34.0,NOT APPLICABLE,NONE,NONINCAPACITATING INJURY,NONE,NOT OBSCURED,NORMAL,,,,,2021-01-17 19:07:00,30,CLEAR,DAYLIGHT,HEAD ON,FOUR WAY,WET,NO DEFECTS,ON SCENE,INJURY AND / OR TOW DUE TO CRASH,,"OVER $1,500",01/17/2021 07:08:00 PM,FAILING TO YIELD RIGHT-OF-WAY,UNABLE TO DETERMINE,,3,NONINCAPACITATING INJURY,3.0,0.0,0.0,2.0,1.0,1.0,0.0,19,1,1,41.75593733,-87.649177065,POINT (-87.649177064754 41.755937329993),POINT (1170921.8098666554 1854396.7365780412),2021,7600 S MORGAN ST
O1243665,DRIVER,f40f86500b9c048bd328a726ba37a5ae7c7f8345a7fc694e8e473493224b3ac57ee26aae99fd3a9dffafb49c55e9c4cb14fe923feab30189437d1ccbf440c87c,1180366.0,X,,DEPLOYMENT UNKNOWN,NONE,NO INDICATION OF INJURY,UNKNOWN,UNKNOWN,UNKNOWN,,,,,2021-12-10 20:00:00,30,RAIN,"DARKNESS, LIGHTED ROAD",ANGLE,T-INTERSECTION,WET,UNKNOWN,ON SCENE,INJURY AND / OR TOW DUE TO CRASH,Y,"OVER $1,500",12/10/2021 08:26:00 PM,UNABLE TO DETERMINE,UNABLE TO DETERMINE,,2,"REPORTED, NOT EVIDENT",4.0,0.0,0.0,0.0,4.0,2.0,0.0,20,6,12,41.876009339,-87.703651072,POINT (-87.703651071522 41.876009339291),POINT (1155737.9063178368 1898036.8334368065),2021,3100 W VAN BUREN ST
P270558,PASSENGER,614878c80df9a3b17adee52833d880bf79540a3a1662a428a734a4e87a107cd14c359bb8685773348c1ce4cda5956ef411a30358f3ce0e8d5a4b3aea5b22c66a,1146343.0,M,,DID NOT DEPLOY,NONE,NO INDICATION OF INJURY,,,,,,,,2021-10-18 17:05:00,30,CLEAR,DAYLIGHT,PARKED MOTOR VEHICLE,PARKING LOT,DRY,NO DEFECTS,NOT ON SCENE (DESK REPORT),NO INJURY / DRIVE AWAY,,"$501 - $1,500",10/18/2021 05:20:00 PM,IMPROPER LANE USAGE,IMPROPER LANE USAGE,,2,NO INDICATION OF INJURY,0.0,0.0,0.0,0.0,0.0,3.0,0.0,17,2,10,41.853971728,-87.63433457,POINT (-87.634334570151 41.853971728479),POINT (1174681.0737783005 1890152.4847930493),2021,2117 S CHINA PL
P250355,PASSENGER,15810dc4bcdf4bb640302a5600497c57013abb3dd07698557b0050787403a7301d27c3092c819717c96d7a2dc8dc9a5a474fbb6234bc90fd376fdbbd3946c203,1058365.0,,17.0,DID NOT DEPLOY,NONE,NO INDICATION OF INJURY,,,,,,,,2021-06-11 20:49:00,40,CLEAR,DARKNESS,REAR END,OTHER,DRY,NO DEFECTS,ON SCENE,NO INJURY / DRIVE AWAY,,"$501 - $1,500",06/11/2021 09:13:00 PM,FAILING TO REDUCE SPEED TO AVOID CRASH,FAILING TO REDUCE SPEED TO AVOID CRASH,,2,NO INDICATION OF INJURY,0.0,0.0,0.0,0.0,0.0,3.0,0.0,20,6,6,41.854379536,-87.614407866,POINT (-87.614407865663 41.85437953624),POINT (1180108.5740114064 1890345.911977801),2021,2103 S LAKE SHORE DR W
O1035709,DRIVER,7d79420037398f435a3fe00052a675a5cacfe738b3c62f6afaacc9af3c3e77f96bb344c667dd201492311cc7b0e7eb012fa5303436a2b6219d140452b6df14bf,981702.0,M,35.0,DID NOT DEPLOY,NONE,NO INDICATION OF INJURY,NONE,NOT OBSCURED,NORMAL,,,,,2021-02-04 15:15:00,30,SNOW,DAWN,REAR END,NOT DIVIDED,WET,NO DEFECTS,NOT ON SCENE (DESK REPORT),NO INJURY / DRIVE AWAY,,"OVER $1,500",02/04/2021 04:15:00 PM,UNABLE TO DETERMINE,UNABLE TO DETERMINE,,2,NO INDICATION OF INJURY,0.0,0.0,0.0,0.0,0.0,2.0,0.0,15,5,2,41.872973118,-87.761703553,POINT (-87.761703552681 41.872973118357),POINT (1139935.1787491157 1896819.7994538022),2021,5500 W HARRISON ST
O1120295,DRIVER,ab3e3e6d0575cabfde1e22471b242c1b2f4e088f115fa5e5e14f4b6f1f2f8e3ade203eb430ea4492236b14a2199a717588aca29dd24baf83b6e281cf93441c93,1062626.0,M,24.0,DID NOT DEPLOY,NONE,NONINCAPACITATING INJURY,IMPROPER PASSING,NOT OBSCURED,NORMAL,,,,,2021-06-17 16:39:00,30,CLEAR,DAYLIGHT,SIDESWIPE SAME DIRECTION,NOT DIVIDED,DRY,NO DEFECTS,ON SCENE,INJURY AND / OR TOW DUE TO CRASH,Y,"OVER $1,500",06/17/2021 04:51:00 PM,IMPROPER LANE USAGE,NOT APPLICABLE,,2,NONINCAPACITATING INJURY,3.0,0.0,0.0,3.0,0.0,1.0,0.0,16,5,6,41.787199151,-87.641236622,POINT (-87.641236621967 41.787199150968),POINT (1172996.6987047293 1865805.633474878),2021,626 W 59TH ST
O1156518,DRIVER,c94df501c932c81d68a1dfbc93fbbc2ffedefe2e66da3cf84cce32b2f0e69a55e7a11ce9b962f01406ae3595221d18d5a50b20f9953dfff406712bebd5d627dc,1097043.0,M,18.0,NOT APPLICABLE,NONE,NO INDICATION OF INJURY,UNKNOWN,NOT OBSCURED,NORMAL,,,,,2021-08-06 22:27:00,30,RAIN,"DARKNESS, LIGHTED ROAD",REAR END,DIVIDED - W/MEDIAN BARRIER,WET,NO DEFECTS,ON SCENE,NO INJURY / DRIVE AWAY,,"OVER $1,500",08/06/2021 10:44:00 PM,WEATHER,FOLLOWING TOO CLOSELY,,5,NO INDICATION OF INJURY,0.0,0.0,0.0,0.0,0.0,8.0,0.0,22,6,8,41.858029485,-87.616653884,POINT (-87.616653884447 41.858029484947),POINT (1179485.5806229238 1891670.8302248965),2021,1798 S LAKE SHORE DR E