PERSON_ID,PERSON_TYPE,CRASH_RECORD_ID,VEHICLE_ID,SEX,AGE,AIRBAG_DEPLOYED,EJECTION,INJURY_CLASSIFICATION,DRIVER_ACTION,DRIVER_VISION,PHYSICAL_CONDITION,PEDPEDAL_ACTION,PEDPEDAL_VISIBILITY,PEDPEDAL_LOCATION,CRASH_DATE_EST_I,CRASH_DATE,POSTED_SPEED_LIMIT,WEATHER_CONDITION,LIGHTING_CONDITION,FIRST_CRASH_TYPE,TRAFFICWAY_TYPE,ROADWAY_SURFACE_COND,ROAD_DEFECT,REPORT_TYPE,CRASH_TYPE,HIT_AND_RUN_I,DAMAGE,DATE_POLICE_NOTIFIED,PRIM_CONTRIBUTORY_CAUSE,SEC_CONTRIBUTORY_CAUSE,DOORING_I,NUM_UNITS,MOST_SEVERE_INJURY,INJURIES_TOTAL,INJURIES_FATAL,INJURIES_INCAPACITATING,INJURIES_NON_INCAPACITATING,INJURIES_REPORTED_NOT_EVIDENT,INJURIES_NO_INDICATION,INJURIES_UNKNOWN,CRASH_HOUR,CRASH_DAY_OF_WEEK,CRASH_MONTH,LATITUDE,LONGITUDE,LOCATION,geometry,YEAR,ADDRESS
O1035917,DRIVER,5f3f114021193f3dfa544e45a61615b20295c2480bfd1a04993d854a3c499d3e077f0572517fe0fe1ecc912782ab89e717b7c40747da5f5ac6b41dc86ded0dfe,981905.0,M,66.0,DID NOT DEPLOY,NONE,"REPORTED, NOT EVIDENT",NONE,UNKNOWN,NORMAL,,,,,2021-02-04 20:36:00,30,SNOW,"DARKNESS, LIGHTED ROAD",TURNING,FOUR WAY,SNOW OR SLUSH,"RUT, HOLES",ON SCENE,INJURY AND / OR TOW DUE TO CRASH,,"OVER $1,500",02/04/2021 08:36:00 PM,FAILING TO REDUCE SPEED TO AVOID CRASH,FAILING TO YIELD RIGHT-OF-WAY,,3,"REPORTED, NOT EVIDENT",1.0,0.0,0.0,0.0,1.0,2.0,0.0,20,5,2,41.772441793,-87.654373236,POINT (-87.654373236431 41.772441793368),POINT (1169456.5573654878 1860399.5947200533),2021,1200 W MARQUETTE RD
O1195202,DRIVER,3a0b5b88678d2036cb6ae801b7c236ffec17dc286ed0cd61ddd0df9d56d08bd1f1e14a450bbbbba95bdb23c6ebda5cfd97227ae15cf17630bad1126277aa4409,1134013.0,F,,DID NOT DEPLOY,NONE,NO INDICATION OF INJURY,IMPROPER TURN,NOT OBSCURED,NORMAL,,,,,2021-09-29 14:00:00,30,CLEAR,DAYLIGHT,TURNING,DIVIDED - W/MEDIAN (NOT RAISED),DRY,NO DEFECTS,NOT ON SCENE (DESK REPORT),NO INJURY / DRIVE AWAY,,"OVER $1,500",09/30/2021 01:54:00 PM,IMPROPER TURNING/NO SIGNAL,DRIVING SKILLS/KNOWLEDGE/EXPERIENCE,,2,NO INDICATION OF INJURY,0.0,0.0,0.0,0.0,0.0,2.0,0.0,14,4,9,41.792447999,-87.772209725,POINT (-87.772209725203 41.792447999377),POINT (1137265.4483481713 1867457.9576057908),2021,5500 S AUSTIN AVE
O1025108,DRIVER,c56cd13392f3678f043bb611ceace4cc44a4c0aa90af9ca2de39ab2ee94a345ed9dc9b44a0af0327c59c729d39fd4799d157b336d373a3eac4b47b74ab878f17,971548.0,F,55.0,"DEPLOYED, FRONT",NONE,"REPORTED, NOT EVIDENT",DISREGARDED CONTROL DEVICES,UNKNOWN,NORMAL,,,,,2021-01-15 16:59:00,30,CLEAR,"DARKNESS, LIGHTED ROAD",ANGLE,FOUR WAY,WET,NO DEFECTS,ON SCENE,INJURY AND / OR TOW DUE TO CRASH,,"OVER $1,500",01/15/2021 05:00:00 PM,DISREGARDING TRAFFIC SIGNALS,FAILING TO YIELD RIGHT-OF-WAY,,2,NONINCAPACITATING INJURY,3.0,0.0,0.0,2.0,1.0,0.0,0.0,16,6,1,41.867299774,-87.644330692,POINT (-87.644330692089 41.867299774301),POINT (1171918.798967836 1894987.1858138544),2021,652 W ROOSEVELT RD
P266965,PASSENGER,f548a866704a14b36b4e6ed034295176884ee1d4dfe25d04ea49dc28e6c6f4c47cf407ccea9e00556efc57fbb9419c9489771564b053e5b4b4fce58ab0148413,1129772.0,F,0.0,NOT APPLICABLE,NONE,NO INDICATION OF INJURY,,,,,,,,2021-09-24 08:40:00,30,CLEAR,DAYLIGHT,REAR END,NOT DIVIDED,DRY,NO DEFECTS,NOT ON SCENE (DESK REPORT),INJURY AND / OR TOW DUE TO CRASH,,"OVER $1,500",09/24/2021 09:15:00 AM,FOLLOWING TOO CLOSELY,NOT APPLICABLE,,3,INCAPACITATING INJURY,1.0,0.0,1.0,0.0,0.0,3.0,0.0,8,6,9,41.920225683,-87.773180218,POINT (-87.773180217814 41.920225683168),POINT (1136697.042556508 1914017.9871313367),2021,5900 W GRAND AVE
O1179819,DRIVER,f72b3cd95368cf712bf46d58d6115625ffa1014e5ecc7aa6c76159fc7d3fb63a59613b16243e07bc44897d9b6adffc399235fa477f010a969d0aea2eb94e0a88,1119302.0,M,31.0,DID NOT DEPLOY,NONE,NO INDICATION OF INJURY,IMPROPER LANE CHANGE,NOT OBSCURED,NORMAL,,,,,2021-09-08 15:55:00,30,CLEAR,DAYLIGHT,SIDESWIPE SAME DIRECTION,NOT DIVIDED,DRY,NO DEFECTS,NOT ON SCENE (DESK REPORT),NO INJURY / DRIVE AWAY,,"OVER $1,500",09/09/2021 11:20:00 AM,UNABLE TO DETERMINE,UNABLE TO DETERMINE,,2,NO INDICATION OF INJURY,0.0,0.0,0.0,0.0,0.0,2.0,0.0,15,4,9,41.925113746,-87.678051744,POINT (-87.678051744342 41.925113745559),POINT (1162572.992774111 1915982.671659182),2021,2402 N DAMEN AVE
P270512,PASSENGER,5b10dd2028c721ed76fa755c36f960648ea3838e3ae61ee00fb97de9f820c082a121e5a328d6602d8927a03b82c10c31525b4f210fc92809e2fcb47f65bc9748,1146049.0,M,,NOT APPLICABLE,NONE,NO INDICATION OF INJURY,,,,,,,,2021-10-18 14:48:00,25,CLEAR,DAYLIGHT,PARKED MOTOR VEHICLE,PARKING LOT,DRY,NO DEFECTS,ON SCENE,NO INJURY / DRIVE AWAY,Y,"$501 - $1,500",10/18/2021 03:47:00 PM,IMPROPER BACKING,UNABLE TO DETERMINE,,2,NO INDICATION OF INJURY,0.0,0.0,0.0,0.0,0.0,3.0,0.0,14,2,10,41.707210358,-87.628358812,POINT (-87.628358811514 41.707210358473),POINT (1176747.5241848677 1836686.9785270311),2021,200 W 103RD ST
O1115699,DRIVER,9cd3c0b009c768a387053777e93e51e7f321f8c9a002f6040bc7a573da50ab9609599bf8f30e191ce2df8b1884e19ae2c6bfc6facbc863a4beafec9af4de7f22,1058331.0,F,46.0,NOT APPLICABLE,NONE,NO INDICATION OF INJURY,NONE,NOT OBSCURED,NORMAL,,,,Y,2021-06-11 18:30:00,30,CLEAR,DAYLIGHT,TURNING,NOT DIVIDED,DRY,NO DEFECTS,NOT ON SCENE (DESK REPORT),NO INJURY / DRIVE AWAY,,"$501 - $1,500",06/11/2021 07:10:00 PM,FAILING TO YIELD RIGHT-OF-WAY,NOT APPLICABLE,,2,NO INDICATION OF INJURY,0.0,0.0,0.0,0.0,0.0,4.0,0.0,18,6,6,41.988477307,-87.67000057,POINT (-87.670000569549 41.98847730738),POINT (1164585.2544470301 1939089.4348343934),2021,5900 N CLARK ST
O1246036,DRIVER,7fbee86d50ea151b08d23e12bdf4ed0379c4d8473544714ebc35b7d38f8978c6a940535e78e5e5c5614e051c319ae21424d33d1b522a2fcb49873cabcd527353,1182678.0,M,31.0,NOT APPLICABLE,NONE,NO INDICATION OF INJURY,NONE,NOT OBSCURED,NORMAL,,,,,2021-12-14 14:00:00,30,CLEAR,DAYLIGHT,SIDESWIPE SAME DIRECTION,DIVIDED - W/MEDIAN (NOT RAISED),DRY,UNKNOWN,NOT ON SCENE (DESK REPORT),NO INJURY / DRIVE AWAY,,"$501 - $1,500",12/14/2021 02:15:00 PM,FAILING TO YIELD RIGHT-OF-WAY,NOT APPLICABLE,,2,NO INDICATION OF INJURY,0.0,0.0,0.0,0.0,0.0,2.0,0.0,14,3,12,41.924103005,-87.748251366,POINT (-87.748251365583 41.924103004583),POINT (1143471.8760300158 1915476.188042776),2021,4849 W FULLERTON AVE
O1043262,DRIVER,5c07ceee9582ce94e1c6d74e9e7a652427ee8ee86414f2d6c0cdb1442063f7423be748e570db21946feedf4199f1daf6d825dce17de72afae348dc5f14dc062d,989031.0,X,,DEPLOYMENT UNKNOWN,UNKNOWN,NO INDICATION OF INJURY,UNKNOWN,UNKNOWN,UNKNOWN,,,,,2021-02-16 03:00:00,20,SNOW,"DARKNESS, LIGHTED ROAD",PARKED MOTOR VEHICLE,ONE-WAY,SNOW OR SLUSH,UNKNOWN,ON SCENE,NO INJURY / DRIVE AWAY,Y,$500 OR LESS,02/16/2021 08:55:00 AM,UNABLE TO DETERMINE,UNABLE TO DETERMINE,,2,NO INDICATION OF INJURY,0.0,0.0,0.0,0.0,0.0,1.0,0.0,3,3,2,41.769149542,-87.660146105,POINT (-87.660146104872 41.76914954235),POINT (1167891.217564503 1859187.545443009),2021,6843 S BISHOP ST
O1065325,DRIVER,5fd90051c6aec04b894bd706c0f5b5d5fcf733fbf092b534b6528957987f1e964fb6cd03a23546395576c3157e36e08da015d146101dd7d8d7c3bc343b0a144a,1010289.0,M,51.0,"DEPLOYED, FRONT",NONE,NO INDICATION OF INJURY,UNKNOWN,NOT OBSCURED,NORMAL,,,,,2021-03-26 17:00:00,30,CLEAR,DAYLIGHT,HEAD ON,DIVIDED - W/MEDIAN (NOT RAISED),DRY,NO DEFECTS,ON SCENE,INJURY AND / OR TOW DUE TO CRASH,,"OVER $1,500",03/26/2021 05:05:00 PM,UNABLE TO DETERMINE,NOT APPLICABLE,,3,"REPORTED, NOT EVIDENT",1.0,0.0,0.0,0.0,1.0,3.0,0.0,17,6,3,41.880718958,-87.735600609,POINT (-87.735600609006 41.880718957876),POINT (1147024.769034832 1899690.7947828295),2021,4400 W MADISON ST
O1254345,DRIVER,0a7b17eb44cd93fc3ec31c3b1b13bbd197676159526ddfebfd42ba2c5bea1a2747b966914482c389af5771632b9adc3cce411276668c35927d41a85e72241969,1190692.0,M,23.0,NOT APPLICABLE,NONE,NO INDICATION OF INJURY,NONE,NOT OBSCURED,NORMAL,,,,,2021-12-29 13:36:00,20,CLEAR,DAYLIGHT,ANGLE,PARKING LOT,DRY,NO DEFECTS,NOT ON SCENE (DESK REPORT),NO INJURY / DRIVE AWAY,,$500 OR LESS,12/29/2021 02:00:00 PM,UNABLE TO DETERMINE,UNABLE TO DETERMINE,,2,NO INDICATION OF INJURY,0.0,0.0,0.0,0.0,0.0,2.0,0.0,13,4,12,41.968345987,-87.72851802,POINT (-87.728518020177 41.968345986776),POINT (1148728.288740237 1931635.7047314406),2021,4010 W LAWRENCE AVE
O1143895,DRIVER,823ba253650e7c0a56c885dcb0214b83092c1458ead9cb70ec388ffa2d32e83c9916281478a8c8d005bca907d0d656688f67e32405a0a5528d1b9a57d5265c13,1085049.0,M,33.0,NOT APPLICABLE,NONE,NO INDICATION OF INJURY,IMPROPER PASSING,NOT OBSCURED,NORMAL,,,,,2021-07-20 15:30:00,25,CLEAR,DAYLIGHT,SIDESWIPE SAME DIRECTION,T-INTERSECTION,DRY,NO DEFECTS,ON SCENE,NO INJURY / DRIVE AWAY,,"$501 - $1,500",07/20/2021 03:35:00 PM,UNABLE TO DETERMINE,UNABLE TO DETERMINE,,2,NO INDICATION OF INJURY,0.0,0.0,0.0,0.0,0.0,2.0,0.0,15,3,7,41.816541955,-87.616936369,POINT (-87.616936368819 41.816541955215),POINT (1179534.7173554103 1876552.2709535835),2021,4300 S DR MARTIN LUTHER KING JR DR
O1104761,DRIVER,2a321a7509b4afd129b1c63e7c756a2f67961dfd374d4805835fc538d49ebfc1e0c3fb678fe6a305c3a4231220643915e6d268f0f975314e2713b0400b1fad11,1049950.0,M,75.0,DID NOT DEPLOY,NONE,NO INDICATION OF INJURY,NONE,NOT OBSCURED,NORMAL,,,,,2021-05-25 15:23:00,35,RAIN,DAYLIGHT,TURNING,DIVIDED - W/MEDIAN (NOT RAISED),WET,NO DEFECTS,ON SCENE,INJURY AND / OR TOW DUE TO CRASH,,"OVER $1,500",05/25/2021 03:45:00 PM,NOT APPLICABLE,NOT APPLICABLE,,2,NO INDICATION OF INJURY,0.0,0.0,0.0,0.0,0.0,2.0,0.0,15,3,5,41.985641095,-87.655388544,POINT (-87.655388544127 41.985641095429),POINT (1168565.9159576658 1938087.0102086412),2021,5700 N SHERIDAN RD
O1242968,DRIVER,0b61cb4dc7b5b562079b65ee2eaa85f5e87032f7fd1a48a46900252a4f773063307e1e0d02441f1304e93551d9658dc0f66b0099016511d74bdb0ad12b474125,1179712.0,F,,DID NOT DEPLOY,NONE,NO INDICATION OF INJURY,IMPROPER LANE CHANGE,UNKNOWN,UNKNOWN,,,,,2021-12-10 07:25:00,30,CLEAR,DAYLIGHT,SIDESWIPE SAME DIRECTION,NOT DIVIDED,DRY,NO DEFECTS,NOT ON SCENE (DESK REPORT),NO INJURY / DRIVE AWAY,,"OVER $1,500",12/10/2021 08:30:00 AM,IMPROPER OVERTAKING/PASSING,UNABLE TO DETERMINE,,2,NO INDICATION OF INJURY,0.0,0.0,0.0,0.0,0.0,9.0,0.0,7,6,12,41.846495443,-87.685634247,POINT (-87.685634247279 41.8464954425),POINT (1160725.773501507 1887318.5535695427),2021,2500 S WESTERN AVE
P257537,PASSENGER,5b79a383aa83b75f83b5863221732a24e7a0c2940edfa6bbb890ee418ceaf18193f2801db96e8d33dbfe07030d5895af59614e391bde67a011b3214426913f8f,1088378.0,M,10.0,DID NOT DEPLOY,NONE,NO INDICATION OF INJURY,,,,,,,,2021-07-25 12:25:00,30,CLEAR,DAYLIGHT,SIDESWIPE SAME DIRECTION,NOT DIVIDED,DRY,NO DEFECTS,NOT ON SCENE (DESK REPORT),NO INJURY / DRIVE AWAY,,"OVER $1,500",07/25/2021 01:45:00 PM,UNABLE TO DETERMINE,UNABLE TO DETERMINE,,2,NO INDICATION OF INJURY,0.0,0.0,0.0,0.0,0.0,4.0,0.0,12,1,7,41.985365011,-87.658573626,POINT (-87.658573625899 41.985365010784),POINT (1167700.7616917645 1937979.5650590034),2021,1111 W HOLLYWOOD AVE
O1192376,DRIVER,dfa15fc7d3c9685004ce3da35bf1a073f8d149243a2745645e1a02eaabc256f3f4f9d153f9e31fbff53e1bb4d569463424291376bcd48047da8e698f998caf83,1131315.0,F,28.0,DID NOT DEPLOY,NONE,NO INDICATION OF INJURY,NONE,NOT OBSCURED,NORMAL,,,,,2021-09-26 06:00:00,30,CLEAR,DAWN,ANGLE,NOT DIVIDED,DRY,NO DEFECTS,NOT ON SCENE (DESK REPORT),INJURY AND / OR TOW DUE TO CRASH,Y,"OVER $1,500",09/26/2021 01:20:00 PM,UNABLE TO DETERMINE,NOT APPLICABLE,,2,"REPORTED, NOT EVIDENT",1.0,0.0,0.0,0.0,1.0,3.0,0.0,6,1,9,41.744048841,-87.590595042,POINT (-87.590595042037 41.744048841075),POINT (1186943.390553467 1850197.2292282933),2021,8300 S DORCHESTER AVE
O1161821,DRIVER,e89f005b519a7dbc72c43e1806a8d5c8a3165d5b4694796f6b41737746cf0cf5662661c26729c4488e3c76e7062742a4f4e0272a2fc00b2fc1faa174b0263a56,1102086.0,M,32.0,DEPLOYMENT UNKNOWN,NONE,NO INDICATION OF INJURY,FAILED TO YIELD,NOT OBSCURED,NORMAL,,,,,2021-08-14 14:45:00,30,CLEAR,DAYLIGHT,ANGLE,OTHER,DRY,NO DEFECTS,ON SCENE,INJURY AND / OR TOW DUE TO CRASH,,"OVER $1,500",08/14/2021 03:35:00 PM,FAILING TO YIELD RIGHT-OF-WAY,IMPROPER TURNING/NO SIGNAL,,2,NO INDICATION OF INJURY,0.0,0.0,0.0,0.0,0.0,2.0,0.0,14,7,8,41.950901158,-87.649771838,POINT (-87.649771838187 41.950901157508),POINT (1170193.965447123 1925439.754836801),2021,3760 N HALSTED ST
P276296,PASSENGER,1117a41ef4cbfa3d99bfa8f622aac91ca0f60f819c23ed7e295899537f0e115311f38b66b873e4428ac0246208c928d592410084ea7658615ccff091beacf4a8,1171526.0,M,54.0,"DEPLOYED, FRONT",NONE,"REPORTED, NOT EVIDENT",,,,,,,,2021-11-25 22:00:00,40,CLEAR,"DARKNESS, LIGHTED ROAD",TURNING,DIVIDED - W/MEDIAN BARRIER,DRY,NO DEFECTS,ON SCENE,INJURY AND / OR TOW DUE TO CRASH,,"OVER $1,500",11/25/2021 10:18:00 PM,DISREGARDING TRAFFIC SIGNALS,NOT APPLICABLE,,2,"REPORTED, NOT EVIDENT",3.0,0.0,0.0,0.0,3.0,1.0,0.0,22,5,11,41.896804972,-87.617027423,POINT (-87.617027423234 41.896804972416),POINT (1179265.8956318714 1905799.736476907),2021,800 N LAKE SHORE DR SB
O1243292,DRIVER,b5d40981b53061f082fd84e608ff1a15b55881d1713e036446ce2cd655e263fee936eee1aa7f77e308ee75e9014c9b6d152223b98f272e0f5a3165a8c594f331,1180007.0,X,,DEPLOYMENT UNKNOWN,NONE,NO INDICATION OF INJURY,FAILED TO YIELD,UNKNOWN,UNKNOWN,,,,,2021-12-10 16:00:00,35,RAIN,"DARKNESS, LIGHTED ROAD",REAR END,NOT DIVIDED,WET,NO DEFECTS,NOT ON SCENE (DESK REPORT),NO INJURY / DRIVE AWAY,Y,$500 OR LESS,12/10/2021 04:20:00 PM,FOLLOWING TOO CLOSELY,WEATHER,,2,NO INDICATION OF INJURY,0.0,0.0,0.0,0.0,0.0,2.0,0.0,16,6,12,41.751016544,-87.627179163,POINT (-87.627179163181 41.751016543513),POINT (1176938.6816970962 1852652.1440212985),2021,102 W 79TH ST
O1170925,DRIVER,e886fac1cf558e200fa6aaca5a87d648b8a81a6ae72226884e350be64cfb27513c9b54fa11f011bcaf6a5e276a3caa5e5a5dbded919517654522d0728b76fdb1,1110756.0,X,,DEPLOYMENT UNKNOWN,NONE,NO INDICATION OF INJURY,IMPROPER PASSING,UNKNOWN,UNKNOWN,,,,,2021-08-27 20:00:00,10,CLEAR,"DARKNESS, LIGHTED ROAD",PARKED MOTOR VEHICLE,DRIVEWAY,DRY,NO DEFECTS,ON SCENE,NO INJURY / DRIVE AWAY,Y,"OVER $1,500",08/27/2021 08:04:00 PM,IMPROPER BACKING,IMPROPER BACKING,,2,NO INDICATION OF INJURY,0.0,0.0,0.0,0.0,0.0,1.0,0.0,20,6,8,41.718226023,-87.562023834,POINT (-87.562023833866 41.718226023415),POINT (1194824.8527171814 1840856.2343226916),2021,2530 E 97TH PL
O1083809,DRIVER,91af45ab91e65298f20b6292eb04a8b8e1072a19aa1a4da1c772ddff84e3edc89d495011acb51e6dc28bc2497953d3fd16a10afb68aaf85de49b85f08c336498,1027904.0,X,,DEPLOYMENT UNKNOWN,NONE,NO INDICATION OF INJURY,DISREGARDED CONTROL DEVICES,UNKNOWN,UNKNOWN,,,,,2021-04-21 15:30:00,30,UNKNOWN,DAYLIGHT,TURNING,DIVIDED - W/MEDIAN (NOT RAISED),UNKNOWN,NO DEFECTS,NOT ON SCENE (DESK REPORT),NO INJURY / DRIVE AWAY,Y,$500 OR LESS,04/27/2021 02:15:00 PM,DISREGARDING STOP SIGN,FAILING TO YIELD RIGHT-OF-WAY,,2,NO INDICATION OF INJURY,0.0,0.0,0.0,0.0,0.0,3.0,0.0,15,4,4,41.758992762,-87.560377811,POINT (-87.560377810779 41.758992761785),POINT (1195140.8124019324 1855715.297706533),2021,7500 S EXCHANGE AVE
P249111,PASSENGER,95308280ff6e91e2e87d5ae50d4991331790093a4f914264455beec10c388390bdec7ff32a7f4ac740f5826d5d717339632d62e6bd032ed50a1a9a7a23ae3a3b,1053135.0,F,,DID NOT DEPLOY,NONE,NO INDICATION OF INJURY,,,,,,,,2021-06-04 19:28:00,30,CLEAR,DAYLIGHT,REAR END,NOT DIVIDED,DRY,NO DEFECTS,NOT ON SCENE (DESK REPORT),NO INJURY / DRIVE AWAY,,"$501 - $1,500",06/04/2021 07:50:00 PM,UNABLE TO DETERMINE,UNABLE TO DETERMINE,,2,NO INDICATION OF INJURY,0.0,0.0,0.0,0.0,0.0,3.0,0.0,19,6,6,41.939759206,-87.656847185,POINT (-87.656847185203 41.939759205953),POINT (1168301.3478456272 1921364.3220080554),2021,1107 W BELMONT AVE
O1062033,DRIVER,bb580f4ea6efa57a04b653a935b346325ec4bbb1a08ecf6589e86bf7041eb1c0e2a6f7f1fe70549d785b9634d9334bc1bd7651a24aed39f343c6355dc94c9728,1007136.0,F,38.0,"DEPLOYED, SIDE",NONE,NO INDICATION OF INJURY,DISREGARDED CONTROL DEVICES,NOT OBSCURED,NORMAL,,,,,2021-03-20 21:35:00,30,CLEAR,"DARKNESS, LIGHTED ROAD",ANGLE,NOT DIVIDED,DRY,NO DEFECTS,ON SCENE,INJURY AND / OR TOW DUE TO CRASH,,"OVER $1,500",03/20/2021 09:38:00 PM,DISREGARDING OTHER TRAFFIC SIGNS,NOT APPLICABLE,,2,NONINCAPACITATING INJURY,3.0,0.0,0.0,3.0,0.0,2.0,0.0,21,7,3,41.801186543,-87.674652181,POINT (-87.674652180779 41.801186542509),POINT (1163844.600408375 1870830.961422236),2021,5100 S DAMEN AVE
O1256001,DRIVER,5ebb52b2ca6afdd4ae4bfaf27147857f128fc9d37a883505f400d202262fd57450621dc365758aa8c0a705075f71503d0080e0beaceb8c652b7ac5abd5594b11,1192199.0,F,47.0,DID NOT DEPLOY,NONE,NO INDICATION OF INJURY,UNKNOWN,NOT OBSCURED,UNKNOWN,,,,,2021-12-31 18:30:00,30,CLEAR,"DARKNESS, LIGHTED ROAD",REAR END,DIVIDED - W/MEDIAN (NOT RAISED),DRY,NO DEFECTS,NOT ON SCENE (DESK REPORT),NO INJURY / DRIVE AWAY,,"$501 - $1,500",01/01/2022 03:30:00 PM,UNABLE TO DETERMINE,NOT APPLICABLE,,3,NO INDICATION OF INJURY,0.0,0.0,0.0,0.0,0.0,3.0,0.0,18,6,12,41.865937523,-87.754694228,POINT (-87.754694227561 41.865937522976),POINT (1141861.479445809 1894268.8367707157),2021,1158 S LARAMIE AVE
P273753,PASSENGER,b88b74870f80eb9c25f2de650e985b1ab0e6ced0dab924a03d9f970ea0223d1371286eef0ddd78f6f0fdb013a0049476437291b7fe4ca4b84e8017e3e4fa454b,1160187.0,M,,NOT APPLICABLE,NONE,NO INDICATION OF INJURY,,,,,,,,2021-11-07 17:32:00,30,CLEAR,"DARKNESS, LIGHTED ROAD",REAR END,DIVIDED - W/MEDIAN (NOT RAISED),DRY,NO DEFECTS,ON SCENE,INJURY AND / OR TOW DUE TO CRASH,,"OVER $1,500",11/07/2021 06:10:00 PM,FOLLOWING TOO CLOSELY,FAILING TO REDUCE SPEED TO AVOID CRASH,,2,NO INDICATION OF INJURY,0.0,0.0,0.0,0.0,0.0,6.0,0.0,17,1,11,41.744801102,-87.663446629,POINT (-87.663446629394 41.744801102175),POINT (1167059.937262969 1850308.1579855112),2021,8200 S ASHLAND AVE
P231934,PASSENGER,e50a6f1d0f9bfd6a5d9c14f40eae026c75ef2700bfc5e01e9d880c24bbb468bf942028d4070bfd7551ad5cd0ed266084dff34483b8bd9a4d67769688486da2a6,972359.0,M,27.0,NOT APPLICABLE,NONE,NO INDICATION OF INJURY,,,,,,,,2021-01-17 03:41:00,40,FREEZING RAIN/DRIZZLE,"DARKNESS, LIGHTED ROAD",PARKED MOTOR VEHICLE,DIVIDED - W/MEDIAN BARRIER,WET,NO DEFECTS,ON SCENE,INJURY AND / OR TOW DUE TO CRASH,,"OVER $1,500",01/17/2021 03:41:00 AM,UNABLE TO DETERMINE,WEATHER,,2,NO INDICATION OF INJURY,0.0,0.0,0.0,0.0,0.0,8.0,0.0,3,1,1,41.911856953,-87.626169523,POINT (-87.626169523312 41.911856952541),POINT (1176731.7078343 1911264.0417048447),2021,1600 N LAKE SHORE DR SB
O1022965,DRIVER,8d980878dda6ead2d7e776d7b7d8305d584bdafb6191d8b5bfc121987dca598e8d1e23225ac7d5cc22f0ae21ca38287dc81114abdb8212eb275caf1eaf2eb05a,969612.0,M,62.0,DID NOT DEPLOY,NONE,NO INDICATION OF INJURY,NONE,NOT OBSCURED,NORMAL,,,,,2021-01-11 18:05:00,30,CLEAR,"DARKNESS, LIGHTED ROAD",REAR END,NOT DIVIDED,DRY,NO DEFECTS,ON SCENE,NO INJURY / DRIVE AWAY,,"OVER $1,500",01/11/2021 06:06:00 PM,FAILING TO REDUCE SPEED TO AVOID CRASH,UNABLE TO DETERMINE,,3,NO INDICATION OF INJURY,0.0,0.0,0.0,0.0,0.0,3.0,0.0,18,2,1,41.890499399,-87.646750774,POINT (-87.646750774477 41.890499398784),POINT (1171191.9896718892 1903435.8244958657),2021,474 N MILWAUKEE AVE
P279875,PASSENGER,39bb27df474632e96404b51d5c2feb95916e9e917e58cd03a3f4c6f0918ec759789f5f203d2aeb143d3662c64630e9098f211f0e3eb4e492e7813166e431bf8b,1188201.0,M,28.0,DID NOT DEPLOY,NONE,NO INDICATION OF INJURY,,,,,,,,2021-12-24 04:02:00,30,CLEAR,"DARKNESS, LIGHTED ROAD",PARKED MOTOR VEHICLE,ONE-WAY,WET,NO DEFECTS,ON SCENE,INJURY AND / OR TOW DUE TO CRASH,,"OVER $1,500",12/24/2021 04:05:00 AM,FAILING TO REDUCE SPEED TO AVOID CRASH,UNABLE TO DETERMINE,,3,NONINCAPACITATING INJURY,2.0,0.0,0.0,1.0,1.0,3.0,0.0,4,6,12,41.894569897,-87.657322222,POINT (-87.657322221782 41.894569896578),POINT (1168301.9056446296 1904896.258433427),2021,709 N RACINE AVE
O1044713,DRIVER,f9451edf7dba6b49bf32567a5ee7edbd99cb9a24b5a3dfb3bf37074dec6c2bf4c0e15ed880e4efd829e3303250148b623299dcc8c8fce32d5b343534a4ffea76,990421.0,M,35.0,DID NOT DEPLOY,NONE,NO INDICATION OF INJURY,UNKNOWN,UNKNOWN,NORMAL,,,,,2021-02-18 11:29:00,15,SNOW,DAYLIGHT,PARKED MOTOR VEHICLE,ONE-WAY,SNOW OR SLUSH,NO DEFECTS,ON SCENE,NO INJURY / DRIVE AWAY,,$500 OR LESS,02/18/2021 11:53:00 AM,WEATHER,NOT APPLICABLE,,2,NO INDICATION OF INJURY,0.0,0.0,0.0,0.0,0.0,1.0,0.0,11,5,2,41.972950549,-87.674130507,POINT (-87.674130506838 41.972950548732),POINT (1163506.0184829887 1933422.7343053243),2021,5017 N RAVENSWOOD AVE
P231632,PASSENGER,0cb6f4c397bf9077dc0dd4f33fc0de8cea2bba04921dc8637979e9466c0007423f2fa94fa3c5975099e5e32bd21e7a757f2da5ea2e87baf88e50f4127ca94b22,970864.0,F,9.0,NOT APPLICABLE,NONE,NO INDICATION OF INJURY,,,,,,,,2021-01-12 14:53:00,30,CLEAR,DAYLIGHT,ANGLE,NOT DIVIDED,DRY,NO DEFECTS,,INJURY AND / OR TOW DUE TO CRASH,Y,"OVER $1,500",01/12/2021 03:08:00 PM,DISREGARDING TRAFFIC SIGNALS,FAILING TO YIELD RIGHT-OF-WAY,,3,NO INDICATION OF INJURY,0.0,0.0,0.0,0.0,0.0,5.0,0.0,14,3,1,41.801918266,-87.632858751,POINT (-87.632858751487 41.801918265594),POINT (1175237.797417129 1871187.691339524),2021,250 W 51ST ST