PERSON_ID,PERSON_TYPE,CRASH_RECORD_ID,VEHICLE_ID,SEX,AGE,AIRBAG_DEPLOYED,EJECTION,INJURY_CLASSIFICATION,DRIVER_ACTION,DRIVER_VISION,PHYSICAL_CONDITION,PEDPEDAL_ACTION,PEDPEDAL_VISIBILITY,PEDPEDAL_LOCATION,CRASH_DATE_EST_I,CRASH_DATE,POSTED_SPEED_LIMIT,WEATHER_CONDITION,LIGHTING_CONDITION,FIRST_CRASH_TYPE,TRAFFICWAY_TYPE,ROADWAY_SURFACE_COND,ROAD_DEFECT,REPORT_TYPE,CRASH_TYPE,HIT_AND_RUN_I,DAMAGE,DATE_POLICE_NOTIFIED,PRIM_CONTRIBUTORY_CAUSE,SEC_CONTRIBUTORY_CAUSE,DOORING_I,NUM_UNITS,MOST_SEVERE_INJURY,INJURIES_TOTAL,INJURIES_FATAL,INJURIES_INCAPACITATING,INJURIES_NON_INCAPACITATING,INJURIES_REPORTED_NOT_EVIDENT,INJURIES_NO_INDICATION,INJURIES_UNKNOWN,CRASH_HOUR,CRASH_DAY_OF_WEEK,CRASH_MONTH,LATITUDE,LONGITUDE,LOCATION,geometry,YEAR,ADDRESS
O1076104,DRIVER,192ac1e53c306c18195be52d5a676dc334dbb8a1cb843c92a904baf7e3bc3796415408d20eba86c99630764a7654652a049bc2b09490160a0716fd93a945e6d5,1020554.0,M,,DEPLOYMENT UNKNOWN,NONE,NO INDICATION OF INJURY,IMPROPER BACKING,UNKNOWN,UNKNOWN,,,,,2021-04-13 19:56:00,30,CLEAR,"DARKNESS, LIGHTED ROAD",PARKED MOTOR VEHICLE,NOT DIVIDED,DRY,NO DEFECTS,NOT ON SCENE (DESK REPORT),NO INJURY / DRIVE AWAY,Y,$500 OR LESS,04/13/2021 08:15:00 PM,UNABLE TO DETERMINE,UNABLE TO DETERMINE,,2,NO INDICATION OF INJURY,0.0,0.0,0.0,0.0,0.0,1.0,0.0,19,3,4,41.84151349,-87.657260696,POINT (-87.657260696101 41.841513489628),POINT (1168470.9226776843 1885562.729307528),2021,2911 S LOOMIS ST
O1108704,DRIVER,78a142100ff281c7db0fd7e463339cc77d552161026ebe09f6f528893f3c80f246d510cc900f6277c8c753080503dc8cf52105f7585f436a13f425af4bda528a,1051725.0,F,27.0,"DEPLOYED, FRONT",NONE,NO INDICATION OF INJURY,FAILED TO YIELD,UNKNOWN,NORMAL,,,,,2021-06-02 23:03:00,30,CLEAR,"DARKNESS, LIGHTED ROAD",TURNING,NOT DIVIDED,DRY,NO DEFECTS,ON SCENE,INJURY AND / OR TOW DUE TO CRASH,,"OVER $1,500",06/02/2021 11:23:00 PM,FAILING TO YIELD RIGHT-OF-WAY,UNABLE TO DETERMINE,,2,NONINCAPACITATING INJURY,1.0,0.0,0.0,1.0,0.0,3.0,0.0,23,4,6,41.733680064,-87.604604531,POINT (-87.604604530786 41.733680063644),POINT (1183152.1686228144 1846386.255506671),2021,8839 S COTTAGE GROVE AVE
O1227359,DRIVER,9ee0c8236aa14bbdaa741b926d7dd4a93af5375a1a1adeb16290ab79fe35a552538ed9f9b2e8f47e6dcb3ee35f96370d072039f371fc6bef96e79bc57e97470b,1164725.0,M,,DEPLOYMENT UNKNOWN,UNKNOWN,NO INDICATION OF INJURY,UNKNOWN,UNKNOWN,NORMAL,,,,,2021-11-14 07:50:00,30,UNKNOWN,UNKNOWN,ANGLE,ONE-WAY,UNKNOWN,UNKNOWN,NOT ON SCENE (DESK REPORT),NO INJURY / DRIVE AWAY,N,"$501 - $1,500",11/15/2021 09:45:00 AM,UNABLE TO DETERMINE,UNABLE TO DETERMINE,,2,NO INDICATION OF INJURY,0.0,0.0,0.0,0.0,0.0,2.0,0.0,7,1,11,41.910471113,-87.717634607,POINT (-87.717634606634 41.910471112805),POINT (1151839.495478876 1910567.0521737428),2021,1615 N MONTICELLO AVE
O1180924,DRIVER,42cc8bd39ec0c98e3ef76c17ab0d8fd608b296dc893951786b9f3371eb3cba5eeda999161c0af98ef26a2c81b4dd3b9123b2501e933aa1f93eb780a61dd2cb54,1120356.0,F,44.0,DEPLOYMENT UNKNOWN,UNKNOWN,NO INDICATION OF INJURY,NONE,UNKNOWN,UNKNOWN,,,,,2021-09-10 18:00:00,30,CLEAR,DAYLIGHT,REAR END,NOT DIVIDED,DRY,NO DEFECTS,NOT ON SCENE (DESK REPORT),NO INJURY / DRIVE AWAY,,"$501 - $1,500",09/10/2021 07:40:00 PM,FOLLOWING TOO CLOSELY,NOT APPLICABLE,,2,NO INDICATION OF INJURY,0.0,0.0,0.0,0.0,0.0,2.0,0.0,18,6,9,41.975998826,-87.689863859,POINT (-87.689863859179 41.975998826378),POINT (1159219.3087353522 1934501.0125197356),2021,2416 W FOSTER AVE
O1024027,DRIVER,f1a1a37458564244e4b0ab85bc94ad87dbb2b53e0c4e9bd4d41e26999f7366af713ae68e2ac1dc190b95b288c514093b50fd3db27598f12fcae408721d5908b2,970540.0,F,0.0,DID NOT DEPLOY,NONE,NO INDICATION OF INJURY,DISREGARDED CONTROL DEVICES,NOT OBSCURED,NORMAL,,,,,2021-01-08 11:24:00,30,CLEAR,DAYLIGHT,TURNING,NOT DIVIDED,DRY,NO DEFECTS,,INJURY AND / OR TOW DUE TO CRASH,,"OVER $1,500",01/08/2021 11:31:00 AM,FAILING TO REDUCE SPEED TO AVOID CRASH,DRIVING SKILLS/KNOWLEDGE/EXPERIENCE,,2,NO INDICATION OF INJURY,0.0,0.0,0.0,0.0,0.0,2.0,0.0,11,6,1,41.932680015,-87.654007427,POINT (-87.654007426884 41.932680014661),POINT (1169094.4053945723 1918790.7565908835),2021,2800 N SHEFFIELD AVE
O1231341,DRIVER,59a159fbd0e7193cf461b598efb99e2c36be285b38dde09d0858efcb71ad8b7f5dd3da1bf28d71f53b5f3f7b2a4a6b765990caff8cccc75469f86a0874054fea,1168549.0,X,,DEPLOYMENT UNKNOWN,NONE,NO INDICATION OF INJURY,UNKNOWN,UNKNOWN,UNKNOWN,,,,Y,2021-11-20 00:01:00,15,CLEAR,"DARKNESS, LIGHTED ROAD",PARKED MOTOR VEHICLE,OTHER,DRY,NO DEFECTS,NOT ON SCENE (DESK REPORT),NO INJURY / DRIVE AWAY,Y,"OVER $1,500",11/20/2021 12:30:00 PM,UNABLE TO DETERMINE,NOT APPLICABLE,,2,NO INDICATION OF INJURY,0.0,0.0,0.0,0.0,0.0,1.0,0.0,0,7,11,41.894161155,-87.616202013,POINT (-87.616202012684 41.89416115508),POINT (1179498.6694465997 1904838.205921448),2021,441 E ERIE ST
P244859,PASSENGER,4223bee0edff1fa2b5b10e32b336645a00500377403963bd4c3abcb1cb8acced9cb7f941000670fcfc7a4dcb9a04c8eb28f7e934650667057933331dfe892942,1035263.0,M,32.0,DID NOT DEPLOY,NONE,NO INDICATION OF INJURY,,,,,,,,2021-05-08 16:30:00,15,CLEAR,DAYLIGHT,REAR TO FRONT,PARKING LOT,DRY,NO DEFECTS,ON SCENE,NO INJURY / DRIVE AWAY,,"OVER $1,500",05/08/2021 04:31:00 PM,IMPROPER BACKING,UNABLE TO DETERMINE,,2,NO INDICATION OF INJURY,0.0,0.0,0.0,0.0,0.0,3.0,0.0,16,7,5,41.736154969,-87.62984512,POINT (-87.629845119553 41.73615496893),POINT (1176255.488646529 1847230.7656447506),2021,232 W 87TH ST
O1096160,DRIVER,2345df2c5a55f4e01595576b61e5a55cef74b3a308d760e3496bf452ba3aa425e5350ee77d90c0a1a74a81d5dcdf0a55148dca626bc9a2b0f79298b42d56c233,1039714.0,M,,DEPLOYMENT UNKNOWN,NONE,NO INDICATION OF INJURY,EMERGENCY VEHICLE ON CALL,UNKNOWN,UNKNOWN,,,,,2021-05-15 16:45:00,30,CLOUDY/OVERCAST,DAYLIGHT,REAR END,NOT DIVIDED,WET,UNKNOWN,NOT ON SCENE (DESK REPORT),NO INJURY / DRIVE AWAY,Y,"OVER $1,500",05/15/2021 06:00:00 PM,UNABLE TO DETERMINE,NOT APPLICABLE,,2,NO INDICATION OF INJURY,0.0,0.0,0.0,0.0,0.0,2.0,0.0,16,7,5,41.699815247,-87.620781357,POINT (-87.620781356885 41.699815247397),POINT (1178838.9020596074 1834009.3169273448),2021,10701 S MICHIGAN AVE
O1251765,DRIVER,d2c17f1569727b328188689c028ced36b550d404da941963386eec30840168220e5595b5c2df378f4416da5c97f4be638d4160298da97f5c81af05d458e0aa65,1188160.0,M,,DEPLOYMENT UNKNOWN,NONE,NO INDICATION OF INJURY,OTHER,UNKNOWN,UNKNOWN,,,,,2021-12-23 23:01:00,15,CLEAR,"DARKNESS, LIGHTED ROAD",HEAD ON,PARKING LOT,DRY,NO DEFECTS,ON SCENE,NO INJURY / DRIVE AWAY,Y,"OVER $1,500",12/24/2021 12:31:00 AM,UNABLE TO DETERMINE,NOT APPLICABLE,,3,NO INDICATION OF INJURY,0.0,0.0,0.0,0.0,0.0,3.0,0.0,23,5,12,41.702573275,-87.525094136,POINT (-87.525094135987 41.702573275377),POINT (1204960.626777519 1835245.0249680649),2021,4047 E 106TH ST
O1042394,DRIVER,8e7210601078cfe6cdd3418ef0b7c8dbd47c1a2ab1002d5aa137de6d7231a1d38eb9fd27d5b3d3f06d6e2565cf38c0899ecd93e08094a7090201c6aedbd96a7e,988171.0,M,36.0,NOT APPLICABLE,NONE,NO INDICATION OF INJURY,NONE,UNKNOWN,UNKNOWN,,,,,2021-02-14 15:23:00,30,SNOW,DAYLIGHT,ANGLE,T-INTERSECTION,WET,NO DEFECTS,ON SCENE,INJURY AND / OR TOW DUE TO CRASH,,"OVER $1,500",02/14/2021 03:24:00 PM,DISREGARDING OTHER TRAFFIC SIGNS,NOT APPLICABLE,,2,NO INDICATION OF INJURY,0.0,0.0,0.0,0.0,0.0,4.0,0.0,15,1,2,41.876994246,-87.62750704,POINT (-87.627507040393 41.876994246236),POINT (1176472.159226154 1898557.0676921275),2021,399 S STATE ST
O1087072,DRIVER,f4b1aeb918b75dd573e6e56c8b5123218260448a962a459e1714de4e882171aa41187d2ea5eefcfa5c7c2c5f529f74d5213a5b608401e7f917419edfcc0eb3fe,1031007.0,M,45.0,DID NOT DEPLOY,NONE,NO INDICATION OF INJURY,IMPROPER TURN,UNKNOWN,NORMAL,,,,,2021-05-02 09:00:00,30,CLEAR,DAYLIGHT,PARKED MOTOR VEHICLE,NOT DIVIDED,DRY,NO DEFECTS,NOT ON SCENE (DESK REPORT),NO INJURY / DRIVE AWAY,,"$501 - $1,500",05/02/2021 09:50:00 AM,IMPROPER TURNING/NO SIGNAL,IMPROPER TURNING/NO SIGNAL,,2,NO INDICATION OF INJURY,0.0,0.0,0.0,0.0,0.0,2.0,0.0,9,1,5,42.0119758,-87.674384058,POINT (-87.674384057769 42.011975799512),POINT (1163327.6427636866 1947643.2360840768),2021,7117 N CLARK ST
P259791,PASSENGER,bb4420ddffe78f1c0bdd163a6bb16db98627bf991411fa2adc7c01ddb01054c6634d98764014d927a56e6a6b41b223b9d6a3bf4c60770c2d64841642cdb1718f,1098011.0,F,39.0,DID NOT DEPLOY,NONE,NO INDICATION OF INJURY,,,,,,,,2021-08-08 12:20:00,30,CLEAR,DAYLIGHT,ANGLE,DIVIDED - W/MEDIAN (NOT RAISED),DRY,NO DEFECTS,ON SCENE,NO INJURY / DRIVE AWAY,,"OVER $1,500",08/08/2021 12:20:00 PM,FAILING TO YIELD RIGHT-OF-WAY,NOT APPLICABLE,,2,NO INDICATION OF INJURY,0.0,0.0,0.0,0.0,0.0,4.0,0.0,12,1,8,41.755934006,-87.66284913,POINT (-87.662849130105 41.755934005957),POINT (1167191.3810421864 1854366.1556557228),2021,1520 W 76TH ST
O1220597,DRIVER,a2b618cf71430fe966d87ca0b4026c210adc8bd69d9296b2b5e449cade38a213a4f0ae80fc19ed35badfc7580fa276a26d3fe60c11f58a9568dbd8bfa0ce6c8d,1158250.0,F,35.0,NOT APPLICABLE,NONE,NO INDICATION OF INJURY,IMPROPER PASSING,NOT OBSCURED,NORMAL,,,,,2021-11-04 17:55:00,15,CLEAR,"DARKNESS, LIGHTED ROAD",PARKED MOTOR VEHICLE,ALLEY,DRY,NO DEFECTS,ON SCENE,NO INJURY / DRIVE AWAY,,"OVER $1,500",11/04/2021 06:00:00 PM,DRIVING SKILLS/KNOWLEDGE/EXPERIENCE,UNABLE TO DETERMINE,,2,NO INDICATION OF INJURY,0.0,0.0,0.0,0.0,0.0,1.0,0.0,17,5,11,41.789543435,-87.73729534,POINT (-87.737295340001 41.789543434806),POINT (1146793.792723552 1866463.6314649333),2021,4550 W 57TH ST
O1111190,DRIVER,4512036ddfaca6da0f25c9679da0bd088152be31b072f6e4b324282b7be127582e36dcb0948ace87a86bdd1e2bd3249c5419acbdf5f56fdfd13807ac11f0c343,1054114.0,M,30.0,NOT APPLICABLE,NONE,NO INDICATION OF INJURY,NONE,NOT OBSCURED,NORMAL,,,,,2021-06-06 02:30:00,30,CLEAR,"DARKNESS, LIGHTED ROAD",SIDESWIPE SAME DIRECTION,ONE-WAY,DRY,NO DEFECTS,ON SCENE,NO INJURY / DRIVE AWAY,,"OVER $1,500",06/06/2021 02:35:00 AM,DISTRACTION - FROM OUTSIDE VEHICLE,IMPROPER OVERTAKING/PASSING,,2,NO INDICATION OF INJURY,0.0,0.0,0.0,0.0,0.0,5.0,0.0,2,1,6,41.893450416,-87.62385391,POINT (-87.623853909642 41.893450416324),POINT (1177417.4671710327 1904561.8923511398),2021,142 E ONTARIO ST
O1193817,DRIVER,311063425588ff95d2cf026ba0de894043edbed9177cc6e17cee8ff2304dd49bcda6628b3ecd4c1574620cf124ed2e1225fc021d5dc047acd8c262b2774838af,1132691.0,F,41.0,DID NOT DEPLOY,NONE,NO INDICATION OF INJURY,NONE,NOT OBSCURED,NORMAL,,,,,2021-09-28 13:15:00,30,CLEAR,DAYLIGHT,REAR TO SIDE,NOT DIVIDED,DRY,NO DEFECTS,NOT ON SCENE (DESK REPORT),NO INJURY / DRIVE AWAY,,"OVER $1,500",09/28/2021 01:40:00 PM,UNABLE TO DETERMINE,UNABLE TO DETERMINE,,2,NO INDICATION OF INJURY,0.0,0.0,0.0,0.0,0.0,2.0,0.0,13,3,9,41.93968711,-87.8185467,POINT (-87.818546699786 41.939687110024),POINT (1124307.8268577738 1921032.3693329059),2021,7648 W SCHOOL ST
O1071788,DRIVER,106195d68980251faf7dceeaa47ba8a4e9013bff5e86451fea4eab9da36e3bcf8f83b67494080f576d3ae96d89aeaa08d438d8fd8de871c7e4b0d468d3732d6b,1016418.0,F,,NOT APPLICABLE,NONE,NO INDICATION OF INJURY,CELL PHONE USE OTHER THAN TEXTING,NOT OBSCURED,NORMAL,,,,,2021-04-06 14:20:00,30,CLEAR,DAYLIGHT,REAR END,NOT DIVIDED,DRY,NO DEFECTS,NOT ON SCENE (DESK REPORT),NO INJURY / DRIVE AWAY,,"$501 - $1,500",04/06/2021 02:50:00 PM,DRIVING SKILLS/KNOWLEDGE/EXPERIENCE,NOT APPLICABLE,,2,NO INDICATION OF INJURY,0.0,0.0,0.0,0.0,0.0,2.0,0.0,14,3,4,41.797118923,-87.703804926,POINT (-87.703804926209 41.797118923256),POINT (1155906.6929215458 1869289.1833787106),2021,5300 S KEDZIE AVE
O1072062,DRIVER,356a51ec035b9bd95e15758800f01dd2731e6a82a48442909afa253ace36cac92b46b66ac186f9ec4002e9d0118166b0ea3065adbb742b596957551bfb50a531,1016703.0,M,52.0,DID NOT DEPLOY,NONE,NO INDICATION OF INJURY,NONE,UNKNOWN,UNKNOWN,,,,,2021-04-06 20:55:00,35,CLEAR,UNKNOWN,TURNING,DIVIDED - W/MEDIAN (NOT RAISED),UNKNOWN,UNKNOWN,NOT ON SCENE (DESK REPORT),NO INJURY / DRIVE AWAY,,"OVER $1,500",04/06/2021 09:30:00 PM,IMPROPER TURNING/NO SIGNAL,UNABLE TO DETERMINE,,2,NO INDICATION OF INJURY,0.0,0.0,0.0,0.0,0.0,2.0,0.0,20,3,4,41.712474901,-87.619960826,POINT (-87.619960825974 41.712474900694),POINT (1179024.765594743 1838624.2028319563),2021,10007 S MICHIGAN AVE
P272130,PASSENGER,da16a32732b4d6ed56b51482260ccae40b10f4ee221cebbead3dedd184e45e5ede4eaee62b18a806f8849eb0fca88b02efbe575af88b9f0cac69b40e16bdd28b,1153172.0,M,29.0,DID NOT DEPLOY,NONE,NO INDICATION OF INJURY,,,,,,,,2021-10-28 19:37:00,30,RAIN,"DARKNESS, LIGHTED ROAD",PEDESTRIAN,NOT DIVIDED,WET,UNKNOWN,ON SCENE,INJURY AND / OR TOW DUE TO CRASH,,"OVER $1,500",10/28/2021 07:45:00 PM,WEATHER,WEATHER,,2,NONINCAPACITATING INJURY,1.0,0.0,0.0,1.0,0.0,5.0,0.0,19,5,10,41.893196716,-87.625913848,POINT (-87.625913848042 41.893196716499),POINT (1176857.3740723922 1904464.8131461316),2021,55 E ONTARIO ST
O1163562,DRIVER,73140349dd2e0296760fa0f4c5344b1a7fe52329d7179502cfa5d5b4c66403802b4a9cd990ec042775025be87ff279bb552339b94be007a18425ec88dac785d6,1103733.0,M,48.0,DID NOT DEPLOY,NONE,NO INDICATION OF INJURY,NONE,NOT OBSCURED,NORMAL,,,,,2021-08-13 14:00:00,30,CLEAR,DAYLIGHT,SIDESWIPE SAME DIRECTION,NOT DIVIDED,DRY,NO DEFECTS,NOT ON SCENE (DESK REPORT),NO INJURY / DRIVE AWAY,,"OVER $1,500",08/17/2021 08:15:00 AM,UNABLE TO DETERMINE,UNABLE TO DETERMINE,,2,NO INDICATION OF INJURY,0.0,0.0,0.0,0.0,0.0,2.0,0.0,14,6,8,41.86593374,-87.749703926,POINT (-87.749703926084 41.865933740372),POINT (1143220.7675165555 1894276.659865159),2021,5000 W ROOSEVELT RD
O1157757,DRIVER,f2b2322108a318dcb5f5187c1546f4427ab43b6322d535937826b16c16f56fe4e5ee436755679d5f3de7b71c50a5ef32fa81292e2008d187917480539bdcab72,1098230.0,M,22.0,DID NOT DEPLOY,NONE,NO INDICATION OF INJURY,IMPROPER LANE CHANGE,NOT OBSCURED,NORMAL,,,,,2021-08-08 18:58:00,30,CLOUDY/OVERCAST,DUSK,SIDESWIPE SAME DIRECTION,NOT DIVIDED,DRY,NO DEFECTS,ON SCENE,NO INJURY / DRIVE AWAY,,"OVER $1,500",08/08/2021 06:59:00 PM,EQUIPMENT - VEHICLE CONDITION,EQUIPMENT - VEHICLE CONDITION,,2,NO INDICATION OF INJURY,0.0,0.0,0.0,0.0,0.0,2.0,0.0,18,1,8,41.835769939,-87.675565007,POINT (-87.675565006716 41.83576993883),POINT (1163499.2410640249 1883431.0711982325),2021,3200 S DAMEN AVE
O1236630,DRIVER,a40dd88254f363f639f056a36d8be5c573c941675a8eab1147d2eef1cd54edc1bbb150832df3b90ddd9735a0e90506a978007a833425329715280e1bc53f452a,1173665.0,X,,DEPLOYMENT UNKNOWN,NONE,NO INDICATION OF INJURY,OTHER,UNKNOWN,UNKNOWN,,,,,2021-11-23 13:07:00,30,CLEAR,DAYLIGHT,REAR END,OTHER,DRY,NO DEFECTS,,INJURY AND / OR TOW DUE TO CRASH,Y,"OVER $1,500",11/24/2021 08:25:00 AM,"OPERATING VEHICLE IN ERRATIC, RECKLESS, CARELESS, NEGLIGENT OR AGGRESSIVE MANNER","OPERATING VEHICLE IN ERRATIC, RECKLESS, CARELESS, NEGLIGENT OR AGGRESSIVE MANNER",,4,NONINCAPACITATING INJURY,2.0,0.0,0.0,2.0,0.0,3.0,0.0,13,3,11,41.750891047,-87.625968505,POINT (-87.625968505423 41.750891046593),POINT (1177269.4124523478 1852609.1277254876),2021,7900 S LAFAYETTE AVE
O1206049,DRIVER,db066d64657560712444e7c6544c75adfdc63f95980ca46be4054e05477925ff6245ed885d34b88ed9ea2e9a3963c1e6e0495eadb9237c481cb92a4d31129103,1144370.0,F,47.0,DID NOT DEPLOY,NONE,NO INDICATION OF INJURY,NONE,NOT OBSCURED,NORMAL,,,,,2021-10-15 18:23:00,30,CLEAR,"DARKNESS, LIGHTED ROAD",SIDESWIPE SAME DIRECTION,DIVIDED - W/MEDIAN (NOT RAISED),DRY,UNKNOWN,ON SCENE,INJURY AND / OR TOW DUE TO CRASH,,"OVER $1,500",10/15/2021 06:28:00 PM,FAILING TO REDUCE SPEED TO AVOID CRASH,NOT APPLICABLE,,2,NO INDICATION OF INJURY,0.0,0.0,0.0,0.0,0.0,3.0,0.0,18,6,10,41.794545804,-87.637749956,POINT (-87.637749956008 41.794545803505),POINT (1173925.9182150818 1868490.379899633),2021,498 W GARFIELD BLVD
O1054911,DRIVER,1ae8eeb1fda5582d44c4e901c5913916dc10f81ea58eab33d0d9da259e5f8f334adb0971e9b445928ff2b88d1d77ebce26d50506fbb4d9ff7a16bfb52cf4da4b,1000279.0,M,46.0,DID NOT DEPLOY,NONE,NO INDICATION OF INJURY,NONE,NOT OBSCURED,NORMAL,,,,,2021-03-01 15:45:00,30,CLEAR,DAYLIGHT,SIDESWIPE SAME DIRECTION,NOT DIVIDED,DRY,NO DEFECTS,NOT ON SCENE (DESK REPORT),NO INJURY / DRIVE AWAY,Y,"OVER $1,500",03/07/2021 09:42:00 AM,IMPROPER OVERTAKING/PASSING,UNABLE TO DETERMINE,,2,NO INDICATION OF INJURY,0.0,0.0,0.0,0.0,0.0,3.0,0.0,15,2,3,41.894630338,-87.745648478,POINT (-87.745648478305 41.894630338291),POINT (1144253.80185294 1904741.1878144124),2021,749 N CICERO AVE
O1086684,DRIVER,3f0f33bab5686f4b8b77379889824e6781823c59fbd7bfe4d7bc0650adbfc73b366a47a030b9a6338329eb4c588faedea91dd91eeb98e69f929b4dbb65a50e44,1030640.0,M,20.0,"DEPLOYED, FRONT",NONE,NO INDICATION OF INJURY,UNKNOWN,NOT OBSCURED,NORMAL,,,,,2021-05-01 17:05:00,30,CLEAR,DAYLIGHT,TURNING,NOT DIVIDED,DRY,NO DEFECTS,ON SCENE,INJURY AND / OR TOW DUE TO CRASH,,"OVER $1,500",05/01/2021 05:15:00 PM,UNABLE TO DETERMINE,NOT APPLICABLE,,2,"REPORTED, NOT EVIDENT",2.0,0.0,0.0,0.0,2.0,4.0,0.0,17,7,5,41.837120711,-87.717095057,POINT (-87.717095056851 41.837120710799),POINT (1152178.2550524992 1883839.358146442),2021,3700 W 31ST ST
P262501,PASSENGER,d58220ff7bbf4e737d730089644922dbbcb7f65dc51a3a1df55cde0bc1bdf463d265333e9efc059c302378426593a595e3ca489bae621fca58a7136c5ea99bb6,1110345.0,F,19.0,DID NOT DEPLOY,NONE,NO INDICATION OF INJURY,,,,,,,,2021-08-27 11:30:00,30,CLEAR,DAYLIGHT,ANGLE,NOT DIVIDED,DRY,NO DEFECTS,ON SCENE,INJURY AND / OR TOW DUE TO CRASH,,"OVER $1,500",08/27/2021 11:35:00 AM,FAILING TO YIELD RIGHT-OF-WAY,NOT APPLICABLE,,2,"REPORTED, NOT EVIDENT",1.0,0.0,0.0,0.0,1.0,3.0,0.0,11,6,8,41.851288488,-87.723850843,POINT (-87.723850843329 41.851288488406),POINT (1150300.6214017347 1888988.9071491864),2021,3939 W OGDEN AVE
O1060741,PEDESTRIAN,bb348ffb3ae827334d5e1a7eb15a254319fbfd972140fb7a4f25a16ff9a5553a373d7981bd58c1d81912a56d7a508dd0c6cc70bba6f23363fb289c6194ace63b,,F,59.0,,,INCAPACITATING INJURY,NONE,NOT OBSCURED,NORMAL,CROSSING - NO CONTROLS (AT INTERSECTION),NO CONTRASTING CLOTHING,IN CROSSWALK,,2021-03-18 19:14:00,30,CLEAR,"DARKNESS, LIGHTED ROAD",PEDESTRIAN,NOT DIVIDED,DRY,NO DEFECTS,NOT ON SCENE (DESK REPORT),INJURY AND / OR TOW DUE TO CRASH,Y,"OVER $1,500",03/18/2021 07:16:00 PM,FAILING TO YIELD RIGHT-OF-WAY,UNABLE TO DETERMINE,,2,INCAPACITATING INJURY,1.0,0.0,1.0,0.0,0.0,1.0,0.0,19,5,3,41.755114991,-87.551594178,POINT (-87.551594177984 41.755114990763),POINT (1197550.1690926019 1854323.9237359744),2021,7800 S SOUTH SHORE DR
O1143079,DRIVER,766af3c87badd3320f1091fe7145aab6565529ce5a780fb7e833e3578a7cb9d38efa14cfbee1d1f1e57753f79081e2f00fd5c4fc86a3249464715111456ef8aa,1084279.0,F,63.0,DID NOT DEPLOY,NONE,NO INDICATION OF INJURY,NONE,NOT OBSCURED,NORMAL,,,,,2021-07-19 13:57:00,30,CLEAR,DAYLIGHT,TURNING,DIVIDED - W/MEDIAN (NOT RAISED),DRY,NO DEFECTS,NOT ON SCENE (DESK REPORT),NO INJURY / DRIVE AWAY,,"$501 - $1,500",07/19/2021 03:12:00 PM,FAILING TO YIELD RIGHT-OF-WAY,NOT APPLICABLE,,2,NO INDICATION OF INJURY,0.0,0.0,0.0,0.0,0.0,2.0,0.0,13,2,7,41.750898925,-87.741274818,POINT (-87.741274817684 41.750898924706),POINT (1145805.4918488418 1852374.405169435),2021,7801 S CICERO AVE
O1110068,DRIVER,fb446c84d3cafd56593e64d513ccafc1b16a3996ac730fded9cd991675b9fab9272d49967e32601a4a42616c3e3079731d9013cb767efb8ca4c2deee9e458e77,1053033.0,F,32.0,DID NOT DEPLOY,NONE,NO INDICATION OF INJURY,UNKNOWN,UNKNOWN,UNKNOWN,,,,,2021-06-04 17:22:00,30,CLEAR,DAYLIGHT,TURNING,FOUR WAY,DRY,UNKNOWN,ON SCENE,NO INJURY / DRIVE AWAY,Y,"OVER $1,500",06/04/2021 05:36:00 PM,UNABLE TO DETERMINE,NOT APPLICABLE,,2,NO INDICATION OF INJURY,0.0,0.0,0.0,0.0,0.0,2.0,0.0,17,6,6,41.721256457,-87.643062482,POINT (-87.643062482016 41.72125645696),POINT (1172691.542931159 1841772.6920275136),2021,9505 S HALSTED ST
O1126192,DRIVER,5f52709ca87361884e391f49334e05a666d6b7b425621640e5bc1146dc4f2c59bccd7ba2f1ae0d8e87ca6e194c74f8c0f65ee0328d462517941996ee188c4baa,1068250.0,M,,DID NOT DEPLOY,NONE,NO INDICATION OF INJURY,NONE,NOT OBSCURED,NORMAL,,,,,2021-06-25 16:15:00,30,RAIN,DAYLIGHT,SIDESWIPE SAME DIRECTION,NOT DIVIDED,WET,NO DEFECTS,NOT ON SCENE (DESK REPORT),NO INJURY / DRIVE AWAY,,"OVER $1,500",06/25/2021 04:50:00 PM,IMPROPER OVERTAKING/PASSING,NOT APPLICABLE,,2,NO INDICATION OF INJURY,0.0,0.0,0.0,0.0,0.0,2.0,0.0,16,6,6,41.751395119,-87.605278648,POINT (-87.605278648185 41.751395119411),POINT (1182913.5565923334 1852839.9021368164),2021,760 E 79TH ST
O1058560,DRIVER,29521f4841d59c5731b5f81b15118780cfe4b7117ebc9669640ce56651d2ab4bb947cb6bd66c6ca28e0d0a0981a7430e59144ea07fe0807abcfe74894c906ef9,1003805.0,M,69.0,NOT APPLICABLE,NONE,NONINCAPACITATING INJURY,WRONG WAY/SIDE,UNKNOWN,REMOVED BY EMS,,,,,2021-03-14 13:40:00,35,CLEAR,DAYLIGHT,SIDESWIPE OPPOSITE DIRECTION,NOT DIVIDED,DRY,NO DEFECTS,ON SCENE,INJURY AND / OR TOW DUE TO CRASH,,"$501 - $1,500",03/14/2021 01:49:00 PM,PHYSICAL CONDITION OF DRIVER,UNABLE TO DETERMINE,,2,NONINCAPACITATING INJURY,1.0,0.0,0.0,1.0,0.0,3.0,0.0,13,1,3,41.712948861,-87.559596311,POINT (-87.559596311287 41.712948861247),POINT (1195504.8752017848 1838939.2382532456),2021,10019 S TORRENCE AVE