PERSON_ID,PERSON_TYPE,CRASH_RECORD_ID,VEHICLE_ID,SEX,AGE,AIRBAG_DEPLOYED,EJECTION,INJURY_CLASSIFICATION,DRIVER_ACTION,DRIVER_VISION,PHYSICAL_CONDITION,PEDPEDAL_ACTION,PEDPEDAL_VISIBILITY,PEDPEDAL_LOCATION,CRASH_DATE_EST_I,CRASH_DATE,POSTED_SPEED_LIMIT,WEATHER_CONDITION,LIGHTING_CONDITION,FIRST_CRASH_TYPE,TRAFFICWAY_TYPE,ROADWAY_SURFACE_COND,ROAD_DEFECT,REPORT_TYPE,CRASH_TYPE,HIT_AND_RUN_I,DAMAGE,DATE_POLICE_NOTIFIED,PRIM_CONTRIBUTORY_CAUSE,SEC_CONTRIBUTORY_CAUSE,DOORING_I,NUM_UNITS,MOST_SEVERE_INJURY,INJURIES_TOTAL,INJURIES_FATAL,INJURIES_INCAPACITATING,INJURIES_NON_INCAPACITATING,INJURIES_REPORTED_NOT_EVIDENT,INJURIES_NO_INDICATION,INJURIES_UNKNOWN,CRASH_HOUR,CRASH_DAY_OF_WEEK,CRASH_MONTH,LATITUDE,LONGITUDE,LOCATION,geometry,YEAR,ADDRESS
P232754,PASSENGER,a23ef886222b9adaf7de7cabb3bc2b533a69f8e52f22c51fa0ca9e6a7cf05345134dd1104526f122045c30c4a9dd54dc1ac1348c0681e41d3947489fcd1a7256,976044.0,M,,DID NOT DEPLOY,NONE,NO INDICATION OF INJURY,,,,,,,,2021-01-23 20:37:00,30,CLEAR,"DARKNESS, LIGHTED ROAD",ANGLE,FOUR WAY,DRY,NO DEFECTS,,INJURY AND / OR TOW DUE TO CRASH,N,"OVER $1,500",01/23/2021 08:37:00 PM,DRIVING SKILLS/KNOWLEDGE/EXPERIENCE,UNABLE TO DETERMINE,,2,NO INDICATION OF INJURY,0.0,0.0,0.0,0.0,0.0,5.0,0.0,20,7,1,41.766741782,-87.671005976,POINT (-87.671005975595 41.766741781682),POINT (1164935.45445759 1858287.1766486804),2021,6999 S WOLCOTT AVE
O1152419,DRIVER,2a6bcbbb7b10da51133f70ec3c3f06d7c092aab541779d7bfe78bf00a45706a35f740f163731c1f93ace2b233a8be24ad43194f3c13f7b59924b2479b47d711c,1093185.0,M,,DEPLOYMENT UNKNOWN,NONE,NO INDICATION OF INJURY,UNKNOWN,UNKNOWN,UNKNOWN,,,,,2021-08-01 03:01:00,30,CLEAR,"DARKNESS, LIGHTED ROAD",PARKED MOTOR VEHICLE,NOT DIVIDED,DRY,NO DEFECTS,NOT ON SCENE (DESK REPORT),INJURY AND / OR TOW DUE TO CRASH,Y,"$501 - $1,500",08/01/2021 06:00:00 AM,UNABLE TO DETERMINE,UNABLE TO DETERMINE,,4,NO INDICATION OF INJURY,0.0,0.0,0.0,0.0,0.0,1.0,0.0,3,1,8,41.758371531,-87.610567374,POINT (-87.610567374301 41.75837153112),POINT (1181449.0614672515 1855369.8801136075),2021,553 E 75TH ST
O1244417,DRIVER,749d4ee8445a0f60afa5f6836fdae2454014b6bf47f08d64889044fc5deed17aec668be0f0b2c4a3928f3d1657480639a93c601f340c2fd4aa7d2c4c3211c992,1181098.0,M,,DEPLOYMENT UNKNOWN,NONE,NO INDICATION OF INJURY,OTHER,UNKNOWN,UNKNOWN,,,,,2021-12-11 17:01:00,30,CLEAR,"DARKNESS, LIGHTED ROAD",PARKED MOTOR VEHICLE,DIVIDED - W/MEDIAN (NOT RAISED),DRY,NO DEFECTS,ON SCENE,NO INJURY / DRIVE AWAY,Y,"$501 - $1,500",12/11/2021 05:02:00 PM,"OPERATING VEHICLE IN ERRATIC, RECKLESS, CARELESS, NEGLIGENT OR AGGRESSIVE MANNER",IMPROPER BACKING,,2,NO INDICATION OF INJURY,0.0,0.0,0.0,0.0,0.0,3.0,0.0,17,7,12,41.940050865,-87.652104402,POINT (-87.652104402157 41.940050865409),POINT (1169590.8771357643 1921480.822218884),2021,912 W BELMONT AVE
P261359,PASSENGER,1f8d1be500c280e1aab83239aba59e6f80aedc69724df98287dcab30cc47600f371f63e8c587a36004f902077cdf7fb00ac1272c0302df8197de5d6a81b52458,1105424.0,M,41.0,NOT APPLICABLE,NONE,"REPORTED, NOT EVIDENT",,,,,,,,2021-08-20 00:15:00,35,CLEAR,"DARKNESS, LIGHTED ROAD",SIDESWIPE SAME DIRECTION,DIVIDED - W/MEDIAN (NOT RAISED),DRY,NO DEFECTS,ON SCENE,INJURY AND / OR TOW DUE TO CRASH,,"OVER $1,500",08/20/2021 12:15:00 AM,IMPROPER LANE USAGE,NOT APPLICABLE,,2,NONINCAPACITATING INJURY,3.0,0.0,0.0,1.0,2.0,1.0,0.0,0,6,8,41.68430796,-87.680774722,POINT (-87.680774721691 41.68430795958),POINT (1162498.1962065091 1828228.8215588897),2021,11505 S WESTERN AVE
O1027491,DRIVER,057b5aae6f9aeee30f8a3835f68b18c8f7dfca4417f673335a8adb4e5c4bbbfdba181b5cef88fccfb5dd74df0aff8a1cd3e68ebe138b4080b7394a4a86299510,973856.0,F,40.0,DID NOT DEPLOY,NONE,NO INDICATION OF INJURY,NONE,NOT OBSCURED,NORMAL,,,,,2021-01-20 15:07:00,10,CLEAR,DAYLIGHT,SIDESWIPE OPPOSITE DIRECTION,DRIVEWAY,DRY,NO DEFECTS,NOT ON SCENE (DESK REPORT),NO INJURY / DRIVE AWAY,,"$501 - $1,500",01/20/2021 04:00:00 PM,UNABLE TO DETERMINE,UNABLE TO DETERMINE,,2,NO INDICATION OF INJURY,0.0,0.0,0.0,0.0,0.0,2.0,0.0,15,4,1,41.999335182,-87.660816921,POINT (-87.660816921032 41.999335181529),POINT (1167050.8820774874 1943065.5822977514),2021,6438 N SHERIDAN RD
O1101124,DRIVER,5665e335dac5e9623198a128454242544da2277e0356af9e6a59cb9d365a04007f83783e8fa43c1d0d01e8e84be9cbda6d5521c721d729876ce7a815da576f70,1044456.0,X,,DEPLOYMENT UNKNOWN,NONE,NO INDICATION OF INJURY,OTHER,UNKNOWN,UNKNOWN,,,,,2021-05-23 03:27:00,30,CLEAR,"DARKNESS, LIGHTED ROAD",PARKED MOTOR VEHICLE,DIVIDED - W/MEDIAN (NOT RAISED),DRY,NO DEFECTS,ON SCENE,INJURY AND / OR TOW DUE TO CRASH,Y,"OVER $1,500",05/23/2021 03:51:00 AM,"OPERATING VEHICLE IN ERRATIC, RECKLESS, CARELESS, NEGLIGENT OR AGGRESSIVE MANNER",NOT APPLICABLE,,4,NO INDICATION OF INJURY,0.0,0.0,0.0,0.0,0.0,1.0,0.0,3,1,5,41.7309647,-87.663068639,POINT (-87.663068639336 41.730964700307),POINT (1167202.3570549707 1845267.114549304),2021,8936 S ASHLAND AVE
O1111153,DRIVER,b074364a158465f6c1cf832b4bef547d39671cf1689ad17310a88a77d3b0d4ac1a5258111c5a5d3aa48a95e09677597d3ae04acb25955f8c23d55cdf9e7f37b0,1054067.0,F,30.0,NOT APPLICABLE,NONE,NO INDICATION OF INJURY,OTHER,UNKNOWN,NORMAL,,,,,2021-06-06 01:00:00,30,CLEAR,"DARKNESS, LIGHTED ROAD",PARKED MOTOR VEHICLE,DIVIDED - W/MEDIAN (NOT RAISED),DRY,NO DEFECTS,ON SCENE,NO INJURY / DRIVE AWAY,,$500 OR LESS,06/06/2021 01:15:00 AM,DRIVING SKILLS/KNOWLEDGE/EXPERIENCE,NOT APPLICABLE,,2,NO INDICATION OF INJURY,0.0,0.0,0.0,0.0,0.0,5.0,0.0,1,1,6,41.796154756,-87.650213502,POINT (-87.650213501707 41.796154755648),POINT (1170522.605091682 1869049.4185399644),2021,5356 S MORGAN ST
O1169178,DRIVER,390b010e4d5732748bf55a557709f4fa6df9406e27c7d54fe196e55d646a131e45bd876393932a027459da6057b30bb5136a75d7ac57980ea6ff1f50ecbae2b7,1109324.0,X,,DEPLOYMENT UNKNOWN,NONE,NO INDICATION OF INJURY,IMPROPER TURN,UNKNOWN,UNKNOWN,,,,,2021-08-25 13:54:00,30,CLEAR,DAYLIGHT,OTHER OBJECT,NOT DIVIDED,DRY,UNKNOWN,NOT ON SCENE (DESK REPORT),NO INJURY / DRIVE AWAY,Y,"OVER $1,500",08/25/2021 03:04:00 PM,IMPROPER TURNING/NO SIGNAL,IMPROPER TURNING/NO SIGNAL,,1,NO INDICATION OF INJURY,0.0,0.0,0.0,0.0,0.0,1.0,0.0,13,4,8,41.844202241,-87.704886994,POINT (-87.704886994392 41.844202240983),POINT (1155486.1515574746 1886443.944031213),2021,2609 S KEDZIE AVE
O1214813,DRIVER,95404bb31f1bdbd9f458386da8f84a0bb669a0a23ba21dae51ddae0aeaeb0ce8c9f0974a6f4cfed9a7b190c7681b7095fa278d9df788f49cef6306c85d21bfaf,1152728.0,F,,DEPLOYMENT UNKNOWN,NONE,NO INDICATION OF INJURY,UNKNOWN,UNKNOWN,UNKNOWN,,,,,2021-10-27 21:27:00,30,CLEAR,"DARKNESS, LIGHTED ROAD",PARKED MOTOR VEHICLE,DIVIDED - W/MEDIAN (NOT RAISED),DRY,NO DEFECTS,NOT ON SCENE (DESK REPORT),NO INJURY / DRIVE AWAY,,"OVER $1,500",10/28/2021 12:32:00 PM,UNABLE TO DETERMINE,UNABLE TO DETERMINE,,4,NO INDICATION OF INJURY,0.0,0.0,0.0,0.0,0.0,3.0,0.0,21,4,10,41.73682263,-87.58578342,POINT (-87.585783420329 41.736822630157),POINT (1188279.3651045111 1847575.4345735447),2021,8700 S STONY ISLAND AVE
O1193757,DRIVER,8d121de958114ab3180039006244a9ba1baeb611f7b42cac2ca7d0ed79e99f51021031ba5eeab381fb043de10ad7499c1be4ce8b717cf6237c26c4d7689e5342,1132640.0,X,,DEPLOYMENT UNKNOWN,NONE,NO INDICATION OF INJURY,UNKNOWN,UNKNOWN,UNKNOWN,,,,,2021-09-28 11:35:00,35,CLEAR,DAYLIGHT,SIDESWIPE SAME DIRECTION,ONE-WAY,DRY,NO DEFECTS,ON SCENE,NO INJURY / DRIVE AWAY,Y,$500 OR LESS,09/28/2021 11:49:00 AM,UNABLE TO DETERMINE,UNABLE TO DETERMINE,,2,NO INDICATION OF INJURY,0.0,0.0,0.0,0.0,0.0,2.0,0.0,11,3,9,41.88180696,-87.629543115,POINT (-87.629543115394 41.881806960065),POINT (1175903.2774109165 1900306.2631863225),2021,10 S DEARBORN ST
O1072708,DRIVER,5ec9c4954e47893fe4e268c98ba54348da174c73d8b430cf3aec53a418981562255a5064602b1aa3ab3f46e9f8110ee6b60a1af5cf5336d072688b4d5b348d0f,1017313.0,F,39.0,DID NOT DEPLOY,NONE,NO INDICATION OF INJURY,NONE,NOT OBSCURED,NORMAL,,,,,2021-04-08 01:31:00,30,CLEAR,"DARKNESS, LIGHTED ROAD",ANGLE,FOUR WAY,DRY,NO DEFECTS,ON SCENE,NO INJURY / DRIVE AWAY,Y,"OVER $1,500",04/08/2021 01:31:00 AM,DISREGARDING TRAFFIC SIGNALS,FAILING TO REDUCE SPEED TO AVOID CRASH,,2,NO INDICATION OF INJURY,0.0,0.0,0.0,0.0,0.0,3.0,0.0,1,5,4,41.969083319,-87.659819454,POINT (-87.659819453616 41.969083319146),POINT (1167408.6992567333 1932043.7680128545),2021,4800 N BROADWAY
O1202651,DRIVER,e9e45356dbd4c6b373195cd8a1e27c3640515774e66a0cb65ae87f37f54ec0d26cb4b280c543f7ac8dd97ba879428a8f579109ba3ec7b54011b12800f279772f,1141117.0,M,53.0,DID NOT DEPLOY,NONE,NO INDICATION OF INJURY,NONE,NOT OBSCURED,NORMAL,,,,,2021-10-10 17:30:00,30,CLEAR,DAYLIGHT,SIDESWIPE SAME DIRECTION,ONE-WAY,DRY,NO DEFECTS,NOT ON SCENE (DESK REPORT),NO INJURY / DRIVE AWAY,,"OVER $1,500",10/10/2021 06:30:00 PM,NOT APPLICABLE,NOT APPLICABLE,,2,NO INDICATION OF INJURY,0.0,0.0,0.0,0.0,0.0,2.0,0.0,17,1,10,41.88329092,-87.639784759,POINT (-87.639784758898 41.883290920413),POINT (1173109.929558534 1900824.3118645013),2021,500 W WASHINGTON BLVD
P250871,PASSENGER,fdeb534db0bb95bbd7c7ec390c1b3af6150d5c99725926cf31dd3399f090de81fed690c39b21fbd517d354c55ff1acf603f63650114a8bb0ed41b80c0dca8b6d,1060313.0,M,3.0,DID NOT DEPLOY,NONE,NO INDICATION OF INJURY,,,,,,,Y,2021-06-14 15:40:00,30,CLEAR,DAYLIGHT,SIDESWIPE SAME DIRECTION,DIVIDED - W/MEDIAN (NOT RAISED),DRY,NO DEFECTS,ON SCENE,NO INJURY / DRIVE AWAY,Y,"$501 - $1,500",06/14/2021 03:45:00 PM,IMPROPER OVERTAKING/PASSING,NOT APPLICABLE,,2,NO INDICATION OF INJURY,0.0,0.0,0.0,0.0,0.0,4.0,0.0,15,2,6,41.881829819,-87.752731574,POINT (-87.752731574282 41.88182981864),POINT (1142356.9025641545 1900063.5648209678),2021,5100 W WASHINGTON BLVD
O1178111,DRIVER,77220d2fa51ff73c665f26650b4f31f32079be3523b13d72d214624bf11d5afa1348eaa0f71a45e3308a8f5eee8b3a3fe250605a255ead93513fcc05131868e4,1117646.0,X,,DEPLOYMENT UNKNOWN,UNKNOWN,NO INDICATION OF INJURY,WRONG WAY/SIDE,UNKNOWN,UNKNOWN,,,,,2021-09-07 00:30:00,30,CLEAR,"DARKNESS, LIGHTED ROAD",HEAD ON,NOT DIVIDED,DRY,NO DEFECTS,ON SCENE,INJURY AND / OR TOW DUE TO CRASH,Y,"OVER $1,500",09/07/2021 01:00:00 AM,DRIVING ON WRONG SIDE/WRONG WAY,IMPROPER OVERTAKING/PASSING,,2,NO INDICATION OF INJURY,0.0,0.0,0.0,0.0,0.0,2.0,0.0,0,3,9,41.973127817,-87.651076352,POINT (-87.651076352251 41.97312781659),POINT (1169774.616412641 1933536.4149212814),2021,4950 N MARINE DR
P246130,PASSENGER,eb35344cb7a14a241a17875e44a4da99666b21a445be4e42b57616dfffa309b39ecf2a13eb77dff51239bd4a4186feb4ddf00434e4ab153a4ddcb9c16bde4aae,1040354.0,F,17.0,DID NOT DEPLOY,NONE,NO INDICATION OF INJURY,,,,,,,,2021-05-16 22:00:00,30,CLEAR,"DARKNESS, LIGHTED ROAD",ANGLE,FOUR WAY,DRY,UNKNOWN,ON SCENE,INJURY AND / OR TOW DUE TO CRASH,,"OVER $1,500",05/16/2021 10:02:00 PM,FAILING TO YIELD RIGHT-OF-WAY,UNABLE TO DETERMINE,,2,NONINCAPACITATING INJURY,1.0,0.0,0.0,1.0,0.0,3.0,0.0,22,1,5,41.970152376,-87.728230408,POINT (-87.72823040792 41.970152376388),POINT (1148801.8555137003 1932294.5126999973),2021,4900 N PULASKI RD
O1156904,DRIVER,71839edd5eabd75a2699e45ca1af506a04e2902de9c66b2dc80b4a6282810713910c1dbaac4f399ce04733926ac4d00887b8f18128dac6364e84aa2ad9090be7,1097407.0,M,86.0,NOT APPLICABLE,NONE,NO INDICATION OF INJURY,UNKNOWN,UNKNOWN,NORMAL,,,,,2021-08-07 13:30:00,25,UNKNOWN,UNKNOWN,TURNING,NOT DIVIDED,UNKNOWN,UNKNOWN,NOT ON SCENE (DESK REPORT),NO INJURY / DRIVE AWAY,,"OVER $1,500",08/07/2021 02:30:00 PM,UNABLE TO DETERMINE,UNABLE TO DETERMINE,,2,NO INDICATION OF INJURY,0.0,0.0,0.0,0.0,0.0,2.0,0.0,13,7,8,41.992171894,-87.675445424,POINT (-87.675445424442 41.992171894109),POINT (1163094.653416915 1940424.345473161),2021,6100 N RAVENSWOOD AVE
P256098,PASSENGER,22ccb4662b9daf423245222bb2bdfccb59b870e4b41cc26aefb29da2b9ea003e33b0fedcc5a0d70763ca42eee1708896e056db127548ac2f08848972bd2f0ab0,1082387.0,F,,DID NOT DEPLOY,NONE,NO INDICATION OF INJURY,,,,,,,,2021-07-16 16:30:00,30,CLEAR,DAYLIGHT,TURNING,NOT DIVIDED,DRY,NO DEFECTS,NOT ON SCENE (DESK REPORT),NO INJURY / DRIVE AWAY,Y,"$501 - $1,500",07/16/2021 06:20:00 PM,UNABLE TO DETERMINE,NOT APPLICABLE,,2,NO INDICATION OF INJURY,0.0,0.0,0.0,0.0,0.0,3.0,0.0,16,6,7,41.92867188,-87.736883072,POINT (-87.736883072208 41.928671880217),POINT (1146554.029164878 1917162.4060838225),2021,2600 N KOSTNER AVE
O1023356,DRIVER,03a05b78ee5306d8bb4d95de7dc7da196d21b841ffb9460fa06863907f28f7c125819d0a65e72af995d7a8c592dd135910b1b543c9fcee3883a9e517660753e7,969916.0,M,,NOT APPLICABLE,NONE,NO INDICATION OF INJURY,FAILED TO YIELD,NOT OBSCURED,NORMAL,,,,,2021-01-12 14:20:00,30,CLEAR,DAYLIGHT,ANGLE,NOT DIVIDED,DRY,NO DEFECTS,NOT ON SCENE (DESK REPORT),NO INJURY / DRIVE AWAY,,"OVER $1,500",01/12/2021 03:00:00 PM,FAILING TO YIELD RIGHT-OF-WAY,NOT APPLICABLE,,2,NO INDICATION OF INJURY,0.0,0.0,0.0,0.0,0.0,2.0,0.0,14,3,1,41.779538533,-87.683501992,POINT (-87.683501991674 41.779538533201),POINT (1161491.2424620448 1862924.2086970175),2021,6251 S WESTERN AVE
O1166792,DRIVER,8ae41934c8371834ef37c5c26f6b563a68deccef1883795a5e478873fe0c3fafb169760a6fc0edbd882f8a45cad4d57a0359ad8950a15eb9f989ba320f930e23,1106803.0,X,,DEPLOYMENT UNKNOWN,NONE,NO INDICATION OF INJURY,FOLLOWED TOO CLOSELY,UNKNOWN,UNKNOWN,,,,,2021-08-21 18:35:00,30,CLEAR,DUSK,REAR END,DIVIDED - W/MEDIAN (NOT RAISED),DRY,NO DEFECTS,ON SCENE,INJURY AND / OR TOW DUE TO CRASH,Y,"OVER $1,500",08/21/2021 08:06:00 PM,FOLLOWING TOO CLOSELY,FAILING TO REDUCE SPEED TO AVOID CRASH,,2,NONINCAPACITATING INJURY,1.0,0.0,0.0,1.0,0.0,1.0,0.0,18,7,8,41.834136596,-87.665798267,POINT (-87.665798267236 41.834136596492),POINT (1166165.4257525222 1882856.4201818292),2021,3300 S ASHLAND AVE
O1187789,DRIVER,04182ebdb415ed37af1feb108a6a8b0436864bf9643d3d3da2b60465fc0e9b7e9e5dbf1bc6581c083f9084678cf386997efa6cfea96fb843405b0c353feb27b0,1126897.0,F,41.0,DID NOT DEPLOY,NONE,NO INDICATION OF INJURY,OVERCORRECTED,NOT OBSCURED,NORMAL,,,,,2021-09-19 23:30:00,30,CLEAR,"DARKNESS, LIGHTED ROAD",PARKED MOTOR VEHICLE,NOT DIVIDED,DRY,NO DEFECTS,ON SCENE,INJURY AND / OR TOW DUE TO CRASH,,"OVER $1,500",09/19/2021 11:31:00 PM,DISTRACTION - FROM OUTSIDE VEHICLE,NOT APPLICABLE,,2,NO INDICATION OF INJURY,0.0,0.0,0.0,0.0,0.0,1.0,0.0,23,1,9,41.945244561,-87.645825501,POINT (-87.645825500882 41.945244561184),POINT (1171283.997073518 1923387.058843839),2021,3473 N BROADWAY
O1114431,DRIVER,b97da7952dee8358866a520f9ed685b49ab1360fad32ac607ab98da9eaac0c010860a46e43b4764aa39f5a90f85035d46172b4d7221e5d7acac343b7881a3470,1057144.0,F,52.0,NOT APPLICABLE,NONE,NO INDICATION OF INJURY,NONE,NOT OBSCURED,NORMAL,,,,,2021-06-09 18:15:00,30,CLEAR,DAYLIGHT,TURNING,NOT DIVIDED,DRY,NO DEFECTS,,NO INJURY / DRIVE AWAY,,"$501 - $1,500",06/09/2021 07:35:00 PM,NOT APPLICABLE,NOT APPLICABLE,,2,NO INDICATION OF INJURY,0.0,0.0,0.0,0.0,0.0,2.0,0.0,18,4,6,41.800895636,-87.694144122,POINT (-87.694144121738 41.800895636272),POINT (1158530.73217149 1870684.8330401056),2021,5100 S CALIFORNIA AVE
O1035575,DRIVER,1f3dcbe866d3887303ababd33c91765b3ace77c4488e944c35966b7c86b3b0079c333839689212c58fbd4900aa45b6f0fa7a6ea4e41dec3bb8f3882276179845,981575.0,M,30.0,DID NOT DEPLOY,NONE,NO INDICATION OF INJURY,NONE,NOT OBSCURED,NORMAL,,,,,2021-02-04 14:15:00,30,SNOW,DAYLIGHT,SIDESWIPE SAME DIRECTION,ONE-WAY,SNOW OR SLUSH,NO DEFECTS,ON SCENE,NO INJURY / DRIVE AWAY,Y,"$501 - $1,500",02/04/2021 02:22:00 PM,IMPROPER OVERTAKING/PASSING,UNABLE TO DETERMINE,,2,NO INDICATION OF INJURY,0.0,0.0,0.0,0.0,0.0,2.0,0.0,14,5,2,41.865690546,-87.720253624,POINT (-87.72025362442 41.865690546012),POINT (1151243.1970961872 1894243.9521830373),2021,1216 S INDEPENDENCE BLVD
P260094,PASSENGER,eca8ed3c5b7b1124ab8747bc974aa6769d036a9de0f0ca49c946e5e436896ca72a15a8cc8d8c2a4c377ed35bc7497fae6c35f7dbfe342cfc341de913022c06d5,1099350.0,M,,DEPLOYMENT UNKNOWN,UNKNOWN,NO INDICATION OF INJURY,,,,,,,,2021-08-10 13:50:00,35,CLEAR,DAYLIGHT,REAR END,NOT DIVIDED,DRY,UNKNOWN,NOT ON SCENE (DESK REPORT),NO INJURY / DRIVE AWAY,,$500 OR LESS,08/10/2021 02:10:00 PM,UNABLE TO DETERMINE,FOLLOWING TOO CLOSELY,,2,NO INDICATION OF INJURY,0.0,0.0,0.0,0.0,0.0,3.0,0.0,13,3,8,41.765051802,-87.661435043,POINT (-87.661435043377 41.765051801665),POINT (1167551.2656817085 1857691.6126279787),2021,1500 W 71ST ST
O1215255,DRIVER,1fcde8739d7452d9d739803dea94754881db1ce4801feb50e2b4859954eb5a4ab074cb2e3fc0d7c4fa5dc930d056df0a7c61f8bb1401df1fc6bd870e400c5187,1153142.0,M,,DEPLOYMENT UNKNOWN,NONE,NO INDICATION OF INJURY,TOO FAST FOR CONDITIONS,UNKNOWN,UNKNOWN,,,,,2021-10-28 18:35:00,30,RAIN,"DARKNESS, LIGHTED ROAD",PEDALCYCLIST,T-INTERSECTION,WET,NO DEFECTS,NOT ON SCENE (DESK REPORT),INJURY AND / OR TOW DUE TO CRASH,Y,"OVER $1,500",10/28/2021 07:45:00 PM,FAILING TO REDUCE SPEED TO AVOID CRASH,NOT APPLICABLE,,2,"REPORTED, NOT EVIDENT",1.0,0.0,0.0,0.0,1.0,1.0,0.0,18,5,10,41.86888416,-87.63939254,POINT (-87.639392540279 41.868884160018),POINT (1173259.180369104 1895575.367751385),2021,1100 S CANAL ST
O1226347,DRIVER,0ec4e41b66c95a451e7d3392f6bc57545a9246071ff655a8122ee6e924921656d11f32f1c66aeebb9c3045dfd09aa456513b65199b230bb6f3ba5132cf6eddf2,1163764.0,F,28.0,DID NOT DEPLOY,NONE,NO INDICATION OF INJURY,UNKNOWN,NOT OBSCURED,NORMAL,,,,,2021-11-13 14:50:00,25,CLEAR,DAYLIGHT,REAR END,ONE-WAY,DRY,NO DEFECTS,NOT ON SCENE (DESK REPORT),NO INJURY / DRIVE AWAY,Y,"OVER $1,500",11/13/2021 03:45:00 PM,UNABLE TO DETERMINE,UNABLE TO DETERMINE,,2,NO INDICATION OF INJURY,0.0,0.0,0.0,0.0,0.0,3.0,0.0,14,7,11,41.885608962,-87.752666974,POINT (-87.75266697443 41.885608961886),POINT (1142365.1762579314 1901440.7979121287),2021,299 N LECLAIRE AVE
O1027746,DRIVER,033ca3a984de249367ed98bd16670a7305004f99f35df1c40406c34ce88473be419417193e528f332b5411cb0f1a4a9a784506b6cc72ebab91cdecbe1713b75b,974100.0,F,61.0,NOT APPLICABLE,NONE,NO INDICATION OF INJURY,OTHER,NOT OBSCURED,NORMAL,,,,Y,2021-01-20 20:00:00,30,CLEAR,"DARKNESS, LIGHTED ROAD",SIDESWIPE SAME DIRECTION,NOT DIVIDED,DRY,NO DEFECTS,ON SCENE,NO INJURY / DRIVE AWAY,Y,$500 OR LESS,01/20/2021 08:55:00 PM,UNABLE TO DETERMINE,UNABLE TO DETERMINE,,2,NO INDICATION OF INJURY,0.0,0.0,0.0,0.0,0.0,3.0,0.0,20,4,1,41.786239767,-87.710864942,POINT (-87.710864941545 41.786239767177),POINT (1154010.2972364416 1865310.8760009923),2021,3502 W 59TH ST
O1080696,DRIVER,cc9bccf4f6a3f01266c9c8bd9569c90cf16487f471fc100a4cddc5504d1939baac7bb5675a95f355dffa4b8ec68841ce40b897297636a66403ec302ca07911a0,1024925.0,F,56.0,DID NOT DEPLOY,NONE,NO INDICATION OF INJURY,NONE,NOT OBSCURED,NORMAL,,,,,2021-04-22 09:15:00,30,CLEAR,DAYLIGHT,REAR END,DIVIDED - W/MEDIAN (NOT RAISED),DRY,NO DEFECTS,NOT ON SCENE (DESK REPORT),NO INJURY / DRIVE AWAY,,"OVER $1,500",04/22/2021 10:15:00 AM,FOLLOWING TOO CLOSELY,NOT APPLICABLE,,2,NO INDICATION OF INJURY,0.0,0.0,0.0,0.0,0.0,2.0,0.0,9,5,4,41.851163379,-87.724173345,POINT (-87.72417334475 41.851163379178),POINT (1150213.080448144 1888942.694305934),2021,3949 W OGDEN AVE
O1251716,DRIVER,aedf451abeebd1010cd92b48290e1283469cf9b6eab726e19a1ea39cf823b355337bd6962368df8941860ecda0e5a072884426ae8c2dccc89c2857643e151a1d,1188129.0,M,37.0,DID NOT DEPLOY,NONE,NO INDICATION OF INJURY,UNKNOWN,UNKNOWN,NORMAL,,,,,2021-12-23 21:30:00,30,CLEAR,DARKNESS,REAR END,ONE-WAY,DRY,OTHER,NOT ON SCENE (DESK REPORT),NO INJURY / DRIVE AWAY,Y,"$501 - $1,500",12/23/2021 10:30:00 PM,NOT APPLICABLE,NOT APPLICABLE,,2,NO INDICATION OF INJURY,0.0,0.0,0.0,0.0,0.0,2.0,0.0,21,5,12,41.750974562,-87.629488371,POINT (-87.629488371351 41.750974562412),POINT (1176308.6882619308 1852631.683312406),2021,166 W 79TH ST
O1079787,DRIVER,862a36732f2c1e6ecc5805279a80b39847d852488563bdc3001a9bdb80422b58baf1f9386a164efcdd14712d7fcbe65ad37a0a3a66575c9c22fabed6b43f0a46,1024066.0,M,,DEPLOYMENT UNKNOWN,NONE,NO INDICATION OF INJURY,IMPROPER BACKING,UNKNOWN,UNKNOWN,,,,,2021-04-19 21:00:00,30,CLEAR,"DARKNESS, LIGHTED ROAD",REAR END,NOT DIVIDED,DRY,NO DEFECTS,NOT ON SCENE (DESK REPORT),NO INJURY / DRIVE AWAY,Y,"OVER $1,500",04/20/2021 04:10:00 PM,IMPROPER BACKING,IMPROPER BACKING,,3,NO INDICATION OF INJURY,0.0,0.0,0.0,0.0,0.0,4.0,0.0,21,2,4,41.823117831,-87.689874031,POINT (-87.689874031013 41.823117831466),POINT (1159634.3851068483 1878791.1644253249),2021,3850 S ROCKWELL ST
O1240855,PEDESTRIAN,609d466f2391e6d88dafcd913f762ce316a1549c9910bdacf5c9af9a047806c9532449e2a285b1ba104ccb73544e04fa59b3d9b1d90fbe669712cbf1bdc85412,,F,,,,NO INDICATION OF INJURY,NONE,NOT OBSCURED,NORMAL,CROSSING - WITH SIGNAL,NO CONTRASTING CLOTHING,IN CROSSWALK,,2021-12-06 15:48:00,30,CLEAR,DUSK,PEDESTRIAN,FOUR WAY,DRY,NO DEFECTS,ON SCENE,NO INJURY / DRIVE AWAY,,$500 OR LESS,12/06/2021 03:49:00 PM,"VISION OBSCURED (SIGNS, TREE LIMBS, BUILDINGS, ETC.)",NOT APPLICABLE,,2,NO INDICATION OF INJURY,0.0,0.0,0.0,0.0,0.0,2.0,0.0,15,2,12,42.01129783,-87.818762809,POINT (-87.818762808747 42.011297829871),POINT (1124092.28290899 1947127.2375093645),2021,7699 W TOUHY AVE