PERSON_ID,PERSON_TYPE,CRASH_RECORD_ID,VEHICLE_ID,SEX,AGE,AIRBAG_DEPLOYED,EJECTION,INJURY_CLASSIFICATION,DRIVER_ACTION,DRIVER_VISION,PHYSICAL_CONDITION,PEDPEDAL_ACTION,PEDPEDAL_VISIBILITY,PEDPEDAL_LOCATION,CRASH_DATE_EST_I,CRASH_DATE,POSTED_SPEED_LIMIT,WEATHER_CONDITION,LIGHTING_CONDITION,FIRST_CRASH_TYPE,TRAFFICWAY_TYPE,ROADWAY_SURFACE_COND,ROAD_DEFECT,REPORT_TYPE,CRASH_TYPE,HIT_AND_RUN_I,DAMAGE,DATE_POLICE_NOTIFIED,PRIM_CONTRIBUTORY_CAUSE,SEC_CONTRIBUTORY_CAUSE,DOORING_I,NUM_UNITS,MOST_SEVERE_INJURY,INJURIES_TOTAL,INJURIES_FATAL,INJURIES_INCAPACITATING,INJURIES_NON_INCAPACITATING,INJURIES_REPORTED_NOT_EVIDENT,INJURIES_NO_INDICATION,INJURIES_UNKNOWN,CRASH_HOUR,CRASH_DAY_OF_WEEK,CRASH_MONTH,LATITUDE,LONGITUDE,LOCATION,geometry,YEAR,ADDRESS
O1177355,DRIVER,0a2c584d1561b3ab2741c474ad980a58ee408e920c69e1e364b81901f253ec48c6350f10cf1da443f6fc840fce8c7bee3daa9b1045c4aac375407b0b8dcb2267,1116915.0,M,21.0,NOT APPLICABLE,NONE,NO INDICATION OF INJURY,UNKNOWN,UNKNOWN,NORMAL,,,,,2021-09-05 16:32:00,25,CLEAR,DAYLIGHT,SIDESWIPE SAME DIRECTION,NOT DIVIDED,DRY,NO DEFECTS,ON SCENE,NO INJURY / DRIVE AWAY,,"OVER $1,500",09/05/2021 04:32:00 PM,FAILING TO YIELD RIGHT-OF-WAY,NOT APPLICABLE,,2,NO INDICATION OF INJURY,0.0,0.0,0.0,0.0,0.0,2.0,0.0,16,1,9,41.766182423,-87.649145913,POINT (-87.649145913012 41.766182423108),POINT (1170900.6170406109 1858130.029951903),2021,7025 S MORGAN ST
O1202310,DRIVER,f0933876dbb3f2af2f98e5dfd92da78f7a4959ca2c4f4e74e650fdc4b57da865c456bde9657707f6ad8686db928d59c99976d39c5c6bce9a56267edbbf001fea,1140813.0,F,38.0,NOT APPLICABLE,NONE,NO INDICATION OF INJURY,NONE,NOT OBSCURED,UNKNOWN,,,,,2021-10-09 18:20:00,30,CLEAR,DARKNESS,ANGLE,NOT DIVIDED,DRY,UNKNOWN,NOT ON SCENE (DESK REPORT),INJURY AND / OR TOW DUE TO CRASH,Y,"OVER $1,500",10/10/2021 07:50:00 AM,DISREGARDING TRAFFIC SIGNALS,FAILING TO YIELD RIGHT-OF-WAY,,2,NO INDICATION OF INJURY,0.0,0.0,0.0,0.0,0.0,3.0,0.0,18,7,10,41.808815039,-87.645682953,POINT (-87.645682953152 41.808815039296),POINT (1171721.0901646314 1873672.6025107203),2021,4700 S HALSTED ST
O1037717,DRIVER,d30b7f7b2b0387c3d2e8e0a9d9c00514f761880b0581daf4ba0416f1ae13c1c705ef56089a81b43d35f43223ca29e87e2405aa363f1b34ab4e6bf5cdcb2d9de0,983616.0,F,30.0,DEPLOYMENT UNKNOWN,NONE,NO INDICATION OF INJURY,OTHER,UNKNOWN,NORMAL,,,,,2021-02-07 12:22:00,30,CLEAR,DAYLIGHT,REAR END,DIVIDED - W/MEDIAN (NOT RAISED),SNOW OR SLUSH,NO DEFECTS,ON SCENE,INJURY AND / OR TOW DUE TO CRASH,,"OVER $1,500",02/07/2021 12:24:00 PM,FAILING TO REDUCE SPEED TO AVOID CRASH,NOT APPLICABLE,,2,"REPORTED, NOT EVIDENT",1.0,0.0,0.0,0.0,1.0,1.0,0.0,12,1,2,41.911833541,-87.687113777,POINT (-87.687113776807 41.91183354063),POINT (1160143.3792607752 1911124.6342056144),2021,1655 N WESTERN AVE
O1214057,DRIVER,d81c94ea28db6d6f51ae676d154c6af5324c1d0ff7ef32289ed188c68ac018ce0e9479a4b08f1ed045cc29b2c1e9d23f8d9d3108adf8976822e4dc72fdc69cd1,1152008.0,M,40.0,NOT APPLICABLE,NONE,NO INDICATION OF INJURY,NONE,NOT OBSCURED,NORMAL,,,,,2021-10-27 09:38:00,30,CLEAR,DAYLIGHT,SIDESWIPE SAME DIRECTION,FOUR WAY,DRY,NO DEFECTS,ON SCENE,INJURY AND / OR TOW DUE TO CRASH,,"OVER $1,500",10/27/2021 09:47:00 AM,EQUIPMENT - VEHICLE CONDITION,NOT APPLICABLE,,3,"REPORTED, NOT EVIDENT",1.0,0.0,0.0,0.0,1.0,3.0,0.0,9,4,10,41.875513881,-87.629553072,POINT (-87.629553071539 41.875513880598),POINT (1175919.3707847062 1898013.0482192081),2021,53 W CONGRESS PKWY
O1165225,DRIVER,f4d54bccded307da1628e1fcf49af95902e22ef0857eb2007c15b83955bbe4c66ab77724edc0f3d04c477ac378d92f8a91663d57704ecf064e052149c8316f74,1105339.0,M,25.0,"DEPLOYED, COMBINATION",NONE,NO INDICATION OF INJURY,IMPROPER TURN,UNKNOWN,NORMAL,,,,,2021-08-19 19:50:00,30,CLEAR,DAYLIGHT,TURNING,"FIVE POINT, OR MORE",DRY,NO DEFECTS,ON SCENE,INJURY AND / OR TOW DUE TO CRASH,,"OVER $1,500",08/19/2021 07:55:00 PM,FAILING TO YIELD RIGHT-OF-WAY,NOT APPLICABLE,,2,NO INDICATION OF INJURY,0.0,0.0,0.0,0.0,0.0,4.0,0.0,19,5,8,41.706823437,-87.655852922,POINT (-87.655852922331 41.706823436735),POINT (1169241.159752186 1836485.7263853133),2021,10259 S VINCENNES AVE
O1059729,DRIVER,e248b33613ed86bc68a9c37d41e341e5c9b1b488dc407b1f7e8126003a94e47df24204957b5e57a6704c6f0ddd16d5378084c1438939be5e33415c7767975be5,1004954.0,X,,DEPLOYMENT UNKNOWN,UNKNOWN,NO INDICATION OF INJURY,UNKNOWN,UNKNOWN,UNKNOWN,,,,,2021-03-16 19:19:00,30,CLEAR,"DARKNESS, LIGHTED ROAD",TURNING,DIVIDED - W/MEDIAN BARRIER,DRY,NO DEFECTS,ON SCENE,INJURY AND / OR TOW DUE TO CRASH,Y,"OVER $1,500",03/16/2021 07:49:00 PM,UNABLE TO DETERMINE,UNABLE TO DETERMINE,,2,NO INDICATION OF INJURY,0.0,0.0,0.0,0.0,0.0,2.0,0.0,19,3,3,41.877164288,-87.720464263,POINT (-87.720464262986 41.877164288333),POINT (1151155.9705611928 1898424.5506570728),2021,301 S HAMLIN BLVD
O1247632,DRIVER,45924ce0fab8a7f76d974f1bf7141527553869f32ba4b28a459ec500aa64ba47c34f45672be719afc8245c0593061415462b5418bbf5b0b4e7aec266743a2e4c,1184178.0,M,31.0,DID NOT DEPLOY,NONE,NO INDICATION OF INJURY,UNKNOWN,NOT OBSCURED,NORMAL,,,,,2021-12-17 01:35:00,30,CLEAR,"DARKNESS, LIGHTED ROAD",TURNING,FOUR WAY,DRY,NO DEFECTS,ON SCENE,NO INJURY / DRIVE AWAY,,"OVER $1,500",12/17/2021 01:48:00 AM,UNABLE TO DETERMINE,UNABLE TO DETERMINE,,2,NO INDICATION OF INJURY,0.0,0.0,0.0,0.0,0.0,2.0,0.0,1,6,12,41.807856929,-87.716125093,POINT (-87.716125093195 41.807856929254),POINT (1152519.1786161973 1873177.6832046306),2021,3699 W 47TH ST
O1234448,DRIVER,2e06e30b828259d4b613b7336ab046894a6596b0fe05d82b24615be1a365772438202dca4a99573b8426d68e659d37581a82170205d4c39d76c409f4695cbd44,1171556.0,X,,DEPLOYMENT UNKNOWN,NONE,NO INDICATION OF INJURY,UNKNOWN,UNKNOWN,UNKNOWN,,,,,2021-11-26 02:45:00,30,CLEAR,"DARKNESS, LIGHTED ROAD",PARKED MOTOR VEHICLE,NOT DIVIDED,DRY,NO DEFECTS,ON SCENE,INJURY AND / OR TOW DUE TO CRASH,Y,"OVER $1,500",11/26/2021 02:54:00 AM,DRIVING SKILLS/KNOWLEDGE/EXPERIENCE,UNABLE TO DETERMINE,,3,NO INDICATION OF INJURY,0.0,0.0,0.0,0.0,0.0,1.0,0.0,2,6,11,41.77504403,-87.649669425,POINT (-87.649669424982 41.77504403009),POINT (1170732.1307786282 1861357.9946899205),2021,6532 S MORGAN ST
O1048002,DRIVER,d42241e094f9a8cfba33378aaeed3d00b80a87433d779587b4991d8954986eeec58e3a6f16406f5ebe1967a8d86fd9459235b33ebb8fa1fc2c345d9faa15e443,993631.0,F,46.0,DID NOT DEPLOY,NONE,NO INDICATION OF INJURY,UNKNOWN,UNKNOWN,NORMAL,,,,Y,2021-02-22 20:28:00,15,CLEAR,DARKNESS,SIDESWIPE OPPOSITE DIRECTION,NOT DIVIDED,SNOW OR SLUSH,UNKNOWN,ON SCENE,NO INJURY / DRIVE AWAY,,"OVER $1,500",02/22/2021 08:29:00 PM,UNABLE TO DETERMINE,UNABLE TO DETERMINE,,2,NO INDICATION OF INJURY,0.0,0.0,0.0,0.0,0.0,3.0,0.0,20,2,2,41.777503539,-87.617411406,POINT (-87.617411406088 41.777503539057),POINT (1179523.6994527562 1862325.822127828),2021,6446 S CALUMET AVE
O1048867,DRIVER,a76a0f825f5c47f2d31ab9c4d5da996b5e794010c3ca89736f6ac4d0eff793e55cc28d0e20803561a941fcb74fbfd7bb4f114658fbb43a6aa8a23141315bde9a,994474.0,F,,DID NOT DEPLOY,NONE,NO INDICATION OF INJURY,FOLLOWED TOO CLOSELY,NOT OBSCURED,NORMAL,,,,,2021-02-17 12:37:00,30,CLEAR,DAYLIGHT,REAR END,T-INTERSECTION,SNOW OR SLUSH,NO DEFECTS,ON SCENE,NO INJURY / DRIVE AWAY,Y,"OVER $1,500",02/24/2021 12:45:00 PM,FAILING TO REDUCE SPEED TO AVOID CRASH,NOT APPLICABLE,,2,NO INDICATION OF INJURY,0.0,0.0,0.0,0.0,0.0,3.0,0.0,12,4,2,41.691206664,-87.720554863,POINT (-87.720554863466 41.691206664451),POINT (1151614.2086394075 1830662.819212259),2021,4001 W 111TH ST
O1207037,DRIVER,95ea951672fc3fc0fa50eaf5de76299bfc2fdb89a7aef8b1e1c9865815142bf262c6c2d5d2b33523d9a6111324d8c9ac3d3b808048d376ad60ccefd4aec7b2b1,1145307.0,M,32.0,DID NOT DEPLOY,NONE,NO INDICATION OF INJURY,NONE,NOT OBSCURED,NORMAL,,,,,2021-10-13 15:45:00,30,CLEAR,DAYLIGHT,REAR END,NOT DIVIDED,DRY,NO DEFECTS,NOT ON SCENE (DESK REPORT),NO INJURY / DRIVE AWAY,,"$501 - $1,500",10/17/2021 09:20:00 AM,UNABLE TO DETERMINE,NOT APPLICABLE,,2,NO INDICATION OF INJURY,0.0,0.0,0.0,0.0,0.0,2.0,0.0,15,4,10,41.924716068,-87.716751729,POINT (-87.716751728666 41.924716067643),POINT (1152042.4905905188 1915759.6525440572),2021,3554 W FULLERTON AVE
O1169711,DRIVER,371b224b7341de71110aee51be05be2f0b1e232345bec50e118a422ef1e6f073fcab78fc471fc8b10c0c55f886f714dec015a8daf2d6716d8ec34f899db49316,1109601.0,F,51.0,NOT APPLICABLE,NONE,NO INDICATION OF INJURY,NONE,NOT OBSCURED,NORMAL,,,,,2021-08-26 07:10:00,30,CLEAR,DAYLIGHT,ANGLE,ALLEY,DRY,NO DEFECTS,NOT ON SCENE (DESK REPORT),NO INJURY / DRIVE AWAY,,"OVER $1,500",08/26/2021 09:25:00 AM,UNABLE TO DETERMINE,NOT APPLICABLE,,2,NO INDICATION OF INJURY,0.0,0.0,0.0,0.0,0.0,3.0,0.0,7,5,8,41.781390781,-87.774217996,POINT (-87.774217995776 41.781390780977),POINT (1136744.0025838085 1863425.2250963529),2021,6100 S MEADE AVE
O1126096,DRIVER,ff0f2ef11c40de7529a55201cd3eba69a7a3601b2da3606c2f717f8765b501f5ad17a78286acdaf554eebedf2121dc4affbac8002bf62d9c0577ffd45a809192,1068181.0,F,,DEPLOYMENT UNKNOWN,NONE,NO INDICATION OF INJURY,FAILED TO YIELD,UNKNOWN,UNKNOWN,,,,,2021-06-25 12:15:00,30,RAIN,DAYLIGHT,ANGLE,T-INTERSECTION,WET,NO DEFECTS,NOT ON SCENE (DESK REPORT),NO INJURY / DRIVE AWAY,Y,"OVER $1,500",06/25/2021 01:15:00 PM,FAILING TO YIELD RIGHT-OF-WAY,DISREGARDING STOP SIGN,,2,NO INDICATION OF INJURY,0.0,0.0,0.0,0.0,0.0,2.0,0.0,12,6,6,41.749759735,-87.571222182,POINT (-87.571222182437 41.749759735328),POINT (1192211.8507075163 1852324.4589036873),2021,8000 S PAXTON AVE
O1082233,DRIVER,82672a1a166a9550a468ba7670408a4bac7075b6cb5c194109c58db028553067d2dddf21c49baf6802729d4406feda2f8e3d97c269583e554613e180aa4777d7,1026408.0,X,,DEPLOYMENT UNKNOWN,UNKNOWN,NO INDICATION OF INJURY,IMPROPER LANE CHANGE,UNKNOWN,UNKNOWN,,,,,2021-04-24 18:16:00,55,CLEAR,DAYLIGHT,SIDESWIPE SAME DIRECTION,DIVIDED - W/MEDIAN BARRIER,DRY,NO DEFECTS,ON SCENE,INJURY AND / OR TOW DUE TO CRASH,Y,"OVER $1,500",04/24/2021 06:18:00 PM,IMPROPER LANE USAGE,UNABLE TO DETERMINE,,2,NO INDICATION OF INJURY,0.0,0.0,0.0,0.0,0.0,3.0,0.0,18,7,4,41.83867473,-87.608234515,POINT (-87.608234515448 41.838674729615),POINT (1181838.7238124956 1884637.2646031664),2021,3099 S LAKE SHORE DR SB
O1220787,DRIVER,39f01637f216a88d65043b228329e7cc17071a5d6b43a145880011c640c01e91a94fa7b3955a86d9ed6d3c1a44666c5cee07a8980de608a428ffd6589e236de1,1158433.0,M,59.0,NOT APPLICABLE,NONE,NO INDICATION OF INJURY,NONE,NOT OBSCURED,NORMAL,,,,,2021-11-05 03:50:00,30,CLEAR,"DARKNESS, LIGHTED ROAD",ANGLE,FOUR WAY,DRY,NO DEFECTS,ON SCENE,NO INJURY / DRIVE AWAY,,"OVER $1,500",11/05/2021 03:55:00 AM,DISTRACTION - FROM INSIDE VEHICLE,PHYSICAL CONDITION OF DRIVER,,4,NO INDICATION OF INJURY,0.0,0.0,0.0,0.0,0.0,4.0,0.0,3,6,11,41.844364821,-87.724614135,POINT (-87.724614135449 41.844364821304),POINT (1150110.5484938815 1886464.4725119877),2021,4000 W 26TH ST
O1027052,DRIVER,1f42df50d0b29f5bbd467c9c5b74452633e122b2776419888d2d08804f642bdaa887012038e445c0802de5c3cf61e7e35a80d5314f83ed52e5da0e89bcc3468f,973436.0,M,58.0,NOT APPLICABLE,NONE,NO INDICATION OF INJURY,UNKNOWN,UNKNOWN,NORMAL,,,,Y,2021-01-19 17:05:00,30,SNOW,"DARKNESS, LIGHTED ROAD",SIDESWIPE SAME DIRECTION,DIVIDED - W/MEDIAN (NOT RAISED),WET,NO DEFECTS,ON SCENE,NO INJURY / DRIVE AWAY,,"$501 - $1,500",01/19/2021 05:20:00 PM,UNABLE TO DETERMINE,UNABLE TO DETERMINE,,2,NO INDICATION OF INJURY,0.0,0.0,0.0,0.0,0.0,2.0,0.0,17,3,1,41.859183968,-87.72511069,POINT (-87.725110689896 41.859183967542),POINT (1149937.0009812927 1891863.5615492135),2021,1550 S PULASKI RD
P258957,PASSENGER,787cae1c5f0c7b152aa42e14199155d4305654ea9e42af3d5ea7dda289c659ccd6d5767251381df786b8a8ce3b011b4da47c2d7c040df4e0e07e1a40fbac63d8,1094290.0,,,DEPLOYMENT UNKNOWN,NONE,NO INDICATION OF INJURY,,,,,,,N,2021-08-02 19:20:00,30,CLEAR,DUSK,TURNING,FOUR WAY,DRY,UNKNOWN,ON SCENE,INJURY AND / OR TOW DUE TO CRASH,,"OVER $1,500",08/02/2021 07:23:00 PM,FAILING TO YIELD RIGHT-OF-WAY,UNABLE TO DETERMINE,,2,NONINCAPACITATING INJURY,1.0,0.0,0.0,1.0,0.0,2.0,0.0,19,2,8,41.779701924,-87.640825485,POINT (-87.640825484673 41.779701923581),POINT (1173130.8262070762 1863074.598620904),2021,623 W 63RD ST
O1073651,DRIVER,41ea1f35d4bd2f913ded69b36b3fc2ab0586ae762a308c1c9a7810e7c0ec1283dda1192d26466483950a18445c57fa304d5fdb23ba3e3ac376fbc4fb97a9f52e,1018232.0,M,26.0,NOT APPLICABLE,NONE,NO INDICATION OF INJURY,FAILED TO YIELD,PARKED VEHICLES,NORMAL,,,,,2021-04-09 17:04:00,25,CLEAR,DAYLIGHT,TURNING,ONE-WAY,DRY,NO DEFECTS,ON SCENE,INJURY AND / OR TOW DUE TO CRASH,,"OVER $1,500",04/09/2021 05:04:00 PM,FAILING TO YIELD RIGHT-OF-WAY,NOT APPLICABLE,,2,"REPORTED, NOT EVIDENT",1.0,0.0,0.0,0.0,1.0,1.0,0.0,17,6,4,41.878603731,-87.742906236,POINT (-87.742906235799 41.878603730544),POINT (1145040.5931284851 1898906.2380231451),2021,118 S KILPATRICK AVE
O1248772,DRIVER,534c691975761d5b0489f339ee66ec9fa7bcb2dff55f193cb3687addfd0ee29c74e5e4a768a3fc22a5836ed79757b36478055774c6071d4c12d214a19dedc9f5,1185283.0,M,71.0,DID NOT DEPLOY,NONE,NO INDICATION OF INJURY,NONE,NOT OBSCURED,NORMAL,,,,,2021-12-18 17:00:00,30,CLEAR,"DARKNESS, LIGHTED ROAD",TURNING,DIVIDED - W/MEDIAN (NOT RAISED),DRY,NO DEFECTS,NOT ON SCENE (DESK REPORT),NO INJURY / DRIVE AWAY,,"OVER $1,500",12/18/2021 06:00:00 PM,UNABLE TO DETERMINE,NOT APPLICABLE,,2,NO INDICATION OF INJURY,0.0,0.0,0.0,0.0,0.0,2.0,0.0,17,7,12,41.699012536,-87.681532009,POINT (-87.681532009133 41.699012535928),POINT (1162250.7958686326 1833585.4114460652),2021,10700 S WESTERN AVE
O1234106,DRIVER,b70c809be46833938c4b0e0fa49193d495ca502049b982ce4aff0c720c7b2c39ab24b3b30836124ca1287a6f10738f597c74361ff314e75d31682da2b80ec330,1171225.0,M,,DEPLOYMENT UNKNOWN,UNKNOWN,NO INDICATION OF INJURY,UNKNOWN,UNKNOWN,UNKNOWN,,,,,2021-11-25 04:45:00,30,UNKNOWN,UNKNOWN,HEAD ON,UNKNOWN INTERSECTION TYPE,UNKNOWN,UNKNOWN,NOT ON SCENE (DESK REPORT),NO INJURY / DRIVE AWAY,Y,"OVER $1,500",11/25/2021 07:15:00 AM,UNABLE TO DETERMINE,UNABLE TO DETERMINE,,2,NO INDICATION OF INJURY,0.0,0.0,0.0,0.0,0.0,2.0,0.0,4,5,11,41.937422319,-87.721334186,POINT (-87.721334185899 41.937422318816),POINT (1150762.3953311397 1920380.898415496),2021,3110 N MILWAUKEE AVE
O1088392,DRIVER,72420e0075e61c58b9e60a4609a6ed8304782db51ac7bc15fbca7af6708a44241095da779c8afeaa1dad6db69d67547a1a26c2e5b0f7a24b59195f4404f74e41,1032294.0,F,33.0,DID NOT DEPLOY,NONE,NO INDICATION OF INJURY,FOLLOWED TOO CLOSELY,NOT OBSCURED,NORMAL,,,,,2021-05-04 06:45:00,45,CLOUDY/OVERCAST,DAYLIGHT,REAR END,DIVIDED - W/MEDIAN BARRIER,DRY,NO DEFECTS,ON SCENE,NO INJURY / DRIVE AWAY,,"$501 - $1,500",05/04/2021 06:59:00 AM,FOLLOWING TOO CLOSELY,NOT APPLICABLE,,2,NO INDICATION OF INJURY,0.0,0.0,0.0,0.0,0.0,2.0,0.0,6,3,5,41.847420982,-87.612391204,POINT (-87.61239120397 41.847420982326),POINT (1180679.2698118645 1887814.8384690543),2021,2500 S LAKE SHORE DR SB
O1167642,DRIVER,e80e705419fb6dfc45d956aa44f436d255563d6dbe937b3b2328a468ca797c253a989ebb334070e91d4250b7d7d43af15e68dcc135f057b7d0b8185fe81f0fcf,1107630.0,F,65.0,DID NOT DEPLOY,NONE,NO INDICATION OF INJURY,NONE,NOT OBSCURED,NORMAL,,,,,2021-08-23 09:40:00,30,CLEAR,DAYLIGHT,ANGLE,NOT DIVIDED,DRY,NO DEFECTS,NOT ON SCENE (DESK REPORT),NO INJURY / DRIVE AWAY,,"OVER $1,500",08/23/2021 10:25:00 AM,FAILING TO YIELD RIGHT-OF-WAY,UNABLE TO DETERMINE,,2,NO INDICATION OF INJURY,0.0,0.0,0.0,0.0,0.0,2.0,0.0,9,2,8,41.931575608,-87.746743301,POINT (-87.746743301136 41.931575608446),POINT (1143863.647574725 1918202.018463188),2021,2800 N CICERO AVE
O1151899,DRIVER,b43535219961146cf8c2d6f80d8f26f5d2953d372f7649224518d9ac1b15199d319d732b0498fdd261735aa7600a25278efe4f7ea17b979aa9b72afa78f4805d,1092654.0,F,66.0,DEPLOYMENT UNKNOWN,NONE,NO INDICATION OF INJURY,IMPROPER PARKING,NOT OBSCURED,NORMAL,,,,,2021-07-29 17:00:00,30,CLEAR,DAYLIGHT,PARKED MOTOR VEHICLE,PARKING LOT,DRY,NO DEFECTS,NOT ON SCENE (DESK REPORT),NO INJURY / DRIVE AWAY,,$500 OR LESS,07/31/2021 03:45:00 PM,UNABLE TO DETERMINE,NOT APPLICABLE,,2,NO INDICATION OF INJURY,0.0,0.0,0.0,0.0,0.0,2.0,0.0,17,5,7,41.866198107,-87.666522163,POINT (-87.66652216326 41.866198106581),POINT (1165877.429531157 1894538.0072388607),2021,1222 S ASHLAND AVE
O1082201,DRIVER,095282c6b039c4efff27df80b5ffd86e55e9dec776f20d0d0f97d6b6b0001147be030b86b5ba281ed4b25523dc71ec5e9fd8176df597ce7013a08cb55b55e212,1026381.0,F,23.0,"DEPLOYED, SIDE",NONE,NO INDICATION OF INJURY,FAILED TO YIELD,UNKNOWN,NORMAL,,,,,2021-04-24 17:12:00,30,CLEAR,DAYLIGHT,ANGLE,DIVIDED - W/MEDIAN (NOT RAISED),DRY,NO DEFECTS,ON SCENE,INJURY AND / OR TOW DUE TO CRASH,,"OVER $1,500",04/24/2021 05:18:00 PM,FAILING TO YIELD RIGHT-OF-WAY,UNABLE TO DETERMINE,,2,NO INDICATION OF INJURY,0.0,0.0,0.0,0.0,0.0,2.0,0.0,17,7,4,41.997820425,-87.69104545,POINT (-87.691045449968 41.997820425443),POINT (1158838.3799788256 1942450.5106489002),2021,2430 W DEVON AVE
O1185782,DRIVER,6b3dcc21fddae6af86307826e7b695a8cc2e18c4acc43ad80d200ac4c0fb1132ec4c85fe5b78c09603821516aaf9435f531f90571470c183f930b585ae951ec0,1124970.0,M,18.0,DID NOT DEPLOY,NONE,NO INDICATION OF INJURY,FOLLOWED TOO CLOSELY,UNKNOWN,NORMAL,,,,,2021-09-17 11:49:00,30,CLEAR,DAYLIGHT,REAR END,NOT DIVIDED,DRY,UNKNOWN,ON SCENE,INJURY AND / OR TOW DUE TO CRASH,,"OVER $1,500",09/17/2021 11:58:00 AM,FOLLOWING TOO CLOSELY,UNABLE TO DETERMINE,,2,"REPORTED, NOT EVIDENT",1.0,0.0,0.0,0.0,1.0,1.0,0.0,11,6,9,41.925323419,-87.650078551,POINT (-87.650078550586 41.925323419429),POINT (1170184.8195790434 1916118.4928443786),2021,833 W FULLERTON AVE
P251147,PASSENGER,d981671af795df5a38be1f0c6c9feb0b362c8654853b6dcc6614a74730d5be133f60ba5269ffbcfe8101e302891fb0f9a2714c064e154f9d5e5835fe8f75ae1a,1061508.0,M,,NOT APPLICABLE,NONE,INCAPACITATING INJURY,,,,,,,,2021-06-06 13:00:00,30,CLEAR,DAYLIGHT,TURNING,FOUR WAY,DRY,UNKNOWN,NOT ON SCENE (DESK REPORT),INJURY AND / OR TOW DUE TO CRASH,,"OVER $1,500",06/16/2021 09:40:00 AM,UNABLE TO DETERMINE,NOT APPLICABLE,,2,INCAPACITATING INJURY,2.0,0.0,2.0,0.0,0.0,1.0,0.0,13,1,6,41.74414571,-87.60010274,POINT (-87.600102740193 41.744145709574),POINT (1184348.4210755432 1850210.2748188572),2021,1000 E 83RD ST
P274974,PASSENGER,72fc7146e09beefb6a442c092eaeddc50899fa6ec4b793cfbfdd5f61cac211a46e7aa1dd4993f4c4c47902f307c99226f1e6c6a03fa694274c2c1fd1e872f0e3,1165396.0,M,23.0,NOT APPLICABLE,NONE,NO INDICATION OF INJURY,,,,,,,,2021-11-16 09:17:00,30,CLEAR,DAYLIGHT,REAR END,NOT DIVIDED,DRY,NO DEFECTS,NOT ON SCENE (DESK REPORT),NO INJURY / DRIVE AWAY,Y,"OVER $1,500",11/16/2021 10:00:00 AM,UNABLE TO DETERMINE,UNABLE TO DETERMINE,,3,NO INDICATION OF INJURY,0.0,0.0,0.0,0.0,0.0,4.0,0.0,9,3,11,41.886889918,-87.755157753,POINT (-87.755157753441 41.886889917562),POINT (1141683.7908020301 1901902.9969210264),2021,339 N LARAMIE AVE
O1050785,DRIVER,c859bbee3bc585d1468cd3f36fec085645caf341d4822e63cd433764cb6b9844c11fadc41ddc10790863608cc84b37bd31d52878e7e4d6a4d821cc0064fff49f,996306.0,F,43.0,DID NOT DEPLOY,NONE,NO INDICATION OF INJURY,NONE,NOT OBSCURED,NORMAL,,,,,2021-02-27 16:00:00,30,CLEAR,DAYLIGHT,REAR END,NOT DIVIDED,DRY,NO DEFECTS,NOT ON SCENE (DESK REPORT),NO INJURY / DRIVE AWAY,,"OVER $1,500",02/27/2021 04:25:00 PM,UNABLE TO DETERMINE,NOT APPLICABLE,,2,NO INDICATION OF INJURY,0.0,0.0,0.0,0.0,0.0,3.0,0.0,16,7,2,41.923335004,-87.687742799,POINT (-87.687742798645 41.923335003624),POINT (1159940.6159215558 1915314.490657714),2021,2300 N WESTERN AVE
O1255601,DRIVER,ea12ed1880c4ffb58ef8d0a2d141d624c79aa679bfbda548a3d1c99f889aef00a928ee1a4cd25a60cb6cc994c4d2ba02152e05c557ca15be8ea3b2ef63a03e38,1191857.0,X,,DEPLOYMENT UNKNOWN,UNKNOWN,NO INDICATION OF INJURY,UNKNOWN,UNKNOWN,UNKNOWN,,,,,2021-12-31 21:30:00,30,UNKNOWN,DARKNESS,HEAD ON,FOUR WAY,UNKNOWN,UNKNOWN,NOT ON SCENE (DESK REPORT),INJURY AND / OR TOW DUE TO CRASH,Y,"OVER $1,500",12/31/2021 11:00:00 PM,UNABLE TO DETERMINE,NOT APPLICABLE,,2,NO INDICATION OF INJURY,0.0,0.0,0.0,0.0,0.0,2.0,0.0,21,6,12,41.772190068,-87.662946424,POINT (-87.66294642393 41.772190067863),POINT (1167118.668230385 1860289.5221635294),2021,6700 S JUSTINE ST
O1249700,DRIVER,4f1812534fa196dc7e70b68c9f560c0c24070d1fe1abc2401cfeb58d47b4c59f27b92c1538ced35fb40f264d391a4c278db57dbac9f64eb72ee7d90c6b169fcd,1186194.0,F,36.0,"DEPLOYED, COMBINATION",NONE,NO INDICATION OF INJURY,OTHER,NOT OBSCURED,NORMAL,,,,,2021-12-20 12:50:00,25,CLEAR,DAYLIGHT,ANGLE,FOUR WAY,DRY,NO DEFECTS,ON SCENE,INJURY AND / OR TOW DUE TO CRASH,,"OVER $1,500",12/20/2021 12:50:00 PM,FAILING TO REDUCE SPEED TO AVOID CRASH,UNABLE TO DETERMINE,,2,NONINCAPACITATING INJURY,1.0,0.0,0.0,1.0,0.0,3.0,0.0,12,2,12,41.859015861,-87.721318402,POINT (-87.721318401895 41.859015860963),POINT (1150970.505851112 1891809.6450660678),2021,3832 W 16TH ST