PERSON_ID,PERSON_TYPE,CRASH_RECORD_ID,VEHICLE_ID,SEX,AGE,AIRBAG_DEPLOYED,EJECTION,INJURY_CLASSIFICATION,DRIVER_ACTION,DRIVER_VISION,PHYSICAL_CONDITION,PEDPEDAL_ACTION,PEDPEDAL_VISIBILITY,PEDPEDAL_LOCATION,CRASH_DATE_EST_I,CRASH_DATE,POSTED_SPEED_LIMIT,WEATHER_CONDITION,LIGHTING_CONDITION,FIRST_CRASH_TYPE,TRAFFICWAY_TYPE,ROADWAY_SURFACE_COND,ROAD_DEFECT,REPORT_TYPE,CRASH_TYPE,HIT_AND_RUN_I,DAMAGE,DATE_POLICE_NOTIFIED,PRIM_CONTRIBUTORY_CAUSE,SEC_CONTRIBUTORY_CAUSE,DOORING_I,NUM_UNITS,MOST_SEVERE_INJURY,INJURIES_TOTAL,INJURIES_FATAL,INJURIES_INCAPACITATING,INJURIES_NON_INCAPACITATING,INJURIES_REPORTED_NOT_EVIDENT,INJURIES_NO_INDICATION,INJURIES_UNKNOWN,CRASH_HOUR,CRASH_DAY_OF_WEEK,CRASH_MONTH,LATITUDE,LONGITUDE,LOCATION,geometry,YEAR,ADDRESS
O1059555,DRIVER,31cfdfb0e76130a29c681eddab14e4f3a06f172ba1848f2f752acd540b1bcfa5803f872d49b3729d7ebdf7223ca56ed6e0620bdbaebb84b5c33e0057937b9c5b,1004797.0,M,20.0,DID NOT DEPLOY,NONE,NO INDICATION OF INJURY,OTHER,UNKNOWN,UNKNOWN,,,,,2021-03-05 22:10:00,30,CLEAR,"DARKNESS, LIGHTED ROAD",TURNING,NOT DIVIDED,DRY,NO DEFECTS,NOT ON SCENE (DESK REPORT),NO INJURY / DRIVE AWAY,,"OVER $1,500",03/16/2021 03:00:00 PM,FOLLOWING TOO CLOSELY,UNABLE TO DETERMINE,,2,NO INDICATION OF INJURY,0.0,0.0,0.0,0.0,0.0,2.0,0.0,22,6,3,41.915455961,-87.635014178,POINT (-87.635014178241 41.915455961273),POINT (1174313.6049732978 1912555.8001942297),2021,1816 N LINCOLN AVE
O1168985,DRIVER,8c68fdc9a0c129f2ca6dd13b53e69a1079c0b1d3c3a36f52eb9718822a890629906b308f566886cf22fdf59e38a51ddcf33f218fc7da9a998f013658a54ed85b,1108927.0,M,,DEPLOYMENT UNKNOWN,UNKNOWN,NO INDICATION OF INJURY,UNKNOWN,UNKNOWN,UNKNOWN,,,,Y,2021-08-24 17:15:00,30,UNKNOWN,UNKNOWN,REAR END,DIVIDED - W/MEDIAN (NOT RAISED),UNKNOWN,UNKNOWN,ON SCENE,NO INJURY / DRIVE AWAY,,$500 OR LESS,08/25/2021 08:30:00 AM,UNABLE TO DETERMINE,PHYSICAL CONDITION OF DRIVER,,2,NO INDICATION OF INJURY,0.0,0.0,0.0,0.0,0.0,4.0,0.0,17,3,8,41.735912386,-87.648639196,POINT (-87.648639196132 41.73591238555),POINT (1171126.6304487588 1847101.0016869018),2021,8700 S MORGAN ST
O1194967,DRIVER,c7777f0e7883c01f06b04b8c74420db97b7e60fb85a5fe38402cd37e44ff4cc50178d50036ece514f839352e0ea9e434837d937c9bd0917ed8b846235113dd3a,1133792.0,F,38.0,DID NOT DEPLOY,NONE,NO INDICATION OF INJURY,OTHER,NOT OBSCURED,NORMAL,,,,,2021-09-30 01:45:00,30,CLEAR,"DARKNESS, LIGHTED ROAD",PARKED MOTOR VEHICLE,NOT DIVIDED,DRY,NO DEFECTS,ON SCENE,NO INJURY / DRIVE AWAY,,"$501 - $1,500",09/30/2021 01:52:00 AM,FAILING TO REDUCE SPEED TO AVOID CRASH,FAILING TO REDUCE SPEED TO AVOID CRASH,,2,NO INDICATION OF INJURY,0.0,0.0,0.0,0.0,0.0,1.0,0.0,1,5,9,41.799948116,-87.763316308,POINT (-87.763316308414 41.799948116133),POINT (1139672.52321209 1870206.9013172076),2021,5617 W 51ST ST
O1181028,DRIVER,10ab29ef923df7ca081f3cbe97d3ab6cd4f1522efb29e2cf3996379f805a2b590a692435e915ed09bd91a2fb74fcb7be994732d64e727f05acf4766e2342862b,1120456.0,F,,DEPLOYMENT UNKNOWN,UNKNOWN,NO INDICATION OF INJURY,UNKNOWN,UNKNOWN,UNKNOWN,,,,,2021-09-10 22:00:00,30,CLEAR,DAYLIGHT,PARKED MOTOR VEHICLE,NOT DIVIDED,DRY,NO DEFECTS,ON SCENE,INJURY AND / OR TOW DUE TO CRASH,Y,"OVER $1,500",09/10/2021 10:11:00 PM,UNABLE TO DETERMINE,NOT APPLICABLE,,2,NO INDICATION OF INJURY,0.0,0.0,0.0,0.0,0.0,1.0,0.0,22,6,9,41.785877249,-87.659663519,POINT (-87.659663519022 41.785877248948),POINT (1167975.1137809802 1865284.0275795457),2021,5930 S LOOMIS BLVD
O1069802,DRIVER,f76bf5101419188c35456f5926f138d181e2434a4965db5ced644798cc3bdcfd98ed4dbcdefe8851755fbae4d7d4b21d55e9481c87b80e715e6ad160517cfe9e,1014524.0,M,,DID NOT DEPLOY,NONE,NO INDICATION OF INJURY,UNKNOWN,"TREES, PLANTS",UNKNOWN,,,,,2021-03-31 17:00:00,30,CLEAR,DAYLIGHT,REAR END,DIVIDED - W/MEDIAN (NOT RAISED),DRY,NO DEFECTS,NOT ON SCENE (DESK REPORT),INJURY AND / OR TOW DUE TO CRASH,,$500 OR LESS,04/03/2021 11:45:00 AM,UNABLE TO DETERMINE,UNABLE TO DETERMINE,,2,"REPORTED, NOT EVIDENT",1.0,0.0,0.0,0.0,1.0,2.0,0.0,17,4,3,41.968941909,-87.657661362,POINT (-87.657661362037 41.968941909253),POINT (1167995.990683211 1931996.8586743905),2021,1101 W LAWRENCE AVE
O1096963,DRIVER,81e42b2767c8674e29d405f68e22fa2ac5f7de518c536c21c5fa1d2d2f5ee8a4af66ec17fdfcf592c8a4f03198900f4defd98e83d352c007011124e3c57bdc42,1040488.0,F,40.0,DID NOT DEPLOY,NONE,NO INDICATION OF INJURY,NONE,NOT OBSCURED,NORMAL,,,,,2021-05-17 06:57:00,30,CLEAR,DAYLIGHT,REAR END,NOT DIVIDED,DRY,NO DEFECTS,NOT ON SCENE (DESK REPORT),NO INJURY / DRIVE AWAY,,"OVER $1,500",05/17/2021 07:28:00 AM,FOLLOWING TOO CLOSELY,FOLLOWING TOO CLOSELY,,2,NO INDICATION OF INJURY,0.0,0.0,0.0,0.0,0.0,2.0,0.0,6,2,5,41.802264761,-87.684402494,POINT (-87.684402494495 41.802264761237),POINT (1161183.1213837944 1871203.636099261),2021,5020 S WESTERN AVE
O1081103,DRIVER,80f896371d55d7ae178016c43e4780d11b1000661aa844a9c45b34becbae603038a5c888300f5ea02c073083396361c66ffbe0db33f239b7343275d018be196a,1025327.0,F,,NOT APPLICABLE,NONE,NONINCAPACITATING INJURY,UNKNOWN,NOT OBSCURED,NORMAL,,,,,2021-04-22 19:29:00,30,CLEAR,"DARKNESS, LIGHTED ROAD",SIDESWIPE SAME DIRECTION,NOT DIVIDED,DRY,NO DEFECTS,ON SCENE,INJURY AND / OR TOW DUE TO CRASH,Y,"OVER $1,500",04/22/2021 07:29:00 PM,UNABLE TO DETERMINE,NOT APPLICABLE,,2,NONINCAPACITATING INJURY,1.0,0.0,0.0,1.0,0.0,1.0,0.0,19,5,4,41.895608981,-87.712230507,POINT (-87.712230507426 41.895608981439),POINT (1153349.6763703604 1905161.8968473587),2021,3416 W CHICAGO AVE
O1203158,DRIVER,fc9b3661c03ade919b3a3135ea1cf3c1a8c259a85a50b4b5b48167e32d19e35b547382ab751bb0f07d8b95e7365af3fa453b98435900c652115391efb720156e,1141604.0,F,80.0,DID NOT DEPLOY,NONE,NO INDICATION OF INJURY,NONE,NOT OBSCURED,NORMAL,,,,,2021-10-11 15:50:00,10,RAIN,DAYLIGHT,ANGLE,PARKING LOT,WET,NO DEFECTS,NOT ON SCENE (DESK REPORT),NO INJURY / DRIVE AWAY,,"OVER $1,500",10/11/2021 04:20:00 PM,UNABLE TO DETERMINE,NOT APPLICABLE,,2,NO INDICATION OF INJURY,0.0,0.0,0.0,0.0,0.0,2.0,0.0,15,2,10,42.011419575,-87.80678828,POINT (-87.806788279871 42.011419574597),POINT (1127346.2780526227 1947191.390757053),2021,7150 N HARLEM AVE
P241798,PASSENGER,b77c0b44319afcfb73f58066bf346dbb39992b05a191565cb3181999eb31c80dd6c4a126eb18a519928969c6f2cdccd7fbbdf5b4a786192a88f1067a4b07feb5,1021098.0,F,28.0,DID NOT DEPLOY,NONE,NO INDICATION OF INJURY,,,,,,,,2021-04-14 20:50:00,35,CLEAR,"DARKNESS, LIGHTED ROAD",OTHER OBJECT,NOT DIVIDED,DRY,NO DEFECTS,ON SCENE,INJURY AND / OR TOW DUE TO CRASH,Y,"OVER $1,500",04/14/2021 08:55:00 PM,UNABLE TO DETERMINE,UNABLE TO DETERMINE,,1,NO INDICATION OF INJURY,0.0,0.0,0.0,0.0,0.0,2.0,0.0,20,4,4,41.74839996,-87.702502751,POINT (-87.702502750845 41.748399959538),POINT (1156391.9814087576 1851538.991628056),2021,7944 S KEDZIE AVE
O1238122,DRIVER,43e60544ca541ba6fc366a5bb8d6da7bcf7f0cc3980d3fb209a792aa2065eb74fdc8ceac7cf88efc578e043f5e29fffce2fb339e3b473d78b36b15c3e55ff1df,1175098.0,M,36.0,NOT APPLICABLE,NONE,NO INDICATION OF INJURY,OTHER,UNKNOWN,NORMAL,,,,,2021-12-02 05:20:00,30,CLEAR,"DARKNESS, LIGHTED ROAD",SIDESWIPE SAME DIRECTION,DIVIDED - W/MEDIAN (NOT RAISED),UNKNOWN,UNKNOWN,NOT ON SCENE (DESK REPORT),NO INJURY / DRIVE AWAY,Y,"OVER $1,500",12/02/2021 05:15:00 PM,UNABLE TO DETERMINE,NOT APPLICABLE,,2,NO INDICATION OF INJURY,0.0,0.0,0.0,0.0,0.0,2.0,0.0,5,5,12,41.931647017,-87.746290638,POINT (-87.746290638129 41.931647017291),POINT (1143986.6414096165 1918228.8829830382),2021,4752 W DIVERSEY AVE
O1184935,DRIVER,ee3e10fb654147e677b9174859a62394a9d006915f47f172dc3a53773a3a92752c3085f6dfd2101c8828c280e59c057c9daa36cf80084a0d0fcf78743debb68b,1124153.0,M,30.0,DID NOT DEPLOY,NONE,NO INDICATION OF INJURY,UNKNOWN,NOT OBSCURED,NORMAL,,,,,2021-09-16 10:53:00,30,CLEAR,DAYLIGHT,TURNING,DIVIDED - W/MEDIAN (NOT RAISED),DRY,NO DEFECTS,NOT ON SCENE (DESK REPORT),NO INJURY / DRIVE AWAY,,"$501 - $1,500",09/16/2021 11:45:00 AM,IMPROPER LANE USAGE,UNABLE TO DETERMINE,,2,NO INDICATION OF INJURY,0.0,0.0,0.0,0.0,0.0,3.0,0.0,10,5,9,41.994543115,-87.713893199,POINT (-87.713893198948 41.994543114578),POINT (1152636.4577841158 1941210.4827510302),2021,6201 N MC CORMICK RD
O1093200,DRIVER,70cd34c3a5de61f2180e66dd57c274eef12b28a7fc1510a56c15960432458ee3312a8a5aee8c0fe5d295b43899e7ade91beb13a489609ff3c8bf6d0d3dfffaf3,1036890.0,M,56.0,NOT APPLICABLE,NONE,NO INDICATION OF INJURY,NONE,NOT OBSCURED,NORMAL,,,,Y,2021-05-11 10:43:00,30,CLEAR,DAYLIGHT,FIXED OBJECT,NOT DIVIDED,DRY,NO DEFECTS,ON SCENE,NO INJURY / DRIVE AWAY,,"OVER $1,500",05/11/2021 10:45:00 AM,UNABLE TO DETERMINE,UNABLE TO DETERMINE,,1,NO INDICATION OF INJURY,0.0,0.0,0.0,0.0,0.0,1.0,0.0,10,3,5,41.968132193,-87.748121838,POINT (-87.748121837789 41.968132192926),POINT (1143397.5824408852 1931520.7726740132),2021,4802 W LAWRENCE AVE
O1233250,DRIVER,52fad01de515f46d934dc3f3fbab8dd037ee9a7bed12124a4e19ba45611d035ceed3ec80045aefc53815974db51d7628a9569869b24afe77473ac32df67b5082,1170404.0,F,,NOT APPLICABLE,NONE,NO INDICATION OF INJURY,IMPROPER PARKING,NOT OBSCURED,UNKNOWN,,,,,2021-11-23 14:00:00,30,CLEAR,DAYLIGHT,PARKED MOTOR VEHICLE,DIVIDED - W/MEDIAN (NOT RAISED),DRY,NO DEFECTS,ON SCENE,NO INJURY / DRIVE AWAY,Y,"OVER $1,500",11/23/2021 04:30:00 PM,UNABLE TO DETERMINE,UNABLE TO DETERMINE,,2,NO INDICATION OF INJURY,0.0,0.0,0.0,0.0,0.0,1.0,0.0,14,3,11,41.968456969,-87.679031636,POINT (-87.679031636297 41.968456968935),POINT (1162185.7614733286 1931775.0363070369),2021,4751 N DAMEN AVE
P276501,PASSENGER,0cf46e4b9aa9d21c28c8cb66c05eb0c2163da8cd41f1dbf861843c3bf4769bf24db6c11448a9c3deb22411ca7ce0e2924fda7f557f4007b2a2ffbbf89f6a0955,1172496.0,F,45.0,NOT APPLICABLE,NONE,NONINCAPACITATING INJURY,,,,,,,,2021-11-27 22:05:00,30,CLEAR,"DARKNESS, LIGHTED ROAD",SIDESWIPE SAME DIRECTION,DIVIDED - W/MEDIAN (NOT RAISED),DRY,NO DEFECTS,ON SCENE,INJURY AND / OR TOW DUE TO CRASH,,"OVER $1,500",11/27/2021 10:10:00 PM,FAILING TO YIELD RIGHT-OF-WAY,NOT APPLICABLE,,2,NONINCAPACITATING INJURY,1.0,0.0,0.0,1.0,0.0,2.0,0.0,22,7,11,41.939188345,-87.711058704,POINT (-87.711058704149 41.939188345366),POINT (1153553.4832860795 1921044.568498492),2021,3325 W BELMONT AVE
O1072068,DRIVER,2b450a45d5d77d7c21044000d9fa68612f16ffe7a2147bb9d2334212e3dc92c2844114c2cb1894bbcb54d82e4774d30d526827b34072e6118e0762783244a170,1016695.0,F,23.0,DEPLOYMENT UNKNOWN,UNKNOWN,NO INDICATION OF INJURY,UNKNOWN,UNKNOWN,UNKNOWN,,,,,2021-03-27 14:30:00,30,UNKNOWN,UNKNOWN,PARKED MOTOR VEHICLE,PARKING LOT,UNKNOWN,UNKNOWN,NOT ON SCENE (DESK REPORT),NO INJURY / DRIVE AWAY,,"$501 - $1,500",04/06/2021 10:11:00 PM,NOT APPLICABLE,NOT APPLICABLE,,2,NO INDICATION OF INJURY,0.0,0.0,0.0,0.0,0.0,1.0,0.0,14,7,3,41.946548646,-87.700693848,POINT (-87.700693848166 41.946548645781),POINT (1156353.6872996108 1923747.3218406092),2021,2905 W ADDISON ST
P279915,PASSENGER,c797227f7f0f17495ff505643d1dfd93b95e44b911982aedea7e69a0b6ac3498318b4c232c8e4c1b4b1c656b61931dff2c5d24770fa765ac07ad3fc78bfcb7dd,1188439.0,F,,DID NOT DEPLOY,NONE,NO INDICATION OF INJURY,,,,,,,,2021-12-24 11:55:00,30,CLEAR,DAYLIGHT,REAR END,NOT DIVIDED,DRY,NO DEFECTS,ON SCENE,INJURY AND / OR TOW DUE TO CRASH,Y,"OVER $1,500",12/24/2021 01:09:00 PM,FOLLOWING TOO CLOSELY,UNABLE TO DETERMINE,,3,NO INDICATION OF INJURY,0.0,0.0,0.0,0.0,0.0,10.0,0.0,11,6,12,41.786569772,-87.69033858,POINT (-87.690338579821 41.786569772304),POINT (1159607.397335795 1865472.3232269648),2021,2640 W 59TH ST
O1231624,DRIVER,8f5f10aa50aa9200fd36439b547bbb9154b538d5bc8b93516b60340adcb231de3daceb517d5fd58a27083d4e7e0d48800b260e1d8d2c1a1814a6fe84492460e4,1168829.0,F,29.0,DID NOT DEPLOY,NONE,NO INDICATION OF INJURY,NONE,NOT OBSCURED,NORMAL,,,,,2021-11-19 14:04:00,30,CLEAR,DAYLIGHT,TURNING,NOT DIVIDED,DRY,NO DEFECTS,NOT ON SCENE (DESK REPORT),INJURY AND / OR TOW DUE TO CRASH,Y,"$501 - $1,500",11/21/2021 02:50:00 PM,UNABLE TO DETERMINE,NOT APPLICABLE,,2,NO INDICATION OF INJURY,0.0,0.0,0.0,0.0,0.0,2.0,0.0,14,6,11,41.892194152,-87.647452059,POINT (-87.647452058931 41.892194152349),POINT (1170996.1070766433 1904051.8652258308),2021,531 N HALSTED ST
O1061697,DRIVER,1dc3f6f4b72da5d627b44b1d4ccd952210ec29e4f553ec66228a190e5356efc744e06dc88f62fa4e8acdc3a091071d089e1f9c7e250a6546c84e4e029840cc46,1006806.0,F,24.0,DID NOT DEPLOY,NONE,NO INDICATION OF INJURY,OTHER,NOT OBSCURED,NORMAL,,,,,2021-03-20 13:31:00,30,CLEAR,DAYLIGHT,SIDESWIPE SAME DIRECTION,NOT DIVIDED,DRY,NO DEFECTS,ON SCENE,NO INJURY / DRIVE AWAY,,"OVER $1,500",03/20/2021 01:32:00 PM,DRIVING SKILLS/KNOWLEDGE/EXPERIENCE,UNABLE TO DETERMINE,,2,NO INDICATION OF INJURY,0.0,0.0,0.0,0.0,0.0,2.0,0.0,13,7,3,41.809415839,-87.606992899,POINT (-87.606992898655 41.809415838781),POINT (1182267.2010364444 1873978.3030473755),2021,749 E 47TH ST
O1028092,DRIVER,fdf7d396421d0af095b6ce30b9b034a3fbfc14bbb7670c42fb69fd66a5f523a1520dbccf1e35ef07c22291a9c57c12611bbf01e4cd80b32a244911c64a70dd63,974413.0,M,58.0,NOT APPLICABLE,NONE,NO INDICATION OF INJURY,FOLLOWED TOO CLOSELY,NOT OBSCURED,NORMAL,,,,,2021-01-21 13:30:00,35,CLEAR,DAYLIGHT,REAR END,DIVIDED - W/MEDIAN (NOT RAISED),DRY,NO DEFECTS,ON SCENE,INJURY AND / OR TOW DUE TO CRASH,,"OVER $1,500",01/21/2021 02:01:00 PM,FOLLOWING TOO CLOSELY,FOLLOWING TOO CLOSELY,,2,NO INDICATION OF INJURY,0.0,0.0,0.0,0.0,0.0,3.0,0.0,13,5,1,41.823387536,-87.672593677,POINT (-87.672593676607 41.82338753564),POINT (1164343.669656917 1878925.1913731694),2021,1898 W PERSHING RD
O1176135,BICYCLE,177fe6aab0f03cbe08edb77751e875ce0df1b27e17e167ff7dab863793f2f3736bf5e294e3cde114b4cd14b2f626994724e929db28debe5db703f0e3ab137487,,M,64.0,,TOTALLY EJECTED,NONINCAPACITATING INJURY,NONE,NOT OBSCURED,NORMAL,WITH TRAFFIC,NO CONTRASTING CLOTHING,IN ROADWAY,,2021-09-03 17:30:00,25,CLEAR,DAYLIGHT,PEDALCYCLIST,NOT DIVIDED,DRY,NO DEFECTS,ON SCENE,INJURY AND / OR TOW DUE TO CRASH,,"OVER $1,500",09/03/2021 05:37:00 PM,FAILING TO YIELD RIGHT-OF-WAY,UNABLE TO DETERMINE,Y,2,NONINCAPACITATING INJURY,1.0,0.0,0.0,1.0,0.0,1.0,0.0,17,6,9,42.012169211,-87.697497859,POINT (-87.697497859432 42.012169211345),POINT (1157045.6289634977 1947666.2118563151),2021,7200 N WASHTENAW AVE
O1196903,DRIVER,0bc69d59403f8c6d9580539a5921540c3680c31fb10323d6e766bf7cde27bb21507e985119086eea40112e3704a8b6fdd55f3a5e79886f2200ba17fba0aad26c,1135618.0,F,35.0,DID NOT DEPLOY,NONE,NONINCAPACITATING INJURY,NONE,NOT OBSCURED,EMOTIONAL,,,,,2021-10-01 17:00:00,30,CLEAR,DAYLIGHT,REAR END,OTHER,DRY,NO DEFECTS,,INJURY AND / OR TOW DUE TO CRASH,,"OVER $1,500",10/01/2021 06:00:00 PM,UNABLE TO DETERMINE,NOT APPLICABLE,,3,NONINCAPACITATING INJURY,3.0,0.0,0.0,3.0,0.0,1.0,0.0,17,6,10,41.741896012,-87.637693486,POINT (-87.637693486253 41.741896011642),POINT (1174096.4842912855 1849305.3341403112),2021,8361 S VINCENNES AVE
O1053950,DRIVER,a638253bafe77bd49519802f775e7afe3c557749e3d535aaf4c6f54156e6aeed36eb5d947e0824311a4e7b305f0d9f6de0e6ff1eb2a90c2803cf8c4328a3382d,999342.0,X,,DID NOT DEPLOY,NONE,NO INDICATION OF INJURY,IMPROPER BACKING,UNKNOWN,UNKNOWN,,,,,2021-03-05 11:30:00,25,CLEAR,DAYLIGHT,SIDESWIPE SAME DIRECTION,RAMP,DRY,NO DEFECTS,NOT ON SCENE (DESK REPORT),NO INJURY / DRIVE AWAY,Y,"OVER $1,500",03/05/2021 03:01:00 PM,IMPROPER OVERTAKING/PASSING,IMPROPER OVERTAKING/PASSING,,2,NO INDICATION OF INJURY,0.0,0.0,0.0,0.0,0.0,2.0,0.0,11,6,3,41.876411968,-87.656855318,POINT (-87.656855317591 41.87641196811),POINT (1168481.1867211345 1898280.5233052457),2021,1159 W VAN BUREN ST
O1231067,DRIVER,fe3f7fc715f6cfaec45df711281ae34c6747560f616aac06ee48a88683f65bb82ee9939ef2af9df73adfade17617529080380db13b6be49f3ba5352cdf4501f7,1168282.0,F,52.0,DID NOT DEPLOY,NONE,NO INDICATION OF INJURY,NONE,NOT OBSCURED,NORMAL,,,,,2021-11-20 16:55:00,30,CLEAR,"DARKNESS, LIGHTED ROAD",TURNING,NOT DIVIDED,DRY,NO DEFECTS,NOT ON SCENE (DESK REPORT),NO INJURY / DRIVE AWAY,,"$501 - $1,500",11/20/2021 05:40:00 PM,UNABLE TO DETERMINE,NOT APPLICABLE,,2,NO INDICATION OF INJURY,0.0,0.0,0.0,0.0,0.0,2.0,0.0,16,7,11,41.882061896,-87.725801544,POINT (-87.725801544404 41.882061896152),POINT (1149689.8002404238 1900198.8972515601),2021,4000 W WASHINGTON BLVD
P235548,PASSENGER,a73fb687f2692ee390b99aa5c4484a9883c92702f4d6599bd27d0a0894f4107cb7916c016b2a7c5745e964245f8c3ca2c1773fe08c56ef293087448e8239f2e4,992023.0,F,,DID NOT DEPLOY,NONE,NO INDICATION OF INJURY,,,,,,,,2021-02-20 13:02:00,45,CLEAR,DAYLIGHT,REAR END,OTHER,DRY,NO DEFECTS,ON SCENE,NO INJURY / DRIVE AWAY,,"OVER $1,500",02/20/2021 01:03:00 PM,FOLLOWING TOO CLOSELY,NOT APPLICABLE,,3,NO INDICATION OF INJURY,0.0,0.0,0.0,0.0,0.0,8.0,0.0,13,7,2,41.95517597,-87.893078846,POINT (-87.893078845519 41.95517597002),POINT (1104000.853291345 1926563.579890827),2021,10700 W IRVING PARK RD
O1199732,DRIVER,011a47eaa25ca62920d94987d5bb9542b171546b0a1700280da68c724972d09326d4409b26ffc9e0072bb4323a58225b5fc9cd4f7dc8b3f807e97cf84b368138,1138339.0,M,27.0,DID NOT DEPLOY,NONE,NO INDICATION OF INJURY,OTHER,UNKNOWN,UNKNOWN,,,,,2021-10-06 09:10:00,35,CLOUDY/OVERCAST,DAYLIGHT,REAR END,FOUR WAY,DRY,NO DEFECTS,NOT ON SCENE (DESK REPORT),NO INJURY / DRIVE AWAY,,"$501 - $1,500",10/06/2021 06:40:00 PM,DISTRACTION - FROM INSIDE VEHICLE,NOT APPLICABLE,,2,NO INDICATION OF INJURY,0.0,0.0,0.0,0.0,0.0,2.0,0.0,9,4,10,41.750060363,-87.682699127,POINT (-87.682699127318 41.750060362735),POINT (1161791.474696378 1852184.2686066106),2021,7901 S WESTERN AVE
O1089904,DRIVER,4bc58573581be6d1a9c5fff2c356718b03bad5d14ffb610f8c8b47aabc8a72d7b8ad1ea1d4a969bc7aad187ada582f4c45f13ddb342a939ef0848e65126793c8,1033717.0,M,45.0,DID NOT DEPLOY,NONE,NO INDICATION OF INJURY,IMPROPER PASSING,NOT OBSCURED,NORMAL,,,,,2021-05-06 11:25:00,30,RAIN,DAYLIGHT,TURNING,DIVIDED - W/MEDIAN (NOT RAISED),WET,NO DEFECTS,ON SCENE,NO INJURY / DRIVE AWAY,,"OVER $1,500",05/06/2021 11:27:00 AM,IMPROPER OVERTAKING/PASSING,NOT APPLICABLE,,2,NO INDICATION OF INJURY,0.0,0.0,0.0,0.0,0.0,2.0,0.0,11,5,5,41.830844561,-87.630577046,POINT (-87.630577045554 41.830844560784),POINT (1175773.7147130123 1881733.373356695),2021,139 W 35TH ST
O1083614,DRIVER,949474002752dc4d7fcce0ba337707de855f0ff69fb4ddd0dcb55c984e4fc72ef106c7f2afd6996910a5962fc2b331b34347d5c7b827946a66eb20ec6627f51d,1027727.0,M,67.0,DID NOT DEPLOY,NONE,NO INDICATION OF INJURY,NONE,NOT OBSCURED,NORMAL,,,,,2021-04-23 14:00:00,35,CLEAR,DAYLIGHT,SIDESWIPE SAME DIRECTION,NOT DIVIDED,DRY,NO DEFECTS,ON SCENE,NO INJURY / DRIVE AWAY,,"OVER $1,500",04/23/2021 02:05:00 PM,IMPROPER LANE USAGE,IMPROPER LANE USAGE,,2,NO INDICATION OF INJURY,0.0,0.0,0.0,0.0,0.0,2.0,0.0,14,6,4,41.765329052,-87.72228595,POINT (-87.722285950344 41.765329052364),POINT (1150949.6734787337 1857668.8377567749),2021,7017 S PULASKI RD
O1140667,DRIVER,756f99e2b8f86a0e863ad255edaee326538f2820d6c9b40e48241b36209569fdede7ac5539c5824ea904bd643a078a2de900a26496cb8d5cd3a0d4b2c930185c,1081981.0,F,22.0,DID NOT DEPLOY,NONE,NO INDICATION OF INJURY,UNKNOWN,UNKNOWN,UNKNOWN,,,,,2021-07-16 01:48:00,55,RAIN,"DARKNESS, LIGHTED ROAD",REAR END,RAMP,WET,NO DEFECTS,ON SCENE,INJURY AND / OR TOW DUE TO CRASH,,"$501 - $1,500",07/16/2021 01:54:00 AM,UNABLE TO DETERMINE,UNABLE TO DETERMINE,,2,NONINCAPACITATING INJURY,1.0,0.0,0.0,1.0,0.0,3.0,0.0,1,6,7,41.954575276,-87.644414728,POINT (-87.644414727897 41.954575276438),POINT (1171640.4639008725 1926790.2855583904),2021,3999 N LAKE SHORE DR
O1149312,DRIVER,a4abf612a65cc591526929fd93c3787a1742c98d843aba9fcc8ae75d5d6d07a0fecbff4d2af19cd94d0ff738ad537bf247ea22546447cba9661c69eb15b3d6c7,1090207.0,M,,DID NOT DEPLOY,NONE,NO INDICATION OF INJURY,UNKNOWN,UNKNOWN,UNKNOWN,,,,,2021-07-24 15:35:00,30,CLEAR,DAYLIGHT,TURNING,NOT DIVIDED,DRY,NO DEFECTS,NOT ON SCENE (DESK REPORT),NO INJURY / DRIVE AWAY,,"OVER $1,500",07/28/2021 10:51:00 AM,IMPROPER OVERTAKING/PASSING,NOT APPLICABLE,,2,NO INDICATION OF INJURY,0.0,0.0,0.0,0.0,0.0,2.0,0.0,15,7,7,41.926040463,-87.631103659,POINT (-87.631103659168 41.926040463404),POINT (1175346.3640550687 1916421.501999285),2021,41 W FULLERTON DR
O1224625,DRIVER,30cfee166a0492e615429babf0ecdf6167e9e7e75aaf35acb0dcb24e9f3ad995ba64f0d6d565cd0c14b31afb77f1e4360dc513c970b68b7cb5a9a5e8dfae93a1,1162110.0,M,23.0,"DEPLOYED, FRONT",NONE,NO INDICATION OF INJURY,NONE,NOT OBSCURED,NORMAL,,,,,2021-11-11 08:37:00,30,RAIN,DAYLIGHT,TURNING,NOT DIVIDED,WET,NO DEFECTS,ON SCENE,INJURY AND / OR TOW DUE TO CRASH,,"OVER $1,500",11/11/2021 08:52:00 AM,WEATHER,UNABLE TO DETERMINE,,2,NO INDICATION OF INJURY,0.0,0.0,0.0,0.0,0.0,5.0,0.0,8,5,11,41.786173973,-87.714872724,POINT (-87.714872723678 41.786173972903),POINT (1152917.45787113 1865279.01352533),2021,3640 W 59TH ST
O1097971,DRIVER,d26c0b05525ddaf9dcdf0b6f08e40db758b33d0c8a6b9f7fe403e19e5fa770192781d851b9aeb73dcbaf0d7fde63b5efddcc9e557616945bd733487059514eec,1041457.0,M,21.0,DEPLOYMENT UNKNOWN,UNKNOWN,NO INDICATION OF INJURY,UNKNOWN,UNKNOWN,UNKNOWN,,,,,2021-05-18 16:45:00,30,RAIN,DAYLIGHT,SIDESWIPE SAME DIRECTION,NOT DIVIDED,UNKNOWN,UNKNOWN,ON SCENE,NO INJURY / DRIVE AWAY,Y,"OVER $1,500",05/18/2021 04:53:00 PM,FAILING TO YIELD RIGHT-OF-WAY,NOT APPLICABLE,,2,NO INDICATION OF INJURY,0.0,0.0,0.0,0.0,0.0,2.0,0.0,16,3,5,41.812343072,-87.597034865,POINT (-87.597034864993 41.812343071859),POINT (1184972.8691157529 1875068.07460907),2021,4530 S WOODLAWN AVE