PERSON_ID,PERSON_TYPE,CRASH_RECORD_ID,VEHICLE_ID,SEX,AGE,AIRBAG_DEPLOYED,EJECTION,INJURY_CLASSIFICATION,DRIVER_ACTION,DRIVER_VISION,PHYSICAL_CONDITION,PEDPEDAL_ACTION,PEDPEDAL_VISIBILITY,PEDPEDAL_LOCATION,CRASH_DATE_EST_I,CRASH_DATE,POSTED_SPEED_LIMIT,WEATHER_CONDITION,LIGHTING_CONDITION,FIRST_CRASH_TYPE,TRAFFICWAY_TYPE,ROADWAY_SURFACE_COND,ROAD_DEFECT,REPORT_TYPE,CRASH_TYPE,HIT_AND_RUN_I,DAMAGE,DATE_POLICE_NOTIFIED,PRIM_CONTRIBUTORY_CAUSE,SEC_CONTRIBUTORY_CAUSE,DOORING_I,NUM_UNITS,MOST_SEVERE_INJURY,INJURIES_TOTAL,INJURIES_FATAL,INJURIES_INCAPACITATING,INJURIES_NON_INCAPACITATING,INJURIES_REPORTED_NOT_EVIDENT,INJURIES_NO_INDICATION,INJURIES_UNKNOWN,CRASH_HOUR,CRASH_DAY_OF_WEEK,CRASH_MONTH,LATITUDE,LONGITUDE,LOCATION,geometry,YEAR,ADDRESS
O1187894,DRIVER,99ba70f44c2b1926b104130e347a0b412bbe4857d3164f0eae15b64a7ad5caf9a77280af0f590ec3a10396120084205929568c102cbf664aab0cc86f9e070ac5,1126995.0,F,25.0,DEPLOYMENT UNKNOWN,NONE,NO INDICATION OF INJURY,IMPROPER LANE CHANGE,UNKNOWN,NORMAL,,,,,2021-09-20 08:00:00,30,UNKNOWN,UNKNOWN,SIDESWIPE SAME DIRECTION,NOT DIVIDED,UNKNOWN,UNKNOWN,NOT ON SCENE (DESK REPORT),NO INJURY / DRIVE AWAY,,"$501 - $1,500",09/20/2021 08:40:00 AM,FAILING TO YIELD RIGHT-OF-WAY,FAILING TO YIELD RIGHT-OF-WAY,,2,NO INDICATION OF INJURY,0.0,0.0,0.0,0.0,0.0,2.0,0.0,8,2,9,41.831517798,-87.676037017,POINT (-87.676037016974 41.831517797903),POINT (1163382.4685377274 1881880.6237543735),2021,3432 S ARCHER AVE
O1126427,DRIVER,59eb604b9a0123d18aa5b249c95bbacec2485ce0cd33c750d4cb8469d0f44ed57614aec17444f96b7f675272e7cb2770166c912b36e3745dfe1423dff8a906ca,1068469.0,F,32.0,DID NOT DEPLOY,NONE,NO INDICATION OF INJURY,FAILED TO YIELD,UNKNOWN,UNKNOWN,,,,,2021-06-25 21:13:00,30,CLOUDY/OVERCAST,DARKNESS,TURNING,FOUR WAY,UNKNOWN,UNKNOWN,ON SCENE,INJURY AND / OR TOW DUE TO CRASH,,"OVER $1,500",06/25/2021 10:45:00 PM,UNABLE TO DETERMINE,NOT APPLICABLE,,2,NO INDICATION OF INJURY,0.0,0.0,0.0,0.0,0.0,3.0,0.0,21,6,6,41.780008277,-87.625522512,POINT (-87.625522511916 41.780008277408),POINT (1177303.8018949972 1863220.216755791),2021,6300 S STATE ST
O1137463,DRIVER,31515c1c6d9d9cff21c727c01ea215277f212c0bc6c0f9341f53c5cf688698d99165649cdea5adbb401fa0a7d0c7e608b8f83a518c88be32c0702f1fae4059f7,1078903.0,M,,DEPLOYMENT UNKNOWN,NONE,NO INDICATION OF INJURY,IMPROPER TURN,UNKNOWN,UNKNOWN,,,,,2021-07-10 22:25:00,30,CLEAR,"DARKNESS, LIGHTED ROAD",TURNING,NOT DIVIDED,DRY,NO DEFECTS,NOT ON SCENE (DESK REPORT),INJURY AND / OR TOW DUE TO CRASH,Y,"OVER $1,500",07/10/2021 11:00:00 PM,IMPROPER TURNING/NO SIGNAL,NOT APPLICABLE,,2,NONINCAPACITATING INJURY,1.0,0.0,0.0,1.0,0.0,2.0,0.0,22,7,7,41.74350578,-87.62819656,POINT (-87.628196560035 41.743505780006),POINT (1176683.4908309507 1849913.0131756088),2021,8300 S LA SALLE ST
O1022563,DRIVER,bda0b0718068f7a18a23918263ea2a80450ef4cc3d6fdf0d0a0af5e3c72e087734b21bd629f6fb463a2a9dd8b0fe0c0fbfce89e78182f2c386570284f90cabd0,969204.0,M,63.0,NOT APPLICABLE,NONE,NO INDICATION OF INJURY,NONE,NOT OBSCURED,NORMAL,,,,,2021-01-10 16:20:00,30,SNOW,DUSK,REAR END,DIVIDED - W/MEDIAN (NOT RAISED),DRY,NO DEFECTS,NOT ON SCENE (DESK REPORT),NO INJURY / DRIVE AWAY,,"$501 - $1,500",01/10/2021 04:30:00 PM,UNABLE TO DETERMINE,UNABLE TO DETERMINE,,3,NO INDICATION OF INJURY,0.0,0.0,0.0,0.0,0.0,3.0,0.0,16,1,1,41.72866245,-87.554064511,POINT (-87.554064511168 41.728662449894),POINT (1196963.4136703706 1844678.7333465682),2021,9158 S SOUTH CHICAGO AVE
O1066264,DRIVER,f461668dae9321d9cc2b67a774ea6db367de52e1c5e4abe3546ebcaea0e74558b08ad06d88a38143610719fb67338ff2c387245aa67ba62fbd7089243dce4166,1011213.0,M,26.0,DID NOT DEPLOY,NONE,NO INDICATION OF INJURY,UNKNOWN,NOT OBSCURED,NORMAL,,,,,2021-03-28 09:35:00,25,CLOUDY/OVERCAST,DAYLIGHT,SIDESWIPE SAME DIRECTION,DIVIDED - W/MEDIAN BARRIER,DRY,NO DEFECTS,ON SCENE,NO INJURY / DRIVE AWAY,,"OVER $1,500",03/28/2021 09:40:00 AM,DRIVING SKILLS/KNOWLEDGE/EXPERIENCE,DRIVING SKILLS/KNOWLEDGE/EXPERIENCE,,2,NO INDICATION OF INJURY,0.0,0.0,0.0,0.0,0.0,2.0,0.0,9,1,3,41.86708579,-87.657963975,POINT (-87.657963974591 41.867085790457),POINT (1168205.9940665204 1894879.7007172175),2021,1232 W ROOSEVELT RD
O1156869,DRIVER,4dfe9f39dd19e268eb8cf18e50739f8bfdc178a32d0f2fca0dc3133a8a5eba31ce081dca343a7e7000048c716be65eaf63abe7b72f907058e884e5cdd0a38903,1097377.0,M,42.0,NOT APPLICABLE,NONE,NO INDICATION OF INJURY,UNKNOWN,UNKNOWN,UNKNOWN,,,,,2021-08-06 22:23:00,25,UNKNOWN,DARKNESS,ANGLE,NOT DIVIDED,WET,UNKNOWN,NOT ON SCENE (DESK REPORT),INJURY AND / OR TOW DUE TO CRASH,,"OVER $1,500",08/07/2021 02:00:00 PM,UNABLE TO DETERMINE,NOT APPLICABLE,,2,NO INDICATION OF INJURY,0.0,0.0,0.0,0.0,0.0,8.0,0.0,22,6,8,41.888082067,-87.620501171,POINT (-87.620501170849 41.888082067345),POINT (1178346.5623394845 1902613.2322324715),2021,300 E LOWER WACKER DR
P259533,PASSENGER,25874e00e41d503a53d6f9869ae9a7b7312cade9531e9569233d53fd1cb31d6beae5aa9c89eb1c20a44e19f9337d1b6c9f3f6d7610a84d89952dd7555698296f,1096956.0,M,1.0,DEPLOYMENT UNKNOWN,NONE,"REPORTED, NOT EVIDENT",,,,,,,,2021-08-06 14:56:00,30,UNKNOWN,UNKNOWN,REAR END,FOUR WAY,UNKNOWN,UNKNOWN,ON SCENE,INJURY AND / OR TOW DUE TO CRASH,,"OVER $1,500",08/06/2021 02:56:00 PM,UNABLE TO DETERMINE,UNABLE TO DETERMINE,,2,INCAPACITATING INJURY,5.0,0.0,1.0,0.0,4.0,0.0,0.0,14,6,8,41.740911065,-87.740922859,POINT (-87.740922859385 41.740911065365),POINT (1145926.5876774504 1848735.5912656186),2021,8333 S CICERO AVE
O1096557,DRIVER,425326252527dd1aa0ae8eaef2adafaaa6855500459b1a9e65bceeb134562ff1bc64fdcac60736cfba896356cb1709c516d929dc9fef4b3d20fe83dc593ef0ba,1040094.0,X,,DEPLOYMENT UNKNOWN,UNKNOWN,NO INDICATION OF INJURY,UNKNOWN,UNKNOWN,UNKNOWN,,,,Y,2021-05-15 22:00:00,15,UNKNOWN,UNKNOWN,PARKED MOTOR VEHICLE,ONE-WAY,UNKNOWN,NO DEFECTS,NOT ON SCENE (DESK REPORT),NO INJURY / DRIVE AWAY,Y,"OVER $1,500",05/16/2021 02:20:00 PM,UNABLE TO DETERMINE,NOT APPLICABLE,,2,NO INDICATION OF INJURY,0.0,0.0,0.0,0.0,0.0,1.0,0.0,22,7,5,41.782068846,-87.608977468,POINT (-87.608977467857 41.782068845824),POINT (1181810.1272689167 1864008.6530489784),2021,647 E 62ND ST
O1125886,DRIVER,047bdd2347b45cd500516b3f3447abfcf49fb44e100d910792dfcdec0f717c905675088e19bcf67a42e93891346e8d46c2fc5e0628b63a171cb324c9c58240bb,1067954.0,F,50.0,NOT APPLICABLE,NONE,NO INDICATION OF INJURY,NONE,NOT OBSCURED,NORMAL,,,,,2021-06-24 11:15:00,10,CLEAR,DAYLIGHT,PARKED MOTOR VEHICLE,PARKING LOT,DRY,NO DEFECTS,NOT ON SCENE (DESK REPORT),NO INJURY / DRIVE AWAY,,"OVER $1,500",06/25/2021 08:40:00 AM,NOT APPLICABLE,NOT APPLICABLE,,2,NO INDICATION OF INJURY,0.0,0.0,0.0,0.0,0.0,1.0,0.0,11,5,6,41.793312491,-87.703400497,POINT (-87.703400496812 41.793312490801),POINT (1156027.135089297 1867902.9528167907),2021,5505 S KEDZIE AVE
O1094243,DRIVER,8b0d46962cc85016d755666eaf14404e710c578e1fa51cec35a7f9e1804b62079b96fde10caea8a5a5b77d7833fe0e44a6dd89237c37a6a81da45d939abd5878,1037899.0,F,,DEPLOYMENT UNKNOWN,UNKNOWN,NO INDICATION OF INJURY,UNKNOWN,UNKNOWN,UNKNOWN,,,,,2021-05-12 18:40:00,30,CLEAR,DAYLIGHT,REAR TO FRONT,OTHER,DRY,UNKNOWN,NOT ON SCENE (DESK REPORT),NO INJURY / DRIVE AWAY,,"OVER $1,500",05/12/2021 06:55:00 PM,UNABLE TO DETERMINE,UNABLE TO DETERMINE,,2,NO INDICATION OF INJURY,0.0,0.0,0.0,0.0,0.0,2.0,0.0,18,4,5,41.904766441,-87.648807759,POINT (-87.648807758604 41.904766441432),POINT (1170590.4323351504 1908630.2623757743),2021,1239 N KINGSBURY ST
P277733,PASSENGER,c4bd2e0bcfdd4d1efc50a0898f876e3626d4c77e4278bb01b3e49097f1d451b22a9289f48aa1e9da154b70dd07962714005bceceeeab3ce0b28fa6d3599d57a1,1177982.0,M,38.0,NOT APPLICABLE,NONE,NO INDICATION OF INJURY,,,,,,,,2021-12-05 13:50:00,30,RAIN,DAYLIGHT,ANGLE,FOUR WAY,WET,NO DEFECTS,ON SCENE,NO INJURY / DRIVE AWAY,,"$501 - $1,500",12/05/2021 01:50:00 PM,DISREGARDING STOP SIGN,NOT APPLICABLE,,2,NO INDICATION OF INJURY,0.0,0.0,0.0,0.0,0.0,3.0,0.0,13,1,12,41.78495121,-87.781684004,POINT (-87.781684003862 41.784951209892),POINT (1134699.3810274708 1864709.4648155835),2021,5900 S NARRAGANSETT AVE
P232449,PASSENGER,30e536ae0a967ffb9160bd172e23b800da362c70e4cc0d215d7644f934b1655415c1900d9e23fff0632b5a209a1a5eff34bd3a7339cb6ac0cf78966873b7d952,974833.0,F,72.0,DID NOT DEPLOY,NONE,"REPORTED, NOT EVIDENT",,,,,,,,2021-01-22 11:30:00,30,CLEAR,DAYLIGHT,ANGLE,NOT DIVIDED,DRY,NO DEFECTS,NOT ON SCENE (DESK REPORT),INJURY AND / OR TOW DUE TO CRASH,,"OVER $1,500",01/22/2021 12:00:00 PM,IMPROPER BACKING,NOT APPLICABLE,,2,"REPORTED, NOT EVIDENT",2.0,0.0,0.0,0.0,2.0,1.0,0.0,11,6,1,41.846292162,-87.625197013,POINT (-87.625197012561 41.846292161744),POINT (1177193.5465224755 1887374.4682701537),2021,2537 S WABASH AVE
P270258,PASSENGER,b6eb36e63618a1d524b6b804c712f038baa7702b8ea7a17cc99febdb3b07e249726c6713d2dc52d185f12093e1882c4407c1df096f475fd57516f3873f30e131,1144980.0,F,17.0,DID NOT DEPLOY,NONE,NO INDICATION OF INJURY,,,,,,,,2021-10-16 16:45:00,30,CLEAR,DAYLIGHT,ANGLE,FOUR WAY,DRY,NO DEFECTS,ON SCENE,NO INJURY / DRIVE AWAY,Y,"OVER $1,500",10/16/2021 05:08:00 PM,DISREGARDING STOP SIGN,NOT APPLICABLE,,2,NO INDICATION OF INJURY,0.0,0.0,0.0,0.0,0.0,5.0,0.0,16,7,10,41.8901774,-87.648794328,POINT (-87.648794327535 41.890177400222),POINT (1170636.5063136031 1903314.0426793336),2021,832 W HUBBARD ST
O1146420,DRIVER,b27348a14341649f555c7d95cdf066d6ccfff45493b160bbb1bbaba06dbc33324459c94f177d85b1b1601f6f1b7fda2965faee832511b1d274c36c7885448dab,1087447.0,F,43.0,NOT APPLICABLE,NONE,NO INDICATION OF INJURY,NONE,UNKNOWN,NORMAL,,,,,2021-07-24 11:13:00,20,CLEAR,DAYLIGHT,SIDESWIPE SAME DIRECTION,RAMP,DRY,NO DEFECTS,NOT ON SCENE (DESK REPORT),NO INJURY / DRIVE AWAY,Y,"$501 - $1,500",07/24/2021 11:40:00 AM,FAILING TO YIELD RIGHT-OF-WAY,IMPROPER LANE USAGE,,2,NO INDICATION OF INJURY,0.0,0.0,0.0,0.0,0.0,3.0,0.0,11,7,7,41.901475362,-87.622922851,POINT (-87.622922850908 41.901475362334),POINT (1177646.7501497364 1907488.2832235917),2021,1030 N LAKE SHORE DR SB
O1192780,DRIVER,728211b6aa8f09ddfe06412dd1895fdd27dafd751ecbe335a14c59fc05c936abd69bfb0a993252230628c7f5ddef27d884042988a0363965003dbebe112df5fd,1131715.0,M,54.0,NOT APPLICABLE,NONE,NO INDICATION OF INJURY,NONE,NOT OBSCURED,NORMAL,,,,,2021-09-27 06:30:00,30,CLEAR,DAYLIGHT,ANGLE,FOUR WAY,DRY,NO DEFECTS,NOT ON SCENE (DESK REPORT),NO INJURY / DRIVE AWAY,Y,"OVER $1,500",09/27/2021 07:20:00 AM,UNABLE TO DETERMINE,UNABLE TO DETERMINE,,2,NO INDICATION OF INJURY,0.0,0.0,0.0,0.0,0.0,2.0,0.0,6,2,9,42.010993254,-87.674516364,POINT (-87.674516363676 42.01099325393),POINT (1163294.4423747857 1947284.9127384669),2021,7068 N CLARK ST
O1025282,DRIVER,e01b809cd5cd382beb37654999a2b90a1124471b24320bee91149b08f1527e436ed743ed23d129f06ff77a07aa5219ae5a9ba33c704a2d0dbe11e015bb21cdc2,971726.0,M,42.0,"DEPLOYED, COMBINATION",NONE,NO INDICATION OF INJURY,NONE,NOT OBSCURED,NORMAL,,,,,2021-01-16 00:50:00,40,CLEAR,"DARKNESS, LIGHTED ROAD",FIXED OBJECT,DIVIDED - W/MEDIAN BARRIER,WET,NO DEFECTS,ON SCENE,INJURY AND / OR TOW DUE TO CRASH,,"OVER $1,500",01/16/2021 12:53:00 AM,WEATHER,NOT APPLICABLE,,1,NO INDICATION OF INJURY,0.0,0.0,0.0,0.0,0.0,1.0,0.0,0,7,1,41.904972449,-87.624448523,POINT (-87.62444852274 41.904972449387),POINT (1177220.8798473668 1908759.1884882576),2021,1231 N LAKE SHORE DR NB
P264248,PASSENGER,122d5be4f91f046cf54edccf6583a9425d06d4828b1f3dd42ce64700228fa3566725ce044fb8dc1906f4b82333d954e71058881ca734812bde99ba6f1c28170e,1117708.0,M,,NOT APPLICABLE,NONE,NO INDICATION OF INJURY,,,,,,,,2021-09-07 07:30:00,30,CLEAR,DAYLIGHT,REAR END,DIVIDED - W/MEDIAN BARRIER,DRY,NO DEFECTS,ON SCENE,INJURY AND / OR TOW DUE TO CRASH,,"OVER $1,500",09/07/2021 07:40:00 AM,UNABLE TO DETERMINE,UNABLE TO DETERMINE,,2,NONINCAPACITATING INJURY,1.0,0.0,0.0,1.0,0.0,11.0,0.0,7,3,9,41.861228404,-87.676255088,POINT (-87.676255088214 41.861228404437),POINT (1163240.2024862424 1892706.6166198475),2021,1500 S DAMEN AVE
O1056084,DRIVER,68f03027769830b224cd97a72ad694fadae1f62eaae0e78e1fc48d6d17415e284c0f5a4aad1608efd2b6940e174d6053643b3ca35bf763fd9a77b3c12d32c4e3,1001402.0,X,,DEPLOYMENT UNKNOWN,NONE,NO INDICATION OF INJURY,UNKNOWN,UNKNOWN,UNKNOWN,,,,Y,2021-03-09 03:00:00,30,CLEAR,"DARKNESS, LIGHTED ROAD",PARKED MOTOR VEHICLE,NOT DIVIDED,DRY,NO DEFECTS,ON SCENE,INJURY AND / OR TOW DUE TO CRASH,Y,"OVER $1,500",03/09/2021 05:45:00 PM,UNABLE TO DETERMINE,NOT APPLICABLE,,2,NO INDICATION OF INJURY,0.0,0.0,0.0,0.0,0.0,1.0,0.0,3,3,3,41.819796798,-87.684881121,POINT (-87.684881121193 41.81979679815),POINT (1161004.4165210791 1877591.2277678016),2021,4046 S WESTERN AVE
P273474,PASSENGER,76ed21bb4edae058274392262b2d10365e9d79413c91bd94b0446942f1547238bd9572967be89dbfc0cde1db93554ddb04aa18a4ace133f1ba2d7490cf93670a,1158988.0,M,,NOT APPLICABLE,NONE,NO INDICATION OF INJURY,,,,,,,,2021-11-05 18:40:00,30,CLEAR,DARKNESS,SIDESWIPE SAME DIRECTION,NOT DIVIDED,DRY,NO DEFECTS,NOT ON SCENE (DESK REPORT),NO INJURY / DRIVE AWAY,,"$501 - $1,500",11/05/2021 08:37:00 PM,NOT APPLICABLE,NOT APPLICABLE,,2,NO INDICATION OF INJURY,0.0,0.0,0.0,0.0,0.0,3.0,0.0,18,6,11,41.773144879,-87.722769385,POINT (-87.722769384571 41.773144879199),POINT (1150797.5697896823 1860515.922069858),2021,6600 S PULASKI RD
O1073238,DRIVER,9be8374b5435ecf612da4df4d7556c7e84d6a528ae6e23ceb64701dfbba984a93b18632f9cb0ee1694cf8c613efbed89dc71386228e9bbc53ea8526b7e5465ac,1017831.0,M,,DEPLOYMENT UNKNOWN,NONE,NO INDICATION OF INJURY,UNKNOWN,UNKNOWN,UNKNOWN,,,,,2021-04-08 22:13:00,30,CLEAR,"DARKNESS, LIGHTED ROAD",PARKED MOTOR VEHICLE,ONE-WAY,DRY,NO DEFECTS,ON SCENE,INJURY AND / OR TOW DUE TO CRASH,,"OVER $1,500",04/08/2021 11:08:00 PM,FAILING TO REDUCE SPEED TO AVOID CRASH,NOT APPLICABLE,,2,NO INDICATION OF INJURY,0.0,0.0,0.0,0.0,0.0,1.0,0.0,22,5,4,41.729163529,-87.609684348,POINT (-87.609684347516 41.729163528503),POINT (1181779.4913869314 1844728.7762872064),2021,557 E 91ST ST
P265797,PASSENGER,4866523a92b03885c33bf6b7f0a5c537b0322ed9b07d8afb222fe85148baa975e20c30882b955be6f3b164b2b3fe7711cfa43f4dff9c29555fed6edde37d9df8,1124494.0,M,,DEPLOYMENT UNKNOWN,NONE,NO INDICATION OF INJURY,,,,,,,,2021-07-27 15:30:00,35,CLEAR,DAYLIGHT,ANGLE,NOT DIVIDED,DRY,NO DEFECTS,,INJURY AND / OR TOW DUE TO CRASH,Y,"OVER $1,500",07/28/2021 10:15:00 PM,DISREGARDING TRAFFIC SIGNALS,DISREGARDING TRAFFIC SIGNALS,,2,NONINCAPACITATING INJURY,1.0,0.0,0.0,1.0,0.0,2.0,0.0,15,3,7,41.838326941,-87.617612661,POINT (-87.617612661462 41.838326941218),POINT (1179284.2291641475 1884489.0971464668),2021,3100 S DR MARTIN LUTHER KING JR DR
O1109206,DRIVER,018496f20664553db64e9d7a392895e106dd7987594a8f02cdd7ab1bf575fb320918eae804cd63c4dc7214216d13a333bc6be7a9b4bff9884b63f2a29e3f59b3,1052190.0,M,19.0,DID NOT DEPLOY,NONE,NO INDICATION OF INJURY,OTHER,NOT OBSCURED,NORMAL,,,,,2021-06-03 16:39:00,30,CLEAR,DAYLIGHT,REAR END,DIVIDED - W/MEDIAN (NOT RAISED),DRY,NO DEFECTS,ON SCENE,NO INJURY / DRIVE AWAY,,"$501 - $1,500",06/03/2021 05:05:00 PM,FAILING TO REDUCE SPEED TO AVOID CRASH,UNABLE TO DETERMINE,,2,NO INDICATION OF INJURY,0.0,0.0,0.0,0.0,0.0,2.0,0.0,16,5,6,41.904809455,-87.722701608,POINT (-87.72270160791 41.904809455305),POINT (1150474.9692282558 1908494.0833999137),2021,3838 W GRAND AVE
O1041147,DRIVER,22f50c7f41896dd04590a0046c4181e994a245ca007a932e743417a73b5f1f52ba184648367b0cdeeac063e897ea7619d603f7d541b77bbfb80ed5eaf324e2eb,987001.0,M,56.0,DID NOT DEPLOY,NONE,NO INDICATION OF INJURY,OTHER,NOT OBSCURED,NORMAL,,,,,2021-02-11 19:00:00,30,CLEAR,"DARKNESS, LIGHTED ROAD",SIDESWIPE SAME DIRECTION,OTHER,SNOW OR SLUSH,NO DEFECTS,NOT ON SCENE (DESK REPORT),NO INJURY / DRIVE AWAY,,"OVER $1,500",02/11/2021 07:20:00 PM,FAILING TO YIELD RIGHT-OF-WAY,NOT APPLICABLE,,2,NO INDICATION OF INJURY,0.0,0.0,0.0,0.0,0.0,2.0,0.0,19,5,2,41.96774211,-87.762008483,POINT (-87.762008483108 41.967742109989),POINT (1139622.0597167746 1931353.1361565995),2021,5362 W LAWRENCE AVE
O1146638,DRIVER,f6a45f34eb7a495048e8f397ecf7498688aff0188c419aeefe7b579dab04b1777ba72257bc527cc721ba4b2cf1de6e48b0747c5db954431586d81a4ce4f870aa,1087694.0,F,38.0,DID NOT DEPLOY,NONE,NO INDICATION OF INJURY,NONE,NOT OBSCURED,NORMAL,,,,,2021-07-24 14:15:00,30,CLEAR,"DARKNESS, LIGHTED ROAD",REAR END,DIVIDED - W/MEDIAN BARRIER,DRY,NO DEFECTS,ON SCENE,INJURY AND / OR TOW DUE TO CRASH,,"OVER $1,500",07/24/2021 02:16:00 PM,FOLLOWING TOO CLOSELY,FOLLOWING TOO CLOSELY,,3,NONINCAPACITATING INJURY,1.0,0.0,0.0,1.0,0.0,2.0,0.0,14,7,7,41.887628662,-87.626361427,POINT (-87.626361427174 41.887628662093),POINT (1176752.2295629322 1902434.810237869),2021,50 E LOWER WACKER DR
P270751,PASSENGER,cf0da861b6661a118e1bbeaf0940da46cda51fadff26bb1970da5d80905adc9e1b1c7ca7575024661a5bbc82ce09a12c9bb81a5d4972263496cc50087fef1ec0,1147316.0,F,29.0,DID NOT DEPLOY,NONE,NO INDICATION OF INJURY,,,,,,,,2021-10-17 16:22:00,25,CLEAR,DAYLIGHT,ANGLE,ALLEY,DRY,NO DEFECTS,NOT ON SCENE (DESK REPORT),NO INJURY / DRIVE AWAY,,"$501 - $1,500",10/20/2021 12:40:00 PM,FAILING TO YIELD RIGHT-OF-WAY,NOT APPLICABLE,,2,NO INDICATION OF INJURY,0.0,0.0,0.0,0.0,0.0,4.0,0.0,16,1,10,41.846475311,-87.702579311,POINT (-87.702579311457 41.846475311449),POINT (1156108.8577535434 1887276.8523988696),2021,3062 W 25TH ST
O1033956,DRIVER,4e8a533eb0a4ad385d99bf55feab2b847e0febc864a6e6db93f372ebe83dcb3fca3bb76bae5ff5db9f7cca38381c45edf56c2ca1024f9d6626fefb72c4445641,980015.0,M,22.0,"DEPLOYED, FRONT",NONE,NONINCAPACITATING INJURY,FAILED TO YIELD,UNKNOWN,NORMAL,,,,,2021-02-01 16:00:00,30,CLEAR,DAYLIGHT,ANGLE,NOT DIVIDED,DRY,NO DEFECTS,ON SCENE,INJURY AND / OR TOW DUE TO CRASH,,"OVER $1,500",02/01/2021 04:04:00 PM,FAILING TO REDUCE SPEED TO AVOID CRASH,NOT APPLICABLE,,3,NONINCAPACITATING INJURY,1.0,0.0,0.0,1.0,0.0,8.0,0.0,16,2,2,41.736471489,-87.609611125,POINT (-87.609611124895 41.736471489462),POINT (1181777.086916172 1847391.893516872),2021,601 E 87TH ST
O1056319,DRIVER,94b0f07ecdce0adc38ee360d7cf506affcffcd2ecdc35d3157512b86179334b3a07b96c4e9effcf356fdfa435b799c893fa836f356ecc4337143697ded8da195,1001639.0,F,23.0,DID NOT DEPLOY,NONE,NONINCAPACITATING INJURY,FAILED TO YIELD,NOT OBSCURED,UNKNOWN,,,,,2021-03-10 09:32:00,30,CLEAR,DAYLIGHT,REAR END,FOUR WAY,DRY,NO DEFECTS,ON SCENE,INJURY AND / OR TOW DUE TO CRASH,,$500 OR LESS,03/10/2021 09:32:00 AM,PHYSICAL CONDITION OF DRIVER,FOLLOWING TOO CLOSELY,,2,NONINCAPACITATING INJURY,1.0,0.0,0.0,1.0,0.0,1.0,0.0,9,4,3,41.78979463,-87.703305467,POINT (-87.703305466913 41.789794629715),POINT (1156062.4430818302 1866621.2585677945),2021,5701 S KEDZIE AVE
O1229913,DRIVER,ee4bf74b79434f56f58d155f6cb99097b9668e951637df9c6e7acccd41a19a9d1991b06c0a142f853139cbcc9fc8f1adf37186ea49ea83722717fa5b72bf171b,1167835.0,M,44.0,NOT APPLICABLE,NONE,NO INDICATION OF INJURY,NONE,NOT OBSCURED,NORMAL,,,,,2021-11-19 04:50:00,30,CLEAR,"DARKNESS, LIGHTED ROAD",TURNING,DIVIDED - W/MEDIAN (NOT RAISED),DRY,NO DEFECTS,ON SCENE,INJURY AND / OR TOW DUE TO CRASH,,"OVER $1,500",11/19/2021 04:55:00 AM,FAILING TO YIELD RIGHT-OF-WAY,DRIVING SKILLS/KNOWLEDGE/EXPERIENCE,,3,INCAPACITATING INJURY,1.0,0.0,1.0,0.0,0.0,2.0,0.0,4,6,11,41.939387157,-87.712558811,POINT (-87.712558810816 41.939387156854),POINT (1153144.8199482842 1921114.0567618285),2021,3400 W BELMONT AVE
O1092561,DRIVER,3cd8d7eec121fe0841e7b4c3d0b076aa44117242abab01d802ec7eb4af243524b55d6a881945182dacbf18ded53c96799053738dae6286286a3e6bd086d9f88b,1036284.0,M,,DID NOT DEPLOY,NONE,NO INDICATION OF INJURY,NONE,NOT OBSCURED,NORMAL,,,,,2021-05-10 10:45:00,20,CLEAR,DAYLIGHT,SIDESWIPE SAME DIRECTION,NOT DIVIDED,DRY,NO DEFECTS,NOT ON SCENE (DESK REPORT),NO INJURY / DRIVE AWAY,,"OVER $1,500",05/10/2021 11:15:00 AM,FAILING TO YIELD RIGHT-OF-WAY,UNABLE TO DETERMINE,,2,NO INDICATION OF INJURY,0.0,0.0,0.0,0.0,0.0,3.0,0.0,10,2,5,41.848353278,-87.632487959,POINT (-87.632487959262 41.848353278371),POINT (1175200.8659524093 1888109.2370292856),2021,212 W 24TH PL
O1082213,DRIVER,53ec80e2613f70d1d96201489431dcbb80c05c0c4e7a889f3b133abbbc69fce9be9867cdc4941da97028c7891dbaec3d5ee9a98c5b3c977b016540553b35b499,1026397.0,M,36.0,"DEPLOYED, FRONT",NONE,NO INDICATION OF INJURY,NONE,NOT OBSCURED,NORMAL,,,,,2021-04-24 17:35:00,30,CLEAR,DAYLIGHT,ANGLE,DIVIDED - W/MEDIAN (NOT RAISED),DRY,NO DEFECTS,ON SCENE,INJURY AND / OR TOW DUE TO CRASH,Y,"OVER $1,500",04/24/2021 05:39:00 PM,DISREGARDING TRAFFIC SIGNALS,NOT APPLICABLE,,3,NO INDICATION OF INJURY,0.0,0.0,0.0,0.0,0.0,2.0,0.0,17,7,4,41.902698696,-87.731351056,POINT (-87.731351055621 41.902698695504),POINT (1148125.8214804207 1907708.2808900396),2021,4200 W DIVISION ST