PERSON_ID,PERSON_TYPE,CRASH_RECORD_ID,VEHICLE_ID,SEX,AGE,AIRBAG_DEPLOYED,EJECTION,INJURY_CLASSIFICATION,DRIVER_ACTION,DRIVER_VISION,PHYSICAL_CONDITION,PEDPEDAL_ACTION,PEDPEDAL_VISIBILITY,PEDPEDAL_LOCATION,CRASH_DATE_EST_I,CRASH_DATE,POSTED_SPEED_LIMIT,WEATHER_CONDITION,LIGHTING_CONDITION,FIRST_CRASH_TYPE,TRAFFICWAY_TYPE,ROADWAY_SURFACE_COND,ROAD_DEFECT,REPORT_TYPE,CRASH_TYPE,HIT_AND_RUN_I,DAMAGE,DATE_POLICE_NOTIFIED,PRIM_CONTRIBUTORY_CAUSE,SEC_CONTRIBUTORY_CAUSE,DOORING_I,NUM_UNITS,MOST_SEVERE_INJURY,INJURIES_TOTAL,INJURIES_FATAL,INJURIES_INCAPACITATING,INJURIES_NON_INCAPACITATING,INJURIES_REPORTED_NOT_EVIDENT,INJURIES_NO_INDICATION,INJURIES_UNKNOWN,CRASH_HOUR,CRASH_DAY_OF_WEEK,CRASH_MONTH,LATITUDE,LONGITUDE,LOCATION,geometry,YEAR,ADDRESS
O1079201,DRIVER,30fa72dea5593ca183d7dc047374f24f3bb14b8b6c17b690b6f30fe02c7ef04da181587d5e4ab23f32d58392db9e70ece406c9ba593357971b6c3c538019e3f1,1023495.0,M,,DEPLOYMENT UNKNOWN,NONE,NO INDICATION OF INJURY,UNKNOWN,UNKNOWN,UNKNOWN,,,,,2021-04-19 08:00:00,30,CLEAR,DAYLIGHT,PARKED MOTOR VEHICLE,NOT DIVIDED,DRY,NO DEFECTS,NOT ON SCENE (DESK REPORT),NO INJURY / DRIVE AWAY,Y,"OVER $1,500",04/19/2021 02:20:00 PM,UNABLE TO DETERMINE,NOT APPLICABLE,,2,NO INDICATION OF INJURY,0.0,0.0,0.0,0.0,0.0,1.0,0.0,8,2,4,41.887655357,-87.671236482,POINT (-87.671236482339 41.887655356565),POINT (1164533.0097175906 1902347.0617730627),2021,1747 W CARROLL AVE
O1141566,DRIVER,61cab1bab82778611d5d0bbc0b56609c4d5abf6dc91c80ad55b35f8aa380a39d0ad45f6af614453bc6295a7f5f799cc5649a28ef7f5357dc09ebed75ab451346,1082841.0,F,53.0,NOT APPLICABLE,NONE,NO INDICATION OF INJURY,UNKNOWN,NOT OBSCURED,NORMAL,,,,,2021-07-17 11:16:00,30,CLEAR,DAYLIGHT,REAR END,NOT DIVIDED,DRY,NO DEFECTS,NOT ON SCENE (DESK REPORT),INJURY AND / OR TOW DUE TO CRASH,,"$501 - $1,500",07/17/2021 01:18:00 PM,FOLLOWING TOO CLOSELY,NOT APPLICABLE,,2,NONINCAPACITATING INJURY,2.0,0.0,0.0,2.0,0.0,2.0,0.0,11,7,7,41.747877547,-87.576062913,POINT (-87.576062912515 41.747877547136),POINT (1190896.9590191967 1851626.9424312238),2021,8100 S JEFFERY BLVD
O1107092,DRIVER,b4126c10b067cab8947d8bb0ddfedfcfbf8ae2c3c3d9dd068397cc5bc6fb277382aa747fc77eb8d9970f295899d2d2429ad11c8f651da1e25d112869edde7efb,1050197.0,M,24.0,DID NOT DEPLOY,NONE,NO INDICATION OF INJURY,FAILED TO YIELD,UNKNOWN,UNKNOWN,,,,,2021-05-31 15:25:00,30,CLEAR,DAYLIGHT,REAR END,FOUR WAY,DRY,NO DEFECTS,NOT ON SCENE (DESK REPORT),NO INJURY / DRIVE AWAY,,"$501 - $1,500",05/31/2021 04:45:00 PM,FAILING TO YIELD RIGHT-OF-WAY,UNABLE TO DETERMINE,,2,NO INDICATION OF INJURY,0.0,0.0,0.0,0.0,0.0,2.0,0.0,15,2,5,41.759645703,-87.653828864,POINT (-87.653828863515 41.759645703447),POINT (1169641.887803508 1855737.9764513655),2021,7359 S RACINE AVE
O1069212,DRIVER,68a60042a21187fa92307ec9596091572568cb814451e17af175a6124726eb125b5c5a459127d677401ae8f51d30c059e66708ea26736d80f2be612522be1dd7,1013959.0,F,41.0,DID NOT DEPLOY,NONE,NO INDICATION OF INJURY,OTHER,UNKNOWN,UNKNOWN,,,,,2021-03-25 15:10:00,30,CLEAR,DAYLIGHT,OTHER NONCOLLISION,DIVIDED - W/MEDIAN (NOT RAISED),UNKNOWN,UNKNOWN,NOT ON SCENE (DESK REPORT),INJURY AND / OR TOW DUE TO CRASH,,$500 OR LESS,03/25/2021 03:28:00 PM,NOT APPLICABLE,NOT APPLICABLE,,1,FATAL,1.0,1.0,0.0,0.0,0.0,2.0,0.0,15,5,3,42.010245596,-87.674391139,POINT (-87.674391138818 42.010245596415),POINT (1163330.5716372656 1947012.7229999644),2021,7042 N CLARK ST
O1100420,DRIVER,fa946e70fc459fbc19551ff1beda2fe2ac2c89f317e0333ef45406b39e0b0d850842e25c3c21a2e5db7901df074b6f7a3bc366724c3821408b4d4fba546c1411,1043785.0,F,25.0,"DEPLOYED, FRONT",NONE,NONINCAPACITATING INJURY,IMPROPER PASSING,UNKNOWN,NORMAL,,,,,2021-05-22 09:25:00,20,CLEAR,DAYLIGHT,TURNING,OTHER,DRY,NO DEFECTS,ON SCENE,INJURY AND / OR TOW DUE TO CRASH,,"OVER $1,500",05/22/2021 09:26:00 AM,IMPROPER LANE USAGE,FAILING TO REDUCE SPEED TO AVOID CRASH,,2,NONINCAPACITATING INJURY,1.0,0.0,0.0,1.0,0.0,1.0,0.0,9,7,5,41.787097777,-87.647465641,POINT (-87.647465641431 41.787097776897),POINT (1171298.2231543371 1865755.080448509),2021,900 W 59TH ST
O1142473,DRIVER,e58ed97640088a8f382b4289a7c84b50f6f6206cd9b149aeef711196bb5e645167438fc94e57714eb53f389c4dd34f16147f2243f63a52af0dc058ee82e4e66e,1083691.0,M,57.0,NOT APPLICABLE,NONE,NO INDICATION OF INJURY,UNKNOWN,UNKNOWN,NORMAL,,,,,2021-07-18 14:31:00,15,CLEAR,DAYLIGHT,PARKED MOTOR VEHICLE,PARKING LOT,DRY,NO DEFECTS,NOT ON SCENE (DESK REPORT),NO INJURY / DRIVE AWAY,,"$501 - $1,500",07/18/2021 04:30:00 PM,DRIVING SKILLS/KNOWLEDGE/EXPERIENCE,UNABLE TO DETERMINE,,2,NO INDICATION OF INJURY,0.0,0.0,0.0,0.0,0.0,1.0,0.0,14,1,7,41.717720044,-87.531508115,POINT (-87.531508115233 41.717720044469),POINT (1203157.7142935712 1840747.9760373721),2021,9801 S AVENUE G
O1159665,DRIVER,310495a7812040e7a62ae7e6556ea94fa4882b2bd6f58c3bf3165173eb9dd40eb20464d373ff5971c188ed00e94ee22f758e2ab66c49c65fab6382d185e31c55,1100030.0,X,,DEPLOYMENT UNKNOWN,NONE,NO INDICATION OF INJURY,OTHER,UNKNOWN,UNKNOWN,,,,,2021-08-11 08:30:00,30,CLEAR,DAYLIGHT,PARKED MOTOR VEHICLE,PARKING LOT,DRY,NO DEFECTS,NOT ON SCENE (DESK REPORT),NO INJURY / DRIVE AWAY,Y,"OVER $1,500",08/11/2021 04:00:00 PM,UNABLE TO DETERMINE,UNABLE TO DETERMINE,,2,NO INDICATION OF INJURY,0.0,0.0,0.0,0.0,0.0,1.0,0.0,8,4,8,41.658602971,-87.599766822,POINT (-87.59976682167 41.658602971027),POINT (1184705.5983112485 1819040.2829773256),2021,919 E 130TH PL
O1167423,DRIVER,d0d9b2218b0f34887a194d8439f5c139c581abd6dcf02f8742c9ba98cc408aaf370cf97fbdb79d340cd24fa73cef571e7acfd79b4a2a1b39447a1339387fd293,1107416.0,M,28.0,NOT APPLICABLE,NONE,NO INDICATION OF INJURY,FAILED TO YIELD,NOT OBSCURED,NORMAL,,,,,2021-08-22 15:35:00,30,CLEAR,DAYLIGHT,ANGLE,DIVIDED - W/MEDIAN (NOT RAISED),DRY,NO DEFECTS,ON SCENE,NO INJURY / DRIVE AWAY,,"OVER $1,500",08/22/2021 03:38:00 PM,FAILING TO YIELD RIGHT-OF-WAY,UNABLE TO DETERMINE,,2,NO INDICATION OF INJURY,0.0,0.0,0.0,0.0,0.0,3.0,0.0,15,1,8,41.912203853,-87.726259537,POINT (-87.726259537316 41.912203853192),POINT (1149487.3624401041 1911181.7294212398),2021,1717 N PULASKI RD
O1182582,DRIVER,6091e19a8deaee1944133cf6ef459be9fad4032d063490887ac576e7d453c2eda50ed3796804c1354cf28791e6d40c2aca8b2dd80decdac7a9f78b9b9bebab86,1121937.0,M,42.0,DID NOT DEPLOY,NONE,NO INDICATION OF INJURY,NONE,NOT OBSCURED,NORMAL,,,,,2021-09-13 09:30:00,30,CLEAR,DAYLIGHT,TURNING,DIVIDED - W/MEDIAN (NOT RAISED),DRY,NO DEFECTS,NOT ON SCENE (DESK REPORT),NO INJURY / DRIVE AWAY,,"OVER $1,500",09/13/2021 10:15:00 AM,FAILING TO YIELD RIGHT-OF-WAY,FAILING TO YIELD RIGHT-OF-WAY,,2,NO INDICATION OF INJURY,0.0,0.0,0.0,0.0,0.0,2.0,0.0,9,2,9,41.852654288,-87.653088177,POINT (-87.653088177245 41.852654287628),POINT (1169575.7283583214 1889631.3795358432),2021,1100 W CERMAK RD
O1246497,DRIVER,507bf4e09dc7e9a4daba9ac5cb2e45d376514b414543be929424f899b425136b9b20231d55ab5817bb83e3c518d83c75a844c28598170971329d88358cbd9c91,1183096.0,M,25.0,"DEPLOYED, COMBINATION",NONE,NO INDICATION OF INJURY,TOO FAST FOR CONDITIONS,NOT OBSCURED,NORMAL,,,,,2021-12-15 04:30:00,45,RAIN,"DARKNESS, LIGHTED ROAD",FIXED OBJECT,DIVIDED - W/MEDIAN BARRIER,WET,NO DEFECTS,ON SCENE,INJURY AND / OR TOW DUE TO CRASH,,"OVER $1,500",12/15/2021 04:37:00 AM,DRIVING SKILLS/KNOWLEDGE/EXPERIENCE,WEATHER,,1,NONINCAPACITATING INJURY,1.0,0.0,0.0,1.0,0.0,2.0,0.0,4,4,12,41.901165416,-87.619582306,POINT (-87.619582305888 41.901165415908),POINT (1178557.0996012366 1907382.8871868763),2021,1001 N LAKE SHORE DR NB
P251746,PASSENGER,44772834d7ceb297987c802d6a183f8f18dc9d9f4e1a9c9812daafcbc233c416c92f81d69504657fe70666ccb45ebbb34eade8cd55f63cb0937301a046555f08,1064073.0,F,3.0,DID NOT DEPLOY,NONE,NO INDICATION OF INJURY,,,,,,,,2021-06-19 15:10:00,30,CLEAR,DAYLIGHT,PARKED MOTOR VEHICLE,ONE-WAY,DRY,NO DEFECTS,ON SCENE,NO INJURY / DRIVE AWAY,,"$501 - $1,500",06/19/2021 03:16:00 PM,FAILING TO YIELD RIGHT-OF-WAY,UNABLE TO DETERMINE,,2,NO INDICATION OF INJURY,0.0,0.0,0.0,0.0,0.0,5.0,0.0,15,7,6,41.954926047,-87.752148027,POINT (-87.752148027426 41.954926046882),POINT (1142335.300978181 1926700.955191319),2021,4053 N LAVERGNE AVE
O1226512,DRIVER,cbaacbb567e164800b9f4c67d28856766eb5f62c520ce6717176e4523cadc8858045011beca50e5278c665d282587ce56ab771dca803d212061182d6dd390394,1163921.0,X,,DEPLOYMENT UNKNOWN,NONE,NO INDICATION OF INJURY,UNKNOWN,UNKNOWN,UNKNOWN,,,,,2021-11-13 19:30:00,30,CLEAR,"DARKNESS, LIGHTED ROAD",PARKED MOTOR VEHICLE,DIVIDED - W/MEDIAN (NOT RAISED),DRY,NO DEFECTS,NOT ON SCENE (DESK REPORT),NO INJURY / DRIVE AWAY,Y,"OVER $1,500",11/13/2021 09:15:00 PM,DRIVING SKILLS/KNOWLEDGE/EXPERIENCE,DRIVING SKILLS/KNOWLEDGE/EXPERIENCE,,2,NO INDICATION OF INJURY,0.0,0.0,0.0,0.0,0.0,1.0,0.0,19,7,11,41.865721649,-87.659236303,POINT (-87.659236303281 41.865721649225),POINT (1167863.340856782 1894379.8863085315),2021,1246 S THROOP ST
O1130959,DRIVER,2f6af55bc2d420a3b94ef1e2e7c32af8a42d519c46744a0bda765fe1f085f2805fe44602c32317833a3873bdce649ab74149ad852966d01d9db45a2bf8e07e91,1072807.0,M,74.0,NOT APPLICABLE,NONE,NO INDICATION OF INJURY,OTHER,NOT OBSCURED,NORMAL,,,,,2021-07-02 08:10:00,30,CLEAR,DAYLIGHT,SIDESWIPE SAME DIRECTION,NOT DIVIDED,DRY,NO DEFECTS,NOT ON SCENE (DESK REPORT),NO INJURY / DRIVE AWAY,,"$501 - $1,500",07/02/2021 09:05:00 AM,UNABLE TO DETERMINE,UNABLE TO DETERMINE,,2,NO INDICATION OF INJURY,0.0,0.0,0.0,0.0,0.0,2.0,0.0,8,6,7,41.721639102,-87.622502798,POINT (-87.62250279809 41.721639102162),POINT (1178303.1468830823 1841957.7977154055),2021,31 E 95TH ST
O1173820,DRIVER,d9947aebaca61a9d389560d3379d4efa2d22e91010755ee5eba33538ae27a97f27f923643d61884f5f4d3c97e3dd41e3f20eea3e6b976f0b6ac0724769355f87,1113529.0,M,28.0,DID NOT DEPLOY,NONE,NO INDICATION OF INJURY,UNKNOWN,UNKNOWN,UNKNOWN,,,,,2021-08-31 16:15:00,30,CLEAR,DAYLIGHT,TURNING,FOUR WAY,DRY,NO DEFECTS,ON SCENE,NO INJURY / DRIVE AWAY,N,"OVER $1,500",08/31/2021 04:25:00 PM,UNABLE TO DETERMINE,UNABLE TO DETERMINE,,2,NO INDICATION OF INJURY,0.0,0.0,0.0,0.0,0.0,3.0,0.0,16,3,8,41.775307524,-87.575310917,POINT (-87.575310917059 41.775307524011),POINT (1191014.0883655555 1861624.0218136546),2021,6600 S JEFFERY DR
O1222593,DRIVER,e6cef4ae2c443d70093a52c93e30740e63e82f13150119b6c3cf5273aa588a57fc97627f366bafab36694ab1acc220919fbaf31e8da4309b060fbe8b9d7b24c0,1160161.0,F,36.0,NOT APPLICABLE,NONE,NO INDICATION OF INJURY,NONE,UNKNOWN,UNKNOWN,,,,,2021-11-07 02:00:00,30,CLEAR,"DARKNESS, LIGHTED ROAD",TURNING,NOT DIVIDED,DRY,NO DEFECTS,NOT ON SCENE (DESK REPORT),NO INJURY / DRIVE AWAY,Y,"OVER $1,500",11/07/2021 06:08:00 PM,UNABLE TO DETERMINE,UNABLE TO DETERMINE,,2,NO INDICATION OF INJURY,0.0,0.0,0.0,0.0,0.0,2.0,0.0,2,1,11,41.759434324,-87.658970019,POINT (-87.658970019107 41.7594343236),POINT (1168239.8023610513 1855649.9136032574),2021,7400 S LOOMIS BLVD
O1144706,DRIVER,2d68a46f68348c2028e47ff4083db68158967691ac870683e3d15dcdb3047f5400ef3133dff4a4af3c884ef1fbb840265a1ffd74a274c537446f4a4225c9f6dd,1085829.0,M,51.0,DID NOT DEPLOY,NONE,NO INDICATION OF INJURY,NONE,NOT OBSCURED,NORMAL,,,,,2021-07-21 18:45:00,35,CLEAR,DAYLIGHT,REAR END,NOT DIVIDED,DRY,NO DEFECTS,NOT ON SCENE (DESK REPORT),NO INJURY / DRIVE AWAY,,"OVER $1,500",07/21/2021 08:00:00 PM,FOLLOWING TOO CLOSELY,NOT APPLICABLE,,2,NO INDICATION OF INJURY,0.0,0.0,0.0,0.0,0.0,6.0,0.0,18,4,7,41.769890239,-87.576547227,POINT (-87.576547227318 41.769890239332),POINT (1190694.2311886384 1859647.0312459676),2021,6898 S JEFFERY BLVD
O1112348,DRIVER,9d5b8d57ee52f341e0d612205c20649be354abb7bd1940d4645a14b425d4c8b3676a5a8063bf7e15b08786b63144b634676a84c8d58c782d4fdef2753831a752,1055195.0,M,39.0,NOT APPLICABLE,NONE,NO INDICATION OF INJURY,NONE,NOT OBSCURED,NORMAL,,,,,2021-06-04 12:40:00,40,CLEAR,DAYLIGHT,SIDESWIPE SAME DIRECTION,OTHER,DRY,NO DEFECTS,NOT ON SCENE (DESK REPORT),NO INJURY / DRIVE AWAY,Y,"OVER $1,500",06/07/2021 04:50:00 PM,IMPROPER OVERTAKING/PASSING,NOT APPLICABLE,,2,NO INDICATION OF INJURY,0.0,0.0,0.0,0.0,0.0,4.0,0.0,12,6,6,41.87447496,-87.616961644,POINT (-87.61696164393 41.874474960153),POINT (1179351.732755206 1897662.8365614025),2021,601 S LAKE SHORE DR NB
O1149530,DRIVER,b98ce6aff29accfd86a70d80c493c4d2ecd13865dcabd4f3132fefcb5e10752487ab4573388fe70c3a3c045f7df975ec3261ab6f33f00f11032fa8c95efef485,1090406.0,X,,DEPLOYMENT UNKNOWN,NONE,NO INDICATION OF INJURY,UNKNOWN,UNKNOWN,UNKNOWN,,,,Y,2021-07-28 08:00:00,25,CLEAR,DAWN,PARKED MOTOR VEHICLE,NOT DIVIDED,DRY,NO DEFECTS,ON SCENE,NO INJURY / DRIVE AWAY,Y,"$501 - $1,500",07/28/2021 03:30:00 PM,IMPROPER LANE USAGE,UNABLE TO DETERMINE,,2,NO INDICATION OF INJURY,0.0,0.0,0.0,0.0,0.0,1.0,0.0,8,4,7,41.799124411,-87.782161318,POINT (-87.782161317697 41.799124410929),POINT (1134536.0936837865 1869873.238110723),2021,5116 S NARRAGANSETT AVE
O1106525,DRIVER,a0b29ebb6d7ea9f3f8a7620da221dc9ca035ef9011ac0db23c7da9f00fbd8c000a0285206e6ff68e46cf9476efa76de7cf120fc5428d4287dbc99dd1cae8e2c5,1049651.0,F,21.0,"DEPLOYED, FRONT",NONE,NO INDICATION OF INJURY,CELL PHONE USE OTHER THAN TEXTING,NOT OBSCURED,NORMAL,,,,,2021-05-30 18:40:00,30,CLEAR,DAYLIGHT,REAR END,NOT DIVIDED,DRY,NO DEFECTS,NOT ON SCENE (DESK REPORT),INJURY AND / OR TOW DUE TO CRASH,,"OVER $1,500",05/30/2021 07:30:00 PM,FAILING TO REDUCE SPEED TO AVOID CRASH,CELL PHONE USE OTHER THAN TEXTING,,2,NO INDICATION OF INJURY,0.0,0.0,0.0,0.0,0.0,7.0,0.0,18,1,5,41.860066697,-87.623836967,POINT (-87.623836967405 41.860066696766),POINT (1177522.6417961062 1892396.9341886316),2021,1605 S MICHIGAN AVE
O1248541,DRIVER,6f8034dcd375e1bd86467aa599842a9fa815cf8e05a30c08d64af741e9241a6919b34f7ff5a9c6fc32695da40c988c7c00173b4cc0de15d928173591d4002d86,1185061.0,M,31.0,"DEPLOYED, COMBINATION",NONE,NO INDICATION OF INJURY,OTHER,UNKNOWN,NORMAL,,,,,2021-12-18 11:17:00,25,CLEAR,DAYLIGHT,TURNING,FOUR WAY,WET,NO DEFECTS,ON SCENE,INJURY AND / OR TOW DUE TO CRASH,,"OVER $1,500",12/18/2021 11:25:00 AM,DISREGARDING TRAFFIC SIGNALS,FAILING TO REDUCE SPEED TO AVOID CRASH,,2,NO INDICATION OF INJURY,0.0,0.0,0.0,0.0,0.0,3.0,0.0,11,7,12,41.870604335,-87.774130576,POINT (-87.77413057645 41.870604334999),POINT (1136556.250751756 1895934.32590353),2021,727 S AUSTIN BLVD
O1107540,DRIVER,19895d979ea520e0f1b251690426967ac955dc0f0494952f68b9284859acdcc088c5cf9692be6e1ebd419aa64220d7d090491fe37fe49e39fe2330f950acf666,1050615.0,M,,DEPLOYMENT UNKNOWN,NONE,NO INDICATION OF INJURY,IMPROPER BACKING,UNKNOWN,UNKNOWN,,,,,2021-06-01 13:15:00,30,CLEAR,DAYLIGHT,REAR TO FRONT,NOT DIVIDED,DRY,NO DEFECTS,NOT ON SCENE (DESK REPORT),NO INJURY / DRIVE AWAY,Y,"OVER $1,500",06/01/2021 01:40:00 PM,IMPROPER BACKING,NOT APPLICABLE,,2,NO INDICATION OF INJURY,0.0,0.0,0.0,0.0,0.0,2.0,0.0,13,3,6,41.721770139,-87.623795102,POINT (-87.623795101727 41.721770139319),POINT (1177949.9588742303 1842002.635886431),2021,2 W 95TH ST
O1176605,DRIVER,451adb02b52c38a678b02c027805de18529fda42a4045361e7c66eb44eec1fd3d572a44c4020848ecbb7e0a12e6f1146c57a6a6a5bda01fbabeb5f8c8c3b0542,1116182.0,M,28.0,DID NOT DEPLOY,NONE,NO INDICATION OF INJURY,NONE,NOT OBSCURED,NORMAL,,,,,2021-09-03 08:30:00,30,CLEAR,DAWN,REAR END,DIVIDED - W/MEDIAN (NOT RAISED),DRY,NO DEFECTS,NOT ON SCENE (DESK REPORT),NO INJURY / DRIVE AWAY,,"OVER $1,500",09/04/2021 02:00:00 PM,UNABLE TO DETERMINE,UNABLE TO DETERMINE,,3,NO INDICATION OF INJURY,0.0,0.0,0.0,0.0,0.0,3.0,0.0,8,6,9,41.880653181,-87.706260061,POINT (-87.706260061243 41.880653180815),POINT (1155015.006127167 1899723.840316681),2021,10 S KEDZIE AVE
O1167048,DRIVER,4262ffd64246a4568c7761b140fd7f55dab7ba56aac891c8d5411f666b6d5697989c61d01b3347e2b9602a7a6f525e5789a0d11f97c2e7ea5d8248822e94dec7,1107065.0,M,73.0,DID NOT DEPLOY,NONE,NO INDICATION OF INJURY,NONE,NOT OBSCURED,NORMAL,,,,,2021-08-22 09:58:00,30,CLEAR,DAYLIGHT,REAR END,DIVIDED - W/MEDIAN BARRIER,DRY,NO DEFECTS,ON SCENE,NO INJURY / DRIVE AWAY,,"$501 - $1,500",08/22/2021 09:58:00 AM,FOLLOWING TOO CLOSELY,FOLLOWING TOO CLOSELY,,2,NO INDICATION OF INJURY,0.0,0.0,0.0,0.0,0.0,2.0,0.0,9,1,8,41.780163084,-87.742494289,POINT (-87.742494288772 41.780163083626),POINT (1145399.4845806279 1863035.717214413),2021,6200 S CICERO AVE
P265620,PASSENGER,4de05e1ba86ef8067552cc0ad1055f882aab457b4aed1fcb82297431e4779d8f14c14a06cd7a28ecac1f9f58cc7d3dddc008e4b60971aae4c7f2d39c1a5e92b3,1123677.0,F,28.0,NOT APPLICABLE,NONE,NO INDICATION OF INJURY,,,,,,,,2021-09-15 16:00:00,30,CLEAR,DAYLIGHT,REAR END,NOT DIVIDED,DRY,NO DEFECTS,ON SCENE,NO INJURY / DRIVE AWAY,,$500 OR LESS,09/15/2021 04:20:00 PM,FOLLOWING TOO CLOSELY,UNABLE TO DETERMINE,,2,NO INDICATION OF INJURY,0.0,0.0,0.0,0.0,0.0,3.0,0.0,16,4,9,41.94190087,-87.747096415,POINT (-87.747096414958 41.941900870222),POINT (1143741.8342981883 1921963.905942855),2021,3340 N CICERO AVE
O1128409,DRIVER,4f060beec9d7c4dea2e6b1314acbd0d0726cf9eba9ca5b18d3d4aa28f7e6abcf6606bb079da87486b0b947654ffff06ca7dbfbd10d7cf26dd2d062c7eb37c0f7,1070369.0,F,29.0,NOT APPLICABLE,NONE,NO INDICATION OF INJURY,DISREGARDED CONTROL DEVICES,NOT OBSCURED,NORMAL,,,,,2021-06-28 16:17:00,30,RAIN,DAYLIGHT,ANGLE,FOUR WAY,WET,NO DEFECTS,ON SCENE,NO INJURY / DRIVE AWAY,,"OVER $1,500",06/28/2021 04:45:00 PM,DISREGARDING TRAFFIC SIGNALS,UNABLE TO DETERMINE,,2,NO INDICATION OF INJURY,0.0,0.0,0.0,0.0,0.0,2.0,0.0,16,2,6,41.877476934,-87.669065597,POINT (-87.669065596869 41.877476933968),POINT (1165152.8342021122 1898642.6226506543),2021,1699 W JACKSON BLVD
O1246564,DRIVER,79088a571ee1a3b84e83861b0eb4b1cd55836c46023679e79951973215b186d73ae65c334553684208885a6a351ea548464480fff781e73d511e8b4e29a9e73a,1183161.0,F,,DID NOT DEPLOY,NONE,NO INDICATION OF INJURY,FAILED TO YIELD,NOT OBSCURED,NORMAL,,,,,2021-12-15 09:30:00,25,CLEAR,DAYLIGHT,ANGLE,ONE-WAY,WET,NO DEFECTS,NOT ON SCENE (DESK REPORT),NO INJURY / DRIVE AWAY,,"OVER $1,500",12/15/2021 09:40:00 AM,FAILING TO YIELD RIGHT-OF-WAY,NOT APPLICABLE,,2,NO INDICATION OF INJURY,0.0,0.0,0.0,0.0,0.0,2.0,0.0,9,4,12,41.852932243,-87.721183657,POINT (-87.721183656735 41.852932242602),POINT (1151023.0168774014 1889593.054654113),2021,2112 S AVERS AVE
O1022802,DRIVER,c05d4d9713e6e0bccd379b495875ba119f1bc8b389551c6bb69deb0f2c85348b6faa209feb7cfeca1a26ba52579d163f31125b919853d5f5dc6956d5180238bf,969439.0,F,33.0,DID NOT DEPLOY,NONE,NO INDICATION OF INJURY,FAILED TO YIELD,NOT OBSCURED,NORMAL,,,,,2021-01-10 17:55:00,30,CLEAR,DAYLIGHT,REAR END,NOT DIVIDED,DRY,NO DEFECTS,NOT ON SCENE (DESK REPORT),NO INJURY / DRIVE AWAY,,$500 OR LESS,01/11/2021 01:30:00 PM,FOLLOWING TOO CLOSELY,UNABLE TO DETERMINE,,2,NO INDICATION OF INJURY,0.0,0.0,0.0,0.0,0.0,2.0,0.0,17,1,1,41.75038047,-87.654299927,POINT (-87.654299926585 41.750380470264),POINT (1169540.0123884429 1852360.7924813363),2021,1213 W 79TH ST
P243791,PASSENGER,9676beed0734d4a075b77c66faff2d782d619979cd646024d7b7fb0de17694f6a8ee49440267874118e4ff4cf50971059b0124c08c4a0667c5b678587e019432,1030647.0,F,40.0,DID NOT DEPLOY,NONE,NO INDICATION OF INJURY,,,,,,,,2021-05-01 16:33:00,30,CLEAR,DAYLIGHT,ANGLE,TRAFFIC ROUTE,DRY,NO DEFECTS,ON SCENE,INJURY AND / OR TOW DUE TO CRASH,,"OVER $1,500",05/01/2021 04:34:00 PM,DISREGARDING TRAFFIC SIGNALS,NOT APPLICABLE,,2,NONINCAPACITATING INJURY,2.0,0.0,0.0,2.0,0.0,5.0,0.0,16,7,5,41.883100991,-87.630833278,POINT (-87.630833278073 41.883100991478),POINT (1175548.0836294414 1900774.928833085),2021,99 W WASHINGTON ST
P257508,PASSENGER,1f1a2d9730d3ee8f1b8eb87db7d1405d56c70b7ac8e241362f8ce71d39595b555ac4205c4b7f36dcec60586d0d536fec1db9ba0febc1f7f5843ce2d8d2dc3bee,1088300.0,M,26.0,NOT APPLICABLE,NONE,NO INDICATION OF INJURY,,,,,,,,2021-07-25 11:20:00,20,CLEAR,DAYLIGHT,REAR TO SIDE,ALLEY,DRY,NO DEFECTS,ON SCENE,NO INJURY / DRIVE AWAY,,"OVER $1,500",07/25/2021 11:52:00 AM,IMPROPER BACKING,IMPROPER BACKING,,2,NO INDICATION OF INJURY,0.0,0.0,0.0,0.0,0.0,3.0,0.0,11,1,7,41.902279271,-87.721564695,POINT (-87.721564695428 41.902279270785),POINT (1150791.0338065147 1907574.2893764074),2021,1146 N HAMLIN AVE
O1120547,DRIVER,cc96317024318da9cd3e4639a2c85b418a8de208e6ec60f5349207ee9746be383bdd578821d299a3cad9fef2ee108959aec1a11cb5a554aeff010c65bbe93e31,1062859.0,M,27.0,DID NOT DEPLOY,NONE,NO INDICATION OF INJURY,OTHER,NOT OBSCURED,NORMAL,,,,,2021-06-18 05:57:00,30,CLOUDY/OVERCAST,DAYLIGHT,OTHER OBJECT,NOT DIVIDED,WET,WORN SURFACE,NOT ON SCENE (DESK REPORT),NO INJURY / DRIVE AWAY,,"OVER $1,500",06/18/2021 07:00:00 AM,UNABLE TO DETERMINE,UNABLE TO DETERMINE,,1,NO INDICATION OF INJURY,0.0,0.0,0.0,0.0,0.0,1.0,0.0,5,6,6,41.857518599,-87.685678672,POINT (-87.685678671522 41.85751859918),POINT (1160683.373588352 1891335.2674676867),2021,1757 S WESTERN AVE