PERSON_ID,PERSON_TYPE,CRASH_RECORD_ID,VEHICLE_ID,SEX,AGE,AIRBAG_DEPLOYED,EJECTION,INJURY_CLASSIFICATION,DRIVER_ACTION,DRIVER_VISION,PHYSICAL_CONDITION,PEDPEDAL_ACTION,PEDPEDAL_VISIBILITY,PEDPEDAL_LOCATION,CRASH_DATE_EST_I,CRASH_DATE,POSTED_SPEED_LIMIT,WEATHER_CONDITION,LIGHTING_CONDITION,FIRST_CRASH_TYPE,TRAFFICWAY_TYPE,ROADWAY_SURFACE_COND,ROAD_DEFECT,REPORT_TYPE,CRASH_TYPE,HIT_AND_RUN_I,DAMAGE,DATE_POLICE_NOTIFIED,PRIM_CONTRIBUTORY_CAUSE,SEC_CONTRIBUTORY_CAUSE,DOORING_I,NUM_UNITS,MOST_SEVERE_INJURY,INJURIES_TOTAL,INJURIES_FATAL,INJURIES_INCAPACITATING,INJURIES_NON_INCAPACITATING,INJURIES_REPORTED_NOT_EVIDENT,INJURIES_NO_INDICATION,INJURIES_UNKNOWN,CRASH_HOUR,CRASH_DAY_OF_WEEK,CRASH_MONTH,LATITUDE,LONGITUDE,LOCATION,geometry,YEAR,ADDRESS
O1157063,DRIVER,1144cc81c93372a95a8e162ccdab071cc74f46939a6e26d2a700b0a522d672a33e7e9c68f0ac3e32d4b47b783d4fc686fb28859a0526f0f52a17c1008a27713a,1097580.0,F,16.0,DID NOT DEPLOY,NONE,NO INDICATION OF INJURY,FOLLOWED TOO CLOSELY,NOT OBSCURED,NORMAL,,,,,2021-08-07 16:45:00,30,CLEAR,DAYLIGHT,REAR END,ONE-WAY,DRY,NO DEFECTS,NOT ON SCENE (DESK REPORT),NO INJURY / DRIVE AWAY,,"$501 - $1,500",08/07/2021 05:10:00 PM,FOLLOWING TOO CLOSELY,DRIVING SKILLS/KNOWLEDGE/EXPERIENCE,,2,NO INDICATION OF INJURY,0.0,0.0,0.0,0.0,0.0,3.0,0.0,16,7,8,41.692558892,-87.634695496,POINT (-87.634695496498 41.692558892332),POINT (1175060.5521725656 1831334.060270097),2021,448 W 111TH ST
O1073209,DRIVER,ec078f1442f13058e1b36026cdd84d22ffeeebf0403aa69ec3f712495a93e1536fff36fa4d11111f4b95ef5939107839bfe187c53a1761b61739e661ee812c28,1017812.0,M,26.0,"DEPLOYED, FRONT",NONE,NONINCAPACITATING INJURY,EMERGENCY VEHICLE ON CALL,UNKNOWN,UNKNOWN,,,,,2021-04-08 20:05:00,30,RAIN,"DARKNESS, LIGHTED ROAD",ANGLE,NOT DIVIDED,WET,NO DEFECTS,ON SCENE,INJURY AND / OR TOW DUE TO CRASH,,"OVER $1,500",04/08/2021 08:07:00 PM,FAILING TO YIELD RIGHT-OF-WAY,UNABLE TO DETERMINE,,2,NONINCAPACITATING INJURY,2.0,0.0,0.0,2.0,0.0,1.0,0.0,20,5,4,41.946675245,-87.712778577,POINT (-87.712778577395 41.946675245157),POINT (1153065.8010479705 1923769.4215367606),2021,3400 W ADDISON ST
O1041703,DRIVER,89e739ebef85c0397e83bdf890caf1d8f5ed9314d1b0d105f1dffcd9ffd2e99d72f602fba32e2eedbf92808e5b9bc14c196464b042a8f07465f0313dfb51509a,987500.0,F,,DEPLOYMENT UNKNOWN,NONE,NO INDICATION OF INJURY,UNKNOWN,UNKNOWN,UNKNOWN,,,,,2021-02-13 12:15:00,25,SNOW,DAYLIGHT,REAR END,ONE-WAY,SNOW OR SLUSH,NO DEFECTS,NOT ON SCENE (DESK REPORT),NO INJURY / DRIVE AWAY,Y,"OVER $1,500",02/13/2021 01:55:00 PM,FAILING TO REDUCE SPEED TO AVOID CRASH,UNABLE TO DETERMINE,,2,NO INDICATION OF INJURY,0.0,0.0,0.0,0.0,0.0,2.0,0.0,12,7,2,41.965603764,-87.71954056,POINT (-87.719540560462 41.965603764103),POINT (1151176.8592527944 1930653.7904429669),2021,4630 N MONTICELLO AVE
O1202862,DRIVER,f53a53eac0e65ca9a4a3c95f2df35914a6c927adb7da3dbb2a5f2436a3ac3f67220b1864c6582fb276cf66570868636a8e71ce0c3bdff34284945d79cc43a0d7,1141311.0,F,65.0,NOT APPLICABLE,NONE,NO INDICATION OF INJURY,NONE,NOT OBSCURED,NORMAL,,,,,2021-10-09 12:00:00,30,CLEAR,DAYLIGHT,TURNING,DIVIDED - W/MEDIAN BARRIER,DRY,NO DEFECTS,,INJURY AND / OR TOW DUE TO CRASH,Y,$500 OR LESS,10/09/2021 12:50:00 PM,IMPROPER OVERTAKING/PASSING,UNABLE TO DETERMINE,,2,"REPORTED, NOT EVIDENT",1.0,0.0,0.0,0.0,1.0,2.0,0.0,12,7,10,41.763198035,-87.741721349,POINT (-87.741721349337 41.763198034896),POINT (1145652.8262484667 1856855.2470049758),2021,7131 S CICERO AVE
O1163966,DRIVER,12f1d6a91ddc08475b247c03ee0a0383f60258f2520ce430217e48f1490dd8236575b29cedf72cdb9536c511af5527b01f5f5337d74315f9e5443e90730ba518,1104127.0,M,45.0,NOT APPLICABLE,NONE,NO INDICATION OF INJURY,NONE,NOT OBSCURED,NORMAL,,,,,2021-08-17 16:00:00,30,CLEAR,DAYLIGHT,SIDESWIPE SAME DIRECTION,DIVIDED - W/MEDIAN (NOT RAISED),DRY,NO DEFECTS,NOT ON SCENE (DESK REPORT),INJURY AND / OR TOW DUE TO CRASH,,"OVER $1,500",08/17/2021 06:00:00 PM,IMPROPER LANE USAGE,NOT APPLICABLE,,2,NO INDICATION OF INJURY,0.0,0.0,0.0,0.0,0.0,2.0,0.0,16,3,8,41.760817286,-87.741644856,POINT (-87.741644855768 41.760817285505),POINT (1145679.6623514968 1855987.8671342523),2021,7249 S CICERO AVE
P280110,PASSENGER,c4989f09fd98150d3b100dd595d0c8afb21b86221be53d6b99c6036c54f6fedd1729dabd47ee51a37d9dc1b8eba303b46e4e15f63d402c6717bd73faaee0241d,1189189.0,M,10.0,NOT APPLICABLE,NONE,NO INDICATION OF INJURY,,,,,,,,2021-12-26 15:03:00,30,CLEAR,DAYLIGHT,REAR END,DIVIDED - W/MEDIAN (NOT RAISED),DRY,NO DEFECTS,NOT ON SCENE (DESK REPORT),NO INJURY / DRIVE AWAY,,"OVER $1,500",12/26/2021 03:46:00 PM,FOLLOWING TOO CLOSELY,NOT APPLICABLE,,2,NO INDICATION OF INJURY,0.0,0.0,0.0,0.0,0.0,7.0,0.0,15,1,12,41.852921656,-87.618888984,POINT (-87.618888984262 41.85292165644),POINT (1178892.1853309295 1889804.4743657236),2021,2203 S DR MARTIN LUTHER KING JR DR
O1242195,DRIVER,b17c97353ba4823ef4ab625d77a45075d7605b61430bc6802ff8323dfd06f9f4a20046d8ac9388e6aed9a067caa5040b4e186f7c94ac8fe0f39e270aad158a9b,1179009.0,M,51.0,NOT APPLICABLE,NONE,NO INDICATION OF INJURY,NONE,NOT OBSCURED,NORMAL,,,,,2021-12-08 18:10:00,35,CLEAR,"DARKNESS, LIGHTED ROAD",TURNING,NOT DIVIDED,DRY,NO DEFECTS,NOT ON SCENE (DESK REPORT),NO INJURY / DRIVE AWAY,,"$501 - $1,500",12/08/2021 07:40:00 PM,FAILING TO YIELD RIGHT-OF-WAY,FAILING TO YIELD RIGHT-OF-WAY,,2,NO INDICATION OF INJURY,0.0,0.0,0.0,0.0,0.0,2.0,0.0,18,4,12,41.78557002,-87.801107263,POINT (-87.80110726292 41.785570020185),POINT (1129400.7304647248 1864901.566765341),2021,5833 S HARLEM AVE
O1029979,DRIVER,8c8e976ea23ca6c7c88a8bc2694e194a41067850a8e6db0bb911bcbc00565bf414033de143de6208f5d35c7b9a4bf099a514652a7670baf7b9ec106bb8a831d9,976206.0,F,63.0,DID NOT DEPLOY,NONE,NO INDICATION OF INJURY,OTHER,PARKED VEHICLES,NORMAL,,,,,2021-01-25 08:45:00,20,CLOUDY/OVERCAST,DAYLIGHT,TURNING,NOT DIVIDED,DRY,NO DEFECTS,ON SCENE,INJURY AND / OR TOW DUE TO CRASH,,"$501 - $1,500",01/25/2021 08:49:00 AM,"VISION OBSCURED (SIGNS, TREE LIMBS, BUILDINGS, ETC.)","VISION OBSCURED (SIGNS, TREE LIMBS, BUILDINGS, ETC.)",,2,NO INDICATION OF INJURY,0.0,0.0,0.0,0.0,0.0,3.0,0.0,8,2,1,42.016691782,-87.69086327,POINT (-87.690863270234 42.016691782143),POINT (1158836.293603693 1949327.7313248196),2021,2417 W FARGO AVE
O1241032,DRIVER,6bd1d7d3d383f1013d39d6db5250706ce5345694bad196349fa6e66dfc378eaa50961f5d525c173d3c7f3111c3221ef390741d80e27dd9494f20506f3c39c683,1177888.0,F,25.0,DID NOT DEPLOY,NONE,"REPORTED, NOT EVIDENT",NONE,UNKNOWN,NORMAL,,,,,2021-12-06 21:02:00,30,CLEAR,"DARKNESS, LIGHTED ROAD",TURNING,DIVIDED - W/MEDIAN BARRIER,DRY,NO DEFECTS,ON SCENE,INJURY AND / OR TOW DUE TO CRASH,Y,"OVER $1,500",12/06/2021 09:21:00 PM,DISREGARDING TRAFFIC SIGNALS,FAILING TO YIELD RIGHT-OF-WAY,,2,"REPORTED, NOT EVIDENT",1.0,0.0,0.0,0.0,1.0,1.0,0.0,21,2,12,41.953864485,-87.698174285,POINT (-87.698174284532 41.953864485022),POINT (1157019.3574473206 1926418.3053201938),2021,2759 W IRVING PARK RD
O1132237,DRIVER,4e6a451ea6ae20186936a29bc06a00d93052b97cd4932fbc3b15d2aed798b4fad6cb4318267542a5601af53643cc38f33e2d644a14210347de36e9d32c378e19,1074013.0,F,24.0,DID NOT DEPLOY,NONE,NO INDICATION OF INJURY,NONE,NOT OBSCURED,NORMAL,,,,,2021-07-03 19:50:00,35,CLEAR,DUSK,SIDESWIPE SAME DIRECTION,DIVIDED - W/MEDIAN BARRIER,DRY,NO DEFECTS,NOT ON SCENE (DESK REPORT),NO INJURY / DRIVE AWAY,Y,"OVER $1,500",07/03/2021 08:30:00 PM,IMPROPER OVERTAKING/PASSING,UNABLE TO DETERMINE,,2,NO INDICATION OF INJURY,0.0,0.0,0.0,0.0,0.0,5.0,0.0,19,7,7,41.682556548,-87.64192181,POINT (-87.641921810234 41.682556547568),POINT (1173116.1574086307 1827673.4104967997),2021,11649 S HALSTED ST
O1026677,DRIVER,97ef12db247db12a4e46021cc9c53a6ed62b570373ee077653f5b2879fa9c596083456a5cc5b19888c3b04fecbfe29e713fd1cc6b152b0cab87fc6d2c834a3f1,973087.0,M,25.0,DID NOT DEPLOY,NONE,NO INDICATION OF INJURY,NONE,NOT OBSCURED,NORMAL,,,,,2021-01-17 20:45:00,40,CLEAR,"DARKNESS, LIGHTED ROAD",REAR END,DIVIDED - W/MEDIAN BARRIER,UNKNOWN,NO DEFECTS,NOT ON SCENE (DESK REPORT),NO INJURY / DRIVE AWAY,,"OVER $1,500",01/18/2021 06:05:00 PM,FOLLOWING TOO CLOSELY,NOT APPLICABLE,,2,NO INDICATION OF INJURY,0.0,0.0,0.0,0.0,0.0,2.0,0.0,20,1,1,41.900947667,-87.619335176,POINT (-87.619335175935 41.900947667149),POINT (1178625.0374934303 1907304.0992483732),2021,999 N LAKE SHORE DR NB
O1079543,DRIVER,84a8218734b9610bf710be3b4d7ba0f294fe70b22b4f8545f4b375f3b55d72d27cc0bfef6248ce6fbc6bdb8f5051ac4c398b94a586a4f1c0d90af6e09158ffd2,1023825.0,M,23.0,DID NOT DEPLOY,NONE,NO INDICATION OF INJURY,OTHER,NOT OBSCURED,NORMAL,,,,,2021-04-20 06:50:00,30,CLOUDY/OVERCAST,DAYLIGHT,TURNING,NOT DIVIDED,DRY,NO DEFECTS,NOT ON SCENE (DESK REPORT),NO INJURY / DRIVE AWAY,,"OVER $1,500",04/20/2021 07:35:00 AM,IMPROPER LANE USAGE,UNABLE TO DETERMINE,,2,NO INDICATION OF INJURY,0.0,0.0,0.0,0.0,0.0,2.0,0.0,6,3,4,41.876071863,-87.686122044,POINT (-87.68612204351 41.87607186285),POINT (1160511.6188687112 1898095.1274357918),2021,401 S WESTERN AVE
O1126071,DRIVER,ca213b9b9c489e271e58fc15d56d5c89ddddf0e2afd36ae1915575d232ce79c3c544eebce4f2d69ded380d38ec951a465555839c4ffbda4050d8d4bfdd0e4d6d,1068123.0,M,,DID NOT DEPLOY,NONE,NO INDICATION OF INJURY,WRONG WAY/SIDE,NOT OBSCURED,NORMAL,,,,,2021-06-25 00:01:00,30,RAIN,"DARKNESS, LIGHTED ROAD",TURNING,NOT DIVIDED,WET,NO DEFECTS,NOT ON SCENE (DESK REPORT),NO INJURY / DRIVE AWAY,,"$501 - $1,500",06/25/2021 02:00:00 PM,IMPROPER OVERTAKING/PASSING,UNABLE TO DETERMINE,,2,NO INDICATION OF INJURY,0.0,0.0,0.0,0.0,0.0,2.0,0.0,0,6,6,41.713555489,-87.559896941,POINT (-87.55989694126 41.71355548863),POINT (1195420.8074108304 1839159.5493921437),2021,9958 S TORRENCE AVE
O1243798,DRIVER,cd3f3a08748a8a0204aa7f5b963a8c483ac5f7ebbf23203a6a3c917ce02ba1f353daacada2cf37468e87ab0c362f94dc5c5749ef2ecb87c2c71e0ae5f339dfa0,1180506.0,X,,DEPLOYMENT UNKNOWN,UNKNOWN,NO INDICATION OF INJURY,UNKNOWN,UNKNOWN,UNKNOWN,,,,,2021-12-10 23:20:00,35,CLOUDY/OVERCAST,"DARKNESS, LIGHTED ROAD",HEAD ON,NOT DIVIDED,WET,NO DEFECTS,ON SCENE,INJURY AND / OR TOW DUE TO CRASH,Y,"OVER $1,500",12/10/2021 11:35:00 PM,UNABLE TO DETERMINE,NOT APPLICABLE,,4,NO INDICATION OF INJURY,0.0,0.0,0.0,0.0,0.0,3.0,0.0,23,6,12,41.765577516,-87.616403067,POINT (-87.616403066594 41.765577515587),POINT (1179834.9602784447 1857982.3594852926),2021,353 E 71ST ST
P275395,PASSENGER,657d0c5eda3212ad4b020aaaae4fe1ce030e4efd2ac472276ad213b7bb8d105efbd1878c44ded990cda9ed619771f2b2d9caac70c820508085c67eb2850d2347,1167582.0,F,,DID NOT DEPLOY,NONE,NO INDICATION OF INJURY,,,,,,,,2021-11-19 16:00:00,35,CLEAR,DARKNESS,REAR END,DIVIDED - W/MEDIAN (NOT RAISED),DRY,NO DEFECTS,NOT ON SCENE (DESK REPORT),NO INJURY / DRIVE AWAY,Y,"OVER $1,500",11/19/2021 04:45:00 PM,FOLLOWING TOO CLOSELY,FAILING TO REDUCE SPEED TO AVOID CRASH,,2,NO INDICATION OF INJURY,0.0,0.0,0.0,0.0,0.0,3.0,0.0,16,6,11,41.952993555,-87.788594921,POINT (-87.788594920811 41.952993554644),POINT (1132426.006986314 1925931.625959189),2021,6456 W IRVING PARK RD
O1217138,DRIVER,485dcd21c1ff943b8004de7bf2068366395aa66828de71f01585e370b966a0d57361b50b63306934ff13df5468ac2807185221c543ae4202a14bfe7beea2566f,1154908.0,F,32.0,DID NOT DEPLOY,NONE,NO INDICATION OF INJURY,NONE,NOT OBSCURED,NORMAL,,,,,2021-10-30 19:30:00,30,CLEAR,"DARKNESS, LIGHTED ROAD",SIDESWIPE SAME DIRECTION,NOT DIVIDED,DRY,NO DEFECTS,NOT ON SCENE (DESK REPORT),NO INJURY / DRIVE AWAY,,"OVER $1,500",10/30/2021 10:00:00 PM,IMPROPER OVERTAKING/PASSING,UNABLE TO DETERMINE,,2,NO INDICATION OF INJURY,0.0,0.0,0.0,0.0,0.0,2.0,0.0,19,7,10,41.893299544,-87.624064697,POINT (-87.62406469681 41.893299544116),POINT (1177360.5310417586 1904506.4400111488),2021,625 N MICHIGAN AVE
O1155295,DRIVER,f93835ad4e30e3f71fa254de4c2c030fe7ccf0ab76a10e91853b2d7f3ac1f84e0090390a2e78eee69a74cd102028b6245f8b952a1023adbf528e7d9c0397eef5,1095874.0,M,23.0,DID NOT DEPLOY,NONE,NO INDICATION OF INJURY,NONE,UNKNOWN,NORMAL,,,,,2021-08-05 10:50:00,25,CLEAR,DAYLIGHT,SIDESWIPE SAME DIRECTION,NOT DIVIDED,DRY,NO DEFECTS,NOT ON SCENE (DESK REPORT),NO INJURY / DRIVE AWAY,,"OVER $1,500",08/05/2021 11:30:00 AM,IMPROPER LANE USAGE,UNABLE TO DETERMINE,,2,NO INDICATION OF INJURY,0.0,0.0,0.0,0.0,0.0,2.0,0.0,10,5,8,41.998019258,-87.67701946,POINT (-87.677019460109 41.998019258165),POINT (1162650.423622998 1942551.8770423909),2021,6400 N RIDGE BLVD
P271572,PASSENGER,0ec4d515a72a9014331b07fda420da98fb4580181b21be37fe90636cf9787dd71f6305637d0515f637a459a37b3d124dfc47cb6880c26d5bd6db050d0b74ea5d,1150556.0,M,45.0,DID NOT DEPLOY,NONE,NO INDICATION OF INJURY,,,,,,,,2021-10-22 11:00:00,30,CLEAR,DAYLIGHT,SIDESWIPE SAME DIRECTION,NOT DIVIDED,DRY,NO DEFECTS,NOT ON SCENE (DESK REPORT),NO INJURY / DRIVE AWAY,,"$501 - $1,500",10/22/2021 12:00:00 PM,IMPROPER OVERTAKING/PASSING,NOT APPLICABLE,,2,NO INDICATION OF INJURY,0.0,0.0,0.0,0.0,0.0,3.0,0.0,11,6,10,41.963230274,-87.667606098,POINT (-87.667606098486 41.963230273976),POINT (1165307.7225486685 1929894.3426388924),2021,4455 N GREENVIEW AVE
O1244088,DRIVER,a38c6e064df3c79d7e403293eb3f897bf6260291e87225b9682614122009db032d954b2b21aad7f3549cbd63e63eae3ab050d7131cc6501c921363e8598ef7e7,1180787.0,M,50.0,NOT APPLICABLE,NONE,NO INDICATION OF INJURY,UNKNOWN,UNKNOWN,UNKNOWN,,,,,2021-12-11 11:00:00,30,CLEAR,DAYLIGHT,SIDESWIPE SAME DIRECTION,NOT DIVIDED,UNKNOWN,UNKNOWN,ON SCENE,INJURY AND / OR TOW DUE TO CRASH,,"OVER $1,500",12/11/2021 11:00:00 AM,UNABLE TO DETERMINE,NOT APPLICABLE,,2,NO INDICATION OF INJURY,0.0,0.0,0.0,0.0,0.0,4.0,0.0,11,7,12,41.958529841,-87.688746819,POINT (-87.688746819185 41.958529841113),POINT (1159570.942603109 1928137.524153401),2021,4230 N WESTERN AVE
P264872,PASSENGER,b29f08ca2e7d57e111fa97f06dd3cf9d191ed34acd97438171f5cea8aa284df5dc0d0a457c972bee87e3389671b833795de6ebe2b17cf117344f90fe2a4e2e80,1120336.0,F,,DEPLOYMENT UNKNOWN,NONE,NO INDICATION OF INJURY,,,,,,,,2021-09-10 16:17:00,30,CLEAR,DAYLIGHT,REAR END,NOT DIVIDED,DRY,NO DEFECTS,ON SCENE,NO INJURY / DRIVE AWAY,Y,"OVER $1,500",09/10/2021 04:20:00 PM,NOT APPLICABLE,NOT APPLICABLE,,2,NO INDICATION OF INJURY,0.0,0.0,0.0,0.0,0.0,3.0,0.0,16,6,9,41.765840794,-87.614119668,POINT (-87.614119667706 41.765840794017),POINT (1180457.0933911493 1858083.4965349801),2021,430 E 71ST ST
P280613,PASSENGER,5a815e8f2f0fee11c61a20e559932980c48dbcdb7039e689db5d713f715476aa6ebde7081c278803c1fcd491af9474f0066ea0521cfe80ed2d8192d5c0124534,1191433.0,M,44.0,"DEPLOYED, COMBINATION",NONE,NONINCAPACITATING INJURY,,,,,,,,2021-12-31 02:10:00,30,CLEAR,"DARKNESS, LIGHTED ROAD",ANGLE,ONE-WAY,DRY,NO DEFECTS,ON SCENE,INJURY AND / OR TOW DUE TO CRASH,,"OVER $1,500",12/31/2021 02:12:00 AM,DRIVING ON WRONG SIDE/WRONG WAY,NOT APPLICABLE,,3,NONINCAPACITATING INJURY,2.0,0.0,0.0,2.0,0.0,2.0,0.0,2,6,12,41.894139778,-87.631264298,POINT (-87.631264298408 41.894139777931),POINT (1175397.799984123 1904796.4993245972),2021,100 W ERIE ST
P268369,PASSENGER,7b4c728c15f5ac62276e4adc1356fc1f5db49f56bb15cbc1df1bec3db784c17812781b9f5105b69a48a3456504e2c0f9074674b0b93a8d04d98ae27928568839,1136022.0,M,24.0,DID NOT DEPLOY,NONE,NO INDICATION OF INJURY,,,,,,,,2021-10-03 00:26:00,30,CLEAR,"DARKNESS, LIGHTED ROAD",SIDESWIPE SAME DIRECTION,NOT DIVIDED,DRY,NO DEFECTS,ON SCENE,INJURY AND / OR TOW DUE TO CRASH,,"OVER $1,500",10/03/2021 12:28:00 AM,UNABLE TO DETERMINE,NOT APPLICABLE,,2,NO INDICATION OF INJURY,0.0,0.0,0.0,0.0,0.0,5.0,0.0,0,1,10,41.924802679,-87.687491251,POINT (-87.687491250886 41.924802678885),POINT (1160005.0441651354 1915849.829227645),2021,2349 N WESTERN AVE
O1171173,DRIVER,adf7634e09129bddf31d6d96be59dc544002631616e7d95704e2e75d098e4856de361da23d21e400d0768a23c6fe4e89c205972c749096070e1d976869908dac,1110993.0,X,,DEPLOYMENT UNKNOWN,UNKNOWN,NO INDICATION OF INJURY,NONE,UNKNOWN,UNKNOWN,,,,Y,2021-08-27 06:00:00,30,CLEAR,DUSK,PARKED MOTOR VEHICLE,NOT DIVIDED,DRY,UNKNOWN,NOT ON SCENE (DESK REPORT),NO INJURY / DRIVE AWAY,Y,"$501 - $1,500",08/28/2021 09:20:00 AM,UNABLE TO DETERMINE,UNABLE TO DETERMINE,,2,NO INDICATION OF INJURY,0.0,0.0,0.0,0.0,0.0,1.0,0.0,6,6,8,41.786271576,-87.708852245,POINT (-87.7088522449 41.786271575847),POINT (1154559.1204741467 1865326.4471603057),2021,3412 W 59TH ST
O1131889,DRIVER,50da9efa116e45b5a185f28223b7e778fff87565b406fc45bd640720618a3e28b1ae1130d3f3a74885aebb9e0c4153113dfadd093585b619c78d132e6359caae,1073687.0,M,50.0,DID NOT DEPLOY,NONE,NO INDICATION OF INJURY,FOLLOWED TOO CLOSELY,NOT OBSCURED,NORMAL,,,,,2021-07-03 11:25:00,35,CLEAR,DAYLIGHT,REAR END,DIVIDED - W/MEDIAN (NOT RAISED),DRY,NO DEFECTS,ON SCENE,NO INJURY / DRIVE AWAY,,"OVER $1,500",07/03/2021 11:25:00 AM,UNABLE TO DETERMINE,UNABLE TO DETERMINE,,3,NO INDICATION OF INJURY,0.0,0.0,0.0,0.0,0.0,4.0,0.0,11,7,7,41.775663368,-87.742327811,POINT (-87.742327811139 41.775663367554),POINT (1145456.1596720542 1861396.3691774877),2021,6430 S CICERO AVE
O1079135,DRIVER,39a4521b7d5848bef70d08b9df72b64f5dc5bf26d36e45b18dc455238e61fea96cf8d67a13dabbc6012f3d361a53d4e3c22ff1830ec2f85bb7a16f27e7dd3874,1023427.0,M,21.0,DID NOT DEPLOY,NONE,NO INDICATION OF INJURY,FAILED TO YIELD,UNKNOWN,NORMAL,,,,,2021-04-19 10:39:00,30,RAIN,DAYLIGHT,TURNING,NOT DIVIDED,WET,UNKNOWN,ON SCENE,NO INJURY / DRIVE AWAY,,"$501 - $1,500",04/19/2021 11:01:00 AM,FAILING TO YIELD RIGHT-OF-WAY,FAILING TO YIELD RIGHT-OF-WAY,,2,NO INDICATION OF INJURY,0.0,0.0,0.0,0.0,0.0,4.0,0.0,10,2,4,41.808282741,-87.687279838,POINT (-87.687279838023 41.808282740874),POINT (1160382.1168430783 1873390.64221068),2021,2509 W 47TH ST
P244618,PASSENGER,b4aeb8f535a3dd235c86d1473bc0d77e4e63adfce50044e30fbb383ade213c3273c221bde05af4ae6c1d8632db24981fba0faa02f3f5c8aa2faa3b7d777e5f6d,1034249.0,,,DEPLOYMENT UNKNOWN,NONE,NO INDICATION OF INJURY,,,,,,,N,2021-05-05 14:20:00,35,UNKNOWN,DAYLIGHT,REAR END,NOT DIVIDED,UNKNOWN,UNKNOWN,NOT ON SCENE (DESK REPORT),INJURY AND / OR TOW DUE TO CRASH,Y,"OVER $1,500",05/07/2021 08:45:00 AM,UNABLE TO DETERMINE,UNABLE TO DETERMINE,,2,"REPORTED, NOT EVIDENT",2.0,0.0,0.0,0.0,2.0,5.0,0.0,14,4,5,41.726212706,-87.560669873,POINT (-87.560669873002 41.726212706192),POINT (1195168.378657646 1843769.8161154431),2021,9301 S COLFAX AVE
O1187888,DRIVER,725ad08ebb69515f11bdc56ec7ff12c5489892eb8e0b09c0157328a6d1c1c39f522adc1427167218e494c554b0c50307348f72765d974af68909ef776afffc41,1126992.0,F,66.0,DID NOT DEPLOY,NONE,NO INDICATION OF INJURY,NONE,NOT OBSCURED,NORMAL,,,,Y,2021-09-20 08:00:00,20,RAIN,DAYLIGHT,REAR END,DIVIDED - W/MEDIAN (NOT RAISED),WET,NO DEFECTS,NOT ON SCENE (DESK REPORT),NO INJURY / DRIVE AWAY,,"OVER $1,500",09/20/2021 08:38:00 AM,UNABLE TO DETERMINE,NOT APPLICABLE,,2,NO INDICATION OF INJURY,0.0,0.0,0.0,0.0,0.0,2.0,0.0,8,2,9,41.870346524,-87.77412878,POINT (-87.774128780491 41.870346524362),POINT (1136557.3519133513 1895840.3835386941),2021,901 S AUSTIN BLVD
O1181339,DRIVER,31f1a8f062f058d058b0e9f2accdeb2074fa6ea1a70138653d9184ea1ec729270dd06cdcf1a4a99e6c196a0541860fe2302bec79eb0c82c8b0fa33d3bdd8fe8b,1120748.0,M,19.0,DID NOT DEPLOY,NONE,NO INDICATION OF INJURY,UNKNOWN,UNKNOWN,NORMAL,,,,,2021-09-11 11:10:00,30,CLEAR,DAYLIGHT,ANGLE,FOUR WAY,DRY,UNKNOWN,ON SCENE,INJURY AND / OR TOW DUE TO CRASH,,"OVER $1,500",09/11/2021 11:12:00 AM,UNABLE TO DETERMINE,UNABLE TO DETERMINE,,2,NO INDICATION OF INJURY,0.0,0.0,0.0,0.0,0.0,2.0,0.0,11,7,9,41.793757841,-87.696304528,POINT (-87.696304528186 41.793757841261),POINT (1157960.9497179028 1868079.4941507739),2021,2900 W 55TH ST
O1095033,DRIVER,2282efc524e55b68d18b51a61bd8df794795f7804182bb9c1c01c3f6d0b8dbb6e7123fec5a6d50884f15de52cb1d55ec1ad159c1f22a56ccb42f8a6315e5bbf4,1038642.0,M,25.0,DID NOT DEPLOY,NONE,NONINCAPACITATING INJURY,WRONG WAY/SIDE,NOT OBSCURED,FATIGUED/ASLEEP,,,,,2021-05-14 04:40:00,30,CLEAR,"DARKNESS, LIGHTED ROAD",PARKED MOTOR VEHICLE,DIVIDED - W/MEDIAN (NOT RAISED),DRY,NO DEFECTS,NOT ON SCENE (DESK REPORT),INJURY AND / OR TOW DUE TO CRASH,,"OVER $1,500",05/14/2021 04:41:00 AM,FAILING TO REDUCE SPEED TO AVOID CRASH,IMPROPER LANE USAGE,,2,NONINCAPACITATING INJURY,1.0,0.0,0.0,1.0,0.0,0.0,0.0,4,6,5,41.926387113,-87.653497341,POINT (-87.653497340995 41.926387112593),POINT (1169251.3827289797 1916498.7098432358),2021,2435 N SHEFFIELD AVE
O1113775,DRIVER,096ff6c12a51dfb276d0ea32845903f88f40c660b7fcbda94bf5bcc9fdfb1691787dd9bac44da3197d5e26c40b8ba3d0192dd4820268ec9d16d5d31d755c80ba,1056519.0,M,,DEPLOYMENT UNKNOWN,NONE,NO INDICATION OF INJURY,UNKNOWN,UNKNOWN,UNKNOWN,,,,Y,2021-06-09 12:55:00,30,CLEAR,DAYLIGHT,PEDALCYCLIST,T-INTERSECTION,DRY,NO DEFECTS,ON SCENE,INJURY AND / OR TOW DUE TO CRASH,Y,"$501 - $1,500",06/09/2021 01:00:00 PM,UNABLE TO DETERMINE,NOT APPLICABLE,,2,NONINCAPACITATING INJURY,1.0,0.0,0.0,1.0,0.0,1.0,0.0,12,4,6,41.983839006,-87.711480988,POINT (-87.711480988122 41.983839006446),POINT (1153320.5104058362 1937314.600221299),2021,5626 N SPAULDING AVE