PERSON_ID,PERSON_TYPE,CRASH_RECORD_ID,VEHICLE_ID,SEX,AGE,AIRBAG_DEPLOYED,EJECTION,INJURY_CLASSIFICATION,DRIVER_ACTION,DRIVER_VISION,PHYSICAL_CONDITION,PEDPEDAL_ACTION,PEDPEDAL_VISIBILITY,PEDPEDAL_LOCATION,CRASH_DATE_EST_I,CRASH_DATE,POSTED_SPEED_LIMIT,WEATHER_CONDITION,LIGHTING_CONDITION,FIRST_CRASH_TYPE,TRAFFICWAY_TYPE,ROADWAY_SURFACE_COND,ROAD_DEFECT,REPORT_TYPE,CRASH_TYPE,HIT_AND_RUN_I,DAMAGE,DATE_POLICE_NOTIFIED,PRIM_CONTRIBUTORY_CAUSE,SEC_CONTRIBUTORY_CAUSE,DOORING_I,NUM_UNITS,MOST_SEVERE_INJURY,INJURIES_TOTAL,INJURIES_FATAL,INJURIES_INCAPACITATING,INJURIES_NON_INCAPACITATING,INJURIES_REPORTED_NOT_EVIDENT,INJURIES_NO_INDICATION,INJURIES_UNKNOWN,CRASH_HOUR,CRASH_DAY_OF_WEEK,CRASH_MONTH,LATITUDE,LONGITUDE,LOCATION,geometry,YEAR,ADDRESS
P312842,PASSENGER,5ef18b8a03a271c3704ec843828ba9a33f710b5f5f0d25e7a18eddec25e7891729b38445283a71ab78cb0d66779e95f4de030249de36594431961fb36e89a340,1338056.0,,,NOT APPLICABLE,NONE,NO INDICATION OF INJURY,,,,,,,,2022-08-28 06:15:00,30,CLEAR,DAYLIGHT,SIDESWIPE SAME DIRECTION,NOT DIVIDED,DRY,NO DEFECTS,ON SCENE,INJURY AND / OR TOW DUE TO CRASH,,"OVER $1,500",08/28/2022 05:54:00 PM,UNABLE TO DETERMINE,UNABLE TO DETERMINE,,2,NO INDICATION OF INJURY,0.0,0.0,0.0,0.0,0.0,6.0,0.0,6,1,8,41.653730648,-87.552575605,POINT (-87.552575604541 41.653730647846),POINT (1197617.3211838454 1817378.1571815824),2022,13299 S BRAINARD AVE
O1394111,DRIVER,570530866849b24227f59a1b0571f806a7c37706911e6bca7e9a1a74974cb8adc463e491e90a3a45e407879c2797c2363b802e772092a2f60f560613cd849c87,1324666.0,M,70.0,NOT APPLICABLE,NONE,NO INDICATION OF INJURY,FAILED TO YIELD,UNKNOWN,NORMAL,,,,,2022-08-02 10:30:00,15,CLEAR,DAYLIGHT,REAR END,PARKING LOT,DRY,NO DEFECTS,NOT ON SCENE (DESK REPORT),NO INJURY / DRIVE AWAY,,$500 OR LESS,08/07/2022 12:44:00 PM,UNABLE TO DETERMINE,UNABLE TO DETERMINE,,2,NO INDICATION OF INJURY,0.0,0.0,0.0,0.0,0.0,2.0,0.0,10,3,8,41.797945255,-87.723148951,POINT (-87.723148950835 41.797945255276),POINT (1150629.899557543 1869552.258813206),2022,5223 S PULASKI RD
O1293218,DRIVER,a20a180243c8b7e8d4835066ea0ec2e75efb9b93a5d18f1f8d73c19e9af0cdc8d539d10d26722e52697f5731f872671358a4785dd7966377f39b25be3bc15ba7,1228033.0,M,,DEPLOYMENT UNKNOWN,NONE,NO INDICATION OF INJURY,OTHER,UNKNOWN,UNKNOWN,,,,,2022-03-06 02:20:00,20,CLEAR,"DARKNESS, LIGHTED ROAD",REAR END,PARKING LOT,DRY,NO DEFECTS,ON SCENE,NO INJURY / DRIVE AWAY,Y,"$501 - $1,500",03/06/2022 02:30:00 AM,UNABLE TO DETERMINE,IMPROPER BACKING,,2,NO INDICATION OF INJURY,0.0,0.0,0.0,0.0,0.0,4.0,0.0,2,1,3,41.975859694,-87.708464968,POINT (-87.70846496773 41.975859694203),POINT (1154161.727414358 1934412.8679987597),2022,3154 W FOSTER AVE
O1376730,DRIVER,32c285161e2944d5ec34918dd15f49dc0833348733035942b697acb7b22dd92ae9f5d2816442e1130e8c59d3834bae6f31363ed11d2c6a2912e716be65a10cbe,1308136.0,X,,DEPLOYMENT UNKNOWN,NONE,NO INDICATION OF INJURY,UNKNOWN,UNKNOWN,UNKNOWN,,,,,2022-07-11 23:00:00,30,CLEAR,"DARKNESS, LIGHTED ROAD",PARKED MOTOR VEHICLE,DIVIDED - W/MEDIAN (NOT RAISED),DRY,NO DEFECTS,ON SCENE,INJURY AND / OR TOW DUE TO CRASH,Y,"OVER $1,500",07/12/2022 12:08:00 AM,UNABLE TO DETERMINE,UNABLE TO DETERMINE,,2,NO INDICATION OF INJURY,0.0,0.0,0.0,0.0,0.0,1.0,0.0,23,2,7,41.759356895,-87.662529349,POINT (-87.662529348676 41.759356895283),POINT (1167268.9081665834 1855614.1067804955),2022,1511 W 74TH ST
O1414981,DRIVER,b28267b3a68cc16546040c9e7c0a93001e920840531f227f12c6f41fc56798b05d4e0174569c14b60951fee1c013c3f8531e11ab486efbe9431261ce5201288e,1344655.0,F,27.0,NOT APPLICABLE,NONE,NO INDICATION OF INJURY,IMPROPER LANE CHANGE,UNKNOWN,NORMAL,,,,,2022-09-07 17:55:00,30,CLEAR,DAYLIGHT,SIDESWIPE SAME DIRECTION,NOT DIVIDED,DRY,NO DEFECTS,NOT ON SCENE (DESK REPORT),NO INJURY / DRIVE AWAY,,"OVER $1,500",09/07/2022 06:15:00 PM,FAILING TO YIELD RIGHT-OF-WAY,IMPROPER OVERTAKING/PASSING,,2,NO INDICATION OF INJURY,0.0,0.0,0.0,0.0,0.0,2.0,0.0,17,4,9,41.873474911,-87.675368561,POINT (-87.675368561447 41.873474910725),POINT (1163447.4922048156 1897171.0690479097),2022,1957 W OGDEN AVE
O1448782,DRIVER,1d95519f0394a43014ae4031c34783bb865f98944669c5e0bd6e5024a779ddc7472e63de6406c1734b85cb905dc6337d2f11603e268036df66bdd9f840837690,1376965.0,F,32.0,DID NOT DEPLOY,NONE,NO INDICATION OF INJURY,FAILED TO YIELD,UNKNOWN,UNKNOWN,,,,,2022-10-26 08:10:00,30,CLEAR,DAYLIGHT,ANGLE,T-INTERSECTION,DRY,NO DEFECTS,ON SCENE,INJURY AND / OR TOW DUE TO CRASH,,"OVER $1,500",10/26/2022 10:30:00 AM,UNABLE TO DETERMINE,UNABLE TO DETERMINE,,2,NO INDICATION OF INJURY,0.0,0.0,0.0,0.0,0.0,2.0,0.0,8,4,10,41.794947213,-87.607540408,POINT (-87.607540408161 41.794947213124),POINT (1182162.4560980243 1868704.7537946766),2022,5500 S PAYNE DR
O1328725,DRIVER,484b1bd86471596d77790105fdeed1cfa2ecd7ddd2db138c8efa778a3f50311a7c8a6cfaa27fa035d2569d22379b082153fc179cef8d439ade76b2cba2cfccc0,1262221.0,X,,DEPLOYMENT UNKNOWN,NONE,NO INDICATION OF INJURY,IMPROPER PASSING,UNKNOWN,UNKNOWN,,,,,2022-05-03 04:30:00,30,RAIN,"DARKNESS, LIGHTED ROAD",SIDESWIPE SAME DIRECTION,ONE-WAY,WET,NO DEFECTS,ON SCENE,INJURY AND / OR TOW DUE TO CRASH,Y,"OVER $1,500",05/03/2022 04:32:00 AM,UNABLE TO DETERMINE,UNABLE TO DETERMINE,,2,INCAPACITATING INJURY,1.0,0.0,1.0,0.0,0.0,1.0,0.0,4,3,5,41.715183864,-87.646633908,POINT (-87.646633907505 41.715183863751),POINT (1171734.2002034122 1839552.1089644483),2022,928 W 98TH PL
O1422039,DRIVER,e0b084837832f4ba9a9ea02c9d4391bb2b7a489c93d140eb50ab24db2c1f2c5244874706d136eeee0f7e954b131130da33951ce28739fa0cdbea8d66ba8f0cf9,1351410.0,F,24.0,DID NOT DEPLOY,NONE,NO INDICATION OF INJURY,OTHER,NOT OBSCURED,NORMAL,,,,,2022-09-17 22:35:00,30,CLEAR,"DARKNESS, LIGHTED ROAD",REAR END,FOUR WAY,DRY,NO DEFECTS,ON SCENE,NO INJURY / DRIVE AWAY,,"$501 - $1,500",09/17/2022 10:40:00 PM,DISTRACTION - FROM OUTSIDE VEHICLE,FAILING TO REDUCE SPEED TO AVOID CRASH,,2,NO INDICATION OF INJURY,0.0,0.0,0.0,0.0,0.0,6.0,0.0,22,7,9,41.909268443,-87.765772869,POINT (-87.765772868538 41.909268442926),POINT (1138739.400590851 1910038.4198280796),2022,5601 W NORTH AVE
O1378013,DRIVER,26c19f9ea12b1ab287481dbc292acbe9d9f1d15c984f68346df11502f9967ff45dff205fa1cca8141dd985a14cd5f4824d7d3efd6840a5cb29b91493271cf51e,1309369.0,F,35.0,DID NOT DEPLOY,NONE,NO INDICATION OF INJURY,NONE,NOT OBSCURED,NORMAL,,,,,2022-07-13 21:00:00,25,CLEAR,"DARKNESS, LIGHTED ROAD",REAR END,ONE-WAY,DRY,NO DEFECTS,NOT ON SCENE (DESK REPORT),NO INJURY / DRIVE AWAY,Y,"$501 - $1,500",07/13/2022 09:35:00 PM,FOLLOWING TOO CLOSELY,UNABLE TO DETERMINE,,2,NO INDICATION OF INJURY,0.0,0.0,0.0,0.0,0.0,5.0,0.0,21,4,7,41.767072985,-87.647040467,POINT (-87.647040467366 41.76707298508),POINT (1171472.4096768969 1858459.1194696948),2022,6958 S PEORIA ST
O1270156,DRIVER,a7031a5d08b519d7954bf17a720f0653e06842299b749b1ef25d460e2cdedd109e71e6e9c1f0d3cd8891c30b0d1b6b3b3e9a04629ef23f5a7539e2913021e47a,1205789.0,F,46.0,DID NOT DEPLOY,NONE,NO INDICATION OF INJURY,FAILED TO YIELD,NOT OBSCURED,NORMAL,,,,,2022-01-26 20:12:00,30,CLEAR,"DARKNESS, LIGHTED ROAD",TURNING,NOT DIVIDED,SNOW OR SLUSH,NO DEFECTS,ON SCENE,INJURY AND / OR TOW DUE TO CRASH,,"OVER $1,500",01/26/2022 08:21:00 PM,FAILING TO YIELD RIGHT-OF-WAY,NOT APPLICABLE,,2,NO INDICATION OF INJURY,0.0,0.0,0.0,0.0,0.0,3.0,0.0,20,4,1,41.997450049,-87.699699786,POINT (-87.69969978623 41.997450049375),POINT (1156486.9240034344 1942298.0165479754),2022,2801 W DEVON AVE
O1414837,DRIVER,68767a0f759dcd91b2e92c8775fc8aa55df1c2ee812c213eb827af6d15df86e0519440733b3e0cae5d342feac0edf3f09e95a54c69b0aae113e7186c4b987aa8,1344575.0,M,52.0,DID NOT DEPLOY,NONE,NO INDICATION OF INJURY,NONE,NOT OBSCURED,NORMAL,,,,,2022-09-04 09:53:00,30,CLEAR,DAYLIGHT,REAR TO FRONT,ONE-WAY,DRY,NO DEFECTS,NOT ON SCENE (DESK REPORT),NO INJURY / DRIVE AWAY,,"$501 - $1,500",09/07/2022 04:35:00 PM,UNABLE TO DETERMINE,UNABLE TO DETERMINE,,2,NO INDICATION OF INJURY,0.0,0.0,0.0,0.0,0.0,2.0,0.0,9,1,9,41.766927218,-87.584513137,POINT (-87.584513136915 41.76692721776),POINT (1188530.5908893328 1858548.30767634),2022,7032 S CORNELL AVE
P310397,PASSENGER,7013c37c831a3de9cf745dd12c29c85903f5c36f286f4949f32ad77c780787fa41791f682c7f48dd1b4e11125bd91a623e52ca0e8d92a043183018acd97736de,1326617.0,F,1.0,NOT APPLICABLE,NONE,NO INDICATION OF INJURY,,,,,,,,2022-08-10 10:25:00,20,CLEAR,DAYLIGHT,PARKED MOTOR VEHICLE,NOT DIVIDED,DRY,NO DEFECTS,ON SCENE,INJURY AND / OR TOW DUE TO CRASH,,"OVER $1,500",08/10/2022 10:27:00 AM,DISTRACTION - FROM OUTSIDE VEHICLE,NOT APPLICABLE,,3,NO INDICATION OF INJURY,0.0,0.0,0.0,0.0,0.0,2.0,0.0,10,4,8,41.891815575,-87.703811265,POINT (-87.703811264706 41.891815574773),POINT (1155652.027465173 1903796.2875993208),2022,3033 W OHIO ST
O1290282,DRIVER,ea72c6b8167d50a2c3d2739af7a2aab671d0d0ca5ea01e41c0d64e83aedab1112779f70b835c9057b7003001f52e678138eab522d87dd16b0ce143d57e816c81,1225234.0,M,53.0,NOT APPLICABLE,NONE,NO INDICATION OF INJURY,NONE,NOT OBSCURED,NORMAL,,,,,2022-02-26 14:35:00,30,UNKNOWN,DAYLIGHT,REAR TO FRONT,NOT DIVIDED,UNKNOWN,UNKNOWN,NOT ON SCENE (DESK REPORT),NO INJURY / DRIVE AWAY,Y,"OVER $1,500",02/28/2022 08:45:00 PM,IMPROPER BACKING,NOT APPLICABLE,,2,NO INDICATION OF INJURY,0.0,0.0,0.0,0.0,0.0,2.0,0.0,14,7,2,41.931805781,-87.644388656,POINT (-87.644388655717 41.93180578091),POINT (1171714.2441576123 1918493.0686955273),2022,2715 N CLARK ST
O1410268,DRIVER,062f5a6f6b87b762165d4da04d6d3a181385776a10b051fdca28cb8683f3282a948e5cf8118ef3bcb24cbf6729a82835d5cccd4dc89740c1b840397dcf1b3a48,1340131.0,X,,DEPLOYMENT UNKNOWN,NONE,NO INDICATION OF INJURY,UNKNOWN,UNKNOWN,UNKNOWN,,,,,2022-08-31 22:13:00,30,CLEAR,"DARKNESS, LIGHTED ROAD",SIDESWIPE SAME DIRECTION,DIVIDED - W/MEDIAN BARRIER,DRY,NO DEFECTS,ON SCENE,INJURY AND / OR TOW DUE TO CRASH,Y,"OVER $1,500",08/31/2022 10:24:00 PM,UNABLE TO DETERMINE,UNABLE TO DETERMINE,,4,NONINCAPACITATING INJURY,2.0,0.0,0.0,2.0,0.0,1.0,0.0,22,4,8,41.95938916,-87.747347903,POINT (-87.747347903299 41.959389159692),POINT (1143629.842434415 1928336.2187345112),2022,4315 N CICERO AVE
P311638,PASSENGER,716918616483e1862781a5cbe56220864d3addce59808d27a6f7815b416d9b527ef0ef863cf15c742cf22540d794546f5c1795c8258d0d65ea12bd87ff7918bf,1332510.0,M,22.0,"DEPLOYED, COMBINATION",NONE,NO INDICATION OF INJURY,,,,,,,,2022-08-20 01:50:00,25,CLEAR,"DARKNESS, LIGHTED ROAD",TURNING,FOUR WAY,DRY,NO DEFECTS,ON SCENE,INJURY AND / OR TOW DUE TO CRASH,,"OVER $1,500",08/20/2022 01:50:00 AM,IMPROPER TURNING/NO SIGNAL,IMPROPER TURNING/NO SIGNAL,,2,NONINCAPACITATING INJURY,2.0,0.0,0.0,2.0,0.0,3.0,0.0,1,7,8,41.884306015,-87.765151907,POINT (-87.765151906532 41.884306014913),POINT (1138968.6662334837 1900943.2495387746),2022,200 N CENTRAL AVE
O1365096,DRIVER,de53c5e56baee1601b6625a9212fc1d53b068452c4dd0b94959aac0a9343a34ef81640c5651ed4d9228fd76b3cd3abf22d6883e9e70bf5b223897cc41130140e,1297087.0,M,32.0,NOT APPLICABLE,NONE,NONINCAPACITATING INJURY,NONE,NOT OBSCURED,NORMAL,,,,Y,2022-06-23 23:10:00,25,CLEAR,DUSK,TURNING,NOT DIVIDED,DRY,NO DEFECTS,NOT ON SCENE (DESK REPORT),INJURY AND / OR TOW DUE TO CRASH,,"OVER $1,500",06/23/2022 11:10:00 PM,"OPERATING VEHICLE IN ERRATIC, RECKLESS, CARELESS, NEGLIGENT OR AGGRESSIVE MANNER",IMPROPER TURNING/NO SIGNAL,,2,NONINCAPACITATING INJURY,1.0,0.0,0.0,1.0,0.0,1.0,0.0,23,5,6,41.969249364,-87.651101613,POINT (-87.651101612563 41.969249364359),POINT (1169779.0022718997 1932123.0337476048),2022,820 W LAWRENCE AVE
O1397383,DRIVER,6ee77b842d1d6ece49b5000a363b481b2cc36eb824a9db7e95595273c03d1f31d4f706c8b1afbdce5f69c118562c776cfd063dac45fe6d06431a2fe749f1b239,1327828.0,X,,NOT APPLICABLE,NONE,NO INDICATION OF INJURY,UNKNOWN,UNKNOWN,UNKNOWN,,,,,2022-08-12 10:45:00,30,CLEAR,DAYLIGHT,SIDESWIPE SAME DIRECTION,ONE-WAY,DRY,NO DEFECTS,NOT ON SCENE (DESK REPORT),NO INJURY / DRIVE AWAY,,"OVER $1,500",08/12/2022 10:55:00 AM,UNABLE TO DETERMINE,NOT APPLICABLE,,2,NO INDICATION OF INJURY,0.0,0.0,0.0,0.0,0.0,2.0,0.0,10,6,8,41.871952054,-87.763578917,POINT (-87.763578916901 41.871952054205),POINT (1139426.885193736 1896444.330146164),2022,5550 W FLOURNOY ST
O1294849,PEDESTRIAN,d66c2fc58b4f77ae1f0fc8155d392392262ca62bae93081ed17b80a509cf8fa312d3673585cbde9171bb3b455b48a404ce4c4fef8f60802ae9f19e90e721f611,,M,31.0,,,NONINCAPACITATING INJURY,NONE,UNKNOWN,NORMAL,CROSSING - WITH SIGNAL,NO CONTRASTING CLOTHING,IN CROSSWALK,,2022-03-08 13:10:00,30,CLEAR,DAYLIGHT,PEDESTRIAN,DIVIDED - W/MEDIAN (NOT RAISED),DRY,UNKNOWN,ON SCENE,INJURY AND / OR TOW DUE TO CRASH,Y,"$501 - $1,500",03/08/2022 02:00:00 PM,TURNING RIGHT ON RED,UNABLE TO DETERMINE,,2,NONINCAPACITATING INJURY,1.0,0.0,0.0,1.0,0.0,1.0,0.0,13,3,3,41.903079317,-87.677376575,POINT (-87.677376575093 41.903079316896),POINT (1162818.1387829809 1907954.7094065375),2022,2001 W DIVISION ST
O1344127,DRIVER,c8a1260b7e5d5b2c2208181d3ef7dfc329b98a70f776203b35813b62c30c16200e7f6174527b5315bfb2fc7830dca8b220f2a3e17d41b3930fe5f968a65e0ba7,1277059.0,F,23.0,NOT APPLICABLE,NONE,NO INDICATION OF INJURY,UNKNOWN,UNKNOWN,UNKNOWN,,,,,2022-05-24 21:39:00,30,CLEAR,"DARKNESS, LIGHTED ROAD",ANGLE,NOT DIVIDED,DRY,UNKNOWN,NOT ON SCENE (DESK REPORT),NO INJURY / DRIVE AWAY,,"OVER $1,500",05/24/2022 10:30:00 PM,UNABLE TO DETERMINE,UNABLE TO DETERMINE,,2,NO INDICATION OF INJURY,0.0,0.0,0.0,0.0,0.0,2.0,0.0,21,3,5,41.928800473,-87.70257695,POINT (-87.702576950377 41.92880047341),POINT (1155888.990372338 1917276.0723617573),2022,2602 N SACRAMENTO AVE
O1432005,DRIVER,a6152006ffa9a737857b10e4d7b57af8131fe6bdb9af7db97d9c6bcba89494cf3ecd760c9bc3caf0ff71d1d9a40f0286f0c48d8e5aa0022581e4d2fbab2f8c0e,1360913.0,F,37.0,NOT APPLICABLE,NONE,NONINCAPACITATING INJURY,WRONG WAY/SIDE,UNKNOWN,FATIGUED/ASLEEP,,,,,2022-10-02 03:15:00,30,CLEAR,DARKNESS,FIXED OBJECT,FOUR WAY,DRY,NO DEFECTS,ON SCENE,INJURY AND / OR TOW DUE TO CRASH,,$500 OR LESS,10/02/2022 03:15:00 AM,DRIVING ON WRONG SIDE/WRONG WAY,FAILING TO REDUCE SPEED TO AVOID CRASH,,1,NONINCAPACITATING INJURY,1.0,0.0,0.0,1.0,0.0,0.0,0.0,3,1,10,41.8868539,-87.764950751,POINT (-87.764950750638 41.886853900462),POINT (1139017.2927680328 1901872.0579780024),2022,337 N CENTRAL AVE
O1448742,DRIVER,4d11210ae9588c7c8e379140f862c0fee1f0a776604aa2736e98977bf374a214c0052b9bfee604441bd67d1520b6dcf7235cb5ed0ba37ecd27332ebf16e6d264,1376911.0,M,,DEPLOYMENT UNKNOWN,NONE,NO INDICATION OF INJURY,OTHER,UNKNOWN,UNKNOWN,,,,,2022-10-26 07:40:00,25,CLEAR,DAYLIGHT,TURNING,NOT DIVIDED,DRY,NO DEFECTS,NOT ON SCENE (DESK REPORT),NO INJURY / DRIVE AWAY,Y,"OVER $1,500",10/26/2022 09:45:00 AM,FAILING TO REDUCE SPEED TO AVOID CRASH,NOT APPLICABLE,,2,NO INDICATION OF INJURY,0.0,0.0,0.0,0.0,0.0,2.0,0.0,7,4,10,41.906618086,-87.673655447,POINT (-87.673655447279 41.906618086256),POINT (1163821.2127437582 1909252.0062780008),2022,1368 N WOLCOTT AVE
O1295796,DRIVER,d894b31585968eb4e7958043896f50227a7a18387379118d6c31ec1bc46acd2a4df85c02b01df3432936ad807edbb22abfe27039d7d88d7a840dd176fbc5116e,1230517.0,M,22.0,DID NOT DEPLOY,NONE,NO INDICATION OF INJURY,NONE,NOT OBSCURED,NORMAL,,,,,2022-03-10 18:17:00,30,SNOW,"DARKNESS, LIGHTED ROAD",TURNING,DIVIDED - W/MEDIAN BARRIER,WET,NO DEFECTS,ON SCENE,INJURY AND / OR TOW DUE TO CRASH,,"OVER $1,500",03/10/2022 06:21:00 PM,UNABLE TO DETERMINE,UNABLE TO DETERMINE,,2,NONINCAPACITATING INJURY,1.0,0.0,0.0,1.0,0.0,2.0,0.0,18,5,3,41.975233588,-87.747783884,POINT (-87.747783883995 41.975233587862),POINT (1143471.8018735999 1934109.1777880087),2022,4755 W FOSTER AVE
O1270176,DRIVER,8d31b2320cea778e64f5ac19b99a2179a3216309b08a739d3dc19b02b354d847a5378f61f2ca7b872b85b8d2d41c1f49cd990c4c2aebe6627cc4095f741b5c5c,1205809.0,X,,DEPLOYMENT UNKNOWN,NONE,NO INDICATION OF INJURY,UNKNOWN,UNKNOWN,UNKNOWN,,,,,2022-01-26 21:20:00,35,CLEAR,"DARKNESS, LIGHTED ROAD",ANGLE,FOUR WAY,SNOW OR SLUSH,NO DEFECTS,ON SCENE,INJURY AND / OR TOW DUE TO CRASH,Y,"OVER $1,500",01/26/2022 09:40:00 PM,UNABLE TO DETERMINE,NOT APPLICABLE,,2,NO INDICATION OF INJURY,0.0,0.0,0.0,0.0,0.0,2.0,0.0,21,4,1,41.913946357,-87.746138253,POINT (-87.746138253093 41.913946356732),POINT (1144072.2737792763 1911779.028623872),2022,1820 N CICERO AVE
O1313813,DRIVER,97762b885e3771edcbd4221309c5ce7a167dc3b57f210cccafbd8b41b62b7d04139e78cea45b47c2aa72b334347d5980b77d7c6f6493585d6155f201ef7c155f,1247823.0,F,32.0,NOT APPLICABLE,NONE,NO INDICATION OF INJURY,OTHER,NOT OBSCURED,NORMAL,,,,,2022-04-08 14:00:00,30,RAIN,DAYLIGHT,SIDESWIPE SAME DIRECTION,DIVIDED - W/MEDIAN (NOT RAISED),WET,NO DEFECTS,NOT ON SCENE (DESK REPORT),NO INJURY / DRIVE AWAY,Y,"OVER $1,500",04/08/2022 02:38:00 PM,IMPROPER OVERTAKING/PASSING,IMPROPER LANE USAGE,,2,NO INDICATION OF INJURY,0.0,0.0,0.0,0.0,0.0,2.0,0.0,14,6,4,41.92519389,-87.668294363,POINT (-87.668294363399 41.92519388981),POINT (1165228.0733427836 1916032.319168829),2022,2400 N ASHLAND AVE
O1284229,DRIVER,4313e8f26e5ee275d28d6f5ca4639d34b40bd2924943a75584ab00f6418254ea9e4f3ce20a24f560c7cdc08deb943fb08c39e5a4dd0a88b6d22528838e962851,1219375.0,M,30.0,DID NOT DEPLOY,NONE,NO INDICATION OF INJURY,NONE,NOT OBSCURED,NORMAL,,,,,2022-02-18 17:25:00,30,CLEAR,DAYLIGHT,SIDESWIPE OPPOSITE DIRECTION,NOT DIVIDED,DRY,NO DEFECTS,ON SCENE,NO INJURY / DRIVE AWAY,,$500 OR LESS,02/18/2022 05:36:00 PM,IMPROPER LANE USAGE,NOT APPLICABLE,,2,NO INDICATION OF INJURY,0.0,0.0,0.0,0.0,0.0,2.0,0.0,17,6,2,41.767168575,-87.690500763,POINT (-87.690500762816 41.767168574683),POINT (1159616.0131276865 1858402.3467371317),2022,6935 S WASHTENAW AVE
O1381463,DRIVER,46b4f54694654cdae7e4df5bb4d41081577ce062dec4bd672b51303f72e9c0d93682e4775bde0cd3ea8b36c13f75d9a5b833570ccab495b933167776a748707c,1312668.0,F,36.0,DID NOT DEPLOY,NONE,NO INDICATION OF INJURY,NONE,NOT OBSCURED,NORMAL,,,,,2022-07-19 10:50:00,30,CLEAR,DAYLIGHT,SIDESWIPE SAME DIRECTION,DIVIDED - W/MEDIAN (NOT RAISED),DRY,NO DEFECTS,NOT ON SCENE (DESK REPORT),NO INJURY / DRIVE AWAY,,"OVER $1,500",07/19/2022 11:00:00 AM,IMPROPER LANE USAGE,NOT APPLICABLE,,2,NO INDICATION OF INJURY,0.0,0.0,0.0,0.0,0.0,4.0,0.0,10,3,7,41.984776569,-87.768156351,POINT (-87.768156351471 41.984776569097),POINT (1137909.1839509306 1937549.4759514648),2022,5701 N CENTRAL AVE
O1432459,DRIVER,7f3ac8b05e1ff80836dfa0a2ccbee5fee18d66a8d319c6e2dab3bffc3d2ce94b7bdcea98c352938f5636d4b7ac2cd1591f6c28b69025af87af39943fd46ad5c3,1361341.0,X,,DEPLOYMENT UNKNOWN,NONE,NO INDICATION OF INJURY,UNKNOWN,UNKNOWN,UNKNOWN,,,,,2022-10-02 20:00:00,25,CLEAR,"DARKNESS, LIGHTED ROAD",PARKED MOTOR VEHICLE,ONE-WAY,DRY,NO DEFECTS,NOT ON SCENE (DESK REPORT),INJURY AND / OR TOW DUE TO CRASH,Y,"OVER $1,500",10/02/2022 09:30:00 PM,UNABLE TO DETERMINE,UNABLE TO DETERMINE,,2,NO INDICATION OF INJURY,0.0,0.0,0.0,0.0,0.0,1.0,0.0,20,1,10,41.775369018,-87.707026007,POINT (-87.707026006732 41.775369018316),POINT (1155086.1122756822 1861357.261292621),2022,3338 W 65TH ST
O1467027,DRIVER,2f559eb93394cf744983491c7a53ff545e94f6e6bab548877f4338c8c10167c6b0d0f0a931f6909ab47ae3b6a2cc8cc20c6871496212d33886abf62ef063e2df,1394390.0,M,,DEPLOYMENT UNKNOWN,NONE,NO INDICATION OF INJURY,UNKNOWN,UNKNOWN,UNKNOWN,,,,,2022-11-22 08:21:00,25,CLEAR,DAYLIGHT,SIDESWIPE OPPOSITE DIRECTION,NOT DIVIDED,DRY,NO DEFECTS,ON SCENE,NO INJURY / DRIVE AWAY,Y,$500 OR LESS,11/22/2022 08:21:00 AM,UNABLE TO DETERMINE,NOT APPLICABLE,,2,NO INDICATION OF INJURY,0.0,0.0,0.0,0.0,0.0,2.0,0.0,8,3,11,41.956485459,-87.784768228,POINT (-87.784768228382 41.956485458723),POINT (1133458.7760204987 1927210.7248218607),2022,6313 W BERTEAU AVE
O1338234,DRIVER,799fe18e93af4709eb6820cb7eb33370ea12a043a10ec748e913e60fba09fd1f34ff8add0bdce631f2c03d1be9b382cc097f93c743d8589a06382a4dc973c453,1271292.0,X,,DEPLOYMENT UNKNOWN,NONE,NO INDICATION OF INJURY,UNKNOWN,UNKNOWN,UNKNOWN,,,,,2022-05-14 20:15:00,30,UNKNOWN,UNKNOWN,SIDESWIPE SAME DIRECTION,DIVIDED - W/MEDIAN (NOT RAISED),UNKNOWN,UNKNOWN,NOT ON SCENE (DESK REPORT),NO INJURY / DRIVE AWAY,Y,"$501 - $1,500",05/15/2022 07:40:00 PM,UNABLE TO DETERMINE,NOT APPLICABLE,,2,NO INDICATION OF INJURY,0.0,0.0,0.0,0.0,0.0,2.0,0.0,20,7,5,41.924893513,-87.699990978,POINT (-87.699990978289 41.924893512632),POINT (1156603.194146573 1915857.5568879442),2022,2902 W FULLERTON AVE
O1301205,DRIVER,64ad05589960de2195d111c2bf70ed8921a3c63a2fdc74df46227a304697ec46f008f2dbbff44bd006cd1896bb28a23d551514cb285b2a73a8f9cd7f252a907c,1235671.0,X,,DEPLOYMENT UNKNOWN,NONE,NO INDICATION OF INJURY,UNKNOWN,UNKNOWN,UNKNOWN,,,,,2022-03-19 02:55:00,30,RAIN,"DARKNESS, LIGHTED ROAD",FIXED OBJECT,FOUR WAY,WET,NO DEFECTS,ON SCENE,INJURY AND / OR TOW DUE TO CRASH,Y,"OVER $1,500",03/19/2022 03:16:00 AM,NOT APPLICABLE,NOT APPLICABLE,,1,NO INDICATION OF INJURY,0.0,0.0,0.0,0.0,0.0,1.0,0.0,2,7,3,41.885828447,-87.662299389,POINT (-87.662299389219 41.885828446802),POINT (1166971.7177510106 1901700.2401883467),2022,201 N OGDEN AVE