PERSON_ID,PERSON_TYPE,CRASH_RECORD_ID,VEHICLE_ID,SEX,AGE,AIRBAG_DEPLOYED,EJECTION,INJURY_CLASSIFICATION,DRIVER_ACTION,DRIVER_VISION,PHYSICAL_CONDITION,PEDPEDAL_ACTION,PEDPEDAL_VISIBILITY,PEDPEDAL_LOCATION,CRASH_DATE_EST_I,CRASH_DATE,POSTED_SPEED_LIMIT,WEATHER_CONDITION,LIGHTING_CONDITION,FIRST_CRASH_TYPE,TRAFFICWAY_TYPE,ROADWAY_SURFACE_COND,ROAD_DEFECT,REPORT_TYPE,CRASH_TYPE,HIT_AND_RUN_I,DAMAGE,DATE_POLICE_NOTIFIED,PRIM_CONTRIBUTORY_CAUSE,SEC_CONTRIBUTORY_CAUSE,DOORING_I,NUM_UNITS,MOST_SEVERE_INJURY,INJURIES_TOTAL,INJURIES_FATAL,INJURIES_INCAPACITATING,INJURIES_NON_INCAPACITATING,INJURIES_REPORTED_NOT_EVIDENT,INJURIES_NO_INDICATION,INJURIES_UNKNOWN,CRASH_HOUR,CRASH_DAY_OF_WEEK,CRASH_MONTH,LATITUDE,LONGITUDE,LOCATION,geometry,YEAR,ADDRESS
O1384486,DRIVER,0ce54d8f1e0d4a0e14766e0464ff6e317d23ddf608bb93ba1b205a3685781d462edd1082c843dfe031e413ec26e0f0d464239e19233b5a4a812f60c9fae72755,1315482.0,F,22.0,DID NOT DEPLOY,NONE,NO INDICATION OF INJURY,UNKNOWN,NOT OBSCURED,NORMAL,,,,,2022-07-23 13:14:00,30,UNKNOWN,DAYLIGHT,SIDESWIPE SAME DIRECTION,NOT DIVIDED,WET,UNKNOWN,ON SCENE,INJURY AND / OR TOW DUE TO CRASH,Y,"$501 - $1,500",07/23/2022 01:14:00 PM,DRIVING SKILLS/KNOWLEDGE/EXPERIENCE,NOT APPLICABLE,,2,NONINCAPACITATING INJURY,2.0,0.0,0.0,2.0,0.0,2.0,0.0,13,7,7,41.76560969,-87.614782878,POINT (-87.614782878399 41.765609689841),POINT (1180276.8667581303 1857997.771808854),2022,411 E 71ST ST
O1362568,DRIVER,405987851d2eb08c12773df41ccc9ddcdcf31007f0fb2048ab06535062db0bbad633bc67e036d00b285c09a27e69537778048199a0ab01d36e8a93d8ef67263e,1294695.0,M,26.0,DID NOT DEPLOY,NONE,NO INDICATION OF INJURY,UNKNOWN,UNKNOWN,NORMAL,,,,,2022-06-20 13:30:00,20,CLEAR,DAYLIGHT,ANGLE,FOUR WAY,DRY,NO DEFECTS,NOT ON SCENE (DESK REPORT),NO INJURY / DRIVE AWAY,,"OVER $1,500",06/20/2022 02:30:00 PM,UNABLE TO DETERMINE,UNABLE TO DETERMINE,,2,NO INDICATION OF INJURY,0.0,0.0,0.0,0.0,0.0,3.0,0.0,13,2,6,41.957597852,-87.713084878,POINT (-87.713084878317 41.957597851965),POINT (1152953.6690049546 1927749.0499984543),2022,3400 W BERTEAU AVE
P290232,PASSENGER,0be45cc80197bc86f0cb44a93171a18e4a42bacedd6940aedaae84c5635ea898c569726e6a656760a00fe6cc10a4d2027169e884ec1f597b1c5ca8142f443af4,1238386.0,F,,DID NOT DEPLOY,NONE,NO INDICATION OF INJURY,,,,,,,,2022-03-23 16:30:00,30,RAIN,DAWN,SIDESWIPE SAME DIRECTION,NOT DIVIDED,WET,NO DEFECTS,NOT ON SCENE (DESK REPORT),NO INJURY / DRIVE AWAY,,"$501 - $1,500",03/23/2022 06:10:00 PM,IMPROPER OVERTAKING/PASSING,IMPROPER OVERTAKING/PASSING,,2,NO INDICATION OF INJURY,0.0,0.0,0.0,0.0,0.0,3.0,0.0,16,4,3,41.663585976,-87.619889182,POINT (-87.61988918223 41.663585975856),POINT (1179191.8648480016 1820809.86275265),2022,100 E 127TH ST
O1279816,DRIVER,8709a40b769774969a5bc70b70c69232c8eee16acd693d45557571295a5846fb8affaf1fb1f116d4528219c988d2255ec8bc7c66b133c40b4c1e67dbf239ea3c,1215548.0,M,27.0,DID NOT DEPLOY,NONE,NO INDICATION OF INJURY,IMPROPER PASSING,UNKNOWN,NORMAL,,,,,2022-02-11 13:30:00,30,CLEAR,DAYLIGHT,TURNING,FOUR WAY,SNOW OR SLUSH,UNKNOWN,ON SCENE,INJURY AND / OR TOW DUE TO CRASH,,"OVER $1,500",02/11/2022 01:33:00 PM,IMPROPER LANE USAGE,NOT APPLICABLE,,2,NO INDICATION OF INJURY,0.0,0.0,0.0,0.0,0.0,4.0,0.0,13,6,2,41.756692861,-87.603034882,POINT (-87.603034882234 41.756692860947),POINT (1183509.4278707574 1854775.5433985791),2022,7600 S DREXEL AVE
P324456,PASSENGER,ebd2d23b6a2a2282147e0237149a86b670fc8be21c0efe92a7c495668681b0cc073d63d8654c56aabc6773f08496c0b82f27924538ac3af33d5a7f820cb6c045,1391126.0,,,NOT APPLICABLE,NONE,NO INDICATION OF INJURY,,,,,,,,2022-11-17 07:50:00,30,CLOUDY/OVERCAST,DAYLIGHT,REAR END,DIVIDED - W/MEDIAN (NOT RAISED),UNKNOWN,UNKNOWN,NOT ON SCENE (DESK REPORT),NO INJURY / DRIVE AWAY,,"$501 - $1,500",11/17/2022 08:20:00 AM,UNABLE TO DETERMINE,NOT APPLICABLE,,2,NO INDICATION OF INJURY,0.0,0.0,0.0,0.0,0.0,3.0,0.0,7,5,11,41.895261589,-87.725652974,POINT (-87.725652973901 41.895261589138),POINT (1149696.1954223474 1905009.138526014),2022,3951 W CHICAGO AVE
O1462806,DRIVER,38c1b77920836b1810e73f7d0f8c971dd70c99b11f22ac5707d0308a231f6578d895506c457f74345eac0ccd0b8ebaa8b50721a533421848a2dd1e6c648eb518,1390316.0,M,49.0,NOT APPLICABLE,NONE,NO INDICATION OF INJURY,NONE,NOT OBSCURED,NORMAL,,,,,2022-11-15 23:59:00,30,CLEAR,"DARKNESS, LIGHTED ROAD",REAR END,NOT DIVIDED,WET,NO DEFECTS,ON SCENE,INJURY AND / OR TOW DUE TO CRASH,Y,"OVER $1,500",11/15/2022 11:59:00 PM,IMPROPER OVERTAKING/PASSING,WEATHER,,3,NO INDICATION OF INJURY,0.0,0.0,0.0,0.0,0.0,3.0,0.0,23,3,11,41.707080648,-87.638712448,POINT (-87.638712448045 41.707080647613),POINT (1173920.7665605713 1836616.7385853138),2022,616 W 103RD ST
O1344580,DRIVER,325972cefb414a50426be27108081f3091c8c0d0b81e5f1ac8883d68a269c94ba2e97f82e9dd0ecfc8cf87e10829098b96cd141608d358ea609d1979a7073e9d,1277455.0,F,33.0,DEPLOYMENT UNKNOWN,NONE,NO INDICATION OF INJURY,UNKNOWN,UNKNOWN,NORMAL,,,,,2022-05-25 16:33:00,30,RAIN,DAYLIGHT,ANGLE,NOT DIVIDED,WET,NO DEFECTS,ON SCENE,INJURY AND / OR TOW DUE TO CRASH,,"OVER $1,500",05/25/2022 04:38:00 PM,UNABLE TO DETERMINE,UNABLE TO DETERMINE,,3,NO INDICATION OF INJURY,0.0,0.0,0.0,0.0,0.0,3.0,0.0,16,4,5,41.703109898,-87.657542474,POINT (-87.657542473862 41.703109898326),POINT (1168790.431222845 1835128.932536828),2022,10500 S VINCENNES AVE
O1316782,DRIVER,1b6de3889371e19e96a1363107615401e05df444a7d8e009eecb8a109a8e840d9d05cff5fc7ec450526dd98f4d52ff7ab0e291f4c6e5f84d1774f8db272108a7,1250638.0,M,,DEPLOYMENT UNKNOWN,NONE,NO INDICATION OF INJURY,UNKNOWN,UNKNOWN,UNKNOWN,,,,,2022-04-13 15:05:00,30,RAIN,DAYLIGHT,PARKED MOTOR VEHICLE,PARKING LOT,WET,UNKNOWN,ON SCENE,NO INJURY / DRIVE AWAY,Y,"OVER $1,500",04/13/2022 04:00:00 PM,UNABLE TO DETERMINE,UNABLE TO DETERMINE,,2,NO INDICATION OF INJURY,0.0,0.0,0.0,0.0,0.0,1.0,0.0,15,4,4,41.692659106,-87.626089295,POINT (-87.626089294733 41.692659105731),POINT (1177410.7746698589 1831389.758664462),2022,104 W 111TH ST
O1426310,DRIVER,eb64e0557e02817aef8a9fb6c62fdfbe136a613bb27a0518e144fcc2028ef492348c009c2d1d39d3c603da262af1fd3c70765c6f9498d1dd5e3c1a02bc5fd8e0,1355466.0,X,,DEPLOYMENT UNKNOWN,UNKNOWN,NO INDICATION OF INJURY,IMPROPER PASSING,UNKNOWN,UNKNOWN,,,,,2022-09-23 21:33:00,30,CLEAR,"DARKNESS, LIGHTED ROAD",TURNING,NOT DIVIDED,DRY,UNKNOWN,ON SCENE,INJURY AND / OR TOW DUE TO CRASH,Y,"OVER $1,500",09/23/2022 09:33:00 PM,IMPROPER OVERTAKING/PASSING,IMPROPER OVERTAKING/PASSING,,2,NO INDICATION OF INJURY,0.0,0.0,0.0,0.0,0.0,2.0,0.0,21,6,9,41.966520401,-87.759758508,POINT (-87.759758507524 41.96652040058),POINT (1140236.9241704175 1930912.0289876806),2022,4742 N MILWAUKEE AVE
P316823,PASSENGER,df2c51e7f8379f17a6a9f1d7419369ca70616d72719294ec4623aa49bb566c07ac52df23c924c6b62408318d465e138551e555ff85d416ec569646a7ce8606f6,1355929.0,M,23.0,NOT APPLICABLE,NONE,NO INDICATION OF INJURY,,,,,,,,2022-09-24 14:04:00,30,CLEAR,DAYLIGHT,PARKED MOTOR VEHICLE,ONE-WAY,DRY,NO DEFECTS,ON SCENE,INJURY AND / OR TOW DUE TO CRASH,,$500 OR LESS,09/24/2022 02:04:00 PM,UNABLE TO DETERMINE,UNABLE TO DETERMINE,,2,NO INDICATION OF INJURY,0.0,0.0,0.0,0.0,0.0,2.0,0.0,14,7,9,41.765896468,-87.638223284,POINT (-87.638223284181 41.765896467911),POINT (1173881.2373662614 1858049.721742751),2022,7041 S PARNELL AVE
O1449459,DRIVER,57326079253a58868d2b0ff87c31dbf35ea3021e2b263e2df306367ec29e76e985cf1c94de2886121ad3c65c207f48801e49235a5ff3e809ac802eeb05fde353,1377608.0,F,26.0,NOT APPLICABLE,NONE,NO INDICATION OF INJURY,NONE,NOT OBSCURED,NORMAL,,,,,2022-10-27 07:48:00,25,CLEAR,DAYLIGHT,ANGLE,TRAFFIC ROUTE,DRY,NO DEFECTS,ON SCENE,INJURY AND / OR TOW DUE TO CRASH,,"OVER $1,500",10/27/2022 07:48:00 AM,FAILING TO YIELD RIGHT-OF-WAY,NOT APPLICABLE,,2,NO INDICATION OF INJURY,0.0,0.0,0.0,0.0,0.0,2.0,0.0,7,5,10,41.74504813,-87.64645378,POINT (-87.646453779561 41.745048129853),POINT (1171696.538385852 1850434.731420115),2022,8200 S PEORIA ST
O1273662,DRIVER,67acf5c7c7932e7dc069b377ad15b9bf46828151b375a2cf882f169b3214aa272b74f80269e3232c5b45cfd1e92f0d9cfa830236ea559859b07db2674cc5f91a,1209182.0,M,64.0,DID NOT DEPLOY,NONE,NO INDICATION OF INJURY,NONE,NOT OBSCURED,NORMAL,,,,,2022-02-01 13:49:00,30,RAIN,DAYLIGHT,SIDESWIPE SAME DIRECTION,NOT DIVIDED,WET,NO DEFECTS,ON SCENE,NO INJURY / DRIVE AWAY,Y,$500 OR LESS,02/01/2022 01:59:00 PM,FAILING TO YIELD RIGHT-OF-WAY,UNABLE TO DETERMINE,,2,NO INDICATION OF INJURY,0.0,0.0,0.0,0.0,0.0,3.0,0.0,13,3,2,41.778699475,-87.728439089,POINT (-87.72843908856 41.778699475135),POINT (1149236.763731077 1862529.043041436),2022,4216 W 63RD ST
O1295406,DRIVER,1eccce0c6e569bfd1f095115fa48328094576fc838f8d84d3ade2d8278cf0577da1a28bededd2c85cef0fdad0144a4d0cef964fa249e055a01e5db7a6b98c53c,1230136.0,F,40.0,DEPLOYMENT UNKNOWN,NONE,NONINCAPACITATING INJURY,OTHER,UNKNOWN,NORMAL,,,,,2022-03-09 13:45:00,30,CLEAR,DAYLIGHT,ANGLE,NOT DIVIDED,DRY,NO DEFECTS,ON SCENE,INJURY AND / OR TOW DUE TO CRASH,,"OVER $1,500",03/09/2022 01:58:00 PM,FAILING TO YIELD RIGHT-OF-WAY,FAILING TO YIELD RIGHT-OF-WAY,,3,NONINCAPACITATING INJURY,3.0,0.0,0.0,2.0,1.0,1.0,0.0,13,4,3,41.965154293,-87.83683412,POINT (-87.836834120058 41.965154292567),POINT (1119278.5983442839 1930283.321122668),2022,4708 N CUMBERLAND AVE
P311377,PASSENGER,d233ffbd2c854d8103bae4111e3234976e4d77a8b645eba95f303a58c8eac8cc19aabf4ac7d17bfa78a47bb258d3e4ecac5b16d7533cb6792f78ad0c9c09a1b8,1331267.0,M,34.0,DEPLOYMENT UNKNOWN,NONE,NO INDICATION OF INJURY,,,,,,,,2022-08-18 00:30:00,30,CLEAR,DARKNESS,SIDESWIPE SAME DIRECTION,NOT DIVIDED,DRY,NO DEFECTS,NOT ON SCENE (DESK REPORT),NO INJURY / DRIVE AWAY,,"OVER $1,500",08/18/2022 03:27:00 AM,UNABLE TO DETERMINE,UNABLE TO DETERMINE,,2,NO INDICATION OF INJURY,0.0,0.0,0.0,0.0,0.0,3.0,0.0,0,5,8,41.830223541,-87.724351954,POINT (-87.724351954456 41.830223541014),POINT (1150218.5204632985 1881311.956250445),2022,3500 S PULASKI RD
O1312848,DRIVER,71cdeb876517532264c6bc42b82c9ba90492f5b20370d414581a5f9d61eb93eb378fb271188b096ee2d2ae670d6733ef901106082f4b456f9e26d7649c93e5cc,1246887.0,M,,DEPLOYMENT UNKNOWN,UNKNOWN,NO INDICATION OF INJURY,UNKNOWN,UNKNOWN,UNKNOWN,,,,,2022-04-06 19:43:00,35,CLEAR,DAWN,PARKED MOTOR VEHICLE,NOT DIVIDED,DRY,NO DEFECTS,ON SCENE,NO INJURY / DRIVE AWAY,,"OVER $1,500",04/06/2022 07:43:00 PM,UNABLE TO DETERMINE,UNABLE TO DETERMINE,,5,NO INDICATION OF INJURY,0.0,0.0,0.0,0.0,0.0,1.0,0.0,19,4,4,41.792545917,-87.620937511,POINT (-87.620937510855 41.792545916972),POINT (1178516.5038447948 1867799.1771908195),2022,5610 S INDIANA AVE
P290941,PASSENGER,0fc70dcdfc30acc10a927a0eb191fb2b53ddb154b4ab41adf0149a545df99aca2d83bd2e836b16ee52906337b1f9538150175a9c854e7cca9116060fcdd7e556,1241841.0,M,4.0,NOT APPLICABLE,NONE,NO INDICATION OF INJURY,,,,,,,,2022-03-17 15:30:00,30,RAIN,DAYLIGHT,FIXED OBJECT,DIVIDED - W/MEDIAN (NOT RAISED),WET,"RUT, HOLES",NOT ON SCENE (DESK REPORT),NO INJURY / DRIVE AWAY,,"$501 - $1,500",03/29/2022 05:31:00 PM,NOT APPLICABLE,NOT APPLICABLE,,1,NO INDICATION OF INJURY,0.0,0.0,0.0,0.0,0.0,3.0,0.0,15,5,3,41.87345089,-87.675789972,POINT (-87.675789971671 41.873450889874),POINT (1163332.7871219628 1897161.436379275),2022,1964 W OGDEN AVE
P285464,PASSENGER,cc05e7822885d53413753e05c637250b6d68aa3b9e51894f501c1c3f8b4f7b0e421675f557989197fa9feb60904ea70b7f9e9cd36dd8e8fdb711df5f3962a187,1216058.0,F,70.0,DID NOT DEPLOY,NONE,NO INDICATION OF INJURY,,,,,,,,2022-02-12 12:20:00,30,CLEAR,DAYLIGHT,SIDESWIPE SAME DIRECTION,NOT DIVIDED,DRY,NO DEFECTS,NOT ON SCENE (DESK REPORT),NO INJURY / DRIVE AWAY,,"OVER $1,500",02/12/2022 12:37:00 PM,DRIVING SKILLS/KNOWLEDGE/EXPERIENCE,UNABLE TO DETERMINE,,2,NO INDICATION OF INJURY,0.0,0.0,0.0,0.0,0.0,5.0,0.0,12,7,2,41.67998502,-87.680931587,POINT (-87.680931586739 41.679985019798),POINT (1162467.2760073554 1826653.2767365123),2022,11730 S WESTERN AVE
O1403944,DRIVER,9aa7343b7fb40c0df926b4c4c96bcf80d425a3a57f61d229a638bd3cb6a5bf8eb5c9da6b3876abb441e581ac1f13823daacda802115489f16309f657681d49ce,1334120.0,F,33.0,DID NOT DEPLOY,NONE,"REPORTED, NOT EVIDENT",NONE,NOT OBSCURED,NORMAL,,,,,2022-08-22 17:25:00,30,CLEAR,DAYLIGHT,TURNING,NOT DIVIDED,DRY,NO DEFECTS,ON SCENE,INJURY AND / OR TOW DUE TO CRASH,,"OVER $1,500",08/22/2022 05:51:00 PM,IMPROPER TURNING/NO SIGNAL,FAILING TO YIELD RIGHT-OF-WAY,,2,"REPORTED, NOT EVIDENT",1.0,0.0,0.0,0.0,1.0,1.0,0.0,17,2,8,41.751445664,-87.585781929,POINT (-87.585781928882 41.751445664349),POINT (1188233.4812574505 1852903.9417715245),2022,7898 S SOUTH CHICAGO AVE
O1369849,DRIVER,0bc5f99ccbc87467ab39777c469bad69d222e5ebcf8855ab4905c1d79ccf7f99bdffe5a909077c86fc7e5c63c049737062ff7e00f608481941f30a5cd754be8e,1301610.0,F,24.0,DID NOT DEPLOY,NONE,NO INDICATION OF INJURY,UNKNOWN,UNKNOWN,NORMAL,,,,,2022-06-30 17:00:00,30,CLEAR,DAYLIGHT,REAR END,ONE-WAY,UNKNOWN,UNKNOWN,NOT ON SCENE (DESK REPORT),NO INJURY / DRIVE AWAY,,"$501 - $1,500",06/30/2022 07:00:00 PM,UNABLE TO DETERMINE,NOT APPLICABLE,,2,NO INDICATION OF INJURY,0.0,0.0,0.0,0.0,0.0,4.0,0.0,17,5,6,42.011082428,-87.698649403,POINT (-87.698649402593 42.011082428444),POINT (1156735.6186942374 1947267.8582680686),2022,2733 W FITCH AVE
O1349459,DRIVER,88f42c158a4d03b896eb5996daa5de4a3b5f44b51c9c6153a2cdb3569206e02d11c92ea505aa99d528b673aff3e9b216809b8e79c6cb893f0f8cae3905564b6d,1282143.0,F,36.0,DID NOT DEPLOY,NONE,NO INDICATION OF INJURY,NONE,NOT OBSCURED,NORMAL,,,,,2022-06-01 16:00:00,30,CLEAR,DAYLIGHT,TURNING,DIVIDED - W/MEDIAN (NOT RAISED),DRY,NO DEFECTS,ON SCENE,INJURY AND / OR TOW DUE TO CRASH,,"OVER $1,500",06/01/2022 05:09:00 PM,DRIVING SKILLS/KNOWLEDGE/EXPERIENCE,DRIVING SKILLS/KNOWLEDGE/EXPERIENCE,,2,NO INDICATION OF INJURY,0.0,0.0,0.0,0.0,0.0,4.0,0.0,16,4,6,41.74488803,-87.540491994,POINT (-87.540491994281 41.744888030048),POINT (1200613.7997973769 1850625.0236346107),2022,3432 E 83RD ST
O1425443,DRIVER,efff8af1e4e42d071d56e2436f36c86586296e56b88b051df9c8b4cb71e8afe1729d4eac849190e3aab8a36d23180a122dd3ccdd5a97a7ce8b77dbc7e2964e91,1354636.0,F,40.0,DID NOT DEPLOY,NONE,NO INDICATION OF INJURY,NONE,UNKNOWN,NORMAL,,,,,2022-09-22 16:15:00,30,CLEAR,DAYLIGHT,REAR END,NOT DIVIDED,DRY,NO DEFECTS,ON SCENE,NO INJURY / DRIVE AWAY,,"OVER $1,500",09/22/2022 04:19:00 PM,FOLLOWING TOO CLOSELY,NOT APPLICABLE,,2,NO INDICATION OF INJURY,0.0,0.0,0.0,0.0,0.0,2.0,0.0,16,5,9,41.702606439,-87.540243751,POINT (-87.540243750756 41.702606438716),POINT (1200823.489988288 1835218.6467369285),2022,10602 S AVENUE O
O1270986,DRIVER,904a4ba1b7ff9d3233175650d0556236d15104b798fc7c20ee5363ecd0d5d1856edd145e14861e8256b6ab7547de24219b99f8923eb45bc9d57e9a8460fdc9f1,1206588.0,M,31.0,NOT APPLICABLE,NONE,NO INDICATION OF INJURY,UNKNOWN,UNKNOWN,UNKNOWN,,,,,2022-01-28 08:55:00,35,SNOW,DAYLIGHT,REAR END,NOT DIVIDED,SNOW OR SLUSH,NO DEFECTS,NOT ON SCENE (DESK REPORT),NO INJURY / DRIVE AWAY,,"OVER $1,500",01/28/2022 09:45:00 AM,UNABLE TO DETERMINE,UNABLE TO DETERMINE,,2,NO INDICATION OF INJURY,0.0,0.0,0.0,0.0,0.0,2.0,0.0,8,6,1,42.002605076,-87.660638114,POINT (-87.660638114337 42.002605075607),POINT (1167090.1231788758 1944257.534933841),2022,6601 N SHERIDAN RD
O1446732,DRIVER,0bfed4143b4ca741453e4d134fda864698bdf6737eadc70449da2a028f759108b9d2a089d8c6b9da8e3dc1d4d23820776f52346a130250e2eda4845ae2e81228,1375001.0,M,43.0,"DEPLOYED, SIDE",NONE,NONINCAPACITATING INJURY,NONE,NOT OBSCURED,EMOTIONAL,,,,,2022-10-23 15:30:00,30,CLEAR,DAYLIGHT,ANGLE,UNKNOWN INTERSECTION TYPE,DRY,NO DEFECTS,ON SCENE,INJURY AND / OR TOW DUE TO CRASH,Y,"OVER $1,500",10/23/2022 03:59:00 PM,UNABLE TO DETERMINE,FAILING TO REDUCE SPEED TO AVOID CRASH,,2,NONINCAPACITATING INJURY,3.0,0.0,0.0,3.0,0.0,1.0,0.0,15,1,10,41.728472835,-87.659347196,POINT (-87.659347195733 41.728472835474),POINT (1168225.2604415386 1844367.0371862124),2022,9100 S BISHOP ST
O1257485,DRIVER,0ed60c9a5d981747217cea1e9a182b8151187ba4ae323de3e92c0136b95b0e9b6a462db6a52b40354710648963d29e6b299526d3c57c3aa5d6e38c181eba9de9,1193613.0,M,49.0,DID NOT DEPLOY,NONE,NO INDICATION OF INJURY,IMPROPER BACKING,UNKNOWN,NORMAL,,,,,2022-01-04 15:10:00,10,CLEAR,DAYLIGHT,PARKED MOTOR VEHICLE,PARKING LOT,DRY,UNKNOWN,ON SCENE,NO INJURY / DRIVE AWAY,,"$501 - $1,500",01/04/2022 03:15:00 PM,DRIVING SKILLS/KNOWLEDGE/EXPERIENCE,NOT APPLICABLE,,2,NO INDICATION OF INJURY,0.0,0.0,0.0,0.0,0.0,1.0,0.0,15,3,1,41.815373515,-87.664994921,POINT (-87.664994920672 41.815373515032),POINT (1166437.5399404117 1876020.9409324785),2022,4317 S ASHLAND AVE
O1491310,DRIVER,f2c3706f65ad53961cf9f768fd43e18a9d71dea85591e544906a3e9d7830f548c6e715cf7f3e7577a6cf91a2fc368e08b732621df97ea8c633d18d4a951b1fcc,1417660.0,F,,DEPLOYMENT UNKNOWN,NONE,NO INDICATION OF INJURY,UNKNOWN,UNKNOWN,UNKNOWN,,,,,2022-12-31 15:50:00,30,CLOUDY/OVERCAST,DAYLIGHT,SIDESWIPE SAME DIRECTION,NOT DIVIDED,DRY,NO DEFECTS,NOT ON SCENE (DESK REPORT),NO INJURY / DRIVE AWAY,Y,"OVER $1,500",12/31/2022 04:20:00 PM,UNABLE TO DETERMINE,UNABLE TO DETERMINE,,2,NO INDICATION OF INJURY,0.0,0.0,0.0,0.0,0.0,4.0,0.0,15,7,12,41.721137664,-87.584833567,POINT (-87.584833566538 41.721137663718),POINT (1188588.3118396027 1841862.2402486473),2022,9535 S STONY ISLAND AVE
O1430117,DRIVER,2349e6c03cc4cb2763c266dc02082d6074df2c5400f1e9c25a7ca17376195a307a5522d156c030460721502bf8ea7d515ec68a120d3dd41cdeaf7e62a2f194ed,1359102.0,M,,DID NOT DEPLOY,NONE,NO INDICATION OF INJURY,OTHER,UNKNOWN,UNKNOWN,,,,,2022-09-29 15:40:00,30,CLEAR,DAYLIGHT,ANGLE,NOT DIVIDED,DRY,NO DEFECTS,NOT ON SCENE (DESK REPORT),NO INJURY / DRIVE AWAY,,"OVER $1,500",09/29/2022 05:01:00 PM,NOT APPLICABLE,NOT APPLICABLE,,2,NO INDICATION OF INJURY,0.0,0.0,0.0,0.0,0.0,2.0,0.0,15,5,9,41.755788596,-87.67343764,POINT (-87.673437639905 41.755788596164),POINT (1164302.7014458366 1854290.831302822),2022,7558 S DAMEN AVE
O1356071,DRIVER,e2bdf1d4e2eaa5783cf11cc0e10109502b54d6ffe95d6e39d35c3357ee0078a62bfa6ccd7626471314455c02d60faac82be358d16b313b30da6e68de881e6033,1288502.0,M,25.0,DID NOT DEPLOY,NONE,NO INDICATION OF INJURY,FAILED TO YIELD,UNKNOWN,NORMAL,,,,,2022-06-11 14:55:00,30,CLEAR,DAYLIGHT,TURNING,DIVIDED - W/MEDIAN BARRIER,DRY,NO DEFECTS,ON SCENE,NO INJURY / DRIVE AWAY,Y,"$501 - $1,500",06/11/2022 03:15:00 PM,FAILING TO YIELD RIGHT-OF-WAY,IMPROPER TURNING/NO SIGNAL,,2,NO INDICATION OF INJURY,0.0,0.0,0.0,0.0,0.0,4.0,0.0,14,7,6,41.878017727,-87.636487529,POINT (-87.636487529252 41.878017727458),POINT (1174023.4040821076 1898910.0381239003),2022,301 S LOWER WACKER DR
P312710,PASSENGER,23c36f69fc2435b824f3271c5322b0ffd3ef1f681485a1ca565456726be3d1d493b90add2d29e43090ff286452c79abb97bdd92eb9febdf7fbf5986e92bffc06,1337513.0,,,NOT APPLICABLE,NONE,NO INDICATION OF INJURY,,,,,,,,2022-08-27 18:46:00,25,CLEAR,DAYLIGHT,TURNING,NOT DIVIDED,DRY,NO DEFECTS,ON SCENE,NO INJURY / DRIVE AWAY,,"OVER $1,500",08/27/2022 06:46:00 PM,IMPROPER TURNING/NO SIGNAL,FAILING TO YIELD RIGHT-OF-WAY,,2,NO INDICATION OF INJURY,0.0,0.0,0.0,0.0,0.0,3.0,0.0,18,7,8,41.721970465,-87.60334804,POINT (-87.603348040077 41.721970465227),POINT (1183531.3076924696 1842122.3021084657),2022,9500 S COTTAGE GROVE AVE
O1387793,DRIVER,964973b18a7e2ee8ed3187ae2f81af4f737ed5b21a5f61d062a2df758d1e9d1b02e439bb2fa85fdb3472c8d07f6cebef7215f502bccffdeea885fc18236134e9,1318623.0,M,31.0,DID NOT DEPLOY,NONE,NO INDICATION OF INJURY,OTHER,UNKNOWN,NORMAL,,,,,2022-07-28 17:45:00,30,CLEAR,DAYLIGHT,REAR END,NOT DIVIDED,UNKNOWN,UNKNOWN,NOT ON SCENE (DESK REPORT),NO INJURY / DRIVE AWAY,,"$501 - $1,500",07/28/2022 06:02:00 PM,FOLLOWING TOO CLOSELY,UNABLE TO DETERMINE,,3,NO INDICATION OF INJURY,0.0,0.0,0.0,0.0,0.0,3.0,0.0,17,5,7,41.940028672,-87.653419533,POINT (-87.653419532928 41.940028672389),POINT (1169233.1339059435 1921469.8943126388),2022,950 W BELMONT AVE
P316551,PASSENGER,c084feebc3b1c6b7ce50bbe6f0d04cf69832139b81be8181a93e7b0ee96dffad1eb5c18278afc0f5fdb4c6dd9da46605f84174e85cb1632018c02c3c7e812517,1354845.0,M,,NOT APPLICABLE,NONE,NO INDICATION OF INJURY,,,,,,,,2022-09-20 19:00:00,25,RAIN,"DARKNESS, LIGHTED ROAD",REAR END,T-INTERSECTION,WET,UNKNOWN,NOT ON SCENE (DESK REPORT),NO INJURY / DRIVE AWAY,Y,$500 OR LESS,09/22/2022 09:00:00 PM,FOLLOWING TOO CLOSELY,UNABLE TO DETERMINE,,2,NO INDICATION OF INJURY,0.0,0.0,0.0,0.0,0.0,4.0,0.0,19,3,9,41.874514532,-87.72272579,POINT (-87.722725790336 41.874514531885),POINT (1150546.9430453812 1897454.5943835771),2022,3852 W CONGRESS PKWY
O1298463,DRIVER,d515a5fcaacd681d97261ddf584335486b9b2699681ab251a10fece1e8a782ffc2ab18cd95f13f4b68302edcb3eaa8d1005e475c7c893267b85d679bd4a61020,1233073.0,F,,DEPLOYMENT UNKNOWN,NONE,NO INDICATION OF INJURY,OTHER,UNKNOWN,UNKNOWN,,,,,2022-03-12 11:00:00,30,CLEAR,DAYLIGHT,SIDESWIPE SAME DIRECTION,NOT DIVIDED,DRY,NO DEFECTS,NOT ON SCENE (DESK REPORT),NO INJURY / DRIVE AWAY,,"$501 - $1,500",03/15/2022 09:00:00 AM,UNABLE TO DETERMINE,NOT APPLICABLE,,2,NO INDICATION OF INJURY,0.0,0.0,0.0,0.0,0.0,2.0,0.0,11,7,3,41.997438092,-87.764322011,POINT (-87.764322010577 41.997438091519),POINT (1138921.0042613447 1942170.302575544),2022,5412 W DEVON AVE