PERSON_ID,PERSON_TYPE,CRASH_RECORD_ID,VEHICLE_ID,SEX,AGE,AIRBAG_DEPLOYED,EJECTION,INJURY_CLASSIFICATION,DRIVER_ACTION,DRIVER_VISION,PHYSICAL_CONDITION,PEDPEDAL_ACTION,PEDPEDAL_VISIBILITY,PEDPEDAL_LOCATION,CRASH_DATE_EST_I,CRASH_DATE,POSTED_SPEED_LIMIT,WEATHER_CONDITION,LIGHTING_CONDITION,FIRST_CRASH_TYPE,TRAFFICWAY_TYPE,ROADWAY_SURFACE_COND,ROAD_DEFECT,REPORT_TYPE,CRASH_TYPE,HIT_AND_RUN_I,DAMAGE,DATE_POLICE_NOTIFIED,PRIM_CONTRIBUTORY_CAUSE,SEC_CONTRIBUTORY_CAUSE,DOORING_I,NUM_UNITS,MOST_SEVERE_INJURY,INJURIES_TOTAL,INJURIES_FATAL,INJURIES_INCAPACITATING,INJURIES_NON_INCAPACITATING,INJURIES_REPORTED_NOT_EVIDENT,INJURIES_NO_INDICATION,INJURIES_UNKNOWN,CRASH_HOUR,CRASH_DAY_OF_WEEK,CRASH_MONTH,LATITUDE,LONGITUDE,LOCATION,geometry,YEAR,ADDRESS
P327476,PASSENGER,d0fcdb907788521474f9269fa4ce6a98767456d8e5670e462be2e7db71e60b4eaccd8412b9efc8228cde6bac0435bde3447bec33ad05f6dd51487c171319515a,1405965.0,,,NOT APPLICABLE,NONE,NO INDICATION OF INJURY,,,,,,,,2022-12-12 07:48:00,30,RAIN,DAYLIGHT,TURNING,FOUR WAY,WET,NO DEFECTS,ON SCENE,NO INJURY / DRIVE AWAY,Y,"OVER $1,500",12/12/2022 08:01:00 AM,IMPROPER LANE USAGE,IMPROPER OVERTAKING/PASSING,,2,NO INDICATION OF INJURY,0.0,0.0,0.0,0.0,0.0,5.0,0.0,7,2,12,41.88198557,-87.725854585,POINT (-87.72585458505 41.88198557029),POINT (1149675.5533103629 1900170.9819714862),2022,100 N PULASKI RD
O1385330,DRIVER,2bd741b6e8c0e78c4db7d63e37312d0bc3cd6e943dee7fece6b105ce66cbfb670695c6d90360960a51b3922eefd04ccbd03da26e6563a3f369f824f7802f9dfe,1316288.0,F,35.0,DID NOT DEPLOY,NONE,NO INDICATION OF INJURY,NONE,UNKNOWN,NORMAL,,,,,2022-07-24 19:57:00,30,CLEAR,DARKNESS,ANGLE,FOUR WAY,DRY,UNKNOWN,ON SCENE,INJURY AND / OR TOW DUE TO CRASH,,"OVER $1,500",07/24/2022 08:00:00 PM,DRIVING ON WRONG SIDE/WRONG WAY,FAILING TO REDUCE SPEED TO AVOID CRASH,,2,NONINCAPACITATING INJURY,1.0,0.0,0.0,1.0,0.0,2.0,0.0,19,1,7,41.840945577,-87.707429981,POINT (-87.70742998124 41.840945577478),POINT (1154801.8954713047 1885252.1681005515),2022,3300 W 28TH ST
O1361091,DRIVER,39aaa295b9ccb7429fb41b8681625a6d53fee0b5b6a7900d2e6fb35075ac013b9ea41dd6b07897958fc2b50321f6677f45bc4b7d20c87d985fd36ccd124fa418,1293271.0,F,,DEPLOYMENT UNKNOWN,NONE,NO INDICATION OF INJURY,UNKNOWN,UNKNOWN,UNKNOWN,,,,,2022-06-18 11:40:00,30,CLEAR,DAYLIGHT,REAR END,NOT DIVIDED,UNKNOWN,UNKNOWN,NOT ON SCENE (DESK REPORT),NO INJURY / DRIVE AWAY,Y,"$501 - $1,500",06/18/2022 12:00:00 PM,UNABLE TO DETERMINE,NOT APPLICABLE,,2,NO INDICATION OF INJURY,0.0,0.0,0.0,0.0,0.0,3.0,0.0,11,7,6,41.757340946,-87.722029934,POINT (-87.722029933644 41.757340946082),POINT (1151040.2026313157 1854758.53993925),2022,7431 S PULASKI RD
O1396866,DRIVER,b5c3cd143d8297e16de1a17277a8747c2212cc9dc35b70a1779b424bd3b9ddebdd0360495c3940c3f5138f901d921810abfbd6589ddcf480108bfbf851355e1a,1327319.0,M,69.0,"DEPLOYED, FRONT",NONE,NO INDICATION OF INJURY,UNKNOWN,UNKNOWN,NORMAL,,,,,2022-08-11 15:51:00,30,CLEAR,DAYLIGHT,FIXED OBJECT,NOT DIVIDED,DRY,NO DEFECTS,ON SCENE,INJURY AND / OR TOW DUE TO CRASH,,"OVER $1,500",08/11/2022 03:51:00 PM,UNABLE TO DETERMINE,NOT APPLICABLE,,1,NO INDICATION OF INJURY,0.0,0.0,0.0,0.0,0.0,1.0,0.0,15,5,8,42.001274708,-87.690122037,POINT (-87.690122036576 42.001274708071),POINT (1159079.9299159655 1943711.1569331184),2022,6558 N WESTERN AVE
P284188,PASSENGER,2922ae02e2527b8eff49449c025fc3b7a7905d9ab84904b8c4b8adb14bb8936beabf8741ac3522675b4419cdbc16803bf78bbed46a40191bef9125ce052ee8e8,1209799.0,M,28.0,NOT APPLICABLE,NONE,NO INDICATION OF INJURY,,,,,,,,2022-02-02 13:00:00,35,SNOW,DAYLIGHT,TURNING,FOUR WAY,SNOW OR SLUSH,NO DEFECTS,NOT ON SCENE (DESK REPORT),NO INJURY / DRIVE AWAY,,"OVER $1,500",02/02/2022 01:50:00 PM,WEATHER,NOT APPLICABLE,,2,NO INDICATION OF INJURY,0.0,0.0,0.0,0.0,0.0,3.0,0.0,13,4,2,41.764713187,-87.673678489,POINT (-87.673678489303 41.764713187398),POINT (1164212.0477378804 1857542.3709937802),2022,7100 S DAMEN AVE
O1284858,DRIVER,ab162d9f1cd79db705c8f9c7f9be8f6bcf6be6213e97f2b321b330694e2977ac453881a27c765fcbc39881cb23e9e73257723fc4fba28a24f8a9814901059182,1220018.0,M,39.0,DID NOT DEPLOY,NONE,NO INDICATION OF INJURY,NONE,NOT OBSCURED,NORMAL,,,,,2022-02-19 11:10:00,30,CLEAR,DAYLIGHT,REAR END,DIVIDED - W/MEDIAN (NOT RAISED),DRY,NO DEFECTS,NOT ON SCENE (DESK REPORT),NO INJURY / DRIVE AWAY,,"$501 - $1,500",02/19/2022 05:00:00 PM,FAILING TO YIELD RIGHT-OF-WAY,NOT APPLICABLE,,2,NO INDICATION OF INJURY,0.0,0.0,0.0,0.0,0.0,5.0,0.0,11,7,2,41.77831736,-87.742441548,POINT (-87.742441547843 41.778317359829),POINT (1145418.4910461942 1862363.2491128067),2022,4803 W 63RD ST
P283186,PASSENGER,9ae63935ce71206c43eb41a931151b775b5f8b7083beb7c1596ac5179e2e55fdf214443677c0086729572b3d93b4c15ae9034662f1ee00587a00345182a939ec,1204971.0,F,3.0,"DEPLOYED, SIDE",NONE,NO INDICATION OF INJURY,,,,,,,,2022-01-25 15:23:00,25,CLEAR,DAYLIGHT,ANGLE,DIVIDED - W/MEDIAN (NOT RAISED),WET,NO DEFECTS,ON SCENE,INJURY AND / OR TOW DUE TO CRASH,,"OVER $1,500",01/25/2022 03:26:00 PM,DISREGARDING TRAFFIC SIGNALS,FAILING TO REDUCE SPEED TO AVOID CRASH,,3,NO INDICATION OF INJURY,0.0,0.0,0.0,0.0,0.0,6.0,0.0,15,3,1,41.882158979,-87.684130411,POINT (-87.684130411201 41.882158979368),POINT (1161037.2442635624 1900317.3612184017),2022,34 N OAKLEY BLVD
O1335190,DRIVER,923e560eaaeb23cd80db6a833d8e6835571159fede93619383d3163fae09586c313c7ccf9deba626d6289b292a8556f3ca926bdde156dc30f91b4551d53d1bbe,1268396.0,F,60.0,DID NOT DEPLOY,NONE,NONINCAPACITATING INJURY,UNKNOWN,NOT OBSCURED,NORMAL,,,,,2022-05-11 17:37:00,30,CLEAR,DAYLIGHT,SIDESWIPE OPPOSITE DIRECTION,NOT DIVIDED,DRY,UNKNOWN,ON SCENE,INJURY AND / OR TOW DUE TO CRASH,Y,"OVER $1,500",05/11/2022 05:37:00 PM,DRIVING ON WRONG SIDE/WRONG WAY,UNABLE TO DETERMINE,,2,NONINCAPACITATING INJURY,1.0,0.0,0.0,1.0,0.0,1.0,0.0,17,4,5,41.866105151,-87.737492094,POINT (-87.737492093825 41.866105150847),POINT (1146546.6435048557 1894361.9717271072),2022,4500 W ROOSEVELT RD
O1433987,DRIVER,bed93cadf3da4ce47dedc878b9ba729ed37021e28a9965dfe2641384dc2c60c936fcbf00fe4039f3ec7be60d2ff0dee7913093c8961bd40e44a2e43a1b67af82,1362791.0,M,49.0,NOT APPLICABLE,NONE,NO INDICATION OF INJURY,OTHER,UNKNOWN,NORMAL,,,,Y,2022-10-05 07:45:00,30,CLEAR,DAYLIGHT,REAR END,NOT DIVIDED,DRY,NO DEFECTS,ON SCENE,NO INJURY / DRIVE AWAY,,"OVER $1,500",10/05/2022 08:26:00 AM,UNABLE TO DETERMINE,NOT APPLICABLE,N,2,NO INDICATION OF INJURY,0.0,0.0,0.0,0.0,0.0,3.0,0.0,7,4,10,41.979829618,-87.699197307,POINT (-87.699197306859 41.9798296179),POINT (1156671.0544918822 1935878.0458045183),2022,5410 N CALIFORNIA AVE
P297417,PASSENGER,1cb5b1ff5630e254ecfbd44cd66230b977378057806837ef8b9ca14599986bbaf5301a677544b231334a462d4f728e0ec406019212c3b92360d349c1a54bede5,1270584.0,F,,DID NOT DEPLOY,NONE,NO INDICATION OF INJURY,,,,,,,,2022-05-14 17:50:00,30,CLEAR,DAYLIGHT,TURNING,NOT DIVIDED,DRY,NO DEFECTS,NOT ON SCENE (DESK REPORT),NO INJURY / DRIVE AWAY,,"$501 - $1,500",05/14/2022 06:39:00 PM,UNABLE TO DETERMINE,UNABLE TO DETERMINE,,2,NO INDICATION OF INJURY,0.0,0.0,0.0,0.0,0.0,3.0,0.0,17,7,5,41.883737197,-87.642861608,POINT (-87.642861607632 41.88373719654),POINT (1172270.7611975505 1900980.1782861173),2022,116 N JEFFERSON ST
O1422851,DRIVER,4082a50631b049d646fc2cd23129bad3f29c2db94b0746667ec2f96085172e8755bab853c49fdbb99b5b89d71ceec06c53d2980997e09f76de565c02893ab70f,1352177.0,M,58.0,NOT APPLICABLE,NONE,NO INDICATION OF INJURY,UNKNOWN,UNKNOWN,NORMAL,,,,,2022-09-19 02:40:00,5,CLEAR,DARKNESS,SIDESWIPE OPPOSITE DIRECTION,PARKING LOT,WET,NO DEFECTS,ON SCENE,NO INJURY / DRIVE AWAY,,"$501 - $1,500",09/19/2022 02:45:00 AM,UNABLE TO DETERMINE,UNABLE TO DETERMINE,,2,NO INDICATION OF INJURY,0.0,0.0,0.0,0.0,0.0,2.0,0.0,2,2,9,41.852142074,-87.685518262,POINT (-87.685518262432 41.85214207358),POINT (1160741.8534563286 1889376.4063902483),2022,2356 W CERMAK RD
O1419062,DRIVER,0e30d1d9d369d11a695a6cbd591653a15d24b8d335b6b3eb655859f17654aaf2fb65b7e6d4c28d63e2f39ce0cdd4009f003c29334ffc1f74b6380ec62d3a8d37,1348550.0,F,26.0,NOT APPLICABLE,NONE,NO INDICATION OF INJURY,NONE,UNKNOWN,NORMAL,,,,,2022-09-13 18:44:00,30,CLEAR,"DARKNESS, LIGHTED ROAD",ANGLE,FOUR WAY,DRY,NO DEFECTS,NOT ON SCENE (DESK REPORT),NO INJURY / DRIVE AWAY,,"$501 - $1,500",09/13/2022 06:50:00 PM,FAILING TO YIELD RIGHT-OF-WAY,UNABLE TO DETERMINE,,2,NO INDICATION OF INJURY,0.0,0.0,0.0,0.0,0.0,2.0,0.0,18,3,9,41.861715131,-87.656604324,POINT (-87.656604323797 41.861715130658),POINT (1168591.7624703462 1892925.5594947261),2022,1200 W 15TH ST
O1289551,DRIVER,89f4641a4524a23544b7ff1ec199c691fffb3b0a7a6caa27096129ea2ba44cbdd657cd25c869f5d0a6ffb676b0719f5fe32696c38ff5e013027b13d56437a823,1224544.0,F,20.0,DID NOT DEPLOY,NONE,"REPORTED, NOT EVIDENT",OTHER,UNKNOWN,NORMAL,,,,,2022-02-27 16:20:00,40,CLEAR,DAYLIGHT,SIDESWIPE SAME DIRECTION,DIVIDED - W/MEDIAN BARRIER,DRY,NO DEFECTS,ON SCENE,INJURY AND / OR TOW DUE TO CRASH,,"OVER $1,500",02/27/2022 04:23:00 PM,UNABLE TO DETERMINE,NOT APPLICABLE,,2,"REPORTED, NOT EVIDENT",2.0,0.0,0.0,0.0,2.0,1.0,0.0,16,1,2,41.809661556,-87.588650733,POINT (-87.588650733464 41.809661556162),POINT (1187266.9550927146 1874110.637751331),2022,4730 S LAKE SHORE DR SB
P289172,PASSENGER,c49527aab9ba71fdba4c5598d467a4ca1f988fa62e1ccb70da1618086061b0d26e39d91cdf046fe86c80cf1c10b141ca1ee50ca5929a89ec263d6ed3e60ceea8,1233446.0,F,4.0,DID NOT DEPLOY,NONE,NO INDICATION OF INJURY,,,,,,,,2022-03-15 18:00:00,30,CLEAR,DAYLIGHT,REAR END,DIVIDED - W/MEDIAN BARRIER,DRY,NO DEFECTS,NOT ON SCENE (DESK REPORT),NO INJURY / DRIVE AWAY,,$500 OR LESS,03/15/2022 08:15:00 PM,FAILING TO YIELD RIGHT-OF-WAY,IMPROPER LANE USAGE,,2,NO INDICATION OF INJURY,0.0,0.0,0.0,0.0,0.0,3.0,0.0,18,3,3,41.888051153,-87.623698345,POINT (-87.623698344732 41.888051153014),POINT (1177476.0943725656 1902594.7513612218),2022,121 E LOWER WACKER DR
O1439282,PEDESTRIAN,ebaaa2d9310788d9d26d40a4dce7862568170e19dcb4fac63b3d5ce3aa585754a7494022fb3a61d6d25a07219d2541db346a8acab76125ff79284fa2c54678a7,,F,40.0,,,NONINCAPACITATING INJURY,OTHER,NOT OBSCURED,NORMAL,CROSSING - NO CONTROLS (NOT AT INTERSECTION),OTHER LIGHT SOURCE USED,IN ROADWAY,,2022-10-12 16:38:00,30,CLEAR,DAYLIGHT,PEDESTRIAN,DIVIDED - W/MEDIAN (NOT RAISED),WET,NO DEFECTS,ON SCENE,INJURY AND / OR TOW DUE TO CRASH,Y,$500 OR LESS,10/12/2022 04:39:00 PM,FAILING TO REDUCE SPEED TO AVOID CRASH,NOT APPLICABLE,,2,NONINCAPACITATING INJURY,1.0,0.0,0.0,1.0,0.0,2.0,0.0,16,4,10,41.900676577,-87.712468549,POINT (-87.712468549195 41.900676577154),POINT (1153271.5039241184 1907008.0580775344),2022,3442 W GRAND AVE
O1322492,DRIVER,222b526909f7ba43112f9e3a6db45cf025debd4292270d7bb3f1aedcec2499a20ab828d7e2beb398b9db04856634119fb4a92f1ed4ec9997112d34c27b51c0e6,1256206.0,F,,DEPLOYMENT UNKNOWN,NONE,NO INDICATION OF INJURY,UNKNOWN,UNKNOWN,UNKNOWN,,,,,2022-04-23 15:20:00,30,CLEAR,DAYLIGHT,SIDESWIPE OPPOSITE DIRECTION,NOT DIVIDED,UNKNOWN,UNKNOWN,NOT ON SCENE (DESK REPORT),NO INJURY / DRIVE AWAY,,"OVER $1,500",04/23/2022 06:25:00 PM,UNABLE TO DETERMINE,UNABLE TO DETERMINE,,2,NO INDICATION OF INJURY,0.0,0.0,0.0,0.0,0.0,2.0,0.0,15,7,4,41.891308207,-87.716045803,POINT (-87.716045802939 41.891308206996),POINT (1152322.2055473835 1903587.2008073123),2022,533 N CENTRAL PARK AVE
P289572,PASSENGER,3071ced06b754e88ab1f151c0a1d5897701331a7fa594db3444ea2afad6075a0aab55f876786715e04f8f852c4850cfbbfcfde41236df6b7257e675833d04f3b,1235470.0,M,,DID NOT DEPLOY,NONE,NO INDICATION OF INJURY,,,,,,,,2022-03-18 19:32:00,30,RAIN,DARKNESS,REAR END,NOT DIVIDED,WET,NO DEFECTS,NOT ON SCENE (DESK REPORT),NO INJURY / DRIVE AWAY,,"$501 - $1,500",03/18/2022 07:52:00 PM,NOT APPLICABLE,NOT APPLICABLE,,2,NO INDICATION OF INJURY,0.0,0.0,0.0,0.0,0.0,4.0,0.0,19,6,3,41.782556901,-87.703389652,POINT (-87.703389652003 41.782556901255),POINT (1156058.8081089554 1863983.7148125775),2022,6100 S KEDZIE AVE
P290635,PASSENGER,4e14558b54e8215a1be39d59a1f7e0c07e6197aec4843be8cb9a8db4244e155421b59c97e317849f56cada7b91caa34bacb69b4edcd1c5570da3ff067050789a,1240238.0,F,34.0,DID NOT DEPLOY,NONE,NO INDICATION OF INJURY,,,,,,,,2022-03-26 23:00:00,30,CLEAR,"DARKNESS, LIGHTED ROAD",PARKED MOTOR VEHICLE,NOT DIVIDED,DRY,NO DEFECTS,NOT ON SCENE (DESK REPORT),NO INJURY / DRIVE AWAY,,"$501 - $1,500",03/26/2022 11:10:00 PM,UNABLE TO DETERMINE,NOT APPLICABLE,,2,NO INDICATION OF INJURY,0.0,0.0,0.0,0.0,0.0,3.0,0.0,23,7,3,41.909037654,-87.675145922,POINT (-87.67514592249 41.909037654061),POINT (1163408.7224066395 1910130.5815276494),2022,1513 N MILWAUKEE AVE
O1479858,DRIVER,98fc8cbe8b51bc6ffdb9748fdfc095fe51710525b1c0fcdbbcb2f0d587c32eaf6609c6225f2beb3e5e91b8a1884c77bb47486f2992b9ab50016ea49a1692e0f3,1406680.0,M,61.0,NOT APPLICABLE,NONE,NO INDICATION OF INJURY,OTHER,NOT OBSCURED,NORMAL,,,,,2022-12-13 10:34:00,30,CLEAR,DAYLIGHT,PARKED MOTOR VEHICLE,NOT DIVIDED,DRY,NO DEFECTS,ON SCENE,NO INJURY / DRIVE AWAY,,"OVER $1,500",12/13/2022 11:00:00 AM,EQUIPMENT - VEHICLE CONDITION,NOT APPLICABLE,,2,NO INDICATION OF INJURY,0.0,0.0,0.0,0.0,0.0,1.0,0.0,10,3,12,41.793852326,-87.689076788,POINT (-87.689076788012 41.793852326431),POINT (1159931.6286205524 1868128.6115729094),2022,5458 S ROCKWELL ST
P282229,PASSENGER,709c74f5ea585c875b24f02330f4c6dffa5c32953f476e12150bd12d90038d3f0c5c815e44472a58c40617bde058913a13f9fd70a43a31ca72777b70d6aad835,1200004.0,M,,DID NOT DEPLOY,NONE,NO INDICATION OF INJURY,,,,,,,,2022-01-16 16:58:00,30,CLEAR,"DARKNESS, LIGHTED ROAD",SIDESWIPE SAME DIRECTION,DIVIDED - W/MEDIAN BARRIER,DRY,NO DEFECTS,ON SCENE,NO INJURY / DRIVE AWAY,,"$501 - $1,500",01/16/2022 04:58:00 PM,UNABLE TO DETERMINE,NOT APPLICABLE,,2,NO INDICATION OF INJURY,0.0,0.0,0.0,0.0,0.0,6.0,0.0,16,1,1,41.810138153,-87.664867266,POINT (-87.664867266043 41.810138152519),POINT (1166487.1781710102 1874113.4732490128),2022,4609 S ASHLAND AVE
P318877,PASSENGER,bb374297fa5421766e5ff70804c38dad33229637d5c7d233266ac3550306d0547dad1bb8d5b27d96494d275a41ec7dce0e4edb5b0b96dcba1f576d006c9cf380,1365314.0,F,20.0,"DEPLOYED, SIDE",NONE,NONINCAPACITATING INJURY,,,,,,,,2022-10-08 18:30:00,30,CLEAR,DUSK,TURNING,FOUR WAY,DRY,UNKNOWN,ON SCENE,INJURY AND / OR TOW DUE TO CRASH,,"OVER $1,500",10/08/2022 06:33:00 PM,IMPROPER TURNING/NO SIGNAL,NOT APPLICABLE,,3,NONINCAPACITATING INJURY,1.0,0.0,0.0,1.0,0.0,7.0,0.0,18,7,10,41.881826153,-87.75300769,POINT (-87.753007689949 41.88182615302),POINT (1142281.720714935 1900061.7205098846),2022,5106 W WASHINGTON BLVD
O1347139,DRIVER,3224169c116ef917cc3685c1cb6cc1b31ff6fae58342ca7c7aee2862a13902a048caa4cde135def7cbe4067a640ba6a3dcb8b2842408096cd224682ad0567df4,1279933.0,F,40.0,NOT APPLICABLE,NONE,NONINCAPACITATING INJURY,NONE,NOT OBSCURED,NORMAL,,,,,2022-05-29 12:00:00,30,CLEAR,DAYLIGHT,REAR END,NOT DIVIDED,DRY,NO DEFECTS,ON SCENE,INJURY AND / OR TOW DUE TO CRASH,,"$501 - $1,500",05/29/2022 12:00:00 PM,UNABLE TO DETERMINE,UNABLE TO DETERMINE,,2,NONINCAPACITATING INJURY,2.0,0.0,0.0,2.0,0.0,1.0,0.0,12,1,5,41.910282255,-87.702273958,POINT (-87.70227395792 41.910282254788),POINT (1156021.096449288 1910528.6195621474),2022,3000 W NORTH AVE
O1298023,DRIVER,a2add8e3cabd0d06a27f15f3ae304eb9e4fb7b66aa2d09fd5332d4708801ab806b7d3007c53d9aaf1b34befb501bf9f8e0126b1d16591767195444e7d0ef0abe,1232657.0,F,16.0,DID NOT DEPLOY,NONE,NO INDICATION OF INJURY,IMPROPER BACKING,NOT OBSCURED,NORMAL,,,,,2022-03-07 15:30:00,30,CLEAR,DAYLIGHT,PARKED MOTOR VEHICLE,NOT DIVIDED,DRY,NO DEFECTS,NOT ON SCENE (DESK REPORT),NO INJURY / DRIVE AWAY,,"OVER $1,500",03/14/2022 01:40:00 PM,IMPROPER BACKING,IMPROPER BACKING,,3,NO INDICATION OF INJURY,0.0,0.0,0.0,0.0,0.0,1.0,0.0,15,2,3,41.851868272,-87.690075121,POINT (-87.690075121295 41.851868271661),POINT (1159501.1165355188 1889267.3008099438),2022,2551 W CERMAK RD
O1301374,DRIVER,4c2e7ed57ac5112806206fd252f285e4e9a5969fbb7c54b1ff5b337a4b5d80fdb277a755a157173a7a706d1a5d380f8feaa4e6b4bc76da2064b08da78faa2db4,1235848.0,F,0.0,"DEPLOYED, FRONT",NONE,NO INDICATION OF INJURY,UNKNOWN,UNKNOWN,EMOTIONAL,,,,,2022-03-19 11:40:00,25,RAIN,DARKNESS,TURNING,FOUR WAY,WET,NO DEFECTS,ON SCENE,INJURY AND / OR TOW DUE TO CRASH,,"OVER $1,500",03/19/2022 11:41:00 AM,UNABLE TO DETERMINE,NOT APPLICABLE,,2,NO INDICATION OF INJURY,0.0,0.0,0.0,0.0,0.0,2.0,0.0,11,7,3,41.847973743,-87.733200347,POINT (-87.73320034663 41.847973742641),POINT (1147761.8242169202 1887763.0848921225),2022,4359 W OGDEN AVE
O1284963,DRIVER,2eaf0b85e4cffe0f88b6d1cd45cb26cb52864f783854a8848dc8758d40356f13ff56feb7066d8f13d1f8694d817513a3825db04e851f9eee5a933e3beb3a6752,1220104.0,M,39.0,DID NOT DEPLOY,NONE,NO INDICATION OF INJURY,NONE,NOT OBSCURED,NORMAL,,,,,2022-02-19 17:55:00,30,CLEAR,DUSK,REAR END,NOT DIVIDED,DRY,NO DEFECTS,ON SCENE,NO INJURY / DRIVE AWAY,Y,"$501 - $1,500",02/19/2022 06:00:00 PM,UNABLE TO DETERMINE,UNABLE TO DETERMINE,,2,NO INDICATION OF INJURY,0.0,0.0,0.0,0.0,0.0,2.0,0.0,17,7,2,41.961441535,-87.687321086,POINT (-87.687321085937 41.961441534539),POINT (1159950.7301847697 1929201.4764141655),2022,2324 W MONTROSE AVE
O1312367,DRIVER,d6c67d9738c618228d675aaabfcf8e7e01823b816d8b5836cd1a943617cdf622ff2eea5495907af479e2767f6d9b58558c51b0cb97ef299e0381f0ec4e218d6b,1246405.0,M,27.0,DID NOT DEPLOY,NONE,NO INDICATION OF INJURY,UNKNOWN,UNKNOWN,UNKNOWN,,,,,2022-03-27 03:05:00,20,CLEAR,"DARKNESS, LIGHTED ROAD",PARKED MOTOR VEHICLE,ONE-WAY,DRY,NO DEFECTS,,INJURY AND / OR TOW DUE TO CRASH,Y,"OVER $1,500",03/27/2022 03:10:00 AM,UNABLE TO DETERMINE,NOT APPLICABLE,,4,NO INDICATION OF INJURY,0.0,0.0,0.0,0.0,0.0,1.0,0.0,3,1,3,41.951054309,-87.780178715,POINT (-87.780178715275 41.951054309138),POINT (1134719.8941150703 1925239.6235399223),2022,6125 W BYRON ST
O1328484,DRIVER,c7d4b25fe20a97b2d2df78a68fcc3671cc28e925e72fd22f9bc279b33cc9204d47df231c1da1d32e928071e3d13c2b9d494a4cee4c83211e59136a0223ad5de8,1261969.0,M,,DEPLOYMENT UNKNOWN,NONE,NO INDICATION OF INJURY,UNKNOWN,UNKNOWN,UNKNOWN,,,,,2022-05-02 16:35:00,30,CLEAR,DAYLIGHT,SIDESWIPE SAME DIRECTION,NOT DIVIDED,DRY,NO DEFECTS,NOT ON SCENE (DESK REPORT),NO INJURY / DRIVE AWAY,Y,$500 OR LESS,05/02/2022 05:08:00 PM,IMPROPER OVERTAKING/PASSING,NOT APPLICABLE,,2,NO INDICATION OF INJURY,0.0,0.0,0.0,0.0,0.0,2.0,0.0,16,2,5,41.830390316,-87.685099923,POINT (-87.685099923426 41.830390316125),POINT (1160915.6497880681 1881451.0060034073),2022,2400 W 35TH ST
O1410835,DRIVER,3145c47acce76766c07a6722332deee036e2c3d4a4abd3bf914b0878e78b8af447308f2f1e347152cdb4440942c926afcc8573d6b49f6a98bdcde3d948f6189c,1340695.0,F,28.0,NOT APPLICABLE,NONE,NO INDICATION OF INJURY,NONE,NOT OBSCURED,NORMAL,,,,,2022-09-01 16:51:00,30,CLEAR,DAYLIGHT,SIDESWIPE SAME DIRECTION,DIVIDED - W/MEDIAN (NOT RAISED),DRY,NO DEFECTS,ON SCENE,INJURY AND / OR TOW DUE TO CRASH,,"OVER $1,500",09/01/2022 04:51:00 PM,UNDER THE INFLUENCE OF ALCOHOL/DRUGS (USE WHEN ARREST IS EFFECTED),UNDER THE INFLUENCE OF ALCOHOL/DRUGS (USE WHEN ARREST IS EFFECTED),,2,NO INDICATION OF INJURY,0.0,0.0,0.0,0.0,0.0,3.0,0.0,16,5,9,41.851654545,-87.705312694,POINT (-87.7053126941 41.851654545163),POINT (1155350.2991865848 1889158.6897357628),2022,3201 W CERMAK RD
P324837,PASSENGER,655c8357fd4acd6d18e2edb7d38ed149aab8ed373086c22642b9cfbdc1986ff0c7d14153e911bd8e26a7c2b7034a19c8317671ab0363a61fdc99efaa0e0ee298,1393324.0,F,,NOT APPLICABLE,NONE,NO INDICATION OF INJURY,,,,,,,,2022-11-19 11:07:00,30,SNOW,DAYLIGHT,SIDESWIPE SAME DIRECTION,NOT DIVIDED,UNKNOWN,UNKNOWN,NOT ON SCENE (DESK REPORT),NO INJURY / DRIVE AWAY,,"$501 - $1,500",11/19/2022 12:15:00 PM,NOT APPLICABLE,NOT APPLICABLE,,2,NO INDICATION OF INJURY,0.0,0.0,0.0,0.0,0.0,3.0,0.0,11,7,11,41.983544785,-87.658267673,POINT (-87.658267672506 41.983544785184),POINT (1167789.1713723186 1937316.9202493038),2022,1105 W BRYN MAWR AVE
O1328923,DRIVER,af9ee86f711d53057949901a79f98789ace906c4521ede0fa10410820d9265f38a33ba8d15985c54734893cd991ed6f85a60ba73625545d70f894e4a336ee579,1262379.0,M,,DEPLOYMENT UNKNOWN,NONE,NO INDICATION OF INJURY,FOLLOWED TOO CLOSELY,UNKNOWN,UNKNOWN,,,,,2022-04-30 02:15:00,30,RAIN,"DARKNESS, LIGHTED ROAD",REAR END,DIVIDED - W/MEDIAN (NOT RAISED),WET,NO DEFECTS,NOT ON SCENE (DESK REPORT),NO INJURY / DRIVE AWAY,,"OVER $1,500",05/03/2022 01:15:00 PM,FOLLOWING TOO CLOSELY,FOLLOWING TOO CLOSELY,,2,NO INDICATION OF INJURY,0.0,0.0,0.0,0.0,0.0,3.0,0.0,2,7,4,41.819373566,-87.724113776,POINT (-87.724113776393 41.819373565556),POINT (1150311.467492215 1877358.73985636),2022,3956 S PULASKI RD