PERSON_ID,PERSON_TYPE,CRASH_RECORD_ID,VEHICLE_ID,SEX,AGE,AIRBAG_DEPLOYED,EJECTION,INJURY_CLASSIFICATION,DRIVER_ACTION,DRIVER_VISION,PHYSICAL_CONDITION,PEDPEDAL_ACTION,PEDPEDAL_VISIBILITY,PEDPEDAL_LOCATION,CRASH_DATE_EST_I,CRASH_DATE,POSTED_SPEED_LIMIT,WEATHER_CONDITION,LIGHTING_CONDITION,FIRST_CRASH_TYPE,TRAFFICWAY_TYPE,ROADWAY_SURFACE_COND,ROAD_DEFECT,REPORT_TYPE,CRASH_TYPE,HIT_AND_RUN_I,DAMAGE,DATE_POLICE_NOTIFIED,PRIM_CONTRIBUTORY_CAUSE,SEC_CONTRIBUTORY_CAUSE,DOORING_I,NUM_UNITS,MOST_SEVERE_INJURY,INJURIES_TOTAL,INJURIES_FATAL,INJURIES_INCAPACITATING,INJURIES_NON_INCAPACITATING,INJURIES_REPORTED_NOT_EVIDENT,INJURIES_NO_INDICATION,INJURIES_UNKNOWN,CRASH_HOUR,CRASH_DAY_OF_WEEK,CRASH_MONTH,LATITUDE,LONGITUDE,LOCATION,geometry,YEAR,ADDRESS
O1404556,DRIVER,5c00b9cd278f42c5e04e884dc2005dff959eb7ad6431cf5c9d89f518d87a3d54e7ed3d4b7b3d176ffe3d9fff08bb022adb8fd3782ee71cbe17b61a5998aae82c,1334695.0,F,53.0,NOT APPLICABLE,NONE,NO INDICATION OF INJURY,OTHER,UNKNOWN,NORMAL,,,,,2022-08-23 16:00:00,30,CLEAR,DAYLIGHT,REAR END,DIVIDED - W/MEDIAN (NOT RAISED),UNKNOWN,UNKNOWN,NOT ON SCENE (DESK REPORT),NO INJURY / DRIVE AWAY,,"OVER $1,500",08/23/2022 04:30:00 PM,UNABLE TO DETERMINE,NOT APPLICABLE,,2,NO INDICATION OF INJURY,0.0,0.0,0.0,0.0,0.0,2.0,0.0,16,3,8,41.909928421,-87.731317939,POINT (-87.731317939089 41.909928420721),POINT (1148116.347357058 1910342.8564765984),2022,4200 W NORTH AVE
O1277616,DRIVER,f2c45d5751dbf061e6b4ac664b6d72f9bb5d3c0e536c523cb4f1e6260256041769d4c44ea8696fd12a93fbf7855c9ad02d00ac78ece9b5ce25eb2319c155d058,1212998.0,F,,DEPLOYMENT UNKNOWN,NONE,NO INDICATION OF INJURY,FAILED TO YIELD,UNKNOWN,UNKNOWN,,,,,2022-02-07 15:20:00,30,CLEAR,DAYLIGHT,ANGLE,NOT DIVIDED,DRY,NO DEFECTS,NOT ON SCENE (DESK REPORT),NO INJURY / DRIVE AWAY,,"OVER $1,500",02/07/2022 06:19:00 PM,FAILING TO YIELD RIGHT-OF-WAY,NOT APPLICABLE,,3,NO INDICATION OF INJURY,0.0,0.0,0.0,0.0,0.0,3.0,0.0,15,2,2,41.861421004,-87.666094614,POINT (-87.666094613519 41.861421003607),POINT (1166007.416475242 1892798.1458350222),2022,1501 S ASHLAND AVE
O1259386,DRIVER,d60d857676a86bc89b2f198a1e6844cd67adbd858546566c0d0c509e8484040be3e5aaa87dba30cb15d002bb109366e561f3f20154ce331cda366372decc8e59,1195440.0,F,52.0,DID NOT DEPLOY,NONE,NO INDICATION OF INJURY,NONE,NOT OBSCURED,NORMAL,,,,,2022-01-08 06:00:00,30,CLEAR,DAYLIGHT,REAR END,NOT DIVIDED,UNKNOWN,NO DEFECTS,NOT ON SCENE (DESK REPORT),NO INJURY / DRIVE AWAY,Y,"OVER $1,500",01/08/2022 06:15:00 AM,UNABLE TO DETERMINE,NOT APPLICABLE,,2,NO INDICATION OF INJURY,0.0,0.0,0.0,0.0,0.0,2.0,0.0,6,7,1,41.938720799,-87.747019368,POINT (-87.747019367924 41.938720799253),POINT (1143770.7217193155 1920805.2247938197),2022,3156 N CICERO AVE
O1302493,DRIVER,57c62037661ff13ea56c71cf3c505f497208dedc78817aa6f27c1f122eeae367412b78268b17afe67942b45d23cb1dfa462f5ef118694da70f78180fc146a8ea,1236932.0,F,70.0,NOT APPLICABLE,NONE,NO INDICATION OF INJURY,DISREGARDED CONTROL DEVICES,NOT OBSCURED,OTHER,,,,,2022-03-20 11:45:00,30,CLEAR,DAYLIGHT,ANGLE,NOT DIVIDED,DRY,NO DEFECTS,ON SCENE,INJURY AND / OR TOW DUE TO CRASH,,"OVER $1,500",03/21/2022 11:46:00 AM,PHYSICAL CONDITION OF DRIVER,NOT APPLICABLE,,2,NO INDICATION OF INJURY,0.0,0.0,0.0,0.0,0.0,2.0,0.0,11,1,3,41.916441596,-87.666569308,POINT (-87.666569307591 41.916441595619),POINT (1165722.3156186382 1912846.6158811017),2022,1900 N ELSTON AVE
O1469521,DRIVER,554884a2496f93dbef0e5b96451b97e545e09c69800824c0f0dde8378eba83c42958cb7ad8ec3d24fca8559c4f4382ffa4fbf4b9195345bb1803c7f05c17e219,1396711.0,F,,DID NOT DEPLOY,NONE,NO INDICATION OF INJURY,NONE,NOT OBSCURED,NORMAL,,,,N,2022-11-25 15:30:00,20,CLEAR,DAYLIGHT,SIDESWIPE SAME DIRECTION,ONE-WAY,DRY,NO DEFECTS,NOT ON SCENE (DESK REPORT),NO INJURY / DRIVE AWAY,Y,"$501 - $1,500",11/26/2022 10:47:00 AM,UNABLE TO DETERMINE,UNABLE TO DETERMINE,,2,NO INDICATION OF INJURY,0.0,0.0,0.0,0.0,0.0,2.0,0.0,15,6,11,41.945344548,-87.664452165,POINT (-87.664452165039 41.945344548127),POINT (1166216.3714162419 1923383.4001744292),2022,1410 W CORNELIA AVE
O1349956,DRIVER,c28955084b23878db4038f67eaa0e1a40ac9180fe5458081f06dd013e39b583f22943b6bc7908db6fa7329133aa8e5488ab45402e11267eb9d4310679e316040,1282609.0,F,,DEPLOYMENT UNKNOWN,NONE,NO INDICATION OF INJURY,IMPROPER PASSING,UNKNOWN,UNKNOWN,,,,,2022-06-02 14:00:00,30,CLEAR,DAYLIGHT,PARKED MOTOR VEHICLE,ONE-WAY,DRY,NO DEFECTS,ON SCENE,NO INJURY / DRIVE AWAY,Y,"OVER $1,500",06/02/2022 04:14:00 PM,UNABLE TO DETERMINE,UNABLE TO DETERMINE,,2,NO INDICATION OF INJURY,0.0,0.0,0.0,0.0,0.0,1.0,0.0,14,5,6,41.890829034,-87.760638498,POINT (-87.760638497869 41.890829034129),POINT (1140181.831017462 1903328.39860515),2022,566 N LONG AVE
P306705,PASSENGER,b7fe538bd6d2464ced49dc3d8f9dde2497cced65912e5fdfd6506cc64a7dcf4528c112edadb1c48bf9b58adbe55495725c31b74552418593438b722855f4623e,1309781.0,F,,"DEPLOYED, FRONT",UNKNOWN,NO INDICATION OF INJURY,,,,,,,Y,2022-07-14 16:00:00,30,CLEAR,DAYLIGHT,TURNING,NOT DIVIDED,DRY,NO DEFECTS,ON SCENE,INJURY AND / OR TOW DUE TO CRASH,,"OVER $1,500",07/14/2022 04:14:00 PM,IMPROPER OVERTAKING/PASSING,NOT APPLICABLE,,2,NONINCAPACITATING INJURY,1.0,0.0,0.0,1.0,0.0,3.0,0.0,16,5,7,41.743729779,-87.626613754,POINT (-87.626613754163 41.743729778592),POINT (1177114.7744677737 1849998.1797332575),2022,54 W 83RD ST
O1363564,DRIVER,040e398af025862d17ea5c5f2fada83a695fa1e59f7d032826e5e4356f6b48b6be7e2ac594d037c1d24f0382e2d145a4a85df7389b48a964cc9c39c88f5c125c,1295627.0,X,,DEPLOYMENT UNKNOWN,NONE,NO INDICATION OF INJURY,UNKNOWN,UNKNOWN,UNKNOWN,,,,Y,2022-06-21 17:30:00,15,CLEAR,DAYLIGHT,FIXED OBJECT,ALLEY,DRY,NO DEFECTS,ON SCENE,INJURY AND / OR TOW DUE TO CRASH,Y,"OVER $1,500",06/21/2022 05:35:00 PM,UNABLE TO DETERMINE,UNABLE TO DETERMINE,,1,NO INDICATION OF INJURY,0.0,0.0,0.0,0.0,0.0,1.0,0.0,17,3,6,41.899661359,-87.721477901,POINT (-87.721477900859 41.899661359192),POINT (1150821.465687786 1906620.4914284672),2022,1018 N HAMLIN AVE
O1457834,DRIVER,e2cb6d459a6e44849a05f959f9cb828528b2b3269f72ae35b6137b5436e6af5d65f90dcd091d6dff34cf402900e474d6977cc592ec5e55a23accd1b6bc4c725b,1385502.0,M,59.0,DID NOT DEPLOY,NONE,"REPORTED, NOT EVIDENT",FAILED TO YIELD,NOT OBSCURED,NORMAL,,,,,2022-11-08 11:20:00,30,CLEAR,DAYLIGHT,ANGLE,T-INTERSECTION,DRY,NO DEFECTS,ON SCENE,INJURY AND / OR TOW DUE TO CRASH,,"OVER $1,500",11/08/2022 11:22:00 AM,UNABLE TO DETERMINE,UNABLE TO DETERMINE,,2,INCAPACITATING INJURY,3.0,0.0,1.0,1.0,1.0,0.0,0.0,11,3,11,41.80304684,-87.664968644,POINT (-87.66496864367 41.803046839822),POINT (1166479.6353786814 1871529.2242710905),2022,5000 S ASHLAND AVE
O1379236,DRIVER,a715e3b1f8aa50b32853e58e42eb85d2bb2c07552cb3786d1d1ccf8b5836ea9b72489589a317fdb953e74465a40720270efe9d05590e46fd2f7549fa01e67876,1310537.0,M,26.0,NOT APPLICABLE,NONE,NO INDICATION OF INJURY,FAILED TO YIELD,UNKNOWN,UNKNOWN,,,,,2022-07-15 17:15:00,35,RAIN,DAWN,TURNING,CENTER TURN LANE,WET,UNKNOWN,ON SCENE,NO INJURY / DRIVE AWAY,,"OVER $1,500",07/15/2022 05:20:00 PM,IMPROPER OVERTAKING/PASSING,NOT APPLICABLE,,2,NO INDICATION OF INJURY,0.0,0.0,0.0,0.0,0.0,2.0,0.0,17,6,7,41.864235247,-87.687138128,POINT (-87.687138128496 41.864235246905),POINT (1160267.3665574042 1893779.8017556153),2022,2433 W OGDEN AVE
O1332963,DRIVER,ff963323503770e41f634c8b4f323756b6c1fdd73e638d31b8c0be6d63ff30a85d17137971132249be5f94aa84b6d239b13eb24001e1d453056abcac4d4fd793,1266259.0,M,,DID NOT DEPLOY,NONE,NO INDICATION OF INJURY,NONE,UNKNOWN,NORMAL,,,,,2022-05-08 06:00:00,30,CLEAR,DAYLIGHT,TURNING,NOT DIVIDED,DRY,NO DEFECTS,NOT ON SCENE (DESK REPORT),INJURY AND / OR TOW DUE TO CRASH,Y,"OVER $1,500",05/08/2022 07:10:00 PM,UNABLE TO DETERMINE,UNABLE TO DETERMINE,,2,INCAPACITATING INJURY,1.0,0.0,1.0,0.0,0.0,2.0,0.0,6,1,5,41.89854013,-87.765673185,POINT (-87.765673184919 41.898540130223),POINT (1138792.4040903612 1906129.2058193306),2022,1000 N CENTRAL AVE
P312326,PASSENGER,d2d69eb833c974e78047188f58ecbd52161b9f86eb7565d117d98c476d56fa907d72568be3988927e7045c24bd5b115b428cf317d6f2e51209781e54a68e6828,1335654.0,M,43.0,NOT APPLICABLE,NONE,NO INDICATION OF INJURY,,,,,,,,2022-08-25 08:30:00,30,RAIN,DAYLIGHT,PARKED MOTOR VEHICLE,NOT DIVIDED,WET,NO DEFECTS,NOT ON SCENE (DESK REPORT),NO INJURY / DRIVE AWAY,Y,$500 OR LESS,08/25/2022 09:00:00 AM,UNABLE TO DETERMINE,UNABLE TO DETERMINE,,2,NO INDICATION OF INJURY,0.0,0.0,0.0,0.0,0.0,2.0,0.0,8,5,8,41.70734959,-87.618584762,POINT (-87.618584761621 41.707349590259),POINT (1179415.9821144303 1836759.7136455325),2022,200 E 103RD ST
O1412208,DRIVER,4362c4027c7f99c5c0a69a62287614cacf70ddd347d8f60736ea72191ef64ffd008da57c5e71f683b9f9fde4a1aee9c853782be8f0304a82915695cdad90ec01,1341985.0,M,66.0,DID NOT DEPLOY,NONE,NO INDICATION OF INJURY,NONE,UNKNOWN,NORMAL,,,,,2022-09-03 10:47:00,30,CLEAR,DAYLIGHT,ANGLE,T-INTERSECTION,DRY,NO DEFECTS,ON SCENE,INJURY AND / OR TOW DUE TO CRASH,,"OVER $1,500",09/03/2022 10:47:00 AM,UNABLE TO DETERMINE,NOT APPLICABLE,,2,"REPORTED, NOT EVIDENT",1.0,0.0,0.0,0.0,1.0,1.0,0.0,10,7,9,41.876332859,-87.666811118,POINT (-87.666811117572 41.87633285922),POINT (1165770.0466626976 1898230.4832559132),2022,400 S ASHLAND AVE
O1274127,DRIVER,aa9438480b0ee01548b8d0573d4ebc75bb7346500ab85fbf52b10d6ae310cdf967aa4a5b1340d2dc4643d1dc22f5aed9fe45eec38d3d7c196ed10d0f6b35016a,1209643.0,M,51.0,DID NOT DEPLOY,NONE,NO INDICATION OF INJURY,NONE,NOT OBSCURED,NORMAL,,,,,2022-02-02 08:48:00,15,SNOW,DAYLIGHT,REAR TO FRONT,ONE-WAY,SNOW OR SLUSH,NO DEFECTS,ON SCENE,NO INJURY / DRIVE AWAY,,"$501 - $1,500",02/02/2022 08:50:00 AM,IMPROPER BACKING,FAILING TO YIELD RIGHT-OF-WAY,,2,NO INDICATION OF INJURY,0.0,0.0,0.0,0.0,0.0,3.0,0.0,8,4,2,41.920417477,-87.767446716,POINT (-87.767446715736 41.920417477428),POINT (1138256.9735264867 1914098.121510087),2022,5638 W PALMER ST
O1391410,DRIVER,12888e47fef19a2309e523dbb952a13a441a764ed083404ecb2043a85b883a849aab831739d022e8efe7cd20fa6ac50e6bbf7143089c4c07d4d6c090d6031e21,1322100.0,M,,DID NOT DEPLOY,NONE,NO INDICATION OF INJURY,IMPROPER PASSING,NOT OBSCURED,NORMAL,,,,,2022-08-02 21:10:00,30,CLEAR,"DARKNESS, LIGHTED ROAD",TURNING,NOT DIVIDED,DRY,NO DEFECTS,ON SCENE,NO INJURY / DRIVE AWAY,Y,"$501 - $1,500",08/02/2022 09:15:00 PM,IMPROPER OVERTAKING/PASSING,DRIVING ON WRONG SIDE/WRONG WAY,,2,NO INDICATION OF INJURY,0.0,0.0,0.0,0.0,0.0,4.0,0.0,21,3,8,41.754094172,-87.55049784,POINT (-87.550497840425 41.754094171949),POINT (1197852.6954067198 1853954.66553438),2022,7824 S SOUTH SHORE DR
P323196,PASSENGER,059d88b9cfb48441b58e540c0ab1074a95aec8fbb9c43a4995e265eea97bdb8ab57122ba95462aeb4d013d64a5b4559d98514544e5d7cb143075c16f231e13df,1384746.0,M,13.0,NOT APPLICABLE,NONE,NO INDICATION OF INJURY,,,,,,,,2022-11-07 08:18:00,30,CLEAR,DAYLIGHT,TURNING,DIVIDED - W/MEDIAN (NOT RAISED),DRY,NO DEFECTS,ON SCENE,INJURY AND / OR TOW DUE TO CRASH,,"$501 - $1,500",11/07/2022 08:24:00 AM,UNABLE TO DETERMINE,FAILING TO REDUCE SPEED TO AVOID CRASH,,2,NO INDICATION OF INJURY,0.0,0.0,0.0,0.0,0.0,3.0,0.0,8,2,11,41.890079443,-87.706537553,POINT (-87.706537553179 41.890079442968),POINT (1154914.3501193637 1903158.2081427197),2022,460 N KEDZIE AVE
P285310,PASSENGER,c6073cda511a0b3a6a21fa232cfecce5ec0eb4d492810122ac32cd3c012e4c72e5d312c4b6cc8daf893325ff6b713c8daafe32e309e409d9cedaeb88659be313,1215388.0,F,23.0,DID NOT DEPLOY,NONE,NO INDICATION OF INJURY,,,,,,,,2022-02-11 19:46:00,30,CLEAR,"DARKNESS, LIGHTED ROAD",SIDESWIPE SAME DIRECTION,ONE-WAY,DRY,NO DEFECTS,ON SCENE,INJURY AND / OR TOW DUE TO CRASH,,"OVER $1,500",02/11/2022 07:51:00 PM,FAILING TO YIELD RIGHT-OF-WAY,IMPROPER TURNING/NO SIGNAL,,2,NO INDICATION OF INJURY,0.0,0.0,0.0,0.0,0.0,4.0,0.0,19,6,2,41.891044521,-87.62405812,POINT (-87.624058119564 41.891044521436),POINT (1177369.1145636213 1903684.7244758036),2022,136 E ILLINOIS ST
O1292800,DRIVER,2e28570f069b91f643134aa96d3c502b883d49552abcc91cbd8303cb966a3887a9a43b4b3051aff69e858706168fb594fc6a53709c9d2788216cf138c2b9fbaa,1227641.0,M,,DEPLOYMENT UNKNOWN,NONE,NO INDICATION OF INJURY,UNKNOWN,UNKNOWN,UNKNOWN,,,,,2022-03-04 18:40:00,30,CLEAR,"DARKNESS, LIGHTED ROAD",PARKED MOTOR VEHICLE,ONE-WAY,DRY,NO DEFECTS,NOT ON SCENE (DESK REPORT),NO INJURY / DRIVE AWAY,,"OVER $1,500",03/05/2022 12:55:00 PM,UNABLE TO DETERMINE,UNABLE TO DETERMINE,,2,NO INDICATION OF INJURY,0.0,0.0,0.0,0.0,0.0,2.0,0.0,18,6,3,41.725586164,-87.583931905,POINT (-87.583931905226 41.725586164202),POINT (1188820.3531364559 1843485.3700455893),2022,9312 S CORNELL AVE
P301393,PASSENGER,64fb2a6eb156a12e59b89b511ad1cdcd4d9a2730f84f5f39c2b3b9366374aa62ba2609af723f2a0aede3824f892f23e6956e2e44d3403a08de194f1bf7372db0,1288037.0,M,16.0,NOT APPLICABLE,NONE,NO INDICATION OF INJURY,,,,,,,Y,2022-06-10 20:00:00,30,CLEAR,"DARKNESS, LIGHTED ROAD",SIDESWIPE SAME DIRECTION,NOT DIVIDED,DRY,UNKNOWN,NOT ON SCENE (DESK REPORT),NO INJURY / DRIVE AWAY,,"OVER $1,500",06/10/2022 09:55:00 PM,IMPROPER LANE USAGE,NOT APPLICABLE,,2,NO INDICATION OF INJURY,0.0,0.0,0.0,0.0,0.0,4.0,0.0,20,6,6,41.921584911,-87.668773108,POINT (-87.6687731076 41.921584911368),POINT (1165107.9833492495 1914716.1915115358),2022,2200 N ASHLAND AVE
O1376171,DRIVER,0f4a3c0a2c38be3cbf158d2cadc8bb9be31934ab5a1cc21e7107876f71a127887700cf91f2d416e31d5aaa467cb7733c97950654784b5ce65bc275056f9d405d,1307619.0,X,,DEPLOYMENT UNKNOWN,NONE,NO INDICATION OF INJURY,WRONG WAY/SIDE,UNKNOWN,UNKNOWN,,,,,2022-07-11 05:30:00,30,CLEAR,DAWN,HEAD ON,ONE-WAY,DRY,UNKNOWN,NOT ON SCENE (DESK REPORT),NO INJURY / DRIVE AWAY,Y,"OVER $1,500",07/11/2022 10:14:00 AM,UNABLE TO DETERMINE,UNABLE TO DETERMINE,,2,NO INDICATION OF INJURY,0.0,0.0,0.0,0.0,0.0,2.0,0.0,5,2,7,41.85041891,-87.707796811,POINT (-87.707796811174 41.850418910488),POINT (1154676.7939385443 1888703.4885576002),2022,2244 S SPAULDING AVE
O1285616,DRIVER,3e82ad65b81dae4571a4e5b5fd66dd3a857a45220daf0be1a0421d7c4f8e63d1c8e3fc4820a9e7ea8d1182bd89ca3aa36c292c4af9495d8455b81026972360c3,1220724.0,M,36.0,"DEPLOYED, COMBINATION",NONE,NO INDICATION OF INJURY,OTHER,NOT OBSCURED,NORMAL,,,,Y,2022-02-21 00:00:00,30,CLEAR,"DARKNESS, LIGHTED ROAD",OTHER OBJECT,DIVIDED - W/MEDIAN BARRIER,DRY,DEBRIS ON ROADWAY,ON SCENE,INJURY AND / OR TOW DUE TO CRASH,,"OVER $1,500",02/21/2022 12:02:00 AM,ROAD ENGINEERING/SURFACE/MARKING DEFECTS,UNABLE TO DETERMINE,,1,NO INDICATION OF INJURY,0.0,0.0,0.0,0.0,0.0,1.0,0.0,0,2,2,41.751460603,-87.585971993,POINT (-87.585971992965 41.751460603167),POINT (1188181.5710682059 1852908.9347892143),2022,7900 S STONY ISLAND AVE
O1347690,DRIVER,308825e8c485f288a5143428d90c05109e8954a25ec7878b161fd085cf3e697ed9226a6bd1309dd0e6271a764f99d8769519ffbfe6cb8f0ebce176f12bf9da41,1280456.0,M,26.0,DID NOT DEPLOY,UNKNOWN,NO INDICATION OF INJURY,UNKNOWN,UNKNOWN,NORMAL,,,,,2022-05-30 11:45:00,25,CLEAR,DAYLIGHT,FIXED OBJECT,ONE-WAY,DRY,NO DEFECTS,ON SCENE,INJURY AND / OR TOW DUE TO CRASH,,"OVER $1,500",05/30/2022 12:05:00 PM,UNABLE TO DETERMINE,UNABLE TO DETERMINE,,1,NO INDICATION OF INJURY,0.0,0.0,0.0,0.0,0.0,1.0,0.0,11,2,5,41.927862003,-87.707002291,POINT (-87.707002291332 41.927862002609),POINT (1154687.2765194483 1916925.2644428492),2022,3155 W LOGAN BLVD
O1385284,DRIVER,aef40e586ebff8ea7eec25e9e812fe0e02e24bf45e2df85103f8dadb322dc943c655e9867b73368c4b84d563e7e840058d28eb38f7cedf5b3675010d84a87a8c,1316242.0,M,24.0,DID NOT DEPLOY,NONE,NO INDICATION OF INJURY,IMPROPER TURN,NOT OBSCURED,UNKNOWN,,,,,2022-07-24 18:45:00,35,CLEAR,DAYLIGHT,TURNING,FOUR WAY,DRY,NO DEFECTS,ON SCENE,INJURY AND / OR TOW DUE TO CRASH,,"OVER $1,500",07/24/2022 06:45:00 PM,FAILING TO YIELD RIGHT-OF-WAY,DRIVING ON WRONG SIDE/WRONG WAY,,4,INCAPACITATING INJURY,1.0,0.0,1.0,0.0,0.0,3.0,0.0,18,1,7,41.882127728,-87.686605939,POINT (-87.686605939074 41.882127727678),POINT (1160363.2052499242 1900300.88328964),2022,34 N WESTERN AVE
O1276412,DRIVER,3e9709fe0b2725f97f129d52a72844b0ba38d29e6cdf4b767404c99e2e03ff0bdb9cf777b72f1009dffecff2abdc89b703be82d384da07de66af789d611f5c3a,1211832.0,M,46.0,DID NOT DEPLOY,NONE,NO INDICATION OF INJURY,NONE,NOT OBSCURED,NORMAL,,,,,2022-02-05 12:30:00,30,CLEAR,DAYLIGHT,ANGLE,FOUR WAY,SNOW OR SLUSH,NO DEFECTS,NOT ON SCENE (DESK REPORT),NO INJURY / DRIVE AWAY,Y,"OVER $1,500",02/05/2022 07:00:00 PM,UNABLE TO DETERMINE,NOT APPLICABLE,,2,NO INDICATION OF INJURY,0.0,0.0,0.0,0.0,0.0,3.0,0.0,12,7,2,41.754616352,-87.618085805,POINT (-87.618085804665 41.754616352204),POINT (1179409.1012750894 1853984.3794943013),2022,7701 S PRAIRIE AVE
O1292973,DRIVER,d482f374b4c05bcd53346e25c983dde4d694e96333762ead4baa2552b927a0d20812ecbdaa6835182254f03962664617d0a40c0c0883c568181b2ef68a3520ac,1227820.0,M,74.0,DEPLOYMENT UNKNOWN,NONE,NO INDICATION OF INJURY,FAILED TO YIELD,UNKNOWN,UNKNOWN,,,,,2022-02-13 15:24:00,10,CLEAR,DAYLIGHT,PEDESTRIAN,PARKING LOT,DRY,NO DEFECTS,,INJURY AND / OR TOW DUE TO CRASH,Y,$500 OR LESS,02/13/2022 04:40:00 PM,FAILING TO YIELD RIGHT-OF-WAY,UNABLE TO DETERMINE,,2,NONINCAPACITATING INJURY,1.0,0.0,0.0,1.0,0.0,1.0,0.0,15,1,2,41.946552826,-87.700535766,POINT (-87.700535765616 41.946552826169),POINT (1156396.6811299035 1923749.1626435427),2022,2901 W ADDISON ST
O1421558,DRIVER,0cd7d23cf849b9034885d5884908bb77f7906b5025a637aa1f5665b5eeaab80a50b218af30c22c1fd117aa0e5e44e81cbcec92eb379bacac629e44b30ab25cb8,1350953.0,M,,DEPLOYMENT UNKNOWN,NONE,NO INDICATION OF INJURY,UNKNOWN,UNKNOWN,UNKNOWN,,,,,2022-09-16 00:30:00,35,CLEAR,DARKNESS,TURNING,NOT DIVIDED,DRY,NO DEFECTS,NOT ON SCENE (DESK REPORT),NO INJURY / DRIVE AWAY,Y,"$501 - $1,500",09/17/2022 09:32:00 AM,UNABLE TO DETERMINE,UNABLE TO DETERMINE,,2,NO INDICATION OF INJURY,0.0,0.0,0.0,0.0,0.0,3.0,0.0,0,6,9,41.878542932,-87.632120577,POINT (-87.632120576746 41.87854293164),POINT (1175211.1078571058 1899111.1083026293),2022,231 S LA SALLE ST
O1315247,DRIVER,ccf1ae3947b73071228ee273dd341edfe42b4efff687f81f15c8c5387b8fd01da26762df3d1d6936c7968f82ecda642d5adef70ec45300cc3dd81f4f7c0c7def,1249184.0,M,32.0,NOT APPLICABLE,NONE,NO INDICATION OF INJURY,DISREGARDED CONTROL DEVICES,NOT OBSCURED,NORMAL,,,,,2022-04-10 17:00:00,30,CLEAR,DAYLIGHT,TURNING,FOUR WAY,DRY,NO DEFECTS,ON SCENE,INJURY AND / OR TOW DUE TO CRASH,,"OVER $1,500",04/10/2022 05:14:00 PM,DISREGARDING TRAFFIC SIGNALS,NOT APPLICABLE,,2,NO INDICATION OF INJURY,0.0,0.0,0.0,0.0,0.0,2.0,0.0,17,1,4,41.829402392,-87.704737833,POINT (-87.70473783278 41.829402392219),POINT (1155566.261233961 1881051.2374201377),2022,3514 S KEDZIE AVE
O1485524,DRIVER,1a30560d8fac07b3757d02dfd6459e5362b42d53ce88cffae2c4d7610db831249f11d8014d94c6ac0ed999f3a3d38c56e386b2f5a86f3af04160fd2d614b7103,1412101.0,X,,DEPLOYMENT UNKNOWN,UNKNOWN,NO INDICATION OF INJURY,UNKNOWN,UNKNOWN,UNKNOWN,,,,,2022-12-20 13:30:00,15,UNKNOWN,DAYLIGHT,PARKED MOTOR VEHICLE,NOT DIVIDED,UNKNOWN,UNKNOWN,NOT ON SCENE (DESK REPORT),NO INJURY / DRIVE AWAY,Y,"$501 - $1,500",12/21/2022 02:30:00 PM,UNABLE TO DETERMINE,NOT APPLICABLE,,2,NO INDICATION OF INJURY,0.0,0.0,0.0,0.0,0.0,1.0,0.0,13,3,12,41.789611845,-87.605084722,POINT (-87.605084722125 41.789611845183),POINT (1182848.5568041285 1866766.2412371703),2022,5758 S MARYLAND AVE
O1288741,DRIVER,9361be0caa447139d31a80a49e1745e5504c91698d8035fc3aaf4f3e08ff4199a9c4876b653df7b9d51519f21464f522c888365046761453a297551b5525b92b,1223744.0,M,37.0,"DEPLOYED, SIDE",NONE,NO INDICATION OF INJURY,FAILED TO YIELD,NOT OBSCURED,NORMAL,,,,,2022-02-26 10:45:00,30,CLEAR,DAYLIGHT,TURNING,NOT DIVIDED,DRY,NO DEFECTS,ON SCENE,INJURY AND / OR TOW DUE TO CRASH,,"OVER $1,500",02/26/2022 10:57:00 AM,FAILING TO REDUCE SPEED TO AVOID CRASH,NOT APPLICABLE,,2,NONINCAPACITATING INJURY,1.0,0.0,0.0,1.0,0.0,1.0,0.0,10,7,2,41.894779818,-87.686964029,POINT (-87.686964028592 41.894779818139),POINT (1160230.9633131558 1904910.5612636977),2022,726 N WESTERN AVE
P326243,PASSENGER,2b4106548112d6d906f12ca4efbb8e809810b73dee99e2270e9a1eccc5ff474f24ef01cf2cbcc696de3ec59704ee8177ae9a4715b4c132538be09be3ed0727ee,1400268.0,F,61.0,DID NOT DEPLOY,NONE,NO INDICATION OF INJURY,,,,,,,,2022-12-02 18:15:00,30,CLEAR,DUSK,PARKED MOTOR VEHICLE,NOT DIVIDED,DRY,NO DEFECTS,NOT ON SCENE (DESK REPORT),NO INJURY / DRIVE AWAY,Y,"OVER $1,500",12/02/2022 06:45:00 PM,UNABLE TO DETERMINE,NOT APPLICABLE,,2,NO INDICATION OF INJURY,0.0,0.0,0.0,0.0,0.0,3.0,0.0,18,6,12,41.885552528,-87.745312777,POINT (-87.745312777075 41.885552527599),POINT (1144367.8693727856 1901433.8694450315),2022,305 N CICERO AVE
O1407973,DRIVER,ba097c70c75dbb768cbff047faf798377345161cdb8b9b9637f626188f9615a843dba2aee22a16b51629027c2883438dfc7d2bd27f70885973067a38c55ab57f,1337977.0,M,67.0,NOT APPLICABLE,NONE,NO INDICATION OF INJURY,NONE,NOT OBSCURED,NORMAL,,,,,2022-08-28 14:30:00,30,CLEAR,DAYLIGHT,REAR END,DIVIDED - W/MEDIAN (NOT RAISED),DRY,NO DEFECTS,ON SCENE,NO INJURY / DRIVE AWAY,,"OVER $1,500",08/28/2022 04:45:00 PM,FOLLOWING TOO CLOSELY,UNABLE TO DETERMINE,,2,NO INDICATION OF INJURY,0.0,0.0,0.0,0.0,0.0,2.0,0.0,14,1,8,41.844669317,-87.652008489,POINT (-87.652008489423 41.844669316601),POINT (1169892.964853643 1886724.0116334874),2022,2700 S ARCHER AVE