PERSON_ID,PERSON_TYPE,CRASH_RECORD_ID,VEHICLE_ID,SEX,AGE,AIRBAG_DEPLOYED,EJECTION,INJURY_CLASSIFICATION,DRIVER_ACTION,DRIVER_VISION,PHYSICAL_CONDITION,PEDPEDAL_ACTION,PEDPEDAL_VISIBILITY,PEDPEDAL_LOCATION,CRASH_DATE_EST_I,CRASH_DATE,POSTED_SPEED_LIMIT,WEATHER_CONDITION,LIGHTING_CONDITION,FIRST_CRASH_TYPE,TRAFFICWAY_TYPE,ROADWAY_SURFACE_COND,ROAD_DEFECT,REPORT_TYPE,CRASH_TYPE,HIT_AND_RUN_I,DAMAGE,DATE_POLICE_NOTIFIED,PRIM_CONTRIBUTORY_CAUSE,SEC_CONTRIBUTORY_CAUSE,DOORING_I,NUM_UNITS,MOST_SEVERE_INJURY,INJURIES_TOTAL,INJURIES_FATAL,INJURIES_INCAPACITATING,INJURIES_NON_INCAPACITATING,INJURIES_REPORTED_NOT_EVIDENT,INJURIES_NO_INDICATION,INJURIES_UNKNOWN,CRASH_HOUR,CRASH_DAY_OF_WEEK,CRASH_MONTH,LATITUDE,LONGITUDE,LOCATION,geometry,YEAR,ADDRESS
P315604,PASSENGER,d2fa171de3058afd4e83865482ea1e1ac0dcddb1a318cf515aaf2766e59e8a1b46312a85fb7a4aff87e686a54b2eacb4b13a1463c36c72bf6af2143dfb570b2f,1350251.0,F,,NOT APPLICABLE,NONE,NO INDICATION OF INJURY,,,,,,,,2022-09-16 12:58:00,30,CLEAR,DAYLIGHT,ANGLE,NOT DIVIDED,DRY,NO DEFECTS,NOT ON SCENE (DESK REPORT),NO INJURY / DRIVE AWAY,Y,"$501 - $1,500",09/16/2022 02:00:00 PM,UNABLE TO DETERMINE,NOT APPLICABLE,,2,NO INDICATION OF INJURY,0.0,0.0,0.0,0.0,0.0,3.0,0.0,12,6,9,41.707023014,-87.628415719,POINT (-87.6284157193 41.707023014),POINT (1176732.5439057928 1836618.5851674362),2022,10300 S WENTWORTH AVE
O1411950,DRIVER,10a0258f528a06e827e6969a8c65a88b776efd7336c8a5621734581e9b9172bfbadd6a923726b7a4da4e9c2817a80b3685ecd26d07030d95fb6bfc22458cd669,1341742.0,M,20.0,DEPLOYMENT UNKNOWN,NONE,NO INDICATION OF INJURY,UNKNOWN,UNKNOWN,UNKNOWN,,,,,2022-09-02 23:24:00,30,CLEAR,"DARKNESS, LIGHTED ROAD",PARKED MOTOR VEHICLE,ONE-WAY,DRY,UNKNOWN,ON SCENE,NO INJURY / DRIVE AWAY,,"$501 - $1,500",09/02/2022 11:27:00 PM,UNABLE TO DETERMINE,UNABLE TO DETERMINE,,2,NO INDICATION OF INJURY,0.0,0.0,0.0,0.0,0.0,5.0,0.0,23,6,9,41.997656842,-87.68880702,POINT (-87.68880701956 41.997656841886),POINT (1159447.2874427768 1942395.471787193),2022,6358 N CLAREMONT AVE
O1398827,DRIVER,8341c59549ee0dad6b5dbf496b57209751238f79f85f7c5ffec3afcb36d5e6ac896ef63fec32abb6e12a793073d5696b3c907c1c77ebfc954d26753ec81ad8c3,1329214.0,M,51.0,NOT APPLICABLE,NONE,NO INDICATION OF INJURY,FAILED TO YIELD,NOT OBSCURED,NORMAL,,,,,2022-08-12 13:05:00,20,CLEAR,DAYLIGHT,ANGLE,PARKING LOT,DRY,NO DEFECTS,NOT ON SCENE (DESK REPORT),NO INJURY / DRIVE AWAY,,"OVER $1,500",08/14/2022 07:15:00 PM,FAILING TO YIELD RIGHT-OF-WAY,UNABLE TO DETERMINE,,2,NO INDICATION OF INJURY,0.0,0.0,0.0,0.0,0.0,2.0,0.0,13,6,8,41.976201139,-87.905309125,POINT (-87.905309125103 41.976201139024),POINT (1100635.8917230505 1934208.3565550821),2022,10000 W OHARE ST
O1471030,DRIVER,4f15f47bc8bfc85d40b5cbc4dfb4059a0f312dbe0948018621e5f40e7eb8767be40ead46e94427a2d1ac6d04f1fc2d1c4e00e9b5a47da18b6abbceaefb6f5904,1398177.0,F,33.0,NOT APPLICABLE,NONE,NO INDICATION OF INJURY,NONE,NOT OBSCURED,NORMAL,,,,N,2022-11-29 07:55:00,30,CLEAR,DAYLIGHT,TURNING,FOUR WAY,DRY,NO DEFECTS,ON SCENE,NO INJURY / DRIVE AWAY,,"OVER $1,500",11/29/2022 07:56:00 AM,FAILING TO YIELD RIGHT-OF-WAY,NOT APPLICABLE,,3,NO INDICATION OF INJURY,0.0,0.0,0.0,0.0,0.0,3.0,0.0,7,3,11,41.891817955,-87.724695734,POINT (-87.72469573397 41.891817954935),POINT (1149965.7147293328 1903756.1279301348),2022,3932 W OHIO ST
O1381527,DRIVER,b1a80d13267a3e9b0d423f5ce0c26af967d8480c446bbfd824b52fd4613a43fed1d54ebae675b082404e3e4030e5c4a9bb9d0657f27277d094b9e1dd28136527,1312728.0,M,45.0,NOT APPLICABLE,NONE,NO INDICATION OF INJURY,UNKNOWN,UNKNOWN,UNKNOWN,,,,,2022-07-19 12:43:00,30,CLEAR,DAYLIGHT,PARKED MOTOR VEHICLE,PARKING LOT,UNKNOWN,UNKNOWN,NOT ON SCENE (DESK REPORT),NO INJURY / DRIVE AWAY,,"OVER $1,500",07/19/2022 01:20:00 PM,UNABLE TO DETERMINE,NOT APPLICABLE,,2,NO INDICATION OF INJURY,0.0,0.0,0.0,0.0,0.0,2.0,0.0,12,3,7,41.765671112,-87.566653173,POINT (-87.566653172711 41.765671111588),POINT (1193406.9602002287 1858133.5160336052),2022,7114 S YATES BLVD
O1288492,DRIVER,3635b893613eb8ee2f7ee4d2f5d2139482b900d7285cc2ef0947b6390392e6541536eac33c170c1a12b464600997bed196f898bd15e4c21d80923ba3d6d7257d,1223496.0,X,,DEPLOYMENT UNKNOWN,NONE,NO INDICATION OF INJURY,UNKNOWN,UNKNOWN,UNKNOWN,,,,,2022-02-25 23:45:00,30,SNOW,"DARKNESS, LIGHTED ROAD",REAR END,NOT DIVIDED,SNOW OR SLUSH,NO DEFECTS,ON SCENE,NO INJURY / DRIVE AWAY,Y,"OVER $1,500",02/25/2022 11:52:00 PM,UNABLE TO DETERMINE,UNABLE TO DETERMINE,,2,NO INDICATION OF INJURY,0.0,0.0,0.0,0.0,0.0,3.0,0.0,23,6,2,41.851988031,-87.680802047,POINT (-87.680802047089 41.851988031245),POINT (1162027.1800232416 1889330.0025787037),2022,2201 W CERMAK RD
O1419517,DRIVER,502cf6e851b49deb57e521cc00316ef5fd871f437fbbd97e722aab61eabae65b878c7e097195a2a702844ad332b4ddb6f85db53e6e69748406783e1a665a20d8,1348996.0,M,35.0,DID NOT DEPLOY,NONE,NO INDICATION OF INJURY,NONE,NOT OBSCURED,NORMAL,,,,,2022-09-14 14:40:00,30,CLEAR,DAYLIGHT,REAR END,NOT DIVIDED,DRY,NO DEFECTS,ON SCENE,NO INJURY / DRIVE AWAY,,"OVER $1,500",09/14/2022 02:45:00 PM,FOLLOWING TOO CLOSELY,NOT APPLICABLE,,2,NO INDICATION OF INJURY,0.0,0.0,0.0,0.0,0.0,3.0,0.0,14,4,9,41.946457933,-87.72944061,POINT (-87.729440609689 41.946457933049),POINT (1148533.5989761683 1923657.8560439309),2022,4104 W ADDISON ST
P320985,PASSENGER,7d0d15e7740b672b82a7529dda745c73ad2501df379583e8f1a96a098acdd5b408fa7ff1ccc7b8c426213bb9525efef51fb1546fb90fa644b8246510703dd137,1375013.0,F,,DID NOT DEPLOY,NONE,NONINCAPACITATING INJURY,,,,,,,,2022-10-23 16:10:00,30,UNKNOWN,DAYLIGHT,TURNING,FOUR WAY,UNKNOWN,UNKNOWN,NOT ON SCENE (DESK REPORT),INJURY AND / OR TOW DUE TO CRASH,N,"$501 - $1,500",10/23/2022 05:00:00 PM,UNABLE TO DETERMINE,NOT APPLICABLE,,2,NONINCAPACITATING INJURY,1.0,0.0,0.0,1.0,0.0,4.0,0.0,16,1,10,42.010382552,-87.670227794,POINT (-87.670227793946 42.010382552345),POINT (1164461.661697178 1947071.3675941117),2022,1600 W GREENLEAF AVE
O1303837,DRIVER,15957c978f846b06e2ea368fe258cd59e45356e610d1ab5b4c90cfa57385ffe3f8657c6619d67837c3f679a018365e06aaf748a992d82bf5105bec713a0c8a41,1238224.0,M,,DEPLOYMENT UNKNOWN,NONE,NO INDICATION OF INJURY,UNKNOWN,UNKNOWN,UNKNOWN,,,,,2022-03-22 20:30:00,30,RAIN,DARKNESS,PARKED MOTOR VEHICLE,NOT DIVIDED,WET,NO DEFECTS,NOT ON SCENE (DESK REPORT),NO INJURY / DRIVE AWAY,,"$501 - $1,500",03/23/2022 03:08:00 PM,UNABLE TO DETERMINE,UNABLE TO DETERMINE,,2,NO INDICATION OF INJURY,0.0,0.0,0.0,0.0,0.0,2.0,0.0,20,3,3,41.893235481,-87.628265053,POINT (-87.628265053391 41.893235480838),POINT (1176217.097491837 1904473.6695705713),2022,626 N STATE ST
P291597,PASSENGER,eb3236170a1f7e11ea36d42b047a05f72f72c5fc7c35449b947731ebcc9884a218d202e7a2e25477e7ad4d92cb673a11e5ad10cd3af391e303277ff7e1a7897a,1244505.0,,,NOT APPLICABLE,NONE,NO INDICATION OF INJURY,,,,,,,,2022-04-02 21:00:00,30,CLEAR,"DARKNESS, LIGHTED ROAD",REAR END,ONE-WAY,DRY,NO DEFECTS,NOT ON SCENE (DESK REPORT),NO INJURY / DRIVE AWAY,Y,"OVER $1,500",04/02/2022 10:10:00 PM,FOLLOWING TOO CLOSELY,UNABLE TO DETERMINE,,2,NO INDICATION OF INJURY,0.0,0.0,0.0,0.0,0.0,5.0,0.0,21,7,4,41.766497637,-87.624777387,POINT (-87.624777386687 41.766497636529),POINT (1177547.5957721327 1858298.7133336002),2022,7029 S STATE ST
O1298676,DRIVER,010aa827b8499efe9628440ae9db9580675cd675a97a4e39e1a8e05159b08c52cd6479166a36a670021a0c9632a54b717da11f1c2325bfbe5252d222956b10d8,1233281.0,F,22.0,"DEPLOYED, FRONT",NONE,NO INDICATION OF INJURY,DISREGARDED CONTROL DEVICES,NOT OBSCURED,NORMAL,,,,,2022-03-15 16:01:00,30,CLEAR,DAYLIGHT,ANGLE,UNKNOWN INTERSECTION TYPE,DRY,NO DEFECTS,ON SCENE,INJURY AND / OR TOW DUE TO CRASH,,"OVER $1,500",03/15/2022 04:02:00 PM,DISREGARDING TRAFFIC SIGNALS,UNABLE TO DETERMINE,,2,NO INDICATION OF INJURY,0.0,0.0,0.0,0.0,0.0,2.0,0.0,16,3,3,41.940183451,-87.638910421,POINT (-87.638910420799 41.940183450829),POINT (1173180.1702872657 1921557.939808956),2022,3198 N LAKE SHORE DR
O1428809,DRIVER,6c6604a6ef2681b5dacfe255be0f0eb733f549494666b8e5bc9282cbbc8d171ccbe0cec928523f810e97f3063a934891730a6043fdc1e150ce2f47ce315d099c,1357871.0,M,59.0,NOT APPLICABLE,NONE,NO INDICATION OF INJURY,NONE,NOT OBSCURED,NORMAL,,,,,2022-09-27 15:37:00,30,CLEAR,DAYLIGHT,REAR END,DIVIDED - W/MEDIAN (NOT RAISED),DRY,NO DEFECTS,NOT ON SCENE (DESK REPORT),NO INJURY / DRIVE AWAY,,"OVER $1,500",09/27/2022 05:30:00 PM,FOLLOWING TOO CLOSELY,FAILING TO REDUCE SPEED TO AVOID CRASH,,2,NO INDICATION OF INJURY,0.0,0.0,0.0,0.0,0.0,2.0,0.0,15,3,9,41.809076419,-87.606700972,POINT (-87.606700972398 41.80907641907),POINT (1182347.8331107697 1873855.2929770155),2022,4714 S COTTAGE GROVE AVE
O1362259,DRIVER,0d325209a1724c925f7abae7878059389e65619049daf31176085e445cf857b90f7d80d5a880d5d82d79c192143a8743618e4f9ab1803d8e9b25d027db876a63,1294404.0,F,30.0,NOT APPLICABLE,NONE,NO INDICATION OF INJURY,NONE,NOT OBSCURED,NORMAL,,,,Y,2022-06-20 03:05:00,30,CLEAR,"DARKNESS, LIGHTED ROAD",TURNING,ONE-WAY,DRY,NO DEFECTS,ON SCENE,NO INJURY / DRIVE AWAY,Y,"OVER $1,500",06/20/2022 03:26:00 AM,IMPROPER TURNING/NO SIGNAL,UNABLE TO DETERMINE,,2,NO INDICATION OF INJURY,0.0,0.0,0.0,0.0,0.0,5.0,0.0,3,2,6,41.796894862,-87.623998842,POINT (-87.623998842085 41.796894862413),POINT (1177668.6142182495 1869377.003537731),2022,5347 S WABASH AVE
O1362531,DRIVER,034a58850181fcea792a310cb2b73c990ca422023d686a7a2d8ca55fdf03fb82c6ac426fb8594bf20ed8ce3acb3a8ffbb82425840d9990465bbd4ccde5d63d86,1294649.0,X,,DEPLOYMENT UNKNOWN,NONE,NO INDICATION OF INJURY,UNKNOWN,UNKNOWN,UNKNOWN,,,,,2022-06-18 03:40:00,30,UNKNOWN,"DARKNESS, LIGHTED ROAD",PARKED MOTOR VEHICLE,DIVIDED - W/MEDIAN BARRIER,UNKNOWN,UNKNOWN,NOT ON SCENE (DESK REPORT),NO INJURY / DRIVE AWAY,Y,"OVER $1,500",06/20/2022 01:40:00 PM,UNABLE TO DETERMINE,UNABLE TO DETERMINE,,2,NO INDICATION OF INJURY,0.0,0.0,0.0,0.0,0.0,1.0,0.0,3,7,6,41.863838082,-87.72018802,POINT (-87.720188019965 41.86383808183),POINT (1151265.8879559017 1893569.0464344157),2022,1316 S INDEPENDENCE BLVD
O1456011,DRIVER,d7d90e162b33d4b627cc4f1dba0a7bcd346383b89bd64ace40dd0bc33639fe2a89e6a2b7c0a317091549858be8993cdfe2b1be97f4095d7f1ba60a1a002f3cf6,1383797.0,F,28.0,NOT APPLICABLE,NONE,NO INDICATION OF INJURY,NONE,NOT OBSCURED,NORMAL,,,,,2022-11-05 13:30:00,35,CLEAR,DAYLIGHT,REAR END,NOT DIVIDED,DRY,NO DEFECTS,NOT ON SCENE (DESK REPORT),NO INJURY / DRIVE AWAY,Y,"OVER $1,500",11/05/2022 02:10:00 PM,FOLLOWING TOO CLOSELY,NOT APPLICABLE,,2,NO INDICATION OF INJURY,0.0,0.0,0.0,0.0,0.0,3.0,0.0,13,7,11,41.810347474,-87.593417649,POINT (-87.593417648828 41.81034747385),POINT (1185965.2283180133 1874349.3578650996),2022,4646 S LAKE PARK AVE
P313584,PASSENGER,0203ea6741b00af871a276f3eba1af635a50dfbf9fc0b2a8c963a5cef313c1a47bbee1ca8fd41de40030c74b8161ffbe2316019482ac15db1d3a07328fd33916,1341649.0,,,NOT APPLICABLE,NONE,NO INDICATION OF INJURY,,,,,,,,2022-09-02 18:29:00,30,CLEAR,DAYLIGHT,REAR TO FRONT,NOT DIVIDED,DRY,NO DEFECTS,NOT ON SCENE (DESK REPORT),NO INJURY / DRIVE AWAY,Y,"OVER $1,500",09/02/2022 07:05:00 PM,DISTRACTION - FROM OUTSIDE VEHICLE,"EVASIVE ACTION DUE TO ANIMAL, OBJECT, NONMOTORIST",,2,NO INDICATION OF INJURY,0.0,0.0,0.0,0.0,0.0,5.0,0.0,18,6,9,41.877073723,-87.735549947,POINT (-87.735549947337 41.877073722683),POINT (1147047.8171343203 1898362.5733492663),2022,4402 W JACKSON BLVD
O1333938,DRIVER,21fbbea47bd5f212e6abe41389188f3883f0a9bbf857bc0df0282add0fed4445089762d33a3af2a5c8fcf1d6281e4eec2be2ed9651e82f4c40b1d50e9dccc21f,1267191.0,M,,DEPLOYMENT UNKNOWN,NONE,NO INDICATION OF INJURY,UNKNOWN,UNKNOWN,UNKNOWN,,,,,2022-05-10 08:00:00,25,CLEAR,DAYLIGHT,PEDESTRIAN,ONE-WAY,DRY,UNKNOWN,NOT ON SCENE (DESK REPORT),INJURY AND / OR TOW DUE TO CRASH,N,$500 OR LESS,05/10/2022 08:35:00 AM,"OPERATING VEHICLE IN ERRATIC, RECKLESS, CARELESS, NEGLIGENT OR AGGRESSIVE MANNER",UNABLE TO DETERMINE,,2,NONINCAPACITATING INJURY,1.0,0.0,0.0,1.0,0.0,1.0,0.0,8,3,5,42.012627632,-87.687700436,POINT (-87.687700436135 42.012627631996),POINT (1159706.9437633706 1947853.1927228824),2022,7210 N OAKLEY AVE
O1319306,DRIVER,331cc73630bffe7cbdff858595025f583ecf3e9b23af7c6671372bcffa0dcfcdea716d3631e64784007507312420caebe4b5796812b19267841852dc002124db,1253075.0,X,,DEPLOYMENT UNKNOWN,NONE,NO INDICATION OF INJURY,UNKNOWN,UNKNOWN,UNKNOWN,,,,Y,2022-04-15 06:41:00,20,UNKNOWN,UNKNOWN,PARKED MOTOR VEHICLE,ONE-WAY,UNKNOWN,UNKNOWN,NOT ON SCENE (DESK REPORT),NO INJURY / DRIVE AWAY,Y,"OVER $1,500",04/18/2022 12:00:00 PM,UNABLE TO DETERMINE,NOT APPLICABLE,,2,NO INDICATION OF INJURY,0.0,0.0,0.0,0.0,0.0,1.0,0.0,6,6,4,41.767214562,-87.623488432,POINT (-87.623488432039 41.767214562184),POINT (1177897.0751003001 1858562.8547716218),2022,7002 S WABASH AVE
O1311632,DRIVER,6972554e14b3379266ead2ad1759d08c00a5181e7508bab3eebdc7ebc9e1567b1441a391f6d343855df9f6fcb1fafc77fa48fb6a2a3256694d973299364ba86a,1245687.0,M,30.0,DID NOT DEPLOY,NONE,NO INDICATION OF INJURY,DISREGARDED CONTROL DEVICES,UNKNOWN,NORMAL,,,,,2022-04-04 17:50:00,30,CLEAR,DAYLIGHT,ANGLE,FOUR WAY,DRY,UNKNOWN,ON SCENE,INJURY AND / OR TOW DUE TO CRASH,,"OVER $1,500",04/04/2022 05:52:00 PM,DISREGARDING TRAFFIC SIGNALS,UNABLE TO DETERMINE,,2,NO INDICATION OF INJURY,0.0,0.0,0.0,0.0,0.0,4.0,0.0,17,2,4,41.875584234,-87.627765504,POINT (-87.627765503911 41.875584234189),POINT (1176405.9936398813 1898042.6819458639),2022,500 S STATE ST
O1480477,DRIVER,c661ba7bd3c23494547ca97ec45821038c6258a168af06877a98c79b5b499beedd29a87cca575f0865ef2de87766958753d80e77b9366bc7c6f247e947ba552d,1407272.0,M,46.0,DID NOT DEPLOY,NONE,NO INDICATION OF INJURY,NONE,NOT OBSCURED,NORMAL,,,,,2022-12-13 23:50:00,45,RAIN,DAYLIGHT,SIDESWIPE SAME DIRECTION,DIVIDED - W/MEDIAN (NOT RAISED),WET,NO DEFECTS,NOT ON SCENE (DESK REPORT),NO INJURY / DRIVE AWAY,,"OVER $1,500",12/14/2022 09:45:00 AM,IMPROPER LANE USAGE,NOT APPLICABLE,,2,NO INDICATION OF INJURY,0.0,0.0,0.0,0.0,0.0,2.0,0.0,23,3,12,41.900752974,-87.624235,POINT (-87.62423499978 41.900752974042),POINT (1177291.7145763463 1907222.0891228968),2022,1000 N LAKE SHORE DR
O1291632,PEDESTRIAN,81eecafcfd2f0c63a3ae7aa7f3bae3aaf94de86e3702571ddf2ff06f6c10f4fb394d2fdf1a605cf4291df43062efbdd788350239e7e6bd04b701d2f6b95afb85,,M,,,,NO INDICATION OF INJURY,OTHER,NOT OBSCURED,UNKNOWN,OTHER ACTION,NO CONTRASTING CLOTHING,UNKNOWN/NA,,2022-03-03 11:43:00,30,CLEAR,DAYLIGHT,PEDESTRIAN,PARKING LOT,DRY,NO DEFECTS,NOT ON SCENE (DESK REPORT),NO INJURY / DRIVE AWAY,Y,$500 OR LESS,03/03/2022 12:00:00 PM,NOT APPLICABLE,NOT APPLICABLE,,2,NO INDICATION OF INJURY,0.0,0.0,0.0,0.0,0.0,2.0,0.0,11,5,3,41.91102851,-87.648335806,POINT (-87.64833580602 41.911028509812),POINT (1170700.6842201632 1910913.190749602),2022,800 W NORTH AVE
O1467829,DRIVER,044422f8b493005f7f8930694df5498d9e32b18f1c9d292ac3fe72cd8cac44dfd82dc116d6babb35490b85b398704b1f5a5a82f8e5046ef241e8df550a7feaa6,1395103.0,F,49.0,DID NOT DEPLOY,NONE,NO INDICATION OF INJURY,IMPROPER LANE CHANGE,UNKNOWN,NORMAL,,,,,2022-11-23 09:10:00,30,CLEAR,DAYLIGHT,SIDESWIPE SAME DIRECTION,DIVIDED - W/MEDIAN (NOT RAISED),DRY,NO DEFECTS,ON SCENE,NO INJURY / DRIVE AWAY,,"OVER $1,500",11/23/2022 10:50:00 AM,FAILING TO YIELD RIGHT-OF-WAY,IMPROPER LANE USAGE,,2,NO INDICATION OF INJURY,0.0,0.0,0.0,0.0,0.0,2.0,0.0,9,4,11,41.823641208,-87.623529721,POINT (-87.623529720602 41.823641207657),POINT (1177716.0355976678 1879124.2913125094),2022,77 E PERSHING RD
O1256407,DRIVER,d94c01117f605f89ec69b9a9c61e2067cfbc3644c00c3e0b2b1390e09a9b0728240897df841bea559ee5322efc6d7e9cfd8ad3928b9712153f5eafaff26e44a6,1192584.0,X,,DEPLOYMENT UNKNOWN,UNKNOWN,NO INDICATION OF INJURY,UNKNOWN,UNKNOWN,UNKNOWN,,,,Y,2022-01-02 16:05:00,30,SNOW,UNKNOWN,PARKED MOTOR VEHICLE,ONE-WAY,SNOW OR SLUSH,UNKNOWN,NOT ON SCENE (DESK REPORT),NO INJURY / DRIVE AWAY,Y,"$501 - $1,500",01/02/2022 05:00:00 PM,UNABLE TO DETERMINE,UNABLE TO DETERMINE,,2,NO INDICATION OF INJURY,0.0,0.0,0.0,0.0,0.0,1.0,0.0,16,1,1,41.877664255,-87.755935282,POINT (-87.755935281767 41.877664255206),POINT (1141494.6919094126 1898539.7550724582),2022,5222 W QUINCY ST
O1385370,DRIVER,bfa2482712f03c4a436c3b8cf2e4602dd9cc523a71ff94e0ce0af5126fd93c86e83e60d78613e898621ffa22dda02d187f86cbca86f5d6f1fc05ec2e2eb85335,1316320.0,M,35.0,DID NOT DEPLOY,NONE,NO INDICATION OF INJURY,NONE,NOT OBSCURED,NORMAL,,,,,2022-07-24 04:00:00,30,CLEAR,"DARKNESS, LIGHTED ROAD",REAR END,NOT DIVIDED,DRY,NO DEFECTS,NOT ON SCENE (DESK REPORT),NO INJURY / DRIVE AWAY,Y,"OVER $1,500",07/24/2022 04:30:00 AM,UNABLE TO DETERMINE,NOT APPLICABLE,,2,NO INDICATION OF INJURY,0.0,0.0,0.0,0.0,0.0,2.0,0.0,4,1,7,41.771266998,-87.722719726,POINT (-87.722719726454 41.771266997713),POINT (1150815.97370228 1859831.7338400984),2022,6702 S PULASKI RD
O1336634,DRIVER,66e765d6fdfdd58d7cb48704f723a60917bb81c8c08d773545c3bc4198c3fe549c8d77e2568bf5329d25f5f0ae9a7f3ba59b18ee318fa1248b89713288642616,1269769.0,M,57.0,DID NOT DEPLOY,NONE,NO INDICATION OF INJURY,FAILED TO YIELD,BLINDED - SUNLIGHT,NORMAL,,,,,2022-05-13 16:35:00,30,CLEAR,DAYLIGHT,TURNING,FOUR WAY,DRY,NO DEFECTS,ON SCENE,INJURY AND / OR TOW DUE TO CRASH,,"OVER $1,500",05/13/2022 04:39:00 PM,FAILING TO YIELD RIGHT-OF-WAY,NOT APPLICABLE,,2,NO INDICATION OF INJURY,0.0,0.0,0.0,0.0,0.0,2.0,0.0,16,6,5,41.844800786,-87.695252594,POINT (-87.695252593724 41.844800785514),POINT (1158109.6800822588 1886681.4081447572),2022,2800 W 26TH ST
O1298328,DRIVER,59d80f747369a6dab5cf0e7d4feeddf04cbc8a604c094d84e522327f2940880ce7f6376b1c4df9d623d69993cf9df430f0b731fd187973fb1afd58acbd16acb3,1232953.0,M,40.0,NOT APPLICABLE,NONE,NO INDICATION OF INJURY,NONE,NOT OBSCURED,NORMAL,,,,,2022-03-14 21:00:00,30,CLEAR,"DARKNESS, LIGHTED ROAD",ANGLE,FOUR WAY,UNKNOWN,NO DEFECTS,NOT ON SCENE (DESK REPORT),NO INJURY / DRIVE AWAY,,"OVER $1,500",03/14/2022 09:10:00 PM,FAILING TO REDUCE SPEED TO AVOID CRASH,NOT APPLICABLE,,2,NO INDICATION OF INJURY,0.0,0.0,0.0,0.0,0.0,2.0,0.0,21,2,3,41.757126368,-87.562844923,POINT (-87.562844923082 41.757126368344),POINT (1194473.7796490048 1855029.1599312786),2022,7600 S KINGSTON AVE
O1486055,DRIVER,5df373c517ccb4c208b1306c6230d7373a5d3cfd2d1aae9cfd6e4cde26e9378847ef5543c50a652ee10156a518fd8609cdc855b1e3c36401d52f5c5cddc2e320,1412623.0,M,21.0,NOT APPLICABLE,NONE,NO INDICATION OF INJURY,FAILED TO YIELD,UNKNOWN,UNKNOWN,,,,,2022-12-21 23:15:00,30,CLEAR,"DARKNESS, LIGHTED ROAD",REAR END,NOT DIVIDED,DRY,NO DEFECTS,NOT ON SCENE (DESK REPORT),NO INJURY / DRIVE AWAY,,"$501 - $1,500",12/22/2022 10:10:00 AM,FOLLOWING TOO CLOSELY,FAILING TO REDUCE SPEED TO AVOID CRASH,,2,NO INDICATION OF INJURY,0.0,0.0,0.0,0.0,0.0,3.0,0.0,23,4,12,41.946791809,-87.698094337,POINT (-87.698094337095 41.946791809318),POINT (1157060.2065305994 1923841.1616777575),2022,2800 W ADDISON ST
O1452530,DRIVER,1bc1f83e98eb7998849c940c45dd4d79cf07068e191adda51b6506570f88782b237361219a7df4552fe4c84c963a7a0fb8749e594fa58819d73e7dd70337629d,1380497.0,F,25.0,NOT APPLICABLE,NONE,NO INDICATION OF INJURY,NONE,NOT OBSCURED,NORMAL,,,,,2022-10-31 15:27:00,30,CLEAR,DAYLIGHT,PEDESTRIAN,NOT DIVIDED,DRY,NO DEFECTS,ON SCENE,NO INJURY / DRIVE AWAY,,$500 OR LESS,10/31/2022 03:27:00 PM,NOT APPLICABLE,NOT APPLICABLE,,2,NO INDICATION OF INJURY,0.0,0.0,0.0,0.0,0.0,2.0,0.0,15,2,10,41.913753774,-87.646093469,POINT (-87.646093469217 41.913753774226),POINT (1171303.0757027457 1911911.1625708903),2022,703 W WILLOW ST
O1360672,DRIVER,041819b7460e42031f438333f9fbb979ef841821416487c5e4c112b7d396ecd5ba265d8f704fb9e89526e0dde65e001d0d4752c958922a029209d694b60f49cd,1292863.0,M,34.0,NOT APPLICABLE,NONE,NO INDICATION OF INJURY,OTHER,UNKNOWN,NORMAL,,,,Y,2022-06-17 18:00:00,30,CLEAR,DAYLIGHT,REAR END,NOT DIVIDED,DRY,NO DEFECTS,ON SCENE,INJURY AND / OR TOW DUE TO CRASH,,"OVER $1,500",06/17/2022 06:22:00 PM,UNABLE TO DETERMINE,UNABLE TO DETERMINE,,2,NO INDICATION OF INJURY,0.0,0.0,0.0,0.0,0.0,2.0,0.0,18,6,6,41.955982984,-87.786528274,POINT (-87.786528273972 41.955982983702),POINT (1132981.2133579908 1927024.5619548054),2022,4141 N NARRAGANSETT AVE
O1421671,DRIVER,9acb91114ea8e31189f9afa1dfcfa95023d62af5987871becc02b801ce2c0896edd5c7180936e845355891bf8f60c47a31913d550508442d343e24739e547730,1351059.0,M,27.0,DID NOT DEPLOY,NONE,NO INDICATION OF INJURY,FAILED TO YIELD,NOT OBSCURED,NORMAL,,,,,2022-09-17 09:55:00,30,CLEAR,DAYLIGHT,ANGLE,NOT DIVIDED,DRY,NO DEFECTS,ON SCENE,INJURY AND / OR TOW DUE TO CRASH,,"OVER $1,500",09/17/2022 10:51:00 AM,FAILING TO YIELD RIGHT-OF-WAY,DRIVING SKILLS/KNOWLEDGE/EXPERIENCE,,2,NO INDICATION OF INJURY,0.0,0.0,0.0,0.0,0.0,2.0,0.0,9,7,9,41.945067829,-87.761954483,POINT (-87.761954483017 41.945067828985),POINT (1139691.835414584 1923090.6580151243),2022,3530 N LONG AVE