PERSON_ID,PERSON_TYPE,CRASH_RECORD_ID,VEHICLE_ID,SEX,AGE,AIRBAG_DEPLOYED,EJECTION,INJURY_CLASSIFICATION,DRIVER_ACTION,DRIVER_VISION,PHYSICAL_CONDITION,PEDPEDAL_ACTION,PEDPEDAL_VISIBILITY,PEDPEDAL_LOCATION,CRASH_DATE_EST_I,CRASH_DATE,POSTED_SPEED_LIMIT,WEATHER_CONDITION,LIGHTING_CONDITION,FIRST_CRASH_TYPE,TRAFFICWAY_TYPE,ROADWAY_SURFACE_COND,ROAD_DEFECT,REPORT_TYPE,CRASH_TYPE,HIT_AND_RUN_I,DAMAGE,DATE_POLICE_NOTIFIED,PRIM_CONTRIBUTORY_CAUSE,SEC_CONTRIBUTORY_CAUSE,DOORING_I,NUM_UNITS,MOST_SEVERE_INJURY,INJURIES_TOTAL,INJURIES_FATAL,INJURIES_INCAPACITATING,INJURIES_NON_INCAPACITATING,INJURIES_REPORTED_NOT_EVIDENT,INJURIES_NO_INDICATION,INJURIES_UNKNOWN,CRASH_HOUR,CRASH_DAY_OF_WEEK,CRASH_MONTH,LATITUDE,LONGITUDE,LOCATION,geometry,YEAR,ADDRESS
P289164,PASSENGER,4ead0bf55ba9fde011afcd50e36e2c7243e5071859b1de9a555fc9f928e76db02d7ca0b59d0de692c4737da7e06571bc0abdc278c394a06ad3ff844d826d5278,1233416.0,F,39.0,DID NOT DEPLOY,NONE,NO INDICATION OF INJURY,,,,,,,,2022-03-15 17:00:00,30,CLEAR,DAYLIGHT,PEDALCYCLIST,NOT DIVIDED,DRY,NO DEFECTS,ON SCENE,INJURY AND / OR TOW DUE TO CRASH,,$500 OR LESS,03/15/2022 05:15:00 PM,UNABLE TO DETERMINE,UNABLE TO DETERMINE,,2,NONINCAPACITATING INJURY,1.0,0.0,0.0,1.0,0.0,2.0,0.0,17,3,3,41.964975618,-87.688858061,POINT (-87.688858060648 41.964975618235),POINT (1159523.0194852157 1930486.1627182807),2022,2400 W WILSON AVE
O1383802,DRIVER,3f6dc577d9bd9438df5dee72ad3b469db6e830baf11fc90407e0ca9aa3f4ec53687cdbe40a4ae9a35f1695faa8c677f9b18c8367e57adf54f312f4d2384a2238,1314826.0,M,,DEPLOYMENT UNKNOWN,NONE,NO INDICATION OF INJURY,UNKNOWN,UNKNOWN,UNKNOWN,,,,,2022-07-22 12:45:00,30,CLEAR,DAYLIGHT,PARKED MOTOR VEHICLE,NOT DIVIDED,DRY,NO DEFECTS,ON SCENE,INJURY AND / OR TOW DUE TO CRASH,Y,"OVER $1,500",07/22/2022 01:41:00 PM,UNABLE TO DETERMINE,UNABLE TO DETERMINE,,2,NO INDICATION OF INJURY,0.0,0.0,0.0,0.0,0.0,1.0,0.0,12,6,7,41.756816668,-87.588059433,POINT (-87.58805943329 41.756816668093),POINT (1187595.0631663546 1854855.6995703871),2022,1505 E 76TH ST
O1262969,DRIVER,1a62a3d86a403556002f6477527278e96bc9f9e91d43917a08f7f07e23da8c19b5bc60fb2cf423eace506630c923f923d647c35d783f31cf726448c1790a1d5e,1198906.0,F,72.0,DID NOT DEPLOY,NONE,NO INDICATION OF INJURY,OTHER,MOVING VEHICLES,NORMAL,,,,,2022-01-14 17:07:00,40,SNOW,"DARKNESS, LIGHTED ROAD",REAR END,DIVIDED - W/MEDIAN BARRIER,WET,NO DEFECTS,ON SCENE,INJURY AND / OR TOW DUE TO CRASH,,"$501 - $1,500",01/14/2022 05:10:00 PM,FOLLOWING TOO CLOSELY,FAILING TO REDUCE SPEED TO AVOID CRASH,,2,NO INDICATION OF INJURY,0.0,0.0,0.0,0.0,0.0,2.0,0.0,17,6,1,41.965718488,-87.647476655,POINT (-87.647476655051 41.965718487888),POINT (1170775.0936694269 1930844.2370636964),2022,4600 N LAKE SHORE DR NB
O1425941,DRIVER,24f33eb13d117a897dc6f5e62f5f6cac2fc60b1835b4a77f35fdf132965e6d5119778a8097d4ddec418421d97335c6f16ed726c0870e6c022175c9f32415ebc7,1355108.0,M,,DEPLOYMENT UNKNOWN,UNKNOWN,NO INDICATION OF INJURY,OTHER,UNKNOWN,UNKNOWN,,,,,2022-09-23 09:33:00,30,CLEAR,DAYLIGHT,TURNING,DIVIDED - W/MEDIAN (NOT RAISED),DRY,NO DEFECTS,ON SCENE,NO INJURY / DRIVE AWAY,Y,"OVER $1,500",09/23/2022 10:35:00 AM,DRIVING SKILLS/KNOWLEDGE/EXPERIENCE,NOT APPLICABLE,,2,NO INDICATION OF INJURY,0.0,0.0,0.0,0.0,0.0,2.0,0.0,9,6,9,41.902461926,-87.624660601,POINT (-87.624660600778 41.902461925754),POINT (1177170.705832224 1907843.8747718653),2022,1100 N LAKE SHORE DR
O1296811,DRIVER,df647faae0897ecbadbcadf09c38b972925f7bdc3c212a39010c477322000a102d50da9faea2aeb6a0a9f7cc863fe67d287d39ee6d372b5aec7f1cc8ebb851be,1231479.0,F,,DEPLOYMENT UNKNOWN,UNKNOWN,NO INDICATION OF INJURY,UNKNOWN,UNKNOWN,UNKNOWN,,,,,2022-03-11 07:05:00,30,UNKNOWN,DAYLIGHT,REAR END,NOT DIVIDED,UNKNOWN,UNKNOWN,,NO INJURY / DRIVE AWAY,,"OVER $1,500",03/12/2022 11:10:00 AM,UNABLE TO DETERMINE,UNABLE TO DETERMINE,,2,NO INDICATION OF INJURY,0.0,0.0,0.0,0.0,0.0,2.0,0.0,7,6,3,41.663134533,-87.641479867,POINT (-87.641479867328 41.663134533224),POINT (1173293.700458033 1820597.267057546),2022,801 W 127TH ST
P313741,PASSENGER,21e5c2db6d5742a6cc65df395474b2cee5647bf75e5feed1fc0ad6412fb55d5d1d675a209bdd38fe2baa162f5cb5711c1c690b5b991bf27374577652ac161cd6,1342287.0,M,,NOT APPLICABLE,NONE,NO INDICATION OF INJURY,,,,,,,,2022-09-03 17:35:00,30,CLEAR,DAYLIGHT,PARKED MOTOR VEHICLE,ONE-WAY,DRY,NO DEFECTS,NOT ON SCENE (DESK REPORT),NO INJURY / DRIVE AWAY,Y,"OVER $1,500",09/03/2022 07:00:00 PM,UNABLE TO DETERMINE,UNABLE TO DETERMINE,,2,NO INDICATION OF INJURY,0.0,0.0,0.0,0.0,0.0,3.0,0.0,17,7,9,41.85438948,-87.620548283,POINT (-87.620548282673 41.854389480493),POINT (1178435.685855495 1890335.5891061868),2022,2051 S PRAIRIE AVE
O1490931,DRIVER,e3745807cd4d5716368238f51c6f35a218ccf9b5b35d09e2817718a2104b6fcd4540e1502f70fc90903a18116e8625331b302542e16819c210c4e5a296d61cbc,1417300.0,X,,DEPLOYMENT UNKNOWN,NONE,NO INDICATION OF INJURY,UNKNOWN,UNKNOWN,UNKNOWN,,,,,2022-12-30 21:30:00,30,CLEAR,"DARKNESS, LIGHTED ROAD",PARKED MOTOR VEHICLE,NOT DIVIDED,DRY,UNKNOWN,NOT ON SCENE (DESK REPORT),NO INJURY / DRIVE AWAY,Y,"OVER $1,500",12/30/2022 10:10:00 PM,UNABLE TO DETERMINE,UNABLE TO DETERMINE,,2,NO INDICATION OF INJURY,0.0,0.0,0.0,0.0,0.0,1.0,0.0,21,6,12,41.846495443,-87.685634247,POINT (-87.685634247279 41.8464954425),POINT (1160725.773501507 1887318.5535695427),2022,2500 S WESTERN AVE
O1407637,DRIVER,f4be81e8d609ab3a260182ec9b46f359da5cea05269f716d2a254394c01c103eb7145a06e0f3abb68db8b5b7aba090470345d9874591dd1f1e83c8e691a7e237,1337650.0,M,29.0,"DEPLOYED, FRONT",NONE,NO INDICATION OF INJURY,FOLLOWED TOO CLOSELY,NOT OBSCURED,NORMAL,,,,,2022-08-28 02:58:00,30,CLEAR,"DARKNESS, LIGHTED ROAD",REAR END,NOT DIVIDED,DRY,NO DEFECTS,ON SCENE,INJURY AND / OR TOW DUE TO CRASH,,"OVER $1,500",08/28/2022 03:10:00 AM,FOLLOWING TOO CLOSELY,UNABLE TO DETERMINE,,2,NO INDICATION OF INJURY,0.0,0.0,0.0,0.0,0.0,3.0,0.0,2,1,8,41.891932688,-87.711475561,POINT (-87.711475560617 41.891932688252),POINT (1153564.9262249945 1903823.7465836268),2022,600 N HOMAN AVE
O1378204,DRIVER,2301025a02e36f1905a735067028e48d60026659992bb6561533d077ebf77ec8d1bf02e12d81bd1cb6ad02330ce182a205dbe86463a867a47d1f088e205abdb1,1309550.0,M,31.0,DID NOT DEPLOY,NONE,NO INDICATION OF INJURY,UNKNOWN,NOT OBSCURED,NORMAL,,,,,2022-07-14 09:51:00,15,CLEAR,DAYLIGHT,FIXED OBJECT,NOT DIVIDED,DRY,NO DEFECTS,ON SCENE,NO INJURY / DRIVE AWAY,,"OVER $1,500",07/14/2022 09:52:00 AM,UNABLE TO DETERMINE,UNABLE TO DETERMINE,,1,NO INDICATION OF INJURY,0.0,0.0,0.0,0.0,0.0,1.0,0.0,9,5,7,41.750844358,-87.663305541,POINT (-87.663305540717 41.750844357671),POINT (1167081.2923759029 1852510.5634804724),2022,7845 S ASHLAND AVE
O1451796,DRIVER,58bb925df84ae1ec37941acb7ebe0ba84ae0bd319065078ff89c63b3f6f10105364cc8d43da0998fa783b2ceddeef86086450bc8a7eddd3f73e6621008265a44,1379800.0,M,54.0,DEPLOYMENT UNKNOWN,UNKNOWN,NO INDICATION OF INJURY,UNKNOWN,UNKNOWN,UNKNOWN,,,,,2022-10-30 15:30:00,30,UNKNOWN,UNKNOWN,TURNING,RAMP,UNKNOWN,UNKNOWN,NOT ON SCENE (DESK REPORT),NO INJURY / DRIVE AWAY,,"OVER $1,500",10/30/2022 04:00:00 PM,UNABLE TO DETERMINE,UNABLE TO DETERMINE,,2,NO INDICATION OF INJURY,0.0,0.0,0.0,0.0,0.0,2.0,0.0,15,1,10,41.940442903,-87.638633539,POINT (-87.638633539238 41.940442902597),POINT (1173254.7350673876 1921653.0951583397),2022,3200 N LAKE SHORE DR SB
O1482186,DRIVER,e366143fd9800124a92cbd17fca8d049a24c0b0449f97887167aed3bc5647224ef690665852018cb75cd9c5889b85a4844e12225c66c8d7c7736cf3b1ba126fd,1408903.0,M,39.0,NOT APPLICABLE,NONE,NO INDICATION OF INJURY,UNKNOWN,NOT OBSCURED,NORMAL,,,,,2022-12-16 13:56:00,30,SNOW,DAYLIGHT,TURNING,NOT DIVIDED,SNOW OR SLUSH,NO DEFECTS,ON SCENE,INJURY AND / OR TOW DUE TO CRASH,,"OVER $1,500",12/16/2022 01:58:00 PM,FOLLOWING TOO CLOSELY,FOLLOWING TOO CLOSELY,,2,NO INDICATION OF INJURY,0.0,0.0,0.0,0.0,0.0,2.0,0.0,13,6,12,41.968334241,-87.709039121,POINT (-87.709039121434 41.9683342414),POINT (1154025.58886031 1931669.4218171865),2022,3213 W LAWRENCE AVE
O1363102,DRIVER,ea62aae34e8757c255577be3db1c71ea8a53d6a50d2c699282b2111fb21ce2db4884fa4bd3688620c250d443b9c80a177386f04ba41a8cea6ac1753a0a6602a2,1295185.0,M,54.0,DID NOT DEPLOY,NONE,NO INDICATION OF INJURY,NONE,NOT OBSCURED,NORMAL,,,,,2022-06-21 06:20:00,30,CLEAR,DAYLIGHT,SIDESWIPE SAME DIRECTION,ONE-WAY,DRY,NO DEFECTS,ON SCENE,NO INJURY / DRIVE AWAY,Y,"$501 - $1,500",06/21/2022 07:30:00 AM,IMPROPER OVERTAKING/PASSING,IMPROPER OVERTAKING/PASSING,,2,NO INDICATION OF INJURY,0.0,0.0,0.0,0.0,0.0,2.0,0.0,6,3,6,41.874172933,-87.629356419,POINT (-87.629356419154 41.87417293339),POINT (1175976.9356701095 1897524.8477440998),2022,620 S DEARBORN ST
O1448272,DRIVER,b83b95acf64521bba87cacc1aaa04ad85dafdbdbc769e7458530626598939b33c831133321c34813cca00583b4896d9431a1c31453eda4f3b851198fd6aa84c9,1376474.0,M,25.0,DID NOT DEPLOY,NONE,NO INDICATION OF INJURY,UNKNOWN,UNKNOWN,UNKNOWN,,,,,2022-10-25 16:20:00,30,RAIN,UNKNOWN,REAR END,FOUR WAY,DRY,UNKNOWN,NOT ON SCENE (DESK REPORT),NO INJURY / DRIVE AWAY,,"OVER $1,500",10/25/2022 05:45:00 PM,UNABLE TO DETERMINE,UNABLE TO DETERMINE,,2,NO INDICATION OF INJURY,0.0,0.0,0.0,0.0,0.0,3.0,0.0,16,3,10,41.89936123,-87.706826812,POINT (-87.706826811633 41.89936122971),POINT (1154810.8928131561 1906539.9115575303),2022,1004 N KEDZIE AVE
O1457725,DRIVER,6a53636bc44338ad8bde65b9111f843772058f2cc08ca989792837f62c141bb31d36e4bdc47297a35ace058019671fa71f1e65ef783b8ff4861cae864228891a,1385410.0,F,45.0,DID NOT DEPLOY,NONE,NO INDICATION OF INJURY,UNKNOWN,UNKNOWN,UNKNOWN,,,,,2022-11-08 07:50:00,30,UNKNOWN,DAYLIGHT,SIDESWIPE SAME DIRECTION,NOT DIVIDED,UNKNOWN,UNKNOWN,NOT ON SCENE (DESK REPORT),NO INJURY / DRIVE AWAY,,"OVER $1,500",11/08/2022 09:09:00 AM,UNABLE TO DETERMINE,UNABLE TO DETERMINE,,2,NO INDICATION OF INJURY,0.0,0.0,0.0,0.0,0.0,2.0,0.0,7,3,11,41.742471438,-87.702344383,POINT (-87.702344382642 41.742471437585),POINT (1156451.0385623756 1849379.0134264065),2022,8300 S KEDZIE AVE
O1427367,DRIVER,38524b1519f840a87d3457615bd4ea3ad3e88b1339b72ff28598c905d88070dc060734cb12edcb85c25e7b253c6ffb4d17f97a7aea974f39642f479a1d91bef3,1356457.0,F,70.0,DID NOT DEPLOY,NONE,NO INDICATION OF INJURY,NONE,UNKNOWN,NORMAL,,,,,2022-09-23 13:00:00,30,CLEAR,DAYLIGHT,REAR END,DIVIDED - W/MEDIAN (NOT RAISED),DRY,UNKNOWN,NOT ON SCENE (DESK REPORT),NO INJURY / DRIVE AWAY,,$500 OR LESS,09/25/2022 02:00:00 PM,UNABLE TO DETERMINE,UNABLE TO DETERMINE,,2,NO INDICATION OF INJURY,0.0,0.0,0.0,0.0,0.0,2.0,0.0,13,6,9,41.931396584,-87.765556156,POINT (-87.765556155847 41.931396583717),POINT (1138745.0030904922 1918102.3202772427),2022,5542 W DIVERSEY AVE
O1345072,DRIVER,a886dce3670726a81f903f86bf0b85539c9ffdcd2639946edb1a2e388c0113693f5ed3dfba412ad688e534a65a46094f7fd638ee07e46faf20ae8a95bee5e5ba,1277925.0,M,52.0,NOT APPLICABLE,NONE,NO INDICATION OF INJURY,OTHER,NOT OBSCURED,NORMAL,,,,,2022-05-26 10:05:00,20,CLEAR,DAYLIGHT,PARKED MOTOR VEHICLE,ONE-WAY,DRY,NO DEFECTS,ON SCENE,NO INJURY / DRIVE AWAY,,"OVER $1,500",05/26/2022 10:51:00 AM,DISTRACTION - FROM INSIDE VEHICLE,NOT APPLICABLE,,2,NO INDICATION OF INJURY,0.0,0.0,0.0,0.0,0.0,1.0,0.0,10,5,5,41.770983162,-87.682246396,POINT (-87.682246396395 41.770983162089),POINT (1161857.3095756746 1859809.2886624418),2022,6732 S CLAREMONT AVE
O1468350,DRIVER,37f8a0b2e0e23173e81fb969384738c46f7aac839a627a64cff017463fa873db1f8ee2daf5ba92c6e6e5bd34fb18047a3989bffa3c96773290d0a2aec845c9c0,1395597.0,M,33.0,NOT APPLICABLE,NONE,NO INDICATION OF INJURY,UNKNOWN,UNKNOWN,NORMAL,,,,,2022-11-23 19:55:00,30,CLEAR,DARKNESS,SIDESWIPE SAME DIRECTION,NOT DIVIDED,DRY,NO DEFECTS,NOT ON SCENE (DESK REPORT),NO INJURY / DRIVE AWAY,,"OVER $1,500",11/23/2022 09:30:00 PM,NOT APPLICABLE,NOT APPLICABLE,,2,NO INDICATION OF INJURY,0.0,0.0,0.0,0.0,0.0,2.0,0.0,19,4,11,41.895088594,-87.721032221,POINT (-87.721032221046 41.895088593981),POINT (1150954.6901997358 1904955.043373883),2022,749 N HAMLIN AVE
O1266998,DRIVER,17aeb2b5be21e6f9153434937df821eb54a4eb274434644e2f4b6be68852ec4340915f082c6c77c3cad5aea5974c8cff5cdadf938746d270799d3b612c9883e8,1202757.0,X,,DEPLOYMENT UNKNOWN,NONE,NO INDICATION OF INJURY,UNKNOWN,UNKNOWN,UNKNOWN,,,,,2022-01-21 14:45:00,35,CLEAR,DAYLIGHT,SIDESWIPE SAME DIRECTION,NOT DIVIDED,DRY,NO DEFECTS,NOT ON SCENE (DESK REPORT),NO INJURY / DRIVE AWAY,Y,"$501 - $1,500",01/21/2022 05:45:00 PM,UNABLE TO DETERMINE,UNABLE TO DETERMINE,,2,NO INDICATION OF INJURY,0.0,0.0,0.0,0.0,0.0,2.0,0.0,14,6,1,41.809110442,-87.632419861,POINT (-87.632419861164 41.809110441978),POINT (1175336.090755397 1873809.4565638849),2022,4693 S WENTWORTH AVE
O1446572,DRIVER,446aabe1113d06e404e18326df3814283f48210dc35f651969ac2761690cfbe723e9f773d31564c63ac0fe8a0fa8f8d11f5ffe5f073c8fb902baa70eb16d51ad,1374856.0,M,,DID NOT DEPLOY,NONE,NO INDICATION OF INJURY,UNKNOWN,NOT OBSCURED,NORMAL,,,,,2022-10-23 12:30:00,30,CLEAR,DAYLIGHT,PARKED MOTOR VEHICLE,PARKING LOT,DRY,NO DEFECTS,NOT ON SCENE (DESK REPORT),NO INJURY / DRIVE AWAY,,"OVER $1,500",10/23/2022 01:15:00 PM,DISTRACTION - FROM INSIDE VEHICLE,NOT APPLICABLE,,2,NO INDICATION OF INJURY,0.0,0.0,0.0,0.0,0.0,1.0,0.0,12,1,10,41.751937934,-87.559086946,POINT (-87.55908694571 41.751937933605),POINT (1195516.1461924175 1853147.7414468292),2022,2660 E 79TH ST
P282398,PASSENGER,96a9a7ca7a81ec4a8eb8017e62819d8a78d6b59518188f0f7db87faec641fbcbdf4a3bf7a481f97d3f61d151c136aa1c07b2355437b9db92fb65ee08ff276eba,1200817.0,,,DEPLOYMENT UNKNOWN,NONE,NO INDICATION OF INJURY,,,,,,,,2022-01-18 10:55:00,30,CLEAR,DAYLIGHT,REAR END,DIVIDED - W/MEDIAN (NOT RAISED),UNKNOWN,UNKNOWN,ON SCENE,INJURY AND / OR TOW DUE TO CRASH,,"OVER $1,500",01/18/2022 10:56:00 AM,FAILING TO REDUCE SPEED TO AVOID CRASH,NOT APPLICABLE,,2,NO INDICATION OF INJURY,0.0,0.0,0.0,0.0,0.0,3.0,0.0,10,3,1,41.867523111,-87.625977519,POINT (-87.62597751919 41.867523110773),POINT (1176917.1471046314 1895109.2268933733),2022,1158 S WABASH AVE
P300714,PASSENGER,03a3390c9e4b1e262285c90155db183af0f91eafa7c4d3d2e2b5174d9f962180e6d51cb2ce14e405694ce1076b0a52088b6eaae798a8dafa90f4bbd9a83493d4,1285143.0,M,2.0,DID NOT DEPLOY,NONE,NO INDICATION OF INJURY,,,,,,,,2022-06-06 14:05:00,30,CLEAR,DAYLIGHT,ANGLE,NOT DIVIDED,DRY,UNKNOWN,ON SCENE,NO INJURY / DRIVE AWAY,,"$501 - $1,500",06/06/2022 02:45:00 PM,FAILING TO YIELD RIGHT-OF-WAY,DRIVING SKILLS/KNOWLEDGE/EXPERIENCE,,2,NO INDICATION OF INJURY,0.0,0.0,0.0,0.0,0.0,3.0,0.0,14,2,6,41.937702844,-87.67844262,POINT (-87.678442619922 41.937702844235),POINT (1162431.581818266 1920569.3523291096),2022,3098 N DAMEN AVE
P289277,PASSENGER,6f530496fe385c5f22f333fa54fa6ae6ec009aee3b2528c620a163b87162b639001b1af8963c8049ed250b4dfce5a7b159bb5312d21884ddff73710d86eae673,1233981.0,F,,NOT APPLICABLE,NONE,NO INDICATION OF INJURY,,,,,,,,2022-03-11 14:30:00,30,UNKNOWN,UNKNOWN,SIDESWIPE SAME DIRECTION,UNKNOWN,UNKNOWN,UNKNOWN,,NO INJURY / DRIVE AWAY,,"OVER $1,500",03/11/2022 04:30:00 PM,UNABLE TO DETERMINE,UNABLE TO DETERMINE,,2,NO INDICATION OF INJURY,0.0,0.0,0.0,0.0,0.0,5.0,0.0,14,6,3,41.795548906,-87.683665622,POINT (-87.683665622076 41.795548905521),POINT (1161402.5287772648 1868757.9384540091),2022,5400 S WESTERN BLVD
O1366525,DRIVER,256b5afe0624451a33f5b3a02dbe074549477fb503570cfb12c99e26647a0b74f6493460a8cca1890937ae20d76ffb067358b12cbe93cb3e02f704e803761fe4,1298467.0,F,59.0,DID NOT DEPLOY,NONE,NO INDICATION OF INJURY,NONE,NOT OBSCURED,NORMAL,,,,,2022-06-25 22:50:00,30,CLEAR,"DARKNESS, LIGHTED ROAD",ANGLE,FOUR WAY,WET,NO DEFECTS,ON SCENE,INJURY AND / OR TOW DUE TO CRASH,,"OVER $1,500",06/25/2022 10:50:00 PM,FAILING TO REDUCE SPEED TO AVOID CRASH,UNABLE TO DETERMINE,,3,NO INDICATION OF INJURY,0.0,0.0,0.0,0.0,0.0,5.0,0.0,22,7,6,41.743913523,-87.614612137,POINT (-87.614612136744 41.74391352296),POINT (1180389.4933110974 1850092.262075347),2022,8299 S DR MARTIN LUTHER KING JR DR
O1475319,DRIVER,63e86ae5b0b911adc0400dfb711a90a809fe2156db73eeb41e57723eb3fac813a91a9f8ba7c9d773bb211d40626fef46185f7257ca5ce63b3cede052c00b02e2,1402299.0,F,30.0,DID NOT DEPLOY,NONE,NO INDICATION OF INJURY,NONE,NOT OBSCURED,NORMAL,,,,,2022-12-06 07:45:00,30,CLOUDY/OVERCAST,DAYLIGHT,TURNING,NOT DIVIDED,DRY,NO DEFECTS,ON SCENE,INJURY AND / OR TOW DUE TO CRASH,,"OVER $1,500",12/06/2022 07:48:00 AM,IMPROPER OVERTAKING/PASSING,NOT APPLICABLE,,2,NO INDICATION OF INJURY,0.0,0.0,0.0,0.0,0.0,3.0,0.0,7,3,12,41.792069264,-87.790411171,POINT (-87.790411170595 41.792069264301),POINT (1132302.8645467488 1867288.0788655311),2022,6733 W ARCHER AVE
P327260,PASSENGER,ec48511958c912e2aea23f01a5dd02510a3abf569a564a1bfb3bbbf82a01843f6598f2ed0922f8065fa1cf3147f85f5c0f4cfd5cddbfab9fb40ef27ee2689002,1404514.0,M,28.0,NOT APPLICABLE,NONE,NO INDICATION OF INJURY,,,,,,,,2022-12-09 17:30:00,30,RAIN,"DARKNESS, LIGHTED ROAD",SIDESWIPE SAME DIRECTION,NOT DIVIDED,WET,NO DEFECTS,NOT ON SCENE (DESK REPORT),NO INJURY / DRIVE AWAY,,"$501 - $1,500",12/09/2022 05:50:00 PM,IMPROPER OVERTAKING/PASSING,IMPROPER OVERTAKING/PASSING,,2,NO INDICATION OF INJURY,0.0,0.0,0.0,0.0,0.0,3.0,0.0,17,6,12,41.808511597,-87.665117292,POINT (-87.665117291733 41.808511597247),POINT (1166423.6242847997 1873520.235393779),2022,4700 S ASHLAND AVE
P309806,PASSENGER,e01679b8ca2b1d7d4d554e552cce82d1f86795bb48e7d3bdd8f123a473ade34d709638aa84a314071af2d0320f2984366571209f0fe0e89b214ce629a71fea6c,1323994.0,M,38.0,NOT APPLICABLE,NONE,NO INDICATION OF INJURY,,,,,,,,2022-08-06 10:25:00,30,CLEAR,DAYLIGHT,SIDESWIPE OPPOSITE DIRECTION,NOT DIVIDED,DRY,NO DEFECTS,ON SCENE,NO INJURY / DRIVE AWAY,,"OVER $1,500",08/06/2022 10:26:00 AM,FAILING TO YIELD RIGHT-OF-WAY,DRIVING ON WRONG SIDE/WRONG WAY,,2,NO INDICATION OF INJURY,0.0,0.0,0.0,0.0,0.0,4.0,0.0,10,7,8,41.882524799,-87.674071647,POINT (-87.674071647318 41.88252479929),POINT (1163775.3788190784 1900471.547162169),2022,41 N WOLCOTT AVE
O1343838,DRIVER,d6d1e3933dc9ba5d44bbce67cf8c803c56e6c88733861bf9a8376bd9293f7b16a2dbafe38ef2475cc2603bcca4af248a5a12f80e771e1c26480d28414b9fe260,1276746.0,F,29.0,DEPLOYMENT UNKNOWN,NONE,NO INDICATION OF INJURY,IMPROPER TURN,UNKNOWN,NORMAL,,,,,2022-05-24 13:32:00,30,CLEAR,DAYLIGHT,FIXED OBJECT,DIVIDED - W/MEDIAN (NOT RAISED),DRY,NO DEFECTS,ON SCENE,INJURY AND / OR TOW DUE TO CRASH,,"OVER $1,500",05/24/2022 01:37:00 PM,DRIVING SKILLS/KNOWLEDGE/EXPERIENCE,UNABLE TO DETERMINE,,1,NO INDICATION OF INJURY,0.0,0.0,0.0,0.0,0.0,1.0,0.0,13,3,5,41.910735352,-87.668008908,POINT (-87.668008908128 41.910735351646),POINT (1165346.629755237 1910764.211912823),2022,1606 W NORTH AVE
O1378478,DRIVER,e41c1a8c53ba6ff06b38b282857571d1036a93f610db1d34d9a34d122a93cede68e0f5afcdee7f5505c8db8aa7b6d38016f0bc3fa9686e0f4ff7eec2dac11b8f,1309823.0,M,39.0,DID NOT DEPLOY,NONE,NO INDICATION OF INJURY,NONE,UNKNOWN,NORMAL,,,,,2022-07-14 14:20:00,30,CLEAR,DAYLIGHT,SIDESWIPE SAME DIRECTION,NOT DIVIDED,DRY,NO DEFECTS,NOT ON SCENE (DESK REPORT),NO INJURY / DRIVE AWAY,,"OVER $1,500",07/14/2022 03:13:00 PM,UNABLE TO DETERMINE,UNABLE TO DETERMINE,,2,NO INDICATION OF INJURY,0.0,0.0,0.0,0.0,0.0,2.0,0.0,14,5,7,41.978241394,-87.708890002,POINT (-87.708890002237 41.978241394444),POINT (1154039.8265381972 1935279.927958478),2022,5320 N KEDZIE AVE
P292951,PASSENGER,777ab76593e7d2fc247734d9fa8cd0ac5bd246bd9c773e7604e3d5d8f2ee7f53599a8f6f2cf74b8477f5204d29edaeefdbca0daa9dbf4f667717c80cb4d28dbc,1250122.0,F,20.0,DID NOT DEPLOY,NONE,NO INDICATION OF INJURY,,,,,,,,2022-04-12 14:25:00,30,CLEAR,DAYLIGHT,PARKED MOTOR VEHICLE,DIVIDED - W/MEDIAN (NOT RAISED),DRY,NO DEFECTS,NOT ON SCENE (DESK REPORT),NO INJURY / DRIVE AWAY,,"$501 - $1,500",04/12/2022 04:00:00 PM,UNABLE TO DETERMINE,UNABLE TO DETERMINE,,2,NO INDICATION OF INJURY,0.0,0.0,0.0,0.0,0.0,2.0,0.0,14,3,4,41.876899958,-87.731861937,POINT (-87.731861937276 41.876899958475),POINT (1148052.6421136078 1898306.2709136978),2022,4235 W JACKSON BLVD
O1275300,DRIVER,db3d7cd238220b7c362cdecb2e534a0b62a12249442d39ee88bcbea74a6e747e218b3d943dba78bd02d95171c2a7f2a4c80a02f3ef0d02b24ab296b835a84d5f,1210777.0,M,39.0,NOT APPLICABLE,NONE,NO INDICATION OF INJURY,UNKNOWN,NOT OBSCURED,NORMAL,,,,,2022-02-04 13:05:00,30,CLEAR,DAYLIGHT,SIDESWIPE SAME DIRECTION,NOT DIVIDED,WET,NO DEFECTS,ON SCENE,NO INJURY / DRIVE AWAY,,"OVER $1,500",02/04/2022 01:05:00 PM,UNABLE TO DETERMINE,UNABLE TO DETERMINE,,2,NO INDICATION OF INJURY,0.0,0.0,0.0,0.0,0.0,2.0,0.0,13,6,2,41.920122556,-87.773844113,POINT (-87.773844112896 41.920122555787),POINT (1136516.6064291634 1913979.2279637477),2022,5915 W GRAND AVE
P324817,PASSENGER,f177e4317763df64d5cd0836ade4e98416e64093f144b0efc7cab74e77284ed1e81ef12c3b5b1decb578eecddd417536b45bf18085e655df34a1438f236e5c49,1393217.0,M,21.0,NOT APPLICABLE,NONE,NONINCAPACITATING INJURY,,,,,,,,2022-11-20 01:47:00,25,SNOW,DARKNESS,ANGLE,NOT DIVIDED,WET,NO DEFECTS,ON SCENE,INJURY AND / OR TOW DUE TO CRASH,,"OVER $1,500",11/20/2022 01:50:00 AM,UNABLE TO DETERMINE,NOT APPLICABLE,,2,NONINCAPACITATING INJURY,3.0,0.0,0.0,3.0,0.0,0.0,0.0,1,1,11,41.939422696,-87.687763011,POINT (-87.687763011224 41.939422696061),POINT (1159890.9738257069 1921176.8360615093),2022,3199 N WESTERN AVE