PERSON_ID,PERSON_TYPE,CRASH_RECORD_ID,VEHICLE_ID,SEX,AGE,AIRBAG_DEPLOYED,EJECTION,INJURY_CLASSIFICATION,DRIVER_ACTION,DRIVER_VISION,PHYSICAL_CONDITION,PEDPEDAL_ACTION,PEDPEDAL_VISIBILITY,PEDPEDAL_LOCATION,CRASH_DATE_EST_I,CRASH_DATE,POSTED_SPEED_LIMIT,WEATHER_CONDITION,LIGHTING_CONDITION,FIRST_CRASH_TYPE,TRAFFICWAY_TYPE,ROADWAY_SURFACE_COND,ROAD_DEFECT,REPORT_TYPE,CRASH_TYPE,HIT_AND_RUN_I,DAMAGE,DATE_POLICE_NOTIFIED,PRIM_CONTRIBUTORY_CAUSE,SEC_CONTRIBUTORY_CAUSE,DOORING_I,NUM_UNITS,MOST_SEVERE_INJURY,INJURIES_TOTAL,INJURIES_FATAL,INJURIES_INCAPACITATING,INJURIES_NON_INCAPACITATING,INJURIES_REPORTED_NOT_EVIDENT,INJURIES_NO_INDICATION,INJURIES_UNKNOWN,CRASH_HOUR,CRASH_DAY_OF_WEEK,CRASH_MONTH,LATITUDE,LONGITUDE,LOCATION,geometry,YEAR,ADDRESS
O1273493,DRIVER,25d9d2a0e8c03610ee75c2a4e073e0d09cabe8c3a7f4692c72de3980c69d9f8dc102ce0a8fd7c8f7f022e34c961afffffb8c8e8169b507e325fba6eada1c05ac,1209016.0,M,50.0,NOT APPLICABLE,NONE,NO INDICATION OF INJURY,UNKNOWN,UNKNOWN,IMPAIRED - ALCOHOL,,,,,2022-02-01 10:00:00,10,CLEAR,DAYLIGHT,REAR TO REAR,PARKING LOT,DRY,UNKNOWN,NOT ON SCENE (DESK REPORT),NO INJURY / DRIVE AWAY,,$500 OR LESS,02/01/2022 10:10:00 AM,NOT APPLICABLE,NOT APPLICABLE,,2,NO INDICATION OF INJURY,0.0,0.0,0.0,0.0,0.0,2.0,0.0,10,3,2,41.998145724,-87.670463024,POINT (-87.670463023676 41.998145724489),POINT (1164432.257699717 1942611.6905869094),2022,6401 N CLARK ST
O1376540,DRIVER,70977cc2c0df87a1284057df312d797d35d187763276feee233906bad168fa87b99c062b7eddb64b262f103b9e627a5316e97e9132931bdef43bd051176e2e17,1307961.0,M,45.0,NOT APPLICABLE,NONE,NO INDICATION OF INJURY,NONE,NOT OBSCURED,NORMAL,,,,,2022-07-11 16:50:00,30,CLEAR,DAYLIGHT,SIDESWIPE SAME DIRECTION,NOT DIVIDED,DRY,SHOULDER DEFECT,NOT ON SCENE (DESK REPORT),NO INJURY / DRIVE AWAY,Y,"$501 - $1,500",07/11/2022 06:28:00 PM,UNABLE TO DETERMINE,NOT APPLICABLE,,2,NO INDICATION OF INJURY,0.0,0.0,0.0,0.0,0.0,2.0,0.0,16,2,7,41.954323838,-87.674320837,POINT (-87.674320836882 41.954323837944),POINT (1163506.4673441348 1926634.6862607216),2022,1800 W IRVING PARK RD
O1274105,DRIVER,61ac49cabc4fb3bec983a20dd05a67d7381a47ef49cfc919af265905cbfdd8947bd426a2e59daa304f0d68e5370729c78546c7eca0539fdabfcda0300bc87cae,1209621.0,M,44.0,DID NOT DEPLOY,NONE,NO INDICATION OF INJURY,IMPROPER BACKING,NOT OBSCURED,NORMAL,,,,,2022-02-02 07:45:00,0,SNOW,DAYLIGHT,PARKED MOTOR VEHICLE,OTHER,WET,NO DEFECTS,ON SCENE,NO INJURY / DRIVE AWAY,,"OVER $1,500",02/02/2022 07:58:00 AM,IMPROPER BACKING,UNABLE TO DETERMINE,,2,NO INDICATION OF INJURY,0.0,0.0,0.0,0.0,0.0,1.0,0.0,7,4,2,41.880910681,-87.625509106,POINT (-87.62550910573 41.880910681031),POINT (1177004.5023530573 1899988.6943558191),2022,60 E MONROE ST
O1286830,DRIVER,78612348ea5b53b9e54e6109831e6e9289a685bb75b92fb3dd11fb6c8a49d532e7c637c82cbde055f5e0749d7e2a6bc9087ee6bbf5210a35a23caf6b9f17d31d,1221876.0,F,54.0,DID NOT DEPLOY,NONE,NO INDICATION OF INJURY,UNKNOWN,UNKNOWN,NORMAL,,,,,2022-02-23 09:55:00,30,CLEAR,DAYLIGHT,REAR END,NOT DIVIDED,DRY,NO DEFECTS,NOT ON SCENE (DESK REPORT),NO INJURY / DRIVE AWAY,,"OVER $1,500",02/23/2022 10:00:00 AM,UNABLE TO DETERMINE,NOT APPLICABLE,,2,NO INDICATION OF INJURY,0.0,0.0,0.0,0.0,0.0,2.0,0.0,9,4,2,41.759098297,-87.566314986,POINT (-87.566314986034 41.759098297286),POINT (1193520.5776767295 1855739.254742146),2022,2400 E 75TH ST
O1410806,DRIVER,8050f8427bfc1ea42e0e4ca32ac7ee58e032fec09b50513036fc2693a4756314471d6d035cc99a02912b53032994be210661244e06465870e2acc123f5b15617,1340657.0,F,28.0,DID NOT DEPLOY,NONE,NO INDICATION OF INJURY,FOLLOWED TOO CLOSELY,UNKNOWN,UNKNOWN,,,,,2022-09-01 07:47:00,30,CLEAR,DAYLIGHT,REAR END,DIVIDED - W/MEDIAN (NOT RAISED),DRY,NO DEFECTS,NOT ON SCENE (DESK REPORT),NO INJURY / DRIVE AWAY,,"OVER $1,500",09/01/2022 05:30:00 PM,FOLLOWING TOO CLOSELY,UNABLE TO DETERMINE,,2,NO INDICATION OF INJURY,0.0,0.0,0.0,0.0,0.0,2.0,0.0,7,5,9,41.794053855,-87.632760361,POINT (-87.632760361261 41.794053854593),POINT (1175287.9799146578 1868322.165397159),2022,255 W GARFIELD BLVD
P319835,PASSENGER,ae8432347fc9ccaa4b05a395a382f55cf2b48ded6c537aac8dbabaca48daa8ba17d87a2543621557a3f6fff96cda8b62234a1bea56c241510d0a9ea38aa9c205,1369861.0,F,12.0,DID NOT DEPLOY,NONE,NO INDICATION OF INJURY,,,,,,,,2022-10-15 15:45:00,30,CLEAR,DAYLIGHT,REAR END,DIVIDED - W/MEDIAN (NOT RAISED),DRY,NO DEFECTS,NOT ON SCENE (DESK REPORT),NO INJURY / DRIVE AWAY,,"$501 - $1,500",10/15/2022 03:55:00 PM,FOLLOWING TOO CLOSELY,UNABLE TO DETERMINE,,2,NO INDICATION OF INJURY,0.0,0.0,0.0,0.0,0.0,6.0,0.0,15,7,10,41.721383772,-87.642143699,POINT (-87.642143699209 41.72138377153),POINT (1172941.9963859825 1841821.096559922),2022,9500 S EMERALD AVE
O1309979,DRIVER,6ac9620b118dc7eb53a719ed6412226f7e27db4db7c01d15b9cd2310bd4be662b3dc3761fd9450642096fef55c206701945e3055c78c1865e4e55305dedba48e,1244091.0,F,,DEPLOYMENT UNKNOWN,UNKNOWN,NO INDICATION OF INJURY,UNKNOWN,UNKNOWN,UNKNOWN,,,,,2022-03-30 10:00:00,30,UNKNOWN,UNKNOWN,REAR TO FRONT,ONE-WAY,UNKNOWN,UNKNOWN,NOT ON SCENE (DESK REPORT),NO INJURY / DRIVE AWAY,Y,"OVER $1,500",04/02/2022 11:25:00 AM,UNABLE TO DETERMINE,UNABLE TO DETERMINE,,2,NO INDICATION OF INJURY,0.0,0.0,0.0,0.0,0.0,2.0,0.0,10,4,3,41.878774536,-87.667410926,POINT (-87.667410925656 41.878774535995),POINT (1165599.7912564 1899118.9592521088),2022,1615 W ADAMS ST
O1375918,DRIVER,ec22e8698809a3e6cc61fd93147914e73f53e608e7d8cd0e3c0a86c957a01a5bba3e991aa933fcee16f678d0a28e27261c94b68601cb1ba8c740e2a3bf53c977,1307355.0,F,,NOT APPLICABLE,NONE,NO INDICATION OF INJURY,FOLLOWED TOO CLOSELY,NOT OBSCURED,NORMAL,,,,,2022-07-10 18:18:00,30,CLEAR,DAYLIGHT,REAR END,NOT DIVIDED,DRY,NO DEFECTS,NOT ON SCENE (DESK REPORT),NO INJURY / DRIVE AWAY,Y,"$501 - $1,500",07/10/2022 07:17:00 PM,FOLLOWING TOO CLOSELY,FOLLOWING TOO CLOSELY,,2,NO INDICATION OF INJURY,0.0,0.0,0.0,0.0,0.0,2.0,0.0,18,1,7,41.774796663,-87.608896321,POINT (-87.608896321005 41.774796663091),POINT (1181854.5834486508 1861358.9067258828),2022,645 E MARQUETTE RD
O1269713,DRIVER,9e6210d8796da8c772a2bf4fd20f606b52b64c8e594ee90ec3ff2cab418f02e8a01f7f52168843570bcbf4406a2e62a5b56807a878d95967ef3ffc7fc05ce4eb,1205355.0,F,38.0,NOT APPLICABLE,NONE,NO INDICATION OF INJURY,IMPROPER LANE CHANGE,NOT OBSCURED,NORMAL,,,,,2022-01-26 09:30:00,30,CLEAR,DAYLIGHT,SIDESWIPE SAME DIRECTION,DIVIDED - W/MEDIAN BARRIER,WET,NO DEFECTS,ON SCENE,NO INJURY / DRIVE AWAY,,"OVER $1,500",01/26/2022 09:55:00 AM,IMPROPER LANE USAGE,NOT APPLICABLE,,2,NO INDICATION OF INJURY,0.0,0.0,0.0,0.0,0.0,2.0,0.0,9,4,1,42.007188582,-87.689976886,POINT (-87.6899768861 42.007188582127),POINT (1159103.1892172832 1945866.507702698),2022,6933 N WESTERN AVE
O1332024,DRIVER,c8e62853192f1d16a1e1eacfffd4e5a5743840cbb12ec6c2b4e42fea3615cd0911d3bccf214bbd56f2e4d274cda3417db36c8bd20a0a187c20767680744c3d86,1265360.0,M,38.0,DID NOT DEPLOY,NONE,NO INDICATION OF INJURY,FAILED TO YIELD,NOT OBSCURED,NORMAL,,,,,2022-05-07 12:16:00,30,CLEAR,DAYLIGHT,REAR END,NOT DIVIDED,DRY,NO DEFECTS,NOT ON SCENE (DESK REPORT),NO INJURY / DRIVE AWAY,,"OVER $1,500",05/07/2022 01:00:00 PM,FOLLOWING TOO CLOSELY,FOLLOWING TOO CLOSELY,,3,NO INDICATION OF INJURY,0.0,0.0,0.0,0.0,0.0,3.0,0.0,12,7,5,41.819052466,-87.724112702,POINT (-87.7241127025 41.819052466282),POINT (1150312.589806614 1877241.7350798303),2022,4000 S PULASKI RD
P312306,PASSENGER,19ef7c7a0a06418f33f3b555df9536fed274119eafcbe1e0f98e81ed1afc0e47006c5445e3bc3d5d9219d425060797c3723392c6c9a43a3d82723e18a5c80a5e,1335191.0,,,DID NOT DEPLOY,NONE,NO INDICATION OF INJURY,,,,,,,,2022-08-24 09:55:00,0,CLEAR,DAYLIGHT,PARKED MOTOR VEHICLE,PARKING LOT,DRY,NO DEFECTS,ON SCENE,INJURY AND / OR TOW DUE TO CRASH,,"OVER $1,500",08/24/2022 10:00:00 AM,IMPROPER BACKING,IMPROPER BACKING,,2,NO INDICATION OF INJURY,0.0,0.0,0.0,0.0,0.0,2.0,0.0,9,4,8,41.856718776,-87.637081637,POINT (-87.637081637157 41.856718776229),POINT (1173924.558003678 1891147.4220224738),2022,1902 S LUMBER ST
O1466380,DRIVER,479b1b4d21560cc867bdb491fbd51c8d83f9f87c7eb7a0991b5d1fe11ed14b8339c0af0b5ae25047c72f2bd609047f5a8aff00f964402307775c71fcf5b4ed1e,1393783.0,M,72.0,NOT APPLICABLE,NONE,NO INDICATION OF INJURY,FOLLOWED TOO CLOSELY,UNKNOWN,UNKNOWN,,,,,2022-11-19 16:00:00,30,SNOW,DAYLIGHT,REAR END,NOT DIVIDED,ICE,NO DEFECTS,NOT ON SCENE (DESK REPORT),NO INJURY / DRIVE AWAY,,"OVER $1,500",11/21/2022 08:30:00 AM,FOLLOWING TOO CLOSELY,NOT APPLICABLE,,2,NO INDICATION OF INJURY,0.0,0.0,0.0,0.0,0.0,2.0,0.0,16,7,11,41.756449886,-87.626477602,POINT (-87.626477601907 41.756449885933),POINT (1177113.8517280845 1854633.5788795794),2022,7558 S LAFAYETTE AVE
O1290384,DRIVER,4acd3bcd3c3abd3e98a0d1d3d571d191fa2f7db0e4d2fe8aa5f1748797a2eb52a808f900af9918eb70a8465173b262f8912f1a36d27ad0dfa746548021175f74,1225335.0,M,40.0,DID NOT DEPLOY,NONE,NO INDICATION OF INJURY,FOLLOWED TOO CLOSELY,NOT OBSCURED,NORMAL,,,,,2022-03-01 07:00:00,30,CLEAR,DAYLIGHT,REAR END,NOT DIVIDED,DRY,NO DEFECTS,NOT ON SCENE (DESK REPORT),NO INJURY / DRIVE AWAY,,"OVER $1,500",03/01/2022 07:22:00 AM,UNABLE TO DETERMINE,NOT APPLICABLE,,2,NO INDICATION OF INJURY,0.0,0.0,0.0,0.0,0.0,2.0,0.0,7,3,3,41.85760471,-87.643635996,POINT (-87.643635996318 41.857604709783),POINT (1172136.400867526 1891455.8431803717),2022,1799 S RUBLE ST
O1454721,DRIVER,06ade25d0ab5d4edbdb6d0901b3c66c2e9e45be9d4590e49f1876e514a1eceb9a5df55913ee2429cdb8948d6291880184826d62fef859b2677e91111045d446b,1382566.0,F,58.0,DID NOT DEPLOY,NONE,NO INDICATION OF INJURY,NONE,NOT OBSCURED,NORMAL,,,,,2022-11-03 11:13:00,30,CLEAR,DAYLIGHT,SIDESWIPE OPPOSITE DIRECTION,PARKING LOT,DRY,NO DEFECTS,NOT ON SCENE (DESK REPORT),NO INJURY / DRIVE AWAY,,"OVER $1,500",11/03/2022 05:30:00 PM,UNABLE TO DETERMINE,UNABLE TO DETERMINE,,2,NO INDICATION OF INJURY,0.0,0.0,0.0,0.0,0.0,2.0,0.0,11,5,11,41.684674251,-87.663574882,POINT (-87.663574882416 41.684674251268),POINT (1167195.3672433624 1828398.3490030614),2022,1647 W 115TH ST
P281584,PASSENGER,10cf114c872942367f66300b9be358878c8d2c9d14ee4f038e298f19cea70a6f4887649e4f6825108748f9bc7542584256cb5b68de3a64bb349080c9226395a3,1196444.0,M,,NOT APPLICABLE,NONE,NO INDICATION OF INJURY,,,,,,,,2022-01-10 08:50:00,30,CLEAR,DAYLIGHT,TURNING,NOT DIVIDED,DRY,NO DEFECTS,NOT ON SCENE (DESK REPORT),NO INJURY / DRIVE AWAY,,"$501 - $1,500",01/10/2022 09:17:00 AM,DRIVING SKILLS/KNOWLEDGE/EXPERIENCE,UNABLE TO DETERMINE,,2,NO INDICATION OF INJURY,0.0,0.0,0.0,0.0,0.0,3.0,0.0,8,2,1,41.990212326,-87.714043615,POINT (-87.714043615307 41.990212325566),POINT (1152606.9816173685 1939632.023202519),2022,3401 W PETERSON AVE
O1270821,DRIVER,312cc42e398ef01a4193ee383091e51ad7103e6abf9446a02ea1d9ff1e45fb725d420b58feb5261587eaabf57c036fa6499749d3208b2920ef57197f8d4fd381,1206425.0,X,,DEPLOYMENT UNKNOWN,NONE,NO INDICATION OF INJURY,UNKNOWN,UNKNOWN,UNKNOWN,,,,Y,2022-01-24 10:00:00,30,UNKNOWN,DAYLIGHT,PARKED MOTOR VEHICLE,ONE-WAY,UNKNOWN,UNKNOWN,NOT ON SCENE (DESK REPORT),NO INJURY / DRIVE AWAY,Y,"OVER $1,500",01/27/2022 09:30:00 PM,UNABLE TO DETERMINE,NOT APPLICABLE,,2,NO INDICATION OF INJURY,0.0,0.0,0.0,0.0,0.0,1.0,0.0,10,2,1,41.85692466,-87.640089755,POINT (-87.640089754744 41.856924659742),POINT (1173104.46918438 1891215.8146719546),2022,1822 S NORMAL AVE
O1435481,DRIVER,89e17c29e15e33a2cc2a09e236f40ab87e90df396aa6618d4967bfc46766bcabcdd0db7e17938a566cd70f05492fcf23ac83d06d0cd08865e032bd63c20e0bcb,1364206.0,F,37.0,DID NOT DEPLOY,NONE,NO INDICATION OF INJURY,UNKNOWN,UNKNOWN,NORMAL,,,,,2022-10-07 10:00:00,30,RAIN,DAYLIGHT,REAR END,NOT DIVIDED,WET,NO DEFECTS,ON SCENE,NO INJURY / DRIVE AWAY,,"OVER $1,500",10/07/2022 10:19:00 AM,UNABLE TO DETERMINE,NOT APPLICABLE,,2,NO INDICATION OF INJURY,0.0,0.0,0.0,0.0,0.0,7.0,0.0,10,6,10,41.776922701,-87.605999697,POINT (-87.605999696889 41.776922701188),POINT (1182638.1477783504 1862140.2890301035),2022,6456 S COTTAGE GROVE AVE
O1424797,DRIVER,4c996f4d3cb7eb3d5238a6ec0c0b0edb17228fbe8ac140934bc0d9a83b219b434a55ec0735d581e0205361c7ad5aef4ebc1f744c93063df6a966e284d59fa996,1354025.0,F,,DEPLOYMENT UNKNOWN,NONE,NO INDICATION OF INJURY,IMPROPER PASSING,UNKNOWN,UNKNOWN,,,,,2022-09-21 17:20:00,30,CLEAR,DAYLIGHT,SIDESWIPE SAME DIRECTION,DIVIDED - W/MEDIAN (NOT RAISED),DRY,NO DEFECTS,NOT ON SCENE (DESK REPORT),NO INJURY / DRIVE AWAY,,"$501 - $1,500",09/21/2022 05:35:00 PM,IMPROPER OVERTAKING/PASSING,NOT APPLICABLE,,2,NO INDICATION OF INJURY,0.0,0.0,0.0,0.0,0.0,3.0,0.0,17,4,9,41.726204903,-87.575594566,POINT (-87.575594565874 41.726204902597),POINT (1191094.2967902087 1843730.7560753166),2022,9258 S JEFFERY AVE
O1454353,DRIVER,c8480455ed229df73e2b61eb1d1283732cf816e51df26efc9020bc72cf3c5badaa121a3bcef037ba2fecad15b476789f8ff171814ef3d76c0f004103211b60f4,1382223.0,X,,DEPLOYMENT UNKNOWN,NONE,NO INDICATION OF INJURY,UNKNOWN,UNKNOWN,UNKNOWN,,,,,2022-11-01 14:10:00,15,CLEAR,DAYLIGHT,PARKED MOTOR VEHICLE,PARKING LOT,DRY,NO DEFECTS,NOT ON SCENE (DESK REPORT),NO INJURY / DRIVE AWAY,Y,"OVER $1,500",11/03/2022 09:43:00 AM,UNABLE TO DETERMINE,UNABLE TO DETERMINE,,2,NO INDICATION OF INJURY,0.0,0.0,0.0,0.0,0.0,1.0,0.0,14,3,11,41.956807123,-87.646117502,POINT (-87.646117502244 41.956807122603),POINT (1171170.7735643026 1927599.8601081278),2022,4140 N MARINE DR
O1482451,DRIVER,bf01f323306375c8c16ff4b96e159e2f46e21e4289c1c17ecbeee49d047aaafdf5ffb785d036de9143457b8e441a5319e5f3bafd9a92d4a811b60c37ca5dbbfb,1409144.0,F,37.0,DID NOT DEPLOY,NONE,NO INDICATION OF INJURY,OTHER,NOT OBSCURED,NORMAL,,,,,2022-12-16 17:00:00,30,SNOW,DARKNESS,REAR END,NOT DIVIDED,WET,UNKNOWN,NOT ON SCENE (DESK REPORT),NO INJURY / DRIVE AWAY,,"OVER $1,500",12/16/2022 05:45:00 PM,WEATHER,UNABLE TO DETERMINE,,2,NO INDICATION OF INJURY,0.0,0.0,0.0,0.0,0.0,2.0,0.0,17,6,12,41.809153245,-87.624374305,POINT (-87.624374304745 41.809153245187),POINT (1177529.389402575 1873843.045483806),2022,45 E 47TH ST
P298543,PASSENGER,dd397ad5de13fe7bb2c311384ef54439bf93cf3b7ae2d9092525d56d3ba9eff33a33fc529b5b8144a2460843455d42caef98a4796e0e7d5781c164d24a62f703,1275328.0,F,28.0,"DEPLOYED, COMBINATION",UNKNOWN,"REPORTED, NOT EVIDENT",,,,,,,,2022-05-22 00:35:00,30,CLEAR,"DARKNESS, LIGHTED ROAD",SIDESWIPE SAME DIRECTION,ONE-WAY,DRY,NO DEFECTS,ON SCENE,INJURY AND / OR TOW DUE TO CRASH,,"OVER $1,500",05/22/2022 12:42:00 AM,FAILING TO REDUCE SPEED TO AVOID CRASH,FAILING TO REDUCE SPEED TO AVOID CRASH,,3,"REPORTED, NOT EVIDENT",3.0,0.0,0.0,0.0,3.0,0.0,0.0,0,1,5,41.894706184,-87.632422292,POINT (-87.632422291701 41.894706183704),POINT (1175080.8327762706 1905000.3199203007),2022,127 W HURON ST
O1291041,DRIVER,c8b9639a83830ffe1dbac027b73cd29b97fd5022d4d400081aa9a13b19b8151b6f5d1e3fdbb3fa54715d649bea0338d1250eef88fbb9fae20d041d02cb4d047f,1225968.0,X,,DEPLOYMENT UNKNOWN,NONE,NO INDICATION OF INJURY,UNKNOWN,UNKNOWN,UNKNOWN,,,,,2022-03-01 17:30:00,30,CLEAR,DAYLIGHT,REAR END,DIVIDED - W/MEDIAN (NOT RAISED),UNKNOWN,UNKNOWN,NOT ON SCENE (DESK REPORT),NO INJURY / DRIVE AWAY,Y,"OVER $1,500",03/02/2022 09:00:00 AM,UNABLE TO DETERMINE,UNABLE TO DETERMINE,,2,NO INDICATION OF INJURY,0.0,0.0,0.0,0.0,0.0,2.0,0.0,17,3,3,42.008607223,-87.661747367,POINT (-87.661747366713 42.008607223176),POINT (1166771.466982972 1946442.3916868567),2022,6963 N SHERIDAN RD
O1346275,BICYCLE,a4f0a1acf9d585c1544912e7b77c3c39b5befddba81fe989857f710805600925fe02ca77f210717206dfac6b6683dcb2e58b0b926fee74a5f8b4ee51ac598df1,,F,29.0,,NONE,NONINCAPACITATING INJURY,WRONG WAY/SIDE,NOT OBSCURED,NORMAL,CROSSING - NO CONTROLS (AT INTERSECTION),NO CONTRASTING CLOTHING,IN ROADWAY,,2022-05-27 23:35:00,20,CLEAR,"DARKNESS, LIGHTED ROAD",PEDALCYCLIST,FOUR WAY,DRY,NO DEFECTS,ON SCENE,INJURY AND / OR TOW DUE TO CRASH,,"OVER $1,500",05/27/2022 11:38:00 PM,IMPROPER LANE USAGE,FAILING TO REDUCE SPEED TO AVOID CRASH,,2,NONINCAPACITATING INJURY,1.0,0.0,0.0,1.0,0.0,1.0,0.0,23,6,5,41.906719518,-87.690961303,POINT (-87.690961303389 41.906719518285),POINT (1159110.0791422406 1909253.214760509),2022,1400 N MAPLEWOOD AVE
O1399928,DRIVER,6cd05a83f2788ec3d8160f94aa0f790947f7f05336510d81116f0721e90c55ec49c42a8e9ced848f28535b736a205f87c23f829523d915bbefd56cad54ca20dc,1330265.0,M,38.0,DID NOT DEPLOY,NONE,NO INDICATION OF INJURY,NONE,WINDSHIELD (WATER/ICE),NORMAL,,,,,2022-08-16 12:45:00,30,CLEAR,DAYLIGHT,ANGLE,NOT DIVIDED,DRY,NO DEFECTS,NOT ON SCENE (DESK REPORT),NO INJURY / DRIVE AWAY,,"$501 - $1,500",08/16/2022 01:00:00 PM,UNABLE TO DETERMINE,NOT APPLICABLE,,2,NO INDICATION OF INJURY,0.0,0.0,0.0,0.0,0.0,3.0,0.0,12,3,8,41.976618357,-87.684458169,POINT (-87.684458168746 41.976618356576),POINT (1160687.4962707278 1934737.8599754842),2022,5218 N LEAVITT ST
O1360486,DRIVER,133e68543252335b3558587af4b684388eb5b9882f46cbe9ac9a03dedeb389669a7aef73eee06284780a356468a0fafb43b24928aa932d4b2e1dd8d7f4f58af8,1292695.0,M,42.0,DID NOT DEPLOY,NONE,NO INDICATION OF INJURY,UNKNOWN,NOT OBSCURED,NORMAL,,,,,2022-06-17 10:35:00,30,CLEAR,DAYLIGHT,SIDESWIPE SAME DIRECTION,NOT DIVIDED,DRY,UNKNOWN,NOT ON SCENE (DESK REPORT),NO INJURY / DRIVE AWAY,Y,"OVER $1,500",06/17/2022 05:00:00 PM,IMPROPER LANE USAGE,IMPROPER LANE USAGE,,2,NO INDICATION OF INJURY,0.0,0.0,0.0,0.0,0.0,2.0,0.0,10,6,6,41.946140053,-87.73518302,POINT (-87.735183019953 41.946140053443),POINT (1146972.2299489675 1923531.0658844903),2022,3591 N MILWAUKEE AVE
O1481636,DRIVER,6c30522fb5cadcb22840a2dc036d4050ffd4e9a9470833610154282805715a9bfa696e240cae2948a5cbab3b93e85c84751514777659b7f4a956797ef010c322,1408363.0,M,,DID NOT DEPLOY,NONE,NO INDICATION OF INJURY,NONE,NOT OBSCURED,NORMAL,,,,,2022-12-15 17:30:00,30,RAIN,"DARKNESS, LIGHTED ROAD",ANGLE,NOT DIVIDED,WET,NO DEFECTS,NOT ON SCENE (DESK REPORT),NO INJURY / DRIVE AWAY,,"OVER $1,500",12/15/2022 06:23:00 PM,DRIVING SKILLS/KNOWLEDGE/EXPERIENCE,NOT APPLICABLE,,2,NO INDICATION OF INJURY,0.0,0.0,0.0,0.0,0.0,2.0,0.0,17,5,12,41.797394748,-87.684272963,POINT (-87.684272963451 41.797394747543),POINT (1161231.838535797 1869429.3003162693),2022,5300 S WESTERN AVE
O1448199,DRIVER,00df24406f88dc1b286d9de8e0f0dd1f8095596401dc0b8f487a8f2e50e48e0022389b10718aed0b83dfcaa3d93e8a7833a92443aad2c15c48ed05eadd87f481,1376412.0,M,58.0,DID NOT DEPLOY,NONE,NO INDICATION OF INJURY,NONE,NOT OBSCURED,NORMAL,,,,,2022-10-25 15:50:00,30,RAIN,DAYLIGHT,SIDESWIPE SAME DIRECTION,NOT DIVIDED,WET,NO DEFECTS,ON SCENE,NO INJURY / DRIVE AWAY,,"OVER $1,500",10/25/2022 03:58:00 PM,UNABLE TO DETERMINE,UNABLE TO DETERMINE,,2,NO INDICATION OF INJURY,0.0,0.0,0.0,0.0,0.0,2.0,0.0,15,3,10,41.833270194,-87.724418645,POINT (-87.724418645371 41.833270194369),POINT (1150192.4754942616 1882422.0139396072),2022,3300 S PULASKI RD
O1324534,DRIVER,9551c3de030d80e6e1f995feaf21c784d2ec6b53197e3c902e81f5445cb6ca6bf77f5803d93988ea04776137e4bc13edf9dfbf0b62dddcfb98d1dca437729fb0,1258132.0,M,32.0,DID NOT DEPLOY,NONE,NO INDICATION OF INJURY,NONE,UNKNOWN,NORMAL,,,,,2022-04-26 19:00:00,30,CLEAR,DAYLIGHT,ANGLE,PARKING LOT,DRY,UNKNOWN,ON SCENE,NO INJURY / DRIVE AWAY,,$500 OR LESS,04/26/2022 07:02:00 PM,FAILING TO YIELD RIGHT-OF-WAY,FAILING TO YIELD RIGHT-OF-WAY,,2,NO INDICATION OF INJURY,0.0,0.0,0.0,0.0,0.0,2.0,0.0,19,3,4,41.8673502,-87.625681109,POINT (-87.625681109137 41.867350199652),POINT (1176998.402124169 1895046.8837517726),2022,1201 S WABASH AVE
O1392820,DRIVER,dcf43efe3370f2e794f8f2b0dda289d25019b9a56b972515c0ecd21202721d517e52a3a344141f6ffdaa37b8b00858d97a85f83c4a9c4c6b069b5b4c9785eb10,1323418.0,X,,DEPLOYMENT UNKNOWN,UNKNOWN,NO INDICATION OF INJURY,UNKNOWN,UNKNOWN,UNKNOWN,,,,Y,2022-08-03 21:00:00,20,UNKNOWN,DARKNESS,PARKED MOTOR VEHICLE,ONE-WAY,UNKNOWN,UNKNOWN,NOT ON SCENE (DESK REPORT),NO INJURY / DRIVE AWAY,Y,"OVER $1,500",08/04/2022 02:30:00 PM,UNABLE TO DETERMINE,UNABLE TO DETERMINE,,2,NO INDICATION OF INJURY,0.0,0.0,0.0,0.0,0.0,1.0,0.0,21,4,8,41.799347947,-87.669536684,POINT (-87.669536683819 41.799347947389),POINT (1165244.5618067677 1870171.7184903305),2022,1763 W 52ND ST
O1288482,DRIVER,ea73a805ce6196b34bf4723b06a9d85e397a33e45f58b885df05313b26d8f09aa10a9c991c4a80e5c37c478059b8aabc52aa806c06fc5c9e7fe848cdda64b4ac,1223493.0,M,,DEPLOYMENT UNKNOWN,NONE,NO INDICATION OF INJURY,DISREGARDED CONTROL DEVICES,UNKNOWN,UNKNOWN,,,,,2022-02-25 22:55:00,30,CLEAR,"DARKNESS, LIGHTED ROAD",ANGLE,NOT DIVIDED,WET,NO DEFECTS,NOT ON SCENE (DESK REPORT),NO INJURY / DRIVE AWAY,,"OVER $1,500",02/26/2022 12:39:00 AM,DISREGARDING TRAFFIC SIGNALS,DISREGARDING TRAFFIC SIGNALS,,2,NO INDICATION OF INJURY,0.0,0.0,0.0,0.0,0.0,2.0,0.0,22,6,2,41.831921522,-87.675379341,POINT (-87.675379340782 41.831921521573),POINT (1163560.5786371091 1882029.1110817455),2022,3412 S ARCHER AVE