PERSON_ID,PERSON_TYPE,CRASH_RECORD_ID,VEHICLE_ID,SEX,AGE,AIRBAG_DEPLOYED,EJECTION,INJURY_CLASSIFICATION,DRIVER_ACTION,DRIVER_VISION,PHYSICAL_CONDITION,PEDPEDAL_ACTION,PEDPEDAL_VISIBILITY,PEDPEDAL_LOCATION,CRASH_DATE_EST_I,CRASH_DATE,POSTED_SPEED_LIMIT,WEATHER_CONDITION,LIGHTING_CONDITION,FIRST_CRASH_TYPE,TRAFFICWAY_TYPE,ROADWAY_SURFACE_COND,ROAD_DEFECT,REPORT_TYPE,CRASH_TYPE,HIT_AND_RUN_I,DAMAGE,DATE_POLICE_NOTIFIED,PRIM_CONTRIBUTORY_CAUSE,SEC_CONTRIBUTORY_CAUSE,DOORING_I,NUM_UNITS,MOST_SEVERE_INJURY,INJURIES_TOTAL,INJURIES_FATAL,INJURIES_INCAPACITATING,INJURIES_NON_INCAPACITATING,INJURIES_REPORTED_NOT_EVIDENT,INJURIES_NO_INDICATION,INJURIES_UNKNOWN,CRASH_HOUR,CRASH_DAY_OF_WEEK,CRASH_MONTH,LATITUDE,LONGITUDE,LOCATION,geometry,YEAR,ADDRESS
O1343900,DRIVER,e7f833c9e9fd432e48a43f8de8e9ac1a43f0c2fb01f67b0dda21fbebbe1d88b73ee35dbcd96e39ee1817425ff5164f2f7e99615f93bdc05d1f29adef2552bb44,1276800.0,M,41.0,NOT APPLICABLE,NONE,NO INDICATION OF INJURY,NONE,NOT OBSCURED,NORMAL,,,,,2022-05-24 15:00:00,30,CLEAR,DAYLIGHT,REAR END,NOT DIVIDED,DRY,NO DEFECTS,NOT ON SCENE (DESK REPORT),NO INJURY / DRIVE AWAY,,"OVER $1,500",05/24/2022 03:40:00 PM,FOLLOWING TOO CLOSELY,NOT APPLICABLE,,2,NO INDICATION OF INJURY,0.0,0.0,0.0,0.0,0.0,2.0,0.0,15,3,5,42.004836092,-87.679845796,POINT (-87.679845796417 42.004836091984),POINT (1161863.2007880118 1945030.0992359477),2022,6751 N RIDGE BLVD
O1452736,DRIVER,5d12a557a5e2d8f7d71c529e4bf4b0ffd5f501f7206d58874b175ba16dc0c87963560504b406f12e7be1778d2e49329f27b8cd14f2b61974806b74c73d7e38e3,1380679.0,X,,NOT APPLICABLE,NONE,NO INDICATION OF INJURY,WRONG WAY/SIDE,NOT OBSCURED,UNKNOWN,,,,,2022-10-30 08:04:00,30,CLEAR,DAYLIGHT,PARKED MOTOR VEHICLE,NOT DIVIDED,DRY,NO DEFECTS,NOT ON SCENE (DESK REPORT),NO INJURY / DRIVE AWAY,Y,"OVER $1,500",10/31/2022 05:45:00 PM,PHYSICAL CONDITION OF DRIVER,IMPROPER LANE USAGE,,2,NO INDICATION OF INJURY,0.0,0.0,0.0,0.0,0.0,1.0,0.0,8,1,10,41.681253598,-87.669522284,POINT (-87.669522284047 41.681253598176),POINT (1165580.422118176 1827139.335623091),2022,11709 S VINCENNES AVE
O1401022,DRIVER,651ec3b034d5223f9b3635aa1541628e5dd5387cc729127be7b30187c348d57fd464a9c0ea2a301888c6dac3d19fb795d6d14edbc5e4c1653ebee599c1fc14ab,1331309.0,F,,DEPLOYMENT UNKNOWN,NONE,NO INDICATION OF INJURY,IMPROPER LANE CHANGE,UNKNOWN,UNKNOWN,,,,,2022-08-18 08:16:00,30,CLEAR,DAYLIGHT,SIDESWIPE SAME DIRECTION,NOT DIVIDED,DRY,NO DEFECTS,NOT ON SCENE (DESK REPORT),NO INJURY / DRIVE AWAY,Y,"OVER $1,500",08/18/2022 08:40:00 AM,IMPROPER LANE USAGE,NOT APPLICABLE,,2,NO INDICATION OF INJURY,0.0,0.0,0.0,0.0,0.0,2.0,0.0,8,5,8,41.925719927,-87.639189329,POINT (-87.639189328978 41.925719927241),POINT (1173146.9605686804 1916286.7816174496),2022,400 W FULLERTON PKWY
O1442674,DRIVER,32c1cf022afaa786a803284b05fe07443a692be0ccbdaad8d524f7fb6351098e618e4cb287c11feec92d708b73dda5f071e4879ab07af17fdc3928b085891359,1371140.0,F,26.0,DID NOT DEPLOY,NONE,NO INDICATION OF INJURY,NONE,NOT OBSCURED,NORMAL,,,,,2022-10-17 17:20:00,15,CLEAR,DUSK,REAR TO FRONT,PARKING LOT,DRY,NO DEFECTS,NOT ON SCENE (DESK REPORT),NO INJURY / DRIVE AWAY,,"OVER $1,500",10/17/2022 05:40:00 PM,IMPROPER OVERTAKING/PASSING,UNABLE TO DETERMINE,,2,NO INDICATION OF INJURY,0.0,0.0,0.0,0.0,0.0,2.0,0.0,17,2,10,41.932674418,-87.658228689,POINT (-87.658228688509 41.932674418056),POINT (1167945.8114388473 1918779.644391299),2022,1160 W DIVERSEY PKWY
P323687,PASSENGER,4f7980562187b50fe3ebafb00d4689fc473421da63311516228a2f0dc9b039a7c934b7722749e5ed67249b08e7a72786f299ae5cbf5383d3d62da5c5cfffbdaf,1387532.0,M,11.0,DID NOT DEPLOY,NONE,NO INDICATION OF INJURY,,,,,,,,2022-11-11 16:30:00,35,CLEAR,DUSK,ANGLE,NOT DIVIDED,DRY,NO DEFECTS,ON SCENE,NO INJURY / DRIVE AWAY,Y,"OVER $1,500",11/11/2022 04:45:00 PM,NOT APPLICABLE,NOT APPLICABLE,,2,NO INDICATION OF INJURY,0.0,0.0,0.0,0.0,0.0,3.0,0.0,16,6,11,41.975080799,-87.760386177,POINT (-87.760386177391 41.975080799427),POINT (1140045.3635373437 1934030.32979158),2022,5301 W FOSTER AVE
O1375590,DRIVER,a522d98bc88344cdd80ade83bebe4588e2a26d9e0dd3e6e5127d0dcf578dbc2fc05319fe6d8664c20c97708b1563418af8a463ff7366ce541ed9b4ec74fc2da5,1307050.0,M,,DEPLOYMENT UNKNOWN,NONE,NO INDICATION OF INJURY,FOLLOWED TOO CLOSELY,UNKNOWN,UNKNOWN,,,,,2022-07-05 12:30:00,30,CLEAR,DAYLIGHT,REAR END,DIVIDED - W/MEDIAN (NOT RAISED),DRY,UNKNOWN,,NO INJURY / DRIVE AWAY,,"OVER $1,500",07/05/2022 12:50:00 PM,FOLLOWING TOO CLOSELY,UNABLE TO DETERMINE,,2,NO INDICATION OF INJURY,0.0,0.0,0.0,0.0,0.0,2.0,0.0,12,3,7,41.895965307,-87.667206481,POINT (-87.667206480673 41.895965307096),POINT (1165606.839613294 1905383.6974412117),2022,1559 W CHICAGO AVE
O1454265,DRIVER,c678efd629f26399dd56793bb3ee699cdc2633a771c53b5fec70081d603a4ec5f4f54c3bbf1f2998fde7e45d8f5486146baccb221418bcf3596e950cb200d45a,1382134.0,F,39.0,"DEPLOYED, COMBINATION",NONE,NO INDICATION OF INJURY,IMPROPER TURN,UNKNOWN,UNKNOWN,,,,,2022-11-03 02:33:00,30,CLEAR,"DARKNESS, LIGHTED ROAD",FIXED OBJECT,NOT DIVIDED,DRY,NO DEFECTS,ON SCENE,INJURY AND / OR TOW DUE TO CRASH,,"OVER $1,500",11/03/2022 02:36:00 AM,IMPROPER TURNING/NO SIGNAL,NOT APPLICABLE,,1,NO INDICATION OF INJURY,0.0,0.0,0.0,0.0,0.0,1.0,0.0,2,5,11,41.837673288,-87.670710292,POINT (-87.670710291602 41.837673288199),POINT (1164816.861517295 1884134.8125940445),2022,3100 S WOOD ST
O1348421,DRIVER,19a84de911a12bdc89841d50b00ef8b235c70ed5c21f01cec598334a595130b236d59805bd7673fe2e6ad3138933f6cefef204c2d4502527c0b89db06aa3f0d8,1281184.0,M,69.0,DID NOT DEPLOY,NONE,NO INDICATION OF INJURY,NONE,NOT OBSCURED,NORMAL,,,,,2022-05-31 13:45:00,30,CLEAR,DAYLIGHT,TURNING,ONE-WAY,UNKNOWN,UNKNOWN,NOT ON SCENE (DESK REPORT),NO INJURY / DRIVE AWAY,,"OVER $1,500",05/31/2022 02:00:00 PM,FOLLOWING TOO CLOSELY,UNABLE TO DETERMINE,,2,NO INDICATION OF INJURY,0.0,0.0,0.0,0.0,0.0,3.0,0.0,13,3,5,41.809082437,-87.631030874,POINT (-87.63103087365 41.809082436649),POINT (1175714.848133845 1873802.3429866293),2022,4700 S WENTWORTH AVE
P316702,PASSENGER,23c95a1aeb42eed595c02218d11055009c968af748aff4b914091731aab4d8ff1378d741a216447755f27a8322afde0a8d678af8688eb5a301b877cf0df5c48f,1355480.0,M,,DID NOT DEPLOY,NONE,NO INDICATION OF INJURY,,,,,,,,2022-09-23 22:45:00,20,CLEAR,"DARKNESS, LIGHTED ROAD",TURNING,UNKNOWN INTERSECTION TYPE,DRY,NO DEFECTS,ON SCENE,INJURY AND / OR TOW DUE TO CRASH,Y,"$501 - $1,500",09/23/2022 10:49:00 PM,DRIVING ON WRONG SIDE/WRONG WAY,IMPROPER TURNING/NO SIGNAL,,2,NO INDICATION OF INJURY,0.0,0.0,0.0,0.0,0.0,5.0,0.0,22,6,9,41.735940198,-87.636254776,POINT (-87.63625477588 41.735940197669),POINT (1174506.7026556588 1847138.2704768043),2022,499 W 87TH ST
O1402877,DRIVER,3b02556ebf6ea00bba7639575981e005071e7bdcdcf4ac5f23dc0d40bdb96f60c2b5d4115cddf34a38b17e20d636015761243c68b9fab404053324462f3f0a83,1333089.0,F,34.0,DID NOT DEPLOY,NONE,NO INDICATION OF INJURY,NONE,UNKNOWN,NORMAL,,,,Y,2022-08-20 04:00:00,30,RAIN,"DARKNESS, LIGHTED ROAD",PARKED MOTOR VEHICLE,ONE-WAY,WET,NO DEFECTS,NOT ON SCENE (DESK REPORT),INJURY AND / OR TOW DUE TO CRASH,,"OVER $1,500",08/20/2022 11:30:00 PM,UNABLE TO DETERMINE,UNABLE TO DETERMINE,,2,NO INDICATION OF INJURY,0.0,0.0,0.0,0.0,0.0,1.0,0.0,4,7,8,41.746721817,-87.648931566,POINT (-87.648931566019 41.746721816764),POINT (1171015.5063806158 1851039.2194481688),2022,8104 S MORGAN ST
P328159,PASSENGER,f5b7548e615c08c1bce7b21e0720d358363859ba80e409d34120d29ab6a1700cd6043def89eea9cd0318b4f9a92a50e8c95bf54a04bdd2ccca2831c501399062,1409708.0,F,,"DEPLOYED, COMBINATION",NONE,NONINCAPACITATING INJURY,,,,,,,,2022-12-17 12:29:00,30,CLEAR,DAYLIGHT,TURNING,FOUR WAY,DRY,NO DEFECTS,ON SCENE,INJURY AND / OR TOW DUE TO CRASH,,"OVER $1,500",12/17/2022 12:33:00 PM,DRIVING SKILLS/KNOWLEDGE/EXPERIENCE,NOT APPLICABLE,,2,NONINCAPACITATING INJURY,3.0,0.0,0.0,3.0,0.0,1.0,0.0,12,7,12,41.921998432,-87.638457942,POINT (-87.638457941942 41.921998431987),POINT (1173356.9828880983 1914932.2737660748),2022,2200 N CLARK ST
O1263478,DRIVER,45b3a17ed31fa3067d3d2fe8def78ac4177570d5c407c317a5279c87444342dbd850ef462c84c5e2fa485b4e0f880272546e890c27449fb420069a430645d3f2,1199402.0,M,67.0,NOT APPLICABLE,NONE,NO INDICATION OF INJURY,NONE,NOT OBSCURED,NORMAL,,,,,2022-01-15 14:00:00,30,CLEAR,DAYLIGHT,REAR TO REAR,NOT DIVIDED,DRY,NO DEFECTS,NOT ON SCENE (DESK REPORT),NO INJURY / DRIVE AWAY,,"OVER $1,500",01/15/2022 04:01:00 PM,FAILING TO REDUCE SPEED TO AVOID CRASH,FOLLOWING TOO CLOSELY,,3,NO INDICATION OF INJURY,0.0,0.0,0.0,0.0,0.0,4.0,0.0,14,7,1,41.808702128,-87.666402524,POINT (-87.666402524266 41.808702128328),POINT (1166072.6948363301 1873586.9421459548),2022,1636 W 47TH ST
O1443107,DRIVER,b5794aae4a79ef3c1e57dc0237fd3edf7404310037ff2c5f35fb07ef67900e1d9bee5dc676732cdbe133aa7e007981d7962802dafa0184bd4b9f3b2073e6f3e9,1371551.0,M,46.0,NOT APPLICABLE,NONE,NO INDICATION OF INJURY,FOLLOWED TOO CLOSELY,NOT OBSCURED,NORMAL,,,,,2022-10-18 12:35:00,20,CLEAR,DAYLIGHT,PARKED MOTOR VEHICLE,NOT DIVIDED,DRY,NO DEFECTS,ON SCENE,NO INJURY / DRIVE AWAY,,"$501 - $1,500",10/18/2022 12:37:00 PM,FOLLOWING TOO CLOSELY,NOT APPLICABLE,,2,NO INDICATION OF INJURY,0.0,0.0,0.0,0.0,0.0,1.0,0.0,12,3,10,41.95840132,-87.647676311,POINT (-87.647676310572 41.958401320084),POINT (1170742.1317010883 1928177.3956581133),2022,705 W BUENA AVE
O1279412,DRIVER,d19cbe0944ebc4e2d34b99912e2a16fec6256cfabccc65345b9416cc30b37d015fc3f60de7de489e68101614f6f1abee110bcb330cdc9cadb0c12e0a3a882ad7,1214762.0,M,30.0,DID NOT DEPLOY,NONE,NO INDICATION OF INJURY,UNKNOWN,NOT OBSCURED,UNKNOWN,,,,,2022-02-10 19:00:00,30,CLEAR,DARKNESS,SIDESWIPE SAME DIRECTION,FOUR WAY,SNOW OR SLUSH,UNKNOWN,NOT ON SCENE (DESK REPORT),NO INJURY / DRIVE AWAY,,"OVER $1,500",02/10/2022 08:00:00 PM,UNABLE TO DETERMINE,UNABLE TO DETERMINE,,2,NO INDICATION OF INJURY,0.0,0.0,0.0,0.0,0.0,2.0,0.0,19,5,2,41.88166887,-87.647314067,POINT (-87.647314066525 41.881668870103),POINT (1171064.34090677 1900216.7579483662),2022,799 W MADISON ST
P309330,PASSENGER,536b6ba5180715bfa3ca7e19f9b51b1c7469f334a79d733f97550a486d06d8b4f026ecf6e2884c7f82781b9704960b6cd8a4a6ad9c8de5f88d5c249936324bd5,1321804.0,,,NOT APPLICABLE,NONE,NO INDICATION OF INJURY,,,,,,,,2022-08-02 13:00:00,30,CLEAR,DAYLIGHT,TURNING,NOT DIVIDED,DRY,NO DEFECTS,NOT ON SCENE (DESK REPORT),NO INJURY / DRIVE AWAY,,"$501 - $1,500",08/02/2022 02:36:00 PM,FAILING TO YIELD RIGHT-OF-WAY,IMPROPER TURNING/NO SIGNAL,,2,NO INDICATION OF INJURY,0.0,0.0,0.0,0.0,0.0,3.0,0.0,13,3,8,41.911272068,-87.633117174,POINT (-87.633117174389 41.911272068098),POINT (1174842.3681892112 1911035.3938972114),2022,130 W NORTH AVE
O1342814,DRIVER,8bd382e4c937902d88164f18d4b701d32f1465ede24fc90e80b7f1833c19cbfa877ee652f5b625f608fe4ad7e536793d61938e95853d33402b960f6de541ae0f,1275744.0,M,27.0,DID NOT DEPLOY,NONE,NO INDICATION OF INJURY,EVADING POLICE VEHICLE,UNKNOWN,NORMAL,,,,,2022-05-22 19:30:00,30,CLEAR,DAYLIGHT,HEAD ON,DIVIDED - W/MEDIAN BARRIER,DRY,UNKNOWN,ON SCENE,INJURY AND / OR TOW DUE TO CRASH,N,"OVER $1,500",05/22/2022 07:30:00 PM,DRIVING ON WRONG SIDE/WRONG WAY,FAILING TO REDUCE SPEED TO AVOID CRASH,,4,NO INDICATION OF INJURY,0.0,0.0,0.0,0.0,0.0,3.0,0.0,19,1,5,41.894890471,-87.629871903,POINT (-87.629871903472 41.894890470685),POINT (1175774.6575974536 1905073.1570069236),2022,700 N DEARBORN ST
P293873,PASSENGER,cf0fab5b28b3a2bca67c26689597ac624583f9a4c3331706c9a6c8d731692aff9ecfcc5fa0b8751166ba4c8b6ddd59bd6abc127a8f32e1abc834b5c16b48300b,1254123.0,F,16.0,DID NOT DEPLOY,NONE,NO INDICATION OF INJURY,,,,,,,,2022-04-20 07:03:00,45,CLEAR,DAYLIGHT,SIDESWIPE SAME DIRECTION,DIVIDED - W/MEDIAN BARRIER,DRY,NO DEFECTS,ON SCENE,INJURY AND / OR TOW DUE TO CRASH,,"OVER $1,500",04/20/2022 07:03:00 AM,FAILING TO REDUCE SPEED TO AVOID CRASH,DRIVING SKILLS/KNOWLEDGE/EXPERIENCE,,2,NO INDICATION OF INJURY,0.0,0.0,0.0,0.0,0.0,6.0,0.0,7,4,4,41.857986351,-87.61631898,POINT (-87.616318980105 41.857986350987),POINT (1179576.9460113195 1891655.8740201993),2022,1801 S LAKE SHORE DR E
O1273739,DRIVER,26e9d74fe4ddef99f125556a2e7131142d8fad49ddc41ed25b4020e22c8aae56e2b1aa3c44a25e49514121f99526042237dcc6b675739ef8ef610edbd11a94cb,1209252.0,M,55.0,NOT APPLICABLE,NONE,NO INDICATION OF INJURY,NONE,NOT OBSCURED,NORMAL,,,,,2022-02-01 14:30:00,30,CLEAR,DAYLIGHT,ANGLE,NOT DIVIDED,DRY,NO DEFECTS,NOT ON SCENE (DESK REPORT),NO INJURY / DRIVE AWAY,,"$501 - $1,500",02/01/2022 04:00:00 PM,FAILING TO YIELD RIGHT-OF-WAY,DRIVING SKILLS/KNOWLEDGE/EXPERIENCE,,2,NO INDICATION OF INJURY,0.0,0.0,0.0,0.0,0.0,2.0,0.0,14,3,2,41.975165518,-87.655301021,POINT (-87.655301020736 41.975165518476),POINT (1168619.928827367 1934269.8427222813),2022,1007 W WINONA ST
O1285637,DRIVER,b8264ba6b23fefb67049b9cda4d2afe870c5c4f40c106bd58a30a634caee2880821e6b96a7cdccbbf366407c5b6aaa5183baf5b8642a2c43722f0a3747c00e53,1220747.0,M,21.0,"DEPLOYED, COMBINATION",NONE,NO INDICATION OF INJURY,FAILED TO YIELD,UNKNOWN,NORMAL,,,,,2022-02-21 03:55:00,30,CLEAR,"DARKNESS, LIGHTED ROAD",PARKED MOTOR VEHICLE,DIVIDED - W/MEDIAN (NOT RAISED),DRY,NO DEFECTS,ON SCENE,INJURY AND / OR TOW DUE TO CRASH,,"OVER $1,500",02/21/2022 03:55:00 AM,FAILING TO REDUCE SPEED TO AVOID CRASH,IMPROPER LANE USAGE,,5,NO INDICATION OF INJURY,0.0,0.0,0.0,0.0,0.0,1.0,0.0,3,2,2,42.000252657,-87.709219606,POINT (-87.709219606407 42.000252657216),POINT (1153891.7516029188 1943300.2988708282),2022,6535 N KEDZIE AVE
O1476645,DRIVER,4c29a664ab9af5a4373d8abbc3f12b0e2c28619624fc55548b3fa3531ad76eb7078305fec9d073f2689fd7ce483199018fd21c3aea9f37ac475b66609cca88cf,1403583.0,M,,DEPLOYMENT UNKNOWN,NONE,NO INDICATION OF INJURY,UNKNOWN,UNKNOWN,UNKNOWN,,,,,2022-12-08 10:52:00,10,CLEAR,DAYLIGHT,PARKED MOTOR VEHICLE,ONE-WAY,DRY,NO DEFECTS,NOT ON SCENE (DESK REPORT),NO INJURY / DRIVE AWAY,Y,"$501 - $1,500",12/08/2022 04:30:00 PM,UNABLE TO DETERMINE,NOT APPLICABLE,,2,NO INDICATION OF INJURY,0.0,0.0,0.0,0.0,0.0,1.0,0.0,10,5,12,41.6726937,-87.634668754,POINT (-87.6346687536 41.672693700085),POINT (1175126.5574341046 1824095.5056501909),2022,12152 S NORMAL AVE
P329662,PASSENGER,d1549c7a92de7612015e916141163d9863d491c39ae27805d7543796c93f5fac7f8c26d9b317f576a396a95d35d19ad81b278716ddc9e3730f57a9726b89e9a7,1416803.0,F,,DID NOT DEPLOY,NONE,NO INDICATION OF INJURY,,,,,,,,2022-12-30 01:50:00,30,CLEAR,"DARKNESS, LIGHTED ROAD",ANGLE,"FIVE POINT, OR MORE",WET,NO DEFECTS,NOT ON SCENE (DESK REPORT),NO INJURY / DRIVE AWAY,Y,"OVER $1,500",12/30/2022 02:05:00 AM,UNABLE TO DETERMINE,NOT APPLICABLE,,2,NO INDICATION OF INJURY,0.0,0.0,0.0,0.0,0.0,4.0,0.0,1,6,12,41.893255329,-87.637159916,POINT (-87.637159915596 41.893255328806),POINT (1173795.2447017783 1904461.1265612447),2022,340 W ONTARIO ST
O1332691,DRIVER,dfe0662185ea3d62ca62ee89f1e5d22ba4748a4ba6fc18c6990cca94033960d5a89ab0015adde39a5d96d5e7d013191369b6a5c0b237901539d269feb68d4638,1265998.0,M,31.0,NOT APPLICABLE,NONE,NO INDICATION OF INJURY,IMPROPER BACKING,OTHER,UNKNOWN,,,,,2022-05-08 11:20:00,30,CLEAR,DAYLIGHT,PARKED MOTOR VEHICLE,NOT DIVIDED,DRY,NO DEFECTS,NOT ON SCENE (DESK REPORT),NO INJURY / DRIVE AWAY,,"$501 - $1,500",05/08/2022 11:30:00 AM,FOLLOWING TOO CLOSELY,UNABLE TO DETERMINE,,2,NO INDICATION OF INJURY,0.0,0.0,0.0,0.0,0.0,2.0,0.0,11,1,5,42.009999637,-87.674343172,POINT (-87.674343172412 42.009999636951),POINT (1163344.297474515 1946923.1939886424),2022,7032 N CLARK ST
O1435934,DRIVER,f174f1f8610a8026e3882ca56335020c8a3ec77b3d2ea1d5f0748812fbdec42928b121c9d34d65e3ff1b395896b06148941a9610a2e6d2eaaf40429d65bfd9f3,1364631.0,X,,DEPLOYMENT UNKNOWN,UNKNOWN,NO INDICATION OF INJURY,OTHER,UNKNOWN,UNKNOWN,,,,,2022-10-07 17:04:00,30,CLEAR,DAYLIGHT,PARKED MOTOR VEHICLE,NOT DIVIDED,DRY,NO DEFECTS,ON SCENE,NO INJURY / DRIVE AWAY,Y,"OVER $1,500",10/07/2022 05:43:00 PM,UNABLE TO DETERMINE,NOT APPLICABLE,,3,NO INDICATION OF INJURY,0.0,0.0,0.0,0.0,0.0,1.0,0.0,17,6,10,41.783095852,-87.688777759,POINT (-87.688777758982 41.783095852213),POINT (1160042.5555119123 1864209.639133852),2022,6052 S ROCKWELL ST
O1468191,DRIVER,42d5ff13bff76f320ad567e9c9d788eff669756fe28e69852f413078ff7047c589176f4c636b2d33beeecb5866bd9204458e005609906f8839cf44c9bff96a03,1395453.0,M,,DID NOT DEPLOY,NONE,NO INDICATION OF INJURY,OTHER,UNKNOWN,UNKNOWN,,,,,2022-11-23 16:54:00,30,CLEAR,DUSK,SIDESWIPE SAME DIRECTION,NOT DIVIDED,DRY,NO DEFECTS,NOT ON SCENE (DESK REPORT),NO INJURY / DRIVE AWAY,,"OVER $1,500",11/23/2022 05:20:00 PM,UNABLE TO DETERMINE,UNABLE TO DETERMINE,,2,NO INDICATION OF INJURY,0.0,0.0,0.0,0.0,0.0,3.0,0.0,16,4,11,41.8812768,-87.764745449,POINT (-87.764745448874 41.881276800489),POINT (1139086.6604797696 1899840.1418913668),2022,33 N CENTRAL AVE
O1459987,DRIVER,f1caaa8d848f4dbe061fcf979b44ff59ff128e94a7c05c8003b1ee814eb7e34947fd59ed4318bfb4d3021b9cbe1ec9529ea9880890d2d520df79388785f0bad5,1387576.0,F,25.0,NOT APPLICABLE,NONE,NO INDICATION OF INJURY,FOLLOWED TOO CLOSELY,NOT OBSCURED,NORMAL,,,,,2022-11-11 17:30:00,30,CLEAR,"DARKNESS, LIGHTED ROAD",REAR END,DIVIDED - W/MEDIAN (NOT RAISED),DRY,NO DEFECTS,NOT ON SCENE (DESK REPORT),NO INJURY / DRIVE AWAY,,"OVER $1,500",11/11/2022 06:00:00 PM,FOLLOWING TOO CLOSELY,UNABLE TO DETERMINE,,3,NO INDICATION OF INJURY,0.0,0.0,0.0,0.0,0.0,3.0,0.0,17,6,11,41.932163606,-87.703607733,POINT (-87.703607733207 41.932163606161),POINT (1155599.4953939435 1918499.5422118066),2022,3024 W DIVERSEY AVE
P304552,PASSENGER,1d51c6ce4913dffab8f84d63cd5bf501cdd19094eee82e6817ee4015b19dd614b40b93f13be4737706ebc077ee13d682db5b6bf49d624894353688b318745d16,1300782.0,F,,NOT APPLICABLE,NONE,NO INDICATION OF INJURY,,,,,,,,2022-06-29 14:30:00,30,CLEAR,DAYLIGHT,ANGLE,NOT DIVIDED,DRY,NO DEFECTS,NOT ON SCENE (DESK REPORT),NO INJURY / DRIVE AWAY,,$500 OR LESS,06/29/2022 04:45:00 PM,IMPROPER TURNING/NO SIGNAL,IMPROPER TURNING/NO SIGNAL,,2,NO INDICATION OF INJURY,0.0,0.0,0.0,0.0,0.0,3.0,0.0,14,4,6,41.807494171,-87.70410581,POINT (-87.704105810431 41.807494171371),POINT (1155796.9723151315 1873069.2579920618),2022,4720 S KEDZIE AVE
O1475498,DRIVER,bb453030ce8b57430bedccd7a37ce8967419f7213d81b0a4139c46c56c60b58a7b6cf0a959cda3e6431dc31ecd9b2c8b75ccea87d46d375ae48f4cb08a3e7df7,1402497.0,F,39.0,NOT APPLICABLE,NONE,NO INDICATION OF INJURY,NONE,UNKNOWN,NORMAL,,,,,2022-12-06 12:55:00,30,UNKNOWN,DAYLIGHT,REAR TO FRONT,NOT DIVIDED,UNKNOWN,UNKNOWN,NOT ON SCENE (DESK REPORT),NO INJURY / DRIVE AWAY,,"OVER $1,500",12/06/2022 02:00:00 PM,IMPROPER BACKING,IMPROPER BACKING,,2,NO INDICATION OF INJURY,0.0,0.0,0.0,0.0,0.0,2.0,0.0,12,3,12,41.902560254,-87.726359467,POINT (-87.726359466751 41.902560253776),POINT (1149485.0291857172 1907667.407687528),2022,4001 W DIVISION ST
O1346793,PEDESTRIAN,c8a9bf95f00d376544aed6e810f0aa9999e0c45e9f7bff219778339d015aecb7c3dbbf824bf44db5cb76dc8c3696b9facf37a6c90de3e16c52fd95bd60bb63b5,,M,7.0,,,NONINCAPACITATING INJURY,NONE,UNKNOWN,NORMAL,CROSSING - CONTROLS PRESENT (NOT AT INTERSECTION),NO CONTRASTING CLOTHING,IN ROADWAY,,2022-05-28 16:36:00,30,CLEAR,DAYLIGHT,PEDESTRIAN,ONE-WAY,DRY,NO DEFECTS,ON SCENE,INJURY AND / OR TOW DUE TO CRASH,Y,"OVER $1,500",05/28/2022 04:36:00 PM,UNABLE TO DETERMINE,UNABLE TO DETERMINE,,3,NONINCAPACITATING INJURY,2.0,0.0,0.0,2.0,0.0,1.0,0.0,16,7,5,41.655922806,-87.60368505,POINT (-87.603685050107 41.655922806095),POINT (1183643.156805845 1818054.5816950276),2022,730 E 132ND ST
O1363200,DRIVER,bf50ba31c55a40cf33be527a7191659213b56b6276e317c9721a8d0aeef8ef981b922c575549cfead0f15b16ee57f91e76d4d1db1bf0117b70dfd490f37275fd,1295279.0,M,58.0,DID NOT DEPLOY,NONE,NO INDICATION OF INJURY,NONE,NOT OBSCURED,NORMAL,,,,,2022-06-21 08:45:00,30,CLEAR,DAYLIGHT,SIDESWIPE SAME DIRECTION,DIVIDED - W/MEDIAN (NOT RAISED),DRY,NO DEFECTS,NOT ON SCENE (DESK REPORT),NO INJURY / DRIVE AWAY,Y,"OVER $1,500",06/21/2022 11:20:00 AM,UNABLE TO DETERMINE,NOT APPLICABLE,,2,NO INDICATION OF INJURY,0.0,0.0,0.0,0.0,0.0,3.0,0.0,8,3,6,41.896828045,-87.617207703,POINT (-87.617207703311 41.896828045009),POINT (1179216.7435150845 1905807.734400597),2022,800 N LAKE SHORE DR
O1368742,DRIVER,180f7f686b1579b070023011c45e47121cd05bbda39eed6c30b9c38d186688979bc1b3798413ff9d63d0d33a68643c46a9fa5fcc10ddf733268b2a02e53c049c,1300572.0,X,,DEPLOYMENT UNKNOWN,NONE,NO INDICATION OF INJURY,UNKNOWN,UNKNOWN,UNKNOWN,,,,,2022-06-29 10:30:00,35,CLEAR,DAYLIGHT,PARKED MOTOR VEHICLE,DIVIDED - W/MEDIAN (NOT RAISED),DRY,NO DEFECTS,ON SCENE,NO INJURY / DRIVE AWAY,Y,$500 OR LESS,06/29/2022 11:14:00 AM,UNABLE TO DETERMINE,UNABLE TO DETERMINE,,2,NO INDICATION OF INJURY,0.0,0.0,0.0,0.0,0.0,1.0,0.0,10,4,6,41.79350159,-87.668737629,POINT (-87.668737629317 41.793501590221),POINT (1165478.907955687 1868043.0266224565),2022,1745 W GARFIELD BLVD