PERSON_ID,PERSON_TYPE,CRASH_RECORD_ID,VEHICLE_ID,SEX,AGE,AIRBAG_DEPLOYED,EJECTION,INJURY_CLASSIFICATION,DRIVER_ACTION,DRIVER_VISION,PHYSICAL_CONDITION,PEDPEDAL_ACTION,PEDPEDAL_VISIBILITY,PEDPEDAL_LOCATION,CRASH_DATE_EST_I,CRASH_DATE,POSTED_SPEED_LIMIT,WEATHER_CONDITION,LIGHTING_CONDITION,FIRST_CRASH_TYPE,TRAFFICWAY_TYPE,ROADWAY_SURFACE_COND,ROAD_DEFECT,REPORT_TYPE,CRASH_TYPE,HIT_AND_RUN_I,DAMAGE,DATE_POLICE_NOTIFIED,PRIM_CONTRIBUTORY_CAUSE,SEC_CONTRIBUTORY_CAUSE,DOORING_I,NUM_UNITS,MOST_SEVERE_INJURY,INJURIES_TOTAL,INJURIES_FATAL,INJURIES_INCAPACITATING,INJURIES_NON_INCAPACITATING,INJURIES_REPORTED_NOT_EVIDENT,INJURIES_NO_INDICATION,INJURIES_UNKNOWN,CRASH_HOUR,CRASH_DAY_OF_WEEK,CRASH_MONTH,LATITUDE,LONGITUDE,LOCATION,geometry,YEAR,ADDRESS
O1411562,DRIVER,35e7e313594d94225c0260281af70abf3d701f92dac7846804dce812957f1a0aed91d18d014df64e19de0fde00e836d877cd80bc4441825e17d2a799b8692027,1341382.0,F,45.0,DID NOT DEPLOY,NONE,NO INDICATION OF INJURY,NONE,NOT OBSCURED,NORMAL,,,,,2022-09-02 15:30:00,30,CLEAR,DAYLIGHT,REAR END,NOT DIVIDED,DRY,NO DEFECTS,NOT ON SCENE (DESK REPORT),NO INJURY / DRIVE AWAY,,"OVER $1,500",09/02/2022 04:30:00 PM,UNABLE TO DETERMINE,UNABLE TO DETERMINE,,2,NO INDICATION OF INJURY,0.0,0.0,0.0,0.0,0.0,3.0,0.0,15,6,9,41.923475661,-87.736675583,POINT (-87.73667558346 41.923475660728),POINT (1146623.6662203914 1915269.2899404874),2022,2330 N KOSTNER AVE
O1280440,DRIVER,88f0ca6dd6477284c39773e8abea3666b85d6d964fc403817804d5eca051ef4c76cd30e41b437db90d3695711d074d9a9ca581ddd90cb284867e8b9070bfe27f,1215773.0,M,40.0,DID NOT DEPLOY,NONE,NO INDICATION OF INJURY,NONE,NOT OBSCURED,NORMAL,,,,Y,2022-02-12 15:00:00,30,CLEAR,DAYLIGHT,SIDESWIPE SAME DIRECTION,DIVIDED - W/MEDIAN (NOT RAISED),DRY,NO DEFECTS,NOT ON SCENE (DESK REPORT),NO INJURY / DRIVE AWAY,,"OVER $1,500",02/12/2022 03:20:00 PM,UNABLE TO DETERMINE,UNABLE TO DETERMINE,,2,NO INDICATION OF INJURY,0.0,0.0,0.0,0.0,0.0,2.0,0.0,15,7,2,41.865700386,-87.624259581,POINT (-87.624259581278 41.865700385616),POINT (1177390.5620162075 1894448.8891554133),2022,1300 S MICHIGAN AVE
O1329702,DRIVER,e3fa3f02fd6bbfd2a9ee28ba036e998d51f1a5269881af37d463a779b3143bc09df0065004e2d092f359f4987b2e6a7ab9abf631095ded5fea7b5794615f8800,1263144.0,M,31.0,DID NOT DEPLOY,NONE,NO INDICATION OF INJURY,UNKNOWN,UNKNOWN,NORMAL,,,,,2022-05-04 14:30:00,30,CLEAR,DAYLIGHT,REAR END,NOT DIVIDED,UNKNOWN,UNKNOWN,NOT ON SCENE (DESK REPORT),NO INJURY / DRIVE AWAY,,"OVER $1,500",05/04/2022 03:10:00 PM,UNABLE TO DETERMINE,NOT APPLICABLE,,2,NO INDICATION OF INJURY,0.0,0.0,0.0,0.0,0.0,2.0,0.0,14,4,5,41.954161859,-87.685816039,POINT (-87.685816038932 41.954161859029),POINT (1160380.1154349127 1926551.8257899014),2022,2254 W IRVING PARK RD
P287622,PASSENGER,6b918f831d83c967e72998ebacf4ad3bdf74b7ab9acb03a42422ab85728159aa04ed10dc3afdeb2b27c8eeed1a7ce0c503fc83582bac38b710128af83a53c8ac,1226194.0,F,22.0,NOT APPLICABLE,NONE,NO INDICATION OF INJURY,,,,,,,,2022-03-02 16:23:00,30,CLEAR,DAYLIGHT,REAR END,NOT DIVIDED,DRY,NO DEFECTS,ON SCENE,NO INJURY / DRIVE AWAY,Y,"OVER $1,500",03/02/2022 04:40:00 PM,UNABLE TO DETERMINE,NOT APPLICABLE,,2,NO INDICATION OF INJURY,0.0,0.0,0.0,0.0,0.0,3.0,0.0,16,4,3,41.736874368,-87.55294976,POINT (-87.552949760053 41.736874367966),POINT (1197240.57273681 1847673.8369059965),2022,8714 S EXCHANGE AVE
P329280,PASSENGER,dfafdbb3e05b8ad07d654c95c3bd2f10d88b4f57fa319692bf053a651c4a6dd1c3a2ce31a8b1dd7c52acf09d069e64b521a761a66301ff7a6291c1b7014bf43a,1414856.0,F,21.0,DID NOT DEPLOY,NONE,NO INDICATION OF INJURY,,,,,,,,2022-12-26 14:00:00,30,CLEAR,DAYLIGHT,SIDESWIPE SAME DIRECTION,NOT DIVIDED,SNOW OR SLUSH,NO DEFECTS,NOT ON SCENE (DESK REPORT),NO INJURY / DRIVE AWAY,Y,"OVER $1,500",12/26/2022 03:28:00 PM,IMPROPER OVERTAKING/PASSING,IMPROPER OVERTAKING/PASSING,,2,NO INDICATION OF INJURY,0.0,0.0,0.0,0.0,0.0,3.0,0.0,14,2,12,41.685085845,-87.637457228,POINT (-87.637457227923 41.685085845304),POINT (1174328.2665736943 1828604.8721633619),2022,11500 S WALLACE ST
O1478966,DRIVER,eb205a6907aa3aa75d46b8596523e5002d3f3a4c99bef45d59e293982c0597d4c9ce72fea712f05f050308eb6c1c50bd56ec774b0b8fe58bd66aa25893245231,1405814.0,M,,DID NOT DEPLOY,NONE,NO INDICATION OF INJURY,UNKNOWN,UNKNOWN,NORMAL,,,,,2022-12-11 20:12:00,30,CLEAR,DAWN,REAR END,NOT DIVIDED,DRY,NO DEFECTS,NOT ON SCENE (DESK REPORT),NO INJURY / DRIVE AWAY,,"$501 - $1,500",12/11/2022 09:00:00 PM,FOLLOWING TOO CLOSELY,NOT APPLICABLE,,2,NO INDICATION OF INJURY,0.0,0.0,0.0,0.0,0.0,2.0,0.0,20,1,12,41.935383714,-87.727225603,POINT (-87.72722560283 41.935383714398),POINT (1149164.7073716742 1919626.6388460086),2022,2960 N PULASKI RD
O1474874,DRIVER,4050ffb0d34c298e85e468d4e5853037342027be2c6b09b51c601054879828f2fcef818626c731b8e9a73f384812073480f0038fcffacaf2560f56acffc622f8,1401866.0,X,,DEPLOYMENT UNKNOWN,UNKNOWN,NO INDICATION OF INJURY,UNKNOWN,UNKNOWN,UNKNOWN,,,,Y,2022-12-05 13:00:00,30,CLEAR,DAYLIGHT,FIXED OBJECT,NOT DIVIDED,DRY,UNKNOWN,ON SCENE,NO INJURY / DRIVE AWAY,Y,"OVER $1,500",12/05/2022 01:25:00 PM,"OPERATING VEHICLE IN ERRATIC, RECKLESS, CARELESS, NEGLIGENT OR AGGRESSIVE MANNER","OPERATING VEHICLE IN ERRATIC, RECKLESS, CARELESS, NEGLIGENT OR AGGRESSIVE MANNER",,1,NO INDICATION OF INJURY,0.0,0.0,0.0,0.0,0.0,1.0,0.0,13,2,12,41.851471933,-87.738575561,POINT (-87.738575561459 41.851471932862),POINT (1146288.4623127289 1889027.6242832798),2022,4544 W CERMAK RD
O1263284,DRIVER,7854c88d9a299966c0a3fbbf414165ec95efac2248f1a49e5c980a6efedf4af81f409688661f38fad823896b054914add5eec7fc63a743363d57dc45ad2bafb3,1199207.0,F,,DID NOT DEPLOY,NONE,NO INDICATION OF INJURY,FOLLOWED TOO CLOSELY,UNKNOWN,UNKNOWN,,,,,2022-01-13 10:00:00,25,CLOUDY/OVERCAST,DAYLIGHT,REAR END,DIVIDED - W/MEDIAN BARRIER,DRY,NO DEFECTS,NOT ON SCENE (DESK REPORT),NO INJURY / DRIVE AWAY,,"$501 - $1,500",01/15/2022 11:00:00 AM,FOLLOWING TOO CLOSELY,UNABLE TO DETERMINE,,2,NO INDICATION OF INJURY,0.0,0.0,0.0,0.0,0.0,2.0,0.0,10,5,1,41.878214514,-87.624162116,POINT (-87.624162116427 41.878214514385),POINT (1177379.4345763538 1899009.2415139156),2022,301 S MICHIGAN AVE
O1459602,DRIVER,11b22a5fc2da2004bc53411d143a1acbeca047b4472a84357ac8de28400fa9a24893ae3d3477f36fa6f0df38dbe07969c747880dc78f67018119cd31b5ada45a,1387204.0,F,51.0,DID NOT DEPLOY,NONE,NO INDICATION OF INJURY,UNKNOWN,UNKNOWN,NORMAL,,,,,2022-11-11 07:30:00,30,CLEAR,DAYLIGHT,TURNING,NOT DIVIDED,DRY,NO DEFECTS,ON SCENE,NO INJURY / DRIVE AWAY,,"$501 - $1,500",11/11/2022 07:43:00 AM,UNABLE TO DETERMINE,UNABLE TO DETERMINE,,2,NO INDICATION OF INJURY,0.0,0.0,0.0,0.0,0.0,3.0,0.0,7,6,11,41.91682247,-87.746173091,POINT (-87.746173091407 41.916822470032),POINT (1144055.6163156382 1912827.020907761),2022,4801 W ARMITAGE AVE
O1447484,DRIVER,ecbae74a16da0eb11cdbbc4da19ab74fdafae7e611acedcf43a9b2e38562050fcb4434540c7240f1af077d6ba7492ec6252a4a443bab1d99ad6566267376839d,1375724.0,X,,DEPLOYMENT UNKNOWN,NONE,NO INDICATION OF INJURY,NONE,UNKNOWN,UNKNOWN,,,,,2022-10-24 16:21:00,35,CLEAR,DAYLIGHT,PARKED MOTOR VEHICLE,DIVIDED - W/MEDIAN (NOT RAISED),DRY,NO DEFECTS,NOT ON SCENE (DESK REPORT),NO INJURY / DRIVE AWAY,Y,"$501 - $1,500",10/24/2022 06:10:00 PM,IMPROPER OVERTAKING/PASSING,UNABLE TO DETERMINE,,2,NO INDICATION OF INJURY,0.0,0.0,0.0,0.0,0.0,1.0,0.0,16,2,10,41.7189321,-87.643291121,POINT (-87.643291120532 41.718932099527),POINT (1172635.9137406065 1840925.2211885105),2022,9612 S HALSTED ST
O1385837,DRIVER,954f290c5c8cf67c3ec85387196101f95f7ed765ddff82b5cec3ea47850be6b3d4238e8570c1e106f8f7e6f7f519e921e85651b8d5d9d23ec67bb808ae552441,1316771.0,F,81.0,NOT APPLICABLE,NONE,NO INDICATION OF INJURY,NONE,NOT OBSCURED,NORMAL,,,,,2022-07-25 17:15:00,30,CLEAR,DAYLIGHT,REAR END,NOT DIVIDED,DRY,NO DEFECTS,NOT ON SCENE (DESK REPORT),NO INJURY / DRIVE AWAY,,"$501 - $1,500",07/25/2022 05:31:00 PM,NOT APPLICABLE,NOT APPLICABLE,,2,NO INDICATION OF INJURY,0.0,0.0,0.0,0.0,0.0,2.0,0.0,17,2,7,41.740620792,-87.702291178,POINT (-87.702291178055 41.740620792259),POINT (1156470.5035340386 1848704.7633985307),2022,8400 S KEDZIE AVE
P288012,PASSENGER,5bc9d9c039c98c3a1096d3cf83d614172d4192ea787410af2870eb27130cc97a1657066d507ff406adeca8d59b652cc40813ee35d1dc24148d66916a193aba47,1227980.0,,3.0,"DEPLOYED, SIDE",NONE,"REPORTED, NOT EVIDENT",,,,,,,,2022-03-05 22:09:00,25,CLEAR,"DARKNESS, LIGHTED ROAD",SIDESWIPE OPPOSITE DIRECTION,FOUR WAY,DRY,NO DEFECTS,ON SCENE,INJURY AND / OR TOW DUE TO CRASH,Y,"OVER $1,500",03/05/2022 10:14:00 PM,FAILING TO REDUCE SPEED TO AVOID CRASH,FAILING TO REDUCE SPEED TO AVOID CRASH,,2,"REPORTED, NOT EVIDENT",5.0,0.0,0.0,0.0,5.0,1.0,0.0,22,7,3,41.809082437,-87.631030874,POINT (-87.63103087365 41.809082436649),POINT (1175714.848133845 1873802.3429866293),2022,4700 S WENTWORTH AVE
O1276911,DRIVER,ef09f44d3235f4bbaa7fc7d320b903eaf07494494f7844d0c7c105d2eb4c863c306755faea0479e6172cd2d4c921224e9d1dfe1bdb3a93c2fccc413238bb27bc,1212322.0,F,52.0,DID NOT DEPLOY,NONE,NO INDICATION OF INJURY,UNKNOWN,NOT OBSCURED,NORMAL,,,,,2022-02-06 18:45:00,30,CLEAR,"DARKNESS, LIGHTED ROAD",SIDESWIPE SAME DIRECTION,PARKING LOT,SNOW OR SLUSH,NO DEFECTS,NOT ON SCENE (DESK REPORT),NO INJURY / DRIVE AWAY,,"OVER $1,500",02/06/2022 09:15:00 PM,UNABLE TO DETERMINE,UNABLE TO DETERMINE,,2,NO INDICATION OF INJURY,0.0,0.0,0.0,0.0,0.0,2.0,0.0,18,1,2,41.965971894,-87.759281578,POINT (-87.759281578283 41.965971894072),POINT (1140367.967412509 1930713.0198694791),2022,4716 N MILWAUKEE AVE
O1367456,DRIVER,e6052690873ad1364cf3c51d0bec8f766d551788d88ecb6dec8f11b449347f4b140614cafd6d109c72d692a1d81dc059b45e42ee8ae188e3984b9bb8aeb22292,1299320.0,F,,NOT APPLICABLE,UNKNOWN,NO INDICATION OF INJURY,UNKNOWN,UNKNOWN,UNKNOWN,,,,,2022-06-23 23:30:00,30,UNKNOWN,DARKNESS,SIDESWIPE SAME DIRECTION,NOT DIVIDED,UNKNOWN,UNKNOWN,NOT ON SCENE (DESK REPORT),NO INJURY / DRIVE AWAY,,"OVER $1,500",06/27/2022 01:30:00 PM,UNABLE TO DETERMINE,UNABLE TO DETERMINE,,2,NO INDICATION OF INJURY,0.0,0.0,0.0,0.0,0.0,2.0,0.0,23,5,6,41.891126915,-87.647472446,POINT (-87.647472445636 41.891126914712),POINT (1170993.664964877 1903662.9196728843),2022,499 N HALSTED ST
O1305015,DRIVER,d49c5a1cfc3bf394ce1c305dc1298ceb510cb359c02792332e5246f2fc4bf0eaa518fe5117ff975de5db6d0e23df523257e697ab9c640ecb351513c773fda9e7,1239359.0,M,33.0,NOT APPLICABLE,NONE,NO INDICATION OF INJURY,NONE,NOT OBSCURED,NORMAL,,,,,2022-03-18 15:30:00,30,RAIN,DAYLIGHT,ANGLE,ALLEY,WET,NO DEFECTS,NOT ON SCENE (DESK REPORT),NO INJURY / DRIVE AWAY,,"OVER $1,500",03/25/2022 01:20:00 PM,FAILING TO YIELD RIGHT-OF-WAY,UNABLE TO DETERMINE,,2,NO INDICATION OF INJURY,0.0,0.0,0.0,0.0,0.0,2.0,0.0,15,6,3,41.786205474,-87.693442265,POINT (-87.693442265385 41.786205474043),POINT (1158761.9447728107 1865333.260790809),2022,5905 S CALIFORNIA AVE
O1284310,DRIVER,6dc00961b79762983e09a4197615971af9e628f89b022272fd9a16e175fd806c79429f1c41c2e0e0e085f806be64c7b0441c9550361f62424a3456bc28900ecd,1219491.0,M,54.0,DID NOT DEPLOY,NONE,NO INDICATION OF INJURY,NONE,NOT OBSCURED,NORMAL,,,,,2022-02-18 18:13:00,30,CLEAR,"DARKNESS, LIGHTED ROAD",SIDESWIPE SAME DIRECTION,DIVIDED - W/MEDIAN (NOT RAISED),SNOW OR SLUSH,NO DEFECTS,ON SCENE,NO INJURY / DRIVE AWAY,,"OVER $1,500",02/18/2022 06:14:00 PM,FAILING TO REDUCE SPEED TO AVOID CRASH,DRIVING SKILLS/KNOWLEDGE/EXPERIENCE,,2,NO INDICATION OF INJURY,0.0,0.0,0.0,0.0,0.0,2.0,0.0,18,6,2,41.69089716,-87.681276894,POINT (-87.681276894278 41.690897159612),POINT (1162342.8519805078 1830628.7998355103),2022,11128 S WESTERN AVE
O1354175,DRIVER,271d1c44e1762ee7d145efdd3869aff9b7d87697f5c41a38d3ab95016088f013dc3d321921bbff5e1de0ec0c72a5f1d74a23984f5a274efa34e32bcd97a72709,1286675.0,F,,DEPLOYMENT UNKNOWN,NONE,NO INDICATION OF INJURY,FOLLOWED TOO CLOSELY,UNKNOWN,UNKNOWN,,,,,2022-06-08 17:45:00,35,CLEAR,DAYLIGHT,SIDESWIPE SAME DIRECTION,NOT DIVIDED,DRY,NO DEFECTS,NOT ON SCENE (DESK REPORT),NO INJURY / DRIVE AWAY,Y,$500 OR LESS,06/08/2022 06:45:00 PM,UNABLE TO DETERMINE,NOT APPLICABLE,,2,NO INDICATION OF INJURY,0.0,0.0,0.0,0.0,0.0,2.0,0.0,17,4,6,41.692952069,-87.642540918,POINT (-87.642540917767 41.692952068934),POINT (1172916.665382974 1831460.0472810909),2022,11040 S HALSTED ST
P306114,PASSENGER,76805867c1bd970a8619b6a4584050fa1e2187b0ef679a53c71448959db5554ba20548cb3252c6f7c9ddd2cc0a39acf8d4ee01a13b772e572198f9f02c88f336,1307167.0,M,13.0,DID NOT DEPLOY,NONE,NO INDICATION OF INJURY,,,,,,,,2022-07-09 20:55:00,40,CLEAR,DARKNESS,SIDESWIPE SAME DIRECTION,DIVIDED - W/MEDIAN BARRIER,DRY,UNKNOWN,NOT ON SCENE (DESK REPORT),NO INJURY / DRIVE AWAY,,"OVER $1,500",07/10/2022 01:30:00 PM,IMPROPER LANE USAGE,UNABLE TO DETERMINE,,2,NO INDICATION OF INJURY,0.0,0.0,0.0,0.0,0.0,10.0,0.0,20,7,7,41.880982208,-87.617104651,POINT (-87.617104651185 41.88098220772),POINT (1179292.9967390525 1900033.7472571488),2022,99 S LAKE SHORE DR NB
O1316081,DRIVER,ba42f69e7aa458b57320d1492a21cd9ef9073a62cabfc8ae2fa26ca8ac2c27761a5184cbfa66f6ee169fff92adf73cdde06f144e3f526d0bea44bbbf0c4b8331,1249997.0,F,32.0,NOT APPLICABLE,NONE,NONINCAPACITATING INJURY,NONE,NOT OBSCURED,NORMAL,,,,,2022-04-12 10:30:00,30,CLEAR,DAYLIGHT,REAR END,NOT DIVIDED,DRY,NO DEFECTS,ON SCENE,INJURY AND / OR TOW DUE TO CRASH,Y,"OVER $1,500",04/12/2022 10:34:00 AM,DISREGARDING TRAFFIC SIGNALS,UNABLE TO DETERMINE,,3,NONINCAPACITATING INJURY,1.0,0.0,0.0,1.0,0.0,2.0,0.0,10,3,4,41.869042601,-87.680670529,POINT (-87.680670529122 41.869042601453),POINT (1162015.7685143233 1895544.9188542997),2022,2165 W OGDEN AVE
O1415143,DRIVER,5c7eda58565e97dd9736e6f8d0d7559a54ebaab0b0dfd170fe94edcd8020d02f0502d53f657a17e8d156a3836cdfddd34662585b89c72b3c72719e93df9183f9,1344800.0,M,39.0,"DEPLOYED, FRONT",NONE,"REPORTED, NOT EVIDENT",NONE,UNKNOWN,NORMAL,,,,,2022-09-07 21:18:00,30,CLEAR,"DARKNESS, LIGHTED ROAD",TURNING,FOUR WAY,DRY,NO DEFECTS,ON SCENE,INJURY AND / OR TOW DUE TO CRASH,,"OVER $1,500",09/07/2022 09:18:00 PM,FAILING TO YIELD RIGHT-OF-WAY,NOT APPLICABLE,,2,NONINCAPACITATING INJURY,3.0,0.0,0.0,2.0,1.0,0.0,0.0,21,4,9,41.985576045,-87.660176491,POINT (-87.660176491432 41.985576045424),POINT (1167264.374945236 1938053.0381006165),2022,1200 W HOLLYWOOD AVE
O1364688,DRIVER,aeeb1a7d3cc484d6555099b53720ef92baa36a0fd717d85dc92a3a88ad18d79f1caa073002c8989a6f0b08163a98f09e3f9edd64c477ed1d4bef27c28c60bbac,1296680.0,M,18.0,DID NOT DEPLOY,NONE,NO INDICATION OF INJURY,WRONG WAY/SIDE,UNKNOWN,UNKNOWN,,,,,2022-06-20 22:03:00,25,CLEAR,"DARKNESS, LIGHTED ROAD",ANGLE,FOUR WAY,DRY,NO DEFECTS,,NO INJURY / DRIVE AWAY,,"OVER $1,500",06/21/2022 09:20:00 AM,DRIVING ON WRONG SIDE/WRONG WAY,UNABLE TO DETERMINE,,2,NO INDICATION OF INJURY,0.0,0.0,0.0,0.0,0.0,2.0,0.0,22,2,6,42.00676782,-87.665144754,POINT (-87.665144754287 42.006767820307),POINT (1165853.3631015557 1945764.875440799),2022,6900 N WAYNE AVE
O1361752,DRIVER,f560ec1c111d49023423b8d42c9acb80569029466f22be2556d2b68007eb7a498ce9ed28e684b1a35819c317693bd73a51ae9608d58d07db496e7b305bb437e0,1293917.0,X,,DEPLOYMENT UNKNOWN,UNKNOWN,NO INDICATION OF INJURY,UNKNOWN,UNKNOWN,UNKNOWN,,,,Y,2022-06-19 10:00:00,30,UNKNOWN,UNKNOWN,PARKED MOTOR VEHICLE,NOT DIVIDED,UNKNOWN,UNKNOWN,NOT ON SCENE (DESK REPORT),NO INJURY / DRIVE AWAY,Y,"$501 - $1,500",06/19/2022 11:00:00 AM,UNABLE TO DETERMINE,NOT APPLICABLE,,2,NO INDICATION OF INJURY,0.0,0.0,0.0,0.0,0.0,1.0,0.0,10,1,6,41.79724535,-87.69404441,POINT (-87.694044409543 41.797245350107),POINT (1158567.8121811177 1869354.8943075724),2022,5300 S CALIFORNIA AVE
O1350065,DRIVER,2d2f74b6616ab28ec7d624d3548037950d22629cc75df16cb77f3800998c4d5159a2fbfec9be75aa82801812e8729b60b284cadca4dcf944f1d766bd71d3cba4,1282719.0,M,37.0,DID NOT DEPLOY,NONE,NO INDICATION OF INJURY,NONE,NOT OBSCURED,NORMAL,,,,,2022-06-02 17:00:00,30,CLEAR,DAYLIGHT,REAR END,NOT DIVIDED,DRY,NO DEFECTS,ON SCENE,NO INJURY / DRIVE AWAY,,"OVER $1,500",06/02/2022 05:51:00 PM,FAILING TO REDUCE SPEED TO AVOID CRASH,NOT APPLICABLE,,2,NO INDICATION OF INJURY,0.0,0.0,0.0,0.0,0.0,3.0,0.0,17,5,6,41.925102257,-87.680533464,POINT (-87.680533463943 41.925102256744),POINT (1161897.6664977057 1915973.3338388277),2022,2100 W FULLERTON AVE
O1450899,DRIVER,2d30571ac31cd15d9dc3473ffae1954c291581be939373cc8f826bcd6484ec238589782510b81cb92a0e3d4d0a733edc48018b8e3438798a2169029c478c9637,1378956.0,M,30.0,NOT APPLICABLE,NONE,NO INDICATION OF INJURY,FAILED TO YIELD,NOT OBSCURED,NORMAL,,,,,2022-10-29 10:45:00,30,CLEAR,DAYLIGHT,TURNING,NOT DIVIDED,DRY,NO DEFECTS,NOT ON SCENE (DESK REPORT),NO INJURY / DRIVE AWAY,Y,"$501 - $1,500",10/29/2022 10:56:00 AM,FAILING TO YIELD RIGHT-OF-WAY,FAILING TO YIELD RIGHT-OF-WAY,,2,NO INDICATION OF INJURY,0.0,0.0,0.0,0.0,0.0,2.0,0.0,10,7,10,41.872060211,-87.754979827,POINT (-87.754979827428 41.872060210822),POINT (1141768.6548711574 1896499.4049449582),2022,5202 W FLOURNOY ST
O1437308,DRIVER,3ef3e56c9e1ca81b6bd9ec6c1dc97e05c529ebad3bf5fea3d40b99317c6f744541a78876b7bf047ec00da351ea9df1b6593ec355dbbb7830173ef0d3d590ead3,1365984.0,M,,DEPLOYMENT UNKNOWN,NONE,NO INDICATION OF INJURY,NONE,UNKNOWN,UNKNOWN,,,,,2022-10-10 06:50:00,30,CLEAR,DAYLIGHT,SIDESWIPE SAME DIRECTION,NOT DIVIDED,DRY,UNKNOWN,NOT ON SCENE (DESK REPORT),NO INJURY / DRIVE AWAY,N,"OVER $1,500",10/10/2022 07:30:00 AM,UNABLE TO DETERMINE,UNABLE TO DETERMINE,,2,NO INDICATION OF INJURY,0.0,0.0,0.0,0.0,0.0,2.0,0.0,6,2,10,41.939735357,-87.712371384,POINT (-87.712371384171 41.93973535712),POINT (1153194.8944246066 1921241.3110642128),2022,3215 N KIMBALL AVE
O1331242,DRIVER,295bce30a2f956425c72a531bc82032145185ad17f54442f3ac40c041a31ef799a04ac84cce3e679e3ba93e55f56c143813401511a58e0229fb684cd3750a382,1264624.0,M,54.0,NOT APPLICABLE,NONE,NO INDICATION OF INJURY,NONE,NOT OBSCURED,NORMAL,,,,,2022-05-06 13:28:00,30,RAIN,DAYLIGHT,TURNING,NOT DIVIDED,WET,NO DEFECTS,ON SCENE,NO INJURY / DRIVE AWAY,,"OVER $1,500",05/06/2022 01:28:00 PM,IMPROPER TURNING/NO SIGNAL,FAILING TO YIELD RIGHT-OF-WAY,,2,NO INDICATION OF INJURY,0.0,0.0,0.0,0.0,0.0,3.0,0.0,13,6,5,41.851079953,-87.638634429,POINT (-87.638634428734 41.851079952664),POINT (1173518.1645418517 1889089.22235637),2022,2254 S CANAL ST
O1372253,DRIVER,1535b4b58417012f1cab6ccc7787c57f780c9f2a0ef7798236a5a07ce2bd5274875fe59daae40787ebd95c03d37ccdb96cfce42e52df8a122aa53977def03b8e,1303919.0,X,,DEPLOYMENT UNKNOWN,NONE,NO INDICATION OF INJURY,FOLLOWED TOO CLOSELY,UNKNOWN,UNKNOWN,,,,,2022-07-04 15:45:00,30,CLEAR,DAYLIGHT,REAR END,ONE-WAY,DRY,UNKNOWN,NOT ON SCENE (DESK REPORT),NO INJURY / DRIVE AWAY,Y,"OVER $1,500",07/04/2022 08:00:00 PM,FOLLOWING TOO CLOSELY,UNABLE TO DETERMINE,,2,NO INDICATION OF INJURY,0.0,0.0,0.0,0.0,0.0,2.0,0.0,15,2,7,41.993933986,-87.695714034,POINT (-87.695714033838 41.993933986028),POINT (1157579.8932179017 1941024.7845531446),2022,6199 N TALMAN AVE
P284255,PASSENGER,0e0f68562d26f3e37f7ddadbea82ba626424d445b854268ae9c5b9895d918c542308ba0f64d8d974c14c50bcb02852369aa8cecade4738efb01d0e732e6989f4,1210138.0,M,51.0,DID NOT DEPLOY,NONE,NO INDICATION OF INJURY,,,,,,,,2022-02-01 07:49:00,0,CLEAR,DAYLIGHT,PARKED MOTOR VEHICLE,DIVIDED - W/MEDIAN (NOT RAISED),SNOW OR SLUSH,NO DEFECTS,NOT ON SCENE (DESK REPORT),INJURY AND / OR TOW DUE TO CRASH,,"OVER $1,500",02/01/2022 08:10:00 AM,UNABLE TO DETERMINE,NOT APPLICABLE,,3,NO INDICATION OF INJURY,0.0,0.0,0.0,0.0,0.0,3.0,0.0,7,3,2,41.757690735,-87.563775853,POINT (-87.563775853337 41.75769073549),POINT (1194217.938733068 1855232.537360441),2022,7545 S ESSEX AVE
O1303456,DRIVER,5a0656e12872a8158d8911d6ccbacb9868f474b28008e11602a6c036b43fa713c0f97ede0b620e7aba4134dac78a18bfb53f8ccf87fa3e816b5f917bf7b5860f,1237867.0,M,44.0,DID NOT DEPLOY,NONE,NO INDICATION OF INJURY,NONE,NOT OBSCURED,NORMAL,,,,,2022-03-22 14:30:00,30,CLEAR,DAYLIGHT,SIDESWIPE SAME DIRECTION,DIVIDED - W/MEDIAN (NOT RAISED),DRY,NO DEFECTS,ON SCENE,NO INJURY / DRIVE AWAY,Y,"OVER $1,500",03/22/2022 03:03:00 PM,UNABLE TO DETERMINE,UNABLE TO DETERMINE,,2,NO INDICATION OF INJURY,0.0,0.0,0.0,0.0,0.0,2.0,0.0,14,3,3,41.850135345,-87.727799227,POINT (-87.727799226811 41.850135345427),POINT (1149227.861570032 1888561.0954770977),2022,4132 W OGDEN AVE
O1290554,DRIVER,f67430eb7685b6d4fd157633dfdb44da379e71bb5faf75ba9bfa87ef6cc3b86b1666b40fe17b529863074cb2c4080f49fe4a562c1015d06c40033fa60ddb63e7,1225492.0,F,16.0,NOT APPLICABLE,NONE,NO INDICATION OF INJURY,FOLLOWED TOO CLOSELY,NOT OBSCURED,NORMAL,,,,,2022-03-01 13:40:00,30,CLEAR,DAYLIGHT,PARKED MOTOR VEHICLE,NOT DIVIDED,DRY,NO DEFECTS,NOT ON SCENE (DESK REPORT),NO INJURY / DRIVE AWAY,,"$501 - $1,500",03/01/2022 02:10:00 PM,FOLLOWING TOO CLOSELY,NOT APPLICABLE,,2,NO INDICATION OF INJURY,0.0,0.0,0.0,0.0,0.0,1.0,0.0,13,3,3,41.996612438,-87.763889524,POINT (-87.763889523504 41.996612437731),POINT (1139040.5659294585 1941870.211253111),2022,6325 N CENTRAL AVE