PERSON_ID,PERSON_TYPE,CRASH_RECORD_ID,VEHICLE_ID,SEX,AGE,AIRBAG_DEPLOYED,EJECTION,INJURY_CLASSIFICATION,DRIVER_ACTION,DRIVER_VISION,PHYSICAL_CONDITION,PEDPEDAL_ACTION,PEDPEDAL_VISIBILITY,PEDPEDAL_LOCATION,CRASH_DATE_EST_I,CRASH_DATE,POSTED_SPEED_LIMIT,WEATHER_CONDITION,LIGHTING_CONDITION,FIRST_CRASH_TYPE,TRAFFICWAY_TYPE,ROADWAY_SURFACE_COND,ROAD_DEFECT,REPORT_TYPE,CRASH_TYPE,HIT_AND_RUN_I,DAMAGE,DATE_POLICE_NOTIFIED,PRIM_CONTRIBUTORY_CAUSE,SEC_CONTRIBUTORY_CAUSE,DOORING_I,NUM_UNITS,MOST_SEVERE_INJURY,INJURIES_TOTAL,INJURIES_FATAL,INJURIES_INCAPACITATING,INJURIES_NON_INCAPACITATING,INJURIES_REPORTED_NOT_EVIDENT,INJURIES_NO_INDICATION,INJURIES_UNKNOWN,CRASH_HOUR,CRASH_DAY_OF_WEEK,CRASH_MONTH,LATITUDE,LONGITUDE,LOCATION,geometry,YEAR,ADDRESS
O1489667,DRIVER,5e6cc5589b6302a7f4abc2a257e0f7bc2778fc4a9118f3a89e9b8f884cb5be011926316b85aee035115a4eef2f700d84042d8576c4724c5b2bceb7751b475ccf,1416082.0,X,,DEPLOYMENT UNKNOWN,UNKNOWN,NO INDICATION OF INJURY,UNKNOWN,UNKNOWN,UNKNOWN,,,,,2022-12-28 19:00:00,30,CLEAR,"DARKNESS, LIGHTED ROAD",SIDESWIPE OPPOSITE DIRECTION,NOT DIVIDED,DRY,NO DEFECTS,NOT ON SCENE (DESK REPORT),NO INJURY / DRIVE AWAY,Y,"$501 - $1,500",12/28/2022 07:10:00 PM,DRIVING ON WRONG SIDE/WRONG WAY,NOT APPLICABLE,,2,NO INDICATION OF INJURY,0.0,0.0,0.0,0.0,0.0,2.0,0.0,19,4,12,41.867626085,-87.630587704,POINT (-87.630587704474 41.867626085117),POINT (1175661.1264667953 1895136.437146437),2022,1152 S CLARK ST
O1492944,DRIVER,ebb31ea19572701a45d354478f877f741fe6d0c6adfdc0010d4eee748031a68a02bd9e9daf0c1c0e084e0da0fc187496677750b78a769c5b5bd887cfd8a11c64,1419224.0,M,61.0,NOT APPLICABLE,NONE,NO INDICATION OF INJURY,FOLLOWED TOO CLOSELY,NOT OBSCURED,NORMAL,,,,,2022-11-13 17:04:00,30,CLEAR,DARKNESS,REAR END,DIVIDED - W/MEDIAN (NOT RAISED),DRY,NO DEFECTS,,INJURY AND / OR TOW DUE TO CRASH,,"OVER $1,500",11/13/2022 05:06:00 PM,FOLLOWING TOO CLOSELY,NOT APPLICABLE,,2,NO INDICATION OF INJURY,0.0,0.0,0.0,0.0,0.0,2.0,0.0,17,1,11,41.953813779,-87.66918191,POINT (-87.669181910345 41.953813779466),POINT (1164905.7420530717 1926459.6101569585),2022,3946 N ASHLAND AVE
O1340752,PEDESTRIAN,1906513ffb286a72bbbb9531e8c0a671fa30988c7c4569b1b3f779c748ffdc2d76a1c7066440615a242331509d6bdb98333b1c07de6392d85e48170da330a345,,M,4.0,,,"REPORTED, NOT EVIDENT",NONE,NOT OBSCURED,NORMAL,OTHER ACTION,NO CONTRASTING CLOTHING,IN ROADWAY,,2022-05-19 16:45:00,30,CLEAR,DAYLIGHT,PEDESTRIAN,NOT DIVIDED,DRY,NO DEFECTS,ON SCENE,INJURY AND / OR TOW DUE TO CRASH,,$500 OR LESS,05/19/2022 04:49:00 PM,UNABLE TO DETERMINE,NOT APPLICABLE,,3,NONINCAPACITATING INJURY,2.0,0.0,0.0,1.0,1.0,1.0,0.0,16,5,5,41.823543509,-87.632397117,POINT (-87.63239711716 41.823543508941),POINT (1175299.39023985 1879068.8475158517),2022,3901 S WELLS ST
O1343347,DRIVER,feb65a05ccf9d542864e8a41e6f8436b73544002ce1e455864eb8c6997137983b15b29cc649285eebd0d3cea1542e6242c4e58dde8442d7b47cecd2d5436dfc7,1276256.0,M,,"DEPLOYED, FRONT",NONE,NO INDICATION OF INJURY,WRONG WAY/SIDE,UNKNOWN,UNKNOWN,,,,,2022-05-23 14:24:00,30,CLEAR,DAYLIGHT,HEAD ON,NOT DIVIDED,DRY,NO DEFECTS,ON SCENE,INJURY AND / OR TOW DUE TO CRASH,Y,"OVER $1,500",05/23/2022 02:30:00 PM,IMPROPER LANE USAGE,DISREGARDING ROAD MARKINGS,,2,NONINCAPACITATING INJURY,2.0,0.0,0.0,2.0,0.0,1.0,0.0,14,2,5,41.86844148,-87.696019086,POINT (-87.696019085505 41.868441480039),POINT (1157836.8890743405 1895294.4603759719),2022,2800 W FILLMORE ST
P314734,PASSENGER,379f34e55d61f7fbd5bc7fb8497d850cfdc61621af0db1228790c49a5e2ddbe9925762c72c6bf33ddb2fb215f0468a162ff8b9c0ae2bf68eb732205dc4381c87,1346488.0,M,22.0,NOT APPLICABLE,NONE,NO INDICATION OF INJURY,,,,,,,,2022-09-10 15:20:00,30,CLEAR,DAYLIGHT,TURNING,NOT DIVIDED,UNKNOWN,UNKNOWN,ON SCENE,INJURY AND / OR TOW DUE TO CRASH,,"OVER $1,500",09/10/2022 03:22:00 PM,FAILING TO YIELD RIGHT-OF-WAY,UNABLE TO DETERMINE,,2,NO INDICATION OF INJURY,0.0,0.0,0.0,0.0,0.0,4.0,0.0,15,7,9,41.98781304,-87.79126827,POINT (-87.791268269688 41.987813040186),POINT (1131618.5383878606 1938615.3642148296),2022,5860 N NORTHWEST HWY
O1328774,DRIVER,3dae1e1c953f62b1fe59d6d8157f687af04e46b6a0414b372d10147a23449d4605a810e70cedbe1cfc950033b93b8a5e12e09f0851c9247d61e1932044a8535c,1262243.0,M,73.0,NOT APPLICABLE,NONE,NO INDICATION OF INJURY,NONE,NOT OBSCURED,NORMAL,,,,,2022-05-03 08:50:00,25,RAIN,DAYLIGHT,TURNING,NOT DIVIDED,WET,NO DEFECTS,ON SCENE,INJURY AND / OR TOW DUE TO CRASH,Y,"OVER $1,500",05/03/2022 08:51:00 AM,FAILING TO YIELD RIGHT-OF-WAY,DRIVING SKILLS/KNOWLEDGE/EXPERIENCE,,2,NO INDICATION OF INJURY,0.0,0.0,0.0,0.0,0.0,2.0,0.0,8,3,5,41.975383528,-87.752958923,POINT (-87.752958923026 41.975383528015),POINT (1142064.2370033588 1934154.240507523),2022,5000 W FOSTER AVE
P307412,PASSENGER,8bced2053c599dfb1a778bcbb252e0ef0929460efeaa66fe6f82738be183be54af7a073d1eccc5d01764e05e2fbe0df6b2dd4f2dc512c7b0f1b0e8a9fcc59788,1313005.0,F,,DID NOT DEPLOY,NONE,NO INDICATION OF INJURY,,,,,,,,2022-07-17 21:30:00,30,CLEAR,DARKNESS,REAR END,DIVIDED - W/MEDIAN (NOT RAISED),DRY,NO DEFECTS,NOT ON SCENE (DESK REPORT),NO INJURY / DRIVE AWAY,Y,"$501 - $1,500",07/19/2022 12:02:00 PM,FOLLOWING TOO CLOSELY,NOT APPLICABLE,,2,NO INDICATION OF INJURY,0.0,0.0,0.0,0.0,0.0,5.0,0.0,21,1,7,41.737680898,-87.566161403,POINT (-87.566161402765 41.737680898382),POINT (1193632.0659177804 1847935.3088661395),2022,8653 S SOUTH CHICAGO AVE
O1293596,DRIVER,76199c797014440f44c38f1ad6a521e39c56e13e4eaf726674598ecf805abb261172e030d13185c61b7d3163049e15413bea13b0c46cea6f76418aa630dd8ec3,1228400.0,X,,DEPLOYMENT UNKNOWN,NONE,NO INDICATION OF INJURY,TOO FAST FOR CONDITIONS,UNKNOWN,UNKNOWN,,,,,2022-03-06 22:59:00,30,RAIN,"DARKNESS, LIGHTED ROAD",TURNING,NOT DIVIDED,WET,UNKNOWN,ON SCENE,INJURY AND / OR TOW DUE TO CRASH,Y,"OVER $1,500",03/06/2022 11:05:00 PM,UNABLE TO DETERMINE,UNABLE TO DETERMINE,,2,NONINCAPACITATING INJURY,2.0,0.0,0.0,2.0,0.0,1.0,0.0,22,1,3,41.77134521,-87.734452123,POINT (-87.734452122847 41.771345209743),POINT (1147615.3450000999 1859837.7299600414),2022,4452 W MARQUETTE RD
O1313992,DRIVER,a7d9ae3dc728b5e36e104b4ebffff0975c79ad442b3ceeff80f38bb5ad1f8151169feb0fbb3f98bcb699d133ac1897150c0941208a4af628dd2fc6e77a8d4a2e,1247985.0,M,,DEPLOYMENT UNKNOWN,NONE,NO INDICATION OF INJURY,UNKNOWN,UNKNOWN,UNKNOWN,,,,,2022-04-08 16:17:00,30,RAIN,DAYLIGHT,PEDESTRIAN,NOT DIVIDED,WET,NO DEFECTS,ON SCENE,INJURY AND / OR TOW DUE TO CRASH,Y,"OVER $1,500",04/08/2022 04:20:00 PM,UNABLE TO DETERMINE,UNABLE TO DETERMINE,,2,INCAPACITATING INJURY,1.0,0.0,1.0,0.0,0.0,2.0,0.0,16,6,4,41.880856218,-87.724149508,POINT (-87.724149507852 41.880856217839),POINT (1150142.794463223 1899762.7388716259),2022,3932 W MADISON ST
O1313658,DRIVER,3b3448033195a3f27a32fa58d4477b534e4df6b9c93d52c670292f7a0c0a617dc064a9a9a7db76383d1a5e39c257ad48221e36c467aeec7b12d79ba42f974294,1247661.0,X,,DEPLOYMENT UNKNOWN,UNKNOWN,NO INDICATION OF INJURY,UNKNOWN,UNKNOWN,UNKNOWN,,,,N,2022-04-08 07:30:00,15,RAIN,DAYLIGHT,PARKED MOTOR VEHICLE,ONE-WAY,WET,UNKNOWN,ON SCENE,NO INJURY / DRIVE AWAY,Y,"OVER $1,500",04/08/2022 10:07:00 AM,UNABLE TO DETERMINE,UNABLE TO DETERMINE,,2,NO INDICATION OF INJURY,0.0,0.0,0.0,0.0,0.0,1.0,0.0,7,6,4,41.967034682,-87.678726177,POINT (-87.678726176509 41.967034681879),POINT (1162272.790838232 1931257.3832941174),2022,1964 W LELAND AVE
O1326237,DRIVER,2ed270f9d148898ea21cba5d3cd8d5c7eb5605dd8785105e3a90ad4b70631cf3fe06dbcaaa87d561ec196f4a0fbb96f76efd162d27bd76e08d857e0a6c31122b,1259838.0,F,21.0,DID NOT DEPLOY,NONE,NO INDICATION OF INJURY,NONE,NOT OBSCURED,NORMAL,,,,,2022-04-29 14:16:00,25,CLOUDY/OVERCAST,DAYLIGHT,REAR END,NOT DIVIDED,DRY,NO DEFECTS,ON SCENE,INJURY AND / OR TOW DUE TO CRASH,,"OVER $1,500",04/29/2022 02:58:00 PM,FOLLOWING TOO CLOSELY,NOT APPLICABLE,,4,NONINCAPACITATING INJURY,1.0,0.0,0.0,1.0,0.0,4.0,0.0,14,6,4,41.764274027,-87.717559489,POINT (-87.7175594892 41.764274027373),POINT (1152241.8558851506 1857293.5912673082),2022,3800 W 71ST ST
P306126,PASSENGER,475c7afa015ba9875fc86415ec475edb865f70384d1f8d91e36dcb52e8dc148f4403aa48469cf7994b7bea4769cf23ced86bdead776f2cf9a1e998f12936936c,1307228.0,M,15.0,NOT APPLICABLE,NONE,NO INDICATION OF INJURY,,,,,,,,2022-07-10 13:05:00,30,CLEAR,DAYLIGHT,ANGLE,FOUR WAY,DRY,NO DEFECTS,ON SCENE,INJURY AND / OR TOW DUE TO CRASH,,"OVER $1,500",07/10/2022 02:35:00 PM,UNABLE TO DETERMINE,UNABLE TO DETERMINE,,2,NONINCAPACITATING INJURY,1.0,0.0,0.0,1.0,0.0,3.0,0.0,13,1,7,41.934615062,-87.795730988,POINT (-87.795730988133 41.934615061891),POINT (1130526.8995949884 1919222.2096235594),2022,3000 N OAK PARK AVE
P321012,PASSENGER,19ea534691bfc1e188ef65ea417d4ef58540900ac332cfb8a796420ecbc7a99b237939d0efc794e9f28f8ce0403fa3c380ad3b67e0464bab73f54bc50291e993,1375082.0,F,,DID NOT DEPLOY,NONE,NO INDICATION OF INJURY,,,,,,,,2022-10-23 17:55:00,30,CLEAR,DAYLIGHT,PARKED MOTOR VEHICLE,NOT DIVIDED,DRY,UNKNOWN,ON SCENE,INJURY AND / OR TOW DUE TO CRASH,Y,"OVER $1,500",10/23/2022 06:07:00 PM,DISTRACTION - FROM OUTSIDE VEHICLE,FAILING TO REDUCE SPEED TO AVOID CRASH,,3,NO INDICATION OF INJURY,0.0,0.0,0.0,0.0,0.0,2.0,0.0,17,1,10,41.709585125,-87.56438558,POINT (-87.564385580284 41.709585124539),POINT (1194208.188909213 1837701.8143435826),2022,10209 S YATES AVE
O1294553,DRIVER,3c1bfbdaa841387dd87cb75ddaae421e90e445d3d51da1e35a7428ed0735994db368de109893cf38a9404bb52aca027e357685737faa3144c061ebfded502bc7,1229321.0,M,26.0,"DEPLOYED, FRONT",NONE,NO INDICATION OF INJURY,NONE,NOT OBSCURED,NORMAL,,,,,2022-03-08 14:55:00,30,CLEAR,DAYLIGHT,TURNING,NOT DIVIDED,DRY,NO DEFECTS,ON SCENE,INJURY AND / OR TOW DUE TO CRASH,Y,"OVER $1,500",03/08/2022 02:58:00 PM,IMPROPER OVERTAKING/PASSING,IMPROPER TURNING/NO SIGNAL,,2,NO INDICATION OF INJURY,0.0,0.0,0.0,0.0,0.0,4.0,0.0,14,3,3,41.70008782,-87.615946993,POINT (-87.615946993121 41.700087820154),POINT (1180158.2861805814 1834119.598952746),2022,300 E 107TH ST
O1267836,DRIVER,cbccef8f9c56824dc6c9e19344277758e2fb9611e2f61a43f673cfc294240171ba0de357c5bcd170df57c3381a7fde653f89eeda7cd4a4fd03a48adb8f9fe802,1203542.0,F,34.0,"DEPLOYED, FRONT",NONE,"REPORTED, NOT EVIDENT",OTHER,OTHER,NORMAL,,,,,2022-01-23 03:25:00,30,SNOW,"DARKNESS, LIGHTED ROAD",FIXED OBJECT,NOT DIVIDED,SNOW OR SLUSH,NO DEFECTS,ON SCENE,INJURY AND / OR TOW DUE TO CRASH,,"OVER $1,500",01/23/2022 03:38:00 AM,WEATHER,UNABLE TO DETERMINE,,1,"REPORTED, NOT EVIDENT",1.0,0.0,0.0,0.0,1.0,0.0,0.0,3,1,1,41.885688229,-87.731699764,POINT (-87.731699763892 41.885688228774),POINT (1148074.3581039605 1901509.0128364),2022,4223 W LAKE ST
O1386476,DRIVER,2493bf376deaa81f09034321d17e4aab18d4bb54ad332a5a930860bf050dfa9506687ced6eaf1f09a0bbe53b99ec27b79a191041fdee523e6ee56f794f708535,1317381.0,F,62.0,DID NOT DEPLOY,NONE,NO INDICATION OF INJURY,NONE,NOT OBSCURED,NORMAL,,,,,2022-07-15 20:05:00,30,CLEAR,DAYLIGHT,REAR TO SIDE,PARKING LOT,DRY,NO DEFECTS,NOT ON SCENE (DESK REPORT),NO INJURY / DRIVE AWAY,,"OVER $1,500",07/26/2022 06:20:00 PM,UNABLE TO DETERMINE,UNABLE TO DETERMINE,,2,NO INDICATION OF INJURY,0.0,0.0,0.0,0.0,0.0,2.0,0.0,20,6,7,41.680856136,-87.539956597,POINT (-87.539956597346 41.680856136277),POINT (1200974.904067906 1827293.8134610995),2022,11801 S AVENUE O
O1282520,DRIVER,31ed1ea8e87f3127d31ef006b3ce2e0a58f3fe707065d64f6b9528f9c9c4764a8e95ea1c800af474ba61c1c7ddd2511a3bf4f78e348ca6ce50cdc0f4884c99d5,1217751.0,F,,DEPLOYMENT UNKNOWN,NONE,NO INDICATION OF INJURY,OTHER,UNKNOWN,UNKNOWN,,,,,2022-02-14 11:00:00,20,CLEAR,DAYLIGHT,PARKED MOTOR VEHICLE,ONE-WAY,DRY,NO DEFECTS,NOT ON SCENE (DESK REPORT),NO INJURY / DRIVE AWAY,Y,"OVER $1,500",02/16/2022 11:00:00 AM,UNABLE TO DETERMINE,NOT APPLICABLE,,2,NO INDICATION OF INJURY,0.0,0.0,0.0,0.0,0.0,1.0,0.0,11,2,2,41.653903169,-87.597634508,POINT (-87.597634507918 41.653903169232),POINT (1185302.898123116 1817332.7095564017),2022,958 E 133RD ST
O1428136,DRIVER,f62f51ffc216fca2248b22f4591c8787ca37ce88dcd35fe69b7e78a030be0af57ea4d9711afddb74dde50cc096cfcf74aa36daf34db74c262dfc833c832f11ec,1357210.0,X,,DEPLOYMENT UNKNOWN,NONE,NO INDICATION OF INJURY,NONE,UNKNOWN,UNKNOWN,,,,,2022-09-26 07:00:00,30,CLEAR,DAWN,PARKED MOTOR VEHICLE,ONE-WAY,DRY,NO DEFECTS,NOT ON SCENE (DESK REPORT),NO INJURY / DRIVE AWAY,Y,"$501 - $1,500",09/26/2022 05:17:00 PM,NOT APPLICABLE,NOT APPLICABLE,,2,NO INDICATION OF INJURY,0.0,0.0,0.0,0.0,0.0,1.0,0.0,7,2,9,41.769663327,-87.722591406,POINT (-87.722591406267 41.769663327168),POINT (1150855.1272189708 1859247.61834444),2022,4000 W 68TH ST
P320841,PASSENGER,43afa10babd28a6be6b71ad0e82d34f40c6b230ebfa1991b2ef1112943c18e308a15322ab4ad68a1135821843ed0ea0c3571e425d1005853b8312e0ca29c5c4d,1374562.0,F,15.0,DID NOT DEPLOY,NONE,NO INDICATION OF INJURY,,,,,,,,2022-10-22 22:46:00,30,CLEAR,"DARKNESS, LIGHTED ROAD",ANGLE,FOUR WAY,DRY,NO DEFECTS,ON SCENE,INJURY AND / OR TOW DUE TO CRASH,,"OVER $1,500",10/22/2022 10:46:00 PM,FAILING TO YIELD RIGHT-OF-WAY,UNABLE TO DETERMINE,,4,INCAPACITATING INJURY,4.0,0.0,2.0,0.0,2.0,1.0,0.0,22,7,10,41.88724845,-87.772094199,POINT (-87.772094198973 41.887248450364),POINT (1137071.2258271575 1902003.0287710782),2022,5900 W CORCORAN PL
O1461133,DRIVER,6ef6a7180ca167399ef13b0e9416ffeb28752287a24f31a478341ded04fb765082bbfe6e43bf4d452dde43a6367fd4d6fd0d789c4dea58e0d8ba4b921eca9b25,1388702.0,M,43.0,DID NOT DEPLOY,NONE,NO INDICATION OF INJURY,NONE,NOT OBSCURED,NORMAL,,,,,2022-11-13 17:35:00,30,CLEAR,"DARKNESS, LIGHTED ROAD",REAR END,NOT DIVIDED,DRY,NO DEFECTS,ON SCENE,NO INJURY / DRIVE AWAY,,$500 OR LESS,11/13/2022 05:39:00 PM,FAILING TO REDUCE SPEED TO AVOID CRASH,NOT APPLICABLE,,2,NO INDICATION OF INJURY,0.0,0.0,0.0,0.0,0.0,3.0,0.0,17,1,11,41.827680743,-87.682295321,POINT (-87.682295321055 41.827680742626),POINT (1161687.4854577244 1880469.4295441844),2022,3638 S ARCHER AVE
O1318346,DRIVER,30e9de7ea1391bdce572a282c78593559b001c327f4c253aac72bc4bc508cc70c30c81d48b4b41c82411a9d3afd3dff3433aff0ee99a2e0fe0f8c8cd30f415c1,1252155.0,F,23.0,DID NOT DEPLOY,NONE,NO INDICATION OF INJURY,FOLLOWED TOO CLOSELY,NOT OBSCURED,NORMAL,,,,,2022-04-15 22:00:00,30,CLEAR,"DARKNESS, LIGHTED ROAD",REAR END,NOT DIVIDED,DRY,NO DEFECTS,NOT ON SCENE (DESK REPORT),NO INJURY / DRIVE AWAY,,"OVER $1,500",04/16/2022 11:25:00 AM,FOLLOWING TOO CLOSELY,NOT APPLICABLE,,2,NO INDICATION OF INJURY,0.0,0.0,0.0,0.0,0.0,2.0,0.0,22,6,4,41.792547465,-87.767334101,POINT (-87.767334100859 41.792547465418),POINT (1138594.7716692286 1867502.9179238188),2022,5500 S MENARD AVE
O1485229,DRIVER,71dcad66a2f2ee2dac7a83162b34b6d49f32bbf45acffc42394ab8928110701b07d4607dd3f1ddffae842f006ecab3c01a53168e692a910f6ac45a88b006f064,1411817.0,X,,DEPLOYMENT UNKNOWN,UNKNOWN,NO INDICATION OF INJURY,UNKNOWN,UNKNOWN,UNKNOWN,,,,Y,2022-12-20 21:35:00,30,UNKNOWN,"DARKNESS, LIGHTED ROAD",REAR END,FOUR WAY,UNKNOWN,UNKNOWN,NOT ON SCENE (DESK REPORT),INJURY AND / OR TOW DUE TO CRASH,Y,"OVER $1,500",12/20/2022 10:05:00 PM,FOLLOWING TOO CLOSELY,FAILING TO YIELD RIGHT-OF-WAY,,2,NO INDICATION OF INJURY,0.0,0.0,0.0,0.0,0.0,3.0,0.0,21,3,12,41.783221086,-87.649880583,POINT (-87.64988058284 41.783221085618),POINT (1170650.8512510927 1864337.1963695667),2022,6100 S MORGAN ST
O1265766,DRIVER,e50f57776dbb4f7b4e22d26c699efa9638067945eae9d19d6120fb6da6a0cc2d53f589c266303b11a8b33c5e896a32c067e83c7f96a193d008ad7183bdb08617,1201587.0,F,,DEPLOYMENT UNKNOWN,NONE,NO INDICATION OF INJURY,FAILED TO YIELD,UNKNOWN,UNKNOWN,,,,,2022-01-19 15:35:00,30,CLEAR,DAYLIGHT,SIDESWIPE SAME DIRECTION,NOT DIVIDED,DRY,NO DEFECTS,ON SCENE,NO INJURY / DRIVE AWAY,Y,$500 OR LESS,01/19/2022 03:40:00 PM,UNABLE TO DETERMINE,UNABLE TO DETERMINE,,2,NO INDICATION OF INJURY,0.0,0.0,0.0,0.0,0.0,3.0,0.0,15,4,1,41.818711007,-87.694674832,POINT (-87.694674831795 41.818711006877),POINT (1158337.785509917 1877175.5764203214),2022,4136 S CALIFORNIA AVE
O1328583,DRIVER,71a837ecafc6757aa7caec699625e0a582e4ff84a1e43df8968ef0db9b7df42a73da4e0363d982765e201d4d98906aec81fd79b0daabd6da751331616ec15aed,1262065.0,M,56.0,NOT APPLICABLE,NONE,NO INDICATION OF INJURY,NONE,NOT OBSCURED,NORMAL,,,,,2022-05-02 18:18:00,30,CLEAR,DAYLIGHT,ANGLE,T-INTERSECTION,DRY,NO DEFECTS,ON SCENE,INJURY AND / OR TOW DUE TO CRASH,Y,"OVER $1,500",05/02/2022 06:44:00 PM,DISREGARDING TRAFFIC SIGNALS,NOT APPLICABLE,,3,NONINCAPACITATING INJURY,2.0,0.0,0.0,1.0,1.0,4.0,0.0,18,2,5,41.728947947,-87.624081304,POINT (-87.62408130375 41.728947946995),POINT (1177850.2769387092 1844617.510348802),2022,9100 S STATE ST
O1417921,DRIVER,e6669c3c962e42b878d72d21a805e2d7fae3660a0466ad480de4be32eb8338a86205fac5c6d2d8837fc246a0697fc09a1d8d127c87a875b9bec41eb60cfe519e,1347470.0,M,37.0,NOT APPLICABLE,NONE,NO INDICATION OF INJURY,UNKNOWN,UNKNOWN,UNKNOWN,,,,,2022-09-11 13:45:00,30,CLEAR,"DARKNESS, LIGHTED ROAD",SIDESWIPE SAME DIRECTION,DIVIDED - W/MEDIAN (NOT RAISED),WET,NO DEFECTS,NOT ON SCENE (DESK REPORT),NO INJURY / DRIVE AWAY,,"$501 - $1,500",09/12/2022 08:30:00 AM,UNABLE TO DETERMINE,UNABLE TO DETERMINE,,2,NO INDICATION OF INJURY,0.0,0.0,0.0,0.0,0.0,2.0,0.0,13,1,9,41.660392428,-87.592224265,POINT (-87.59222426523 41.660392428361),POINT (1186761.096776961 1819709.967173305),2022,1200 E 130TH ST
O1407081,DRIVER,3abf39d2f3cbe86dc8e7a1678621a4bc6ecfa7f8fcbdca67f84f287f6063f65ac8d20fd72869eecc6d0997d9c3fb49cb2506b04c9c05514c9d42b53fbedc5536,1337113.0,M,39.0,DID NOT DEPLOY,NONE,NO INDICATION OF INJURY,NONE,NOT OBSCURED,NORMAL,,,,,2022-08-27 09:15:00,30,CLEAR,DAYLIGHT,TURNING,FOUR WAY,DRY,NO DEFECTS,ON SCENE,NO INJURY / DRIVE AWAY,,"OVER $1,500",08/27/2022 09:34:00 AM,IMPROPER TURNING/NO SIGNAL,UNABLE TO DETERMINE,,2,NO INDICATION OF INJURY,0.0,0.0,0.0,0.0,0.0,2.0,0.0,9,7,8,41.786437175,-87.683975246,POINT (-87.683975246481 41.786437174774),POINT (1161343.1776429163 1865437.0480401516),2022,5900 S WESTERN AVE
O1281361,DRIVER,beb2dc179365085d513ed5608714f46d91fc3264b8349d21c944592175f4288c6029fbce86085bd40951fed683ae91f0c37651571c1334643dec16c2444e2f5e,1216617.0,M,56.0,NOT APPLICABLE,NONE,NO INDICATION OF INJURY,DISREGARDED CONTROL DEVICES,NOT OBSCURED,NORMAL,,,,,2022-02-10 08:00:00,30,CLEAR,DAYLIGHT,ANGLE,NOT DIVIDED,DRY,NO DEFECTS,,NO INJURY / DRIVE AWAY,,"OVER $1,500",02/11/2022 01:50:00 PM,DISREGARDING STOP SIGN,DISREGARDING STOP SIGN,,2,NO INDICATION OF INJURY,0.0,0.0,0.0,0.0,0.0,2.0,0.0,8,5,2,41.750931367,-87.739130794,POINT (-87.739130794276 41.750931366844),POINT (1146390.454042852 1852390.2598427273),2022,7800 S KILPATRICK AVE
O1320613,DRIVER,af50efa6bd6629ea65e4d8726ee72b26585816dfe8e2e1fe109a456946ea63e463b46b4a583f2177703a1349c9b9663a27c57e78ca3ba3321a32582dfc539975,1254368.0,M,30.0,"DEPLOYED, FRONT",NONE,NO INDICATION OF INJURY,OTHER,UNKNOWN,UNKNOWN,,,,,2022-04-20 18:05:00,30,CLEAR,DAYLIGHT,REAR END,DIVIDED - W/MEDIAN (NOT RAISED),WET,UNKNOWN,NOT ON SCENE (DESK REPORT),NO INJURY / DRIVE AWAY,,"OVER $1,500",04/20/2022 06:30:00 PM,UNABLE TO DETERMINE,UNABLE TO DETERMINE,,2,NO INDICATION OF INJURY,0.0,0.0,0.0,0.0,0.0,2.0,0.0,18,4,4,41.880861652,-87.70623971,POINT (-87.706239709546 41.880861651682),POINT (1155019.9932608255 1899799.8473131862),2022,3201 W MADISON ST
O1362466,DRIVER,9257a229c4f09f171bfb5b972f40154252a5f25223f0eb1f1496bc4847de3f85df0b2dd5e06d189c37b134942ad4cae0cdf231aa35afd7208efeb12a0eb0094c,1294592.0,F,43.0,NOT APPLICABLE,NONE,NO INDICATION OF INJURY,NONE,NOT OBSCURED,NORMAL,,,,,2022-06-20 12:00:00,30,CLEAR,DAYLIGHT,TURNING,NOT DIVIDED,DRY,NO DEFECTS,NOT ON SCENE (DESK REPORT),NO INJURY / DRIVE AWAY,,"OVER $1,500",06/20/2022 12:20:00 PM,UNABLE TO DETERMINE,UNABLE TO DETERMINE,,2,NO INDICATION OF INJURY,0.0,0.0,0.0,0.0,0.0,2.0,0.0,12,2,6,41.940189546,-87.639701981,POINT (-87.639701980874 41.940189546244),POINT (1172964.7930985673 1921558.4174015368),2022,3200 N SHERIDAN RD
O1355650,DRIVER,c5a9c41b07c0b61efe05f25c9bf0279061cc02a0e65cf0f64f669ad07b16faaceea958e0dfc7bfd1effb22259cef0e3af63ce6a65bcca52ab8c6553a173af428,1288116.0,F,34.0,NOT APPLICABLE,NONE,NO INDICATION OF INJURY,NONE,NOT OBSCURED,NORMAL,,,,,2022-06-10 21:36:00,30,CLEAR,"DARKNESS, LIGHTED ROAD",SIDESWIPE SAME DIRECTION,NOT DIVIDED,DRY,UNKNOWN,NOT ON SCENE (DESK REPORT),NO INJURY / DRIVE AWAY,,"OVER $1,500",06/10/2022 10:00:00 PM,UNABLE TO DETERMINE,UNABLE TO DETERMINE,,2,NO INDICATION OF INJURY,0.0,0.0,0.0,0.0,0.0,4.0,0.0,21,6,6,41.910521432,-87.667629001,POINT (-87.667629001071 41.910521431783),POINT (1165450.6433097543 1910687.061697837),2022,1599 W NORTH AVE