PERSON_ID,PERSON_TYPE,CRASH_RECORD_ID,VEHICLE_ID,SEX,AGE,AIRBAG_DEPLOYED,EJECTION,INJURY_CLASSIFICATION,DRIVER_ACTION,DRIVER_VISION,PHYSICAL_CONDITION,PEDPEDAL_ACTION,PEDPEDAL_VISIBILITY,PEDPEDAL_LOCATION,CRASH_DATE_EST_I,CRASH_DATE,POSTED_SPEED_LIMIT,WEATHER_CONDITION,LIGHTING_CONDITION,FIRST_CRASH_TYPE,TRAFFICWAY_TYPE,ROADWAY_SURFACE_COND,ROAD_DEFECT,REPORT_TYPE,CRASH_TYPE,HIT_AND_RUN_I,DAMAGE,DATE_POLICE_NOTIFIED,PRIM_CONTRIBUTORY_CAUSE,SEC_CONTRIBUTORY_CAUSE,DOORING_I,NUM_UNITS,MOST_SEVERE_INJURY,INJURIES_TOTAL,INJURIES_FATAL,INJURIES_INCAPACITATING,INJURIES_NON_INCAPACITATING,INJURIES_REPORTED_NOT_EVIDENT,INJURIES_NO_INDICATION,INJURIES_UNKNOWN,CRASH_HOUR,CRASH_DAY_OF_WEEK,CRASH_MONTH,LATITUDE,LONGITUDE,LOCATION,geometry,YEAR,ADDRESS
O1290024,BICYCLE,ccfdbf1298f777c36d253c5692b6144872c1113563fe42e3b1c08a407744707cd592cf44780c58f47d2119551b71298be6e8ab5ac59ad1101afd94d815d9cebc,,M,,,TOTALLY EJECTED,NONINCAPACITATING INJURY,UNKNOWN,UNKNOWN,UNKNOWN,UNKNOWN/NA,REFLECTIVE MATERIAL,BIKE LANE,,2022-02-21 11:00:00,30,CLEAR,DAYLIGHT,PEDALCYCLIST,NOT DIVIDED,UNKNOWN,UNKNOWN,,INJURY AND / OR TOW DUE TO CRASH,,$500 OR LESS,02/21/2022 11:01:00 AM,UNABLE TO DETERMINE,NOT APPLICABLE,Y,2,NONINCAPACITATING INJURY,1.0,0.0,0.0,1.0,0.0,1.0,0.0,11,2,2,41.952152478,-87.677525011,POINT (-87.67752501098 41.952152477603),POINT (1162640.9580884536 1925836.74923714),2022,3864 N LINCOLN AVE
O1397396,DRIVER,984d6d7f6474d4761ec3241fc98fd58495a7eb1b32e032d50e05df0e18446b157319548aa16a8791ab1dbeb8fc412d9823d6496d7d59d897b079a962cf34398f,1327840.0,M,,NOT APPLICABLE,NONE,NO INDICATION OF INJURY,OTHER,NOT OBSCURED,NORMAL,,,,,2022-08-12 12:00:00,30,CLEAR,DAYLIGHT,SIDESWIPE SAME DIRECTION,NOT DIVIDED,DRY,NO DEFECTS,NOT ON SCENE (DESK REPORT),NO INJURY / DRIVE AWAY,,"OVER $1,500",08/12/2022 12:12:00 PM,DRIVING SKILLS/KNOWLEDGE/EXPERIENCE,NOT APPLICABLE,,2,NO INDICATION OF INJURY,0.0,0.0,0.0,0.0,0.0,2.0,0.0,12,6,8,41.903662325,-87.639606014,POINT (-87.639606013556 41.903662324963),POINT (1173098.5834342695 1908248.0447230008),2022,435 W DIVISION ST
P308486,PASSENGER,61e4ed0c57c36453d33b1a7bdcfd87ae5d91a24349bf62d37febbb15a04b032791eccee29b79e8aaba2b10bb7d61e6ffffca40e31f1a83ff100111b03cdab019,1318314.0,F,,NOT APPLICABLE,NONE,NO INDICATION OF INJURY,,,,,,,Y,2022-07-28 09:20:00,30,RAIN,DAYLIGHT,TURNING,NOT DIVIDED,DRY,NO DEFECTS,ON SCENE,INJURY AND / OR TOW DUE TO CRASH,N,"OVER $1,500",07/28/2022 09:30:00 AM,UNABLE TO DETERMINE,EQUIPMENT - VEHICLE CONDITION,,3,"REPORTED, NOT EVIDENT",1.0,0.0,0.0,0.0,1.0,4.0,0.0,9,5,7,41.808755242,-87.645958852,POINT (-87.645958851828 41.808755241668),POINT (1171646.046995242 1873650.2108585048),2022,809 W 47TH ST
O1318025,DRIVER,b45f0643e36fabb70d9d842268390076954086e1ad75d9ec128bf18cff7408d700788a2234e3caedb4cbf86d3fc8b88705732e4d51dfd80defe22883192dd4b8,1251868.0,M,60.0,NOT APPLICABLE,NONE,NO INDICATION OF INJURY,UNKNOWN,UNKNOWN,UNKNOWN,,,,,2022-04-15 17:15:00,30,RAIN,DAYLIGHT,SIDESWIPE SAME DIRECTION,FOUR WAY,WET,UNKNOWN,ON SCENE,NO INJURY / DRIVE AWAY,,"OVER $1,500",04/15/2022 05:19:00 PM,FAILING TO YIELD RIGHT-OF-WAY,FOLLOWING TOO CLOSELY,,2,NO INDICATION OF INJURY,0.0,0.0,0.0,0.0,0.0,2.0,0.0,17,6,4,41.873659257,-87.624359498,POINT (-87.624359498123 41.873659257026),POINT (1177339.3925580939 1897348.8661317914),2022,636 S MICHIGAN AVE
O1459175,DRIVER,5d718e11cd37bb99c6b0d35ce4a44388a087a9c8d4b651f8bed48a431e93aa36cabd05164ee09072b043680e3333df39bb5d1cc716b7fdb037f04eb156cb97e6,1386788.0,X,,DEPLOYMENT UNKNOWN,NONE,NO INDICATION OF INJURY,OTHER,UNKNOWN,UNKNOWN,,,,,2022-11-10 06:30:00,10,CLEAR,DAYLIGHT,PARKED MOTOR VEHICLE,PARKING LOT,DRY,NO DEFECTS,NOT ON SCENE (DESK REPORT),NO INJURY / DRIVE AWAY,Y,"OVER $1,500",11/10/2022 03:20:00 PM,UNABLE TO DETERMINE,UNABLE TO DETERMINE,,2,NO INDICATION OF INJURY,0.0,0.0,0.0,0.0,0.0,1.0,0.0,6,5,11,41.869877592,-87.624268699,POINT (-87.624268698672 41.86987759175),POINT (1177375.50543985 1895971.0363014138),2022,1000 S MICHIGAN AVE
O1319215,DRIVER,b66113036c8eb366e5cc166f9c37edfb74303633456ae3a9853276204899948246873af077720271bf49693e93887729e880654434c9c22a5a80f8a8fc5d5047,1253478.0,F,31.0,NOT APPLICABLE,NONE,NO INDICATION OF INJURY,UNKNOWN,UNKNOWN,UNKNOWN,,,,,2022-04-12 21:18:00,30,UNKNOWN,"DARKNESS, LIGHTED ROAD",ANGLE,NOT DIVIDED,UNKNOWN,UNKNOWN,NOT ON SCENE (DESK REPORT),NO INJURY / DRIVE AWAY,,"OVER $1,500",04/18/2022 09:45:00 AM,UNABLE TO DETERMINE,UNABLE TO DETERMINE,,2,NO INDICATION OF INJURY,0.0,0.0,0.0,0.0,0.0,5.0,0.0,21,3,4,41.87897672,-87.725733503,POINT (-87.725733503269 41.878976720293),POINT (1149716.2881403803 1899074.7950327273),2022,4000 W WILCOX ST
O1394407,DRIVER,56c964d468588d724fbdec63e79dd0afb3aff016301c4f066e1732672d19174ddb1180d1ba3e186c1d55eb215f481260bc34b58f272a6b015316c1cedaa1caaa,1324956.0,M,35.0,DID NOT DEPLOY,NONE,NO INDICATION OF INJURY,NONE,NOT OBSCURED,NORMAL,,,,,2022-08-04 17:30:00,30,CLEAR,DAYLIGHT,SIDESWIPE SAME DIRECTION,NOT DIVIDED,DRY,NO DEFECTS,NOT ON SCENE (DESK REPORT),INJURY AND / OR TOW DUE TO CRASH,Y,"OVER $1,500",08/07/2022 06:30:00 PM,IMPROPER OVERTAKING/PASSING,DRIVING ON WRONG SIDE/WRONG WAY,,2,NO INDICATION OF INJURY,0.0,0.0,0.0,0.0,0.0,2.0,0.0,17,5,8,41.899258553,-87.687744329,POINT (-87.68774432877 41.899258553019),POINT (1160006.2364095033 1906541.011892611),2022,2419 W AUGUSTA BLVD
O1413146,DRIVER,bb185ab6e2031cfe5c9f933dfb9ee64a8007aa618086e4d191b6ce01b2df3db21eb80b659be39e2e56dbae51613ed932a176c66d991f3e72d3cf8ff7d5fe57b3,1342897.0,F,24.0,DID NOT DEPLOY,NONE,NO INDICATION OF INJURY,NONE,NOT OBSCURED,NORMAL,,,,,2022-09-04 19:30:00,10,CLEAR,DARKNESS,ANGLE,PARKING LOT,DRY,NO DEFECTS,NOT ON SCENE (DESK REPORT),NO INJURY / DRIVE AWAY,Y,"OVER $1,500",09/04/2022 08:30:00 PM,DISREGARDING STOP SIGN,DISREGARDING STOP SIGN,,2,NO INDICATION OF INJURY,0.0,0.0,0.0,0.0,0.0,3.0,0.0,19,1,9,41.801829631,-87.587826048,POINT (-87.587826047696 41.801829631168),POINT (1187516.5392234537 1871258.6731250128),2022,5118 S LAKE PARK AVE
O1293843,DRIVER,9ceb845cb9c43bd8fef4826a429c13874a1ef2d8a00558413a09ec062109c8016d77690cfc82ebf0dd10773dc4c6eb3e0fe1ae54c865c1d5414ecb532c32d69b,1228614.0,F,,DEPLOYMENT UNKNOWN,NONE,NO INDICATION OF INJURY,UNKNOWN,UNKNOWN,UNKNOWN,,,,,2022-03-07 10:50:00,30,SNOW,DAYLIGHT,REAR END,NOT DIVIDED,WET,NO DEFECTS,ON SCENE,NO INJURY / DRIVE AWAY,Y,"OVER $1,500",03/07/2022 10:51:00 AM,UNABLE TO DETERMINE,UNABLE TO DETERMINE,,2,NO INDICATION OF INJURY,0.0,0.0,0.0,0.0,0.0,3.0,0.0,10,2,3,41.816014469,-87.684489994,POINT (-87.684489994116 41.816014468637),POINT (1161121.43739887 1876213.771158686),2022,4251 S WESTERN AVE
O1273929,DRIVER,8729afc77acda74cb10b34e0756048158346f5bf5da15e0ca75e68332719d128da66626e8c5b7b0105e3f65faaaed5a7380eadd64ef404592d117d991e4e7b55,1209451.0,M,48.0,DID NOT DEPLOY,NONE,NO INDICATION OF INJURY,NONE,NOT OBSCURED,NORMAL,,,,Y,2022-02-01 18:10:00,30,CLEAR,"DARKNESS, LIGHTED ROAD",REAR END,NOT DIVIDED,WET,NO DEFECTS,ON SCENE,NO INJURY / DRIVE AWAY,,"$501 - $1,500",02/01/2022 06:30:00 PM,UNABLE TO DETERMINE,UNABLE TO DETERMINE,,2,NO INDICATION OF INJURY,0.0,0.0,0.0,0.0,0.0,2.0,0.0,18,3,2,41.74999226,-87.682707489,POINT (-87.682707489106 41.749992259569),POINT (1161789.3806210747 1852159.4351981764),2022,2357 W 79TH ST
O1399770,DRIVER,6c1c40c1a4d1b061347f11af9f5c73a591141fc349cc51bf954c1a421b641b364bf32638f7c10ed5a0d8b18768614af1c21396eb6a0b39e2d07da290360cf03f,1330119.0,M,39.0,DID NOT DEPLOY,NONE,NO INDICATION OF INJURY,NONE,NOT OBSCURED,NORMAL,,,,,2022-08-16 12:40:00,20,CLEAR,DAYLIGHT,REAR TO FRONT,ONE-WAY,DRY,NO DEFECTS,NOT ON SCENE (DESK REPORT),NO INJURY / DRIVE AWAY,,"OVER $1,500",08/16/2022 12:55:00 PM,IMPROPER BACKING,NOT APPLICABLE,,2,NO INDICATION OF INJURY,0.0,0.0,0.0,0.0,0.0,2.0,0.0,12,3,8,41.778844097,-87.708132941,POINT (-87.708132941167 41.778844097128),POINT (1154774.9693887278 1862621.3556020746),2022,6300 S HOMAN AVE
O1399406,DRIVER,d44361902fad876ae757082d6c1e725f62849db3dd0526b63358110b992107892fa800e2177065c7c37d8b4741107c5cf3519e5772dfb5c91c4ca3e02d2abf1f,1329770.0,M,68.0,NOT APPLICABLE,NONE,NO INDICATION OF INJURY,IMPROPER TURN,NOT OBSCURED,NORMAL,,,,,2022-08-15 17:54:00,30,CLEAR,DAYLIGHT,TURNING,NOT DIVIDED,DRY,UNKNOWN,ON SCENE,INJURY AND / OR TOW DUE TO CRASH,,"OVER $1,500",08/15/2022 06:00:00 PM,IMPROPER TURNING/NO SIGNAL,NOT APPLICABLE,,2,NO INDICATION OF INJURY,0.0,0.0,0.0,0.0,0.0,3.0,0.0,17,2,8,41.994157148,-87.693492783,POINT (-87.693492782948 41.994157147904),POINT (1158183.1112417823 1941110.6099021733),2022,2530 W GRANVILLE AVE
O1419308,DRIVER,18ace8b8d89df505929ca23ffb4c5a39135217e226f869cbc4a2f19e16a12f4ceccc94c3d01d254ed97606f88590fb15ff1b6555ea25daba7540eedb6cfb544e,1348789.0,M,31.0,DID NOT DEPLOY,NONE,NO INDICATION OF INJURY,UNKNOWN,UNKNOWN,NORMAL,,,,,2022-09-14 09:10:00,15,CLEAR,DAYLIGHT,REAR END,ONE-WAY,UNKNOWN,UNKNOWN,ON SCENE,NO INJURY / DRIVE AWAY,,"OVER $1,500",09/14/2022 09:14:00 AM,UNABLE TO DETERMINE,UNABLE TO DETERMINE,,2,NO INDICATION OF INJURY,0.0,0.0,0.0,0.0,0.0,2.0,0.0,9,4,9,41.883235571,-87.648540893,POINT (-87.648540893236 41.883235570563),POINT (1170725.6984932853 1900784.9941661025),2022,826 W WASHINGTON BLVD
O1412888,DRIVER,2d7f4ac5f1382dbb08e0676d3482af2073bba7e13a315b75c2c3d8a4a78fa0469683dd9d0f037a4c0d76fd12959874efd249c981a5a3a2b824befb825932c1a3,1342647.0,M,29.0,DEPLOYMENT UNKNOWN,NONE,NO INDICATION OF INJURY,NONE,UNKNOWN,UNKNOWN,,,,,2022-09-04 10:40:00,20,CLEAR,DAYLIGHT,ANGLE,ONE-WAY,DRY,NO DEFECTS,NOT ON SCENE (DESK REPORT),INJURY AND / OR TOW DUE TO CRASH,,"OVER $1,500",09/04/2022 12:30:00 PM,FAILING TO YIELD RIGHT-OF-WAY,NOT APPLICABLE,,2,NO INDICATION OF INJURY,0.0,0.0,0.0,0.0,0.0,2.0,0.0,10,1,9,41.904865914,-87.696421388,POINT (-87.696421388172 41.904865914478),POINT (1157628.7979917475 1908566.6778641688),2022,2748 W POTOMAC AVE
O1296864,DRIVER,bfcf383f743555aff161378f170dcc110e42405002d28a391010cf43369ecdf0fcf6f5a30d6492f5398f844d1099ba9122fb93db2afa24d933e1beebf9286e1c,1231544.0,F,57.0,DID NOT DEPLOY,NONE,NO INDICATION OF INJURY,NONE,NOT OBSCURED,NORMAL,,,,,2022-03-12 11:41:00,30,CLEAR,DAYLIGHT,SIDESWIPE SAME DIRECTION,DIVIDED - W/MEDIAN (NOT RAISED),DRY,NO DEFECTS,ON SCENE,INJURY AND / OR TOW DUE TO CRASH,,"OVER $1,500",03/12/2022 12:14:00 PM,FAILING TO REDUCE SPEED TO AVOID CRASH,DRIVING SKILLS/KNOWLEDGE/EXPERIENCE,,2,NO INDICATION OF INJURY,0.0,0.0,0.0,0.0,0.0,2.0,0.0,11,7,3,41.771729175,-87.693349922,POINT (-87.693349922161 41.771729174636),POINT (1158826.3873859257 1860058.3955681196),2022,6700 S CALIFORNIA AVE
O1301359,DRIVER,106610a566d165efbb98d63f7642ca1a96674dcea76b7535928b4343a37f5deef92f7ce714b42fe180bed1c4c3eb257cb9b6be6cd150565fb5dcaa61ee6ce7dd,1235827.0,F,26.0,DID NOT DEPLOY,NONE,NO INDICATION OF INJURY,IMPROPER PASSING,UNKNOWN,UNKNOWN,,,,,2022-03-19 12:00:00,30,CLEAR,DAYLIGHT,TURNING,DIVIDED - W/MEDIAN BARRIER,WET,NO DEFECTS,NOT ON SCENE (DESK REPORT),NO INJURY / DRIVE AWAY,,"$501 - $1,500",03/19/2022 12:44:00 PM,IMPROPER OVERTAKING/PASSING,UNABLE TO DETERMINE,,2,NO INDICATION OF INJURY,0.0,0.0,0.0,0.0,0.0,2.0,0.0,12,7,3,41.703185819,-87.642864592,POINT (-87.642864592211 41.703185818716),POINT (1172798.3692459075 1835188.3909939053),2022,10500 S HALSTED ST
O1294511,DRIVER,290bf6435ed6075b41b6c2f03406feadb404e86ef724ceeab61e07b448cb8b84349c4fa697a95a841314799861a74680746e1409b728a7dc1782c0b74b6cf08f,1229291.0,M,48.0,DID NOT DEPLOY,NONE,NO INDICATION OF INJURY,NONE,NOT OBSCURED,NORMAL,,,,,2022-03-08 13:50:00,30,CLEAR,DAYLIGHT,REAR END,DIVIDED - W/MEDIAN (NOT RAISED),UNKNOWN,NO DEFECTS,NOT ON SCENE (DESK REPORT),NO INJURY / DRIVE AWAY,,"OVER $1,500",03/08/2022 03:00:00 PM,UNABLE TO DETERMINE,UNABLE TO DETERMINE,,2,NO INDICATION OF INJURY,0.0,0.0,0.0,0.0,0.0,2.0,0.0,13,3,3,41.937780296,-87.721457907,POINT (-87.721457906901 41.937780296095),POINT (1150727.8021875361 1920511.1058054212),2022,3125 N MILWAUKEE AVE
O1280426,DRIVER,b5d078fd4587f6c81de98b3a327c506eae73fc235b61f69fa05c6814cf74a3590c53a1ed4ca3571c9e4f9d51e946602b37a86adf9150bc75e027246e38fa086d,1215753.0,M,56.0,DID NOT DEPLOY,NONE,NO INDICATION OF INJURY,NONE,NOT OBSCURED,NORMAL,,,,,2022-02-12 12:30:00,10,CLEAR,DAYLIGHT,REAR TO SIDE,PARKING LOT,DRY,NO DEFECTS,NOT ON SCENE (DESK REPORT),NO INJURY / DRIVE AWAY,,"OVER $1,500",02/12/2022 03:10:00 PM,NOT APPLICABLE,NOT APPLICABLE,,2,NO INDICATION OF INJURY,0.0,0.0,0.0,0.0,0.0,2.0,0.0,12,7,2,41.990494772,-87.748477414,POINT (-87.748477414229 41.99049477183),POINT (1143245.2439093855 1939669.1376540947),2022,6020 N CICERO AVE
O1399927,DRIVER,6cd05a83f2788ec3d8160f94aa0f790947f7f05336510d81116f0721e90c55ec49c42a8e9ced848f28535b736a205f87c23f829523d915bbefd56cad54ca20dc,1330257.0,F,71.0,NOT APPLICABLE,NONE,NO INDICATION OF INJURY,FAILED TO YIELD,UNKNOWN,NORMAL,,,,,2022-08-16 12:45:00,30,CLEAR,DAYLIGHT,ANGLE,NOT DIVIDED,DRY,NO DEFECTS,NOT ON SCENE (DESK REPORT),NO INJURY / DRIVE AWAY,,"$501 - $1,500",08/16/2022 01:00:00 PM,UNABLE TO DETERMINE,NOT APPLICABLE,,2,NO INDICATION OF INJURY,0.0,0.0,0.0,0.0,0.0,3.0,0.0,12,3,8,41.976618357,-87.684458169,POINT (-87.684458168746 41.976618356576),POINT (1160687.4962707278 1934737.8599754842),2022,5218 N LEAVITT ST
P287677,PASSENGER,8ec92809e8ce5a174dd081f7ee9f8ff34786d0af53ae2a55045732a77b7c35af3ea9685d66833d9f0c60ab9e2fb56f18d5a860a8ccfb8c8930511e2940cf5b32,1226356.0,F,19.0,DEPLOYMENT UNKNOWN,NONE,NONINCAPACITATING INJURY,,,,,,,,2022-02-19 21:40:00,30,CLEAR,"DARKNESS, LIGHTED ROAD",PARKED MOTOR VEHICLE,NOT DIVIDED,DRY,UNKNOWN,NOT ON SCENE (DESK REPORT),INJURY AND / OR TOW DUE TO CRASH,Y,"OVER $1,500",03/02/2022 09:40:00 PM,IMPROPER BACKING,FAILING TO REDUCE SPEED TO AVOID CRASH,,2,NONINCAPACITATING INJURY,1.0,0.0,0.0,1.0,0.0,1.0,0.0,21,7,2,41.852445144,-87.642294287,POINT (-87.642294286837 41.852445144074),POINT (1172517.0408241136 1889578.649008114),2022,2210 S LUMBER ST
O1346885,DRIVER,019f4d2d1a4dafbb58370d5e7ca67a177380ae2bdd2ba63234df3f63b42b9ef497a0411f8042da03ab6d8a0fd7764c9a72851156528aec48f51ab55b7c376ec6,1279680.0,F,39.0,NOT APPLICABLE,NONE,NONINCAPACITATING INJURY,UNKNOWN,UNKNOWN,UNKNOWN,,,,,2022-05-28 22:45:00,30,CLEAR,"DARKNESS, LIGHTED ROAD",REAR END,FOUR WAY,DRY,NO DEFECTS,ON SCENE,INJURY AND / OR TOW DUE TO CRASH,,"OVER $1,500",05/28/2022 10:50:00 PM,UNABLE TO DETERMINE,UNABLE TO DETERMINE,,2,NONINCAPACITATING INJURY,1.0,0.0,0.0,1.0,0.0,4.0,0.0,22,7,5,41.837622344,-87.665887181,POINT (-87.665887180546 41.837622344158),POINT (1166131.3253374102 1884126.4249071893),2022,3100 S ASHLAND AVE
O1258589,DRIVER,8ce73b18bbd2cb98a7cfd3050533b5a94086059a2c2551ea5fb7a0eb21ebae809fc7eda5b28a787e9b4ae3e91bfafc472bcef5eca8b7a16cdf3f2dd922a74cd0,1194685.0,F,59.0,"DEPLOYED, FRONT",NONE,NO INDICATION OF INJURY,NONE,MOVING VEHICLES,NORMAL,,,,,2022-01-06 16:57:00,30,CLEAR,"DARKNESS, LIGHTED ROAD",ANGLE,FOUR WAY,ICE,NO DEFECTS,ON SCENE,INJURY AND / OR TOW DUE TO CRASH,,"OVER $1,500",01/06/2022 05:14:00 PM,FAILING TO YIELD RIGHT-OF-WAY,UNABLE TO DETERMINE,,2,NO INDICATION OF INJURY,0.0,0.0,0.0,0.0,0.0,2.0,0.0,16,5,1,41.692226504,-87.661920015,POINT (-87.661920015286 41.692226503626),POINT (1167625.950049283 1831153.8095397209),2022,1600 W 111TH ST
O1415829,DRIVER,c8e053a5bd031f56fd0e5934315ddcd871fcc126427c213e80e0e1f1c0ae771104a354c8c8a53184c1074c0d8a7936d372444a0fd77ff1b04bdb43382b9a0b1e,1348655.0,M,,DID NOT DEPLOY,NONE,NO INDICATION OF INJURY,FAILED TO YIELD,UNKNOWN,UNKNOWN,,,,,2022-09-07 22:15:00,30,CLEAR,"DARKNESS, LIGHTED ROAD",ANGLE,T-INTERSECTION,UNKNOWN,UNKNOWN,NOT ON SCENE (DESK REPORT),NO INJURY / DRIVE AWAY,,"$501 - $1,500",09/07/2022 10:40:00 PM,FAILING TO YIELD RIGHT-OF-WAY,FOLLOWING TOO CLOSELY,,2,NO INDICATION OF INJURY,0.0,0.0,0.0,0.0,0.0,2.0,0.0,22,4,9,41.948266281,-87.717515898,POINT (-87.717515897691 41.948266281129),POINT (1151772.8887973242 1924339.9045737486),2022,3669 N CENTRAL PARK AVE
O1374438,DRIVER,4db68bdace32ab7d686fa82db760dcbe8da19d5f1f3896d1738e4eba88fa28da1298e791a58660e55acf2b20a736d150ccbb748d82fcd5cb70d51998d1dc99a7,1306016.0,F,50.0,DID NOT DEPLOY,NONE,NO INDICATION OF INJURY,NONE,NOT OBSCURED,NORMAL,,,,,2022-07-08 11:51:00,30,CLOUDY/OVERCAST,DAYLIGHT,REAR END,NOT DIVIDED,UNKNOWN,UNKNOWN,ON SCENE,NO INJURY / DRIVE AWAY,Y,"$501 - $1,500",07/08/2022 12:10:00 PM,FOLLOWING TOO CLOSELY,NOT APPLICABLE,,2,NO INDICATION OF INJURY,0.0,0.0,0.0,0.0,0.0,2.0,0.0,11,6,7,41.736160989,-87.627559434,POINT (-87.627559434424 41.736160989041),POINT (1176879.3143068862 1847238.0669085823),2022,115 W 87TH ST
O1387394,DRIVER,5af3404230f7061847bc34739f9593b84c5f1216413dc6f571e428084ce7674a7a25791f30f31d66503748bad300d18a5a4a5e2ee1fffd795fe5fd3667402aa1,1318243.0,M,34.0,DID NOT DEPLOY,NONE,NO INDICATION OF INJURY,UNKNOWN,UNKNOWN,NORMAL,,,,,2022-07-28 07:15:00,30,CLEAR,DAYLIGHT,FIXED OBJECT,DIVIDED - W/MEDIAN BARRIER,WET,NO DEFECTS,ON SCENE,INJURY AND / OR TOW DUE TO CRASH,,"OVER $1,500",07/28/2022 07:59:00 AM,UNABLE TO DETERMINE,UNABLE TO DETERMINE,,1,NO INDICATION OF INJURY,0.0,0.0,0.0,0.0,0.0,1.0,0.0,7,5,7,41.992875443,-87.783521485,POINT (-87.783521484588 41.992875442761),POINT (1133712.781895249 1940473.5541624308),2022,6125 N MILWAUKEE AVE
O1406021,DRIVER,4876387d1d21a8390595997ca682cccce280049200591c990d48d72300c2079f5d261312dcd223e68e50926e1459302e8004ce18bca310877944accc0d00920a,1336124.0,M,38.0,"DEPLOYED, SIDE",NONE,NO INDICATION OF INJURY,UNKNOWN,NOT OBSCURED,NORMAL,,,,,2022-08-25 17:02:00,30,CLEAR,DAYLIGHT,ANGLE,NOT DIVIDED,DRY,NO DEFECTS,ON SCENE,INJURY AND / OR TOW DUE TO CRASH,,"OVER $1,500",08/25/2022 05:04:00 PM,FAILING TO YIELD RIGHT-OF-WAY,NOT APPLICABLE,,2,"REPORTED, NOT EVIDENT",1.0,0.0,0.0,0.0,1.0,1.0,0.0,17,5,8,41.714168099,-87.65529116,POINT (-87.655291160284 41.71416809897),POINT (1169373.479720937 1839163.2431413513),2022,1300 W 99TH ST
P286673,PASSENGER,34ef231a86f04e20d19ad0eaf302cb1a47b697badbf03fe010acb0bc2d61e7d5eba2a2cba2c0d4ec376f6eddba5b81a3dce2a6228c08fa9415826bd255682143,1221866.0,M,13.0,DEPLOYMENT UNKNOWN,NONE,NO INDICATION OF INJURY,,,,,,,,2022-02-23 08:00:00,30,UNKNOWN,DAYLIGHT,SIDESWIPE SAME DIRECTION,NOT DIVIDED,UNKNOWN,UNKNOWN,NOT ON SCENE (DESK REPORT),NO INJURY / DRIVE AWAY,,"$501 - $1,500",02/23/2022 09:30:00 AM,UNABLE TO DETERMINE,NOT APPLICABLE,,2,NO INDICATION OF INJURY,0.0,0.0,0.0,0.0,0.0,4.0,0.0,8,4,2,41.822567962,-87.700116173,POINT (-87.700116173046 41.822567962009),POINT (1156844.2010439048 1878570.0538867516),2022,3013 W PERSHING RD
O1448942,DRIVER,44779693854572613749ed62621108389d7f4012b5a4e917eeb1fab91a7e6c7ebc693307ca4345b5272fd1b4aa87c99e2d9c9e76ad87157bb5d306fa03a35172,1377119.0,M,35.0,DID NOT DEPLOY,NONE,NO INDICATION OF INJURY,NONE,NOT OBSCURED,NORMAL,,,,,2022-10-26 05:10:00,30,CLEAR,"DARKNESS, LIGHTED ROAD",REAR END,DIVIDED - W/MEDIAN (NOT RAISED),DRY,NO DEFECTS,NOT ON SCENE (DESK REPORT),NO INJURY / DRIVE AWAY,,"OVER $1,500",10/26/2022 03:15:00 PM,UNABLE TO DETERMINE,NOT APPLICABLE,,2,NO INDICATION OF INJURY,0.0,0.0,0.0,0.0,0.0,2.0,0.0,5,4,10,41.771239495,-87.741998016,POINT (-87.741998016158 41.771239495484),POINT (1145557.200795714 1859784.9656654177),2022,4798 W MARQUETTE RD
O1270873,DRIVER,1c9f25fa3598e469598762003cb9e12213a5e78cdfab8f5764249c1668a83519476022299f822968ba59ec5d48d54da2dcdaa71b8856568d225a99d8767fef6b,1206477.0,M,27.0,DID NOT DEPLOY,NONE,NO INDICATION OF INJURY,UNKNOWN,NOT OBSCURED,NORMAL,,,,,2022-01-28 00:40:00,30,SNOW,DARKNESS,PARKED MOTOR VEHICLE,ONE-WAY,SNOW OR SLUSH,NO DEFECTS,ON SCENE,NO INJURY / DRIVE AWAY,,$500 OR LESS,01/28/2022 12:46:00 AM,UNABLE TO DETERMINE,NOT APPLICABLE,,2,NO INDICATION OF INJURY,0.0,0.0,0.0,0.0,0.0,1.0,0.0,0,6,1,41.990006837,-87.662839607,POINT (-87.662839606731 41.990006837342),POINT (1166527.6969176882 1939661.9645631716),2022,5932 N LAKEWOOD AVE
O1275202,DRIVER,6b15faf214eb21eaa93a9041a2d4856776dc92e2f1acc4ce804045dd4309e0a8e5a42eebfac9abe5426eee60a76fd1b40a4fa6d3b035c1ae1ad4c074eb605116,1210667.0,F,23.0,DID NOT DEPLOY,NONE,NO INDICATION OF INJURY,OTHER,NOT OBSCURED,NORMAL,,,,,2022-02-04 08:45:00,30,CLEAR,DAYLIGHT,FIXED OBJECT,NOT DIVIDED,SNOW OR SLUSH,NO DEFECTS,ON SCENE,NO INJURY / DRIVE AWAY,,"OVER $1,500",02/04/2022 08:48:00 AM,WEATHER,UNABLE TO DETERMINE,,1,NO INDICATION OF INJURY,0.0,0.0,0.0,0.0,0.0,1.0,0.0,8,6,2,41.969360711,-87.786934885,POINT (-87.78693488515 41.969360710987),POINT (1132839.5288481384 1931898.7435656213),2022,4830 N MULLIGAN AVE
O1322699,DRIVER,a4bc047cd3b5c159c8f194ba5e6d67e84be64d6dcc925104c0cd58cf4556b58c84b0d57b62bd036aa4ac66683bc02ac474bf0c8e1eee3cef979a085f71cce9b0,1256355.0,M,46.0,DID NOT DEPLOY,NONE,NO INDICATION OF INJURY,DISREGARDED CONTROL DEVICES,NOT OBSCURED,NORMAL,,,,,2022-04-23 23:52:00,30,CLEAR,"DARKNESS, LIGHTED ROAD",ANGLE,T-INTERSECTION,DRY,NO DEFECTS,ON SCENE,INJURY AND / OR TOW DUE TO CRASH,Y,"OVER $1,500",04/23/2022 11:52:00 PM,FAILING TO YIELD RIGHT-OF-WAY,DRIVING SKILLS/KNOWLEDGE/EXPERIENCE,,3,NO INDICATION OF INJURY,0.0,0.0,0.0,0.0,0.0,2.0,0.0,23,7,4,41.882417876,-87.760124093,POINT (-87.760124092965 41.882417875508),POINT (1140342.3658422828 1900264.319282827),2022,5398 W WASHINGTON BLVD