PERSON_ID,PERSON_TYPE,CRASH_RECORD_ID,VEHICLE_ID,SEX,AGE,AIRBAG_DEPLOYED,EJECTION,INJURY_CLASSIFICATION,DRIVER_ACTION,DRIVER_VISION,PHYSICAL_CONDITION,PEDPEDAL_ACTION,PEDPEDAL_VISIBILITY,PEDPEDAL_LOCATION,CRASH_DATE_EST_I,CRASH_DATE,POSTED_SPEED_LIMIT,WEATHER_CONDITION,LIGHTING_CONDITION,FIRST_CRASH_TYPE,TRAFFICWAY_TYPE,ROADWAY_SURFACE_COND,ROAD_DEFECT,REPORT_TYPE,CRASH_TYPE,HIT_AND_RUN_I,DAMAGE,DATE_POLICE_NOTIFIED,PRIM_CONTRIBUTORY_CAUSE,SEC_CONTRIBUTORY_CAUSE,DOORING_I,NUM_UNITS,MOST_SEVERE_INJURY,INJURIES_TOTAL,INJURIES_FATAL,INJURIES_INCAPACITATING,INJURIES_NON_INCAPACITATING,INJURIES_REPORTED_NOT_EVIDENT,INJURIES_NO_INDICATION,INJURIES_UNKNOWN,CRASH_HOUR,CRASH_DAY_OF_WEEK,CRASH_MONTH,LATITUDE,LONGITUDE,LOCATION,geometry,YEAR,ADDRESS
O1439643,DRIVER,b9e705c876d4ff42bae84fa8402a348bb4e78904a33f9f2b51dc29f6a06d27bf923f583cd4abc0dd8df0447ddaa0a9f55f2013c2f2a574309b6b0090c27db029,1368215.0,M,54.0,DID NOT DEPLOY,NONE,NO INDICATION OF INJURY,UNKNOWN,UNKNOWN,NORMAL,,,,,2022-10-13 11:20:00,30,CLEAR,DAYLIGHT,REAR TO FRONT,FOUR WAY,DRY,NO DEFECTS,NOT ON SCENE (DESK REPORT),NO INJURY / DRIVE AWAY,,"$501 - $1,500",10/13/2022 11:55:00 AM,UNABLE TO DETERMINE,UNABLE TO DETERMINE,,2,NO INDICATION OF INJURY,0.0,0.0,0.0,0.0,0.0,2.0,0.0,11,5,10,41.983109198,-87.709028838,POINT (-87.709028837739 41.983109197962),POINT (1153989.1474354619 1937053.5042970546),2022,5600 N JERSEY AVE
O1483948,DRIVER,763f735b56504b83b40fecfc732a98f91044d85bb3ad4c2723c3e7b1047c192c5ca5d663cd4513d30b7350aad4a9b12bb17f777503398c2ea40bc7797acee55f,1410581.0,X,,DEPLOYMENT UNKNOWN,NONE,NO INDICATION OF INJURY,UNKNOWN,UNKNOWN,UNKNOWN,,,,,2022-12-18 12:12:00,30,CLEAR,DAYLIGHT,TURNING,NOT DIVIDED,DRY,NO DEFECTS,NOT ON SCENE (DESK REPORT),NO INJURY / DRIVE AWAY,Y,"OVER $1,500",12/18/2022 12:35:00 PM,UNABLE TO DETERMINE,NOT APPLICABLE,,2,NO INDICATION OF INJURY,0.0,0.0,0.0,0.0,0.0,2.0,0.0,12,1,12,41.903005039,-87.665706544,POINT (-87.665706544455 41.903005039235),POINT (1165995.2447100691 1907952.1509831594),2022,1165 N MILWAUKEE AVE
P283068,PASSENGER,290d1da4fdac07b93dd932fdb7d5c150d19ebf75d8d180e42173211bcfa4cdf97d8959e6682405b760e746b0755d3b4ec4fc2c84c2e5dfc1fb58c5e1e24bc46b,1204318.0,,,DID NOT DEPLOY,NONE,NO INDICATION OF INJURY,,,,,,,,2022-01-24 15:15:00,25,CLOUDY/OVERCAST,DAYLIGHT,TURNING,NOT DIVIDED,WET,NO DEFECTS,ON SCENE,NO INJURY / DRIVE AWAY,,"OVER $1,500",01/24/2022 03:19:00 PM,UNABLE TO DETERMINE,NOT APPLICABLE,,2,NO INDICATION OF INJURY,0.0,0.0,0.0,0.0,0.0,12.0,0.0,15,2,1,41.967791845,-87.757690686,POINT (-87.757690686367 41.967791844857),POINT (1140796.169027786 1931379.119426414),2022,5199 W LAWRENCE AVE
O1276743,DRIVER,5c4e9c95823848d63baa3149fd9b1f1957f230df9cd611fd0289586fa11f5550e226db4d94843313605fbeb77381e99a421cfef080012400a56b47616c4e10d6,1212155.0,M,36.0,NOT APPLICABLE,NONE,NO INDICATION OF INJURY,UNKNOWN,UNKNOWN,UNKNOWN,,,,,2022-01-26 18:10:00,30,SNOW,"DARKNESS, LIGHTED ROAD",TURNING,NOT DIVIDED,SNOW OR SLUSH,UNKNOWN,NOT ON SCENE (DESK REPORT),NO INJURY / DRIVE AWAY,Y,"OVER $1,500",02/06/2022 03:30:00 PM,IMPROPER TURNING/NO SIGNAL,NOT APPLICABLE,,2,NO INDICATION OF INJURY,0.0,0.0,0.0,0.0,0.0,3.0,0.0,18,4,1,41.795338436,-87.583882511,POINT (-87.583882511277 41.795338435621),POINT (1188612.3953812965 1868902.667569177),2022,1700 E 55TH ST
O1356898,DRIVER,8d97cb388092a57a9c378cf7a8ff56c5cbcd587fd67a7a755f0648c9acf6bf20af7831d5b77c6bec93f3936b92ae48e79e11a67902d3cb0b2c68d041d861fc89,1289300.0,M,44.0,NOT APPLICABLE,NONE,NO INDICATION OF INJURY,UNKNOWN,UNKNOWN,UNKNOWN,,,,,2022-06-12 23:45:00,30,UNKNOWN,UNKNOWN,REAR END,ONE-WAY,UNKNOWN,UNKNOWN,NOT ON SCENE (DESK REPORT),NO INJURY / DRIVE AWAY,Y,"OVER $1,500",06/13/2022 12:30:00 AM,UNABLE TO DETERMINE,NOT APPLICABLE,,2,NO INDICATION OF INJURY,0.0,0.0,0.0,0.0,0.0,2.0,0.0,23,1,6,41.864087244,-87.72019666,POINT (-87.720196659785 41.864087244336),POINT (1151262.8860841033 1893659.8238154335),2022,1308 S INDEPENDENCE BLVD
P310184,PASSENGER,71521c2b1d9e269c1d3fb1aca8dce64b30b6c578123a1820ebe414fdefe11967d1a2222e6c41aba2dbb6eba02eec4c4d7d21ce1e1107a32df323871f589844ff,1325644.0,F,,NOT APPLICABLE,NONE,NO INDICATION OF INJURY,,,,,,,,2022-08-08 16:05:00,30,CLOUDY/OVERCAST,DAYLIGHT,REAR END,FOUR WAY,WET,NO DEFECTS,,NO INJURY / DRIVE AWAY,N,"$501 - $1,500",08/08/2022 04:07:00 PM,UNABLE TO DETERMINE,UNABLE TO DETERMINE,,2,NO INDICATION OF INJURY,0.0,0.0,0.0,0.0,0.0,6.0,0.0,16,2,8,41.895120075,-87.74595766,POINT (-87.745957659678 41.895120075478),POINT (1144168.401701704 1904919.071241943),2022,802 N CICERO AVE
O1256313,DRIVER,20ddb842605b7229fea1ef17ba35d7b90439686194ad5e4692faf3c2e599a1ab491f8a91331d45bd39171a42d46728c72387642030638b15fdb564e9f956bd4b,1192507.0,M,53.0,DID NOT DEPLOY,NONE,NONINCAPACITATING INJURY,NONE,NOT OBSCURED,NORMAL,,,,,2022-01-02 12:38:00,30,CLEAR,DAYLIGHT,REAR END,UNKNOWN INTERSECTION TYPE,WET,NO DEFECTS,ON SCENE,INJURY AND / OR TOW DUE TO CRASH,Y,"OVER $1,500",01/02/2022 12:39:00 PM,UNABLE TO DETERMINE,NOT APPLICABLE,,2,NONINCAPACITATING INJURY,1.0,0.0,0.0,1.0,0.0,2.0,0.0,12,1,1,41.794182039,-87.625936491,POINT (-87.625936490604 41.79418203894),POINT (1177148.3952318693 1868384.1131717914),2022,5 W GARFIELD BLVD
P297265,PASSENGER,4b5013908076742e3570fbb8d94c670c64474e219959bf6cbd31609492de17d7669c0f434da4f9587edbf9150be10a23c18fc25d3169a6518e4fcfa1a5b3d8be,1269895.0,M,,DID NOT DEPLOY,NONE,NO INDICATION OF INJURY,,,,,,,,2022-05-13 18:50:00,30,CLEAR,DUSK,REAR END,NOT DIVIDED,DRY,NO DEFECTS,NOT ON SCENE (DESK REPORT),INJURY AND / OR TOW DUE TO CRASH,,"OVER $1,500",05/13/2022 07:40:00 PM,FAILING TO REDUCE SPEED TO AVOID CRASH,NOT APPLICABLE,,2,NO INDICATION OF INJURY,0.0,0.0,0.0,0.0,0.0,3.0,0.0,18,6,5,41.946605352,-87.69321109,POINT (-87.693211090496 41.946605352208),POINT (1158389.1567254483 1923783.0995144814),2022,2601 W ADDISON ST
O1407842,DRIVER,d009381ea347ea5bcf48a7cc91b8a3609ea4d83f62c5c644cf76c3c053b9794dc5f23a8c3654ec32319e86318a65fc567357cbe8ceb65ff3166fb420ddb0de20,1337848.0,M,,DID NOT DEPLOY,NONE,NO INDICATION OF INJURY,UNKNOWN,UNKNOWN,UNKNOWN,,,,,2022-08-26 23:00:00,30,FREEZING RAIN/DRIZZLE,"DARKNESS, LIGHTED ROAD",PARKED MOTOR VEHICLE,NOT DIVIDED,UNKNOWN,UNKNOWN,NOT ON SCENE (DESK REPORT),NO INJURY / DRIVE AWAY,,"OVER $1,500",08/28/2022 01:05:00 PM,UNABLE TO DETERMINE,UNABLE TO DETERMINE,,2,NO INDICATION OF INJURY,0.0,0.0,0.0,0.0,0.0,1.0,0.0,23,6,8,41.804348694,-87.742925842,POINT (-87.742925841836 41.804348694144),POINT (1145221.2554306285 1871847.970944565),2022,4849 S CICERO AVE
P323523,PASSENGER,803f0893a991c39c61c1f08eabed451acf62de873e67838643bf10371a5dfea59205b9e822d69969f05835bed9364573fec94333d55dd06df594905f20af0e9a,1386567.0,F,,DEPLOYMENT UNKNOWN,UNKNOWN,NO INDICATION OF INJURY,,,,,,,,2022-11-06 16:15:00,30,UNKNOWN,DAYLIGHT,REAR END,NOT DIVIDED,UNKNOWN,UNKNOWN,NOT ON SCENE (DESK REPORT),NO INJURY / DRIVE AWAY,N,"OVER $1,500",11/10/2022 09:55:00 AM,UNABLE TO DETERMINE,UNABLE TO DETERMINE,,2,NO INDICATION OF INJURY,0.0,0.0,0.0,0.0,0.0,3.0,0.0,16,1,11,41.968135406,-87.708313269,POINT (-87.708313269047 41.968135406045),POINT (1154223.5124162964 1931598.4045774178),2022,4751 N KEDZIE AVE
O1322596,DRIVER,2dd784c2a497fbb420340ae5d37be4c953b0385a5674688e6b5d96af41911b235058d6109b682c66164a8f367ca73af45cca7926c5bb48e1d00034ebea663ced,1256256.0,M,40.0,DEPLOYMENT UNKNOWN,NONE,NO INDICATION OF INJURY,IMPROPER TURN,NOT OBSCURED,NORMAL,,,,,2022-04-23 20:20:00,30,RAIN,DUSK,TURNING,FOUR WAY,DRY,NO DEFECTS,NOT ON SCENE (DESK REPORT),NO INJURY / DRIVE AWAY,N,"OVER $1,500",04/23/2022 09:00:00 PM,IMPROPER TURNING/NO SIGNAL,IMPROPER TURNING/NO SIGNAL,,2,NO INDICATION OF INJURY,0.0,0.0,0.0,0.0,0.0,2.0,0.0,20,7,4,41.88704149,-87.62806208,POINT (-87.628062080102 41.887041490312),POINT (1176290.912716644 1902217.0344165855),2022,2 W WACKER DR
O1331253,DRIVER,3d5246574ccaef687506bd31e415ffafb91951adc98123f9c42a9d1a3610f41f0649fd2169b024fe4554296c313487b8d93aba3daf4a391098ff17a01bb2d75e,1264623.0,F,39.0,NOT APPLICABLE,NONE,NO INDICATION OF INJURY,NONE,NOT OBSCURED,NORMAL,,,,,2022-05-06 09:30:00,30,RAIN,DAYLIGHT,TURNING,ONE-WAY,WET,NO DEFECTS,NOT ON SCENE (DESK REPORT),NO INJURY / DRIVE AWAY,Y,"$501 - $1,500",05/06/2022 02:31:00 PM,NOT APPLICABLE,NOT APPLICABLE,,2,NO INDICATION OF INJURY,0.0,0.0,0.0,0.0,0.0,2.0,0.0,9,6,5,41.775430819,-87.703175265,POINT (-87.703175264606 41.775430819218),POINT (1156136.3083396298 1861387.4540714307),2022,3200 W 65TH ST
O1259909,DRIVER,5d1388177421a3a86f30f7011ac7a294b33c21557f8610eb1f5a5303e657217754cd8e251e5c2e5d811b0c21f2d96d32509f6668ccd3d7c475cb1be694f8bc02,1195953.0,M,59.0,DID NOT DEPLOY,NONE,NO INDICATION OF INJURY,OTHER,NOT OBSCURED,NORMAL,,,,,2022-01-09 06:30:00,25,FREEZING RAIN/DRIZZLE,DARKNESS,FIXED OBJECT,NOT DIVIDED,ICE,NO DEFECTS,NOT ON SCENE (DESK REPORT),NO INJURY / DRIVE AWAY,,"OVER $1,500",01/09/2022 07:40:00 AM,WEATHER,WEATHER,,1,NO INDICATION OF INJURY,0.0,0.0,0.0,0.0,0.0,1.0,0.0,6,1,1,41.691799153,-87.673129929,POINT (-87.673129929112 41.691799152517),POINT (1164565.483474369 1830974.4231846605),2022,2027 W 111TH ST
O1280878,DRIVER,20700b200bd48a252f4669edc7067936c09502c14901e6df8043d4d11acd6f4fe3a1908a7f6998bf46b66a251beb866a160d1663d70447922fc425492ff4d017,1216160.0,M,40.0,DID NOT DEPLOY,NONE,NO INDICATION OF INJURY,UNKNOWN,NOT OBSCURED,NORMAL,,,,,2022-02-13 11:15:00,25,CLEAR,DAYLIGHT,REAR TO FRONT,ONE-WAY,DRY,NO DEFECTS,NOT ON SCENE (DESK REPORT),NO INJURY / DRIVE AWAY,,"$501 - $1,500",02/13/2022 12:04:00 PM,UNABLE TO DETERMINE,UNABLE TO DETERMINE,,2,NO INDICATION OF INJURY,0.0,0.0,0.0,0.0,0.0,2.0,0.0,11,1,2,41.752285327,-87.578588542,POINT (-87.578588541557 41.752285326682),POINT (1190193.6614577912 1853227.0444403328),2022,7836 S BENNETT AVE
O1429612,DRIVER,ae1fd70c44e5838f8f14752b43d6f9cf053d7cea512ebdb9790db4bd18abb998c1bbf84a561f12f4378fbbe09cde9cce5e85ea5f03d6951ae82640fbb88c2edb,1358632.0,M,46.0,DID NOT DEPLOY,NONE,NO INDICATION OF INJURY,IMPROPER LANE CHANGE,UNKNOWN,UNKNOWN,,,,,2022-09-27 12:45:00,30,CLEAR,DAYLIGHT,SIDESWIPE SAME DIRECTION,NOT DIVIDED,DRY,NO DEFECTS,NOT ON SCENE (DESK REPORT),NO INJURY / DRIVE AWAY,,"OVER $1,500",09/28/2022 07:25:00 PM,UNABLE TO DETERMINE,NOT APPLICABLE,,2,NO INDICATION OF INJURY,0.0,0.0,0.0,0.0,0.0,2.0,0.0,12,3,9,41.912138508,-87.680333917,POINT (-87.680333917311 41.912138507649),POINT (1161987.9400830113 1911249.741246175),2022,2089 W WABANSIA AVE
P323747,PASSENGER,87bc9c60bf4dc1ad7b45191e052709074325e1fddeba7661516ae729aa1272cae2f1c48bff727f2fb4498f321eaa2a3a4b14e92919a12d9bc84c466187c78b1b,1387806.0,M,,NOT APPLICABLE,NONE,NO INDICATION OF INJURY,,,,,,,N,2022-11-12 01:55:00,30,CLEAR,"DARKNESS, LIGHTED ROAD",TURNING,DIVIDED - W/MEDIAN (NOT RAISED),DRY,NO DEFECTS,ON SCENE,NO INJURY / DRIVE AWAY,Y,"OVER $1,500",11/12/2022 02:05:00 AM,FAILING TO YIELD RIGHT-OF-WAY,IMPROPER TURNING/NO SIGNAL,,2,NO INDICATION OF INJURY,0.0,0.0,0.0,0.0,0.0,4.0,0.0,1,7,11,41.953825421,-87.705634137,POINT (-87.70563413727 41.953825421371),POINT (1154990.3013328323 1926389.1198121472),2022,3101 W IRVING PARK RD
O1486844,DRIVER,505cf9ef1002bb516641a53f028ee3bed062cde4a2f85f0ff8a6ad50751be2e756d3df1deaca31214c490cca1644fd47c825fbfdaed8b89028f5054934c2b79a,1413390.0,M,54.0,NOT APPLICABLE,NONE,NO INDICATION OF INJURY,NONE,NOT OBSCURED,NORMAL,,,,,2022-12-22 18:00:00,30,SNOW,"DARKNESS, LIGHTED ROAD",TURNING,NOT DIVIDED,SNOW OR SLUSH,NO DEFECTS,NOT ON SCENE (DESK REPORT),NO INJURY / DRIVE AWAY,,"OVER $1,500",12/23/2022 02:50:00 PM,DRIVING SKILLS/KNOWLEDGE/EXPERIENCE,NOT APPLICABLE,,2,NO INDICATION OF INJURY,0.0,0.0,0.0,0.0,0.0,2.0,0.0,18,5,12,41.914060196,-87.746027734,POINT (-87.746027733918 41.914060195761),POINT (1144102.070851055 1911820.7175821986),2022,4800 W GRAND AVE
P302542,PASSENGER,599c90ad2f1091d6e990080a5f5b3a425d6bdc719fea4f0ed4c63f8671e15969f8d044e054f88251d5fc36542798ca8574c2b8e7a50ad392ee2badaea111663f,1292600.0,M,52.0,DID NOT DEPLOY,NONE,NO INDICATION OF INJURY,,,,,,,,2022-06-17 14:50:00,20,CLEAR,DAYLIGHT,PARKED MOTOR VEHICLE,ONE-WAY,DRY,NO DEFECTS,NOT ON SCENE (DESK REPORT),INJURY AND / OR TOW DUE TO CRASH,Y,"OVER $1,500",06/17/2022 03:15:00 PM,UNABLE TO DETERMINE,NOT APPLICABLE,,2,NO INDICATION OF INJURY,0.0,0.0,0.0,0.0,0.0,6.0,0.0,14,6,6,41.89389546,-87.770254372,POINT (-87.770254371733 41.893895459937),POINT (1137556.3041426742 1904428.4729352593),2022,736 N MENARD AVE
O1444585,DRIVER,9b547d5c54f08cf9bcbd90cc0b8b6f333ae4acc0d3956ba90070badd2f2dc084dbf534a48f479dd4def46cbf26e993aac11c846b76658d12a54ec3fa28f6c08d,1372957.0,M,61.0,NOT APPLICABLE,NONE,NO INDICATION OF INJURY,IMPROPER PASSING,UNKNOWN,UNKNOWN,,,,,2022-10-20 15:40:00,30,CLEAR,DAYLIGHT,SIDESWIPE SAME DIRECTION,DIVIDED - W/MEDIAN (NOT RAISED),DRY,NO DEFECTS,ON SCENE,INJURY AND / OR TOW DUE TO CRASH,,"OVER $1,500",10/20/2022 03:43:00 PM,IMPROPER OVERTAKING/PASSING,NOT APPLICABLE,,2,NO INDICATION OF INJURY,0.0,0.0,0.0,0.0,0.0,2.0,0.0,15,5,10,41.867362693,-87.639293195,POINT (-87.639293194642 41.867362692617),POINT (1173290.721865595 1895021.166235468),2022,500 W ROOSEVELT RD
P325324,PASSENGER,e6296f2b9026f781b398f00656b084a21a647cfd2af04668b6841bf1c719f351969874c00cb5272be578319cf06b1398ea23086a990635bd79fb76b65d0fd1da,1395873.0,,,DID NOT DEPLOY,NONE,NO INDICATION OF INJURY,,,,,,,,2022-11-23 01:30:00,30,CLEAR,"DARKNESS, LIGHTED ROAD",TURNING,DIVIDED - W/MEDIAN (NOT RAISED),DRY,NO DEFECTS,NOT ON SCENE (DESK REPORT),NO INJURY / DRIVE AWAY,Y,"OVER $1,500",11/24/2022 03:00:00 PM,UNABLE TO DETERMINE,UNABLE TO DETERMINE,,2,NO INDICATION OF INJURY,0.0,0.0,0.0,0.0,0.0,5.0,0.0,1,4,11,41.894108245,-87.633532208,POINT (-87.633532208238 41.894108245476),POINT (1174780.421156993 1904779.9644587839),2022,158 W ERIE ST
P289583,PASSENGER,98a0507a2847577d288687b8ab11b63f0e29c59223992e292e1c0655b4c9d528a40c741826d054fd7850490dc6361ab79905fb6e651766fd08af63f0075b5e03,1235514.0,X,,DID NOT DEPLOY,NONE,NO INDICATION OF INJURY,,,,,,,,2022-03-18 20:15:00,30,RAIN,"DARKNESS, LIGHTED ROAD",REAR END,DIVIDED - W/MEDIAN (NOT RAISED),WET,NO DEFECTS,NOT ON SCENE (DESK REPORT),NO INJURY / DRIVE AWAY,Y,"$501 - $1,500",03/18/2022 09:10:00 PM,UNABLE TO DETERMINE,UNABLE TO DETERMINE,,2,NO INDICATION OF INJURY,0.0,0.0,0.0,0.0,0.0,3.0,0.0,20,6,3,41.736112217,-87.648555949,POINT (-87.648555948868 41.736112217342),POINT (1171148.7722505468 1847173.9991697387),2022,1000 W 87TH ST
O1365562,DRIVER,b93611e991389a8d2f82cf942bbf3705643cd9e7312b902e908dacbef239870ad672de78683a9bf52738eccbaa0d483d454fe6a8576a71056e1777900fad85dd,1297537.0,F,25.0,DID NOT DEPLOY,NONE,NO INDICATION OF INJURY,IMPROPER TURN,UNKNOWN,UNKNOWN,,,,,2022-06-24 14:00:00,30,CLEAR,DAYLIGHT,TURNING,DIVIDED - W/MEDIAN (NOT RAISED),DRY,NO DEFECTS,NOT ON SCENE (DESK REPORT),NO INJURY / DRIVE AWAY,,$500 OR LESS,06/24/2022 04:00:00 PM,IMPROPER LANE USAGE,UNABLE TO DETERMINE,,2,NO INDICATION OF INJURY,0.0,0.0,0.0,0.0,0.0,2.0,0.0,14,6,6,41.878034428,-87.631171407,POINT (-87.631171406979 41.878034428336),POINT (1175471.1124465656 1898927.9235015844),2022,111 W JACKSON BLVD
O1313881,DRIVER,286214a9709b183088c66403c092f982cf6ed06188e7adad8ac36c8701bac3101b2ddac708ffa5782e21411d5e921b43abaa023ce7ecf739ae58550356dc7014,1247883.0,X,,DEPLOYMENT UNKNOWN,NONE,NO INDICATION OF INJURY,IMPROPER LANE CHANGE,UNKNOWN,UNKNOWN,,,,,2022-04-08 16:00:00,35,CLEAR,DAYLIGHT,SIDESWIPE SAME DIRECTION,DIVIDED - W/MEDIAN BARRIER,DRY,NO DEFECTS,NOT ON SCENE (DESK REPORT),NO INJURY / DRIVE AWAY,Y,"$501 - $1,500",04/08/2022 04:21:00 PM,IMPROPER LANE USAGE,IMPROPER LANE USAGE,,2,NO INDICATION OF INJURY,0.0,0.0,0.0,0.0,0.0,2.0,0.0,16,6,4,41.878009411,-87.63709519,POINT (-87.63709519022 41.878009410984),POINT (1173857.9422431486 1898905.6645644251),2022,300 S LOWER WACKER DR
O1484182,DRIVER,2c798f16c5d63007356416be56d620acbe721c6305992eb015f685dfa971f0385a3dd3831f76df89df919b85816f24e78164b0c3ce1813c5f2ab2068901397a4,1410789.0,F,35.0,DEPLOYMENT UNKNOWN,UNKNOWN,NO INDICATION OF INJURY,UNKNOWN,UNKNOWN,UNKNOWN,,,,,2022-12-16 05:00:00,30,UNKNOWN,UNKNOWN,PARKED MOTOR VEHICLE,NOT DIVIDED,UNKNOWN,UNKNOWN,,NO INJURY / DRIVE AWAY,,"OVER $1,500",12/17/2022 02:05:00 PM,UNABLE TO DETERMINE,NOT APPLICABLE,,2,NO INDICATION OF INJURY,0.0,0.0,0.0,0.0,0.0,1.0,0.0,5,6,12,41.911109844,-87.745749459,POINT (-87.745749459302 41.911109844205),POINT (1144185.1768387817 1910746.1272035295),2022,1649 N CICERO AVE
O1469289,DRIVER,5d71e9ee8873a7f1667c61a79766d7ac032449519c0fb7e8210a8121708a19acfe5aa1201017992ea942cc5f3de6c00505ff00bdd3883bc98759df67ccbf7305,1396485.0,F,38.0,NOT APPLICABLE,NONE,NO INDICATION OF INJURY,UNKNOWN,UNKNOWN,UNKNOWN,,,,,2022-11-25 18:10:00,30,CLEAR,"DARKNESS, LIGHTED ROAD",TURNING,FOUR WAY,UNKNOWN,UNKNOWN,NOT ON SCENE (DESK REPORT),NO INJURY / DRIVE AWAY,,"OVER $1,500",11/25/2022 06:45:00 PM,UNABLE TO DETERMINE,UNABLE TO DETERMINE,,2,NO INDICATION OF INJURY,0.0,0.0,0.0,0.0,0.0,2.0,0.0,18,6,11,41.902819868,-87.721766452,POINT (-87.721766452123 41.902819868301),POINT (1150734.705234045 1907770.8914394097),2022,3806 W DIVISION ST
O1394113,DRIVER,a7289a7d37749f9100a8ae16aebe8211010ac04e3f1689043af8c26feeb899b5123f53328da2f652813416d7cafe8d439d39d1593e7bc3a4d0ceb93e085ebc80,1324667.0,M,24.0,NOT APPLICABLE,NONE,NO INDICATION OF INJURY,UNKNOWN,UNKNOWN,NORMAL,,,,,2022-08-04 11:45:00,30,RAIN,DAYLIGHT,REAR END,DIVIDED - W/MEDIAN (NOT RAISED),WET,UNKNOWN,NOT ON SCENE (DESK REPORT),NO INJURY / DRIVE AWAY,,"OVER $1,500",08/07/2022 12:11:00 PM,UNABLE TO DETERMINE,UNABLE TO DETERMINE,,2,NO INDICATION OF INJURY,0.0,0.0,0.0,0.0,0.0,3.0,0.0,11,5,8,41.968421887,-87.698721847,POINT (-87.698721846509 41.968421886926),POINT (1156831.1272606656 1931721.9738788046),2022,2801 W LAWRENCE AVE
O1418694,DRIVER,797335b55e7e626b62b7d6267717847c584000cc3e312cda417482c2bcccd432e1e6f37777f0e02f1e8fa3161566c692ad9cbddc1ddaab7cb273e187420cb0fd,1348202.0,M,57.0,DID NOT DEPLOY,NONE,NO INDICATION OF INJURY,NONE,NOT OBSCURED,NORMAL,,,,,2022-09-09 16:29:00,30,CLEAR,DAYLIGHT,SIDESWIPE SAME DIRECTION,NOT DIVIDED,DRY,NO DEFECTS,NOT ON SCENE (DESK REPORT),NO INJURY / DRIVE AWAY,,"OVER $1,500",09/13/2022 11:15:00 AM,UNABLE TO DETERMINE,NOT APPLICABLE,,2,NO INDICATION OF INJURY,0.0,0.0,0.0,0.0,0.0,2.0,0.0,16,6,9,41.976212408,-87.659928105,POINT (-87.659928105138 41.976212408391),POINT (1167358.7310835996 1934641.4099790684),2022,1201 W FOSTER AVE
O1398865,DRIVER,b9b334a91d9f688fdb38b50ad59e0e5174fb81be3a1fdf4bf5c1b2b95f12289e68a593e40e549baae406c8f77b858e6930700b2e8e167c275b9dd7339a6fa696,1329253.0,X,,NOT APPLICABLE,NONE,NO INDICATION OF INJURY,IMPROPER PASSING,UNKNOWN,UNKNOWN,,,,,2022-08-14 19:30:00,30,CLEAR,"DARKNESS, LIGHTED ROAD",PARKED MOTOR VEHICLE,DIVIDED - W/MEDIAN (NOT RAISED),DRY,NO DEFECTS,ON SCENE,NO INJURY / DRIVE AWAY,Y,$500 OR LESS,08/14/2022 08:00:00 PM,UNABLE TO DETERMINE,UNABLE TO DETERMINE,,2,NO INDICATION OF INJURY,0.0,0.0,0.0,0.0,0.0,1.0,0.0,19,1,8,41.940285949,-87.644260158,POINT (-87.644260158134 41.940285948688),POINT (1171724.3706952264 1921583.544989669),2022,3207 N BROADWAY
O1296407,DRIVER,072dba6f2d26c2bf5375ec81576e7a88ecea821f93ca5cb3479e090508778b8899b33fd6077cabd7bd900554f3331e01c64c7f86261dded98da642e61881f652,1231099.0,M,52.0,NOT APPLICABLE,NONE,NO INDICATION OF INJURY,NONE,NOT OBSCURED,NORMAL,,,,,2022-03-11 16:36:00,30,CLEAR,DAYLIGHT,TURNING,NOT DIVIDED,DRY,NO DEFECTS,NOT ON SCENE (DESK REPORT),NO INJURY / DRIVE AWAY,,"OVER $1,500",03/11/2022 05:20:00 PM,DRIVING ON WRONG SIDE/WRONG WAY,NOT APPLICABLE,,2,NO INDICATION OF INJURY,0.0,0.0,0.0,0.0,0.0,2.0,0.0,16,6,3,42.012582905,-87.663488208,POINT (-87.663488207977 42.012582905034),POINT (1166287.008196502 1947887.4517985822),2022,7150 N SHERIDAN RD
O1321781,DRIVER,5c1283c6f61c167343804d628d435c6868a7e8bf8e3231ab78552e44dccd79aeeaa79d3a119b49be6276b63060156e67969bb009902c8d869d1ea3963778ab9a,1255459.0,M,,DID NOT DEPLOY,NONE,NO INDICATION OF INJURY,IMPROPER PASSING,UNKNOWN,UNKNOWN,,,,,2022-04-22 14:25:00,30,RAIN,DAYLIGHT,PARKED MOTOR VEHICLE,NOT DIVIDED,WET,NO DEFECTS,NOT ON SCENE (DESK REPORT),NO INJURY / DRIVE AWAY,,"OVER $1,500",04/22/2022 05:03:00 PM,NOT APPLICABLE,NOT APPLICABLE,,2,NO INDICATION OF INJURY,0.0,0.0,0.0,0.0,0.0,1.0,0.0,14,6,4,41.844297561,-87.641703388,POINT (-87.64170338777 41.844297561203),POINT (1172701.9380677796 1886610.9892706554),2022,2704 S WALLACE ST