PERSON_ID,PERSON_TYPE,CRASH_RECORD_ID,VEHICLE_ID,SEX,AGE,AIRBAG_DEPLOYED,EJECTION,INJURY_CLASSIFICATION,DRIVER_ACTION,DRIVER_VISION,PHYSICAL_CONDITION,PEDPEDAL_ACTION,PEDPEDAL_VISIBILITY,PEDPEDAL_LOCATION,CRASH_DATE_EST_I,CRASH_DATE,POSTED_SPEED_LIMIT,WEATHER_CONDITION,LIGHTING_CONDITION,FIRST_CRASH_TYPE,TRAFFICWAY_TYPE,ROADWAY_SURFACE_COND,ROAD_DEFECT,REPORT_TYPE,CRASH_TYPE,HIT_AND_RUN_I,DAMAGE,DATE_POLICE_NOTIFIED,PRIM_CONTRIBUTORY_CAUSE,SEC_CONTRIBUTORY_CAUSE,DOORING_I,NUM_UNITS,MOST_SEVERE_INJURY,INJURIES_TOTAL,INJURIES_FATAL,INJURIES_INCAPACITATING,INJURIES_NON_INCAPACITATING,INJURIES_REPORTED_NOT_EVIDENT,INJURIES_NO_INDICATION,INJURIES_UNKNOWN,CRASH_HOUR,CRASH_DAY_OF_WEEK,CRASH_MONTH,LATITUDE,LONGITUDE,LOCATION,geometry,YEAR,ADDRESS
O1483504,DRIVER,b038e47bd47c95b671b2a354c30c5c44ce462a3c492e3b04a9472f4f18ec1768a9eabe72b3a504d6f99f31272aa5beedab726b9275e68479a2e68ee529bdfcd2,1410165.0,M,69.0,DID NOT DEPLOY,NONE,NO INDICATION OF INJURY,OTHER,BLINDED - SUNLIGHT,UNKNOWN,,,,,2022-12-18 10:00:00,30,CLEAR,DAYLIGHT,ANGLE,OTHER,DRY,NO DEFECTS,ON SCENE,NO INJURY / DRIVE AWAY,,"OVER $1,500",12/18/2022 10:05:00 AM,UNABLE TO DETERMINE,UNABLE TO DETERMINE,,2,NO INDICATION OF INJURY,0.0,0.0,0.0,0.0,0.0,7.0,0.0,10,1,12,41.773361872,-87.594422789,POINT (-87.594422789039 41.773361872214),POINT (1185807.0436885748 1860869.668325555),2022,1300 E 67TH ST
O1329272,DRIVER,eacea2b69f31cba518982e9f66c0fd727a0e2e98fcdfa8263ce644c6720bfedacb70799116d184adbee95cd49d9e03fe40a682878f0b92c550b07c4f5c4393fa,1262711.0,X,,DEPLOYMENT UNKNOWN,NONE,NO INDICATION OF INJURY,IMPROPER BACKING,UNKNOWN,UNKNOWN,,,,,2022-05-03 19:00:00,30,RAIN,DAYLIGHT,FIXED OBJECT,NOT DIVIDED,WET,NO DEFECTS,ON SCENE,NO INJURY / DRIVE AWAY,Y,"OVER $1,500",05/03/2022 07:05:00 PM,UNABLE TO DETERMINE,NOT APPLICABLE,,1,NO INDICATION OF INJURY,0.0,0.0,0.0,0.0,0.0,1.0,0.0,19,3,5,41.827952371,-87.6998066,POINT (-87.699806599809 41.82795237124),POINT (1156914.1130052705 1880532.7287979133),2022,3602 S SACRAMENTO AVE
P285313,PASSENGER,c9923ebdb33f342f9b28be7b3803fabf9c96b2b7aa32f9b495bb37693c2165d61ec5e15d820dc71387bdde14371c3e762de9c113ab53532af4f57599912ee518,1215406.0,F,,DID NOT DEPLOY,NONE,NO INDICATION OF INJURY,,,,,,,,2022-02-11 21:30:00,30,CLEAR,"DARKNESS, LIGHTED ROAD",REAR END,NOT DIVIDED,WET,UNKNOWN,NOT ON SCENE (DESK REPORT),NO INJURY / DRIVE AWAY,,"OVER $1,500",02/11/2022 09:45:00 PM,UNABLE TO DETERMINE,UNABLE TO DETERMINE,,2,NO INDICATION OF INJURY,0.0,0.0,0.0,0.0,0.0,4.0,0.0,21,6,2,41.786533454,-87.67424315,POINT (-87.674243150013 41.786533453836),POINT (1163997.062900812 1865492.3269894288),2022,5900 S DAMEN AVE
O1389235,DRIVER,20509f866b2556dcb2d85ffebe62e076a46f50f775777868214d712efda34e51d45ae08c5c4ba22d82343efd42a080de43a5b672548f9fe4b16cbc655f24f82f,1320017.0,F,22.0,DID NOT DEPLOY,NONE,NO INDICATION OF INJURY,UNKNOWN,UNKNOWN,NORMAL,,,,,2022-07-30 16:29:00,30,CLEAR,DAYLIGHT,ANGLE,DIVIDED - W/MEDIAN (NOT RAISED),DRY,NO DEFECTS,ON SCENE,NO INJURY / DRIVE AWAY,,"OVER $1,500",07/30/2022 04:29:00 PM,UNABLE TO DETERMINE,NOT APPLICABLE,,2,NO INDICATION OF INJURY,0.0,0.0,0.0,0.0,0.0,4.0,0.0,16,7,7,41.935383714,-87.727225603,POINT (-87.72722560283 41.935383714398),POINT (1149164.7073716742 1919626.6388460086),2022,2960 N PULASKI RD
O1361703,DRIVER,bf21bbca26f5a29e3cbc526206dca84476e10a100596ab3f132fd654cc7edd613d72c8150e5f478e3c2492230caf503eff16923fdd02dfecb6cc84ad16e5b178,1293879.0,X,,DEPLOYMENT UNKNOWN,UNKNOWN,NO INDICATION OF INJURY,UNKNOWN,UNKNOWN,UNKNOWN,,,,,2022-06-19 08:30:00,20,CLEAR,DAYLIGHT,PARKED MOTOR VEHICLE,PARKING LOT,DRY,NO DEFECTS,NOT ON SCENE (DESK REPORT),NO INJURY / DRIVE AWAY,Y,$500 OR LESS,06/19/2022 09:00:00 AM,IMPROPER BACKING,UNABLE TO DETERMINE,,2,NO INDICATION OF INJURY,0.0,0.0,0.0,0.0,0.0,1.0,0.0,8,1,6,41.820583041,-87.693426166,POINT (-87.693426165962 41.820583040659),POINT (1158673.0725754956 1877860.2682896233),2022,4023 S ARCHER AVE
O1400162,DRIVER,5fbf2e88e9d6bb04b7f592b734906347df91ef93d7ca64e4159033a25f660e504f81fa632cb8839c960ddd9651408b170be503bd968291b25d7866d3a36ae51e,1330485.0,M,,DEPLOYMENT UNKNOWN,UNKNOWN,NO INDICATION OF INJURY,UNKNOWN,UNKNOWN,UNKNOWN,,,,,2022-08-16 17:38:00,30,CLEAR,DAYLIGHT,OTHER OBJECT,OTHER,DRY,NO DEFECTS,ON SCENE,INJURY AND / OR TOW DUE TO CRASH,Y,"OVER $1,500",08/16/2022 05:46:00 PM,UNABLE TO DETERMINE,UNABLE TO DETERMINE,,1,NO INDICATION OF INJURY,0.0,0.0,0.0,0.0,0.0,2.0,0.0,17,3,8,41.740039422,-87.616385162,POINT (-87.616385161683 41.740039422457),POINT (1179917.3919958884 1848676.5395478958),2022,8500 S CALUMET AVE
O1416188,DRIVER,12ab7f1d1639e27bec8c4ca79495b7f6e5c01d11759f200f7d9275353b870efed1e6ad21ecaf0f45f0549e1170c8e1141f365e8af196a3e26f051447c561a42e,1345821.0,M,34.0,DID NOT DEPLOY,NONE,NO INDICATION OF INJURY,NONE,UNKNOWN,UNKNOWN,,,,,2022-09-09 13:45:00,35,CLEAR,DAYLIGHT,SIDESWIPE SAME DIRECTION,OTHER,UNKNOWN,UNKNOWN,NOT ON SCENE (DESK REPORT),NO INJURY / DRIVE AWAY,,"$501 - $1,500",09/09/2022 02:25:00 PM,UNABLE TO DETERMINE,NOT APPLICABLE,,2,NO INDICATION OF INJURY,0.0,0.0,0.0,0.0,0.0,2.0,0.0,13,6,9,41.75057506,-87.647828327,POINT (-87.647828326651 41.750575059612),POINT (1171305.383244061 1852445.702331288),2022,7900 S SANGAMON ST
O1483150,DRIVER,f32e1436e29aa515e2a3e851d996a276afb63a4ed39f393d827959251c7515210e4fc37ae0eb0453cbf528f6a23782f24da91e064860372c3789f62c4571e34d,1409825.0,F,29.0,"DEPLOYED, FRONT",NONE,NONINCAPACITATING INJURY,FAILED TO YIELD,UNKNOWN,NORMAL,,,,,2022-12-17 16:37:00,30,CLEAR,DUSK,TURNING,DIVIDED - W/MEDIAN BARRIER,ICE,NO DEFECTS,ON SCENE,INJURY AND / OR TOW DUE TO CRASH,,"OVER $1,500",12/17/2022 04:42:00 PM,FAILING TO YIELD RIGHT-OF-WAY,UNABLE TO DETERMINE,,3,NONINCAPACITATING INJURY,1.0,0.0,0.0,1.0,0.0,3.0,0.0,16,7,12,41.775140858,-87.586441972,POINT (-87.586441971694 41.775140857742),POINT (1187978.4029965217 1861536.723658559),2022,6600 S STONY ISLAND AVE
O1450945,DRIVER,26b4810bff15297ee1b83e27052acd628b2eb79851e9ed5bb0e3716f70fa4ec562d1266f6cfa5b555847ac37a3092178b23504d8615d9639e910f03406d0cf1c,1385360.0,M,52.0,DEPLOYMENT UNKNOWN,NONE,NO INDICATION OF INJURY,NONE,UNKNOWN,UNKNOWN,,,,,2022-10-29 08:00:00,30,CLEAR,DAYLIGHT,SIDESWIPE SAME DIRECTION,NOT DIVIDED,DRY,NO DEFECTS,NOT ON SCENE (DESK REPORT),NO INJURY / DRIVE AWAY,,"$501 - $1,500",10/29/2022 11:00:00 AM,UNABLE TO DETERMINE,UNABLE TO DETERMINE,,2,NO INDICATION OF INJURY,0.0,0.0,0.0,0.0,0.0,2.0,0.0,8,7,10,41.872164396,-87.630755777,POINT (-87.630755776917 41.872164396052),POINT (1175601.8116895533 1896789.816476451),2022,800 S CLARK ST
O1420534,DRIVER,acfcf8f9e3be9882cf2e789bb83fe3730795144ba4d6adfc6b6d7a694017c6c89a5415906fd64a962edb019d4bd35880c965b4ccdf5dd2e7a81887099c1ab9ea,1349968.0,M,27.0,"DEPLOYED, COMBINATION",NONE,NO INDICATION OF INJURY,DISREGARDED CONTROL DEVICES,UNKNOWN,UNKNOWN,,,,,2022-09-16 01:58:00,30,CLEAR,DARKNESS,TURNING,DIVIDED - W/MEDIAN (NOT RAISED),DRY,NO DEFECTS,ON SCENE,INJURY AND / OR TOW DUE TO CRASH,,"OVER $1,500",09/16/2022 02:05:00 AM,FAILING TO YIELD RIGHT-OF-WAY,NOT APPLICABLE,,2,"REPORTED, NOT EVIDENT",2.0,0.0,0.0,0.0,2.0,4.0,0.0,1,6,9,41.867590012,-87.618808242,POINT (-87.618808242223 41.86759001246),POINT (1178869.6984167846 1895149.778140516),2022,398 E ROOSEVELT DR
O1319734,DRIVER,9e456468c888a33cc6ff8a70f1fb8bf39246bffd16b14a94f182638702a890cbb0952f2618a9e0e3a3a6e19c05b6cdf19a9327fc21aae82e0dd4ed5ac7132e21,1253500.0,M,62.0,DID NOT DEPLOY,NONE,NO INDICATION OF INJURY,NONE,NOT OBSCURED,NORMAL,,,,Y,2022-04-19 05:21:00,30,CLEAR,DAWN,REAR END,NOT DIVIDED,DRY,NO DEFECTS,ON SCENE,NO INJURY / DRIVE AWAY,,"OVER $1,500",04/19/2022 05:22:00 AM,NOT APPLICABLE,NOT APPLICABLE,,2,NO INDICATION OF INJURY,0.0,0.0,0.0,0.0,0.0,2.0,0.0,5,3,4,41.780291393,-87.618820231,POINT (-87.618820231187 41.780291393174),POINT (1179130.9873582975 1863338.5005963142),2022,300 E 63RD ST
O1364544,DRIVER,7097bc2e382ee7c891cfaa373c4c25796a9c9768e7cccae53cd98922602f7b4a0f36b0949842c4360a4b4f2d64a314cb8bf7d143a87ab0bbd8731034417eb36c,1296554.0,F,22.0,DID NOT DEPLOY,NONE,NO INDICATION OF INJURY,NONE,NOT OBSCURED,NORMAL,,,,,2022-06-22 22:30:00,30,CLEAR,DAYLIGHT,REAR TO SIDE,NOT DIVIDED,DRY,NO DEFECTS,NOT ON SCENE (DESK REPORT),NO INJURY / DRIVE AWAY,,"OVER $1,500",06/23/2022 10:00:00 AM,DRIVING SKILLS/KNOWLEDGE/EXPERIENCE,NOT APPLICABLE,,2,NO INDICATION OF INJURY,0.0,0.0,0.0,0.0,0.0,2.0,0.0,22,4,6,42.009289995,-87.662290262,POINT (-87.66229026237 42.009289995314),POINT (1166621.9695580576 1946690.0416537053),2022,1204 W LUNT AVE
O1283232,DRIVER,c3a160f23afc3fdf345cd13ba7f19a84d63fcdc8001e13d4cc62d265f83560828da83e62469f9cbed3cf2d349870fddfe1974439a8840ef5494591d467822051,1218428.0,M,57.0,NOT APPLICABLE,NONE,NO INDICATION OF INJURY,NONE,NOT OBSCURED,NORMAL,,,,Y,2022-02-17 15:20:00,25,SNOW,DAYLIGHT,ANGLE,ONE-WAY,SNOW OR SLUSH,NO DEFECTS,ON SCENE,INJURY AND / OR TOW DUE TO CRASH,Y,"OVER $1,500",02/17/2022 03:30:00 PM,FAILING TO YIELD RIGHT-OF-WAY,FAILING TO REDUCE SPEED TO AVOID CRASH,,2,NO INDICATION OF INJURY,0.0,0.0,0.0,0.0,0.0,2.0,0.0,15,5,2,41.759251503,-87.571388179,POINT (-87.571388179033 41.759251502973),POINT (1192135.9217262114 1855782.7809506257),2022,7450 S PAXTON AVE
O1474496,DRIVER,9c9d53d159bcd0a56570ef697bc223b3ec3888731bf0dc07b47b842a70bf63c7fb7730b22dcc06e84d3942dab3891004f14acc15fbf16fe6b38d8696f48e00d0,1401499.0,F,,DEPLOYMENT UNKNOWN,NONE,NO INDICATION OF INJURY,FOLLOWED TOO CLOSELY,UNKNOWN,UNKNOWN,,,,,2022-12-04 17:45:00,30,CLEAR,"DARKNESS, LIGHTED ROAD",REAR END,T-INTERSECTION,DRY,NO DEFECTS,ON SCENE,NO INJURY / DRIVE AWAY,Y,"OVER $1,500",12/04/2022 05:48:00 PM,FOLLOWING TOO CLOSELY,NOT APPLICABLE,,2,NO INDICATION OF INJURY,0.0,0.0,0.0,0.0,0.0,3.0,0.0,17,1,12,41.735544735,-87.672801281,POINT (-87.672801280906 41.735544734727),POINT (1164532.9584263368 1846915.4945697724),2022,2001 W 87TH ST
O1372913,DRIVER,e8f19188f869e5678573f31a36e583ae58f49eb0dc74e5e5747788d2c47a3de2668be059985f773a4f629ec00be1e21064ec9924dcf639b540bd020d064dd320,1304547.0,M,22.0,NOT APPLICABLE,NONE,NO INDICATION OF INJURY,IMPROPER LANE CHANGE,NOT OBSCURED,NORMAL,,,,,2022-07-05 17:05:00,30,CLEAR,DAYLIGHT,SIDESWIPE SAME DIRECTION,FOUR WAY,DRY,NO DEFECTS,NOT ON SCENE (DESK REPORT),NO INJURY / DRIVE AWAY,,"OVER $1,500",07/05/2022 07:00:00 PM,FAILING TO YIELD RIGHT-OF-WAY,IMPROPER OVERTAKING/PASSING,,2,NO INDICATION OF INJURY,0.0,0.0,0.0,0.0,0.0,2.0,0.0,17,3,7,41.954716872,-87.647047153,POINT (-87.6470471535 41.954716872012),POINT (1170924.0096334417 1926836.1383614684),2022,658 W IRVING PARK RD
P287405,PASSENGER,7bab037e88621e95bcc2e00ff05be8300abdb223e9e5c3a1af52e77f4536713d663a6773d94e33ce38d4f5aa232004fc7ce0eed979a34c72328f00285dee8c67,1225261.0,F,16.0,DEPLOYMENT UNKNOWN,UNKNOWN,NO INDICATION OF INJURY,,,,,,,,2022-02-28 20:35:00,30,CLEAR,"DARKNESS, LIGHTED ROAD",TURNING,DIVIDED - W/MEDIAN (NOT RAISED),DRY,NO DEFECTS,NOT ON SCENE (DESK REPORT),INJURY AND / OR TOW DUE TO CRASH,,"OVER $1,500",02/28/2022 08:36:00 PM,UNABLE TO DETERMINE,UNABLE TO DETERMINE,,2,NONINCAPACITATING INJURY,2.0,0.0,0.0,2.0,0.0,2.0,0.0,20,2,2,41.727266778,-87.662673697,POINT (-87.662673697021 41.727266778307),POINT (1167320.6581300609 1843920.470436048),2022,9141 S ASHLAND AVE
P286484,PASSENGER,1369536b18237ed48a2fa09b4c02c2149b2ae5d022cc4f356cc4fbb5db4168fc2c69d8a8151989cbe030e26a783b3cb0bd3264e4306ffc7511642e7bd5314cfd,1220884.0,M,,DID NOT DEPLOY,NONE,NO INDICATION OF INJURY,,,,,,,,2022-02-20 08:30:00,30,CLEAR,DAYLIGHT,PARKED MOTOR VEHICLE,NOT DIVIDED,DRY,NO DEFECTS,NOT ON SCENE (DESK REPORT),NO INJURY / DRIVE AWAY,Y,"OVER $1,500",02/21/2022 01:15:00 PM,UNABLE TO DETERMINE,UNABLE TO DETERMINE,,2,NO INDICATION OF INJURY,0.0,0.0,0.0,0.0,0.0,4.0,0.0,8,1,2,41.887113543,-87.75575353,POINT (-87.755753529641 41.887113542992),POINT (1141521.0153801031 1901983.3932642913),2022,5209 W LAKE ST
O1475249,DRIVER,56c1d7271bd0d875bf46713f492b5fcd269ed15c8bb44a22b11aadb8dbaaf37429e361edf48a6da09b279fd65bd584b6ddbdd79e642d157e48a52a15834775ae,1402230.0,M,64.0,"DEPLOYED, FRONT",NONE,NO INDICATION OF INJURY,UNKNOWN,UNKNOWN,UNKNOWN,,,,,2022-12-05 23:19:00,45,CLEAR,"DARKNESS, LIGHTED ROAD",REAR END,DIVIDED - W/MEDIAN BARRIER,DRY,NO DEFECTS,ON SCENE,INJURY AND / OR TOW DUE TO CRASH,,"OVER $1,500",12/05/2022 11:19:00 PM,UNABLE TO DETERMINE,NOT APPLICABLE,,2,NO INDICATION OF INJURY,0.0,0.0,0.0,0.0,0.0,2.0,0.0,23,2,12,41.902447942,-87.624360193,POINT (-87.624360192757 41.902447941794),POINT (1177252.5279413485 1907839.4547369166),2022,1059 N LAKE SHORE DR
O1339820,DRIVER,dfaa8acaa11969292a679f28ec175e7b9b25c2a0d3b21f6ca76d30ebe97dda98cd4a2f5518a63a0a41805829c2650b773bff848b0c81109ffa0ba355d536e789,1272867.0,F,31.0,DID NOT DEPLOY,NONE,NO INDICATION OF INJURY,NONE,NOT OBSCURED,NORMAL,,,,,2022-05-17 14:30:00,30,CLEAR,DAYLIGHT,REAR END,DIVIDED - W/MEDIAN (NOT RAISED),DRY,NO DEFECTS,NOT ON SCENE (DESK REPORT),NO INJURY / DRIVE AWAY,,$500 OR LESS,05/18/2022 11:00:00 AM,UNABLE TO DETERMINE,UNABLE TO DETERMINE,,2,NO INDICATION OF INJURY,0.0,0.0,0.0,0.0,0.0,2.0,0.0,14,3,5,41.897846397,-87.746746447,POINT (-87.746746447226 41.897846396856),POINT (1143946.8539370862 1905911.0717073674),2022,4820 W WALTON ST
P282251,PASSENGER,4886e7401e8e3a5b9d1ba4b6089a6284e75c1f4a00aa8b7379a4c1372da939409d5be198520d7f25efba10b519a371460fde75c66dd35d1ad69f751e93ae4d4a,1200100.0,F,30.0,NOT APPLICABLE,NONE,NO INDICATION OF INJURY,,,,,,,,2022-01-16 20:29:00,30,SNOW,"DARKNESS, LIGHTED ROAD",TURNING,DIVIDED - W/MEDIAN (NOT RAISED),SNOW OR SLUSH,NO DEFECTS,ON SCENE,NO INJURY / DRIVE AWAY,,"OVER $1,500",01/16/2022 08:48:00 PM,IMPROPER TURNING/NO SIGNAL,FAILING TO YIELD RIGHT-OF-WAY,,2,NO INDICATION OF INJURY,0.0,0.0,0.0,0.0,0.0,3.0,0.0,20,1,1,41.934689199,-87.697547191,POINT (-87.697547191107 41.934689199351),POINT (1157241.7624325862 1919432.0441736106),2022,2923 N CALIFORNIA AVE
O1329812,DRIVER,84201ef520bfb9ddbf3c37c814cec227c5c41cfb29744a29f115a02bf447ebe665452bccd832b13f8c09e28341949a9754dd0b86fe8f027b760e8aa8765d9892,1263260.0,F,,DID NOT DEPLOY,NONE,NO INDICATION OF INJURY,NONE,NOT OBSCURED,NORMAL,,,,,2022-05-04 15:35:00,35,CLEAR,DAYLIGHT,REAR END,DIVIDED - W/MEDIAN (NOT RAISED),DRY,NO DEFECTS,ON SCENE,NO INJURY / DRIVE AWAY,,"OVER $1,500",05/04/2022 03:39:00 PM,FOLLOWING TOO CLOSELY,NOT APPLICABLE,,2,NO INDICATION OF INJURY,0.0,0.0,0.0,0.0,0.0,2.0,0.0,15,4,5,41.97230888,-87.659905676,POINT (-87.659905675941 41.972308880454),POINT (1167376.0120576303 1933218.9932717418),2022,4926 N BROADWAY
P296431,PASSENGER,0be81fc046b91f3e46dca3aa1f61bb34b4948031f942198ff1988192d6011cc7e84aabbb6b7fa6e249e9699e8ed6193f5a987de3e66e2c041f431a8226a621d5,1265833.0,M,20.0,DID NOT DEPLOY,NONE,NO INDICATION OF INJURY,,,,,,,,2022-05-08 00:35:00,30,CLEAR,"DARKNESS, LIGHTED ROAD",REAR END,NOT DIVIDED,DRY,NO DEFECTS,ON SCENE,NO INJURY / DRIVE AWAY,Y,$500 OR LESS,05/08/2022 12:38:00 AM,FOLLOWING TOO CLOSELY,DRIVING SKILLS/KNOWLEDGE/EXPERIENCE,,2,NO INDICATION OF INJURY,0.0,0.0,0.0,0.0,0.0,4.0,0.0,0,1,5,41.996835303,-87.787319258,POINT (-87.787319258213 41.996835303234),POINT (1132671.1776194393 1941909.9426921252),2022,6345 N NAGLE AVE
O1317349,DRIVER,3a2006aa3f1bf4739329e3e7612361d30a46670410aec7cc4f86d7cd5378a94cd57ff65462922a63c7ee88b39b7af23c4d4ba16b1b98586a0112ff77f7f68ae7,1251232.0,F,48.0,NOT APPLICABLE,NONE,NO INDICATION OF INJURY,UNKNOWN,UNKNOWN,NORMAL,,,,,2022-04-14 14:55:00,30,CLEAR,DAYLIGHT,REAR END,T-INTERSECTION,DRY,UNKNOWN,NOT ON SCENE (DESK REPORT),NO INJURY / DRIVE AWAY,,"OVER $1,500",04/14/2022 03:33:00 PM,DISTRACTION - FROM OUTSIDE VEHICLE,FOLLOWING TOO CLOSELY,,2,NO INDICATION OF INJURY,0.0,0.0,0.0,0.0,0.0,2.0,0.0,14,5,4,41.666768159,-87.544645716,POINT (-87.544645716046 41.666768159237),POINT (1199740.9649700224 1822148.5753383497),2022,12562 S BURLEY AVE
O1466910,DRIVER,0158113d7f2e9fb2687cc59154c72df9f2f2dcfa79e4d1a73a9310fa892c7981ed466a9516db3fc3fb3aca6cb8f4e574785153970c38012d2bed9d05a6a09d7b,1394275.0,M,,DID NOT DEPLOY,NONE,NO INDICATION OF INJURY,UNKNOWN,UNKNOWN,UNKNOWN,,,,,2022-11-19 18:11:00,15,CLEAR,DUSK,PARKED MOTOR VEHICLE,ONE-WAY,DRY,NO DEFECTS,,NO INJURY / DRIVE AWAY,Y,"$501 - $1,500",11/19/2022 06:20:00 PM,UNABLE TO DETERMINE,NOT APPLICABLE,,2,NO INDICATION OF INJURY,0.0,0.0,0.0,0.0,0.0,1.0,0.0,18,7,11,41.77837751,-87.613016373,POINT (-87.613016373487 41.778377510157),POINT (1180719.820958351 1862654.3018880095),2022,6401 S EBERHART AVE
O1421734,DRIVER,7a2e3454c363f9dee32acab2906af45f9e56a8fc75762bf3c45a2299147f83647fedc6e462453d469c7baa5c447131207c2bcb5666d2b8deaa6d10e4ea8b2395,1351122.0,F,72.0,NOT APPLICABLE,NONE,NO INDICATION OF INJURY,IMPROPER PARKING,UNKNOWN,NORMAL,,,,,2022-09-17 11:30:00,0,CLEAR,DAYLIGHT,PARKED MOTOR VEHICLE,PARKING LOT,DRY,NO DEFECTS,ON SCENE,NO INJURY / DRIVE AWAY,,"OVER $1,500",09/17/2022 11:40:00 AM,UNABLE TO DETERMINE,UNABLE TO DETERMINE,,2,NO INDICATION OF INJURY,0.0,0.0,0.0,0.0,0.0,1.0,0.0,11,7,9,41.740407901,-87.673047655,POINT (-87.673047655475 41.740407900671),POINT (1164452.1176671018 1848687.0673069407),2022,8422 S DAMEN AVE
O1384514,DRIVER,68578e59414e6c52bbce17d3e854b6dd1666a896eea5e3eee6fe9c6f7acf8cf43b749c1ffd1910f1654f635f1b223c2870162ee243a628e922ff1ad50c32098b,1315504.0,M,67.0,DID NOT DEPLOY,NONE,NO INDICATION OF INJURY,FAILED TO YIELD,UNKNOWN,UNKNOWN,,,,,2022-07-23 11:45:00,30,CLEAR,DAYLIGHT,REAR END,NOT DIVIDED,DRY,NO DEFECTS,ON SCENE,NO INJURY / DRIVE AWAY,,"$501 - $1,500",07/23/2022 12:00:00 PM,FOLLOWING TOO CLOSELY,FOLLOWING TOO CLOSELY,,2,NO INDICATION OF INJURY,0.0,0.0,0.0,0.0,0.0,2.0,0.0,11,7,7,41.996027563,-87.764253591,POINT (-87.764253590677 41.996027563389),POINT (1138943.01848314 1941656.4219192232),2022,6320 N CALDWELL AVE
O1486953,DRIVER,aef060b4ce52cc6a22347e3869e7f0c1e25acccaed5f722815c52f4254e788316f18140c7bb01f4999cebae4aa2ccac18e9877904f35d4201ed5bcbef147db30,1413493.0,F,21.0,DID NOT DEPLOY,NONE,NO INDICATION OF INJURY,NONE,NOT OBSCURED,NORMAL,,,,,2022-12-23 16:55:00,30,CLEAR,DARKNESS,ANGLE,DIVIDED - W/MEDIAN (NOT RAISED),SNOW OR SLUSH,NO DEFECTS,ON SCENE,NO INJURY / DRIVE AWAY,,"OVER $1,500",12/23/2022 04:58:00 PM,EQUIPMENT - VEHICLE CONDITION,UNABLE TO DETERMINE,,2,NO INDICATION OF INJURY,0.0,0.0,0.0,0.0,0.0,3.0,0.0,16,6,12,41.801080204,-87.683818209,POINT (-87.683818208889 41.801080203554),POINT (1161345.691274856 1870773.1938520218),2022,5100 S WESTERN BLVD
P296777,PASSENGER,e58276ed26ededb1d43be76ec81e9fe891599833adcc2013ae3f7a0f98b613af0a09e380df09bf7f5e030c870015d7c6b0027a3287411f8c933a308a8cc7ad87,1267379.0,M,3.0,NOT APPLICABLE,NONE,NO INDICATION OF INJURY,,,,,,,,2022-05-10 10:45:00,30,CLEAR,DAYLIGHT,SIDESWIPE OPPOSITE DIRECTION,DIVIDED - W/MEDIAN (NOT RAISED),DRY,NO DEFECTS,ON SCENE,INJURY AND / OR TOW DUE TO CRASH,,"OVER $1,500",05/10/2022 10:50:00 AM,IMPROPER LANE USAGE,DRIVING SKILLS/KNOWLEDGE/EXPERIENCE,,4,NO INDICATION OF INJURY,0.0,0.0,0.0,0.0,0.0,8.0,0.0,10,3,5,41.911052377,-87.633404264,POINT (-87.633404264487 41.911052377332),POINT (1174764.8777819034 1910954.7005096187),2022,145 W NORTH AVE
O1486344,DRIVER,a9b280d4975a0deb697d6c2ce9eb9357a94a24f00c6762308613f20d2cf52dab5243c11629103014224e0e92268be031f31ce8548f221066de9c4e876a0e8b72,1412891.0,M,17.0,DID NOT DEPLOY,NONE,NO INDICATION OF INJURY,OTHER,NOT OBSCURED,NORMAL,,,,,2022-12-22 15:15:00,30,BLOWING SNOW,"DARKNESS, LIGHTED ROAD",TURNING,NOT DIVIDED,SNOW OR SLUSH,NO DEFECTS,ON SCENE,NO INJURY / DRIVE AWAY,,$500 OR LESS,12/22/2022 04:12:00 PM,WEATHER,WEATHER,,2,NO INDICATION OF INJURY,0.0,0.0,0.0,0.0,0.0,2.0,0.0,15,5,12,41.84015899,-87.661110975,POINT (-87.661110975349 41.840158989777),POINT (1167425.6297471828 1885060.9192719823),2022,2999 S LOCK ST
O1351433,DRIVER,034aa9dc118f49d241455257cdafe8463b4c976d068b1dee81858cacd10d897adbbef9b9734f0958025e10295e3174de3a59561d064968ec904847fa5cad5c68,1284003.0,X,,DEPLOYMENT UNKNOWN,NONE,NO INDICATION OF INJURY,IMPROPER TURN,UNKNOWN,UNKNOWN,,,,,2022-06-04 17:10:00,30,CLOUDY/OVERCAST,DAYLIGHT,TURNING,NOT DIVIDED,DRY,NO DEFECTS,ON SCENE,INJURY AND / OR TOW DUE TO CRASH,,"OVER $1,500",06/04/2022 05:13:00 PM,IMPROPER TURNING/NO SIGNAL,FAILING TO YIELD RIGHT-OF-WAY,,3,"REPORTED, NOT EVIDENT",2.0,0.0,0.0,0.0,2.0,2.0,0.0,17,7,6,41.986263924,-87.787524736,POINT (-87.787524735816 41.986263924326),POINT (1132639.8751422325 1938057.3227528313),2022,5753 N NAGLE AVE