PERSON_ID,PERSON_TYPE,CRASH_RECORD_ID,VEHICLE_ID,SEX,AGE,AIRBAG_DEPLOYED,EJECTION,INJURY_CLASSIFICATION,DRIVER_ACTION,DRIVER_VISION,PHYSICAL_CONDITION,PEDPEDAL_ACTION,PEDPEDAL_VISIBILITY,PEDPEDAL_LOCATION,CRASH_DATE_EST_I,CRASH_DATE,POSTED_SPEED_LIMIT,WEATHER_CONDITION,LIGHTING_CONDITION,FIRST_CRASH_TYPE,TRAFFICWAY_TYPE,ROADWAY_SURFACE_COND,ROAD_DEFECT,REPORT_TYPE,CRASH_TYPE,HIT_AND_RUN_I,DAMAGE,DATE_POLICE_NOTIFIED,PRIM_CONTRIBUTORY_CAUSE,SEC_CONTRIBUTORY_CAUSE,DOORING_I,NUM_UNITS,MOST_SEVERE_INJURY,INJURIES_TOTAL,INJURIES_FATAL,INJURIES_INCAPACITATING,INJURIES_NON_INCAPACITATING,INJURIES_REPORTED_NOT_EVIDENT,INJURIES_NO_INDICATION,INJURIES_UNKNOWN,CRASH_HOUR,CRASH_DAY_OF_WEEK,CRASH_MONTH,LATITUDE,LONGITUDE,LOCATION,geometry,YEAR,ADDRESS
O1390450,DRIVER,d9c02a89e0cf48de8d1599177ad871b31c6e0d0a3ecef601909d0d6edb0d6cf97f856ef8ae3739cd0405c527fd25bebf011170af21d14bfc6c11ae6dc8feb1eb,1321182.0,M,51.0,"DEPLOYED, FRONT",NONE,NO INDICATION OF INJURY,FAILED TO YIELD,UNKNOWN,NORMAL,,,,,2022-08-01 13:45:00,30,CLEAR,DAYLIGHT,TURNING,NOT DIVIDED,DRY,NO DEFECTS,ON SCENE,INJURY AND / OR TOW DUE TO CRASH,,"OVER $1,500",08/01/2022 01:45:00 PM,FAILING TO YIELD RIGHT-OF-WAY,FAILING TO REDUCE SPEED TO AVOID CRASH,,2,NO INDICATION OF INJURY,0.0,0.0,0.0,0.0,0.0,2.0,0.0,13,2,8,41.790952616,-87.625752463,POINT (-87.625752462886 41.790952615603),POINT (1177208.2632860127 1867207.7444093938),2022,5700 S STATE ST
O1347421,DRIVER,533d0342a5cba997bf2e43eb63e8357ee14cb04caab0c8e7d8cb59525704c85664321e5aecf94b61c027c1c6e5313d5b638fed3eacd4f7f0ef6eb794e06b00ae,1280211.0,F,54.0,NOT APPLICABLE,NONE,NO INDICATION OF INJURY,NONE,NOT OBSCURED,NORMAL,,,,,2022-05-29 18:14:00,30,CLEAR,DAYLIGHT,TURNING,NOT DIVIDED,DRY,NO DEFECTS,ON SCENE,INJURY AND / OR TOW DUE TO CRASH,,"OVER $1,500",05/29/2022 06:14:00 PM,IMPROPER TURNING/NO SIGNAL,NOT APPLICABLE,,3,NONINCAPACITATING INJURY,1.0,0.0,0.0,1.0,0.0,6.0,0.0,18,1,5,41.794118646,-87.664438444,POINT (-87.664438443865 41.794118646229),POINT (1166649.5113297256 1868276.9702950513),2022,5463 S ASHLAND AVE
O1261580,DRIVER,2c99d30f81b1d6aa0d3cd4257a3ca543b00dd816e51f941cae36e62435f726fb24aeff094b68ebec07866a90f52f5c3d549a2bd4d647b4f7fe34eb6349a6de12,1197581.0,F,,DID NOT DEPLOY,NONE,NO INDICATION OF INJURY,FOLLOWED TOO CLOSELY,UNKNOWN,UNKNOWN,,,,,2022-01-07 19:26:00,30,SNOW,DARKNESS,REAR END,UNKNOWN,SNOW OR SLUSH,UNKNOWN,NOT ON SCENE (DESK REPORT),NO INJURY / DRIVE AWAY,Y,"$501 - $1,500",01/12/2022 01:20:00 PM,FOLLOWING TOO CLOSELY,FOLLOWING TOO CLOSELY,,2,NO INDICATION OF INJURY,0.0,0.0,0.0,0.0,0.0,2.0,0.0,19,6,1,41.853323705,-87.729405563,POINT (-87.729405563139 41.853323705299),POINT (1148782.0420888388 1889719.8411396288),2022,4155 W 21ST ST
O1400554,DRIVER,8fa11c1fab609cd3e8f4141dbd512c6b894cfe242e10054b8e698759a1da335ba7727eb78e3c4c584d0721708c58727d25574f59035ba9ccc76cc39d32abae39,1330854.0,F,16.0,DID NOT DEPLOY,NONE,NO INDICATION OF INJURY,NONE,UNKNOWN,UNKNOWN,,,,,2022-08-12 14:40:00,30,CLEAR,DAYLIGHT,SIDESWIPE SAME DIRECTION,DIVIDED - W/MEDIAN (NOT RAISED),DRY,NO DEFECTS,NOT ON SCENE (DESK REPORT),NO INJURY / DRIVE AWAY,,"OVER $1,500",08/17/2022 02:25:00 PM,IMPROPER LANE USAGE,NOT APPLICABLE,,2,NO INDICATION OF INJURY,0.0,0.0,0.0,0.0,0.0,2.0,0.0,14,6,8,41.977523089,-87.80685761,POINT (-87.806857610156 41.977523088519),POINT (1127403.376640941 1934839.2221001089),2022,5311 N HARLEM AVE
O1365837,DRIVER,97edf05370931de44e59dc154236c250fa088c54824aba4f7199020d1717b826a8d62b6c30bc2e4e8fd2ea21e41e7d6df96014e11b5b1da2fb053ca5a6412064,1297798.0,M,25.0,"DEPLOYED, FRONT",NONE,NO INDICATION OF INJURY,FOLLOWED TOO CLOSELY,NOT OBSCURED,NORMAL,,,,,2022-06-24 22:30:00,30,CLEAR,"DARKNESS, LIGHTED ROAD",REAR END,NOT DIVIDED,DRY,NO DEFECTS,ON SCENE,INJURY AND / OR TOW DUE TO CRASH,,"OVER $1,500",06/24/2022 10:32:00 PM,FOLLOWING TOO CLOSELY,UNABLE TO DETERMINE,,3,NO INDICATION OF INJURY,0.0,0.0,0.0,0.0,0.0,3.0,0.0,22,6,6,41.961366489,-87.727986678,POINT (-87.727986678074 41.961366489024),POINT (1148890.755542966 1929093.3699081158),2022,4412 N PULASKI RD
O1373915,DRIVER,f3295bdfb9973540415a7a15c8bb2122b839096ec4032ce05c8d534786304161651a8aadc15a66f6ab7f9bbea9c0fa476a6938824510b5fdcecb33bea5c7aa55,1305542.0,M,44.0,"DEPLOYED, FRONT",NONE,NO INDICATION OF INJURY,FOLLOWED TOO CLOSELY,UNKNOWN,NORMAL,,,,,2022-07-04 19:05:00,55,CLEAR,DAYLIGHT,REAR END,DIVIDED - W/MEDIAN BARRIER,DRY,NO DEFECTS,ON SCENE,INJURY AND / OR TOW DUE TO CRASH,,"OVER $1,500",07/04/2022 07:27:00 PM,FOLLOWING TOO CLOSELY,FAILING TO REDUCE SPEED TO AVOID CRASH,,4,NO INDICATION OF INJURY,0.0,0.0,0.0,0.0,0.0,4.0,0.0,19,2,7,41.772813565,-87.618003669,POINT (-87.61800366863 41.772813565463),POINT (1179376.369259977 1860615.4853957426),2022,6700 S CHICAGO SKYWAY IB
O1490727,DRIVER,ab8f2ef4f5f16a903bba24fae3b6713d4007f8f28beea984a2a14eca344326e4b2e89714585496ed726abeb67c64362bcfdd75902a392da0e5d435ee20b869ab,1417098.0,F,36.0,DID NOT DEPLOY,NONE,NO INDICATION OF INJURY,UNKNOWN,NOT OBSCURED,NORMAL,,,,,2022-12-30 15:18:00,30,CLEAR,DAYLIGHT,REAR END,OTHER,DRY,UNKNOWN,ON SCENE,NO INJURY / DRIVE AWAY,Y,"$501 - $1,500",12/30/2022 03:34:00 PM,UNABLE TO DETERMINE,UNABLE TO DETERMINE,,2,NO INDICATION OF INJURY,0.0,0.0,0.0,0.0,0.0,2.0,0.0,15,6,12,41.896586842,-87.631097562,POINT (-87.631097562419 41.896586842475),POINT (1175435.8978483353 1905688.581575581),2022,799 N CLARK ST
P315716,PASSENGER,ec9ce33882ebbc9054171f38cfb9a9b7bb92c7a56db714601823d27cb082663f1b30d7d1510a7554c9e592c527cb2d27287b1c90a9e1bc7a8ce8272359511ba6,1350774.0,F,18.0,NOT APPLICABLE,NONE,"REPORTED, NOT EVIDENT",,,,,,,,2022-09-16 23:30:00,30,CLEAR,"DARKNESS, LIGHTED ROAD",REAR END,NOT DIVIDED,DRY,NO DEFECTS,ON SCENE,INJURY AND / OR TOW DUE TO CRASH,,"OVER $1,500",09/16/2022 11:35:00 PM,FOLLOWING TOO CLOSELY,DISREGARDING STOP SIGN,,2,"REPORTED, NOT EVIDENT",3.0,0.0,0.0,0.0,3.0,2.0,0.0,23,6,9,41.703185819,-87.642864592,POINT (-87.642864592211 41.703185818716),POINT (1172798.3692459075 1835188.3909939053),2022,10500 S HALSTED ST
O1397381,DRIVER,e78b270e81f947b7519daed979d214891eba5d08f4474c9b258a6435575fa2b763c094e7c9c9f92acbbc176acf2897ee1f124336826f3c008cd5196bf2876fdc,1327827.0,M,40.0,NOT APPLICABLE,NONE,NO INDICATION OF INJURY,FOLLOWED TOO CLOSELY,NOT OBSCURED,NORMAL,,,,,2022-08-12 10:55:00,30,CLEAR,DAYLIGHT,SIDESWIPE SAME DIRECTION,DIVIDED - W/MEDIAN (NOT RAISED),DRY,NO DEFECTS,ON SCENE,INJURY AND / OR TOW DUE TO CRASH,,"OVER $1,500",08/12/2022 10:57:00 AM,FOLLOWING TOO CLOSELY,FAILING TO YIELD RIGHT-OF-WAY,,2,NO INDICATION OF INJURY,0.0,0.0,0.0,0.0,0.0,3.0,0.0,10,6,8,41.865473012,-87.68615698,POINT (-87.686156979777 41.865473012267),POINT (1160531.2231177452 1894232.8539131412),2022,1240 S WESTERN AVE
O1417224,DRIVER,7c6a152953cab5d39a3f316b3c8145bc0e483c1298b146d9ec302fe53cc9f118d74821e7a860fa296dc8aad15f0e5a1beffd7ab80b7436dead2e85c97843017a,1346767.0,M,,DEPLOYMENT UNKNOWN,NONE,NO INDICATION OF INJURY,UNKNOWN,UNKNOWN,UNKNOWN,,,,,2022-09-11 00:30:00,25,CLEAR,"DARKNESS, LIGHTED ROAD",HEAD ON,NOT DIVIDED,DRY,NO DEFECTS,NOT ON SCENE (DESK REPORT),NO INJURY / DRIVE AWAY,Y,"OVER $1,500",09/11/2022 02:10:00 AM,UNABLE TO DETERMINE,UNABLE TO DETERMINE,,3,NO INDICATION OF INJURY,0.0,0.0,0.0,0.0,0.0,3.0,0.0,0,1,9,41.961144099,-87.697701532,POINT (-87.697701532223 41.9611440994),POINT (1157128.2748233196 1929071.9759578519),2022,2741 W MONTROSE AVE
P298100,PASSENGER,d60961f2eb3b79c707d845f8e4e54b884d1f9b8362fda444bb9d89cd59a5c9be470db596b5117be0f1774696260e6da6d5ff7b08427bff56ca68b9c173460a9d,1273544.0,F,25.0,DID NOT DEPLOY,NONE,NO INDICATION OF INJURY,,,,,,,,2022-05-18 20:20:00,30,CLEAR,UNKNOWN,TURNING,NOT DIVIDED,UNKNOWN,UNKNOWN,NOT ON SCENE (DESK REPORT),NO INJURY / DRIVE AWAY,,$500 OR LESS,05/18/2022 08:40:00 PM,IMPROPER TURNING/NO SIGNAL,IMPROPER TURNING/NO SIGNAL,,2,NO INDICATION OF INJURY,0.0,0.0,0.0,0.0,0.0,4.0,0.0,20,4,5,41.952726949,-87.660771553,POINT (-87.660771553086 41.952726948767),POINT (1167196.5616026323 1926081.4065613502),2022,3901 N CLARK ST
O1277574,DRIVER,31cad55d2b32916de46350abafa2aabaa4682fd713047e57b753641b7e6c55033875fd86353d864a6cb3c6a4e541d77c5ca816214e6c7f99e1a345d79c034e2a,1212968.0,F,45.0,NOT APPLICABLE,NONE,"REPORTED, NOT EVIDENT",NONE,NOT OBSCURED,NORMAL,,,,,2022-02-07 18:04:00,30,CLEAR,"DARKNESS, LIGHTED ROAD",REAR END,DIVIDED - W/MEDIAN (NOT RAISED),DRY,NO DEFECTS,ON SCENE,INJURY AND / OR TOW DUE TO CRASH,,"OVER $1,500",02/07/2022 06:39:00 PM,UNABLE TO DETERMINE,NOT APPLICABLE,,3,"REPORTED, NOT EVIDENT",4.0,0.0,0.0,0.0,4.0,1.0,0.0,18,2,2,41.968267042,-87.735498348,POINT (-87.735498348433 41.968267042285),POINT (1146830.1960076012 1931593.6137909896),2022,4300 W LAWRENCE AVE
O1306901,DRIVER,e72aa46142461c98d4df7baa4ede49990c1051899690b746f2714fc61ff6f781a9356d49c0670c7b1c708581a86709217031e89cca498a61e3cf4954f8391999,1241181.0,F,62.0,DID NOT DEPLOY,NONE,NO INDICATION OF INJURY,OTHER,NOT OBSCURED,NORMAL,,,,,2022-03-25 13:30:00,30,CLEAR,DAYLIGHT,ANGLE,PARKING LOT,DRY,NO DEFECTS,NOT ON SCENE (DESK REPORT),NO INJURY / DRIVE AWAY,N,"$501 - $1,500",03/28/2022 04:20:00 PM,UNABLE TO DETERMINE,UNABLE TO DETERMINE,,2,NO INDICATION OF INJURY,0.0,0.0,0.0,0.0,0.0,2.0,0.0,13,6,3,41.657130224,-87.602480753,POINT (-87.602480752616 41.657130223648),POINT (1183968.5305124489 1818497.3351702564),2022,13100 S CORLISS AVE
O1388718,DRIVER,c37ec554956410f1d5a311f9b78c1a35fd7c908253af76046a83a7003d2f318b6b67a55714ce37380fd0253d50ae9cba96904e0037b7729574f028ad13cf08c0,1319509.0,M,54.0,DEPLOYMENT UNKNOWN,NONE,NO INDICATION OF INJURY,NONE,NOT OBSCURED,NORMAL,,,,,2022-07-29 18:20:00,30,CLEAR,DAYLIGHT,TURNING,ONE-WAY,DRY,NO DEFECTS,NOT ON SCENE (DESK REPORT),NO INJURY / DRIVE AWAY,,"OVER $1,500",07/29/2022 09:45:00 PM,FAILING TO REDUCE SPEED TO AVOID CRASH,NOT APPLICABLE,,2,NO INDICATION OF INJURY,0.0,0.0,0.0,0.0,0.0,2.0,0.0,18,6,7,41.875284201,-87.666754902,POINT (-87.666754901693 41.875284201202),POINT (1165788.3242344363 1897848.4725909834),2022,1600 W CONGRESS PKWY
O1303659,DRIVER,049bd8bff38aae638e2c00da76711566b7bf1adb8cb1f3da2340fe2fd28980b08899ead35a71da53f5dd4f780ef43af83b5c837a82350d959f0e7183d43d015b,1238054.0,F,45.0,NOT APPLICABLE,NONE,NO INDICATION OF INJURY,FAILED TO YIELD,UNKNOWN,UNKNOWN,,,,,2022-03-22 07:48:00,25,RAIN,DAYLIGHT,ANGLE,NOT REPORTED,WET,NO DEFECTS,NOT ON SCENE (DESK REPORT),INJURY AND / OR TOW DUE TO CRASH,,"OVER $1,500",03/23/2022 10:05:00 AM,DISREGARDING STOP SIGN,UNABLE TO DETERMINE,,2,NONINCAPACITATING INJURY,1.0,0.0,0.0,1.0,0.0,1.0,0.0,7,3,3,41.999814524,-87.669072748,POINT (-87.669072747676 41.999814524034),POINT (1164805.4484349024 1943222.7403816765),2022,6457 N BOSWORTH AVE
O1470340,DRIVER,fc90005068f7b5e042f691cf2fcb5377aa29412a229de071c35d5ec295eb08d39bdc6184b645281117722ccbfd89cff87ea3f44a395d03f356307f1cd46623ce,1397494.0,M,,NOT APPLICABLE,NONE,NO INDICATION OF INJURY,FAILED TO YIELD,UNKNOWN,UNKNOWN,,,,,2022-11-27 18:43:00,30,CLEAR,"DARKNESS, LIGHTED ROAD",PEDESTRIAN,NOT DIVIDED,DRY,NO DEFECTS,ON SCENE,INJURY AND / OR TOW DUE TO CRASH,Y,$500 OR LESS,11/27/2022 07:09:00 PM,FAILING TO YIELD RIGHT-OF-WAY,FAILING TO REDUCE SPEED TO AVOID CRASH,,2,NONINCAPACITATING INJURY,1.0,0.0,0.0,1.0,0.0,2.0,0.0,18,1,11,41.88462723,-87.618704234,POINT (-87.618704234385 41.884627230111),POINT (1178846.3359697603 1901358.3602720897),2022,358 E RANDOLPH ST
O1310452,DRIVER,2f793ee91373a4fb7e052488d4325364fed26fd599e6d6c9b13284f4cebead5898fedcf044db45d1060a1d55cb59046321e3da8d94b4432525e5b1dc5b1782c4,1244549.0,X,,DEPLOYMENT UNKNOWN,NONE,NO INDICATION OF INJURY,UNKNOWN,UNKNOWN,UNKNOWN,,,,Y,2022-04-02 10:00:00,30,UNKNOWN,UNKNOWN,PARKED MOTOR VEHICLE,NOT DIVIDED,UNKNOWN,UNKNOWN,NOT ON SCENE (DESK REPORT),NO INJURY / DRIVE AWAY,Y,"OVER $1,500",04/02/2022 11:00:00 PM,UNABLE TO DETERMINE,UNABLE TO DETERMINE,,2,NO INDICATION OF INJURY,0.0,0.0,0.0,0.0,0.0,1.0,0.0,10,7,4,41.877511816,-87.77374867,POINT (-87.773748670187 41.87751181585),POINT (1136643.8586257955 1898452.0740829182),2022,5963 W ADAMS BLVD
O1295617,DRIVER,cc6dcc7fe1efacd335a2b018343579e331aaccc487393fbcfff5574be23abea570e8d7cbfd4a17c715b68a877c23c986747bb9a10d0152407376dfb328c7037a,1230354.0,X,,DEPLOYMENT UNKNOWN,UNKNOWN,NO INDICATION OF INJURY,UNKNOWN,UNKNOWN,UNKNOWN,,,,,2022-03-08 02:00:00,30,UNKNOWN,DARKNESS,PARKED MOTOR VEHICLE,NOT DIVIDED,UNKNOWN,UNKNOWN,NOT ON SCENE (DESK REPORT),NO INJURY / DRIVE AWAY,Y,"OVER $1,500",03/10/2022 03:00:00 PM,UNABLE TO DETERMINE,NOT APPLICABLE,,2,NO INDICATION OF INJURY,0.0,0.0,0.0,0.0,0.0,1.0,0.0,2,3,3,41.972287106,-87.760299625,POINT (-87.760299624842 41.972287105904),POINT (1140075.7085541734 1933012.4538291092),2022,5022 N LOCKWOOD AVE
O1460368,DRIVER,6b907a09de6be48d05a14d3f2569c991742deab728a475887fc7f5d85d1fdf8909dbea96b62a87d81562d2cbe2fd4ff426b2d8ee26b6d59b9d5c0475ffcff2cf,1387949.0,F,63.0,DID NOT DEPLOY,NONE,NO INDICATION OF INJURY,UNKNOWN,UNKNOWN,NORMAL,,,,,2022-11-07 16:15:00,30,CLEAR,DAYLIGHT,ANGLE,T-INTERSECTION,DRY,NO DEFECTS,NOT ON SCENE (DESK REPORT),NO INJURY / DRIVE AWAY,,"OVER $1,500",11/12/2022 11:45:00 AM,UNABLE TO DETERMINE,UNABLE TO DETERMINE,,2,NO INDICATION OF INJURY,0.0,0.0,0.0,0.0,0.0,2.0,0.0,16,2,11,41.939453239,-87.706215841,POINT (-87.70621584066 41.939453239281),POINT (1154870.390235131 1921150.698193989),2022,3136 W BELMONT AVE
O1364973,DRIVER,0b66af1f63f7ad23483b4f3c6f4a928545a7ea86ea4c06ac386015126e32d603155a529fd3571b12513f45db553d75c0d39be7024629a64e7fc2a7896d0f9d4e,1296962.0,M,49.0,NOT APPLICABLE,NONE,NO INDICATION OF INJURY,UNKNOWN,NOT OBSCURED,NORMAL,,,,,2022-06-16 16:12:00,30,CLEAR,DAYLIGHT,ANGLE,PARKING LOT,DRY,NO DEFECTS,NOT ON SCENE (DESK REPORT),NO INJURY / DRIVE AWAY,,$500 OR LESS,06/23/2022 07:10:00 PM,NOT APPLICABLE,NOT APPLICABLE,,2,NO INDICATION OF INJURY,0.0,0.0,0.0,0.0,0.0,3.0,0.0,16,5,6,41.799382106,-87.596786859,POINT (-87.596786858994 41.799382105863),POINT (1185080.953203796 1870345.7444728415),2022,5300 S WOODLAWN AVE
O1368915,DRIVER,df33647509397a4ea3f36bedc8f89ca3ce04cbf780f8829e0cff0f9cd14d76e65bba7fc8474b6a735070ed4ad1e58028f28a349151a4e2473fd31acb7b2d3af3,1300718.0,F,26.0,NOT APPLICABLE,NONE,NO INDICATION OF INJURY,NONE,NOT OBSCURED,UNKNOWN,,,,,2022-06-29 03:00:00,30,UNKNOWN,UNKNOWN,ANGLE,ONE-WAY,UNKNOWN,NO DEFECTS,NOT ON SCENE (DESK REPORT),INJURY AND / OR TOW DUE TO CRASH,Y,"OVER $1,500",06/29/2022 03:55:00 PM,DISREGARDING TRAFFIC SIGNALS,UNABLE TO DETERMINE,,2,NO INDICATION OF INJURY,0.0,0.0,0.0,0.0,0.0,3.0,0.0,3,4,6,41.879522727,-87.630950461,POINT (-87.630950461206 41.879522727244),POINT (1175526.8449439234 1899470.7506832418),2022,102 W ADAMS ST
O1413130,DRIVER,69be58c4d02cd7310cd7d7a8da19efed4524b9271759364b3460dd29d05c8c18408e713638919d83c4ca708283bd54a1b9b0ab8e67ff93aca38b955e5615d9f6,1342881.0,F,25.0,"DEPLOYED, COMBINATION",NONE,NO INDICATION OF INJURY,UNKNOWN,NOT OBSCURED,NORMAL,,,,,2022-09-04 18:40:00,30,CLEAR,DAYLIGHT,TURNING,FOUR WAY,DRY,NO DEFECTS,ON SCENE,INJURY AND / OR TOW DUE TO CRASH,,"OVER $1,500",09/04/2022 06:43:00 PM,UNABLE TO DETERMINE,UNABLE TO DETERMINE,,2,NO INDICATION OF INJURY,0.0,0.0,0.0,0.0,0.0,5.0,0.0,18,1,9,41.793155061,-87.723303765,POINT (-87.723303764642 41.793155060731),POINT (1150600.0726495602 1867806.4451270227),2022,5500 S PULASKI RD
O1387112,DRIVER,bc519efa6efa94c8c13a159b247145810ff49b74f124b76fb849364300716e4452a2dda67b79fc3e20b3e5a1beca2967545791e8bfbe34164a9144ea0f6cdc82,1317987.0,F,22.0,"DEPLOYED, SIDE",NONE,NO INDICATION OF INJURY,NONE,UNKNOWN,NORMAL,,,,,2022-07-27 16:53:00,30,CLEAR,DAYLIGHT,ANGLE,FOUR WAY,DRY,NO DEFECTS,ON SCENE,INJURY AND / OR TOW DUE TO CRASH,,"OVER $1,500",07/27/2022 04:55:00 PM,FAILING TO YIELD RIGHT-OF-WAY,NOT APPLICABLE,,2,NO INDICATION OF INJURY,0.0,0.0,0.0,0.0,0.0,3.0,0.0,16,4,7,41.889833923,-87.676999724,POINT (-87.676999723815 41.889833922823),POINT (1162957.651208455 1903128.8743412057),2022,2000 W HUBBARD ST
O1345776,DRIVER,51f001e0202c22f6d6ddb4bde65a286e15344af5c5fdd6de881e8f968e29986f9c5a3be210c84706f8ce7bfc1400d222ab386280b3fd4e64d93fcb29bb23149c,1278614.0,F,42.0,DID NOT DEPLOY,NONE,NO INDICATION OF INJURY,IMPROPER PASSING,NOT OBSCURED,NORMAL,,,,,2022-05-27 11:23:00,30,CLEAR,DAYLIGHT,PARKED MOTOR VEHICLE,DIVIDED - W/MEDIAN BARRIER,DRY,NO DEFECTS,NOT ON SCENE (DESK REPORT),NO INJURY / DRIVE AWAY,,"OVER $1,500",05/27/2022 11:31:00 AM,IMPROPER OVERTAKING/PASSING,NOT APPLICABLE,,2,NO INDICATION OF INJURY,0.0,0.0,0.0,0.0,0.0,3.0,0.0,11,6,5,41.880612703,-87.744853404,POINT (-87.744853404164 41.880612703208),POINT (1144505.3004679466 1899634.662304692),2022,4750 W MADISON ST
O1450200,DRIVER,726109f961cc8c8ba83a1052555cc5221ccb24190d3dfa665ba9a07ea83dc7006fa3edf2180f18f76ab651a7c4eca8e54a4ea22de74749b17f52c14ee5899849,1378303.0,M,64.0,DID NOT DEPLOY,NONE,NO INDICATION OF INJURY,OTHER,NOT OBSCURED,NORMAL,,,,,2022-10-28 09:10:00,10,CLEAR,DAYLIGHT,FIXED OBJECT,PARKING LOT,DRY,NO DEFECTS,NOT ON SCENE (DESK REPORT),NO INJURY / DRIVE AWAY,,"$501 - $1,500",10/28/2022 11:45:00 AM,DRIVING SKILLS/KNOWLEDGE/EXPERIENCE,DRIVING SKILLS/KNOWLEDGE/EXPERIENCE,,1,NO INDICATION OF INJURY,0.0,0.0,0.0,0.0,0.0,1.0,0.0,9,6,10,41.722309281,-87.579244132,POINT (-87.579244132213 41.722309281241),POINT (1190110.4820722686 1842302.4822893126),2022,1825 E 95TH ST
O1269158,DRIVER,210f262f3fb15d89f434b7c1d3cb9bad850f0cd9216b2b3e2960bf23ab0a5552f86653828358d60e3a26c3b704184f1ebcf391e429b5727800192fb3e3ec3b13,1204825.0,M,31.0,DID NOT DEPLOY,NONE,NO INDICATION OF INJURY,UNKNOWN,NOT OBSCURED,NORMAL,,,,Y,2022-01-25 12:13:00,30,CLEAR,DAYLIGHT,SIDESWIPE SAME DIRECTION,NOT DIVIDED,SNOW OR SLUSH,NO DEFECTS,ON SCENE,INJURY AND / OR TOW DUE TO CRASH,,"OVER $1,500",01/25/2022 12:18:00 PM,UNABLE TO DETERMINE,FAILING TO YIELD RIGHT-OF-WAY,,2,"REPORTED, NOT EVIDENT",1.0,0.0,0.0,0.0,1.0,1.0,0.0,12,3,1,41.939912246,-87.646129642,POINT (-87.64612964181 41.939912246231),POINT (1171216.8341011931 1921443.2837200994),2022,645 W BELMONT AVE
P326549,PASSENGER,9845fd811f06c73a6ba6cca9793df5aee525da504268152abd3a84226da7bc11cdf0e49b05ee9ad18812155e8a15a963b19d03befe66ab467f058a772556109f,1401419.0,M,25.0,NOT APPLICABLE,NONE,NO INDICATION OF INJURY,,,,,,,,2022-12-04 14:30:00,30,CLEAR,DAYLIGHT,TURNING,NOT DIVIDED,DRY,NO DEFECTS,ON SCENE,NO INJURY / DRIVE AWAY,,"OVER $1,500",12/04/2022 02:36:00 PM,UNABLE TO DETERMINE,NOT APPLICABLE,,2,NO INDICATION OF INJURY,0.0,0.0,0.0,0.0,0.0,3.0,0.0,14,1,12,41.830147971,-87.694648829,POINT (-87.694648828742 41.830147971066),POINT (1158313.8926795672 1881343.203852343),2022,3499 S CALIFORNIA AVE
O1285650,DRIVER,9cd905d5416406f86580e339ec763813b729bf60d6311ce69e85bfa67e279501a0fb60129656455a81b7f8d4cd3d4850c49cef0577c34fcb172c0325868f818e,1220760.0,M,65.0,NOT APPLICABLE,NONE,NO INDICATION OF INJURY,IMPROPER BACKING,UNKNOWN,UNKNOWN,,,,,2022-02-21 06:26:00,15,CLEAR,DAYLIGHT,PARKED MOTOR VEHICLE,NOT DIVIDED,DRY,UNKNOWN,ON SCENE,NO INJURY / DRIVE AWAY,,"OVER $1,500",02/21/2022 06:26:00 AM,IMPROPER BACKING,NOT APPLICABLE,,2,NO INDICATION OF INJURY,0.0,0.0,0.0,0.0,0.0,2.0,0.0,6,2,2,41.865531608,-87.717686849,POINT (-87.71768684869 41.865531607547),POINT (1151942.7644585376 1894191.0388243895),2022,1223 S LAWNDALE AVE
O1374931,DRIVER,df42d9f05d310362246760fc6205fedc90b0b7e7e46e89fe979a131e99a4d73324bc3df7d6c9c0e757d2269678c85ab5246574632160be4f9be32a87b81ee940,1306428.0,X,,DEPLOYMENT UNKNOWN,UNKNOWN,NO INDICATION OF INJURY,UNKNOWN,UNKNOWN,UNKNOWN,,,,N,2022-07-08 18:15:00,15,CLEAR,DUSK,PARKED MOTOR VEHICLE,ONE-WAY,DRY,NO DEFECTS,ON SCENE,INJURY AND / OR TOW DUE TO CRASH,Y,"OVER $1,500",07/09/2022 07:59:00 AM,UNABLE TO DETERMINE,UNABLE TO DETERMINE,,2,NO INDICATION OF INJURY,0.0,0.0,0.0,0.0,0.0,1.0,0.0,18,6,7,41.970114991,-87.713182266,POINT (-87.713182266396 41.970114991255),POINT (1152894.16684518 1932310.151659132),2022,3355 W AINSLIE ST
P289103,PASSENGER,f5f06ca45f7f494b7b228196d53c928781acd474822837d47920d113f9f74648acec36ff5f4c93fdc9aef964b55ecc6fe845f7432dd68676d7da07bd931a7645,1233144.0,M,36.0,DID NOT DEPLOY,NONE,NO INDICATION OF INJURY,,,,,,,,2022-03-15 11:25:00,30,CLEAR,DAYLIGHT,REAR TO FRONT,ONE-WAY,DRY,NO DEFECTS,ON SCENE,NO INJURY / DRIVE AWAY,,"$501 - $1,500",03/15/2022 11:25:00 AM,IMPROPER BACKING,NOT APPLICABLE,,2,NO INDICATION OF INJURY,0.0,0.0,0.0,0.0,0.0,3.0,0.0,11,3,3,41.716254087,-87.555276186,POINT (-87.55527618565 41.716254086634),POINT (1196673.5318991698 1840154.2571541355),2022,9834 S MUSKEGON AVE
O1277870,DRIVER,6fd29ed2848e5f11cfc844ae3b1e4e91218362e18c138a31364b5f01f73cf793b8aab67649a57ea7f649c008462de5b701d61590e5e615613e30995bf7af3677,1213243.0,F,40.0,DID NOT DEPLOY,NONE,NO INDICATION OF INJURY,FAILED TO YIELD,MOVING VEHICLES,UNKNOWN,,,,,2022-02-08 09:00:00,30,CLEAR,DAYLIGHT,ANGLE,TRAFFIC ROUTE,DRY,NO DEFECTS,NOT ON SCENE (DESK REPORT),NO INJURY / DRIVE AWAY,,"OVER $1,500",02/08/2022 10:00:00 AM,FAILING TO YIELD RIGHT-OF-WAY,DRIVING SKILLS/KNOWLEDGE/EXPERIENCE,,2,NO INDICATION OF INJURY,0.0,0.0,0.0,0.0,0.0,2.0,0.0,9,3,2,41.896423443,-87.652360458,POINT (-87.652360457748 41.896423442627),POINT (1169647.4498128246 1905582.3735129228),2022,968 W CHICAGO AVE