PERSON_ID,PERSON_TYPE,CRASH_RECORD_ID,VEHICLE_ID,SEX,AGE,AIRBAG_DEPLOYED,EJECTION,INJURY_CLASSIFICATION,DRIVER_ACTION,DRIVER_VISION,PHYSICAL_CONDITION,PEDPEDAL_ACTION,PEDPEDAL_VISIBILITY,PEDPEDAL_LOCATION,CRASH_DATE_EST_I,CRASH_DATE,POSTED_SPEED_LIMIT,WEATHER_CONDITION,LIGHTING_CONDITION,FIRST_CRASH_TYPE,TRAFFICWAY_TYPE,ROADWAY_SURFACE_COND,ROAD_DEFECT,REPORT_TYPE,CRASH_TYPE,HIT_AND_RUN_I,DAMAGE,DATE_POLICE_NOTIFIED,PRIM_CONTRIBUTORY_CAUSE,SEC_CONTRIBUTORY_CAUSE,DOORING_I,NUM_UNITS,MOST_SEVERE_INJURY,INJURIES_TOTAL,INJURIES_FATAL,INJURIES_INCAPACITATING,INJURIES_NON_INCAPACITATING,INJURIES_REPORTED_NOT_EVIDENT,INJURIES_NO_INDICATION,INJURIES_UNKNOWN,CRASH_HOUR,CRASH_DAY_OF_WEEK,CRASH_MONTH,LATITUDE,LONGITUDE,LOCATION,geometry,YEAR,ADDRESS
O1486024,DRIVER,b7a8c351ec48eef2befa9c86d490525cda6ec5787c0c947d9456318eb9bf5f1005c47b697acb70246bcbfa2207a056d0cf7e6d57c6c14f450f3dab2b5f696b89,1412593.0,F,24.0,NOT APPLICABLE,NONE,NO INDICATION OF INJURY,FAILED TO YIELD,NOT OBSCURED,NORMAL,,,,,2022-12-22 09:00:00,20,CLEAR,DAYLIGHT,ANGLE,ALLEY,DRY,NO DEFECTS,NOT ON SCENE (DESK REPORT),NO INJURY / DRIVE AWAY,,"OVER $1,500",12/22/2022 09:00:00 AM,FAILING TO YIELD RIGHT-OF-WAY,UNABLE TO DETERMINE,,2,NO INDICATION OF INJURY,0.0,0.0,0.0,0.0,0.0,2.0,0.0,9,5,12,41.786216533,-87.698528494,POINT (-87.69852849376 41.786216533069),POINT (1157374.7855435824 1865327.0082474),2022,3001 W 59TH ST
O1414243,DRIVER,7408b7226d50a98f2056e7edf9cdd7111569b435889de53ecd73d955c9eee5aa2f671d6c9c6918d96e25de4e450e38a57fe2813ffe09afc89aea8f33cb8fa56f,1343952.0,M,53.0,NOT APPLICABLE,NONE,NO INDICATION OF INJURY,NONE,NOT OBSCURED,NORMAL,,,,,2022-09-06 17:11:00,30,CLEAR,DAYLIGHT,REAR END,NOT DIVIDED,DRY,NO DEFECTS,ON SCENE,NO INJURY / DRIVE AWAY,,"$501 - $1,500",09/06/2022 05:11:00 PM,UNABLE TO DETERMINE,NOT APPLICABLE,,2,NO INDICATION OF INJURY,0.0,0.0,0.0,0.0,0.0,2.0,0.0,17,3,9,41.940241193,-87.639639114,POINT (-87.639639114276 41.940241193256),POINT (1172981.7448693574 1921577.376128756),2022,400 W BELMONT AVE
O1389607,DRIVER,8be9b15571fa5645877874f92cd9bb45ac1525c8e52658aa70a739df420252ee997cded9a8b96ded218991af024a6d2acac29801c7c4f0776bb579288b7b3352,1320373.0,M,74.0,NOT APPLICABLE,NONE,NO INDICATION OF INJURY,UNKNOWN,UNKNOWN,UNKNOWN,,,,,2022-07-30 11:40:00,25,CLEAR,DAYLIGHT,TURNING,DIVIDED - W/MEDIAN (NOT RAISED),DRY,UNKNOWN,ON SCENE,NO INJURY / DRIVE AWAY,,"OVER $1,500",07/30/2022 12:55:00 PM,UNABLE TO DETERMINE,UNABLE TO DETERMINE,,2,NO INDICATION OF INJURY,0.0,0.0,0.0,0.0,0.0,2.0,0.0,11,7,7,41.92733759,-87.796639903,POINT (-87.796639903487 41.927337590349),POINT (1130296.190796699 1916568.741035232),2022,6830 W WRIGHTWOOD AVE
O1440456,DRIVER,23c946e9cd2902d813f21970f41dc60e3e2fe5f40a311f03be05127448da36345a6ca376c039fe2a410c5326def9c8c6658e3387a814d91d3f1557bdd22d3a95,1368995.0,M,44.0,DID NOT DEPLOY,NONE,NO INDICATION OF INJURY,OTHER,UNKNOWN,IMPAIRED - ALCOHOL,,,,,2022-10-14 12:03:00,30,CLEAR,DAYLIGHT,REAR END,NOT DIVIDED,DRY,UNKNOWN,ON SCENE,INJURY AND / OR TOW DUE TO CRASH,,"OVER $1,500",10/14/2022 12:04:00 PM,UNDER THE INFLUENCE OF ALCOHOL/DRUGS (USE WHEN ARREST IS EFFECTED),FOLLOWING TOO CLOSELY,,2,NO INDICATION OF INJURY,0.0,0.0,0.0,0.0,0.0,3.0,0.0,12,6,10,41.975250155,-87.764787897,POINT (-87.764787896622 41.975250155087),POINT (1138848.0375060576 1934084.0692671645),2022,5450 W FOSTER AVE
P281665,PASSENGER,f3ca7e9ab99339ca0c5cf29a877400e4ac4d79297048349b36770248d8b64b2c626d4c36ee79390a67214230da1364269fab52fc1e5360f0a882e03ab6e8bc10,1197007.0,F,37.0,"DEPLOYED, COMBINATION",NONE,"REPORTED, NOT EVIDENT",,,,,,,,2022-01-11 10:15:00,30,CLEAR,DAYLIGHT,ANGLE,FOUR WAY,DRY,NO DEFECTS,ON SCENE,INJURY AND / OR TOW DUE TO CRASH,,"OVER $1,500",01/11/2022 10:20:00 AM,UNABLE TO DETERMINE,UNABLE TO DETERMINE,,2,"REPORTED, NOT EVIDENT",2.0,0.0,0.0,0.0,2.0,1.0,0.0,10,3,1,41.87670205,-87.641171537,POINT (-87.641171536938 41.876702050461),POINT (1172751.6584715312 1898420.2845621456),2022,400 S CLINTON ST
O1288827,DRIVER,03a324ab1b87641cd9be57331d8b7b41db5dd90cd2399ba245e7ac02e6332a8e2b70e3ff96d98265c44b1a848b7333820c5b40142bd1386b6998f0ff4f48ac56,1223830.0,F,50.0,DID NOT DEPLOY,NONE,NO INDICATION OF INJURY,NONE,UNKNOWN,NORMAL,,,,,2022-02-26 13:52:00,30,CLEAR,DAYLIGHT,REAR END,NOT DIVIDED,DRY,NO DEFECTS,ON SCENE,NO INJURY / DRIVE AWAY,Y,"OVER $1,500",02/26/2022 02:00:00 PM,UNABLE TO DETERMINE,UNABLE TO DETERMINE,,2,NO INDICATION OF INJURY,0.0,0.0,0.0,0.0,0.0,2.0,0.0,13,7,2,41.917141469,-87.737495254,POINT (-87.737495253955 41.917141469436),POINT (1146416.6385697054 1912959.5539183381),2022,4424 W ARMITAGE AVE
P292602,PASSENGER,ec9d48358dc4a6a64900c5e9d64c387683185dfe6a403856ee39a26aadf9250dfb1637d94b6b2d03d342afc58b9cac03fb25142b39d596db9f55a0d333ad20d3,1248900.0,M,29.0,DID NOT DEPLOY,NONE,NO INDICATION OF INJURY,,,,,,,,2022-04-10 02:50:00,30,CLEAR,"DARKNESS, LIGHTED ROAD",SIDESWIPE SAME DIRECTION,NOT DIVIDED,DRY,NO DEFECTS,ON SCENE,INJURY AND / OR TOW DUE TO CRASH,,"OVER $1,500",04/10/2022 03:27:00 AM,DRIVING SKILLS/KNOWLEDGE/EXPERIENCE,UNABLE TO DETERMINE,,2,NO INDICATION OF INJURY,0.0,0.0,0.0,0.0,0.0,6.0,0.0,2,1,4,41.886221578,-87.620539879,POINT (-87.620539879431 41.886221578326),POINT (1178341.6538955264 1901935.182945953),2022,215 N COLUMBUS DR
O1301914,DRIVER,83177e9dc88c40a2c5781ed02d6547572d5d5270ba8d32c46d07fe00e6e9cb5373855be9f13333b117493f5110345789a9e7a3ea98645f1393680b4fa6d68eeb,1236373.0,M,,NOT APPLICABLE,NONE,NO INDICATION OF INJURY,IMPROPER TURN,NOT OBSCURED,NORMAL,,,,,2022-03-20 09:15:00,30,CLEAR,DAYLIGHT,TURNING,ONE-WAY,DRY,NO DEFECTS,NOT ON SCENE (DESK REPORT),NO INJURY / DRIVE AWAY,,"OVER $1,500",03/20/2022 09:45:00 AM,IMPROPER TURNING/NO SIGNAL,NOT APPLICABLE,,2,NO INDICATION OF INJURY,0.0,0.0,0.0,0.0,0.0,2.0,0.0,9,1,3,41.891958186,-87.617571296,POINT (-87.617571295543 41.891958185562),POINT (1179132.558349735 1904032.3304504633),2022,400 E GRAND AVE
O1338842,DRIVER,34f8b5087f7253dba1782eb86754f3616f1cd04ad365263147cf8c2618477994f8750bd5aaf3ff2f171503a61ab71c5e1b77f1338bf5db6db8c330aa63070616,1271902.0,F,43.0,NOT APPLICABLE,NONE,NO INDICATION OF INJURY,NONE,UNKNOWN,UNKNOWN,,,,,2022-05-16 16:29:00,30,UNKNOWN,UNKNOWN,TURNING,ONE-WAY,UNKNOWN,UNKNOWN,NOT ON SCENE (DESK REPORT),NO INJURY / DRIVE AWAY,,"OVER $1,500",05/16/2022 05:58:00 PM,IMPROPER BACKING,UNABLE TO DETERMINE,,2,NO INDICATION OF INJURY,0.0,0.0,0.0,0.0,0.0,2.0,0.0,16,2,5,41.765119319,-87.625044332,POINT (-87.625044332312 41.765119318972),POINT (1177478.9070500236 1857795.865500937),2022,7110 S STATE ST
O1265758,DRIVER,88064aa58e6e56cc680b01c1ce33114457a2a6ee85e4e431dd3744b25a9208ebb414089bd520d40252b0b217e0c620e36ca5eddb8acdf7bd79110ddd7a20f70e,1201582.0,M,23.0,DID NOT DEPLOY,NONE,NO INDICATION OF INJURY,FAILED TO YIELD,UNKNOWN,NORMAL,,,,,2022-01-19 15:08:00,25,CLEAR,DAYLIGHT,SIDESWIPE SAME DIRECTION,ONE-WAY,DRY,NO DEFECTS,ON SCENE,INJURY AND / OR TOW DUE TO CRASH,,"OVER $1,500",01/19/2022 03:11:00 PM,UNABLE TO DETERMINE,NOT APPLICABLE,,2,NO INDICATION OF INJURY,0.0,0.0,0.0,0.0,0.0,2.0,0.0,15,4,1,41.93579195,-87.70989514,POINT (-87.709895140078 41.935791949653),POINT (1153879.0584077556 1919809.2146342134),2022,3258 W WELLINGTON AVE
O1259694,DRIVER,9fd14f6b6ec579ae64feb885c77c7dbf89aa70b2e8b065447f5fd7d086728b6aa4fbf5e95659ade4c0236b72aa23b887a85124153a3665084517cb515b272f0d,1195762.0,M,57.0,DID NOT DEPLOY,NONE,NO INDICATION OF INJURY,NONE,UNKNOWN,NORMAL,,,,,2022-01-08 17:00:00,30,RAIN,"DARKNESS, LIGHTED ROAD",SIDESWIPE SAME DIRECTION,NOT DIVIDED,WET,NO DEFECTS,NOT ON SCENE (DESK REPORT),NO INJURY / DRIVE AWAY,,"$501 - $1,500",01/08/2022 06:10:00 PM,FAILING TO YIELD RIGHT-OF-WAY,IMPROPER LANE USAGE,,2,NO INDICATION OF INJURY,0.0,0.0,0.0,0.0,0.0,2.0,0.0,17,7,1,41.928711322,-87.687882751,POINT (-87.687882751439 41.928711321724),POINT (1159887.781813485 1917273.3430368889),2022,2400 W LOGAN BLVD
O1359396,DRIVER,b1c1e259394af995390be4b02b7550943c2aecf6340cedd9440d6f30f7c322aa01bf0d0948c332da3275bd02cc8be31da8747a880a6c3724292d9c71bef08177,1291656.0,M,68.0,NOT APPLICABLE,NONE,NO INDICATION OF INJURY,FAILED TO YIELD,MOVING VEHICLES,NORMAL,,,,,2022-06-16 10:30:00,30,CLEAR,DAYLIGHT,ANGLE,NOT DIVIDED,DRY,NO DEFECTS,ON SCENE,INJURY AND / OR TOW DUE TO CRASH,,"OVER $1,500",06/16/2022 10:33:00 AM,FAILING TO YIELD RIGHT-OF-WAY,NOT APPLICABLE,,2,NO INDICATION OF INJURY,0.0,0.0,0.0,0.0,0.0,2.0,0.0,10,5,6,41.952314929,-87.747139676,POINT (-87.747139675949 41.952314928549),POINT (1143704.1108897845 1925758.7345430788),2022,3925 N CICERO AVE
O1336176,DRIVER,61914ee5d71ea5e4de8dc62319078655b91b686d9a4e43abd71286c3bbfab1d9c381e9143b24d3e2ba0bafbce27f58c1e7961275a8d7dff86d39216048090cee,1269332.0,M,35.0,"DEPLOYED, FRONT",NONE,NO INDICATION OF INJURY,NONE,NOT OBSCURED,NORMAL,,,,,2022-05-13 07:47:00,30,CLEAR,DAYLIGHT,REAR END,NOT DIVIDED,DRY,NO DEFECTS,ON SCENE,INJURY AND / OR TOW DUE TO CRASH,Y,"OVER $1,500",05/13/2022 07:50:00 AM,FOLLOWING TOO CLOSELY,DRIVING SKILLS/KNOWLEDGE/EXPERIENCE,,3,NO INDICATION OF INJURY,0.0,0.0,0.0,0.0,0.0,4.0,0.0,7,6,5,41.902194497,-87.750595569,POINT (-87.750595568903 41.902194496989),POINT (1142888.1734856912 1907488.3760870327),2022,4955 W DIVISION ST
O1478147,DRIVER,ef8861f7a78bda60a5473493d3ec55245f929d9c201cd1a84c07deac34a3a7ed599bad3ae09c3cb702be8f3335d9cc2bf5aec55e14aea4313fc89e87d577f0b8,1405124.0,X,,DEPLOYMENT UNKNOWN,UNKNOWN,NO INDICATION OF INJURY,UNKNOWN,UNKNOWN,UNKNOWN,,,,,2022-12-09 20:45:00,30,UNKNOWN,"DARKNESS, LIGHTED ROAD",PARKED MOTOR VEHICLE,NOT DIVIDED,UNKNOWN,UNKNOWN,NOT ON SCENE (DESK REPORT),NO INJURY / DRIVE AWAY,Y,"$501 - $1,500",12/10/2022 01:10:00 PM,UNABLE TO DETERMINE,NOT APPLICABLE,,2,NO INDICATION OF INJURY,0.0,0.0,0.0,0.0,0.0,1.0,0.0,20,6,12,41.656727677,-87.555494904,POINT (-87.555494904226 41.656727677455),POINT (1196809.667673683 1818463.0199777621),2022,13121 S MANISTEE AVE
P289595,PASSENGER,d50e44a50836c1585fb0275ec92f44354df8b0abd9b8aea7fd91dd1b580919a2f4334ab762baff299541fc268f4edade300d9ea282907e5d343805ff6cc00197,1235583.0,F,26.0,DID NOT DEPLOY,NONE,NO INDICATION OF INJURY,,,,,,,,2022-03-18 23:05:00,30,RAIN,"DARKNESS, LIGHTED ROAD",REAR END,FOUR WAY,WET,NO DEFECTS,ON SCENE,NO INJURY / DRIVE AWAY,Y,"$501 - $1,500",03/18/2022 11:05:00 PM,UNABLE TO DETERMINE,NOT APPLICABLE,,2,NO INDICATION OF INJURY,0.0,0.0,0.0,0.0,0.0,3.0,0.0,23,6,3,41.942578574,-87.747114309,POINT (-87.747114309493 41.942578573697),POINT (1143735.2770113 1922210.8292944194),2022,3402 N CICERO AVE
P291178,PASSENGER,033e21454da211d8877a717395d0bfac0e2382d0dc5d2d7127a2a9e7a171c6d83b755d39e034beeaa7112b35f9f618d135fca202f616e844cf51e35a4c534f8c,1242934.0,M,,NOT APPLICABLE,NONE,NO INDICATION OF INJURY,,,,,,,,2022-03-31 15:50:00,35,RAIN,DAYLIGHT,REAR END,DIVIDED - W/MEDIAN BARRIER,WET,NO DEFECTS,ON SCENE,NO INJURY / DRIVE AWAY,Y,"$501 - $1,500",03/31/2022 03:54:00 PM,UNABLE TO DETERMINE,NOT APPLICABLE,,3,NO INDICATION OF INJURY,0.0,0.0,0.0,0.0,0.0,8.0,0.0,15,5,3,41.726897304,-87.585581037,POINT (-87.585581036751 41.726897304301),POINT (1188366.022774397 1843959.2215314158),2022,9230 S STONY ISLAND AVE
O1349788,DRIVER,900a29439252ecc816f48ca903dde8a68427993aded4c2661ad8a9e99ccb58659172c95cccd68cd2bd2521dcd970717103d417adad42299be6eac9f6281b7df7,1282444.0,X,,DEPLOYMENT UNKNOWN,NONE,NO INDICATION OF INJURY,UNKNOWN,UNKNOWN,UNKNOWN,,,,,2022-06-02 12:25:00,5,CLEAR,DAYLIGHT,PARKED MOTOR VEHICLE,PARKING LOT,DRY,NO DEFECTS,ON SCENE,NO INJURY / DRIVE AWAY,Y,"$501 - $1,500",06/02/2022 12:26:00 PM,NOT APPLICABLE,NOT APPLICABLE,,2,NO INDICATION OF INJURY,0.0,0.0,0.0,0.0,0.0,1.0,0.0,12,5,6,41.759878542,-87.663510105,POINT (-87.66351010464 41.75987854244),POINT (1166999.841994312 1855802.1054610915),2022,7347 S ASHLAND AVE
O1329283,DRIVER,c936060388dcc9b9185594fe1909c4bee989358fa50c31b8262a36005ecfae497687eb7e64a93bfdbb001cc4190c41d6a6d31474ef8a649f745a4334e4c224b5,1262730.0,M,,DEPLOYMENT UNKNOWN,UNKNOWN,NO INDICATION OF INJURY,UNKNOWN,UNKNOWN,UNKNOWN,,,,,2022-05-03 18:44:00,30,CLEAR,DAYLIGHT,SIDESWIPE SAME DIRECTION,DIVIDED - W/MEDIAN (NOT RAISED),WET,UNKNOWN,NOT ON SCENE (DESK REPORT),NO INJURY / DRIVE AWAY,Y,"$501 - $1,500",05/03/2022 08:00:00 PM,UNABLE TO DETERMINE,NOT APPLICABLE,,2,NO INDICATION OF INJURY,0.0,0.0,0.0,0.0,0.0,3.0,0.0,18,3,5,41.990508161,-87.706718678,POINT (-87.706718678176 41.9905081606),POINT (1154597.5217591934 1939754.3122031454),2022,3100 W PETERSON AVE
P318942,PASSENGER,6833829060d3adddcd4772fe38d74429b3e940764ab6fa80479156576c2771aebd1e4f3939755549070cf3bc62e41851db031bf2857382748b0a517a553d22eb,1365571.0,F,19.0,DEPLOYMENT UNKNOWN,NONE,NO INDICATION OF INJURY,,,,,,,,2022-10-09 09:15:00,30,CLEAR,DAYLIGHT,SIDESWIPE SAME DIRECTION,PARKING LOT,DRY,NO DEFECTS,ON SCENE,INJURY AND / OR TOW DUE TO CRASH,,"OVER $1,500",10/09/2022 09:18:00 AM,FAILING TO YIELD RIGHT-OF-WAY,DRIVING SKILLS/KNOWLEDGE/EXPERIENCE,,2,NO INDICATION OF INJURY,0.0,0.0,0.0,0.0,0.0,5.0,0.0,9,1,10,41.810565739,-87.675321839,POINT (-87.675321839211 41.810565738572),POINT (1163635.8458011353 1874247.287419889),2022,4510 S DAMEN AVE
O1347248,DRIVER,b5f02fdcabf37d886937c875c86424ac58b0614fb1854b720dd7db4a750d080d80e83e28eab24b3aec66fd8d48d312b61228823868fab487bcf1af04ec78caa7,1280030.0,X,,DEPLOYMENT UNKNOWN,NONE,NO INDICATION OF INJURY,IMPROPER LANE CHANGE,UNKNOWN,UNKNOWN,,,,,2022-05-29 15:30:00,35,CLEAR,DAYLIGHT,TURNING,NOT DIVIDED,DRY,NO DEFECTS,NOT ON SCENE (DESK REPORT),NO INJURY / DRIVE AWAY,Y,"$501 - $1,500",05/29/2022 04:00:00 PM,IMPROPER TURNING/NO SIGNAL,IMPROPER TURNING/NO SIGNAL,,2,NO INDICATION OF INJURY,0.0,0.0,0.0,0.0,0.0,2.0,0.0,15,1,5,41.867061453,-87.624291557,POINT (-87.624291556574 41.867061452934),POINT (1177377.755916494 1894944.787989106),2022,1212 S MICHIGAN AVE
O1296367,DRIVER,d760ad309a2efc2e8d8454232b934c0400c72badaf76f78f306408e0d928b83438ac6cad74cd31b2d3a54aa780ea98f5550e933255e585a14c6d2d38edbd376d,1231061.0,F,35.0,"DEPLOYED, FRONT",NONE,NO INDICATION OF INJURY,UNKNOWN,UNKNOWN,NORMAL,,,,,2022-03-11 16:20:00,30,CLEAR,DAYLIGHT,ANGLE,DIVIDED - W/MEDIAN (NOT RAISED),DRY,NO DEFECTS,ON SCENE,NO INJURY / DRIVE AWAY,Y,"OVER $1,500",03/11/2022 04:25:00 PM,UNABLE TO DETERMINE,UNABLE TO DETERMINE,,2,NO INDICATION OF INJURY,0.0,0.0,0.0,0.0,0.0,2.0,0.0,16,6,3,41.986874834,-87.674455128,POINT (-87.674455127739 41.986874834103),POINT (1163378.7141875445 1938496.1361769983),2022,5805 N RAVENSWOOD AVE
O1276983,DRIVER,3952855a546ca6360268dd02b0e4de73b41dcb41b831b951e599665fe6fdcda0354e095e4a206ceb743f462223ec304c31738a1221b7588e56937cd1cd2a7575,1212386.0,M,,NOT APPLICABLE,NONE,NO INDICATION OF INJURY,UNKNOWN,UNKNOWN,NORMAL,,,,,2022-02-07 04:16:00,30,CLEAR,"DARKNESS, LIGHTED ROAD",REAR END,DIVIDED - W/MEDIAN (NOT RAISED),UNKNOWN,UNKNOWN,ON SCENE,NO INJURY / DRIVE AWAY,Y,"OVER $1,500",02/07/2022 04:30:00 AM,UNABLE TO DETERMINE,NOT APPLICABLE,,2,NO INDICATION OF INJURY,0.0,0.0,0.0,0.0,0.0,2.0,0.0,4,2,2,41.780063838,-87.703312622,POINT (-87.703312622146 41.780063837873),POINT (1156086.473110291 1863075.4153597457),2022,6222 S KEDZIE AVE
O1273797,DRIVER,ac81e0707c71b02341ceb0162afbb381c7e49a78c6a60e3762d442ff1ee7542e256f455f00bb7f20266a7e92b8b171ecd1091a862a8b929cd2d3eb3857376b91,1209306.0,X,,DEPLOYMENT UNKNOWN,NONE,NO INDICATION OF INJURY,UNKNOWN,UNKNOWN,UNKNOWN,,,,,2022-02-01 14:45:00,25,RAIN,DAYLIGHT,PARKED MOTOR VEHICLE,NOT DIVIDED,WET,NO DEFECTS,NOT ON SCENE (DESK REPORT),NO INJURY / DRIVE AWAY,Y,"OVER $1,500",02/01/2022 05:00:00 PM,UNABLE TO DETERMINE,UNABLE TO DETERMINE,,2,NO INDICATION OF INJURY,0.0,0.0,0.0,0.0,0.0,1.0,0.0,14,3,2,41.958958019,-87.734277547,POINT (-87.734277547132 41.958958019338),POINT (1147185.908686324 1928203.6908111898),2022,4258 N TRIPP AVE
O1453431,DRIVER,fba2f19daa35166576d78c5fb9f7536ce53f109bc122b089d33646d039a6a495121f4c6dcb16a89751b52d4f82888e34d72210eebd3cfe61c66acba4f6f02e0d,1381345.0,X,,DEPLOYMENT UNKNOWN,NONE,NO INDICATION OF INJURY,UNKNOWN,UNKNOWN,UNKNOWN,,,,,2022-10-30 07:00:00,30,CLEAR,DAYLIGHT,PARKED MOTOR VEHICLE,ONE-WAY,DRY,NO DEFECTS,NOT ON SCENE (DESK REPORT),NO INJURY / DRIVE AWAY,Y,"$501 - $1,500",11/01/2022 07:48:00 PM,NOT APPLICABLE,NOT APPLICABLE,,2,NO INDICATION OF INJURY,0.0,0.0,0.0,0.0,0.0,1.0,0.0,7,1,10,41.778886537,-87.770457721,POINT (-87.770457720558 41.778886537245),POINT (1137775.5628858295 1862519.3900766664),2022,6226 S MASON AVE
O1433880,DRIVER,480cdec11e04a349ab7912903a22721a3df7bbcb20fc8601593932cb8ce4668253f0672a0da3cfb50be88e9569fca7616ab20081f9f3b1618b759fe52d6bb77e,1362680.0,X,,DEPLOYMENT UNKNOWN,UNKNOWN,NO INDICATION OF INJURY,FAILED TO YIELD,UNKNOWN,UNKNOWN,,,,,2022-10-04 23:26:00,30,UNKNOWN,"DARKNESS, LIGHTED ROAD",REAR END,DIVIDED - W/MEDIAN (NOT RAISED),DRY,UNKNOWN,ON SCENE,INJURY AND / OR TOW DUE TO CRASH,Y,"OVER $1,500",10/04/2022 11:26:00 PM,FAILING TO REDUCE SPEED TO AVOID CRASH,UNABLE TO DETERMINE,,3,"REPORTED, NOT EVIDENT",1.0,0.0,0.0,0.0,1.0,4.0,0.0,23,3,10,41.924652941,-87.721823299,POINT (-87.721823299175 41.924652941021),POINT (1150662.5048191969 1915726.7659256766),2022,3760 W FULLERTON AVE
O1302731,DRIVER,dba1df106ea6384cf7b6ec61a333365a0b8196ac50a322815cad4d6778d7311288c73874a8cbd65985eceecfe44d8afbfaad70a458498dfa6f9ff29e623eb02c,1237150.0,M,43.0,DID NOT DEPLOY,NONE,NO INDICATION OF INJURY,UNKNOWN,UNKNOWN,UNKNOWN,,,,,2022-03-11 16:00:00,30,UNKNOWN,UNKNOWN,SIDESWIPE SAME DIRECTION,NOT DIVIDED,UNKNOWN,UNKNOWN,NOT ON SCENE (DESK REPORT),NO INJURY / DRIVE AWAY,,"OVER $1,500",03/21/2022 05:45:00 PM,UNABLE TO DETERMINE,NOT APPLICABLE,,2,NO INDICATION OF INJURY,0.0,0.0,0.0,0.0,0.0,2.0,0.0,16,6,3,41.939794787,-87.658820435,POINT (-87.658820435472 41.939794786685),POINT (1167764.3816215263 1921373.0572370857),2022,3199 N RACINE AVE
P314955,PASSENGER,4f13926b74b937c73ee2b8639dddbeff362ec4967d7b8deb782967b61f5aa76f8b78babbd0a7c5edb2223077c8259dcdbfb3bf243e9350bda89165ce8f18e6e7,1347241.0,M,,NOT APPLICABLE,NONE,NO INDICATION OF INJURY,,,,,,,,2022-09-11 18:30:00,30,CLOUDY/OVERCAST,"DARKNESS, LIGHTED ROAD",ANGLE,NOT DIVIDED,WET,NO DEFECTS,ON SCENE,NO INJURY / DRIVE AWAY,Y,"OVER $1,500",09/11/2022 06:31:00 PM,DISREGARDING TRAFFIC SIGNALS,FAILING TO YIELD RIGHT-OF-WAY,,2,NO INDICATION OF INJURY,0.0,0.0,0.0,0.0,0.0,4.0,0.0,18,1,9,41.982815203,-87.807089166,POINT (-87.807089166308 41.982815202873),POINT (1127328.566614257 1936767.3039513843),2022,5600 N HARLEM AVE
O1267543,DRIVER,6f22acef13cc8426b35f4b7dcab3269a7871599fbd202103b47429f6d62ed64e8af4eed16384b156826bc5b289c3426addaabdf5e45f5d118b08bf64d76e9e5d,1203252.0,M,33.0,DID NOT DEPLOY,NONE,NO INDICATION OF INJURY,OTHER,UNKNOWN,NORMAL,,,,,2022-01-22 14:15:00,30,CLEAR,DAYLIGHT,TURNING,NOT DIVIDED,DRY,NO DEFECTS,NOT ON SCENE (DESK REPORT),NO INJURY / DRIVE AWAY,,"OVER $1,500",01/22/2022 03:37:00 PM,UNABLE TO DETERMINE,NOT APPLICABLE,,2,NO INDICATION OF INJURY,0.0,0.0,0.0,0.0,0.0,4.0,0.0,14,7,1,41.797394748,-87.684272963,POINT (-87.684272963451 41.797394747543),POINT (1161231.838535797 1869429.3003162693),2022,5300 S WESTERN AVE
O1403960,DRIVER,7644efd530ca1d28605e056fcb0fc1df3cac22525dae0f5852daa292606263935b9242642ea6e4399f193bb924b028ea2553849ff1ca56d53adc82a92debc582,1334152.0,M,70.0,NOT APPLICABLE,NONE,NONINCAPACITATING INJURY,NONE,NOT OBSCURED,NORMAL,,,,,2022-08-22 15:48:00,30,CLEAR,DAYLIGHT,ANGLE,FOUR WAY,DRY,NO DEFECTS,ON SCENE,INJURY AND / OR TOW DUE TO CRASH,,"OVER $1,500",08/22/2022 03:50:00 PM,PHYSICAL CONDITION OF DRIVER,DISREGARDING TRAFFIC SIGNALS,,5,NONINCAPACITATING INJURY,3.0,0.0,0.0,3.0,0.0,2.0,0.0,15,2,8,41.902155611,-87.755918846,POINT (-87.755918845957 41.902155611435),POINT (1141439.1125525266 1907464.4072759387),2022,1158 N LARAMIE AVE
O1436744,DRIVER,72a419fba9694ad17f3e27341432c698041983e4bc61a799fac33758e4d2a99677deae678103f587e868385a36c49133023adbcd2f1e9aa53e67851be247c9c9,1365429.0,F,45.0,NOT APPLICABLE,NONE,NO INDICATION OF INJURY,UNKNOWN,NOT OBSCURED,NORMAL,,,,,2022-10-08 22:31:00,20,CLEAR,"DARKNESS, LIGHTED ROAD",PARKED MOTOR VEHICLE,ONE-WAY,DRY,NO DEFECTS,ON SCENE,INJURY AND / OR TOW DUE TO CRASH,,"OVER $1,500",10/09/2022 01:20:00 AM,UNABLE TO DETERMINE,UNABLE TO DETERMINE,,2,NO INDICATION OF INJURY,0.0,0.0,0.0,0.0,0.0,1.0,0.0,22,7,10,41.753267147,-87.705996895,POINT (-87.705996894938 41.753267147132),POINT (1155425.5584288298 1853305.577278914),2022,7701 S CHRISTIANA AVE