PERSON_ID,PERSON_TYPE,CRASH_RECORD_ID,VEHICLE_ID,SEX,AGE,AIRBAG_DEPLOYED,EJECTION,INJURY_CLASSIFICATION,DRIVER_ACTION,DRIVER_VISION,PHYSICAL_CONDITION,PEDPEDAL_ACTION,PEDPEDAL_VISIBILITY,PEDPEDAL_LOCATION,CRASH_DATE_EST_I,CRASH_DATE,POSTED_SPEED_LIMIT,WEATHER_CONDITION,LIGHTING_CONDITION,FIRST_CRASH_TYPE,TRAFFICWAY_TYPE,ROADWAY_SURFACE_COND,ROAD_DEFECT,REPORT_TYPE,CRASH_TYPE,HIT_AND_RUN_I,DAMAGE,DATE_POLICE_NOTIFIED,PRIM_CONTRIBUTORY_CAUSE,SEC_CONTRIBUTORY_CAUSE,DOORING_I,NUM_UNITS,MOST_SEVERE_INJURY,INJURIES_TOTAL,INJURIES_FATAL,INJURIES_INCAPACITATING,INJURIES_NON_INCAPACITATING,INJURIES_REPORTED_NOT_EVIDENT,INJURIES_NO_INDICATION,INJURIES_UNKNOWN,CRASH_HOUR,CRASH_DAY_OF_WEEK,CRASH_MONTH,LATITUDE,LONGITUDE,LOCATION,geometry,YEAR,ADDRESS
P315521,PASSENGER,fff5cb22620315e0fff250f499fbc4b0a46999e26670621a4e9321dca4ff02c9c6471afbf275298d21a329b73d41c67e3c4b50faa5f5ba8e4c1ad61363e8f5a6,1349737.0,F,17.0,NOT APPLICABLE,NONE,NO INDICATION OF INJURY,,,,,,,,2022-09-15 16:45:00,30,CLEAR,DAYLIGHT,TURNING,NOT DIVIDED,DRY,NO DEFECTS,ON SCENE,NO INJURY / DRIVE AWAY,,"OVER $1,500",09/15/2022 05:50:00 PM,UNABLE TO DETERMINE,UNABLE TO DETERMINE,,2,NO INDICATION OF INJURY,0.0,0.0,0.0,0.0,0.0,29.0,0.0,16,5,9,41.896429354,-87.652043519,POINT (-87.652043518853 41.896429353542),POINT (1169733.7209735878 1905585.2124938613),2022,960 W CHICAGO AVE
O1379766,DRIVER,324c19a449b72e45fe1447ed783422cadefce3ed254a0426566394c15ed8192aaab0c30184c91fb4a5f7b6c67d86033b2d739544b6c20726a51ddcc70210ee44,1311032.0,M,,DEPLOYMENT UNKNOWN,NONE,NO INDICATION OF INJURY,OTHER,UNKNOWN,UNKNOWN,,,,,2022-07-16 13:00:00,30,CLEAR,DAYLIGHT,TURNING,FOUR WAY,DRY,NO DEFECTS,NOT ON SCENE (DESK REPORT),NO INJURY / DRIVE AWAY,,"OVER $1,500",07/16/2022 02:00:00 PM,IMPROPER OVERTAKING/PASSING,DRIVING ON WRONG SIDE/WRONG WAY,,2,NO INDICATION OF INJURY,0.0,0.0,0.0,0.0,0.0,2.0,0.0,13,7,7,41.73531807,-87.701927141,POINT (-87.701927141473 41.735318069748),POINT (1156584.031159184 1846773.2346870373),2022,8657 S KEDZIE AVE
P317176,PASSENGER,c0c3c9617901bb15907c39bc97a5d03b21cf84debdd072841e3fbca53c7a4127d2a2c77ad0c19473b5964cca30614ebdbf3bc2cf4ead02dd99680bc7e1fdb2a1,1357424.0,F,28.0,DID NOT DEPLOY,NONE,NO INDICATION OF INJURY,,,,,,,,2022-09-26 20:20:00,30,CLEAR,"DARKNESS, LIGHTED ROAD",ANGLE,DIVIDED - W/MEDIAN (NOT RAISED),DRY,NO DEFECTS,NOT ON SCENE (DESK REPORT),NO INJURY / DRIVE AWAY,,"OVER $1,500",09/26/2022 09:00:00 PM,FAILING TO YIELD RIGHT-OF-WAY,NOT APPLICABLE,,2,NO INDICATION OF INJURY,0.0,0.0,0.0,0.0,0.0,5.0,0.0,20,2,9,41.786515457,-87.693660423,POINT (-87.69366042292 41.78651545733),POINT (1158701.60791375 1865445.773756411),2022,2800 W 59TH ST
O1448427,DRIVER,48f374ae430a360a75615b61bce624e8d9ad0a34ca23ab3c0cd350848adb1a6063daa5752b49c8c5409f90c18bb62c1e1df14836b21a8e13b11a283334eef83f,1376611.0,M,59.0,DEPLOYMENT UNKNOWN,NONE,NO INDICATION OF INJURY,TOO FAST FOR CONDITIONS,NOT OBSCURED,NORMAL,,,,,2022-10-25 14:29:00,35,RAIN,DAYLIGHT,REAR END,FOUR WAY,WET,NO DEFECTS,ON SCENE,INJURY AND / OR TOW DUE TO CRASH,,"OVER $1,500",10/25/2022 05:43:00 PM,IMPROPER OVERTAKING/PASSING,WEATHER,,2,NONINCAPACITATING INJURY,1.0,0.0,0.0,1.0,0.0,2.0,0.0,14,3,10,41.733316228,-87.57577483,POINT (-87.575774829817 41.733316228278),POINT (1191022.2821243794 1846321.6211159348),2022,8900 S JEFFERY BLVD
O1372857,DRIVER,ccc3512f322332c0aff82569b40b04d3dfdf48a9aae97613f986ec646ad19b3bb372a93a6da5c955aea09479a6d2acf27d209ef7645ceff3b254a9dcc4378521,1304504.0,F,67.0,NOT APPLICABLE,NONE,NO INDICATION OF INJURY,NONE,NOT OBSCURED,NORMAL,,,,,2022-07-05 17:00:00,30,CLEAR,DAYLIGHT,SIDESWIPE SAME DIRECTION,NOT DIVIDED,DRY,NO DEFECTS,ON SCENE,NO INJURY / DRIVE AWAY,,"OVER $1,500",07/05/2022 05:00:00 PM,FAILING TO YIELD RIGHT-OF-WAY,DRIVING SKILLS/KNOWLEDGE/EXPERIENCE,,2,NO INDICATION OF INJURY,0.0,0.0,0.0,0.0,0.0,2.0,0.0,17,3,7,41.91705848,-87.744718163,POINT (-87.744718163007 41.917058480435),POINT (1144451.0110113875 1912915.7376584052),2022,4724 W ARMITAGE AVE
O1319384,DRIVER,18c91ea68c9998231bd960abf121d2c217c6da8886880a185564d05dbf669da00dc3660aa7bf67d9ba301e096b03a8caf65125891fe59302f37ac314fd30a7f0,1253162.0,M,19.0,NOT APPLICABLE,NONE,NO INDICATION OF INJURY,UNKNOWN,UNKNOWN,UNKNOWN,,,,,2022-04-17 23:00:00,30,UNKNOWN,"DARKNESS, LIGHTED ROAD",REAR TO FRONT,FOUR WAY,UNKNOWN,UNKNOWN,NOT ON SCENE (DESK REPORT),NO INJURY / DRIVE AWAY,,"$501 - $1,500",04/18/2022 02:30:00 PM,UNABLE TO DETERMINE,UNABLE TO DETERMINE,,2,NO INDICATION OF INJURY,0.0,0.0,0.0,0.0,0.0,2.0,0.0,23,1,4,41.880847946,-87.724922956,POINT (-87.724922956087 41.880847945864),POINT (1149932.1897157752 1899758.2304599376),2022,3964 W MADISON ST
O1341984,DRIVER,29678d1dfa193269d7248258dcb47c985125d8b2023c54f62cd8de3792170f9da5825a0ab14e00a747c1e521901ef32eaa0ce8e80414caea6c61dab7a466b0e2,1274946.0,X,,DEPLOYMENT UNKNOWN,NONE,NO INDICATION OF INJURY,FAILED TO YIELD,UNKNOWN,UNKNOWN,,,,Y,2022-05-21 07:20:00,30,RAIN,DAYLIGHT,REAR END,NOT DIVIDED,WET,NO DEFECTS,ON SCENE,NO INJURY / DRIVE AWAY,Y,$500 OR LESS,05/21/2022 07:20:00 AM,FOLLOWING TOO CLOSELY,NOT APPLICABLE,,2,NO INDICATION OF INJURY,0.0,0.0,0.0,0.0,0.0,2.0,0.0,7,7,5,41.707740014,-87.594141282,POINT (-87.594141281998 41.707740014125),POINT (1186089.228358724 1836958.326434165),2022,1200 E 103RD ST
O1332913,DRIVER,bb2e36ba4f9bd8596609a5fe0f4a99525640806976b2294c740128f7bd9bba8c7e1094ebd8e01e7f989e3b01a33c5db0e610001ff09029040072c54a62618998,1266225.0,F,28.0,DID NOT DEPLOY,NONE,NO INDICATION OF INJURY,NONE,UNKNOWN,NORMAL,,,,,2022-05-08 14:30:00,30,CLEAR,DAYLIGHT,TURNING,NOT DIVIDED,DRY,NO DEFECTS,ON SCENE,INJURY AND / OR TOW DUE TO CRASH,,"OVER $1,500",05/08/2022 04:43:00 PM,FAILING TO YIELD RIGHT-OF-WAY,NOT APPLICABLE,,4,NONINCAPACITATING INJURY,2.0,0.0,0.0,2.0,0.0,7.0,0.0,14,1,5,41.909516846,-87.7460484,POINT (-87.74604839974 41.90951684617),POINT (1144107.7821304 1910165.0811076032),2022,4759 W NORTH AVE
O1372286,DRIVER,14243dd051e6c3b140e0a085433030c9cf35f96d889fbf5ca2b57023b769255e2ba150f752d38990fc24040c631e17c20feb1ef28f59e639be4ff7bb23768f0b,1303952.0,M,19.0,DID NOT DEPLOY,NONE,NO INDICATION OF INJURY,UNKNOWN,NOT OBSCURED,NORMAL,,,,,2022-07-04 20:40:00,35,CLEAR,"DARKNESS, LIGHTED ROAD",REAR END,DIVIDED - W/MEDIAN BARRIER,DRY,NO DEFECTS,NOT ON SCENE (DESK REPORT),NO INJURY / DRIVE AWAY,Y,"$501 - $1,500",07/04/2022 09:20:00 PM,FOLLOWING TOO CLOSELY,NOT APPLICABLE,,2,NO INDICATION OF INJURY,0.0,0.0,0.0,0.0,0.0,2.0,0.0,20,2,7,41.699547415,-87.642751915,POINT (-87.64275191512 41.699547414667),POINT (1172839.7694387839 1833862.8472855955),2022,10700 S HALSTED ST
O1262811,DRIVER,ed831d672876e4f89d6bd81f8e68a6122ef5d9cd0537d0d17d0c101ca03fcd7650f4a46956e562e35a90707b036b98cc65955cd699d2cf9601a7b25395acf7db,1198743.0,M,52.0,DID NOT DEPLOY,NONE,NO INDICATION OF INJURY,NONE,NOT OBSCURED,NORMAL,,,,,2022-01-14 13:05:00,30,CLEAR,DAYLIGHT,PARKED MOTOR VEHICLE,DIVIDED - W/MEDIAN (NOT RAISED),UNKNOWN,UNKNOWN,NOT ON SCENE (DESK REPORT),NO INJURY / DRIVE AWAY,,"$501 - $1,500",01/14/2022 02:45:00 PM,NOT APPLICABLE,NOT APPLICABLE,,2,NO INDICATION OF INJURY,0.0,0.0,0.0,0.0,0.0,1.0,0.0,13,6,1,41.734655498,-87.597651847,POINT (-87.597651846892 41.734655498451),POINT (1185046.8359155795 1846757.8389329982),2022,8802 S GREENWOOD AVE
O1490444,DRIVER,6cbfa2368dfc89297bd4421c34da77834c785abcb754b0236b364efb0e847f37ea936ea923d21bda83a58378cdb948e472e16cd197563384324dbd64fa9ffa69,1416833.0,M,51.0,"DEPLOYED, FRONT",NONE,INCAPACITATING INJURY,UNKNOWN,UNKNOWN,NORMAL,,,,,2022-12-30 02:42:00,30,UNKNOWN,"DARKNESS, LIGHTED ROAD",ANGLE,FOUR WAY,WET,NO DEFECTS,ON SCENE,INJURY AND / OR TOW DUE TO CRASH,,"OVER $1,500",12/30/2022 02:42:00 AM,FAILING TO YIELD RIGHT-OF-WAY,IMPROPER OVERTAKING/PASSING,,2,INCAPACITATING INJURY,1.0,0.0,1.0,0.0,0.0,2.0,0.0,2,6,12,41.962054893,-87.655172462,POINT (-87.655172462212 41.9620548928),POINT (1168692.7032721979 1929492.5475390889),2022,4407 N BROADWAY
O1396521,DRIVER,f38a8814a4e3c680cc6c94cce22a8e74782a5a8a1e9e2ca8c77646299605a5f18a83bd5a23b715bb1c4849daea72a01b95115bc4109f59f1b7ae4026aa8583c9,1326990.0,F,30.0,NOT APPLICABLE,NONE,NO INDICATION OF INJURY,NONE,NOT OBSCURED,NORMAL,,,,,2022-08-10 20:10:00,30,CLEAR,DUSK,SIDESWIPE SAME DIRECTION,PARKING LOT,DRY,NO DEFECTS,NOT ON SCENE (DESK REPORT),NO INJURY / DRIVE AWAY,Y,"OVER $1,500",08/10/2022 08:36:00 PM,UNABLE TO DETERMINE,UNABLE TO DETERMINE,,2,NO INDICATION OF INJURY,0.0,0.0,0.0,0.0,0.0,2.0,0.0,20,4,8,41.923781797,-87.786253674,POINT (-87.786253674433 41.92378179667),POINT (1133130.7903211238 1915290.8682491423),2022,6420 W FULLERTON AVE
O1333943,DRIVER,e957362985cf0b87d3ed0dabe6937567293155c835f266c907771ed7196afc0780f7a53797cf157262089bbc8303eac0f8a6bdc468e6e2abc27ac9c97fc3a3f3,1267195.0,X,,"DEPLOYED, FRONT",NONE,NO INDICATION OF INJURY,IMPROPER PASSING,UNKNOWN,UNKNOWN,,,,,2022-05-10 04:00:00,30,CLEAR,"DARKNESS, LIGHTED ROAD",PARKED MOTOR VEHICLE,NOT DIVIDED,DRY,NO DEFECTS,NOT ON SCENE (DESK REPORT),NO INJURY / DRIVE AWAY,Y,"OVER $1,500",05/10/2022 08:45:00 AM,IMPROPER OVERTAKING/PASSING,NOT APPLICABLE,,2,NO INDICATION OF INJURY,0.0,0.0,0.0,0.0,0.0,1.0,0.0,4,3,5,41.798451005,-87.703550377,POINT (-87.70355037707 41.798451004892),POINT (1155972.546209849 1869775.0936043488),2022,5217 S KEDZIE AVE
P313496,PASSENGER,8904b8099835cc5b4917caf353b3165860eb98fa432f2e09db5a45acd8865d360871d47af063621da73841e509a3dd88c7c19b078ff88c025f7743ea13302131,1341074.0,,,DID NOT DEPLOY,NONE,NO INDICATION OF INJURY,,,,,,,,2022-09-01 14:50:00,35,CLEAR,DAYLIGHT,REAR END,T-INTERSECTION,DRY,NO DEFECTS,NOT ON SCENE (DESK REPORT),NO INJURY / DRIVE AWAY,,$500 OR LESS,09/02/2022 09:45:00 AM,IMPROPER OVERTAKING/PASSING,IMPROPER LANE USAGE,,2,NO INDICATION OF INJURY,0.0,0.0,0.0,0.0,0.0,3.0,0.0,14,5,9,41.679262554,-87.662616712,POINT (-87.662616711816 41.679262553897),POINT (1167472.4456570486 1826428.4356623928),2022,11800 S MARSHFIELD AVE
O1315880,DRIVER,be414dd186b3da14cc9c26544b51b3b5c4d54e4cc5a5f4b8048268e5de4187fefbfce1d718df80decd65724c572151a501d4b01cceb23726f89b39c69b11542a,1249779.0,M,53.0,DID NOT DEPLOY,NONE,"REPORTED, NOT EVIDENT",UNKNOWN,NOT OBSCURED,UNKNOWN,,,,,2022-04-11 21:00:00,30,CLEAR,"DARKNESS, LIGHTED ROAD",PARKED MOTOR VEHICLE,ONE-WAY,DRY,NO DEFECTS,ON SCENE,INJURY AND / OR TOW DUE TO CRASH,,"$501 - $1,500",04/11/2022 09:00:00 PM,FOLLOWING TOO CLOSELY,UNABLE TO DETERMINE,,2,"REPORTED, NOT EVIDENT",1.0,0.0,0.0,0.0,1.0,0.0,0.0,21,2,4,41.9375052,-87.761701661,POINT (-87.76170166069 41.937505199733),POINT (1139778.9923267644 1920335.278993651),2022,3122 N LONG AVE
O1413597,DRIVER,a1155e6b384c32f8e745f149cbce87e42403fae598729785d06684ff34e1a1b379cff824d8b02b5a53a7727dd149c203727719cce1ef87fbb00b12356082717a,1343326.0,M,41.0,DEPLOYMENT UNKNOWN,NONE,NO INDICATION OF INJURY,FAILED TO YIELD,UNKNOWN,UNKNOWN,,,,,2022-09-05 17:18:00,30,CLEAR,DAYLIGHT,TURNING,NOT DIVIDED,DRY,UNKNOWN,ON SCENE,NO INJURY / DRIVE AWAY,,"OVER $1,500",09/05/2022 05:28:00 PM,FAILING TO REDUCE SPEED TO AVOID CRASH,UNABLE TO DETERMINE,,2,NO INDICATION OF INJURY,0.0,0.0,0.0,0.0,0.0,5.0,0.0,17,2,9,41.894969692,-87.764400768,POINT (-87.764400767798 41.89496969177),POINT (1139147.441652699 1904830.4354453094),2022,5518 W CHICAGO AVE
O1420625,DRIVER,bffefc7cfab62fffeeb65e829d2014a60d9a55080bc66dffc8151f836bb6292812ada9894aedbab8805257772573d28c50e1ae9506040afb1b969272296ad0a8,1350062.0,F,39.0,DEPLOYMENT UNKNOWN,NONE,"REPORTED, NOT EVIDENT",NONE,NOT OBSCURED,NORMAL,,,,,2022-09-15 10:00:00,30,UNKNOWN,DAYLIGHT,TURNING,NOT DIVIDED,UNKNOWN,UNKNOWN,NOT ON SCENE (DESK REPORT),INJURY AND / OR TOW DUE TO CRASH,,"$501 - $1,500",09/16/2022 09:40:00 AM,UNABLE TO DETERMINE,NOT APPLICABLE,,2,"REPORTED, NOT EVIDENT",1.0,0.0,0.0,0.0,1.0,1.0,0.0,10,5,9,41.749288838,-87.740095379,POINT (-87.740095379467 41.749288838092),POINT (1146131.3726040395 1851789.9222620907),2022,4730 W 79TH ST
O1259056,DRIVER,9f24c64dd6b2af99ec70d686401b3bf3803ed4e2b97e4f3d117b20b3296cf232630a18aef1460def051b9bff3170c2f2c95b7e012d346adb8c667d7a62a53a09,1195132.0,M,63.0,DID NOT DEPLOY,NONE,NO INDICATION OF INJURY,DISREGARDED CONTROL DEVICES,NOT OBSCURED,NORMAL,,,,,2022-01-07 14:00:00,30,CLEAR,DAYLIGHT,ANGLE,NOT DIVIDED,DRY,NO DEFECTS,NOT ON SCENE (DESK REPORT),NO INJURY / DRIVE AWAY,,"$501 - $1,500",01/07/2022 04:10:00 PM,DISREGARDING STOP SIGN,UNABLE TO DETERMINE,,2,NO INDICATION OF INJURY,0.0,0.0,0.0,0.0,0.0,3.0,0.0,14,6,1,41.747749212,-87.586037416,POINT (-87.586037416392 41.74774921172),POINT (1188175.4650335188 1851556.3804138976),2022,8100 S STONY ISLAND AVE
O1397544,DRIVER,df4a8631a58c9581d525b344bb490e4d2be6e6789ce7e34967b46ceeffab604a7310337bec18376817cb106744b0837414e746aaa36eb78aa862ec6471eb99cb,1327996.0,M,27.0,NOT APPLICABLE,NONE,NO INDICATION OF INJURY,NONE,NOT OBSCURED,NORMAL,,,,,2022-08-12 14:15:00,30,CLEAR,DAYLIGHT,ANGLE,NOT DIVIDED,DRY,NO DEFECTS,NOT ON SCENE (DESK REPORT),NO INJURY / DRIVE AWAY,,"$501 - $1,500",08/12/2022 03:30:00 PM,"EVASIVE ACTION DUE TO ANIMAL, OBJECT, NONMOTORIST","VISION OBSCURED (SIGNS, TREE LIMBS, BUILDINGS, ETC.)",,2,NO INDICATION OF INJURY,0.0,0.0,0.0,0.0,0.0,2.0,0.0,14,6,8,41.890103441,-87.633245674,POINT (-87.633245674117 41.890103440645),POINT (1174870.341682604 1903321.2502078544),2022,154 W HUBBARD ST
O1490840,DRIVER,3c042889415a14f02ab5fd0e0b28c15838047ba02e710435022b74f360f5a89d192acfa4c98ccede3a95c08f743e5d031ca29e9c456f44cbe12dd71dd84b3bc3,1417227.0,M,72.0,NOT APPLICABLE,NONE,NO INDICATION OF INJURY,NONE,NOT OBSCURED,NORMAL,,,,,2022-12-30 17:45:00,8,OTHER,DARKNESS,REAR END,OTHER,WET,NO DEFECTS,NOT ON SCENE (DESK REPORT),NO INJURY / DRIVE AWAY,,"OVER $1,500",12/30/2022 06:30:00 PM,UNABLE TO DETERMINE,NOT APPLICABLE,,2,NO INDICATION OF INJURY,0.0,0.0,0.0,0.0,0.0,2.0,0.0,17,6,12,41.853640452,-87.685535791,POINT (-87.685535791157 41.853640452144),POINT (1160732.9587904417 1889922.3750961309),2022,2107 S WESTERN AVE
O1422999,DRIVER,048334cec9d1d5a1d50de47dc8b5c85392a262d2097a12f2a8216dd284bcfcaac3040547cac9a926d2b4b251253151ec1992be4bb7f39cebbe6360640b18af88,1352317.0,F,28.0,NOT APPLICABLE,NONE,NO INDICATION OF INJURY,NONE,NOT OBSCURED,NORMAL,,,,,2022-09-19 10:45:00,25,CLEAR,DAYLIGHT,REAR TO FRONT,T-INTERSECTION,DRY,NO DEFECTS,NOT ON SCENE (DESK REPORT),NO INJURY / DRIVE AWAY,,"OVER $1,500",09/19/2022 10:55:00 AM,IMPROPER BACKING,FAILING TO REDUCE SPEED TO AVOID CRASH,,2,NO INDICATION OF INJURY,0.0,0.0,0.0,0.0,0.0,2.0,0.0,10,2,9,41.901070188,-87.642255785,POINT (-87.642255784625 41.901070187512),POINT (1172384.8601486073 1907297.6462395987),2022,1018 N CAMBRIDGE AVE
P325551,PASSENGER,0d5a7ae6f0c02661e07669d21124d62a88ee8a892c3312bb279104eac56baaf4b62229fbe17fd2993033a6768f5eed486b5b01c0c305cc49ddb7f71e95bb4a38,1396761.0,M,,"DEPLOYED, FRONT",NONE,NO INDICATION OF INJURY,,,,,,,,2022-11-26 11:15:00,30,CLEAR,DAYLIGHT,SIDESWIPE SAME DIRECTION,NOT DIVIDED,DRY,NO DEFECTS,ON SCENE,INJURY AND / OR TOW DUE TO CRASH,Y,"OVER $1,500",11/26/2022 11:21:00 AM,UNABLE TO DETERMINE,UNABLE TO DETERMINE,,3,NO INDICATION OF INJURY,0.0,0.0,0.0,0.0,0.0,3.0,0.0,11,7,11,41.744472165,-87.721602131,POINT (-87.721602130824 41.744472165415),POINT (1151190.2662396634 1850070.110103808),2022,8145 S PULASKI RD
O1431668,DRIVER,d15db67a9bc58e73124028e206b2c7dd0f732ba1fc18e016efd5dd3e8d400e3f9f621c1bb6274d9310a09dba4bcb2fd036c8a18cbfe69a34a6673365343c28af,1360689.0,F,35.0,DID NOT DEPLOY,NONE,NO INDICATION OF INJURY,NONE,NOT OBSCURED,NORMAL,,,,,2022-10-01 13:00:00,30,CLEAR,DAYLIGHT,REAR END,NOT DIVIDED,DRY,NO DEFECTS,NOT ON SCENE (DESK REPORT),NO INJURY / DRIVE AWAY,,"OVER $1,500",10/01/2022 05:00:00 PM,FOLLOWING TOO CLOSELY,FOLLOWING TOO CLOSELY,,3,NO INDICATION OF INJURY,0.0,0.0,0.0,0.0,0.0,3.0,0.0,13,7,10,41.794932309,-87.598890365,POINT (-87.598890364761 41.794932308963),POINT (1184521.2495617587 1868719.3561698105),2022,1119 E 55TH ST
O1275309,DRIVER,fc9cae550cf00e3d386a3641c45b79fe358dda6b9ba596590845ab56c693a74f582fc254c56dc6e9ec9d85affe91665e6124f2b6aafb5b9f2f110122ba97a9b0,1210778.0,M,18.0,NOT APPLICABLE,NONE,NO INDICATION OF INJURY,FAILED TO YIELD,NOT OBSCURED,NORMAL,,,,,2022-01-01 05:26:00,30,CLEAR,DAWN,SIDESWIPE SAME DIRECTION,NOT DIVIDED,DRY,NO DEFECTS,NOT ON SCENE (DESK REPORT),NO INJURY / DRIVE AWAY,,"OVER $1,500",02/04/2022 01:15:00 PM,FAILING TO YIELD RIGHT-OF-WAY,NOT APPLICABLE,,2,NO INDICATION OF INJURY,0.0,0.0,0.0,0.0,0.0,2.0,0.0,5,7,1,41.954061026,-87.68832043,POINT (-87.688320430258 41.954061025874),POINT (1159699.1734970047 1926509.944749248),2022,4001 N WESTERN AVE
O1265911,DRIVER,fa73f05b23e1c53910fc09470ed00395eda9aa0a4a1ed47610362c0f895aa55e7852df38ef4c6043aae47406c3df66ba72ad39b7b0f91e01bb7499eaa8873bcd,1201725.0,M,47.0,NOT APPLICABLE,NONE,NO INDICATION OF INJURY,FAILED TO YIELD,NOT OBSCURED,NORMAL,,,,,2022-01-19 18:20:00,35,CLEAR,"DARKNESS, LIGHTED ROAD",TURNING,NOT DIVIDED,DRY,NO DEFECTS,ON SCENE,INJURY AND / OR TOW DUE TO CRASH,,"OVER $1,500",01/19/2022 06:22:00 PM,FAILING TO YIELD RIGHT-OF-WAY,NOT APPLICABLE,,2,NO INDICATION OF INJURY,0.0,0.0,0.0,0.0,0.0,2.0,0.0,18,4,1,41.802119786,-87.723979229,POINT (-87.723979228812 41.802119785793),POINT (1150392.7218445889 1871071.8243552817),2022,5006 S ARCHER AVE
O1434808,DRIVER,229dfc6300864d447dfdc84f1113e92c92ce9b6957a1510de3eebbed3d849c0c12f702de8b0ead86df264dfe3cb1eb098ef375c0220628cc9be9aefe84f67c08,1363567.0,F,22.0,DID NOT DEPLOY,NONE,NO INDICATION OF INJURY,NONE,NOT OBSCURED,NORMAL,,,,,2022-10-06 13:24:00,15,CLEAR,DAYLIGHT,ANGLE,PARKING LOT,DRY,NO DEFECTS,NOT ON SCENE (DESK REPORT),NO INJURY / DRIVE AWAY,,"OVER $1,500",10/06/2022 01:50:00 PM,NOT APPLICABLE,NOT APPLICABLE,,2,NO INDICATION OF INJURY,0.0,0.0,0.0,0.0,0.0,2.0,0.0,13,5,10,41.824706293,-87.685011706,POINT (-87.685011705627 41.824706292813),POINT (1160955.322653557 1879379.9551215256),2022,3800 S WESTERN AVE
O1379463,DRIVER,f5643e978a1350c28693332389633fdf5952147b9364dbd5059a4538f17a8b9c3c3072bdb3861257c73c8dda9c4046aff94185b668889fb7248081c453a20200,1310750.0,F,60.0,"DEPLOYED, FRONT",NONE,NO INDICATION OF INJURY,NONE,NOT OBSCURED,NORMAL,,,,,2022-07-15 23:30:00,30,RAIN,"DARKNESS, LIGHTED ROAD",TURNING,FOUR WAY,WET,NO DEFECTS,ON SCENE,INJURY AND / OR TOW DUE TO CRASH,,"OVER $1,500",07/15/2022 11:33:00 PM,DRIVING SKILLS/KNOWLEDGE/EXPERIENCE,NOT APPLICABLE,,2,NO INDICATION OF INJURY,0.0,0.0,0.0,0.0,0.0,2.0,0.0,23,6,7,41.975908245,-87.701431269,POINT (-87.701431268775 41.975908245473),POINT (1156074.1807080915 1934444.59002499),2022,2900 W FOSTER AVE
O1333792,DRIVER,cf5419affa397bf80bc8ff7202a38529ba5f8a218a8a56611a5bce134ac2223a42c1ff5f6f1b6e2d9f90d9ec6064c6ffe75a937ff8fc7211d4781a0275fbaa29,1267054.0,F,29.0,DEPLOYMENT UNKNOWN,NONE,NO INDICATION OF INJURY,NONE,UNKNOWN,NORMAL,,,,,2022-05-09 21:27:00,30,CLEAR,"DARKNESS, LIGHTED ROAD",REAR END,NOT DIVIDED,DRY,UNKNOWN,ON SCENE,INJURY AND / OR TOW DUE TO CRASH,,"OVER $1,500",05/09/2022 09:34:00 PM,DRIVING SKILLS/KNOWLEDGE/EXPERIENCE,UNABLE TO DETERMINE,,3,NONINCAPACITATING INJURY,1.0,0.0,0.0,1.0,0.0,9.0,0.0,21,2,5,41.790704125,-87.703623051,POINT (-87.703623051069 41.790704124646),POINT (1155973.4081291691 1866952.0376209964),2022,5632 S KEDZIE AVE
P284469,PASSENGER,8dabe994493aa1ecc3525b31cbc1e0e076da663ffa9c9e2a3d4bccd2b7c0ddae06fb3e247778ee3fbc7affc43bd93688f4c48d99882086bd4395b6f58a5d205a,1211499.0,F,39.0,DID NOT DEPLOY,NONE,NO INDICATION OF INJURY,,,,,,,,2022-02-05 13:24:00,20,CLEAR,DAYLIGHT,REAR END,NOT DIVIDED,SNOW OR SLUSH,NO DEFECTS,NOT ON SCENE (DESK REPORT),NO INJURY / DRIVE AWAY,,"$501 - $1,500",02/05/2022 02:45:00 PM,FOLLOWING TOO CLOSELY,NOT APPLICABLE,,2,NO INDICATION OF INJURY,0.0,0.0,0.0,0.0,0.0,3.0,0.0,13,7,2,41.911477244,-87.687397934,POINT (-87.687397934461 41.911477243548),POINT (1160067.0123059996 1910994.216676757),2022,1638 N WESTERN AVE
O1374646,DRIVER,70ac91917734cbafa4b470bf60170479f97f8b13fa5062a5d1745f08baccdd788c5fc67d86cfd3de4e8cd6c7256b7db86d38498928f012c5ecd822493b618c9e,1306219.0,M,52.0,"DEPLOYED, COMBINATION",NONE,NONINCAPACITATING INJURY,FAILED TO YIELD,UNKNOWN,NORMAL,,,,,2022-07-08 18:10:00,30,CLOUDY/OVERCAST,DAYLIGHT,ANGLE,NOT DIVIDED,DRY,NO DEFECTS,ON SCENE,INJURY AND / OR TOW DUE TO CRASH,,"OVER $1,500",07/08/2022 06:14:00 PM,FAILING TO YIELD RIGHT-OF-WAY,NOT APPLICABLE,,2,NONINCAPACITATING INJURY,1.0,0.0,0.0,1.0,0.0,1.0,0.0,18,6,7,41.882040925,-87.696164081,POINT (-87.696164080548 41.882040924803),POINT (1157760.6082314446 1900249.782764592),2022,35 N CALIFORNIA AVE