PERSON_ID,PERSON_TYPE,CRASH_RECORD_ID,VEHICLE_ID,SEX,AGE,AIRBAG_DEPLOYED,EJECTION,INJURY_CLASSIFICATION,DRIVER_ACTION,DRIVER_VISION,PHYSICAL_CONDITION,PEDPEDAL_ACTION,PEDPEDAL_VISIBILITY,PEDPEDAL_LOCATION,CRASH_DATE_EST_I,CRASH_DATE,POSTED_SPEED_LIMIT,WEATHER_CONDITION,LIGHTING_CONDITION,FIRST_CRASH_TYPE,TRAFFICWAY_TYPE,ROADWAY_SURFACE_COND,ROAD_DEFECT,REPORT_TYPE,CRASH_TYPE,HIT_AND_RUN_I,DAMAGE,DATE_POLICE_NOTIFIED,PRIM_CONTRIBUTORY_CAUSE,SEC_CONTRIBUTORY_CAUSE,DOORING_I,NUM_UNITS,MOST_SEVERE_INJURY,INJURIES_TOTAL,INJURIES_FATAL,INJURIES_INCAPACITATING,INJURIES_NON_INCAPACITATING,INJURIES_REPORTED_NOT_EVIDENT,INJURIES_NO_INDICATION,INJURIES_UNKNOWN,CRASH_HOUR,CRASH_DAY_OF_WEEK,CRASH_MONTH,LATITUDE,LONGITUDE,LOCATION,geometry,YEAR,ADDRESS
O1278081,DRIVER,11eefbb5931f0cc80028e306ccb85a43eda5c56266669b4e8621955adaafb71a6ff93fec6108d4e12138ea7d1d560d9312bb34326e78ee98ea297625b22026a7,1213436.0,X,,DEPLOYMENT UNKNOWN,NONE,NO INDICATION OF INJURY,UNKNOWN,UNKNOWN,UNKNOWN,,,,,2022-02-08 14:45:00,30,CLEAR,DAYLIGHT,TURNING,FOUR WAY,UNKNOWN,UNKNOWN,NOT ON SCENE (DESK REPORT),NO INJURY / DRIVE AWAY,Y,"OVER $1,500",02/08/2022 03:40:00 PM,UNABLE TO DETERMINE,UNABLE TO DETERMINE,,2,NO INDICATION OF INJURY,0.0,0.0,0.0,0.0,0.0,2.0,0.0,14,3,2,41.847577708,-87.734384345,POINT (-87.734384344751 41.847577707741),POINT (1147440.2380873768 1887616.5190842352),2022,4401 W OGDEN AVE
O1338467,DRIVER,eb35a0915e2c2d5ce6610419f0664998d6a67e20d27326c1ceaffaf32dcb730ef83e72edad72317f461cb8aa2f3683e86cce5baeaff256f2cc27f579f3f22364,1271537.0,F,18.0,NOT APPLICABLE,NONE,NO INDICATION OF INJURY,NONE,NOT OBSCURED,NORMAL,,,,,2022-05-16 09:20:00,30,CLEAR,DAYLIGHT,SIDESWIPE SAME DIRECTION,NOT DIVIDED,DRY,NO DEFECTS,ON SCENE,NO INJURY / DRIVE AWAY,,"OVER $1,500",05/16/2022 09:25:00 AM,IMPROPER LANE USAGE,IMPROPER LANE USAGE,,2,NO INDICATION OF INJURY,0.0,0.0,0.0,0.0,0.0,2.0,0.0,9,2,5,41.946334111,-87.722229196,POINT (-87.722229196044 41.946334111253),POINT (1150495.7290917253 1923626.6395484023),2022,3755 W ADDISON ST
O1473873,DRIVER,1c927caa614dcdeee6ab63d96c8780025ddc91bb663889fe37e3fb11bb58dc32cc94536f5cde8290a5787fc4aafe98a31d004b86c8c4fa5aabf115674a6a3728,1400893.0,M,29.0,NOT APPLICABLE,NONE,NO INDICATION OF INJURY,NONE,NOT OBSCURED,NORMAL,,,,,2022-12-03 16:25:00,30,CLEAR,DAYLIGHT,ANGLE,NOT DIVIDED,DRY,NO DEFECTS,NOT ON SCENE (DESK REPORT),NO INJURY / DRIVE AWAY,,"OVER $1,500",12/03/2022 05:20:00 PM,FAILING TO YIELD RIGHT-OF-WAY,NOT APPLICABLE,,2,NO INDICATION OF INJURY,0.0,0.0,0.0,0.0,0.0,2.0,0.0,16,7,12,41.972660302,-87.667784353,POINT (-87.667784353221 41.972660301506),POINT (1165232.5483489758 1933330.3097908671),2022,5003 N CLARK ST
O1256548,DRIVER,ad326a7f23c87c6af068502a614b1c54312b747c350bcee3f4103cd3258088bc476cd33c58aa44a37b380560cc197bc6ec92cad7fb828d1689b95dfd03ffaa56,1192730.0,M,48.0,DID NOT DEPLOY,NONE,NO INDICATION OF INJURY,UNKNOWN,NOT OBSCURED,NORMAL,,,,,2022-01-02 21:00:00,30,CLEAR,"DARKNESS, LIGHTED ROAD",ANGLE,NOT DIVIDED,SNOW OR SLUSH,NO DEFECTS,NOT ON SCENE (DESK REPORT),NO INJURY / DRIVE AWAY,,"OVER $1,500",01/02/2022 09:30:00 PM,UNABLE TO DETERMINE,UNABLE TO DETERMINE,,2,NO INDICATION OF INJURY,0.0,0.0,0.0,0.0,0.0,2.0,0.0,21,1,1,41.953965678,-87.712968763,POINT (-87.712968763225 41.953965677765),POINT (1152994.8331069727 1926425.702300544),2022,3400 W IRVING PARK RD
O1439100,DRIVER,00e30aad37d8b52dab929c1d4bf2f1975a7bd6b4de775b5413c66df030bc00800fcb69cdff709d601e17242e0e625b4ef77f061cd452933e4f1bc1b521502219,1367690.0,F,19.0,NOT APPLICABLE,NONE,NO INDICATION OF INJURY,FAILED TO YIELD,UNKNOWN,NORMAL,,,,,2022-10-12 14:20:00,30,RAIN,DAYLIGHT,ANGLE,DIVIDED - W/MEDIAN (NOT RAISED),WET,NO DEFECTS,ON SCENE,INJURY AND / OR TOW DUE TO CRASH,,"$501 - $1,500",10/12/2022 03:03:00 PM,FAILING TO YIELD RIGHT-OF-WAY,NOT APPLICABLE,,2,"REPORTED, NOT EVIDENT",1.0,0.0,0.0,0.0,1.0,4.0,0.0,14,4,10,41.770506371,-87.722407586,POINT (-87.722407586264 41.770506371155),POINT (1150903.0898782655 1859555.17258102),2022,6731 S PULASKI RD
P288669,PASSENGER,f8f9fa6ffc2a052c41d73cee89c4602d5fec3042bef53efc352b3bfbefe20a68e997928a9cd6ce031947fee530eadf01f56c2b0515849184c9247f6b3e9a6c86,1231320.0,F,29.0,DID NOT DEPLOY,NONE,NO INDICATION OF INJURY,,,,,,,,2022-03-12 01:30:00,30,CLEAR,"DARKNESS, LIGHTED ROAD",ANGLE,NOT REPORTED,DRY,UNKNOWN,NOT ON SCENE (DESK REPORT),NO INJURY / DRIVE AWAY,Y,"$501 - $1,500",03/12/2022 03:00:00 AM,DISREGARDING TRAFFIC SIGNALS,FAILING TO YIELD RIGHT-OF-WAY,,2,NO INDICATION OF INJURY,0.0,0.0,0.0,0.0,0.0,3.0,0.0,1,7,3,41.882339859,-87.676787988,POINT (-87.676787987969 41.882339859326),POINT (1163036.1965413333 1900398.4845752176),2022,2000 W WARREN BLVD
P292238,PASSENGER,e5744965741693e3e4ab0bc7dff191215305c95e1d49bf8ad616a3398251134f74bbad3ad2aca6f245a6d701db53b8e8f3238dc806c4bb85a950548c22df6a40,1247433.0,F,30.0,DID NOT DEPLOY,NONE,NO INDICATION OF INJURY,,,,,,,,2022-04-07 09:00:00,30,CLEAR,DAYLIGHT,PARKED MOTOR VEHICLE,NOT DIVIDED,DRY,NO DEFECTS,NOT ON SCENE (DESK REPORT),NO INJURY / DRIVE AWAY,,"$501 - $1,500",04/07/2022 07:10:00 PM,FAILING TO YIELD RIGHT-OF-WAY,UNABLE TO DETERMINE,,2,NO INDICATION OF INJURY,0.0,0.0,0.0,0.0,0.0,2.0,0.0,9,5,4,41.906884621,-87.638608389,POINT (-87.638608389162 41.906884620576),POINT (1173360.6515397576 1909424.4494188852),2022,1348 N SEDGWICK ST
O1482644,DRIVER,eee60d5d02362869e525a99b18d66b5d5b7a122f88552ba432afec73136131ca268d323e64fadec80a23e1304cbdd4409e7a2e99ea0fc9771ce8106c25cf473e,1409339.0,M,57.0,DID NOT DEPLOY,NONE,NO INDICATION OF INJURY,NONE,NOT OBSCURED,NORMAL,,,,N,2022-12-16 22:30:00,30,SNOW,"DARKNESS, LIGHTED ROAD",SIDESWIPE SAME DIRECTION,NOT DIVIDED,SNOW OR SLUSH,UNKNOWN,ON SCENE,INJURY AND / OR TOW DUE TO CRASH,Y,"OVER $1,500",12/16/2022 10:40:00 PM,IMPROPER OVERTAKING/PASSING,UNABLE TO DETERMINE,,2,NO INDICATION OF INJURY,0.0,0.0,0.0,0.0,0.0,2.0,0.0,22,6,12,41.990577712,-87.695051595,POINT (-87.69505159487 41.990577711859),POINT (1157769.0866934375 1939803.08050577),2022,2610 W PETERSON AVE
O1271728,DRIVER,3c9e212e8b879ed55c886bf5373c1eb72f315d5b85be248ccb256194a77b7003203006fbc8c1f0e0f225afb803e0cfbeef6e14a85fb1c0ae1f703bdb391a1d6f,1207306.0,M,,DEPLOYMENT UNKNOWN,NONE,NO INDICATION OF INJURY,UNKNOWN,UNKNOWN,UNKNOWN,,,,Y,2022-01-29 10:30:00,30,CLEAR,DAYLIGHT,SIDESWIPE SAME DIRECTION,NOT DIVIDED,WET,NO DEFECTS,ON SCENE,NO INJURY / DRIVE AWAY,Y,"OVER $1,500",01/29/2022 10:33:00 AM,UNABLE TO DETERMINE,NOT APPLICABLE,,2,NO INDICATION OF INJURY,0.0,0.0,0.0,0.0,0.0,3.0,0.0,10,7,1,41.954594482,-87.720680862,POINT (-87.720680861976 41.954594482134),POINT (1150895.4249910545 1926639.7497316233),2022,4048 N ELSTON AVE
O1257717,DRIVER,df29ab6f51a708c1d4bdc55a9fc5d328c26b69384925e79802daa0520619b257e57b504c5bb259386c923685cf598ac707c1c5f854264a3cee2101ab0dc5cad3,1193843.0,F,51.0,"DEPLOYED, FRONT",NONE,NO INDICATION OF INJURY,NONE,NOT OBSCURED,NORMAL,,,,,2022-01-04 23:35:00,30,CLEAR,"DARKNESS, LIGHTED ROAD",ANGLE,FOUR WAY,SNOW OR SLUSH,NO DEFECTS,ON SCENE,INJURY AND / OR TOW DUE TO CRASH,Y,"OVER $1,500",01/04/2022 11:37:00 PM,DISREGARDING STOP SIGN,DISREGARDING STOP SIGN,,5,NO INDICATION OF INJURY,0.0,0.0,0.0,0.0,0.0,2.0,0.0,23,3,1,41.76311509,-87.659064985,POINT (-87.659064984629 41.763115090043),POINT (1168203.379249535 1856990.9505781084),2022,7200 S LOOMIS BLVD
O1317280,DRIVER,ec09aa87a7713096cb15aa2ad767fc91501670e183a0d9b3a87294d5d007273a8ad66b2ff58f00cb02ac158504cc121653982068cb8b5519f2afa56a79bcb922,1251132.0,M,22.0,DID NOT DEPLOY,NONE,NO INDICATION OF INJURY,IMPROPER PARKING,UNKNOWN,NORMAL,,,,,2022-04-14 14:10:00,30,CLEAR,DAYLIGHT,REAR END,NOT DIVIDED,DRY,NO DEFECTS,ON SCENE,NO INJURY / DRIVE AWAY,,"$501 - $1,500",04/14/2022 02:17:00 PM,UNABLE TO DETERMINE,NOT APPLICABLE,,2,NO INDICATION OF INJURY,0.0,0.0,0.0,0.0,0.0,3.0,0.0,14,5,4,41.897495727,-87.63885792,POINT (-87.638857920142 41.897495727049),POINT (1173320.4236535584 1906002.581566428),2022,830 N SEDGWICK ST
O1325057,DRIVER,ac7f89b3ef511006458b1bad746c953fe590f6603db686217023ac9fb0037cacf2b6052b80c5c3dd1bca9c116148d866a19de2ff43b0022baf75c0c2036149a5,1258642.0,F,25.0,DID NOT DEPLOY,NONE,NO INDICATION OF INJURY,OTHER,NOT OBSCURED,NORMAL,,,,,2022-04-27 15:55:00,30,CLEAR,DAYLIGHT,REAR END,NOT DIVIDED,DRY,NO DEFECTS,ON SCENE,NO INJURY / DRIVE AWAY,,$500 OR LESS,04/27/2022 04:00:00 PM,DISTRACTION - FROM INSIDE VEHICLE,NOT APPLICABLE,,2,NO INDICATION OF INJURY,0.0,0.0,0.0,0.0,0.0,4.0,0.0,15,4,4,41.796617,-87.587469238,POINT (-87.587469238413 41.796616999878),POINT (1187630.3076285184 1869360.0627487807),2022,5450 S LAKE PARK AVE
O1401292,DRIVER,fcacfea4ac25cd6832bdb3000f5265a84728e505f6fcc8a4674f0e50aae76520cb802902c4342547993c6b239d579496591271e933515ecea7b815911b0b05bd,1331565.0,M,49.0,NOT APPLICABLE,NONE,NO INDICATION OF INJURY,FOLLOWED TOO CLOSELY,NOT OBSCURED,NORMAL,,,,,2022-08-18 16:03:00,20,CLEAR,DAYLIGHT,REAR END,ONE-WAY,DRY,NO DEFECTS,NOT ON SCENE (DESK REPORT),NO INJURY / DRIVE AWAY,,"$501 - $1,500",08/18/2022 04:55:00 PM,FAILING TO REDUCE SPEED TO AVOID CRASH,FAILING TO REDUCE SPEED TO AVOID CRASH,,2,NO INDICATION OF INJURY,0.0,0.0,0.0,0.0,0.0,2.0,0.0,16,5,8,41.797341706,-87.69893115,POINT (-87.698931149742 41.797341705989),POINT (1157235.057219136 1869380.134029061),2022,5258 S SACRAMENTO AVE
O1262057,DRIVER,c1732c5388cea2c8ca6c7d40849cb735089e4cadb311806438987a272c7dd3dbee72f550668f54fe563f2b4f602a166d9b13308cbb0257530fc051bad17d1e18,1198022.0,F,34.0,"DEPLOYED, SIDE",NONE,NONINCAPACITATING INJURY,NONE,NOT OBSCURED,NORMAL,,,,,2022-01-13 08:16:00,30,CLEAR,DAYLIGHT,TURNING,NOT DIVIDED,WET,NO DEFECTS,ON SCENE,INJURY AND / OR TOW DUE TO CRASH,,"OVER $1,500",01/13/2022 08:18:00 AM,PHYSICAL CONDITION OF DRIVER,NOT APPLICABLE,,3,NONINCAPACITATING INJURY,5.0,0.0,0.0,5.0,0.0,1.0,0.0,8,5,1,41.946107453,-87.757071567,POINT (-87.75707156743 41.946107453288),POINT (1141017.6752607194 1923478.3923978538),2022,3602 N LARAMIE AVE
O1460275,DRIVER,2859342bc728a6911d21d801d346871bca017494e4d99a62b8980de9f312cc556d330f553021dcc041efdcdf1123c3221a13239a34efa99fc5b19b03bc1786ad,1387851.0,X,,"DEPLOYED, FRONT",NONE,NO INDICATION OF INJURY,UNKNOWN,UNKNOWN,UNKNOWN,,,,Y,2022-11-12 06:30:00,30,CLEAR,DARKNESS,FIXED OBJECT,NOT DIVIDED,DRY,NO DEFECTS,ON SCENE,INJURY AND / OR TOW DUE TO CRASH,Y,"OVER $1,500",11/12/2022 07:05:00 AM,UNABLE TO DETERMINE,"OPERATING VEHICLE IN ERRATIC, RECKLESS, CARELESS, NEGLIGENT OR AGGRESSIVE MANNER",,1,NO INDICATION OF INJURY,0.0,0.0,0.0,0.0,0.0,1.0,0.0,6,7,11,41.880410003,-87.760705782,POINT (-87.760705782423 41.880410003194),POINT (1140188.845498407 1899531.596597521),2022,5412 W MADISON ST
O1269438,DRIVER,8db54d91dc061fa5fa9cb97fe1670c51759c6028835793816ec87ba29ee74fbad7b419e00e2e267f719e66458a0bc968a1647088ad1712acbe37590a6d4c9a40,1205102.0,M,39.0,NOT APPLICABLE,NONE,NO INDICATION OF INJURY,NONE,UNKNOWN,NORMAL,,,,,2022-01-25 16:15:00,30,OTHER,DAYLIGHT,SIDESWIPE SAME DIRECTION,DIVIDED - W/MEDIAN BARRIER,DRY,NO DEFECTS,NOT ON SCENE (DESK REPORT),NO INJURY / DRIVE AWAY,,"$501 - $1,500",01/25/2022 06:00:00 PM,UNABLE TO DETERMINE,UNABLE TO DETERMINE,,2,NO INDICATION OF INJURY,0.0,0.0,0.0,0.0,0.0,2.0,0.0,16,3,1,41.92024549,-87.668572963,POINT (-87.668572962613 41.920245490489),POINT (1165166.2360323768 1914228.5267608122),2022,2112 N ASHLAND AVE
O1403537,DRIVER,6507b706e68627404ac65a3cb4f7a4a44035c774ab7fb4a4f5e8c2724aaa7dd95c1470d277f8f7b5065a344a7189cc07b378db935a236df14b103dc3a3a74642,1333716.0,M,,DEPLOYMENT UNKNOWN,NONE,NO INDICATION OF INJURY,FAILED TO YIELD,UNKNOWN,UNKNOWN,,,,,2022-08-19 10:40:00,30,CLEAR,DAYLIGHT,TURNING,DIVIDED - W/MEDIAN BARRIER,DRY,SHOULDER DEFECT,NOT ON SCENE (DESK REPORT),INJURY AND / OR TOW DUE TO CRASH,,"OVER $1,500",08/22/2022 08:43:00 AM,FAILING TO YIELD RIGHT-OF-WAY,NOT APPLICABLE,,2,NONINCAPACITATING INJURY,1.0,0.0,0.0,1.0,0.0,1.0,0.0,10,6,8,41.886709667,-87.629303031,POINT (-87.629303030993 41.886709666707),POINT (1175953.9997855793 1902093.3432454944),2022,35 W WACKER DR
P318094,PASSENGER,0e5255308c5e887691c63b285bf8e02f6dc702b51d0c7e08b6fabe52290520272790bbb4197b7a21d9ab84cb847b4c4a002ef7553c1a6307ccb2092c5fce9255,1361515.0,M,55.0,"DEPLOYED, FRONT",NONE,NO INDICATION OF INJURY,,,,,,,,2022-10-03 08:48:00,55,CLEAR,DAYLIGHT,REAR END,DIVIDED - W/MEDIAN BARRIER,DRY,NO DEFECTS,ON SCENE,INJURY AND / OR TOW DUE TO CRASH,,"OVER $1,500",10/03/2022 08:55:00 AM,FOLLOWING TOO CLOSELY,FOLLOWING TOO CLOSELY,,2,NO INDICATION OF INJURY,0.0,0.0,0.0,0.0,0.0,3.0,0.0,8,2,10,41.942305419,-87.640105357,POINT (-87.640105356834 41.942305419413),POINT (1172848.8115168966 1922328.5601150002),2022,3300 N LAKE SHORE DR
O1341202,DRIVER,e14e858932b3f423c3354d01b3e060441e461af61dd936031de4bbf831e2c7b075c6ae4283b199513aefaa1e914d43719857abb58b2cac78c9e148da56c8b134,1274194.0,M,69.0,DID NOT DEPLOY,NONE,NO INDICATION OF INJURY,FAILED TO YIELD,UNKNOWN,NORMAL,,,,,2022-05-20 09:30:00,30,CLEAR,DAYLIGHT,ANGLE,NOT DIVIDED,DRY,NO DEFECTS,NOT ON SCENE (DESK REPORT),NO INJURY / DRIVE AWAY,,"OVER $1,500",05/20/2022 10:45:00 AM,FAILING TO YIELD RIGHT-OF-WAY,UNABLE TO DETERMINE,,2,NO INDICATION OF INJURY,0.0,0.0,0.0,0.0,0.0,2.0,0.0,9,6,5,41.857960732,-87.643658345,POINT (-87.643658345373 41.857960731855),POINT (1172129.270443589 1891585.5279015885),2022,1741 S RUBLE ST
P293978,PASSENGER,ac4550079dfe04701d617f8964d4a0a11d8e929e522591c5c1b378ab4af261f6f0f9a73b9525f156590d99364d65cba52841001d12dc881e96e07e0843a0aba9,1254574.0,M,54.0,DID NOT DEPLOY,NONE,NO INDICATION OF INJURY,,,,,,,,2022-04-21 07:25:00,30,CLEAR,DAYLIGHT,PARKED MOTOR VEHICLE,DIVIDED - W/MEDIAN (NOT RAISED),DRY,NO DEFECTS,NOT ON SCENE (DESK REPORT),NO INJURY / DRIVE AWAY,,"$501 - $1,500",04/21/2022 08:45:00 AM,UNABLE TO DETERMINE,UNABLE TO DETERMINE,,2,NO INDICATION OF INJURY,0.0,0.0,0.0,0.0,0.0,3.0,0.0,7,5,4,41.865571133,-87.773906528,POINT (-87.773906528215 41.865571133314),POINT (1136629.225772488 1894100.6381568597),2022,5954 W ROOSEVELT RD
P296937,PASSENGER,a9ab8af4d2a7ba82ed86878754f6fd577241b28ff7df030379a6da69a8e34d6aa751249ec8e7fe295e131e9751fb6b5cc926ba0981a80803083b12b3d84e9294,1268223.0,M,17.0,DID NOT DEPLOY,NONE,NO INDICATION OF INJURY,,,,,,,,2022-05-11 14:08:00,30,CLEAR,DAYLIGHT,REAR END,NOT DIVIDED,DRY,NO DEFECTS,ON SCENE,INJURY AND / OR TOW DUE TO CRASH,,"OVER $1,500",05/11/2022 02:48:00 PM,DRIVING SKILLS/KNOWLEDGE/EXPERIENCE,EQUIPMENT - VEHICLE CONDITION,,4,NO INDICATION OF INJURY,0.0,0.0,0.0,0.0,0.0,10.0,0.0,14,4,5,41.771416856,-87.722723929,POINT (-87.722723928931 41.77141685627),POINT (1150814.43963553 1859886.3329051835),2022,6658 S PULASKI RD
O1292621,DRIVER,ec143a1a350950fb57287302ed35ea71f1469160dfaed0122b55cb70c86b073766eeb5c8e2e5132eca64a13d0f470313eff456dd406ffccf18cb8f148ae2457d,1227492.0,M,,DEPLOYMENT UNKNOWN,NONE,NO INDICATION OF INJURY,DISREGARDED CONTROL DEVICES,UNKNOWN,UNKNOWN,,,,,2022-03-05 05:45:00,30,CLEAR,DAWN,ANGLE,FOUR WAY,DRY,NO DEFECTS,ON SCENE,NO INJURY / DRIVE AWAY,Y,"OVER $1,500",03/05/2022 05:50:00 AM,DISREGARDING STOP SIGN,UNABLE TO DETERMINE,,2,NO INDICATION OF INJURY,0.0,0.0,0.0,0.0,0.0,2.0,0.0,5,7,3,41.925800187,-87.775930111,POINT (-87.77593011117 41.92580018748),POINT (1135935.4456762434 1916044.4645752194),2022,2502 N AUSTIN AVE
O1294187,DRIVER,1997471e58510e30f8b83638d865e772b5483d2856dabb1286bd50c5be66142a6060363f45d91fe6e970122789327be6d6ae44e4e713edf810ad2da1820b457b,1228963.0,X,,DEPLOYMENT UNKNOWN,UNKNOWN,NO INDICATION OF INJURY,UNKNOWN,UNKNOWN,UNKNOWN,,,,,2022-03-07 21:30:00,30,CLEAR,DUSK,PARKED MOTOR VEHICLE,NOT DIVIDED,DRY,UNKNOWN,NOT ON SCENE (DESK REPORT),NO INJURY / DRIVE AWAY,Y,$500 OR LESS,03/07/2022 09:30:00 PM,UNABLE TO DETERMINE,NOT APPLICABLE,,2,NO INDICATION OF INJURY,0.0,0.0,0.0,0.0,0.0,1.0,0.0,21,2,3,41.876437744,-87.655448985,POINT (-87.655448985159 41.876437744036),POINT (1168864.1133519965 1898292.937854666),2022,1125 W VAN BUREN ST
O1387698,DRIVER,2aa498cec3fd5eef658e173e2284e5e7f972568b62286d80c431a81a25d64688e0f56b04c9b0bfbda50e3b247586a8d3bc0fd1aa8f21505a8ec50fa8894cf785,1318541.0,M,75.0,"DEPLOYED, COMBINATION",NONE,NONINCAPACITATING INJURY,NONE,UNKNOWN,NORMAL,,,,,2022-07-28 15:58:00,10,CLEAR,DAYLIGHT,PARKED MOTOR VEHICLE,OTHER,UNKNOWN,UNKNOWN,ON SCENE,INJURY AND / OR TOW DUE TO CRASH,,"OVER $1,500",07/28/2022 03:58:00 PM,UNABLE TO DETERMINE,UNABLE TO DETERMINE,,2,NONINCAPACITATING INJURY,1.0,0.0,0.0,1.0,0.0,0.0,0.0,15,5,7,41.992470001,-87.655399362,POINT (-87.655399362488 41.992470000978),POINT (1168543.2758800173 1940575.4800677917),2022,940 W GLENLAKE AVE
O1403744,DRIVER,e7a85b28cf56f9f4d930387f7c701a2e384e8ff457d9a5ba58dd3fbc14a5e343fc6f359299adadebf8747b5aa219307072cf75682fc7af5efd762a46cd2d0508,1333916.0,F,31.0,NOT APPLICABLE,NONE,NO INDICATION OF INJURY,NONE,NOT OBSCURED,NORMAL,,,,,2022-08-22 14:00:00,30,CLEAR,DAYLIGHT,TURNING,NOT DIVIDED,DRY,NO DEFECTS,NOT ON SCENE (DESK REPORT),NO INJURY / DRIVE AWAY,,"OVER $1,500",08/22/2022 03:25:00 PM,IMPROPER TURNING/NO SIGNAL,NOT APPLICABLE,,2,NO INDICATION OF INJURY,0.0,0.0,0.0,0.0,0.0,2.0,0.0,14,2,8,41.780521025,-87.605869499,POINT (-87.605869499248 41.780521024744),POINT (1182662.5684697318 1863451.793646854),2022,800 E 63RD ST
O1264438,DRIVER,34c2e0a99af3d68e815b4880bcaf0a760e54028af32fb8d735140a84aed093cecdd4efd01bb4129e9060a261d49b9ee7240386316748055c16b1d86ee722f5f9,1200308.0,F,78.0,DID NOT DEPLOY,NONE,INCAPACITATING INJURY,UNKNOWN,NOT OBSCURED,NORMAL,,,,,2022-01-17 10:50:00,25,CLOUDY/OVERCAST,DAYLIGHT,REAR END,DIVIDED - W/MEDIAN BARRIER,WET,NO DEFECTS,ON SCENE,INJURY AND / OR TOW DUE TO CRASH,,"OVER $1,500",01/17/2022 10:51:00 AM,DRIVING SKILLS/KNOWLEDGE/EXPERIENCE,NOT APPLICABLE,,2,INCAPACITATING INJURY,1.0,0.0,1.0,0.0,0.0,2.0,0.0,10,2,1,41.900958919,-87.619928174,POINT (-87.619928173678 41.900958919109),POINT (1178463.5679459986 1907306.8564226741),2022,1000 N LAKE SHORE DR SB
O1289592,DRIVER,2c3a2d5b73408b97f57677e14b365adcb670c24dc7ff80bf2eeff422c75940e85703a8f29d216811d026e156e4855df7f1841028952fb86c99dfb01b6dd08468,1224584.0,F,34.0,DID NOT DEPLOY,NONE,NO INDICATION OF INJURY,NONE,NOT OBSCURED,NORMAL,,,,,2022-02-27 19:06:00,30,CLEAR,"DARKNESS, LIGHTED ROAD",REAR END,NOT DIVIDED,DRY,NO DEFECTS,ON SCENE,NO INJURY / DRIVE AWAY,,$500 OR LESS,02/27/2022 07:09:00 PM,FOLLOWING TOO CLOSELY,FOLLOWING TOO CLOSELY,,2,NO INDICATION OF INJURY,0.0,0.0,0.0,0.0,0.0,2.0,0.0,19,1,2,41.844820376,-87.685593114,POINT (-87.685593114094 41.84482037639),POINT (1160741.5846804697 1886708.2497065351),2022,2600 S WESTERN AVE
O1276109,DRIVER,c3569521dd779348e2e527aeeb93b07fd85b85dfe2c0a1682d8ad0e4291efa25792b095e53f82a3817bd12fb1e26d723f51528f8723c3e209038586b30d4dc67,1211536.0,F,50.0,NOT APPLICABLE,NONE,NO INDICATION OF INJURY,NONE,NOT OBSCURED,NORMAL,,,,,2022-02-05 15:45:00,30,CLEAR,DAYLIGHT,REAR END,NOT DIVIDED,DRY,NO DEFECTS,NOT ON SCENE (DESK REPORT),NO INJURY / DRIVE AWAY,,"OVER $1,500",02/05/2022 04:02:00 PM,FOLLOWING TOO CLOSELY,FOLLOWING TOO CLOSELY,,2,NO INDICATION OF INJURY,0.0,0.0,0.0,0.0,0.0,2.0,0.0,15,7,2,41.778349892,-87.752069714,POINT (-87.752069714228 41.778349891866),POINT (1142792.2732399441 1862357.2055952458),2022,5200 W 63RD ST
O1475118,DRIVER,88cd8c7b202f47889e51885cae421a411025d3ab60a1bbd5d5517424d2540a3178870d7aebee9174f5927eefd3f289208a0b7e3bc8beabc7be7404b4b78e6534,1402104.0,F,51.0,NOT APPLICABLE,NONE,NO INDICATION OF INJURY,NONE,UNKNOWN,UNKNOWN,,,,,2022-12-02 17:22:00,25,CLEAR,DUSK,REAR END,NOT DIVIDED,DRY,NO DEFECTS,NOT ON SCENE (DESK REPORT),NO INJURY / DRIVE AWAY,,"$501 - $1,500",12/05/2022 06:30:00 PM,FOLLOWING TOO CLOSELY,FOLLOWING TOO CLOSELY,,2,NO INDICATION OF INJURY,0.0,0.0,0.0,0.0,0.0,2.0,0.0,17,6,12,41.778590253,-87.726572004,POINT (-87.726572003653 41.778590252868),POINT (1149746.2998702277 1862492.831038976),2022,6300 S KEDVALE AVE
O1449833,DRIVER,25541d1d2be157160c73375ed17265aeba29283d4fa9c93a4b11054797e0d07fd06ac36bd264c5bb7277cbd14f51eb613622ebd27563c9ff95a834a930385e29,1377941.0,X,,DID NOT DEPLOY,NONE,NO INDICATION OF INJURY,OTHER,UNKNOWN,UNKNOWN,,,,,2022-10-27 17:00:00,25,CLEAR,DAYLIGHT,REAR END,NOT DIVIDED,DRY,NO DEFECTS,NOT ON SCENE (DESK REPORT),NO INJURY / DRIVE AWAY,,$500 OR LESS,10/27/2022 05:30:00 PM,UNABLE TO DETERMINE,UNABLE TO DETERMINE,,3,NO INDICATION OF INJURY,0.0,0.0,0.0,0.0,0.0,3.0,0.0,17,5,10,41.848613315,-87.646643301,POINT (-87.64664330115 41.848613314866),POINT (1171343.3525163918 1888172.8358424136),2022,2420 S HALSTED ST
O1424770,DRIVER,3eb49d518978b775004c88e2638c960fb8b5e67ccc79ba8feef8f100456361fbd98db8d508d9788a0017ffb3cedd4d3a99d1c5d389d73317e36b11aaf417dcd6,1354003.0,F,22.0,DID NOT DEPLOY,NONE,INCAPACITATING INJURY,UNKNOWN,UNKNOWN,UNKNOWN,,,,,2022-09-21 15:14:00,15,CLEAR,DAYLIGHT,PARKED MOTOR VEHICLE,PARKING LOT,DRY,NO DEFECTS,ON SCENE,INJURY AND / OR TOW DUE TO CRASH,,"OVER $1,500",09/21/2022 03:15:00 PM,PHYSICAL CONDITION OF DRIVER,NOT APPLICABLE,,3,INCAPACITATING INJURY,1.0,0.0,1.0,0.0,0.0,0.0,0.0,15,4,9,41.754660124,-87.741384759,POINT (-87.741384758605 41.754660124394),POINT (1145766.0625108115 1853744.7435096262),2022,7601 S CICERO AVE