PERSON_ID,PERSON_TYPE,CRASH_RECORD_ID,VEHICLE_ID,SEX,AGE,AIRBAG_DEPLOYED,EJECTION,INJURY_CLASSIFICATION,DRIVER_ACTION,DRIVER_VISION,PHYSICAL_CONDITION,PEDPEDAL_ACTION,PEDPEDAL_VISIBILITY,PEDPEDAL_LOCATION,CRASH_DATE_EST_I,CRASH_DATE,POSTED_SPEED_LIMIT,WEATHER_CONDITION,LIGHTING_CONDITION,FIRST_CRASH_TYPE,TRAFFICWAY_TYPE,ROADWAY_SURFACE_COND,ROAD_DEFECT,REPORT_TYPE,CRASH_TYPE,HIT_AND_RUN_I,DAMAGE,DATE_POLICE_NOTIFIED,PRIM_CONTRIBUTORY_CAUSE,SEC_CONTRIBUTORY_CAUSE,DOORING_I,NUM_UNITS,MOST_SEVERE_INJURY,INJURIES_TOTAL,INJURIES_FATAL,INJURIES_INCAPACITATING,INJURIES_NON_INCAPACITATING,INJURIES_REPORTED_NOT_EVIDENT,INJURIES_NO_INDICATION,INJURIES_UNKNOWN,CRASH_HOUR,CRASH_DAY_OF_WEEK,CRASH_MONTH,LATITUDE,LONGITUDE,LOCATION,geometry,YEAR,ADDRESS
P285292,PASSENGER,f8b6ad3d238a1f4d1da0bdc2a9d3e5176175f0474767bf165fc8db5169bcc2ec0abefee76348f0634b32d12d36f4936a166551920dae532ea1b45ac462d60204,1215126.0,F,,DID NOT DEPLOY,NONE,NO INDICATION OF INJURY,,,,,,,,2022-02-10 22:00:00,30,CLEAR,"DARKNESS, LIGHTED ROAD",REAR END,FOUR WAY,DRY,NO DEFECTS,ON SCENE,NO INJURY / DRIVE AWAY,Y,"$501 - $1,500",02/10/2022 10:02:00 PM,UNABLE TO DETERMINE,NOT APPLICABLE,,2,NO INDICATION OF INJURY,0.0,0.0,0.0,0.0,0.0,3.0,0.0,22,5,2,41.76520135,-87.637517476,POINT (-87.637517475982 41.765201350192),POINT (1174075.8372595017 1857797.9832872371),2022,509 W 71ST ST
O1460837,PEDESTRIAN,cdbd109900505606efa5e0b3c595dfb7183c20a7f20f68cde7ab3afec391c11160a9a788671cb3d4bf1274a6eb8cacd28b2f9c749c83b3d994b229b3a34f5487,,F,40.0,,,NONINCAPACITATING INJURY,NONE,OTHER,NORMAL,AGAINST TRAFFIC,NO CONTRASTING CLOTHING,IN ROADWAY,,2022-11-13 01:15:00,20,CLEAR,"DARKNESS, LIGHTED ROAD",PEDESTRIAN,PARKING LOT,DRY,NO DEFECTS,ON SCENE,INJURY AND / OR TOW DUE TO CRASH,Y,$500 OR LESS,11/13/2022 01:16:00 AM,FAILING TO YIELD RIGHT-OF-WAY,IMPROPER BACKING,,2,NONINCAPACITATING INJURY,1.0,0.0,0.0,1.0,0.0,2.0,0.0,1,1,11,41.886651715,-87.650462248,POINT (-87.65046224809 41.886651715428),POINT (1170192.586142719 1902025.6660090142),2022,915 W FULTON MARKET
O1357174,DRIVER,e0ed3f8e4fc5c510abb94f939d332279f69c5e40ae1eb6ee54c6052797b9e89851e7e2f637ae48f8e9b689d8784ecff25d18ecabdce1308d341b002d2c208f0b,1289550.0,F,57.0,DID NOT DEPLOY,NONE,NO INDICATION OF INJURY,IMPROPER PASSING,NOT OBSCURED,NORMAL,,,,,2022-06-09 14:00:00,30,CLEAR,DAYLIGHT,SIDESWIPE SAME DIRECTION,NOT DIVIDED,DRY,NO DEFECTS,,NO INJURY / DRIVE AWAY,,$500 OR LESS,06/11/2022 03:20:00 PM,IMPROPER OVERTAKING/PASSING,NOT APPLICABLE,,2,NO INDICATION OF INJURY,0.0,0.0,0.0,0.0,0.0,2.0,0.0,14,5,6,41.917774642,-87.707127992,POINT (-87.707127991974 41.917774642227),POINT (1154679.913585768 1913249.1675464439),2022,2010 N KEDZIE AVE
O1325777,DRIVER,51b92cec46ddbad8a09f2ea84370ca691aceb1f61ae4f840768223d75245b13fdfb0f0f321439c0e32864b3fdb266a4f6e570623ffbc59bc8ce6c8263ac1cc98,1259353.0,X,,DEPLOYMENT UNKNOWN,NONE,NO INDICATION OF INJURY,NONE,UNKNOWN,UNKNOWN,,,,,2022-04-28 18:20:00,30,CLEAR,DAYLIGHT,PARKED MOTOR VEHICLE,NOT DIVIDED,DRY,NO DEFECTS,NOT ON SCENE (DESK REPORT),NO INJURY / DRIVE AWAY,Y,"$501 - $1,500",04/28/2022 07:11:00 PM,NOT APPLICABLE,NOT APPLICABLE,,3,NO INDICATION OF INJURY,0.0,0.0,0.0,0.0,0.0,1.0,0.0,18,5,4,41.785966687,-87.73081831,POINT (-87.730818310206 41.785966686901),POINT (1148569.265600583 1865172.602956172),2022,4310 W 59TH ST
P288951,PASSENGER,a576f0b6c2c84bc42abd34988173411549d0fddf1c1fc951ba6ca1076066b52296f241476876ccfbb4115fb173c2ef3c99bbf2951b619f58367f27e7028704a6,1232326.0,F,21.0,DID NOT DEPLOY,NONE,NO INDICATION OF INJURY,,,,,,,,2022-03-13 17:05:00,30,CLEAR,DAYLIGHT,TURNING,FOUR WAY,DRY,NO DEFECTS,ON SCENE,NO INJURY / DRIVE AWAY,,"OVER $1,500",03/13/2022 05:05:00 PM,NOT APPLICABLE,NOT APPLICABLE,,2,NO INDICATION OF INJURY,0.0,0.0,0.0,0.0,0.0,6.0,0.0,17,1,3,41.87574748,-87.627674007,POINT (-87.627674006991 41.875747479612),POINT (1176430.4231907954 1898102.373266707),2022,2 W CONGRESS PKWY
P316144,PASSENGER,728e807459436cb84519c7af08850966311d52f4adcb5ebbfb83d6e7cfd538f816f63b7c68aa284e1f5faa4922d77a4694e03d2bd4a364741879af63e504c20c,1352909.0,F,,DID NOT DEPLOY,NONE,NO INDICATION OF INJURY,,,,,,,,2022-09-20 07:23:00,30,CLEAR,DAYLIGHT,REAR TO FRONT,DIVIDED - W/MEDIAN (NOT RAISED),DRY,NO DEFECTS,ON SCENE,NO INJURY / DRIVE AWAY,,"OVER $1,500",09/20/2022 07:24:00 AM,IMPROPER BACKING,NOT APPLICABLE,,2,NO INDICATION OF INJURY,0.0,0.0,0.0,0.0,0.0,19.0,0.0,7,3,9,41.971224641,-87.763565808,POINT (-87.763565807602 41.971224640766),POINT (1139190.1035011644 1932619.3633811353),2022,4967 N MILWAUKEE AVE
O1359764,DRIVER,6da9a52bf8d8f388fa57b5a1f7b97428a639442555c0180585fdce2be9b0334b7e205e14d82881478b1a8ec3fb34d3fdcf3e438d1aef9986cd890b501c2da578,1292019.0,F,38.0,DID NOT DEPLOY,NONE,NO INDICATION OF INJURY,NONE,NOT OBSCURED,NORMAL,,,,,2022-06-16 16:00:00,30,CLEAR,DAYLIGHT,SIDESWIPE SAME DIRECTION,NOT DIVIDED,DRY,NO DEFECTS,NOT ON SCENE (DESK REPORT),NO INJURY / DRIVE AWAY,,"OVER $1,500",06/16/2022 06:30:00 PM,UNABLE TO DETERMINE,NOT APPLICABLE,,2,NO INDICATION OF INJURY,0.0,0.0,0.0,0.0,0.0,2.0,0.0,16,5,6,41.918448756,-87.690291589,POINT (-87.690291588986 41.918448756133),POINT (1159260.3381086318 1913528.723974594),2022,2046 N MILWAUKEE AVE
O1465742,DRIVER,18cb03d1d154a469e10b3abafc30b648c72121213662a540f2232e0716025d056d1a38e0db0bd655f221629b23247837186b57a3ec83b16178247ba7dac8c434,1393179.0,X,,DEPLOYMENT UNKNOWN,UNKNOWN,NO INDICATION OF INJURY,UNKNOWN,UNKNOWN,UNKNOWN,,,,,2022-11-20 02:23:00,25,OTHER,"DARKNESS, LIGHTED ROAD",FIXED OBJECT,NOT DIVIDED,DRY,NO DEFECTS,ON SCENE,INJURY AND / OR TOW DUE TO CRASH,Y,"OVER $1,500",11/20/2022 02:23:00 AM,NOT APPLICABLE,NOT APPLICABLE,,3,NO INDICATION OF INJURY,0.0,0.0,0.0,0.0,0.0,2.0,0.0,2,1,11,41.803538896,-87.643944169,POINT (-87.643944169027 41.803538895612),POINT (1172210.5512392516 1871753.8026895826),2022,722 W 50TH ST
O1262759,DRIVER,eff7a17eaebb6527ddafc4e594f372c090db2142f5718bd58933cdbbe6c814f270bbb64a4ee8dc5def2f187283efb860992038355596e8610cbab8bfacb1d7b6,1198687.0,M,47.0,DID NOT DEPLOY,NONE,NO INDICATION OF INJURY,IMPROPER TURN,UNKNOWN,NORMAL,,,,,2022-01-05 08:00:00,30,SNOW,DAYLIGHT,SIDESWIPE SAME DIRECTION,ONE-WAY,WET,NO DEFECTS,,NO INJURY / DRIVE AWAY,,"OVER $1,500",01/05/2022 08:20:00 AM,IMPROPER TURNING/NO SIGNAL,NOT APPLICABLE,,2,NO INDICATION OF INJURY,0.0,0.0,0.0,0.0,0.0,2.0,0.0,8,4,1,41.877690195,-87.629431342,POINT (-87.629431341645 41.877690194585),POINT (1175946.0192156977 1898806.3667442661),2022,318 S DEARBORN ST
P329004,PASSENGER,be64d16fd1fcfd8a40ec01f4f71954a737ecb9009d77d57e1067cb003b33df04c2e519139328be51410aa05dce191a96c5a7f330c8b294b207ea055f148b12c5,1413764.0,F,,NOT APPLICABLE,NONE,NONINCAPACITATING INJURY,,,,,,,,2022-12-24 10:40:00,30,SNOW,DAYLIGHT,SIDESWIPE SAME DIRECTION,DIVIDED - W/MEDIAN (NOT RAISED),SNOW OR SLUSH,NO DEFECTS,ON SCENE,INJURY AND / OR TOW DUE TO CRASH,,"OVER $1,500",12/24/2022 10:44:00 AM,"VISION OBSCURED (SIGNS, TREE LIMBS, BUILDINGS, ETC.)",UNABLE TO DETERMINE,,2,NONINCAPACITATING INJURY,2.0,0.0,0.0,2.0,0.0,2.0,0.0,10,7,12,41.968932416,-87.674097457,POINT (-87.674097457171 41.968932415528),POINT (1163526.2727613032 1931958.5773821),2022,1778 W LAWRENCE AVE
P321352,PASSENGER,8280c1c903e60172e0c680dce6000d48f3bd9587232ba615ad8121d96761c638841026796692465c283994892b3ff34d0ce549673e908f51bc40b1491da2e098,1376816.0,M,16.0,DID NOT DEPLOY,NONE,"REPORTED, NOT EVIDENT",,,,,,,,2022-10-26 06:50:00,30,RAIN,DAYLIGHT,REAR END,DIVIDED - W/MEDIAN (NOT RAISED),WET,UNKNOWN,NOT ON SCENE (DESK REPORT),INJURY AND / OR TOW DUE TO CRASH,,$500 OR LESS,10/26/2022 07:25:00 AM,FOLLOWING TOO CLOSELY,NOT APPLICABLE,,2,"REPORTED, NOT EVIDENT",3.0,0.0,0.0,0.0,3.0,1.0,0.0,6,4,10,42.005076123,-87.69021903,POINT (-87.690219030222 42.005076122723),POINT (1159043.16089856 1945096.2189781708),2022,6800 N WESTERN AVE
O1337006,DRIVER,4d14cb1fdf951224476123ea89b138d6dbb5862c14a5078f205b95c87be7c5d9845925aa700d7ec12df1bd0b974beea084ad877b16bb72d19f106056ee619ded,1270113.0,M,,DEPLOYMENT UNKNOWN,NONE,NO INDICATION OF INJURY,UNKNOWN,UNKNOWN,UNKNOWN,,,,,2022-05-14 03:41:00,30,CLEAR,"DARKNESS, LIGHTED ROAD",FIXED OBJECT,NOT DIVIDED,DRY,UNKNOWN,ON SCENE,INJURY AND / OR TOW DUE TO CRASH,Y,"OVER $1,500",05/14/2022 03:45:00 AM,UNABLE TO DETERMINE,UNABLE TO DETERMINE,,1,NO INDICATION OF INJURY,0.0,0.0,0.0,0.0,0.0,1.0,0.0,3,7,5,41.779570436,-87.664293875,POINT (-87.664293875129 41.779570436187),POINT (1166730.1850441373 1862976.0100162497),2022,1600 W 63RD ST
O1326348,DRIVER,db8422625ebd7bd0c547a009ed3426d14d3a36e95c1bb2c760c633b8b7db9c79a897e325d13e8f8071535fa49d2101a08b79a94690bf480fdb8f2c0d162aabf1,1259901.0,M,23.0,NOT APPLICABLE,NONE,NO INDICATION OF INJURY,NONE,NOT OBSCURED,NORMAL,,,,,2022-04-29 17:00:00,30,CLEAR,DAYLIGHT,REAR END,DIVIDED - W/MEDIAN BARRIER,DRY,NO DEFECTS,NOT ON SCENE (DESK REPORT),NO INJURY / DRIVE AWAY,,"$501 - $1,500",04/29/2022 05:15:00 PM,FOLLOWING TOO CLOSELY,FOLLOWING TOO CLOSELY,,2,NO INDICATION OF INJURY,0.0,0.0,0.0,0.0,0.0,2.0,0.0,17,6,4,41.793535046,-87.665932358,POINT (-87.66593235846 41.793535046069),POINT (1166243.7878378103 1868061.1440120838),2022,1635 W GARFIELD BLVD
O1471708,DRIVER,88e9b7fb1580780c5db199b6fcfba721bd3ae091da1001f6bf20fd061980c369eab857dc7cb294a825c531f8765f2158abc93c1153de934f0c405e4bef0ae39b,1399968.0,F,19.0,DID NOT DEPLOY,NONE,NO INDICATION OF INJURY,NONE,UNKNOWN,UNKNOWN,,,,,2022-11-29 20:20:00,30,RAIN,"DARKNESS, LIGHTED ROAD",REAR END,DIVIDED - W/MEDIAN BARRIER,WET,UNKNOWN,NOT ON SCENE (DESK REPORT),NO INJURY / DRIVE AWAY,,"OVER $1,500",11/30/2022 12:15:00 PM,FOLLOWING TOO CLOSELY,NOT APPLICABLE,,2,NO INDICATION OF INJURY,0.0,0.0,0.0,0.0,0.0,2.0,0.0,20,3,11,41.889354252,-87.624102456,POINT (-87.624102456243 41.889354251928),POINT (1177362.1336886883 1903068.690635305),2022,401 N MICHIGAN AVE
O1477598,DRIVER,7816305b031b0eeac5531d28d2750b86e2e218eab4aa2fa6cc7e52dd8f452bd41b670966fff7ca2e2d2e45d9561588ea443e58bfb7ba5df38836a957dc6f6e7a,1404559.0,F,41.0,DID NOT DEPLOY,NONE,NO INDICATION OF INJURY,NONE,NOT OBSCURED,NORMAL,,,,,2022-12-09 18:03:00,30,UNKNOWN,"DARKNESS, LIGHTED ROAD",REAR END,T-INTERSECTION,WET,UNKNOWN,ON SCENE,INJURY AND / OR TOW DUE TO CRASH,Y,"OVER $1,500",12/09/2022 06:03:00 PM,FAILING TO REDUCE SPEED TO AVOID CRASH,UNABLE TO DETERMINE,,2,NO INDICATION OF INJURY,0.0,0.0,0.0,0.0,0.0,2.0,0.0,18,6,12,41.832752639,-87.643570409,POINT (-87.643570408719 41.832752639152),POINT (1172227.0026056452 1882399.9687954485),2022,3365 S UNION AVE
P301466,PASSENGER,f6103a467d1ea35a54e498d559a9b1bd1e9d79a73c0ddef7681df65d42cb817b7578f0f06bbc3abc2584bfe9017b9e31a230803c92f759a25710637eb0de0afc,1288267.0,X,52.0,DID NOT DEPLOY,NONE,"REPORTED, NOT EVIDENT",,,,,,,,2022-06-11 09:45:00,30,CLEAR,DAYLIGHT,REAR END,NOT DIVIDED,DRY,NO DEFECTS,ON SCENE,INJURY AND / OR TOW DUE TO CRASH,Y,"OVER $1,500",06/11/2022 09:50:00 AM,FOLLOWING TOO CLOSELY,NOT APPLICABLE,,3,"REPORTED, NOT EVIDENT",2.0,0.0,0.0,0.0,2.0,2.0,0.0,9,7,6,41.928078074,-87.705552055,POINT (-87.705552055427 41.928078074023),POINT (1155081.3401237503 1917006.8872754206),2022,2569 N MILWAUKEE AVE
O1332054,DRIVER,f8bdead1afa48a28f696c9a1a50fe8779ada1686e8f8f77c28128dcae6f84169a6f96d81e35fde7cc1f5159753205c9e00f8663a423f659c7c674aa4a5ca8c32,1265382.0,X,,DEPLOYMENT UNKNOWN,NONE,NO INDICATION OF INJURY,UNKNOWN,UNKNOWN,UNKNOWN,,,,Y,2022-05-07 01:00:00,20,CLEAR,"DARKNESS, LIGHTED ROAD",PARKED MOTOR VEHICLE,NOT DIVIDED,DRY,UNKNOWN,NOT ON SCENE (DESK REPORT),NO INJURY / DRIVE AWAY,Y,"OVER $1,500",05/07/2022 02:45:00 PM,UNABLE TO DETERMINE,UNABLE TO DETERMINE,,2,NO INDICATION OF INJURY,0.0,0.0,0.0,0.0,0.0,1.0,0.0,1,7,5,41.913843538,-87.771472778,POINT (-87.771472777701 41.913843537931),POINT (1137176.964402414 1911695.3703935132),2022,1831 N MONITOR AVE
P299512,PASSENGER,3adafd1f5af602f7aaa5a0be203185e597b71e1f6a832aaa38ae51ae20fd919987953a06f5bb7021f82106b4abfcb51e66ccce804a60e4be320c0da704a699c0,1280038.0,F,,NOT APPLICABLE,NONE,NO INDICATION OF INJURY,,,,,,,,2022-05-29 14:00:00,30,CLEAR,DAYLIGHT,ANGLE,TRAFFIC ROUTE,DRY,"RUT, HOLES",ON SCENE,INJURY AND / OR TOW DUE TO CRASH,,"OVER $1,500",05/29/2022 03:00:00 PM,DISREGARDING TRAFFIC SIGNALS,NOT APPLICABLE,,2,NO INDICATION OF INJURY,0.0,0.0,0.0,0.0,0.0,4.0,0.0,14,1,5,41.876332859,-87.666811118,POINT (-87.666811117572 41.87633285922),POINT (1165770.0466626976 1898230.4832559132),2022,400 S ASHLAND AVE
O1331860,DRIVER,df5b0fe9e5ca391d1cd42b03a7059311b2ee205f701dc3233f59bbdfdc4d4a4d70a287caeceac77a220f8333963f324e3adb6f6ea731d346b82df0d0318b1117,1265196.0,F,10.0,"DEPLOYED, COMBINATION",NONE,"REPORTED, NOT EVIDENT",OTHER,NOT OBSCURED,NORMAL,,,,,2022-05-07 06:27:00,30,CLEAR,DAYLIGHT,FIXED OBJECT,NOT DIVIDED,DRY,NO DEFECTS,ON SCENE,INJURY AND / OR TOW DUE TO CRASH,,"OVER $1,500",05/07/2022 06:29:00 AM,DRIVING SKILLS/KNOWLEDGE/EXPERIENCE,DRIVING SKILLS/KNOWLEDGE/EXPERIENCE,,2,"REPORTED, NOT EVIDENT",1.0,0.0,0.0,0.0,1.0,0.0,0.0,6,7,5,41.809357498,-87.625365996,POINT (-87.625365996098 41.80935749775),POINT (1177258.4156507116 1873915.2453210626),2022,16 E 47TH ST
O1267374,DRIVER,e70c0141c60e1563816e7e4ebc61d6a4bc5d597fd46f818cc5893c24e92516ed7941e7568ac85ba958d34d24dd287068d621ed825046fdbbbf0d43de6e78d5be,1203094.0,M,31.0,DID NOT DEPLOY,NONE,INCAPACITATING INJURY,FAILED TO YIELD,NOT OBSCURED,NORMAL,,,,,2022-01-22 10:10:00,30,CLEAR,DAYLIGHT,TURNING,NOT DIVIDED,WET,NO DEFECTS,ON SCENE,INJURY AND / OR TOW DUE TO CRASH,,"OVER $1,500",01/22/2022 10:13:00 AM,FAILING TO YIELD RIGHT-OF-WAY,FAILING TO REDUCE SPEED TO AVOID CRASH,,2,INCAPACITATING INJURY,1.0,0.0,1.0,0.0,0.0,1.0,0.0,10,7,1,41.882065246,-87.733190784,POINT (-87.733190784166 41.882065245761),POINT (1147677.5853473516 1900185.9598441895),2022,4300 W WASHINGTON BLVD
O1429814,DRIVER,98d39188609f522a3c7b56c3bc787c0666c64e53942aac85d27bd73059743c9b4a1cb849e0978eaf0caf7b3f58f180c510cafd2660eafbc951cec3f3fc12fe97,1358825.0,X,,"DEPLOYED, FRONT",NONE,NO INDICATION OF INJURY,UNKNOWN,UNKNOWN,UNKNOWN,,,,,2022-09-29 02:14:00,30,CLEAR,"DARKNESS, LIGHTED ROAD",PARKED MOTOR VEHICLE,DIVIDED - W/MEDIAN (NOT RAISED),DRY,NO DEFECTS,ON SCENE,INJURY AND / OR TOW DUE TO CRASH,Y,"OVER $1,500",09/29/2022 06:39:00 AM,UNABLE TO DETERMINE,NOT APPLICABLE,,2,NO INDICATION OF INJURY,0.0,0.0,0.0,0.0,0.0,1.0,0.0,2,5,9,41.938910463,-87.776086514,POINT (-87.776086514225 41.93891046292),POINT (1135861.8330641827 1920821.5905251014),2022,3215 N AUSTIN AVE
O1368376,BICYCLE,aecd25b25b3a57bc7bc360e40d2c091b63d9007b598c61b9a6a9341f0542bb798169e0b7a098ef35082e089dd74009c2cff619c02fe726cc21f61b2f80ad66ba,,M,12.0,,UNKNOWN,NONINCAPACITATING INJURY,FAILED TO YIELD,UNKNOWN,UNKNOWN,TURNING LEFT,NO CONTRASTING CLOTHING,IN ROADWAY,,2022-06-28 17:40:00,30,CLEAR,DAYLIGHT,PEDALCYCLIST,NOT DIVIDED,DRY,NO DEFECTS,ON SCENE,INJURY AND / OR TOW DUE TO CRASH,,"OVER $1,500",06/28/2022 05:50:00 PM,FAILING TO YIELD RIGHT-OF-WAY,NOT APPLICABLE,,2,NONINCAPACITATING INJURY,1.0,0.0,0.0,1.0,0.0,1.0,0.0,17,3,6,41.930977679,-87.779548438,POINT (-87.779548438057 41.93097767915),POINT (1134938.6061593713 1917924.7683587177),2022,6129 W DIVERSEY AVE
O1339264,DRIVER,a313daa8fcc00352b9e3db7a38c151a171ca3ca3f033da1e4cb6a3e61418214da32a32b1d704db7e037655bf6da4d1755bc5ec1b61d131e7dad83db9cc4a6b1d,1272310.0,M,,DEPLOYMENT UNKNOWN,NONE,NO INDICATION OF INJURY,IMPROPER PASSING,UNKNOWN,UNKNOWN,,,,,2022-05-17 12:50:00,30,CLEAR,DAYLIGHT,PARKED MOTOR VEHICLE,NOT DIVIDED,DRY,NO DEFECTS,NOT ON SCENE (DESK REPORT),NO INJURY / DRIVE AWAY,,"OVER $1,500",05/17/2022 01:30:00 PM,DRIVING SKILLS/KNOWLEDGE/EXPERIENCE,NOT APPLICABLE,,2,NO INDICATION OF INJURY,0.0,0.0,0.0,0.0,0.0,1.0,0.0,12,3,5,41.786155308,-87.703493141,POINT (-87.703493140571 41.786155307863),POINT (1156020.9779203036 1865294.7407913012),2022,5900 S KEDZIE AVE
O1342972,DRIVER,80948372d6631129818d2781f489ab4b6567f118564f2a15e91650541e5b244440d8b73ba5f1d32e8f6ef0956461967047cb3cef18b8435c778b2cac73dd0741,1275895.0,X,,DEPLOYMENT UNKNOWN,UNKNOWN,NO INDICATION OF INJURY,UNKNOWN,UNKNOWN,UNKNOWN,,,,Y,2022-05-22 20:00:00,10,UNKNOWN,UNKNOWN,PARKED MOTOR VEHICLE,PARKING LOT,UNKNOWN,UNKNOWN,NOT ON SCENE (DESK REPORT),NO INJURY / DRIVE AWAY,Y,"$501 - $1,500",05/23/2022 09:45:00 AM,UNABLE TO DETERMINE,UNABLE TO DETERMINE,,2,NO INDICATION OF INJURY,0.0,0.0,0.0,0.0,0.0,1.0,0.0,20,1,5,41.985931514,-87.72836921,POINT (-87.728369210034 41.985931514183),POINT (1148723.5010363148 1938044.2365648074),2022,5801 N PULASKI RD
P309885,PASSENGER,ef0fba125e567338af34d746fa6481b05fa5094b810f5da227eb7f66d8c2133df47a7ef2640f54c0cbc1cabb6932f8c083183d127f78e22ed31592a9ae81025a,1324267.0,M,44.0,DID NOT DEPLOY,NONE,NO INDICATION OF INJURY,,,,,,,,2022-08-06 14:30:00,30,CLEAR,DAYLIGHT,PEDALCYCLIST,DIVIDED - W/MEDIAN (NOT RAISED),DRY,NO DEFECTS,NOT ON SCENE (DESK REPORT),INJURY AND / OR TOW DUE TO CRASH,,"OVER $1,500",08/06/2022 02:30:00 PM,NOT APPLICABLE,UNABLE TO DETERMINE,Y,2,NONINCAPACITATING INJURY,1.0,0.0,0.0,1.0,0.0,1.0,0.0,14,7,8,41.967733107,-87.679009231,POINT (-87.679009230578 41.967733107041),POINT (1162193.8691987784 1931511.3044205953),2022,4727 N DAMEN AVE
O1453940,DRIVER,1baf6349facfc54d2f84091ef3cb1e22b90830f62c73c017e117d7d8d3d0577e1f7a37a36f90f675e9b6b040cac341e00ec7c266ee53b67f9b20941913e8160c,1381828.0,M,,DEPLOYMENT UNKNOWN,NONE,NO INDICATION OF INJURY,UNKNOWN,UNKNOWN,UNKNOWN,,,,,2022-11-02 11:55:00,25,CLEAR,DAYLIGHT,ANGLE,PARKING LOT,DRY,WORN SURFACE,ON SCENE,INJURY AND / OR TOW DUE TO CRASH,Y,"OVER $1,500",11/02/2022 03:49:00 PM,UNABLE TO DETERMINE,NOT APPLICABLE,,2,NO INDICATION OF INJURY,0.0,0.0,0.0,0.0,0.0,2.0,0.0,11,4,11,41.755178528,-87.702695711,POINT (-87.702695710502 41.755178528007),POINT (1156321.2213090668 1854008.6520003988),2022,7600 S KEDZIE AVE
O1346416,DRIVER,5166f061e464502da1ee6890b6a3e5d421ada89bdbfe17c10c4a0b4ca250b9b913544ad0fc0fde445fee1d7b884f442631c5c591d2a3c3cc39b6cbf99d62cf8a,1279236.0,F,,DEPLOYMENT UNKNOWN,NONE,NO INDICATION OF INJURY,IMPROPER BACKING,UNKNOWN,UNKNOWN,,,,Y,2022-05-27 17:00:00,30,RAIN,DAYLIGHT,PARKED MOTOR VEHICLE,ONE-WAY,WET,NO DEFECTS,NOT ON SCENE (DESK REPORT),NO INJURY / DRIVE AWAY,Y,"$501 - $1,500",05/28/2022 09:35:00 AM,IMPROPER BACKING,IMPROPER BACKING,,2,NO INDICATION OF INJURY,0.0,0.0,0.0,0.0,0.0,1.0,0.0,17,6,5,41.99822335,-87.682733448,POINT (-87.682733447681 41.99822334989),POINT (1161096.6649535391 1942614.3962033342),2022,6410 N HOYNE AVE
O1430013,DRIVER,454efce92fa61daa4b72adbca7c40622a5162d4d64b80eacbdd9d3244ff2c7410620b26d6618bb631dc7148aed59097a4dfac7522a9bb9d895761046f0ebcacd,1359023.0,M,,DID NOT DEPLOY,NONE,NO INDICATION OF INJURY,OTHER,UNKNOWN,UNKNOWN,,,,,2022-09-29 14:50:00,30,CLEAR,DAYLIGHT,SIDESWIPE SAME DIRECTION,NOT DIVIDED,DRY,NO DEFECTS,NOT ON SCENE (DESK REPORT),NO INJURY / DRIVE AWAY,,"OVER $1,500",09/29/2022 03:05:00 PM,UNABLE TO DETERMINE,UNABLE TO DETERMINE,,2,NO INDICATION OF INJURY,0.0,0.0,0.0,0.0,0.0,2.0,0.0,14,5,9,41.879936828,-87.765004778,POINT (-87.765004778452 41.879936827547),POINT (1139019.2735937107 1899351.390394357),2022,10 S CENTRAL AVE
O1343413,DRIVER,aae79d91251e465f1e6944f176653cfbe17f0f377ac2333d7fa38fd16d8b5652ee9868108fd15f8abaa21e386bb59694c86623a2bf42080269da5019726ef65f,1276334.0,M,31.0,NOT APPLICABLE,NONE,NO INDICATION OF INJURY,OTHER,NOT OBSCURED,NORMAL,,,,,2022-05-23 18:30:00,30,CLEAR,DAYLIGHT,PARKED MOTOR VEHICLE,DIVIDED - W/MEDIAN (NOT RAISED),WET,NO DEFECTS,ON SCENE,NO INJURY / DRIVE AWAY,,$500 OR LESS,05/23/2022 06:44:00 PM,NOT APPLICABLE,NOT APPLICABLE,,2,NO INDICATION OF INJURY,0.0,0.0,0.0,0.0,0.0,1.0,0.0,18,2,5,41.779021765,-87.706889806,POINT (-87.706889805604 41.779021764665),POINT (1155113.5676376666 1862688.5638832042),2022,3332 W 63RD ST
P300627,PASSENGER,ef494b8f398c80f814108749578ebe078628296bb8eb13adf6591e6de668cfb4a3be0685b2d88b95dd7bad6c9a6f655a480ca3d215156d09509c1702c9c9074c,1284748.0,F,20.0,"DEPLOYED, COMBINATION",NONE,NO INDICATION OF INJURY,,,,,,,,2022-06-05 22:40:00,30,CLEAR,"DARKNESS, LIGHTED ROAD",SIDESWIPE SAME DIRECTION,NOT DIVIDED,DRY,NO DEFECTS,ON SCENE,INJURY AND / OR TOW DUE TO CRASH,Y,"OVER $1,500",06/05/2022 10:50:00 PM,"OPERATING VEHICLE IN ERRATIC, RECKLESS, CARELESS, NEGLIGENT OR AGGRESSIVE MANNER",UNABLE TO DETERMINE,,2,"REPORTED, NOT EVIDENT",2.0,0.0,0.0,0.0,2.0,3.0,0.0,22,1,6,41.792988237,-87.753133143,POINT (-87.753133142532 41.792988237188),POINT (1142466.2231552019 1867689.3471711578),2022,5212 W 55TH ST