PERSON_ID,PERSON_TYPE,CRASH_RECORD_ID,VEHICLE_ID,SEX,AGE,AIRBAG_DEPLOYED,EJECTION,INJURY_CLASSIFICATION,DRIVER_ACTION,DRIVER_VISION,PHYSICAL_CONDITION,PEDPEDAL_ACTION,PEDPEDAL_VISIBILITY,PEDPEDAL_LOCATION,CRASH_DATE_EST_I,CRASH_DATE,POSTED_SPEED_LIMIT,WEATHER_CONDITION,LIGHTING_CONDITION,FIRST_CRASH_TYPE,TRAFFICWAY_TYPE,ROADWAY_SURFACE_COND,ROAD_DEFECT,REPORT_TYPE,CRASH_TYPE,HIT_AND_RUN_I,DAMAGE,DATE_POLICE_NOTIFIED,PRIM_CONTRIBUTORY_CAUSE,SEC_CONTRIBUTORY_CAUSE,DOORING_I,NUM_UNITS,MOST_SEVERE_INJURY,INJURIES_TOTAL,INJURIES_FATAL,INJURIES_INCAPACITATING,INJURIES_NON_INCAPACITATING,INJURIES_REPORTED_NOT_EVIDENT,INJURIES_NO_INDICATION,INJURIES_UNKNOWN,CRASH_HOUR,CRASH_DAY_OF_WEEK,CRASH_MONTH,LATITUDE,LONGITUDE,LOCATION,geometry,YEAR,ADDRESS
O1332821,DRIVER,33c77993c96e263806687ddeeedd13c0f21b6a026d934b73d7eda5b6dbddd4e6d676f46422812c05a80ca6142639344a47db1b3b34ad1bc48fcf4e04047bf834,1266126.0,F,54.0,DID NOT DEPLOY,NONE,NO INDICATION OF INJURY,NONE,NOT OBSCURED,NORMAL,,,,,2022-05-08 14:17:00,30,CLEAR,DAYLIGHT,TURNING,DIVIDED - W/MEDIAN (NOT RAISED),DRY,NO DEFECTS,NOT ON SCENE (DESK REPORT),NO INJURY / DRIVE AWAY,,"OVER $1,500",05/08/2022 03:46:00 PM,FAILING TO YIELD RIGHT-OF-WAY,IMPROPER TURNING/NO SIGNAL,,2,NO INDICATION OF INJURY,0.0,0.0,0.0,0.0,0.0,3.0,0.0,14,1,5,41.923690298,-87.797557135,POINT (-87.797557134689 41.923690298216),POINT (1130054.8954053358 1915238.1038620833),2022,6858 W GRAND AVE
P282796,PASSENGER,41e65ced9450d508e40fa3aeef6d4c517e5dc953b9c9d688d1d0f14250eb5aa18c91d0eb0b177643db1131a61f647ed949c183d9f28bc0952f46cbe074db9c63,1202795.0,M,19.0,NOT APPLICABLE,NONE,NO INDICATION OF INJURY,,,,,,,N,2022-01-21 18:07:00,25,CLEAR,"DARKNESS, LIGHTED ROAD",PARKED MOTOR VEHICLE,NOT DIVIDED,DRY,NO DEFECTS,ON SCENE,INJURY AND / OR TOW DUE TO CRASH,,"OVER $1,500",01/21/2022 06:08:00 PM,DRIVING SKILLS/KNOWLEDGE/EXPERIENCE,UNABLE TO DETERMINE,,2,NO INDICATION OF INJURY,0.0,0.0,0.0,0.0,0.0,3.0,0.0,18,6,1,41.710153835,-87.62824553,POINT (-87.628245529909 41.710153835358),POINT (1176769.6741768934 1837759.8008865335),2022,10119 S WENTWORTH AVE
O1385535,DRIVER,f90e3513ce2067a2d97b6aca89e96ac8a7647a39dc96dcdee17ad64e2b1f4e240951accf1b160bd41ad6edf5adf04e5d4f62007baed29a35b136adcaad90ef2e,1316480.0,F,56.0,DID NOT DEPLOY,NONE,NO INDICATION OF INJURY,NONE,NOT OBSCURED,NORMAL,,,,,2022-07-25 07:45:00,30,CLEAR,DAYLIGHT,REAR END,NOT DIVIDED,DRY,NO DEFECTS,NOT ON SCENE (DESK REPORT),NO INJURY / DRIVE AWAY,,"OVER $1,500",07/25/2022 09:35:00 AM,FOLLOWING TOO CLOSELY,UNABLE TO DETERMINE,,2,NO INDICATION OF INJURY,0.0,0.0,0.0,0.0,0.0,2.0,0.0,7,2,7,41.919323343,-87.768270721,POINT (-87.768270721335 41.919323343113),POINT (1138035.3453321848 1913697.9395244124),2022,5700 W GRAND AVE
O1454557,DRIVER,492fc358c5686721ebabee1e398c91d46f544249371db39373752372e07ecda1d7cc0aa8b261dedb5c82f4799e02658cd24d792aaa6d36b6483ef226a6e0c682,1382411.0,X,,DEPLOYMENT UNKNOWN,UNKNOWN,NO INDICATION OF INJURY,FOLLOWED TOO CLOSELY,UNKNOWN,UNKNOWN,,,,Y,2022-11-03 07:30:00,10,CLEAR,UNKNOWN,PARKED MOTOR VEHICLE,PARKING LOT,DRY,UNKNOWN,ON SCENE,NO INJURY / DRIVE AWAY,,"$501 - $1,500",11/03/2022 02:02:00 PM,FOLLOWING TOO CLOSELY,NOT APPLICABLE,,2,NO INDICATION OF INJURY,0.0,0.0,0.0,0.0,0.0,1.0,0.0,7,5,11,41.993042171,-87.675957774,POINT (-87.675957773568 41.993042171117),POINT (1162952.9378929145 1940740.4099720635),2022,1817 W HOOD AVE
O1455823,DRIVER,9fb1721a96112045f6e28cca9514efb9fa12e9dad27a638b1732453b89c13203ebb95780a23fbab7597ff76ad8074877664857a4c67c7afc7d7e935682c74748,1383624.0,M,26.0,NOT APPLICABLE,NONE,NO INDICATION OF INJURY,FAILED TO YIELD,UNKNOWN,UNKNOWN,,,,,2022-11-04 22:52:00,30,RAIN,"DARKNESS, LIGHTED ROAD",SIDESWIPE SAME DIRECTION,NOT DIVIDED,WET,NO DEFECTS,NOT ON SCENE (DESK REPORT),NO INJURY / DRIVE AWAY,,"OVER $1,500",11/05/2022 10:20:00 AM,FAILING TO YIELD RIGHT-OF-WAY,NOT APPLICABLE,,2,NO INDICATION OF INJURY,0.0,0.0,0.0,0.0,0.0,2.0,0.0,22,6,11,41.929600584,-87.643051212,POINT (-87.643051212209 41.92960058367),POINT (1172084.6387517587 1917692.4169726593),2022,2600 N CLARK ST
O1489931,DRIVER,fa1d0bd6ae5381326eadffd1729fa889ab6c23a3f96764d6ecac1cfad9eee6af4ee1ae0772eee1ecd3e54f717e33c3935c960d118b80b03184903552f8698f52,1416320.0,X,,DEPLOYMENT UNKNOWN,UNKNOWN,NO INDICATION OF INJURY,UNKNOWN,UNKNOWN,UNKNOWN,,,,Y,2022-12-26 21:00:00,30,CLEAR,"DARKNESS, LIGHTED ROAD",PARKED MOTOR VEHICLE,NOT DIVIDED,UNKNOWN,UNKNOWN,NOT ON SCENE (DESK REPORT),NO INJURY / DRIVE AWAY,Y,"OVER $1,500",12/29/2022 12:00:00 PM,UNABLE TO DETERMINE,NOT APPLICABLE,,2,NO INDICATION OF INJURY,0.0,0.0,0.0,0.0,0.0,1.0,0.0,21,2,12,41.768413215,-87.576214215,POINT (-87.576214214823 41.768413214937),POINT (1190789.8123947221 1859109.6137620767),2022,6947 S JEFFERY BLVD
O1419540,DRIVER,639fa7c28516b22a7d4c4f4a641900ccc2935f46786502257990335b9cccb505f134a42b87333affab9a0dff422e5fc31a6187793acbe5078e23e3138cff0712,1349019.0,F,43.0,DID NOT DEPLOY,NONE,NO INDICATION OF INJURY,UNKNOWN,UNKNOWN,NORMAL,,,,,2022-09-14 15:52:00,30,CLEAR,DAYLIGHT,PARKED MOTOR VEHICLE,NOT DIVIDED,DRY,NO DEFECTS,ON SCENE,NO INJURY / DRIVE AWAY,,"$501 - $1,500",09/14/2022 03:54:00 PM,UNABLE TO DETERMINE,UNABLE TO DETERMINE,,2,NO INDICATION OF INJURY,0.0,0.0,0.0,0.0,0.0,1.0,0.0,15,4,9,41.988202416,-87.666361412,POINT (-87.666361411695 41.988202416361),POINT (1165575.3896194217 1938996.9469186622),2022,1432 W ARDMORE AVE
O1345741,DRIVER,9b28c413ebeb06bd02faca6f1fb137f466945e5cf14120e068428df8cf658f8e882f3d62d58c917f3f6a97d566f8d3027d5de8f948a163b8de8ae5c7291f896d,1278582.0,F,,NOT APPLICABLE,NONE,NO INDICATION OF INJURY,FAILED TO YIELD,NOT OBSCURED,NORMAL,,,,,2022-05-27 10:18:00,30,RAIN,DAYLIGHT,REAR END,T-INTERSECTION,WET,NO DEFECTS,ON SCENE,NO INJURY / DRIVE AWAY,Y,$500 OR LESS,05/27/2022 10:18:00 AM,FAILING TO REDUCE SPEED TO AVOID CRASH,WEATHER,,2,NO INDICATION OF INJURY,0.0,0.0,0.0,0.0,0.0,3.0,0.0,10,6,5,41.917421487,-87.692317813,POINT (-87.692317812586 41.917421486821),POINT (1158711.6762638385 1913150.257465692),2022,2601 W ARMITAGE AVE
O1449513,DRIVER,9c12490b88a4ab4fe83d1db39b9b156c0074d9f137a4913509b43a0df46efa520ba7a3e4a7ddbed09d004059a16cc700ad024df87c62f2bff10c625369600105,1377659.0,M,35.0,DID NOT DEPLOY,NONE,NO INDICATION OF INJURY,NONE,NOT OBSCURED,NORMAL,,,,Y,2022-10-25 09:45:00,20,CLEAR,DAYLIGHT,REAR END,DIVIDED - W/MEDIAN (NOT RAISED),DRY,NO DEFECTS,NOT ON SCENE (DESK REPORT),NO INJURY / DRIVE AWAY,,"OVER $1,500",10/27/2022 11:00:00 AM,UNABLE TO DETERMINE,NOT APPLICABLE,,2,NO INDICATION OF INJURY,0.0,0.0,0.0,0.0,0.0,2.0,0.0,9,3,10,41.946983463,-87.677832206,POINT (-87.677832206182 41.946983462891),POINT (1162571.8014807494 1923952.504498624),2022,1942 W ADDISON ST
O1331073,DRIVER,81e240c69d7ae1c8ae2aab4245a1889247c9f8f921894bdc8d2418534fea6cc5a53249c82be7918e8ffbd73d7168542562c317899f1a97b9a08de3394f9580ee,1264453.0,F,31.0,NOT APPLICABLE,NONE,NO INDICATION OF INJURY,FOLLOWED TOO CLOSELY,UNKNOWN,NORMAL,,,,,2022-05-06 08:00:00,30,RAIN,DAYLIGHT,REAR END,FOUR WAY,WET,NO DEFECTS,NOT ON SCENE (DESK REPORT),NO INJURY / DRIVE AWAY,,"OVER $1,500",05/06/2022 10:15:00 AM,FOLLOWING TOO CLOSELY,NOT APPLICABLE,,2,NO INDICATION OF INJURY,0.0,0.0,0.0,0.0,0.0,2.0,0.0,8,6,5,41.758092176,-87.624902228,POINT (-87.624902228247 41.758092176383),POINT (1177538.763040685 1855235.5513454033),2022,7500 S STATE ST
O1483842,DRIVER,ee753ebece2b7e5721e7481cb5401f69acd812f07d94bd4c19f428fb72f80844a76c4cf44f516443fd6909af7aeefc1098fc2d6de381f271330b7a2cbf69cb09,1410480.0,F,20.0,"DEPLOYED, COMBINATION",NONE,NO INDICATION OF INJURY,NONE,NOT OBSCURED,NORMAL,,,,,2022-12-18 18:58:00,30,CLEAR,"DARKNESS, LIGHTED ROAD",SIDESWIPE OPPOSITE DIRECTION,NOT DIVIDED,DRY,NO DEFECTS,ON SCENE,INJURY AND / OR TOW DUE TO CRASH,,"OVER $1,500",12/18/2022 06:58:00 PM,DRIVING ON WRONG SIDE/WRONG WAY,NOT APPLICABLE,,2,NO INDICATION OF INJURY,0.0,0.0,0.0,0.0,0.0,3.0,0.0,18,1,12,41.863428762,-87.690109558,POINT (-87.690109558176 41.863428762205),POINT (1159460.1757318533 1893479.8422504389),2022,2552 W OGDEN AVE
P311341,PASSENGER,ca5d0fa6e12675220c0ffc64a3d3dff527ac78d652fe2abdae894df545bcfb5996629b3c4472947d4251b95d0d29a42e0df8082c709827a6d0283e1c93572547,1331158.0,F,34.0,"DEPLOYED, COMBINATION",NONE,NONINCAPACITATING INJURY,,,,,,,,2022-08-17 18:20:00,30,CLEAR,DAYLIGHT,TURNING,T-INTERSECTION,DRY,NO DEFECTS,ON SCENE,INJURY AND / OR TOW DUE TO CRASH,Y,"OVER $1,500",08/17/2022 06:49:00 PM,FAILING TO YIELD RIGHT-OF-WAY,NOT APPLICABLE,,2,NONINCAPACITATING INJURY,1.0,0.0,0.0,1.0,0.0,4.0,0.0,18,4,8,41.869021385,-87.719467423,POINT (-87.71946742254 41.869021385429),POINT (1151448.6675624703 1895459.2327282873),2022,959 S INDEPENDENCE BLVD
O1488901,DRIVER,8aae9f59fbf2b26391c43a0ffeee214925bbb1a4457e853cc2f365a292dc07eb359d34297e9de33f35731c9acc5d658ca3467bfe4fb3cea59a6bfdefebe18fce,1415351.0,X,,DEPLOYMENT UNKNOWN,UNKNOWN,NO INDICATION OF INJURY,UNKNOWN,UNKNOWN,UNKNOWN,,,,,2022-12-27 13:36:00,30,CLEAR,DAYLIGHT,SIDESWIPE SAME DIRECTION,T-INTERSECTION,DRY,NO DEFECTS,NOT ON SCENE (DESK REPORT),NO INJURY / DRIVE AWAY,Y,"OVER $1,500",12/27/2022 02:30:00 PM,UNABLE TO DETERMINE,NOT APPLICABLE,,2,NO INDICATION OF INJURY,0.0,0.0,0.0,0.0,0.0,2.0,0.0,13,3,12,41.692160999,-87.663472469,POINT (-87.663472468686 41.692160998747),POINT (1167202.1283813692 1831126.6392624548),2022,11100 S VINCENNES AVE
O1322608,DRIVER,4e9c351c6bb391c0a276207a7099ccca95c266056c5399bf6dee96ceb87eadb0215d878837a30ee638e7c534262d6fab7a9d97c8dfc9b67e386a3c18ffb25d71,1256284.0,F,56.0,NOT APPLICABLE,NONE,NO INDICATION OF INJURY,IMPROPER LANE CHANGE,UNKNOWN,UNKNOWN,,,,,2022-04-23 20:10:00,30,CLEAR,DUSK,SIDESWIPE SAME DIRECTION,DIVIDED - W/MEDIAN (NOT RAISED),DRY,NO DEFECTS,NOT ON SCENE (DESK REPORT),NO INJURY / DRIVE AWAY,,"OVER $1,500",04/23/2022 09:30:00 PM,IMPROPER LANE USAGE,UNABLE TO DETERMINE,,2,NO INDICATION OF INJURY,0.0,0.0,0.0,0.0,0.0,6.0,0.0,20,7,4,41.910515989,-87.681646441,POINT (-87.681646440514 41.910515989116),POINT (1161635.1789496564 1910655.7770810965),2022,2142 W NORTH AVE
O1325776,DRIVER,55e13c6ebe518978a663badeec1dbbbb7b6b418fc1970f84175a05a272508a1e6c72fbf3e88262b2594765b6e65c616ee4b716bc83c12c24d1435ae34d69d797,1259358.0,M,25.0,DID NOT DEPLOY,NONE,NO INDICATION OF INJURY,NONE,NOT OBSCURED,NORMAL,,,,,2022-04-27 10:30:00,25,CLEAR,DAYLIGHT,REAR END,NOT DIVIDED,DRY,NO DEFECTS,NOT ON SCENE (DESK REPORT),NO INJURY / DRIVE AWAY,,"OVER $1,500",04/28/2022 05:00:00 PM,FOLLOWING TOO CLOSELY,NOT APPLICABLE,,2,NO INDICATION OF INJURY,0.0,0.0,0.0,0.0,0.0,2.0,0.0,10,4,4,41.772615436,-87.630099678,POINT (-87.630099677564 41.77261543566),POINT (1176077.4124143978 1860516.0761935688),2022,6700 S WENTWORTH AVE
P307147,PASSENGER,43c4eee02f185b5f14864d9038ac270455dfa06ca4126808d753a16ef0fa54d31fba61e04541f9620937cb97278a63a3d2dad5047dd81dc50a7344c9f08fbcb5,1311697.0,M,28.0,NOT APPLICABLE,NONE,"REPORTED, NOT EVIDENT",,,,,,,,2022-07-17 14:25:00,30,CLEAR,DAYLIGHT,ANGLE,FOUR WAY,DRY,NO DEFECTS,ON SCENE,INJURY AND / OR TOW DUE TO CRASH,,"OVER $1,500",07/17/2022 02:46:00 PM,UNABLE TO DETERMINE,UNABLE TO DETERMINE,,2,NONINCAPACITATING INJURY,2.0,0.0,0.0,1.0,1.0,1.0,0.0,14,1,7,41.917713856,-87.68510792,POINT (-87.685107919988 41.917713855539),POINT (1160673.1569903 1913271.5464418596),2022,2002 N OAKLEY AVE
O1314156,DRIVER,94b64f870f9e36b6c53987e12fe395428afa583446359bef2b836fc5eb3b023210267adbab3c1a57ad57437b6aa7865591877affaf5eb0ce2a1fea9cedf50940,1248148.0,M,44.0,NOT APPLICABLE,NONE,NO INDICATION OF INJURY,UNKNOWN,NOT OBSCURED,NORMAL,,,,,2022-04-08 20:38:00,30,RAIN,"DARKNESS, LIGHTED ROAD",SIDESWIPE SAME DIRECTION,NOT DIVIDED,WET,UNKNOWN,ON SCENE,INJURY AND / OR TOW DUE TO CRASH,Y,"OVER $1,500",04/08/2022 08:39:00 PM,UNABLE TO DETERMINE,NOT APPLICABLE,,5,NO INDICATION OF INJURY,0.0,0.0,0.0,0.0,0.0,5.0,0.0,20,6,4,42.005126373,-87.691082311,POINT (-87.691082311257 42.005126373448),POINT (1158808.3898234647 1945112.7693610261),2022,2426 W PRATT BLVD
O1398693,DRIVER,dd4416ac46b661c1469cdd29b95e15aae716db781e4466e24a57c37033b54c062e623e1a5905b29b084f5cea5bc7ab158f8c57bb4329b4816a72e5df5afc43e4,1329089.0,M,21.0,"DEPLOYED, FRONT",NONE,NONINCAPACITATING INJURY,NONE,UNKNOWN,UNKNOWN,,,,,2022-08-14 02:30:00,30,CLEAR,"DARKNESS, LIGHTED ROAD",TURNING,NOT DIVIDED,DRY,NO DEFECTS,NOT ON SCENE (DESK REPORT),INJURY AND / OR TOW DUE TO CRASH,,"OVER $1,500",08/14/2022 01:40:00 PM,IMPROPER TURNING/NO SIGNAL,FAILING TO YIELD RIGHT-OF-WAY,,2,NONINCAPACITATING INJURY,2.0,0.0,0.0,2.0,0.0,2.0,0.0,2,1,8,41.890202462,-87.636846975,POINT (-87.636846974582 41.89020246182),POINT (1173889.4789216588 1903349.3536400427),2022,437 N ORLEANS ST
O1414509,DRIVER,3e2f17ac0a4e5a6ec13004230e27f9cb5c048515812d3bcd0feafd3c57ca85b7b815f74e014e2ab53425ec271593bb51c6fcfb068a3433effddac1fa88720ab4,1344198.0,F,33.0,DID NOT DEPLOY,NONE,NO INDICATION OF INJURY,NONE,NOT OBSCURED,NORMAL,,,,,2022-09-03 10:30:00,30,UNKNOWN,DAYLIGHT,ANGLE,FOUR WAY,UNKNOWN,UNKNOWN,NOT ON SCENE (DESK REPORT),NO INJURY / DRIVE AWAY,Y,"OVER $1,500",09/07/2022 09:00:00 AM,FAILING TO YIELD RIGHT-OF-WAY,UNABLE TO DETERMINE,,2,NO INDICATION OF INJURY,0.0,0.0,0.0,0.0,0.0,2.0,0.0,10,7,9,41.807145165,-87.633459207,POINT (-87.633459207488 41.807145165361),POINT (1175058.569858139 1873091.0109879782),2022,4800 S PRINCETON AVE
O1286572,DRIVER,62301acf759ee6575198de24ae6d950d7f9e1c464e1927a2bcc8ef7e4bad8d1777b4010894e3c37b92eb67245ebb0e66d3ca966cd9bcb4041573ce86a3690e81,1221627.0,F,30.0,DID NOT DEPLOY,NONE,NO INDICATION OF INJURY,NONE,NOT OBSCURED,NORMAL,,,,Y,2022-02-22 17:30:00,35,CLEAR,DUSK,SIDESWIPE SAME DIRECTION,DIVIDED - W/MEDIAN BARRIER,WET,NO DEFECTS,ON SCENE,INJURY AND / OR TOW DUE TO CRASH,,"$501 - $1,500",02/22/2022 05:36:00 PM,FAILING TO REDUCE SPEED TO AVOID CRASH,NOT APPLICABLE,,2,NO INDICATION OF INJURY,0.0,0.0,0.0,0.0,0.0,2.0,0.0,17,3,2,41.72766604,-87.585596552,POINT (-87.58559655163 41.727666039804),POINT (1188359.3542913292 1844239.3043159065),2022,9202 S STONY ISLAND AVE
P293933,PASSENGER,9635c0c4cb5ac3f1c93fa772b0b8504b75ae08e3dfe1ca5f30ee7af5db8df5a898cffbd8dcb64c77aebd90f5442a22e309bb1161d9e51906597db1978c7e226c,1254380.0,M,4.0,"DEPLOYED, FRONT",NONE,NO INDICATION OF INJURY,,,,,,,,2022-04-20 16:00:00,30,CLOUDY/OVERCAST,DAYLIGHT,TURNING,NOT DIVIDED,WET,"RUT, HOLES",ON SCENE,INJURY AND / OR TOW DUE TO CRASH,,"OVER $1,500",04/20/2022 04:00:00 PM,IMPROPER TURNING/NO SIGNAL,FAILING TO YIELD RIGHT-OF-WAY,,2,NONINCAPACITATING INJURY,1.0,0.0,0.0,1.0,0.0,4.0,0.0,16,4,4,41.903599085,-87.647940928,POINT (-87.647940927622 41.903599085403),POINT (1170829.799661156 1908206.761348346),2022,1199 N HALSTED ST
O1257131,DRIVER,72c67a825716515e9d723b683ea2a426c8c714412f922cd94efdfd6881db77098b166a741fa348422bbb7bca32a3c291529d373f8b3863cb1cb3dcad0ae77e10,1193287.0,F,,DEPLOYMENT UNKNOWN,NONE,NO INDICATION OF INJURY,IMPROPER TURN,UNKNOWN,UNKNOWN,,,,,2022-01-03 19:27:00,30,CLEAR,"DARKNESS, LIGHTED ROAD",TURNING,NOT DIVIDED,ICE,NO DEFECTS,ON SCENE,INJURY AND / OR TOW DUE TO CRASH,Y,"OVER $1,500",01/03/2022 07:27:00 PM,IMPROPER TURNING/NO SIGNAL,UNABLE TO DETERMINE,,4,NO INDICATION OF INJURY,0.0,0.0,0.0,0.0,0.0,2.0,0.0,19,2,1,41.684875077,-87.649504072,POINT (-87.649504072067 41.68487507732),POINT (1171038.2672395268 1828501.7213531667),2022,1101 W 115TH ST
O1462757,DRIVER,865de4fcbe2fabb85de2e84686fe206ae03a3b14142d7a6ce5b112a6f74efb0a1a1661df63509e5704fa20218ce8a729bc0a95f511a22ddb31bf65e96d000bda,1390266.0,M,33.0,DID NOT DEPLOY,NONE,NO INDICATION OF INJURY,IMPROPER TURN,UNKNOWN,UNKNOWN,,,,,2022-11-15 16:10:00,30,CLEAR,DUSK,TURNING,NOT DIVIDED,WET,NO DEFECTS,,NO INJURY / DRIVE AWAY,,$500 OR LESS,11/15/2022 07:05:00 PM,UNABLE TO DETERMINE,NOT APPLICABLE,,2,NO INDICATION OF INJURY,0.0,0.0,0.0,0.0,0.0,2.0,0.0,16,3,11,41.935855975,-87.69787405,POINT (-87.69787405005 41.935855975147),POINT (1157149.6751246045 1919856.5603925618),2022,3002 N CALIFORNIA AVE
P282386,PASSENGER,d724eefe31d65ea6f033276fd78d2c9c3b76252c89b2e7d732def0f90f23816aabb7b385d076c1c2d3e2a60ee8685349dc5c7b83f267f107e45943310c1bcdfd,1200758.0,F,33.0,DID NOT DEPLOY,NONE,NO INDICATION OF INJURY,,,,,,,,2022-01-18 08:51:00,30,CLEAR,DAYLIGHT,ANGLE,FOUR WAY,DRY,UNKNOWN,ON SCENE,NO INJURY / DRIVE AWAY,,"OVER $1,500",01/18/2022 08:51:00 AM,"VISION OBSCURED (SIGNS, TREE LIMBS, BUILDINGS, ETC.)",UNABLE TO DETERMINE,,2,NO INDICATION OF INJURY,0.0,0.0,0.0,0.0,0.0,3.0,0.0,8,3,1,41.742929694,-87.667041809,POINT (-87.667041808685 41.742929694126),POINT (1166084.099317556 1849618.6175560441),2022,8300 S HERMITAGE AVE
O1480088,DRIVER,3623078f108c72792cbf94f5087cf8f5b3daffaa7f2597b521453a6364ee5500fdddaec332108a0ffc0813536278aa320c4e16389f5e3bb3bab73e73ecb86ef0,1407010.0,M,26.0,DEPLOYMENT UNKNOWN,UNKNOWN,NO INDICATION OF INJURY,UNKNOWN,UNKNOWN,UNKNOWN,,,,,2022-12-12 19:00:00,30,UNKNOWN,"DARKNESS, LIGHTED ROAD",REAR END,PARKING LOT,UNKNOWN,UNKNOWN,NOT ON SCENE (DESK REPORT),NO INJURY / DRIVE AWAY,,"OVER $1,500",12/13/2022 05:50:00 PM,IMPROPER BACKING,NOT APPLICABLE,,2,NO INDICATION OF INJURY,0.0,0.0,0.0,0.0,0.0,2.0,0.0,19,2,12,41.996182662,-87.670360725,POINT (-87.670360724519 41.996182662242),POINT (1164465.60351184 1941896.5537346525),2022,6262 N CLARK ST
O1416358,DRIVER,e1a9e79704b8ee2f915a99d9185ef320dd55c62bd64416c142729780a30929e3a2beca3a90bbe9ba8c1dee6327eb2eb137b029c735542c46a5995ab194cc2ec0,1345970.0,F,54.0,DID NOT DEPLOY,NONE,NO INDICATION OF INJURY,UNKNOWN,NOT OBSCURED,NORMAL,,,,,2022-09-09 16:59:00,30,CLEAR,DAYLIGHT,FIXED OBJECT,DIVIDED - W/MEDIAN (NOT RAISED),DRY,UNKNOWN,NOT ON SCENE (DESK REPORT),NO INJURY / DRIVE AWAY,,"OVER $1,500",09/09/2022 05:48:00 PM,NOT APPLICABLE,NOT APPLICABLE,,2,NO INDICATION OF INJURY,0.0,0.0,0.0,0.0,0.0,5.0,0.0,16,6,9,41.997468878,-87.787187594,POINT (-87.787187594195 41.997468877613),POINT (1132705.4949794568 1942141.0488603804),2022,6346 W DEVON AVE
O1370904,DRIVER,a819226d8efcf728be4245ed7da213a723acab7430a22cade57c739fe72fe8c193a0053f30ce7dec96651fa1503f4e9305ef6e2c9822e30b0f62832f8e150bdb,1302628.0,X,,DEPLOYMENT UNKNOWN,NONE,NO INDICATION OF INJURY,OTHER,UNKNOWN,UNKNOWN,,,,,2022-07-02 10:30:00,30,CLEAR,DAYLIGHT,PARKED MOTOR VEHICLE,ONE-WAY,DRY,NO DEFECTS,NOT ON SCENE (DESK REPORT),NO INJURY / DRIVE AWAY,Y,"OVER $1,500",07/02/2022 03:40:00 PM,"OPERATING VEHICLE IN ERRATIC, RECKLESS, CARELESS, NEGLIGENT OR AGGRESSIVE MANNER",UNABLE TO DETERMINE,,2,NO INDICATION OF INJURY,0.0,0.0,0.0,0.0,0.0,1.0,0.0,10,7,7,41.735324326,-87.56728852,POINT (-87.567288520212 41.735324326095),POINT (1193332.086245886 1847073.855337534),2022,8800 S OGLESBY AVE
O1487806,DRIVER,a9d828b41ec69a593a8516b7ece475e3d7f7e2ba1212684f9dce19477e0c3e51195b926e475b3a0a5a5373df7854c6a4776dc4849945de955b21ac372863d333,1414316.0,M,47.0,DID NOT DEPLOY,NONE,NO INDICATION OF INJURY,NONE,NOT OBSCURED,NORMAL,,,,,2022-12-25 12:39:00,30,SNOW,DAYLIGHT,TURNING,DIVIDED - W/MEDIAN BARRIER,SNOW OR SLUSH,NO DEFECTS,ON SCENE,INJURY AND / OR TOW DUE TO CRASH,,"OVER $1,500",12/25/2022 12:39:00 PM,FAILING TO REDUCE SPEED TO AVOID CRASH,WEATHER,,2,NONINCAPACITATING INJURY,1.0,0.0,0.0,1.0,0.0,2.0,0.0,12,1,12,41.747367602,-87.614184968,POINT (-87.614184967715 41.747367602392),POINT (1180495.5496265811 1851351.8712804094),2022,413 E 81ST ST
P329089,PASSENGER,23bea17bab46386852de0d02403f7f68280b45c5607ba77f08a54374af18fd4f5b680c17fa67c07d28924e7e585d948a13128fad36926e993e5cb2ccf25b81d6,1414103.0,M,,NOT APPLICABLE,NONE,NO INDICATION OF INJURY,,,,,,,,2022-12-24 17:48:00,30,CLEAR,"DARKNESS, LIGHTED ROAD",REAR END,DIVIDED - W/MEDIAN BARRIER,SNOW OR SLUSH,UNKNOWN,ON SCENE,INJURY AND / OR TOW DUE TO CRASH,Y,"OVER $1,500",12/24/2022 05:51:00 PM,UNABLE TO DETERMINE,UNABLE TO DETERMINE,,2,NO INDICATION OF INJURY,0.0,0.0,0.0,0.0,0.0,5.0,0.0,17,7,12,41.858614856,-87.676167369,POINT (-87.676167368693 41.858614856137),POINT (1163271.3873240836 1891754.4288601081),2022,1658 S DAMEN AVE
O1416739,DRIVER,260231915c641f303161749bce3c37e3c1281c5d42e95376596a052ba6cf2580ea029f8baf052ac296a1f3138069e351f66e4d64bf97e60b41622efbd1418b9d,1346320.0,F,42.0,DID NOT DEPLOY,NONE,NO INDICATION OF INJURY,IMPROPER PASSING,NOT OBSCURED,NORMAL,,,,,2022-09-10 10:00:00,30,CLEAR,DAYLIGHT,REAR END,PARKING LOT,DRY,NO DEFECTS,NOT ON SCENE (DESK REPORT),NO INJURY / DRIVE AWAY,,"OVER $1,500",09/10/2022 10:45:00 AM,UNABLE TO DETERMINE,NOT APPLICABLE,,2,NO INDICATION OF INJURY,0.0,0.0,0.0,0.0,0.0,2.0,0.0,10,7,9,41.853968755,-87.675746399,POINT (-87.675746398776 41.853968755413),POINT (1163399.0322655407 1890062.2801217933),2022,2101 S DAMEN AVE