PERSON_ID,PERSON_TYPE,CRASH_RECORD_ID,VEHICLE_ID,SEX,AGE,AIRBAG_DEPLOYED,EJECTION,INJURY_CLASSIFICATION,DRIVER_ACTION,DRIVER_VISION,PHYSICAL_CONDITION,PEDPEDAL_ACTION,PEDPEDAL_VISIBILITY,PEDPEDAL_LOCATION,CRASH_DATE_EST_I,CRASH_DATE,POSTED_SPEED_LIMIT,WEATHER_CONDITION,LIGHTING_CONDITION,FIRST_CRASH_TYPE,TRAFFICWAY_TYPE,ROADWAY_SURFACE_COND,ROAD_DEFECT,REPORT_TYPE,CRASH_TYPE,HIT_AND_RUN_I,DAMAGE,DATE_POLICE_NOTIFIED,PRIM_CONTRIBUTORY_CAUSE,SEC_CONTRIBUTORY_CAUSE,DOORING_I,NUM_UNITS,MOST_SEVERE_INJURY,INJURIES_TOTAL,INJURIES_FATAL,INJURIES_INCAPACITATING,INJURIES_NON_INCAPACITATING,INJURIES_REPORTED_NOT_EVIDENT,INJURIES_NO_INDICATION,INJURIES_UNKNOWN,CRASH_HOUR,CRASH_DAY_OF_WEEK,CRASH_MONTH,LATITUDE,LONGITUDE,LOCATION,geometry,YEAR,ADDRESS
O1303642,DRIVER,815032b7649b09b368248f407f51b647429873859b177f24d30215f8ef1c1404b5b0bea08ea9bdb786d209a4a215093c413ecf064208fd04b31b71d54c00bf30,1238049.0,F,50.0,NOT APPLICABLE,NONE,NO INDICATION OF INJURY,NONE,NOT OBSCURED,NORMAL,,,,,2022-03-23 08:57:00,35,CLEAR,DAYLIGHT,SIDESWIPE SAME DIRECTION,DIVIDED - W/MEDIAN (NOT RAISED),WET,NO DEFECTS,ON SCENE,NO INJURY / DRIVE AWAY,,"$501 - $1,500",03/23/2022 08:57:00 AM,FAILING TO YIELD RIGHT-OF-WAY,NOT APPLICABLE,,2,NO INDICATION OF INJURY,0.0,0.0,0.0,0.0,0.0,2.0,0.0,8,4,3,41.848011182,-87.665814792,POINT (-87.665814792129 41.848011181958),POINT (1166121.628606168 1887912.235174606),2022,2415 S ASHLAND AVE
O1434995,DRIVER,9257fd67741e6380af0c5c66cd7dc9cd1bb38a86f3e4b65539c24e1636eddd6ce7fe3f68ca7498b35a258ec0874ae3af3dddbfa6c362995b52861c8dc55142ac,1363730.0,F,22.0,DID NOT DEPLOY,NONE,NO INDICATION OF INJURY,UNKNOWN,UNKNOWN,UNKNOWN,,,,,2022-10-06 15:40:00,30,UNKNOWN,UNKNOWN,SIDESWIPE SAME DIRECTION,ONE-WAY,UNKNOWN,UNKNOWN,NOT ON SCENE (DESK REPORT),NO INJURY / DRIVE AWAY,,"$501 - $1,500",10/06/2022 03:40:00 PM,UNABLE TO DETERMINE,UNABLE TO DETERMINE,,2,NO INDICATION OF INJURY,0.0,0.0,0.0,0.0,0.0,2.0,0.0,15,5,10,41.895034079,-87.625404339,POINT (-87.625404339124 41.895034078528),POINT (1176990.5732575264 1905135.492309451),2022,100 E HURON ST
P291171,PASSENGER,3b7b0fefb6de0bbab3db296f28a8b578af6f3f0001bcbfc789565d64fc022c3a7ca7caedcb0f17e537753fd456ede5968be434a882888a13a406b263a33ec156,1242905.0,M,,DID NOT DEPLOY,NONE,NO INDICATION OF INJURY,,,,,,,,2022-03-31 13:30:00,30,CLEAR,DAYLIGHT,ANGLE,NOT DIVIDED,WET,NO DEFECTS,NOT ON SCENE (DESK REPORT),INJURY AND / OR TOW DUE TO CRASH,,"OVER $1,500",03/31/2022 04:00:00 PM,FAILING TO YIELD RIGHT-OF-WAY,NOT APPLICABLE,,2,"REPORTED, NOT EVIDENT",1.0,0.0,0.0,0.0,1.0,3.0,0.0,13,5,3,41.902729393,-87.706113789,POINT (-87.706113788904 41.902729393049),POINT (1154996.0343280039 1907768.6883764805),2022,3143 W DIVISION ST
O1267122,DRIVER,74d9bd2ebe4175b5c8e1b493b379ee5b0a8acbd3875032dbbe84bfafeece10a52fb5b56b0f2b67e3261d98aca96fdbf329ae63d51ccf2918a1b2568667489fa3,1202881.0,M,,DEPLOYMENT UNKNOWN,UNKNOWN,NO INDICATION OF INJURY,UNKNOWN,UNKNOWN,UNKNOWN,,,,,2022-01-21 18:44:00,30,CLEAR,DAYLIGHT,SIDESWIPE OPPOSITE DIRECTION,DIVIDED - W/MEDIAN (NOT RAISED),DRY,NO DEFECTS,ON SCENE,INJURY AND / OR TOW DUE TO CRASH,Y,"OVER $1,500",01/21/2022 06:46:00 PM,UNABLE TO DETERMINE,NOT APPLICABLE,,2,NONINCAPACITATING INJURY,1.0,0.0,0.0,1.0,0.0,1.0,0.0,18,6,1,41.865622366,-87.770384085,POINT (-87.770384085167 41.865622365878),POINT (1137588.565884349 1894125.5791356203),2022,5824 W ROOSEVELT RD
O1294042,DRIVER,eb91b2786f8b5db03bc3726eacbb0e2d5f489949df245614100b20776200e83c22264fb94b3e39ad80e152c54aeb95d6c56e5476b0f2ae939b4132658c638e13,1228824.0,F,37.0,NOT APPLICABLE,NONE,NO INDICATION OF INJURY,NONE,NOT OBSCURED,NORMAL,,,,,2022-03-07 16:00:00,30,CLEAR,DAYLIGHT,SIDESWIPE SAME DIRECTION,DIVIDED - W/MEDIAN BARRIER,DRY,NO DEFECTS,ON SCENE,NO INJURY / DRIVE AWAY,Y,"$501 - $1,500",03/07/2022 05:00:00 PM,IMPROPER LANE USAGE,UNABLE TO DETERMINE,,2,NO INDICATION OF INJURY,0.0,0.0,0.0,0.0,0.0,2.0,0.0,16,2,3,41.897831233,-87.617906129,POINT (-87.617906129409 41.89783123289),POINT (1179023.5460201774 1906171.710076226),2022,840 N LAKE SHORE DR
O1471804,DRIVER,a190e9e1f71119426b307f39f32267ab3b2517d6e83021e72e180d27049eb919a36530fa0ebc00e11f2876616944ff430b0d9bb980cc339412dd73ad07da5001,1398909.0,M,58.0,DID NOT DEPLOY,NONE,NO INDICATION OF INJURY,NONE,NOT OBSCURED,NORMAL,,,,,2022-11-30 12:30:00,30,CLEAR,DAYLIGHT,REAR END,DRIVEWAY,DRY,NO DEFECTS,NOT ON SCENE (DESK REPORT),NO INJURY / DRIVE AWAY,,"OVER $1,500",11/30/2022 02:35:00 PM,DISTRACTION - FROM OUTSIDE VEHICLE,DISTRACTION - FROM OUTSIDE VEHICLE,,3,NO INDICATION OF INJURY,0.0,0.0,0.0,0.0,0.0,2.0,0.0,12,4,11,41.906849043,-87.726281823,POINT (-87.726281822576 41.906849042659),POINT (1149495.1065535839 1909230.3919128454),2022,1423 N PULASKI RD
O1423229,DRIVER,ea3aa6bd918bfa3827d8fd0a365240e2b58684be216187893e08bab52b913eda8fde49e2edcc3ae6398b6b22fa1bfb765e9c61701bab7b4e78b26e8d4aec2d10,1352527.0,F,55.0,NOT APPLICABLE,NONE,NO INDICATION OF INJURY,FAILED TO YIELD,UNKNOWN,NORMAL,,,,,2022-09-19 15:00:00,30,CLEAR,DAYLIGHT,REAR END,FOUR WAY,DRY,NO DEFECTS,NOT ON SCENE (DESK REPORT),NO INJURY / DRIVE AWAY,,"$501 - $1,500",09/19/2022 04:00:00 PM,NOT APPLICABLE,NOT APPLICABLE,,2,NO INDICATION OF INJURY,0.0,0.0,0.0,0.0,0.0,2.0,0.0,15,2,9,41.880522171,-87.651854463,POINT (-87.651854462979 41.880522170644),POINT (1169831.2277924137 1899789.050760678),2022,954 W MONROE ST
O1392318,DRIVER,135863efefe58b4ac3109e0ae2a7d14e188b402ce5a526ea226124525a9e26705ecf2511e3d4d9654439cd922e1befcaaa588703eed5423aeef4f3d2ea2792a6,1322964.0,F,43.0,DID NOT DEPLOY,NONE,NO INDICATION OF INJURY,FAILED TO YIELD,NOT OBSCURED,NORMAL,,,,,2022-08-05 09:30:00,30,CLEAR,DAYLIGHT,ANGLE,NOT DIVIDED,DRY,NO DEFECTS,NOT ON SCENE (DESK REPORT),NO INJURY / DRIVE AWAY,,"OVER $1,500",08/05/2022 11:16:00 AM,FAILING TO YIELD RIGHT-OF-WAY,NOT APPLICABLE,,2,NO INDICATION OF INJURY,0.0,0.0,0.0,0.0,0.0,2.0,0.0,9,6,8,41.749288838,-87.740095379,POINT (-87.740095379467 41.749288838092),POINT (1146131.3726040395 1851789.9222620907),2022,4730 W 79TH ST
O1448875,DRIVER,97e394a46cc6828afe87c8a04a86dba7a34eda9751b6ad23fe502bdc9ef22522a5177485060208622e604fc660289907f8db01fdb3821e5921b052b2395df1ea,1377036.0,X,,DEPLOYMENT UNKNOWN,NONE,NO INDICATION OF INJURY,UNKNOWN,UNKNOWN,UNKNOWN,,,,Y,2022-10-21 22:00:00,30,UNKNOWN,DAYLIGHT,FIXED OBJECT,DIVIDED - W/MEDIAN (NOT RAISED),DRY,NO DEFECTS,NOT ON SCENE (DESK REPORT),NO INJURY / DRIVE AWAY,,"OVER $1,500",10/26/2022 01:30:00 PM,UNABLE TO DETERMINE,NOT APPLICABLE,,1,NO INDICATION OF INJURY,0.0,0.0,0.0,0.0,0.0,1.0,0.0,22,6,10,41.851985715,-87.65853991,POINT (-87.658539909733 41.851985715385),POINT (1168092.3672626808 1889376.034571129),2022,2211 S THROOP ST
P316745,PASSENGER,4e811e6dae354ba690efec5cce7c09b4b996b9a870e417e0beb580838a97b359cae5b1fd7b31d292ff4e94edf8116edbe41392ae7b30453e3a576d847f7488a5,1355617.0,M,22.0,DID NOT DEPLOY,NONE,NO INDICATION OF INJURY,,,,,,,,2022-09-24 06:00:00,25,CLEAR,DAYLIGHT,REAR END,NOT DIVIDED,DRY,NO DEFECTS,NOT ON SCENE (DESK REPORT),INJURY AND / OR TOW DUE TO CRASH,,"OVER $1,500",09/24/2022 07:30:00 AM,FOLLOWING TOO CLOSELY,FOLLOWING TOO CLOSELY,,2,NONINCAPACITATING INJURY,1.0,0.0,0.0,1.0,0.0,2.0,0.0,6,7,9,41.989942182,-87.713824557,POINT (-87.713824556893 41.989942182383),POINT (1152667.246093472 1939534.0122675868),2022,5949 N KIMBALL AVE
O1298259,DRIVER,ae55602a2194a8ba864b9c03af869bd47b0cf4e76b067a943436843833b89b326638cca06eb664b581ee0e18b812581624b47b358053829fe0ce34cfa4852917,1232887.0,M,44.0,DID NOT DEPLOY,NONE,NO INDICATION OF INJURY,NONE,NOT OBSCURED,NORMAL,,,,,2022-03-14 18:14:00,10,CLEAR,"DARKNESS, LIGHTED ROAD",REAR TO FRONT,PARKING LOT,DRY,NO DEFECTS,NOT ON SCENE (DESK REPORT),NO INJURY / DRIVE AWAY,,"$501 - $1,500",03/14/2022 07:10:00 PM,UNABLE TO DETERMINE,NOT APPLICABLE,,2,NO INDICATION OF INJURY,0.0,0.0,0.0,0.0,0.0,2.0,0.0,18,2,3,41.967825991,-87.767624856,POINT (-87.767624856049 41.967825990817),POINT (1138094.4772804005 1931373.5676947967),2022,4800 N CENTRAL AVE
O1303230,DRIVER,e89cb16f5f20cd0d6b98fb591cf28a2d22d65f8bc1cc0dc439e83f3ec54f1d4c68e15cf88421609c7272c4759af72c5c823ef459abe6492735e14ac053dc6526,1237643.0,M,,DID NOT DEPLOY,NONE,NO INDICATION OF INJURY,FOLLOWED TOO CLOSELY,UNKNOWN,NORMAL,,,,,2022-03-22 14:45:00,30,CLEAR,DAYLIGHT,REAR END,DIVIDED - W/MEDIAN (NOT RAISED),DRY,NO DEFECTS,NOT ON SCENE (DESK REPORT),NO INJURY / DRIVE AWAY,,"$501 - $1,500",03/22/2022 03:00:00 PM,FOLLOWING TOO CLOSELY,NOT APPLICABLE,,2,NO INDICATION OF INJURY,0.0,0.0,0.0,0.0,0.0,3.0,0.0,14,3,3,41.879010723,-87.657200592,POINT (-87.657200591996 41.879010723339),POINT (1168379.6944197866 1899226.7657632134),2022,200 S RACINE AVE
O1255980,DRIVER,d0b78222d9f781f905059bbd8507da4bd83767a503cfad728963944fccf7f93755d4c07e47fddf9aa90366bf7896d2b02db8d4b2ac83d650c74e60ffdfd6ce0c,1192175.0,M,54.0,NOT APPLICABLE,NONE,NO INDICATION OF INJURY,OTHER,UNKNOWN,NORMAL,,,,,2022-01-01 13:45:00,30,SNOW,DAYLIGHT,FIXED OBJECT,DIVIDED - W/MEDIAN (NOT RAISED),UNKNOWN,UNKNOWN,ON SCENE,NO INJURY / DRIVE AWAY,,"OVER $1,500",01/01/2022 02:01:00 PM,NOT APPLICABLE,NOT APPLICABLE,,1,NO INDICATION OF INJURY,0.0,0.0,0.0,0.0,0.0,1.0,0.0,13,7,1,41.887526696,-87.619637415,POINT (-87.619637414978 41.887526695735),POINT (1178583.4383683538 1902412.8099051672),2022,323 E LOWER WACKER DR
O1358658,DRIVER,fcf10484c702fd4b3688ecf6efb73f0e1e14fddb8baba098155f87006cb1fe6759da7be45cbee95e94cb08ad98c97e4279d6f655cceb21f503eafb1da4edf868,1290956.0,F,,DEPLOYMENT UNKNOWN,NONE,NO INDICATION OF INJURY,OTHER,UNKNOWN,UNKNOWN,,,,,2022-06-14 15:57:00,30,CLEAR,DAYLIGHT,PARKED MOTOR VEHICLE,NOT DIVIDED,DRY,NO DEFECTS,,NO INJURY / DRIVE AWAY,,"OVER $1,500",06/14/2022 05:20:00 PM,DRIVING SKILLS/KNOWLEDGE/EXPERIENCE,NOT APPLICABLE,,2,NO INDICATION OF INJURY,0.0,0.0,0.0,0.0,0.0,2.0,0.0,15,3,6,41.758986865,-87.576082626,POINT (-87.576082625984 41.758986864707),POINT (1190855.9487679708 1855675.039146573),2022,2000 E 75TH ST
O1385441,DRIVER,4a920f82818066f792a8511fe959b7799996e588f69bd7ad11df7c336f924cff3b37d0bcd139a9b0d2e1ef970d948fe178908febc96fda2602e04343aec07c65,1316399.0,X,,DEPLOYMENT UNKNOWN,UNKNOWN,NO INDICATION OF INJURY,UNKNOWN,UNKNOWN,UNKNOWN,,,,,2022-07-25 04:00:00,30,CLEAR,"DARKNESS, LIGHTED ROAD",PARKED MOTOR VEHICLE,ONE-WAY,DRY,NO DEFECTS,ON SCENE,NO INJURY / DRIVE AWAY,Y,"OVER $1,500",07/25/2022 04:20:00 AM,UNABLE TO DETERMINE,NOT APPLICABLE,,2,NO INDICATION OF INJURY,0.0,0.0,0.0,0.0,0.0,1.0,0.0,4,2,7,41.749765614,-87.5691195,POINT (-87.569119500132 41.749765614001),POINT (1192785.6071565158 1852331.6903332479),2022,2249 E 80TH ST
O1323309,DRIVER,45bd5b0e3e892bf0c7b489be8c2fc66356f680294cdd8d9802d3d1662914b7d0ac93d8e5e2cf99931a43267cd2e4f6a55dd4cb9c661f674a1353240beb1aa0ec,1256944.0,X,,DEPLOYMENT UNKNOWN,NONE,NO INDICATION OF INJURY,IMPROPER PARKING,UNKNOWN,UNKNOWN,,,,,2022-04-24 19:55:00,30,CLEAR,DAWN,PARKED MOTOR VEHICLE,NOT DIVIDED,DRY,NO DEFECTS,ON SCENE,NO INJURY / DRIVE AWAY,,"$501 - $1,500",04/24/2022 08:09:00 PM,UNABLE TO DETERMINE,UNABLE TO DETERMINE,,2,NO INDICATION OF INJURY,0.0,0.0,0.0,0.0,0.0,1.0,0.0,19,1,4,41.932108851,-87.710083734,POINT (-87.710083734121 41.932108851134),POINT (1153837.5010551466 1918466.7132098565),2022,3304 W DIVERSEY AVE
O1476550,DRIVER,7330f013e33cd92a2220675dbab22bf9b30b5b88f2ac361f0ac0d1063740914f4f4832f981450f0c470d375c60ce1aed843c2ec19bfdd74526e4ae7dd1c59bd7,1403516.0,M,37.0,"DEPLOYED, COMBINATION",NONE,"REPORTED, NOT EVIDENT",UNKNOWN,NOT OBSCURED,NORMAL,,,,,2022-12-08 11:38:00,30,CLEAR,DAYLIGHT,ANGLE,DIVIDED - W/MEDIAN (NOT RAISED),DRY,NO DEFECTS,ON SCENE,INJURY AND / OR TOW DUE TO CRASH,,"OVER $1,500",12/08/2022 11:40:00 AM,UNABLE TO DETERMINE,UNABLE TO DETERMINE,,4,"REPORTED, NOT EVIDENT",4.0,0.0,0.0,0.0,4.0,0.0,0.0,11,5,12,41.982249929,-87.699276844,POINT (-87.699276843677 41.982249929078),POINT (1156642.8996546622 1936759.859220549),2022,5530 N CALIFORNIA AVE
P291590,PASSENGER,d6a065af66a121d3c6749a8bc50ef9895541d16e7a245c0858422196b7f2b84eb46db8d0f6a5344a9f95c21b989ed697b75041b5533da821317a90855475920f,1244491.0,F,,DID NOT DEPLOY,NONE,NO INDICATION OF INJURY,,,,,,,,2022-04-02 20:30:00,30,CLEAR,"DARKNESS, LIGHTED ROAD",REAR TO FRONT,NOT DIVIDED,DRY,NO DEFECTS,NOT ON SCENE (DESK REPORT),NO INJURY / DRIVE AWAY,,"OVER $1,500",04/02/2022 09:10:00 PM,UNABLE TO DETERMINE,UNABLE TO DETERMINE,,2,NO INDICATION OF INJURY,0.0,0.0,0.0,0.0,0.0,4.0,0.0,20,7,4,41.779661337,-87.644637739,POINT (-87.644637738816 41.779661336899),POINT (1172091.1503980304 1863051.458428356),2022,6301 S HALSTED ST
O1283969,DRIVER,6133c7ae084675db5b6026fdb70e955bfb104458aec7262e85be9396e6ffa765ff544f0b6d017bdd432a9aebbabde2fc19f4c63b3617eae1a4023cad4f276b3a,1219134.0,M,40.0,NOT APPLICABLE,NONE,NO INDICATION OF INJURY,UNKNOWN,UNKNOWN,NORMAL,,,,,2022-02-18 13:02:00,30,CLEAR,DAYLIGHT,REAR END,DIVIDED - W/MEDIAN (NOT RAISED),WET,NO DEFECTS,NOT ON SCENE (DESK REPORT),NO INJURY / DRIVE AWAY,,"OVER $1,500",02/18/2022 01:20:00 PM,NOT APPLICABLE,NOT APPLICABLE,,2,NO INDICATION OF INJURY,0.0,0.0,0.0,0.0,0.0,2.0,0.0,13,6,2,41.989861618,-87.742030486,POINT (-87.742030486361 41.989861617636),POINT (1144999.4647344463 1939450.4480160184),2022,4531 W PETERSON AVE
O1309650,DRIVER,88b88d1fcfbda5e9059441064617ef04474b2c7d9b79babd373eb4ca5477f59ccfe9ddc90c013b4fbd9a33af96bd10fefe9d87fc3550d91d27e6ce14f4b870d0,1243789.0,M,45.0,NOT APPLICABLE,NONE,NO INDICATION OF INJURY,NONE,UNKNOWN,NORMAL,,,,,2022-04-01 16:21:00,30,CLEAR,DAYLIGHT,SIDESWIPE SAME DIRECTION,FOUR WAY,DRY,NO DEFECTS,ON SCENE,INJURY AND / OR TOW DUE TO CRASH,Y,"OVER $1,500",04/01/2022 04:30:00 PM,UNABLE TO DETERMINE,UNABLE TO DETERMINE,,4,NONINCAPACITATING INJURY,1.0,0.0,0.0,1.0,0.0,3.0,0.0,16,6,4,41.909589793,-87.740215575,POINT (-87.740215575351 41.909589792662),POINT (1145695.2876241803 1910202.5874482854),2022,4533 W NORTH AVE
P297722,PASSENGER,5c67e1efb36fa215d46903c6a72d96bb1b32a3911972afaadc92b33e84c749e84d6f0354d7b5d7acc7d824ec7237cefaf5f58e82f8eadc881f719765f6422b7f,1271828.0,M,23.0,NOT APPLICABLE,NONE,NO INDICATION OF INJURY,,,,,,,,2022-05-16 16:26:00,30,CLEAR,DAYLIGHT,REAR END,NOT DIVIDED,DRY,NO DEFECTS,ON SCENE,NO INJURY / DRIVE AWAY,,$500 OR LESS,05/16/2022 04:27:00 PM,FAILING TO REDUCE SPEED TO AVOID CRASH,FAILING TO REDUCE SPEED TO AVOID CRASH,,2,NO INDICATION OF INJURY,0.0,0.0,0.0,0.0,0.0,3.0,0.0,16,2,5,41.743933077,-87.599290834,POINT (-87.59929083362 41.743933077029),POINT (1184570.652494404 1850134.6824794593),2022,1021 E 83RD ST
P290557,PASSENGER,ab8f2ac2e8a25d7fe684d07dc348238d19f4bea2f95d790a40e2efdf5406c4444f1f16c28da4e3e307d169f7b39037df887001f463f1856d17b5f545c5e74532,1239828.0,F,27.0,DID NOT DEPLOY,NONE,NO INDICATION OF INJURY,,,,,,,,2022-03-26 08:00:00,30,CLEAR,DAYLIGHT,PARKED MOTOR VEHICLE,ONE-WAY,WET,NO DEFECTS,NOT ON SCENE (DESK REPORT),NO INJURY / DRIVE AWAY,Y,"OVER $1,500",03/26/2022 08:35:00 AM,UNABLE TO DETERMINE,UNABLE TO DETERMINE,,2,NO INDICATION OF INJURY,0.0,0.0,0.0,0.0,0.0,3.0,0.0,8,7,3,41.850997096,-87.713904199,POINT (-87.713904198771 41.850997096232),POINT (1153011.3152999445 1888902.1157093015),2022,2224 S DRAKE AVE
O1322945,DRIVER,ead9e23db5a0e085cf170b127f17a7428953edc1cd3368a4f5c7af2e0f5e5ee40300a597ff6632f21e861793e17e81036c34f61eb88da1bd88ee7c1e682319ac,1256591.0,M,40.0,"DEPLOYED, FRONT",NONE,NO INDICATION OF INJURY,UNKNOWN,UNKNOWN,UNKNOWN,,,,,2022-04-23 19:50:00,30,CLEAR,DARKNESS,FIXED OBJECT,NOT DIVIDED,DRY,NO DEFECTS,NOT ON SCENE (DESK REPORT),INJURY AND / OR TOW DUE TO CRASH,,"OVER $1,500",04/24/2022 09:35:00 AM,NOT APPLICABLE,NOT APPLICABLE,,1,NO INDICATION OF INJURY,0.0,0.0,0.0,0.0,0.0,1.0,0.0,19,7,4,41.75646762,-87.626930872,POINT (-87.626930872142 41.756467619774),POINT (1176990.124274846 1854639.0251066978),2022,56 W 76TH ST
O1343213,DRIVER,3524e27bae2d27f60e29f77fafbf490722cb6d86d11d6b1db169d923831bad808f05e20c8c5dd3ac4494cf0ae17c57badca1e918f2a70311642e3ee0701d2990,1276155.0,X,,DEPLOYMENT UNKNOWN,NONE,NO INDICATION OF INJURY,UNKNOWN,UNKNOWN,UNKNOWN,,,,,2022-05-23 11:45:00,15,CLEAR,DAYLIGHT,PARKED MOTOR VEHICLE,NOT DIVIDED,DRY,NO DEFECTS,NOT ON SCENE (DESK REPORT),NO INJURY / DRIVE AWAY,Y,$500 OR LESS,05/23/2022 04:00:00 PM,UNABLE TO DETERMINE,NOT APPLICABLE,,2,NO INDICATION OF INJURY,0.0,0.0,0.0,0.0,0.0,1.0,0.0,11,2,5,41.929495301,-87.766330298,POINT (-87.766330298432 41.929495300631),POINT (1138538.9359992377 1917408.0961747235),2022,2700 N CENTRAL AVE
O1485510,DRIVER,f671e49d81dcd19412330bb62c427e8d0323b0e4fef54d3adbc63965fb9c22d47fc8d425803ad7f9cfa3afd6b873f6814b5cbe231a619d2fb1f5c143b2c76301,1412098.0,F,43.0,DID NOT DEPLOY,NONE,NO INDICATION OF INJURY,NONE,NOT OBSCURED,NORMAL,,,,,2022-12-21 13:40:00,30,CLEAR,DAYLIGHT,REAR END,NOT DIVIDED,DRY,NO DEFECTS,ON SCENE,INJURY AND / OR TOW DUE TO CRASH,,"OVER $1,500",12/21/2022 02:00:00 PM,DRIVING SKILLS/KNOWLEDGE/EXPERIENCE,NOT APPLICABLE,,2,NO INDICATION OF INJURY,0.0,0.0,0.0,0.0,0.0,2.0,0.0,13,4,12,41.984675952,-87.689332208,POINT (-87.689332207837 41.984675952351),POINT (1159340.1003983456 1937664.0872919678),2022,5651 N WESTERN AVE
P313776,PASSENGER,1f38c92d1bf66b6181df01af274071e724d89c8e8fb8287e23a8cc63e5af2a85f77ba4736b77bef9c53425d8be05d3933b61eda7c5ee42ee3ca87356952800d0,1342389.0,F,18.0,"DEPLOYED, FRONT",NONE,INCAPACITATING INJURY,,,,,,,,2022-09-03 22:25:00,30,CLEAR,"DARKNESS, LIGHTED ROAD",TURNING,DIVIDED - W/MEDIAN (NOT RAISED),DRY,NO DEFECTS,ON SCENE,INJURY AND / OR TOW DUE TO CRASH,,"OVER $1,500",09/03/2022 11:12:00 PM,FAILING TO YIELD RIGHT-OF-WAY,NOT APPLICABLE,,2,INCAPACITATING INJURY,4.0,0.0,4.0,0.0,0.0,2.0,0.0,22,7,9,41.735898617,-87.663128781,POINT (-87.663128780901 41.735898617066),POINT (1167171.9412975195 1847064.8553450012),2022,1600 W 87TH ST
O1293833,DRIVER,b5ed5d8fca51bb105609309376150a6443d4a0e728b62562383dc24d211d81ad265cb67f7751a95baeb1ee979aa60668137a4b7f52e4809e54285ece4f010046,1228613.0,M,18.0,DID NOT DEPLOY,NONE,NO INDICATION OF INJURY,FAILED TO YIELD,UNKNOWN,NORMAL,,,,,2022-03-06 16:30:00,30,CLEAR,DAYLIGHT,REAR END,NOT DIVIDED,DRY,NO DEFECTS,NOT ON SCENE (DESK REPORT),NO INJURY / DRIVE AWAY,,"$501 - $1,500",03/07/2022 12:15:00 PM,DRIVING SKILLS/KNOWLEDGE/EXPERIENCE,DRIVING SKILLS/KNOWLEDGE/EXPERIENCE,,2,NO INDICATION OF INJURY,0.0,0.0,0.0,0.0,0.0,4.0,0.0,16,1,3,41.853444467,-87.633345646,POINT (-87.633345645672 41.853444466613),POINT (1174952.0582615105 1889962.5466307828),2022,2141 S ARCHER AVE
O1418994,DRIVER,b3db8997f9e4bf97479c5e91c52c9dc7a09715d7f929c2f541cc38935cb203a63fc5478fb89b53bfc8efcde4a4d0029afb4805b2eff7a031f3804605a1153c70,1348470.0,M,,DEPLOYMENT UNKNOWN,NONE,NO INDICATION OF INJURY,FAILED TO YIELD,UNKNOWN,UNKNOWN,,,,,2022-09-13 15:45:00,30,CLEAR,DAYLIGHT,SIDESWIPE SAME DIRECTION,NOT DIVIDED,DRY,NO DEFECTS,NOT ON SCENE (DESK REPORT),NO INJURY / DRIVE AWAY,,$500 OR LESS,09/13/2022 04:30:00 PM,FAILING TO YIELD RIGHT-OF-WAY,IMPROPER OVERTAKING/PASSING,,2,NO INDICATION OF INJURY,0.0,0.0,0.0,0.0,0.0,3.0,0.0,15,3,9,41.925160646,-87.675902952,POINT (-87.675902952173 41.925160646021),POINT (1163157.6193306802 1916004.2382800735),2022,1900 W FULLERTON AVE
P313009,PASSENGER,bc3810df825e0c406e1a47b75e59cf0df25f85ff883e84792b64d5a7a542a70c11175d7e47c7a1e7119a7f616e397710381719e098d5a9ab19a3d1a728f9d5cb,1338687.0,X,,DEPLOYMENT UNKNOWN,UNKNOWN,NO INDICATION OF INJURY,,,,,,,,2022-08-29 18:15:00,25,CLEAR,DAYLIGHT,REAR END,NOT DIVIDED,DRY,NO DEFECTS,NOT ON SCENE (DESK REPORT),NO INJURY / DRIVE AWAY,Y,$500 OR LESS,08/29/2022 06:30:00 PM,UNABLE TO DETERMINE,UNABLE TO DETERMINE,,2,NO INDICATION OF INJURY,0.0,0.0,0.0,0.0,0.0,5.0,0.0,18,2,8,41.953500314,-87.745434663,POINT (-87.745434663322 41.953500313885),POINT (1144164.9403992542 1926193.8692519267),2022,4001 N KILPATRICK AVE
O1452526,DRIVER,10e198e40d46ae7f49634978330eccfa412f8b304c4c9ac7434a42e45ed962b4b06fa06a942b7f72c5fd29162d465aff6b40e1d4f2adad7f6874805029dd52df,1380524.0,M,22.0,DID NOT DEPLOY,NONE,NO INDICATION OF INJURY,NONE,NOT OBSCURED,NORMAL,,,,,2022-10-29 20:30:00,30,UNKNOWN,"DARKNESS, LIGHTED ROAD",TURNING,NOT DIVIDED,UNKNOWN,NO DEFECTS,NOT ON SCENE (DESK REPORT),NO INJURY / DRIVE AWAY,,"OVER $1,500",10/31/2022 02:00:00 PM,UNABLE TO DETERMINE,UNABLE TO DETERMINE,,2,NO INDICATION OF INJURY,0.0,0.0,0.0,0.0,0.0,2.0,0.0,20,7,10,41.73604409,-87.653404242,POINT (-87.653404241798 41.736044089544),POINT (1169825.6990069423 1847138.6826536963),2022,1200 W 87TH ST
P302996,PASSENGER,fd1d191714ebad5728fe7010b104c66fddfe4d521df94d2e9b28b1795bf624afa8ff8825c7868589d1f76d15659ead3df861bb9aab1e0dbe1a0c909d1dd3762b,1294155.0,M,4.0,DID NOT DEPLOY,NONE,NO INDICATION OF INJURY,,,,,,,,2022-06-19 16:12:00,30,CLEAR,DAYLIGHT,TURNING,NOT DIVIDED,DRY,NO DEFECTS,NOT ON SCENE (DESK REPORT),NO INJURY / DRIVE AWAY,,"OVER $1,500",06/19/2022 05:00:00 PM,FAILING TO YIELD RIGHT-OF-WAY,UNABLE TO DETERMINE,,2,NO INDICATION OF INJURY,0.0,0.0,0.0,0.0,0.0,3.0,0.0,16,1,6,41.809455863,-87.603840324,POINT (-87.603840323976 41.809455863234),POINT (1183126.5472501533 1874000.1674749095),2022,901 E 47TH ST