PERSON_ID,PERSON_TYPE,CRASH_RECORD_ID,VEHICLE_ID,SEX,AGE,AIRBAG_DEPLOYED,EJECTION,INJURY_CLASSIFICATION,DRIVER_ACTION,DRIVER_VISION,PHYSICAL_CONDITION,PEDPEDAL_ACTION,PEDPEDAL_VISIBILITY,PEDPEDAL_LOCATION,CRASH_DATE_EST_I,CRASH_DATE,POSTED_SPEED_LIMIT,WEATHER_CONDITION,LIGHTING_CONDITION,FIRST_CRASH_TYPE,TRAFFICWAY_TYPE,ROADWAY_SURFACE_COND,ROAD_DEFECT,REPORT_TYPE,CRASH_TYPE,HIT_AND_RUN_I,DAMAGE,DATE_POLICE_NOTIFIED,PRIM_CONTRIBUTORY_CAUSE,SEC_CONTRIBUTORY_CAUSE,DOORING_I,NUM_UNITS,MOST_SEVERE_INJURY,INJURIES_TOTAL,INJURIES_FATAL,INJURIES_INCAPACITATING,INJURIES_NON_INCAPACITATING,INJURIES_REPORTED_NOT_EVIDENT,INJURIES_NO_INDICATION,INJURIES_UNKNOWN,CRASH_HOUR,CRASH_DAY_OF_WEEK,CRASH_MONTH,LATITUDE,LONGITUDE,LOCATION,geometry,YEAR,ADDRESS
O1318954,DRIVER,ddfcd00bcafed5cc06ba1a3d89c0f042e5f547f78749a46da1fb3beb97787118656b45c35cc1f65118093c46b5551a762ae226790f45fdd03d2376262cf06584,1252751.0,M,48.0,DID NOT DEPLOY,NONE,NO INDICATION OF INJURY,NONE,NOT OBSCURED,NORMAL,,,,,2022-04-17 15:30:00,30,CLEAR,DAYLIGHT,REAR END,DIVIDED - W/MEDIAN BARRIER,DRY,NO DEFECTS,NOT ON SCENE (DESK REPORT),NO INJURY / DRIVE AWAY,,"OVER $1,500",04/17/2022 04:05:00 PM,UNABLE TO DETERMINE,NOT APPLICABLE,,2,NO INDICATION OF INJURY,0.0,0.0,0.0,0.0,0.0,2.0,0.0,15,1,4,41.884200793,-87.755058545,POINT (-87.755058544886 41.884200793004),POINT (1141717.408082993 1900923.2657695806),2022,159 N LARAMIE AVE
O1486303,DRIVER,3af8a708c8e3b8f2b0ccf5be690cd754a27d90e59dd2872730668728be684912000f47f26b473ddb141c148db50719453e300026fd87517b444b262b2b4cd28a,1412878.0,F,29.0,DID NOT DEPLOY,NONE,NO INDICATION OF INJURY,NONE,NOT OBSCURED,NORMAL,,,,,2022-12-22 11:00:00,30,CLEAR,DAYLIGHT,SIDESWIPE SAME DIRECTION,FOUR WAY,UNKNOWN,NO DEFECTS,NOT ON SCENE (DESK REPORT),NO INJURY / DRIVE AWAY,,$500 OR LESS,12/22/2022 03:30:00 PM,DRIVING SKILLS/KNOWLEDGE/EXPERIENCE,UNABLE TO DETERMINE,,2,NO INDICATION OF INJURY,0.0,0.0,0.0,0.0,0.0,2.0,0.0,11,5,12,41.895933348,-87.677199917,POINT (-87.677199916526 41.895933347984),POINT (1162886.1454933805 1905351.0857602407),2022,800 N DAMEN AVE
P316281,PASSENGER,e3dfcebdea343ab52ef045d097210c48838816731728413fa84a09e30da509068f6632ffbd9a6b43006f0a01f82b3cac169d62ea063f891edd0b718c39871929,1353629.0,F,17.0,DID NOT DEPLOY,NONE,NO INDICATION OF INJURY,,,,,,,,2022-09-21 07:39:00,30,CLEAR,DAYLIGHT,REAR END,NOT DIVIDED,DRY,NO DEFECTS,NOT ON SCENE (DESK REPORT),NO INJURY / DRIVE AWAY,,"OVER $1,500",09/21/2022 08:30:00 AM,UNABLE TO DETERMINE,UNABLE TO DETERMINE,,2,NO INDICATION OF INJURY,0.0,0.0,0.0,0.0,0.0,3.0,0.0,7,4,9,41.778505205,-87.60574183,POINT (-87.605741829658 41.778505205158),POINT (1182703.6052437688 1862717.5374390518),2022,6401 S COTTAGE GROVE AVE
O1394362,PEDESTRIAN,42dd4c705fe24def0fbc6fd9df069238a5fd47eb4f9eb26722a2dc010d19f816287874eeda26cb59ce197ba6955d0d885a53fafc60be2c058b1820a4ea362a75,,M,45.0,,,NONINCAPACITATING INJURY,NONE,NOT OBSCURED,UNKNOWN,CROSSING - NO CONTROLS (AT INTERSECTION),NO CONTRASTING CLOTHING,BIKE LANE,Y,2022-08-06 10:30:00,30,CLEAR,DAYLIGHT,PEDESTRIAN,NOT DIVIDED,DRY,NO DEFECTS,NOT ON SCENE (DESK REPORT),INJURY AND / OR TOW DUE TO CRASH,,"OVER $1,500",08/07/2022 05:00:00 PM,"OPERATING VEHICLE IN ERRATIC, RECKLESS, CARELESS, NEGLIGENT OR AGGRESSIVE MANNER",IMPROPER TURNING/NO SIGNAL,N,2,NONINCAPACITATING INJURY,1.0,0.0,0.0,1.0,0.0,1.0,0.0,10,7,8,41.791079328,-87.61603439,POINT (-87.616034389864 41.791079327817),POINT (1179858.0253919375 1867275.8790879122),2022,5700 S DR MARTIN LUTHER KING JR DR
O1331551,DRIVER,6f8692ba7612c211614064855907565ec4a39321a0777237109a98f35641ea7245b03da453061c7c06188169a7120d6080d928ab1608864137ca208d27586b91,1264911.0,F,29.0,DID NOT DEPLOY,NONE,NO INDICATION OF INJURY,NONE,NOT OBSCURED,NORMAL,,,,,2022-05-06 18:06:00,30,CLEAR,DAYLIGHT,TURNING,FOUR WAY,DRY,NO DEFECTS,NOT ON SCENE (DESK REPORT),NO INJURY / DRIVE AWAY,,"OVER $1,500",05/06/2022 06:59:00 PM,UNABLE TO DETERMINE,UNABLE TO DETERMINE,,2,NO INDICATION OF INJURY,0.0,0.0,0.0,0.0,0.0,2.0,0.0,18,6,5,41.751460603,-87.585971993,POINT (-87.585971992965 41.751460603167),POINT (1188181.5710682059 1852908.9347892143),2022,7900 S STONY ISLAND AVE
P321479,PASSENGER,12200f2553a426c9f4ff5ca33c27d418bed81e6ffd4f9dcc9bdd454f6678d3aa085eae54132dba24415f47659f400a8a775b47426ec3ddbbe2fd396d8e9439a2,1377321.0,M,41.0,NOT APPLICABLE,NONE,NO INDICATION OF INJURY,,,,,,,,2022-10-26 17:34:00,30,CLEAR,DAYLIGHT,SIDESWIPE SAME DIRECTION,DIVIDED - W/MEDIAN (NOT RAISED),DRY,NO DEFECTS,ON SCENE,NO INJURY / DRIVE AWAY,,$500 OR LESS,10/26/2022 05:34:00 PM,NOT APPLICABLE,NOT APPLICABLE,,2,NO INDICATION OF INJURY,0.0,0.0,0.0,0.0,0.0,3.0,0.0,17,4,10,41.92855979,-87.699362176,POINT (-87.699362176456 41.928559790212),POINT (1156764.4346019775 1917194.818772289),2022,2844 W LOGAN BLVD
O1307508,DRIVER,ac53b0ee8ee955498db0e4f69c2c3a100469c7f06dadf40c098fe4d5c21a9f35acfdf6c4b8d5cd7a2e17b08b8e4996f224ab4d49464c09ccaa49610f1c9cb8aa,1241788.0,M,41.0,DEPLOYMENT UNKNOWN,NONE,NO INDICATION OF INJURY,NONE,NOT OBSCURED,NORMAL,,,,,2022-03-29 14:15:00,30,CLEAR,DAYLIGHT,TURNING,DIVIDED - W/MEDIAN (NOT RAISED),DRY,NO DEFECTS,NOT ON SCENE (DESK REPORT),INJURY AND / OR TOW DUE TO CRASH,,"OVER $1,500",03/29/2022 02:23:00 PM,UNABLE TO DETERMINE,UNABLE TO DETERMINE,,2,"REPORTED, NOT EVIDENT",3.0,0.0,0.0,0.0,3.0,1.0,0.0,14,3,3,41.800115319,-87.683783894,POINT (-87.683783893797 41.80011531926),POINT (1161357.7045497345 1870421.6667184788),2022,5130 S WESTERN BLVD
O1329810,DRIVER,b3d9f0261a3ba66c71f293d5c8db05ab7a2ef97c4bbd0a6dd82a510325e5dea5e18d2065ef72f31e9481ee33597ff36cee790576a73005da3a3c63073a11ff73,1263236.0,F,0.0,NOT APPLICABLE,NONE,NO INDICATION OF INJURY,NONE,NOT OBSCURED,NORMAL,,,,,2022-05-04 14:45:00,30,CLEAR,DAYLIGHT,SIDESWIPE SAME DIRECTION,NOT DIVIDED,DRY,NO DEFECTS,NOT ON SCENE (DESK REPORT),NO INJURY / DRIVE AWAY,Y,"OVER $1,500",05/04/2022 04:52:00 PM,IMPROPER OVERTAKING/PASSING,IMPROPER OVERTAKING/PASSING,,2,NO INDICATION OF INJURY,0.0,0.0,0.0,0.0,0.0,2.0,0.0,14,4,5,41.983033732,-87.772543237,POINT (-87.7725432366 41.983033732046),POINT (1136720.640551312 1936906.5382593584),2022,5744 W BRYN MAWR AVE
P321534,PASSENGER,4c2456fd99c315a5cf5b7d849c5bf2e002d7161151c1be9b246679f7e16c770ae9fc79070b75c95893bfe9daaafc79d9746c6c15a4dca313261f771e18b21e6c,1377616.0,F,,DID NOT DEPLOY,NONE,NO INDICATION OF INJURY,,,,,,,,2022-10-25 08:30:00,20,CLEAR,DAYLIGHT,SIDESWIPE SAME DIRECTION,PARKING LOT,DRY,NO DEFECTS,,NO INJURY / DRIVE AWAY,Y,"$501 - $1,500",10/26/2022 11:00:00 AM,UNABLE TO DETERMINE,UNABLE TO DETERMINE,,2,NO INDICATION OF INJURY,0.0,0.0,0.0,0.0,0.0,8.0,0.0,8,3,10,41.71056902,-87.599811736,POINT (-87.599811735945 41.710569020482),POINT (1184532.097835961 1837975.9443694144),2022,941 E 101ST ST
O1370814,DRIVER,0dc98e806ba4634416b51f2ddd5b61307fe3453d55f70dddf5a59f6fa008bcbbb775f25882da655bf2f4bee47afb2321211dac3f858954b67cdcd7c28c7f2ae5,1302553.0,F,,DEPLOYMENT UNKNOWN,NONE,NO INDICATION OF INJURY,OTHER,UNKNOWN,UNKNOWN,,,,,2022-07-02 11:41:00,30,CLEAR,DAYLIGHT,SIDESWIPE SAME DIRECTION,NOT DIVIDED,DRY,NO DEFECTS,NOT ON SCENE (DESK REPORT),NO INJURY / DRIVE AWAY,,"OVER $1,500",07/02/2022 01:20:00 PM,DRIVING SKILLS/KNOWLEDGE/EXPERIENCE,NOT APPLICABLE,,2,NO INDICATION OF INJURY,0.0,0.0,0.0,0.0,0.0,2.0,0.0,11,7,7,41.758715467,-87.586280965,POINT (-87.586280964844 41.758715466706),POINT (1188074.3060017026 1855551.8153076551),2022,7500 S STONY ISLAND AVE
O1434573,DRIVER,c9e78fe68e9aaff2d81093c93fbf8c8a92bd90e94aa736faa5e4e4cabdd216f94fd94d4480112d068fc772011141e829618f791a2e27de0dbe59310bbea91ec3,1363353.0,F,54.0,DID NOT DEPLOY,NONE,NO INDICATION OF INJURY,UNKNOWN,NOT OBSCURED,NORMAL,,,,,2022-10-06 01:29:00,20,OTHER,DARKNESS,TURNING,RAMP,DRY,NO DEFECTS,ON SCENE,NO INJURY / DRIVE AWAY,,$500 OR LESS,10/06/2022 01:29:00 AM,FAILING TO YIELD RIGHT-OF-WAY,NOT APPLICABLE,,2,NO INDICATION OF INJURY,0.0,0.0,0.0,0.0,0.0,3.0,0.0,1,5,10,41.881836409,-87.63374981,POINT (-87.633749809769 41.881836409218),POINT (1174757.6337841707 1900307.628035121),2022,199 W MADISON ST
O1474760,DRIVER,3320537e85d76495a21916f093380b58ec3d6d837af43266df8aa91457e1686892bd1dd4544ec8abe4b89924a6999af9555d8ebfef70793aa458d4b2e70ee620,1401754.0,M,77.0,"DEPLOYED, FRONT",NONE,NONINCAPACITATING INJURY,OVERCORRECTED,NOT OBSCURED,UNKNOWN,,,,,2022-12-05 09:20:00,30,CLEAR,DAYLIGHT,FIXED OBJECT,DIVIDED - W/MEDIAN (NOT RAISED),DRY,NO DEFECTS,NOT ON SCENE (DESK REPORT),INJURY AND / OR TOW DUE TO CRASH,,"OVER $1,500",12/05/2022 09:27:00 AM,UNABLE TO DETERMINE,UNABLE TO DETERMINE,,1,INCAPACITATING INJURY,2.0,0.0,1.0,1.0,0.0,0.0,0.0,9,2,12,41.954059434,-87.67780237,POINT (-87.677802370484 41.954059434196),POINT (1162560.195943773 1926531.0735247994),2022,1937 W IRVING PARK RD
O1408579,DRIVER,ac10844effe3d7e5955303980fa5ca87dd5e54fb4b059743093b4af6bf3b6ab80c9315897dd9fc6cdb53574b6d0a0dd97e2748d6c75ea0d8b438664a87435dee,1338555.0,M,,DID NOT DEPLOY,NONE,NO INDICATION OF INJURY,UNKNOWN,UNKNOWN,UNKNOWN,,,,,2022-08-29 15:11:00,30,CLEAR,DAYLIGHT,REAR END,NOT DIVIDED,UNKNOWN,UNKNOWN,NOT ON SCENE (DESK REPORT),NO INJURY / DRIVE AWAY,,"OVER $1,500",08/29/2022 04:50:00 PM,UNABLE TO DETERMINE,UNABLE TO DETERMINE,,2,NO INDICATION OF INJURY,0.0,0.0,0.0,0.0,0.0,2.0,0.0,15,2,8,41.892312425,-87.677096623,POINT (-87.677096622926 41.892312425165),POINT (1162924.359796646 1904031.837611126),2022,600 N DAMEN AVE
O1446693,DRIVER,c3d7c9ea28fb49770733d24f3334c324059d253ca3e0a92bb884387f2151d2e27caeaa7fe0ca5f222a37d010c588331503962021402648fea1d1bf041277a7b0,1374955.0,F,45.0,NOT APPLICABLE,NONE,NO INDICATION OF INJURY,NONE,NOT OBSCURED,NORMAL,,,,,2022-10-23 15:25:00,30,CLEAR,DAYLIGHT,REAR END,NOT DIVIDED,DRY,NO DEFECTS,NOT ON SCENE (DESK REPORT),NO INJURY / DRIVE AWAY,,"$501 - $1,500",10/23/2022 04:15:00 PM,IMPROPER BACKING,NOT APPLICABLE,,2,NO INDICATION OF INJURY,0.0,0.0,0.0,0.0,0.0,2.0,0.0,15,1,10,41.985479188,-87.659978842,POINT (-87.659978842493 41.985479187915),POINT (1167318.3884645954 1938018.165090972),2022,5701 N BROADWAY
O1262804,DRIVER,6d297c8ae120b2dda58572c63401dd0843b0f40bc8ca1407e93eb0f87c2f267918bda25bf3b0504ef46b0b5f1e6d2a63519d30a411c56ba24212972669d78ae4,1198733.0,F,21.0,NOT APPLICABLE,NONE,NO INDICATION OF INJURY,DISREGARDED CONTROL DEVICES,NOT OBSCURED,NORMAL,,,,,2022-01-14 14:25:00,30,CLEAR,DAYLIGHT,ANGLE,NOT DIVIDED,DRY,NO DEFECTS,NOT ON SCENE (DESK REPORT),NO INJURY / DRIVE AWAY,,"OVER $1,500",01/14/2022 04:05:00 PM,DISREGARDING TRAFFIC SIGNALS,DISREGARDING TRAFFIC SIGNALS,,2,NO INDICATION OF INJURY,0.0,0.0,0.0,0.0,0.0,2.0,0.0,14,6,1,41.795170441,-87.684219439,POINT (-87.684219438912 41.795170441201),POINT (1161252.5536427477 1868618.8877338995),2022,5400 S WESTERN AVE
O1267629,DRIVER,595cb72a95855463258599d2686cc302bb8fdeba859f3e6c41ff95a366df5c14e9c63c7d6593877956ac0b8a1074a94f51a43616ac2fa6802cdbb582d495ec5b,1203339.0,F,41.0,"DEPLOYED, COMBINATION",NONE,NO INDICATION OF INJURY,UNKNOWN,UNKNOWN,NORMAL,,,,,2022-01-22 18:29:00,30,CLEAR,DARKNESS,OVERTURNED,DIVIDED - W/MEDIAN (NOT RAISED),DRY,NO DEFECTS,ON SCENE,INJURY AND / OR TOW DUE TO CRASH,,"OVER $1,500",01/22/2022 06:29:00 PM,UNABLE TO DETERMINE,NOT APPLICABLE,,1,NO INDICATION OF INJURY,0.0,0.0,0.0,0.0,0.0,1.0,0.0,18,7,1,41.706842039,-87.659451202,POINT (-87.659451202385 41.706842039136),POINT (1168258.5637690502 1836484.7954687353),2022,1456 W 103RD ST
O1458695,DRIVER,d470a6c062c235ef1aac82f6c9e892549c197583438b093c154986b388ad08e5305290ffadfd37b4a7c1662d49f1869ced363b7e1c66f6c6d55335e3f97eda46,1386326.0,M,53.0,DEPLOYMENT UNKNOWN,NONE,NO INDICATION OF INJURY,UNKNOWN,UNKNOWN,UNKNOWN,,,,,2022-11-06 10:30:00,30,CLEAR,DAYLIGHT,PARKED MOTOR VEHICLE,DIVIDED - W/MEDIAN (NOT RAISED),DRY,NO DEFECTS,NOT ON SCENE (DESK REPORT),NO INJURY / DRIVE AWAY,,"OVER $1,500",11/09/2022 07:00:00 PM,UNABLE TO DETERMINE,UNABLE TO DETERMINE,,2,NO INDICATION OF INJURY,0.0,0.0,0.0,0.0,0.0,1.0,0.0,10,1,11,41.903240419,-87.716430225,POINT (-87.71643022543 41.903240418887),POINT (1152186.2715899316 1907934.5413335264),2022,1215 N CENTRAL PARK AVE
O1386468,DRIVER,7a982ed77606aa6830044bdf740edbb730290eb32b3486e5f8eae79cd0f4e2d871909327e50114eb5beb5bae4c39e27a0f2d55fa8aba87d05ddd3f57baa1aa48,1317368.0,M,50.0,"DEPLOYED, FRONT",NONE,NO INDICATION OF INJURY,OTHER,UNKNOWN,NORMAL,,,,,2022-07-26 15:10:00,30,CLEAR,DAWN,REAR END,DIVIDED - W/MEDIAN (NOT RAISED),DRY,NO DEFECTS,ON SCENE,INJURY AND / OR TOW DUE TO CRASH,,"OVER $1,500",07/26/2022 03:20:00 PM,FAILING TO REDUCE SPEED TO AVOID CRASH,UNABLE TO DETERMINE,,2,INCAPACITATING INJURY,2.0,0.0,1.0,1.0,0.0,1.0,0.0,15,3,7,41.917585992,-87.680589203,POINT (-87.680589203277 41.917585991986),POINT (1161903.3462049975 1913234.280999661),2022,2111 W ARMITAGE AVE
O1370167,DRIVER,f1c303184ec4450fd8c025ebd44e1542a365d9f2afecf18535ec491674a93926c4a4882c5adb84a38afd349c97131d296e789366b54823de53a2d134e200f99a,1301926.0,M,37.0,NOT APPLICABLE,NONE,NO INDICATION OF INJURY,NONE,NOT OBSCURED,NORMAL,,,,,2022-07-01 08:15:00,30,CLEAR,DAYLIGHT,SIDESWIPE SAME DIRECTION,DIVIDED - W/MEDIAN (NOT RAISED),DRY,NO DEFECTS,NOT ON SCENE (DESK REPORT),NO INJURY / DRIVE AWAY,,"$501 - $1,500",07/01/2022 08:40:00 AM,NOT APPLICABLE,UNABLE TO DETERMINE,,2,NO INDICATION OF INJURY,0.0,0.0,0.0,0.0,0.0,2.0,0.0,8,6,7,41.98534761,-87.659538013,POINT (-87.659538013221 41.985347609993),POINT (1167438.616812031 1937971.1599319961),2022,1135 W HOLLYWOOD AVE
O1323289,DRIVER,c337187cc5de9c4886bea6d00ecd0485955034e3220c2c8a39bc7f7c21e2dfe32635b64937d23e8022de677786d9abbc9111ceb9b66c53fd7e71e5de184ccb1b,1256927.0,M,31.0,DID NOT DEPLOY,NONE,NO INDICATION OF INJURY,NONE,NOT OBSCURED,NORMAL,,,,,2022-04-24 16:19:00,30,CLEAR,DAYLIGHT,SIDESWIPE SAME DIRECTION,DIVIDED - W/MEDIAN (NOT RAISED),DRY,NO DEFECTS,NOT ON SCENE (DESK REPORT),NO INJURY / DRIVE AWAY,,"OVER $1,500",04/24/2022 07:50:00 PM,UNABLE TO DETERMINE,UNABLE TO DETERMINE,,2,NO INDICATION OF INJURY,0.0,0.0,0.0,0.0,0.0,2.0,0.0,16,1,4,41.961735148,-87.666716262,POINT (-87.666716261981 41.961735148081),POINT (1165553.971075681 1929351.3942044287),2022,1444 W MONTROSE AVE
O1351379,DRIVER,e1540063a0bca3962b00a656729e60c4f40ad1fa7e1d9da11126c323ad81e221e369d37afb013c9c809409f0c9147024932dc2d8c38358f091a115dbffcfc839,1283964.0,F,19.0,NOT APPLICABLE,NONE,NO INDICATION OF INJURY,FAILED TO YIELD,NOT OBSCURED,NORMAL,,,,,2022-06-04 16:05:00,30,CLEAR,DAYLIGHT,SIDESWIPE SAME DIRECTION,NOT DIVIDED,DRY,NO DEFECTS,NOT ON SCENE (DESK REPORT),NO INJURY / DRIVE AWAY,,$500 OR LESS,06/04/2022 04:25:00 PM,IMPROPER OVERTAKING/PASSING,UNABLE TO DETERMINE,,2,NO INDICATION OF INJURY,0.0,0.0,0.0,0.0,0.0,2.0,0.0,16,7,6,41.900525238,-87.642955275,POINT (-87.642955275271 41.900525237912),POINT (1172196.0320096347 1907097.5331452934),2022,544 W OAK ST
P312786,PASSENGER,1bcaaad583a9cb3ca86909bad0db0f08e0829de5fa1e2ef8cf158741d0d0fe4f350eeda35453762f630360d1a685b582a61c26a0344e2dadf50228ecc9c09781,1337804.0,M,,DID NOT DEPLOY,NONE,NO INDICATION OF INJURY,,,,,,,,2022-08-27 14:40:00,30,CLEAR,DAYLIGHT,HEAD ON,NOT DIVIDED,DRY,NO DEFECTS,NOT ON SCENE (DESK REPORT),NO INJURY / DRIVE AWAY,Y,"OVER $1,500",08/28/2022 11:20:00 AM,DRIVING ON WRONG SIDE/WRONG WAY,NOT APPLICABLE,,2,NO INDICATION OF INJURY,0.0,0.0,0.0,0.0,0.0,6.0,0.0,14,7,8,41.866191153,-87.684060963,POINT (-87.684060963465 41.866191152721),POINT (1161100.1703452545 1894498.853763001),2022,2315 W OGDEN AVE
O1480018,DRIVER,db6ad927aedf5e36b03440ea30132f31a187ff1f6865c7c4302e3500b5f697f158d0e771ada055b3f9fd1a5f833d53683306c9503c9509fc80eb077deebddb81,1406835.0,F,23.0,"DEPLOYED, SIDE",UNKNOWN,NO INDICATION OF INJURY,NONE,NOT OBSCURED,NORMAL,,,,,2022-12-04 05:00:00,30,CLEAR,"DARKNESS, LIGHTED ROAD",ANGLE,NOT DIVIDED,DRY,NO DEFECTS,NOT ON SCENE (DESK REPORT),INJURY AND / OR TOW DUE TO CRASH,Y,"OVER $1,500",12/13/2022 04:30:00 PM,FAILING TO YIELD RIGHT-OF-WAY,NOT APPLICABLE,,2,NO INDICATION OF INJURY,0.0,0.0,0.0,0.0,0.0,2.0,0.0,5,1,12,41.958936104,-87.752834836,POINT (-87.752834836125 41.958936103854),POINT (1142138.5862891802 1928160.966196187),2022,4301 N MILWAUKEE AVE
O1378865,DRIVER,5157675ee69ac40ec23351c609b37e8cc739238405e4c796bd98db16a174312e8fd2e693da5f1d58e3c9ef9db23e2997c574c3ba839c7c547891c070c5647211,1310177.0,M,30.0,DEPLOYMENT UNKNOWN,NONE,NO INDICATION OF INJURY,UNKNOWN,UNKNOWN,UNKNOWN,,,,,2022-07-15 09:45:00,30,UNKNOWN,DAYLIGHT,SIDESWIPE SAME DIRECTION,NOT DIVIDED,UNKNOWN,UNKNOWN,NOT ON SCENE (DESK REPORT),NO INJURY / DRIVE AWAY,,"$501 - $1,500",07/15/2022 09:45:00 AM,UNABLE TO DETERMINE,NOT APPLICABLE,,2,NO INDICATION OF INJURY,0.0,0.0,0.0,0.0,0.0,2.0,0.0,9,6,7,41.754660124,-87.741384759,POINT (-87.741384758605 41.754660124394),POINT (1145766.0625108115 1853744.7435096262),2022,7601 S CICERO AVE
O1292956,DRIVER,fc811f2ce23a1cd721e12d2a46442b20fc22a01f1fabb7b0fab3bcfa750e505e643a3c41e3272cfff1553c5809cf3850998833ffa4a3f8f7cf79669bb62395e3,1227807.0,M,24.0,DEPLOYMENT UNKNOWN,UNKNOWN,NO INDICATION OF INJURY,UNKNOWN,UNKNOWN,UNKNOWN,,,,,2022-03-05 14:15:00,30,UNKNOWN,DAYLIGHT,TURNING,NOT DIVIDED,UNKNOWN,UNKNOWN,NOT ON SCENE (DESK REPORT),NO INJURY / DRIVE AWAY,,$500 OR LESS,03/05/2022 04:45:00 PM,IMPROPER LANE USAGE,NOT APPLICABLE,,2,NO INDICATION OF INJURY,0.0,0.0,0.0,0.0,0.0,2.0,0.0,14,7,3,41.95665862,-87.786849405,POINT (-87.786849405374 41.956658620002),POINT (1132892.2951693027 1927270.2085623955),2022,4200 N NARRAGANSETT AVE
O1447192,DRIVER,271f8d1b140c4ec08a670e51a40cb995f8b5fdb31a2fca54c6eebbb7f068b3688fb3dfd9e1a52a2422ca5083427bb90b900f7398787f4104a7407ec7b4347922,1375439.0,X,,DEPLOYMENT UNKNOWN,UNKNOWN,NO INDICATION OF INJURY,NONE,UNKNOWN,UNKNOWN,,,,,2022-10-20 03:00:00,30,UNKNOWN,UNKNOWN,PARKED MOTOR VEHICLE,OTHER,UNKNOWN,UNKNOWN,NOT ON SCENE (DESK REPORT),NO INJURY / DRIVE AWAY,Y,"OVER $1,500",10/24/2022 11:30:00 AM,UNABLE TO DETERMINE,UNABLE TO DETERMINE,,2,NO INDICATION OF INJURY,0.0,0.0,0.0,0.0,0.0,1.0,0.0,3,5,10,41.779851056,-87.613344756,POINT (-87.613344756116 41.779851055634),POINT (1180625.7567542128 1863190.5015093323),2022,6312 S EBERHART AVE
O1318514,DRIVER,71336c6605be0af2654294b2f033421ffcd3c6a49bcecdb6e5146771fef66dde605203328a4791449b0a76af636727ded5aece06702cde4fc3d5bee6bc341e81,1252324.0,M,52.0,DID NOT DEPLOY,NONE,NO INDICATION OF INJURY,OTHER,NOT OBSCURED,NORMAL,,,,,2022-04-16 14:13:00,30,CLEAR,DAYLIGHT,REAR END,DIVIDED - W/MEDIAN (NOT RAISED),DRY,NO DEFECTS,ON SCENE,NO INJURY / DRIVE AWAY,,"OVER $1,500",04/16/2022 02:41:00 PM,FAILING TO REDUCE SPEED TO AVOID CRASH,NOT APPLICABLE,,2,NO INDICATION OF INJURY,0.0,0.0,0.0,0.0,0.0,2.0,0.0,14,7,4,41.986905596,-87.689405114,POINT (-87.689405113919 41.986905595527),POINT (1159314.1700669874 1938476.4322269796),2022,5801 N WESTERN AVE
O1389915,DRIVER,b723e34506ca1a1771b9e1b81668757787b9be5164171fa39e1ef2e933f940c4bb7249069aa7d3050d32fc0fae0fa412e675fff3b2d14a47c1f0e3ae480dc1b6,1320667.0,F,26.0,"DEPLOYED, SIDE",NONE,NO INDICATION OF INJURY,OTHER,UNKNOWN,NORMAL,,,,,2022-07-31 16:11:00,20,CLEAR,DAYLIGHT,ANGLE,FOUR WAY,DRY,UNKNOWN,ON SCENE,INJURY AND / OR TOW DUE TO CRASH,Y,"OVER $1,500",07/31/2022 04:15:00 PM,FAILING TO YIELD RIGHT-OF-WAY,FAILING TO YIELD RIGHT-OF-WAY,,2,NO INDICATION OF INJURY,0.0,0.0,0.0,0.0,0.0,4.0,0.0,16,1,7,41.816541955,-87.616936369,POINT (-87.616936368819 41.816541955215),POINT (1179534.7173554103 1876552.2709535835),2022,4300 S DR MARTIN LUTHER KING JR DR
O1330204,DRIVER,d7128b471227fe2323945153b3be02abd747734e81e8bf2556901d4236cac2610ab9ae92f884f2c250381851ed15ad9f270e56467a26e94ea7fed9878b1fdd20,1263628.0,F,55.0,DID NOT DEPLOY,NONE,NO INDICATION OF INJURY,NONE,NOT OBSCURED,NORMAL,,,,,2022-05-05 07:50:00,15,CLEAR,DAYLIGHT,SIDESWIPE SAME DIRECTION,ONE-WAY,DRY,NO DEFECTS,ON SCENE,NO INJURY / DRIVE AWAY,,"$501 - $1,500",05/05/2022 08:33:00 AM,IMPROPER OVERTAKING/PASSING,UNABLE TO DETERMINE,,2,NO INDICATION OF INJURY,0.0,0.0,0.0,0.0,0.0,3.0,0.0,7,5,5,41.805317174,-87.746910922,POINT (-87.746910922451 41.805317174276),POINT (1144132.3336414977 1872193.440628522),2022,4812 S LAPORTE AVE
O1422945,DRIVER,220d3488c11ef78193747f8aa9b59efa1f12158e353cb017fa70923f8227421b8046b8468867b9cab8cb32ffb180dcea41ee4c7fa59767cc3b29f407a70b4c2f,1352267.0,F,30.0,NOT APPLICABLE,NONE,NO INDICATION OF INJURY,NONE,NOT OBSCURED,NORMAL,,,,,2022-09-19 08:25:00,30,CLEAR,DAYLIGHT,REAR END,NOT DIVIDED,DRY,NO DEFECTS,NOT ON SCENE (DESK REPORT),NO INJURY / DRIVE AWAY,,"OVER $1,500",09/19/2022 09:00:00 AM,FOLLOWING TOO CLOSELY,UNABLE TO DETERMINE,,2,NO INDICATION OF INJURY,0.0,0.0,0.0,0.0,0.0,3.0,0.0,8,2,9,41.743198818,-87.662102276,POINT (-87.662102276051 41.743198817553),POINT (1167431.3632275078 1849727.159753768),2022,1532 W 83RD ST