PERSON_ID,PERSON_TYPE,CRASH_RECORD_ID,VEHICLE_ID,SEX,AGE,AIRBAG_DEPLOYED,EJECTION,INJURY_CLASSIFICATION,DRIVER_ACTION,DRIVER_VISION,PHYSICAL_CONDITION,PEDPEDAL_ACTION,PEDPEDAL_VISIBILITY,PEDPEDAL_LOCATION,CRASH_DATE_EST_I,CRASH_DATE,POSTED_SPEED_LIMIT,WEATHER_CONDITION,LIGHTING_CONDITION,FIRST_CRASH_TYPE,TRAFFICWAY_TYPE,ROADWAY_SURFACE_COND,ROAD_DEFECT,REPORT_TYPE,CRASH_TYPE,HIT_AND_RUN_I,DAMAGE,DATE_POLICE_NOTIFIED,PRIM_CONTRIBUTORY_CAUSE,SEC_CONTRIBUTORY_CAUSE,DOORING_I,NUM_UNITS,MOST_SEVERE_INJURY,INJURIES_TOTAL,INJURIES_FATAL,INJURIES_INCAPACITATING,INJURIES_NON_INCAPACITATING,INJURIES_REPORTED_NOT_EVIDENT,INJURIES_NO_INDICATION,INJURIES_UNKNOWN,CRASH_HOUR,CRASH_DAY_OF_WEEK,CRASH_MONTH,LATITUDE,LONGITUDE,LOCATION,geometry,YEAR,ADDRESS
O1269818,DRIVER,dd64cb9b0c5d08a0910a1e315dab78ecdbf211ae8e3a0923b48ff4715d0d918cd848afd522b16c3f501552365a7866b63e28b1b21fae3dac7fb7d6eaf8356384,1205467.0,X,,DEPLOYMENT UNKNOWN,NONE,NO INDICATION OF INJURY,UNKNOWN,UNKNOWN,UNKNOWN,,,,Y,2022-01-25 16:00:00,30,CLEAR,DAYLIGHT,PARKED MOTOR VEHICLE,DIVIDED - W/MEDIAN (NOT RAISED),DRY,NO DEFECTS,NOT ON SCENE (DESK REPORT),NO INJURY / DRIVE AWAY,Y,"OVER $1,500",01/26/2022 01:00:00 PM,UNABLE TO DETERMINE,UNABLE TO DETERMINE,,2,NO INDICATION OF INJURY,0.0,0.0,0.0,0.0,0.0,1.0,0.0,16,3,1,41.924179416,-87.759065787,POINT (-87.759065787317 41.924179416264),POINT (1140528.6850422698 1915484.1377742754),2022,5310 W FULLERTON AVE
P329472,PASSENGER,50564c9b7454d6d95831e8e2b86a1f2d1588a902fc3e85997ec4d3fe3e0aa8ceb01865fa1b931fb351d34e9897227371c30564793373c4d468bb4c7ecdb01b77,1415874.0,F,,DID NOT DEPLOY,NONE,NO INDICATION OF INJURY,,,,,,,,2022-12-27 15:45:00,30,CLEAR,DAYLIGHT,REAR END,NOT DIVIDED,DRY,NO DEFECTS,NOT ON SCENE (DESK REPORT),NO INJURY / DRIVE AWAY,,"OVER $1,500",12/28/2022 01:23:00 PM,NOT APPLICABLE,NOT APPLICABLE,,2,NO INDICATION OF INJURY,0.0,0.0,0.0,0.0,0.0,3.0,0.0,15,3,12,41.792406398,-87.784191806,POINT (-87.784191805726 41.792406398109),POINT (1133998.0835089358 1867421.6997234372),2022,6498 W ARCHER AVE
O1474877,DRIVER,bbab8aafdfe5f1fe9da2d9785b4065dcfb8d60985f4f2382fdebf2caacc8d51b7db8156980403003cd1b728a13d0625f8d05fda8b8ba4ccd66ade7a143df0bf0,1401869.0,F,42.0,DID NOT DEPLOY,NONE,NO INDICATION OF INJURY,FAILED TO YIELD,UNKNOWN,UNKNOWN,,,,,2022-12-05 08:45:00,30,CLEAR,DAYLIGHT,REAR TO FRONT,ONE-WAY,DRY,NO DEFECTS,NOT ON SCENE (DESK REPORT),NO INJURY / DRIVE AWAY,,"$501 - $1,500",12/05/2022 01:45:00 PM,UNABLE TO DETERMINE,UNABLE TO DETERMINE,,2,NO INDICATION OF INJURY,0.0,0.0,0.0,0.0,0.0,2.0,0.0,8,2,12,41.734714221,-87.552607067,POINT (-87.552607066775 41.7347142212),POINT (1197341.2454244173 1846887.547361315),2022,8827 S EXCHANGE AVE
O1331577,DRIVER,49ea7f1bf7ea3df3cd0ff489090cf5ea6eefbf9763eae1637a34e47ba111c8c6a31c22a69dd20d6fb0de481767faf284f81283a8589d0d424d209e1d5c046e00,1264925.0,F,48.0,NOT APPLICABLE,NONE,NO INDICATION OF INJURY,NONE,NOT OBSCURED,NORMAL,,,,,2022-05-06 08:10:00,30,RAIN,DAYLIGHT,SIDESWIPE SAME DIRECTION,NOT DIVIDED,DRY,NO DEFECTS,,INJURY AND / OR TOW DUE TO CRASH,,"$501 - $1,500",05/06/2022 02:55:00 PM,NOT APPLICABLE,NOT APPLICABLE,,2,NONINCAPACITATING INJURY,1.0,0.0,0.0,1.0,0.0,3.0,0.0,8,6,5,41.777557495,-87.786296851,POINT (-87.786296850557 41.777557495037),POINT (1133458.4707924651 1862007.2182496684),2022,6300 S NASHVILLE AVE
O1446438,DRIVER,187397bacf868aa1daa5f934c627b90b8f7e6339ba8338af08716db7a793d89e7b1ac7da39482657cfc0eb2ecb0ae9cca3eaed73107eb7d56758e5151301bede,1374724.0,M,44.0,DID NOT DEPLOY,NONE,NO INDICATION OF INJURY,UNKNOWN,UNKNOWN,NORMAL,,,,,2022-10-22 20:21:00,25,CLEAR,"DARKNESS, LIGHTED ROAD",ANGLE,PARKING LOT,DRY,UNKNOWN,NOT ON SCENE (DESK REPORT),INJURY AND / OR TOW DUE TO CRASH,,"OVER $1,500",10/23/2022 07:50:00 AM,UNABLE TO DETERMINE,UNABLE TO DETERMINE,,2,NONINCAPACITATING INJURY,2.0,0.0,0.0,2.0,0.0,1.0,0.0,20,7,10,41.864876099,-87.686083569,POINT (-87.686083568501 41.86487609876),POINT (1160552.8592942723 1894015.4906854325),2022,2398 W OGDEN AVE
O1459699,DRIVER,2ccdc392a4bff3bb1f0a86da8da6beebfd9a7471aa4f3b0bb389aaba438b8a1b904dd84c0008b433ca0ceb8f2dc9929d849c29860295e639a0c678bd509fcb2c,1387302.0,M,64.0,NOT APPLICABLE,NONE,NO INDICATION OF INJURY,OTHER,UNKNOWN,NORMAL,,,,,2022-11-11 08:30:00,30,CLEAR,DAYLIGHT,FIXED OBJECT,DIVIDED - W/MEDIAN BARRIER,DRY,NO DEFECTS,ON SCENE,INJURY AND / OR TOW DUE TO CRASH,,"OVER $1,500",11/11/2022 08:40:00 AM,DISREGARDING ROAD MARKINGS,DISREGARDING ROAD MARKINGS,,1,NO INDICATION OF INJURY,0.0,0.0,0.0,0.0,0.0,1.0,0.0,8,6,11,41.793979007,-87.678699276,POINT (-87.678699275973 41.793979007295),POINT (1162761.1236611176 1868196.1514245046),2022,2150 W GARFIELD BLVD
O1346689,DRIVER,71ba02d66e5a783882cd34483da067b65291f501c34fdcb339962af46db2fdf384fce6176d9cf77de7606c377e16a74537f22b4afad11bacc38626aa76d7c1cf,1279498.0,F,60.0,NOT APPLICABLE,NONE,NONINCAPACITATING INJURY,NONE,UNKNOWN,NORMAL,,,,,2022-05-28 14:20:00,35,CLEAR,DAYLIGHT,REAR END,DIVIDED - W/MEDIAN BARRIER,DRY,UNKNOWN,ON SCENE,INJURY AND / OR TOW DUE TO CRASH,,"OVER $1,500",05/28/2022 02:24:00 PM,UNABLE TO DETERMINE,UNABLE TO DETERMINE,,2,NONINCAPACITATING INJURY,1.0,0.0,0.0,1.0,0.0,2.0,0.0,14,7,5,41.960889822,-87.742649505,POINT (-87.742649505184 41.960889822368),POINT (1144903.9763457929 1928891.838997954),2022,4600 W MONTROSE AVE
P314347,PASSENGER,efd53484767efc7604c6c12bf1bc6e213b4c5af0392abfa16e2303e2472580a70474c0ab6ddc637aaea775f19ef149b67d2797302efacd0a7549604e04417780,1344631.0,F,53.0,NOT APPLICABLE,NONE,NO INDICATION OF INJURY,,,,,,,,2022-09-07 14:50:00,30,CLEAR,DAYLIGHT,PARKED MOTOR VEHICLE,DIVIDED - W/MEDIAN (NOT RAISED),DRY,NO DEFECTS,NOT ON SCENE (DESK REPORT),NO INJURY / DRIVE AWAY,Y,"OVER $1,500",09/07/2022 06:30:00 PM,UNABLE TO DETERMINE,UNABLE TO DETERMINE,,2,NO INDICATION OF INJURY,0.0,0.0,0.0,0.0,0.0,2.0,0.0,14,4,9,41.950475506,-87.730899456,POINT (-87.730899456143 41.950475505529),POINT (1148126.4410706772 1925119.0776250684),2022,3814 N KEDVALE AVE
P281729,PASSENGER,3ccce406ed5f8eb844ee07ec38a1eab5d90d8d975fc3de84fac01751674c323bd9d4c64e44108f526237b297347e111fe75b907df62fd301e953311bb7678cd8,1197467.0,,,NOT APPLICABLE,NONE,NO INDICATION OF INJURY,,,,,,,,2022-01-12 08:50:00,30,CLEAR,DAYLIGHT,REAR END,NOT DIVIDED,DRY,NO DEFECTS,NOT ON SCENE (DESK REPORT),INJURY AND / OR TOW DUE TO CRASH,,"OVER $1,500",01/12/2022 09:28:00 AM,FOLLOWING TOO CLOSELY,FOLLOWING TOO CLOSELY,,2,NONINCAPACITATING INJURY,1.0,0.0,0.0,1.0,0.0,2.0,0.0,8,4,1,41.834131613,-87.675441149,POINT (-87.675441148508 41.834131612912),POINT (1163537.5663638122 1882834.3302661036),2022,2000 W 33RD ST
O1427570,DRIVER,9f11bb9a15e2ff345c4b6d2b45f27f9d6478680381d1ad5fdfefa331cddb400e2b69eb53034b03829901fe6686b8dd9cbe6f7e7fe527cc00275173e54023a7e2,1356663.0,M,26.0,DID NOT DEPLOY,NONE,NO INDICATION OF INJURY,NONE,NOT OBSCURED,NORMAL,,,,,2022-09-25 18:46:00,15,CLEAR,"DARKNESS, LIGHTED ROAD",SIDESWIPE SAME DIRECTION,PARKING LOT,DRY,UNKNOWN,ON SCENE,NO INJURY / DRIVE AWAY,,"$501 - $1,500",09/25/2022 07:06:00 PM,UNABLE TO DETERMINE,UNABLE TO DETERMINE,,2,NO INDICATION OF INJURY,0.0,0.0,0.0,0.0,0.0,3.0,0.0,18,1,9,41.851288488,-87.723850843,POINT (-87.723850843329 41.851288488406),POINT (1150300.6214017347 1888988.9071491864),2022,3939 W OGDEN AVE
O1360421,DRIVER,b2f660dc681faac59b7f58964e91f035f19cebd077ebd1823ba1b3fd87acbb706ba4bdac8e4b031e572f9fc2f75a0308059217666827784cde676c7422085484,1292637.0,M,22.0,"DEPLOYED, FRONT",NONE,"REPORTED, NOT EVIDENT",NONE,NOT OBSCURED,NORMAL,,,,Y,2022-06-17 14:00:00,40,CLEAR,DAYLIGHT,TURNING,CENTER TURN LANE,DRY,NO DEFECTS,ON SCENE,INJURY AND / OR TOW DUE TO CRASH,,"OVER $1,500",06/17/2022 02:05:00 PM,FAILING TO YIELD RIGHT-OF-WAY,UNABLE TO DETERMINE,,3,NONINCAPACITATING INJURY,2.0,0.0,0.0,1.0,1.0,0.0,0.0,14,6,6,41.786299253,-87.722826528,POINT (-87.72282652764 41.786299252842),POINT (1150747.9515668557 1865309.1620021304),2022,5849 S PULASKI RD
O1439345,DRIVER,21b9ba5ba941d2845a1efc533e826680c76bf3e3eb29075841b69dd00a124190f462a177d7df7b69d62532173a1d195eb3116cec546cda0dda70652b829a36c0,1367935.0,M,45.0,NOT APPLICABLE,NONE,NO INDICATION OF INJURY,IMPROPER PASSING,NOT OBSCURED,NORMAL,,,,,2022-10-12 19:38:00,25,CLEAR,"DARKNESS, LIGHTED ROAD",TURNING,NOT DIVIDED,DRY,NO DEFECTS,ON SCENE,NO INJURY / DRIVE AWAY,,"OVER $1,500",10/12/2022 07:42:00 PM,IMPROPER OVERTAKING/PASSING,NOT APPLICABLE,,2,NO INDICATION OF INJURY,0.0,0.0,0.0,0.0,0.0,2.0,0.0,19,4,10,41.786004645,-87.715748756,POINT (-87.715748755759 41.786004644539),POINT (1152678.9872928655 1865215.5942292353),2022,5900 S LAWNDALE AVE
O1491895,DRIVER,e212a88524adc4a370b6e39673490522560659ba575ff9e41be67cfa8edd5f0cb71e384d95b1405434b0fbb4f00c58a8fd91e91fa18a285c0c180c040a655684,1418220.0,M,31.0,DID NOT DEPLOY,NONE,NO INDICATION OF INJURY,NONE,NOT OBSCURED,NORMAL,,,,,2022-12-31 12:42:00,30,CLEAR,DAYLIGHT,PEDALCYCLIST,NOT DIVIDED,DRY,NO DEFECTS,,INJURY AND / OR TOW DUE TO CRASH,,"OVER $1,500",12/31/2022 12:45:00 PM,UNABLE TO DETERMINE,UNABLE TO DETERMINE,N,2,INCAPACITATING INJURY,1.0,0.0,1.0,0.0,0.0,1.0,0.0,12,7,12,41.800963478,-87.703622809,POINT (-87.703622809117 41.800963478135),POINT (1155946.0891380107 1870690.4779960257),2022,5059 S KEDZIE AVE
O1344822,DRIVER,60ba3c64826a4d40f16bd6771fa59febc352250e287fb7b097a5a72ec3c90d48340f7be665e21176a08150b066a13da3ce2b92209b4ab4373889da7c16ba586b,1277670.0,M,35.0,NOT APPLICABLE,NONE,NO INDICATION OF INJURY,DISREGARDED CONTROL DEVICES,UNKNOWN,NORMAL,,,,,2022-05-22 02:50:00,30,CLEAR,DARKNESS,ANGLE,DIVIDED - W/MEDIAN (NOT RAISED),DRY,NO DEFECTS,,INJURY AND / OR TOW DUE TO CRASH,,"OVER $1,500",05/22/2022 02:54:00 AM,DISREGARDING TRAFFIC SIGNALS,DISREGARDING TRAFFIC SIGNALS,,2,NO INDICATION OF INJURY,0.0,0.0,0.0,0.0,0.0,3.0,0.0,2,1,5,41.794199485,-87.631925482,POINT (-87.631925482492 41.794199485414),POINT (1175515.2098147385 1868377.0887797705),2022,5500 S WELLS ST
O1484870,DRIVER,cf3f172be03b9e3e83a94d930a0d24b2cd4e9f40b60fbcfeac51e6fcdabfbd0f914ca1419edc1dd90e7ace7de629529332d9ab6a059ed8faddc2971776759205,1411468.0,X,,DEPLOYMENT UNKNOWN,NONE,NO INDICATION OF INJURY,UNKNOWN,UNKNOWN,UNKNOWN,,,,,2022-12-10 14:00:00,25,CLEAR,DAYLIGHT,PARKED MOTOR VEHICLE,ONE-WAY,UNKNOWN,UNKNOWN,NOT ON SCENE (DESK REPORT),NO INJURY / DRIVE AWAY,Y,"OVER $1,500",12/20/2022 02:50:00 PM,UNABLE TO DETERMINE,UNABLE TO DETERMINE,,2,NO INDICATION OF INJURY,0.0,0.0,0.0,0.0,0.0,1.0,0.0,14,7,12,41.858158668,-87.706799254,POINT (-87.706799254329 41.858158668233),POINT (1154927.9995766727 1891525.8142272015),2022,1630 S SAWYER AVE
P302125,PASSENGER,0f489d8ca1956bad49104edfcca6aae33ed6f1f9bafe3cb2d0061ba94dd3809f0c400dffbf365fc824e9979c400fea292f9afa550a2fb0e87cbd4885e4f1a1ff,1290751.0,M,25.0,"DEPLOYED, FRONT",NONE,NO INDICATION OF INJURY,,,,,,,,2022-06-15 02:04:00,30,CLEAR,"DARKNESS, LIGHTED ROAD",ANGLE,FOUR WAY,DRY,NO DEFECTS,ON SCENE,INJURY AND / OR TOW DUE TO CRASH,Y,"OVER $1,500",06/15/2022 02:08:00 AM,DISREGARDING TRAFFIC SIGNALS,UNABLE TO DETERMINE,,2,NONINCAPACITATING INJURY,2.0,0.0,0.0,2.0,0.0,2.0,0.0,2,4,6,41.893226724,-87.634258386,POINT (-87.6342583864 41.893226724216),POINT (1174585.32541228 1904457.126313662),2022,628 N WELLS ST
O1331888,DRIVER,9e601bf4a82f596e6000937cd5895cb72a89bceb5f9822635748d7f47d2f295b5a48ee2b7a7ae73c74ac8f1ca8aa908b012443c07d13222fa7d46c22a9cb4504,1265226.0,M,35.0,NOT APPLICABLE,NONE,NO INDICATION OF INJURY,NONE,NOT OBSCURED,IMPAIRED - ALCOHOL,,,,,2022-05-07 09:08:00,30,CLEAR,DAYLIGHT,TURNING,FOUR WAY,DRY,NO DEFECTS,ON SCENE,INJURY AND / OR TOW DUE TO CRASH,,"OVER $1,500",05/07/2022 09:09:00 AM,DISREGARDING STOP SIGN,DISREGARDING STOP SIGN,,2,NO INDICATION OF INJURY,0.0,0.0,0.0,0.0,0.0,3.0,0.0,9,7,5,41.825433704,-87.641252528,POINT (-87.641252527541 41.825433704497),POINT (1172880.1699337433 1879738.0595263427),2022,3758 S WALLACE ST
O1265042,BICYCLE,12b958df68e9ec8fd2d6655e7c7d7d075769378d995047eddbe6b1da1bb00e14777e6bdf2cbe7909d914a2f57743a4a839cdf6e333f1886195af4c50e5aa8b6c,,M,26.0,,NONE,NO INDICATION OF INJURY,DISREGARDED CONTROL DEVICES,NOT OBSCURED,NORMAL,CROSSING - AGAINST SIGNAL,REFLECTIVE MATERIAL,IN ROADWAY,,2022-01-18 12:15:00,30,CLEAR,DAYLIGHT,PEDALCYCLIST,DIVIDED - W/MEDIAN (NOT RAISED),DRY,UNKNOWN,ON SCENE,NO INJURY / DRIVE AWAY,,$500 OR LESS,01/18/2022 12:15:00 PM,DISREGARDING TRAFFIC SIGNALS,UNABLE TO DETERMINE,,2,NO INDICATION OF INJURY,0.0,0.0,0.0,0.0,0.0,2.0,0.0,12,3,1,41.896505647,-87.647654579,POINT (-87.647654579153 41.896505646882),POINT (1170928.4104313771 1905622.5329813552),2022,798 W CHICAGO AVE
O1258002,DRIVER,633a92bf7dfbd790fa601eccca41ae06a38424a6e01042c3f9cff382a45e1cb12cc113a6370387e41fb6547dbc6d05d61288a1258eaeb769829076e443280ceb,1194122.0,M,48.0,NOT APPLICABLE,NONE,NO INDICATION OF INJURY,NONE,UNKNOWN,UNKNOWN,,,,,2022-01-05 14:30:00,10,UNKNOWN,DAYLIGHT,ANGLE,PARKING LOT,UNKNOWN,UNKNOWN,NOT ON SCENE (DESK REPORT),NO INJURY / DRIVE AWAY,,"$501 - $1,500",01/05/2022 03:30:00 PM,UNABLE TO DETERMINE,NOT APPLICABLE,,2,NO INDICATION OF INJURY,0.0,0.0,0.0,0.0,0.0,2.0,0.0,14,4,1,41.823983252,-87.616853891,POINT (-87.616853890785 41.823983251515),POINT (1179534.5894731819 1879264.0339541642),2022,3857 S DR MARTIN LUTHER KING JR DR
O1348820,DRIVER,691a1b0e6ccd1e6f718d8368e54f862ed69272506873e0d588c8262ec6fed07eb77afc980f2035d03eeb4b68aa5ca828ca2b748fa20c545d92391655e07ec854,1281526.0,M,,DID NOT DEPLOY,NONE,NO INDICATION OF INJURY,IMPROPER BACKING,NOT OBSCURED,UNKNOWN,,,,,2022-05-31 19:52:00,30,CLEAR,DAYLIGHT,REAR END,NOT DIVIDED,DRY,NO DEFECTS,NOT ON SCENE (DESK REPORT),NO INJURY / DRIVE AWAY,Y,"$501 - $1,500",05/31/2022 09:00:00 PM,IMPROPER BACKING,UNABLE TO DETERMINE,,2,NO INDICATION OF INJURY,0.0,0.0,0.0,0.0,0.0,3.0,0.0,19,3,5,42.006801604,-87.661457734,POINT (-87.661457733969 42.006801603988),POINT (1166855.346683508 1945785.029105032),2022,6900 N SHERIDAN RD
P295162,PASSENGER,d68021c5b14854f2f604d3d74677323a8e2c8a2fb86a72d02605557462e633df82f52244916ab72fb4945c3f695e20a54454e1023d4ce814b917b4cd9b41aa1d,1260093.0,F,73.0,DID NOT DEPLOY,NONE,NO INDICATION OF INJURY,,,,,,,,2022-04-29 20:08:00,35,RAIN,"DARKNESS, LIGHTED ROAD",PEDALCYCLIST,NOT DIVIDED,WET,NO DEFECTS,ON SCENE,INJURY AND / OR TOW DUE TO CRASH,,"OVER $1,500",04/29/2022 08:10:00 PM,FAILING TO YIELD RIGHT-OF-WAY,NOT APPLICABLE,,2,NONINCAPACITATING INJURY,1.0,0.0,0.0,1.0,0.0,3.0,0.0,20,6,4,41.968471277,-87.717252821,POINT (-87.717252820605 41.968471277255),POINT (1151791.5210376468 1931703.1890586733),2022,3534 W LAWRENCE AVE
O1411105,DRIVER,a6f5fa35e8f22d558188a7bada0392435153a0a59a2a356af2f32c90f27914e9e6d4ac374c0c3c150355263f8854c4d57ee9fdcb3c51ffb8f7911b3468e18490,1340943.0,M,23.0,NOT APPLICABLE,NONE,NO INDICATION OF INJURY,NONE,NOT OBSCURED,NORMAL,,,,,2022-09-02 00:30:00,30,CLEAR,DUSK,ANGLE,FOUR WAY,DRY,NO DEFECTS,ON SCENE,INJURY AND / OR TOW DUE TO CRASH,Y,"OVER $1,500",09/02/2022 12:33:00 AM,UNABLE TO DETERMINE,PHYSICAL CONDITION OF DRIVER,,2,NO INDICATION OF INJURY,0.0,0.0,0.0,0.0,0.0,3.0,0.0,0,6,9,41.925511677,-87.795154552,POINT (-87.795154552014 41.925511677164),POINT (1130704.565248692 1915905.9100845132),2022,2501 N OAK PARK AVE
O1377315,DRIVER,3fc70c30fb97ce74134f6d8865cd9916a70c5c4c499baca1b890233a72379407da925b5c9771d5b388dba58064c68e83537585f3aa47b7d3e83cd6273a6ae7a7,1308700.0,M,,DEPLOYMENT UNKNOWN,NONE,NO INDICATION OF INJURY,OTHER,UNKNOWN,UNKNOWN,,,,,2022-07-12 17:30:00,30,CLEAR,DAYLIGHT,PARKED MOTOR VEHICLE,ONE-WAY,DRY,NO DEFECTS,ON SCENE,NO INJURY / DRIVE AWAY,Y,"OVER $1,500",07/12/2022 06:18:00 PM,UNABLE TO DETERMINE,UNABLE TO DETERMINE,,2,NO INDICATION OF INJURY,0.0,0.0,0.0,0.0,0.0,2.0,0.0,17,3,7,41.801328283,-87.692639506,POINT (-87.692639505714 41.801328282969),POINT (1158939.8061894167 1870845.5410936002),2022,5051 S FAIRFIELD AVE
O1361101,DRIVER,c005595c7d536a05e8a5a14494f631eaf5e98a1749ee2744f675ebf9331f60671391f0cb24ccfff0db61114f2db3e18b4f77b586b495529380789db5ddd679fc,1293291.0,F,23.0,NOT APPLICABLE,NONE,NO INDICATION OF INJURY,FAILED TO YIELD,NOT OBSCURED,NORMAL,,,,,2022-06-18 11:00:00,30,CLEAR,DAYLIGHT,TURNING,NOT DIVIDED,DRY,NO DEFECTS,NOT ON SCENE (DESK REPORT),NO INJURY / DRIVE AWAY,,"OVER $1,500",06/18/2022 12:27:00 PM,FAILING TO YIELD RIGHT-OF-WAY,NOT APPLICABLE,,2,NO INDICATION OF INJURY,0.0,0.0,0.0,0.0,0.0,3.0,0.0,11,7,6,41.899177226,-87.628413586,POINT (-87.628413585791 41.899177226127),POINT (1176158.8670917926 1906638.510741155),2022,900 N STATE ST
O1352661,DRIVER,112f1cdbfdb5cc106cd40d865431e1709cb4b0a7fbbf3a934e5934d79ed31598b31b50ceab01bf0becce568703e8dd2b3758e9ea8e7e841bf6c8c167f27ae2af,1285197.0,F,,NOT APPLICABLE,NONE,NO INDICATION OF INJURY,UNKNOWN,UNKNOWN,NORMAL,,,,,2022-06-03 15:06:00,30,CLEAR,UNKNOWN,REAR END,UNKNOWN,UNKNOWN,UNKNOWN,,NO INJURY / DRIVE AWAY,,"OVER $1,500",06/04/2022 04:00:00 PM,UNABLE TO DETERMINE,UNABLE TO DETERMINE,,2,NO INDICATION OF INJURY,0.0,0.0,0.0,0.0,0.0,3.0,0.0,15,6,6,41.974384167,-87.669724282,POINT (-87.669724281976 41.974384166927),POINT (1164700.1553858523 1933954.4022454717),2022,5100 N ASHLAND AVE
O1416461,DRIVER,4f87a1ddfa753c7da9c114c9f62ea2f031c9132e8543c0b1e0b623d282b1276a8ee474b96207b3f60687f6721fce3ce67a1c67a1615704e3f2397aaf39121906,1346059.0,F,26.0,DID NOT DEPLOY,NONE,NO INDICATION OF INJURY,NONE,NOT OBSCURED,NORMAL,,,,,2022-09-09 18:00:00,30,CLEAR,DAYLIGHT,TURNING,DIVIDED - W/MEDIAN (NOT RAISED),DRY,NO DEFECTS,NOT ON SCENE (DESK REPORT),NO INJURY / DRIVE AWAY,Y,"OVER $1,500",09/09/2022 07:30:00 PM,UNABLE TO DETERMINE,NOT APPLICABLE,,2,NO INDICATION OF INJURY,0.0,0.0,0.0,0.0,0.0,2.0,0.0,18,6,9,41.94641755,-87.732309719,POINT (-87.732309718646 41.946417549709),POINT (1147753.1836947878 1923637.6541559168),2022,4200 W ADDISON ST
O1415371,DRIVER,30d427961b61535772aeff05d1df1b236c311e037c712fb563c245dcd1f1d0c5b5b45cc28f48da64918db9f22c29ba92d4580363eef485eddc984df133b24de0,1345026.0,X,,DEPLOYMENT UNKNOWN,UNKNOWN,NO INDICATION OF INJURY,OTHER,UNKNOWN,UNKNOWN,,,,N,2022-09-08 00:31:00,30,CLEAR,DARKNESS,PARKED MOTOR VEHICLE,DIVIDED - W/MEDIAN BARRIER,DRY,NO DEFECTS,NOT ON SCENE (DESK REPORT),NO INJURY / DRIVE AWAY,Y,"OVER $1,500",09/08/2022 11:35:00 AM,UNABLE TO DETERMINE,NOT APPLICABLE,,2,NO INDICATION OF INJURY,0.0,0.0,0.0,0.0,0.0,1.0,0.0,0,5,9,41.88027517,-87.769843951,POINT (-87.769843951468 41.880275169631),POINT (1137700.638404602 1899465.992131668),2022,5800 W MADISON ST
O1374547,DRIVER,67237436e05f36316d7a3bb23cb7a2d5d90a0cf2edc66764f1f86cdd750f6dbe522d43046677d9bc44fd8652824b6a104e65b5fe93bc5800621c5afeb8d5e0df,1306116.0,M,46.0,NOT APPLICABLE,NONE,NO INDICATION OF INJURY,NONE,NOT OBSCURED,NORMAL,,,,,2022-07-08 14:18:00,30,CLEAR,DAYLIGHT,SIDESWIPE SAME DIRECTION,DIVIDED - W/MEDIAN BARRIER,DRY,NO DEFECTS,NOT ON SCENE (DESK REPORT),NO INJURY / DRIVE AWAY,,"OVER $1,500",07/08/2022 04:10:00 PM,IMPROPER LANE USAGE,IMPROPER LANE USAGE,,2,NO INDICATION OF INJURY,0.0,0.0,0.0,0.0,0.0,2.0,0.0,14,6,7,41.876248128,-87.624419185,POINT (-87.624419184591 41.876248128036),POINT (1177315.3450443149 1898292.1137447683),2022,430 S MICHIGAN AVE
O1432374,DRIVER,1752d2f77a6492f87df7b36fba96c3810e0dd73207cbdc0d31b1e5108be8ecd6fe94a13b801e9a4a32f33f96950d4dd0bba9e34b721a3e15e3b8f1de9ef84c49,1361267.0,M,55.0,NOT APPLICABLE,NONE,NO INDICATION OF INJURY,UNKNOWN,NOT OBSCURED,NORMAL,,,,,2022-10-02 15:41:00,30,CLEAR,DAYLIGHT,TURNING,NOT DIVIDED,DRY,NO DEFECTS,ON SCENE,INJURY AND / OR TOW DUE TO CRASH,,"OVER $1,500",10/02/2022 03:41:00 PM,UNABLE TO DETERMINE,NOT APPLICABLE,,3,NO INDICATION OF INJURY,0.0,0.0,0.0,0.0,0.0,4.0,0.0,15,1,10,41.935970181,-87.712534058,POINT (-87.712534057894 41.935970181245),POINT (1153160.571368602 1919868.9521811435),2022,3008 N KIMBALL AVE
O1342774,DRIVER,7998c31432aa93bc8fc379717a5ad54dc0c99229907844fba1f60627c5b734798b74029066896c2ab8d1afd30cd1811a294b6cd174a4d27e38b76a624fd4f469,1275713.0,M,41.0,DID NOT DEPLOY,NONE,"REPORTED, NOT EVIDENT",OTHER,OTHER,NORMAL,,,,,2022-05-22 18:10:00,30,CLEAR,DAYLIGHT,TURNING,DIVIDED - W/MEDIAN BARRIER,UNKNOWN,NO DEFECTS,ON SCENE,INJURY AND / OR TOW DUE TO CRASH,,"OVER $1,500",05/22/2022 06:11:00 PM,UNABLE TO DETERMINE,UNABLE TO DETERMINE,,2,"REPORTED, NOT EVIDENT",1.0,0.0,0.0,0.0,1.0,2.0,0.0,18,1,5,41.884530964,-87.624602045,POINT (-87.624602044601 41.884530963783),POINT (1177240.6194939294 1901309.9619265553),2022,150 N MICHIGAN AVE
O1327195,DRIVER,81f9cabc975468e9e63dbf067905717bc6638d96e888fe3ccc0e4745f6fc9b1e46cede8b186b74a84dc68bff414a491e6d6ae2533fff7567467ba33e0983eb74,1260730.0,M,43.0,NOT APPLICABLE,NONE,NO INDICATION OF INJURY,IMPROPER LANE CHANGE,NOT OBSCURED,NORMAL,,,,,2022-04-30 18:00:00,30,CLEAR,DAYLIGHT,PARKED MOTOR VEHICLE,ONE-WAY,DRY,NO DEFECTS,NOT ON SCENE (DESK REPORT),NO INJURY / DRIVE AWAY,,"OVER $1,500",04/30/2022 06:35:00 PM,IMPROPER LANE USAGE,IMPROPER LANE USAGE,,2,NO INDICATION OF INJURY,0.0,0.0,0.0,0.0,0.0,1.0,0.0,18,7,4,41.809347361,-87.6965387,POINT (-87.69653870006 41.809347360718),POINT (1157855.0077146061 1873759.744315228),2022,4623 S FRANCISCO AVE