PERSON_ID,PERSON_TYPE,CRASH_RECORD_ID,VEHICLE_ID,SEX,AGE,AIRBAG_DEPLOYED,EJECTION,INJURY_CLASSIFICATION,DRIVER_ACTION,DRIVER_VISION,PHYSICAL_CONDITION,PEDPEDAL_ACTION,PEDPEDAL_VISIBILITY,PEDPEDAL_LOCATION,CRASH_DATE_EST_I,CRASH_DATE,POSTED_SPEED_LIMIT,WEATHER_CONDITION,LIGHTING_CONDITION,FIRST_CRASH_TYPE,TRAFFICWAY_TYPE,ROADWAY_SURFACE_COND,ROAD_DEFECT,REPORT_TYPE,CRASH_TYPE,HIT_AND_RUN_I,DAMAGE,DATE_POLICE_NOTIFIED,PRIM_CONTRIBUTORY_CAUSE,SEC_CONTRIBUTORY_CAUSE,DOORING_I,NUM_UNITS,MOST_SEVERE_INJURY,INJURIES_TOTAL,INJURIES_FATAL,INJURIES_INCAPACITATING,INJURIES_NON_INCAPACITATING,INJURIES_REPORTED_NOT_EVIDENT,INJURIES_NO_INDICATION,INJURIES_UNKNOWN,CRASH_HOUR,CRASH_DAY_OF_WEEK,CRASH_MONTH,LATITUDE,LONGITUDE,LOCATION,geometry,YEAR,ADDRESS
O1400866,DRIVER,fbe7064150f4a5e94942f81fec6a3b212cfe45eb9b33c4ee7a8fc25ad5864fa7578febc99fed5160e1c445dc4bd0108aebc0cb26a908a851e73a57fe25f6dec5,1331160.0,M,0.0,NOT APPLICABLE,NONE,NO INDICATION OF INJURY,IMPROPER BACKING,NOT OBSCURED,NORMAL,,,,,2022-08-17 19:30:00,30,CLEAR,DAYLIGHT,ANGLE,ONE-WAY,DRY,NO DEFECTS,ON SCENE,NO INJURY / DRIVE AWAY,Y,"OVER $1,500",08/17/2022 07:33:00 PM,IMPROPER BACKING,FAILING TO REDUCE SPEED TO AVOID CRASH,,3,NO INDICATION OF INJURY,0.0,0.0,0.0,0.0,0.0,4.0,0.0,19,4,8,41.872629421,-87.70957064,POINT (-87.709570639821 41.872629420596),POINT (1154134.7122394457 1896793.4254161897),2022,3331 W FLOURNOY ST
O1324275,DRIVER,06e7c74eff8278634c8b89acc2c80392b0f9631262d5aa0eca5e50fb0b31fd0b4441d37542664d2de334104296d18452b0f23f38a7e3436431ff77e9f7836797,1257893.0,F,,DEPLOYMENT UNKNOWN,NONE,NO INDICATION OF INJURY,NONE,UNKNOWN,UNKNOWN,,,,,2022-04-26 13:13:00,30,CLEAR,DAYLIGHT,SIDESWIPE SAME DIRECTION,NOT DIVIDED,DRY,NO DEFECTS,NOT ON SCENE (DESK REPORT),NO INJURY / DRIVE AWAY,Y,"$501 - $1,500",04/26/2022 03:07:00 PM,NOT APPLICABLE,NOT APPLICABLE,,2,NO INDICATION OF INJURY,0.0,0.0,0.0,0.0,0.0,2.0,0.0,13,3,4,41.720828184,-87.68200147,POINT (-87.682001469812 41.720828183949),POINT (1162062.460483456 1841533.8040504935),2022,2359 W 95TH ST
O1437879,DRIVER,4f30d3ba71158c66fc6d8b47f63bd6caa95660806ce8f6468b5c007b348f4394d49bca3749b7247f6faa0ae94c3d4afdb63e6fb1ba6890f0d0d1186ed883bb7c,1366532.0,X,,DEPLOYMENT UNKNOWN,UNKNOWN,NO INDICATION OF INJURY,FAILED TO YIELD,UNKNOWN,UNKNOWN,,,,,2022-10-11 00:27:00,30,CLEAR,"DARKNESS, LIGHTED ROAD",TURNING,FOUR WAY,DRY,NO DEFECTS,ON SCENE,INJURY AND / OR TOW DUE TO CRASH,Y,"OVER $1,500",10/11/2022 12:30:00 AM,FAILING TO YIELD RIGHT-OF-WAY,NOT APPLICABLE,,2,NO INDICATION OF INJURY,0.0,0.0,0.0,0.0,0.0,4.0,0.0,0,3,10,41.910269034,-87.702015872,POINT (-87.702015872469 41.910269033664),POINT (1156091.3817457592 1910524.3187338063),2022,1600 N HUMBOLDT BLVD
O1285785,DRIVER,6648a864743f0f08bba43746751e8b2a8be1327554d0b43513aee07d982605e882355fe5adc4fdd40ff04cf7579be8eb45ff64021c5c8fcbb164ccedd069ee57,1221015.0,F,57.0,DID NOT DEPLOY,NONE,NO INDICATION OF INJURY,NONE,NOT OBSCURED,NORMAL,,,,,2022-02-20 17:19:00,30,CLEAR,DUSK,REAR END,NOT DIVIDED,DRY,NO DEFECTS,NOT ON SCENE (DESK REPORT),INJURY AND / OR TOW DUE TO CRASH,,$500 OR LESS,02/20/2022 06:00:00 PM,FOLLOWING TOO CLOSELY,CELL PHONE USE OTHER THAN TEXTING,,2,"REPORTED, NOT EVIDENT",1.0,0.0,0.0,0.0,1.0,3.0,0.0,17,1,2,41.706673202,-87.670618843,POINT (-87.670618843265 41.706673202152),POINT (1165209.6132223306 1836399.6078014844),2022,1940 W 103RD ST
O1564283,DRIVER,0f61e86f5def265493e3ff77c1f74fe6c94a3e5093a729f181ac30f106100b5bbb81ba09bb74df2bc5df680af6bb26a6ff8040d73f11a7ddb592134d896c612c,1487992.0,F,18.0,DEPLOYMENT UNKNOWN,UNKNOWN,NO INDICATION OF INJURY,FOLLOWED TOO CLOSELY,UNKNOWN,UNKNOWN,,,,,2022-11-18 19:36:00,30,CLEAR,DAYLIGHT,REAR END,ONE-WAY,DRY,NO DEFECTS,,NO INJURY / DRIVE AWAY,Y,"OVER $1,500",11/20/2022 06:26:00 PM,FOLLOWING TOO CLOSELY,NOT APPLICABLE,,2,NO INDICATION OF INJURY,0.0,0.0,0.0,0.0,0.0,13.0,0.0,19,6,11,41.857209922,-87.643622689,POINT (-87.643622689394 41.857209921576),POINT (1172141.1815547012 1891312.0123918788),2022,1815 S RUBLE ST
P291181,PASSENGER,815bab3617609644333cd9c88aa74106b4b6ea1b1c2eb57a930fcd439b0e0f86524f114e6f028ad017526158f26a953899955394a15845458cc2483f8932d358,1242969.0,M,1.0,NOT APPLICABLE,NONE,NO INDICATION OF INJURY,,,,,,,N,2022-03-31 16:40:00,30,RAIN,DAYLIGHT,REAR END,DIVIDED - W/MEDIAN (NOT RAISED),UNKNOWN,UNKNOWN,ON SCENE,INJURY AND / OR TOW DUE TO CRASH,Y,"OVER $1,500",03/31/2022 04:58:00 PM,UNABLE TO DETERMINE,UNABLE TO DETERMINE,,3,NO INDICATION OF INJURY,0.0,0.0,0.0,0.0,0.0,4.0,0.0,16,5,3,41.880213708,-87.725506691,POINT (-87.725506690936 41.880213707636),POINT (1149774.8633377368 1899525.9886337782),2022,15 S PULASKI RD
O1296146,DRIVER,6ef668248feda5981fa9c650ee41176557c7e89f9432703bdd5661968470724a7e2aa095e5b45c9255a86b97b891fbe07a944f9e5f5526a401d20a2f5abd520d,1230842.0,M,,DEPLOYMENT UNKNOWN,NONE,NO INDICATION OF INJURY,NONE,UNKNOWN,UNKNOWN,,,,,2022-03-11 10:30:00,30,CLEAR,DAYLIGHT,PARKED MOTOR VEHICLE,NOT DIVIDED,DRY,NO DEFECTS,NOT ON SCENE (DESK REPORT),NO INJURY / DRIVE AWAY,,$500 OR LESS,03/11/2022 12:05:00 PM,UNABLE TO DETERMINE,NOT APPLICABLE,,2,NO INDICATION OF INJURY,0.0,0.0,0.0,0.0,0.0,1.0,0.0,10,6,3,41.931752254,-87.746749747,POINT (-87.746749747469 41.931752254185),POINT (1143861.4530999165 1918266.3764432538),2022,2806 N CICERO AVE
O1306295,DRIVER,9a1eb5b41b5e54f5dd49fac6c04dab1d413dc92d8242e9b473df7dacb01c3399691bf8d19d4ca4c928b1ee5eeca90d1f55051ad7d717dfd853f22d42686d5a45,1240590.0,M,36.0,DID NOT DEPLOY,NONE,NO INDICATION OF INJURY,UNKNOWN,UNKNOWN,UNKNOWN,,,,,2022-03-27 15:15:00,15,CLEAR,DAYLIGHT,REAR TO SIDE,PARKING LOT,DRY,UNKNOWN,NOT ON SCENE (DESK REPORT),NO INJURY / DRIVE AWAY,,"OVER $1,500",03/27/2022 05:40:00 PM,UNABLE TO DETERMINE,UNABLE TO DETERMINE,,2,NO INDICATION OF INJURY,0.0,0.0,0.0,0.0,0.0,6.0,0.0,15,1,3,41.902331663,-87.740458945,POINT (-87.740458944852 41.902331662978),POINT (1145647.3227664914 1907557.2672015992),2022,4545 W DIVISION ST
O1380204,DRIVER,872570fb32afd8f91975b8710d1a93e86cd1702a9d81225f1a606e82614a6b3283842e2d91475bee87cca1b640805955e9023711564bb1fe5774cdb2906453bf,1311462.0,M,19.0,"DEPLOYED, COMBINATION",NONE,NO INDICATION OF INJURY,OTHER,UNKNOWN,OTHER,,,,,2022-07-16 23:21:00,30,CLEAR,"DARKNESS, LIGHTED ROAD",ANGLE,FOUR WAY,DRY,NO DEFECTS,ON SCENE,INJURY AND / OR TOW DUE TO CRASH,N,"OVER $1,500",07/16/2022 11:21:00 PM,NOT APPLICABLE,NOT APPLICABLE,,2,INCAPACITATING INJURY,2.0,0.0,1.0,1.0,0.0,3.0,0.0,23,7,7,41.877269079,-87.719914496,POINT (-87.719914496304 41.877269078899),POINT (1151305.4192351745 1898463.8057483262),2022,3758 W JACKSON BLVD
O1296955,DRIVER,7c771dabab04534980c17f397171e025c29eeb8a84ce8f737f5d4fd3fe00941701405ea40dafe8efd9ca7e8e85ec573d5e2ccad7450c603a77f9b78e6e1155bc,1231630.0,M,26.0,DID NOT DEPLOY,NONE,NO INDICATION OF INJURY,UNKNOWN,NOT OBSCURED,NORMAL,,,,,2022-03-12 14:40:00,30,CLEAR,DAYLIGHT,SIDESWIPE SAME DIRECTION,NOT DIVIDED,DRY,NO DEFECTS,ON SCENE,NO INJURY / DRIVE AWAY,,"OVER $1,500",03/12/2022 02:44:00 PM,FAILING TO YIELD RIGHT-OF-WAY,NOT APPLICABLE,,2,NO INDICATION OF INJURY,0.0,0.0,0.0,0.0,0.0,2.0,0.0,14,7,3,41.71372239,-87.541351816,POINT (-87.541351816148 41.713722390145),POINT (1200483.6479109284 1839266.395883757),2022,3355 E 100TH ST
O1360448,DRIVER,d10f7a0b4def5197f0bd4954956ccaceb65faef1a28c908468bb72905c9db2eeecb1ac5ce15f38bb252349153c50596090de678557a30204ceaf04d59e1b0061,1292692.0,M,30.0,DID NOT DEPLOY,NONE,NO INDICATION OF INJURY,NONE,NOT OBSCURED,NORMAL,,,,,2022-06-17 14:45:00,30,CLEAR,DAYLIGHT,TURNING,FOUR WAY,DRY,NO DEFECTS,NOT ON SCENE (DESK REPORT),NO INJURY / DRIVE AWAY,,"OVER $1,500",06/17/2022 04:12:00 PM,IMPROPER OVERTAKING/PASSING,NOT APPLICABLE,,2,NO INDICATION OF INJURY,0.0,0.0,0.0,0.0,0.0,3.0,0.0,14,6,6,41.844934632,-87.685531519,POINT (-87.68553151932 41.844934632259),POINT (1160758.0536150837 1886750.0107374846),2022,2400 W 26TH ST
O1265952,DRIVER,e66f71048ad5ea0e89cb0bec070b176fcab007fb97ae250a1eb6a384848190ec1983979ad77ff1bfb256c65f07cafc1b472bed336f9181358e81ca29d94779a3,1201767.0,M,46.0,"DEPLOYED, COMBINATION",NONE,NONINCAPACITATING INJURY,OTHER,NOT OBSCURED,NORMAL,,,,,2022-01-19 21:21:00,30,CLEAR,"DARKNESS, LIGHTED ROAD",ANGLE,UNKNOWN INTERSECTION TYPE,DRY,NO DEFECTS,ON SCENE,INJURY AND / OR TOW DUE TO CRASH,,"OVER $1,500",01/19/2022 09:21:00 PM,DISREGARDING TRAFFIC SIGNALS,UNABLE TO DETERMINE,,2,FATAL,4.0,1.0,0.0,3.0,0.0,0.0,0.0,21,4,1,41.817100006,-87.621569044,POINT (-87.621569043558 41.817100005786),POINT (1178270.191406101 1876745.127576029),2022,4242 S INDIANA AVE
P308894,PASSENGER,f5910744e3726bd981970e79fed6c43061ca5d179a05d6c710d7b571907e31b6e2789ff692b796041b51d5b1ba6ede96ce35e062afed4d8d9a2cfc1ad408522b,1320007.0,F,17.0,"DEPLOYED, SIDE",NONE,NONINCAPACITATING INJURY,,,,,,,,2022-07-30 14:35:00,30,CLEAR,DAYLIGHT,TURNING,FOUR WAY,DRY,NO DEFECTS,ON SCENE,INJURY AND / OR TOW DUE TO CRASH,,"OVER $1,500",07/30/2022 02:37:00 PM,FAILING TO YIELD RIGHT-OF-WAY,NOT APPLICABLE,,2,NONINCAPACITATING INJURY,4.0,0.0,0.0,4.0,0.0,2.0,0.0,14,7,7,41.866311478,-87.705813516,POINT (-87.705813516338 41.866311477977),POINT (1155174.8170446828 1894498.638618836),2022,1200 S KEDZIE AVE
O1370775,DRIVER,4910ab371c5789fca07a28bed6565f148d1f00a6327ecb38fc2adf59464fca4e8d5268f8a43f2f8a01de7614d0336b098177507efd70f090b2340618aab2b116,1302505.0,M,71.0,DID NOT DEPLOY,NONE,NO INDICATION OF INJURY,NONE,NOT OBSCURED,NORMAL,,,,,2022-07-02 11:30:00,30,CLEAR,DAYLIGHT,PEDESTRIAN,T-INTERSECTION,DRY,NO DEFECTS,ON SCENE,INJURY AND / OR TOW DUE TO CRASH,,$500 OR LESS,07/02/2022 11:31:00 AM,UNABLE TO DETERMINE,NOT APPLICABLE,,2,NONINCAPACITATING INJURY,1.0,0.0,0.0,1.0,0.0,1.0,0.0,11,7,7,41.832501103,-87.645075499,POINT (-87.645075498852 41.832501102659),POINT (1171817.5614728925 1882305.0198981466),2022,3400 S EMERALD AVE
P307159,PASSENGER,af471345cbcdaebb65d1ac99c7a7f7101febdd8238576a17131091fbff98005adffe51757f3e142f389f527590ad726f411268e770c4c8766226aa54bb3ee39c,1311740.0,F,18.0,NOT APPLICABLE,NONE,NO INDICATION OF INJURY,,,,,,,,2022-07-17 17:02:00,30,CLEAR,DAYLIGHT,REAR END,ONE-WAY,DRY,NO DEFECTS,ON SCENE,NO INJURY / DRIVE AWAY,,$500 OR LESS,07/17/2022 05:02:00 PM,UNABLE TO DETERMINE,NOT APPLICABLE,,2,NO INDICATION OF INJURY,0.0,0.0,0.0,0.0,0.0,4.0,0.0,17,1,7,41.766353024,-87.576365136,POINT (-87.576365136428 41.766353023643),POINT (1190755.2481298402 1858358.5328015601),2022,1998 E 71ST ST
O1481164,DRIVER,d97a1e83ceda9ba60883df8da2bea96b70a146edcff784b7d6120e8f56cca8798b70ea1c4d9258bf19034e13fd555607c733522c3776d079afd9fa69e84743c4,1407914.0,M,,DEPLOYMENT UNKNOWN,NONE,NO INDICATION OF INJURY,OTHER,UNKNOWN,UNKNOWN,,,,,2022-12-15 06:58:00,30,CLOUDY/OVERCAST,DAYLIGHT,SIDESWIPE SAME DIRECTION,NOT DIVIDED,WET,NO DEFECTS,NOT ON SCENE (DESK REPORT),NO INJURY / DRIVE AWAY,Y,$500 OR LESS,12/15/2022 07:05:00 AM,DRIVING SKILLS/KNOWLEDGE/EXPERIENCE,NOT APPLICABLE,,2,NO INDICATION OF INJURY,0.0,0.0,0.0,0.0,0.0,2.0,0.0,6,5,12,41.893950303,-87.620137252,POINT (-87.620137252023 41.893950303352),POINT (1178427.8800485628 1904752.4407859202),2022,643 N FAIRBANKS CT
O1488762,DRIVER,bcbdcf0a5a35d449f69188d7072302bc58b14df8e43d5235513515565ada43b251711a8368f8fcb7d9ee21555e736dcc14d1227d683c0d168d2b801cfeae62e9,1415230.0,M,28.0,DID NOT DEPLOY,NONE,NO INDICATION OF INJURY,IMPROPER TURN,UNKNOWN,NORMAL,,,,,2022-12-27 11:18:00,25,SNOW,DAYLIGHT,TURNING,T-INTERSECTION,WET,UNKNOWN,ON SCENE,NO INJURY / DRIVE AWAY,,"OVER $1,500",12/27/2022 11:18:00 AM,UNABLE TO DETERMINE,UNABLE TO DETERMINE,,2,NO INDICATION OF INJURY,0.0,0.0,0.0,0.0,0.0,2.0,0.0,11,3,12,41.931318279,-87.644423758,POINT (-87.644423758138 41.931318278588),POINT (1171706.120039125 1918315.3449624956),2022,2700 N CLARK ST
O1331304,DRIVER,989cf06fea9737c41e1a5115bb380a03b17894455ecfb7bf93719d4bc75cb9dc7f47e6b96f5cec87a8779ef21e3ecb1e1df9f64878def2c5758b95c24a96f8e6,1264692.0,F,20.0,"DEPLOYED, COMBINATION",NONE,NO INDICATION OF INJURY,UNKNOWN,NOT OBSCURED,NORMAL,,,,Y,2022-05-06 14:32:00,30,RAIN,DAYLIGHT,TURNING,FOUR WAY,WET,NO DEFECTS,ON SCENE,INJURY AND / OR TOW DUE TO CRASH,,"OVER $1,500",05/06/2022 02:50:00 PM,FAILING TO YIELD RIGHT-OF-WAY,NOT APPLICABLE,,3,NO INDICATION OF INJURY,0.0,0.0,0.0,0.0,0.0,3.0,0.0,14,6,5,41.677388156,-87.680849295,POINT (-87.680849295365 41.677388156156),POINT (1162496.9215953178 1825707.1858284492),2022,11856 S WESTERN AVE
P293666,PASSENGER,7e6b5b8c6addc46a45bb0c7b7c86e9f51502e4293d5ee36f602d59c277e8b0122e825fe6af3a7287be1524fa4da237b843d0baacb150b7661130f0295be3434f,1253241.0,M,70.0,NOT APPLICABLE,NONE,NO INDICATION OF INJURY,,,,,,,Y,2022-04-18 16:10:00,30,CLOUDY/OVERCAST,DAYLIGHT,TURNING,NOT DIVIDED,UNKNOWN,UNKNOWN,NOT ON SCENE (DESK REPORT),NO INJURY / DRIVE AWAY,,"OVER $1,500",04/18/2022 04:15:00 PM,UNABLE TO DETERMINE,NOT APPLICABLE,,2,NO INDICATION OF INJURY,0.0,0.0,0.0,0.0,0.0,3.0,0.0,16,2,4,41.68588882,-87.603598611,POINT (-87.603598611245 41.685888819579),POINT (1183574.3124839484 1828973.9881540285),2022,758 E 115TH ST
P292209,PASSENGER,856d7874d1dd31a18bdd773d0ca43c23610acb0dce64fd0bb5a7f72278cd8372dc35119e37f979beb68db23d12524631156ad51b5800beac1997dee9379d65bf,1247288.0,M,19.0,"DEPLOYED, COMBINATION",NONE,NONINCAPACITATING INJURY,,,,,,,,2022-04-07 15:53:00,30,RAIN,DAYLIGHT,ANGLE,FOUR WAY,WET,NO DEFECTS,ON SCENE,INJURY AND / OR TOW DUE TO CRASH,,"OVER $1,500",04/07/2022 03:54:00 PM,FAILING TO YIELD RIGHT-OF-WAY,NOT APPLICABLE,,3,NONINCAPACITATING INJURY,4.0,0.0,0.0,4.0,0.0,3.0,0.0,15,5,4,41.883019046,-87.745255077,POINT (-87.745255077125 41.88301904646),POINT (1144389.9075223838 1900510.7801970914),2022,4799 W WEST END AVE
O1455868,DRIVER,ef837d902272c5f10313f61a52ab45ef4741ae707728ca72b79aa333fd894587186ead252e1e2d03c52c02fa71613bff50979cb6e13533a60f214a68545556a0,1383650.0,M,,DEPLOYMENT UNKNOWN,NONE,NO INDICATION OF INJURY,FAILED TO YIELD,UNKNOWN,UNKNOWN,,,,,2022-11-05 10:44:00,30,RAIN,DAYLIGHT,ANGLE,NOT DIVIDED,WET,NO DEFECTS,ON SCENE,NO INJURY / DRIVE AWAY,Y,"OVER $1,500",11/05/2022 11:02:00 AM,FAILING TO YIELD RIGHT-OF-WAY,NOT APPLICABLE,,2,NO INDICATION OF INJURY,0.0,0.0,0.0,0.0,0.0,3.0,0.0,10,7,11,41.924763565,-87.756316568,POINT (-87.756316568114 41.924763565464),POINT (1141275.4160355434 1915702.0247613115),2022,2420 N LARAMIE AVE
O1360204,DRIVER,738f186c9b148e679f061c4ae323d4d1d426bd9febbb1e9b51ac8fc0f479f8ecd307a4a4a671aeff0595a21cf9a5d98735bcfc7eeb181ca03f1e7588e7f29212,1292451.0,F,,DEPLOYMENT UNKNOWN,NONE,NO INDICATION OF INJURY,IMPROPER LANE CHANGE,UNKNOWN,UNKNOWN,,,,,2022-06-16 15:30:00,30,CLEAR,DAYLIGHT,SIDESWIPE SAME DIRECTION,NOT DIVIDED,DRY,NO DEFECTS,NOT ON SCENE (DESK REPORT),NO INJURY / DRIVE AWAY,Y,"$501 - $1,500",06/17/2022 11:38:00 AM,IMPROPER OVERTAKING/PASSING,DRIVING SKILLS/KNOWLEDGE/EXPERIENCE,,2,NO INDICATION OF INJURY,0.0,0.0,0.0,0.0,0.0,2.0,0.0,15,5,6,41.886479179,-87.622175193,POINT (-87.62217519344 41.886479179009),POINT (1177895.582022895 1902025.3579908723),2022,235 N STETSON AVE
O1403196,DRIVER,bd78342ff8f562fc00964c1e1868b9518ad76d2941405b7441f344019d1ca0dc073e84b841efd5bfa1ed5a7fa00e074ab72291fb63926207aae39c2efa14e7ef,1333390.0,M,48.0,DEPLOYMENT UNKNOWN,UNKNOWN,NO INDICATION OF INJURY,NONE,UNKNOWN,NORMAL,,,,,2022-08-21 13:15:00,20,CLEAR,DAYLIGHT,SIDESWIPE SAME DIRECTION,DIVIDED - W/MEDIAN (NOT RAISED),DRY,UNKNOWN,ON SCENE,NO INJURY / DRIVE AWAY,,"OVER $1,500",08/21/2022 01:15:00 PM,UNABLE TO DETERMINE,UNABLE TO DETERMINE,,2,NO INDICATION OF INJURY,0.0,0.0,0.0,0.0,0.0,2.0,0.0,13,1,8,41.932879089,-87.646500549,POINT (-87.646500548594 41.932879089147),POINT (1171136.4544999932 1918879.5741159802),2022,676 W DIVERSEY PKWY
O1331064,DRIVER,1ccfb7423dd6ee5434459ba07d6233f34c0e3a2b7a1d3040da3bbb0b26078e11f922cb01ada6005bb911312370cd4ab394b2f879718e4ff321dbea35455cf1ce,1264451.0,F,23.0,DID NOT DEPLOY,NONE,NO INDICATION OF INJURY,OTHER,NOT OBSCURED,NORMAL,,,,,2022-05-05 14:00:00,30,RAIN,DAYLIGHT,SIDESWIPE SAME DIRECTION,NOT DIVIDED,WET,NO DEFECTS,NOT ON SCENE (DESK REPORT),NO INJURY / DRIVE AWAY,N,"$501 - $1,500",05/06/2022 10:00:00 AM,IMPROPER LANE USAGE,NOT APPLICABLE,,2,NO INDICATION OF INJURY,0.0,0.0,0.0,0.0,0.0,2.0,0.0,14,5,5,41.965534246,-87.650167169,POINT (-87.650167168683 41.965534246153),POINT (1170043.9150802123 1930771.2527829185),2022,4600 N CLARENDON AVE
O1445138,DRIVER,c21a6cbef85a593565dd773282aee01d75be2669e5d870eaf253d4802798cd35a4ea17fff9dbb82907fad8943fe6a58139b82aea7e734276a77ea45cc6d9ddd9,1373504.0,M,40.0,DID NOT DEPLOY,NONE,NO INDICATION OF INJURY,OTHER,PARKED VEHICLES,NORMAL,,,,,2022-10-21 13:30:00,25,CLEAR,DAYLIGHT,TURNING,NOT DIVIDED,DRY,NO DEFECTS,ON SCENE,NO INJURY / DRIVE AWAY,,"OVER $1,500",10/21/2022 02:50:00 PM,"VISION OBSCURED (SIGNS, TREE LIMBS, BUILDINGS, ETC.)","VISION OBSCURED (SIGNS, TREE LIMBS, BUILDINGS, ETC.)",,2,NO INDICATION OF INJURY,0.0,0.0,0.0,0.0,0.0,2.0,0.0,13,6,10,41.886510246,-87.660695736,POINT (-87.660695735768 41.886510246159),POINT (1167406.445390854 1901952.1061736173),2022,1347 W FULTON ST
O1414982,DRIVER,b28267b3a68cc16546040c9e7c0a93001e920840531f227f12c6f41fc56798b05d4e0174569c14b60951fee1c013c3f8531e11ab486efbe9431261ce5201288e,1344659.0,M,53.0,NOT APPLICABLE,NONE,NO INDICATION OF INJURY,FAILED TO YIELD,UNKNOWN,NORMAL,,,,,2022-09-07 17:55:00,30,CLEAR,DAYLIGHT,SIDESWIPE SAME DIRECTION,NOT DIVIDED,DRY,NO DEFECTS,NOT ON SCENE (DESK REPORT),NO INJURY / DRIVE AWAY,,"OVER $1,500",09/07/2022 06:15:00 PM,FAILING TO YIELD RIGHT-OF-WAY,IMPROPER OVERTAKING/PASSING,,2,NO INDICATION OF INJURY,0.0,0.0,0.0,0.0,0.0,2.0,0.0,17,4,9,41.873474911,-87.675368561,POINT (-87.675368561447 41.873474910725),POINT (1163447.4922048156 1897171.0690479097),2022,1957 W OGDEN AVE
O1428376,DRIVER,d92ce1482b828a00b3c4257574a8116401b684612fab4e32b5776fca11147830350c033e718f751772c000f4f79cdcff20b3d3f097d3ce333c1958072502919f,1357444.0,M,32.0,DID NOT DEPLOY,NONE,NO INDICATION OF INJURY,UNKNOWN,NOT OBSCURED,NORMAL,,,,,2022-09-27 06:00:00,30,CLEAR,"DARKNESS, LIGHTED ROAD",ANGLE,NOT DIVIDED,DRY,NO DEFECTS,NOT ON SCENE (DESK REPORT),NO INJURY / DRIVE AWAY,,"OVER $1,500",09/27/2022 06:24:00 AM,UNABLE TO DETERMINE,NOT APPLICABLE,,2,NO INDICATION OF INJURY,0.0,0.0,0.0,0.0,0.0,2.0,0.0,6,3,9,41.864890498,-87.676342673,POINT (-87.676342673293 41.864890497632),POINT (1163206.131790708 1894040.892613422),2022,1300 S DAMEN AVE
O1415659,DRIVER,e6f9f0a27c97e1c6b286f1696f86e585e6908364fffe10683672d7656f471f7e1e13704b360f9ce8553e81f2a7b371b179981cad54130fb641d44a6ff0db6c38,1345291.0,M,61.0,DID NOT DEPLOY,NONE,NO INDICATION OF INJURY,IMPROPER BACKING,NOT OBSCURED,NORMAL,,,,,2022-09-08 16:45:00,30,CLEAR,DAYLIGHT,REAR END,NOT DIVIDED,DRY,NO DEFECTS,ON SCENE,NO INJURY / DRIVE AWAY,,$500 OR LESS,09/08/2022 04:45:00 PM,DRIVING SKILLS/KNOWLEDGE/EXPERIENCE,NOT APPLICABLE,,2,NO INDICATION OF INJURY,0.0,0.0,0.0,0.0,0.0,2.0,0.0,16,5,9,41.809542878,-87.595835784,POINT (-87.595835783933 41.809542877621),POINT (1185308.5101575516 1874050.500317449),2022,1223 E 47TH ST
P314037,PASSENGER,5a1b03d0c5c8305dbcdbbac7c97809710057f56face3b5c9b38e1d967aeef7a5563fc7a4b85733842a81cdc92f3a464a0b372cab76466c66c1dbf2ad0f4c4f63,1343201.0,F,46.0,DID NOT DEPLOY,NONE,NONINCAPACITATING INJURY,,,,,,,,2022-09-01 17:17:00,40,CLEAR,DAYLIGHT,SIDESWIPE SAME DIRECTION,DIVIDED - W/MEDIAN BARRIER,DRY,UNKNOWN,ON SCENE,INJURY AND / OR TOW DUE TO CRASH,,"OVER $1,500",09/01/2022 05:18:00 PM,DRIVING SKILLS/KNOWLEDGE/EXPERIENCE,UNABLE TO DETERMINE,,4,NONINCAPACITATING INJURY,5.0,0.0,0.0,5.0,0.0,1.0,0.0,17,5,9,41.954689241,-87.644974644,POINT (-87.644974644209 41.954689241342),POINT (1171487.8285533008 1926830.5909643804),2022,4000 N LAKE SHORE DR SB
O1454442,DRIVER,ee0ce4b43e5c40637147ea30554b7c71718dc5f9a4aa29e532b1adcceae382b98618f0d3d0b845d80df86e4b1e3ba4726233f640f6c7d23b06081622872faa35,1382300.0,F,,DEPLOYMENT UNKNOWN,NONE,INCAPACITATING INJURY,FOLLOWED TOO CLOSELY,UNKNOWN,UNKNOWN,,,,,2022-11-03 11:28:00,30,CLEAR,DAYLIGHT,REAR END,NOT DIVIDED,DRY,NO DEFECTS,NOT ON SCENE (DESK REPORT),INJURY AND / OR TOW DUE TO CRASH,Y,"OVER $1,500",11/03/2022 12:15:00 PM,FOLLOWING TOO CLOSELY,NOT APPLICABLE,,2,INCAPACITATING INJURY,1.0,0.0,1.0,0.0,0.0,1.0,0.0,11,5,11,41.735622945,-87.682370345,POINT (-87.682370344756 41.735622944654),POINT (1161920.9880161204 1846924.0940712998),2022,8659 S WESTERN AVE