PERSON_ID,PERSON_TYPE,CRASH_RECORD_ID,VEHICLE_ID,SEX,AGE,AIRBAG_DEPLOYED,EJECTION,INJURY_CLASSIFICATION,DRIVER_ACTION,DRIVER_VISION,PHYSICAL_CONDITION,PEDPEDAL_ACTION,PEDPEDAL_VISIBILITY,PEDPEDAL_LOCATION,CRASH_DATE_EST_I,CRASH_DATE,POSTED_SPEED_LIMIT,WEATHER_CONDITION,LIGHTING_CONDITION,FIRST_CRASH_TYPE,TRAFFICWAY_TYPE,ROADWAY_SURFACE_COND,ROAD_DEFECT,REPORT_TYPE,CRASH_TYPE,HIT_AND_RUN_I,DAMAGE,DATE_POLICE_NOTIFIED,PRIM_CONTRIBUTORY_CAUSE,SEC_CONTRIBUTORY_CAUSE,DOORING_I,NUM_UNITS,MOST_SEVERE_INJURY,INJURIES_TOTAL,INJURIES_FATAL,INJURIES_INCAPACITATING,INJURIES_NON_INCAPACITATING,INJURIES_REPORTED_NOT_EVIDENT,INJURIES_NO_INDICATION,INJURIES_UNKNOWN,CRASH_HOUR,CRASH_DAY_OF_WEEK,CRASH_MONTH,LATITUDE,LONGITUDE,LOCATION,geometry,YEAR,ADDRESS
P301635,PASSENGER,090014474351cae561aedd89ff8c5ca88dc18d94ab2ca3a9da9fdbe21d984964e2b7ce9cea8c69fcec4330a368519f0908ec51636e544451199db9a005e388da,1288769.0,F,18.0,DID NOT DEPLOY,NONE,NO INDICATION OF INJURY,,,,,,,,2022-06-11 22:00:00,30,CLEAR,"DARKNESS, LIGHTED ROAD",REAR END,NOT DIVIDED,DRY,UNKNOWN,NOT ON SCENE (DESK REPORT),NO INJURY / DRIVE AWAY,,"$501 - $1,500",06/11/2022 10:25:00 PM,UNABLE TO DETERMINE,UNABLE TO DETERMINE,,2,NO INDICATION OF INJURY,0.0,0.0,0.0,0.0,0.0,4.0,0.0,22,7,6,41.975795429,-87.688165295,POINT (-87.688165294807 41.975795428896),POINT (1159681.734990596 1934430.367455122),2022,2335 W FOSTER AVE
O1313845,BICYCLE,09b1ea5aa26f1080d61698158f3f92cce849fdf74ac38b7b7ad6fd82d097845b3029709fd759a05c99c4c60b63ec199c1dd8e17fb36a2ed4daf5caa489745ed5,,M,23.0,,NONE,NONINCAPACITATING INJURY,NONE,NOT OBSCURED,NORMAL,CROSSING - WITH SIGNAL,NO CONTRASTING CLOTHING,IN ROADWAY,,2022-04-08 14:10:00,20,RAIN,DAYLIGHT,PEDALCYCLIST,NOT DIVIDED,WET,NO DEFECTS,ON SCENE,INJURY AND / OR TOW DUE TO CRASH,,$500 OR LESS,04/08/2022 02:15:00 PM,UNABLE TO DETERMINE,NOT APPLICABLE,,2,NONINCAPACITATING INJURY,1.0,0.0,0.0,1.0,0.0,1.0,0.0,14,6,4,42.01163596,-87.668099088,POINT (-87.668099087818 42.011635959539),POINT (1165036.6318197337 1947532.6065213585),2022,1500 W ESTES AVE
P297702,PASSENGER,34c6639c2184c91b1717f573d52c3041a500f9396d83892026715a9d6373e3dc9143af77ec97a90210866a6ae7f2fe42e52c577b0dc6023fa77062bdb9418c30,1271693.0,M,,NOT APPLICABLE,NONE,NO INDICATION OF INJURY,,,,,,,Y,2022-05-15 01:00:00,30,CLEAR,DARKNESS,ANGLE,FOUR WAY,DRY,NO DEFECTS,NOT ON SCENE (DESK REPORT),NO INJURY / DRIVE AWAY,,"OVER $1,500",05/16/2022 01:15:00 PM,UNABLE TO DETERMINE,UNABLE TO DETERMINE,,2,NO INDICATION OF INJURY,0.0,0.0,0.0,0.0,0.0,5.0,0.0,1,1,5,41.918394919,-87.641308778,POINT (-87.641308778381 41.918394919373),POINT (1172591.7339382565 1913612.8738762573),2022,500 W ARMITAGE AVE
O1300855,DRIVER,c758c8974e398670fb12e24b25f78f528d604c82faeb215f93edbdc25346c6f57de199681f245300d6a9c88b496c3890d9edd85e5f63c64efa866190a08e413b,1235342.0,M,24.0,DID NOT DEPLOY,NONE,NO INDICATION OF INJURY,NONE,UNKNOWN,NORMAL,,,,,2022-03-18 13:05:00,30,RAIN,DAYLIGHT,ANGLE,FOUR WAY,WET,NO DEFECTS,ON SCENE,INJURY AND / OR TOW DUE TO CRASH,,"OVER $1,500",03/18/2022 01:05:00 PM,FAILING TO YIELD RIGHT-OF-WAY,NOT APPLICABLE,,2,NO INDICATION OF INJURY,0.0,0.0,0.0,0.0,0.0,3.0,0.0,13,6,3,41.735004576,-87.58502866,POINT (-87.58502865972 41.735004576136),POINT (1188491.1239713978 1846914.7430124513),2022,8801 S STONY ISLAND AVE
O1264362,DRIVER,7dea828b742c06a8447c63a0ed430aebf98b8f5531b0da9958ac59c4edc82ce4a397071b88ea55cb24631b7731fdba763f659302d4fec5a545e7349eb5e10225,1200230.0,M,47.0,NOT APPLICABLE,NONE,NO INDICATION OF INJURY,NONE,NOT OBSCURED,NORMAL,,,,,2022-01-17 09:43:00,20,CLEAR,DAYLIGHT,SIDESWIPE SAME DIRECTION,NOT DIVIDED,WET,NO DEFECTS,ON SCENE,NO INJURY / DRIVE AWAY,,"OVER $1,500",01/17/2022 09:51:00 AM,DRIVING SKILLS/KNOWLEDGE/EXPERIENCE,NOT APPLICABLE,,2,NO INDICATION OF INJURY,0.0,0.0,0.0,0.0,0.0,2.0,0.0,9,2,1,41.992059805,-87.67599931,POINT (-87.675999309978 41.992059805486),POINT (1162944.3942851974 1940382.3434565836),2022,1818 W NORWOOD ST
O1469696,DRIVER,cc96696a2fbcc89fe89cb14c0ca47380c8c851ef8680a9a31d7b07ba394e5d6d4757aee439964ae6405090241253f77b0e050ba8c6076d73dad510a881fc481e,1396866.0,M,25.0,DID NOT DEPLOY,NONE,NO INDICATION OF INJURY,FAILED TO YIELD,UNKNOWN,NORMAL,,,,,2022-11-26 15:47:00,30,CLEAR,DAYLIGHT,TURNING,T-INTERSECTION,DRY,NO DEFECTS,ON SCENE,INJURY AND / OR TOW DUE TO CRASH,,"OVER $1,500",11/26/2022 04:10:00 PM,FAILING TO YIELD RIGHT-OF-WAY,NOT APPLICABLE,,2,NO INDICATION OF INJURY,0.0,0.0,0.0,0.0,0.0,2.0,0.0,15,7,11,41.975761401,-87.717170944,POINT (-87.717170944232 41.975761401213),POINT (1151794.680580526 1934359.9017748476),2022,3530 W FOSTER AVE
O1434916,DRIVER,96b79d9b65e17193669bb0e694c315abf940f82d5495e4229409bbb2666af13b72579b5dcfb219a00b74b51550b22fe18df66d86e9cda301776d939838146f6c,1363668.0,M,50.0,"DEPLOYED, COMBINATION",NONE,"REPORTED, NOT EVIDENT",NONE,NOT OBSCURED,NORMAL,,,,,2022-10-06 14:07:00,30,CLEAR,DAYLIGHT,TURNING,DIVIDED - W/MEDIAN (NOT RAISED),DRY,NO DEFECTS,ON SCENE,INJURY AND / OR TOW DUE TO CRASH,,"OVER $1,500",10/06/2022 02:21:00 PM,IMPROPER TURNING/NO SIGNAL,FAILING TO YIELD RIGHT-OF-WAY,,2,"REPORTED, NOT EVIDENT",2.0,0.0,0.0,0.0,2.0,0.0,0.0,14,5,10,41.887948082,-87.618796751,POINT (-87.618796750713 41.88794808169),POINT (1178811.066902039 1902568.267843552),2022,340 E LOWER WACKER DR
O1437013,DRIVER,2c5396f0581b635fa2b770604c31b52c6cf45cfd4f108e3ae3eb7f16a8efaf3a4b9c54b8f9b81d2dd4b39550f31438e3c50917e91703cab9ea21894f7c97b4cf,1365695.0,M,39.0,NOT APPLICABLE,NONE,NO INDICATION OF INJURY,FOLLOWED TOO CLOSELY,NOT OBSCURED,NORMAL,,,,,2022-10-09 14:15:00,30,CLEAR,DAYLIGHT,REAR END,NOT DIVIDED,DRY,NO DEFECTS,ON SCENE,NO INJURY / DRIVE AWAY,,"OVER $1,500",10/09/2022 03:00:00 PM,FOLLOWING TOO CLOSELY,FAILING TO REDUCE SPEED TO AVOID CRASH,,2,NO INDICATION OF INJURY,0.0,0.0,0.0,0.0,0.0,3.0,0.0,14,1,10,41.946112653,-87.776370727,POINT (-87.776370727462 41.946112652872),POINT (1135767.4535054134 1923445.58062837),2022,3611 N AUSTIN AVE
O1386277,DRIVER,ddb93bdbdc4cb47d9ccee919b345959df792dd3018125327b9806abec67eb05c46dbdffd8ecccb7abb562f7f68ed8039e2317c25f0d18779ee72c97c82772b35,1317194.0,X,,DEPLOYMENT UNKNOWN,NONE,NO INDICATION OF INJURY,UNKNOWN,UNKNOWN,UNKNOWN,,,,,2022-07-24 16:00:00,30,CLEAR,DUSK,PARKED MOTOR VEHICLE,ONE-WAY,DRY,NO DEFECTS,NOT ON SCENE (DESK REPORT),NO INJURY / DRIVE AWAY,Y,"$501 - $1,500",07/25/2022 11:30:00 AM,UNABLE TO DETERMINE,UNABLE TO DETERMINE,,2,NO INDICATION OF INJURY,0.0,0.0,0.0,0.0,0.0,1.0,0.0,16,1,7,41.69311706,-87.611524492,POINT (-87.611524491953 41.693117060372),POINT (1181387.304302321 1831589.6294731675),2022,11054 S EBERHART AVE
O1382340,DRIVER,8701ee8374a09c942b6388c7f686fdeef946b87596f35e83e9330d57791cbf148f7425d965c4b24b8eea9fcd619ed638eadce0bc7903f2c56c4ab9eabfcbf83a,1313511.0,F,,DEPLOYMENT UNKNOWN,NONE,NO INDICATION OF INJURY,FOLLOWED TOO CLOSELY,UNKNOWN,UNKNOWN,,,,,2022-07-20 15:00:00,35,CLEAR,DAYLIGHT,REAR END,FOUR WAY,DRY,NO DEFECTS,NOT ON SCENE (DESK REPORT),NO INJURY / DRIVE AWAY,,"$501 - $1,500",07/20/2022 03:20:00 PM,FOLLOWING TOO CLOSELY,DRIVING SKILLS/KNOWLEDGE/EXPERIENCE,,2,NO INDICATION OF INJURY,0.0,0.0,0.0,0.0,0.0,2.0,0.0,15,4,7,41.752363406,-87.644234806,POINT (-87.644234806419 41.752363405524),POINT (1172280.7418443998 1853105.1925745471),2022,7800 S HALSTED ST
O1437231,DRIVER,5fb98fe3aed3f7635b96cb35e1644b9dbdce9cd85eeb93dd067a9f80661e131b108da5df8024be7ee4ae0ea921f486d3d4516745f4b9f8121a4a6a1a0c820cac,1365909.0,M,,DEPLOYMENT UNKNOWN,UNKNOWN,NO INDICATION OF INJURY,FOLLOWED TOO CLOSELY,UNKNOWN,UNKNOWN,,,,,2022-10-09 20:15:00,35,CLEAR,"DARKNESS, LIGHTED ROAD",REAR END,DIVIDED - W/MEDIAN (NOT RAISED),DRY,NO DEFECTS,NOT ON SCENE (DESK REPORT),NO INJURY / DRIVE AWAY,Y,$500 OR LESS,10/09/2022 09:55:00 PM,FOLLOWING TOO CLOSELY,DISREGARDING OTHER TRAFFIC SIGNS,,2,NO INDICATION OF INJURY,0.0,0.0,0.0,0.0,0.0,2.0,0.0,20,1,10,41.873845896,-87.686381294,POINT (-87.686381294359 41.873845896018),POINT (1160447.1280329637 1897283.4563119072),2022,600 S WESTERN AVE
O1284713,DRIVER,22cb145409e2820778d6086049916b334bbf606151c38db5f22e5910661f0fb69602883126acdfcd030b81721cab6c573220b59fa327285ff78547d6124839f2,1219855.0,M,,DEPLOYMENT UNKNOWN,NONE,NO INDICATION OF INJURY,UNKNOWN,UNKNOWN,UNKNOWN,,,,,2022-02-18 07:45:00,30,CLEAR,DAYLIGHT,PARKED MOTOR VEHICLE,DIVIDED - W/MEDIAN (NOT RAISED),DRY,UNKNOWN,NOT ON SCENE (DESK REPORT),NO INJURY / DRIVE AWAY,Y,"$501 - $1,500",02/19/2022 01:34:00 PM,UNABLE TO DETERMINE,UNABLE TO DETERMINE,,2,NO INDICATION OF INJURY,0.0,0.0,0.0,0.0,0.0,1.0,0.0,7,6,2,41.990014752,-87.747254786,POINT (-87.747254786348 41.990014751528),POINT (1143578.8181322198 1939496.4879973175),2022,4732 W PETERSON AVE
P307765,PASSENGER,e4fc31ee040bdb7b20bb1cc628e10b635462830b46d2a81dbc31983341b8da0fbbc45b74f2bbe57f49617418a1f6a801dce0bca9475ace76fb4aaa711a074eda,1314939.0,F,74.0,DID NOT DEPLOY,NONE,NO INDICATION OF INJURY,,,,,,,,2022-07-22 17:00:00,30,CLEAR,DAYLIGHT,SIDESWIPE SAME DIRECTION,ONE-WAY,DRY,NO DEFECTS,NOT ON SCENE (DESK REPORT),NO INJURY / DRIVE AWAY,,"$501 - $1,500",07/22/2022 05:30:00 PM,IMPROPER OVERTAKING/PASSING,IMPROPER OVERTAKING/PASSING,,2,NO INDICATION OF INJURY,0.0,0.0,0.0,0.0,0.0,3.0,0.0,17,6,7,41.874414168,-87.729919834,POINT (-87.72991983354 41.874414167854),POINT (1148587.9182176068 1897404.1658867581),2022,4150 W CONGRESS PKWY
O1397458,DRIVER,1b0ca22ca45ed2d84bde5bcea5bea3cd813c743fb88072663be8b8f52923e1cd2695d723adee3f8b3b75ecb49a429f558707b71d49b04fd2f0e377a9bd7759e6,1327903.0,F,39.0,DEPLOYMENT UNKNOWN,UNKNOWN,NO INDICATION OF INJURY,UNKNOWN,UNKNOWN,NORMAL,,,,Y,2022-08-12 12:49:00,30,CLEAR,DAYLIGHT,REAR END,NOT DIVIDED,DRY,UNKNOWN,NOT ON SCENE (DESK REPORT),NO INJURY / DRIVE AWAY,,"OVER $1,500",08/12/2022 12:54:00 PM,DRIVING SKILLS/KNOWLEDGE/EXPERIENCE,DRIVING SKILLS/KNOWLEDGE/EXPERIENCE,,3,NO INDICATION OF INJURY,0.0,0.0,0.0,0.0,0.0,7.0,0.0,12,6,8,41.851885962,-87.704464904,POINT (-87.70446490367 41.851885962322),POINT (1155580.6578597846 1889244.7078096874),2022,3142 W CERMAK RD
O1361520,DRIVER,b49faf4b570da9be504c8fc987d0e7f3820154f562da58e6efa78ca56e29d81108d2245fc435e0d6e01b4d3a94b89c2eb683bd932d6639eb037b97b362b6853d,1293698.0,M,,DEPLOYMENT UNKNOWN,NONE,NO INDICATION OF INJURY,OTHER,UNKNOWN,UNKNOWN,,,,,2022-06-18 21:47:00,30,CLEAR,"DARKNESS, LIGHTED ROAD",PARKED MOTOR VEHICLE,OTHER,DRY,NO DEFECTS,ON SCENE,NO INJURY / DRIVE AWAY,Y,"OVER $1,500",06/18/2022 10:24:00 PM,UNABLE TO DETERMINE,UNABLE TO DETERMINE,,3,NO INDICATION OF INJURY,0.0,0.0,0.0,0.0,0.0,5.0,0.0,21,7,6,41.987213279,-87.655150734,POINT (-87.65515073432 41.987213278868),POINT (1168626.0341200535 1938660.4346656832),2022,5757 N SHERIDAN RD
O1394261,DRIVER,795ca40dad58b84007e44e678e639bc331487142a6bfcbd361d352777b09bb1c52d1242ddb1eb60b0e3b52d768c516735cf97a86a86a9d5df1152d720e19ab86,1324831.0,M,35.0,NOT APPLICABLE,NONE,NO INDICATION OF INJURY,UNKNOWN,UNKNOWN,NORMAL,,,,,2022-08-07 14:19:00,30,RAIN,DAYLIGHT,SIDESWIPE SAME DIRECTION,DIVIDED - W/MEDIAN (NOT RAISED),WET,NO DEFECTS,ON SCENE,NO INJURY / DRIVE AWAY,,"OVER $1,500",08/07/2022 02:19:00 PM,UNABLE TO DETERMINE,UNABLE TO DETERMINE,,2,NO INDICATION OF INJURY,0.0,0.0,0.0,0.0,0.0,3.0,0.0,14,1,8,41.772832535,-87.629201061,POINT (-87.629201061238 41.772832535491),POINT (1176321.8898407463 1860597.1913846359),2022,144 W MARQUETTE RD
O1283365,DRIVER,37fa82feda2d4ba617513843db88484737b7c1f32a42c818bb51db9833ffde5b217426c39cb888ed1afd3e34b3a4cb7d99040a9ea6e2bb67dfd96127b6dfb8ee,1218564.0,M,33.0,NOT APPLICABLE,NONE,NO INDICATION OF INJURY,UNKNOWN,NOT OBSCURED,NORMAL,,,,,2022-02-17 15:30:00,30,BLOWING SNOW,DAYLIGHT,REAR END,DIVIDED - W/MEDIAN BARRIER,SNOW OR SLUSH,NO DEFECTS,NOT ON SCENE (DESK REPORT),NO INJURY / DRIVE AWAY,,$500 OR LESS,02/17/2022 03:45:00 PM,WEATHER,NOT APPLICABLE,,2,NO INDICATION OF INJURY,0.0,0.0,0.0,0.0,0.0,4.0,0.0,15,5,2,41.762311726,-87.585683689,POINT (-87.585683689291 41.762311726153),POINT (1188225.877005185 1856863.6796979564),2022,7303 S STONY ISLAND AVE
P325658,PASSENGER,f25e0bc287f940daedacef2cc277e2a937dbbd1312f07d8d2abc0946d60636125232bb35229e95a0b46e7257ee754ae3f688ff4d5d28efe436db7fd51e48b6c6,1397142.0,M,27.0,NOT APPLICABLE,NONE,NO INDICATION OF INJURY,,,,,,,,2022-11-27 02:00:00,30,CLEAR,DUSK,REAR END,NOT DIVIDED,DRY,NO DEFECTS,ON SCENE,NO INJURY / DRIVE AWAY,,"OVER $1,500",11/27/2022 02:06:00 AM,UNABLE TO DETERMINE,NOT APPLICABLE,,2,NO INDICATION OF INJURY,0.0,0.0,0.0,0.0,0.0,4.0,0.0,2,1,11,41.844571519,-87.724716515,POINT (-87.724716514555 41.844571519219),POINT (1150082.1189060186 1886539.5947486074),2022,2550 S PULASKI RD
P329565,PASSENGER,f4d24e9ff8f11bc27df07d2fd02b9a50e53fc6a32050790fceb97f251d386973b164e466415df0d81f507b436d64451926a469b4ce309f9af5dd09708976a88c,1416352.0,M,64.0,NOT APPLICABLE,NONE,NO INDICATION OF INJURY,,,,,,,,2022-12-29 12:00:00,30,CLEAR,DAYLIGHT,TURNING,NOT DIVIDED,DRY,NO DEFECTS,NOT ON SCENE (DESK REPORT),NO INJURY / DRIVE AWAY,,"OVER $1,500",12/29/2022 12:30:00 PM,FOLLOWING TOO CLOSELY,NOT APPLICABLE,,2,NO INDICATION OF INJURY,0.0,0.0,0.0,0.0,0.0,3.0,0.0,12,5,12,41.909143288,-87.775638739,POINT (-87.775638739374 41.909143287683),POINT (1136054.2073844501 1909975.1983019726),2022,6003 W NORTH AVE
O1304461,PEDESTRIAN,450ab369958d10613ce007eceea1bf95d527bdc087fe269d66325899ad0e5f5d8cba3c2a923ccb5d84ef7e12d79b61a9670f5666e3dd9cc1b1e7a94489d244c2,,F,58.0,,,NONINCAPACITATING INJURY,NONE,UNKNOWN,NORMAL,CROSSING - WITH SIGNAL,NO CONTRASTING CLOTHING,IN CROSSWALK,,2022-03-24 15:03:00,30,RAIN,DAYLIGHT,PEDESTRIAN,L-INTERSECTION,WET,NO DEFECTS,ON SCENE,INJURY AND / OR TOW DUE TO CRASH,,$500 OR LESS,03/24/2022 03:10:00 PM,UNABLE TO DETERMINE,UNABLE TO DETERMINE,,2,NONINCAPACITATING INJURY,1.0,0.0,0.0,1.0,0.0,1.0,0.0,15,5,3,41.685536199,-87.61312055,POINT (-87.613120549854 41.685536199181),POINT (1180974.4885277126 1828823.6101887063),2022,400 E 115TH ST
P297309,PASSENGER,59ccc03bd0c406be91fc79cd0af4e28dcd466d91f97844308d0e0f4f44bf21f89403262846a6709879a19dd8e1857c3b36289fd343dab7f883b969bee4770f1a,1270066.0,F,22.0,NOT APPLICABLE,NONE,INCAPACITATING INJURY,,,,,,,,2022-05-14 00:07:00,30,CLEAR,DARKNESS,TURNING,NOT DIVIDED,DRY,NO DEFECTS,ON SCENE,INJURY AND / OR TOW DUE TO CRASH,Y,"OVER $1,500",05/14/2022 12:10:00 AM,IMPROPER TURNING/NO SIGNAL,NOT APPLICABLE,,2,INCAPACITATING INJURY,1.0,0.0,1.0,0.0,0.0,5.0,0.0,0,7,5,41.880481021,-87.737270138,POINT (-87.737270137619 41.880481021327),POINT (1146570.7228244839 1899600.9289999213),2022,4445 W MADISON ST
O1387881,DRIVER,997e61b8d17cc1a631bd00a2ee13fe3c2664c6b3c59db3e6a7815e7b7eba126c8aef143164bae7c51c69db121cfa9241d2fafc9b5bccac4ddd6c3b5b15f7a2a8,1318700.0,F,32.0,DID NOT DEPLOY,NONE,NO INDICATION OF INJURY,FAILED TO YIELD,UNKNOWN,NORMAL,,,,,2022-07-28 18:00:00,20,CLEAR,DAYLIGHT,SIDESWIPE SAME DIRECTION,ONE-WAY,DRY,NO DEFECTS,ON SCENE,NO INJURY / DRIVE AWAY,,"$501 - $1,500",07/28/2022 07:00:00 PM,FAILING TO YIELD RIGHT-OF-WAY,NOT APPLICABLE,,2,NO INDICATION OF INJURY,0.0,0.0,0.0,0.0,0.0,3.0,0.0,18,5,7,41.857992576,-87.660922081,POINT (-87.660922080763 41.857992575704),POINT (1167426.21819941 1891559.8276582758),2022,1348 W 18TH ST
P315105,PASSENGER,4b21f216ec04885914929e634ec2ccc41d0b0973f540763efe02482a172b2c6a131a25d08616e8ded011476d3cd9667420f0f013f1486f2399767eb9cd322bea,1347963.0,M,,NOT APPLICABLE,NONE,NO INDICATION OF INJURY,,,,,,,,2022-09-12 19:39:00,30,CLEAR,"DARKNESS, LIGHTED ROAD",TURNING,FOUR WAY,DRY,NO DEFECTS,NOT ON SCENE (DESK REPORT),NO INJURY / DRIVE AWAY,,"$501 - $1,500",09/12/2022 09:30:00 PM,FAILING TO YIELD RIGHT-OF-WAY,DISREGARDING TRAFFIC SIGNALS,,2,NO INDICATION OF INJURY,0.0,0.0,0.0,0.0,0.0,3.0,0.0,19,2,9,41.893280778,-87.635288422,POINT (-87.635288422262 41.89328077794),POINT (1174304.718434944 1904474.5401885395),2022,226 W ONTARIO ST
O1344706,DRIVER,5ab3f09788449d02c19ca82fe81b88e339085a5580d869f882331b1dac9b05adad558bb90386d22e82aeead1505c94d0fc92ed480861602832351f40d8e658fa,1277568.0,M,31.0,NOT APPLICABLE,NONE,NO INDICATION OF INJURY,NONE,NOT OBSCURED,NORMAL,,,,,2022-05-25 18:24:00,35,RAIN,DUSK,SIDESWIPE SAME DIRECTION,DIVIDED - W/MEDIAN (NOT RAISED),WET,NO DEFECTS,NOT ON SCENE (DESK REPORT),NO INJURY / DRIVE AWAY,,"$501 - $1,500",05/25/2022 07:00:00 PM,IMPROPER OVERTAKING/PASSING,UNABLE TO DETERMINE,,2,NO INDICATION OF INJURY,0.0,0.0,0.0,0.0,0.0,2.0,0.0,18,4,5,41.866896025,-87.640861851,POINT (-87.640861850531 41.866896024632),POINT (1172864.8251729766 1894847.662685433),2022,1210 S CLINTON ST
O1318424,DRIVER,f87587687dde39a1e281d87b83fcd7660f1b188961a9cea01f9e045e3d4106259d8883d64562f04ebd3371a2b3128fd0024e55923dcd7ab06451d4afd9621dbe,1252234.0,F,,DID NOT DEPLOY,NONE,NO INDICATION OF INJURY,OTHER,BLINDED - HEADLIGHTS,NORMAL,,,,,2022-04-16 13:05:00,30,CLEAR,DAYLIGHT,REAR END,NOT DIVIDED,DRY,NO DEFECTS,NOT ON SCENE (DESK REPORT),NO INJURY / DRIVE AWAY,,"OVER $1,500",04/16/2022 01:41:00 PM,NOT APPLICABLE,NOT APPLICABLE,,2,NO INDICATION OF INJURY,0.0,0.0,0.0,0.0,0.0,2.0,0.0,13,7,4,41.791441621,-87.606120878,POINT (-87.606120878225 41.791441621456),POINT (1182560.3480548454 1867430.6085863698),2022,800 E 57TH ST
O1340506,DRIVER,cf05271d2ebe283451b0e452a06c11f2b91dc5ffc67940d2c682a6898d9596558972dbf215b8e8c3063f89f9de6b45e967d874be7dfde6aeb3b106f72760d81c,1273582.0,M,55.0,DID NOT DEPLOY,NONE,NO INDICATION OF INJURY,NONE,UNKNOWN,NORMAL,,,,,2022-05-19 09:00:00,30,CLEAR,DAYLIGHT,SIDESWIPE SAME DIRECTION,NOT DIVIDED,DRY,WORN SURFACE,ON SCENE,NO INJURY / DRIVE AWAY,Y,"OVER $1,500",05/19/2022 09:06:00 AM,UNABLE TO DETERMINE,NOT APPLICABLE,,2,NO INDICATION OF INJURY,0.0,0.0,0.0,0.0,0.0,2.0,0.0,9,5,5,41.736112217,-87.648555949,POINT (-87.648555948868 41.736112217342),POINT (1171148.7722505468 1847173.9991697387),2022,1000 W 87TH ST
O1407544,DRIVER,06cd102a19adc8be71c0e7270321d06ccc57673e96f1201e8e37807f21f4c5058a4a62b3dd7c4325a845e6f799ee5b9189f0db64d8a3810ea3d7c506952b0fee,1337564.0,M,39.0,NOT APPLICABLE,NONE,NO INDICATION OF INJURY,UNKNOWN,UNKNOWN,NORMAL,,,,,2022-08-27 22:34:00,30,CLEAR,"DARKNESS, LIGHTED ROAD",ANGLE,NOT DIVIDED,DRY,NO DEFECTS,ON SCENE,INJURY AND / OR TOW DUE TO CRASH,Y,"OVER $1,500",08/27/2022 10:34:00 PM,DISREGARDING OTHER TRAFFIC SIGNS,UNABLE TO DETERMINE,,2,NO INDICATION OF INJURY,0.0,0.0,0.0,0.0,0.0,2.0,0.0,22,7,8,41.801931892,-87.621171264,POINT (-87.621171264382 41.801931892323),POINT (1178424.4248725816 1871218.8431623308),2022,5100 S INDIANA AVE
O1433666,DRIVER,1d79e6ad3600b7b00f63bff84ff77557934a316c2b5acb7347cf1ded1736366168d7d90b6bda4a0dd238c55bde5bf5ddb8982ab6f6772260c531f66e94fda50b,1362472.0,M,50.0,NOT APPLICABLE,NONE,NO INDICATION OF INJURY,IMPROPER TURN,NOT OBSCURED,NORMAL,,,,,2022-10-04 15:34:00,30,CLEAR,DAYLIGHT,TURNING,NOT DIVIDED,DRY,NO DEFECTS,NOT ON SCENE (DESK REPORT),INJURY AND / OR TOW DUE TO CRASH,,"OVER $1,500",10/04/2022 04:30:00 PM,IMPROPER TURNING/NO SIGNAL,NOT APPLICABLE,,2,NONINCAPACITATING INJURY,1.0,0.0,0.0,1.0,0.0,1.0,0.0,15,3,10,42.005510766,-87.669028095,POINT (-87.669028095138 42.005510766479),POINT (1164801.4802445788 1945298.5828757847),2022,1530 W PRATT BLVD
O1439706,DRIVER,b52813a45f7f2d91db77ade66bae9cde2097a02463b00f0beff044f2056950c9acf816c0554dacaa0eaf7c827faee1a5c46f93877556cd309887ec33cbf33c08,1368278.0,M,73.0,DID NOT DEPLOY,NONE,NO INDICATION OF INJURY,UNKNOWN,UNKNOWN,NORMAL,,,,Y,2022-10-13 12:25:00,30,CLEAR,DAYLIGHT,ANGLE,FOUR WAY,DRY,NO DEFECTS,ON SCENE,INJURY AND / OR TOW DUE TO CRASH,,"OVER $1,500",10/13/2022 01:01:00 PM,UNABLE TO DETERMINE,NOT APPLICABLE,,2,"REPORTED, NOT EVIDENT",1.0,0.0,0.0,0.0,1.0,2.0,0.0,12,5,10,41.771172434,-87.615551783,POINT (-87.615551782584 41.771172433814),POINT (1180050.1854449415 1860023.0417491056),2022,6800 S DR MARTIN LUTHER KING JR DR
O1355120,DRIVER,f3218da52948b5977199f915e3712dbae12b8bd3028a1896dc745a50a3ef5578dd48bd0bd9c733045da2cec91da29874885adf12fffc7bc03ccfbfe158560d16,1287579.0,F,,DEPLOYMENT UNKNOWN,NONE,NO INDICATION OF INJURY,NONE,UNKNOWN,UNKNOWN,,,,,2022-06-09 21:54:00,30,CLEAR,DAYLIGHT,PARKED MOTOR VEHICLE,NOT DIVIDED,DRY,NO DEFECTS,NOT ON SCENE (DESK REPORT),NO INJURY / DRIVE AWAY,Y,"OVER $1,500",06/09/2022 09:54:00 PM,UNABLE TO DETERMINE,NOT APPLICABLE,,2,NO INDICATION OF INJURY,0.0,0.0,0.0,0.0,0.0,1.0,0.0,21,5,6,41.908619727,-87.649294571,POINT (-87.649294570943 41.908619727323),POINT (1170446.7150813963 1910033.3454491086),2022,1501 N DAYTON ST