PERSON_ID,PERSON_TYPE,CRASH_RECORD_ID,VEHICLE_ID,SEX,AGE,AIRBAG_DEPLOYED,EJECTION,INJURY_CLASSIFICATION,DRIVER_ACTION,DRIVER_VISION,PHYSICAL_CONDITION,PEDPEDAL_ACTION,PEDPEDAL_VISIBILITY,PEDPEDAL_LOCATION,CRASH_DATE_EST_I,CRASH_DATE,POSTED_SPEED_LIMIT,WEATHER_CONDITION,LIGHTING_CONDITION,FIRST_CRASH_TYPE,TRAFFICWAY_TYPE,ROADWAY_SURFACE_COND,ROAD_DEFECT,REPORT_TYPE,CRASH_TYPE,HIT_AND_RUN_I,DAMAGE,DATE_POLICE_NOTIFIED,PRIM_CONTRIBUTORY_CAUSE,SEC_CONTRIBUTORY_CAUSE,DOORING_I,NUM_UNITS,MOST_SEVERE_INJURY,INJURIES_TOTAL,INJURIES_FATAL,INJURIES_INCAPACITATING,INJURIES_NON_INCAPACITATING,INJURIES_REPORTED_NOT_EVIDENT,INJURIES_NO_INDICATION,INJURIES_UNKNOWN,CRASH_HOUR,CRASH_DAY_OF_WEEK,CRASH_MONTH,LATITUDE,LONGITUDE,LOCATION,geometry,YEAR,ADDRESS
O1408382,DRIVER,f14d55aaa41c0a25110f152c63ab91bff5d23e9e77249a849d000957dab34589763a7875aa50481b584512a308c923fbf2231313c43f9c2844311dc0a9734116,1338371.0,M,72.0,DID NOT DEPLOY,NONE,NO INDICATION OF INJURY,IMPROPER PASSING,UNKNOWN,NORMAL,,,,,2022-08-24 18:20:00,40,CLEAR,DAYLIGHT,SIDESWIPE SAME DIRECTION,DIVIDED - W/MEDIAN BARRIER,DRY,NO DEFECTS,NOT ON SCENE (DESK REPORT),NO INJURY / DRIVE AWAY,,"$501 - $1,500",08/29/2022 12:40:00 PM,IMPROPER OVERTAKING/PASSING,NOT APPLICABLE,,2,NO INDICATION OF INJURY,0.0,0.0,0.0,0.0,0.0,2.0,0.0,18,4,8,41.939680451,-87.637952126,POINT (-87.637952126316 41.939680451461),POINT (1173442.3797055741 1921376.7589022277),2022,3150 N LAKE SHORE DR NB
O1315540,DRIVER,235044d407e7f6dd974406c85b95e22b1db1a8ec341209e9d247facec9601613b63ab534ce2d7b847dce8e73fdf88af900a2c880540f78a41cb24ad39ea721c2,1249444.0,F,80.0,DID NOT DEPLOY,NONE,NO INDICATION OF INJURY,NONE,NOT OBSCURED,NORMAL,,,,,2022-04-11 10:40:00,30,CLEAR,DAYLIGHT,TURNING,DIVIDED - W/MEDIAN (NOT RAISED),DRY,NO DEFECTS,NOT ON SCENE (DESK REPORT),NO INJURY / DRIVE AWAY,,"OVER $1,500",04/11/2022 11:00:00 AM,FAILING TO YIELD RIGHT-OF-WAY,NOT APPLICABLE,,2,NO INDICATION OF INJURY,0.0,0.0,0.0,0.0,0.0,2.0,0.0,10,2,4,41.937289633,-87.806870985,POINT (-87.806870984806 41.937289633354),POINT (1127489.809503762 1920178.0172486217),2022,3130 N HARLEM AVE
O1438002,DRIVER,6f7072cdf5ce8d4eacb3388ce75476479ad0f1240d68abc3aba9c659aa55ac66e0bee5c8bcc0cd67c6bf0389dceb3a9efd3e314f118beefa2e6b330867cd5f71,1366660.0,M,64.0,DID NOT DEPLOY,NONE,NO INDICATION OF INJURY,NONE,NOT OBSCURED,NORMAL,,,,,2022-10-11 09:55:00,30,CLEAR,DAYLIGHT,SIDESWIPE SAME DIRECTION,NOT DIVIDED,UNKNOWN,UNKNOWN,NOT ON SCENE (DESK REPORT),NO INJURY / DRIVE AWAY,Y,"OVER $1,500",10/11/2022 10:11:00 AM,UNABLE TO DETERMINE,HAD BEEN DRINKING (USE WHEN ARREST IS NOT MADE),,2,NO INDICATION OF INJURY,0.0,0.0,0.0,0.0,0.0,2.0,0.0,9,3,10,41.899113732,-87.7260488,POINT (-87.726048799664 41.899113731889),POINT (1149578.4920521325 1906412.0944905367),2022,1001 N PULASKI RD
O1458820,DRIVER,dca737273308e98e68da263c73fe8e530dd83324df87c8f0c7f66f45e78c0607485688ce02ec784557d4d2f91c35d8658e6bcf6d2acfe9565c5c1cb37558f4d7,1386457.0,M,20.0,DID NOT DEPLOY,NONE,NO INDICATION OF INJURY,OTHER,NOT OBSCURED,NORMAL,,,,,2022-11-09 23:18:00,40,CLEAR,"DARKNESS, LIGHTED ROAD",SIDESWIPE SAME DIRECTION,DIVIDED - W/MEDIAN BARRIER,DRY,NO DEFECTS,ON SCENE,INJURY AND / OR TOW DUE TO CRASH,,"OVER $1,500",11/09/2022 11:20:00 PM,DRIVING SKILLS/KNOWLEDGE/EXPERIENCE,UNABLE TO DETERMINE,,2,NO INDICATION OF INJURY,0.0,0.0,0.0,0.0,0.0,4.0,0.0,23,4,11,41.926406344,-87.63109429,POINT (-87.631094290401 41.926406343977),POINT (1175347.8216462631 1916554.8505312586),2022,2407 N LAKE SHORE DR NB
O1473825,DRIVER,0b9b61d4b9419e2747adbfac4e429307ab252b2fd1dc56b3abd5b9ec399902c05afcfd8b39354f03ebc9a0a2fd832170cffb875dd31ec085705bf4afd24d038b,1400841.0,M,70.0,DID NOT DEPLOY,NONE,NO INDICATION OF INJURY,NONE,NOT OBSCURED,NORMAL,,,,,2022-12-03 13:30:00,30,CLEAR,DAYLIGHT,SIDESWIPE SAME DIRECTION,NOT DIVIDED,DRY,NO DEFECTS,NOT ON SCENE (DESK REPORT),NO INJURY / DRIVE AWAY,Y,"OVER $1,500",12/03/2022 03:25:00 PM,IMPROPER OVERTAKING/PASSING,NOT APPLICABLE,,2,NO INDICATION OF INJURY,0.0,0.0,0.0,0.0,0.0,2.0,0.0,13,7,12,41.799497565,-87.587149224,POINT (-87.587149224365 41.799497565377),POINT (1187708.4570347858 1870410.4821911368),2022,5301 S LAKE PARK AVE
O1441862,DRIVER,a366e8311e8cf54d8297b8c4af341f88af5fb439fc1206194f758e77664b715b7543838e4d13c3b699c4f03a26ac7b071919dfd58e9488276709ba629d528f26,1370347.0,F,28.0,DID NOT DEPLOY,NONE,NO INDICATION OF INJURY,NONE,NOT OBSCURED,NORMAL,,,,,2022-10-15 17:55:00,30,CLEAR,DAYLIGHT,SIDESWIPE SAME DIRECTION,NOT DIVIDED,DRY,NO DEFECTS,NOT ON SCENE (DESK REPORT),NO INJURY / DRIVE AWAY,Y,"$501 - $1,500",10/16/2022 12:20:00 PM,IMPROPER OVERTAKING/PASSING,FOLLOWING TOO CLOSELY,,2,NO INDICATION OF INJURY,0.0,0.0,0.0,0.0,0.0,2.0,0.0,17,7,10,41.928929538,-87.687521929,POINT (-87.687521929025 41.92892953786),POINT (1159985.3690798087 1917353.6007260699),2022,2374 W LOGAN BLVD
O1393482,DRIVER,88dd64555df3486385fb240748c0c2fd8b5308b639663ec38f82d36bd2dafe52e1b310430df85da98e5f0d1002e38c6d18f1c26b5c849436374ee1958c808bdf,1324048.0,M,32.0,NOT APPLICABLE,NONE,NO INDICATION OF INJURY,IMPROPER BACKING,UNKNOWN,UNKNOWN,,,,,2022-08-03 19:10:00,35,UNKNOWN,UNKNOWN,PARKED MOTOR VEHICLE,OTHER,UNKNOWN,NO DEFECTS,NOT ON SCENE (DESK REPORT),NO INJURY / DRIVE AWAY,,$500 OR LESS,08/06/2022 02:10:00 PM,IMPROPER BACKING,UNABLE TO DETERMINE,,2,NO INDICATION OF INJURY,0.0,0.0,0.0,0.0,0.0,1.0,0.0,19,4,8,41.866489279,-87.624279305,POINT (-87.624279304789 41.866489279306),POINT (1177382.815205107 1894736.3163762754),2022,1234 S MICHIGAN AVE
O1384836,DRIVER,d9083e56bee95b127e267e62a57f3bb6d330a038b21b91fd4fb4fa481de2a1d69cb088e22432d332ba1e0c5b44fc34632ec9a138443b7a09a4a68f9a84d11d29,1315813.0,M,56.0,NOT APPLICABLE,NONE,NO INDICATION OF INJURY,IMPROPER TURN,UNKNOWN,NORMAL,,,,,2022-07-24 01:20:00,30,CLEAR,"DARKNESS, LIGHTED ROAD",TURNING,DIVIDED - W/MEDIAN (NOT RAISED),DRY,NO DEFECTS,ON SCENE,NO INJURY / DRIVE AWAY,,"OVER $1,500",07/24/2022 01:23:00 AM,FAILING TO YIELD RIGHT-OF-WAY,IMPROPER TURNING/NO SIGNAL,,2,NO INDICATION OF INJURY,0.0,0.0,0.0,0.0,0.0,2.0,0.0,1,1,7,41.911169402,-87.745749209,POINT (-87.74574920915 41.911169402498),POINT (1144185.0962506935 1910767.8307275607),2022,1651 N CICERO AVE
P307044,PASSENGER,1ce525fa693413ab13d11225712bd4fce1fadcd1bb311e74bfa2f881328b5f3c14d49f5b15a32a915d87dd298bd907f7b2c8b5add9eec0ed9236f04a5b3642c8,1311260.0,F,,NOT APPLICABLE,NONE,NO INDICATION OF INJURY,,,,,,,,2022-07-16 18:34:00,35,CLEAR,DAYLIGHT,TURNING,NOT DIVIDED,DRY,NO DEFECTS,ON SCENE,INJURY AND / OR TOW DUE TO CRASH,,"OVER $1,500",07/16/2022 06:37:00 PM,FAILING TO YIELD RIGHT-OF-WAY,UNABLE TO DETERMINE,,2,NO INDICATION OF INJURY,0.0,0.0,0.0,0.0,0.0,4.0,0.0,18,7,7,41.797735106,-87.723436124,POINT (-87.723436123853 41.79773510618),POINT (1150552.138634493 1869475.1261902284),2022,5230 S PULASKI RD
P296305,PASSENGER,d83f8854b2e156922b5f73652fecd58ab3e7db871f5a72657a79fd6ecfe611eeef9bcbdc1a28e2e3a7017217a433b414acdea8e41165989e5565fa5bbde3b89c,1265328.0,M,63.0,NOT APPLICABLE,NONE,NO INDICATION OF INJURY,,,,,,,,2022-05-07 11:45:00,30,CLEAR,DAYLIGHT,TURNING,NOT DIVIDED,DRY,NO DEFECTS,NOT ON SCENE (DESK REPORT),NO INJURY / DRIVE AWAY,,$500 OR LESS,05/07/2022 12:18:00 PM,FAILING TO YIELD RIGHT-OF-WAY,NOT APPLICABLE,,2,NO INDICATION OF INJURY,0.0,0.0,0.0,0.0,0.0,3.0,0.0,11,7,5,42.012561193,-87.67477437,POINT (-87.674774370391 42.012561193396),POINT (1163219.928848595 1947855.7415316864),2022,7152 N CLARK ST
O1363367,DRIVER,28e12fc6d0a4c6867aa5c3b76593854ec3e19b5e57c10ec86475e1b5b6d7b86fc675088be61bf6a8c49656fb0ac8365f4d40f1be9edcefb81dd839e02fd80583,1295437.0,M,,DID NOT DEPLOY,NONE,NO INDICATION OF INJURY,FOLLOWED TOO CLOSELY,NOT OBSCURED,NORMAL,,,,,2022-06-15 20:30:00,30,CLEAR,"DARKNESS, LIGHTED ROAD",REAR END,FOUR WAY,DRY,NO DEFECTS,NOT ON SCENE (DESK REPORT),NO INJURY / DRIVE AWAY,,"$501 - $1,500",06/21/2022 02:55:00 PM,FOLLOWING TOO CLOSELY,UNABLE TO DETERMINE,,2,NO INDICATION OF INJURY,0.0,0.0,0.0,0.0,0.0,3.0,0.0,20,4,6,41.736613967,-87.61444973,POINT (-87.614449730497 41.736613967437),POINT (1180456.03398224 1847432.7428950958),2022,400 E 87TH ST
O1296120,DRIVER,1e6af3357aeb9adb40a798f145485151e089f189a3a18f5e8b034eabbba5a66fecdda9c896ef3346e6bf98dec1516c791e629b51efaf0421cfa4de60131a6dfd,1230828.0,F,23.0,NOT APPLICABLE,NONE,NO INDICATION OF INJURY,FAILED TO YIELD,NOT OBSCURED,NORMAL,,,,,2022-03-11 10:43:00,30,CLEAR,DAYLIGHT,ANGLE,NOT DIVIDED,DRY,NO DEFECTS,ON SCENE,INJURY AND / OR TOW DUE TO CRASH,,"OVER $1,500",03/11/2022 10:43:00 AM,UNABLE TO DETERMINE,NOT APPLICABLE,,2,NO INDICATION OF INJURY,0.0,0.0,0.0,0.0,0.0,2.0,0.0,10,6,3,41.793204926,-87.772232665,POINT (-87.772232664788 41.793204926214),POINT (1137257.3926409434 1867733.7353279176),2022,5432 S AUSTIN AVE
O1283604,DRIVER,26b41ea05c84cc2bdb1b31c06ea594e7471f2cb476fc881adae344f668f14f55685bcc2dd51c3d1852de7230bcd530c0566976e8555489ef233b3094f19dcc4b,1218787.0,M,48.0,NOT APPLICABLE,NONE,NO INDICATION OF INJURY,IMPROPER BACKING,NOT OBSCURED,NORMAL,,,,,2022-02-17 12:42:00,0,CLEAR,DAYLIGHT,REAR TO FRONT,OTHER,DRY,NO DEFECTS,ON SCENE,NO INJURY / DRIVE AWAY,,$500 OR LESS,02/17/2022 12:42:00 PM,IMPROPER BACKING,NOT APPLICABLE,,2,NO INDICATION OF INJURY,0.0,0.0,0.0,0.0,0.0,2.0,0.0,12,5,2,41.779602319,-87.647153162,POINT (-87.647153162065 41.779602319207),POINT (1171405.2386541925 1863024.468049432),2022,859 W 63RD ST
P327104,PASSENGER,f7c766ce3dc2051bbbfa9ee56f4bf7b0dc7156cb82cad753aee36b451b4f989e1fb9a58a2d0e0ad113e4e2d714b44b3fb11ed8da68a34812a8e50dc9dcda3fde,1404272.0,F,,DID NOT DEPLOY,NONE,NO INDICATION OF INJURY,,,,,,,,2022-12-09 14:20:00,30,RAIN,DAYLIGHT,SIDESWIPE SAME DIRECTION,DIVIDED - W/MEDIAN (NOT RAISED),WET,NO DEFECTS,NOT ON SCENE (DESK REPORT),NO INJURY / DRIVE AWAY,Y,"$501 - $1,500",12/09/2022 03:55:00 PM,IMPROPER OVERTAKING/PASSING,IMPROPER LANE USAGE,,2,NO INDICATION OF INJURY,0.0,0.0,0.0,0.0,0.0,3.0,0.0,14,6,12,41.696862253,-87.705900152,POINT (-87.705900151923 41.696862252708),POINT (1155601.761990749 1832752.4549869017),2022,3399 W 108TH ST
O1294684,DRIVER,728b1685a5b730f96d518aa835710edb05f3f44363a1dcdb030033a4676ba7a6d3a7b96f01fd455d4248a23ea7e72dbf30423829207211d111dad2a49487ad5b,1229441.0,F,31.0,DID NOT DEPLOY,NONE,NO INDICATION OF INJURY,NONE,UNKNOWN,UNKNOWN,,,,,2022-03-08 18:00:00,30,CLEAR,"DARKNESS, LIGHTED ROAD",REAR END,DIVIDED - W/MEDIAN (NOT RAISED),DRY,UNKNOWN,NOT ON SCENE (DESK REPORT),NO INJURY / DRIVE AWAY,,"OVER $1,500",03/08/2022 06:20:00 PM,UNABLE TO DETERMINE,UNABLE TO DETERMINE,,2,NO INDICATION OF INJURY,0.0,0.0,0.0,0.0,0.0,2.0,0.0,18,3,3,41.902416597,-87.750371859,POINT (-87.750371858667 41.902416597306),POINT (1142948.5241720104 1907569.723138031),2022,4948 W DIVISION ST
P316062,PASSENGER,c2e1116cc38dda61e11118c56237fb6f35be1b316f9c7e177e867cb699feb5d41c238b9c7bf9e335900ee9995008cb26db8095274871b7a28702c6ed9834ff4d,1352531.0,F,,DID NOT DEPLOY,NONE,NO INDICATION OF INJURY,,,,,,,,2022-09-19 14:42:00,30,CLEAR,DAYLIGHT,PARKED MOTOR VEHICLE,ONE-WAY,DRY,NO DEFECTS,NOT ON SCENE (DESK REPORT),NO INJURY / DRIVE AWAY,,"$501 - $1,500",09/19/2022 04:06:00 PM,UNABLE TO DETERMINE,UNABLE TO DETERMINE,,2,NO INDICATION OF INJURY,0.0,0.0,0.0,0.0,0.0,2.0,0.0,14,2,9,41.89466267,-87.635583722,POINT (-87.635583722124 41.894662670242),POINT (1174220.2224048756 1904977.4478312072),2022,257 W HURON ST
O1256975,DRIVER,a89afed39d551bedd431445f42621c322780935c9505feaa8fad319042545e071e46ab7f451a4fbdd799c4f12b2fb01a44d3e0515b1aa21233a4b1ba65893e15,1193136.0,M,20.0,NOT APPLICABLE,NONE,NO INDICATION OF INJURY,FAILED TO YIELD,NOT OBSCURED,NORMAL,,,,,2022-01-03 15:30:00,30,CLEAR,DAYLIGHT,REAR END,FOUR WAY,DRY,NO DEFECTS,NOT ON SCENE (DESK REPORT),NO INJURY / DRIVE AWAY,,"OVER $1,500",01/03/2022 04:45:00 PM,UNABLE TO DETERMINE,NOT APPLICABLE,,2,NO INDICATION OF INJURY,0.0,0.0,0.0,0.0,0.0,2.0,0.0,15,2,1,41.955312335,-87.750049254,POINT (-87.750049253911 41.955312334685),POINT (1142905.2218948759 1926845.5981439955),2022,4104 N MILWAUKEE AVE
O1325748,DRIVER,bd33deb08cfdba347b23712b25c3b62af5db39bf05de9e41fd62e059f20a17862e946ce48ed370002641fb8a5d458497a371d2d5c5a3e0daee71615e71601988,1259315.0,M,21.0,NOT APPLICABLE,NONE,NO INDICATION OF INJURY,WRONG WAY/SIDE,NOT OBSCURED,NORMAL,,,,,2022-04-28 17:39:00,35,CLEAR,DAYLIGHT,TURNING,DIVIDED - W/MEDIAN (NOT RAISED),DRY,NO DEFECTS,ON SCENE,NO INJURY / DRIVE AWAY,,"OVER $1,500",04/28/2022 05:39:00 PM,IMPROPER LANE USAGE,FAILING TO REDUCE SPEED TO AVOID CRASH,,2,NO INDICATION OF INJURY,0.0,0.0,0.0,0.0,0.0,2.0,0.0,17,5,4,41.960937711,-87.738496884,POINT (-87.738496884005 41.960937710781),POINT (1146033.2879934367 1928917.1026279263),2022,4400 W MONTROSE AVE
P323390,PASSENGER,ff1ce00cda53068459104ef78a54215ac080678d3e8a289c6137fb81b680684365a28828e341aa2d5c8042755ce10a2afd7f4ac7ae8868bd3524a39f2dfe39a7,1385871.0,F,21.0,DID NOT DEPLOY,NONE,NONINCAPACITATING INJURY,,,,,,,,2022-11-08 22:14:00,30,CLEAR,"DARKNESS, LIGHTED ROAD",ANGLE,FOUR WAY,DRY,NO DEFECTS,ON SCENE,INJURY AND / OR TOW DUE TO CRASH,N,"OVER $1,500",11/08/2022 11:00:00 PM,EQUIPMENT - VEHICLE CONDITION,DISREGARDING TRAFFIC SIGNALS,,2,NONINCAPACITATING INJURY,4.0,0.0,0.0,4.0,0.0,0.0,0.0,22,3,11,41.889709255,-87.684280687,POINT (-87.68428068665 41.889709255057),POINT (1160975.512260549 1903068.3656566774),2022,2300 W HUBBARD ST
P315719,PASSENGER,e51227dbe309d9fd290ac9b6fb040d14c32d0dcab3028d25913703488950cf27cb0d8574a8ddeec62bca44a23afecde3a932aad445c87dac0c799bd54f7472ea,1350785.0,M,23.0,"DEPLOYED, FRONT",NONE,NO INDICATION OF INJURY,,,,,,,,2022-09-17 01:20:00,30,CLEAR,"DARKNESS, LIGHTED ROAD",REAR END,NOT DIVIDED,DRY,NO DEFECTS,ON SCENE,INJURY AND / OR TOW DUE TO CRASH,,"OVER $1,500",09/17/2022 01:26:00 AM,FOLLOWING TOO CLOSELY,NOT APPLICABLE,,2,NO INDICATION OF INJURY,0.0,0.0,0.0,0.0,0.0,3.0,0.0,1,7,9,42.012643939,-87.68039343,POINT (-87.680393429955 42.012643938605),POINT (1161692.6566517698 1947874.196734504),2022,2000 W TOUHY AVE
O1444413,DRIVER,c501d91093bd20dce5045d8711d01d5069815d5d70debda778dae2e2a05ef364c8feb2da977e3de38916e7fda7cb1f8b6ffd2cb5580441c02a4ef4f8e9531a29,1372808.0,F,,DEPLOYMENT UNKNOWN,NONE,NO INDICATION OF INJURY,NONE,UNKNOWN,UNKNOWN,,,,,2022-10-20 10:30:00,30,CLEAR,DAYLIGHT,SIDESWIPE SAME DIRECTION,NOT DIVIDED,DRY,NO DEFECTS,NOT ON SCENE (DESK REPORT),NO INJURY / DRIVE AWAY,,"$501 - $1,500",10/20/2022 02:02:00 PM,IMPROPER OVERTAKING/PASSING,NOT APPLICABLE,,2,NO INDICATION OF INJURY,0.0,0.0,0.0,0.0,0.0,2.0,0.0,10,5,10,41.80084992,-87.728189915,POINT (-87.72818991487 41.800849920343),POINT (1149247.9150864333 1870600.9828158768),2022,5085 S ARCHER AVE
P283743,PASSENGER,36f73e136b31dc1bd6b64edd38b6632d2d982b3b138ab2f23f16886ba422ebd6fefc3b5cfecdc5b5ecf863d5b97c37f6351c33ab7b76e16ca3d5e17c9b23dc32,1207737.0,M,,DID NOT DEPLOY,NONE,NONINCAPACITATING INJURY,,,,,,,,2022-01-29 20:28:00,30,CLEAR,"DARKNESS, LIGHTED ROAD",REAR END,FOUR WAY,DRY,NO DEFECTS,ON SCENE,INJURY AND / OR TOW DUE TO CRASH,,"OVER $1,500",01/29/2022 08:30:00 PM,UNDER THE INFLUENCE OF ALCOHOL/DRUGS (USE WHEN ARREST IS EFFECTED),UNDER THE INFLUENCE OF ALCOHOL/DRUGS (USE WHEN ARREST IS EFFECTED),,2,NONINCAPACITATING INJURY,3.0,0.0,0.0,3.0,0.0,1.0,0.0,20,7,1,41.74017704,-87.605070307,POINT (-87.605070306618 41.740177040278),POINT (1183005.0037549443 1848752.61585067),2022,8500 S COTTAGE GROVE AVE
O1261220,DRIVER,176c45b2b258d98fa5210fcfff0477afe220daf67dc563c7ef4ed5dac87fd49b003824491ff3941a51f166ceb7cbb462f2f075031138c88e5a9ad67fa9957c67,1197204.0,M,26.0,NOT APPLICABLE,NONE,NO INDICATION OF INJURY,WRONG WAY/SIDE,NOT OBSCURED,NORMAL,,,,,2022-01-11 16:52:00,30,CLEAR,DAYLIGHT,PARKED MOTOR VEHICLE,ONE-WAY,DRY,NO DEFECTS,ON SCENE,NO INJURY / DRIVE AWAY,,"OVER $1,500",01/11/2022 04:53:00 PM,DRIVING ON WRONG SIDE/WRONG WAY,DRIVING ON WRONG SIDE/WRONG WAY,,2,NO INDICATION OF INJURY,0.0,0.0,0.0,0.0,0.0,1.0,0.0,16,3,1,41.949631687,-87.76738323,POINT (-87.767383230108 41.949631687296),POINT (1138203.9752390888 1924743.9408355372),2022,5610 W GRACE ST
O1443997,DRIVER,8c9ec941d966f5c0eef717470ae21c44cd7293f79bdcb8c42e4fcbaa3a361a5563e1c39d0e04631b187960527facfddb1be3c5649cc8c498b418d4dcf92a1d49,1372418.0,M,58.0,NOT APPLICABLE,NONE,NO INDICATION OF INJURY,NONE,NOT OBSCURED,NORMAL,,,,,2022-10-19 17:30:00,30,CLEAR,DAYLIGHT,ANGLE,NOT DIVIDED,DRY,NO DEFECTS,ON SCENE,INJURY AND / OR TOW DUE TO CRASH,,"OVER $1,500",10/19/2022 05:35:00 PM,FAILING TO YIELD RIGHT-OF-WAY,UNABLE TO DETERMINE,,3,NO INDICATION OF INJURY,0.0,0.0,0.0,0.0,0.0,3.0,0.0,17,4,10,41.995344497,-87.806671543,POINT (-87.806671543312 41.995344497083),POINT (1127414.0358923085 1941333.7364391342),2022,6261 N HARLEM AVE
O1435949,DRIVER,b0f2a279ecdba08ad4ed584536219b06fd83847ce11bd526e036caec0739201fd5252142fb09bf7302e8de246be33bd776f35bdc0d195e2faff6855461273eca,1364651.0,F,47.0,DID NOT DEPLOY,NONE,NO INDICATION OF INJURY,NONE,NOT OBSCURED,NORMAL,,,,,2022-10-06 20:30:00,25,CLEAR,DAYLIGHT,FIXED OBJECT,NOT DIVIDED,DRY,"RUT, HOLES",NOT ON SCENE (DESK REPORT),NO INJURY / DRIVE AWAY,,"OVER $1,500",10/07/2022 06:50:00 PM,NOT APPLICABLE,NOT APPLICABLE,,1,NO INDICATION OF INJURY,0.0,0.0,0.0,0.0,0.0,1.0,0.0,20,5,10,41.755136743,-87.728732271,POINT (-87.728732271269 41.755136743055),POINT (1149217.1496254473 1853942.4259669757),2022,4244 W 76TH ST
O1315951,DRIVER,08b63844327b62a1a7e487e8674245a37ef9e6b0ac3d4f641507723df96f3e3e040a9d488407996d5bd272352f4a21623074c329af2b73df32c2a83d46d5e451,1249848.0,X,,DEPLOYMENT UNKNOWN,NONE,NO INDICATION OF INJURY,UNKNOWN,UNKNOWN,UNKNOWN,,,,,2022-04-12 01:00:00,30,CLEAR,"DARKNESS, LIGHTED ROAD",PARKED MOTOR VEHICLE,NOT DIVIDED,DRY,UNKNOWN,ON SCENE,INJURY AND / OR TOW DUE TO CRASH,Y,"OVER $1,500",04/12/2022 01:05:00 AM,UNABLE TO DETERMINE,NOT APPLICABLE,,4,NO INDICATION OF INJURY,0.0,0.0,0.0,0.0,0.0,1.0,0.0,1,3,4,41.895402332,-87.710824233,POINT (-87.710824232977 41.895402332418),POINT (1153733.0926447206 1905089.3688365768),2022,3347 W CHICAGO AVE
O1338643,DRIVER,7701ece5c85c232168d78ba91a6b386a1db7393a1f7787974d4fe306376d51e9302626b6cc037d75f0297d929b123b46cc66aea866769394329dbfd9ab596fca,1271701.0,X,,DEPLOYMENT UNKNOWN,UNKNOWN,NO INDICATION OF INJURY,UNKNOWN,UNKNOWN,UNKNOWN,,,,,2022-05-16 11:00:00,30,CLEAR,DAYLIGHT,PARKED MOTOR VEHICLE,ONE-WAY,DRY,UNKNOWN,NOT ON SCENE (DESK REPORT),NO INJURY / DRIVE AWAY,Y,"OVER $1,500",05/16/2022 02:00:00 PM,UNABLE TO DETERMINE,NOT APPLICABLE,,2,NO INDICATION OF INJURY,0.0,0.0,0.0,0.0,0.0,1.0,0.0,11,2,5,41.781603598,-87.621867276,POINT (-87.621867276052 41.781603598408),POINT (1178295.9552117467 1863809.7681709463),2022,6209 S MICHIGAN AVE
O1447108,DRIVER,a9d533a243c4b234449dbcd3ee95e66ae0b7123494aa9f5dbcf070f51fb40d8a38cad0a3f90b7453d9e7f3e0dfcf067d884071714177f54a34383614d698a192,1375359.0,M,62.0,DEPLOYMENT UNKNOWN,UNKNOWN,NO INDICATION OF INJURY,UNKNOWN,UNKNOWN,UNKNOWN,,,,,2022-10-24 06:30:00,35,UNKNOWN,UNKNOWN,REAR END,UNKNOWN,UNKNOWN,UNKNOWN,NOT ON SCENE (DESK REPORT),NO INJURY / DRIVE AWAY,,"OVER $1,500",10/24/2022 10:15:00 AM,UNABLE TO DETERMINE,NOT APPLICABLE,,2,NO INDICATION OF INJURY,0.0,0.0,0.0,0.0,0.0,2.0,0.0,6,2,10,41.773368409,-87.576638552,POINT (-87.576638552177 41.773368408547),POINT (1190658.1671654584 1860914.23227603),2022,6700 S JEFFERY BLVD
O1378781,DRIVER,a0659401a82438de4a49b07febf372d556a3ede6d63af4cd870b268c445625fe979738f23ab6b6f98e8e21f095eb93764cb07c488daaec2fbbf8270d155f72cf,1310107.0,M,37.0,NOT APPLICABLE,NONE,NO INDICATION OF INJURY,NONE,UNKNOWN,NORMAL,,,,,2022-07-15 06:15:00,30,RAIN,DAYLIGHT,TURNING,T-INTERSECTION,WET,UNKNOWN,ON SCENE,NO INJURY / DRIVE AWAY,,$500 OR LESS,07/15/2022 07:37:00 AM,UNABLE TO DETERMINE,IMPROPER LANE USAGE,,2,NO INDICATION OF INJURY,0.0,0.0,0.0,0.0,0.0,2.0,0.0,6,6,7,41.917233542,-87.711821158,POINT (-87.71182115849 41.917233542343),POINT (1153404.0308335382 1913042.6985481107),2022,3399 W ARMITAGE AVE
O1260820,DRIVER,23f5845d85355b2beb094dc56f8bfbbe6cc6a7e967804f3dae5d8b01997ab989b4e6fbe869457931fed2904ddc05fd94fc2c09cc8435410dcf03b52fb733d585,1196826.0,X,,DEPLOYMENT UNKNOWN,UNKNOWN,NO INDICATION OF INJURY,UNKNOWN,UNKNOWN,UNKNOWN,,,,Y,2022-01-10 18:00:00,25,OTHER,DAYLIGHT,PARKED MOTOR VEHICLE,ONE-WAY,OTHER,NO DEFECTS,ON SCENE,NO INJURY / DRIVE AWAY,Y,"OVER $1,500",01/10/2022 06:15:00 PM,UNABLE TO DETERMINE,UNABLE TO DETERMINE,,2,NO INDICATION OF INJURY,0.0,0.0,0.0,0.0,0.0,1.0,0.0,18,2,1,41.922302524,-87.747003546,POINT (-87.747003546247 41.922302524228),POINT (1143815.9399766596 1914822.4106141964),2022,4815 W BELDEN AVE
O1479278,DRIVER,fa0f011c4bf26ba320a5199a7968e5bbbae1e14bc6f9f203a6863c35fb09dc861dc09dff6c67102cac9ef2d2824d195825313416c2dc20c6363c18205fbefd39,1406108.0,M,31.0,NOT APPLICABLE,NONE,NO INDICATION OF INJURY,DISREGARDED CONTROL DEVICES,NOT OBSCURED,NORMAL,,,,,2022-12-12 11:50:00,25,CLEAR,DAYLIGHT,ANGLE,NOT DIVIDED,DRY,NO DEFECTS,ON SCENE,INJURY AND / OR TOW DUE TO CRASH,,"OVER $1,500",12/12/2022 11:55:00 AM,DISREGARDING STOP SIGN,DISTRACTION - FROM INSIDE VEHICLE,,2,NO INDICATION OF INJURY,0.0,0.0,0.0,0.0,0.0,2.0,0.0,11,2,12,41.859031452,-87.720010035,POINT (-87.720010034885 41.85903145155),POINT (1151326.8822872764 1891817.8695433284),2022,3764 W 16TH ST