PERSON_ID,PERSON_TYPE,CRASH_RECORD_ID,VEHICLE_ID,SEX,AGE,AIRBAG_DEPLOYED,EJECTION,INJURY_CLASSIFICATION,DRIVER_ACTION,DRIVER_VISION,PHYSICAL_CONDITION,PEDPEDAL_ACTION,PEDPEDAL_VISIBILITY,PEDPEDAL_LOCATION,CRASH_DATE_EST_I,CRASH_DATE,POSTED_SPEED_LIMIT,WEATHER_CONDITION,LIGHTING_CONDITION,FIRST_CRASH_TYPE,TRAFFICWAY_TYPE,ROADWAY_SURFACE_COND,ROAD_DEFECT,REPORT_TYPE,CRASH_TYPE,HIT_AND_RUN_I,DAMAGE,DATE_POLICE_NOTIFIED,PRIM_CONTRIBUTORY_CAUSE,SEC_CONTRIBUTORY_CAUSE,DOORING_I,NUM_UNITS,MOST_SEVERE_INJURY,INJURIES_TOTAL,INJURIES_FATAL,INJURIES_INCAPACITATING,INJURIES_NON_INCAPACITATING,INJURIES_REPORTED_NOT_EVIDENT,INJURIES_NO_INDICATION,INJURIES_UNKNOWN,CRASH_HOUR,CRASH_DAY_OF_WEEK,CRASH_MONTH,LATITUDE,LONGITUDE,LOCATION,geometry,YEAR,ADDRESS
O1351156,DRIVER,af44ab3953c19661b91a089031731bd6c22783492d1825b61660caf4bf42be17151a1969aeaa0cadf7ad29e4b281d0a1b1373134f75438c1239ff3cd9e4a21a8,1283759.0,F,37.0,NOT APPLICABLE,NONE,NONINCAPACITATING INJURY,NONE,NOT OBSCURED,NORMAL,,,,,2022-06-04 08:50:00,30,CLEAR,DAYLIGHT,TURNING,FOUR WAY,DRY,NO DEFECTS,ON SCENE,INJURY AND / OR TOW DUE TO CRASH,,"OVER $1,500",06/04/2022 09:01:00 AM,FAILING TO REDUCE SPEED TO AVOID CRASH,UNABLE TO DETERMINE,,2,NONINCAPACITATING INJURY,1.0,0.0,0.0,1.0,0.0,1.0,0.0,8,7,6,41.809035513,-87.631351202,POINT (-87.631351201926 41.809035512907),POINT (1175627.6579722336 1873784.5307353428),2022,209 W 47TH ST
O1364271,DRIVER,9d7ca326715ee2a09f6c12fb22a1cecaafc2ef08cf5d94b42b1e906b002bca9ed42bb78d944beb86cddf7fae310f39be56a696236c3b09ca2d899195f478eeb0,1296309.0,M,34.0,NOT APPLICABLE,NONE,NO INDICATION OF INJURY,NONE,NOT OBSCURED,NORMAL,,,,,2022-06-22 18:10:00,30,CLEAR,DAYLIGHT,SIDESWIPE SAME DIRECTION,NOT DIVIDED,DRY,NO DEFECTS,NOT ON SCENE (DESK REPORT),NO INJURY / DRIVE AWAY,,"OVER $1,500",06/22/2022 07:05:00 PM,NOT APPLICABLE,NOT APPLICABLE,,3,NO INDICATION OF INJURY,0.0,0.0,0.0,0.0,0.0,3.0,0.0,18,4,6,41.882349437,-87.765340921,POINT (-87.765340920918 41.882349436863),POINT (1138921.9153090734 1900229.9349683153),2022,5608 W WASHINGTON BLVD
O1580696,DRIVER,57a23ceddeff2361ca2e0fe2488cc42fb6e9d7ec28f8fead1f47a4f0fe2a6e17952fd617d3caba92ea37567f838a727e3c4e0dbbff8dd08ef42513cfd7e55146,1503894.0,X,,DEPLOYMENT UNKNOWN,UNKNOWN,NO INDICATION OF INJURY,UNKNOWN,UNKNOWN,UNKNOWN,,,,,2022-08-07 14:00:00,30,RAIN,DAYLIGHT,REAR END,FOUR WAY,WET,UNKNOWN,,NO INJURY / DRIVE AWAY,Y,"OVER $1,500",08/07/2022 02:30:00 PM,UNABLE TO DETERMINE,UNABLE TO DETERMINE,,2,NO INDICATION OF INJURY,0.0,0.0,0.0,0.0,0.0,2.0,0.0,14,1,8,41.773273598,-87.60327875,POINT (-87.60327875021 41.773273597643),POINT (1183391.6082594958 1860816.8705949064),2022,900 E 67TH ST
P329635,PASSENGER,3298ca1cef7a4e21e859d0af61bc799fded8937caad0b6614e448b54955614a1667d779a6012aa6edcd84d38bbeed63709d7592d73e37984de55490d3f529396,1416670.0,M,,NOT APPLICABLE,NONE,NO INDICATION OF INJURY,,,,,,,,2022-12-29 18:15:00,30,RAIN,"DARKNESS, LIGHTED ROAD",TURNING,FOUR WAY,WET,NO DEFECTS,ON SCENE,INJURY AND / OR TOW DUE TO CRASH,,"OVER $1,500",12/29/2022 06:17:00 PM,UNABLE TO DETERMINE,NOT APPLICABLE,,2,NONINCAPACITATING INJURY,1.0,0.0,0.0,1.0,0.0,4.0,0.0,18,5,12,41.759546908,-87.654117748,POINT (-87.654117747793 41.759546908416),POINT (1169563.354182177 1855701.3539405216),2022,7400 S RACINE AVE
O1375588,DRIVER,fc22aef016692401f100197c8001db85c10b71c9e542b26a9422f766931cfe83dc6754473cf2662d307bd7ef244039f4af4e4838589aaa58789f775caf33247f,1307048.0,X,,DEPLOYMENT UNKNOWN,NONE,NO INDICATION OF INJURY,UNKNOWN,UNKNOWN,UNKNOWN,,,,,2022-07-10 04:00:00,15,CLEAR,"DARKNESS, LIGHTED ROAD",PARKED MOTOR VEHICLE,PARKING LOT,DRY,NO DEFECTS,NOT ON SCENE (DESK REPORT),NO INJURY / DRIVE AWAY,,"$501 - $1,500",07/10/2022 07:40:00 AM,UNABLE TO DETERMINE,DRIVING SKILLS/KNOWLEDGE/EXPERIENCE,,2,NO INDICATION OF INJURY,0.0,0.0,0.0,0.0,0.0,1.0,0.0,4,1,7,41.880128783,-87.647164601,POINT (-87.647164600769 41.880128783026),POINT (1171109.5301277374 1899655.876956629),2022,111 S HALSTED ST
O1333937,DRIVER,14b021a66337a13ecb1e3e966353057b3f4d227b8f83bc9b27d14cf0f6af62bbdb0ea522ad9d2ea8459b37dc958e01d7192fcb42cdcea6fc1034f46976cdd94d,1267190.0,M,32.0,DID NOT DEPLOY,NONE,NO INDICATION OF INJURY,NONE,NOT OBSCURED,NORMAL,,,,,2022-05-09 19:30:00,30,CLEAR,DUSK,OTHER OBJECT,NOT DIVIDED,DRY,"RUT, HOLES",NOT ON SCENE (DESK REPORT),NO INJURY / DRIVE AWAY,,"OVER $1,500",05/10/2022 08:30:00 AM,ROAD ENGINEERING/SURFACE/MARKING DEFECTS,NOT APPLICABLE,,1,NO INDICATION OF INJURY,0.0,0.0,0.0,0.0,0.0,1.0,0.0,19,2,5,41.8883351,-87.622441593,POINT (-87.62244159284 41.888335100253),POINT (1177817.4393356666 1902701.0541687072),2022,154 E WACKER DR
O1328802,DRIVER,97154365c86c3d52c86cf5c990793d27c811a6a914f5c34e7736e0e8fb0eea74d142e5445e7742c2dd0a4c5be37b1cd1c05682ac9fe0afa7dbaf32b11ed9f51b,1262274.0,M,50.0,NOT APPLICABLE,NONE,NO INDICATION OF INJURY,NONE,NOT OBSCURED,NORMAL,,,,,2022-05-03 09:45:00,30,RAIN,DAYLIGHT,PARKED MOTOR VEHICLE,NOT DIVIDED,WET,NO DEFECTS,ON SCENE,NO INJURY / DRIVE AWAY,Y,"OVER $1,500",05/03/2022 09:48:00 AM,UNABLE TO DETERMINE,UNABLE TO DETERMINE,,3,NO INDICATION OF INJURY,0.0,0.0,0.0,0.0,0.0,2.0,0.0,9,3,5,41.946337051,-87.738757249,POINT (-87.738757248548 41.946337051162),POINT (1145999.3865611954 1923596.0871353059),2022,4440 W ADDISON ST
P309173,PASSENGER,1b81b0f4bc56d352d9791517fbae283ab43d0809c28a895f71ea38cdee93ed15f0a4db2491fe72e0f8017ff24161a278b3ac3d550ae144dc07a46682dd1ff394,1321037.0,,,DID NOT DEPLOY,NONE,NO INDICATION OF INJURY,,,,,,,,2022-08-01 10:45:00,45,CLEAR,DAYLIGHT,SIDESWIPE SAME DIRECTION,DIVIDED - W/MEDIAN BARRIER,DRY,NO DEFECTS,NOT ON SCENE (DESK REPORT),NO INJURY / DRIVE AWAY,,$500 OR LESS,08/01/2022 11:15:00 AM,IMPROPER OVERTAKING/PASSING,NOT APPLICABLE,,2,NO INDICATION OF INJURY,0.0,0.0,0.0,0.0,0.0,3.0,0.0,10,2,8,41.953862863,-87.645251208,POINT (-87.64525120832 41.953862862978),POINT (1171415.0188422578 1926528.8514574065),2022,3930 N LAKE SHORE DR
O1281069,DRIVER,f227d0a02190c6aebdcf98f42f5dc0a83388caae5ba8084dffe819256393ab840dfdd0f337d486780c34415cfc1cccc8f469d485221c42dbe10919813042edca,1216340.0,M,21.0,DID NOT DEPLOY,NONE,NO INDICATION OF INJURY,FOLLOWED TOO CLOSELY,NOT OBSCURED,NORMAL,,,,,2022-02-13 20:00:00,30,CLEAR,"DARKNESS, LIGHTED ROAD",REAR END,DIVIDED - W/MEDIAN (NOT RAISED),DRY,NO DEFECTS,NOT ON SCENE (DESK REPORT),INJURY AND / OR TOW DUE TO CRASH,,"OVER $1,500",02/13/2022 08:30:00 PM,FOLLOWING TOO CLOSELY,UNABLE TO DETERMINE,,2,"REPORTED, NOT EVIDENT",1.0,0.0,0.0,0.0,1.0,2.0,0.0,20,1,2,41.954290088,-87.708173344,POINT (-87.70817334355 41.954290088101),POINT (1154298.3743077656 1926553.3972478583),2022,4010 N KEDZIE AVE
O1362408,DRIVER,dd6614b6c23f4e92d70c8bfa921f8856932697146466ad831ae95acdfc31284e402dd72d246c2718059958c36fdc36202c96b47f036fb3e73bda995beedb8789,1294537.0,X,,DEPLOYMENT UNKNOWN,NONE,NO INDICATION OF INJURY,UNKNOWN,UNKNOWN,UNKNOWN,,,,Y,2022-06-19 19:00:00,30,CLEAR,UNKNOWN,PARKED MOTOR VEHICLE,NOT DIVIDED,UNKNOWN,NO DEFECTS,NOT ON SCENE (DESK REPORT),NO INJURY / DRIVE AWAY,Y,"OVER $1,500",06/20/2022 10:40:00 AM,UNABLE TO DETERMINE,NOT APPLICABLE,,2,NO INDICATION OF INJURY,0.0,0.0,0.0,0.0,0.0,1.0,0.0,19,1,6,42.019290686,-87.675507406,POINT (-87.675507406211 42.019290685996),POINT (1163001.872045315 1950306.486590311),2022,1775 W HOWARD ST
O1275320,DRIVER,cd2d2b1a54bfa95d48ccffc354db61af9e3e5244ce5a01a81b13e19fde47e95bebfd330be567288987c5c046dacb13633c87562cf874b8057614438788440bf5,1210793.0,M,35.0,DID NOT DEPLOY,NONE,NO INDICATION OF INJURY,UNKNOWN,UNKNOWN,UNKNOWN,,,,,2022-02-03 13:40:00,30,UNKNOWN,DAYLIGHT,SIDESWIPE OPPOSITE DIRECTION,NOT DIVIDED,SNOW OR SLUSH,UNKNOWN,NOT ON SCENE (DESK REPORT),NO INJURY / DRIVE AWAY,,"OVER $1,500",02/04/2022 01:20:00 PM,UNABLE TO DETERMINE,NOT APPLICABLE,,2,NO INDICATION OF INJURY,0.0,0.0,0.0,0.0,0.0,2.0,0.0,13,5,2,41.850195909,-87.679502951,POINT (-87.679502950722 41.850195909462),POINT (1162386.0829558438 1888679.6510113897),2022,2131 W 23RD ST
O1361285,DRIVER,b3543430ef34d6c9531b8fb7e15dc1ae9323420c5479693e242d388aed9d53afbc912c0edfd1bd8b1c0a5b769334a44762e6ed0d74a88585ae2738eb74a3061d,1293469.0,F,50.0,DEPLOYMENT UNKNOWN,NONE,NO INDICATION OF INJURY,UNKNOWN,UNKNOWN,UNKNOWN,,,,,2022-06-18 14:43:00,30,CLEAR,DAYLIGHT,REAR END,PARKING LOT,UNKNOWN,UNKNOWN,NOT ON SCENE (DESK REPORT),NO INJURY / DRIVE AWAY,,"$501 - $1,500",06/18/2022 03:55:00 PM,UNABLE TO DETERMINE,NOT APPLICABLE,,2,NO INDICATION OF INJURY,0.0,0.0,0.0,0.0,0.0,5.0,0.0,14,7,6,41.963458968,-87.63799401,POINT (-87.637994009523 41.963458967645),POINT (1173360.6827655472 1930041.644329664),2022,200 W MONTROSE HARBOR DR
O1422904,DRIVER,a631fd45548980874c446d5c388143ed84f79d5025e46b21cf75b30dbcb109418ecdf90102bd8b1bec7846d27e26fdaaf7f834ed918272ebdf1008e56b100864,1352229.0,F,30.0,DID NOT DEPLOY,NONE,NO INDICATION OF INJURY,UNKNOWN,NOT OBSCURED,NORMAL,,,,,2022-09-19 07:00:00,30,CLEAR,DAYLIGHT,TURNING,NOT DIVIDED,DRY,NO DEFECTS,NOT ON SCENE (DESK REPORT),NO INJURY / DRIVE AWAY,Y,"$501 - $1,500",09/19/2022 07:30:00 AM,UNABLE TO DETERMINE,UNABLE TO DETERMINE,,2,NO INDICATION OF INJURY,0.0,0.0,0.0,0.0,0.0,2.0,0.0,7,2,9,41.880499451,-87.735595961,POINT (-87.735595960982 41.880499450757),POINT (1147026.5918903903 1899610.8155528638),2022,4401 W MADISON ST
O1347984,DRIVER,282de4bee53bd9adc11365c66d1006989dd17db109d17b7243886fc6be6350b01678e2bac22ed8bde9cccfbc5a78225cef03e20f181942f82a7edc2ef442deb9,1280733.0,M,31.0,NOT APPLICABLE,NONE,NO INDICATION OF INJURY,NONE,NOT OBSCURED,NORMAL,,,,,2022-05-30 19:40:00,30,CLEAR,"DARKNESS, LIGHTED ROAD",ANGLE,FOUR WAY,DRY,UNKNOWN,ON SCENE,INJURY AND / OR TOW DUE TO CRASH,,"OVER $1,500",05/30/2022 07:41:00 PM,FAILING TO YIELD RIGHT-OF-WAY,NOT APPLICABLE,,2,NO INDICATION OF INJURY,0.0,0.0,0.0,0.0,0.0,4.0,0.0,19,2,5,41.910615643,-87.805675776,POINT (-87.805675775933 41.910615642723),POINT (1127874.8134821926 1910459.996614064),2022,1659 N HARLEM AVE
O1364749,DRIVER,2b3f66e3efef20fc219bfacc2ea34ae100d3e617a3879e03128c89efff3742ded392a0d03a041352a05f59bd11851c07612165a0ff8a62b7dbaaa2c3ee5ee56c,1296751.0,F,32.0,NOT APPLICABLE,NONE,NO INDICATION OF INJURY,UNKNOWN,NOT OBSCURED,NORMAL,,,,,2022-06-21 18:20:00,40,CLEAR,DAYLIGHT,REAR END,DIVIDED - W/MEDIAN BARRIER,DRY,NO DEFECTS,NOT ON SCENE (DESK REPORT),NO INJURY / DRIVE AWAY,,"OVER $1,500",06/23/2022 02:30:00 PM,UNABLE TO DETERMINE,UNABLE TO DETERMINE,,2,NO INDICATION OF INJURY,0.0,0.0,0.0,0.0,0.0,2.0,0.0,18,3,6,41.890622864,-87.613743623,POINT (-87.613743622913 41.890622863857),POINT (1180178.8164359606 1903554.4561861942),2022,479 N LAKE SHORE DR NB
O1374613,DRIVER,c6b1b1ca08f33c96690447793f964a44c8fda1a58a69726ad3a11eecb1335733729c46842ee22962a48e910a32e4a703e93c22673da53aa345e0245454c40618,1306179.0,M,31.0,NOT APPLICABLE,NONE,NO INDICATION OF INJURY,NONE,NOT OBSCURED,NORMAL,,,,,2022-07-08 09:30:00,35,CLEAR,DAYLIGHT,TURNING,NOT DIVIDED,DRY,NO DEFECTS,NOT ON SCENE (DESK REPORT),INJURY AND / OR TOW DUE TO CRASH,Y,"OVER $1,500",07/08/2022 05:45:00 PM,IMPROPER TURNING/NO SIGNAL,DRIVING ON WRONG SIDE/WRONG WAY,,2,NO INDICATION OF INJURY,0.0,0.0,0.0,0.0,0.0,2.0,0.0,9,6,7,41.866852766,-87.624287789,POINT (-87.624287789424 41.866852765587),POINT (1177379.410121673 1894868.751118547),2022,1220 S MICHIGAN AVE
O1471964,DRIVER,cc9d36f38722614e403d7b3e5d1324df441f594384bcd99e628e70bd40ef6330fbb0b4245dc171d71b755a61595393be911048dd242dd74916721a2b8acfea0e,1399061.0,M,,NOT APPLICABLE,NONE,NO INDICATION OF INJURY,NONE,UNKNOWN,UNKNOWN,,,,,2022-11-30 17:05:00,30,CLEAR,"DARKNESS, LIGHTED ROAD",REAR END,NOT DIVIDED,DRY,NO DEFECTS,ON SCENE,NO INJURY / DRIVE AWAY,Y,$500 OR LESS,11/30/2022 05:10:00 PM,UNABLE TO DETERMINE,NOT APPLICABLE,,2,NO INDICATION OF INJURY,0.0,0.0,0.0,0.0,0.0,3.0,0.0,17,4,11,41.844686619,-87.702187623,POINT (-87.702187622677 41.844686619118),POINT (1156220.3700778733 1886625.843322243),2022,3050 W 26TH ST
O1433132,DRIVER,31ae2030ecf8f50949367392c3e49a46fb51db34015086798432a5c5752e1ba2d9248e171707c06d8032b0611cee48e8b3d0270e58f506ff6d4b54eeee971187,1362005.0,M,44.0,NOT APPLICABLE,NONE,NO INDICATION OF INJURY,NONE,UNKNOWN,NORMAL,,,,,2022-10-03 19:15:00,30,CLEAR,DAYLIGHT,TURNING,NOT DIVIDED,DRY,NO DEFECTS,ON SCENE,INJURY AND / OR TOW DUE TO CRASH,,"OVER $1,500",10/03/2022 07:20:00 PM,FAILING TO YIELD RIGHT-OF-WAY,UNABLE TO DETERMINE,,2,NO INDICATION OF INJURY,0.0,0.0,0.0,0.0,0.0,5.0,0.0,19,2,10,41.692846496,-87.613497408,POINT (-87.613497407535 41.692846496051),POINT (1180849.290727289 1831486.5299721325),2022,398 E 111TH ST
O1375608,DRIVER,361fa0bdb421df87ca89d0115267a7b64459021270846f5f5b21017e51527186e6c321cc4bbf038ffe9b870de56c91b6b6281b5b86ac9a69f894734d20b4bc70,1307062.0,X,,DEPLOYMENT UNKNOWN,NONE,NO INDICATION OF INJURY,UNKNOWN,UNKNOWN,UNKNOWN,,,,Y,2022-07-10 03:00:00,20,CLEAR,DARKNESS,PARKED MOTOR VEHICLE,NOT DIVIDED,DRY,NO DEFECTS,NOT ON SCENE (DESK REPORT),NO INJURY / DRIVE AWAY,Y,"OVER $1,500",07/10/2022 10:40:00 AM,UNABLE TO DETERMINE,IMPROPER BACKING,,2,NO INDICATION OF INJURY,0.0,0.0,0.0,0.0,0.0,1.0,0.0,3,1,7,41.684029959,-87.708582045,POINT (-87.708582044552 41.684029959076),POINT (1154903.2471978504 1828071.2143778994),2022,3517 W 115TH ST
O1281316,DRIVER,34d1022902d1b2f02a86688f9d6dfb43cd2a1ee90cb152a35403b287484542325192e3a3ca769dad8c4656e9e5f099b6b44f3b2dcfed2cf09e3b6ee344a14028,1216574.0,F,27.0,DEPLOYMENT UNKNOWN,NONE,NO INDICATION OF INJURY,IMPROPER LANE CHANGE,NOT OBSCURED,NORMAL,,,,,2022-02-14 05:30:00,35,UNKNOWN,UNKNOWN,SIDESWIPE SAME DIRECTION,FOUR WAY,DRY,NO DEFECTS,,NO INJURY / DRIVE AWAY,N,"OVER $1,500",02/14/2022 08:50:00 AM,IMPROPER OVERTAKING/PASSING,NOT APPLICABLE,,2,NO INDICATION OF INJURY,0.0,0.0,0.0,0.0,0.0,2.0,0.0,5,2,2,41.931442285,-87.756568895,POINT (-87.756568894901 41.931442285363),POINT (1141190.3785374414 1918135.296709407),2022,2800 N LARAMIE AVE
O1284650,DRIVER,f9c20b6b613a6b575302a9436b8a1b0a059332100c101e7e647282af2808a4989cd2295d02945ca26e6910faa600131c2fc2a2dd67c0aa2d23f0025a3c7037ce,1219803.0,M,62.0,DID NOT DEPLOY,NONE,NO INDICATION OF INJURY,NONE,NOT OBSCURED,NORMAL,,,,,2022-02-12 13:30:00,30,UNKNOWN,DAYLIGHT,REAR END,NOT DIVIDED,UNKNOWN,NO DEFECTS,NOT ON SCENE (DESK REPORT),NO INJURY / DRIVE AWAY,,"OVER $1,500",02/19/2022 11:26:00 AM,UNABLE TO DETERMINE,NOT APPLICABLE,,2,NO INDICATION OF INJURY,0.0,0.0,0.0,0.0,0.0,2.0,0.0,13,7,2,41.677345724,-87.684442813,POINT (-87.684442813382 41.677345723529),POINT (1161515.3484915022 1825684.3104895721),2022,2532 W 119TH ST
O1346904,DRIVER,e1968ac3150f9a383b19365ce870d89dbd7cff700fd831dc0b4eb3213b4aa5e9c146799ba6890249d2237922e59bdf6b60d50b469ea00f3f4d5462497502bb57,1279713.0,X,,DEPLOYMENT UNKNOWN,NONE,NO INDICATION OF INJURY,UNKNOWN,UNKNOWN,UNKNOWN,,,,,2022-05-28 23:00:00,45,CLEAR,"DARKNESS, LIGHTED ROAD",REAR END,OTHER,DRY,NO DEFECTS,ON SCENE,NO INJURY / DRIVE AWAY,Y,"$501 - $1,500",05/28/2022 11:10:00 PM,UNABLE TO DETERMINE,NOT APPLICABLE,,3,NO INDICATION OF INJURY,0.0,0.0,0.0,0.0,0.0,3.0,0.0,23,7,5,41.923797792,-87.630777267,POINT (-87.630777266631 41.923797791573),POINT (1175441.880927982 1915604.9954167455),2022,2300 N LAKE SHORE DR SB
O1408114,DRIVER,bb61c90eaf12f6d3c6f192a3527dff037482628cd05be438821684408b0b660d5dd843ca15589a7dee7414e3fd570ab993fcad8b48d714577320ae5058f93739,1338120.0,F,33.0,DID NOT DEPLOY,NONE,NO INDICATION OF INJURY,NONE,NOT OBSCURED,NORMAL,,,,,2022-08-26 08:38:00,30,CLEAR,DAYLIGHT,SIDESWIPE SAME DIRECTION,DIVIDED - W/MEDIAN (NOT RAISED),DRY,NO DEFECTS,NOT ON SCENE (DESK REPORT),NO INJURY / DRIVE AWAY,,$500 OR LESS,08/28/2022 10:00:00 PM,UNABLE TO DETERMINE,UNABLE TO DETERMINE,,2,NO INDICATION OF INJURY,0.0,0.0,0.0,0.0,0.0,4.0,0.0,8,6,8,41.914897865,-87.687488502,POINT (-87.687488501573 41.914897865122),POINT (1160032.9746010478 1912240.5083748002),2022,1832 N WESTERN AVE
O1444129,DRIVER,021205d8494fd45aa24dae4c664a6a09b4d69bdd542393b381a16179c76dcd6ca805aec1ede96261ff01cb1462610976f03f8bb9d27c9bfe2c95a2dd0a50af42,1372526.0,M,20.0,"DEPLOYED, FRONT",NONE,NONINCAPACITATING INJURY,NONE,NOT OBSCURED,NORMAL,,,,,2022-10-19 20:33:00,30,CLEAR,"DARKNESS, LIGHTED ROAD",ANGLE,NOT DIVIDED,DRY,NO DEFECTS,ON SCENE,INJURY AND / OR TOW DUE TO CRASH,,"OVER $1,500",10/19/2022 08:34:00 PM,DISREGARDING TRAFFIC SIGNALS,FAILING TO REDUCE SPEED TO AVOID CRASH,,3,NONINCAPACITATING INJURY,1.0,0.0,0.0,1.0,0.0,2.0,0.0,20,4,10,41.940521746,-87.836354902,POINT (-87.836354902042 41.94052174636),POINT (1119460.9785662661 1921307.9201993886),2022,3400 N CUMBERLAND AVE
O1368823,DRIVER,13ff5807b7000c1eca8a6c6463b41e800e696704f933b8e7268eda8d150981c23fb83fe6158c57c5a6cf0539beebbe7ec8789a07d2b2b153eaef972736454a13,1300628.0,M,76.0,DID NOT DEPLOY,NONE,NO INDICATION OF INJURY,FAILED TO YIELD,NOT OBSCURED,NORMAL,,,,,2022-06-29 13:25:00,30,CLEAR,DAYLIGHT,TURNING,NOT DIVIDED,DRY,NO DEFECTS,ON SCENE,NO INJURY / DRIVE AWAY,,"OVER $1,500",06/29/2022 01:26:00 PM,FAILING TO YIELD RIGHT-OF-WAY,UNABLE TO DETERMINE,,2,NO INDICATION OF INJURY,0.0,0.0,0.0,0.0,0.0,3.0,0.0,13,4,6,41.925262085,-87.668090553,POINT (-87.66809055308 41.925262084631),POINT (1165283.3440367344 1916057.5997076791),2022,1558 W FULLERTON AVE
P315403,PASSENGER,111772358f06ee988ed8c3bc284e6d7b5ed5c9ff0e7252bdd85314da7a5fcfb57e2bfd7c0d3e1fa31a16490cd1b66f3cbaa3d1a1efa1ed18ea5d31abbeec2877,1349291.0,F,61.0,DID NOT DEPLOY,NONE,NO INDICATION OF INJURY,,,,,,,Y,2022-09-14 22:30:00,15,CLEAR,"DARKNESS, LIGHTED ROAD",REAR END,PARKING LOT,DRY,NO DEFECTS,NOT ON SCENE (DESK REPORT),NO INJURY / DRIVE AWAY,Y,"OVER $1,500",09/14/2022 11:40:00 PM,UNABLE TO DETERMINE,NOT APPLICABLE,,2,NO INDICATION OF INJURY,0.0,0.0,0.0,0.0,0.0,3.0,0.0,22,4,9,41.931688919,-87.743016947,POINT (-87.743016946831 41.931688919351),POINT (1144877.324065701 1918250.2683463502),2022,4626 W DIVERSEY AVE
P310746,PASSENGER,4e6414a22247ea07c2df33f10e1090af8355a4fc4f5f8bab7abe92a26104db28095ca0c8b79a9645d0f7490bdb9caf175349d8844f223104696dd124bb7c58b2,1328407.0,M,29.0,NOT APPLICABLE,NONE,NO INDICATION OF INJURY,,,,,,,,2022-08-12 09:00:00,30,CLEAR,DAYLIGHT,PARKED MOTOR VEHICLE,NOT DIVIDED,DRY,NO DEFECTS,NOT ON SCENE (DESK REPORT),NO INJURY / DRIVE AWAY,,"$501 - $1,500",08/13/2022 10:00:00 AM,NOT APPLICABLE,NOT APPLICABLE,,2,NO INDICATION OF INJURY,0.0,0.0,0.0,0.0,0.0,2.0,0.0,9,6,8,41.959408611,-87.777135086,POINT (-87.77713508591 41.959408611196),POINT (1135528.0710936442 1928289.3130973459),2022,4328 N AUSTIN AVE
O1260830,DRIVER,b0486d254b34ca4a6b5c740da4e4b1cd6dd304b2c676b9d2f5be4c9524359cb2034266d5db2158001eb57559ec7e41f845a7ad24253323538a758c0a15ea9c95,1196836.0,F,38.0,DID NOT DEPLOY,NONE,NO INDICATION OF INJURY,UNKNOWN,UNKNOWN,NORMAL,,,,,2022-01-10 18:40:00,30,CLEAR,"DARKNESS, LIGHTED ROAD",TURNING,FOUR WAY,ICE,NO DEFECTS,NOT ON SCENE (DESK REPORT),NO INJURY / DRIVE AWAY,,"OVER $1,500",01/10/2022 06:45:00 PM,UNABLE TO DETERMINE,NOT APPLICABLE,,2,NO INDICATION OF INJURY,0.0,0.0,0.0,0.0,0.0,2.0,0.0,18,2,1,41.936498825,-87.80684322,POINT (-87.806843220426 41.936498824665),POINT (1127499.133400138 1919889.8917876226),2022,3102 N HARLEM AVE
O1316659,DRIVER,4dac2e6dba53c07467c7a8bb85e69d752e1c56c7af9afa199cc7421236cf3bd208222e5310b23329359b0ad3f1671599b0ac7027f724a8b65f7d62bbddb0bada,1250533.0,F,28.0,DID NOT DEPLOY,NONE,NONINCAPACITATING INJURY,NONE,UNKNOWN,NORMAL,,,,,2022-04-13 12:03:00,20,RAIN,DAYLIGHT,REAR END,NOT DIVIDED,WET,UNKNOWN,ON SCENE,INJURY AND / OR TOW DUE TO CRASH,,$500 OR LESS,04/13/2022 12:03:00 PM,FOLLOWING TOO CLOSELY,NOT APPLICABLE,,2,NONINCAPACITATING INJURY,2.0,0.0,0.0,2.0,0.0,3.0,0.0,12,4,4,41.997352103,-87.705246392,POINT (-87.705246391883 41.997352103112),POINT (1154979.4777651282 1942251.216368694),2022,3017 W DEVON AVE
O1256532,DRIVER,77bb737bcdd23fe799aa14575140aa193452c49f2ab5c9843321a0b441e9fca8878f487d2f113b8e1c52ef4e6019cebcf6a4a9b450ba96b0202a61e412a0f9c8,1192712.0,F,36.0,DID NOT DEPLOY,NONE,NO INDICATION OF INJURY,IMPROPER TURN,NOT OBSCURED,NORMAL,,,,,2022-01-02 19:25:00,30,SNOW,"DARKNESS, LIGHTED ROAD",TURNING,NOT DIVIDED,WET,UNKNOWN,ON SCENE,NO INJURY / DRIVE AWAY,,"OVER $1,500",01/02/2022 08:04:00 PM,IMPROPER TURNING/NO SIGNAL,IMPROPER TURNING/NO SIGNAL,,2,NO INDICATION OF INJURY,0.0,0.0,0.0,0.0,0.0,2.0,0.0,19,1,1,41.887826761,-87.636389692,POINT (-87.636389692253 41.887826760699),POINT (1174021.0199355292 1902484.6597742427),2022,320 N ORLEANS ST