PERSON_ID,PERSON_TYPE,CRASH_RECORD_ID,VEHICLE_ID,SEX,AGE,AIRBAG_DEPLOYED,EJECTION,INJURY_CLASSIFICATION,DRIVER_ACTION,DRIVER_VISION,PHYSICAL_CONDITION,PEDPEDAL_ACTION,PEDPEDAL_VISIBILITY,PEDPEDAL_LOCATION,CRASH_DATE_EST_I,CRASH_DATE,POSTED_SPEED_LIMIT,WEATHER_CONDITION,LIGHTING_CONDITION,FIRST_CRASH_TYPE,TRAFFICWAY_TYPE,ROADWAY_SURFACE_COND,ROAD_DEFECT,REPORT_TYPE,CRASH_TYPE,HIT_AND_RUN_I,DAMAGE,DATE_POLICE_NOTIFIED,PRIM_CONTRIBUTORY_CAUSE,SEC_CONTRIBUTORY_CAUSE,DOORING_I,NUM_UNITS,MOST_SEVERE_INJURY,INJURIES_TOTAL,INJURIES_FATAL,INJURIES_INCAPACITATING,INJURIES_NON_INCAPACITATING,INJURIES_REPORTED_NOT_EVIDENT,INJURIES_NO_INDICATION,INJURIES_UNKNOWN,CRASH_HOUR,CRASH_DAY_OF_WEEK,CRASH_MONTH,LATITUDE,LONGITUDE,LOCATION,geometry,YEAR,ADDRESS
P292764,PASSENGER,56e130e85efa218417d0283e0885194d7ac17185ac0156e15faf8a81a7196709d5536d0050edde2cfab7920a7979232dede196bc7cd310a331fa4908c4006779,1249448.0,F,1.0,DID NOT DEPLOY,NONE,NO INDICATION OF INJURY,,,,,,,,2022-04-11 09:29:00,30,CLEAR,DAYLIGHT,ANGLE,T-INTERSECTION,DRY,NO DEFECTS,ON SCENE,INJURY AND / OR TOW DUE TO CRASH,,"OVER $1,500",04/11/2022 09:34:00 AM,DISREGARDING TRAFFIC SIGNALS,NOT APPLICABLE,,3,NONINCAPACITATING INJURY,2.0,0.0,0.0,2.0,0.0,5.0,0.0,9,2,4,41.882454512,-87.669371712,POINT (-87.669371711668 41.882454511677),POINT (1165055.4358116542 1900455.8013503144),2022,1700 W WARREN BLVD
O1487290,DRIVER,c5748bce43ed423672d8c30b2df6ca144bbc4bbfd908359e5980be9498ef318fa21b5e6c59e64e395c718d8ad21ad541bc481d607681e87ac5c57c0c51787c66,1413819.0,M,29.0,DEPLOYMENT UNKNOWN,UNKNOWN,NO INDICATION OF INJURY,UNKNOWN,UNKNOWN,UNKNOWN,,,,,2022-12-24 09:50:00,20,CLEAR,DAYLIGHT,ANGLE,ONE-WAY,ICE,UNKNOWN,NOT ON SCENE (DESK REPORT),NO INJURY / DRIVE AWAY,,"OVER $1,500",12/24/2022 12:55:00 PM,UNABLE TO DETERMINE,NOT APPLICABLE,,2,NO INDICATION OF INJURY,0.0,0.0,0.0,0.0,0.0,2.0,0.0,9,7,12,41.988707449,-87.692193846,POINT (-87.692193845796 41.988707448959),POINT (1158551.0812935964 1939127.3494838877),2022,5900 N CAMPBELL AVE
O1310039,DRIVER,ea15d74c6cffc6530e46e860587ab9b4328fd93dbaf3284337b4fe846895499be604826797b2cbcd8e197758d64fcd0cca052ecccd94d6d790135c220f9a020e,1244162.0,F,47.0,DID NOT DEPLOY,NONE,NO INDICATION OF INJURY,UNKNOWN,NOT OBSCURED,NORMAL,,,,,2022-04-01 17:00:00,30,CLEAR,DAYLIGHT,REAR END,DIVIDED - W/MEDIAN (NOT RAISED),DRY,NO DEFECTS,NOT ON SCENE (DESK REPORT),NO INJURY / DRIVE AWAY,,"OVER $1,500",04/02/2022 01:20:00 PM,UNABLE TO DETERMINE,UNABLE TO DETERMINE,,2,NO INDICATION OF INJURY,0.0,0.0,0.0,0.0,0.0,3.0,0.0,17,6,4,41.953831908,-87.704491272,POINT (-87.704491272298 41.95383190814),POINT (1155301.155752098 1926393.7626142967),2022,3033 W IRVING PARK RD
P285540,PASSENGER,36b71182d2460815a2f5d5be3716f2b7acfe382d19926361803485adc14e23cddd3434ef0539cee1ce701a769d55dff0a942d0bec6c818148f58b52b8eda3f46,1216366.0,M,,DID NOT DEPLOY,NONE,NO INDICATION OF INJURY,,,,,,,,2022-02-12 12:05:00,30,CLEAR,DAYLIGHT,ANGLE,NOT DIVIDED,DRY,NO DEFECTS,NOT ON SCENE (DESK REPORT),NO INJURY / DRIVE AWAY,,"OVER $1,500",02/12/2022 12:40:00 PM,UNABLE TO DETERMINE,NOT APPLICABLE,,2,NO INDICATION OF INJURY,0.0,0.0,0.0,0.0,0.0,4.0,0.0,12,7,2,41.923806569,-87.775567818,POINT (-87.77556781808 41.923806568882),POINT (1136038.7618148054 1915318.629227401),2022,2373 N AUSTIN AVE
O1466992,DRIVER,c0bcc19bc0cb1c4757b2738d727544b8177f99b48648907452212fcbd4e33697a0e42ddbc269e4c4e2c2e07391c8ab67b391e93c1a83e0b903599b4d9d72d3c9,1394362.0,X,,DEPLOYMENT UNKNOWN,NONE,NO INDICATION OF INJURY,IMPROPER LANE CHANGE,UNKNOWN,UNKNOWN,,,,,2022-11-22 07:05:00,30,CLEAR,DAYLIGHT,SIDESWIPE SAME DIRECTION,NOT DIVIDED,DRY,NO DEFECTS,NOT ON SCENE (DESK REPORT),NO INJURY / DRIVE AWAY,Y,"OVER $1,500",11/22/2022 08:00:00 AM,IMPROPER LANE USAGE,NOT APPLICABLE,,2,NO INDICATION OF INJURY,0.0,0.0,0.0,0.0,0.0,2.0,0.0,7,3,11,41.923865866,-87.766413015,POINT (-87.766413015297 41.923865866237),POINT (1138529.9904293378 1915356.5752696814),2022,5609 W FULLERTON AVE
O1269513,DRIVER,48fc37da42db734fa9f4ff07f1829d2eb707912a26a983e2db80d333eb7cd12a6f3082c37680850bdaac03dc1a4c0c0581b350b53457f26ceb386888200448bc,1205158.0,M,17.0,DID NOT DEPLOY,NONE,NO INDICATION OF INJURY,FOLLOWED TOO CLOSELY,UNKNOWN,NORMAL,,,,,2022-01-25 06:26:00,30,CLEAR,DAYLIGHT,REAR END,ONE-WAY,DRY,NO DEFECTS,NOT ON SCENE (DESK REPORT),NO INJURY / DRIVE AWAY,N,"OVER $1,500",01/25/2022 08:00:00 PM,FOLLOWING TOO CLOSELY,FOLLOWING TOO CLOSELY,,2,NO INDICATION OF INJURY,0.0,0.0,0.0,0.0,0.0,2.0,0.0,6,3,1,41.809082437,-87.631030874,POINT (-87.63103087365 41.809082436649),POINT (1175714.848133845 1873802.3429866293),2022,4700 S WENTWORTH AVE
O1409748,DRIVER,98070ed0e453755794b94ffcd4b893c6e08a7fed26712b39e69fa6686150e1cfb583716fff6cc76110f50893547bf85e2a18e184905a68e799c0a68016f3ea44,1339642.0,M,47.0,DID NOT DEPLOY,NONE,NO INDICATION OF INJURY,FAILED TO YIELD,NOT OBSCURED,NORMAL,,,,,2022-08-31 10:45:00,30,CLEAR,DAYLIGHT,PEDESTRIAN,NOT DIVIDED,OTHER,WORN SURFACE,ON SCENE,NO INJURY / DRIVE AWAY,,$500 OR LESS,08/31/2022 11:15:00 AM,UNABLE TO DETERMINE,UNABLE TO DETERMINE,,2,NO INDICATION OF INJURY,0.0,0.0,0.0,0.0,0.0,2.0,0.0,10,4,8,41.695904065,-87.642635714,POINT (-87.642635714198 41.695904064634),POINT (1172882.1491662727 1832535.5099025823),2022,10900 S HALSTED ST
O1447972,DRIVER,3b576ea24cffe3c65e102ba9c7118f684ef408665418073a85ece6081b19feeedb1a7e91446396a84b75f1c2ff387cc24438a94b2d0399e612ab11768a8b3289,1376192.0,M,,DEPLOYMENT UNKNOWN,NONE,NO INDICATION OF INJURY,OTHER,UNKNOWN,UNKNOWN,,,,,2022-10-25 10:53:00,30,RAIN,DAYLIGHT,PARKED MOTOR VEHICLE,ALLEY,WET,NO DEFECTS,ON SCENE,NO INJURY / DRIVE AWAY,Y,$500 OR LESS,10/25/2022 10:53:00 AM,IMPROPER BACKING,IMPROPER BACKING,,2,NO INDICATION OF INJURY,0.0,0.0,0.0,0.0,0.0,1.0,0.0,10,3,10,41.873517359,-87.633460034,POINT (-87.6334600338 41.873517358681),POINT (1174861.2647866474 1897276.8173831198),2022,651 S WELLS ST
O1377010,DRIVER,c9bbcd345937d0b802aae78b60d4131c7ade6c7147bd417cf77da3aeeffb35a82b2f8c38cb366c70cdbb2dd0a788b9f5fbf516d7f59944e26a98c5d28eec0b35,1308414.0,F,52.0,NOT APPLICABLE,NONE,NO INDICATION OF INJURY,NONE,NOT OBSCURED,NORMAL,,,,,2022-07-12 12:10:00,20,CLEAR,DAYLIGHT,REAR END,NOT DIVIDED,DRY,NO DEFECTS,NOT ON SCENE (DESK REPORT),NO INJURY / DRIVE AWAY,,"$501 - $1,500",07/12/2022 01:18:00 PM,FAILING TO REDUCE SPEED TO AVOID CRASH,FAILING TO REDUCE SPEED TO AVOID CRASH,,2,NO INDICATION OF INJURY,0.0,0.0,0.0,0.0,0.0,2.0,0.0,12,3,7,41.778567203,-87.739909475,POINT (-87.739909475119 41.778567202964),POINT (1146108.5002597598 1862459.0456773832),2022,4700 W 63RD ST
O1456923,DRIVER,492e44c21b64e0c6e6085fab3bc9f31e89f3d46890ddf297bf785ba7daec9fd3ec7352b6327b847530d42fe7344e0677aebad057d16bf3cc74b2fb53c2a4daf7,1384617.0,M,49.0,"DEPLOYED, FRONT",NONE,NONINCAPACITATING INJURY,FOLLOWED TOO CLOSELY,UNKNOWN,UNKNOWN,,,,,2022-11-06 21:58:00,30,CLEAR,"DARKNESS, LIGHTED ROAD",REAR END,NOT DIVIDED,DRY,UNKNOWN,ON SCENE,INJURY AND / OR TOW DUE TO CRASH,,"OVER $1,500",11/06/2022 10:05:00 PM,FOLLOWING TOO CLOSELY,NOT APPLICABLE,,2,NONINCAPACITATING INJURY,2.0,0.0,0.0,2.0,0.0,1.0,0.0,21,1,11,41.915069763,-87.765838943,POINT (-87.76583894267 41.915069763076),POINT (1138707.4280693328 1912152.3029702257),2022,1900 N CENTRAL AVE
O1363609,DRIVER,d7d4d71c9bf5b326f990a17fe95b4555b1f416f7cfe8063ee89de1f87945c53c5cccf048f7a8f1fb57527b76f2986cd8c685213887f88c0b66119d7d9668b4c2,1295678.0,X,,DEPLOYMENT UNKNOWN,NONE,NO INDICATION OF INJURY,UNKNOWN,UNKNOWN,UNKNOWN,,,,,2022-06-21 17:15:00,30,CLEAR,DAYLIGHT,SIDESWIPE SAME DIRECTION,ONE-WAY,DRY,NO DEFECTS,NOT ON SCENE (DESK REPORT),NO INJURY / DRIVE AWAY,Y,"OVER $1,500",06/21/2022 06:50:00 PM,UNABLE TO DETERMINE,NOT APPLICABLE,,3,NO INDICATION OF INJURY,0.0,0.0,0.0,0.0,0.0,2.0,0.0,17,3,6,41.883008695,-87.678475342,POINT (-87.678475341904 41.88300869475),POINT (1162574.8451992136 1900638.696782978),2022,2045 W WASHINGTON BLVD
P320483,PASSENGER,0a833a2916a35b0092aca04534f547038ad1b58a8d50a06e874288fb537ec7c3779f38f84d85019c2034a001561aba1168e4bf46a80ba0ccbcb9ba26a45e8a77,1373052.0,M,0.0,DID NOT DEPLOY,NONE,NO INDICATION OF INJURY,,,,,,,,2022-10-20 16:40:00,20,CLEAR,DAYLIGHT,REAR TO FRONT,DIVIDED - W/MEDIAN (NOT RAISED),DRY,NO DEFECTS,ON SCENE,NO INJURY / DRIVE AWAY,,"OVER $1,500",10/20/2022 06:30:00 PM,FAILING TO YIELD RIGHT-OF-WAY,FAILING TO REDUCE SPEED TO AVOID CRASH,,2,NO INDICATION OF INJURY,0.0,0.0,0.0,0.0,0.0,4.0,0.0,16,5,10,41.937860302,-87.786069398,POINT (-87.786069398154 41.93786030231),POINT (1133148.1934347658 1920421.4129560606),2022,3144 N NARRAGANSETT AVE
O1317326,DRIVER,7615df81d09fc16f6d16e2ade932667c5a4b3d500886af43eba8e79567c3eff194b1b39be5ba490022ac2504975255ced5d13c9d10fcc668cc745dab00121858,1251194.0,M,51.0,DID NOT DEPLOY,NONE,NO INDICATION OF INJURY,UNKNOWN,NOT OBSCURED,NORMAL,,,,,2022-04-14 12:04:00,30,CLEAR,DAYLIGHT,PARKED MOTOR VEHICLE,ONE-WAY,DRY,NO DEFECTS,NOT ON SCENE (DESK REPORT),NO INJURY / DRIVE AWAY,,"$501 - $1,500",04/14/2022 03:24:00 PM,UNABLE TO DETERMINE,NOT APPLICABLE,,2,NO INDICATION OF INJURY,0.0,0.0,0.0,0.0,0.0,1.0,0.0,12,5,4,41.865382424,-87.645201673,POINT (-87.645201672762 41.865382424288),POINT (1171687.1627330754 1894286.6039524418),2022,1300 S UNION AVE
O1266770,DRIVER,89b58a9c591bb8c82cdeaecbec4c21210782704956cf39732c2126a1570bb60fd13cd2c605b2077cfb8dd781631facb423af10b402f36fe6354cb9dbd8c74367,1202550.0,M,52.0,"DEPLOYED, FRONT",NONE,NONINCAPACITATING INJURY,FAILED TO YIELD,NOT OBSCURED,NORMAL,,,,Y,2022-01-21 12:05:00,30,CLEAR,DAYLIGHT,ANGLE,FOUR WAY,DRY,NO DEFECTS,ON SCENE,INJURY AND / OR TOW DUE TO CRASH,,"OVER $1,500",01/21/2022 12:07:00 PM,FAILING TO YIELD RIGHT-OF-WAY,FAILING TO YIELD RIGHT-OF-WAY,,2,NONINCAPACITATING INJURY,2.0,0.0,0.0,2.0,0.0,0.0,0.0,12,6,1,41.976201139,-87.905309125,POINT (-87.905309125103 41.976201139024),POINT (1100635.8917230505 1934208.3565550821),2022,10000 W OHARE ST
O1390939,DRIVER,3951e6e679762d956335346072776e4152567d5bc30de736f2ac581cfe8c58bc4ded2b612a6cdc60066f8e2f4acc01129cb155a0b0fe2194c3d5d86d146ae179,1321652.0,F,40.0,NOT APPLICABLE,NONE,NO INDICATION OF INJURY,FOLLOWED TOO CLOSELY,NOT OBSCURED,NORMAL,,,,,2022-07-30 15:00:00,30,CLEAR,DAYLIGHT,REAR END,NOT DIVIDED,DRY,NO DEFECTS,NOT ON SCENE (DESK REPORT),INJURY AND / OR TOW DUE TO CRASH,,"OVER $1,500",08/02/2022 10:20:00 AM,FOLLOWING TOO CLOSELY,NOT APPLICABLE,,2,"REPORTED, NOT EVIDENT",1.0,0.0,0.0,0.0,1.0,1.0,0.0,15,7,7,41.841141403,-87.695277214,POINT (-87.695277213647 41.841141402662),POINT (1158112.8783193927 1885347.8925445657),2022,2800 S CALIFORNIA AVE
O1290086,DRIVER,a4b77a1e8f0c202b859ae8e2162d589c18d53e7ea86628a7577b8e1584990ce02873cc7072fb2e6e9c1dec22e262dfefd0d92398ec7684b129b03e4451c1bfaa,1225051.0,F,26.0,"DEPLOYED, SIDE",NONE,NO INDICATION OF INJURY,FAILED TO YIELD,NOT OBSCURED,NORMAL,,,,,2022-02-28 16:00:00,30,CLEAR,DAYLIGHT,SIDESWIPE SAME DIRECTION,NOT DIVIDED,DRY,NO DEFECTS,ON SCENE,NO INJURY / DRIVE AWAY,,"OVER $1,500",02/28/2022 04:09:00 PM,FAILING TO YIELD RIGHT-OF-WAY,FAILING TO YIELD RIGHT-OF-WAY,,2,NO INDICATION OF INJURY,0.0,0.0,0.0,0.0,0.0,2.0,0.0,16,2,2,41.891257334,-87.650724534,POINT (-87.650724533916 41.89125733444),POINT (1170107.8156859174 1903703.38352058),2022,930 W GRAND AVE
O1297931,DRIVER,3434bc484a8b8efeb4b2fbf1be3313c3c9938ef363e7882054a040ebd2bb028d62236d6deb31785cf24edb763e142d21c1407d45ce9f14417289fd56e94c9ffe,1232571.0,X,,DEPLOYMENT UNKNOWN,NONE,NO INDICATION OF INJURY,IMPROPER TURN,UNKNOWN,UNKNOWN,,,,,2022-03-14 02:00:00,15,CLEAR,DARKNESS,PARKED MOTOR VEHICLE,ONE-WAY,DRY,NO DEFECTS,NOT ON SCENE (DESK REPORT),NO INJURY / DRIVE AWAY,Y,"OVER $1,500",03/14/2022 11:05:00 AM,IMPROPER BACKING,IMPROPER BACKING,,2,NO INDICATION OF INJURY,0.0,0.0,0.0,0.0,0.0,1.0,0.0,2,2,3,41.87848004,-87.646685026,POINT (-87.646685025638 41.878480039881),POINT (1171244.936954242 1899056.1210877215),2022,765 W QUINCY ST
P316946,PASSENGER,a5e28084891be0c49c66d573525262296ba5acabba39ecadc173301a4ef580d700bf8adefc542f24b3d0ce7089e6c0d9bd2fe8ad29419dd972a880f59e97a3bd,1356374.0,F,,DID NOT DEPLOY,NONE,NO INDICATION OF INJURY,,,,,,,,2022-09-24 11:00:00,30,CLEAR,DAYLIGHT,REAR END,DIVIDED - W/MEDIAN (NOT RAISED),DRY,UNKNOWN,NOT ON SCENE (DESK REPORT),NO INJURY / DRIVE AWAY,,"OVER $1,500",09/25/2022 11:30:00 AM,FOLLOWING TOO CLOSELY,NOT APPLICABLE,,2,NO INDICATION OF INJURY,0.0,0.0,0.0,0.0,0.0,3.0,0.0,11,7,9,41.881924365,-87.706296505,POINT (-87.706296504546 41.88192436546),POINT (1155001.6974107123 1900186.9858065753),2022,34 N KEDZIE AVE
O1258811,DRIVER,97cbb03bbae68f98c2aca9d1b8fe42954ffda9d2e99a6c0379b261508c675ebd6b35df8811c4d39cbd863ec0c6da985d4080cc5749059e5ef51aec9bbef7a1f3,1194896.0,M,19.0,"DEPLOYED, SIDE",NONE,NO INDICATION OF INJURY,OTHER,UNKNOWN,UNKNOWN,,,,,2022-01-07 08:54:00,30,CLEAR,DAYLIGHT,TURNING,DIVIDED - W/MEDIAN (NOT RAISED),DRY,UNKNOWN,ON SCENE,NO INJURY / DRIVE AWAY,,"OVER $1,500",01/07/2022 08:59:00 AM,DRIVING SKILLS/KNOWLEDGE/EXPERIENCE,UNABLE TO DETERMINE,,2,NO INDICATION OF INJURY,0.0,0.0,0.0,0.0,0.0,4.0,0.0,8,6,1,41.879746934,-87.668319689,POINT (-87.668319688532 41.879746934032),POINT (1165349.562178245 1899471.381050476),2022,1650 W OGDEN AVE
O1311599,DRIVER,18a9ecb9d823bb176315cd1f2563af27b86b3f4e258a2b6d00a995d75ddb13161e54cdcfc30a3fa2714312b74f03fed66d4d215e5bade8c0c728af63bb554bba,1245653.0,F,51.0,DID NOT DEPLOY,NONE,NO INDICATION OF INJURY,OTHER,NOT OBSCURED,NORMAL,,,,,2022-04-04 17:47:00,30,CLEAR,DAWN,PARKED MOTOR VEHICLE,DIVIDED - W/MEDIAN (NOT RAISED),DRY,NO DEFECTS,ON SCENE,NO INJURY / DRIVE AWAY,,"OVER $1,500",04/04/2022 05:47:00 PM,UNABLE TO DETERMINE,UNABLE TO DETERMINE,,2,NO INDICATION OF INJURY,0.0,0.0,0.0,0.0,0.0,3.0,0.0,17,2,4,41.74600079,-87.605236914,POINT (-87.60523691412 41.746000789528),POINT (1182941.5780015013 1850874.35210127),2022,8154 S COTTAGE GROVE AVE
O1319873,DRIVER,5df2c8ae698345e8966d0b09c3bdc2aa4bdbca1a250937636318be2d690fa5649c8f4218325a74ec2e972fab347909c11401796e12f0e4c4e3dea34f770c76da,1253637.0,F,28.0,DID NOT DEPLOY,NONE,NO INDICATION OF INJURY,NONE,NOT OBSCURED,NORMAL,,,,,2022-04-19 11:50:00,30,CLEAR,DAYLIGHT,SIDESWIPE SAME DIRECTION,NOT DIVIDED,DRY,NO DEFECTS,NOT ON SCENE (DESK REPORT),NO INJURY / DRIVE AWAY,,"$501 - $1,500",04/19/2022 01:20:00 PM,FAILING TO YIELD RIGHT-OF-WAY,FAILING TO YIELD RIGHT-OF-WAY,,2,NO INDICATION OF INJURY,0.0,0.0,0.0,0.0,0.0,3.0,0.0,11,3,4,41.953193476,-87.688295682,POINT (-87.688295681974 41.953193476238),POINT (1159708.2847350116 1926193.8574097971),2022,3933 N WESTERN AVE
O1428588,DRIVER,98b41c46f83466d4c8a90f41964485d72bb0c83854a7aed2973e4209fc7b5bbd1c83b73b34964ec710284f7aef09b7b79854ff945b8d2595e24767a1688bbaa6,1357651.0,M,50.0,DID NOT DEPLOY,NONE,NO INDICATION OF INJURY,UNKNOWN,UNKNOWN,NORMAL,,,,,2022-09-27 12:25:00,30,CLEAR,DAYLIGHT,SIDESWIPE SAME DIRECTION,DIVIDED - W/MEDIAN (NOT RAISED),DRY,NO DEFECTS,ON SCENE,NO INJURY / DRIVE AWAY,,"OVER $1,500",09/27/2022 12:30:00 PM,DRIVING SKILLS/KNOWLEDGE/EXPERIENCE,DRIVING SKILLS/KNOWLEDGE/EXPERIENCE,,2,NO INDICATION OF INJURY,0.0,0.0,0.0,0.0,0.0,2.0,0.0,12,3,9,41.952875631,-87.806011237,POINT (-87.806011237357 41.952875631003),POINT (1127688.789694887 1925859.0235965375),2022,7158 W IRVING PARK RD
O1313964,DRIVER,06ff324fc79a24d9153beb2eed5c2508cb9676124d6fe4636512886c14394e42573e84f7e1f96341f618335fa7d858b9aeefb9e90524d0114eb634bc72b7ea90,1247969.0,F,37.0,NOT APPLICABLE,NONE,NO INDICATION OF INJURY,NONE,NOT OBSCURED,NORMAL,,,,,2022-04-07 16:30:00,30,CLEAR,DAYLIGHT,ANGLE,NOT DIVIDED,DRY,NO DEFECTS,NOT ON SCENE (DESK REPORT),NO INJURY / DRIVE AWAY,,"OVER $1,500",04/08/2022 05:50:00 PM,FAILING TO YIELD RIGHT-OF-WAY,NOT APPLICABLE,,2,NO INDICATION OF INJURY,0.0,0.0,0.0,0.0,0.0,2.0,0.0,16,5,4,41.947159114,-87.66517202,POINT (-87.665172020097 41.947159113581),POINT (1166015.3822893694 1924043.106023916),2022,1430 W ADDISON ST
O1324931,DRIVER,24fbbd6f1d51474226c83ac4bd3ede59e45e222f94f57d5ceba6f3b57f4bb4b5ef53a51f05a61cf246397062f39583c5abdef781a0e9768dffbe619e221a37b0,1258536.0,M,38.0,DID NOT DEPLOY,NONE,NO INDICATION OF INJURY,IMPROPER PASSING,NOT OBSCURED,NORMAL,,,,Y,2022-04-27 14:05:00,30,CLEAR,DAYLIGHT,ANGLE,NOT DIVIDED,DRY,NO DEFECTS,NOT ON SCENE (DESK REPORT),NO INJURY / DRIVE AWAY,,"OVER $1,500",04/27/2022 02:30:00 PM,IMPROPER OVERTAKING/PASSING,NOT APPLICABLE,,2,NO INDICATION OF INJURY,0.0,0.0,0.0,0.0,0.0,2.0,0.0,14,4,4,41.758973539,-87.577299189,POINT (-87.577299189217 41.758973539258),POINT (1190524.065864183 1855667.2639642155),2022,1932 E 75TH ST
O1459746,DRIVER,9c08c1ad89c4f5d8eea56454ca346caefb4eeda2d1ee18ac1a1066c21ff7186281b4b26b8326c427b4c5836dfb2c82fba97ce1657f5f353dc168faa589c905f7,1387346.0,M,45.0,DID NOT DEPLOY,NONE,NO INDICATION OF INJURY,NONE,NOT OBSCURED,NORMAL,,,,,2022-11-11 12:18:00,30,CLEAR,DAYLIGHT,TURNING,PARKING LOT,DRY,NO DEFECTS,ON SCENE,NO INJURY / DRIVE AWAY,,"OVER $1,500",11/11/2022 12:34:00 PM,UNABLE TO DETERMINE,UNABLE TO DETERMINE,,2,NO INDICATION OF INJURY,0.0,0.0,0.0,0.0,0.0,3.0,0.0,12,6,11,41.780060451,-87.703019115,POINT (-87.703019114526 41.780060450765),POINT (1156166.5359486218 1863074.7677817112),2022,6225 S KEDZIE AVE
O1462158,DRIVER,df8d3d4331caa17663f4d34c9e369df0c74a221c1d601444abe2e7857c545acfd8b51296550df7caefb5ee4b4490eaa8453a95d4e2d8be8a41278463a5f23e4e,1389675.0,F,39.0,"DEPLOYED, FRONT",NONE,NO INDICATION OF INJURY,UNKNOWN,UNKNOWN,NORMAL,,,,,2022-11-15 10:09:00,30,SNOW,DAYLIGHT,FIXED OBJECT,NOT DIVIDED,SNOW OR SLUSH,NO DEFECTS,ON SCENE,INJURY AND / OR TOW DUE TO CRASH,,"OVER $1,500",11/15/2022 10:12:00 AM,WEATHER,NOT APPLICABLE,,1,NO INDICATION OF INJURY,0.0,0.0,0.0,0.0,0.0,1.0,0.0,10,3,11,41.693809281,-87.596490176,POINT (-87.596490175762 41.693809280914),POINT (1185491.2801351403 1831876.6333811595),2022,11032 S DOTY AVE E
O1345150,DRIVER,930087038ac281222f3dd8f224c52384ef3b51416c65b2bcb37140227e768ead9c07e93aa28c11b9d5eaa4db3e454205ea0e5d83ad82027b3f61febe7ff4bba2,1278077.0,F,36.0,NOT APPLICABLE,NONE,NO INDICATION OF INJURY,NONE,NOT OBSCURED,NORMAL,,,,,2022-05-26 12:45:00,30,UNKNOWN,UNKNOWN,SIDESWIPE SAME DIRECTION,T-INTERSECTION,UNKNOWN,UNKNOWN,NOT ON SCENE (DESK REPORT),NO INJURY / DRIVE AWAY,,"OVER $1,500",05/26/2022 01:10:00 PM,UNABLE TO DETERMINE,NOT APPLICABLE,,2,NO INDICATION OF INJURY,0.0,0.0,0.0,0.0,0.0,2.0,0.0,12,5,5,41.757059392,-87.585635024,POINT (-87.585635023779 41.757059392156),POINT (1188255.7893962169 1854949.886168741),2022,1600 E 76TH ST
O1397929,DRIVER,e8f2fe63a0dc311ba9997e7fc2a5bab8c572f5d23d93c1e5fff02f8446597eef7f526a6b22c99d7fdb1337a9f6bd1d221f7be502f819ad0ffb8996dbbff93690,1328358.0,F,25.0,"DEPLOYED, FRONT",NONE,NO INDICATION OF INJURY,WRONG WAY/SIDE,UNKNOWN,UNKNOWN,,,,,2022-08-13 07:38:00,25,CLEAR,DAYLIGHT,HEAD ON,NOT DIVIDED,DRY,UNKNOWN,ON SCENE,INJURY AND / OR TOW DUE TO CRASH,,"OVER $1,500",08/13/2022 07:38:00 AM,DRIVING ON WRONG SIDE/WRONG WAY,DRIVING ON WRONG SIDE/WRONG WAY,,2,NO INDICATION OF INJURY,0.0,0.0,0.0,0.0,0.0,2.0,0.0,7,7,8,41.828718064,-87.724320605,POINT (-87.724320604623 41.828718064452),POINT (1150230.953415042 1880763.428270365),2022,3600 S PULASKI RD
O1349715,DRIVER,e5439cd3b78091add0d1b489201c1be155d8651e168bb70cf1ad080fa8496ba53ca0ff97a824d70b57037340f270255e073d0c3b16befb3f0eb34c23e74c0477,1282379.0,X,,DEPLOYMENT UNKNOWN,NONE,NO INDICATION OF INJURY,UNKNOWN,UNKNOWN,UNKNOWN,,,,,2022-06-02 02:08:00,35,CLEAR,DAYLIGHT,PARKED MOTOR VEHICLE,NOT DIVIDED,DRY,NO DEFECTS,ON SCENE,NO INJURY / DRIVE AWAY,Y,"OVER $1,500",06/02/2022 09:51:00 AM,NOT APPLICABLE,NOT APPLICABLE,,2,NO INDICATION OF INJURY,0.0,0.0,0.0,0.0,0.0,1.0,0.0,2,5,6,42.012130904,-87.694838531,POINT (-87.694838531406 42.012130904404),POINT (1157768.4393363346 1947657.631798779),2022,7199 N ROCKWELL ST
O1401776,DRIVER,e2d328c110a43cd64ea4b056ad2f521547578bc286e4b0193053c85daa9a9da9960625700443094ea41720b448e59708db972a58d2de6c8dc08e1a9eb61cab63,1332037.0,M,27.0,NOT APPLICABLE,NONE,NO INDICATION OF INJURY,NONE,NOT OBSCURED,NORMAL,,,,,2022-08-19 11:04:00,30,CLEAR,DAYLIGHT,TURNING,PARKING LOT,DRY,NO DEFECTS,ON SCENE,INJURY AND / OR TOW DUE TO CRASH,,"OVER $1,500",08/19/2022 11:08:00 AM,FAILING TO YIELD RIGHT-OF-WAY,NOT APPLICABLE,,3,NONINCAPACITATING INJURY,2.0,0.0,0.0,2.0,0.0,5.0,0.0,11,6,8,41.981027632,-87.807080762,POINT (-87.807080762271 41.981027631859),POINT (1127334.853676583 1936115.9193956882),2022,7201 W HIGGINS AVE