PERSON_ID,PERSON_TYPE,CRASH_RECORD_ID,VEHICLE_ID,SEX,AGE,AIRBAG_DEPLOYED,EJECTION,INJURY_CLASSIFICATION,DRIVER_ACTION,DRIVER_VISION,PHYSICAL_CONDITION,PEDPEDAL_ACTION,PEDPEDAL_VISIBILITY,PEDPEDAL_LOCATION,CRASH_DATE_EST_I,CRASH_DATE,POSTED_SPEED_LIMIT,WEATHER_CONDITION,LIGHTING_CONDITION,FIRST_CRASH_TYPE,TRAFFICWAY_TYPE,ROADWAY_SURFACE_COND,ROAD_DEFECT,REPORT_TYPE,CRASH_TYPE,HIT_AND_RUN_I,DAMAGE,DATE_POLICE_NOTIFIED,PRIM_CONTRIBUTORY_CAUSE,SEC_CONTRIBUTORY_CAUSE,DOORING_I,NUM_UNITS,MOST_SEVERE_INJURY,INJURIES_TOTAL,INJURIES_FATAL,INJURIES_INCAPACITATING,INJURIES_NON_INCAPACITATING,INJURIES_REPORTED_NOT_EVIDENT,INJURIES_NO_INDICATION,INJURIES_UNKNOWN,CRASH_HOUR,CRASH_DAY_OF_WEEK,CRASH_MONTH,LATITUDE,LONGITUDE,LOCATION,geometry,YEAR,ADDRESS
O1262019,DRIVER,41613c2871b0410b15d3d5a6f934f88a52102dfe5c895a1efb002c7e688884d9351d737dac7e35e784e8f6d9e31b48640463f935dd63e4c774c9abcc33cb58a8,1197979.0,X,,DEPLOYMENT UNKNOWN,NONE,NO INDICATION OF INJURY,UNKNOWN,UNKNOWN,UNKNOWN,,,,N,2022-01-12 15:00:00,15,CLEAR,DAYLIGHT,PARKED MOTOR VEHICLE,PARKING LOT,WET,NO DEFECTS,ON SCENE,NO INJURY / DRIVE AWAY,Y,"OVER $1,500",01/13/2022 07:45:00 AM,FAILING TO REDUCE SPEED TO AVOID CRASH,UNABLE TO DETERMINE,,2,NO INDICATION OF INJURY,0.0,0.0,0.0,0.0,0.0,1.0,0.0,15,4,1,41.90752949,-87.663807509,POINT (-87.663807508644 41.907529490382),POINT (1166499.3455472328 1909604.892413144),2022,1415 N CLEAVER ST
O1457654,DRIVER,e512590185d66240a8c520d7ce69369786eff447131099edb1ccffe3208c9e68e7ea3316a27e0e78658110ce4b83949f6eb223f6c24bc95a42a95d45ac9a9540,1385326.0,F,,DEPLOYMENT UNKNOWN,NONE,NO INDICATION OF INJURY,FAILED TO YIELD,UNKNOWN,UNKNOWN,,,,Y,2022-11-08 00:15:00,30,CLEAR,"DARKNESS, LIGHTED ROAD",SIDESWIPE SAME DIRECTION,FOUR WAY,DRY,NO DEFECTS,NOT ON SCENE (DESK REPORT),NO INJURY / DRIVE AWAY,,"$501 - $1,500",11/08/2022 01:10:00 AM,UNABLE TO DETERMINE,UNABLE TO DETERMINE,,2,NO INDICATION OF INJURY,0.0,0.0,0.0,0.0,0.0,3.0,0.0,0,3,11,41.953272751,-87.767150151,POINT (-87.767150151314 41.953272751035),POINT (1138258.6141297785 1926071.1728846333),2022,4000 N CENTRAL AVE
O1411327,DRIVER,13c3c8e3f10ea33867c641d50f1acc1cdeceff9d32bfa48d089e9e3bc35deb17c3a4bbd8c72a8cc442d8b434f554695b4913b82691927f74855e20fbaf541d97,1341161.0,M,,DEPLOYMENT UNKNOWN,NONE,NO INDICATION OF INJURY,DISREGARDED CONTROL DEVICES,UNKNOWN,UNKNOWN,,,,,2022-09-02 10:40:00,30,CLEAR,DAYLIGHT,PEDESTRIAN,FOUR WAY,DRY,NO DEFECTS,ON SCENE,INJURY AND / OR TOW DUE TO CRASH,Y,"$501 - $1,500",09/02/2022 10:42:00 AM,DISREGARDING TRAFFIC SIGNALS,UNABLE TO DETERMINE,,2,INCAPACITATING INJURY,1.0,0.0,1.0,0.0,0.0,1.0,0.0,10,6,9,41.851824501,-87.693049883,POINT (-87.693049882548 41.851824501239),POINT (1158690.7791782697 1889245.2938873274),2022,2701 W CERMAK RD
O1272447,DRIVER,57bef0a781915b6e87a8278a05e0795d84b49376f00c017612a88c4cf7bffa9da5e95aa8f61ca26224fca9a5283341cff286d566b1d829a50a20a0e3cd5f7ee6,1208004.0,F,32.0,NOT APPLICABLE,NONE,NO INDICATION OF INJURY,OTHER,UNKNOWN,NORMAL,,,,,2022-01-30 14:49:00,30,CLEAR,DAYLIGHT,SIDESWIPE SAME DIRECTION,NOT DIVIDED,DRY,UNKNOWN,NOT ON SCENE (DESK REPORT),NO INJURY / DRIVE AWAY,Y,"OVER $1,500",01/30/2022 03:40:00 PM,UNABLE TO DETERMINE,NOT APPLICABLE,,2,NO INDICATION OF INJURY,0.0,0.0,0.0,0.0,0.0,2.0,0.0,14,1,1,41.784723509,-87.664494682,POINT (-87.664494681715 41.784723509457),POINT (1166660.8090877605 1864853.3266575697),2022,6004 S ASHLAND AVE
O1445545,DRIVER,8894ea0601bd7f5f890b1bbb891c83cbb8e73b24e16101017b4b8a58a85415d02bddc4aa0be1955799ad72c5e0ea0b52275720c7eecf32eb2b29af99be3fedcb,1373860.0,M,36.0,"DEPLOYED, COMBINATION",NONE,NO INDICATION OF INJURY,UNKNOWN,UNKNOWN,UNKNOWN,,,,,2022-10-21 22:15:00,30,CLEAR,"DARKNESS, LIGHTED ROAD",PARKED MOTOR VEHICLE,NOT DIVIDED,DRY,NO DEFECTS,ON SCENE,INJURY AND / OR TOW DUE TO CRASH,,"OVER $1,500",10/21/2022 10:19:00 PM,UNABLE TO DETERMINE,NOT APPLICABLE,,3,NO INDICATION OF INJURY,0.0,0.0,0.0,0.0,0.0,3.0,0.0,22,6,10,41.77822892,-87.683468605,POINT (-87.683468604901 41.77822892043),POINT (1161503.955132876 1862447.0645487546),2022,6331 S WESTERN AVE
O1316244,DRIVER,dfc86012e251b19a9e175a5fbba3c38fac548684e5c85cb7f6bfd6d0beaecee98b726028860b679eb09f06dd5f577fcc15ce2f65c2d6316c2c621a5ae7151cc2,1250256.0,F,50.0,DEPLOYMENT UNKNOWN,NONE,NONINCAPACITATING INJURY,UNKNOWN,UNKNOWN,NORMAL,,,,,2022-04-08 23:28:00,35,CLEAR,"DARKNESS, LIGHTED ROAD",SIDESWIPE SAME DIRECTION,DIVIDED - W/MEDIAN BARRIER,DRY,NO DEFECTS,ON SCENE,INJURY AND / OR TOW DUE TO CRASH,Y,"OVER $1,500",04/08/2022 11:28:00 PM,UNABLE TO DETERMINE,NOT APPLICABLE,,3,NONINCAPACITATING INJURY,1.0,0.0,0.0,1.0,0.0,3.0,0.0,23,6,4,41.902481646,-87.624221044,POINT (-87.624221043591 41.902481646226),POINT (1177290.3069658545 1907852.0497500892),2022,1100 N LAKE SHORE DR SB
O1412617,DRIVER,b22540e642be27f885695c1ed226d9eea5ed24ad1b4e0c3685f546e8c91de62f07968318657b15c2d8b69ec785b0c91da04e0ee2b0d045280db9bb95d4fa0c70,1342380.0,M,23.0,DEPLOYMENT UNKNOWN,NONE,NO INDICATION OF INJURY,OTHER,UNKNOWN,UNKNOWN,,,,,2022-08-25 22:30:00,30,UNKNOWN,"DARKNESS, LIGHTED ROAD",REAR END,DIVIDED - W/MEDIAN BARRIER,UNKNOWN,UNKNOWN,NOT ON SCENE (DESK REPORT),NO INJURY / DRIVE AWAY,,"OVER $1,500",09/03/2022 10:00:00 PM,UNABLE TO DETERMINE,NOT APPLICABLE,,2,NO INDICATION OF INJURY,0.0,0.0,0.0,0.0,0.0,2.0,0.0,22,5,8,41.902383331,-87.624146879,POINT (-87.624146879483 41.902383331147),POINT (1177310.7928094727 1907816.3905684305),2022,1066 N LAKE SHORE DR SB
O1354332,DRIVER,7c2e3e7bef3b70f6229154cc1d1ed75beac5b03eb8d430169b61ccb5a1fe0446fb890e38ffbbd4aac2c74a5713e54cb927040f15a41df488d5ae04cfcebf826d,1286837.0,F,29.0,NOT APPLICABLE,NONE,NO INDICATION OF INJURY,NONE,NOT OBSCURED,NORMAL,,,,,2022-06-09 06:52:00,25,CLEAR,DAYLIGHT,PEDALCYCLIST,T-INTERSECTION,DRY,"RUT, HOLES",ON SCENE,INJURY AND / OR TOW DUE TO CRASH,,"OVER $1,500",06/09/2022 07:02:00 AM,FAILING TO YIELD RIGHT-OF-WAY,FAILING TO YIELD RIGHT-OF-WAY,,2,NONINCAPACITATING INJURY,1.0,0.0,0.0,1.0,0.0,1.0,0.0,6,5,6,41.882595454,-87.69236828,POINT (-87.692368280316 41.882595454098),POINT (1158792.756304122 1900459.5498297676),2022,50 N TALMAN AVE
O1416589,DRIVER,bf2711472978d2c424266906b713a495592913cd3cf3ba25dd95c4182b5dccdcee01a3ff82a68cb01409d5bf79482bfb5b4d196e26367444543406589f552575,1346184.0,X,,DEPLOYMENT UNKNOWN,NONE,NO INDICATION OF INJURY,UNKNOWN,UNKNOWN,UNKNOWN,,,,Y,2022-09-09 23:00:00,30,CLEAR,"DARKNESS, LIGHTED ROAD",PARKED MOTOR VEHICLE,UNKNOWN,DRY,NO DEFECTS,NOT ON SCENE (DESK REPORT),NO INJURY / DRIVE AWAY,Y,"$501 - $1,500",09/10/2022 01:00:00 AM,IMPROPER LANE USAGE,"OPERATING VEHICLE IN ERRATIC, RECKLESS, CARELESS, NEGLIGENT OR AGGRESSIVE MANNER",,2,NO INDICATION OF INJURY,0.0,0.0,0.0,0.0,0.0,1.0,0.0,23,6,9,41.859973071,-87.65010704,POINT (-87.650107039922 41.85997307083),POINT (1170366.6910932015 1892304.7744379903),2022,932 W 16TH ST
P286704,PASSENGER,c01f405cb9cc38aba61673787218c57406eb8311c6fd69b2d3b1cdf315896347bcad13220b18c47411e7b3489849e7e528f3fb01127c379fb5ad80fe7881146a,1222074.0,F,34.0,NOT APPLICABLE,NONE,NO INDICATION OF INJURY,,,,,,,,2022-02-23 16:00:00,15,CLEAR,DAYLIGHT,PARKED MOTOR VEHICLE,PARKING LOT,DRY,NO DEFECTS,NOT ON SCENE (DESK REPORT),NO INJURY / DRIVE AWAY,Y,"OVER $1,500",02/23/2022 04:24:00 PM,IMPROPER BACKING,IMPROPER BACKING,,2,NO INDICATION OF INJURY,0.0,0.0,0.0,0.0,0.0,2.0,0.0,16,4,2,41.777757539,-87.771193968,POINT (-87.7711939682 41.777757538723),POINT (1137577.438255391 1862106.6787977528),2022,5953 W 63RD ST
O1384317,DRIVER,0334768c8c47284e5349608a4471935605af21facf8a989e844d80b4d6281c19d42f499387ff558a4a068d6e30546c743572fce1a22fea9dcf6a89b04f13acdf,1315314.0,M,36.0,DID NOT DEPLOY,NONE,NO INDICATION OF INJURY,NONE,UNKNOWN,UNKNOWN,,,,,2022-07-22 18:15:00,25,CLEAR,DAYLIGHT,PEDALCYCLIST,FOUR WAY,DRY,NO DEFECTS,NOT ON SCENE (DESK REPORT),INJURY AND / OR TOW DUE TO CRASH,,$500 OR LESS,07/23/2022 08:15:00 AM,FAILING TO YIELD RIGHT-OF-WAY,NOT APPLICABLE,,2,"REPORTED, NOT EVIDENT",1.0,0.0,0.0,0.0,1.0,1.0,0.0,18,6,7,41.920823673,-87.68521119,POINT (-87.6852111896 41.920823672824),POINT (1160636.4862438645 1914404.555254284),2022,2132 N OAKLEY AVE
P284959,PASSENGER,d8a2bd8668419ff5227536d9a92f452b36fe24505094a7f903825bca7daf705aa68cb40634988c55ca54cd2ed796b51dd83ae2475ba6d25a4c12b5132dcf9292,1213622.0,M,30.0,NOT APPLICABLE,NONE,NO INDICATION OF INJURY,,,,,,,,2022-02-08 21:10:00,15,CLEAR,DAYLIGHT,PARKED MOTOR VEHICLE,NOT DIVIDED,DRY,NO DEFECTS,ON SCENE,INJURY AND / OR TOW DUE TO CRASH,,"OVER $1,500",02/08/2022 09:10:00 PM,UNABLE TO DETERMINE,NOT APPLICABLE,,2,NO INDICATION OF INJURY,0.0,0.0,0.0,0.0,0.0,3.0,0.0,21,3,2,41.884390617,-87.741195521,POINT (-87.741195521081 41.884390617335),POINT (1145491.9231783808 1901018.1800498196),2022,4621 W MAYPOLE AVE
O1364808,DRIVER,0058df7ec1f1c83948c1f7fab3b3d4b42845c764799817a418d14be9773089c7288d61275965c451f24f00f4c04fac1e708dec74efb5afe4f77bd14fff9b69b4,1296798.0,F,40.0,"DEPLOYED, SIDE",NONE,"REPORTED, NOT EVIDENT",FAILED TO YIELD,UNKNOWN,UNKNOWN,,,,,2022-06-23 14:21:00,30,CLEAR,DAYLIGHT,TURNING,NOT DIVIDED,DRY,NO DEFECTS,ON SCENE,INJURY AND / OR TOW DUE TO CRASH,,"OVER $1,500",06/23/2022 02:23:00 PM,FAILING TO YIELD RIGHT-OF-WAY,UNABLE TO DETERMINE,,2,NONINCAPACITATING INJURY,4.0,0.0,0.0,2.0,2.0,0.0,0.0,14,5,6,41.742766071,-87.692498082,POINT (-87.69249808222 41.742766070612),POINT (1159137.3721013756 1849506.2318224907),2022,2800 W 83RD ST
O1344298,DRIVER,3eb65678ae1272018e88c9d61c7c1b46a9a9cf543a83d1794f22307180683826a155ce8477c11543af598d3c05779511fe3b46810d550a8f535b5813f7d5424d,1277178.0,F,32.0,NOT APPLICABLE,NONE,NO INDICATION OF INJURY,NONE,UNKNOWN,NORMAL,,,,,2022-05-24 12:30:00,30,CLEAR,DAYLIGHT,REAR END,NOT DIVIDED,DRY,UNKNOWN,ON SCENE,NO INJURY / DRIVE AWAY,,$500 OR LESS,05/24/2022 12:30:00 PM,FOLLOWING TOO CLOSELY,UNABLE TO DETERMINE,,2,NO INDICATION OF INJURY,0.0,0.0,0.0,0.0,0.0,2.0,0.0,12,3,5,41.866462806,-87.710249224,POINT (-87.710249223922 41.866462805743),POINT (1153966.2066072284 1894544.9815595802),2022,3352 W ROOSEVELT RD
O1438998,DRIVER,5edb97e4af1d3cf7c136f380f7675b5655b00c1d1fb90dfe6db085282b5479fc56f1a2cd06cbc5bee7daf884e857f5db101f91b24f5b21dd1b2e0cb6024ae8e7,1367601.0,F,39.0,DID NOT DEPLOY,NONE,NO INDICATION OF INJURY,NONE,NOT OBSCURED,NORMAL,,,,Y,2022-10-12 13:15:00,30,CLEAR,DAYLIGHT,ANGLE,PARKING LOT,DRY,NO DEFECTS,NOT ON SCENE (DESK REPORT),NO INJURY / DRIVE AWAY,Y,"OVER $1,500",10/12/2022 01:45:00 PM,IMPROPER BACKING,NOT APPLICABLE,,2,NO INDICATION OF INJURY,0.0,0.0,0.0,0.0,0.0,2.0,0.0,13,4,10,41.785387445,-87.606183761,POINT (-87.606183761008 41.785387444959),POINT (1182561.8582223484 1865224.3598228719),2022,6014 S COTTAGE GROVE AVE
O1290309,DRIVER,6619c50a31be9a8b86caee24c9c1c0b98b829c6711851c16bc45b3f7c0f36c369d38f03671ddf8f0604faffaead586d6a9f614d2c592596fcfd633e5eeeab160,1225249.0,X,,DEPLOYMENT UNKNOWN,NONE,NO INDICATION OF INJURY,UNKNOWN,UNKNOWN,UNKNOWN,,,,,2022-02-28 10:00:00,30,CLEAR,DAYLIGHT,PARKED MOTOR VEHICLE,NOT DIVIDED,DRY,NO DEFECTS,NOT ON SCENE (DESK REPORT),NO INJURY / DRIVE AWAY,Y,"OVER $1,500",02/28/2022 10:00:00 PM,UNABLE TO DETERMINE,NOT APPLICABLE,,2,NO INDICATION OF INJURY,0.0,0.0,0.0,0.0,0.0,1.0,0.0,10,2,2,41.718889919,-87.644216827,POINT (-87.644216826762 41.718889918785),POINT (1172383.3116602693 1840907.8267403557),2022,9613 S GREEN ST
P320087,PASSENGER,c91881b371c75497aac92642f1c1e522ae20b30868358037d17f17a7593efd05502ee8c6b546b250ead9d5fa61da2a66775aa072cbea4cd7a4d4538cb0c013a0,1370901.0,F,,DID NOT DEPLOY,NONE,NO INDICATION OF INJURY,,,,,,,,2022-10-17 11:30:00,30,CLOUDY/OVERCAST,DAYLIGHT,ANGLE,PARKING LOT,DRY,NO DEFECTS,ON SCENE,NO INJURY / DRIVE AWAY,,"OVER $1,500",10/17/2022 11:33:00 AM,IMPROPER BACKING,NOT APPLICABLE,,2,NO INDICATION OF INJURY,0.0,0.0,0.0,0.0,0.0,5.0,0.0,11,2,10,41.922872549,-87.746118169,POINT (-87.74611816938 41.922872548981),POINT (1144055.4682082497 1915031.7769113404),2022,2315 N CICERO AVE
O1379168,DRIVER,121959746dc828ccf6c8c3cc3bd51d0a93dd64ec6ba3285f98a40b17e732d7ba0769ebee6b8167320b696206d62a28c0d4a1f0aad7699d85f16a00858237d7fc,1310471.0,M,,DEPLOYMENT UNKNOWN,NONE,NO INDICATION OF INJURY,UNKNOWN,UNKNOWN,UNKNOWN,,,,,2022-07-15 06:45:00,30,CLEAR,DAYLIGHT,ANGLE,NOT DIVIDED,DRY,NO DEFECTS,NOT ON SCENE (DESK REPORT),NO INJURY / DRIVE AWAY,Y,"OVER $1,500",07/15/2022 04:35:00 PM,UNABLE TO DETERMINE,NOT APPLICABLE,,2,NO INDICATION OF INJURY,0.0,0.0,0.0,0.0,0.0,2.0,0.0,6,6,7,41.846097621,-87.731177582,POINT (-87.731177582085 41.846097621456),POINT (1148317.7410769856 1887083.2910955327),2022,4300 W 25TH ST
O1346148,DRIVER,8b9d3737ee46eb83b2bf51ead822973347e853beab884eb6aa4168c62cc630e5d06bcd3e26b64f09fb7dffca87dcaa902bd13b811ff92f7db2698d09c4deb883,1278990.0,M,,"DEPLOYED, FRONT",NONE,NO INDICATION OF INJURY,OTHER,UNKNOWN,IMPAIRED - ALCOHOL,,,,,2022-05-27 18:24:00,30,CLEAR,DAYLIGHT,FIXED OBJECT,ONE-WAY,DRY,NO DEFECTS,ON SCENE,INJURY AND / OR TOW DUE TO CRASH,Y,"OVER $1,500",05/27/2022 07:04:00 PM,IMPROPER LANE USAGE,NOT APPLICABLE,,1,NO INDICATION OF INJURY,0.0,0.0,0.0,0.0,0.0,1.0,0.0,18,6,5,41.775453904,-87.70158199,POINT (-87.701581989897 41.775453904367),POINT (1156570.8412741255 1861399.0546470413),2022,3120 W 65TH ST
O1328785,DRIVER,ae6e3cc5bf1a992597895068aa2dcf29f5c8e882069ebfee9cda4e7bebb62760d1141ee1978da8ba64352265a950489f8b440647a11d85c9cd1b7f5bd4241025,1262254.0,M,21.0,DEPLOYMENT UNKNOWN,NONE,NO INDICATION OF INJURY,TOO FAST FOR CONDITIONS,NOT OBSCURED,NORMAL,,,,,2022-05-03 09:16:00,30,RAIN,DAYLIGHT,FIXED OBJECT,DIVIDED - W/MEDIAN (NOT RAISED),WET,NO DEFECTS,ON SCENE,INJURY AND / OR TOW DUE TO CRASH,,"OVER $1,500",05/03/2022 09:26:00 AM,WEATHER,WEATHER,,1,NO INDICATION OF INJURY,0.0,0.0,0.0,0.0,0.0,1.0,0.0,9,3,5,41.659046322,-87.602598317,POINT (-87.602598316868 41.659046321584),POINT (1183930.4846810196 1819195.2612221967),2022,821 E 130TH ST
P280744,PASSENGER,c87b38eecce30ace8d89d3408f5b78757bb2ad91bee4c9ff6c07757f0524cecfa07a106b89bf5332907a16a000d0a7d03ba823aced86b0566b6ec8f2369b2f8e,1191953.0,M,33.0,DID NOT DEPLOY,NONE,NO INDICATION OF INJURY,,,,,,,,2022-01-01 03:23:00,30,RAIN,"DARKNESS, LIGHTED ROAD",SIDESWIPE OPPOSITE DIRECTION,NOT DIVIDED,WET,NO DEFECTS,ON SCENE,NO INJURY / DRIVE AWAY,Y,$500 OR LESS,01/01/2022 03:23:00 AM,"OPERATING VEHICLE IN ERRATIC, RECKLESS, CARELESS, NEGLIGENT OR AGGRESSIVE MANNER",NOT APPLICABLE,,2,NO INDICATION OF INJURY,0.0,0.0,0.0,0.0,0.0,3.0,0.0,3,7,1,41.872772222,-87.76473185,POINT (-87.764731850479 41.872772222189),POINT (1139110.894189798 1896741.1152928171),2022,600 S CENTRAL AVE
O1411059,DRIVER,ed95651d61bc4a7f5806f4537068bd7a9f75aa0cd7d7152fc0dd0bcfbad23ab20bdd700083fb0c8ea738e3b859d3e5cd80f51433a5dd71636ebcbb14fa0a54a0,1340918.0,X,,DEPLOYMENT UNKNOWN,NONE,NO INDICATION OF INJURY,IMPROPER BACKING,UNKNOWN,UNKNOWN,,,,,2022-09-01 19:39:00,0,CLEAR,UNKNOWN,PARKED MOTOR VEHICLE,PARKING LOT,DRY,UNKNOWN,NOT ON SCENE (DESK REPORT),NO INJURY / DRIVE AWAY,Y,"OVER $1,500",09/01/2022 11:02:00 PM,UNABLE TO DETERMINE,NOT APPLICABLE,,2,NO INDICATION OF INJURY,0.0,0.0,0.0,0.0,0.0,1.0,0.0,19,5,9,41.907549395,-87.673268709,POINT (-87.673268709295 41.907549394776),POINT (1163923.8759159087 1909592.185469189),2022,1414 N MILWAUKEE AVE
O1299879,DRIVER,43ae0c6b14669b18712a66c96d0292674dbb60508d62ce8e912ee80a4114e8eb49c5473bcf852db0a958e6e5fbc7ff6c378482523ece8f05402c7cd229abcffc,1234426.0,F,39.0,NOT APPLICABLE,NONE,NO INDICATION OF INJURY,UNKNOWN,NOT OBSCURED,NORMAL,,,,,2022-03-17 08:00:00,30,CLEAR,DAYLIGHT,SIDESWIPE SAME DIRECTION,CENTER TURN LANE,DRY,NO DEFECTS,NOT ON SCENE (DESK REPORT),NO INJURY / DRIVE AWAY,,"OVER $1,500",03/17/2022 12:00:00 PM,UNABLE TO DETERMINE,NOT APPLICABLE,,2,NO INDICATION OF INJURY,0.0,0.0,0.0,0.0,0.0,2.0,0.0,8,5,3,41.720175453,-87.584799418,POINT (-87.584799417864 41.720175452587),POINT (1188600.682974145 1841511.7015275245),2022,9601 S STONY ISLAND AVE
O1294082,DRIVER,b3d8d190334083fc9d1364a18c4047174f43f1618cec7ac8069929f7ee1b81639931e718155be6acaa75172f99533050b5a50ca45727e8020ae49bfaf2a3fb93,1228865.0,F,35.0,DID NOT DEPLOY,NONE,NO INDICATION OF INJURY,NONE,NOT OBSCURED,NORMAL,,,,,2022-03-07 17:00:00,30,CLEAR,DUSK,SIDESWIPE SAME DIRECTION,ONE-WAY,DRY,NO DEFECTS,NOT ON SCENE (DESK REPORT),NO INJURY / DRIVE AWAY,Y,"$501 - $1,500",03/07/2022 05:40:00 PM,UNABLE TO DETERMINE,UNABLE TO DETERMINE,,2,NO INDICATION OF INJURY,0.0,0.0,0.0,0.0,0.0,2.0,0.0,17,2,3,41.899322279,-87.618738433,POINT (-87.618738433114 41.899322278833),POINT (1178792.426102199 1906713.159461259),2022,900 N LAKE SHORE DR NB
O1330996,DRIVER,36900b38fe22c97f04ea0237b4e566d4a4de1cf3a117c8f1f319d70870aeac081e06e56a5b2b5bf0eb53b2cea438ccffcc95658c5fdbd776b9b939c2f69d0a42,1264386.0,M,38.0,DID NOT DEPLOY,NONE,NO INDICATION OF INJURY,NONE,NOT OBSCURED,NORMAL,,,,,2022-05-05 15:20:00,30,CLOUDY/OVERCAST,DAYLIGHT,SIDESWIPE OPPOSITE DIRECTION,NOT DIVIDED,WET,NO DEFECTS,NOT ON SCENE (DESK REPORT),NO INJURY / DRIVE AWAY,,"$501 - $1,500",05/06/2022 07:50:00 AM,IMPROPER OVERTAKING/PASSING,IMPROPER OVERTAKING/PASSING,,2,NO INDICATION OF INJURY,0.0,0.0,0.0,0.0,0.0,2.0,0.0,15,5,5,41.911700944,-87.735251515,POINT (-87.735251514729 41.911700944025),POINT (1147041.134598191 1910981.2741721848),2022,4338 W WABANSIA AVE
O1292144,DRIVER,c468f82895e8197b46a2f29a7cdfe52a2099c1d0cdca7f614e855a076019e1fb67420c21297d6ec2423484a3b5c09e38eabfd01212e3d9688c4493f7c20fe076,1227028.0,M,28.0,DID NOT DEPLOY,NONE,NO INDICATION OF INJURY,UNKNOWN,NOT OBSCURED,NORMAL,,,,,2022-03-03 21:05:00,30,CLEAR,"DARKNESS, LIGHTED ROAD",PARKED MOTOR VEHICLE,NOT DIVIDED,DRY,NO DEFECTS,NOT ON SCENE (DESK REPORT),NO INJURY / DRIVE AWAY,,"OVER $1,500",03/04/2022 10:41:00 AM,UNABLE TO DETERMINE,UNABLE TO DETERMINE,,2,NO INDICATION OF INJURY,0.0,0.0,0.0,0.0,0.0,1.0,0.0,21,5,3,41.702797859,-87.669639742,POINT (-87.66963974181 41.702797858946),POINT (1165487.849338638 1834989.538720519),2022,1901 W 105TH ST
O1301095,DRIVER,dd453d95b3e572bf6b8c26018867b96d8e22662380f2a0225249aa7f7a718b1b009e85266a0bd1247b71840e7434095a5e209cd15a8275bf0818ec441cbdf4b3,1235582.0,F,29.0,DID NOT DEPLOY,NONE,NO INDICATION OF INJURY,NONE,UNKNOWN,NORMAL,,,,Y,2022-03-18 19:10:00,35,RAIN,"DARKNESS, LIGHTED ROAD",REAR END,TRAFFIC ROUTE,WET,UNKNOWN,NOT ON SCENE (DESK REPORT),NO INJURY / DRIVE AWAY,,"OVER $1,500",03/18/2022 11:30:00 PM,FOLLOWING TOO CLOSELY,FOLLOWING TOO CLOSELY,,2,NO INDICATION OF INJURY,0.0,0.0,0.0,0.0,0.0,2.0,0.0,19,6,3,41.924935944,-87.687790255,POINT (-87.687790254713 41.924935944091),POINT (1159923.30934293 1915897.7785611083),2022,2400 N WESTERN AVE
O1312116,DRIVER,8be552ff6e4e5b9cd659bb74597073d69d89823de3ed54fc00e331c470a8e60fc33c15465d750c4f4c38b0c9216281eaf22a9306779276467b6ca9d8c2be65f3,1246185.0,M,,DEPLOYMENT UNKNOWN,NONE,NO INDICATION OF INJURY,OTHER,UNKNOWN,UNKNOWN,,,,,2022-04-05 16:15:00,30,CLEAR,DAYLIGHT,REAR END,DIVIDED - W/MEDIAN (NOT RAISED),DRY,OTHER,ON SCENE,NO INJURY / DRIVE AWAY,Y,"$501 - $1,500",04/05/2022 04:18:00 PM,UNABLE TO DETERMINE,FOLLOWING TOO CLOSELY,,2,NO INDICATION OF INJURY,0.0,0.0,0.0,0.0,0.0,2.0,0.0,16,3,4,41.960790023,-87.747689359,POINT (-87.747689358768 41.960790022702),POINT (1143533.4821493549 1928846.0629872112),2022,4400 N CICERO AVE
P281845,PASSENGER,d733b52b8b00ff4c5b0027fd327d2cecd9ced3723d57be94705b0f462e9b08cb3284d21736122bb983c99566f86243b0b815bfbf28210e44696fe24aef54be5c,1198301.0,M,10.0,NOT APPLICABLE,NONE,NO INDICATION OF INJURY,,,,,,,,2022-01-13 16:15:00,30,CLEAR,DAYLIGHT,ANGLE,FOUR WAY,DRY,NO DEFECTS,ON SCENE,INJURY AND / OR TOW DUE TO CRASH,,"OVER $1,500",01/13/2022 04:19:00 PM,"VISION OBSCURED (SIGNS, TREE LIMBS, BUILDINGS, ETC.)",FAILING TO YIELD RIGHT-OF-WAY,,2,NO INDICATION OF INJURY,0.0,0.0,0.0,0.0,0.0,3.0,0.0,16,5,1,41.807373002,-87.622930555,POINT (-87.622930554709 41.807373001937),POINT (1177928.3551372085 1873197.5844114632),2022,4800 S MICHIGAN AVE
O1437112,DRIVER,fe945a099155a35a91ddc64d476b8e52890425255b0c3d7f057a8b181b1b34362f6c7177279213d28dd3b36a561a44814a8437d3305d8c765bff03cd20c17f99,1365791.0,F,38.0,NOT APPLICABLE,NONE,NO INDICATION OF INJURY,IMPROPER PASSING,UNKNOWN,NORMAL,,,,,2022-10-09 17:10:00,30,CLEAR,DAYLIGHT,TURNING,NOT DIVIDED,DRY,NO DEFECTS,NOT ON SCENE (DESK REPORT),NO INJURY / DRIVE AWAY,,$500 OR LESS,10/09/2022 05:39:00 PM,IMPROPER OVERTAKING/PASSING,NOT APPLICABLE,,2,NO INDICATION OF INJURY,0.0,0.0,0.0,0.0,0.0,3.0,0.0,17,1,10,41.827511263,-87.62252526,POINT (-87.622525259835 41.827511262819),POINT (1177978.1482038265 1880536.7868736943),2022,112 E 37TH ST
O1295255,PEDESTRIAN,4c5fa5f6a7249413f66042ed31755c8cb69bcfa721b522cb6613611fdc9a372b969f63db06005510197e2f8e924307de846b103b2436a785df9cd03fafd77eff,,F,60.0,,,NONINCAPACITATING INJURY,NONE,UNKNOWN,NORMAL,CROSSING - WITH SIGNAL,NO CONTRASTING CLOTHING,IN CROSSWALK,,2022-03-09 18:27:00,35,CLEAR,DARKNESS,PEDESTRIAN,NOT DIVIDED,DRY,NO DEFECTS,ON SCENE,INJURY AND / OR TOW DUE TO CRASH,,$500 OR LESS,03/09/2022 06:30:00 PM,FAILING TO YIELD RIGHT-OF-WAY,NOT APPLICABLE,,2,NONINCAPACITATING INJURY,1.0,0.0,0.0,1.0,0.0,1.0,0.0,18,4,3,41.802220633,-87.60655293,POINT (-87.606552929969 41.802220633425),POINT (1182409.318643565 1871357.4218492683),2022,5100 S COTTAGE GROVE AVE