PERSON_ID,PERSON_TYPE,CRASH_RECORD_ID,VEHICLE_ID,SEX,AGE,AIRBAG_DEPLOYED,EJECTION,INJURY_CLASSIFICATION,DRIVER_ACTION,DRIVER_VISION,PHYSICAL_CONDITION,PEDPEDAL_ACTION,PEDPEDAL_VISIBILITY,PEDPEDAL_LOCATION,CRASH_DATE_EST_I,CRASH_DATE,POSTED_SPEED_LIMIT,WEATHER_CONDITION,LIGHTING_CONDITION,FIRST_CRASH_TYPE,TRAFFICWAY_TYPE,ROADWAY_SURFACE_COND,ROAD_DEFECT,REPORT_TYPE,CRASH_TYPE,HIT_AND_RUN_I,DAMAGE,DATE_POLICE_NOTIFIED,PRIM_CONTRIBUTORY_CAUSE,SEC_CONTRIBUTORY_CAUSE,DOORING_I,NUM_UNITS,MOST_SEVERE_INJURY,INJURIES_TOTAL,INJURIES_FATAL,INJURIES_INCAPACITATING,INJURIES_NON_INCAPACITATING,INJURIES_REPORTED_NOT_EVIDENT,INJURIES_NO_INDICATION,INJURIES_UNKNOWN,CRASH_HOUR,CRASH_DAY_OF_WEEK,CRASH_MONTH,LATITUDE,LONGITUDE,LOCATION,geometry,YEAR,ADDRESS
O1444517,DRIVER,b7b35c41cbc9c4afcbb9d60741aaa64bcfdd1747e17182c1f22c6b6499a89adcf59d402fe45675c7f2a8bb8359b4ac02f4858913c5acde12ee43bc52ffb7c9e6,1372918.0,M,20.0,NOT APPLICABLE,NONE,NO INDICATION OF INJURY,NONE,UNKNOWN,NORMAL,,,,,2022-10-20 16:05:00,30,CLEAR,DAYLIGHT,ANGLE,NOT DIVIDED,DRY,NO DEFECTS,ON SCENE,INJURY AND / OR TOW DUE TO CRASH,,"$501 - $1,500",10/20/2022 04:15:00 PM,FAILING TO YIELD RIGHT-OF-WAY,NOT APPLICABLE,,2,NO INDICATION OF INJURY,0.0,0.0,0.0,0.0,0.0,2.0,0.0,16,5,10,41.79305823,-87.729432661,POINT (-87.729432661229 41.793058229548),POINT (1148929.013475822 1867759.3606636557),2022,5500 S TRIPP AVE
O1315315,DRIVER,11a5a8d2235f64b8f415151ee5c19c26a784d958a54457bd59ecaf2edf5fdec753237c1acc44339133e4ea73483937d09ad5ebdd5bba0ff7f0448f4f6bdb3915,1249299.0,M,59.0,DID NOT DEPLOY,NONE,NO INDICATION OF INJURY,IMPROPER BACKING,UNKNOWN,UNKNOWN,,,,,2022-04-10 17:59:00,30,CLEAR,DAYLIGHT,REAR TO FRONT,NOT DIVIDED,DRY,NO DEFECTS,NOT ON SCENE (DESK REPORT),NO INJURY / DRIVE AWAY,,"$501 - $1,500",04/10/2022 09:15:00 PM,IMPROPER BACKING,NOT APPLICABLE,,2,NO INDICATION OF INJURY,0.0,0.0,0.0,0.0,0.0,2.0,0.0,17,1,4,41.909274714,-87.633141276,POINT (-87.633141276288 41.909274713556),POINT (1174841.749467662 1910307.5021680263),2022,140 W BURTON PL
O1461678,DRIVER,3b1ec2340f09a0f1e345c102d15a4fdea6cd01b40e3151784af5bdc76304dbc6b05d5673d17c8de8547ae1f1483e458f394d663a49fb6877e61adb17cb699364,1389226.0,M,,DEPLOYMENT UNKNOWN,NONE,NO INDICATION OF INJURY,FAILED TO YIELD,UNKNOWN,UNKNOWN,,,,,2022-11-14 13:38:00,30,CLEAR,DAYLIGHT,ANGLE,DIVIDED - W/MEDIAN BARRIER,DRY,NO DEFECTS,NOT ON SCENE (DESK REPORT),NO INJURY / DRIVE AWAY,Y,"OVER $1,500",11/14/2022 04:32:00 PM,FAILING TO REDUCE SPEED TO AVOID CRASH,UNABLE TO DETERMINE,,2,NO INDICATION OF INJURY,0.0,0.0,0.0,0.0,0.0,2.0,0.0,13,2,11,41.793478362,-87.674426221,POINT (-87.674426220934 41.7934783622),POINT (1163927.7403556006 1868022.621647473),2022,5500 S DAMEN AVE
O1487937,DRIVER,54714fc40400ccb3e67332f96e55f9a745569abf633b01ece8c9de0fca7dd25a28b403e2bffc4d0627ee06e19d6ed23cf2509d48dfb6e136b580c54d15571ecc,1414448.0,M,25.0,NOT APPLICABLE,NONE,NO INDICATION OF INJURY,NONE,NOT OBSCURED,NORMAL,,,,,2022-12-25 00:30:00,30,CLEAR,DARKNESS,SIDESWIPE SAME DIRECTION,NOT DIVIDED,WET,NO DEFECTS,NOT ON SCENE (DESK REPORT),INJURY AND / OR TOW DUE TO CRASH,Y,"OVER $1,500",12/25/2022 05:28:00 PM,IMPROPER OVERTAKING/PASSING,IMPROPER OVERTAKING/PASSING,,2,NO INDICATION OF INJURY,0.0,0.0,0.0,0.0,0.0,2.0,0.0,0,1,12,41.838393299,-87.60874952,POINT (-87.608749520406 41.838393299151),POINT (1181699.2497547932 1884533.527914063),2022,3100 S LAKE SHORE DR SB
P307219,PASSENGER,9f6ea395de632f7e8d84c51f483143a15b046926c59182abd329aecb3f1079032c538a37687c420f77e4b596e49e3d0b2d1217dd449c18b43cf1f3079a14a162,1312038.0,M,7.0,"DEPLOYED, FRONT",NONE,NO INDICATION OF INJURY,,,,,,,,2022-07-12 12:30:00,30,CLEAR,DAYLIGHT,TURNING,NOT DIVIDED,DRY,NO DEFECTS,,INJURY AND / OR TOW DUE TO CRASH,,"OVER $1,500",07/12/2022 12:50:00 PM,IMPROPER TURNING/NO SIGNAL,NOT APPLICABLE,,2,NO INDICATION OF INJURY,0.0,0.0,0.0,0.0,0.0,4.0,0.0,12,3,7,41.748868848,-87.74118633,POINT (-87.741186330029 41.748868847553),POINT (1145834.7285834106 1851634.8312385874),2022,7911 S CICERO AVE
P293348,PASSENGER,117ea1446a515a48a544c0ef12f15a859b506ecde18c188ab5e86d168dd8883b8e9620a553377e66902d4cc4134c255be1c2713b4c2e3c7ed61cf706992f4c33,1252132.0,F,36.0,NOT APPLICABLE,NONE,NO INDICATION OF INJURY,,,,,,,,2022-04-16 09:03:00,30,CLEAR,DAYLIGHT,TURNING,DIVIDED - W/MEDIAN (NOT RAISED),DRY,NO DEFECTS,ON SCENE,INJURY AND / OR TOW DUE TO CRASH,,"OVER $1,500",04/16/2022 09:23:00 AM,NOT APPLICABLE,NOT APPLICABLE,,2,NO INDICATION OF INJURY,0.0,0.0,0.0,0.0,0.0,4.0,0.0,9,7,4,41.725139913,-87.604404702,POINT (-87.604404701653 41.725139912652),POINT (1183233.0647396217 1843274.7716538396),2022,9319 S COTTAGE GROVE AVE
O1259912,DRIVER,6a5a7c2029c1828317e3ad16a08ff53d469d1d28681657f7125f0abb049ba01e18fe1434b49be44f61f17f126f52ab5d7dc28dc7c11b40db6475189281a85247,1195956.0,M,32.0,DID NOT DEPLOY,NONE,NO INDICATION OF INJURY,OTHER,UNKNOWN,REMOVED BY EMS,,,,,2022-01-09 05:19:00,30,CLEAR,"DARKNESS, LIGHTED ROAD",FIXED OBJECT,NOT DIVIDED,DRY,NO DEFECTS,ON SCENE,INJURY AND / OR TOW DUE TO CRASH,,"OVER $1,500",01/09/2022 05:19:00 AM,UNDER THE INFLUENCE OF ALCOHOL/DRUGS (USE WHEN ARREST IS EFFECTED),UNABLE TO DETERMINE,,1,NO INDICATION OF INJURY,0.0,0.0,0.0,0.0,0.0,1.0,0.0,5,1,1,41.924215649,-87.739857988,POINT (-87.739857987962 41.924215649457),POINT (1145755.7411463957 1915532.9326875934),2022,4521 W FULLERTON AVE
O1313353,PEDESTRIAN,7a2bdf844fd7035ddd8e65adee1b6d72ea44423bb4d61356c39db5097838dd82ffca540447eec959cb66f87b9316f1083b1e69450fdc3d413c91547bce502908,,M,,,,NONINCAPACITATING INJURY,UNKNOWN,UNKNOWN,NORMAL,CROSSING - CONTROLS PRESENT (NOT AT INTERSECTION),NO CONTRASTING CLOTHING,IN ROADWAY,,2022-04-07 17:25:00,30,RAIN,DAYLIGHT,PEDESTRIAN,DIVIDED - W/MEDIAN (NOT RAISED),WET,NO DEFECTS,ON SCENE,INJURY AND / OR TOW DUE TO CRASH,,"OVER $1,500",04/07/2022 05:25:00 PM,NOT APPLICABLE,NOT APPLICABLE,,2,NONINCAPACITATING INJURY,1.0,0.0,0.0,1.0,0.0,1.0,0.0,17,5,4,41.910286564,-87.701290372,POINT (-87.701290371991 41.910286564066),POINT (1156288.8130682951 1910532.1611627548),2022,2954 W NORTH AVE
O1341811,DRIVER,d2ad2eca95c2e3cd1927355be2e46a4d04a4aa38513ab14182d6802821da6c601ce201c5c9de1d8ee5fb768e1c0efd26399739d56523d8c95085a20c7718884f,1274777.0,X,,DEPLOYMENT UNKNOWN,NONE,NO INDICATION OF INJURY,WRONG WAY/SIDE,UNKNOWN,UNKNOWN,,,,,2022-05-21 04:25:00,25,RAIN,"DARKNESS, LIGHTED ROAD",PARKED MOTOR VEHICLE,ONE-WAY,WET,NO DEFECTS,ON SCENE,INJURY AND / OR TOW DUE TO CRASH,Y,"OVER $1,500",05/21/2022 04:25:00 AM,DRIVING ON WRONG SIDE/WRONG WAY,DRIVING ON WRONG SIDE/WRONG WAY,,3,NO INDICATION OF INJURY,0.0,0.0,0.0,0.0,0.0,1.0,0.0,4,7,5,41.720440505,-87.640903569,POINT (-87.640903568912 41.720440505151),POINT (1173283.3134422377 1841480.1011333896),2022,9534 S UNION AVE
O1266564,DRIVER,f1402e6b2e10efa37e17478ac52f80816329bcd02dc4b009574b75e78f9703c5c7718eeca5a3411e1dcf6c5360d7dc57a44d638a97b54d8935a8b4984cee5c2b,1202352.0,M,63.0,"DEPLOYED, COMBINATION",NONE,NO INDICATION OF INJURY,UNKNOWN,WINDSHIELD (WATER/ICE),NORMAL,,,,,2022-01-20 21:40:00,20,CLEAR,"DARKNESS, LIGHTED ROAD",FIXED OBJECT,ONE-WAY,DRY,NO DEFECTS,ON SCENE,INJURY AND / OR TOW DUE TO CRASH,,"OVER $1,500",01/20/2022 09:41:00 PM,UNABLE TO DETERMINE,NOT APPLICABLE,,1,NO INDICATION OF INJURY,0.0,0.0,0.0,0.0,0.0,1.0,0.0,21,5,1,42.010060681,-87.675970608,POINT (-87.675970608217 42.010060681394),POINT (1162901.8350286502 1946942.0385120034),2022,1791 W GREENLEAF AVE
O1434478,DRIVER,2a03e7ee7f3ed3e88e2a89247dbdabd5d489c1deda34815d4325c5d61c1dd723fdb3b4c16f04e3e7b04f8786e466765bd541ba5f837b17a2742266359eabc335,1363264.0,M,38.0,NOT APPLICABLE,NONE,NO INDICATION OF INJURY,NONE,NOT OBSCURED,NORMAL,,,,,2022-10-05 18:25:00,30,CLEAR,DAWN,REAR END,TRAFFIC ROUTE,DRY,NO DEFECTS,ON SCENE,INJURY AND / OR TOW DUE TO CRASH,,"OVER $1,500",10/05/2022 06:25:00 PM,FAILING TO REDUCE SPEED TO AVOID CRASH,DRIVING SKILLS/KNOWLEDGE/EXPERIENCE,,3,NO INDICATION OF INJURY,0.0,0.0,0.0,0.0,0.0,5.0,0.0,18,4,10,41.80861362,-87.675774236,POINT (-87.675774235833 41.808613619841),POINT (1163517.956347434 1873535.0022728804),2022,2022 W 47TH ST
O1381743,DRIVER,320b0f3e7588f94b75989d3fe5a9ab62838768dfdb9caeec2f7bcadba5f91beaf613d1384aa2d0cbb20027234cda6049d9738cd82fbe0b759b9cba98a1024176,1312935.0,M,37.0,NOT APPLICABLE,NONE,NO INDICATION OF INJURY,UNKNOWN,UNKNOWN,UNKNOWN,,,,,2022-07-19 16:40:00,30,CLEAR,DAYLIGHT,SIDESWIPE SAME DIRECTION,DIVIDED - W/MEDIAN BARRIER,UNKNOWN,UNKNOWN,NOT ON SCENE (DESK REPORT),NO INJURY / DRIVE AWAY,,"OVER $1,500",07/19/2022 05:32:00 PM,UNABLE TO DETERMINE,NOT APPLICABLE,,2,NO INDICATION OF INJURY,0.0,0.0,0.0,0.0,0.0,2.0,0.0,16,3,7,41.765958156,-87.576434072,POINT (-87.576434071872 41.765958155943),POINT (1190737.7082037404 1858214.4804436245),2022,1959 E 71ST ST
P291176,PASSENGER,033e21454da211d8877a717395d0bfac0e2382d0dc5d2d7127a2a9e7a171c6d83b755d39e034beeaa7112b35f9f618d135fca202f616e844cf51e35a4c534f8c,1242934.0,,,NOT APPLICABLE,NONE,NO INDICATION OF INJURY,,,,,,,,2022-03-31 15:50:00,35,RAIN,DAYLIGHT,REAR END,DIVIDED - W/MEDIAN BARRIER,WET,NO DEFECTS,ON SCENE,NO INJURY / DRIVE AWAY,Y,"$501 - $1,500",03/31/2022 03:54:00 PM,UNABLE TO DETERMINE,NOT APPLICABLE,,3,NO INDICATION OF INJURY,0.0,0.0,0.0,0.0,0.0,8.0,0.0,15,5,3,41.726897304,-87.585581037,POINT (-87.585581036751 41.726897304301),POINT (1188366.022774397 1843959.2215314158),2022,9230 S STONY ISLAND AVE
P326855,PASSENGER,a78a61037a85846993df5f2640ac85b64e48fe39c400ec0d730a0258981ef04338864c9d6e7a652b33614870c1d847ae4448346f8d89e8525a2991b4ae00bdb6,1402905.0,F,,NOT APPLICABLE,NONE,NO INDICATION OF INJURY,,,,,,,,2022-12-07 09:00:00,30,CLEAR,DAYLIGHT,PARKED MOTOR VEHICLE,DIVIDED - W/MEDIAN (NOT RAISED),DRY,NO DEFECTS,NOT ON SCENE (DESK REPORT),NO INJURY / DRIVE AWAY,Y,$500 OR LESS,12/07/2022 10:35:00 AM,IMPROPER OVERTAKING/PASSING,NOT APPLICABLE,,2,NO INDICATION OF INJURY,0.0,0.0,0.0,0.0,0.0,2.0,0.0,9,4,12,41.853343721,-87.620819646,POINT (-87.620819646003 41.853343721241),POINT (1178364.9194052375 1889953.903303794),2022,2130 S PRAIRIE AVE
O1486278,DRIVER,bb90489a101125208b1ffab5675f372650a77044f1b1170654a5bc8aa59ba17f3784e8682003e186bc0abbd41f755a836c50723db2f0b663d1d947eb147e2db4,1412834.0,M,,NOT APPLICABLE,NONE,NO INDICATION OF INJURY,UNKNOWN,UNKNOWN,NORMAL,,,,,2022-12-22 14:40:00,30,SNOW,DAYLIGHT,REAR END,DIVIDED - W/MEDIAN (NOT RAISED),SNOW OR SLUSH,NO DEFECTS,NOT ON SCENE (DESK REPORT),NO INJURY / DRIVE AWAY,,"$501 - $1,500",12/22/2022 03:20:00 PM,UNABLE TO DETERMINE,UNABLE TO DETERMINE,,2,NO INDICATION OF INJURY,0.0,0.0,0.0,0.0,0.0,3.0,0.0,14,5,12,41.771414776,-87.712284022,POINT (-87.712284021504 41.771414775744),POINT (1153662.2968643738 1859905.9663568672),2022,3553 W MARQUETTE RD
P290626,PASSENGER,013b91d09fa10aa4e769493d6fb2223d3a0a82a8af22d92fdfd7d707696d073499cd5f6378bbc9044e8c319225f5983efc33895d2884e31af0f27144349870af,1240211.0,M,22.0,DID NOT DEPLOY,NONE,NO INDICATION OF INJURY,,,,,,,,2022-03-26 18:41:00,30,CLEAR,DAYLIGHT,FIXED OBJECT,PARKING LOT,DRY,NO DEFECTS,ON SCENE,INJURY AND / OR TOW DUE TO CRASH,,"OVER $1,500",03/26/2022 08:16:00 PM,UNABLE TO DETERMINE,UNABLE TO DETERMINE,,1,NO INDICATION OF INJURY,0.0,0.0,0.0,0.0,0.0,3.0,0.0,18,7,3,41.754660124,-87.741384759,POINT (-87.741384758605 41.754660124394),POINT (1145766.0625108115 1853744.7435096262),2022,7601 S CICERO AVE
O1420655,DRIVER,9a27540c896e4e7ef7f0f422577d9d849cba98fc195144f6c2828108ca857f4693b69069cee5ed682e9e8b08b8b233ffe1664b461833f34d2ae383bd927a02fc,1350134.0,M,28.0,DID NOT DEPLOY,NONE,NO INDICATION OF INJURY,NONE,NOT OBSCURED,NORMAL,,,,,2022-09-15 19:23:00,30,CLEAR,DAYLIGHT,SIDESWIPE SAME DIRECTION,DIVIDED - W/MEDIAN (NOT RAISED),DRY,NO DEFECTS,NOT ON SCENE (DESK REPORT),NO INJURY / DRIVE AWAY,Y,"OVER $1,500",09/16/2022 09:45:00 AM,UNABLE TO DETERMINE,UNABLE TO DETERMINE,,2,NO INDICATION OF INJURY,0.0,0.0,0.0,0.0,0.0,2.0,0.0,19,5,9,41.91074707,-87.667221617,POINT (-87.667221617348 41.910747070494),POINT (1165560.8926631473 1910770.1455297093),2022,1548 W NORTH AVE
O1266078,DRIVER,44b2e7c7035538404f24324eab47668088a2cd4417e3fe093e5c8f9f65a2bc4a7608f721c29a4039a2218f46e0c1d7f59e0f7652871cdabbe249d208f59a0773,1201904.0,F,30.0,DID NOT DEPLOY,NONE,NO INDICATION OF INJURY,FAILED TO YIELD,NOT OBSCURED,NORMAL,,,,,2022-01-20 08:05:00,30,CLEAR,DAYLIGHT,ANGLE,NOT DIVIDED,DRY,NO DEFECTS,ON SCENE,INJURY AND / OR TOW DUE TO CRASH,,"OVER $1,500",01/20/2022 08:13:00 AM,FAILING TO YIELD RIGHT-OF-WAY,UNABLE TO DETERMINE,,3,"REPORTED, NOT EVIDENT",1.0,0.0,0.0,0.0,1.0,1.0,0.0,8,5,1,41.882033726,-87.772182848,POINT (-87.772182847986 41.882033725845),POINT (1137059.5128476077 1900102.6336064374),2022,5907 W WASHINGTON BLVD
O1434760,DRIVER,74601d9ae121842857d626b3190cb144ae2fe7ad0e11d4841b5307ecb0875d6a56370c4b60950da8801ef52284ba1947de9b65e0ee31553d25c3d53e7c278dcf,1363524.0,X,,DEPLOYMENT UNKNOWN,NONE,NO INDICATION OF INJURY,UNKNOWN,UNKNOWN,UNKNOWN,,,,,2022-10-06 11:02:00,30,CLEAR,DAYLIGHT,PARKED MOTOR VEHICLE,DIVIDED - W/MEDIAN (NOT RAISED),DRY,UNKNOWN,ON SCENE,NO INJURY / DRIVE AWAY,Y,"OVER $1,500",10/06/2022 11:19:00 AM,UNABLE TO DETERMINE,NOT APPLICABLE,,2,NO INDICATION OF INJURY,0.0,0.0,0.0,0.0,0.0,1.0,0.0,11,5,10,41.898621902,-87.763788039,POINT (-87.763788039243 41.898621902378),POINT (1139305.428844287 1906162.4049697688),2022,5500 W AUGUSTA BLVD
O1367368,DRIVER,8cb5585f6aa95ac00f00622a59853c632c4daa0700763a2ac4f7f2664e44f74160e94493f18466c42197f77652fbf69dea2b0c538230ee47263a7b21df8a6b03,1299246.0,M,42.0,NOT APPLICABLE,NONE,NO INDICATION OF INJURY,NONE,UNKNOWN,NORMAL,,,,Y,2022-06-25 22:00:00,30,CLEAR,"DARKNESS, LIGHTED ROAD",REAR END,NOT DIVIDED,DRY,NO DEFECTS,NOT ON SCENE (DESK REPORT),NO INJURY / DRIVE AWAY,,"OVER $1,500",06/27/2022 11:30:00 AM,UNABLE TO DETERMINE,UNABLE TO DETERMINE,,2,NO INDICATION OF INJURY,0.0,0.0,0.0,0.0,0.0,6.0,0.0,22,7,6,41.860257241,-87.617710633,POINT (-87.617710633167 41.860257241153),POINT (1179190.9364804004 1892480.2189847368),2022,1600 S LAKE SHORE DR E
O1332149,DRIVER,3a7f33f4fe23c826969baa98e754d7fbea3bc4e44e8c91b588bc975f16e8fdd65c85f4ed659355eef1acf6871f72be5d6cc0ffc1322cd426dbcf1df4bfae9404,1265496.0,F,46.0,NOT APPLICABLE,NONE,"REPORTED, NOT EVIDENT",NONE,NOT OBSCURED,NORMAL,,,,,2022-05-07 14:54:00,30,CLEAR,DAYLIGHT,REAR END,DIVIDED - W/MEDIAN (NOT RAISED),DRY,NO DEFECTS,ON SCENE,INJURY AND / OR TOW DUE TO CRASH,,"OVER $1,500",05/07/2022 03:00:00 PM,FAILING TO REDUCE SPEED TO AVOID CRASH,FOLLOWING TOO CLOSELY,,3,"REPORTED, NOT EVIDENT",1.0,0.0,0.0,0.0,1.0,2.0,0.0,14,7,5,41.910689405,-87.655546358,POINT (-87.655546357819 41.91068940466),POINT (1168738.9978082287 1910774.0285215785),2022,1057 W NORTH AVE
O1427051,DRIVER,d893fba995a9a0186beecb1e9bb0729dbc25560c44bf3a03be7140d2d62ee6a2ca6e278760d3400618b9568586f76149429dfe944435bc844c32afc4ad85ccb9,1357394.0,F,33.0,"DEPLOYED, FRONT",NONE,NO INDICATION OF INJURY,NONE,UNKNOWN,NORMAL,,,,,2022-09-24 22:09:00,30,RAIN,"DARKNESS, LIGHTED ROAD",ANGLE,FOUR WAY,WET,NO DEFECTS,ON SCENE,INJURY AND / OR TOW DUE TO CRASH,,"OVER $1,500",09/24/2022 10:09:00 PM,"OPERATING VEHICLE IN ERRATIC, RECKLESS, CARELESS, NEGLIGENT OR AGGRESSIVE MANNER",UNABLE TO DETERMINE,,4,NO INDICATION OF INJURY,0.0,0.0,0.0,0.0,0.0,3.0,0.0,22,7,9,41.663182101,-87.641565265,POINT (-87.641565265157 41.663182101231),POINT (1173270.2268950054 1820614.4128487955),2022,12700 S HALSTED ST
P306726,PASSENGER,0c0eb1b473c3995e073e091f08ca6e4925af0266e998c1da4aa843d4e08726a72bcc2d674b06759c7e59693025c075bf43fc8662046947eca0fbeb891bf59311,1309928.0,F,14.0,NOT APPLICABLE,NONE,NO INDICATION OF INJURY,,,,,,,,2022-07-14 18:02:00,30,CLEAR,DAYLIGHT,REAR END,DIVIDED - W/MEDIAN (NOT RAISED),DRY,NO DEFECTS,ON SCENE,INJURY AND / OR TOW DUE TO CRASH,,"OVER $1,500",07/14/2022 06:02:00 PM,FAILING TO REDUCE SPEED TO AVOID CRASH,FAILING TO REDUCE SPEED TO AVOID CRASH,,2,NO INDICATION OF INJURY,0.0,0.0,0.0,0.0,0.0,5.0,0.0,18,5,7,41.969331508,-87.70865056,POINT (-87.70865056012 41.969331508007),POINT (1154128.6080966133 1932033.6001368791),2022,4828 N KEDZIE AVE
O1483834,DRIVER,f198677f16f4aab08b5ddf8cbfa008fe9561c4c79b244bd3f1f153191a0222433b68948a62947a7f24233c79a161659e95813964079356fe170151c2a8689e76,1410471.0,M,49.0,DID NOT DEPLOY,NONE,NO INDICATION OF INJURY,OTHER,NOT OBSCURED,NORMAL,,,,,2022-12-18 11:50:00,30,CLEAR,DAYLIGHT,SIDESWIPE SAME DIRECTION,NOT DIVIDED,DRY,NO DEFECTS,NOT ON SCENE (DESK REPORT),NO INJURY / DRIVE AWAY,,"$501 - $1,500",12/18/2022 09:00:00 PM,IMPROPER TURNING/NO SIGNAL,NOT APPLICABLE,,2,NO INDICATION OF INJURY,0.0,0.0,0.0,0.0,0.0,2.0,0.0,11,1,12,41.792855378,-87.781676216,POINT (-87.781676216128 41.792855377929),POINT (1134683.0245005887 1867589.6964332857),2022,5445 S NARRAGANSETT AVE
O1259594,DRIVER,407026b7d35706c202abad881354089b077ce650715bbf5388dc589773bb3f469e55e2cd0e611b3c0d7bab7aceac68baba6225750632e6ce00a609b26c0ac38b,1195638.0,X,,DEPLOYMENT UNKNOWN,NONE,NO INDICATION OF INJURY,UNKNOWN,UNKNOWN,UNKNOWN,,,,,2022-01-08 15:43:00,30,FREEZING RAIN/DRIZZLE,DAYLIGHT,PARKED MOTOR VEHICLE,NOT DIVIDED,WET,NO DEFECTS,ON SCENE,NO INJURY / DRIVE AWAY,Y,$500 OR LESS,01/08/2022 04:05:00 PM,UNABLE TO DETERMINE,NOT APPLICABLE,,3,NO INDICATION OF INJURY,0.0,0.0,0.0,0.0,0.0,1.0,0.0,15,7,1,41.803738226,-87.669559098,POINT (-87.669559098241 41.803738226448),POINT (1165226.09592175 1871771.4624565144),2022,4939 S WOOD ST
O1299349,DRIVER,0875a350fc9d6c10ea7b9372864c9549ee06a1e7be39a116c0cbabfdde7ae300c9507ef5318bb7533f19fd118e7a8ac1ac34560620033506f8c64ce36d6e0144,1233928.0,M,60.0,DID NOT DEPLOY,NONE,NO INDICATION OF INJURY,NONE,NOT OBSCURED,NORMAL,,,,,2022-03-16 14:00:00,30,CLEAR,DAYLIGHT,ANGLE,NOT DIVIDED,DRY,NO DEFECTS,NOT ON SCENE (DESK REPORT),NO INJURY / DRIVE AWAY,Y,"OVER $1,500",03/16/2022 02:30:00 PM,DISREGARDING TRAFFIC SIGNALS,DISREGARDING OTHER TRAFFIC SIGNS,,2,NO INDICATION OF INJURY,0.0,0.0,0.0,0.0,0.0,2.0,0.0,14,4,3,41.880679508,-87.735331258,POINT (-87.735331257573 41.880679508016),POINT (1147098.2193655495 1899676.9302961065),2022,1 N KOSTNER AVE
O1348289,DRIVER,73fc998be98236b5702b5e27a5c30239f241c0e874a22dd36e4c74f67108e3b52273856ff1be14e494ec6e155a0512ab1e3e89952cd1658dfef34be3dd230398,1281033.0,F,64.0,NOT APPLICABLE,NONE,NO INDICATION OF INJURY,UNKNOWN,UNKNOWN,NORMAL,,,,,2022-05-31 10:50:00,30,CLEAR,DAYLIGHT,REAR END,NOT DIVIDED,DRY,NO DEFECTS,ON SCENE,NO INJURY / DRIVE AWAY,,$500 OR LESS,05/31/2022 11:05:00 AM,UNABLE TO DETERMINE,UNABLE TO DETERMINE,,2,NO INDICATION OF INJURY,0.0,0.0,0.0,0.0,0.0,2.0,0.0,10,3,5,41.873682885,-87.696222042,POINT (-87.696222042305 41.873682884646),POINT (1157767.4328422942 1897204.007966485),2022,2801 W HARRISON ST
O1413441,DRIVER,e4f39b80ae8d4394c0c290779ae5485acf36fc0805e91bfbc6122c7c713b4de389562a859ba292387786bf55588b88a1b543ae7da7c5c23019d55ee9531a5eab,1343181.0,M,76.0,NOT APPLICABLE,NONE,NO INDICATION OF INJURY,NONE,UNKNOWN,NORMAL,,,,,2022-09-05 12:50:00,20,CLEAR,DAYLIGHT,REAR TO SIDE,PARKING LOT,UNKNOWN,UNKNOWN,NOT ON SCENE (DESK REPORT),NO INJURY / DRIVE AWAY,,"OVER $1,500",09/05/2022 01:30:00 PM,UNABLE TO DETERMINE,NOT APPLICABLE,,2,NO INDICATION OF INJURY,0.0,0.0,0.0,0.0,0.0,2.0,0.0,12,2,9,41.918608891,-87.765574479,POINT (-87.765574478976 41.918608891151),POINT (1138770.8708720065 1913442.4393391984),2022,5555 W GRAND AVE
O1454670,DRIVER,51fd338d3aed1e8e80e22fc5c992f96ef8fe65f381b0ca562bf447910683a1761b9433438bb5fb497b710b40e88686e20a1297bfbafb80c742a3d8afc7d90843,1382515.0,X,,NOT APPLICABLE,NONE,NO INDICATION OF INJURY,UNKNOWN,UNKNOWN,UNKNOWN,,,,,2022-11-03 15:40:00,30,CLEAR,DAYLIGHT,PARKED MOTOR VEHICLE,DIVIDED - W/MEDIAN BARRIER,DRY,NO DEFECTS,ON SCENE,NO INJURY / DRIVE AWAY,Y,"OVER $1,500",11/03/2022 04:28:00 PM,UNABLE TO DETERMINE,NOT APPLICABLE,,2,NO INDICATION OF INJURY,0.0,0.0,0.0,0.0,0.0,1.0,0.0,15,5,11,41.877359819,-87.693163132,POINT (-87.69316313182 41.877359819433),POINT (1158590.5383598402 1898550.0757784771),2022,2647 W JACKSON BLVD
O1463418,DRIVER,2df5bf9d2a53296fcc84ad34e342360f2d20d6615b7a8ca94efacce85f3115610b685258e8c1da666bad10b1a305e2b6f848e80c39ce0b55e7d9a8a0a9454428,1390913.0,F,44.0,DEPLOYMENT UNKNOWN,NONE,NO INDICATION OF INJURY,UNKNOWN,UNKNOWN,UNKNOWN,,,,,2022-11-15 15:30:00,30,UNKNOWN,UNKNOWN,REAR END,DIVIDED - W/MEDIAN (NOT RAISED),UNKNOWN,UNKNOWN,NOT ON SCENE (DESK REPORT),NO INJURY / DRIVE AWAY,,$500 OR LESS,11/16/2022 07:25:00 PM,UNABLE TO DETERMINE,NOT APPLICABLE,,2,NO INDICATION OF INJURY,0.0,0.0,0.0,0.0,0.0,2.0,0.0,15,3,11,41.792777244,-87.752567029,POINT (-87.752567029034 41.792777243971),POINT (1142621.1180337355 1867613.5051408855),2022,5201 W 55TH ST