PERSON_ID,PERSON_TYPE,CRASH_RECORD_ID,VEHICLE_ID,SEX,AGE,AIRBAG_DEPLOYED,EJECTION,INJURY_CLASSIFICATION,DRIVER_ACTION,DRIVER_VISION,PHYSICAL_CONDITION,PEDPEDAL_ACTION,PEDPEDAL_VISIBILITY,PEDPEDAL_LOCATION,CRASH_DATE_EST_I,CRASH_DATE,POSTED_SPEED_LIMIT,WEATHER_CONDITION,LIGHTING_CONDITION,FIRST_CRASH_TYPE,TRAFFICWAY_TYPE,ROADWAY_SURFACE_COND,ROAD_DEFECT,REPORT_TYPE,CRASH_TYPE,HIT_AND_RUN_I,DAMAGE,DATE_POLICE_NOTIFIED,PRIM_CONTRIBUTORY_CAUSE,SEC_CONTRIBUTORY_CAUSE,DOORING_I,NUM_UNITS,MOST_SEVERE_INJURY,INJURIES_TOTAL,INJURIES_FATAL,INJURIES_INCAPACITATING,INJURIES_NON_INCAPACITATING,INJURIES_REPORTED_NOT_EVIDENT,INJURIES_NO_INDICATION,INJURIES_UNKNOWN,CRASH_HOUR,CRASH_DAY_OF_WEEK,CRASH_MONTH,LATITUDE,LONGITUDE,LOCATION,geometry,YEAR,ADDRESS
P305497,PASSENGER,42a6a3dc463189a1f9cedd1c5aa20bf60ed7fa0001cc1383a43b120167efdcc32148ddf2ab114cc2f1101234794d941f00048452688b6bb4406f345314de3743,1304579.0,M,27.0,NOT APPLICABLE,NONE,NO INDICATION OF INJURY,,,,,,,,2022-07-05 17:30:00,35,CLEAR,DAYLIGHT,REAR END,DIVIDED - W/MEDIAN BARRIER,UNKNOWN,UNKNOWN,NOT ON SCENE (DESK REPORT),NO INJURY / DRIVE AWAY,,"$501 - $1,500",07/05/2022 06:55:00 PM,FOLLOWING TOO CLOSELY,FOLLOWING TOO CLOSELY,,2,NO INDICATION OF INJURY,0.0,0.0,0.0,0.0,0.0,4.0,0.0,17,3,7,41.863017745,-87.686083696,POINT (-87.686083696494 41.863017744554),POINT (1160557.9298890934 1893338.3103431102),2022,1360 S WESTERN AVE
O1357680,DRIVER,82e4fc0ed7859cc78d3f60647e52461d674f3791e45b5ed78696a2fb7b1ff18ad88e76c830bf3efa488dc4c6201587f711e85038f5b5abcc36f4c847ffa56622,1290035.0,M,,DEPLOYMENT UNKNOWN,NONE,NO INDICATION OF INJURY,NONE,UNKNOWN,UNKNOWN,,,,Y,2022-06-14 08:00:00,20,CLEAR,DAYLIGHT,TURNING,DIVIDED - W/MEDIAN (NOT RAISED),DRY,NO DEFECTS,NOT ON SCENE (DESK REPORT),NO INJURY / DRIVE AWAY,,"OVER $1,500",06/14/2022 09:40:00 AM,UNABLE TO DETERMINE,NOT APPLICABLE,,2,NO INDICATION OF INJURY,0.0,0.0,0.0,0.0,0.0,2.0,0.0,8,3,6,41.885318236,-87.720986852,POINT (-87.720986852264 41.885318235642),POINT (1150992.4499384584 1901394.8214989542),2022,3800 W LAKE ST
O1335582,DRIVER,80e7cd49e6df3bf53b493bbe2c1994a305bb58f153712268f13f65572e4dfbebcfc912092cb23257245865bd8ec43a0c58f61a8c0a29206a5ad1c0a32b32ab72,1268797.0,F,61.0,NOT APPLICABLE,NONE,NO INDICATION OF INJURY,NONE,NOT OBSCURED,NORMAL,,,,,2022-05-12 11:30:00,35,CLEAR,DAYLIGHT,SIDESWIPE SAME DIRECTION,UNKNOWN,DRY,UNKNOWN,NOT ON SCENE (DESK REPORT),NO INJURY / DRIVE AWAY,,"$501 - $1,500",05/12/2022 12:30:00 PM,UNABLE TO DETERMINE,UNABLE TO DETERMINE,,2,NO INDICATION OF INJURY,0.0,0.0,0.0,0.0,0.0,2.0,0.0,11,5,5,41.794910057,-87.615915688,POINT (-87.615915687849 41.794910056687),POINT (1179878.7467766493 1868672.0433794626),2022,400 E GARFIELD BLVD
O1312101,DRIVER,d95cd1df6c2b61d6a24eb98306a549684b51c66335cb750301b21e499b7daa35170784a7390b1e551391dcd486683d1349debccc9d923086c03a304557da614f,1246144.0,M,21.0,NOT APPLICABLE,NONE,NONINCAPACITATING INJURY,NONE,NOT OBSCURED,NORMAL,,,,,2022-04-02 18:18:00,25,CLEAR,DAYLIGHT,REAR END,NOT DIVIDED,WET,NO DEFECTS,,INJURY AND / OR TOW DUE TO CRASH,,"OVER $1,500",04/02/2022 06:21:00 PM,UNABLE TO DETERMINE,UNABLE TO DETERMINE,,2,NONINCAPACITATING INJURY,2.0,0.0,0.0,1.0,1.0,3.0,0.0,18,7,4,41.909585964,-87.740525967,POINT (-87.74052596724 41.909585963669),POINT (1145610.8089792219 1910200.6080918722),2022,4545 W NORTH AVE
P327240,PASSENGER,99d2f026ec50b082a5152c97714890ee7c0fc47c07cae35316da515a79321dd9b30ee14ee01f4fc5a4a682e3b3d777e75a8604ab72ef01753196e862230cef8f,1405159.0,F,2.0,DID NOT DEPLOY,NONE,NO INDICATION OF INJURY,,,,,,,,2022-12-10 16:18:00,45,CLEAR,DAYLIGHT,SIDESWIPE SAME DIRECTION,DIVIDED - W/MEDIAN BARRIER,DRY,NO DEFECTS,ON SCENE,INJURY AND / OR TOW DUE TO CRASH,,"OVER $1,500",12/10/2022 04:23:00 PM,FAILING TO REDUCE SPEED TO AVOID CRASH,NOT APPLICABLE,,2,NONINCAPACITATING INJURY,2.0,0.0,0.0,2.0,0.0,1.0,0.0,16,7,12,41.822843766,-87.599518053,POINT (-87.599518052673 41.822843766029),POINT (1184263.2437426425 1878888.6908092205),2022,4000 S LAKE SHORE DR NB
O1446235,DRIVER,35932958517119571337119fb02be12efd9cc5e62b26e583e5d91c65533d86cb588679b1663dbdd3f5c9f960518680bdd522ea127cbf551399ae71098766b406,1374521.0,F,30.0,NOT APPLICABLE,NONE,NO INDICATION OF INJURY,IMPROPER BACKING,NOT OBSCURED,NORMAL,,,,,2022-10-22 18:43:00,30,CLEAR,"DARKNESS, LIGHTED ROAD",SIDESWIPE OPPOSITE DIRECTION,DIVIDED - W/MEDIAN (NOT RAISED),DRY,NO DEFECTS,ON SCENE,NO INJURY / DRIVE AWAY,,"$501 - $1,500",10/22/2022 07:00:00 PM,IMPROPER BACKING,IMPROPER BACKING,,2,NO INDICATION OF INJURY,0.0,0.0,0.0,0.0,0.0,2.0,0.0,18,7,10,41.904896822,-87.634369418,POINT (-87.634369418469 41.904896822179),POINT (1174520.4477418151 1908709.4681137947),2022,1233 N WELLS ST
O1329953,DRIVER,f9f03275bd2ecf279a80758a27336e288409bab984b2ad07cd14af146aa3d97e27319b7eccfc30b22f6791760ec8a309d3929b521722d56a1735f2e839215d0a,1263375.0,M,38.0,DID NOT DEPLOY,NONE,NO INDICATION OF INJURY,UNKNOWN,UNKNOWN,UNKNOWN,,,,,2022-05-02 20:35:00,30,RAIN,"DARKNESS, LIGHTED ROAD",HEAD ON,NOT DIVIDED,WET,NO DEFECTS,NOT ON SCENE (DESK REPORT),NO INJURY / DRIVE AWAY,,$500 OR LESS,05/04/2022 06:15:00 PM,UNABLE TO DETERMINE,UNABLE TO DETERMINE,,2,NO INDICATION OF INJURY,0.0,0.0,0.0,0.0,0.0,2.0,0.0,20,2,5,41.714524245,-87.667400974,POINT (-87.667400974048 41.714524245402),POINT (1166066.1584558317 1839267.214298285),2022,9838 S WOOD ST
P320206,PASSENGER,a493493af5d340e3aaf11df6b52ea144d71d844576bacdbffaa66f052a3a66d6132620ca535d8f10fda8d62daf955048a656495a70796506485cca745867ef9d,1371617.0,F,38.0,DID NOT DEPLOY,NONE,NO INDICATION OF INJURY,,,,,,,,2022-10-18 13:48:00,30,CLEAR,DAYLIGHT,SIDESWIPE SAME DIRECTION,DIVIDED - W/MEDIAN (NOT RAISED),DRY,NO DEFECTS,NOT ON SCENE (DESK REPORT),NO INJURY / DRIVE AWAY,,"OVER $1,500",10/18/2022 02:00:00 PM,UNABLE TO DETERMINE,UNABLE TO DETERMINE,,2,NO INDICATION OF INJURY,0.0,0.0,0.0,0.0,0.0,3.0,0.0,13,3,10,41.877188238,-87.764899133,POINT (-87.76489913254 41.877188238072),POINT (1139054.6770960013 1898350.0002177004),2022,226 S CENTRAL AVE
O1356127,DRIVER,03432552fdce1a249716b77d0499c670de6f071a389b9e6421e80bba72be07ce517079c34a5af6026655d09fea95795aac657aa3e674d94397f7485b0da876e5,1288550.0,M,22.0,DID NOT DEPLOY,NONE,NO INDICATION OF INJURY,NONE,NOT OBSCURED,NORMAL,,,,,2022-06-11 15:30:00,30,CLEAR,DAYLIGHT,TURNING,NOT DIVIDED,DRY,UNKNOWN,NOT ON SCENE (DESK REPORT),INJURY AND / OR TOW DUE TO CRASH,,"OVER $1,500",06/11/2022 05:10:00 PM,UNABLE TO DETERMINE,NOT APPLICABLE,,2,NO INDICATION OF INJURY,0.0,0.0,0.0,0.0,0.0,2.0,0.0,15,7,6,41.805167959,-87.718548299,POINT (-87.718548298672 41.805167959066),POINT (1151865.547341575 1872193.1038756655),2022,4853 S ARCHER AVE
P322667,PASSENGER,cf8f6f1127b86d290ce41fd708fa3ac3474b9062d846a07a4b71f2e641b4f561563c52dd443c7c3a840bbb73f6e281cc5cc04c88001b65236e0011f4392da86e,1382585.0,M,,DID NOT DEPLOY,NONE,NO INDICATION OF INJURY,,,,,,,,2022-10-30 00:50:00,30,CLEAR,"DARKNESS, LIGHTED ROAD",REAR END,ONE-WAY,DRY,NO DEFECTS,NOT ON SCENE (DESK REPORT),NO INJURY / DRIVE AWAY,,"OVER $1,500",11/03/2022 06:10:00 PM,UNABLE TO DETERMINE,UNABLE TO DETERMINE,,2,NO INDICATION OF INJURY,0.0,0.0,0.0,0.0,0.0,5.0,0.0,0,1,10,41.890938397,-87.630590335,POINT (-87.630590334568 41.890938396903),POINT (1175590.8514568727 1903631.4183012794),2022,66 W ILLINOIS ST
O1302419,DRIVER,f3bf11e3b3fa4cbb82751a3f87cffc03a3625f31a40f59f78551403a0d2b5ecbd0c951bfe9075be804bd3cf424aa3f0402bee913b55368ae5cde5fd640fc2a60,1236852.0,F,,DEPLOYMENT UNKNOWN,NONE,NO INDICATION OF INJURY,UNKNOWN,UNKNOWN,UNKNOWN,,,,,2022-03-21 09:14:00,35,CLEAR,DAYLIGHT,TURNING,OTHER,DRY,NO DEFECTS,ON SCENE,INJURY AND / OR TOW DUE TO CRASH,Y,"OVER $1,500",03/21/2022 09:14:00 AM,UNABLE TO DETERMINE,UNABLE TO DETERMINE,,2,NO INDICATION OF INJURY,0.0,0.0,0.0,0.0,0.0,4.0,0.0,9,2,3,41.77969932,-87.641004587,POINT (-87.641004586766 41.779699320407),POINT (1173081.983655134 1863073.2566898374),2022,631 W 63RD ST
O1340221,DRIVER,6956ab7092370bd49638408cf3c01c31d33a8e86c31880acda73c45b85f61965127dc1ad357fe6d5504b8dbb6532d389e340e7926322e1c6fc788e21a1b5d76b,1273254.0,F,,DEPLOYMENT UNKNOWN,NONE,NO INDICATION OF INJURY,NONE,UNKNOWN,UNKNOWN,,,,,2022-05-18 17:00:00,30,CLEAR,DAYLIGHT,TURNING,NOT DIVIDED,UNKNOWN,UNKNOWN,NOT ON SCENE (DESK REPORT),NO INJURY / DRIVE AWAY,,"OVER $1,500",05/18/2022 08:40:00 PM,IMPROPER LANE USAGE,IMPROPER LANE USAGE,,2,NO INDICATION OF INJURY,0.0,0.0,0.0,0.0,0.0,2.0,0.0,17,4,5,41.754817354,-87.663692991,POINT (-87.6636929909 41.754817354241),POINT (1166964.2998504338 1853957.4643849512),2022,7632 S ASHLAND AVE
O1381725,DRIVER,53084b74196fde70a639ce16714e34f55dcbb31de059933be83cbc3eb13f70eae44fb7194e5a470d81685e2e79dc86c5e1797acd33f50352bd55cec2b217ab28,1312900.0,M,,DEPLOYMENT UNKNOWN,NONE,NO INDICATION OF INJURY,FOLLOWED TOO CLOSELY,UNKNOWN,UNKNOWN,,,,,2022-07-19 15:00:00,30,CLEAR,DAYLIGHT,REAR END,NOT DIVIDED,DRY,NO DEFECTS,ON SCENE,NO INJURY / DRIVE AWAY,Y,"OVER $1,500",07/19/2022 03:20:00 PM,DISREGARDING STOP SIGN,FAILING TO REDUCE SPEED TO AVOID CRASH,,2,NO INDICATION OF INJURY,0.0,0.0,0.0,0.0,0.0,2.0,0.0,15,3,7,41.744655481,-87.559737205,POINT (-87.559737205109 41.744655480789),POINT (1195362.5694437325 1850492.4805588943),2022,2638 E 83RD ST
O1318826,DRIVER,683761cfc063116b6d07090527047db9ed58e689ba8ae2baed4f44547f5d15cb72c4f53c808b277f775427420144979b665b4fa7e964a65d828a1562f4c52800,1252624.0,M,,NOT APPLICABLE,NONE,NO INDICATION OF INJURY,FOLLOWED TOO CLOSELY,NOT OBSCURED,NORMAL,,,,,2022-04-17 10:25:00,30,CLEAR,DAYLIGHT,REAR END,NOT DIVIDED,DRY,NO DEFECTS,ON SCENE,NO INJURY / DRIVE AWAY,,"$501 - $1,500",04/17/2022 10:31:00 AM,FOLLOWING TOO CLOSELY,NOT APPLICABLE,,2,NO INDICATION OF INJURY,0.0,0.0,0.0,0.0,0.0,2.0,0.0,10,1,4,41.932559115,-87.665490563,POINT (-87.665490563455 41.932559114854),POINT (1165970.17450881 1918722.1519971741),2022,1446 W DIVERSEY PKWY
O1266982,DRIVER,e79a4d327b666f6f1601e841bc7d5374dd7087a8f2aab79fd9a735fddb9d3f2929fde6ce722b3bdeb9fa16b49081e4dd42082c6cdd9861e1753d907e08285a13,1202737.0,M,33.0,DID NOT DEPLOY,NONE,NO INDICATION OF INJURY,FOLLOWED TOO CLOSELY,NOT OBSCURED,NORMAL,,,,,2022-01-14 12:00:00,30,CLEAR,DAYLIGHT,REAR END,DIVIDED - W/MEDIAN (NOT RAISED),DRY,NO DEFECTS,NOT ON SCENE (DESK REPORT),NO INJURY / DRIVE AWAY,,"$501 - $1,500",01/21/2022 05:34:00 PM,FOLLOWING TOO CLOSELY,NOT APPLICABLE,,2,NO INDICATION OF INJURY,0.0,0.0,0.0,0.0,0.0,4.0,0.0,12,6,1,41.808013005,-87.714379623,POINT (-87.714379623416 41.808013005188),POINT (1152994.6376869956 1873237.978611653),2022,4700 S ARCHER AVE
O1397026,DRIVER,19eeb092d464c9419db94a0d7fd5bc5aa9feb946892bf84db40b89d7921dd32396e6edfa088b2627a74800c3e1fc5bc3a7ceb6efa824184c48b7e471427624c2,1327475.0,M,,DEPLOYMENT UNKNOWN,UNKNOWN,NO INDICATION OF INJURY,UNKNOWN,UNKNOWN,UNKNOWN,,,,,2022-08-11 12:10:00,30,UNKNOWN,UNKNOWN,REAR END,NOT DIVIDED,UNKNOWN,UNKNOWN,NOT ON SCENE (DESK REPORT),NO INJURY / DRIVE AWAY,,"$501 - $1,500",08/11/2022 07:30:00 PM,FOLLOWING TOO CLOSELY,NOT APPLICABLE,,3,NO INDICATION OF INJURY,0.0,0.0,0.0,0.0,0.0,3.0,0.0,12,5,8,41.878209773,-87.627531145,POINT (-87.627531144988 41.878209772522),POINT (1176461.9521079606 1898999.9503788159),2022,297 S STATE ST
O1479276,DRIVER,a9367e7ca80de8ed5cff3267b233295a4ebb34ee81c50830dff798546bb173a65a8a3fe6efad1c80277a1b21843a531fdfbfbb6c54535ea7bd46048e1994483d,1406109.0,F,65.0,NOT APPLICABLE,NONE,NO INDICATION OF INJURY,FOLLOWED TOO CLOSELY,UNKNOWN,UNKNOWN,,,,,2022-12-12 12:02:00,30,CLEAR,DAYLIGHT,TURNING,DIVIDED - W/MEDIAN (NOT RAISED),DRY,NO DEFECTS,ON SCENE,NO INJURY / DRIVE AWAY,,"OVER $1,500",12/12/2022 12:04:00 PM,UNABLE TO DETERMINE,UNABLE TO DETERMINE,,2,NO INDICATION OF INJURY,0.0,0.0,0.0,0.0,0.0,3.0,0.0,12,2,12,41.909505148,-87.746959936,POINT (-87.746959936272 41.909505147743),POINT (1143859.6919039418 1910159.1206865557),2022,4821 W NORTH AVE
O1437934,DRIVER,30f1ce2a12c5e3067136d2201709db8f4c3a2f7e655d82e8c1d7e5778bda5ae5012e273ebea928763e432812501f60022120ee3d593e6ecd2cb070f789c12190,1366585.0,F,20.0,"DEPLOYED, FRONT",NONE,NO INDICATION OF INJURY,UNKNOWN,UNKNOWN,UNKNOWN,,,,,2022-10-11 06:35:00,30,CLEAR,DAYLIGHT,REAR END,NOT DIVIDED,DRY,NO DEFECTS,NOT ON SCENE (DESK REPORT),INJURY AND / OR TOW DUE TO CRASH,,"OVER $1,500",10/11/2022 07:35:00 AM,UNABLE TO DETERMINE,UNABLE TO DETERMINE,,2,NONINCAPACITATING INJURY,1.0,0.0,0.0,1.0,0.0,1.0,0.0,6,3,10,41.702657115,-87.545605719,POINT (-87.545605719154 41.70265711461),POINT (1199359.0870093573 1835223.6736400216),2022,3219 E 106TH ST
O1306130,DRIVER,83a4f1e31bfb7372ef48619b8fb413f45f241177d579042b0b8de14db7d1047d87ddaed62eff6c5d8566d3b6409146e0c7788bf6276e36267978842494c41170,1240446.0,M,38.0,NOT APPLICABLE,NONE,NO INDICATION OF INJURY,OVERCORRECTED,UNKNOWN,NORMAL,,,,,2022-03-26 15:50:00,30,CLEAR,DAYLIGHT,PARKED MOTOR VEHICLE,NOT DIVIDED,DRY,NO DEFECTS,NOT ON SCENE (DESK REPORT),NO INJURY / DRIVE AWAY,,"OVER $1,500",03/27/2022 12:30:00 PM,IMPROPER OVERTAKING/PASSING,IMPROPER TURNING/NO SIGNAL,,2,NO INDICATION OF INJURY,0.0,0.0,0.0,0.0,0.0,1.0,0.0,15,7,3,41.798688723,-87.718558161,POINT (-87.718558160842 41.798688722966),POINT (1151879.7451157668 1869832.092555959),2022,5200 S HAMLIN AVE
P316699,PASSENGER,87f033192e738736b387624514b93740d084f14471db2df0b9ce7dce04cd491dc939a684a099b8a45f3bd4bb87976a09cc2744d9e0c7865b33bfc74c5dcebd6c,1355498.0,F,48.0,DID NOT DEPLOY,UNKNOWN,NO INDICATION OF INJURY,,,,,,,,2022-09-23 23:35:00,30,CLEAR,"DARKNESS, LIGHTED ROAD",ANGLE,NOT DIVIDED,DRY,NO DEFECTS,ON SCENE,INJURY AND / OR TOW DUE TO CRASH,,"OVER $1,500",09/23/2022 11:38:00 PM,DISREGARDING TRAFFIC SIGNALS,NOT APPLICABLE,,2,NONINCAPACITATING INJURY,1.0,0.0,0.0,1.0,0.0,3.0,0.0,23,6,9,41.743264491,-87.64397498,POINT (-87.643974980157 41.743264490644),POINT (1172378.2027980948 1849790.1996067646),2022,8300 S HALSTED ST
O1471783,DRIVER,402fd78d003580d7f8c72bd1a7054ee2e98110ac7b21ace70e08705801d869d22a273d83f453cec3eb0629a105547f1301665121e3a2cd550f6b8b38c34fc2ba,1398868.0,F,35.0,DID NOT DEPLOY,NONE,NO INDICATION OF INJURY,OTHER,OTHER,OTHER,,,,,2022-11-30 13:40:00,30,CLEAR,DAYLIGHT,TURNING,FOUR WAY,DRY,NO DEFECTS,ON SCENE,INJURY AND / OR TOW DUE TO CRASH,,"OVER $1,500",11/30/2022 01:50:00 PM,UNABLE TO DETERMINE,NOT APPLICABLE,,2,NO INDICATION OF INJURY,0.0,0.0,0.0,0.0,0.0,2.0,0.0,13,4,11,41.751022503,-87.626980294,POINT (-87.626980293637 41.751022502989),POINT (1176992.929829012 1852654.7610459037),2022,58 W 79TH ST
O1381542,DRIVER,1cfe023f4b88d9502291bea7180399199d68a9722654ef0bcf0749efa2aae3fd4c1b5360ef99f569acaa4b4a741a25c5409441e6918387fa53103b946290f6f5,1312742.0,F,,DID NOT DEPLOY,NONE,NO INDICATION OF INJURY,FOLLOWED TOO CLOSELY,UNKNOWN,UNKNOWN,,,,,2022-07-19 05:00:00,30,CLEAR,"DARKNESS, LIGHTED ROAD",REAR END,NOT DIVIDED,DRY,NO DEFECTS,NOT ON SCENE (DESK REPORT),INJURY AND / OR TOW DUE TO CRASH,,"OVER $1,500",07/19/2022 01:45:00 PM,FOLLOWING TOO CLOSELY,FAILING TO REDUCE SPEED TO AVOID CRASH,,2,NONINCAPACITATING INJURY,2.0,0.0,0.0,2.0,0.0,1.0,0.0,5,3,7,41.659010813,-87.617155165,POINT (-87.61715516454 41.659010813212),POINT (1179952.7665178042 1819148.9351162778),2022,13001 S INDIANA AVE
P298674,PASSENGER,77a7f8d72ddc481799fbb450fbd38d9199bbcb1f9dcf309564def1a800d8ef397584b875e5a9ffbaef5660942648b64f7fded59d322888bcc7198f40877d64ef,1275941.0,F,28.0,DID NOT DEPLOY,NONE,NO INDICATION OF INJURY,,,,,,,,2022-05-23 08:30:00,30,CLEAR,DAYLIGHT,ANGLE,NOT DIVIDED,DRY,NO DEFECTS,ON SCENE,NO INJURY / DRIVE AWAY,,"OVER $1,500",05/23/2022 09:51:00 AM,FAILING TO YIELD RIGHT-OF-WAY,UNABLE TO DETERMINE,,2,NO INDICATION OF INJURY,0.0,0.0,0.0,0.0,0.0,3.0,0.0,8,2,5,41.793260945,-87.729228405,POINT (-87.729228405132 41.793260945005),POINT (1148984.193688437 1867833.6200790678),2022,4230 W 55TH ST
P294083,PASSENGER,d438417976836d09813888a74d246b51ff231b7f7bb6032850f3d2642e0301552112599f1c08a232833c4ba3897ade1fb10ed8a1a57a24c59dd53ae9ff666d2a,1255127.0,M,,DEPLOYMENT UNKNOWN,UNKNOWN,NO INDICATION OF INJURY,,,,,,,,2022-04-22 06:25:00,30,RAIN,DAYLIGHT,REAR END,DIVIDED - W/MEDIAN (NOT RAISED),WET,UNKNOWN,ON SCENE,NO INJURY / DRIVE AWAY,,"$501 - $1,500",04/22/2022 06:29:00 AM,FOLLOWING TOO CLOSELY,NOT APPLICABLE,,2,NO INDICATION OF INJURY,0.0,0.0,0.0,0.0,0.0,3.0,0.0,6,6,4,41.961905761,-87.655403147,POINT (-87.655403147008 41.961905760936),POINT (1168630.392451896 1929437.7067933881),2022,4404 N BROADWAY
O1383650,DRIVER,0afd98ce496fb71a5719fa24ebd645ad965f8db33830947928eacce18ac448dc003af7df008adeab338c220f817390b8c5521ec60a590db5a88649070018f734,1314666.0,F,75.0,NOT APPLICABLE,NONE,NO INDICATION OF INJURY,NONE,NOT OBSCURED,NORMAL,,,,N,2022-07-20 17:30:00,20,CLEAR,DAYLIGHT,REAR END,ONE-WAY,DRY,NO DEFECTS,NOT ON SCENE (DESK REPORT),NO INJURY / DRIVE AWAY,,$500 OR LESS,07/22/2022 11:15:00 AM,DRIVING SKILLS/KNOWLEDGE/EXPERIENCE,NOT APPLICABLE,,2,NO INDICATION OF INJURY,0.0,0.0,0.0,0.0,0.0,2.0,0.0,17,4,7,42.002639925,-87.662629567,POINT (-87.662629567475 42.002639924654),POINT (1166548.7394734095 1944265.9876633193),2022,1246 W ALBION AVE
O1455839,DRIVER,4e32d63348cc8411611d2710c70bd77f15ed1f9f88821217bc8d3d7e6aecd4baa7c0b702f81049541b7699a2379f6b285086f1d5b1821cbb13537f1c47cb6231,1383623.0,X,,DEPLOYMENT UNKNOWN,UNKNOWN,NO INDICATION OF INJURY,UNKNOWN,UNKNOWN,UNKNOWN,,,,,2022-11-05 08:05:00,30,RAIN,DAYLIGHT,SIDESWIPE SAME DIRECTION,NOT DIVIDED,WET,NO DEFECTS,NOT ON SCENE (DESK REPORT),NO INJURY / DRIVE AWAY,Y,"OVER $1,500",11/05/2022 10:45:00 AM,UNABLE TO DETERMINE,UNABLE TO DETERMINE,,2,NO INDICATION OF INJURY,0.0,0.0,0.0,0.0,0.0,2.0,0.0,8,7,11,41.954020827,-87.727774147,POINT (-87.727774147482 41.954020826585),POINT (1148967.4748525976 1926416.994521498),2022,4010 N PULASKI RD
P312049,PASSENGER,893844e3ae210b71805b313ed900f8d0de4217f3a3b9f16be62d13bb2ca48b29d93686b75d8c14def625920963a0b8258b13fcfd7b033dc6ff8a62186378b079,1334269.0,F,23.0,DEPLOYMENT UNKNOWN,NONE,NONINCAPACITATING INJURY,,,,,,,,2022-08-22 20:22:00,30,CLEAR,"DARKNESS, LIGHTED ROAD",PARKED MOTOR VEHICLE,NOT DIVIDED,DRY,NO DEFECTS,ON SCENE,INJURY AND / OR TOW DUE TO CRASH,,"OVER $1,500",08/22/2022 08:22:00 PM,"OPERATING VEHICLE IN ERRATIC, RECKLESS, CARELESS, NEGLIGENT OR AGGRESSIVE MANNER",FAILING TO REDUCE SPEED TO AVOID CRASH,,4,NONINCAPACITATING INJURY,5.0,0.0,0.0,5.0,0.0,0.0,0.0,20,2,8,41.763445866,-87.63316432,POINT (-87.633164320182 41.763445866318),POINT (1175268.6373980474 1857167.9361556186),2022,323 W 72ND ST
O1400065,DRIVER,73647da43108d1d22bf8fdd1068ab8119d08c5c22d4cd33d37e72efb1b4785425f52ff29a26c6f68d7ca226b7c43b8cce1cf02ce2f6c72c287529372e79e25c3,1330393.0,X,,DEPLOYMENT UNKNOWN,NONE,NO INDICATION OF INJURY,UNKNOWN,UNKNOWN,UNKNOWN,,,,Y,2022-08-13 23:59:00,30,UNKNOWN,UNKNOWN,PARKED MOTOR VEHICLE,ONE-WAY,UNKNOWN,NO DEFECTS,ON SCENE,INJURY AND / OR TOW DUE TO CRASH,Y,"OVER $1,500",08/16/2022 04:15:00 PM,DRIVING SKILLS/KNOWLEDGE/EXPERIENCE,NOT APPLICABLE,,2,NO INDICATION OF INJURY,0.0,0.0,0.0,0.0,0.0,1.0,0.0,23,7,8,41.80595238,-87.610063324,POINT (-87.610063324097 41.805952379591),POINT (1181440.7481138178 1872709.1766021189),2022,634 E 49TH ST
O1310329,DRIVER,d717341a6dd023dd190b322cc09f8621b943816a5dc72cbfef8560ccdd105a3bf0e3a19c1eb9850c608cc7d1a43759eabdf1803715589b0486622d7c4f177ae2,1244443.0,F,18.0,DID NOT DEPLOY,NONE,NO INDICATION OF INJURY,IMPROPER TURN,NOT OBSCURED,NORMAL,,,,,2022-04-02 16:59:00,30,RAIN,DAYLIGHT,TURNING,FOUR WAY,WET,NO DEFECTS,ON SCENE,NO INJURY / DRIVE AWAY,,"$501 - $1,500",04/02/2022 04:59:00 PM,IMPROPER LANE USAGE,IMPROPER TURNING/NO SIGNAL,,2,NO INDICATION OF INJURY,0.0,0.0,0.0,0.0,0.0,2.0,0.0,16,7,4,41.768243972,-87.683193801,POINT (-87.683193800933 41.768243971967),POINT (1161606.4147059533 1858809.195106281),2022,6901 S WESTERN AVE
O1347435,PEDESTRIAN,2b410e7d75275021ca881171f0fd3884e74ce3c9d4e39c93d4df102e7b4c581ad844c1c45a67eebb965ab4109430dde375029b5104927db720f5b3ceaf199e50,,F,49.0,,,INCAPACITATING INJURY,OTHER,NOT OBSCURED,NORMAL,CROSSING - NO CONTROLS (NOT AT INTERSECTION),NO CONTRASTING CLOTHING,UNKNOWN/NA,,2022-05-29 20:32:00,30,CLEAR,DUSK,PEDESTRIAN,DIVIDED - W/MEDIAN BARRIER,DRY,NO DEFECTS,ON SCENE,INJURY AND / OR TOW DUE TO CRASH,Y,"OVER $1,500",05/29/2022 08:36:00 PM,FAILING TO REDUCE SPEED TO AVOID CRASH,FAILING TO REDUCE SPEED TO AVOID CRASH,,2,INCAPACITATING INJURY,1.0,0.0,1.0,0.0,0.0,1.0,0.0,20,1,5,41.721212477,-87.654219591,POINT (-87.654219590932 41.721212477311),POINT (1169645.8006811894 1841732.4416691633),2022,1231 W 95TH ST