PERSON_ID,PERSON_TYPE,CRASH_RECORD_ID,VEHICLE_ID,SEX,AGE,AIRBAG_DEPLOYED,EJECTION,INJURY_CLASSIFICATION,DRIVER_ACTION,DRIVER_VISION,PHYSICAL_CONDITION,PEDPEDAL_ACTION,PEDPEDAL_VISIBILITY,PEDPEDAL_LOCATION,CRASH_DATE_EST_I,CRASH_DATE,POSTED_SPEED_LIMIT,WEATHER_CONDITION,LIGHTING_CONDITION,FIRST_CRASH_TYPE,TRAFFICWAY_TYPE,ROADWAY_SURFACE_COND,ROAD_DEFECT,REPORT_TYPE,CRASH_TYPE,HIT_AND_RUN_I,DAMAGE,DATE_POLICE_NOTIFIED,PRIM_CONTRIBUTORY_CAUSE,SEC_CONTRIBUTORY_CAUSE,DOORING_I,NUM_UNITS,MOST_SEVERE_INJURY,INJURIES_TOTAL,INJURIES_FATAL,INJURIES_INCAPACITATING,INJURIES_NON_INCAPACITATING,INJURIES_REPORTED_NOT_EVIDENT,INJURIES_NO_INDICATION,INJURIES_UNKNOWN,CRASH_HOUR,CRASH_DAY_OF_WEEK,CRASH_MONTH,LATITUDE,LONGITUDE,LOCATION,geometry,YEAR,ADDRESS
O1439003,DRIVER,531399bf039962fec51afa36c6bb999ad5f2af595820c4e86fd0553cf1ba4c79be36ecd8ddcc6c1abf4c26181041436f58a6a0447aefec4c2446464fa4551f4b,1367599.0,M,,NOT APPLICABLE,NONE,NO INDICATION OF INJURY,OTHER,UNKNOWN,UNKNOWN,,,,,2022-10-12 12:24:00,30,CLEAR,DAYLIGHT,REAR END,NOT DIVIDED,DRY,WORN SURFACE,NOT ON SCENE (DESK REPORT),INJURY AND / OR TOW DUE TO CRASH,Y,"$501 - $1,500",10/12/2022 02:10:00 PM,UNABLE TO DETERMINE,NOT APPLICABLE,,2,NONINCAPACITATING INJURY,3.0,0.0,0.0,3.0,0.0,1.0,0.0,12,4,10,41.722218412,-87.586317464,POINT (-87.586317463701 41.72221841175),POINT (1188179.7921878526 1842252.53502005),2022,1537 E 95TH ST
O1425399,DRIVER,10b52000bddbe01cdbe71e30f7e1156a37c37386733db91cae7e87b90d84777ba53eca859eefcf5ce4f612c8adcd25ebf6c4b5ef705ac15539cf03dcf5abb8c7,1354593.0,M,,NOT APPLICABLE,NONE,NO INDICATION OF INJURY,NONE,NOT OBSCURED,NORMAL,,,,,2022-09-22 13:20:00,25,CLEAR,DAYLIGHT,REAR END,ONE-WAY,DRY,UNKNOWN,NOT ON SCENE (DESK REPORT),NO INJURY / DRIVE AWAY,,"OVER $1,500",09/22/2022 04:10:00 PM,UNABLE TO DETERMINE,UNABLE TO DETERMINE,,2,NO INDICATION OF INJURY,0.0,0.0,0.0,0.0,0.0,4.0,0.0,13,5,9,41.844053183,-87.728340985,POINT (-87.728340985154 41.844053183273),POINT (1149095.8721489205 1886343.7374058273),2022,2602 S KEDVALE AVE
O1406562,DRIVER,8bc6cdf819c3bd8e12277fcce94a10adbc473cb4d3ab296473ab5174782180d325abbd726d1b2d8e143fd33687227ca12f0333ecc495b5b95038775366376347,1336613.0,F,40.0,DID NOT DEPLOY,NONE,NO INDICATION OF INJURY,OTHER,NOT OBSCURED,NORMAL,,,,,2022-08-25 14:29:00,30,CLEAR,DAYLIGHT,REAR END,NOT DIVIDED,DRY,NO DEFECTS,ON SCENE,INJURY AND / OR TOW DUE TO CRASH,,"$501 - $1,500",08/25/2022 02:30:00 PM,DRIVING SKILLS/KNOWLEDGE/EXPERIENCE,FOLLOWING TOO CLOSELY,,2,NONINCAPACITATING INJURY,2.0,0.0,0.0,2.0,0.0,1.0,0.0,14,5,8,41.975475399,-87.659697012,POINT (-87.659697011694 41.975475398635),POINT (1167423.6810531898 1934373.334010517),2022,5129 N BROADWAY
O1408233,DRIVER,2a7ade39e2bf629aa2f92b5ede613d47fb26e196b6f54e9a0f9dcc2dc13bbf31243a9123b7a354df7ce42ec21b1822fa52990e0d5f369e32e2faee2dc064ef3a,1338221.0,X,,DEPLOYMENT UNKNOWN,NONE,NO INDICATION OF INJURY,TOO FAST FOR CONDITIONS,UNKNOWN,UNKNOWN,,,,,2022-08-26 22:35:00,30,CLEAR,"DARKNESS, LIGHTED ROAD",PEDESTRIAN,DIVIDED - W/MEDIAN (NOT RAISED),DRY,NO DEFECTS,,INJURY AND / OR TOW DUE TO CRASH,Y,"OVER $1,500",08/26/2022 10:45:00 PM,"OPERATING VEHICLE IN ERRATIC, RECKLESS, CARELESS, NEGLIGENT OR AGGRESSIVE MANNER",FAILING TO REDUCE SPEED TO AVOID CRASH,,2,INCAPACITATING INJURY,1.0,0.0,1.0,0.0,0.0,1.0,0.0,22,6,8,41.737561017,-87.719167593,POINT (-87.71916759275 41.737561016837),POINT (1151872.6227652049 1847556.4908600366),2022,3900 W COLUMBUS AVE
O1442187,DRIVER,b5e05fa753c836a06aba696d80189d5a1c1ba1996f194ff681c0244c20d758e771c1c65a753e22c55c11460cbf5a14be2fe5f32259d77e126df714a480a7a4e8,1370666.0,M,35.0,DID NOT DEPLOY,NONE,NO INDICATION OF INJURY,NONE,UNKNOWN,UNKNOWN,,,,,2022-10-17 01:10:00,30,CLEAR,"DARKNESS, LIGHTED ROAD",REAR END,NOT DIVIDED,DRY,NO DEFECTS,NOT ON SCENE (DESK REPORT),NO INJURY / DRIVE AWAY,,"OVER $1,500",10/17/2022 01:30:00 AM,UNABLE TO DETERMINE,NOT APPLICABLE,,2,NO INDICATION OF INJURY,0.0,0.0,0.0,0.0,0.0,3.0,0.0,1,2,10,41.811446744,-87.723868031,POINT (-87.723868030607 41.811446743513),POINT (1150398.9397205934 1874470.725365731),2022,4500 S PULASKI RD
O1437876,DRIVER,62eff417454f13ec13ca9381718aac0e0d1ac1a8cfd29c5cf5407bb5dd7b7ba9747b03c791229bae92b572ab47faaf10ba86199684a4dc154da7432ad317faa9,1366535.0,M,38.0,DID NOT DEPLOY,NONE,NO INDICATION OF INJURY,UNKNOWN,NOT OBSCURED,NORMAL,,,,,2022-10-11 00:10:00,30,CLEAR,"DARKNESS, LIGHTED ROAD",FIXED OBJECT,DIVIDED - W/MEDIAN (NOT RAISED),DRY,NO DEFECTS,ON SCENE,INJURY AND / OR TOW DUE TO CRASH,,"OVER $1,500",10/11/2022 12:15:00 AM,DRIVING SKILLS/KNOWLEDGE/EXPERIENCE,NOT APPLICABLE,,1,NO INDICATION OF INJURY,0.0,0.0,0.0,0.0,0.0,1.0,0.0,0,3,10,41.83393432,-87.674256803,POINT (-87.674256802768 41.833934320436),POINT (1163860.8752833921 1882764.9118500017),2022,1931 W 33RD ST
P309922,PASSENGER,3a54df169b8372e49faf8f75ac47dec2623a652ed9e0c23650f5b4e7d0ea845ab5020efe74df36fba09179b087f531f0d00fa01bb6ed0d1a4550598e6c419057,1324383.0,M,28.0,NOT APPLICABLE,NONE,NO INDICATION OF INJURY,,,,,,,,2022-08-06 21:47:00,15,CLEAR,"DARKNESS, LIGHTED ROAD",PEDESTRIAN,PARKING LOT,DRY,NO DEFECTS,ON SCENE,INJURY AND / OR TOW DUE TO CRASH,,$500 OR LESS,08/06/2022 09:47:00 PM,FAILING TO YIELD RIGHT-OF-WAY,DISTRACTION - FROM OUTSIDE VEHICLE,,2,NONINCAPACITATING INJURY,1.0,0.0,0.0,1.0,0.0,2.0,0.0,21,7,8,41.937771263,-87.637455976,POINT (-87.637455975797 41.937771263338),POINT (1173583.0156126977 1920682.140737733),2022,3100 N LAKE SHORE DR
O1398714,DRIVER,6f92652151755cc53a0a9d87e4639cc9b00ca57863ee7a84d0bb5b5910af3715b59e09bd45424c4caf296dd3f70e7e3a9c938235640aa872c6b52c8203caf710,1329104.0,F,47.0,NOT APPLICABLE,NONE,NO INDICATION OF INJURY,UNKNOWN,UNKNOWN,UNKNOWN,,,,,2022-08-14 13:40:00,30,CLEAR,DAYLIGHT,REAR END,NOT DIVIDED,DRY,NO DEFECTS,NOT ON SCENE (DESK REPORT),NO INJURY / DRIVE AWAY,,"OVER $1,500",08/14/2022 03:00:00 PM,UNABLE TO DETERMINE,NOT APPLICABLE,,2,NO INDICATION OF INJURY,0.0,0.0,0.0,0.0,0.0,2.0,0.0,13,1,8,41.6478759,-87.61708543,POINT (-87.617085429882 41.647875900018),POINT (1180005.5344849764 1815091.696597829),2022,13601 S INDIANA AVE
O1263936,DRIVER,732c41f6a29298f40069b6b920d95482d320da441d188d942635abeb95286c37dd7f885b27f61df957f3ea00fc12cb3b59512054eb239c88084ca2ce646de4f4,1199833.0,X,,DEPLOYMENT UNKNOWN,NONE,NO INDICATION OF INJURY,UNKNOWN,UNKNOWN,UNKNOWN,,,,,2022-01-12 15:00:00,30,UNKNOWN,DAYLIGHT,PARKED MOTOR VEHICLE,NOT DIVIDED,UNKNOWN,NO DEFECTS,NOT ON SCENE (DESK REPORT),NO INJURY / DRIVE AWAY,Y,"$501 - $1,500",01/16/2022 10:31:00 AM,UNABLE TO DETERMINE,UNABLE TO DETERMINE,,2,NO INDICATION OF INJURY,0.0,0.0,0.0,0.0,0.0,1.0,0.0,15,4,1,41.978083044,-87.792525649,POINT (-87.792525649363 41.978083044103),POINT (1131299.0867790524 1935067.5490469786),2022,5307 N NATOMA AVE
O1309660,DRIVER,f4e8fb19c1135e805817547fa7d4fdfd1840b74a83367408dcfa036a6cdd9db5a0869e702be57659fe5ca2c8a4d61af326702d3157402fe9471b2566cf01a986,1243783.0,F,42.0,DEPLOYMENT UNKNOWN,UNKNOWN,NO INDICATION OF INJURY,NONE,UNKNOWN,NORMAL,,,,,2022-04-01 18:30:00,35,CLEAR,DAYLIGHT,SIDESWIPE SAME DIRECTION,NOT DIVIDED,DRY,UNKNOWN,ON SCENE,NO INJURY / DRIVE AWAY,,"OVER $1,500",04/01/2022 06:35:00 PM,IMPROPER OVERTAKING/PASSING,NOT APPLICABLE,,2,NO INDICATION OF INJURY,0.0,0.0,0.0,0.0,0.0,2.0,0.0,18,6,4,41.896419527,-87.638835234,POINT (-87.638835233541 41.896419527193),POINT (1173329.7746553563 1905610.4641143398),2022,405 W CHICAGO AVE
O1472561,DRIVER,2f2806487cbca7881116a62cf187b088a1d74bccd2b162ff8b1569b197276fad2d95933ddb4a726f1f997d8d56323e17b0f2a0075d85736e3e4379feda454097,1399621.0,F,40.0,"DEPLOYED, FRONT",NONE,"REPORTED, NOT EVIDENT",UNKNOWN,NOT OBSCURED,NORMAL,,,,,2022-12-01 16:20:00,30,CLEAR,"DARKNESS, LIGHTED ROAD",ANGLE,FOUR WAY,DRY,NO DEFECTS,NOT ON SCENE (DESK REPORT),INJURY AND / OR TOW DUE TO CRASH,,"OVER $1,500",12/01/2022 04:33:00 PM,DISREGARDING TRAFFIC SIGNALS,NOT APPLICABLE,,2,"REPORTED, NOT EVIDENT",1.0,0.0,0.0,0.0,1.0,1.0,0.0,16,5,12,41.751512984,-87.576125765,POINT (-87.576125765304 41.751512984098),POINT (1190868.1490339742 1852951.51399851),2022,7900 S JEFFERY BLVD
P328275,PASSENGER,441f73eb3cf869e53deb9a48f3ee14892f4c7a02de229162265b3592a14f5615da67b1b18d0a53d26bf0df44cfaa6b59eabf06ec075bf01a55568508824d8944,1410079.0,M,,"DEPLOYED, COMBINATION",NONE,INCAPACITATING INJURY,,,,,,,Y,2022-12-18 02:38:00,30,CLEAR,"DARKNESS, LIGHTED ROAD",SIDESWIPE SAME DIRECTION,NOT DIVIDED,OTHER,NO DEFECTS,ON SCENE,INJURY AND / OR TOW DUE TO CRASH,Y,"OVER $1,500",12/18/2022 02:39:00 AM,IMPROPER OVERTAKING/PASSING,FAILING TO REDUCE SPEED TO AVOID CRASH,,2,FATAL,4.0,1.0,3.0,0.0,0.0,1.0,0.0,2,1,12,41.887121657,-87.752148404,POINT (-87.752148404484 41.887121657406),POINT (1142502.6498928296 1901992.9780304471),2022,5044 W LAKE ST
P301482,PASSENGER,749f87fde312bcaa85bc0d3888b1037bcf536b6a345b2a0d47ee8dcb539d4fab44a636d23534945371e943a1cd636f312d08fbbb66d4e803e5e19596a343fb53,1288307.0,M,,"DEPLOYED, FRONT",NONE,NONINCAPACITATING INJURY,,,,,,,,2022-06-11 10:38:00,30,CLOUDY/OVERCAST,DAYLIGHT,FIXED OBJECT,DIVIDED - W/MEDIAN BARRIER,DRY,NO DEFECTS,ON SCENE,INJURY AND / OR TOW DUE TO CRASH,Y,"OVER $1,500",06/11/2022 10:38:00 AM,UNABLE TO DETERMINE,UNABLE TO DETERMINE,,1,NONINCAPACITATING INJURY,2.0,0.0,0.0,2.0,0.0,0.0,0.0,10,7,6,41.794074293,-87.669778846,POINT (-87.669778845812 41.794074293257),POINT (1165193.3659040309 1868249.5225910712),2022,1806 W GARFIELD BLVD
O1285556,DRIVER,3e17ffbe7e812246201b869721315e5ff9b17767fb1719b0c9f71ee0acdfff823d65655166be8cb55acaff960ec06dfb3b699f2cb4a974eb224f73633fb34c1f,1220669.0,F,21.0,NOT APPLICABLE,NONE,NO INDICATION OF INJURY,NONE,NOT OBSCURED,NORMAL,,,,,2022-02-20 19:40:00,30,CLEAR,"DARKNESS, LIGHTED ROAD",REAR END,DIVIDED - W/MEDIAN (NOT RAISED),DRY,NO DEFECTS,ON SCENE,NO INJURY / DRIVE AWAY,Y,"OVER $1,500",02/20/2022 08:30:00 PM,FOLLOWING TOO CLOSELY,UNABLE TO DETERMINE,,4,NO INDICATION OF INJURY,0.0,0.0,0.0,0.0,0.0,4.0,0.0,19,1,2,41.925262085,-87.668090553,POINT (-87.66809055308 41.925262084631),POINT (1165283.3440367344 1916057.5997076791),2022,1598 W FULLERTON AVE
O1441631,DRIVER,cde6b0556f8d13e439806faf321149196b4a86a573f5a62cbb61f6c8c971f69b8f1205048970b078047dc702d75b3016749ca7a18ad996f265797e6a7545d0ce,1370128.0,F,,DID NOT DEPLOY,NONE,NO INDICATION OF INJURY,UNKNOWN,UNKNOWN,UNKNOWN,,,,,2022-10-16 01:00:00,30,CLEAR,"DARKNESS, LIGHTED ROAD",PEDESTRIAN,DIVIDED - W/MEDIAN (NOT RAISED),DRY,UNKNOWN,ON SCENE,INJURY AND / OR TOW DUE TO CRASH,Y,"OVER $1,500",10/16/2022 01:20:00 AM,UNABLE TO DETERMINE,UNABLE TO DETERMINE,,2,NONINCAPACITATING INJURY,1.0,0.0,0.0,1.0,0.0,1.0,0.0,1,1,10,41.677338693,-87.661236862,POINT (-87.661236861558 41.677338692728),POINT (1167854.855414969 1825730.3443519338),2022,11905 S ASHLAND AVE
O1472297,DRIVER,65a33187963bc13d3adc8fb01f0890dafa69d340916ae6095a78aeb563cc1908f3cc0846947565f62156a489904eec87c799de2c22fb02845b6e4ad988e80620,1399408.0,M,33.0,NOT APPLICABLE,NONE,NO INDICATION OF INJURY,NONE,NOT OBSCURED,NORMAL,,,,,2022-12-01 09:50:00,30,CLEAR,DAYLIGHT,TURNING,DIVIDED - W/MEDIAN (NOT RAISED),DRY,NO DEFECTS,NOT ON SCENE (DESK REPORT),NO INJURY / DRIVE AWAY,,"OVER $1,500",12/01/2022 10:20:00 AM,IMPROPER TURNING/NO SIGNAL,IMPROPER TURNING/NO SIGNAL,,2,NO INDICATION OF INJURY,0.0,0.0,0.0,0.0,0.0,2.0,0.0,9,5,12,41.837983514,-87.642321374,POINT (-87.642321374484 41.837983513663),POINT (1172552.0624315618 1884308.8158971006),2022,621 W 31ST ST
O1366249,DRIVER,0173d8f9e4fd2c55b8b3d5b1b0c486e5624786765b557812a23659815d5e8bea4e604655dbb76940ba16074806854197785229acd938f7497c6e56604ad55215,1298189.0,M,51.0,DID NOT DEPLOY,NONE,NO INDICATION OF INJURY,NONE,NOT OBSCURED,NORMAL,,,,,2022-06-24 22:00:00,35,CLEAR,DAYLIGHT,SIDESWIPE SAME DIRECTION,DIVIDED - W/MEDIAN (NOT RAISED),DRY,NO DEFECTS,NOT ON SCENE (DESK REPORT),NO INJURY / DRIVE AWAY,Y,"OVER $1,500",06/25/2022 04:30:00 PM,IMPROPER OVERTAKING/PASSING,UNABLE TO DETERMINE,,2,NO INDICATION OF INJURY,0.0,0.0,0.0,0.0,0.0,2.0,0.0,22,6,6,41.750203137,-87.668142762,POINT (-87.668142762174 41.750203137395),POINT (1165763.1534831845 1852266.6668546193),2022,7901 S WOOD ST
P303727,PASSENGER,e36a5c7bea9796c7f3e2d3544532007621234e2ead79cd465f9d1330b4810bcb52630e18b65b6bda0e5c2e7e02e848a0e59d54abd40f0273852a66016cf77679,1297175.0,M,1.0,NOT APPLICABLE,NONE,NO INDICATION OF INJURY,,,,,,,,2022-06-24 07:10:00,30,CLEAR,DAYLIGHT,REAR END,NOT DIVIDED,DRY,NO DEFECTS,ON SCENE,INJURY AND / OR TOW DUE TO CRASH,,"OVER $1,500",06/24/2022 07:15:00 AM,UNABLE TO DETERMINE,UNABLE TO DETERMINE,,2,NO INDICATION OF INJURY,0.0,0.0,0.0,0.0,0.0,7.0,0.0,7,6,6,41.94520566,-87.706981655,POINT (-87.706981655176 41.94520566043),POINT (1154646.7166571433 1923245.3716026936),2022,3522 N ELSTON AVE
O1334290,DRIVER,ad883f85a9ca1e0ca166f40cf07bf392159f616f374ab874a72ae89507710dd347247ee709ba4c61bbcaf2b2a9db5b8e0a85a34a2ad57a215a7e6d319e2fe0cc,1267531.0,M,69.0,NOT APPLICABLE,NONE,NO INDICATION OF INJURY,IMPROPER TURN,NOT OBSCURED,NORMAL,,,,,2022-05-10 14:53:00,30,CLEAR,DAYLIGHT,TURNING,NOT DIVIDED,DRY,NO DEFECTS,NOT ON SCENE (DESK REPORT),NO INJURY / DRIVE AWAY,,"OVER $1,500",05/10/2022 04:30:00 PM,IMPROPER TURNING/NO SIGNAL,UNABLE TO DETERMINE,,2,NO INDICATION OF INJURY,0.0,0.0,0.0,0.0,0.0,2.0,0.0,14,3,5,41.910583644,-87.678103422,POINT (-87.67810342197 41.910583643853),POINT (1162599.3831530411 1910687.7777618938),2022,2018 W NORTH AVE
O1355077,DRIVER,c57ebacb49f62afd292f3285b4e59d1b5f0d20ded2f5449d7de6bb826e8bd390de13baa7adddc8f933565147dcb63280531733ef4c6a4a1d2f2fb8626e339b25,1287533.0,X,,DEPLOYMENT UNKNOWN,NONE,NO INDICATION OF INJURY,UNKNOWN,UNKNOWN,UNKNOWN,,,,Y,2022-06-10 10:00:00,30,CLEAR,DAYLIGHT,ANGLE,ONE-WAY,DRY,NO DEFECTS,ON SCENE,INJURY AND / OR TOW DUE TO CRASH,Y,"OVER $1,500",06/10/2022 10:06:00 AM,"OPERATING VEHICLE IN ERRATIC, RECKLESS, CARELESS, NEGLIGENT OR AGGRESSIVE MANNER",FAILING TO YIELD RIGHT-OF-WAY,,2,NO INDICATION OF INJURY,0.0,0.0,0.0,0.0,0.0,2.0,0.0,10,6,6,41.847944338,-87.714745225,POINT (-87.714745225329 41.847944337765),POINT (1152790.1926865955 1887788.0491542397),2022,2401 S CENTRAL PARK AVE
O1429109,DRIVER,a19e19b5957dfae04dd6b41a423a4a7ea8f6559c103b1ebed4e84346f7f99d590cec0e2ca98dd1bdcf5989d1e53e4c3745d1214f06e3321b1e538667b7b65304,1358151.0,M,33.0,DID NOT DEPLOY,NONE,NO INDICATION OF INJURY,NONE,UNKNOWN,UNKNOWN,,,,,2022-09-28 08:00:00,30,CLEAR,DAYLIGHT,SIDESWIPE SAME DIRECTION,NOT DIVIDED,DRY,UNKNOWN,NOT ON SCENE (DESK REPORT),NO INJURY / DRIVE AWAY,,"$501 - $1,500",09/28/2022 09:20:00 AM,UNABLE TO DETERMINE,UNABLE TO DETERMINE,,2,NO INDICATION OF INJURY,0.0,0.0,0.0,0.0,0.0,2.0,0.0,8,4,9,41.660422811,-87.586391793,POINT (-87.586391793459 41.660422810648),POINT (1188354.7583474615 1819734.795778252),2022,1600 E 130TH ST
O1325652,DRIVER,271f925375edf845580e2f44caba5a7be4ae0e2f72beeec765344fbd713e07ec0fc2b5d571c45c46564a29ba4572be16f30a244de7f3278c055ca915cbf2eed0,1259220.0,F,34.0,NOT APPLICABLE,NONE,NONINCAPACITATING INJURY,IMPROPER TURN,UNKNOWN,NORMAL,,,,,2022-04-28 16:08:00,30,CLEAR,DAYLIGHT,TURNING,NOT DIVIDED,DRY,NO DEFECTS,ON SCENE,INJURY AND / OR TOW DUE TO CRASH,,"OVER $1,500",04/28/2022 04:10:00 PM,IMPROPER TURNING/NO SIGNAL,NOT APPLICABLE,,2,NONINCAPACITATING INJURY,1.0,0.0,0.0,1.0,0.0,1.0,0.0,16,5,4,41.909383154,-87.773989694,POINT (-87.77398969362 41.909383153725),POINT (1136502.5084447337 1910065.5282517609),2022,5932 W NORTH AVE
O1279608,DRIVER,3b7a66ba91104b53be7567ff4166be955dd72afccc46617d10720fd25e0006e9e8f210c34fa9a3448354f5731b84b32ef3dfd9a5a50ef364493433de6598b545,1214957.0,F,43.0,"DEPLOYED, FRONT",NONE,NO INDICATION OF INJURY,UNKNOWN,UNKNOWN,NORMAL,,,,,2022-02-11 08:40:00,30,CLEAR,DAYLIGHT,REAR END,DIVIDED - W/MEDIAN (NOT RAISED),DRY,NO DEFECTS,ON SCENE,INJURY AND / OR TOW DUE TO CRASH,,"OVER $1,500",02/11/2022 08:45:00 AM,DISTRACTION - FROM INSIDE VEHICLE,DISTRACTION - FROM INSIDE VEHICLE,,2,NO INDICATION OF INJURY,0.0,0.0,0.0,0.0,0.0,2.0,0.0,8,6,2,41.938418997,-87.770000955,POINT (-87.770000954725 41.938418996719),POINT (1137518.7323303197 1920653.3208426717),2022,5727 W BELMONT AVE
O1469207,DRIVER,67c9978c89dc3b1a41dbe814ff92c358fcb0528fbe561ac071bcb014b0ad5e16678819e7c8180693d05ab5868b1d03a89097ce3a372eb58cc66c33a60d560273,1396407.0,M,40.0,NOT APPLICABLE,NONE,NO INDICATION OF INJURY,NONE,UNKNOWN,UNKNOWN,,,,,2022-11-24 20:55:00,25,UNKNOWN,UNKNOWN,REAR END,NOT DIVIDED,UNKNOWN,UNKNOWN,NOT ON SCENE (DESK REPORT),NO INJURY / DRIVE AWAY,Y,"OVER $1,500",11/25/2022 04:35:00 PM,FOLLOWING TOO CLOSELY,UNABLE TO DETERMINE,,2,NO INDICATION OF INJURY,0.0,0.0,0.0,0.0,0.0,2.0,0.0,20,5,11,41.990463322,-87.711746575,POINT (-87.711746574908 41.990463321698),POINT (1153230.7821954745 1939728.011641722),2022,3300 W PETERSON AVE
O1367868,DRIVER,396554067100c6d8431020e09636870effa8118ba153612b5f16b73f9c58f49d1b4f70e1944cfcb879ad6d85d6360a867eaad72176d9a6c4fb3da015bd685f4d,1299728.0,F,65.0,DID NOT DEPLOY,NONE,NO INDICATION OF INJURY,UNKNOWN,UNKNOWN,UNKNOWN,,,,,2022-06-21 16:40:00,15,CLEAR,DAYLIGHT,REAR TO SIDE,PARKING LOT,DRY,NO DEFECTS,NOT ON SCENE (DESK REPORT),NO INJURY / DRIVE AWAY,,"OVER $1,500",06/27/2022 09:00:00 PM,FAILING TO YIELD RIGHT-OF-WAY,FAILING TO YIELD RIGHT-OF-WAY,,2,NO INDICATION OF INJURY,0.0,0.0,0.0,0.0,0.0,2.0,0.0,16,3,6,41.705769661,-87.720532937,POINT (-87.720532937399 41.705769661372),POINT (1151582.4411910477 1835969.4295088667),2022,3951 W 103RD ST
O1435328,DRIVER,3d09de6acd5b0323ec69247b9a86b7007e85e010c6bdc1b0d1265b90090647f2effe6b38c37ee3f49327e5a1f6bae037b0a1ee318fc5a64db9ea1935a88f4f4a,1364063.0,M,24.0,DEPLOYMENT UNKNOWN,NONE,NO INDICATION OF INJURY,FAILED TO YIELD,UNKNOWN,NORMAL,,,,,2022-10-07 07:45:00,30,RAIN,UNKNOWN,TURNING,T-INTERSECTION,WET,UNKNOWN,ON SCENE,NO INJURY / DRIVE AWAY,,"OVER $1,500",10/07/2022 07:50:00 AM,UNABLE TO DETERMINE,UNABLE TO DETERMINE,,2,NO INDICATION OF INJURY,0.0,0.0,0.0,0.0,0.0,2.0,0.0,7,6,10,41.855154462,-87.656491279,POINT (-87.656491278962 41.855154462063),POINT (1168641.4024201906 1890535.110092734),2022,2000 S RACINE AVE
P281014,PASSENGER,67346f26c938b2cab0f9f0d81879ebb7531ef868f5197905a730c02d0795b3eee6b37d70203d3b4078e4359dd06be367fef13e63168ad67e7af6a3ed8b34f046,1193243.0,F,26.0,NOT APPLICABLE,NONE,NO INDICATION OF INJURY,,,,,,,,2022-01-03 16:51:00,25,CLEAR,"DARKNESS, LIGHTED ROAD",ANGLE,FOUR WAY,ICE,NO DEFECTS,NOT ON SCENE (DESK REPORT),NO INJURY / DRIVE AWAY,,"OVER $1,500",01/03/2022 06:00:00 PM,DISREGARDING TRAFFIC SIGNALS,DRIVING SKILLS/KNOWLEDGE/EXPERIENCE,,3,NO INDICATION OF INJURY,0.0,0.0,0.0,0.0,0.0,8.0,0.0,16,2,1,41.851158217,-87.724895542,POINT (-87.72489554232 41.851158217386),POINT (1150016.3332536998 1888939.4184109692),2022,4000 W OGDEN AVE
P312433,PASSENGER,1647560c999ec0bab6dd33a34b62dd1186213806164967b5ba4f31778281a2d2533b1bab21b17ff7165ced4b900a4e09e57ae74d6af3c3019bee9f45e3faf874,1336240.0,M,25.0,NOT APPLICABLE,NONE,"REPORTED, NOT EVIDENT",,,,,,,,2022-08-25 21:38:00,30,CLEAR,"DARKNESS, LIGHTED ROAD",SIDESWIPE SAME DIRECTION,NOT DIVIDED,DRY,NO DEFECTS,ON SCENE,INJURY AND / OR TOW DUE TO CRASH,,"OVER $1,500",08/25/2022 09:39:00 PM,IMPROPER TURNING/NO SIGNAL,NOT APPLICABLE,,2,INCAPACITATING INJURY,4.0,0.0,1.0,2.0,1.0,1.0,0.0,21,5,8,41.880776008,-87.730698384,POINT (-87.730698383664 41.880776007835),POINT (1148359.6040781238 1899720.9196255524),2022,4200 W MADISON ST
O1262511,DRIVER,4cdfcb111857fb2dec1d9242af0b79919a31f31b94bf7122aeccdb180db9b31b5d29ca763276385fc2d876489c7fddead3f33f10670c4d3368252cfbe95e7c64,1198461.0,M,33.0,"DEPLOYED, FRONT",NONE,NO INDICATION OF INJURY,NONE,NOT OBSCURED,NORMAL,,,,,2022-01-14 03:08:00,30,CLEAR,"DARKNESS, LIGHTED ROAD",TURNING,FOUR WAY,DRY,NO DEFECTS,ON SCENE,NO INJURY / DRIVE AWAY,,"OVER $1,500",01/14/2022 03:11:00 AM,FAILING TO REDUCE SPEED TO AVOID CRASH,NOT APPLICABLE,,2,NO INDICATION OF INJURY,0.0,0.0,0.0,0.0,0.0,2.0,0.0,3,6,1,41.750817154,-87.625798777,POINT (-87.625798777199 41.750817153577),POINT (1177315.9480722689 1852582.582578676),2022,29 W 79TH ST
O1399599,DRIVER,482d666be1d6121f2ef05dcd5028ba3cfc5eb778caccf5f4acea27ee9b4b41f5a15ba20cd398c517a942747761480aedeb715613ecbe7999733a69998b0cfec6,1329979.0,F,35.0,NOT APPLICABLE,NONE,NO INDICATION OF INJURY,NONE,NOT OBSCURED,NORMAL,,,,N,2022-08-15 11:45:00,30,CLEAR,DAYLIGHT,REAR END,NOT DIVIDED,DRY,NO DEFECTS,NOT ON SCENE (DESK REPORT),NO INJURY / DRIVE AWAY,,"OVER $1,500",08/15/2022 12:00:00 PM,IMPROPER OVERTAKING/PASSING,UNABLE TO DETERMINE,,3,NO INDICATION OF INJURY,0.0,0.0,0.0,0.0,0.0,5.0,0.0,11,2,8,41.856844443,-87.685911659,POINT (-87.685911659309 41.856844443115),POINT (1160621.755365123 1891089.1281278983),2022,1820 S WESTERN AVE