PERSON_ID,PERSON_TYPE,CRASH_RECORD_ID,VEHICLE_ID,SEX,AGE,AIRBAG_DEPLOYED,EJECTION,INJURY_CLASSIFICATION,DRIVER_ACTION,DRIVER_VISION,PHYSICAL_CONDITION,PEDPEDAL_ACTION,PEDPEDAL_VISIBILITY,PEDPEDAL_LOCATION,CRASH_DATE_EST_I,CRASH_DATE,POSTED_SPEED_LIMIT,WEATHER_CONDITION,LIGHTING_CONDITION,FIRST_CRASH_TYPE,TRAFFICWAY_TYPE,ROADWAY_SURFACE_COND,ROAD_DEFECT,REPORT_TYPE,CRASH_TYPE,HIT_AND_RUN_I,DAMAGE,DATE_POLICE_NOTIFIED,PRIM_CONTRIBUTORY_CAUSE,SEC_CONTRIBUTORY_CAUSE,DOORING_I,NUM_UNITS,MOST_SEVERE_INJURY,INJURIES_TOTAL,INJURIES_FATAL,INJURIES_INCAPACITATING,INJURIES_NON_INCAPACITATING,INJURIES_REPORTED_NOT_EVIDENT,INJURIES_NO_INDICATION,INJURIES_UNKNOWN,CRASH_HOUR,CRASH_DAY_OF_WEEK,CRASH_MONTH,LATITUDE,LONGITUDE,LOCATION,geometry,YEAR,ADDRESS
O1727795,DRIVER,0e449933819b777f15449647fad8ad25f39f44d03c8beb738ea4523fa25ff70c02414e980366cc988d87b53f968939a6796beb4b79151dbe8b8a59da84b9b347,1644802.0,M,46.0,NOT APPLICABLE,NONE,NO INDICATION OF INJURY,NONE,NOT OBSCURED,NORMAL,,,,,2023-12-09 15:30:00,30,CLEAR,DAYLIGHT,ANGLE,CENTER TURN LANE,DRY,NO DEFECTS,NOT ON SCENE (DESK REPORT),NO INJURY / DRIVE AWAY,,"$501 - $1,500",12/22/2023 09:45:00 AM,IMPROPER LANE USAGE,FAILING TO YIELD RIGHT-OF-WAY,,2,NO INDICATION OF INJURY,0.0,0.0,0.0,0.0,0.0,3.0,0.0,15,7,12,41.929761102,-87.746667931,POINT (-87.746667930815 41.929761102155),POINT (1143888.6805057388 1917540.9499960544),2023,2700 N CICERO AVE
O1519635,DRIVER,8845926d23e9130666e718c3c2b98ab55841fdde36c4b8e1918f2ac3b1fd0668f664d9d1c9157fc28b9d0fac8c339cc0a5da9d9048f7e9fd8914bd56a5630125,1444865.0,M,54.0,DID NOT DEPLOY,NONE,NO INDICATION OF INJURY,NONE,NOT OBSCURED,UNKNOWN,,,,,2023-02-16 13:15:00,30,CLEAR,DAYLIGHT,REAR END,ONE-WAY,WET,NO DEFECTS,NOT ON SCENE (DESK REPORT),NO INJURY / DRIVE AWAY,,"OVER $1,500",02/17/2023 05:05:00 PM,UNABLE TO DETERMINE,NOT APPLICABLE,,2,NO INDICATION OF INJURY,0.0,0.0,0.0,0.0,0.0,4.0,0.0,13,5,2,41.772638717,-87.624978935,POINT (-87.624978934869 41.772638716509),POINT (1177474.1820139298 1860536.0229491098),2023,6701 S STATE ST
P349567,PASSENGER,389ea17c11158645d33fc58aeb59a1f4f8318bf7fb8bc05c83bcff789612e4c0cdf8600c6a464e98f3cbb258782a20ac4d4e433f8ed37058b009b3c0a43c0684,1504578.0,M,,DID NOT DEPLOY,NONE,NO INDICATION OF INJURY,,,,,,,,2023-05-22 16:30:00,30,CLEAR,DAYLIGHT,SIDESWIPE SAME DIRECTION,NOT DIVIDED,DRY,NO DEFECTS,NOT ON SCENE (DESK REPORT),NO INJURY / DRIVE AWAY,,"OVER $1,500",05/22/2023 05:16:00 PM,NOT APPLICABLE,NOT APPLICABLE,,2,NO INDICATION OF INJURY,0.0,0.0,0.0,0.0,0.0,4.0,0.0,16,2,5,41.804880592,-87.719484601,POINT (-87.719484601395 41.804880592396),POINT (1151611.019684357 1872086.5646785053),2023,4868 S ARCHER AVE
P365135,PASSENGER,f25f18ead9ab62aa54b722368c3adedbb25959540b2c99185c991beef6ae591810655aebcc657dad08e0b062fe97d3ae6b714c305435072806f84799dc22e4bd,1570164.0,M,0.0,NOT APPLICABLE,NONE,NO INDICATION OF INJURY,,,,,,,Y,2023-08-30 13:30:00,25,CLEAR,DAYLIGHT,ANGLE,NOT DIVIDED,DRY,NO DEFECTS,NOT ON SCENE (DESK REPORT),NO INJURY / DRIVE AWAY,,"OVER $1,500",08/30/2023 02:00:00 PM,UNABLE TO DETERMINE,UNABLE TO DETERMINE,,2,NO INDICATION OF INJURY,0.0,0.0,0.0,0.0,0.0,3.0,0.0,13,4,8,41.792609835,-87.596632058,POINT (-87.596632058188 41.7926098353),POINT (1185144.3111524337 1867878.329715129),2023,5620 S WOODLAWN AVE
O1582211,DRIVER,68fa082ce903e68afa438101b2c2d1ef9aacbf488157377607eb34b1787ea86e4e1944fdac90ebc92b9d33e3bfac92c9c80d8ab616fc005cb62b66d1f37d8622,1505365.0,M,33.0,"DEPLOYED, COMBINATION",NONE,NONINCAPACITATING INJURY,NONE,UNKNOWN,NORMAL,,,,,2023-05-23 16:50:00,25,CLEAR,DAYLIGHT,ANGLE,ALLEY,UNKNOWN,UNKNOWN,ON SCENE,INJURY AND / OR TOW DUE TO CRASH,,"OVER $1,500",05/23/2023 05:02:00 PM,FAILING TO REDUCE SPEED TO AVOID CRASH,NOT APPLICABLE,,2,NONINCAPACITATING INJURY,2.0,0.0,0.0,2.0,0.0,1.0,0.0,16,3,5,41.970261061,-87.719982471,POINT (-87.719982470869 41.970261061046),POINT (1151044.5273939108 1932350.067561814),2023,3640 W AINSLIE ST
O1565350,DRIVER,13419f7e489ab2b0aae51559d1338a08ad2a336ad1623a43fd5582c96791d7435713697fbe9b70bb8b50abc484a609d2344745fe295c54db538fb07363663d0c,1489031.0,F,28.0,NOT APPLICABLE,NONE,NO INDICATION OF INJURY,NONE,NOT OBSCURED,NORMAL,,,,,2023-04-30 00:44:00,30,CLEAR,"DARKNESS, LIGHTED ROAD",REAR END,ONE-WAY,DRY,NO DEFECTS,NOT ON SCENE (DESK REPORT),NO INJURY / DRIVE AWAY,,"OVER $1,500",04/30/2023 01:00:00 AM,FOLLOWING TOO CLOSELY,FOLLOWING TOO CLOSELY,,2,NO INDICATION OF INJURY,0.0,0.0,0.0,0.0,0.0,2.0,0.0,0,1,4,41.892485454,-87.62982444,POINT (-87.62982443971 41.892485453597),POINT (1175794.7660470847 1904196.8745485817),2023,600 N DEARBORN ST
P330143,PASSENGER,725c5957efb57b9b0d2d2a490e8930e4a7f4e92925087701787b2c135a7e4acb620df152343c0add755a36f3a403fcf829450bf132359e1b0258c583d2ffcb4d,1418804.0,,,NOT APPLICABLE,NONE,NO INDICATION OF INJURY,,,,,,,,2023-01-02 20:25:00,55,RAIN,"DARKNESS, LIGHTED ROAD",REAR END,OTHER,WET,NO DEFECTS,NOT ON SCENE (DESK REPORT),NO INJURY / DRIVE AWAY,,"OVER $1,500",01/02/2023 08:45:00 PM,FOLLOWING TOO CLOSELY,NOT APPLICABLE,,2,NO INDICATION OF INJURY,0.0,0.0,0.0,0.0,0.0,7.0,0.0,20,2,1,41.87528463,-87.647278071,POINT (-87.647278070867 41.875284629557),POINT (1171092.7395926297 1897890.4255953194),2023,801 W EISENHOWER EXPY IB
O1534693,DRIVER,09041cba06d9de7284ba41b953c1cde8fb5a93fd1767ea2aea5f0ae0cd98c35a5230bf31ed9f4016c5a2d1d24506cc801d1105623c670c413db126c9ae42df37,1459352.0,M,42.0,NOT APPLICABLE,NONE,NO INDICATION OF INJURY,NONE,NOT OBSCURED,NORMAL,,,,,2023-03-13 17:44:00,30,CLEAR,DAYLIGHT,SIDESWIPE SAME DIRECTION,NOT DIVIDED,DRY,NO DEFECTS,NOT ON SCENE (DESK REPORT),NO INJURY / DRIVE AWAY,,"$501 - $1,500",03/13/2023 06:45:00 PM,IMPROPER OVERTAKING/PASSING,NOT APPLICABLE,,2,NO INDICATION OF INJURY,0.0,0.0,0.0,0.0,0.0,2.0,0.0,17,2,3,41.807809442,-87.737000996,POINT (-87.737000995993 41.807809442407),POINT (1146827.8878989313 1873120.197817545),2023,4530 W 47TH ST
O1610526,DRIVER,d4d6ae54794190ad90d722b7f5fd875da7e1246a4bd551cec2008cbf13f084624dc9f5690dfae418548e6a8fed5a26f05416714db62ec8e389e9b78e40a7b7ea,1532571.0,F,26.0,DID NOT DEPLOY,NONE,NO INDICATION OF INJURY,NONE,NOT OBSCURED,NORMAL,,,,,2023-07-03 16:20:00,30,CLEAR,DAYLIGHT,TURNING,NOT DIVIDED,DRY,NO DEFECTS,ON SCENE,NO INJURY / DRIVE AWAY,,"$501 - $1,500",07/03/2023 04:25:00 PM,FAILING TO REDUCE SPEED TO AVOID CRASH,NOT APPLICABLE,,2,NO INDICATION OF INJURY,0.0,0.0,0.0,0.0,0.0,2.0,0.0,16,2,7,41.896935906,-87.638540073,POINT (-87.638540072529 41.896935906446),POINT (1173408.6099614059 1905799.283443952),2023,811 N SEDGWICK ST
O1511876,DRIVER,728479f8d08734f06f8e0cb13b5231f9b5c5003011e8fa4cc7b37be363401ff7c46a6e0a071d99e32f7967f6ef0f424666e900ab289075ac1d12ba707eb9d1ef,1437448.0,F,26.0,DID NOT DEPLOY,NONE,NO INDICATION OF INJURY,UNKNOWN,UNKNOWN,UNKNOWN,,,,,2023-02-04 23:00:00,30,CLEAR,UNKNOWN,SIDESWIPE SAME DIRECTION,UNKNOWN,UNKNOWN,UNKNOWN,ON SCENE,NO INJURY / DRIVE AWAY,,"OVER $1,500",02/04/2023 11:22:00 PM,UNABLE TO DETERMINE,UNABLE TO DETERMINE,,2,NO INDICATION OF INJURY,0.0,0.0,0.0,0.0,0.0,2.0,0.0,23,7,2,41.872895537,-87.754952034,POINT (-87.754952034216 41.872895536655),POINT (1141774.17354211 1896803.8468116343),2023,600 S LARAMIE AVE
O1567287,DRIVER,d0740ac1c0a20edddfe05cb2f58630f468c65218aec91264311ed6be6ab389eb6f66e8e804cf55be660f72c4c4f4d26ed7d365fd162407696b8cbddd4666e489,1490942.0,M,,DEPLOYMENT UNKNOWN,NONE,NO INDICATION OF INJURY,EVADING POLICE VEHICLE,UNKNOWN,UNKNOWN,,,,,2023-04-14 20:58:00,20,CLEAR,"DARKNESS, LIGHTED ROAD",HEAD ON,OTHER,DRY,NO DEFECTS,NOT ON SCENE (DESK REPORT),NO INJURY / DRIVE AWAY,Y,"OVER $1,500",04/14/2023 08:58:00 PM,"OPERATING VEHICLE IN ERRATIC, RECKLESS, CARELESS, NEGLIGENT OR AGGRESSIVE MANNER",NOT APPLICABLE,,2,NO INDICATION OF INJURY,0.0,0.0,0.0,0.0,0.0,3.0,0.0,20,6,4,41.872561265,-87.714892845,POINT (-87.714892845341 41.872561265205),POINT (1152685.3571220504 1896758.101020411),2023,3543 W FLOURNOY ST
O1604244,DRIVER,1749623186629924cc4817466d977877841a5ade252e8f1ce3d04a3377c35959a03566fea25215b08eca354f19c382d9400953cbeba85d6aeb98e66a35d1e255,1526517.0,M,30.0,DID NOT DEPLOY,NONE,NO INDICATION OF INJURY,EVADING POLICE VEHICLE,NOT OBSCURED,UNKNOWN,,,,,2023-06-24 01:48:00,35,CLEAR,"DARKNESS, LIGHTED ROAD",HEAD ON,NOT DIVIDED,DRY,NO DEFECTS,ON SCENE,INJURY AND / OR TOW DUE TO CRASH,Y,"OVER $1,500",06/24/2023 01:48:00 AM,"OPERATING VEHICLE IN ERRATIC, RECKLESS, CARELESS, NEGLIGENT OR AGGRESSIVE MANNER",FAILING TO REDUCE SPEED TO AVOID CRASH,,2,NO INDICATION OF INJURY,0.0,0.0,0.0,0.0,0.0,4.0,0.0,1,7,6,41.869815883,-87.643125802,POINT (-87.643125802425 41.869815883065),POINT (1172239.613524788 1895906.6881883666),2023,620 W TAYLOR ST
O1573677,BICYCLE,e49df8a328b72f5fbd43cbbc1aa187df1ffedaf5d7d0d9c15f3d9126c4f5df2b6cbb32ddf5c14ce700f156aa0842f1bf55f354da116970f7d681c3f794826955,,M,32.0,,TOTALLY EJECTED,NO INDICATION OF INJURY,NONE,NOT OBSCURED,NORMAL,WITH TRAFFIC,NO CONTRASTING CLOTHING,IN ROADWAY,,2023-05-11 17:16:00,30,CLEAR,DAYLIGHT,PEDALCYCLIST,ONE-WAY,DRY,NO DEFECTS,ON SCENE,NO INJURY / DRIVE AWAY,,"OVER $1,500",05/11/2023 05:17:00 PM,DISTRACTION - FROM INSIDE VEHICLE,NOT APPLICABLE,Y,2,NO INDICATION OF INJURY,0.0,0.0,0.0,0.0,0.0,1.0,0.0,17,5,5,41.815714749,-87.62315454,POINT (-87.623154539655 41.815714749373),POINT (1177842.169582791 1876236.770669451),2023,4326 S MICHIGAN AVE
O1563871,DRIVER,5929ee174317e9a3adb308690e606db7d6be270bca1b831bd5b42d4f25ee37a45ab4e7c473bb990f7f8c5c982d0515cb6790c104549c36f0bb069e2686311688,1487589.0,M,27.0,NOT APPLICABLE,NONE,"REPORTED, NOT EVIDENT",OTHER,UNKNOWN,NORMAL,,,,,2023-04-27 17:10:00,30,CLEAR,DAYLIGHT,REAR END,NOT DIVIDED,DRY,NO DEFECTS,ON SCENE,INJURY AND / OR TOW DUE TO CRASH,,"OVER $1,500",04/27/2023 05:50:00 PM,FOLLOWING TOO CLOSELY,NOT APPLICABLE,,2,"REPORTED, NOT EVIDENT",1.0,0.0,0.0,0.0,1.0,1.0,0.0,17,5,4,41.880614281,-87.74470148,POINT (-87.744701479566 41.880614280785),POINT (1144546.6689079618 1899635.5208942674),2023,4746 W MADISON ST
O1645039,DRIVER,5e5575f4997df936ee75d90ee419712ec89e0c10a35df8815e31252d4acfa50d70d4e8c3277446ee5c20c8b726a476757d116b06c845a0546bb9699fc06e0b5d,1565469.0,X,,DEPLOYMENT UNKNOWN,UNKNOWN,NO INDICATION OF INJURY,UNKNOWN,UNKNOWN,UNKNOWN,,,,,2023-08-22 15:00:00,30,UNKNOWN,UNKNOWN,PARKED MOTOR VEHICLE,UNKNOWN,UNKNOWN,UNKNOWN,NOT ON SCENE (DESK REPORT),NO INJURY / DRIVE AWAY,Y,"OVER $1,500",08/23/2023 02:20:00 PM,UNABLE TO DETERMINE,NOT APPLICABLE,,2,NO INDICATION OF INJURY,0.0,0.0,0.0,0.0,0.0,1.0,0.0,15,3,8,41.943360797,-87.757872903,POINT (-87.757872903004 41.943360796906),POINT (1140806.3966735555 1922476.0399091353),2023,5224 W NEWPORT AVE
O1701053,DRIVER,1e1aaad74f8449c66f3248b20f785a88e589a4d345f493f2fbbd09625afb78ee5af206aafaa8649108d2b629ffa72c782aecb961257fd50f4ea5d5157bc53b20,1619078.0,M,44.0,NOT APPLICABLE,TOTALLY EJECTED,NONINCAPACITATING INJURY,OTHER,MOVING VEHICLES,NORMAL,,,,,2023-11-10 13:48:00,30,CLEAR,DAYLIGHT,ANGLE,DIVIDED - W/MEDIAN (NOT RAISED),DRY,NO DEFECTS,ON SCENE,INJURY AND / OR TOW DUE TO CRASH,,"OVER $1,500",11/10/2023 01:53:00 PM,FAILING TO REDUCE SPEED TO AVOID CRASH,"VISION OBSCURED (SIGNS, TREE LIMBS, BUILDINGS, ETC.)",,2,NONINCAPACITATING INJURY,1.0,0.0,0.0,1.0,0.0,1.0,0.0,13,6,11,41.956904797,-87.724077588,POINT (-87.724077587619 41.956904797338),POINT (1149965.5046371352 1927475.0492850745),2023,4180 N ELSTON AVE
O1515323,DRIVER,8f6fd692878b498c9acff1f854ce03075aa78fc4d0a857625b27db3b842044730ded7073c6af7c23b9fa11560132e992d25721f2988af06f57a58e1865ae2c4a,1440710.0,M,41.0,DID NOT DEPLOY,NONE,NO INDICATION OF INJURY,NONE,NOT OBSCURED,NORMAL,,,,Y,2023-02-10 16:20:00,30,CLEAR,DAYLIGHT,ANGLE,FOUR WAY,DRY,NO DEFECTS,ON SCENE,NO INJURY / DRIVE AWAY,,"OVER $1,500",02/10/2023 04:27:00 PM,FAILING TO YIELD RIGHT-OF-WAY,NOT APPLICABLE,,3,NO INDICATION OF INJURY,0.0,0.0,0.0,0.0,0.0,5.0,0.0,16,6,2,41.8844735,-87.745570787,POINT (-87.745570786944 41.884473499553),POINT (1144300.3061228136 1901040.1918117749),2023,200 N CICERO AVE
P343838,PASSENGER,553f2311f6a59894bfcc0e4163fe2b245585b5491a69f1fd9e347d90d2f083cabebe84a588ebae3103b70d29fd6e238150c2840adade69372e5d6217cf4fc89b,1479923.0,M,30.0,DID NOT DEPLOY,NONE,NO INDICATION OF INJURY,,,,,,,,2023-04-15 22:35:00,30,CLEAR,"DARKNESS, LIGHTED ROAD",REAR END,DIVIDED - W/MEDIAN (NOT RAISED),DRY,NO DEFECTS,ON SCENE,NO INJURY / DRIVE AWAY,,"$501 - $1,500",04/15/2023 10:40:00 PM,UNABLE TO DETERMINE,NOT APPLICABLE,,2,NO INDICATION OF INJURY,0.0,0.0,0.0,0.0,0.0,5.0,0.0,22,7,4,41.777878666,-87.776323714,POINT (-87.776323714475 41.777878666016),POINT (1136177.9731784356 1862141.7120900718),2023,6158 W 63RD ST
P367112,PASSENGER,6b37d72dc7895fb8e72514c18d90247a1be73e70290ce4170d2bba2ef0fa7b4426591ac10a731538785ff3438234c81a1686b0616c2cb8112cf3ea0ac2ba58cd,1578307.0,F,36.0,DID NOT DEPLOY,NONE,NONINCAPACITATING INJURY,,,,,,,,2023-09-11 11:35:00,30,RAIN,DAYLIGHT,TURNING,NOT DIVIDED,WET,UNKNOWN,ON SCENE,INJURY AND / OR TOW DUE TO CRASH,,"OVER $1,500",09/11/2023 11:44:00 AM,FAILING TO YIELD RIGHT-OF-WAY,UNABLE TO DETERMINE,,2,NONINCAPACITATING INJURY,2.0,0.0,0.0,2.0,0.0,2.0,0.0,11,2,9,41.903692966,-87.652311256,POINT (-87.652311256233 41.903692966481),POINT (1169639.8165072522 1908231.4964214598),2023,930 W DIVISION ST
O1664629,DRIVER,21883698f9f8e3909c3b5692410e7519b30ee087619a62d79cfccf331c31fc161a9959d6020cb31650bdd9c0a0aceb6d706a5ba6aaa9f356d8570ca881cba5ed,1584270.0,M,52.0,NOT APPLICABLE,NONE,NO INDICATION OF INJURY,NONE,NOT OBSCURED,NORMAL,,,,,2023-09-19 14:30:00,30,RAIN,DAYLIGHT,REAR END,NOT DIVIDED,WET,NO DEFECTS,NOT ON SCENE (DESK REPORT),NO INJURY / DRIVE AWAY,,"OVER $1,500",09/19/2023 06:15:00 PM,WEATHER,UNABLE TO DETERMINE,,2,NO INDICATION OF INJURY,0.0,0.0,0.0,0.0,0.0,2.0,0.0,14,3,9,41.997433078,-87.792391833,POINT (-87.792391833409 41.997433077913),POINT (1131290.9360005942 1942119.0235774126),2023,6600 W DEVON AVE
P369560,PASSENGER,9f96195f9ddce76ff67f1e966ef2717aaa89e34d33a45cb67f81299f5e39b63f3f7dd27092f23fe894626e824d169742102d0ceba1f82ab5ed7efcdfd907aca9,1589101.0,F,9.0,DID NOT DEPLOY,NONE,NO INDICATION OF INJURY,,,,,,,,2023-09-24 22:30:00,30,CLEAR,"DARKNESS, LIGHTED ROAD",REAR END,NOT DIVIDED,DRY,NO DEFECTS,,NO INJURY / DRIVE AWAY,Y,"$501 - $1,500",09/25/2023 12:00:00 PM,FOLLOWING TOO CLOSELY,NOT APPLICABLE,,2,NO INDICATION OF INJURY,0.0,0.0,0.0,0.0,0.0,7.0,0.0,22,1,9,41.692008076,-87.661805873,POINT (-87.661805873456 41.692008076233),POINT (1167657.745048018 1831074.4604166832),2023,1541 W 111TH ST
O1609997,DRIVER,fa7b02b6b473f3e35f2f615616eb4eeb6a5533e9a99ff00a3c8f8d6f6fd640a682945daaaa71f4a699d9d3ab4f68ddb644208522cac0a0976cf5bb126513afc1,1532058.0,X,,DEPLOYMENT UNKNOWN,UNKNOWN,NO INDICATION OF INJURY,UNKNOWN,UNKNOWN,UNKNOWN,,,,,2023-07-02 16:39:00,30,RAIN,DAYLIGHT,TURNING,NOT DIVIDED,WET,UNKNOWN,ON SCENE,INJURY AND / OR TOW DUE TO CRASH,Y,"OVER $1,500",07/02/2023 04:42:00 PM,IMPROPER TURNING/NO SIGNAL,NOT APPLICABLE,,2,NO INDICATION OF INJURY,0.0,0.0,0.0,0.0,0.0,3.0,0.0,16,1,7,41.876969182,-87.726198928,POINT (-87.726198928228 41.876969181983),POINT (1149594.7143668206 1898342.354482643),2023,4015 W JACKSON BLVD
O1713381,BICYCLE,74b08824b5704f3d3d6a3b72eacc901ad5c0696e824849449af254557be9a1f7e825d2eed3a09182660baf8f58a77c924e4125c92abad5aad94e649367b1119a,,M,35.0,,NONE,NO INDICATION OF INJURY,UNKNOWN,PARKED VEHICLES,NORMAL,CROSSING - NO CONTROLS (AT INTERSECTION),NO CONTRASTING CLOTHING,BIKE LANE,,2023-11-30 18:05:00,30,CLEAR,DARKNESS,PEDALCYCLIST,DIVIDED - W/MEDIAN BARRIER,DRY,NO DEFECTS,ON SCENE,NO INJURY / DRIVE AWAY,,$500 OR LESS,11/30/2023 06:16:00 PM,UNABLE TO DETERMINE,UNABLE TO DETERMINE,,2,NO INDICATION OF INJURY,0.0,0.0,0.0,0.0,0.0,3.0,0.0,18,5,11,41.938250082,-87.696443968,POINT (-87.696443968308 41.938250081726),POINT (1157532.3009806466 1920731.8656666493),2023,3139 N ELSTON AVE
O1574334,DRIVER,8e456fd85fac35f48318639516a36f7f60da02db8746c78b3c227afd0ba3ed6766009f803f67419f5fa1401357da486516d7f29a78ab792a7a10bd70a577c2ef,1497737.0,M,,DEPLOYMENT UNKNOWN,NONE,NO INDICATION OF INJURY,UNKNOWN,UNKNOWN,UNKNOWN,,,,,2023-05-11 18:48:00,30,CLEAR,DAYLIGHT,PARKED MOTOR VEHICLE,ONE-WAY,DRY,NO DEFECTS,ON SCENE,INJURY AND / OR TOW DUE TO CRASH,N,"OVER $1,500",05/11/2023 06:50:00 PM,DRIVING SKILLS/KNOWLEDGE/EXPERIENCE,NOT APPLICABLE,,2,NO INDICATION OF INJURY,0.0,0.0,0.0,0.0,0.0,2.0,0.0,18,5,5,41.75743609,-87.620055555,POINT (-87.620055555162 41.757436090101),POINT (1178863.1222439625 1855007.4060015786),2023,7528 S INDIANA AVE
P344898,PASSENGER,c25b693f01c65dc97bcb6455d543b47a222b9298f12da73b0d28ccc3e4ee73cffd8d2400d056bccde90dc7824dc5f4e7e20ca4201dbf4197f5a06aa3c548c1b5,1484490.0,M,,NOT APPLICABLE,NONE,NO INDICATION OF INJURY,,,,,,,,2023-04-23 02:50:00,30,CLEAR,"DARKNESS, LIGHTED ROAD",REAR END,NOT DIVIDED,DRY,NO DEFECTS,NOT ON SCENE (DESK REPORT),NO INJURY / DRIVE AWAY,Y,"OVER $1,500",04/23/2023 03:00:00 AM,FOLLOWING TOO CLOSELY,FOLLOWING TOO CLOSELY,,2,NO INDICATION OF INJURY,0.0,0.0,0.0,0.0,0.0,4.0,0.0,2,1,4,42.005097003,-87.692573085,POINT (-87.692573085402 42.005097002685),POINT (1158403.2883370398 1945099.0304753825),2023,2500 W PRATT BLVD
O1536908,DRIVER,efe9a1164219b9864fedc3dbaf08eab962412d153bc63560501aba2370321b6e6d204b01336cf1fbe458b0f088f95f7560458bf071a80dc75297704155e74557,1461517.0,F,30.0,NOT APPLICABLE,NONE,NO INDICATION OF INJURY,NONE,UNKNOWN,UNKNOWN,,,,,2023-03-16 23:30:00,30,RAIN,"DARKNESS, LIGHTED ROAD",TURNING,T-INTERSECTION,WET,UNKNOWN,ON SCENE,INJURY AND / OR TOW DUE TO CRASH,,"OVER $1,500",03/17/2023 12:14:00 AM,FAILING TO YIELD RIGHT-OF-WAY,FAILING TO YIELD RIGHT-OF-WAY,,2,NO INDICATION OF INJURY,0.0,0.0,0.0,0.0,0.0,3.0,0.0,23,5,3,41.867620541,-87.61900613,POINT (-87.619006130166 41.867620540823),POINT (1178815.7055510154 1895160.454049022),2023,342 E ROOSEVELT DR
O1677128,DRIVER,f938dd0eab316f03ea7fc2a4ca17e63ccced56f243695036485d54e106ccd8da6e454c2355ee019c7225140678c36dba0d0dd610ac2585b43dfadd17326a5c3c,1596183.0,X,,DEPLOYMENT UNKNOWN,UNKNOWN,NO INDICATION OF INJURY,UNKNOWN,UNKNOWN,UNKNOWN,,,,,2023-10-07 21:10:00,30,UNKNOWN,UNKNOWN,ANGLE,FOUR WAY,UNKNOWN,UNKNOWN,NOT ON SCENE (DESK REPORT),INJURY AND / OR TOW DUE TO CRASH,Y,"$501 - $1,500",10/07/2023 09:20:00 PM,UNABLE TO DETERMINE,NOT APPLICABLE,,2,"REPORTED, NOT EVIDENT",2.0,0.0,0.0,0.0,2.0,1.0,0.0,21,7,10,41.895581743,-87.715240811,POINT (-87.715240810982 41.895581742525),POINT (1152530.1677413513 1905146.052303703),2023,3534 W CHICAGO AVE
O1505512,DRIVER,9410b1c3c3b2d189ae83995b2f27efca6ba9f3f1279ecfc3f4aebe52978baf5badc260e5e9f00afb805e48031a022b263e70e862948032362f0563a72509a10d,1431327.0,F,32.0,DID NOT DEPLOY,NONE,NO INDICATION OF INJURY,IMPROPER PARKING,UNKNOWN,NORMAL,,,,,2023-01-26 08:45:00,25,SLEET/HAIL,DAYLIGHT,SIDESWIPE OPPOSITE DIRECTION,NOT DIVIDED,SNOW OR SLUSH,NO DEFECTS,ON SCENE,NO INJURY / DRIVE AWAY,,"OVER $1,500",01/26/2023 09:44:00 AM,IMPROPER LANE USAGE,WEATHER,,2,NO INDICATION OF INJURY,0.0,0.0,0.0,0.0,0.0,2.0,0.0,8,5,1,41.966380279,-87.648691713,POINT (-87.648691713088 41.966380279058),POINT (1170442.7186138816 1931082.7538714937),2023,4629 N MARINE DR
O1726108,DRIVER,ca6d21b95c00d9608c131776279ab151db38cb47fe049cc310e9b0a96e92f7eba9816907b357f6236306ae5fb9b62378882b63f314cc8dfa1ed94c6f359f4dde,1643166.0,F,79.0,NOT APPLICABLE,NONE,NO INDICATION OF INJURY,IMPROPER BACKING,UNKNOWN,NORMAL,,,,,2023-12-19 13:30:00,30,CLEAR,DAYLIGHT,PARKED MOTOR VEHICLE,NOT DIVIDED,DRY,UNKNOWN,NOT ON SCENE (DESK REPORT),NO INJURY / DRIVE AWAY,,"OVER $1,500",12/19/2023 02:20:00 PM,DISTRACTION - FROM OUTSIDE VEHICLE,IMPROPER BACKING,,2,NO INDICATION OF INJURY,0.0,0.0,0.0,0.0,0.0,1.0,0.0,13,3,12,41.754446686,-87.605136112,POINT (-87.605136112415 41.75444668619),POINT (1182943.0388399768 1853952.196216007),2023,7715 S COTTAGE GROVE AVE
P342519,PASSENGER,1201896d188891223c8848c916be2ab1da3307ec327053f4ff93707eb1a161720967e42586aeec938b007940001e6c9f6f6497a40675becefd44a7cd135b3570,1474316.0,F,8.0,NOT APPLICABLE,NONE,NO INDICATION OF INJURY,,,,,,,,2023-04-07 12:30:00,30,CLEAR,DAYLIGHT,PARKED MOTOR VEHICLE,DIVIDED - W/MEDIAN BARRIER,DRY,NO DEFECTS,NOT ON SCENE (DESK REPORT),NO INJURY / DRIVE AWAY,Y,"OVER $1,500",04/07/2023 02:25:00 PM,UNABLE TO DETERMINE,NOT APPLICABLE,,2,NO INDICATION OF INJURY,0.0,0.0,0.0,0.0,0.0,4.0,0.0,12,6,4,41.868315592,-87.686230572,POINT (-87.686230572338 41.868315591622),POINT (1160503.3694012815 1895268.5328308872),2023,1102 S WESTERN AVE