PERSON_ID,PERSON_TYPE,CRASH_RECORD_ID,VEHICLE_ID,SEX,AGE,AIRBAG_DEPLOYED,EJECTION,INJURY_CLASSIFICATION,DRIVER_ACTION,DRIVER_VISION,PHYSICAL_CONDITION,PEDPEDAL_ACTION,PEDPEDAL_VISIBILITY,PEDPEDAL_LOCATION,CRASH_DATE_EST_I,CRASH_DATE,POSTED_SPEED_LIMIT,WEATHER_CONDITION,LIGHTING_CONDITION,FIRST_CRASH_TYPE,TRAFFICWAY_TYPE,ROADWAY_SURFACE_COND,ROAD_DEFECT,REPORT_TYPE,CRASH_TYPE,HIT_AND_RUN_I,DAMAGE,DATE_POLICE_NOTIFIED,PRIM_CONTRIBUTORY_CAUSE,SEC_CONTRIBUTORY_CAUSE,DOORING_I,NUM_UNITS,MOST_SEVERE_INJURY,INJURIES_TOTAL,INJURIES_FATAL,INJURIES_INCAPACITATING,INJURIES_NON_INCAPACITATING,INJURIES_REPORTED_NOT_EVIDENT,INJURIES_NO_INDICATION,INJURIES_UNKNOWN,CRASH_HOUR,CRASH_DAY_OF_WEEK,CRASH_MONTH,LATITUDE,LONGITUDE,LOCATION,geometry,YEAR,ADDRESS
O1711013,DRIVER,a795501cadeaf398e25d90edcc7e76fa7f3674036f6028bf772192e2959afba509d88b08465ead98cd3d7b712832c674e95acf4d6ab0f5f7b082207fc698d243,1628665.0,M,25.0,DID NOT DEPLOY,NONE,NO INDICATION OF INJURY,IMPROPER TURN,UNKNOWN,NORMAL,,,,,2023-11-27 09:53:00,30,CLEAR,DAYLIGHT,TURNING,FOUR WAY,DRY,UNKNOWN,ON SCENE,NO INJURY / DRIVE AWAY,,"OVER $1,500",11/27/2023 09:57:00 AM,IMPROPER TURNING/NO SIGNAL,IMPROPER TURNING/NO SIGNAL,,2,NO INDICATION OF INJURY,0.0,0.0,0.0,0.0,0.0,2.0,0.0,9,2,11,41.808667771,-87.669768901,POINT (-87.669768901187 41.808667770562),POINT (1165155.0248890982 1873567.3182912145),2023,1758 W 47TH ST
P336248,PASSENGER,72ca64fb6018662ea939c7fab6f51b910270b82f661dcaa51beba93967511b8052d830695cdeb6195e2470650158efb5d0f4b4c831c991992a95a1aa633d591e,1446510.0,M,13.0,DID NOT DEPLOY,NONE,NO INDICATION OF INJURY,,,,,,,,2023-02-19 12:21:00,30,CLEAR,DAYLIGHT,ANGLE,T-INTERSECTION,DRY,NO DEFECTS,,INJURY AND / OR TOW DUE TO CRASH,,"OVER $1,500",02/19/2023 12:40:00 PM,FAILING TO YIELD RIGHT-OF-WAY,IMPROPER TURNING/NO SIGNAL,,2,NONINCAPACITATING INJURY,1.0,0.0,0.0,1.0,0.0,4.0,0.0,12,1,2,41.938326072,-87.727015163,POINT (-87.727015163187 41.938326071715),POINT (1149214.382587255 1920699.2446671834),2023,3135 N PULASKI RD
O1503223,DRIVER,41e889e991647dc279b332d362f049b3a6059cbdb64d9e0be401dc1e5577126bc9fca48e609d20e292a91595ca54b8e5cf76bece3b71b84dee8a1b2690915766,1429138.0,M,25.0,"DEPLOYED, FRONT",NONE,"REPORTED, NOT EVIDENT",TOO FAST FOR CONDITIONS,NOT OBSCURED,NORMAL,,,,,2023-01-22 14:00:00,40,SNOW,DAYLIGHT,REAR END,DIVIDED - W/MEDIAN BARRIER,WET,NO DEFECTS,ON SCENE,INJURY AND / OR TOW DUE TO CRASH,Y,"OVER $1,500",01/22/2023 02:00:00 PM,FAILING TO REDUCE SPEED TO AVOID CRASH,UNABLE TO DETERMINE,,3,"REPORTED, NOT EVIDENT",1.0,0.0,0.0,0.0,1.0,3.0,0.0,14,1,1,41.900958919,-87.619928174,POINT (-87.619928173678 41.900958919109),POINT (1178463.5679459986 1907306.8564226741),2023,1000 N LAKE SHORE DR SB
O1546444,DRIVER,5493a745909f3a834ab3334f20b9f2cd593c427c6980981bf6468f73719eae0719830163cd75b1a9313677e6c666d1c2bd6094212e53cf4d3bf97c6194dc0f1f,1470728.0,F,31.0,DEPLOYMENT UNKNOWN,NONE,NO INDICATION OF INJURY,IMPROPER BACKING,UNKNOWN,UNKNOWN,,,,,2023-03-31 14:55:00,30,CLEAR,DAYLIGHT,ANGLE,DIVIDED - W/MEDIAN BARRIER,DRY,NO DEFECTS,NOT ON SCENE (DESK REPORT),NO INJURY / DRIVE AWAY,,"OVER $1,500",04/01/2023 10:00:00 AM,FAILING TO REDUCE SPEED TO AVOID CRASH,UNABLE TO DETERMINE,,2,NO INDICATION OF INJURY,0.0,0.0,0.0,0.0,0.0,2.0,0.0,14,6,3,41.874310713,-87.664350527,POINT (-87.664350526832 41.874310713022),POINT (1166445.9083358415 1897498.8294711348),2023,1500 W HARRISON ST
O1556489,DRIVER,ae675100f969e2721c71cf66397be5a8adbcab5d94ebf3a819c3deebd98f955e469bea249d9512fcce2283660ce808af2f9cf100dfad3dae716c873d44b1e0a6,1480418.0,F,22.0,"DEPLOYED, FRONT",NONE,NO INDICATION OF INJURY,UNKNOWN,NOT OBSCURED,NORMAL,,,,,2023-04-16 14:45:00,30,RAIN,DAWN,ANGLE,FOUR WAY,WET,UNKNOWN,ON SCENE,INJURY AND / OR TOW DUE TO CRASH,,"OVER $1,500",04/16/2023 04:48:00 PM,UNABLE TO DETERMINE,DISREGARDING OTHER TRAFFIC SIGNS,,2,NONINCAPACITATING INJURY,2.0,0.0,0.0,1.0,1.0,4.0,0.0,14,1,4,41.877476934,-87.669065597,POINT (-87.669065596869 41.877476933968),POINT (1165152.8342021122 1898642.6226506543),2023,1699 W JACKSON BLVD
O1563083,DRIVER,87f0ebe872ec0261d3b62337ec8563f7fa9aaccdc324f1c1f9a4dcf00c881f6833a9eb8abdae96720e0aae5ed17ff0f0b29735b7223acff40ecd68dbd5163625,1486847.0,X,,DEPLOYMENT UNKNOWN,UNKNOWN,NO INDICATION OF INJURY,UNKNOWN,UNKNOWN,UNKNOWN,,,,N,2023-04-26 11:33:00,15,CLEAR,DAYLIGHT,PARKED MOTOR VEHICLE,ONE-WAY,DRY,UNKNOWN,NOT ON SCENE (DESK REPORT),NO INJURY / DRIVE AWAY,Y,"OVER $1,500",04/26/2023 04:30:00 PM,UNABLE TO DETERMINE,UNABLE TO DETERMINE,,2,NO INDICATION OF INJURY,0.0,0.0,0.0,0.0,0.0,1.0,0.0,11,4,4,41.753272144,-87.579372629,POINT (-87.579372629213 41.753272144131),POINT (1189976.5585145939 1853584.7566417325),2023,1839 E 78TH ST
O1631625,DRIVER,a153f1ecfa38844c858e2b8914eefd3243e56f7a2c8b10b2a1027ecad3a383145dfbab2cea98ac69e64a73223e3015958d6acd26244ec0ba2075bd7b4a0c5c3a,1552634.0,F,50.0,DID NOT DEPLOY,NONE,NO INDICATION OF INJURY,UNKNOWN,NOT OBSCURED,NORMAL,,,,,2023-08-03 17:00:00,30,CLEAR,DAYLIGHT,TURNING,NOT DIVIDED,DRY,NO DEFECTS,ON SCENE,NO INJURY / DRIVE AWAY,,"$501 - $1,500",08/03/2023 06:04:00 PM,UNABLE TO DETERMINE,UNABLE TO DETERMINE,,2,NO INDICATION OF INJURY,0.0,0.0,0.0,0.0,0.0,2.0,0.0,17,5,8,41.881284103,-87.685620418,POINT (-87.685620417822 41.88128410252),POINT (1160633.8983380636 1899995.4912068588),2023,2340 W MADISON ST
O1655876,DRIVER,cc941a98b6bbc34af1535577f71cb9cabf8ebadb4fa0cf3e381b8c7299ec2c2c9b5767d7f4f2f12ae34037f393eda45df5630164ee94ed4cebb7db6a418732dd,1575875.0,M,,DEPLOYMENT UNKNOWN,NONE,NO INDICATION OF INJURY,IMPROPER BACKING,UNKNOWN,UNKNOWN,,,,,2023-09-07 16:00:00,30,CLEAR,DAYLIGHT,REAR TO REAR,PARKING LOT,DRY,UNKNOWN,NOT ON SCENE (DESK REPORT),NO INJURY / DRIVE AWAY,,"OVER $1,500",09/07/2023 04:30:00 PM,DRIVING SKILLS/KNOWLEDGE/EXPERIENCE,NOT APPLICABLE,,2,NO INDICATION OF INJURY,0.0,0.0,0.0,0.0,0.0,2.0,0.0,16,5,9,41.736759926,-87.588841701,POINT (-87.588841701402 41.736759925543),POINT (1187444.8583411826 1847545.3500623952),2023,1443 E 87TH ST
O1616010,DRIVER,4fdf8ff66adfdf94f7d4107d06005e4ab1572c78d8672ae525ed0f3965071122ecd3d9acc96be1071493ec4f23cdfbcd7d5303472de8533ef3bdd041d4e1f49d,1537779.0,F,45.0,DID NOT DEPLOY,NONE,NO INDICATION OF INJURY,FOLLOWED TOO CLOSELY,UNKNOWN,NORMAL,,,,,2023-07-10 11:30:00,30,RAIN,DAYLIGHT,REAR END,DIVIDED - W/MEDIAN BARRIER,DRY,NO DEFECTS,NOT ON SCENE (DESK REPORT),NO INJURY / DRIVE AWAY,,"OVER $1,500",07/11/2023 07:15:00 PM,FOLLOWING TOO CLOSELY,UNABLE TO DETERMINE,,2,NO INDICATION OF INJURY,0.0,0.0,0.0,0.0,0.0,2.0,0.0,11,2,7,41.994817043,-87.714342768,POINT (-87.714342768281 41.994817043186),POINT (1152513.5263569998 1941309.4202063235),2023,6211 N LINCOLN AVE
O1555338,DRIVER,bf299d5428dd48f04c905707ecd534f004662c978e83724160c55cb20407d1375255d09d8c6048359b8f2385ee42d126b3e5b46e9de6bf56aca891d267493c32,1479315.0,F,55.0,DID NOT DEPLOY,NONE,NO INDICATION OF INJURY,NONE,NOT OBSCURED,NORMAL,,,,,2023-04-14 15:15:00,35,CLEAR,DAYLIGHT,REAR END,NOT DIVIDED,DRY,NO DEFECTS,NOT ON SCENE (DESK REPORT),NO INJURY / DRIVE AWAY,,$500 OR LESS,04/15/2023 07:35:00 AM,FOLLOWING TOO CLOSELY,NOT APPLICABLE,,2,NO INDICATION OF INJURY,0.0,0.0,0.0,0.0,0.0,5.0,0.0,15,6,4,41.957885334,-87.797557382,POINT (-87.797557381563 41.957885334372),POINT (1129976.9477120975 1927698.8354795263),2023,4245 N OAK PARK AVE
O1618116,DRIVER,67ba010ce77ce5de758fd1b811a0a2fb757b513f409695bed761850a0470cb84d90ad1a9dee522bf6deaa92750c6abe600e3019cb7637f854b2025c7698ee587,1539768.0,M,39.0,NOT APPLICABLE,NONE,NO INDICATION OF INJURY,OTHER,UNKNOWN,UNKNOWN,,,,,2023-07-14 20:30:00,25,CLEAR,DUSK,REAR END,NOT DIVIDED,DRY,NO DEFECTS,ON SCENE,INJURY AND / OR TOW DUE TO CRASH,,"OVER $1,500",07/14/2023 08:38:00 PM,FAILING TO REDUCE SPEED TO AVOID CRASH,NOT APPLICABLE,,3,NO INDICATION OF INJURY,0.0,0.0,0.0,0.0,0.0,3.0,0.0,20,6,7,41.809439885,-87.605112296,POINT (-87.605112296283 41.809439884531),POINT (1182779.8256109068 1873991.4039661973),2023,835 E 47TH ST
O1613658,DRIVER,6a414bcfacf5c23a829e90e9bf6b232a2789294fe01f8f773231bde52c43b97de86c07255bb2b2c10013c20f0ce4c56be4867eec213ef4e2c7bae207c785d3b7,1535539.0,M,,DEPLOYMENT UNKNOWN,NONE,NO INDICATION OF INJURY,UNKNOWN,UNKNOWN,UNKNOWN,,,,,2023-07-08 09:00:00,30,CLOUDY/OVERCAST,DAYLIGHT,TURNING,DIVIDED - W/MEDIAN (NOT RAISED),WET,NO DEFECTS,ON SCENE,NO INJURY / DRIVE AWAY,Y,"OVER $1,500",07/08/2023 09:04:00 AM,FAILING TO YIELD RIGHT-OF-WAY,FAILING TO YIELD RIGHT-OF-WAY,,2,NO INDICATION OF INJURY,0.0,0.0,0.0,0.0,0.0,2.0,0.0,9,7,7,41.733187966,-87.585712698,POINT (-87.585712697936 41.733187965898),POINT (1188310.1724920962 1846251.1649746024),2023,8900 S STONY ISLAND AVE
O1627013,DRIVER,02be91ba5a7d976debbe50de013a961bab1a312b15986bad8591c26581b55dd3606e59cbde1aac6fc4aee91372a9347b9ac1969b2b670c06b65f39c443239fc5,1548257.0,M,,DEPLOYMENT UNKNOWN,NONE,NO INDICATION OF INJURY,IMPROPER LANE CHANGE,UNKNOWN,UNKNOWN,,,,,2023-07-28 09:04:00,30,CLEAR,DAYLIGHT,SIDESWIPE SAME DIRECTION,DIVIDED - W/MEDIAN BARRIER,DRY,NO DEFECTS,NOT ON SCENE (DESK REPORT),NO INJURY / DRIVE AWAY,Y,"OVER $1,500",07/28/2023 09:52:00 AM,IMPROPER OVERTAKING/PASSING,NOT APPLICABLE,,2,NO INDICATION OF INJURY,0.0,0.0,0.0,0.0,0.0,2.0,0.0,9,6,7,41.877167029,-87.617024883,POINT (-87.617024883155 41.877167028541),POINT (1179326.322600057 1898643.6800348202),2023,359 S LAKE SHORE DR NB
P358252,PASSENGER,1f36dfc97362536fadd0fb52ba22a50814165d13df7be86daada262d6ec42fc40ecd8b272d8621ab85def39d1b468b77786c5439499157ba6bd628dc8298aa1a,1541169.0,F,4.0,DID NOT DEPLOY,NONE,NO INDICATION OF INJURY,,,,,,,,2023-07-17 08:10:00,30,CLEAR,DAYLIGHT,REAR END,DIVIDED - W/MEDIAN BARRIER,DRY,NO DEFECTS,NOT ON SCENE (DESK REPORT),INJURY AND / OR TOW DUE TO CRASH,,"OVER $1,500",07/17/2023 08:30:00 AM,UNABLE TO DETERMINE,NOT APPLICABLE,,2,NONINCAPACITATING INJURY,1.0,0.0,0.0,1.0,0.0,4.0,0.0,8,2,7,41.986382969,-87.836433754,POINT (-87.836433753977 41.98638296862),POINT (1119342.6113504122 1938019.7614652596),2023,5899 N CUMBERLAND AVE
O1575156,DRIVER,1a246f137a4927ac91a4eb8b023448e33df25da546ac13164b12e40bcb66b6f7f906f0dad8f7f2eff7de30669764b1e17415773719c28a4395b931612fe1090c,1498549.0,M,59.0,DID NOT DEPLOY,NONE,NO INDICATION OF INJURY,IMPROPER TURN,NOT OBSCURED,NORMAL,,,,,2023-05-13 16:40:00,35,CLOUDY/OVERCAST,DAYLIGHT,TURNING,NOT DIVIDED,DRY,NO DEFECTS,ON SCENE,INJURY AND / OR TOW DUE TO CRASH,,"OVER $1,500",05/13/2023 04:53:00 PM,IMPROPER TURNING/NO SIGNAL,FAILING TO REDUCE SPEED TO AVOID CRASH,,2,NO INDICATION OF INJURY,0.0,0.0,0.0,0.0,0.0,3.0,0.0,16,7,5,41.750452921,-87.664298219,POINT (-87.664298218851 41.750452920525),POINT (1166811.5267949335 1852365.819527244),2023,1620 W 79TH ST
O1580869,DRIVER,d205d2c109024bbc95ac29d283111dc65445a6c1ba91b307bd5e2ad251ae3c0b6b00d557aba234e5fb43d0913bb2ad31cc2fcb151e617e2ff7525ea8e76f9cfc,1504074.0,M,46.0,DID NOT DEPLOY,NONE,NO INDICATION OF INJURY,UNKNOWN,UNKNOWN,NORMAL,,,,,2023-05-21 22:57:00,30,CLEAR,"DARKNESS, LIGHTED ROAD",SIDESWIPE SAME DIRECTION,NOT DIVIDED,DRY,NO DEFECTS,ON SCENE,NO INJURY / DRIVE AWAY,,"OVER $1,500",05/21/2023 11:02:00 PM,UNABLE TO DETERMINE,NOT APPLICABLE,,2,NO INDICATION OF INJURY,0.0,0.0,0.0,0.0,0.0,3.0,0.0,22,1,5,42.018184653,-87.690335548,POINT (-87.690335547946 42.018184652551),POINT (1158975.6120167386 1949872.8211130803),2023,7518 N WESTERN AVE
P362347,PASSENGER,ef962445e1d5842b2045cd0f573cd70806f0fdb2f3baaa1abe467da1cad066c9d4e6a2cd4f0f4d90a68f66705cdcd662815ceb584b3f2f758c2d746815026a6f,1558320.0,,4.0,DID NOT DEPLOY,NONE,NO INDICATION OF INJURY,,,,,,,,2023-08-12 15:49:00,30,CLEAR,DAYLIGHT,PEDESTRIAN,NOT DIVIDED,DRY,UNKNOWN,ON SCENE,INJURY AND / OR TOW DUE TO CRASH,,"$501 - $1,500",08/12/2023 03:49:00 PM,FAILING TO YIELD RIGHT-OF-WAY,NOT APPLICABLE,,2,INCAPACITATING INJURY,1.0,0.0,1.0,0.0,0.0,4.0,0.0,15,7,8,41.720533229,-87.535434967,POINT (-87.535434966602 41.720533228662),POINT (1202076.128970447 1841763.1120566677),2023,9626 S EWING AVE
P332546,PASSENGER,e4ebcd417ee696a7cf73c313669d394d2208e049ed2cb2ed1913a9eb3a633442dc23b6aae1e48b209ab7c229435d5f6c2274e7e80c4b5a5a2cc6647385f0661c,1429686.0,F,27.0,"DEPLOYED, COMBINATION",NONE,NO INDICATION OF INJURY,,,,,,,,2023-01-23 14:18:00,0,CLEAR,DAYLIGHT,FIXED OBJECT,PARKING LOT,DRY,NO DEFECTS,ON SCENE,INJURY AND / OR TOW DUE TO CRASH,,"OVER $1,500",01/23/2023 02:19:00 PM,UNABLE TO DETERMINE,NOT APPLICABLE,,1,NONINCAPACITATING INJURY,1.0,0.0,0.0,1.0,0.0,2.0,0.0,14,2,1,41.877366721,-87.65686359,POINT (-87.656863589721 41.877366721402),POINT (1168476.191768113 1898628.4164984124),2023,313 S RACINE AVE
O1698331,DRIVER,b650ed0bcdf4a3e6fb67d7902bf8d1b8f872ee47b9311ab90d19a3127956b0dd8cec2db18923d7d2eca1982f03e92baa1a0ca0c254ac6753d9d8cb589d8d787f,1616502.0,X,,DEPLOYMENT UNKNOWN,NONE,NO INDICATION OF INJURY,WRONG WAY/SIDE,UNKNOWN,UNKNOWN,,,,,2023-11-07 02:23:00,30,CLEAR,"DARKNESS, LIGHTED ROAD",TURNING,FOUR WAY,DRY,NO DEFECTS,ON SCENE,INJURY AND / OR TOW DUE TO CRASH,Y,"OVER $1,500",11/07/2023 02:23:00 AM,DRIVING ON WRONG SIDE/WRONG WAY,TURNING RIGHT ON RED,,2,NO INDICATION OF INJURY,0.0,0.0,0.0,0.0,0.0,5.0,0.0,2,3,11,41.814020469,-87.704061147,POINT (-87.704061147097 41.814020469097),POINT (1155791.7355512227 1875447.4925504446),2023,4347 S KEDZIE AVE
P372437,PASSENGER,cc71ab2a309e8aaaa94d4d51822ee023de6a835446a007e5dace0b02dfc8e0b0f205623d575a4273398996a04d5026df2d29cfd214b414da5f1a3e404ad96e7f,1601726.0,M,31.0,DID NOT DEPLOY,NONE,NO INDICATION OF INJURY,,,,,,,,2023-10-08 02:30:00,30,CLEAR,"DARKNESS, LIGHTED ROAD",ANGLE,NOT DIVIDED,DRY,NO DEFECTS,NOT ON SCENE (DESK REPORT),INJURY AND / OR TOW DUE TO CRASH,Y,"OVER $1,500",10/16/2023 11:30:00 AM,FAILING TO YIELD RIGHT-OF-WAY,NOT APPLICABLE,,2,INCAPACITATING INJURY,1.0,0.0,1.0,0.0,0.0,5.0,0.0,2,1,10,41.788698128,-87.652450991,POINT (-87.652450991143 41.788698128038),POINT (1169934.0047739644 1866327.4312141277),2023,5800 S ABERDEEN ST
O1675241,DRIVER,f120c6ac1367cb78eb3e8a6b67063507f878776b4c23871832fced1a6ae0ccf4028d0a2b471061aaf476e76fb2eedc749903a696aa59e0f4bfff31d2d28deab5,1594389.0,F,23.0,DID NOT DEPLOY,NONE,NO INDICATION OF INJURY,FAILED TO YIELD,NOT OBSCURED,NORMAL,,,,,2023-10-05 09:00:00,35,RAIN,DAYLIGHT,TURNING,NOT DIVIDED,WET,NO DEFECTS,ON SCENE,NO INJURY / DRIVE AWAY,,"OVER $1,500",10/05/2023 09:05:00 AM,FAILING TO YIELD RIGHT-OF-WAY,UNABLE TO DETERMINE,,2,NO INDICATION OF INJURY,0.0,0.0,0.0,0.0,0.0,2.0,0.0,9,5,10,41.896737051,-87.631833762,POINT (-87.631833761584 41.896737051209),POINT (1175235.0166576663 1905741.6779775429),2023,114 W CHICAGO AVE
O1531420,DRIVER,007eaf451ddef1d23b2b67af9b25de6780ca05b7a1d45093c1e6b7202b4199d66c85f23aa4d411728bd730f0c859a7021db1946b80387e027452b856f5544e85,1456234.0,F,37.0,NOT APPLICABLE,NONE,NO INDICATION OF INJURY,NONE,UNKNOWN,UNKNOWN,,,,Y,2023-03-07 20:30:00,25,CLEAR,"DARKNESS, LIGHTED ROAD",TURNING,FOUR WAY,DRY,NO DEFECTS,NOT ON SCENE (DESK REPORT),NO INJURY / DRIVE AWAY,Y,"OVER $1,500",03/08/2023 04:00:00 PM,IMPROPER TURNING/NO SIGNAL,UNABLE TO DETERMINE,,2,NO INDICATION OF INJURY,0.0,0.0,0.0,0.0,0.0,2.0,0.0,20,3,3,41.722454974,-87.570673806,POINT (-87.570673805878 41.722454974015),POINT (1192449.660089643 1842376.1822564285),2023,9500 S PAXTON AVE
O1607715,DRIVER,6ce65cc915b68ea32a3d1a3cb6fee5fd52c26988fe61dc935248e62bbdca216a9a4bd014d69bf33b2feee0fd80e5dc34317dce1b43318b9cfe71ba8786c2fdb9,1529876.0,F,19.0,DID NOT DEPLOY,NONE,NO INDICATION OF INJURY,OTHER,NOT OBSCURED,NORMAL,,,,,2023-06-29 12:00:00,30,CLEAR,DAYLIGHT,REAR END,NOT DIVIDED,DRY,NO DEFECTS,NOT ON SCENE (DESK REPORT),NO INJURY / DRIVE AWAY,,"OVER $1,500",06/29/2023 12:45:00 PM,UNABLE TO DETERMINE,NOT APPLICABLE,,2,NO INDICATION OF INJURY,0.0,0.0,0.0,0.0,0.0,2.0,0.0,12,5,6,41.937917398,-87.806597165,POINT (-87.806597164974 41.937917397564),POINT (1127562.9050528603 1920407.2331119743),2023,3155 N HARLEM AVE
O1514549,DRIVER,b7f4576febbdb58b922c7183ce65110fbb91dd4365d1918216455d447dd381f3bdb826e3a5612d6a080634dd7616d51ff66dd66f0bbf093d99470946cc26b445,1440001.0,M,27.0,DID NOT DEPLOY,NONE,NO INDICATION OF INJURY,NONE,UNKNOWN,NORMAL,,,,,2023-02-09 14:00:00,30,RAIN,DAYLIGHT,TURNING,DIVIDED - W/MEDIAN (NOT RAISED),WET,UNKNOWN,ON SCENE,INJURY AND / OR TOW DUE TO CRASH,,"OVER $1,500",02/09/2023 02:44:00 PM,IMPROPER OVERTAKING/PASSING,IMPROPER LANE USAGE,,2,NO INDICATION OF INJURY,0.0,0.0,0.0,0.0,0.0,3.0,0.0,14,5,2,41.930010583,-87.684444776,POINT (-87.684444775632 41.930010582935),POINT (1160819.7331602895 1917753.857537105),2023,2657 N ELSTON AVE
O1528700,DRIVER,6fdc580023fb729e34c0d6fc77d190321fcbde2eb78600fb72d1e83717a8906e2d13d0b7bd376c51d64b324a002582c631fb692634179401f1b703ba215a5918,1453612.0,F,27.0,DID NOT DEPLOY,NONE,NO INDICATION OF INJURY,IMPROPER BACKING,NOT OBSCURED,UNKNOWN,,,,,2023-03-03 23:48:00,30,CLEAR,"DARKNESS, LIGHTED ROAD",PARKED MOTOR VEHICLE,ONE-WAY,DRY,NO DEFECTS,ON SCENE,NO INJURY / DRIVE AWAY,,"OVER $1,500",03/03/2023 11:48:00 PM,IMPROPER BACKING,FAILING TO REDUCE SPEED TO AVOID CRASH,,2,NO INDICATION OF INJURY,0.0,0.0,0.0,0.0,0.0,1.0,0.0,23,6,3,41.880841908,-87.643944547,POINT (-87.643944546973 41.880841907662),POINT (1171984.342111381 1899922.7663833345),2023,31 S DESPLAINES ST
P375779,PASSENGER,584a004becd33ecda20492746d258d642e81c96a57dd6ec347c8fa81921068b07fd4c3e53b97cd5d53d8066341cda43fafe75135b5641421967f2833bea146ec,1616588.0,F,50.0,NOT APPLICABLE,NONE,NO INDICATION OF INJURY,,,,,,,,2023-11-07 08:13:00,30,CLEAR,DAYLIGHT,SIDESWIPE SAME DIRECTION,DIVIDED - W/MEDIAN BARRIER,DRY,NO DEFECTS,ON SCENE,NO INJURY / DRIVE AWAY,,"$501 - $1,500",11/07/2023 08:18:00 AM,IMPROPER OVERTAKING/PASSING,FOLLOWING TOO CLOSELY,,2,NO INDICATION OF INJURY,0.0,0.0,0.0,0.0,0.0,7.0,0.0,8,3,11,41.860328947,-87.666070144,POINT (-87.666070143573 41.86032894719),POINT (1166017.1749804302 1892400.2547793528),2023,1539 S ASHLAND AVE
O1649314,DRIVER,ab08f667bd2e521b788f402b299c5ff40578bffabeb4ca16d3e3ae30fa515fef38bfe3c248117220832a1fb2b8ca02b53509214d585ebf49be8bbf5d9928f5d0,1569582.0,M,25.0,DID NOT DEPLOY,NONE,NO INDICATION OF INJURY,NONE,NOT OBSCURED,NORMAL,,,,,2023-08-26 18:00:00,30,CLEAR,DAYLIGHT,ANGLE,ONE-WAY,DRY,NO DEFECTS,,NO INJURY / DRIVE AWAY,Y,"OVER $1,500",08/27/2023 12:15:00 PM,FAILING TO YIELD RIGHT-OF-WAY,FAILING TO YIELD RIGHT-OF-WAY,,2,NO INDICATION OF INJURY,0.0,0.0,0.0,0.0,0.0,2.0,0.0,18,7,8,41.760550012,-87.658528942,POINT (-87.658528941603 41.760550011711),POINT (1168356.955205981 1856057.4044898388),2023,1330 W 73RD PL
O1599837,DRIVER,a0a7453d6f228351601f973da99f49834ecb3a2a20971eb6322b61b8f85efc00c9c61b161ff87e1baca47c2902760121ce32c5418001f97995adce97cffddb13,1522325.0,F,,DEPLOYMENT UNKNOWN,NONE,NO INDICATION OF INJURY,IMPROPER LANE CHANGE,UNKNOWN,UNKNOWN,,,,,2023-06-17 18:00:00,30,CLEAR,DAYLIGHT,SIDESWIPE SAME DIRECTION,NOT DIVIDED,DRY,NO DEFECTS,NOT ON SCENE (DESK REPORT),NO INJURY / DRIVE AWAY,,"$501 - $1,500",06/17/2023 06:15:00 PM,UNABLE TO DETERMINE,UNABLE TO DETERMINE,,2,NO INDICATION OF INJURY,0.0,0.0,0.0,0.0,0.0,2.0,0.0,18,7,6,41.722375907,-87.575499903,POINT (-87.575499903328 41.722375907041),POINT (1191132.4206012837 1842335.7359887257),2023,9500 S JEFFERY AVE
O1563318,DRIVER,3e20214b69a25f05d89a1f6c047e105c787e83b983f641cc3e8c7262488e1646d09d3b87d4b600ab4e3fd40814ad6b3eb05c99edb5278142f08b056c57f3a60e,1487056.0,F,26.0,DID NOT DEPLOY,NONE,NO INDICATION OF INJURY,NONE,NOT OBSCURED,NORMAL,,,,,2023-04-25 08:00:00,30,RAIN,DAYLIGHT,ANGLE,NOT DIVIDED,WET,NO DEFECTS,,NO INJURY / DRIVE AWAY,,"OVER $1,500",04/25/2023 12:00:00 PM,FAILING TO YIELD RIGHT-OF-WAY,UNABLE TO DETERMINE,,2,NO INDICATION OF INJURY,0.0,0.0,0.0,0.0,0.0,2.0,0.0,8,3,4,41.835382595,-87.669733891,POINT (-87.66973389104 41.835382594681),POINT (1165089.3838073686 1883302.146805423),2023,3232 S ARCHER AVE
O1710160,DRIVER,c97a9a0ba21c51e38442fcb5c7390479d2b684e14ad0694a18350c0d1a2b36b4e6d95a982de2cf4295d0a4233e3e99b06c81a385b6abf2a2b1c736f5f1e5e2fd,1627847.0,M,28.0,NOT APPLICABLE,NONE,NO INDICATION OF INJURY,UNKNOWN,NOT OBSCURED,NORMAL,,,,,2023-11-25 15:15:00,10,CLEAR,DAYLIGHT,REAR END,ALLEY,DRY,NO DEFECTS,NOT ON SCENE (DESK REPORT),NO INJURY / DRIVE AWAY,,"$501 - $1,500",11/25/2023 04:50:00 PM,NOT APPLICABLE,NOT APPLICABLE,,2,NO INDICATION OF INJURY,0.0,0.0,0.0,0.0,0.0,2.0,0.0,15,7,11,41.805346107,-87.669892493,POINT (-87.669892493356 41.805346106595),POINT (1165130.67370572 1872356.6627488106),2023,4846 S WOOD ST
O1705019,DRIVER,da4034f0668226fdceac3cc7e217fa65c28d38a219c0ae1156072de8a5acb29be7503aea0fd3fc2c150608d28daa5bba489934ba678ca72eda789a05e9be9569,1622889.0,M,,DEPLOYMENT UNKNOWN,NONE,NO INDICATION OF INJURY,UNKNOWN,UNKNOWN,UNKNOWN,,,,Y,2023-11-16 23:02:00,30,CLEAR,"DARKNESS, LIGHTED ROAD",REAR END,NOT DIVIDED,DRY,NO DEFECTS,ON SCENE,NO INJURY / DRIVE AWAY,Y,"OVER $1,500",11/16/2023 11:33:00 PM,UNABLE TO DETERMINE,NOT APPLICABLE,,2,NO INDICATION OF INJURY,0.0,0.0,0.0,0.0,0.0,2.0,0.0,23,5,11,41.928807077,-87.74633554,POINT (-87.746335540078 41.928807077145),POINT (1143981.5083873665 1917193.92099181),2023,2629 N CICERO AVE