PERSON_ID,PERSON_TYPE,CRASH_RECORD_ID,VEHICLE_ID,SEX,AGE,AIRBAG_DEPLOYED,EJECTION,INJURY_CLASSIFICATION,DRIVER_ACTION,DRIVER_VISION,PHYSICAL_CONDITION,PEDPEDAL_ACTION,PEDPEDAL_VISIBILITY,PEDPEDAL_LOCATION,CRASH_DATE_EST_I,CRASH_DATE,POSTED_SPEED_LIMIT,WEATHER_CONDITION,LIGHTING_CONDITION,FIRST_CRASH_TYPE,TRAFFICWAY_TYPE,ROADWAY_SURFACE_COND,ROAD_DEFECT,REPORT_TYPE,CRASH_TYPE,HIT_AND_RUN_I,DAMAGE,DATE_POLICE_NOTIFIED,PRIM_CONTRIBUTORY_CAUSE,SEC_CONTRIBUTORY_CAUSE,DOORING_I,NUM_UNITS,MOST_SEVERE_INJURY,INJURIES_TOTAL,INJURIES_FATAL,INJURIES_INCAPACITATING,INJURIES_NON_INCAPACITATING,INJURIES_REPORTED_NOT_EVIDENT,INJURIES_NO_INDICATION,INJURIES_UNKNOWN,CRASH_HOUR,CRASH_DAY_OF_WEEK,CRASH_MONTH,LATITUDE,LONGITUDE,LOCATION,geometry,YEAR,ADDRESS
O1774691,PEDESTRIAN,b834f40e803ca2b24be651d94c59935a1b730a02de6980054d17632dd9e791d5d126a03ed99dbd6bd303584af19006a5b594a1ff0e373b0b306b8215c1d181ca,,M,54.0,,,NONINCAPACITATING INJURY,UNKNOWN,NOT OBSCURED,NORMAL,CROSSING - NO CONTROLS (NOT AT INTERSECTION),NO CONTRASTING CLOTHING,IN CROSSWALK,,2023-08-21 11:30:00,30,UNKNOWN,UNKNOWN,PEDESTRIAN,NOT DIVIDED,UNKNOWN,UNKNOWN,NOT ON SCENE (DESK REPORT),INJURY AND / OR TOW DUE TO CRASH,,"$501 - $1,500",03/10/2024 01:46:00 PM,UNABLE TO DETERMINE,UNABLE TO DETERMINE,,2,NONINCAPACITATING INJURY,1.0,0.0,0.0,1.0,0.0,1.0,0.0,11,2,8,41.742873533,-87.55711198,POINT (-87.5571119802 41.742873532978),POINT (1196084.8495079167 1849849.6058820656),2023,2742 E 84TH ST
O1553802,DRIVER,37fa712eb92ba3791d8622dd7498e99a56aa8294d398846924dec9af65fb9b4f7d138a78bda684664243d0c4fa31614599dc4b270e7ee8bcf3200c17c09504cf,1477848.0,F,52.0,DID NOT DEPLOY,NONE,NO INDICATION OF INJURY,IMPROPER TURN,NOT OBSCURED,NORMAL,,,,,2023-04-13 08:18:00,30,CLEAR,DAYLIGHT,PARKED MOTOR VEHICLE,NOT DIVIDED,DRY,NO DEFECTS,ON SCENE,NO INJURY / DRIVE AWAY,,"$501 - $1,500",04/13/2023 08:18:00 AM,IMPROPER TURNING/NO SIGNAL,NOT APPLICABLE,,2,NO INDICATION OF INJURY,0.0,0.0,0.0,0.0,0.0,1.0,0.0,8,5,4,41.998495809,-87.665370663,POINT (-87.665370663158 41.998495808725),POINT (1165815.481139998 1942750.0204915772),2023,6411 N GLENWOOD AVE
O1624630,DRIVER,154f7a90f889aeb24e901352093b99e86bd43350aff1e0f5e4ecadd216027ef64d70e95ddbbb9652ba26a5fd7b29952b0af49a222f28e8dc15f0332f9c94afe5,1545992.0,M,50.0,NOT APPLICABLE,NONE,NO INDICATION OF INJURY,NONE,UNKNOWN,UNKNOWN,,,,,2023-07-21 16:30:00,30,UNKNOWN,UNKNOWN,REAR END,CENTER TURN LANE,DRY,WORN SURFACE,NOT ON SCENE (DESK REPORT),NO INJURY / DRIVE AWAY,,"OVER $1,500",07/24/2023 02:03:00 PM,UNABLE TO DETERMINE,UNABLE TO DETERMINE,,2,NO INDICATION OF INJURY,0.0,0.0,0.0,0.0,0.0,2.0,0.0,16,6,7,41.975765419,-87.785227726,POINT (-87.785227726148 41.975765419442),POINT (1133288.8492646215 1934235.6094981176),2023,6300 W FOSTER AVE
P343408,PASSENGER,bc677813122f8f0f41ceb4163d134f15820bc12077999e8d950a542d5c4019a967057b97e8ddbfa4a76110c98798bdf2cc114505c6270531e420c813e7215d75,1478187.0,F,,DID NOT DEPLOY,NONE,NO INDICATION OF INJURY,,,,,,,,2023-04-13 14:50:00,30,CLEAR,DAYLIGHT,SIDESWIPE SAME DIRECTION,DIVIDED - W/MEDIAN (NOT RAISED),DRY,NO DEFECTS,NOT ON SCENE (DESK REPORT),NO INJURY / DRIVE AWAY,,"OVER $1,500",04/13/2023 04:46:00 PM,UNABLE TO DETERMINE,NOT APPLICABLE,,2,NO INDICATION OF INJURY,0.0,0.0,0.0,0.0,0.0,3.0,0.0,14,5,4,41.835059452,-87.67026538,POINT (-87.670265380105 41.835059452039),POINT (1164945.4544298197 1883183.2764038327),2023,3250 S ARCHER AVE
O1641037,DRIVER,151eb3405b18587793f7c6de0dce8e34163c231310a3bff102a74a116b74f1f3935373d52c8fcbcad563eeb98465ace09f56fd65b56d3e882bf944b8805a9f9a,1561674.0,M,,DEPLOYMENT UNKNOWN,NONE,NO INDICATION OF INJURY,NONE,UNKNOWN,UNKNOWN,,,,,2023-08-17 15:46:00,30,CLEAR,DAYLIGHT,PARKED MOTOR VEHICLE,NOT DIVIDED,DRY,NO DEFECTS,NOT ON SCENE (DESK REPORT),NO INJURY / DRIVE AWAY,Y,"OVER $1,500",08/17/2023 07:45:00 PM,UNABLE TO DETERMINE,UNABLE TO DETERMINE,,2,NO INDICATION OF INJURY,0.0,0.0,0.0,0.0,0.0,1.0,0.0,15,5,8,41.696271395,-87.628788325,POINT (-87.628788324909 41.696271395355),POINT (1176662.8511200314 1832699.9912005106),2023,218 W 109TH ST
P342918,PASSENGER,b00b6cd1cec87893cfdea0a20183c0c8ec3472082dc65208f0671265d58335828f534938f8ac7a63fe0823e3417e001ae6bdd8c5fb9595938bffd1d45b8a96a6,1475839.0,F,75.0,DID NOT DEPLOY,NONE,NO INDICATION OF INJURY,,,,,,,,2023-04-10 09:15:00,30,CLEAR,DAYLIGHT,REAR END,FOUR WAY,DRY,NO DEFECTS,NOT ON SCENE (DESK REPORT),NO INJURY / DRIVE AWAY,,"OVER $1,500",04/10/2023 10:00:00 AM,FOLLOWING TOO CLOSELY,UNABLE TO DETERMINE,,2,NO INDICATION OF INJURY,0.0,0.0,0.0,0.0,0.0,3.0,0.0,9,2,4,41.890947059,-87.676183063,POINT (-87.676183062761 41.890947058576),POINT (1163176.907654063 1903536.2023417205),2023,1942 W GRAND AVE
O1527531,DRIVER,a6cdba7d3c233f5b09e13c2f363428826be0c4c033ecced9964a5b88c5e9d1ab34f37e9fe5df5be9c76b0a351940d224bbbcfc9458555a80335ef63181cd3410,1452480.0,F,62.0,DID NOT DEPLOY,NONE,NO INDICATION OF INJURY,OTHER,UNKNOWN,NORMAL,,,,,2023-03-01 13:48:00,35,CLEAR,DAYLIGHT,REAR END,NOT DIVIDED,DRY,NO DEFECTS,NOT ON SCENE (DESK REPORT),NO INJURY / DRIVE AWAY,Y,"$501 - $1,500",03/01/2023 09:30:00 PM,UNABLE TO DETERMINE,UNABLE TO DETERMINE,,2,NO INDICATION OF INJURY,0.0,0.0,0.0,0.0,0.0,4.0,0.0,13,4,3,41.805826564,-87.604440342,POINT (-87.604440341609 41.805826563974),POINT (1182974.1838683425 1872676.2813451581),2023,4900 S DREXEL BLVD
O1722215,DRIVER,5ddb2dc5c15c1b4f36b25852dbaada0579223977147c6c1d6dc3e6f47783d28239a3dd89ac79e93e6f4a1996ae2dad0bc12127b0e46aff23b7ae9e05c7431873,1639441.0,X,,NOT APPLICABLE,NONE,NO INDICATION OF INJURY,UNKNOWN,UNKNOWN,UNKNOWN,,,,,2023-12-13 13:00:00,30,CLEAR,"DARKNESS, LIGHTED ROAD",REAR END,DIVIDED - W/MEDIAN (NOT RAISED),DRY,NO DEFECTS,NOT ON SCENE (DESK REPORT),NO INJURY / DRIVE AWAY,Y,"OVER $1,500",12/13/2023 06:00:00 PM,UNABLE TO DETERMINE,UNABLE TO DETERMINE,,2,NO INDICATION OF INJURY,0.0,0.0,0.0,0.0,0.0,2.0,0.0,13,4,12,41.749723972,-87.702539572,POINT (-87.702539571674 41.749723971726),POINT (1156378.3966776591 1852021.3752814082),2023,7900 S KEDZIE AVE
O1638988,DRIVER,13fda0d9e63ce847a183b50a725e39ac823835d7db3e1be65fd823b57b652cb05e67fa1f0c63064415996a7299198c3ba14573e44c3d29692b9705605789b2ee,1559696.0,M,27.0,NOT APPLICABLE,NONE,NO INDICATION OF INJURY,UNKNOWN,UNKNOWN,NORMAL,,,,,2023-08-14 18:15:00,30,RAIN,DAYLIGHT,PEDESTRIAN,DIVIDED - W/MEDIAN (NOT RAISED),WET,UNKNOWN,ON SCENE,INJURY AND / OR TOW DUE TO CRASH,,$500 OR LESS,08/14/2023 06:55:00 PM,WEATHER,UNABLE TO DETERMINE,,2,NONINCAPACITATING INJURY,1.0,0.0,0.0,1.0,0.0,1.0,0.0,18,2,8,41.985346259,-87.660036422,POINT (-87.660036421706 41.985346259294),POINT (1167303.1148261738 1937969.6020899992),2023,1159 W HOLLYWOOD AVE
O1667905,DRIVER,4d4d106f15057263266a88cf3befc753f790b19960107b8c9163633571c4c2df07b5e5530c943991e30e52ad7df5b25f7fad5c4699c6a9fc2afc2d323d26078d,1587403.0,F,26.0,NOT APPLICABLE,UNKNOWN,NO INDICATION OF INJURY,FAILED TO YIELD,UNKNOWN,UNKNOWN,,,,Y,2023-09-24 17:00:00,30,CLEAR,DAYLIGHT,TURNING,NOT DIVIDED,UNKNOWN,UNKNOWN,NOT ON SCENE (DESK REPORT),NO INJURY / DRIVE AWAY,,"OVER $1,500",09/24/2023 05:30:00 PM,IMPROPER TURNING/NO SIGNAL,NOT APPLICABLE,,2,NO INDICATION OF INJURY,0.0,0.0,0.0,0.0,0.0,2.0,0.0,17,1,9,41.658816234,-87.603473014,POINT (-87.603473014114 41.658816233903),POINT (1183692.1735120248 1819109.3954165867),2023,724 E 130TH PL
O1710184,DRIVER,7728ab60a471ad81dad3e9b269165a334b0d374fc594a9ca8bae5357cb4faa1d25a24b4519977909d8f06d4e35734621c52258671c7df1d29e6e166a3ff80d0a,1627886.0,M,,DID NOT DEPLOY,NONE,NO INDICATION OF INJURY,UNKNOWN,UNKNOWN,UNKNOWN,,,,,2023-11-25 11:00:00,30,CLEAR,DAYLIGHT,SIDESWIPE SAME DIRECTION,NOT DIVIDED,DRY,NO DEFECTS,NOT ON SCENE (DESK REPORT),NO INJURY / DRIVE AWAY,,"OVER $1,500",11/25/2023 05:45:00 PM,UNABLE TO DETERMINE,NOT APPLICABLE,,2,NO INDICATION OF INJURY,0.0,0.0,0.0,0.0,0.0,2.0,0.0,11,7,11,41.816193157,-87.743230157,POINT (-87.743230157342 41.816193156865),POINT (1145108.6494701593 1876163.4514266755),2023,4217 S CICERO AVE
P379417,PASSENGER,230c1edae5b687ddcfc518a9160cca798b99ae3d14ff645bf4a38777493af717eaf325402d545be3bf875e309b36a440976668c679ed23b1efe152ef7882e4cf,1632884.0,F,46.0,"DEPLOYED, COMBINATION",NONE,NONINCAPACITATING INJURY,,,,,,,,2023-12-03 12:36:00,25,CLEAR,DAYLIGHT,SIDESWIPE SAME DIRECTION,DIVIDED - W/MEDIAN BARRIER,WET,NO DEFECTS,ON SCENE,INJURY AND / OR TOW DUE TO CRASH,,"OVER $1,500",12/03/2023 12:36:00 PM,EQUIPMENT - VEHICLE CONDITION,EQUIPMENT - VEHICLE CONDITION,,2,INCAPACITATING INJURY,3.0,0.0,1.0,2.0,0.0,3.0,0.0,12,1,12,41.900752974,-87.624235,POINT (-87.62423499978 41.900752974042),POINT (1177291.7145763463 1907222.0891228968),2023,1000 N LAKE SHORE DR
O1680316,DRIVER,37f073a56d575fb9689561652bd36c94e9d2398a075fc2d3d65e56ac71adaad60fd7443783172c939359996fd396812b050421eada3d6f4327b738057ddd67d9,1599228.0,M,26.0,NOT APPLICABLE,NONE,NO INDICATION OF INJURY,UNKNOWN,UNKNOWN,UNKNOWN,,,,,2023-10-10 15:40:00,30,CLEAR,DAYLIGHT,SIDESWIPE SAME DIRECTION,NOT DIVIDED,UNKNOWN,UNKNOWN,,NO INJURY / DRIVE AWAY,,"OVER $1,500",10/12/2023 03:45:00 PM,UNABLE TO DETERMINE,UNABLE TO DETERMINE,,2,NO INDICATION OF INJURY,0.0,0.0,0.0,0.0,0.0,2.0,0.0,15,3,10,41.981002245,-87.692663067,POINT (-87.692663066671 41.981002244532),POINT (1158444.5207285746 1936318.5775643461),2023,5449 N LINCOLN AVE
O1732209,DRIVER,7e69f291eb02f16acbff22e8d305bdb36728fd0e03d7b5eff9710b119d0961f1bb7e3c2f7b50977749c783b1232b6fbc39e53d2ed7612a2fd753cd3e05dccb70,1649031.0,M,23.0,DEPLOYMENT UNKNOWN,NONE,NO INDICATION OF INJURY,DISREGARDED CONTROL DEVICES,UNKNOWN,UNKNOWN,,,,,2023-12-29 13:05:00,30,RAIN,DAYLIGHT,HEAD ON,NOT DIVIDED,WET,NO DEFECTS,ON SCENE,INJURY AND / OR TOW DUE TO CRASH,,"OVER $1,500",12/29/2023 01:08:00 PM,DISREGARDING STOP SIGN,DRIVING ON WRONG SIDE/WRONG WAY,,3,"REPORTED, NOT EVIDENT",2.0,0.0,0.0,0.0,2.0,3.0,0.0,13,6,12,41.895163543,-87.73107398,POINT (-87.731073979695 41.895163542656),POINT (1148220.5248247315 1904963.0036282542),2023,4201 W CHICAGO AVE
O1642978,DRIVER,6d97586e904a6f97e36a758f77ec139cf8def31947cca34c5cc9b7509129ae34bad6897d77765aaab8e6b67c77ecc35d470d6734faffa49866aec8522ccd78db,1563534.0,X,,DEPLOYMENT UNKNOWN,UNKNOWN,NO INDICATION OF INJURY,UNKNOWN,UNKNOWN,UNKNOWN,,,,Y,2023-08-20 12:00:00,30,CLEAR,DAYLIGHT,PARKED MOTOR VEHICLE,NOT DIVIDED,DRY,NO DEFECTS,NOT ON SCENE (DESK REPORT),NO INJURY / DRIVE AWAY,Y,"OVER $1,500",08/20/2023 05:00:00 PM,UNABLE TO DETERMINE,NOT APPLICABLE,,2,NO INDICATION OF INJURY,0.0,0.0,0.0,0.0,0.0,1.0,0.0,12,1,8,41.965499051,-87.658247068,POINT (-87.658247068193 41.965499050706),POINT (1167846.5951086422 1930741.0100548686),2023,1118 W WILSON AVE
O1686159,DRIVER,3a10585761262ecbd6260f6b8f375680080a68103d982350d25315c42b18ec7f81bff88a128677cfd6c37d93c16cb593918f005522423efd7d115a1752671bfb,1604859.0,M,41.0,DID NOT DEPLOY,NONE,NO INDICATION OF INJURY,NONE,NOT OBSCURED,NORMAL,,,,,2023-10-20 17:30:00,30,CLEAR,DAWN,SIDESWIPE SAME DIRECTION,NOT DIVIDED,DRY,NO DEFECTS,NOT ON SCENE (DESK REPORT),NO INJURY / DRIVE AWAY,Y,"$501 - $1,500",10/20/2023 09:23:00 PM,UNABLE TO DETERMINE,UNABLE TO DETERMINE,,2,NO INDICATION OF INJURY,0.0,0.0,0.0,0.0,0.0,2.0,0.0,17,6,10,41.661007809,-87.586081737,POINT (-87.586081736631 41.661007808554),POINT (1188437.6350949726 1819948.6951471209),2023,13000 S DOTY AVE E
O1653535,DRIVER,89ee5b471cbc1d621ae5adae1e696594ddadaa5922111932016d257c21b89710731acaa3534a6d721d28bc3f501934aada33588b4f69680ae815ad0c5d94446b,1573639.0,M,42.0,DID NOT DEPLOY,NONE,NO INDICATION OF INJURY,NONE,NOT OBSCURED,NORMAL,,,,,2023-09-04 11:30:00,10,CLEAR,DAYLIGHT,ANGLE,PARKING LOT,DRY,NO DEFECTS,NOT ON SCENE (DESK REPORT),NO INJURY / DRIVE AWAY,,"OVER $1,500",09/04/2023 12:00:00 PM,IMPROPER BACKING,NOT APPLICABLE,,2,NO INDICATION OF INJURY,0.0,0.0,0.0,0.0,0.0,3.0,0.0,11,2,9,41.722941218,-87.662862871,POINT (-87.662862871273 41.72294121821),POINT (1167281.2951454788 1842343.8807111066),2023,9400 S ASHLAND AVE
O1693853,DRIVER,f1f7cabd574535709c8f07827c52f5fdfa9fc2af0d59a8f190c8cfca48c0eda3d965fbf78f24ef8b735c850cdfbf29f328e2fe95acf38cc5cbcbb3fb3d8d6805,1612227.0,M,28.0,NOT APPLICABLE,NONE,NO INDICATION OF INJURY,IMPROPER PASSING,MOVING VEHICLES,NORMAL,,,,,2023-10-31 17:33:00,30,SNOW,DAYLIGHT,SIDESWIPE SAME DIRECTION,NOT DIVIDED,SNOW OR SLUSH,NO DEFECTS,ON SCENE,INJURY AND / OR TOW DUE TO CRASH,,"OVER $1,500",10/31/2023 06:00:00 PM,"VISION OBSCURED (SIGNS, TREE LIMBS, BUILDINGS, ETC.)",UNABLE TO DETERMINE,,2,NO INDICATION OF INJURY,0.0,0.0,0.0,0.0,0.0,2.0,0.0,17,3,10,41.928912072,-87.66658873,POINT (-87.666588729562 41.928912071659),POINT (1165681.6966641033 1917390.836096447),2023,1516 W WRIGHTWOOD AVE
O1627464,DRIVER,b4bd61633f5b8ef8361461822175bc3f4e736dc8ca4b8a936f4d47d6a6c2308039c4ca9b2fda9d77d7864117a8d6aba45ef83134d95c95db87c1a431cf2559eb,1548689.0,M,47.0,NOT APPLICABLE,NONE,NO INDICATION OF INJURY,UNKNOWN,UNKNOWN,NORMAL,,,,,2023-07-28 17:00:00,30,CLEAR,UNKNOWN,PARKED MOTOR VEHICLE,PARKING LOT,UNKNOWN,UNKNOWN,ON SCENE,NO INJURY / DRIVE AWAY,,"OVER $1,500",07/28/2023 05:23:00 PM,UNABLE TO DETERMINE,NOT APPLICABLE,,2,NO INDICATION OF INJURY,0.0,0.0,0.0,0.0,0.0,3.0,0.0,17,6,7,41.937924424,-87.727297437,POINT (-87.727297436758 41.937924424195),POINT (1149138.6172066715 1920552.3404115958),2023,3120 N PULASKI RD
O1608068,DRIVER,6e03add2d47c32d4ca75ba41beca76f18da76c6d7925b1d574e56826516dc84df8559390032eb1dc9aa8059862284bf19a7bd16ebff38d2dcf769807e21ffcd5,1530226.0,M,27.0,NOT APPLICABLE,NONE,NO INDICATION OF INJURY,IMPROPER TURN,NOT OBSCURED,NORMAL,,,,,2023-06-28 15:45:00,30,CLEAR,DAYLIGHT,TURNING,FOUR WAY,DRY,NO DEFECTS,NOT ON SCENE (DESK REPORT),INJURY AND / OR TOW DUE TO CRASH,,"OVER $1,500",06/29/2023 07:20:00 PM,UNABLE TO DETERMINE,NOT APPLICABLE,,2,NO INDICATION OF INJURY,0.0,0.0,0.0,0.0,0.0,2.0,0.0,15,4,6,41.910590327,-87.662624123,POINT (-87.662624123111 41.910590327327),POINT (1166812.750927984 1910722.7803020952),2023,1355 W NORTH AVE
O1603641,DRIVER,aa95b823c68343c6cd6576077d17376efe90e92f4b461ace1ed02465515ddd75ae6edc7103ec889239b5f4ce02c667a443ab19971a99c96a65305c8c34c6907c,1526575.0,F,,DEPLOYMENT UNKNOWN,NONE,NO INDICATION OF INJURY,UNKNOWN,UNKNOWN,UNKNOWN,,,,,2023-06-20 01:30:00,30,CLEAR,"DARKNESS, LIGHTED ROAD",PARKED MOTOR VEHICLE,ONE-WAY,DRY,NO DEFECTS,NOT ON SCENE (DESK REPORT),NO INJURY / DRIVE AWAY,Y,"OVER $1,500",06/23/2023 12:30:00 PM,UNABLE TO DETERMINE,UNABLE TO DETERMINE,,2,NO INDICATION OF INJURY,0.0,0.0,0.0,0.0,0.0,1.0,0.0,1,3,6,41.747208395,-87.624575041,POINT (-87.624575040989 41.747208394833),POINT (1177660.7047359804 1851270.3315457427),2023,8100 S STATE ST
O1705048,DRIVER,951b1820c039c46b78883c344e5a37ebf62b7b96dade0f94fb436d7b948e9e3c1108d64e5cf822ed15804090cc7a44c893944d47485846cdd3bbc262daa18b29,1622924.0,M,,DEPLOYMENT UNKNOWN,NONE,NO INDICATION OF INJURY,IMPROPER LANE CHANGE,UNKNOWN,UNKNOWN,,,,,2023-11-17 01:30:00,30,CLEAR,"DARKNESS, LIGHTED ROAD",SIDESWIPE SAME DIRECTION,NOT DIVIDED,DRY,NO DEFECTS,ON SCENE,INJURY AND / OR TOW DUE TO CRASH,Y,"OVER $1,500",11/17/2023 01:35:00 AM,IMPROPER OVERTAKING/PASSING,NOT APPLICABLE,,2,NONINCAPACITATING INJURY,1.0,0.0,0.0,1.0,0.0,1.0,0.0,1,6,11,41.73197948,-87.614555878,POINT (-87.614555877985 41.731979479617),POINT (1180441.1663039888 1845743.7388638535),2023,8928 S DR MARTIN LUTHER KING JR DR
O1497764,DRIVER,c3ccff5e7996254f3b76fed6db115951d346d8147b1f3c701bc15ac282a7ae981f3f62b6233a023ed7ed5ff5eeded8f2a1432a0320b0bc3540b684087fcde3a1,1423889.0,F,,DEPLOYMENT UNKNOWN,NONE,NO INDICATION OF INJURY,UNKNOWN,UNKNOWN,UNKNOWN,,,,,2023-01-13 07:50:00,30,CLOUDY/OVERCAST,DAYLIGHT,ANGLE,NOT DIVIDED,DRY,NO DEFECTS,NOT ON SCENE (DESK REPORT),NO INJURY / DRIVE AWAY,,"OVER $1,500",01/13/2023 08:36:00 AM,UNABLE TO DETERMINE,NOT APPLICABLE,,2,NO INDICATION OF INJURY,0.0,0.0,0.0,0.0,0.0,2.0,0.0,7,6,1,41.889906055,-87.711392865,POINT (-87.711392864986 41.889906054886),POINT (1153592.7949615214 1903085.4061135498),2023,3401 W FRANKLIN BLVD
O1648599,BICYCLE,662d4a4a4154b6c90af92e5cb81c03a0dcb8ba15feb2e769729b825393ac973d90e6853608fe0016e3aac303f2845bcb80c34fa285c9f7a98cb3e9aaf8de8790,,M,31.0,,UNKNOWN,INCAPACITATING INJURY,UNKNOWN,UNKNOWN,UNKNOWN,WITH TRAFFIC,OTHER LIGHT SOURCE USED,BIKE LANE,,2023-08-21 05:11:00,30,UNKNOWN,UNKNOWN,PEDALCYCLIST,NOT DIVIDED,UNKNOWN,UNKNOWN,NOT ON SCENE (DESK REPORT),INJURY AND / OR TOW DUE TO CRASH,Y,"OVER $1,500",08/28/2023 03:30:00 PM,UNABLE TO DETERMINE,UNABLE TO DETERMINE,,2,INCAPACITATING INJURY,1.0,0.0,1.0,0.0,0.0,1.0,0.0,5,2,8,41.909534049,-87.63451194,POINT (-87.634511940134 41.909534048602),POINT (1174467.883838506 1910398.9614383169),2023,1511 N WELLS ST
O1669950,DRIVER,a9974c0f3dcd4f5f62986b3bbb06047907695dd40e94d8134a9cf6f5e4471512aa16a360a3c68ae1e8846fc897f1cefb45f19b5554b66381ce5a67c397707c04,1589343.0,F,36.0,NOT APPLICABLE,NONE,NO INDICATION OF INJURY,UNKNOWN,UNKNOWN,NORMAL,,,,Y,2023-09-26 20:00:00,30,UNKNOWN,UNKNOWN,PARKED MOTOR VEHICLE,ONE-WAY,UNKNOWN,NO DEFECTS,NOT ON SCENE (DESK REPORT),NO INJURY / DRIVE AWAY,,"OVER $1,500",09/27/2023 06:30:00 PM,UNABLE TO DETERMINE,NOT APPLICABLE,,2,NO INDICATION OF INJURY,0.0,0.0,0.0,0.0,0.0,1.0,0.0,20,3,9,41.749716702,-87.631704855,POINT (-87.631704855409 41.749716702297),POINT (1175707.608868911 1852168.3903790924),2023,7937 S PRINCETON AVE
O1592152,DRIVER,1f0cdcef557d2360709346e4177870c1fa574e928a1591da50f9390f93a2736ad4813dccd48b12ef6390954406286db4472cd60096f66c0177ad47d51cc29e95,1514953.0,M,30.0,DEPLOYMENT UNKNOWN,NONE,NO INDICATION OF INJURY,NONE,NOT OBSCURED,NORMAL,,,,,2023-06-06 13:30:00,30,CLOUDY/OVERCAST,DAYLIGHT,TURNING,DIVIDED - W/MEDIAN (NOT RAISED),UNKNOWN,UNKNOWN,NOT ON SCENE (DESK REPORT),NO INJURY / DRIVE AWAY,,"OVER $1,500",06/06/2023 04:10:00 PM,UNABLE TO DETERMINE,UNABLE TO DETERMINE,,2,NO INDICATION OF INJURY,0.0,0.0,0.0,0.0,0.0,2.0,0.0,13,3,6,41.930522785,-87.806337027,POINT (-87.806337027068 41.930522785208),POINT (1127650.2462497118 1917713.0616768466),2023,2751 N HARLEM AVE
O1594379,DRIVER,545b159107e42f5300a9b373b9db864b307d92489aea99b4cc5069782a6fa253d41d2ee292a17d0022e4676a90efb246af1780a0a48c1177599f04e9c14aa3cf,1517112.0,F,60.0,DID NOT DEPLOY,NONE,NO INDICATION OF INJURY,UNKNOWN,NOT OBSCURED,NORMAL,,,,,2023-06-09 14:30:00,30,CLEAR,DAYLIGHT,OTHER NONCOLLISION,NOT DIVIDED,DRY,NO DEFECTS,NOT ON SCENE (DESK REPORT),NO INJURY / DRIVE AWAY,,$500 OR LESS,06/09/2023 07:40:00 PM,UNABLE TO DETERMINE,NOT APPLICABLE,,2,NO INDICATION OF INJURY,0.0,0.0,0.0,0.0,0.0,2.0,0.0,14,6,6,41.868017164,-87.725392659,POINT (-87.725392659399 41.868017164142),POINT (1149837.3955072307 1895081.811563501),2023,1032 S PULASKI RD
O1670773,DRIVER,1c54cc75f3d5729e63ba1ae80df221548cc61cf8b1d66d8f2fc77932ffbeaf5c5860129c7915698b33c4f82e7ce61cad880e807d8756a7b1beb4bafd77b033fa,1590146.0,M,27.0,DID NOT DEPLOY,NONE,NO INDICATION OF INJURY,TOO FAST FOR CONDITIONS,NOT OBSCURED,UNKNOWN,,,,,2023-09-27 07:40:00,30,CLEAR,DAYLIGHT,REAR END,DIVIDED - W/MEDIAN BARRIER,DRY,NO DEFECTS,NOT ON SCENE (DESK REPORT),NO INJURY / DRIVE AWAY,,"OVER $1,500",09/29/2023 09:50:00 AM,FAILING TO REDUCE SPEED TO AVOID CRASH,FOLLOWING TOO CLOSELY,,2,NO INDICATION OF INJURY,0.0,0.0,0.0,0.0,0.0,3.0,0.0,7,4,9,41.927335137,-87.63188795,POINT (-87.631887950151 41.927335136925),POINT (1175129.0758805748 1916891.5368562571),2023,2450 N LAKE SHORE DR SB
O1687291,DRIVER,d7bcfdb10e870834dfdf61f7d5db26f195bfcbdb6b267095b5ca4cdb92044f795e9d3bf14d65bca32df2b2e12735b69a32e04d301cbd6fbd718a1cf03a2d2b79,1605949.0,F,58.0,NOT APPLICABLE,NONE,NO INDICATION OF INJURY,UNKNOWN,UNKNOWN,NORMAL,,,,,2023-10-22 17:30:00,30,CLEAR,DAYLIGHT,PARKED MOTOR VEHICLE,NOT DIVIDED,DRY,UNKNOWN,ON SCENE,NO INJURY / DRIVE AWAY,,$500 OR LESS,10/22/2023 05:32:00 PM,UNABLE TO DETERMINE,NOT APPLICABLE,,2,NO INDICATION OF INJURY,0.0,0.0,0.0,0.0,0.0,1.0,0.0,17,1,10,41.749766535,-87.553005147,POINT (-87.553005146874 41.749766534649),POINT (1197182.8552400086 1852371.4942447185),2023,8010 S EXCHANGE AVE
O1582459,DRIVER,bd87bd052d6a55928f5b3da6d82edabd9c840e9d9aadc48a3ca7346eb833bd000a93f13af7946410dde189bd32cbb3f927a426b1f058337e946c2fc8b0495b94,1505605.0,M,33.0,DID NOT DEPLOY,NONE,NO INDICATION OF INJURY,FAILED TO YIELD,UNKNOWN,NORMAL,,,,,2023-05-24 01:45:00,30,CLEAR,"DARKNESS, LIGHTED ROAD",ANGLE,ALLEY,DRY,NO DEFECTS,,INJURY AND / OR TOW DUE TO CRASH,,"OVER $1,500",05/24/2023 01:55:00 AM,FAILING TO YIELD RIGHT-OF-WAY,UNABLE TO DETERMINE,,2,NO INDICATION OF INJURY,0.0,0.0,0.0,0.0,0.0,2.0,0.0,1,4,5,41.693025593,-87.61231331,POINT (-87.612313310254 41.693025592567),POINT (1181172.1433234399 1831554.4953657074),2023,11050 S VERNON AVE