PERSON_ID,PERSON_TYPE,CRASH_RECORD_ID,VEHICLE_ID,SEX,AGE,AIRBAG_DEPLOYED,EJECTION,INJURY_CLASSIFICATION,DRIVER_ACTION,DRIVER_VISION,PHYSICAL_CONDITION,PEDPEDAL_ACTION,PEDPEDAL_VISIBILITY,PEDPEDAL_LOCATION,CRASH_DATE_EST_I,CRASH_DATE,POSTED_SPEED_LIMIT,WEATHER_CONDITION,LIGHTING_CONDITION,FIRST_CRASH_TYPE,TRAFFICWAY_TYPE,ROADWAY_SURFACE_COND,ROAD_DEFECT,REPORT_TYPE,CRASH_TYPE,HIT_AND_RUN_I,DAMAGE,DATE_POLICE_NOTIFIED,PRIM_CONTRIBUTORY_CAUSE,SEC_CONTRIBUTORY_CAUSE,DOORING_I,NUM_UNITS,MOST_SEVERE_INJURY,INJURIES_TOTAL,INJURIES_FATAL,INJURIES_INCAPACITATING,INJURIES_NON_INCAPACITATING,INJURIES_REPORTED_NOT_EVIDENT,INJURIES_NO_INDICATION,INJURIES_UNKNOWN,CRASH_HOUR,CRASH_DAY_OF_WEEK,CRASH_MONTH,LATITUDE,LONGITUDE,LOCATION,geometry,YEAR,ADDRESS
O1624521,DRIVER,50f71464b144587e5677915dd7762ad603fb51c4e7b8644ad182de69564b462a3707958bd8368e3a18c841b336b2075dcb1e4f9f4ae9455d4fbcb68b09c175ba,1545882.0,M,21.0,"DEPLOYED, COMBINATION",NONE,NO INDICATION OF INJURY,UNKNOWN,UNKNOWN,UNKNOWN,,,,,2023-07-24 08:45:00,30,CLEAR,DAYLIGHT,REAR END,NOT DIVIDED,UNKNOWN,UNKNOWN,NOT ON SCENE (DESK REPORT),NO INJURY / DRIVE AWAY,N,"$501 - $1,500",07/24/2023 11:00:00 AM,UNABLE TO DETERMINE,NOT APPLICABLE,,2,NO INDICATION OF INJURY,0.0,0.0,0.0,0.0,0.0,2.0,0.0,8,2,7,41.764434165,-87.692794507,POINT (-87.692794507323 41.764434164543),POINT (1158997.6920408492 1857401.2826042636),2023,2755 W 71ST ST
P356244,PASSENGER,096c240893cb66a91de1edcea6e7720fd6f5c655db1062c9362c5002477813afb868305ebcd7c0014b27a43c494ee496f7b5ef0363e81f89a082fda7d1942f04,1532810.0,F,13.0,NOT APPLICABLE,NONE,NO INDICATION OF INJURY,,,,,,,,2023-07-03 22:53:00,30,CLEAR,"DARKNESS, LIGHTED ROAD",REAR END,NOT DIVIDED,DRY,NO DEFECTS,ON SCENE,NO INJURY / DRIVE AWAY,,"OVER $1,500",07/03/2023 10:54:00 PM,PHYSICAL CONDITION OF DRIVER,PHYSICAL CONDITION OF DRIVER,,3,NO INDICATION OF INJURY,0.0,0.0,0.0,0.0,0.0,5.0,0.0,22,2,7,41.953437468,-87.707854448,POINT (-87.707854448284 41.953437467919),POINT (1154387.384275239 1926243.3326261009),2023,3945 N KEDZIE AVE
O1562347,DRIVER,a4eb1ff032d00acea8056c64f77cea585658dd135bc01a80cac1687d1680f13638c20f5da954b0778fe623fd379708101cc02468045b9f5ce660abd5aeb1a3d8,1486117.0,X,,DEPLOYMENT UNKNOWN,NONE,NO INDICATION OF INJURY,UNKNOWN,UNKNOWN,UNKNOWN,,,,,2023-04-25 14:14:00,30,CLEAR,DAYLIGHT,TURNING,NOT DIVIDED,DRY,UNKNOWN,ON SCENE,INJURY AND / OR TOW DUE TO CRASH,Y,"OVER $1,500",04/25/2023 02:47:00 PM,UNABLE TO DETERMINE,UNABLE TO DETERMINE,,2,NONINCAPACITATING INJURY,2.0,0.0,0.0,2.0,0.0,1.0,0.0,14,3,4,41.946044103,-87.757069704,POINT (-87.757069703693 41.946044102655),POINT (1141018.337481869 1923455.3106848458),2023,3600 N LARAMIE AVE
O1704435,DRIVER,85e3e9d7e384e44cb19c673d9fc9507014fafcb742dfd08ee75e3dfd73a0f66072cf751a34e2183ca51b76e7a5021716104c1d10a5271dccf79ce492ddcbf53b,1622329.0,X,,DEPLOYMENT UNKNOWN,NONE,NO INDICATION OF INJURY,UNKNOWN,UNKNOWN,UNKNOWN,,,,,2023-11-16 07:30:00,30,CLEAR,"DARKNESS, LIGHTED ROAD",PARKED MOTOR VEHICLE,ONE-WAY,DRY,NO DEFECTS,NOT ON SCENE (DESK REPORT),NO INJURY / DRIVE AWAY,Y,"OVER $1,500",11/16/2023 07:57:00 AM,UNABLE TO DETERMINE,UNABLE TO DETERMINE,,2,NO INDICATION OF INJURY,0.0,0.0,0.0,0.0,0.0,1.0,0.0,7,5,11,41.699430462,-87.64367152,POINT (-87.643671520046 41.699430461658),POINT (1172588.975841516 1833818.2187080223),2023,10705 S GREEN ST
P336614,PASSENGER,d99778534b7952d595b3ba7eba9a84a5f68405d2122dcc1100b37d875f19fc84ce99ae5d2221cb55bc765f7af56619f50f1fee393a1c885db458dffee3fb75f7,1448446.0,F,30.0,NOT APPLICABLE,NONE,NO INDICATION OF INJURY,,,,,,,,2023-02-23 19:28:00,30,CLEAR,"DARKNESS, LIGHTED ROAD",OTHER OBJECT,OTHER,DRY,NO DEFECTS,ON SCENE,INJURY AND / OR TOW DUE TO CRASH,,"OVER $1,500",02/23/2023 07:28:00 PM,UNABLE TO DETERMINE,NOT APPLICABLE,,2,NO INDICATION OF INJURY,0.0,0.0,0.0,0.0,0.0,4.0,0.0,19,5,2,41.758851593,-87.588851537,POINT (-87.588851536986 41.758851592962),POINT (1187372.5223074565 1855595.3384820865),2023,1448 E 75TH ST
P369869,PASSENGER,6f128b20ea6792b40287e600cbe6e0437ce24b366aa079cb7d0a7ca8c6bf88702ebc81f5fbf4f59ddafc1bd90a5ec946fe4638b6516ed6513741cc03ba6cb209,1590609.0,F,,NOT APPLICABLE,NONE,NO INDICATION OF INJURY,,,,,,,,2023-09-29 17:30:00,30,CLEAR,DAYLIGHT,REAR END,ONE-WAY,DRY,NO DEFECTS,ON SCENE,INJURY AND / OR TOW DUE TO CRASH,Y,"OVER $1,500",09/29/2023 05:57:00 PM,"OPERATING VEHICLE IN ERRATIC, RECKLESS, CARELESS, NEGLIGENT OR AGGRESSIVE MANNER",NOT APPLICABLE,,2,NO INDICATION OF INJURY,0.0,0.0,0.0,0.0,0.0,8.0,0.0,17,6,9,41.718956402,-87.573120428,POINT (-87.573120427956 41.718956402492),POINT (1191793.0057383205 1841095.4308869003),2023,2122 E 97TH ST
O1584071,DRIVER,33f32769385bd8db81c466dbe5c76e9d563bcad6749212084d465ee57669b2bb02f7e72dfd4b968f10835c3c2e13d3b803c86449e444a0ebb89af8abc794bebe,1507155.0,M,33.0,DID NOT DEPLOY,NONE,NO INDICATION OF INJURY,NONE,NOT OBSCURED,NORMAL,,,,,2023-05-23 17:55:00,30,UNKNOWN,DAYLIGHT,SIDESWIPE SAME DIRECTION,NOT DIVIDED,DRY,NO DEFECTS,NOT ON SCENE (DESK REPORT),NO INJURY / DRIVE AWAY,,"OVER $1,500",05/26/2023 10:15:00 AM,DRIVING SKILLS/KNOWLEDGE/EXPERIENCE,NOT APPLICABLE,,2,NO INDICATION OF INJURY,0.0,0.0,0.0,0.0,0.0,2.0,0.0,17,3,5,41.895824423,-87.654549228,POINT (-87.654549227691 41.895824422586),POINT (1169053.2727802272 1905359.3684133745),2023,767 N MILWAUKEE AVE
P358702,PASSENGER,e45bf77e66eca3fe2e6e1091c26bd63e441c05c6e1e5a967cf4659d4583e06161bcf4888b468effd9090fd832ea85a9395b3d4674070a4222e5e670644b4e8a8,1543073.0,X,,DID NOT DEPLOY,NONE,NO INDICATION OF INJURY,,,,,,,,2023-07-19 12:55:00,30,CLEAR,DAYLIGHT,TURNING,FOUR WAY,DRY,UNKNOWN,NOT ON SCENE (DESK REPORT),INJURY AND / OR TOW DUE TO CRASH,Y,"OVER $1,500",07/19/2023 08:55:00 PM,UNABLE TO DETERMINE,UNABLE TO DETERMINE,,2,NONINCAPACITATING INJURY,1.0,0.0,0.0,1.0,0.0,2.0,0.0,12,4,7,41.792642337,-87.762446601,POINT (-87.762446600716 41.792642336891),POINT (1139927.3405934284 1867546.3009359625),2023,5500 S CENTRAL AVE
O1546246,PEDESTRIAN,8989f51553dd529cbd608d2d87048b992ec89878fda384c843b3f007b1b73a90062cfc3142442017aa963d40d72139af50ec1e946408bf57d24c61ebf08f9b7b,,M,15.0,,,INCAPACITATING INJURY,NONE,,NORMAL,UNKNOWN/NA,NO CONTRASTING CLOTHING,IN ROADWAY,,2023-03-31 21:40:00,30,CLOUDY/OVERCAST,"DARKNESS, LIGHTED ROAD",PEDESTRIAN,DIVIDED - W/MEDIAN (NOT RAISED),WET,NO DEFECTS,,INJURY AND / OR TOW DUE TO CRASH,,"OVER $1,500",03/31/2023 09:48:00 PM,UNABLE TO DETERMINE,UNABLE TO DETERMINE,,2,INCAPACITATING INJURY,1.0,0.0,1.0,0.0,0.0,1.0,0.0,21,6,3,41.978183087,-87.689091889,POINT (-87.689091888724 41.978183086837),POINT (1159423.2342025489 1935298.5453091627),2023,5315 N WESTERN AVE
O1547171,DRIVER,3989de2a761ac5d1cbeda652d897e01da8bea36ee295b9e4bae13a4bdfa4c4c20e0e5199ec6900de9bab44502a788c8f57eb6371e9a1fcc3628fc0742121f807,1471447.0,X,,DEPLOYMENT UNKNOWN,NONE,NO INDICATION OF INJURY,UNKNOWN,UNKNOWN,UNKNOWN,,,,,2023-04-02 03:00:00,25,CLEAR,"DARKNESS, LIGHTED ROAD",PARKED MOTOR VEHICLE,NOT DIVIDED,DRY,NO DEFECTS,NOT ON SCENE (DESK REPORT),INJURY AND / OR TOW DUE TO CRASH,Y,"OVER $1,500",04/02/2023 01:30:00 PM,UNABLE TO DETERMINE,UNABLE TO DETERMINE,,2,NO INDICATION OF INJURY,0.0,0.0,0.0,0.0,0.0,1.0,0.0,3,1,4,41.95931924,-87.721168864,POINT (-87.721168864083 41.959319240179),POINT (1150750.385652473 1928360.51871712),2023,3716 W CULLOM AVE
O1600487,DRIVER,56ecf2fabb9f3ed295268945ec7e37235b40bdf4c3428babcc89a2a1608554e3f9f2b6cd432e3be73fa734dc7f07bd1205eb75b7a26d213e485e944f5c917d87,1522940.0,M,18.0,NOT APPLICABLE,NONE,NO INDICATION OF INJURY,IMPROPER LANE CHANGE,NOT OBSCURED,NORMAL,,,,,2023-06-18 15:15:00,30,CLEAR,DAYLIGHT,SIDESWIPE SAME DIRECTION,NOT DIVIDED,DRY,NO DEFECTS,NOT ON SCENE (DESK REPORT),NO INJURY / DRIVE AWAY,,"OVER $1,500",06/18/2023 05:33:00 PM,IMPROPER LANE USAGE,IMPROPER LANE USAGE,,2,NO INDICATION OF INJURY,0.0,0.0,0.0,0.0,0.0,2.0,0.0,15,1,6,41.767687732,-87.722630845,POINT (-87.72263084508 41.767687732304),POINT (1150849.4800683446 1858527.6520468844),2023,6900 S PULASKI RD
O1689338,DRIVER,1dbfa5c67e65b2b1762b66c7938e3b6a586e704689e26fa7747bc4b87a11c41b8285411dd7a75ff71bd20e196394b5a0f9eda095e86e09711aa9f48c23a241a9,1607912.0,X,,DEPLOYMENT UNKNOWN,NONE,NO INDICATION OF INJURY,UNKNOWN,UNKNOWN,UNKNOWN,,,,,2023-10-25 08:00:00,35,CLEAR,DAYLIGHT,PARKED MOTOR VEHICLE,ONE-WAY,DRY,NO DEFECTS,NOT ON SCENE (DESK REPORT),NO INJURY / DRIVE AWAY,Y,"OVER $1,500",10/25/2023 02:20:00 PM,IMPROPER OVERTAKING/PASSING,UNABLE TO DETERMINE,,2,NO INDICATION OF INJURY,0.0,0.0,0.0,0.0,0.0,1.0,0.0,8,4,10,41.75951547,-87.628179799,POINT (-87.628179798568 41.759515469589),POINT (1176640.2523463406 1855746.840304244),2023,7414 S PERRY AVE
O1558641,DRIVER,7f1a90dba443e447ce4c38a002c35ae1fc8c35a43951bc948eb36f9cd471f1a71872bb3f5a6c428aafeddfa72e7851378847be5807ad5d6a51b09928ddca30c3,1482527.0,F,,DEPLOYMENT UNKNOWN,NONE,NO INDICATION OF INJURY,FOLLOWED TOO CLOSELY,UNKNOWN,UNKNOWN,,,,,2023-04-19 17:59:00,30,RAIN,DAYLIGHT,REAR END,DIVIDED - W/MEDIAN (NOT RAISED),WET,NO DEFECTS,NOT ON SCENE (DESK REPORT),NO INJURY / DRIVE AWAY,Y,"OVER $1,500",04/19/2023 09:15:00 PM,IMPROPER LANE USAGE,FOLLOWING TOO CLOSELY,,2,NO INDICATION OF INJURY,0.0,0.0,0.0,0.0,0.0,2.0,0.0,17,4,4,41.886705107,-87.633166749,POINT (-87.633166748909 41.886705107317),POINT (1174901.93609312 1902083.0738470326),2023,173 W WACKER DR
O1666301,DRIVER,43523ffba361a4a458118f59f426745d52ddf2c83e45d9530452bb7b5b3b4030ee3365f6bab21aaf6502a99c25c29b914acd0a5e02702a15bea05e09bf8fd128,1585862.0,X,,DEPLOYMENT UNKNOWN,NONE,NO INDICATION OF INJURY,UNKNOWN,UNKNOWN,UNKNOWN,,,,Y,2023-09-22 06:30:00,30,UNKNOWN,UNKNOWN,PARKED MOTOR VEHICLE,NOT DIVIDED,UNKNOWN,UNKNOWN,NOT ON SCENE (DESK REPORT),NO INJURY / DRIVE AWAY,Y,"$501 - $1,500",09/22/2023 09:29:00 AM,UNABLE TO DETERMINE,NOT APPLICABLE,,2,NO INDICATION OF INJURY,0.0,0.0,0.0,0.0,0.0,1.0,0.0,6,6,9,41.805523249,-87.725818925,POINT (-87.725818925084 41.805523249055),POINT (1149882.3536124637 1872308.4741215503),2023,4815 S KARLOV AVE
O1718133,DRIVER,aaa101fdb4032e1b02fc91f6ae881c810c83bcf68ddb64ad9c98cfefd74bbd6811b4236d7b89f565bc6938d7bfa8047f7e3fde2fe97437cb9f066e83348354bc,1635481.0,M,46.0,NOT APPLICABLE,UNKNOWN,NO INDICATION OF INJURY,NONE,NOT OBSCURED,NORMAL,,,,,2023-12-07 14:00:00,30,CLEAR,DAYLIGHT,TURNING,FOUR WAY,DRY,NO DEFECTS,NOT ON SCENE (DESK REPORT),NO INJURY / DRIVE AWAY,,"$501 - $1,500",12/07/2023 04:00:00 PM,UNABLE TO DETERMINE,UNABLE TO DETERMINE,,2,NO INDICATION OF INJURY,0.0,0.0,0.0,0.0,0.0,2.0,0.0,14,5,12,41.8174742,-87.684259046,POINT (-87.684259045852 41.817474200183),POINT (1161180.3751431338 1876746.165181041),2023,4200 S WESTERN BLVD
O1512154,DRIVER,26dd6dee389f797d5d6e61bb69eb26980932158acbea4bb1a94c62f5f1f89b9e938a6bd605fb4ba596de649cb3efe262a2eed784073d264d3c37010a9f4ab6f5,1437706.0,M,23.0,DID NOT DEPLOY,NONE,NO INDICATION OF INJURY,DISREGARDED CONTROL DEVICES,UNKNOWN,NORMAL,,,,,2023-02-05 13:00:00,30,CLEAR,DAYLIGHT,TURNING,FOUR WAY,DRY,UNKNOWN,ON SCENE,INJURY AND / OR TOW DUE TO CRASH,,"OVER $1,500",02/05/2023 01:27:00 PM,DISREGARDING STOP SIGN,NOT APPLICABLE,,2,NO INDICATION OF INJURY,0.0,0.0,0.0,0.0,0.0,3.0,0.0,13,1,2,41.887479889,-87.616047119,POINT (-87.616047119018 41.88747988917),POINT (1179561.1941760704 1902403.9050272207),2023,488 E LOWER WACKER DR
P368590,PASSENGER,641caeb2ab6733471bdf842e017b6e671695c07cbd7065d87759457d84dcbcca7893c8b08d8893268a09cd1f98243792ec43b5d76fe63151488f2c5a79ac8db0,1584958.0,M,,NOT APPLICABLE,NONE,NO INDICATION OF INJURY,,,,,,,,2023-09-20 16:30:00,30,CLEAR,DAYLIGHT,PARKED MOTOR VEHICLE,NOT DIVIDED,DRY,NO DEFECTS,NOT ON SCENE (DESK REPORT),NO INJURY / DRIVE AWAY,,"$501 - $1,500",09/20/2023 06:43:00 PM,NOT APPLICABLE,NOT APPLICABLE,,2,NO INDICATION OF INJURY,0.0,0.0,0.0,0.0,0.0,4.0,0.0,16,4,9,41.773564696,-87.741974312,POINT (-87.741974311795 41.773564696112),POINT (1145557.8411480887 1860632.2935863058),2023,6541 S CICERO AVE
P360747,PASSENGER,0aaaead9191ee404b3255b4064cd9ffe75cbd417529ab88b1117a018be17d1047f0eb9b06c1a42833037b23349b7cdc24895aacae1f77f27f44d85c457e33b73,1551241.0,F,,NOT APPLICABLE,UNKNOWN,NO INDICATION OF INJURY,,,,,,,,2023-07-31 18:24:00,10,CLEAR,DAYLIGHT,REAR END,DRIVEWAY,DRY,UNKNOWN,NOT ON SCENE (DESK REPORT),NO INJURY / DRIVE AWAY,,"$501 - $1,500",08/01/2023 05:22:00 PM,UNABLE TO DETERMINE,UNABLE TO DETERMINE,,2,NO INDICATION OF INJURY,0.0,0.0,0.0,0.0,0.0,3.0,0.0,18,2,7,41.822974599,-87.690388396,POINT (-87.690388395509 41.822974598617),POINT (1159494.5773362874 1878737.9215211738),2023,2610 W PERSHING RD
O1495867,DRIVER,b81e03266e11180b8134c213197f62ae874bd9e00ac3b17163b3c2b4623569e4c49cd7e4917e7fb68b354caea86efe8562a512f93015b6b966f220730e636281,1422062.0,F,42.0,NOT APPLICABLE,NONE,NO INDICATION OF INJURY,NONE,NOT OBSCURED,NORMAL,,,,,2023-01-09 20:43:00,30,CLEAR,"DARKNESS, LIGHTED ROAD",REAR END,DIVIDED - W/MEDIAN (NOT RAISED),DRY,NO DEFECTS,NOT ON SCENE (DESK REPORT),NO INJURY / DRIVE AWAY,,"OVER $1,500",01/09/2023 09:52:00 PM,FOLLOWING TOO CLOSELY,DISTRACTION - FROM INSIDE VEHICLE,,2,NO INDICATION OF INJURY,0.0,0.0,0.0,0.0,0.0,4.0,0.0,20,2,1,41.911623196,-87.687107987,POINT (-87.687107986889 41.911623195571),POINT (1160145.5327239486 1911047.996184365),2023,1647 N WESTERN AVE
P355148,PASSENGER,8afdcd6f8ce07d0e54f066b6f76ebdfea366d89b1e9090ec66c2c14373405a068f48b2c88d0640da27866863f0d99854f17c828397b4e8e74f8a62013753edad,1528216.0,F,59.0,DID NOT DEPLOY,NONE,NO INDICATION OF INJURY,,,,,,,,2023-06-26 15:50:00,15,CLEAR,DAYLIGHT,PARKED MOTOR VEHICLE,PARKING LOT,DRY,NO DEFECTS,ON SCENE,INJURY AND / OR TOW DUE TO CRASH,,"$501 - $1,500",06/26/2023 04:14:00 PM,UNABLE TO DETERMINE,UNABLE TO DETERMINE,,2,"REPORTED, NOT EVIDENT",1.0,0.0,0.0,0.0,1.0,1.0,0.0,15,2,6,41.722553361,-87.577363672,POINT (-87.577363672231 41.722553360727),POINT (1190623.055437736 1842395.92478861),2023,1910 E 95TH ST
P336214,PASSENGER,db9b328bd8998755921a40e47c88666644603be8036270c4f7827dc7edce8a6229703c647ecad084f6d581e03a74821add5401a9aa36933ab87a6ca56f48996a,1446407.0,F,,DID NOT DEPLOY,NONE,NO INDICATION OF INJURY,,,,,,,,2023-02-20 12:10:00,20,CLEAR,DAYLIGHT,PARKED MOTOR VEHICLE,ONE-WAY,DRY,NO DEFECTS,ON SCENE,NO INJURY / DRIVE AWAY,,"OVER $1,500",02/20/2023 12:20:00 PM,NOT APPLICABLE,NOT APPLICABLE,,2,NO INDICATION OF INJURY,0.0,0.0,0.0,0.0,0.0,2.0,0.0,12,2,2,41.886633519,-87.61741342,POINT (-87.617413420432 41.886633519398),POINT (1179191.7324139657 1902092.381198223),2023,400 E SOUTH WATER ST
O1671543,DRIVER,2aec3a17825486938f972cf0cf7000e57583c5a6c6cfc2f68191ac554301594b76962a6221ed04ea2d0bdfea0f2ae5de2b0516911f936453be22c74cd8350049,1590879.0,M,24.0,"DEPLOYED, SIDE",NONE,NO INDICATION OF INJURY,UNKNOWN,UNKNOWN,UNKNOWN,,,,,2023-09-29 12:40:00,30,CLEAR,DAYLIGHT,TURNING,DIVIDED - W/MEDIAN (NOT RAISED),DRY,NO DEFECTS,,INJURY AND / OR TOW DUE TO CRASH,,"OVER $1,500",09/29/2023 02:00:00 PM,UNABLE TO DETERMINE,NOT APPLICABLE,,2,"REPORTED, NOT EVIDENT",3.0,0.0,0.0,0.0,3.0,1.0,0.0,12,6,9,41.812031267,-87.723591143,POINT (-87.723591143456 41.812031267336),POINT (1150472.9121880422 1874684.2578795971),2023,4445 S PULASKI RD
O1729165,DRIVER,955206d3840f025184e175cd9988b4faf4075cec6f30bfad0b9d81362bfa8458faaedfc4adfdf33d03c86626cfde64660439c5cd45d8fe9499481c57021543dc,1646121.0,F,,NOT APPLICABLE,NONE,NO INDICATION OF INJURY,UNKNOWN,UNKNOWN,UNKNOWN,,,,,2023-12-13 09:00:00,20,UNKNOWN,DAYLIGHT,ANGLE,NOT DIVIDED,UNKNOWN,UNKNOWN,NOT ON SCENE (DESK REPORT),NO INJURY / DRIVE AWAY,Y,"OVER $1,500",12/23/2023 06:45:00 PM,UNABLE TO DETERMINE,UNABLE TO DETERMINE,,2,NO INDICATION OF INJURY,0.0,0.0,0.0,0.0,0.0,2.0,0.0,9,4,12,41.776323409,-87.636260692,POINT (-87.636260692382 41.776323408734),POINT (1174385.8552205442 1861853.5520223016),2023,432 W 65TH ST
O1516670,DRIVER,2635faf973d0917ba929e0f24c43d515f8c16aa9559360a28e9d109253e705accfe136888ea7d05fb603234f532569221f996e8dc0a4f75b2b654811d66a00cd,1442017.0,X,,DEPLOYMENT UNKNOWN,NONE,NO INDICATION OF INJURY,UNKNOWN,UNKNOWN,UNKNOWN,,,,Y,2023-02-13 04:00:00,30,CLEAR,UNKNOWN,PARKED MOTOR VEHICLE,NOT DIVIDED,UNKNOWN,UNKNOWN,NOT ON SCENE (DESK REPORT),NO INJURY / DRIVE AWAY,Y,"OVER $1,500",02/13/2023 09:20:00 AM,UNABLE TO DETERMINE,UNABLE TO DETERMINE,,2,NO INDICATION OF INJURY,0.0,0.0,0.0,0.0,0.0,1.0,0.0,4,2,2,41.947201776,-87.662582168,POINT (-87.662582168219 41.94720177611),POINT (1166719.8026803692 1924064.1552894816),2023,1322 W ADDISON ST
O1555746,DRIVER,bed2fc05dffbb49ae020996d787dc787ef62db28db50139ddb40b61da5381db1163738afa38361df3d082a348410e2039f7154245fea1496ce59149065fc128d,1479707.0,M,21.0,DID NOT DEPLOY,NONE,NO INDICATION OF INJURY,UNKNOWN,UNKNOWN,UNKNOWN,,,,,2023-04-15 16:58:00,30,CLEAR,DAYLIGHT,PARKED MOTOR VEHICLE,NOT DIVIDED,UNKNOWN,UNKNOWN,ON SCENE,INJURY AND / OR TOW DUE TO CRASH,,"OVER $1,500",04/15/2023 04:58:00 PM,UNABLE TO DETERMINE,NOT APPLICABLE,,2,NO INDICATION OF INJURY,0.0,0.0,0.0,0.0,0.0,3.0,0.0,16,7,4,41.77995038,-87.639123398,POINT (-87.639123398292 41.779950379546),POINT (1173594.3402624049 1863168.8774867863),2023,540 W 63RD ST
O1521564,DRIVER,5115f40bd007ab41f5a61e726372e191d91493be6cbeac4f9239f632066a49d63ef45bafb4ecfe7623b5157ffac2e22f1664cc8ed1c8b0d1b97f06d737221401,1446720.0,M,24.0,DID NOT DEPLOY,NONE,NO INDICATION OF INJURY,OTHER,WINDSHIELD (WATER/ICE),NORMAL,,,,,2023-02-16 20:45:00,30,FREEZING RAIN/DRIZZLE,"DARKNESS, LIGHTED ROAD",REAR END,T-INTERSECTION,SNOW OR SLUSH,NO DEFECTS,NOT ON SCENE (DESK REPORT),NO INJURY / DRIVE AWAY,,"OVER $1,500",02/20/2023 10:00:00 PM,DISTRACTION - FROM OUTSIDE VEHICLE,DRIVING SKILLS/KNOWLEDGE/EXPERIENCE,,2,NO INDICATION OF INJURY,0.0,0.0,0.0,0.0,0.0,2.0,0.0,20,5,2,41.887900538,-87.767103013,POINT (-87.767103012891 41.887900538216),POINT (1138428.725455134 1902249.5769550854),2023,5648 W LAKE ST
O1546477,DRIVER,aadbca772e5a41cb6af68a6fcac83556817b23541b4f53db71acb5f5a4501aa8bc95046719411dd870898c18765be1589912cc4ed256431ed57a955e6b3ced46,1470764.0,X,,DEPLOYMENT UNKNOWN,NONE,NO INDICATION OF INJURY,IMPROPER PASSING,UNKNOWN,UNKNOWN,,,,,2023-04-01 10:41:00,30,RAIN,DAYLIGHT,SIDESWIPE OPPOSITE DIRECTION,NOT DIVIDED,WET,UNKNOWN,ON SCENE,NO INJURY / DRIVE AWAY,Y,$500 OR LESS,04/01/2023 10:42:00 AM,UNABLE TO DETERMINE,IMPROPER OVERTAKING/PASSING,,2,NO INDICATION OF INJURY,0.0,0.0,0.0,0.0,0.0,2.0,0.0,10,7,4,41.811658036,-87.70349262,POINT (-87.70349261994 41.811658035828),POINT (1155953.0280763258 1874587.7705303237),2023,3145 W 45TH ST
O1732773,DRIVER,29ba1017dddea6529057a53085b19de72617da011c3d70d5b739cd9c9e3f539e977b52776a5de9dd0ccce419286f55e0db9322fee987d678b57372bcc20638cc,1649575.0,M,29.0,DID NOT DEPLOY,NONE,NO INDICATION OF INJURY,NONE,UNKNOWN,NORMAL,,,,,2023-12-30 20:00:00,30,CLEAR,DARKNESS,TURNING,DIVIDED - W/MEDIAN (NOT RAISED),DRY,UNKNOWN,NOT ON SCENE (DESK REPORT),NO INJURY / DRIVE AWAY,,"OVER $1,500",12/30/2023 08:30:00 PM,FAILING TO YIELD RIGHT-OF-WAY,IMPROPER TURNING/NO SIGNAL,,2,NO INDICATION OF INJURY,0.0,0.0,0.0,0.0,0.0,2.0,0.0,20,7,12,41.850294871,-87.639768003,POINT (-87.63976800339 41.850294871268),POINT (1173211.635213769 1888800.6443379628),2023,2331 S ARCHER AVE
P372677,PASSENGER,4d74704b061f28a91aa826ea2da4b00531d45d7803b64945366a9da7aae0a186d50230f2bab2940b75fa43cd9bf23b93c1ddd546697738b9a2a243709f455e25,1602815.0,F,,DID NOT DEPLOY,NONE,NO INDICATION OF INJURY,,,,,,,,2023-10-18 07:35:00,30,CLEAR,DAYLIGHT,SIDESWIPE SAME DIRECTION,DIVIDED - W/MEDIAN (NOT RAISED),DRY,NO DEFECTS,NOT ON SCENE (DESK REPORT),NO INJURY / DRIVE AWAY,Y,"OVER $1,500",10/18/2023 07:50:00 AM,FAILING TO YIELD RIGHT-OF-WAY,FAILING TO REDUCE SPEED TO AVOID CRASH,,2,NO INDICATION OF INJURY,0.0,0.0,0.0,0.0,0.0,4.0,0.0,7,4,10,41.997466794,-87.787338597,POINT (-87.787338597339 41.997466794382),POINT (1132664.4534155799 1942140.0279593838),2023,6350 W DEVON AVE
O1660459,DRIVER,d8464057fb625f38b84861ff2cf64a546e75525ee480c304bf974b65cb36b19c20fd8e4139283b9105d0610ef2202619b179cd7bb8f0681f01e46ecea0edaf96,1580285.0,M,24.0,DID NOT DEPLOY,NONE,NO INDICATION OF INJURY,FOLLOWED TOO CLOSELY,UNKNOWN,NORMAL,,,,,2023-09-14 08:50:00,30,CLEAR,DAYLIGHT,REAR END,NOT DIVIDED,UNKNOWN,NO DEFECTS,NOT ON SCENE (DESK REPORT),NO INJURY / DRIVE AWAY,,"OVER $1,500",09/14/2023 09:30:00 AM,FOLLOWING TOO CLOSELY,UNABLE TO DETERMINE,,2,NO INDICATION OF INJURY,0.0,0.0,0.0,0.0,0.0,2.0,0.0,8,5,9,41.997166018,-87.719125465,POINT (-87.719125464901 41.997166017521),POINT (1151207.2751952775 1942156.0385857904),2023,3601 W DEVON AVE