PERSON_ID,PERSON_TYPE,CRASH_RECORD_ID,VEHICLE_ID,SEX,AGE,AIRBAG_DEPLOYED,EJECTION,INJURY_CLASSIFICATION,DRIVER_ACTION,DRIVER_VISION,PHYSICAL_CONDITION,PEDPEDAL_ACTION,PEDPEDAL_VISIBILITY,PEDPEDAL_LOCATION,CRASH_DATE_EST_I,CRASH_DATE,POSTED_SPEED_LIMIT,WEATHER_CONDITION,LIGHTING_CONDITION,FIRST_CRASH_TYPE,TRAFFICWAY_TYPE,ROADWAY_SURFACE_COND,ROAD_DEFECT,REPORT_TYPE,CRASH_TYPE,HIT_AND_RUN_I,DAMAGE,DATE_POLICE_NOTIFIED,PRIM_CONTRIBUTORY_CAUSE,SEC_CONTRIBUTORY_CAUSE,DOORING_I,NUM_UNITS,MOST_SEVERE_INJURY,INJURIES_TOTAL,INJURIES_FATAL,INJURIES_INCAPACITATING,INJURIES_NON_INCAPACITATING,INJURIES_REPORTED_NOT_EVIDENT,INJURIES_NO_INDICATION,INJURIES_UNKNOWN,CRASH_HOUR,CRASH_DAY_OF_WEEK,CRASH_MONTH,LATITUDE,LONGITUDE,LOCATION,geometry,YEAR,ADDRESS
O1501430,DRIVER,a1763213ff4f11d9b4f1bc855d81a3ab534ecb986112ca26e6beeb88e65e60bf88570b24b360671c9ba96dbc90fb2d7ec41f807f4077687444b5d6b293b07134,1427412.0,M,,NOT APPLICABLE,NONE,NO INDICATION OF INJURY,IMPROPER LANE CHANGE,NOT OBSCURED,NORMAL,,,,,2023-01-19 15:30:00,20,RAIN,DAYLIGHT,SIDESWIPE SAME DIRECTION,NOT DIVIDED,WET,NO DEFECTS,NOT ON SCENE (DESK REPORT),NO INJURY / DRIVE AWAY,Y,"OVER $1,500",01/19/2023 04:13:00 PM,IMPROPER OVERTAKING/PASSING,NOT APPLICABLE,,2,NO INDICATION OF INJURY,0.0,0.0,0.0,0.0,0.0,2.0,0.0,15,5,1,41.80644253,-87.694008156,POINT (-87.694008155993 41.806442529885),POINT (1158552.7700813455 1872706.3628947693),2023,4801 S CALIFORNIA AVE
O1731961,DRIVER,ad5bbb555e54eea8559ed4ec005eb1e2a831f5c29ea60ce1a89af5e79ec4785d96c99e60bdcb07b68d1a07a50818e5724e3409f2d308dc74d25c0e7b9e781fad,1648793.0,F,26.0,NOT APPLICABLE,NONE,NONINCAPACITATING INJURY,UNKNOWN,UNKNOWN,NORMAL,,,,,2023-12-29 11:10:00,30,RAIN,DAYLIGHT,ANGLE,NOT DIVIDED,WET,UNKNOWN,ON SCENE,INJURY AND / OR TOW DUE TO CRASH,,"OVER $1,500",12/29/2023 11:12:00 AM,UNABLE TO DETERMINE,UNABLE TO DETERMINE,,2,NONINCAPACITATING INJURY,1.0,0.0,0.0,1.0,0.0,2.0,0.0,11,6,12,41.807674167,-87.73200568,POINT (-87.732005680477 41.807674166867),POINT (1148190.109646072 1873080.393280369),2023,4701 S KOLIN AVE
P376661,PASSENGER,c72031b2d05070b06bfd78405e5805950389717e75a0a66d99132dfc828acc71a640903e36af3c76ba8b5571aefd904cfe405148bcd75306d601676851a0a616,1620517.0,M,6.0,"DEPLOYED, COMBINATION",NONE,NONINCAPACITATING INJURY,,,,,,,,2023-11-13 12:25:00,30,CLEAR,DAYLIGHT,TURNING,NOT DIVIDED,DRY,UNKNOWN,ON SCENE,INJURY AND / OR TOW DUE TO CRASH,,"OVER $1,500",11/13/2023 12:27:00 PM,UNABLE TO DETERMINE,IMPROPER TURNING/NO SIGNAL,,3,NONINCAPACITATING INJURY,5.0,0.0,0.0,5.0,0.0,1.0,0.0,12,2,11,41.80122506,-87.664920958,POINT (-87.664920957694 41.801225060191),POINT (1166497.7993860103 1870865.4797474083),2023,5100 S ASHLAND AVE
O1545202,DRIVER,668889b737b1f0ef96dfb6b2713b5bdb2022624d19cc87769756e0d09e0a1e494a7c1ea64f9e9e7ca2f3c8448617b3e792b8c9cb0426ac63824153e97d840e8e,1469535.0,M,32.0,DID NOT DEPLOY,NONE,NO INDICATION OF INJURY,NONE,NOT OBSCURED,NORMAL,,,,,2023-03-30 13:24:00,30,CLEAR,DAYLIGHT,REAR TO SIDE,PARKING LOT,DRY,NO DEFECTS,NOT ON SCENE (DESK REPORT),NO INJURY / DRIVE AWAY,,"OVER $1,500",03/30/2023 01:50:00 PM,UNABLE TO DETERMINE,UNABLE TO DETERMINE,,2,NO INDICATION OF INJURY,0.0,0.0,0.0,0.0,0.0,2.0,0.0,13,5,3,41.868853382,-87.643566466,POINT (-87.643566466184 41.86885338154),POINT (1172122.4090038945 1895554.9893888885),2023,1101 S DESPLAINES ST
O1605113,DRIVER,2e2e71a0bb36bbc18b050ce92917ec2a5bc0d98bb861240546b5570c899ef9effa713a8c90bb894885e7e50bdb804d6c826529b29b4856a7121d67e8f7ced5f2,1527369.0,X,,DEPLOYMENT UNKNOWN,NONE,NO INDICATION OF INJURY,NONE,UNKNOWN,UNKNOWN,,,,,2023-06-25 01:30:00,30,CLEAR,DARKNESS,PARKED MOTOR VEHICLE,NOT DIVIDED,DRY,NO DEFECTS,ON SCENE,NO INJURY / DRIVE AWAY,Y,"OVER $1,500",06/25/2023 07:53:00 AM,UNABLE TO DETERMINE,UNABLE TO DETERMINE,,2,NO INDICATION OF INJURY,0.0,0.0,0.0,0.0,0.0,1.0,0.0,1,1,6,41.791165363,-87.623461563,POINT (-87.623461563348 41.79116536335),POINT (1177832.3582111166 1867290.4184837758),2023,54 E 57TH ST
O1639617,DRIVER,a1637e24c555ab878abafe71459cf82ff2f230feffe30358f85ee7a5d7dc829b8c0250aeeeb7151593dbd23357067d11b0bd312825ab04733cf093a3cdd789bd,1560300.0,M,,"DEPLOYED, COMBINATION",UNKNOWN,NO INDICATION OF INJURY,OTHER,UNKNOWN,UNKNOWN,,,,,2023-08-15 15:30:00,30,CLEAR,DAYLIGHT,ANGLE,UNKNOWN INTERSECTION TYPE,DRY,UNKNOWN,ON SCENE,INJURY AND / OR TOW DUE TO CRASH,Y,"OVER $1,500",08/15/2023 05:42:00 PM,DISREGARDING TRAFFIC SIGNALS,FAILING TO REDUCE SPEED TO AVOID CRASH,,2,NONINCAPACITATING INJURY,1.0,0.0,0.0,1.0,0.0,4.0,0.0,15,3,8,41.816460932,-87.629293313,POINT (-87.629293313473 41.816460931793),POINT (1176166.5247172716 1876494.9056273561),2023,4299 S LA SALLE ST
O1662336,DRIVER,05de4a9f6203118358adafb7f9aa3aa5161229526810d73fac9cc455485d0270989b3671cf4e62035ec0110a38875707d97ef64c3084b69b17f7933209d9c98b,1582092.0,F,65.0,NOT APPLICABLE,NONE,NO INDICATION OF INJURY,NONE,UNKNOWN,UNKNOWN,,,,,2023-09-16 16:52:00,30,CLEAR,DAYLIGHT,REAR END,FOUR WAY,WET,NO DEFECTS,ON SCENE,INJURY AND / OR TOW DUE TO CRASH,,"OVER $1,500",09/16/2023 04:52:00 PM,FOLLOWING TOO CLOSELY,NOT APPLICABLE,,2,NO INDICATION OF INJURY,0.0,0.0,0.0,0.0,0.0,2.0,0.0,16,7,9,41.751224094,-87.614896961,POINT (-87.614896961253 41.751224094299),POINT (1180289.5215210663 1852755.5197655237),2023,400 E 79TH ST
O1703534,DRIVER,7cbf70cb5757ccafd9b87a88ad668030b54e433886734246bdd1a32e123a398f955d67eb6f8e51a8f739b135df144a84411aa9083966da8b6c0354c0d05e57d3,1621447.0,X,,NOT APPLICABLE,NONE,NO INDICATION OF INJURY,UNKNOWN,UNKNOWN,UNKNOWN,,,,,2023-09-02 10:43:00,30,CLEAR,DAYLIGHT,FIXED OBJECT,ALLEY,DRY,NO DEFECTS,,NO INJURY / DRIVE AWAY,Y,"OVER $1,500",09/06/2023 12:25:00 PM,UNABLE TO DETERMINE,NOT APPLICABLE,,1,NO INDICATION OF INJURY,0.0,0.0,0.0,0.0,0.0,1.0,0.0,10,7,9,41.920670718,-87.730269852,POINT (-87.730269852157 41.9206707183),POINT (1148374.1087230032 1914259.360614516),2023,4125 W PALMER ST
O1492474,DRIVER,bc4e7c49399068c1b1fbfccea501f3ff45af754a89686201ba2fd73435422f8fa4ee9684a68a8a9f90d155537cda33cc5638a8dca13d50a60890ed12d1aa8dc2,1418788.0,M,,"DEPLOYED, FRONT",NONE,NO INDICATION OF INJURY,IMPROPER BACKING,UNKNOWN,UNKNOWN,,,,,2023-01-02 18:56:00,30,FREEZING RAIN/DRIZZLE,"DARKNESS, LIGHTED ROAD",ANGLE,DIVIDED - W/MEDIAN (NOT RAISED),WET,NO DEFECTS,ON SCENE,INJURY AND / OR TOW DUE TO CRASH,Y,"OVER $1,500",01/02/2023 06:57:00 PM,IMPROPER OVERTAKING/PASSING,NOT APPLICABLE,,3,NO INDICATION OF INJURY,0.0,0.0,0.0,0.0,0.0,4.0,0.0,18,2,1,41.793141584,-87.719857548,POINT (-87.719857547617 41.793141584397),POINT (1151539.866954744 1867808.2217285412),2023,3839 W 55TH ST
O1553616,DRIVER,e3c3779f05f382aff9449fbe3321f862c8f22296250e31031a2318817510b523a47127215e3a336a769faef3f956ca9d6a7929b6c06b7affb82371368b9fe6d3,1477669.0,M,19.0,DID NOT DEPLOY,NONE,NO INDICATION OF INJURY,NONE,NOT OBSCURED,NORMAL,,,,,2023-04-12 17:30:00,30,CLEAR,DAYLIGHT,REAR END,FOUR WAY,DRY,NO DEFECTS,NOT ON SCENE (DESK REPORT),NO INJURY / DRIVE AWAY,,"OVER $1,500",04/12/2023 07:30:00 PM,FAILING TO REDUCE SPEED TO AVOID CRASH,UNABLE TO DETERMINE,,2,NO INDICATION OF INJURY,0.0,0.0,0.0,0.0,0.0,2.0,0.0,17,4,4,41.798470375,-87.743430546,POINT (-87.743430546378 41.798470375215),POINT (1145098.3504799714 1869705.0056947083),2023,5413 S ARCHER AVE
P344407,PASSENGER,da96afaeda0a08615dce8fb97cfd43f8e29c1837caa0d4cdbf7b3920c08dea152d823d62a0bbdbb68f1a992c86965f0e1c6b1540be9f3485b933742f1542c987,1482322.0,F,,DID NOT DEPLOY,NONE,NO INDICATION OF INJURY,,,,,,,,2023-04-18 16:15:00,30,CLEAR,DAYLIGHT,PARKED MOTOR VEHICLE,PARKING LOT,DRY,NO DEFECTS,NOT ON SCENE (DESK REPORT),NO INJURY / DRIVE AWAY,,"$501 - $1,500",04/19/2023 04:59:00 PM,NOT APPLICABLE,NOT APPLICABLE,,2,NO INDICATION OF INJURY,0.0,0.0,0.0,0.0,0.0,2.0,0.0,16,3,4,41.786889681,-87.732629623,POINT (-87.732629622735 41.786889681301),POINT (1148072.9284804256 1865505.478779691),2023,5825 S KOSTNER AVE
O1540599,DRIVER,8f66da703cbe0c68571bb9e61475f11139fe04be48c8ac028652f2b9c7a656f25962d3e5d1712eebccab33b4e14a6859b7d4affd02445a53885e2d2d0caf0700,1465069.0,F,32.0,DID NOT DEPLOY,NONE,NO INDICATION OF INJURY,NONE,NOT OBSCURED,NORMAL,,,,,2023-03-23 07:45:00,30,RAIN,DAYLIGHT,REAR END,NOT DIVIDED,WET,NO DEFECTS,ON SCENE,NO INJURY / DRIVE AWAY,,"$501 - $1,500",03/23/2023 07:57:00 AM,UNABLE TO DETERMINE,NOT APPLICABLE,,2,NO INDICATION OF INJURY,0.0,0.0,0.0,0.0,0.0,2.0,0.0,7,5,3,41.833664805,-87.651183498,POINT (-87.651183497625 41.833664805416),POINT (1170149.6019811654 1882715.7909467935),2023,3320 S MORGAN ST
P372516,PASSENGER,7613359d8a34ffc9901b29b5cb818e584cbdafb247b237e991e2c9e3704df5908c0cc43312a8ba36b159b369dfd8c0ef85b3c903e15d079dfce42a7cd67c8f6b,1602046.0,F,24.0,DID NOT DEPLOY,NONE,NO INDICATION OF INJURY,,,,,,,,2023-10-16 23:45:00,30,CLEAR,"DARKNESS, LIGHTED ROAD",TURNING,FOUR WAY,DRY,NO DEFECTS,ON SCENE,INJURY AND / OR TOW DUE TO CRASH,,"OVER $1,500",10/16/2023 11:51:00 PM,DISREGARDING TRAFFIC SIGNALS,NOT APPLICABLE,,2,NO INDICATION OF INJURY,0.0,0.0,0.0,0.0,0.0,6.0,0.0,23,2,10,41.893277948,-87.635540985,POINT (-87.635540985167 41.893277947644),POINT (1174235.9618582276 1904472.949481023),2023,240 W ONTARIO ST
O1564132,DRIVER,b73fbd5a91b401d73d78e4548ac3d12091e957ce66b4bb9e59403ef14d49eae94277c1fb5d118d48fb940e9efd2eb65a67b0e98fd7cd57797c961e1f995c2c77,1487851.0,M,44.0,DID NOT DEPLOY,NONE,NO INDICATION OF INJURY,OTHER,NOT OBSCURED,NORMAL,,,,,2023-04-28 07:44:00,30,CLEAR,DAYLIGHT,PARKED MOTOR VEHICLE,NOT DIVIDED,DRY,NO DEFECTS,ON SCENE,NO INJURY / DRIVE AWAY,,$500 OR LESS,04/28/2023 07:44:00 AM,DISTRACTION - FROM OUTSIDE VEHICLE,NOT APPLICABLE,,2,NO INDICATION OF INJURY,0.0,0.0,0.0,0.0,0.0,1.0,0.0,7,6,4,41.958391326,-87.648498171,POINT (-87.648498170977 41.95839132613),POINT (1170518.6215107276 1928171.966267779),2023,727 W BUENA AVE
O1655751,DRIVER,94ca68af56be34a7bf8ba4f87443cdf1bf50b7ee192b024c3a606ff38277162ecbe90547354c52d625a911dde7656c683ea0997567da6aedb8eac15bd60f1def,1575757.0,M,44.0,NOT APPLICABLE,UNKNOWN,"REPORTED, NOT EVIDENT",UNKNOWN,UNKNOWN,NORMAL,,,,,2023-09-07 13:16:00,30,CLEAR,DAYLIGHT,SIDESWIPE OPPOSITE DIRECTION,NOT DIVIDED,DRY,NO DEFECTS,ON SCENE,INJURY AND / OR TOW DUE TO CRASH,,"OVER $1,500",09/07/2023 01:16:00 PM,UNABLE TO DETERMINE,NOT APPLICABLE,,2,"REPORTED, NOT EVIDENT",1.0,0.0,0.0,0.0,1.0,2.0,0.0,13,5,9,41.983609396,-87.668128739,POINT (-87.668128739428 41.983609396447),POINT (1165107.914756099 1937319.488068744),2023,1514 W BRYN MAWR AVE
O1664551,DRIVER,82f00c461a681b915d4c1429182133fbc8200cf346e7b7810e329e256a8283b3483ea5ab555447d5213b0cfbf333dbb8eeebe31dc7edbc3f3c34db9a4d3e4c85,1584205.0,F,41.0,"DEPLOYED, FRONT",NONE,NO INDICATION OF INJURY,UNKNOWN,UNKNOWN,NORMAL,,,,,2023-09-19 15:52:00,30,RAIN,DAYLIGHT,TURNING,DIVIDED - W/MEDIAN (NOT RAISED),WET,NO DEFECTS,ON SCENE,INJURY AND / OR TOW DUE TO CRASH,,"OVER $1,500",09/19/2023 04:12:00 PM,UNABLE TO DETERMINE,NOT APPLICABLE,,2,NO INDICATION OF INJURY,0.0,0.0,0.0,0.0,0.0,2.0,0.0,15,3,9,41.845141425,-87.675804877,POINT (-87.675804877316 41.845141424557),POINT (1163407.730183429 1886845.5059247927),2023,2558 S DAMEN AVE
O1586791,DRIVER,399fe35c886a9db6d88e3a74cb8bb034ed512fd72aaef8ec59727721c30cff19b8136a9a717dcb0a59f9640bf5ef15c6a1e3eb026b6ab917208e4537b206b792,1509787.0,M,,DEPLOYMENT UNKNOWN,NONE,NO INDICATION OF INJURY,IMPROPER PASSING,UNKNOWN,UNKNOWN,,,,,2023-05-30 15:40:00,30,CLEAR,DAYLIGHT,SIDESWIPE SAME DIRECTION,NOT DIVIDED,DRY,NO DEFECTS,NOT ON SCENE (DESK REPORT),NO INJURY / DRIVE AWAY,,"$501 - $1,500",05/30/2023 04:56:00 PM,NOT APPLICABLE,NOT APPLICABLE,,2,NO INDICATION OF INJURY,0.0,0.0,0.0,0.0,0.0,3.0,0.0,15,3,5,41.774694542,-87.742013301,POINT (-87.742013300808 41.774694541589),POINT (1145544.3751127925 1861043.9267272765),2023,6501 S CICERO AVE
O1646585,DRIVER,993ef140395338f6d52c0dc2009636c2f2ee742724d7c774844ad8e57dadbcd246a3192720cd32d1b7ffdf0026a5c6a5a5e4d9b28fed0350d4edf56a1fa82ffc,1566962.0,F,60.0,DID NOT DEPLOY,NONE,NO INDICATION OF INJURY,UNKNOWN,NOT OBSCURED,NORMAL,,,,,2023-08-25 17:00:00,30,CLEAR,DAYLIGHT,REAR END,Y-INTERSECTION,UNKNOWN,UNKNOWN,NOT ON SCENE (DESK REPORT),NO INJURY / DRIVE AWAY,Y,"OVER $1,500",08/25/2023 05:50:00 PM,UNABLE TO DETERMINE,UNABLE TO DETERMINE,,2,NO INDICATION OF INJURY,0.0,0.0,0.0,0.0,0.0,2.0,0.0,17,6,8,41.791420282,-87.580147769,POINT (-87.580147768689 41.791420282098),POINT (1189643.3113338328 1867483.815784851),2023,5700 S LAKE SHORE DR
O1620593,DRIVER,6e692848d4719fef13c5b4a75e9a8c4b0f5b676bfd5bab630120b3b88b0a941204c24d7485cf1de2f2f5b61e8a3eecc91caaa74909f4a1a33b5be1018c4c2652,1542132.0,M,27.0,NOT APPLICABLE,NONE,NO INDICATION OF INJURY,FAILED TO YIELD,NOT OBSCURED,NORMAL,,,,,2023-07-18 14:20:00,30,CLEAR,DAYLIGHT,ANGLE,FOUR WAY,DRY,NO DEFECTS,ON SCENE,INJURY AND / OR TOW DUE TO CRASH,,"OVER $1,500",07/18/2023 02:30:00 PM,DISREGARDING STOP SIGN,FAILING TO YIELD RIGHT-OF-WAY,,2,NO INDICATION OF INJURY,0.0,0.0,0.0,0.0,0.0,3.0,0.0,14,3,7,41.745758505,-87.58599109,POINT (-87.585991089574 41.74575850488),POINT (1188194.4073619805 1850831.0940158272),2023,8206 S STONY ISLAND AVE
O1640638,DRIVER,07f7f381f64df4ab1a2b8bbc8581716623107bf1e8defcd04bbb40e48b45c0004abd24fc713d8da3f887892af0400cf44a46811c500e60c5cf8285e4d25be75b,1561289.0,F,21.0,DID NOT DEPLOY,NONE,NO INDICATION OF INJURY,NONE,NOT OBSCURED,UNKNOWN,,,,,2023-08-16 18:00:00,30,CLEAR,DAYLIGHT,ANGLE,PARKING LOT,DRY,NO DEFECTS,NOT ON SCENE (DESK REPORT),NO INJURY / DRIVE AWAY,,"$501 - $1,500",08/17/2023 11:45:00 AM,IMPROPER BACKING,NOT APPLICABLE,,2,NO INDICATION OF INJURY,0.0,0.0,0.0,0.0,0.0,2.0,0.0,18,4,8,41.936951597,-87.806857321,POINT (-87.806857320579 41.936951597243),POINT (1127494.283747623 1920054.8592176987),2023,3118 N HARLEM AVE
O1586701,DRIVER,9b15130f0b9642c1cff95576fbc5ddfff05f77c3528af9ef29513833fb81b9abd0bfdbef4ffe8f9fb92e56d54b78d023329ec3467f6f5e62e2e4c085aad5b45b,1509700.0,F,57.0,DEPLOYMENT UNKNOWN,NONE,NO INDICATION OF INJURY,FAILED TO YIELD,UNKNOWN,NORMAL,,,,,2023-05-30 15:00:00,25,CLEAR,DAYLIGHT,TURNING,NOT DIVIDED,UNKNOWN,UNKNOWN,NOT ON SCENE (DESK REPORT),NO INJURY / DRIVE AWAY,,"OVER $1,500",05/30/2023 03:48:00 PM,FAILING TO YIELD RIGHT-OF-WAY,FAILING TO YIELD RIGHT-OF-WAY,,2,NO INDICATION OF INJURY,0.0,0.0,0.0,0.0,0.0,3.0,0.0,15,3,5,41.783020516,-87.662837944,POINT (-87.66283794386 41.783020515576),POINT (1167117.488753225 1864236.286883556),2023,1521 W 61ST ST
P377779,PASSENGER,51a6a61851b7d7fe455b35633fd555033e05ad57531eac768c7514268a559e8463721457c1cacdc327479af0bf7004bc2955c5b0e5db6de23dd280771e3be412,1625637.0,,,NOT APPLICABLE,NONE,NO INDICATION OF INJURY,,,,,,,,2023-11-21 06:42:00,30,RAIN,"DARKNESS, LIGHTED ROAD",SIDESWIPE OPPOSITE DIRECTION,NOT DIVIDED,WET,NO DEFECTS,ON SCENE,NO INJURY / DRIVE AWAY,Y,$500 OR LESS,11/21/2023 06:51:00 AM,"OPERATING VEHICLE IN ERRATIC, RECKLESS, CARELESS, NEGLIGENT OR AGGRESSIVE MANNER",WEATHER,,2,NO INDICATION OF INJURY,0.0,0.0,0.0,0.0,0.0,7.0,0.0,6,3,11,41.773438566,-87.566899306,POINT (-87.566899305833 41.773438566009),POINT (1193314.5899005781 1860963.3227132377),2023,6700 S SOUTH SHORE DR
O1586999,DRIVER,a86838bdef8bfea1385e2ca9817fb6d50d3c1a15b7b3fc1e53549e858ac26a7ee77cce56f7d9e63105fd2c1f1a961b315a8fa26818c1acf95498001431ec8c62,1509986.0,F,24.0,DID NOT DEPLOY,NONE,NO INDICATION OF INJURY,FAILED TO YIELD,NOT OBSCURED,NORMAL,,,,,2023-05-30 17:48:00,30,CLEAR,DAYLIGHT,TURNING,ALLEY,DRY,NO DEFECTS,ON SCENE,INJURY AND / OR TOW DUE TO CRASH,,"OVER $1,500",05/30/2023 06:17:00 PM,FAILING TO YIELD RIGHT-OF-WAY,NOT APPLICABLE,,2,NO INDICATION OF INJURY,0.0,0.0,0.0,0.0,0.0,2.0,0.0,17,3,5,41.967392328,-87.650216157,POINT (-87.650216157055 41.967392327603),POINT (1170025.1936682505 1931448.2397515194),2023,4700 N CLARENDON AVE
O1620848,DRIVER,ea5116aee1d78f8e121a01992b2dd15db25bd6fccc407edd2f9541c533a43dfbe23bd3d60ae720e71b4d171453077c2c2650434580d8835bcd498421044b289b,1542380.0,M,39.0,DID NOT DEPLOY,NONE,NO INDICATION OF INJURY,UNKNOWN,UNKNOWN,UNKNOWN,,,,,2023-07-18 18:57:00,30,CLEAR,DAYLIGHT,PEDESTRIAN,NOT DIVIDED,DRY,NO DEFECTS,ON SCENE,INJURY AND / OR TOW DUE TO CRASH,N,"OVER $1,500",07/18/2023 07:51:00 PM,UNABLE TO DETERMINE,NOT APPLICABLE,,2,NONINCAPACITATING INJURY,1.0,0.0,0.0,1.0,0.0,1.0,0.0,18,3,7,41.946467796,-87.712024097,POINT (-87.712024097067 41.946467795996),POINT (1153271.5988210847 1923695.3133976744),2023,3343 W ADDISON ST
O1675268,DRIVER,2cf4d6703aa4b6c857435ed60511e76bbb4650046df00b9a29ce90c58914542d8a3af7345f747a301094e1c72c6cf694d096e09b90bc6cada9bc9079d61ab0be,1594405.0,F,59.0,NOT APPLICABLE,NONE,NO INDICATION OF INJURY,UNKNOWN,UNKNOWN,NORMAL,,,,,2023-10-05 09:45:00,30,RAIN,DAYLIGHT,TURNING,DIVIDED - W/MEDIAN (NOT RAISED),WET,UNKNOWN,ON SCENE,NO INJURY / DRIVE AWAY,Y,"OVER $1,500",10/05/2023 09:45:00 AM,UNABLE TO DETERMINE,UNABLE TO DETERMINE,,2,NO INDICATION OF INJURY,0.0,0.0,0.0,0.0,0.0,4.0,0.0,9,5,10,41.771316394,-87.68357124,POINT (-87.68357124046 41.771316393935),POINT (1161494.9917074912 1859927.9825494094),2023,6720 S WESTERN AVE
O1639512,DRIVER,e2fe9391aa12ce22210cf9e6eaa829b50169f5f61ffb3d90c2f7016405f451851e926f76a7c0fe18f19da3a0f3ecac60b50e2456a38ab86c6428abf172bb045f,1560200.0,M,39.0,DID NOT DEPLOY,NONE,NO INDICATION OF INJURY,OTHER,UNKNOWN,UNKNOWN,,,,,2023-08-15 17:00:00,30,CLEAR,DAYLIGHT,PARKED MOTOR VEHICLE,NOT DIVIDED,DRY,NO DEFECTS,NOT ON SCENE (DESK REPORT),NO INJURY / DRIVE AWAY,,"$501 - $1,500",08/15/2023 05:45:00 PM,UNABLE TO DETERMINE,UNABLE TO DETERMINE,,2,NO INDICATION OF INJURY,0.0,0.0,0.0,0.0,0.0,2.0,0.0,17,3,8,41.88424821,-87.699266401,POINT (-87.699266400729 41.884248209666),POINT (1156909.8539556544 1901047.8578084444),2023,2908 W LAKE ST
O1603232,DRIVER,781d11cd033ff0a5a013c973422638a7b12ec6e7f0f1e015139f64068f00ac4c3f7e765657b76fc3b999c2daebea9eb509aadd89878ed1027e9a4644bd35a568,1525553.0,M,34.0,NOT APPLICABLE,NONE,NO INDICATION OF INJURY,UNKNOWN,UNKNOWN,UNKNOWN,,,,,2023-06-22 13:30:00,30,CLEAR,DAYLIGHT,REAR END,FOUR WAY,DRY,NO DEFECTS,NOT ON SCENE (DESK REPORT),NO INJURY / DRIVE AWAY,,"OVER $1,500",06/22/2023 06:00:00 PM,UNABLE TO DETERMINE,UNABLE TO DETERMINE,,2,NO INDICATION OF INJURY,0.0,0.0,0.0,0.0,0.0,2.0,0.0,13,5,6,41.721532124,-87.631256013,POINT (-87.631256013344 41.721532124073),POINT (1175913.867235596 1841899.2066516315),2023,9500 S PRINCETON AVE
P333304,PASSENGER,9045bdc62cc6c934dac95c609821add2ab52e1106b274a1a0652654283d319a1273b1d97cd8f079b4fb181f187117ffe85b4b20a0a9dcd9388a2aafb8c176ec8,1433222.0,F,35.0,DID NOT DEPLOY,NONE,NO INDICATION OF INJURY,,,,,,,,2023-01-29 03:10:00,30,SNOW,"DARKNESS, LIGHTED ROAD",SIDESWIPE SAME DIRECTION,FOUR WAY,SNOW OR SLUSH,NO DEFECTS,ON SCENE,INJURY AND / OR TOW DUE TO CRASH,,"OVER $1,500",01/29/2023 03:15:00 AM,IMPROPER OVERTAKING/PASSING,NOT APPLICABLE,,2,"REPORTED, NOT EVIDENT",1.0,0.0,0.0,0.0,1.0,4.0,0.0,3,1,1,41.809625053,-87.607741357,POINT (-87.607741356602 41.809625052504),POINT (1182062.5091929534 1874052.8158239182),2023,732 E 47TH ST
O1608317,DRIVER,34b1359156fb70a19d042c1051fd6dfda789c42cca46331848ae18fd9776aad1ebb2b7a9e9533ce61d5c60f9fe16e73242f06798b2e30e511df6a17c5afa784b,1530489.0,F,45.0,NOT APPLICABLE,NONE,NO INDICATION OF INJURY,FAILED TO YIELD,NOT OBSCURED,NORMAL,,,,,2023-06-30 08:00:00,30,CLEAR,DAYLIGHT,TURNING,FOUR WAY,DRY,NO DEFECTS,NOT ON SCENE (DESK REPORT),NO INJURY / DRIVE AWAY,,"OVER $1,500",06/30/2023 08:20:00 AM,FAILING TO YIELD RIGHT-OF-WAY,FAILING TO YIELD RIGHT-OF-WAY,,2,NO INDICATION OF INJURY,0.0,0.0,0.0,0.0,0.0,2.0,0.0,8,6,6,41.706069366,-87.701262828,POINT (-87.701262827972 41.706069365849),POINT (1156843.596892276 1836116.6708460243),2023,3159 W 103RD ST
O1640215,DRIVER,40e4c09503e07ca4a197bfb9f060a222e1c818f8d47c7d53b00e944802efb0a7f16e85e2361052da1b944c57d4d1fd541888fe012904683e2bd4be4ea5f048a5,1560880.0,F,,DID NOT DEPLOY,NONE,NO INDICATION OF INJURY,FAILED TO YIELD,UNKNOWN,UNKNOWN,,,,,2023-08-16 17:18:00,30,CLEAR,DAYLIGHT,TURNING,FOUR WAY,DRY,UNKNOWN,ON SCENE,NO INJURY / DRIVE AWAY,,"OVER $1,500",08/16/2023 06:15:00 PM,NOT APPLICABLE,NOT APPLICABLE,,2,NO INDICATION OF INJURY,0.0,0.0,0.0,0.0,0.0,2.0,0.0,17,4,8,41.771390589,-87.730317397,POINT (-87.730317396981 41.771390589077),POINT (1148743.1217924438 1859862.146724158),2023,4308 W MARQUETTE RD
O1621586,DRIVER,94ca8e2012d92ec06f2c94ffc26894c64f15ce6baeccc8916fbebaad8c9f4b81bdece3ed3d45e00d4177d0cf2afe68d20053b57a794668b344d49c9e29a46fff,1543095.0,F,29.0,NOT APPLICABLE,NONE,NO INDICATION OF INJURY,FAILED TO YIELD,UNKNOWN,NORMAL,,,,,2023-07-19 19:30:00,30,CLEAR,DAYLIGHT,HEAD ON,NOT DIVIDED,DRY,NO DEFECTS,NOT ON SCENE (DESK REPORT),NO INJURY / DRIVE AWAY,,"OVER $1,500",07/19/2023 09:15:00 PM,IMPROPER OVERTAKING/PASSING,NOT APPLICABLE,,2,NO INDICATION OF INJURY,0.0,0.0,0.0,0.0,0.0,2.0,0.0,19,4,7,41.922183902,-87.806107541,POINT (-87.806107540657 41.922183901936),POINT (1127731.3754109768 1914674.7497286475),2023,7199 W MEDILL AVE