PERSON_ID,PERSON_TYPE,CRASH_RECORD_ID,VEHICLE_ID,SEX,AGE,AIRBAG_DEPLOYED,EJECTION,INJURY_CLASSIFICATION,DRIVER_ACTION,DRIVER_VISION,PHYSICAL_CONDITION,PEDPEDAL_ACTION,PEDPEDAL_VISIBILITY,PEDPEDAL_LOCATION,CRASH_DATE_EST_I,CRASH_DATE,POSTED_SPEED_LIMIT,WEATHER_CONDITION,LIGHTING_CONDITION,FIRST_CRASH_TYPE,TRAFFICWAY_TYPE,ROADWAY_SURFACE_COND,ROAD_DEFECT,REPORT_TYPE,CRASH_TYPE,HIT_AND_RUN_I,DAMAGE,DATE_POLICE_NOTIFIED,PRIM_CONTRIBUTORY_CAUSE,SEC_CONTRIBUTORY_CAUSE,DOORING_I,NUM_UNITS,MOST_SEVERE_INJURY,INJURIES_TOTAL,INJURIES_FATAL,INJURIES_INCAPACITATING,INJURIES_NON_INCAPACITATING,INJURIES_REPORTED_NOT_EVIDENT,INJURIES_NO_INDICATION,INJURIES_UNKNOWN,CRASH_HOUR,CRASH_DAY_OF_WEEK,CRASH_MONTH,LATITUDE,LONGITUDE,LOCATION,geometry,YEAR,ADDRESS
O1596410,DRIVER,6b5b22c66fad8fa0f01b8e2d1e23e1d11d53dceb3c8f04bc3949a1a71d606bf0b683eeb6f26dc32d8c7ead9281da4cea0f92852aecceeae003ea01ecff507648,1519056.0,M,,"DEPLOYED, COMBINATION",NONE,NO INDICATION OF INJURY,NONE,UNKNOWN,UNKNOWN,,,,,2023-06-11 19:15:00,30,CLEAR,DAYLIGHT,TURNING,NOT DIVIDED,DRY,NO DEFECTS,NOT ON SCENE (DESK REPORT),NO INJURY / DRIVE AWAY,,"OVER $1,500",06/12/2023 05:45:00 PM,FAILING TO YIELD RIGHT-OF-WAY,NOT APPLICABLE,,2,NO INDICATION OF INJURY,0.0,0.0,0.0,0.0,0.0,2.0,0.0,19,1,6,41.938960178,-87.74516653,POINT (-87.745166530254 41.938960178146),POINT (1144274.2339067245 1920895.9082014698),2023,4730 W BELMONT AVE
O1687237,DRIVER,28832c65ef928a36744689df66561793f40f17ab6fe8f0375414ccadc9754430682f4121b15de112413f6c0ea59f513d0c52a667255fbd25afde4ed17840b3fd,1605900.0,M,20.0,DID NOT DEPLOY,NONE,NO INDICATION OF INJURY,NONE,NOT OBSCURED,NORMAL,,,,,2023-10-22 16:28:00,35,CLEAR,DAYLIGHT,SIDESWIPE SAME DIRECTION,DIVIDED - W/MEDIAN BARRIER,DRY,NO DEFECTS,NOT ON SCENE (DESK REPORT),NO INJURY / DRIVE AWAY,Y,"$501 - $1,500",10/22/2023 05:00:00 PM,IMPROPER OVERTAKING/PASSING,IMPROPER OVERTAKING/PASSING,,2,NO INDICATION OF INJURY,0.0,0.0,0.0,0.0,0.0,2.0,0.0,16,1,10,41.982017143,-87.693481556,POINT (-87.693481556177 41.982017142938),POINT (1158219.2144765896 1936686.7482145305),2023,5528 N LINCOLN AVE
O1697568,DRIVER,5aa2e513f6d8addf47f943ba60e4c1573b3efd2461b3c24e846265887205d95e06e654cb15303e4b2067cd83f598633d0f5fae0273079f4ca8e4cad011ea4eec,1615758.0,M,43.0,"DEPLOYED, FRONT",NONE,NO INDICATION OF INJURY,NONE,UNKNOWN,NORMAL,,,,,2023-11-05 17:40:00,30,CLEAR,"DARKNESS, LIGHTED ROAD",ANGLE,FOUR WAY,DRY,UNKNOWN,ON SCENE,INJURY AND / OR TOW DUE TO CRASH,,"OVER $1,500",11/05/2023 05:46:00 PM,FAILING TO YIELD RIGHT-OF-WAY,FAILING TO YIELD RIGHT-OF-WAY,,2,NO INDICATION OF INJURY,0.0,0.0,0.0,0.0,0.0,2.0,0.0,17,1,11,41.954044946,-87.705636375,POINT (-87.705636375404 41.954044946135),POINT (1154989.1066225271 1926469.1108909792),2023,3100 W IRVING PARK RD
O1725183,DRIVER,20a7812b5899666585fa4134327eccb62cba254bccae1a404863b13a6df2c3d2638e06ff8a4a6c9d05ea64e25047b4f8f79e7c049345a53196b16e7894e2ef7c,1642282.0,F,42.0,DID NOT DEPLOY,NONE,NO INDICATION OF INJURY,FAILED TO YIELD,NOT OBSCURED,NORMAL,,,,,2023-12-17 21:48:00,30,CLEAR,"DARKNESS, LIGHTED ROAD",PARKED MOTOR VEHICLE,DIVIDED - W/MEDIAN (NOT RAISED),WET,NO DEFECTS,NOT ON SCENE (DESK REPORT),INJURY AND / OR TOW DUE TO CRASH,,"OVER $1,500",12/17/2023 10:45:00 PM,UNABLE TO DETERMINE,NOT APPLICABLE,,2,NO INDICATION OF INJURY,0.0,0.0,0.0,0.0,0.0,1.0,0.0,21,1,12,41.782665683,-87.693639922,POINT (-87.693639921854 41.782665683171),POINT (1158717.6356855303 1864042.985774813),2023,6100 S CALIFORNIA AVE
O1718438,DRIVER,87a457da610105aa6612158f3000d25a41424fb8d30b0ab8a1590a5f13a325b871c6587b4cd4e8fbd319437e97d4bdee614a6e2b0ca105b2759b23f5360741b6,1635782.0,M,,DEPLOYMENT UNKNOWN,NONE,NO INDICATION OF INJURY,EVADING POLICE VEHICLE,NOT OBSCURED,UNKNOWN,,,,,2023-12-07 20:57:00,15,CLEAR,"DARKNESS, LIGHTED ROAD",SIDESWIPE OPPOSITE DIRECTION,NOT DIVIDED,DRY,NO DEFECTS,,INJURY AND / OR TOW DUE TO CRASH,Y,"OVER $1,500",12/07/2023 08:58:00 PM,"OPERATING VEHICLE IN ERRATIC, RECKLESS, CARELESS, NEGLIGENT OR AGGRESSIVE MANNER",UNABLE TO DETERMINE,,2,NONINCAPACITATING INJURY,2.0,0.0,0.0,2.0,0.0,1.0,0.0,20,5,12,41.875861777,-87.741313955,POINT (-87.741313955155 41.875861776526),POINT (1145481.111417414 1897910.062109819),2023,4623 W GLADYS AVE
O1589237,DRIVER,87afe98122c1721014ee3959fc30993723afedefb986815a65c15452b8dc2d3842a91073ba3b4c8be656679310f440500ec8d28ffdda3786dcf53896b538b4de,1512154.0,F,37.0,DID NOT DEPLOY,NONE,NO INDICATION OF INJURY,FAILED TO YIELD,UNKNOWN,NORMAL,,,,,2023-06-02 15:20:00,30,CLEAR,DAYLIGHT,ANGLE,NOT DIVIDED,DRY,NO DEFECTS,ON SCENE,NO INJURY / DRIVE AWAY,,"$501 - $1,500",06/02/2023 03:26:00 PM,FAILING TO REDUCE SPEED TO AVOID CRASH,NOT APPLICABLE,,2,NO INDICATION OF INJURY,0.0,0.0,0.0,0.0,0.0,2.0,0.0,15,6,6,41.802400835,-87.596560512,POINT (-87.5965605124 41.802400835211),POINT (1185133.2416630413 1871446.2819488524),2023,5099 S WOODLAWN AVE
O1507880,DRIVER,89e58cae510039a0faf6e544772d37be5fd3a11f32d53c2432817f852c6ca50ff8920ac9caec95b400a5dc323f7b70c99654c1fd6e6f2ee018b1a14c59f9968d,1433599.0,M,28.0,DID NOT DEPLOY,NONE,NO INDICATION OF INJURY,IMPROPER TURN,NOT OBSCURED,NORMAL,,,,,2023-01-29 17:50:00,30,CLEAR,"DARKNESS, LIGHTED ROAD",TURNING,NOT DIVIDED,DRY,NO DEFECTS,NOT ON SCENE (DESK REPORT),NO INJURY / DRIVE AWAY,,"$501 - $1,500",01/29/2023 05:50:00 PM,IMPROPER TURNING/NO SIGNAL,FAILING TO REDUCE SPEED TO AVOID CRASH,,2,NO INDICATION OF INJURY,0.0,0.0,0.0,0.0,0.0,2.0,0.0,17,1,1,41.881064616,-87.685614322,POINT (-87.685614321906 41.881064616371),POINT (1160636.1620097812 1899915.5232396352),2023,2341 W MADISON ST
O1557524,DRIVER,daa01da0f3d65be83a1f901e734dd7f4c1fc204fed59e6d10c4bae47d70492ce1aa1d7f6e5ab6e07fafde85ae6b7ecf1d81aea5b48119712ceb870d64fd4fbd1,1481441.0,X,,DEPLOYMENT UNKNOWN,NONE,NO INDICATION OF INJURY,UNKNOWN,UNKNOWN,UNKNOWN,,,,,2023-04-15 18:30:00,30,CLEAR,DAYLIGHT,PARKED MOTOR VEHICLE,NOT DIVIDED,DRY,NO DEFECTS,NOT ON SCENE (DESK REPORT),NO INJURY / DRIVE AWAY,Y,"OVER $1,500",04/18/2023 11:15:00 AM,UNABLE TO DETERMINE,UNABLE TO DETERMINE,,2,NO INDICATION OF INJURY,0.0,0.0,0.0,0.0,0.0,1.0,0.0,18,7,4,41.757421629,-87.553178353,POINT (-87.553178352694 41.757421629492),POINT (1197110.2963276855 1855160.5211109929),2023,2914 E 77TH ST
O1657243,DRIVER,5b44c6d342503636a9833417ad727959fcfb7ba6119541ebf139a1b5417a9db738513aa6f058286f3fbbfe5e0fedb6bdb83c5592b453bcb37ac87833939b4a51,1577232.0,M,21.0,"DEPLOYED, SIDE",NONE,NO INDICATION OF INJURY,OTHER,UNKNOWN,UNKNOWN,,,,,2023-09-09 17:26:00,40,CLEAR,DAYLIGHT,SIDESWIPE SAME DIRECTION,DIVIDED - W/MEDIAN BARRIER,DRY,NO DEFECTS,ON SCENE,INJURY AND / OR TOW DUE TO CRASH,Y,"OVER $1,500",09/09/2023 05:26:00 PM,"OPERATING VEHICLE IN ERRATIC, RECKLESS, CARELESS, NEGLIGENT OR AGGRESSIVE MANNER",NOT APPLICABLE,,4,NO INDICATION OF INJURY,0.0,0.0,0.0,0.0,0.0,6.0,0.0,17,7,9,41.876437462,-87.617532187,POINT (-87.61753218722 41.876437462485),POINT (1179190.382029964 1898376.6741543629),2023,426 S LAKE SHORE DR SB
O1631973,DRIVER,2117e3bd1fd3fee872d12d97dc5822c4496a4c66d153239fb8dcff78488648e9b051317985b42280c55cbf51d0e40e740fbe26f281c97f5f5fe2b21317ece7ce,1552958.0,F,61.0,DID NOT DEPLOY,NONE,NO INDICATION OF INJURY,NONE,UNKNOWN,UNKNOWN,,,,,2023-08-02 16:40:00,30,UNKNOWN,UNKNOWN,SIDESWIPE SAME DIRECTION,ONE-WAY,UNKNOWN,UNKNOWN,,NO INJURY / DRIVE AWAY,,$500 OR LESS,08/03/2023 11:20:00 AM,IMPROPER OVERTAKING/PASSING,NOT APPLICABLE,,2,NO INDICATION OF INJURY,0.0,0.0,0.0,0.0,0.0,2.0,0.0,16,4,8,41.891620361,-87.639612762,POINT (-87.639612762351 41.891620361045),POINT (1173132.2281520409 1903859.935292987),2023,426 W GRAND AVE
O1597457,DRIVER,7588b94aac7580f6ac64a326e1dfd325c3807fb87dfb6f8f58ddd358830c1015b4b9ccddef16cdc34afb36b54f4940062fb32497ef260dea95bbf8f70b698bcf,1520061.0,M,41.0,DID NOT DEPLOY,NONE,NO INDICATION OF INJURY,IMPROPER LANE CHANGE,NOT OBSCURED,NORMAL,,,,,2023-06-14 07:40:00,30,CLOUDY/OVERCAST,DAYLIGHT,SIDESWIPE SAME DIRECTION,OTHER,DRY,NO DEFECTS,NOT ON SCENE (DESK REPORT),NO INJURY / DRIVE AWAY,,"OVER $1,500",06/14/2023 08:20:00 AM,IMPROPER TURNING/NO SIGNAL,DRIVING SKILLS/KNOWLEDGE/EXPERIENCE,,2,NO INDICATION OF INJURY,0.0,0.0,0.0,0.0,0.0,2.0,0.0,7,4,6,41.806741437,-87.694014938,POINT (-87.694014937905 41.806741436843),POINT (1158550.1108730538 1872815.2690651237),2023,4751 S CALIFORNIA AVE
P354250,PASSENGER,e3aad21ddb9841f358f4facec413961aed9d49d5ef54d1a4a2997bf5f49854e37d2d94926e52db481eaf6cb71ce905e359517f110ea86b2ccdc54d6cb1eb4f21,1523894.0,M,,NOT APPLICABLE,NONE,NO INDICATION OF INJURY,,,,,,,,2023-06-20 09:30:00,30,CLEAR,DAYLIGHT,SIDESWIPE SAME DIRECTION,NOT DIVIDED,DRY,NO DEFECTS,ON SCENE,NO INJURY / DRIVE AWAY,Y,"OVER $1,500",06/20/2023 09:33:00 AM,NOT APPLICABLE,NOT APPLICABLE,,2,NO INDICATION OF INJURY,0.0,0.0,0.0,0.0,0.0,5.0,0.0,9,3,6,42.012196457,-87.698995983,POINT (-87.698995983441 42.01219645705),POINT (1156638.4211328127 1947673.1198795862),2023,2740 W TOUHY AVE
O1528309,DRIVER,6e1da2620ce2270eb2326605fa7894b86179d155d56cfcb0f7c935792fc87ac4d085c64bc3e832dbd637d4853ff538b9d82506b5cfa5175d2aeeda6da931dc65,1453238.0,M,24.0,NOT APPLICABLE,NONE,NO INDICATION OF INJURY,UNKNOWN,UNKNOWN,NORMAL,,,,,2023-03-02 23:04:00,20,CLEAR,"DARKNESS, LIGHTED ROAD",PARKED MOTOR VEHICLE,NOT DIVIDED,DRY,UNKNOWN,NOT ON SCENE (DESK REPORT),NO INJURY / DRIVE AWAY,,"OVER $1,500",03/03/2023 02:00:00 PM,UNABLE TO DETERMINE,NOT APPLICABLE,,2,NO INDICATION OF INJURY,0.0,0.0,0.0,0.0,0.0,1.0,0.0,23,5,3,41.984845188,-87.778422433,POINT (-87.778422433135 41.98484518768),POINT (1135117.8908294556 1937556.230318666),2023,6008 W SEMINOLE ST
O1669701,DRIVER,9d66949abe6ce7d20dab043a64e30239f203f1061a34ad2cf391ddd08cd2ffd9529344c63f782ad6355ae481d4df8d7e4e1f32ea0c82bef9ea6af52cd7c8fde1,1589126.0,M,19.0,NOT APPLICABLE,NONE,NO INDICATION OF INJURY,NONE,NOT OBSCURED,NORMAL,,,,,2023-09-27 12:45:00,30,OTHER,DAYLIGHT,REAR END,NOT DIVIDED,DRY,NO DEFECTS,NOT ON SCENE (DESK REPORT),NO INJURY / DRIVE AWAY,,"OVER $1,500",09/27/2023 01:15:00 PM,FAILING TO REDUCE SPEED TO AVOID CRASH,NOT APPLICABLE,,2,NO INDICATION OF INJURY,0.0,0.0,0.0,0.0,0.0,3.0,0.0,12,4,9,41.77841939,-87.703269342,POINT (-87.703269341639 41.778419389556),POINT (1156102.6683110744 1862476.277578241),2023,6314 S KEDZIE AVE
P383044,PASSENGER,69690c10703e0a62732d08dd4ae80f28ca2a0654df9582c02629c2b3ab2e420809177efeb52fbfe8ed07379cf952389938cbc26996b53288441260d48fef3ff2,1648624.0,X,,DID NOT DEPLOY,NONE,NO INDICATION OF INJURY,,,,,,,Y,2023-12-29 02:15:00,30,RAIN,"DARKNESS, LIGHTED ROAD",SIDESWIPE SAME DIRECTION,NOT DIVIDED,WET,NO DEFECTS,ON SCENE,NO INJURY / DRIVE AWAY,Y,"$501 - $1,500",12/29/2023 02:17:00 AM,UNABLE TO DETERMINE,NOT APPLICABLE,,2,NO INDICATION OF INJURY,0.0,0.0,0.0,0.0,0.0,3.0,0.0,2,6,12,41.804272704,-87.584525865,POINT (-87.584525864589 41.804272704272),POINT (1188408.6017258521 1872156.7380654297),2023,1645 E 50TH ST
O1628968,DRIVER,932049c5bc7a8f9247b966ceeca84df564425a783915cbeb4c9bdf876036cb8c1a1adb0f921fbc98a39aeb81907a773b5d84cdb9e9bb102822c56f22c2301718,1550171.0,M,52.0,DID NOT DEPLOY,NONE,NO INDICATION OF INJURY,IMPROPER TURN,NOT OBSCURED,NORMAL,,,,,2023-07-30 21:00:00,30,CLEAR,"DARKNESS, LIGHTED ROAD",TURNING,FOUR WAY,DRY,NO DEFECTS,NOT ON SCENE (DESK REPORT),NO INJURY / DRIVE AWAY,,"OVER $1,500",07/30/2023 09:45:00 PM,FAILING TO YIELD RIGHT-OF-WAY,NOT APPLICABLE,,2,NO INDICATION OF INJURY,0.0,0.0,0.0,0.0,0.0,2.0,0.0,21,1,7,41.954056714,-87.688614472,POINT (-87.688614471985 41.954056713542),POINT (1159619.203021942 1926507.7714782194),2023,4000 N WESTERN AVE
O1660668,DRIVER,119f14ffa18be094c336dbf76b73ae8fcc7b33108996a803df29a2a153bd103ff0e5993f6cab068da4b935d07c64ab8e8ab0e97cb98db9abad44313a6ff4fc80,1580479.0,M,81.0,DID NOT DEPLOY,NONE,NO INDICATION OF INJURY,UNKNOWN,UNKNOWN,NORMAL,,,,,2023-09-14 13:37:00,30,CLEAR,DAYLIGHT,SIDESWIPE SAME DIRECTION,NOT DIVIDED,DRY,UNKNOWN,ON SCENE,NO INJURY / DRIVE AWAY,,"OVER $1,500",09/14/2023 02:51:00 PM,UNABLE TO DETERMINE,UNABLE TO DETERMINE,,2,NO INDICATION OF INJURY,0.0,0.0,0.0,0.0,0.0,2.0,0.0,13,5,9,41.985638421,-87.655094323,POINT (-87.655094323271 41.985638421049),POINT (1168645.9152298528 1938086.6689654747),2023,5701 N SHERIDAN RD
P336487,PASSENGER,1bc1a413607aba7ea4383e9659db286166af8338ee7230deb1a20e782d60819c40916b063ddd052dc9e6c56e49e6a8b20ddd28ec830fb28318ecf933bc2bc859,1447880.0,,,DID NOT DEPLOY,NONE,NO INDICATION OF INJURY,,,,,,,,2023-02-22 23:15:00,30,RAIN,"DARKNESS, LIGHTED ROAD",SIDESWIPE SAME DIRECTION,NOT DIVIDED,WET,NO DEFECTS,ON SCENE,NO INJURY / DRIVE AWAY,,"$501 - $1,500",02/22/2023 11:15:00 PM,FOLLOWING TOO CLOSELY,WEATHER,,2,NO INDICATION OF INJURY,0.0,0.0,0.0,0.0,0.0,3.0,0.0,23,4,2,41.87631722,-87.676644194,POINT (-87.676644193783 41.876317220175),POINT (1163092.1462455406 1898204.1417776141),2023,2000 W VAN BUREN ST
P377000,PASSENGER,42e9e0540a982b3494d340b0acc4922a2f3ee4b633711a7a381e3226ac71c0ac147ef80af29fb0dfcfc5cc91d972a76afe375f9b6084be1f2f35e1f7ad14189c,1622246.0,F,,DID NOT DEPLOY,NONE,NO INDICATION OF INJURY,,,,,,,,2023-11-15 22:57:00,30,CLEAR,DARKNESS,ANGLE,NOT DIVIDED,DRY,NO DEFECTS,ON SCENE,NO INJURY / DRIVE AWAY,Y,"OVER $1,500",11/15/2023 11:10:00 PM,DISREGARDING STOP SIGN,NOT APPLICABLE,,2,NO INDICATION OF INJURY,0.0,0.0,0.0,0.0,0.0,3.0,0.0,22,4,11,41.844222542,-87.719817938,POINT (-87.719817938013 41.844222541916),POINT (1151417.7666342226 1886421.9255315545),2023,2600 S HAMLIN AVE
O1651613,DRIVER,e1e0bc779f737197d2dffcae40a860f84065f9cf5917b075ac800025b0fa20af4344233c22f676b64e283099ff3d8b9b28351fb07096f803ccb66d4ded374104,1571787.0,F,56.0,DID NOT DEPLOY,NONE,"REPORTED, NOT EVIDENT",NONE,NOT OBSCURED,NORMAL,,,,,2023-09-01 13:30:00,35,CLEAR,DAYLIGHT,REAR END,FOUR WAY,DRY,NO DEFECTS,ON SCENE,INJURY AND / OR TOW DUE TO CRASH,,"OVER $1,500",09/01/2023 02:15:00 PM,FAILING TO REDUCE SPEED TO AVOID CRASH,UNABLE TO DETERMINE,,2,"REPORTED, NOT EVIDENT",1.0,0.0,0.0,0.0,1.0,1.0,0.0,13,6,9,41.66132051,-87.641502974,POINT (-87.641502974491 41.661320509783),POINT (1173292.6923868412 1819936.2126078506),2023,12800 S HALSTED ST
O1617235,DRIVER,4c1bb79feb571cfc01938e2095ff8d3f8f9a4bc9cbfb66e693f57b4275c6f28fceaa530669b53168f2bd772cd4bd2b0099138714b26ab7264ef9efaef2c962fc,1538933.0,M,,DEPLOYMENT UNKNOWN,NONE,NO INDICATION OF INJURY,IMPROPER PASSING,UNKNOWN,UNKNOWN,,,,,2023-07-12 17:15:00,30,CLEAR,DAYLIGHT,SIDESWIPE SAME DIRECTION,DIVIDED - W/MEDIAN (NOT RAISED),DRY,NO DEFECTS,NOT ON SCENE (DESK REPORT),NO INJURY / DRIVE AWAY,Y,"$501 - $1,500",07/13/2023 05:37:00 PM,IMPROPER OVERTAKING/PASSING,NOT APPLICABLE,,2,NO INDICATION OF INJURY,0.0,0.0,0.0,0.0,0.0,2.0,0.0,17,4,7,41.79542276,-87.693992356,POINT (-87.693992356462 41.795422759814),POINT (1158586.945239619 1868690.8599401158),2023,5400 S CALIFORNIA AVE
O1501167,DRIVER,e1209d753998e744daaa2151b5ed4e651e6b58542964028c6f2540a1e7c59112c6d6e1d7c39102fdbc2d7cb00d29b324fa688efc07f22798d71c98eb571a6a57,1427155.0,F,39.0,NOT APPLICABLE,NONE,NO INDICATION OF INJURY,FOLLOWED TOO CLOSELY,UNKNOWN,UNKNOWN,,,,,2023-01-19 07:09:00,30,RAIN,DAYLIGHT,REAR END,NOT DIVIDED,WET,NO DEFECTS,NOT ON SCENE (DESK REPORT),NO INJURY / DRIVE AWAY,,"OVER $1,500",01/19/2023 07:30:00 AM,FOLLOWING TOO CLOSELY,NOT APPLICABLE,,2,NO INDICATION OF INJURY,0.0,0.0,0.0,0.0,0.0,2.0,0.0,7,5,1,41.895292626,-87.736070611,POINT (-87.736070611267 41.895292625513),POINT (1146859.8140539257 1905000.531792721),2023,4400 W CHICAGO AVE
P361958,PASSENGER,c5f214f97ecf90efa717ad87320b246d1704c0983ca2f9f888493d05ea3b266fcadc8b72e52efd87bc392f68ad89b4686a63d3d793d35d8ce7c58cf253f1aba1,1556740.0,F,,DID NOT DEPLOY,NONE,NO INDICATION OF INJURY,,,,,,,,2023-08-10 09:00:00,30,CLEAR,DAYLIGHT,ANGLE,NOT DIVIDED,DRY,NO DEFECTS,NOT ON SCENE (DESK REPORT),NO INJURY / DRIVE AWAY,,$500 OR LESS,08/10/2023 09:00:00 AM,UNABLE TO DETERMINE,NOT APPLICABLE,,2,NO INDICATION OF INJURY,0.0,0.0,0.0,0.0,0.0,3.0,0.0,9,5,8,41.92861793,-87.692719605,POINT (-87.692719605035 41.92861792984),POINT (1158571.8421930596 1917229.4399349631),2023,2600 W LOGAN BLVD
P337246,PASSENGER,e7afddf31f1c21e4acb0c92248782204bfcd184fda259a748b6bbe23d60e775ebd521a7879181e58de64a4715233285844cc94bb5f8446c856e691923b7029e2,1451277.0,,3.0,NOT APPLICABLE,UNKNOWN,NO INDICATION OF INJURY,,,,,,,,2023-02-27 18:04:00,30,CLEAR,"DARKNESS, LIGHTED ROAD",FIXED OBJECT,NOT DIVIDED,WET,UNKNOWN,ON SCENE,NO INJURY / DRIVE AWAY,,"OVER $1,500",02/27/2023 06:04:00 PM,FAILING TO REDUCE SPEED TO AVOID CRASH,FAILING TO REDUCE SPEED TO AVOID CRASH,,1,NO INDICATION OF INJURY,0.0,0.0,0.0,0.0,0.0,7.0,0.0,18,2,2,41.899126142,-87.726351865,POINT (-87.726351865333 41.899126142222),POINT (1149495.9524449348 1906416.0329206304),2023,4002 W AUGUSTA BLVD
O1555240,DRIVER,dc83e7f6e36e05d3f4a192dcbbfd69fe606e04264ca20fb7529af86d6ab24fc1724888546fa899948e89391f69ca8b5675db9273b9f0bee4a6c22e5c4bd48ed3,1479217.0,F,21.0,DID NOT DEPLOY,NONE,NO INDICATION OF INJURY,NONE,UNKNOWN,NORMAL,,,,,2023-04-09 03:50:00,30,CLEAR,DARKNESS,TURNING,FOUR WAY,DRY,NO DEFECTS,,INJURY AND / OR TOW DUE TO CRASH,,"OVER $1,500",04/09/2023 03:53:00 AM,IMPROPER TURNING/NO SIGNAL,IMPROPER TURNING/NO SIGNAL,,2,NONINCAPACITATING INJURY,1.0,0.0,0.0,1.0,0.0,2.0,0.0,3,1,4,41.976361146,-87.664529752,POINT (-87.664529751993 41.976361146379),POINT (1166107.0467064548 1934685.8081359083),2023,1354 W FOSTER AVE
O1624160,DRIVER,821b2478742fd449dba78cdace30047ce4b375e277c17c1481d115b4a76da5917a6b6ed822542aec16c62ba6445546759d5174b3fac0c35192dbc12248e4c9c4,1545525.0,F,,DEPLOYMENT UNKNOWN,NONE,NO INDICATION OF INJURY,UNKNOWN,UNKNOWN,UNKNOWN,,,,,2023-07-23 07:00:00,25,CLEAR,DAYLIGHT,SIDESWIPE SAME DIRECTION,NOT DIVIDED,DRY,NO DEFECTS,NOT ON SCENE (DESK REPORT),NO INJURY / DRIVE AWAY,,"OVER $1,500",07/23/2023 06:00:00 PM,FAILING TO REDUCE SPEED TO AVOID CRASH,NOT APPLICABLE,,2,NO INDICATION OF INJURY,0.0,0.0,0.0,0.0,0.0,2.0,0.0,7,1,7,41.902737813,-87.746131423,POINT (-87.746131422989 41.902737813425),POINT (1144102.0933554117 1907694.6472379805),2023,1210 N CICERO AVE
O1568612,DRIVER,4f6c709c68030a269c65eb48a7d3db10075bf940aa1449ac061fcd31aeba1ff8e43c3a1d20bc8e2b4e497bbb80bb9a71472a2c7aee0a629de5625e825c16d2aa,1492207.0,M,53.0,NOT APPLICABLE,NONE,NO INDICATION OF INJURY,UNKNOWN,UNKNOWN,UNKNOWN,,,,,2023-05-04 16:58:00,25,CLEAR,DAYLIGHT,TURNING,FOUR WAY,DRY,NO DEFECTS,ON SCENE,NO INJURY / DRIVE AWAY,,"$501 - $1,500",05/04/2023 05:04:00 PM,UNABLE TO DETERMINE,NOT APPLICABLE,,2,NO INDICATION OF INJURY,0.0,0.0,0.0,0.0,0.0,2.0,0.0,16,5,5,41.876627148,-87.630889329,POINT (-87.630889328815 41.876627148008),POINT (1175552.1288202023 1898415.7404993523),2023,410 S CLARK ST
O1630597,DRIVER,ca9d3ba86ec6145a4fe62c4d0b90d030177277e3d1ea3a81099b63d81c964183f2d455dcf718ce01d0940c304f4b56b10164e7b268ba53b126f3b58305f0cadc,1551681.0,X,,DID NOT DEPLOY,NONE,NO INDICATION OF INJURY,UNKNOWN,UNKNOWN,UNKNOWN,,,,N,2023-08-02 11:30:00,25,CLEAR,DAYLIGHT,PARKED MOTOR VEHICLE,DIVIDED - W/MEDIAN (NOT RAISED),DRY,NO DEFECTS,ON SCENE,NO INJURY / DRIVE AWAY,Y,$500 OR LESS,08/02/2023 12:05:00 PM,DRIVING SKILLS/KNOWLEDGE/EXPERIENCE,DRIVING SKILLS/KNOWLEDGE/EXPERIENCE,,2,NO INDICATION OF INJURY,0.0,0.0,0.0,0.0,0.0,1.0,0.0,11,4,8,41.976598466,-87.792556865,POINT (-87.792556865225 41.976598466346),POINT (1131294.01414489 1934526.5092110466),2023,5235 N NATOMA AVE
P349217,PASSENGER,77e6ec5ca2cf7d55bf00077a3862fe9dd117af3f61a785df4d72e1d1de472b37ca16ddbb251f8dd5412f7d713b10d5cd0ea168aabc918b545cf8f0665967fdba,1503148.0,F,,DID NOT DEPLOY,NONE,NO INDICATION OF INJURY,,,,,,,,2023-05-20 14:40:00,30,CLEAR,DAYLIGHT,ANGLE,NOT DIVIDED,DRY,NO DEFECTS,NOT ON SCENE (DESK REPORT),NO INJURY / DRIVE AWAY,Y,"OVER $1,500",05/20/2023 03:27:00 PM,NOT APPLICABLE,NOT APPLICABLE,,2,NO INDICATION OF INJURY,0.0,0.0,0.0,0.0,0.0,3.0,0.0,14,7,5,41.78577575,-87.727909639,POINT (-87.727909638571 41.785775749559),POINT (1149363.0184015546 1865108.5990354419),2023,4201 W 59TH ST
P362503,PASSENGER,dad43a23e01da0ba78559a8d764d9c1d8c4e1162cd4732fd94716883a295b1457e9eda23b25f9daf540c235714ec5272673bb73138b50d61bc93a05ce7e76323,1558842.0,F,56.0,DID NOT DEPLOY,NONE,NONINCAPACITATING INJURY,,,,,,,,2023-08-12 19:30:00,35,CLEAR,DAYLIGHT,ANGLE,DIVIDED - W/MEDIAN (NOT RAISED),DRY,NO DEFECTS,NOT ON SCENE (DESK REPORT),INJURY AND / OR TOW DUE TO CRASH,,"OVER $1,500",08/13/2023 02:20:00 PM,FAILING TO YIELD RIGHT-OF-WAY,UNABLE TO DETERMINE,,2,NONINCAPACITATING INJURY,1.0,0.0,0.0,1.0,0.0,2.0,0.0,19,7,8,41.750891047,-87.625968505,POINT (-87.625968505423 41.750891046593),POINT (1177269.4124523478 1852609.1277254876),2023,7900 S LAFAYETTE AVE