PERSON_ID,PERSON_TYPE,CRASH_RECORD_ID,VEHICLE_ID,SEX,AGE,AIRBAG_DEPLOYED,EJECTION,INJURY_CLASSIFICATION,DRIVER_ACTION,DRIVER_VISION,PHYSICAL_CONDITION,PEDPEDAL_ACTION,PEDPEDAL_VISIBILITY,PEDPEDAL_LOCATION,CRASH_DATE_EST_I,CRASH_DATE,POSTED_SPEED_LIMIT,WEATHER_CONDITION,LIGHTING_CONDITION,FIRST_CRASH_TYPE,TRAFFICWAY_TYPE,ROADWAY_SURFACE_COND,ROAD_DEFECT,REPORT_TYPE,CRASH_TYPE,HIT_AND_RUN_I,DAMAGE,DATE_POLICE_NOTIFIED,PRIM_CONTRIBUTORY_CAUSE,SEC_CONTRIBUTORY_CAUSE,DOORING_I,NUM_UNITS,MOST_SEVERE_INJURY,INJURIES_TOTAL,INJURIES_FATAL,INJURIES_INCAPACITATING,INJURIES_NON_INCAPACITATING,INJURIES_REPORTED_NOT_EVIDENT,INJURIES_NO_INDICATION,INJURIES_UNKNOWN,CRASH_HOUR,CRASH_DAY_OF_WEEK,CRASH_MONTH,LATITUDE,LONGITUDE,LOCATION,geometry,YEAR,ADDRESS
O1600068,DRIVER,d6a4edc9ee5bc681e862e3784bdab11403e12a75b681032fc13c34d0a5c97b9c7bb54647f910147f120723fcf66ad9f116f749bbdc001736b1a9fa50c8c62431,1522540.0,X,,DEPLOYMENT UNKNOWN,NONE,NO INDICATION OF INJURY,OTHER,UNKNOWN,UNKNOWN,,,,,2023-06-17 22:51:00,30,CLEAR,"DARKNESS, LIGHTED ROAD",PARKED MOTOR VEHICLE,DIVIDED - W/MEDIAN (NOT RAISED),DRY,NO DEFECTS,ON SCENE,INJURY AND / OR TOW DUE TO CRASH,Y,"OVER $1,500",06/17/2023 11:11:00 PM,UNABLE TO DETERMINE,UNABLE TO DETERMINE,,3,NONINCAPACITATING INJURY,4.0,0.0,0.0,4.0,0.0,1.0,0.0,22,7,6,41.902763098,-87.727471045,POINT (-87.7274710447 41.902763097856),POINT (1149181.9037318921 1907739.184953011),2023,4024 W DIVISION ST
O1641964,DRIVER,31461e70322a850968f73b66327d59e6421926c8b2275c8b4c9580e0ebb28528a0e12a0f88bafc7773f6ed4dfe5aad13cfef52d9c0c6252f71a5e997cd4b2534,1562567.0,F,30.0,"DEPLOYED, COMBINATION",NONE,NO INDICATION OF INJURY,FAILED TO YIELD,NOT OBSCURED,NORMAL,,,,,2023-08-19 07:53:00,30,CLEAR,DAYLIGHT,ANGLE,DIVIDED - W/MEDIAN BARRIER,DRY,NO DEFECTS,ON SCENE,INJURY AND / OR TOW DUE TO CRASH,,"OVER $1,500",08/19/2023 07:56:00 AM,FAILING TO YIELD RIGHT-OF-WAY,NOT APPLICABLE,,2,NO INDICATION OF INJURY,0.0,0.0,0.0,0.0,0.0,2.0,0.0,7,7,8,41.756070228,-87.586218639,POINT (-87.586218638985 41.756070227788),POINT (1188099.6820851662 1854588.0592575797),2023,7628 S STONY ISLAND AVE
O1725422,DRIVER,afcf14ce079ff1eb062b8cf70f1fda67d122a27447d9ca3b1cfe96821b2e23658b3b7b960f2feacfa1f32eda041aa978b79634c82aa691506f8605f7d87b82e1,1642504.0,F,51.0,DID NOT DEPLOY,NONE,NO INDICATION OF INJURY,FAILED TO YIELD,UNKNOWN,NORMAL,,,,,2023-12-18 12:30:00,20,CLEAR,DAYLIGHT,SIDESWIPE OPPOSITE DIRECTION,ALLEY,DRY,UNKNOWN,NOT ON SCENE (DESK REPORT),NO INJURY / DRIVE AWAY,,"$501 - $1,500",12/18/2023 01:00:00 PM,UNABLE TO DETERMINE,UNABLE TO DETERMINE,,2,NO INDICATION OF INJURY,0.0,0.0,0.0,0.0,0.0,2.0,0.0,12,2,12,41.934006406,-87.696532173,POINT (-87.696532173017 41.934006406007),POINT (1157519.789182528 1919185.2826150712),2023,2730 W GEORGE ST
O1710693,DRIVER,cffa2977b04498b9e68efcbf236af05dbc4f65cdbb739db07296f9d7e9e10133d04bc8d5ea4508f7f24d424965e258f5b6d3d663c80b7283d6b3ed07502a553d,1628358.0,M,22.0,NOT APPLICABLE,NONE,NO INDICATION OF INJURY,NONE,UNKNOWN,NORMAL,,,,,2023-11-26 16:50:00,30,SNOW,DARKNESS,REAR END,DIVIDED - W/MEDIAN (NOT RAISED),WET,UNKNOWN,NOT ON SCENE (DESK REPORT),NO INJURY / DRIVE AWAY,Y,"OVER $1,500",11/26/2023 05:30:00 PM,FOLLOWING TOO CLOSELY,UNABLE TO DETERMINE,,2,NO INDICATION OF INJURY,0.0,0.0,0.0,0.0,0.0,3.0,0.0,16,1,11,41.772572328,-87.634998989,POINT (-87.634998989473 41.772572327591),POINT (1174741.102687556 1860489.4781126352),2023,6700 S STEWART AVE
P331303,PASSENGER,cdb1c7415fcbde0742cbc75fc1c41a3205a1db7c320df234031eb144756f94ca3cf8a5a1e5feb5273fbb24cf8f2279fd52e38c7918c9ba702b1cfe433bc2566f,1424576.0,M,60.0,NOT APPLICABLE,NONE,NO INDICATION OF INJURY,,,,,,,Y,2023-01-14 09:37:00,15,CLEAR,DAYLIGHT,PARKED MOTOR VEHICLE,PARKING LOT,DRY,NO DEFECTS,ON SCENE,NO INJURY / DRIVE AWAY,Y,"OVER $1,500",01/14/2023 09:38:00 AM,UNABLE TO DETERMINE,NOT APPLICABLE,,2,NO INDICATION OF INJURY,0.0,0.0,0.0,0.0,0.0,2.0,0.0,9,7,1,41.764276868,-87.586428542,POINT (-87.586428541523 41.764276868225),POINT (1188016.4451506857 1857577.9969588963),2023,7158 S STONY ISLAND AVE
O1534857,DRIVER,f14de5892fd3907ebfaa93405062fd49c76e47446a6caa09df1c434c7d34a078065f889ca64707e7d6442ffc17e26cc79e91146e6e680f5c679842331b85ac8d,1459528.0,F,27.0,NOT APPLICABLE,NONE,NO INDICATION OF INJURY,NONE,NOT OBSCURED,NORMAL,,,,,2023-03-11 02:30:00,30,CLEAR,DARKNESS,SIDESWIPE SAME DIRECTION,DIVIDED - W/MEDIAN BARRIER,DRY,NO DEFECTS,NOT ON SCENE (DESK REPORT),NO INJURY / DRIVE AWAY,,"$501 - $1,500",03/14/2023 12:45:00 AM,DRIVING SKILLS/KNOWLEDGE/EXPERIENCE,IMPROPER LANE USAGE,,2,NO INDICATION OF INJURY,0.0,0.0,0.0,0.0,0.0,2.0,0.0,2,7,3,41.897910186,-87.617765275,POINT (-87.617765275018 41.897910186052),POINT (1179061.6535846347 1906200.8004557397),2023,842 N LAKE SHORE DR SB
O1621934,DRIVER,6664abfeec7735d7f3f104f69055f03e4b4594e43f91142517c9cdf9d038707548ebacb6a6da6bc6193c262b391d5a6b12c2ca393929803b4578dbb1b45d0088,1543434.0,M,67.0,DEPLOYMENT UNKNOWN,UNKNOWN,NO INDICATION OF INJURY,IMPROPER BACKING,UNKNOWN,UNKNOWN,,,,,2023-07-13 13:00:00,20,CLEAR,DAYLIGHT,REAR TO FRONT,NOT DIVIDED,DRY,NO DEFECTS,,INJURY AND / OR TOW DUE TO CRASH,,"OVER $1,500",07/13/2023 01:40:00 PM,IMPROPER BACKING,IMPROPER BACKING,,2,"REPORTED, NOT EVIDENT",1.0,0.0,0.0,0.0,1.0,2.0,0.0,13,5,7,41.758314649,-87.615265043,POINT (-87.615265042581 41.758314648927),POINT (1180167.5175453767 1855338.419130932),2023,7500 S DR MARTIN LUTHER KING JR DR
O1539319,DRIVER,7b11ed0993df6962d1b7139b2296791a0440d9c96356c7b282696887713603c8da28af6900d2aea70b1d8d071c25482f97834ac0b0856b69aef650744a6776fc,1463818.0,M,28.0,DID NOT DEPLOY,NONE,NO INDICATION OF INJURY,NONE,NOT OBSCURED,NORMAL,,,,,2023-03-20 21:42:00,30,CLEAR,"DARKNESS, LIGHTED ROAD",ANGLE,FOUR WAY,DRY,NO DEFECTS,ON SCENE,NO INJURY / DRIVE AWAY,Y,"OVER $1,500",03/20/2023 09:42:00 PM,FAILING TO YIELD RIGHT-OF-WAY,NOT APPLICABLE,,2,NO INDICATION OF INJURY,0.0,0.0,0.0,0.0,0.0,2.0,0.0,21,2,3,41.784187755,-87.642616759,POINT (-87.642616758716 41.784187754596),POINT (1172629.1248419776 1864705.2743470313),2023,6030 S UNION AVE
O1568599,DRIVER,4df015a8c72d18b26c96eb968185a79be9465fe5d211365f0796ebd447506b60580aca08f382f20c819f6e0c54033878a1a8fd6a369ff2275686cf22155d6aa7,1492172.0,F,25.0,NOT APPLICABLE,NONE,NO INDICATION OF INJURY,IMPROPER PASSING,UNKNOWN,NORMAL,,,,,2023-05-04 16:25:00,30,CLEAR,DAYLIGHT,SIDESWIPE SAME DIRECTION,ONE-WAY,DRY,NO DEFECTS,ON SCENE,INJURY AND / OR TOW DUE TO CRASH,,"OVER $1,500",05/04/2023 04:35:00 PM,IMPROPER OVERTAKING/PASSING,NOT APPLICABLE,,2,NO INDICATION OF INJURY,0.0,0.0,0.0,0.0,0.0,2.0,0.0,16,5,5,41.975929466,-87.84196342,POINT (-87.841963419888 41.975929466072),POINT (1117861.1034305692 1934201.7892539909),2023,8609 W SUMMERDALE AVE
O1714110,BICYCLE,cf37cf25e7d7667f9ae7aa60f58628fe7d550e7891ec60acfc2fbaba0c33dbf7d3975edadc1f7f724c38c8122868524cd542bf9869512bf3ad57d3a99f597c2a,,M,39.0,,UNKNOWN,NONINCAPACITATING INJURY,UNKNOWN,UNKNOWN,NORMAL,UNKNOWN/NA,NO CONTRASTING CLOTHING,IN ROADWAY,,2023-12-01 17:35:00,30,RAIN,"DARKNESS, LIGHTED ROAD",PEDALCYCLIST,FOUR WAY,WET,UNKNOWN,ON SCENE,INJURY AND / OR TOW DUE TO CRASH,,"OVER $1,500",12/01/2023 05:38:00 PM,UNABLE TO DETERMINE,NOT APPLICABLE,,2,NONINCAPACITATING INJURY,1.0,0.0,0.0,1.0,0.0,1.0,0.0,17,6,12,41.862586225,-87.646932217,POINT (-87.646932216697 41.86258622495),POINT (1171223.9316895977 1893263.900613785),2023,1432 S HALSTED ST
O1521323,DRIVER,a0e7c16658892ad7fb9459a24b77541f301b6d5699d72b583b45b6fd740c88d7d692b188c05c134134b46a7962b67ad918a96eaf1d6e89ad0a845e8a8d3797f1,1446494.0,M,22.0,DID NOT DEPLOY,NONE,NO INDICATION OF INJURY,NONE,NOT OBSCURED,NORMAL,,,,,2023-02-20 13:10:00,30,CLEAR,DAYLIGHT,REAR END,NOT DIVIDED,DRY,NO DEFECTS,NOT ON SCENE (DESK REPORT),NO INJURY / DRIVE AWAY,Y,"OVER $1,500",02/20/2023 01:45:00 PM,FAILING TO YIELD RIGHT-OF-WAY,UNABLE TO DETERMINE,,2,NO INDICATION OF INJURY,0.0,0.0,0.0,0.0,0.0,2.0,0.0,13,2,2,41.809571878,-87.593145317,POINT (-87.59314531742 41.809571877766),POINT (1186041.9057660524 1874067.3737429136),2023,1357 E 47TH ST
O1590703,DRIVER,21c64c7f5d48ab82c97ccbdb34597021c52f1b74e7ba5178d3b0e2cc3c3b828170d825b6395bf5838e71f8f8cee692e19802b1186a1bfa67e5e93f4161989860,1513549.0,M,,DEPLOYMENT UNKNOWN,UNKNOWN,NO INDICATION OF INJURY,UNKNOWN,UNKNOWN,UNKNOWN,,,,,2023-06-04 16:05:00,35,CLEAR,DAYLIGHT,SIDESWIPE SAME DIRECTION,NOT DIVIDED,DRY,UNKNOWN,ON SCENE,NO INJURY / DRIVE AWAY,Y,"$501 - $1,500",06/04/2023 04:06:00 PM,UNABLE TO DETERMINE,UNABLE TO DETERMINE,,2,NO INDICATION OF INJURY,0.0,0.0,0.0,0.0,0.0,3.0,0.0,16,1,6,41.821189515,-87.684623481,POINT (-87.684623480757 41.821189515375),POINT (1161070.8126452696 1878099.257094553),2023,3999 S WESTERN AVE
P373690,PASSENGER,adcbe45e62ca619370bfa4513dcecf95cbdf0368f232a044762aac225df008a9b2fe8d0d1fda115ad7c6632af589c6566bb284f5a1c7fcef2961e346c06d093a,1607265.0,,,"DEPLOYED, COMBINATION",UNKNOWN,NO INDICATION OF INJURY,,,,,,,Y,2023-10-24 15:28:00,30,CLEAR,DAYLIGHT,TURNING,NOT DIVIDED,DRY,NO DEFECTS,ON SCENE,INJURY AND / OR TOW DUE TO CRASH,Y,"OVER $1,500",10/24/2023 03:30:00 PM,DISREGARDING TRAFFIC SIGNALS,NOT APPLICABLE,,2,NONINCAPACITATING INJURY,1.0,0.0,0.0,1.0,0.0,3.0,0.0,15,3,10,41.737042973,-87.565696953,POINT (-87.565696953391 41.737042973423),POINT (1193760.9010625267 1847703.985165563),2023,8700 S SOUTH CHICAGO AVE
P358026,PASSENGER,a9b1bb650ccd7d5b17fcd438d723c63b990cf3173781b3f4b3b6f2652cb4c76e9d41f59ace82eaddb38b68710d4574183b55044cf1d1441c5720e1a101fd12e3,1540278.0,F,36.0,NOT APPLICABLE,NONE,NO INDICATION OF INJURY,,,,,,,,2023-07-04 20:30:00,30,CLEAR,DUSK,REAR END,DIVIDED - W/MEDIAN BARRIER,DRY,UNKNOWN,,NO INJURY / DRIVE AWAY,Y,"OVER $1,500",07/04/2023 08:37:00 PM,UNABLE TO DETERMINE,UNABLE TO DETERMINE,,4,NO INDICATION OF INJURY,0.0,0.0,0.0,0.0,0.0,5.0,0.0,20,3,7,41.724074784,-87.585303232,POINT (-87.585303232497 41.724074783765),POINT (1188450.7937222093 1842931.382293886),2023,9400 S STONY ISLAND AVE
O1693614,DRIVER,ac523bbcc655ee9a4b4d7c0c14b0885466a7d18f35c0786bb9805b642d4152edf3ba94d3c86a9e03f01d6c79487141cd315e5ae2329acf143a3a0eed7e3af988,1611992.0,F,50.0,DEPLOYMENT UNKNOWN,NONE,NO INDICATION OF INJURY,OTHER,UNKNOWN,UNKNOWN,,,,,2023-10-31 13:15:00,30,CLOUDY/OVERCAST,DAYLIGHT,ANGLE,NOT DIVIDED,DRY,NO DEFECTS,NOT ON SCENE (DESK REPORT),NO INJURY / DRIVE AWAY,,"OVER $1,500",10/31/2023 02:32:00 PM,NOT APPLICABLE,NOT APPLICABLE,,2,NO INDICATION OF INJURY,0.0,0.0,0.0,0.0,0.0,3.0,0.0,13,3,10,41.778809817,-87.706431072,POINT (-87.706431072217 41.778809817352),POINT (1155239.2515748008 1862612.2437478306),2023,3321 W 63RD ST
O1562903,DRIVER,9921de27563586c11f09e10a280447e4041775e3dd9d63b29f61e2b690454f6b47c60e4168a74a5b70ac906bbb2628331e52ca9588a290c04e8b3fd354585238,1486660.0,M,27.0,DEPLOYMENT UNKNOWN,NONE,NONINCAPACITATING INJURY,DISREGARDED CONTROL DEVICES,UNKNOWN,UNKNOWN,,,,,2023-04-25 20:00:00,30,CLEAR,DARKNESS,ANGLE,UNKNOWN INTERSECTION TYPE,DRY,UNKNOWN,NOT ON SCENE (DESK REPORT),INJURY AND / OR TOW DUE TO CRASH,,"OVER $1,500",04/25/2023 08:30:00 PM,DISREGARDING STOP SIGN,DISREGARDING STOP SIGN,,2,NONINCAPACITATING INJURY,2.0,0.0,0.0,2.0,0.0,0.0,0.0,20,3,4,41.881908847,-87.743022298,POINT (-87.743022297698 41.881908846939),POINT (1145000.7019971379 1900110.3995228023),2023,100 N KILPATRICK AVE
O1632867,DRIVER,da94ea40abe8974ac20f787ab9fef0df3e0aa4b46b2cecd085b745832e43a8ba4867f373129c5be291238579e400ee661b9e977471e875499470edae8d3c999a,1553801.0,X,,DEPLOYMENT UNKNOWN,NONE,NO INDICATION OF INJURY,FAILED TO YIELD,UNKNOWN,UNKNOWN,,,,,2023-08-05 05:00:00,20,CLEAR,UNKNOWN,REAR END,PARKING LOT,DRY,NO DEFECTS,NOT ON SCENE (DESK REPORT),NO INJURY / DRIVE AWAY,Y,"OVER $1,500",08/05/2023 01:20:00 PM,FOLLOWING TOO CLOSELY,NOT APPLICABLE,,2,NO INDICATION OF INJURY,0.0,0.0,0.0,0.0,0.0,2.0,0.0,5,7,8,41.891676097,-87.621210766,POINT (-87.621210765716 41.891676096743),POINT (1178142.476983708 1903921.2919514857),2023,235 E GRAND AVE
O1496863,DRIVER,37091ea67507c3f2247f14d80fdec091dc5cb4168167b306768343f4b47dff35d320a7ea0fd67de6ee5a6e4b5b825c6ffe48235cc5ce2815c9c12c6d88f397ce,1423024.0,X,,DEPLOYMENT UNKNOWN,NONE,NO INDICATION OF INJURY,OTHER,UNKNOWN,UNKNOWN,,,,,2023-01-11 16:00:00,30,CLEAR,DAYLIGHT,TURNING,NOT DIVIDED,DRY,NO DEFECTS,ON SCENE,INJURY AND / OR TOW DUE TO CRASH,Y,"OVER $1,500",01/11/2023 04:31:00 PM,UNABLE TO DETERMINE,UNABLE TO DETERMINE,,2,"REPORTED, NOT EVIDENT",1.0,0.0,0.0,0.0,1.0,2.0,0.0,16,4,1,41.722672903,-87.55122198,POINT (-87.551221979784 41.722672902536),POINT (1197759.1619913718 1842503.23785753),2023,9500 S COMMERCIAL AVE
O1609247,DRIVER,1eaf28558d350625bea1498f5d1ae59771095d9b801a6eb5bdf8761991f890c03bdfab1b23befd7b69e0239b7cf42a73cdfb18b77f3715aa28320ea92aa6a68c,1531356.0,M,47.0,NOT APPLICABLE,NONE,NO INDICATION OF INJURY,NONE,UNKNOWN,UNKNOWN,,,,,2023-07-01 09:00:00,15,CLEAR,DAYLIGHT,SIDESWIPE SAME DIRECTION,ONE-WAY,DRY,NO DEFECTS,NOT ON SCENE (DESK REPORT),NO INJURY / DRIVE AWAY,,"OVER $1,500",07/01/2023 03:15:00 PM,UNABLE TO DETERMINE,NOT APPLICABLE,,2,NO INDICATION OF INJURY,0.0,0.0,0.0,0.0,0.0,2.0,0.0,9,7,7,41.954878072,-87.704527034,POINT (-87.704527033828 41.954878072174),POINT (1155288.631047309 1926774.9168512342),2023,4030 N WHIPPLE ST
O1695861,DRIVER,6658ef4a84b06cf5f305d3b6717a3e2d89cf5fd10a36226a3e8eb302af5b68dd75abb4469f4d2d4f1417f2b47bc49533c5c5508fd6a695445db42354ebff7b1b,1614158.0,M,20.0,DID NOT DEPLOY,NONE,NO INDICATION OF INJURY,OTHER,NOT OBSCURED,NORMAL,,,,,2023-11-03 12:12:00,20,CLEAR,DAYLIGHT,PARKED MOTOR VEHICLE,DIVIDED - W/MEDIAN (NOT RAISED),DRY,NO DEFECTS,ON SCENE,NO INJURY / DRIVE AWAY,,"$501 - $1,500",11/03/2023 12:16:00 PM,IMPROPER LANE USAGE,NOT APPLICABLE,,2,NO INDICATION OF INJURY,0.0,0.0,0.0,0.0,0.0,1.0,0.0,12,6,11,41.86962098,-87.641313045,POINT (-87.641313044981 41.869620980221),POINT (1172733.9236881342 1895839.6410695757),2023,551 W TAYLOR ST
O1598055,DRIVER,f733eb10d07735acc98d9a919f1a4515da7443e0629210f61f6dacf989de98877a85d2d39e82b1cae5a8721919338dca86af93d25f3e6c4ff121daf780a9cf5d,1520631.0,M,40.0,NOT APPLICABLE,NONE,NO INDICATION OF INJURY,UNKNOWN,UNKNOWN,NORMAL,,,,,2023-06-14 22:10:00,30,CLEAR,"DARKNESS, LIGHTED ROAD",REAR END,NOT DIVIDED,DRY,NO DEFECTS,ON SCENE,NO INJURY / DRIVE AWAY,,"$501 - $1,500",06/14/2023 10:20:00 PM,FAILING TO REDUCE SPEED TO AVOID CRASH,FOLLOWING TOO CLOSELY,,2,NO INDICATION OF INJURY,0.0,0.0,0.0,0.0,0.0,3.0,0.0,22,4,6,41.692634658,-87.628029909,POINT (-87.628029909331 41.692634657761),POINT (1176880.8285236773 1831376.5042906883),2023,200 W 111TH ST
O1667892,DRIVER,042b2750b3563f7b55015c054a59760456ffbbe304cb43b005b4e02771dd7660fc8dd16ef795781a525085185a6787d3a0e0cc680c2d57f80ddce698c4db2b01,1587389.0,M,74.0,DEPLOYMENT UNKNOWN,NONE,NO INDICATION OF INJURY,NONE,NOT OBSCURED,NORMAL,,,,,2023-09-24 14:30:00,30,CLEAR,DAYLIGHT,REAR END,FOUR WAY,DRY,NO DEFECTS,ON SCENE,INJURY AND / OR TOW DUE TO CRASH,,"OVER $1,500",09/24/2023 02:32:00 PM,FAILING TO REDUCE SPEED TO AVOID CRASH,NOT APPLICABLE,,3,NONINCAPACITATING INJURY,1.0,0.0,0.0,1.0,0.0,2.0,0.0,14,1,9,41.880609278,-87.745157641,POINT (-87.745157641199 41.880609277746),POINT (1144422.4586402082 1899632.8461216683),2023,4758 W MADISON ST
O1647555,DRIVER,68a05fced6caffc5a093fff014fd6511b16c98c7cc9bcac3fc703a556643ab13d4c31e9778659aa44ee7304b8eb4b0219db8c9c7e00c94c62fda8c0048169b9f,1567905.0,M,63.0,DID NOT DEPLOY,NONE,NO INDICATION OF INJURY,NONE,NOT OBSCURED,NORMAL,,,,,2023-08-27 03:24:00,30,CLEAR,"DARKNESS, LIGHTED ROAD",REAR END,DIVIDED - W/MEDIAN (NOT RAISED),DRY,NO DEFECTS,NOT ON SCENE (DESK REPORT),NO INJURY / DRIVE AWAY,,"OVER $1,500",08/27/2023 05:48:00 AM,UNABLE TO DETERMINE,UNABLE TO DETERMINE,,2,NO INDICATION OF INJURY,0.0,0.0,0.0,0.0,0.0,3.0,0.0,3,1,8,41.953638821,-87.718661108,POINT (-87.7186611081 41.953638821073),POINT (1151447.311096843 1926295.4377881277),2023,3619 W IRVING PARK RD
O1601477,DRIVER,42b55231d55835a3911cfdce6e290adffb4ab41db165b355ebad3eba0b5f124b35a7bf12720f23e8ba049e668066fadc0d60cddf3e2f36b0c4cd7191d1b8a418,1523893.0,M,51.0,DID NOT DEPLOY,NONE,NO INDICATION OF INJURY,OTHER,NOT OBSCURED,NORMAL,,,,,2023-06-20 09:33:00,30,CLEAR,DAYLIGHT,PARKED MOTOR VEHICLE,DIVIDED - W/MEDIAN BARRIER,DRY,NO DEFECTS,ON SCENE,NO INJURY / DRIVE AWAY,,"OVER $1,500",06/20/2023 09:33:00 AM,NOT APPLICABLE,NOT APPLICABLE,,2,NO INDICATION OF INJURY,0.0,0.0,0.0,0.0,0.0,4.0,0.0,9,3,6,41.749435388,-87.715038878,POINT (-87.715038878015 41.749435387996),POINT (1152968.3778187379 1851891.460735682),2023,3711 W 79TH ST
O1728110,DRIVER,dd5804bb846688186358c10abc266071d7d81d874e360fccd48d053d757f92530d4f56b792d7f0d27c7413b6cc46d76e3b616e089a51a4bf25b44018f467b153,1645088.0,M,60.0,DID NOT DEPLOY,NONE,NO INDICATION OF INJURY,FAILED TO YIELD,NOT OBSCURED,NORMAL,,,,,2023-12-22 14:05:00,30,RAIN,DAYLIGHT,TURNING,NOT REPORTED,WET,NO DEFECTS,ON SCENE,INJURY AND / OR TOW DUE TO CRASH,,"OVER $1,500",12/22/2023 03:00:00 PM,FAILING TO YIELD RIGHT-OF-WAY,NOT APPLICABLE,,2,NONINCAPACITATING INJURY,2.0,0.0,0.0,1.0,1.0,2.0,0.0,14,6,12,41.758071572,-87.624787049,POINT (-87.624787049085 41.758071572283),POINT (1177570.2506137644 1855228.3021956447),2023,1 W 75TH ST
O1589432,DRIVER,f07f5137731925bc7aa36aa1f30a3e1c7205275c47ef2246752d4928e0138548e4333dc23948a2585582c326af76417687a494eb3b80705989a938b7f4db228c,1512332.0,M,35.0,DID NOT DEPLOY,NONE,NO INDICATION OF INJURY,IMPROPER PASSING,UNKNOWN,UNKNOWN,,,,,2023-06-01 15:00:00,30,CLEAR,DAYLIGHT,PARKED MOTOR VEHICLE,ONE-WAY,DRY,UNKNOWN,NOT ON SCENE (DESK REPORT),NO INJURY / DRIVE AWAY,,"OVER $1,500",06/02/2023 07:05:00 PM,NOT APPLICABLE,IMPROPER OVERTAKING/PASSING,,2,NO INDICATION OF INJURY,0.0,0.0,0.0,0.0,0.0,1.0,0.0,15,5,6,41.976201139,-87.905309125,POINT (-87.905309125103 41.976201139024),POINT (1100635.8917230505 1934208.3565550821),2023,10000 W OHARE ST
O1660941,DRIVER,1e7dabf3af55c9414a890e84d8563459d24ffc9f4165a3b9a5c943801d3cb59c173ef60a8718d20e424e31e777bca251b39da0e3f3e9f1cf7f9620650961a4f5,1580739.0,M,24.0,DEPLOYMENT UNKNOWN,UNKNOWN,NO INDICATION OF INJURY,UNKNOWN,UNKNOWN,UNKNOWN,,,,,2023-09-14 19:00:00,30,UNKNOWN,UNKNOWN,REAR END,NOT DIVIDED,UNKNOWN,UNKNOWN,NOT ON SCENE (DESK REPORT),NO INJURY / DRIVE AWAY,Y,"OVER $1,500",09/14/2023 08:20:00 PM,UNABLE TO DETERMINE,UNABLE TO DETERMINE,,2,NO INDICATION OF INJURY,0.0,0.0,0.0,0.0,0.0,2.0,0.0,19,5,9,41.903538332,-87.661787166,POINT (-87.661787166244 41.903538331786),POINT (1167060.6846881197 1908154.8111010105),2023,1330 W DIVISION ST
O1609994,DRIVER,5f7fd250c4f1e5d50b973d409b20e3b979b8fb1d86eed05e8d37ae6b2b7dc2b2a9fa1cfc33acc21e2d3d67ebcd3077ced63105f1552728999ed0e328c0d72e8c,1532066.0,M,27.0,NOT APPLICABLE,NONE,NO INDICATION OF INJURY,UNKNOWN,UNKNOWN,NORMAL,,,,,2023-07-01 19:15:00,30,CLEAR,DAYLIGHT,REAR END,UNKNOWN,DRY,UNKNOWN,NOT ON SCENE (DESK REPORT),NO INJURY / DRIVE AWAY,,"OVER $1,500",07/01/2023 08:30:00 PM,UNABLE TO DETERMINE,UNABLE TO DETERMINE,,3,NO INDICATION OF INJURY,0.0,0.0,0.0,0.0,0.0,3.0,0.0,19,7,7,41.809168133,-87.624601562,POINT (-87.62460156206 41.809168133443),POINT (1177467.3884606427 1873847.9596707863),2023,4700 S WABASH AVE
O1689417,DRIVER,006fb625821853ca31ce91aed9e2f4958648dc75f0ae0f5d5e7e0250d1e1b2afe7d146c091a068e372609ab556a19d5c6b5d9052c64ee1de089b1afb17d499c2,1607962.0,M,37.0,NOT APPLICABLE,NONE,NONINCAPACITATING INJURY,NONE,NOT OBSCURED,NORMAL,,,,,2023-10-25 15:15:00,30,CLEAR,DAYLIGHT,REAR END,NOT DIVIDED,DRY,NO DEFECTS,NOT ON SCENE (DESK REPORT),INJURY AND / OR TOW DUE TO CRASH,,"OVER $1,500",10/25/2023 04:04:00 PM,FOLLOWING TOO CLOSELY,NOT APPLICABLE,,2,NONINCAPACITATING INJURY,4.0,0.0,0.0,4.0,0.0,1.0,0.0,15,4,10,41.808221818,-87.743309809,POINT (-87.7433098089 41.808221817957),POINT (1145106.879791156 1873258.5938856564),2023,4640 S CICERO AVE
O1563226,DRIVER,b2073f2ad5d1093f2fe9740e77c14e832215259e1bed2db93a5bf05a3a4d82940bdfde666c5f91313dd35c413ba0441a7eb12514a66fc22efce0b6f11465098a,1486965.0,X,,DEPLOYMENT UNKNOWN,UNKNOWN,NO INDICATION OF INJURY,UNKNOWN,UNKNOWN,UNKNOWN,,,,,2023-04-26 17:30:00,25,CLEAR,DAYLIGHT,PARKED MOTOR VEHICLE,ONE-WAY,DRY,UNKNOWN,ON SCENE,NO INJURY / DRIVE AWAY,,$500 OR LESS,04/26/2023 05:51:00 PM,UNABLE TO DETERMINE,NOT APPLICABLE,,2,NO INDICATION OF INJURY,0.0,0.0,0.0,0.0,0.0,1.0,0.0,17,4,4,41.795085325,-87.588600375,POINT (-87.588600375462 41.795085325429),POINT (1187326.7054423064 1868799.255091392),2023,1511 E 55TH ST