PERSON_ID,PERSON_TYPE,CRASH_RECORD_ID,VEHICLE_ID,SEX,AGE,AIRBAG_DEPLOYED,EJECTION,INJURY_CLASSIFICATION,DRIVER_ACTION,DRIVER_VISION,PHYSICAL_CONDITION,PEDPEDAL_ACTION,PEDPEDAL_VISIBILITY,PEDPEDAL_LOCATION,CRASH_DATE_EST_I,CRASH_DATE,POSTED_SPEED_LIMIT,WEATHER_CONDITION,LIGHTING_CONDITION,FIRST_CRASH_TYPE,TRAFFICWAY_TYPE,ROADWAY_SURFACE_COND,ROAD_DEFECT,REPORT_TYPE,CRASH_TYPE,HIT_AND_RUN_I,DAMAGE,DATE_POLICE_NOTIFIED,PRIM_CONTRIBUTORY_CAUSE,SEC_CONTRIBUTORY_CAUSE,DOORING_I,NUM_UNITS,MOST_SEVERE_INJURY,INJURIES_TOTAL,INJURIES_FATAL,INJURIES_INCAPACITATING,INJURIES_NON_INCAPACITATING,INJURIES_REPORTED_NOT_EVIDENT,INJURIES_NO_INDICATION,INJURIES_UNKNOWN,CRASH_HOUR,CRASH_DAY_OF_WEEK,CRASH_MONTH,LATITUDE,LONGITUDE,LOCATION,geometry,YEAR,ADDRESS
O1668054,DRIVER,76c11792c2cfd766366b322f5f8c79c5d7f69e188a555a198af6948491996a0f4158929664bd621049a78bc1c34eda0fa545d6c2644d91f9d0ed5eba4df582d7,1587544.0,F,26.0,NOT APPLICABLE,NONE,NO INDICATION OF INJURY,OTHER,NOT OBSCURED,NORMAL,,,,,2023-09-24 23:05:00,30,CLEAR,"DARKNESS, LIGHTED ROAD",SIDESWIPE SAME DIRECTION,NOT DIVIDED,DRY,NO DEFECTS,NOT ON SCENE (DESK REPORT),NO INJURY / DRIVE AWAY,,"OVER $1,500",09/24/2023 11:25:00 PM,FOLLOWING TOO CLOSELY,NOT APPLICABLE,,2,NO INDICATION OF INJURY,0.0,0.0,0.0,0.0,0.0,3.0,0.0,23,1,9,41.808707956,-87.727434685,POINT (-87.727434685368 41.808707956454),POINT (1149433.6506837008 1873465.852274635),2023,4630 S KEDVALE AVE
O1634023,DRIVER,d280925fa6e6207ee1abfa6ea2c6f64f86f2b91473938755a6e90a78e950b268c445b03c2491c0e3d2f1232536afc0a98c930cc1085208652199210a2898de8f,1554926.0,M,37.0,DID NOT DEPLOY,NONE,NO INDICATION OF INJURY,NONE,UNKNOWN,NORMAL,,,,,2023-08-04 23:50:00,30,CLEAR,"DARKNESS, LIGHTED ROAD",TURNING,RAMP,DRY,UNKNOWN,,NO INJURY / DRIVE AWAY,,"OVER $1,500",08/05/2023 12:31:00 AM,IMPROPER LANE USAGE,NOT APPLICABLE,,2,NO INDICATION OF INJURY,0.0,0.0,0.0,0.0,0.0,2.0,0.0,23,6,8,41.954745513,-87.645329396,POINT (-87.645329395868 41.954745512967),POINT (1171391.1687792132 1926850.3216744887),2023,600 W IRVING PARK RD
O1621415,DRIVER,f17a44e8503c955259fef3b374ab99e4f9433f2c2d9c979798b6830509811d0e3548affcfedb9e90050a899aadab1dd39b07e7060c8113dcf256168275741c8a,1542920.0,M,,DEPLOYMENT UNKNOWN,NONE,NO INDICATION OF INJURY,IMPROPER LANE CHANGE,UNKNOWN,UNKNOWN,,,,,2023-07-19 16:30:00,15,CLEAR,DAYLIGHT,SIDESWIPE SAME DIRECTION,OTHER,DRY,NO DEFECTS,NOT ON SCENE (DESK REPORT),NO INJURY / DRIVE AWAY,Y,$500 OR LESS,07/19/2023 06:08:00 PM,IMPROPER OVERTAKING/PASSING,NOT APPLICABLE,,2,NO INDICATION OF INJURY,0.0,0.0,0.0,0.0,0.0,2.0,0.0,16,4,7,41.789338642,-87.741352563,POINT (-87.741352562622 41.789338641753),POINT (1145687.8686361487 1866381.361939986),2023,5701 S CICERO AVE
O1580042,DRIVER,9c4f6a9cd82f67f908b03600d3a140ebfc0347c37fd334b773d27e7d389477473fad7185f37cee94a465e5c8ae50a0ac3235ca5f921942a122917be3512232c8,1503266.0,M,18.0,DID NOT DEPLOY,NONE,NO INDICATION OF INJURY,UNKNOWN,UNKNOWN,UNKNOWN,,,,,2023-05-20 17:00:00,30,UNKNOWN,UNKNOWN,TURNING,UNKNOWN,UNKNOWN,UNKNOWN,NOT ON SCENE (DESK REPORT),NO INJURY / DRIVE AWAY,,"OVER $1,500",05/20/2023 06:00:00 PM,UNABLE TO DETERMINE,NOT APPLICABLE,,2,NO INDICATION OF INJURY,0.0,0.0,0.0,0.0,0.0,4.0,0.0,17,7,5,41.952309212,-87.839187905,POINT (-87.839187905287 41.952309212163),POINT (1118665.4493597741 1925598.8391384378),2023,8500 W IRVING PARK RD
P365496,PASSENGER,a8cac31b7ef63f1c5fb651460e7cf714584d2e5ffbf9cf482e6787a1e7ff7c5727b9d738f4b17a7c08b95e63ec87c7d7a4d82f33551733e7fb3105bf3b2cea95,1571853.0,M,67.0,NOT APPLICABLE,NONE,NO INDICATION OF INJURY,,,,,,,,2023-09-01 15:35:00,30,CLEAR,DAYLIGHT,TURNING,FOUR WAY,DRY,NO DEFECTS,ON SCENE,NO INJURY / DRIVE AWAY,Y,"OVER $1,500",09/01/2023 03:35:00 PM,UNABLE TO DETERMINE,UNABLE TO DETERMINE,,2,NO INDICATION OF INJURY,0.0,0.0,0.0,0.0,0.0,4.0,0.0,15,6,9,41.848355768,-87.732128474,POINT (-87.73212847396 41.848355767545),POINT (1148052.8925459855 1887904.3360817076),2023,4325 W OGDEN AVE
O1596256,DRIVER,d95113819537b90dd6b2651a5b320b795325a7c4494c30b6b3bd6909d397995547989e9bbc2852f9995d8a569ce62b51577fff2920fb233c95a78b07a6e6e346,1518935.0,M,64.0,"DEPLOYED, SIDE",NONE,NO INDICATION OF INJURY,DISREGARDED CONTROL DEVICES,UNKNOWN,UNKNOWN,,,,,2023-06-12 14:38:00,30,CLEAR,DAYLIGHT,ANGLE,NOT DIVIDED,DRY,NO DEFECTS,ON SCENE,INJURY AND / OR TOW DUE TO CRASH,,"OVER $1,500",06/12/2023 02:45:00 PM,FAILING TO YIELD RIGHT-OF-WAY,DISREGARDING TRAFFIC SIGNALS,,2,NO INDICATION OF INJURY,0.0,0.0,0.0,0.0,0.0,2.0,0.0,14,2,6,41.677862591,-87.627401007,POINT (-87.627401006921 41.677862591235),POINT (1177096.7014855465 1825995.1618728554),2023,157 W 119TH ST
P351230,PASSENGER,1245d832964d4c4c910f8abd4b32f6180e9d3d6bf52421dba901a06b98f7291679462873f2543c437f9d92fb1d56b7bfae943d9aded7952c5884ef4a9b04311c,1511700.0,M,24.0,DEPLOYMENT UNKNOWN,NONE,NONINCAPACITATING INJURY,,,,,,,,2023-06-01 19:33:00,30,CLEAR,DAYLIGHT,REAR END,FOUR WAY,DRY,NO DEFECTS,ON SCENE,INJURY AND / OR TOW DUE TO CRASH,Y,"OVER $1,500",06/01/2023 11:48:00 PM,UNABLE TO DETERMINE,UNABLE TO DETERMINE,,2,NONINCAPACITATING INJURY,2.0,0.0,0.0,2.0,0.0,2.0,0.0,19,5,6,41.885764102,-87.766857207,POINT (-87.766857207288 41.885764101559),POINT (1138500.7952563409 1901471.5042108279),2023,300 N PARKSIDE AVE
O1564671,DRIVER,915f7dab93bec83bb7c270cb769c07fec0e2f30dcb096752f92e6698fc4b9d406f5a324eb2164634ff027573fd2e1444a145310249f6696e33f80582e495e6f1,1488371.0,M,,DEPLOYMENT UNKNOWN,NONE,NO INDICATION OF INJURY,UNKNOWN,UNKNOWN,UNKNOWN,,,,,2023-04-28 22:00:00,30,CLEAR,"DARKNESS, LIGHTED ROAD",PARKED MOTOR VEHICLE,ONE-WAY,DRY,NO DEFECTS,ON SCENE,NO INJURY / DRIVE AWAY,Y,"OVER $1,500",04/28/2023 10:18:00 PM,UNABLE TO DETERMINE,UNABLE TO DETERMINE,,2,NO INDICATION OF INJURY,0.0,0.0,0.0,0.0,0.0,1.0,0.0,22,6,4,41.74851523,-87.657264553,POINT (-87.657264552902 41.748515230484),POINT (1168736.3815224099 1851674.7457854403),2023,1329 W 80TH ST
O1700370,DRIVER,b6c14100d3c4b91dc4702bc20e292a7d4d9a4f3c37776168bd8aed4cad0c4491f8e82e12ce0eaef895104f14eab6eb163a9dcb744267a64312af6c8a46dad8e1,1618434.0,M,26.0,DID NOT DEPLOY,NONE,NONINCAPACITATING INJURY,NONE,NOT OBSCURED,NORMAL,,,,,2023-11-10 01:14:00,30,CLEAR,"DARKNESS, LIGHTED ROAD",SIDESWIPE SAME DIRECTION,NOT DIVIDED,DRY,NO DEFECTS,ON SCENE,INJURY AND / OR TOW DUE TO CRASH,Y,"OVER $1,500",11/10/2023 01:17:00 AM,UNABLE TO DETERMINE,UNABLE TO DETERMINE,,2,NONINCAPACITATING INJURY,1.0,0.0,0.0,1.0,0.0,2.0,0.0,1,6,11,41.696691545,-87.659959262,POINT (-87.659959261855 41.696691544778),POINT (1168148.7531575935 1832784.994181226),2023,10843 S VINCENNES AVE
P344740,PASSENGER,6041f219b50de640ad5dda416db84f96fc37fe5c19a520f71ca4ecf88a1990434d42ced45aa4977c1293fc976dc487b6edf5531a99c54fa6cd0513e9009e8a87,1483790.0,F,18.0,DID NOT DEPLOY,NONE,NO INDICATION OF INJURY,,,,,,,,2023-04-21 18:16:00,30,CLEAR,DAYLIGHT,PEDALCYCLIST,NOT DIVIDED,DRY,NO DEFECTS,ON SCENE,NO INJURY / DRIVE AWAY,,$500 OR LESS,04/21/2023 06:16:00 PM,IMPROPER LANE USAGE,FAILING TO YIELD RIGHT-OF-WAY,,2,NO INDICATION OF INJURY,0.0,0.0,0.0,0.0,0.0,3.0,0.0,18,6,4,41.922093764,-87.635578466,POINT (-87.635578465956 41.922093764494),POINT (1174140.3399311255 1914973.3762883323),2023,2201 N STOCKTON DR
O1524129,DRIVER,d61ea75f72691d435721a84ab069f970ae6b16ba45461eee379839e18f133bc2f7f84d83924854b8e791283d89fd473245593df026f43dce6988843c484f3e2b,1449194.0,F,18.0,DEPLOYMENT UNKNOWN,NONE,NO INDICATION OF INJURY,OTHER,NOT OBSCURED,NORMAL,,,,,2023-02-24 21:30:00,30,SNOW,"DARKNESS, LIGHTED ROAD",PARKED MOTOR VEHICLE,NOT DIVIDED,SNOW OR SLUSH,NO DEFECTS,NOT ON SCENE (DESK REPORT),INJURY AND / OR TOW DUE TO CRASH,,"OVER $1,500",02/24/2023 11:15:00 PM,WEATHER,WEATHER,,2,NO INDICATION OF INJURY,0.0,0.0,0.0,0.0,0.0,1.0,0.0,21,6,2,41.920536555,-87.746356173,POINT (-87.746356173176 41.920536554587),POINT (1143996.523920975 1914180.0949486468),2023,2158 N CICERO AVE
O1665991,DRIVER,b633608ea4de222b2d2cc34943448db8715e3745ce849cdbcbc648adcd93dd336de26e378226d95fde631056a8ddac2b6c51c4d0514cee7625d18234ac7c5d16,1585583.0,F,34.0,DID NOT DEPLOY,NONE,NO INDICATION OF INJURY,FOLLOWED TOO CLOSELY,NOT OBSCURED,NORMAL,,,,,2023-09-21 14:20:00,30,RAIN,DAYLIGHT,REAR END,NOT DIVIDED,WET,NO DEFECTS,NOT ON SCENE (DESK REPORT),INJURY AND / OR TOW DUE TO CRASH,,$500 OR LESS,09/21/2023 05:20:00 PM,UNABLE TO DETERMINE,NOT APPLICABLE,,3,"REPORTED, NOT EVIDENT",1.0,0.0,0.0,0.0,1.0,3.0,0.0,14,5,9,41.997290218,-87.782912779,POINT (-87.782912779233 41.997290218485),POINT (1133867.9143772707 1942083.384821645),2023,6201 W DEVON AVE
P336329,PASSENGER,50ea7fa99a0f5a0ad91e6781a39e877529e6522383babd4b1c0133b53e20b9865e66893cc341252e29b7dcc45869e3f9e7a1907743044c571403c9603571e5de,1447047.0,F,1.0,NOT APPLICABLE,NONE,NO INDICATION OF INJURY,,,,,,,,2023-02-21 15:00:00,30,CLEAR,DAYLIGHT,PARKED MOTOR VEHICLE,DIVIDED - W/MEDIAN (NOT RAISED),DRY,NO DEFECTS,NOT ON SCENE (DESK REPORT),NO INJURY / DRIVE AWAY,,"$501 - $1,500",02/21/2023 03:15:00 PM,UNABLE TO DETERMINE,NOT APPLICABLE,,2,NO INDICATION OF INJURY,0.0,0.0,0.0,0.0,0.0,4.0,0.0,15,3,2,41.866454261,-87.710894415,POINT (-87.710894415385 41.866454261187),POINT (1153790.4905863667 1894540.5930679918),2023,3406 W ROOSEVELT RD
O1555388,DRIVER,70f4c2023a3886094c1bb410a1c91fda1d4185049f021ee3ed554a85b54ab9d289a110fa858eca4140f072aa85434e353502210cf8077c4bd45af53ce115c788,1479387.0,X,,DEPLOYMENT UNKNOWN,UNKNOWN,NO INDICATION OF INJURY,UNKNOWN,UNKNOWN,UNKNOWN,,,,,2023-04-13 12:00:00,10,CLEAR,DAYLIGHT,PARKED MOTOR VEHICLE,PARKING LOT,DRY,NO DEFECTS,NOT ON SCENE (DESK REPORT),NO INJURY / DRIVE AWAY,Y,"$501 - $1,500",04/15/2023 09:46:00 AM,UNABLE TO DETERMINE,UNABLE TO DETERMINE,,2,NO INDICATION OF INJURY,0.0,0.0,0.0,0.0,0.0,1.0,0.0,12,5,4,41.725320526,-87.622154313,POINT (-87.622154312741 41.725320526401),POINT (1178387.1998335982 1843300.0556890843),2023,9301 S WABASH AVE
O1731364,DRIVER,9a2224f163396a6e0f57ea593ef1ffd89165738516a3dcbd74ad948faadecc24b21f563f5a7a1f1e3a63b7418e709c9086a00596800dc4dc5e26618fd8cf82e4,1648304.0,X,,DEPLOYMENT UNKNOWN,UNKNOWN,NO INDICATION OF INJURY,UNKNOWN,UNKNOWN,UNKNOWN,,,,,2023-12-20 10:30:00,30,CLEAR,DAYLIGHT,SIDESWIPE SAME DIRECTION,NOT DIVIDED,DRY,NO DEFECTS,NOT ON SCENE (DESK REPORT),NO INJURY / DRIVE AWAY,Y,"$501 - $1,500",12/28/2023 02:30:00 PM,IMPROPER OVERTAKING/PASSING,IMPROPER OVERTAKING/PASSING,,2,NO INDICATION OF INJURY,0.0,0.0,0.0,0.0,0.0,2.0,0.0,10,4,12,41.964154277,-87.757704264,POINT (-87.75770426421 41.964154277393),POINT (1140801.3819039005 1930053.5518120024),2023,4572 N MILWAUKEE AVE
O1701592,DRIVER,710774cc08a8a218c05d5817422411aa4535c1e673121c0c7697b87a6ccffe81be06e5029133f2f3ae261c14f0ae5f051d713e6504cc943d2387275b52b96954,1619604.0,X,,DEPLOYMENT UNKNOWN,NONE,NO INDICATION OF INJURY,TOO FAST FOR CONDITIONS,UNKNOWN,UNKNOWN,,,,,2023-11-11 23:50:00,15,CLEAR,"DARKNESS, LIGHTED ROAD",PARKED MOTOR VEHICLE,PARKING LOT,DRY,NO DEFECTS,NOT ON SCENE (DESK REPORT),NO INJURY / DRIVE AWAY,Y,"OVER $1,500",11/12/2023 12:16:00 AM,DRIVING ON WRONG SIDE/WRONG WAY,FAILING TO REDUCE SPEED TO AVOID CRASH,,5,NO INDICATION OF INJURY,0.0,0.0,0.0,0.0,0.0,5.0,0.0,23,7,11,41.736155947,-87.627877078,POINT (-87.627877078373 41.736155946808),POINT (1176792.6331972335 1847235.5187693294),2023,129 W 87TH ST
P356470,PASSENGER,d423c7448424e571a9eb2351995f0df23b82ff7d4d38ab0838878c96b689ffae331daeeae2e3a923c0a209f215e5d09a3beb61651f650ba5e7ffabb6ac26e426,1533633.0,F,,DID NOT DEPLOY,NONE,NO INDICATION OF INJURY,,,,,,,,2023-07-05 12:08:00,30,CLEAR,DAYLIGHT,REAR END,DIVIDED - W/MEDIAN BARRIER,DRY,NO DEFECTS,NOT ON SCENE (DESK REPORT),NO INJURY / DRIVE AWAY,Y,"OVER $1,500",07/05/2023 01:25:00 PM,FOLLOWING TOO CLOSELY,NOT APPLICABLE,,3,NO INDICATION OF INJURY,0.0,0.0,0.0,0.0,0.0,7.0,0.0,12,4,7,41.815968176,-87.743222899,POINT (-87.743222898784 41.815968176184),POINT (1145111.1911079856 1876081.4833386028),2023,4225 S CICERO AVE
O1680376,DRIVER,a96e6354e2e1f8747c3f5b887982be6b07b5b81263786539b9576f73bd510d37c32d157505a88c88feb36f5fec65bb66390a23bca67ba222a9bd4743e982973e,1599295.0,M,30.0,DID NOT DEPLOY,NONE,NO INDICATION OF INJURY,NONE,NOT OBSCURED,NORMAL,,,,,2023-10-12 18:15:00,30,CLEAR,"DARKNESS, LIGHTED ROAD",REAR END,DIVIDED - W/MEDIAN (NOT RAISED),DRY,NO DEFECTS,NOT ON SCENE (DESK REPORT),NO INJURY / DRIVE AWAY,Y,"$501 - $1,500",10/12/2023 06:35:00 PM,FOLLOWING TOO CLOSELY,UNABLE TO DETERMINE,,2,NO INDICATION OF INJURY,0.0,0.0,0.0,0.0,0.0,2.0,0.0,18,5,10,41.989788489,-87.748373844,POINT (-87.748373844489 41.989788488824),POINT (1143275.1577930662 1939411.9567382226),2023,4801 W PETERSON AVE
O1720413,DRIVER,0ccc665445d9c98b665cad8b4dfad63b7f8bbb5f447636c5a4ea44f19569186ad52c0c4aae68273ecdba318bea76e714ff8b4a3cee6de895e5f3db98f6631ed2,1637688.0,M,25.0,"DEPLOYED, COMBINATION",NONE,NONINCAPACITATING INJURY,NONE,NOT OBSCURED,UNKNOWN,,,,,2023-12-11 02:36:00,50,CLEAR,"DARKNESS, LIGHTED ROAD",REAR END,FOUR WAY,DRY,NO DEFECTS,ON SCENE,INJURY AND / OR TOW DUE TO CRASH,Y,"OVER $1,500",12/11/2023 02:56:00 AM,FAILING TO YIELD RIGHT-OF-WAY,NOT APPLICABLE,,2,NONINCAPACITATING INJURY,1.0,0.0,0.0,1.0,0.0,1.0,0.0,2,2,12,41.954719593,-87.644434159,POINT (-87.644434158905 41.954719592904),POINT (1171634.755761239 1926842.832536205),2023,4001 N LAKE SHORE DR NB
O1539558,DRIVER,dad54c76f96d979d55cfb4930b0d704c643fa30383e7f34153300bb6b6a85fb3f11b975b1892656422f8e02d1d766534456a6ae8b1f10a89a34c3c528e8c2349,1464050.0,F,,DEPLOYMENT UNKNOWN,NONE,NO INDICATION OF INJURY,OTHER,UNKNOWN,UNKNOWN,,,,,2023-03-19 07:30:00,40,CLEAR,DAYLIGHT,REAR END,DIVIDED - W/MEDIAN BARRIER,DRY,NO DEFECTS,,NO INJURY / DRIVE AWAY,Y,"OVER $1,500",03/19/2023 08:10:00 AM,UNABLE TO DETERMINE,NOT APPLICABLE,,2,NO INDICATION OF INJURY,0.0,0.0,0.0,0.0,0.0,3.0,0.0,7,1,3,41.891948278,-87.614363497,POINT (-87.614363497175 41.891948277674),POINT (1180005.99000007 1904036.022227708),2023,530 N LAKE SHORE DR NB
O1541603,DRIVER,67a3b32e6e35254b95df678a24d0d149f75db006270221aa099aed23384dc89ccae38bc8ff67dff948994178deeeda6798f61c9aa1701730871150803996c883,1466018.0,M,,DEPLOYMENT UNKNOWN,NONE,NO INDICATION OF INJURY,FOLLOWED TOO CLOSELY,UNKNOWN,UNKNOWN,,,,,2023-03-24 17:00:00,30,CLEAR,DAYLIGHT,REAR END,NOT DIVIDED,DRY,NO DEFECTS,NOT ON SCENE (DESK REPORT),INJURY AND / OR TOW DUE TO CRASH,Y,"$501 - $1,500",03/24/2023 06:20:00 PM,FOLLOWING TOO CLOSELY,FOLLOWING TOO CLOSELY,,2,"REPORTED, NOT EVIDENT",1.0,0.0,0.0,0.0,1.0,5.0,0.0,17,6,3,41.844438344,-87.718517002,POINT (-87.718517002194 41.844438343755),POINT (1151771.6780368742 1886503.097811905),2023,3732 W 26TH ST
O1634151,DRIVER,c83892612bf6c26896e1fdc99fcce672f9703c1329cf3afc00c5a27b217a68b2b79426966f0a0faa8f2ba740dec79eea5ddbe9068b1ed05e41090ae8265b2d40,1555057.0,F,21.0,NOT APPLICABLE,NONE,NO INDICATION OF INJURY,NONE,NOT OBSCURED,NORMAL,,,,Y,2023-08-07 11:44:00,30,CLEAR,DAYLIGHT,REAR END,NOT DIVIDED,DRY,NO DEFECTS,NOT ON SCENE (DESK REPORT),NO INJURY / DRIVE AWAY,,"OVER $1,500",08/07/2023 12:20:00 PM,FOLLOWING TOO CLOSELY,FOLLOWING TOO CLOSELY,,2,NO INDICATION OF INJURY,0.0,0.0,0.0,0.0,0.0,2.0,0.0,11,2,8,41.991247025,-87.670186908,POINT (-87.670186907839 41.991247024548),POINT (1164526.7804016438 1940098.3434769362),2023,6014 N CLARK ST
O1670345,DRIVER,2e2a5b5c313af6bbef388f4cf652538df5109de2fb93b6114ca08c44e8767e9d3420a537570eecec01d12aa18f89224043f9bafbbbb67a9a94dfb6aa771a8e2e,1589730.0,M,59.0,DID NOT DEPLOY,NONE,NO INDICATION OF INJURY,UNKNOWN,NOT OBSCURED,NORMAL,,,,,2023-09-28 13:30:00,30,CLEAR,DAYLIGHT,SIDESWIPE SAME DIRECTION,NOT DIVIDED,DRY,NO DEFECTS,NOT ON SCENE (DESK REPORT),NO INJURY / DRIVE AWAY,,"OVER $1,500",09/28/2023 02:05:00 PM,UNABLE TO DETERMINE,NOT APPLICABLE,,2,NO INDICATION OF INJURY,0.0,0.0,0.0,0.0,0.0,3.0,0.0,13,5,9,41.923965013,-87.697246723,POINT (-87.697246722923 41.923965013378),POINT (1157352.509083023 1915524.7382862011),2023,2339 N CALIFORNIA AVE
P345389,PASSENGER,bf0234aec94c2dd0b329d0efa32f836d8fb2b8aecaf0bff70b3c136917c1106433cb5f39dca1ee20871072cbb51d74404f4c655663b6b72d4bdbae722d495e02,1486800.0,M,10.0,DID NOT DEPLOY,NONE,NO INDICATION OF INJURY,,,,,,,,2023-04-26 13:56:00,25,CLEAR,DAYLIGHT,SIDESWIPE SAME DIRECTION,DIVIDED - W/MEDIAN (NOT RAISED),DRY,NO DEFECTS,NOT ON SCENE (DESK REPORT),NO INJURY / DRIVE AWAY,,"OVER $1,500",04/26/2023 04:00:00 PM,DRIVING SKILLS/KNOWLEDGE/EXPERIENCE,UNABLE TO DETERMINE,,2,NO INDICATION OF INJURY,0.0,0.0,0.0,0.0,0.0,3.0,0.0,13,4,4,41.964294412,-87.745117304,POINT (-87.745117303971 41.964294412296),POINT (1144224.2660373778 1930127.8664193074),2023,4667 W WILSON AVE
O1551853,DRIVER,d9a94676d0751a5bd58b412f65aa5a6052d72d755e6de97fe73ddd11ee905f31dc9a29e41bff62231c37cc50ae77afbc98f9204faf3e9b39837d6c75e695d1d2,1476000.0,X,,DEPLOYMENT UNKNOWN,UNKNOWN,NO INDICATION OF INJURY,UNKNOWN,UNKNOWN,UNKNOWN,,,,Y,2023-04-10 12:42:00,30,UNKNOWN,UNKNOWN,PARKED MOTOR VEHICLE,NOT DIVIDED,DRY,UNKNOWN,ON SCENE,INJURY AND / OR TOW DUE TO CRASH,Y,"OVER $1,500",04/10/2023 12:43:00 PM,UNABLE TO DETERMINE,NOT APPLICABLE,,2,NO INDICATION OF INJURY,0.0,0.0,0.0,0.0,0.0,1.0,0.0,12,2,4,41.994646008,-87.662076126,POINT (-87.662076126204 41.994646008448),POINT (1166722.0033412233 1941354.1323067306),2023,1240 W GRANVILLE AVE
O1493865,DRIVER,efd09fa10715e64fbb25fbc8b2e3caa7fc615b556a0d060bd864e22af20ce42311e132bd65a8db5d089a41e5c07eb6eb434b9c1f851032fe660ca92d7baecc6a,1420128.0,M,,DEPLOYMENT UNKNOWN,NONE,NO INDICATION OF INJURY,FAILED TO YIELD,UNKNOWN,UNKNOWN,,,,,2023-01-05 16:46:00,30,CLEAR,DUSK,SIDESWIPE SAME DIRECTION,NOT DIVIDED,DRY,NO DEFECTS,ON SCENE,INJURY AND / OR TOW DUE TO CRASH,Y,"OVER $1,500",01/05/2023 04:46:00 PM,IMPROPER OVERTAKING/PASSING,NOT APPLICABLE,,2,NO INDICATION OF INJURY,0.0,0.0,0.0,0.0,0.0,4.0,0.0,16,5,1,41.787040651,-87.637720982,POINT (-87.637720981653 41.787040650968),POINT (1173955.9470316283 1865755.6146096922),2023,501 W 59TH ST
O1561687,DRIVER,ff25a73dbbe67a4b892d9ca783715ffa872f3d4297e298df157b710da51ce3c1d783c2da87d3c318da09ad85716d4d75ee6a9938e6a6cb23a6b896dcae660f5d,1485483.0,M,35.0,DID NOT DEPLOY,NONE,NO INDICATION OF INJURY,IMPROPER TURN,NOT OBSCURED,NORMAL,,,,,2023-04-24 14:00:00,30,CLEAR,DAYLIGHT,TURNING,NOT DIVIDED,DRY,NO DEFECTS,NOT ON SCENE (DESK REPORT),NO INJURY / DRIVE AWAY,,"OVER $1,500",04/24/2023 05:00:00 PM,FAILING TO REDUCE SPEED TO AVOID CRASH,NOT APPLICABLE,,2,NO INDICATION OF INJURY,0.0,0.0,0.0,0.0,0.0,2.0,0.0,14,2,4,41.990095197,-87.787454179,POINT (-87.787454178685 41.990095196695),POINT (1132650.1590060708 1939453.5791897005),2023,5999 N NAGLE AVE
O1680114,DRIVER,9347d0042b72f51d7f54209a4834b39583d58e065d52b637f919656fc2368a464e96b93ff815e45012dbb4cb152b3ad82ccdeb3519b00305f59133019a3a78b9,1599039.0,M,58.0,DID NOT DEPLOY,NONE,NO INDICATION OF INJURY,FAILED TO YIELD,UNKNOWN,NORMAL,,,,,2023-10-11 17:30:00,45,CLOUDY/OVERCAST,DAYLIGHT,SIDESWIPE SAME DIRECTION,NOT DIVIDED,DRY,NO DEFECTS,NOT ON SCENE (DESK REPORT),NO INJURY / DRIVE AWAY,,"OVER $1,500",10/12/2023 01:00:00 PM,FAILING TO YIELD RIGHT-OF-WAY,NOT APPLICABLE,,2,NO INDICATION OF INJURY,0.0,0.0,0.0,0.0,0.0,2.0,0.0,17,4,10,41.952015339,-87.837921023,POINT (-87.837921023057 41.952015338857),POINT (1119010.6815095125 1925493.7405283158),2023,8431 W IRVING PARK RD
O1567116,DRIVER,957a1cad6808035ce728b7aca0780984ad2ee5a350f44160374dccf7eb5b1a7aa72ce93e3d6d14add889ad239d570f3b95e6b4398dea5cb450c8dad2536fc0fb,1490757.0,M,25.0,NOT APPLICABLE,NONE,NO INDICATION OF INJURY,NONE,NOT OBSCURED,UNKNOWN,,,,,2023-05-02 15:58:00,30,CLEAR,DAYLIGHT,REAR END,NOT DIVIDED,DRY,NO DEFECTS,ON SCENE,NO INJURY / DRIVE AWAY,,"$501 - $1,500",05/02/2023 04:25:00 PM,FOLLOWING TOO CLOSELY,NOT APPLICABLE,,2,NO INDICATION OF INJURY,0.0,0.0,0.0,0.0,0.0,2.0,0.0,15,3,5,41.91446344,-87.786285766,POINT (-87.786285765684 41.91446343993),POINT (1133143.7172968066 1911895.1988081234),2023,6425 W CORTLAND ST
O1717817,DRIVER,c067af73e02053ab4a05e0fd96eddb8c9d3db216445de8edf30312bee104c26a73b9003b7962652eb7c178c9b0279589c638f1e8445e15230e3f232be6001055,1635184.0,M,62.0,NOT APPLICABLE,NONE,NO INDICATION OF INJURY,FOLLOWED TOO CLOSELY,NOT OBSCURED,NORMAL,,,,,2023-12-07 07:56:00,25,CLEAR,DAYLIGHT,REAR END,DIVIDED - W/MEDIAN (NOT RAISED),DRY,NO DEFECTS,NOT ON SCENE (DESK REPORT),NO INJURY / DRIVE AWAY,,"OVER $1,500",12/07/2023 08:30:00 AM,FOLLOWING TOO CLOSELY,FOLLOWING TOO CLOSELY,,2,NO INDICATION OF INJURY,0.0,0.0,0.0,0.0,0.0,2.0,0.0,7,5,12,41.975836267,-87.685394445,POINT (-87.685394444773 41.975836266815),POINT (1160435.065286206 1934450.9356541855),2023,2227 W FOSTER AVE