PERSON_ID,PERSON_TYPE,CRASH_RECORD_ID,VEHICLE_ID,SEX,AGE,AIRBAG_DEPLOYED,EJECTION,INJURY_CLASSIFICATION,DRIVER_ACTION,DRIVER_VISION,PHYSICAL_CONDITION,PEDPEDAL_ACTION,PEDPEDAL_VISIBILITY,PEDPEDAL_LOCATION,CRASH_DATE_EST_I,CRASH_DATE,POSTED_SPEED_LIMIT,WEATHER_CONDITION,LIGHTING_CONDITION,FIRST_CRASH_TYPE,TRAFFICWAY_TYPE,ROADWAY_SURFACE_COND,ROAD_DEFECT,REPORT_TYPE,CRASH_TYPE,HIT_AND_RUN_I,DAMAGE,DATE_POLICE_NOTIFIED,PRIM_CONTRIBUTORY_CAUSE,SEC_CONTRIBUTORY_CAUSE,DOORING_I,NUM_UNITS,MOST_SEVERE_INJURY,INJURIES_TOTAL,INJURIES_FATAL,INJURIES_INCAPACITATING,INJURIES_NON_INCAPACITATING,INJURIES_REPORTED_NOT_EVIDENT,INJURIES_NO_INDICATION,INJURIES_UNKNOWN,CRASH_HOUR,CRASH_DAY_OF_WEEK,CRASH_MONTH,LATITUDE,LONGITUDE,LOCATION,geometry,YEAR,ADDRESS
P357759,PASSENGER,131d63a821293e2ec1a89e946c6accbca3d82f72dc08236e9f31759317f5fc9aded153d9a1ea2e67f5c301f6c4ab6f1125c5e84223d9ba6e57f09d743c84962e,1539010.0,F,13.0,NOT APPLICABLE,NONE,NO INDICATION OF INJURY,,,,,,,,2023-07-13 13:30:00,30,CLEAR,DAYLIGHT,PEDALCYCLIST,DIVIDED - W/MEDIAN BARRIER,DRY,NO DEFECTS,NOT ON SCENE (DESK REPORT),NO INJURY / DRIVE AWAY,,"$501 - $1,500",07/13/2023 07:00:00 PM,UNABLE TO DETERMINE,UNABLE TO DETERMINE,,2,NO INDICATION OF INJURY,0.0,0.0,0.0,0.0,0.0,4.0,0.0,13,5,7,41.968795315,-87.683985374,POINT (-87.683985374027 41.968795314537),POINT (1160837.663797858 1931888.0816525903),2023,2158 W LAWRENCE AVE
O1595042,DRIVER,2f72206624c79b0e1f763800db66e35314ec4f6c447b415e4749fda3cc2bfc7a871a384c5bc7a1b8c74ea1160227d99b83719d1a29542e0c7c726a644781d5f9,1517736.0,X,,DEPLOYMENT UNKNOWN,NONE,NO INDICATION OF INJURY,UNKNOWN,UNKNOWN,UNKNOWN,,,,,2023-06-10 17:25:00,30,CLEAR,DAYLIGHT,PARKED MOTOR VEHICLE,ONE-WAY,DRY,NO DEFECTS,ON SCENE,NO INJURY / DRIVE AWAY,Y,"OVER $1,500",06/10/2023 05:50:00 PM,FAILING TO REDUCE SPEED TO AVOID CRASH,NOT APPLICABLE,,2,NO INDICATION OF INJURY,0.0,0.0,0.0,0.0,0.0,1.0,0.0,17,7,6,41.896692157,-87.771619662,POINT (-87.771619662269 41.896692157278),POINT (1137177.9109305628 1905445.150374147),2023,5830 W IOWA ST
O1529688,DRIVER,04a4924f27ead8faf4c4a9c7ba561ba7f52e887863c8c047ba9a3876992f0aa74b620f0d5819c868b412a919da2be1a41122c9049e2159dfe51654c4dced966c,1454571.0,M,19.0,NOT APPLICABLE,NONE,NO INDICATION OF INJURY,UNKNOWN,UNKNOWN,NORMAL,,,,,2023-03-05 15:15:00,25,CLEAR,DAYLIGHT,PARKED MOTOR VEHICLE,NOT DIVIDED,DRY,NO DEFECTS,ON SCENE,NO INJURY / DRIVE AWAY,,"OVER $1,500",03/05/2023 03:20:00 PM,UNABLE TO DETERMINE,UNABLE TO DETERMINE,,2,NO INDICATION OF INJURY,0.0,0.0,0.0,0.0,0.0,1.0,0.0,15,1,3,41.997850914,-87.661945865,POINT (-87.661945864712 41.997850913885),POINT (1166748.256349955 1942522.2974817825),2023,6350 N MAGNOLIA AVE
O1544774,DRIVER,4d3b05bc8126e7b38ed40cceb9b0ad04960337aeb8a7052e7d42d1b3d9d4d2f600bbcb13f10880134cbb10de3156ff304bd57b3063536de975b280e5186124d8,1469116.0,M,,DEPLOYMENT UNKNOWN,NONE,NO INDICATION OF INJURY,UNKNOWN,UNKNOWN,UNKNOWN,,,,Y,2023-03-29 13:00:00,30,CLEAR,DAYLIGHT,PARKED MOTOR VEHICLE,ONE-WAY,DRY,NO DEFECTS,NOT ON SCENE (DESK REPORT),NO INJURY / DRIVE AWAY,N,"OVER $1,500",03/29/2023 06:32:00 PM,NOT APPLICABLE,NOT APPLICABLE,,2,NO INDICATION OF INJURY,0.0,0.0,0.0,0.0,0.0,1.0,0.0,13,4,3,41.788288528,-87.682628361,POINT (-87.682628360889 41.788288527981),POINT (1161705.3968968312 1866114.4451852639),2023,5800 S CLAREMONT AVE
O1574517,DRIVER,16515cd98861637a894959f68ffc49cc62046c7e54d71fe97612a840f0c44df3223971a10cd7f57e9798194fea70cdb7d548a91b0c9cd091cf6716d040280339,1497900.0,X,,DEPLOYMENT UNKNOWN,UNKNOWN,NO INDICATION OF INJURY,UNKNOWN,UNKNOWN,UNKNOWN,,,,Y,2023-05-12 14:59:00,30,RAIN,DAYLIGHT,PARKED MOTOR VEHICLE,UNKNOWN,WET,NO DEFECTS,ON SCENE,NO INJURY / DRIVE AWAY,Y,"OVER $1,500",05/12/2023 03:54:00 PM,UNABLE TO DETERMINE,UNABLE TO DETERMINE,,2,NO INDICATION OF INJURY,0.0,0.0,0.0,0.0,0.0,1.0,0.0,14,6,5,41.836753671,-87.723273445,POINT (-87.723273445129 41.83675367109),POINT (1150495.5536565678 1883693.5919950143),2023,3102 S HARDING AVE
O1627308,DRIVER,fa2be1da242e47fd77a611cfa25b9d368846a2b7d5f43521304f28ae5dbe49d7d2c879a1857b3bef26e0c39a80bee005644717e010932cb6fd8362f958c2ccae,1548545.0,F,,DID NOT DEPLOY,NONE,NO INDICATION OF INJURY,NONE,NOT OBSCURED,NORMAL,,,,,2023-07-27 15:15:00,30,CLEAR,DAYLIGHT,TURNING,DIVIDED - W/MEDIAN (NOT RAISED),DRY,NO DEFECTS,NOT ON SCENE (DESK REPORT),INJURY AND / OR TOW DUE TO CRASH,,"OVER $1,500",07/27/2023 04:00:00 PM,"OPERATING VEHICLE IN ERRATIC, RECKLESS, CARELESS, NEGLIGENT OR AGGRESSIVE MANNER",NOT APPLICABLE,,2,"REPORTED, NOT EVIDENT",1.0,0.0,0.0,0.0,1.0,3.0,0.0,15,5,7,41.750813796,-87.639810008,POINT (-87.639810008197 41.750813796073),POINT (1173492.671921097 1852550.2300737903),2023,614 W 79TH ST
O1586857,DRIVER,5a57943b1f8ff0bb957bb791d1342ba1991c5b3e24eab5ddd51571035a57b4e93f462f236f5ac1d3155a6346f7068aa66ea0c462ab870ddae57a94c998f3e230,1509864.0,M,44.0,NOT APPLICABLE,NONE,NO INDICATION OF INJURY,NONE,NOT OBSCURED,NORMAL,,,,,2023-05-30 15:00:00,30,CLEAR,DAYLIGHT,ANGLE,FOUR WAY,DRY,NO DEFECTS,ON SCENE,INJURY AND / OR TOW DUE TO CRASH,,"$501 - $1,500",05/30/2023 03:04:00 PM,FAILING TO YIELD RIGHT-OF-WAY,NOT APPLICABLE,,2,NO INDICATION OF INJURY,0.0,0.0,0.0,0.0,0.0,2.0,0.0,15,3,5,41.895796244,-87.654953596,POINT (-87.654953595644 41.895796244484),POINT (1168943.2616646574 1905348.2295713108),2023,776 N MILWAUKEE AVE
P339722,PASSENGER,e8efa9f5b0cddf59f3af149302a95dfd38e6b9c8e2319b185f344fb76dbfd03268b8d24f4fea39763412a73774bca32b6712e84c02cd37b6888b7e037ff7ea8f,1462218.0,F,22.0,DID NOT DEPLOY,NONE,NO INDICATION OF INJURY,,,,,,,,2023-03-18 04:26:00,30,CLEAR,"DARKNESS, LIGHTED ROAD",SIDESWIPE SAME DIRECTION,DIVIDED - W/MEDIAN (NOT RAISED),DRY,UNKNOWN,NOT ON SCENE (DESK REPORT),NO INJURY / DRIVE AWAY,Y,"OVER $1,500",03/18/2023 04:26:00 AM,IMPROPER OVERTAKING/PASSING,IMPROPER OVERTAKING/PASSING,,2,NO INDICATION OF INJURY,0.0,0.0,0.0,0.0,0.0,3.0,0.0,4,7,3,41.818711007,-87.694674832,POINT (-87.694674831795 41.818711006877),POINT (1158337.785509917 1877175.5764203214),2023,4136 S CALIFORNIA AVE
O1524741,DRIVER,8b3d0a3b425ee3f86f7b9971261fffcce0f4d08e8cc581e97f9680877e4fe163bab1afacff03e3e0e68372c894152da25595d45223a57df6cb13282b2610e415,1449788.0,M,,DEPLOYMENT UNKNOWN,NONE,NO INDICATION OF INJURY,UNKNOWN,UNKNOWN,UNKNOWN,,,,,2023-02-24 23:55:00,25,SNOW,"DARKNESS, LIGHTED ROAD",REAR END,ONE-WAY,ICE,NO DEFECTS,NOT ON SCENE (DESK REPORT),INJURY AND / OR TOW DUE TO CRASH,,"$501 - $1,500",02/25/2023 03:15:00 PM,FOLLOWING TOO CLOSELY,UNABLE TO DETERMINE,,2,NONINCAPACITATING INJURY,1.0,0.0,0.0,1.0,0.0,3.0,0.0,23,6,2,41.946265185,-87.73237623,POINT (-87.73237623029 41.946265185112),POINT (1147735.4789947157 1923582.0052355675),2023,3556 N KEELER AVE
O1558419,DRIVER,48cf64c4a3e9e819ac7ef8660a3b847e79cdf00a5b025c9217efb91cd664cc370e99ac53c403c1f8de42a4bdec583698dca22ef38cac0e67f8f9a80b0e2ffa1c,1482310.0,F,41.0,DEPLOYMENT UNKNOWN,NONE,NO INDICATION OF INJURY,NONE,NOT OBSCURED,NORMAL,,,,,2023-04-19 15:20:00,30,CLEAR,DAYLIGHT,SIDESWIPE SAME DIRECTION,DIVIDED - W/MEDIAN (NOT RAISED),DRY,NO DEFECTS,NOT ON SCENE (DESK REPORT),NO INJURY / DRIVE AWAY,Y,"OVER $1,500",04/19/2023 04:30:00 PM,UNABLE TO DETERMINE,UNABLE TO DETERMINE,,2,NO INDICATION OF INJURY,0.0,0.0,0.0,0.0,0.0,2.0,0.0,15,4,4,41.898387485,-87.745735111,POINT (-87.745735111167 41.898387484615),POINT (1144220.8383585878 1906110.1279100552),2023,951 N CICERO AVE
O1555988,DRIVER,cc2dd1646d3b879f224f24c7659433b5fcb4fe1036c09a7f806cf268f5d2ec10ea712bb7fb4f76236f45aa92dfb82c6e628e3687d0529c6cf44f7a707e61adca,1479942.0,M,50.0,DID NOT DEPLOY,NONE,NO INDICATION OF INJURY,IMPROPER LANE CHANGE,NOT OBSCURED,NORMAL,,,,,2023-04-16 01:25:00,30,CLEAR,"DARKNESS, LIGHTED ROAD",SIDESWIPE SAME DIRECTION,NOT DIVIDED,DRY,NO DEFECTS,ON SCENE,INJURY AND / OR TOW DUE TO CRASH,,"OVER $1,500",04/16/2023 01:25:00 AM,IMPROPER LANE USAGE,NOT APPLICABLE,,2,NO INDICATION OF INJURY,0.0,0.0,0.0,0.0,0.0,2.0,0.0,1,1,4,41.829270199,-87.679707512,POINT (-87.679707511637 41.829270198863),POINT (1162388.378063238 1881053.975776801),2023,3552 S ARCHER AVE
O1520922,DRIVER,8f8b58ca353f29a2876971c768548da686e8709be93e019f5f7e841799bf48d265bed2c6c4d8cfac817ae21c51caa1207200040c196f4dbdf1737bdccfd0b9b0,1446100.0,F,23.0,"DEPLOYED, COMBINATION",NONE,NO INDICATION OF INJURY,DISREGARDED CONTROL DEVICES,UNKNOWN,UNKNOWN,,,,,2023-02-19 16:28:00,30,CLEAR,DAYLIGHT,ANGLE,FOUR WAY,DRY,NO DEFECTS,ON SCENE,INJURY AND / OR TOW DUE TO CRASH,,"OVER $1,500",02/19/2023 04:28:00 PM,DISREGARDING STOP SIGN,DISREGARDING STOP SIGN,,2,"REPORTED, NOT EVIDENT",1.0,0.0,0.0,0.0,1.0,2.0,0.0,16,1,2,41.750587014,-87.640344204,POINT (-87.640344204348 41.750587014462),POINT (1173347.5698420452 1852466.4183791217),2023,631 W 79TH ST
O1666171,DRIVER,ff12d73a7b18ee496ad89f9b6c728a6f629b46cdfecdc8bf861140d7bf7e7ac1486297d822031b0fffe869929ac580399e539b148f888fa54ca50025865b18ba,1585743.0,M,19.0,DID NOT DEPLOY,NONE,NO INDICATION OF INJURY,IMPROPER PASSING,UNKNOWN,UNKNOWN,,,,,2023-09-21 19:55:00,30,CLEAR,"DARKNESS, LIGHTED ROAD",SIDESWIPE SAME DIRECTION,NOT DIVIDED,DRY,NO DEFECTS,NOT ON SCENE (DESK REPORT),NO INJURY / DRIVE AWAY,,"$501 - $1,500",09/21/2023 08:15:00 PM,IMPROPER OVERTAKING/PASSING,UNABLE TO DETERMINE,,2,NO INDICATION OF INJURY,0.0,0.0,0.0,0.0,0.0,2.0,0.0,19,5,9,41.684832229,-87.652572423,POINT (-87.652572423059 41.684832228766),POINT (1170200.2645314233 1828479.4701246787),2023,1215 W 115TH ST
O1501188,DRIVER,0c11353b9e300d01bc6ba1f37c35075d35618f333fd543a7c4fb8541159b3867b376a5a51e9c4729ec3d9dab92c50ab478a35abf84ea5b6d84cbe1c98f6c631b,1427170.0,F,,DEPLOYMENT UNKNOWN,NONE,NO INDICATION OF INJURY,UNKNOWN,UNKNOWN,UNKNOWN,,,,,2023-01-19 08:00:00,35,CLOUDY/OVERCAST,DAYLIGHT,SIDESWIPE SAME DIRECTION,DIVIDED - W/MEDIAN BARRIER,WET,NO DEFECTS,ON SCENE,NO INJURY / DRIVE AWAY,Y,"OVER $1,500",01/19/2023 08:01:00 AM,UNABLE TO DETERMINE,NOT APPLICABLE,,2,NO INDICATION OF INJURY,0.0,0.0,0.0,0.0,0.0,2.0,0.0,8,5,1,41.878310135,-87.617575903,POINT (-87.617575903416 41.878310134581),POINT (1179172.7854412147 1899058.9750073226),2023,300 S LAKE SHORE DR NB
O1704688,DRIVER,b2fed9ed2c0dd515218250afc487b68d1b75f3fa2faa361ed1618ff0646590b39cb98ff67df89b5ce0613aedaef5c3289097b0618c9289711d208da5a31b63bd,1622580.0,F,39.0,NOT APPLICABLE,NONE,NO INDICATION OF INJURY,NONE,NOT OBSCURED,NORMAL,,,,,2023-11-16 14:46:00,45,CLEAR,DAYLIGHT,REAR TO FRONT,T-INTERSECTION,DRY,NO DEFECTS,NOT ON SCENE (DESK REPORT),NO INJURY / DRIVE AWAY,,"$501 - $1,500",11/16/2023 03:46:00 PM,IMPROPER BACKING,NOT APPLICABLE,,2,NO INDICATION OF INJURY,0.0,0.0,0.0,0.0,0.0,2.0,0.0,14,5,11,41.878310135,-87.617575903,POINT (-87.617575903416 41.878310134581),POINT (1179172.7854412147 1899058.9750073226),2023,300 S LAKE SHORE DR SB
O1683623,DRIVER,106f8af3219880ec63fe25204a33f8ce77834444e1958329af3d2a3c8fd08e4ae50b4490ad82f92b3d6d68320a73b6239bc97874b349ff3ad17b1c8701ae90d3,1602419.0,F,,DID NOT DEPLOY,NONE,NO INDICATION OF INJURY,NONE,NOT OBSCURED,NORMAL,,,,,2023-10-17 14:45:00,30,CLEAR,DAYLIGHT,REAR END,NOT DIVIDED,UNKNOWN,UNKNOWN,NOT ON SCENE (DESK REPORT),NO INJURY / DRIVE AWAY,Y,"$501 - $1,500",10/17/2023 03:00:00 PM,UNABLE TO DETERMINE,NOT APPLICABLE,,2,NO INDICATION OF INJURY,0.0,0.0,0.0,0.0,0.0,2.0,0.0,14,3,10,41.896905707,-87.746000199,POINT (-87.746000198786 41.896905706956),POINT (1144152.3656854422 1905569.6748303163),2023,900 N CICERO AVE
O1723357,PEDESTRIAN,cc793691a37f993fb06f85d9395c19ec7cb37be685afa8449d6ea625e3bd93e44eb1ea8f8f1c10b0b86920a424b5478bd30beb079c1ccbbf82771e3f010e12dd,,M,6.0,,,NONINCAPACITATING INJURY,OTHER,,OTHER,CROSSING - NO CONTROLS (NOT AT INTERSECTION),OTHER LIGHT SOURCE USED,IN CROSSWALK,Y,2023-12-15 08:07:00,25,CLEAR,DAYLIGHT,PEDESTRIAN,ONE-WAY,DRY,NO DEFECTS,ON SCENE,INJURY AND / OR TOW DUE TO CRASH,Y,$500 OR LESS,12/15/2023 08:38:00 AM,DRIVING SKILLS/KNOWLEDGE/EXPERIENCE,FAILING TO REDUCE SPEED TO AVOID CRASH,,2,NONINCAPACITATING INJURY,1.0,0.0,0.0,1.0,0.0,2.0,0.0,8,6,12,41.860784066,-87.709309996,POINT (-87.709309996425 41.860784066006),POINT (1154237.076572913 1892477.5210045993),2023,1500 S CHRISTIANA AVE
O1679286,DRIVER,0f47120deb62229dec06f91233798f358fbdebd9e32dee6b901a14c190f275dba735622677992239a940d061b2372d978f7e29d55da06104d2f833a983b72693,1598234.0,M,30.0,NOT APPLICABLE,NONE,NO INDICATION OF INJURY,NONE,NOT OBSCURED,NORMAL,,,,,2023-10-09 09:50:00,15,CLEAR,DAYLIGHT,PARKED MOTOR VEHICLE,PARKING LOT,DRY,NO DEFECTS,ON SCENE,NO INJURY / DRIVE AWAY,,"OVER $1,500",10/11/2023 11:40:00 AM,IMPROPER BACKING,NOT APPLICABLE,,2,NO INDICATION OF INJURY,0.0,0.0,0.0,0.0,0.0,1.0,0.0,9,2,10,41.783039509,-87.654735837,POINT (-87.654735836691 41.783039508624),POINT (1169327.1731895122 1864260.5429708587),2023,6104 S RACINE AVE
O1698397,DRIVER,680f238fc6b1129ecfb23d7634d15aca0073657497e2c9735dfa2628f3bd210e2a2482c1b6ca43ab61d8cffaf36726d3d423a5ae548123747b90720e63236eed,1616568.0,M,36.0,DID NOT DEPLOY,NONE,NO INDICATION OF INJURY,UNKNOWN,NOT OBSCURED,NORMAL,,,,,2023-11-06 18:30:00,30,CLEAR,"DARKNESS, LIGHTED ROAD",REAR END,NOT DIVIDED,DRY,NO DEFECTS,NOT ON SCENE (DESK REPORT),NO INJURY / DRIVE AWAY,,"$501 - $1,500",11/07/2023 08:50:00 AM,UNABLE TO DETERMINE,UNABLE TO DETERMINE,,2,NO INDICATION OF INJURY,0.0,0.0,0.0,0.0,0.0,2.0,0.0,18,2,11,41.940023766,-87.654050469,POINT (-87.654050469343 41.940023766318),POINT (1169061.4892688708 1921466.745640685),2023,998 W BELMONT AVE
O1620345,DRIVER,fb53e7b972a7f88a5f23bcab10cffd8973c73ae5106d7335dbf6c98dd5b5691f5effc6835db63bc56b5e17eca951e773dc2b81a935dc79f6934bb0662b7df107,1541901.0,M,25.0,DID NOT DEPLOY,NONE,NO INDICATION OF INJURY,FOLLOWED TOO CLOSELY,NOT OBSCURED,NORMAL,,,,,2023-07-18 09:15:00,30,CLEAR,DAYLIGHT,REAR END,NOT DIVIDED,DRY,NO DEFECTS,NOT ON SCENE (DESK REPORT),NO INJURY / DRIVE AWAY,,"$501 - $1,500",07/18/2023 09:30:00 AM,FOLLOWING TOO CLOSELY,FAILING TO REDUCE SPEED TO AVOID CRASH,,2,NO INDICATION OF INJURY,0.0,0.0,0.0,0.0,0.0,2.0,0.0,9,3,7,41.968941909,-87.657661362,POINT (-87.657661362037 41.968941909253),POINT (1167995.990683211 1931996.8586743905),2023,1101 W LAWRENCE AVE
O1505354,DRIVER,3759f81382d745d4dcd0bb59d13d0f820726fb4ee775ff2b38b13eb78a00efc21f2c639b6da6f564770e64911a6a67181ec2a43b09ae582044dffec68a39c29a,1431173.0,F,38.0,DEPLOYMENT UNKNOWN,UNKNOWN,NO INDICATION OF INJURY,FAILED TO YIELD,UNKNOWN,UNKNOWN,,,,,2023-01-26 08:25:00,10,SNOW,DAYLIGHT,TURNING,ALLEY,SNOW OR SLUSH,UNKNOWN,ON SCENE,INJURY AND / OR TOW DUE TO CRASH,,"OVER $1,500",01/26/2023 08:30:00 AM,FAILING TO YIELD RIGHT-OF-WAY,FAILING TO YIELD RIGHT-OF-WAY,,2,NO INDICATION OF INJURY,0.0,0.0,0.0,0.0,0.0,2.0,0.0,8,5,1,41.963516943,-87.669803678,POINT (-87.669803677877 41.963516943358),POINT (1164709.2354159001 1929994.1701326177),2023,1610 W SUNNYSIDE AVE
P345392,PASSENGER,899aa62317288a07511d78b0c1eee74cba228506b5d62cd525875dee5600f3b5133b049669ae7801974bed30a706d378b3275a48ae728dc16108bfc643af370f,1486817.0,M,,DEPLOYMENT UNKNOWN,UNKNOWN,NO INDICATION OF INJURY,,,,,,,,2023-04-26 14:33:00,30,UNKNOWN,UNKNOWN,REAR END,DIVIDED - W/MEDIAN (NOT RAISED),UNKNOWN,UNKNOWN,NOT ON SCENE (DESK REPORT),NO INJURY / DRIVE AWAY,,$500 OR LESS,04/26/2023 04:40:00 PM,UNABLE TO DETERMINE,NOT APPLICABLE,,2,NO INDICATION OF INJURY,0.0,0.0,0.0,0.0,0.0,4.0,0.0,14,4,4,41.774581906,-87.702888404,POINT (-87.702888404328 41.774581905903),POINT (1156216.8224001979 1861078.6903188725),2023,6525 S KEDZIE AVE
O1614159,DRIVER,b30be61b9406572b2bc75120e01ee7956f315a2445c219f697f2481f6e04db8584f896c7e3f950353778d82f846070280e5fb8a201df97be15cfa18e9b8e5cc5,1536000.0,M,60.0,DID NOT DEPLOY,NONE,NO INDICATION OF INJURY,NONE,NOT OBSCURED,NORMAL,,,,N,2023-07-08 22:37:00,30,CLEAR,"DARKNESS, LIGHTED ROAD",TURNING,FOUR WAY,DRY,NO DEFECTS,ON SCENE,NO INJURY / DRIVE AWAY,Y,"OVER $1,500",07/08/2023 10:42:00 PM,DISREGARDING TRAFFIC SIGNALS,DISREGARDING OTHER TRAFFIC SIGNS,,2,NO INDICATION OF INJURY,0.0,0.0,0.0,0.0,0.0,2.0,0.0,22,7,7,41.89485387,-87.750764972,POINT (-87.750764972015 41.894853869786),POINT (1142860.2205962117 1904813.1424905336),2023,5001 W CHICAGO AVE
O1517106,DRIVER,f7d6fbde08d928fed512b63438f47fababd1240e987fd042b1877abeeeeec06720aa842fa58004cffa3d51cafc532e724e52659b8e87324f93f604d363eb1f92,1442444.0,X,,DEPLOYMENT UNKNOWN,NONE,NO INDICATION OF INJURY,UNKNOWN,UNKNOWN,UNKNOWN,,,,,2023-02-12 08:45:00,30,CLEAR,DAYLIGHT,PARKED MOTOR VEHICLE,NOT DIVIDED,DRY,UNKNOWN,NOT ON SCENE (DESK REPORT),NO INJURY / DRIVE AWAY,Y,"$501 - $1,500",02/13/2023 07:35:00 PM,NOT APPLICABLE,NOT APPLICABLE,,2,NO INDICATION OF INJURY,0.0,0.0,0.0,0.0,0.0,1.0,0.0,8,1,2,41.751397605,-87.733082365,POINT (-87.73308236525 41.751397604604),POINT (1148039.7146957426 1852571.608501458),2023,7754 S KENNETH AVE
O1645089,DRIVER,2506fe8674764c1f9dbb955b2694dd0a867aae9eb5997e8b6761603c5fefa6018ceb8439030e4c7c16347475cd23c849c6fa9a7c754a0f9c7df78b6e266b4978,1565514.0,M,,DID NOT DEPLOY,NONE,NO INDICATION OF INJURY,OTHER,UNKNOWN,UNKNOWN,,,,,2023-08-23 15:00:00,30,CLEAR,DAYLIGHT,SIDESWIPE SAME DIRECTION,NOT DIVIDED,UNKNOWN,UNKNOWN,NOT ON SCENE (DESK REPORT),NO INJURY / DRIVE AWAY,,"$501 - $1,500",08/23/2023 03:50:00 PM,UNABLE TO DETERMINE,NOT APPLICABLE,,2,NO INDICATION OF INJURY,0.0,0.0,0.0,0.0,0.0,2.0,0.0,15,4,8,41.949756642,-87.757157285,POINT (-87.757157284573 41.949756642407),POINT (1140985.4173021412 1924808.009277091),2023,5200 W GRACE ST
O1548201,DRIVER,37c8d4d5a6b245d97709e641384c014cd540f9fe531ac4b6d9e1541bbac25a89aa088b33143135eb026628975872a7607464b3518f88048698f9a2101ce199e3,1472444.0,M,,DID NOT DEPLOY,NONE,NO INDICATION OF INJURY,NONE,NOT OBSCURED,NORMAL,,,,,2023-04-04 08:25:00,30,CLEAR,DAYLIGHT,ANGLE,NOT DIVIDED,WET,NO DEFECTS,NOT ON SCENE (DESK REPORT),NO INJURY / DRIVE AWAY,,"OVER $1,500",04/04/2023 08:45:00 AM,DISREGARDING STOP SIGN,NOT APPLICABLE,,2,NO INDICATION OF INJURY,0.0,0.0,0.0,0.0,0.0,3.0,0.0,8,3,4,41.892372496,-87.647459139,POINT (-87.647459139459 41.892372496102),POINT (1170993.659743848 1904116.8382503933),2023,601 N HALSTED ST
O1700701,DRIVER,7bdfcaafa71e8087b8c209431c8e54bf720ffad2b6c3727fadf4d15c5448a73673fad59db59f7f23dfa630637993fd8f3bb4ea3c8e332046c70a9f725c2ab17b,1618752.0,F,40.0,DEPLOYMENT UNKNOWN,NONE,NO INDICATION OF INJURY,OTHER,UNKNOWN,UNKNOWN,,,,,2023-11-07 15:15:00,30,CLEAR,DAYLIGHT,REAR END,NOT DIVIDED,DRY,NO DEFECTS,,NO INJURY / DRIVE AWAY,,"OVER $1,500",11/07/2023 04:37:00 PM,NOT APPLICABLE,NOT APPLICABLE,,2,NO INDICATION OF INJURY,0.0,0.0,0.0,0.0,0.0,3.0,0.0,15,3,11,41.807867035,-87.732595041,POINT (-87.732595041322 41.807867035013),POINT (1148028.9401389447 1873149.5495855457),2023,4340 W 47TH ST
P345563,PASSENGER,81110b040cf46280d5973bc44b20057c89671b4a53aac63e23e8b214bd3bc668f086fc78a744ad3fac3a950a61ac925e61689200bfb73f218e80c77be04d33dd,1487560.0,M,,"DEPLOYED, FRONT",NONE,NO INDICATION OF INJURY,,,,,,,,2023-04-27 15:25:00,30,CLEAR,DAYLIGHT,REAR END,NOT DIVIDED,DRY,NO DEFECTS,ON SCENE,INJURY AND / OR TOW DUE TO CRASH,,"$501 - $1,500",04/27/2023 04:00:00 PM,FOLLOWING TOO CLOSELY,NOT APPLICABLE,,2,NO INDICATION OF INJURY,0.0,0.0,0.0,0.0,0.0,3.0,0.0,15,5,4,41.931987211,-87.746757464,POINT (-87.746757463973 41.931987211444),POINT (1143858.7676402105 1918351.980870107),2023,2814 N CICERO AVE
P335054,PASSENGER,31688fde8ad97df0acce1e7237489507fdfd2aa8d9e70f24e56eaeea361c5070efec520ac3eda1511169e050cc001c8573993d8404ab0614b795c53e91c09503,1441282.0,F,14.0,DID NOT DEPLOY,NONE,"REPORTED, NOT EVIDENT",,,,,,,,2023-02-11 17:52:00,35,CLEAR,"DARKNESS, LIGHTED ROAD",REAR END,DIVIDED - W/MEDIAN (NOT RAISED),DRY,NO DEFECTS,ON SCENE,INJURY AND / OR TOW DUE TO CRASH,N,"OVER $1,500",02/11/2023 05:53:00 PM,FAILING TO REDUCE SPEED TO AVOID CRASH,UNABLE TO DETERMINE,,3,"REPORTED, NOT EVIDENT",3.0,0.0,0.0,0.0,3.0,2.0,0.0,17,7,2,41.749345343,-87.72175905,POINT (-87.721759050076 41.749345342805),POINT (1151134.8221192602 1851845.543315662),2023,7901 S PULASKI RD
O1701531,DRIVER,5cf3f7886dcadcc739aa3acadcf3628a90e016f84a02ecb941051e44ee68143bb0cb8f52fb951bbdd2af59f593e46becbf3688dc0c6842dccaa85c33df0dfbd4,1619535.0,M,41.0,NOT APPLICABLE,NONE,NO INDICATION OF INJURY,IMPROPER TURN,NOT OBSCURED,NORMAL,,,,,2023-11-11 21:35:00,30,CLEAR,DARKNESS,ANGLE,FOUR WAY,DRY,NO DEFECTS,NOT ON SCENE (DESK REPORT),NO INJURY / DRIVE AWAY,,"$501 - $1,500",11/11/2023 09:39:00 PM,UNABLE TO DETERMINE,UNABLE TO DETERMINE,,2,NO INDICATION OF INJURY,0.0,0.0,0.0,0.0,0.0,2.0,0.0,21,7,11,41.953852482,-87.700621403,POINT (-87.700621403224 41.953852481671),POINT (1156353.7470368377 1926409.0074229836),2023,2859 W IRVING PARK RD