PERSON_ID,PERSON_TYPE,CRASH_RECORD_ID,VEHICLE_ID,SEX,AGE,AIRBAG_DEPLOYED,EJECTION,INJURY_CLASSIFICATION,DRIVER_ACTION,DRIVER_VISION,PHYSICAL_CONDITION,PEDPEDAL_ACTION,PEDPEDAL_VISIBILITY,PEDPEDAL_LOCATION,CRASH_DATE_EST_I,CRASH_DATE,POSTED_SPEED_LIMIT,WEATHER_CONDITION,LIGHTING_CONDITION,FIRST_CRASH_TYPE,TRAFFICWAY_TYPE,ROADWAY_SURFACE_COND,ROAD_DEFECT,REPORT_TYPE,CRASH_TYPE,HIT_AND_RUN_I,DAMAGE,DATE_POLICE_NOTIFIED,PRIM_CONTRIBUTORY_CAUSE,SEC_CONTRIBUTORY_CAUSE,DOORING_I,NUM_UNITS,MOST_SEVERE_INJURY,INJURIES_TOTAL,INJURIES_FATAL,INJURIES_INCAPACITATING,INJURIES_NON_INCAPACITATING,INJURIES_REPORTED_NOT_EVIDENT,INJURIES_NO_INDICATION,INJURIES_UNKNOWN,CRASH_HOUR,CRASH_DAY_OF_WEEK,CRASH_MONTH,LATITUDE,LONGITUDE,LOCATION,geometry,YEAR,ADDRESS
P379215,PASSENGER,06db3a0d8061e0c8391204dffbc06e9cd703ea956fcd57522f5a5698b1f5cf567b32a9158fe12e029a91120aefbc12934ee5c31c58ee42386aed0800807ab51d,1632015.0,M,,DEPLOYMENT UNKNOWN,NONE,NO INDICATION OF INJURY,,,,,,,,2023-12-02 02:17:00,30,FREEZING RAIN/DRIZZLE,DARKNESS,SIDESWIPE OPPOSITE DIRECTION,FOUR WAY,WET,NO DEFECTS,ON SCENE,INJURY AND / OR TOW DUE TO CRASH,Y,"OVER $1,500",12/02/2023 02:48:00 AM,UNABLE TO DETERMINE,NOT APPLICABLE,,2,"REPORTED, NOT EVIDENT",1.0,0.0,0.0,0.0,1.0,5.0,0.0,2,7,12,41.806668456,-87.716127546,POINT (-87.716127545644 41.806668456251),POINT (1152521.620054979 1872744.6060404873),2023,4781 S ARCHER AVE
O1522572,DRIVER,92b1334e6887aa0459763ccc5da741a81da7711a23706c4d25e93b12abb0f6242242e942e1156c41e84464d73e86d57dd2bbce002499cc284ce9816927348c69,1447688.0,M,78.0,NOT APPLICABLE,NONE,NO INDICATION OF INJURY,NONE,NOT OBSCURED,NORMAL,,,,,2023-02-22 16:15:00,30,RAIN,DAYLIGHT,SIDESWIPE SAME DIRECTION,NOT DIVIDED,WET,NO DEFECTS,NOT ON SCENE (DESK REPORT),NO INJURY / DRIVE AWAY,Y,"OVER $1,500",02/22/2023 05:35:00 PM,UNABLE TO DETERMINE,NOT APPLICABLE,,2,NO INDICATION OF INJURY,0.0,0.0,0.0,0.0,0.0,2.0,0.0,16,4,2,41.802354045,-87.588742304,POINT (-87.588742304069 41.802354045214),POINT (1187265.0600295863 1871447.6013317301),2023,1511 E HYDE PARK BLVD
O1530402,DRIVER,05d4b95d4276e88116827d311ae0ad304abb8097df6dca838a97b39d49557b10b74940a8587dfb04f8d2d0334d70478b9b8ea0bba0f23d5485c10840deec2db6,1455250.0,M,,DEPLOYMENT UNKNOWN,NONE,NO INDICATION OF INJURY,UNKNOWN,UNKNOWN,UNKNOWN,,,,,2023-03-06 18:00:00,30,CLEAR,"DARKNESS, LIGHTED ROAD",PARKED MOTOR VEHICLE,NOT DIVIDED,DRY,NO DEFECTS,ON SCENE,NO INJURY / DRIVE AWAY,Y,"$501 - $1,500",03/06/2023 06:07:00 PM,UNABLE TO DETERMINE,UNABLE TO DETERMINE,,2,NO INDICATION OF INJURY,0.0,0.0,0.0,0.0,0.0,1.0,0.0,18,2,3,41.907510408,-87.761279846,POINT (-87.761279846253 41.907510407693),POINT (1139966.6736909603 1909405.9162409264),2023,5409 W LE MOYNE ST
O1733080,DRIVER,16650c275ed03e24a54d9091643b036d8af3a333601015a295baca5f9fec0d8b99005493e5e0b0280ed7558f96336813a1afbee7d450c288f09facab567c4d98,1649868.0,F,0.0,DID NOT DEPLOY,NONE,NO INDICATION OF INJURY,NONE,NOT OBSCURED,NORMAL,,,,,2023-12-31 10:40:00,30,SNOW,DAYLIGHT,REAR END,NOT DIVIDED,WET,NO DEFECTS,NOT ON SCENE (DESK REPORT),NO INJURY / DRIVE AWAY,Y,"OVER $1,500",12/31/2023 02:10:00 PM,UNABLE TO DETERMINE,NOT APPLICABLE,,2,NO INDICATION OF INJURY,0.0,0.0,0.0,0.0,0.0,3.0,0.0,10,1,12,41.783160956,-87.66878535,POINT (-87.668785349934 41.783160956029),POINT (1165495.01973806 1864274.8699202326),2023,1750 W 61ST ST
O1552845,DRIVER,8513095e6d3abe2fe8c56957c00d594e211ebe208132a2eb91786cfa8a2b4aa8b07fd042571f1cab4b186f5f53ed1e5b4701ee9a613b00f350e7953aa239ffd2,1476935.0,M,62.0,NOT APPLICABLE,NONE,NO INDICATION OF INJURY,UNKNOWN,UNKNOWN,NORMAL,,,,,2023-04-11 17:30:00,30,CLEAR,DAYLIGHT,SIDESWIPE SAME DIRECTION,NOT DIVIDED,DRY,UNKNOWN,ON SCENE,INJURY AND / OR TOW DUE TO CRASH,,"OVER $1,500",04/11/2023 06:22:00 PM,UNABLE TO DETERMINE,UNABLE TO DETERMINE,,2,NONINCAPACITATING INJURY,1.0,0.0,0.0,1.0,0.0,2.0,0.0,17,3,4,41.932222157,-87.726843679,POINT (-87.726843678834 41.932222156728),POINT (1149276.7746619007 1918475.2963667975),2023,2815 N PULASKI RD
P364444,PASSENGER,dec551d229ba153aa84ed80c7d28c9f595e821fa4f8e32f4a09e6ec612f96e775835834f378c8df08d7265fd078f2401c99a92d7c326241e246965702413386f,1567198.0,F,,NOT APPLICABLE,NONE,NO INDICATION OF INJURY,,,,,,,,2023-08-25 22:04:00,30,CLEAR,"DARKNESS, LIGHTED ROAD",REAR TO FRONT,ONE-WAY,DRY,NO DEFECTS,NOT ON SCENE (DESK REPORT),NO INJURY / DRIVE AWAY,,"OVER $1,500",08/25/2023 10:06:00 PM,IMPROPER BACKING,NOT APPLICABLE,,2,NO INDICATION OF INJURY,0.0,0.0,0.0,0.0,0.0,4.0,0.0,22,6,8,41.754238942,-87.635751947,POINT (-87.635751947126 41.754238941682),POINT (1174589.887457192 1853807.2747291944),2023,7704 S EGGLESTON AVE
O1585384,DRIVER,738cbe3008119905bd57a6a1656d4dd1bca4c61a7e55c7afc1f19c7ac34ac16e8b6c9b0427ce676e0b90a9d4189fbcda30159225f03a7460272cd9ffa99e1b96,1508439.0,F,66.0,DID NOT DEPLOY,NONE,NO INDICATION OF INJURY,NONE,NOT OBSCURED,NORMAL,,,,,2023-05-28 06:42:00,30,CLEAR,DAYLIGHT,TURNING,DIVIDED - W/MEDIAN (NOT RAISED),DRY,NO DEFECTS,ON SCENE,INJURY AND / OR TOW DUE TO CRASH,,"OVER $1,500",05/28/2023 06:42:00 AM,DRIVING SKILLS/KNOWLEDGE/EXPERIENCE,DRIVING SKILLS/KNOWLEDGE/EXPERIENCE,,2,NONINCAPACITATING INJURY,1.0,0.0,0.0,1.0,0.0,1.0,0.0,6,1,5,41.704712674,-87.555084637,POINT (-87.555084636505 41.704712673788),POINT (1196763.8395480977 1835949.1623779917),2023,10454 S MUSKEGON AVE
O1548141,DRIVER,ccb1437b0fca33ecf5031fbcba464e7430eadcb94160c4e71e650655efec9db561b41dda5e6c0ef3591a975865b5ee728a6684cffdaf53a221bb8bf46f9a8be9,1472378.0,X,,DEPLOYMENT UNKNOWN,UNKNOWN,NO INDICATION OF INJURY,UNKNOWN,UNKNOWN,UNKNOWN,,,,Y,2023-04-01 08:30:00,30,CLEAR,DAYLIGHT,PARKED MOTOR VEHICLE,DIVIDED - W/MEDIAN BARRIER,DRY,NO DEFECTS,NOT ON SCENE (DESK REPORT),NO INJURY / DRIVE AWAY,Y,"$501 - $1,500",04/03/2023 09:25:00 PM,UNABLE TO DETERMINE,UNABLE TO DETERMINE,,2,NO INDICATION OF INJURY,0.0,0.0,0.0,0.0,0.0,1.0,0.0,8,7,4,41.80651311,-87.616367961,POINT (-87.616367960645 41.806513109584),POINT (1179720.151125875 1872899.1015966448),2023,4835 S DR MARTIN LUTHER KING JR DR
O1614081,DRIVER,a62d9bf76a5e3e8bf8a6a38fe4c68581deedbee9d22c82faeca0c851080409eb7c990a6e3299e0714e1932b5c6ab69ff0589d256b00e93f85e99fd4a19c0aae7,1535931.0,M,45.0,NOT APPLICABLE,NONE,NO INDICATION OF INJURY,NONE,NOT OBSCURED,UNKNOWN,,,,,2023-07-07 19:45:00,35,UNKNOWN,DUSK,REAR TO SIDE,PARKING LOT,UNKNOWN,UNKNOWN,NOT ON SCENE (DESK REPORT),NO INJURY / DRIVE AWAY,,$500 OR LESS,07/08/2023 08:10:00 PM,IMPROPER BACKING,NOT APPLICABLE,,2,NO INDICATION OF INJURY,0.0,0.0,0.0,0.0,0.0,2.0,0.0,19,6,7,41.893251198,-87.632493012,POINT (-87.632493012229 41.893251198465),POINT (1175065.9090581124 1904469.9659039595),2023,631 N LA SALLE DR
O1607644,DRIVER,15a5a169b8861e20cef02a28e7f70c5a4a7cc04de120086ec4ae11be4339534e0e7111d053be3c43fb852d7c310ab3da54172920b687f839762bff73934f5599,1529814.0,M,0.0,DID NOT DEPLOY,NONE,NO INDICATION OF INJURY,IMPROPER PARKING,UNKNOWN,NORMAL,,,,,2023-06-29 08:37:00,30,CLEAR,DAYLIGHT,SIDESWIPE SAME DIRECTION,DIVIDED - W/MEDIAN (NOT RAISED),DRY,NO DEFECTS,ON SCENE,INJURY AND / OR TOW DUE TO CRASH,,"$501 - $1,500",06/29/2023 08:56:00 AM,IMPROPER BACKING,FAILING TO YIELD RIGHT-OF-WAY,,2,NO INDICATION OF INJURY,0.0,0.0,0.0,0.0,0.0,2.0,0.0,8,5,6,41.875338736,-87.629081368,POINT (-87.629081367949 41.875338736185),POINT (1176048.3601739926 1897950.2795121025),2023,515 S DEARBORN ST
O1687719,DRIVER,7a338bb7ced6c32729ced285276c126c3b05b9239f7bdcec88d53e936edf35e16a32cd9e82b9ac247928bccc800bbd39d09a6d87fc8f60a0fc6ac84051ddc14c,1606362.0,X,,DEPLOYMENT UNKNOWN,NONE,NO INDICATION OF INJURY,NONE,UNKNOWN,UNKNOWN,,,,,2023-10-23 08:40:00,30,CLOUDY/OVERCAST,DAYLIGHT,PARKED MOTOR VEHICLE,DIVIDED - W/MEDIAN (NOT RAISED),DRY,NO DEFECTS,NOT ON SCENE (DESK REPORT),NO INJURY / DRIVE AWAY,Y,"OVER $1,500",10/23/2023 11:32:00 AM,UNABLE TO DETERMINE,UNABLE TO DETERMINE,,2,NO INDICATION OF INJURY,0.0,0.0,0.0,0.0,0.0,1.0,0.0,8,2,10,41.929457826,-87.643245146,POINT (-87.643245146482 41.929457826118),POINT (1172032.2851621215 1917639.9710017764),2023,607 W WRIGHTWOOD AVE
P369058,PASSENGER,babeb2d2f2efd81afc8f104f9c84fcbb3e22ee99022a482f7c07b1123979a26b3a3f51407ab193836329ae4e7d0fb3060a0a74e675ef740942f667fef015c91c,1586819.0,F,76.0,DID NOT DEPLOY,NONE,NO INDICATION OF INJURY,,,,,,,,2023-09-23 15:15:00,30,CLEAR,DAYLIGHT,REAR END,DIVIDED - W/MEDIAN (NOT RAISED),DRY,NO DEFECTS,ON SCENE,NO INJURY / DRIVE AWAY,,"OVER $1,500",09/23/2023 03:40:00 PM,PHYSICAL CONDITION OF DRIVER,PHYSICAL CONDITION OF DRIVER,,2,NO INDICATION OF INJURY,0.0,0.0,0.0,0.0,0.0,5.0,0.0,15,7,9,41.946975855,-87.678434358,POINT (-87.678434358031 41.946975855271),POINT (1162408.0131661964 1923948.4800592219),2023,1958 W ADDISON ST
O1503318,DRIVER,0267b001f35b96d17e9e0de1afe40c15c80623a22c90c66d192992ebd069fc6aefadf7e62908102f6587a387e39dcc66b2aa3670dc62f513a10ed238625713ef,1429229.0,M,32.0,DEPLOYMENT UNKNOWN,NONE,NO INDICATION OF INJURY,UNKNOWN,NOT OBSCURED,NORMAL,,,,,2023-01-22 18:22:00,40,SNOW,"DARKNESS, LIGHTED ROAD",SIDESWIPE SAME DIRECTION,DIVIDED - W/MEDIAN BARRIER,WET,NO DEFECTS,ON SCENE,INJURY AND / OR TOW DUE TO CRASH,,"OVER $1,500",01/22/2023 06:22:00 PM,WEATHER,NOT APPLICABLE,,2,NO INDICATION OF INJURY,0.0,0.0,0.0,0.0,0.0,3.0,0.0,18,1,1,41.900958919,-87.619928174,POINT (-87.619928173678 41.900958919109),POINT (1178463.5679459986 1907306.8564226741),2023,1000 N LAKE SHORE DR SB
O1504608,DRIVER,0f33bf08584631ddbd34e442354e354c8a49a44411bbabd667112f1b4bed57a9e0e3d06ea347fb2469ae7b951ac6cf8cbd814d93e805db6a56e8e60a7cce7c91,1430465.0,M,53.0,DID NOT DEPLOY,NONE,NO INDICATION OF INJURY,TOO FAST FOR CONDITIONS,UNKNOWN,NORMAL,,,,,2023-01-25 06:00:00,30,SNOW,"DARKNESS, LIGHTED ROAD",PARKED MOTOR VEHICLE,NOT DIVIDED,SNOW OR SLUSH,NO DEFECTS,ON SCENE,NO INJURY / DRIVE AWAY,,"OVER $1,500",01/25/2023 06:36:00 AM,WEATHER,NOT APPLICABLE,,3,NO INDICATION OF INJURY,0.0,0.0,0.0,0.0,0.0,1.0,0.0,6,4,1,41.908935384,-87.661858915,POINT (-87.661858914878 41.908935384439),POINT (1167025.7578097587 1910121.3474157397),2023,1365 W LE MOYNE ST
O1718318,DRIVER,32a20ce3afad8aca56392e94be9e7ddfe6edc6fa9386b5a9eca400612f58566867fa00f0f428834765c4aef5daeda2528eebdbaadbaa144d90daea4bb4487e74,1635656.0,M,,DEPLOYMENT UNKNOWN,NONE,NO INDICATION OF INJURY,OTHER,UNKNOWN,UNKNOWN,,,,,2023-12-07 08:30:00,30,CLEAR,DAYLIGHT,REAR TO FRONT,ALLEY,DRY,NO DEFECTS,NOT ON SCENE (DESK REPORT),NO INJURY / DRIVE AWAY,,"OVER $1,500",12/07/2023 08:02:00 PM,NOT APPLICABLE,NOT APPLICABLE,,2,NO INDICATION OF INJURY,0.0,0.0,0.0,0.0,0.0,2.0,0.0,8,5,12,41.790406677,-87.701173483,POINT (-87.701173483033 41.790406676734),POINT (1156642.2108875124 1866848.5520099022),2023,5644 S ALBANY AVE
O1536149,DRIVER,5f50695f094901305c538021aebcc510ade73add5bb89641c93ca132198ca65e00d63a4adf36512e8b9bf73a8228a77fb132d9b9e76d2c0eb5f440de922e5775,1460770.0,F,66.0,DEPLOYMENT UNKNOWN,NONE,NO INDICATION OF INJURY,UNKNOWN,UNKNOWN,UNKNOWN,,,,,2023-03-15 17:30:00,30,UNKNOWN,UNKNOWN,TURNING,T-INTERSECTION,UNKNOWN,UNKNOWN,NOT ON SCENE (DESK REPORT),NO INJURY / DRIVE AWAY,,"$501 - $1,500",03/15/2023 07:00:00 PM,UNABLE TO DETERMINE,NOT APPLICABLE,,2,NO INDICATION OF INJURY,0.0,0.0,0.0,0.0,0.0,2.0,0.0,17,4,3,42.005498719,-87.669716744,POINT (-87.669716744126 42.005498718907),POINT (1164614.3455170977 1945292.7411153864),2023,1546 W PRATT BLVD
O1559715,DRIVER,101c1104b2b65ab221f2ad7b158aa4856b95f7f732d8f0b0840b66b6c63328f7ace94cb502a15d2884308f166dd64f1eec908b0af8b95a58c8072459b44e48c8,1483561.0,M,65.0,DID NOT DEPLOY,NONE,NO INDICATION OF INJURY,UNKNOWN,UNKNOWN,UNKNOWN,,,,,2023-04-21 14:55:00,30,UNKNOWN,UNKNOWN,ANGLE,UNKNOWN,UNKNOWN,UNKNOWN,NOT ON SCENE (DESK REPORT),NO INJURY / DRIVE AWAY,,"OVER $1,500",04/21/2023 03:30:00 PM,UNABLE TO DETERMINE,NOT APPLICABLE,,2,NO INDICATION OF INJURY,0.0,0.0,0.0,0.0,0.0,3.0,0.0,14,6,4,41.953272751,-87.767150151,POINT (-87.767150151314 41.953272751035),POINT (1138258.6141297785 1926071.1728846333),2023,4000 N CENTRAL AVE
O1575515,DRIVER,a8c38abb30e68a522b68b7281bf3f8bc1ad7091e8a8b528b379ebc51612f06a028c39dab65c9cdc85cbb41f9904b8d5f0572ffef8a6edc09c504b8f81642ba20,1498897.0,F,21.0,NOT APPLICABLE,NONE,NO INDICATION OF INJURY,UNKNOWN,UNKNOWN,NORMAL,,,,,2023-05-14 04:30:00,30,CLEAR,"DARKNESS, LIGHTED ROAD",ANGLE,FOUR WAY,DRY,NO DEFECTS,ON SCENE,INJURY AND / OR TOW DUE TO CRASH,,"OVER $1,500",05/14/2023 04:35:00 AM,UNABLE TO DETERMINE,UNABLE TO DETERMINE,,2,NO INDICATION OF INJURY,0.0,0.0,0.0,0.0,0.0,3.0,0.0,4,1,5,41.735954599,-87.645361594,POINT (-87.645361594251 41.735954599279),POINT (1172021.0829795545 1847123.5178575187),2023,8702 S VINCENNES AVE
O1665028,DRIVER,24dbfc09f7a0a6da9576fbffbd5697a9c958b08e09ee4d45e40fb4aac0e2de17b3ea937fa26af5445fa14b898bdf09dff1f4590f4a23a801d9303583ab170ede,1584658.0,M,,DID NOT DEPLOY,NONE,NO INDICATION OF INJURY,NONE,NOT OBSCURED,NORMAL,,,,,2023-09-20 09:10:00,30,CLEAR,DAYLIGHT,REAR TO FRONT,NOT DIVIDED,DRY,NO DEFECTS,NOT ON SCENE (DESK REPORT),NO INJURY / DRIVE AWAY,,$500 OR LESS,09/20/2023 12:00:00 PM,UNABLE TO DETERMINE,NOT APPLICABLE,,2,NO INDICATION OF INJURY,0.0,0.0,0.0,0.0,0.0,2.0,0.0,9,4,9,41.924483736,-87.719289246,POINT (-87.719289246482 41.924483736241),POINT (1151352.550431034 1915670.0354997357),2023,2371 N LAWNDALE AVE
P351390,PASSENGER,e812081a7e4b64bdbda86ee7b7a2f5d2dc5e0edd4487356e114572c42e735d4ffe136bee1d9127437a9675877639437b649191d20232204b2b2ad841b1636296,1512345.0,F,,NOT APPLICABLE,NONE,NO INDICATION OF INJURY,,,,,,,,2023-06-02 17:51:00,30,CLEAR,DAYLIGHT,PARKED MOTOR VEHICLE,NOT DIVIDED,UNKNOWN,UNKNOWN,ON SCENE,NO INJURY / DRIVE AWAY,,"$501 - $1,500",06/02/2023 06:30:00 PM,FOLLOWING TOO CLOSELY,NOT APPLICABLE,,2,NO INDICATION OF INJURY,0.0,0.0,0.0,0.0,0.0,2.0,0.0,17,6,6,41.807970624,-87.724571464,POINT (-87.724571464106 41.807970624154),POINT (1150216.1453374529 1873202.6890188863),2023,4020 W 47TH ST
O1504588,DRIVER,bdc2989819464351bed137221b14c22baaeefb3b5e171d42e5b14506e13d76063ca5d3a265b7b7e43458aa219abf01328928413f1e3370ab7f9d74f1333eb295,1430438.0,M,30.0,"DEPLOYED, COMBINATION",NONE,NO INDICATION OF INJURY,TOO FAST FOR CONDITIONS,UNKNOWN,IMPAIRED - ALCOHOL,,,,,2023-01-25 01:25:00,25,SNOW,"DARKNESS, LIGHTED ROAD",PARKED MOTOR VEHICLE,ONE-WAY,WET,NO DEFECTS,ON SCENE,INJURY AND / OR TOW DUE TO CRASH,,"OVER $1,500",01/25/2023 01:29:00 AM,UNDER THE INFLUENCE OF ALCOHOL/DRUGS (USE WHEN ARREST IS EFFECTED),FAILING TO REDUCE SPEED TO AVOID CRASH,,6,NO INDICATION OF INJURY,0.0,0.0,0.0,0.0,0.0,1.0,0.0,1,4,1,41.93726235,-87.72565253,POINT (-87.725652529704 41.937262350094),POINT (1149587.8710963223 1920314.2473750815),2023,3958 W BARRY AVE
P375775,PASSENGER,97573319a1f3685b9a235f370402940e2cee4e67b4dfc8df8536061a95cb9009a2b8f12f611c99bffa6ec8b41c1253987af5bb296e94efa22733853cbbdb6da6,1616577.0,M,7.0,NOT APPLICABLE,NONE,NO INDICATION OF INJURY,,,,,,,,2023-11-07 08:20:00,30,CLEAR,DAYLIGHT,SIDESWIPE SAME DIRECTION,DIVIDED - W/MEDIAN (NOT RAISED),DRY,NO DEFECTS,ON SCENE,NO INJURY / DRIVE AWAY,,"OVER $1,500",11/07/2023 08:24:00 AM,FAILING TO YIELD RIGHT-OF-WAY,UNABLE TO DETERMINE,,2,NO INDICATION OF INJURY,0.0,0.0,0.0,0.0,0.0,3.0,0.0,8,3,11,41.83163488,-87.684300313,POINT (-87.684300312876 41.831634880385),POINT (1161130.1455087678 1881906.1652675888),2023,3415 S WESTERN BLVD
O1712480,DRIVER,fe68e526957900cac9256c8c99fa507026073a64cdec0bbba3eb08af8dfe20f969927a7f9f2a0d724bf71604840f41c67d93f7d8f00ac85941f60c308bba4742,1630095.0,M,,DEPLOYMENT UNKNOWN,UNKNOWN,NO INDICATION OF INJURY,IMPROPER LANE CHANGE,UNKNOWN,UNKNOWN,,,,,2023-11-28 14:30:00,30,UNKNOWN,UNKNOWN,SIDESWIPE SAME DIRECTION,NOT DIVIDED,UNKNOWN,UNKNOWN,NOT ON SCENE (DESK REPORT),NO INJURY / DRIVE AWAY,,"OVER $1,500",11/29/2023 04:00:00 PM,UNABLE TO DETERMINE,UNABLE TO DETERMINE,,2,NO INDICATION OF INJURY,0.0,0.0,0.0,0.0,0.0,2.0,0.0,14,3,11,41.895942562,-87.66857215,POINT (-87.668572150137 41.895942561544),POINT (1165235.0906830872 1905372.5251534677),2023,1631 W CHICAGO AVE
O1626545,DRIVER,b6e497a68b9cdf7b0749e4ceb388377576d3d6baa8de85fb29209fc4549f4e3034f2b3bb1720c564b545d422e3e6e81a584f740b674fac65160c359ef6025f37,1547821.0,M,32.0,NOT APPLICABLE,NONE,NO INDICATION OF INJURY,NONE,NOT OBSCURED,NORMAL,,,,,2023-07-27 15:26:00,30,CLEAR,DAYLIGHT,REAR END,NOT DIVIDED,DRY,NO DEFECTS,NOT ON SCENE (DESK REPORT),NO INJURY / DRIVE AWAY,,"$501 - $1,500",07/27/2023 03:41:00 PM,NOT APPLICABLE,NOT APPLICABLE,,2,NO INDICATION OF INJURY,0.0,0.0,0.0,0.0,0.0,3.0,0.0,15,5,7,41.778774443,-87.708481114,POINT (-87.708481114386 41.778774443098),POINT (1154680.1882717442 1862595.28397468),2023,3411 W 63RD ST
O1727194,DRIVER,ecf1d3f521efebdd3e54bc41a31dfde83750daa2edc1ece4153fb553f1e58c12b170149c5aad93482b3408b1a4fea74d8cbf1bc388a3fbc4746bcdd32c4ea5b0,1644210.0,X,,DEPLOYMENT UNKNOWN,NONE,NO INDICATION OF INJURY,IMPROPER TURN,UNKNOWN,UNKNOWN,,,,,2023-12-21 10:00:00,30,CLEAR,DAYLIGHT,TURNING,FOUR WAY,DRY,UNKNOWN,NOT ON SCENE (DESK REPORT),NO INJURY / DRIVE AWAY,Y,"OVER $1,500",12/21/2023 10:20:00 AM,UNABLE TO DETERMINE,NOT APPLICABLE,,2,NO INDICATION OF INJURY,0.0,0.0,0.0,0.0,0.0,2.0,0.0,10,5,12,41.772820016,-87.629879032,POINT (-87.629879031741 41.772820015711),POINT (1176136.990561246 1860591.1158551027),2023,168 W MARQUETTE RD
O1682729,DRIVER,72a2518bae023437091a2bcf86099bcb5a87dde0b2a5d25f6df4ef993bde40ed6a0b88accba3dfe26a303328535f82a5cae0e9393c7a4139a64ee8b12e143e8d,1601567.0,M,,DEPLOYMENT UNKNOWN,NONE,NO INDICATION OF INJURY,DISREGARDED CONTROL DEVICES,UNKNOWN,UNKNOWN,,,,,2023-10-16 07:15:00,30,RAIN,DAYLIGHT,TURNING,NOT DIVIDED,WET,NO DEFECTS,NOT ON SCENE (DESK REPORT),NO INJURY / DRIVE AWAY,Y,"OVER $1,500",10/16/2023 08:41:00 AM,UNABLE TO DETERMINE,NOT APPLICABLE,,2,NO INDICATION OF INJURY,0.0,0.0,0.0,0.0,0.0,2.0,0.0,7,2,10,41.911672357,-87.736312056,POINT (-87.736312056008 41.911672356702),POINT (1146752.5385715715 1910968.845837613),2023,1700 N KOSTNER AVE
O1561653,DRIVER,497505b490033081f977df0a988c954f5fd84f9bbf662332a440db2dae179c3567601c1554ee9c67cbaf74ff9cebed20edc3012e08b0ea89d80e5f25a4a04528,1485477.0,M,60.0,DID NOT DEPLOY,NONE,NO INDICATION OF INJURY,NONE,UNKNOWN,NORMAL,,,,,2023-04-24 16:33:00,30,CLEAR,DAYLIGHT,ANGLE,NOT DIVIDED,DRY,NO DEFECTS,NOT ON SCENE (DESK REPORT),NO INJURY / DRIVE AWAY,,$500 OR LESS,04/24/2023 04:50:00 PM,FAILING TO YIELD RIGHT-OF-WAY,UNABLE TO DETERMINE,,2,NO INDICATION OF INJURY,0.0,0.0,0.0,0.0,0.0,3.0,0.0,16,2,4,41.78120045,-87.664406539,POINT (-87.66440653932 41.781200449899),POINT (1166694.8352528866 1863569.73600585),2023,6200 S ASHLAND AVE
O1629975,DRIVER,3efc6fc2cf2b4907c1ba91518a56d145924a4f00f253e79d8c7b1e9e4918caa50f9a48bf46f94e60da38fdc1b2a28b6f6f075d19deb29744e6afffb2d64c0f98,1551091.0,M,,DEPLOYMENT UNKNOWN,NONE,NO INDICATION OF INJURY,NONE,UNKNOWN,UNKNOWN,,,,,2023-08-01 13:00:00,30,CLEAR,DAYLIGHT,REAR END,NOT DIVIDED,DRY,UNKNOWN,NOT ON SCENE (DESK REPORT),NO INJURY / DRIVE AWAY,,"OVER $1,500",08/01/2023 02:25:00 PM,DISTRACTION - FROM INSIDE VEHICLE,UNABLE TO DETERMINE,,2,NO INDICATION OF INJURY,0.0,0.0,0.0,0.0,0.0,2.0,0.0,13,3,8,41.692895562,-87.642538258,POINT (-87.642538257955 41.692895561667),POINT (1172917.556955582 1831439.4625722207),2023,11042 S HALSTED ST
O1617997,DRIVER,5fcc5990b864017b7f8e0beadd0089930b00710fc6c20e7b0cd0e57f30eaf2aca3b65e2e51a554a1c12a68c0cd8a36561b6368421f6e04efacc72d2f3ba65934,1539637.0,M,,DID NOT DEPLOY,NONE,NO INDICATION OF INJURY,NONE,NOT OBSCURED,NORMAL,,,,,2023-05-12 10:45:00,30,CLEAR,DAYLIGHT,TURNING,ONE-WAY,WET,NO DEFECTS,,NO INJURY / DRIVE AWAY,,"OVER $1,500",05/12/2023 11:15:00 AM,IMPROPER LANE USAGE,NOT APPLICABLE,N,2,NO INDICATION OF INJURY,0.0,0.0,0.0,0.0,0.0,2.0,0.0,10,6,5,41.89097123,-87.624276946,POINT (-87.624276945562 41.890971229645),POINT (1177309.753709081 1903657.5245126085),2023,500 N MICHIGAN AVE
O1591902,DRIVER,0275349a51a9ed65d7881b698853b58a224d57ea88945028e1042476f3d05f2bcc05f78c822aa003f0afcf5f2f4a1edc2a326f6d054432646dbee8bd18cf74ae,1514730.0,F,32.0,DID NOT DEPLOY,NONE,NO INDICATION OF INJURY,NONE,NOT OBSCURED,NORMAL,,,,,2023-06-06 08:30:00,35,CLEAR,DAYLIGHT,REAR END,DIVIDED - W/MEDIAN (NOT RAISED),DRY,NO DEFECTS,ON SCENE,INJURY AND / OR TOW DUE TO CRASH,,"OVER $1,500",06/06/2023 08:36:00 AM,FOLLOWING TOO CLOSELY,EQUIPMENT - VEHICLE CONDITION,,2,NO INDICATION OF INJURY,0.0,0.0,0.0,0.0,0.0,2.0,0.0,8,3,6,41.703367435,-87.623559829,POINT (-87.623559828756 41.703367434839),POINT (1178069.464540776 1835297.4263217023),2023,10500 S STATE ST
O1510477,DRIVER,c9863aa8d1f0dce479f80b4db59156e31df615b1221d4bc43c40dc042a79a29d10e2c76c68aaa51b29f69088f113bcbfaad37cf09211b5e5bc2cd5d672e51082,1436095.0,F,32.0,DID NOT DEPLOY,NONE,NO INDICATION OF INJURY,NONE,UNKNOWN,UNKNOWN,,,,,2023-02-02 15:40:00,30,CLEAR,DAYLIGHT,REAR TO SIDE,ONE-WAY,DRY,UNKNOWN,NOT ON SCENE (DESK REPORT),NO INJURY / DRIVE AWAY,,"$501 - $1,500",02/02/2023 04:35:00 PM,IMPROPER BACKING,IMPROPER BACKING,,2,NO INDICATION OF INJURY,0.0,0.0,0.0,0.0,0.0,3.0,0.0,15,5,2,41.760977886,-87.576041059,POINT (-87.576041058723 41.760977885796),POINT (1190860.9029835276 1856400.6515271114),2023,7351 S JEFFERY BLVD