PERSON_ID,PERSON_TYPE,CRASH_RECORD_ID,VEHICLE_ID,SEX,AGE,AIRBAG_DEPLOYED,EJECTION,INJURY_CLASSIFICATION,DRIVER_ACTION,DRIVER_VISION,PHYSICAL_CONDITION,PEDPEDAL_ACTION,PEDPEDAL_VISIBILITY,PEDPEDAL_LOCATION,CRASH_DATE_EST_I,CRASH_DATE,POSTED_SPEED_LIMIT,WEATHER_CONDITION,LIGHTING_CONDITION,FIRST_CRASH_TYPE,TRAFFICWAY_TYPE,ROADWAY_SURFACE_COND,ROAD_DEFECT,REPORT_TYPE,CRASH_TYPE,HIT_AND_RUN_I,DAMAGE,DATE_POLICE_NOTIFIED,PRIM_CONTRIBUTORY_CAUSE,SEC_CONTRIBUTORY_CAUSE,DOORING_I,NUM_UNITS,MOST_SEVERE_INJURY,INJURIES_TOTAL,INJURIES_FATAL,INJURIES_INCAPACITATING,INJURIES_NON_INCAPACITATING,INJURIES_REPORTED_NOT_EVIDENT,INJURIES_NO_INDICATION,INJURIES_UNKNOWN,CRASH_HOUR,CRASH_DAY_OF_WEEK,CRASH_MONTH,LATITUDE,LONGITUDE,LOCATION,geometry,YEAR,ADDRESS
O1658455,DRIVER,0d6414bae2d810d0d7eb8a5eeb576bed588da7b0dd7be80b9bbad2bfdb6fab03792c49718af017748af2abe6faac347e44986e0c92334596d9d8a87708b506a7,1578345.0,M,,DEPLOYMENT UNKNOWN,NONE,NO INDICATION OF INJURY,FAILED TO YIELD,UNKNOWN,UNKNOWN,,,,,2023-09-09 15:25:00,30,UNKNOWN,DAYLIGHT,ANGLE,NOT DIVIDED,UNKNOWN,UNKNOWN,NOT ON SCENE (DESK REPORT),INJURY AND / OR TOW DUE TO CRASH,,"$501 - $1,500",09/11/2023 02:30:00 PM,UNABLE TO DETERMINE,NOT APPLICABLE,,2,"REPORTED, NOT EVIDENT",1.0,0.0,0.0,0.0,1.0,1.0,0.0,15,7,9,41.924114813,-87.762446444,POINT (-87.762446444287 41.924114812609),POINT (1139608.8410778262 1915454.453063927),2023,2400 N LOTUS AVE
P379862,PASSENGER,2603ff5a88f0b9b54576934c5ed4e4a64e8278e005687b0edb576f26e0d17decfa6d65506e65b16db5ef12628f2a02cbfcfcbfc97782d28c8f7fdda5a34e9f75,1634961.0,F,34.0,DID NOT DEPLOY,NONE,NO INDICATION OF INJURY,,,,,,,,2023-12-06 16:00:00,10,UNKNOWN,UNKNOWN,REAR TO SIDE,PARKING LOT,DRY,UNKNOWN,ON SCENE,NO INJURY / DRIVE AWAY,,"OVER $1,500",12/06/2023 04:13:00 PM,UNABLE TO DETERMINE,UNABLE TO DETERMINE,,2,NO INDICATION OF INJURY,0.0,0.0,0.0,0.0,0.0,3.0,0.0,16,4,12,41.995440602,-87.712917379,POINT (-87.712917378905 41.995440602185),POINT (1152899.352908889 1941539.452772696),2023,6249 N MC CORMICK RD
O1518355,DRIVER,6bd93c37bbd38fdb9fdf76a27d39d1a95ef864a94c77a3440675a0beb71001b20f074dbebdc202a4cdf702129ab47245be63135d07dc65abb7d31847d2974966,1443638.0,F,45.0,NOT APPLICABLE,NONE,NO INDICATION OF INJURY,NONE,NOT OBSCURED,IMPAIRED - ALCOHOL,,,,Y,2023-02-15 18:10:00,30,RAIN,DARKNESS,ANGLE,NOT DIVIDED,DRY,NO DEFECTS,ON SCENE,INJURY AND / OR TOW DUE TO CRASH,,"$501 - $1,500",02/15/2023 06:22:00 PM,UNABLE TO DETERMINE,NOT APPLICABLE,,2,NO INDICATION OF INJURY,0.0,0.0,0.0,0.0,0.0,3.0,0.0,18,4,2,41.808820964,-87.645389628,POINT (-87.64538962825 41.808820963534),POINT (1171801.0411935258 1873675.4012603157),2023,4701 S HALSTED ST
P382757,PASSENGER,0f500e2e9e66c880c6eaa3459590c6f8874c161a8b9f9484f4cd817396b86110567e4f22028b267cf168ce6760b5b2524aa7fc5258c2fdfc6588d3833c055b59,1647260.0,F,,DID NOT DEPLOY,NONE,NO INDICATION OF INJURY,,,,,,,Y,2023-12-26 14:00:00,30,CLEAR,DAYLIGHT,TURNING,NOT DIVIDED,UNKNOWN,UNKNOWN,NOT ON SCENE (DESK REPORT),NO INJURY / DRIVE AWAY,,"OVER $1,500",12/26/2023 02:15:00 PM,NOT APPLICABLE,NOT APPLICABLE,,2,NO INDICATION OF INJURY,0.0,0.0,0.0,0.0,0.0,3.0,0.0,14,3,12,41.919351155,-87.69177239,POINT (-87.691772390018 41.919351154775),POINT (1158854.8612102137 1913854.5406509067),2023,2100 N MILWAUKEE AVE
P338498,PASSENGER,5432d6b1db27a29c991e1975b200b6fc0aea9b2afad297653e49f2a5257f7a30863a1ef746ca550910755984a0f2621c6930f71be34ded8d0552779c53b25dbf,1457044.0,M,,DID NOT DEPLOY,NONE,NO INDICATION OF INJURY,,,,,,,,2023-03-09 21:38:00,30,FREEZING RAIN/DRIZZLE,DARKNESS,ANGLE,FOUR WAY,WET,NO DEFECTS,ON SCENE,INJURY AND / OR TOW DUE TO CRASH,,"OVER $1,500",03/09/2023 09:38:00 PM,UNABLE TO DETERMINE,NOT APPLICABLE,,2,NO INDICATION OF INJURY,0.0,0.0,0.0,0.0,0.0,4.0,0.0,21,5,3,41.768513523,-87.659001799,POINT (-87.65900179865 41.768513522995),POINT (1168205.1957644536 1858958.2304313055),2023,1399 W 69TH ST
O1543200,DRIVER,621f4babd691871de3e38b5f37ce230e32293d4135d965f186c5da73215196ebae6ee9881bffb9a5d2176bf555f18f5f3cb732f857a889e8b99ee38260aa2066,1467625.0,M,51.0,NOT APPLICABLE,NONE,NO INDICATION OF INJURY,IMPROPER TURN,NOT OBSCURED,NORMAL,,,,,2023-03-27 10:30:00,30,CLEAR,DAYLIGHT,TURNING,NOT DIVIDED,DRY,NO DEFECTS,ON SCENE,INJURY AND / OR TOW DUE TO CRASH,,"OVER $1,500",03/27/2023 10:40:00 AM,UNABLE TO DETERMINE,DRIVING SKILLS/KNOWLEDGE/EXPERIENCE,,2,NONINCAPACITATING INJURY,1.0,0.0,0.0,1.0,0.0,1.0,0.0,10,2,3,41.779123484,-87.683783099,POINT (-87.683783098636 41.77912348384),POINT (1161415.7126888037 1862772.3885659482),2023,6300 S WESTERN AVE
P338808,PASSENGER,eba4c3467947af5c3cb62b173754682dd417bd50c67989d554b65db584bd882e6eedf562fe413a963a3184839848f53262ccfc31be7789a715c5877ee8971d37,1458331.0,F,37.0,NOT APPLICABLE,NONE,NO INDICATION OF INJURY,,,,,,,,2023-03-12 03:15:00,30,RAIN,"DARKNESS, LIGHTED ROAD",TURNING,FOUR WAY,WET,NO DEFECTS,ON SCENE,INJURY AND / OR TOW DUE TO CRASH,,"OVER $1,500",03/12/2023 03:21:00 AM,IMPROPER TURNING/NO SIGNAL,FAILING TO YIELD RIGHT-OF-WAY,,2,NO INDICATION OF INJURY,0.0,0.0,0.0,0.0,0.0,3.0,0.0,3,1,3,41.945560099,-87.7857453,POINT (-87.785745300225 41.945560099081),POINT (1133218.4499169649 1923227.7967304601),2023,6351 W ADDISON ST
O1594525,DRIVER,9323c04135ff84b4f271860a2fb2fdc6e1f593f70cbf343ee6fbf8209e012d7183c5dadad68c23d48a042945c440ccb55491a59f737c4ff8c3b05719e12b90fb,1517254.0,M,16.0,"DEPLOYED, SIDE",NONE,NO INDICATION OF INJURY,UNKNOWN,UNKNOWN,UNKNOWN,,,,,2023-06-10 00:30:00,45,CLEAR,DAWN,FIXED OBJECT,DIVIDED - W/MEDIAN BARRIER,UNKNOWN,UNKNOWN,ON SCENE,INJURY AND / OR TOW DUE TO CRASH,,"OVER $1,500",06/10/2023 12:39:00 AM,EQUIPMENT - VEHICLE CONDITION,EQUIPMENT - VEHICLE CONDITION,,1,NO INDICATION OF INJURY,0.0,0.0,0.0,0.0,0.0,2.0,0.0,0,7,6,41.790282089,-87.578977516,POINT (-87.578977515595 41.790282089333),POINT (1189966.0800722113 1867071.863121557),2023,5783 S LAKE SHORE DR
O1699760,DRIVER,6fb5e7e21723e2a5de4fcc560a9e85d43f25492655314cdf4c27800965b3a24393293aa6d216da5c3a51f6500245536da97676f2217190739719f35dc98a178d,1617872.0,M,35.0,DID NOT DEPLOY,NONE,NO INDICATION OF INJURY,NONE,NOT OBSCURED,NORMAL,,,,,2023-11-09 08:45:00,30,CLEAR,DAYLIGHT,TURNING,NOT DIVIDED,DRY,NO DEFECTS,ON SCENE,NO INJURY / DRIVE AWAY,Y,"OVER $1,500",11/09/2023 09:16:00 AM,IMPROPER OVERTAKING/PASSING,UNABLE TO DETERMINE,,2,NO INDICATION OF INJURY,0.0,0.0,0.0,0.0,0.0,2.0,0.0,8,5,11,41.791852065,-87.801377799,POINT (-87.801377798929 41.79185206544),POINT (1129312.7854224741 1867190.2381890484),2023,5501 S HARLEM AVE
O1500961,DRIVER,59d1e47cc2b739e12faa6a541b2514d8a99ba912a7b6d51ba7539c872826844dcc0ad954c0561492592768c7eedc2689abf9c5163d155d4f1058ca1bc238276c,1426970.0,M,40.0,NOT APPLICABLE,NONE,NO INDICATION OF INJURY,UNKNOWN,UNKNOWN,UNKNOWN,,,,,2023-01-18 17:13:00,30,RAIN,DAWN,TURNING,OTHER,WET,UNKNOWN,ON SCENE,NO INJURY / DRIVE AWAY,,"$501 - $1,500",01/18/2023 05:57:00 PM,UNABLE TO DETERMINE,UNABLE TO DETERMINE,,2,NO INDICATION OF INJURY,0.0,0.0,0.0,0.0,0.0,2.0,0.0,17,4,1,41.890892777,-87.620280526,POINT (-87.620280526465 41.890892776887),POINT (1178398.1305098028 1903637.953670052),2023,299 E ILLINOIS ST
O1588347,DRIVER,d16e17cd60ac31fc297ccf9e8c0007d2a7047436e9dfcbe468215e123deb925fbdd1d49638b1abe622609fd84734481ca72abed44765e07ad177c82fd44d1ed8,1511286.0,F,,DID NOT DEPLOY,NONE,NO INDICATION OF INJURY,WRONG WAY/SIDE,NOT OBSCURED,NORMAL,,,,,2023-06-01 08:40:00,30,CLEAR,DAYLIGHT,ANGLE,ONE-WAY,DRY,NO DEFECTS,NOT ON SCENE (DESK REPORT),NO INJURY / DRIVE AWAY,,"OVER $1,500",06/01/2023 03:15:00 PM,DRIVING ON WRONG SIDE/WRONG WAY,NOT APPLICABLE,,2,NO INDICATION OF INJURY,0.0,0.0,0.0,0.0,0.0,2.0,0.0,8,5,6,41.784221052,-87.713459493,POINT (-87.713459493113 41.784221051837),POINT (1153308.0081935355 1864570.159086154),2023,6000 S CENTRAL PARK AVE
O1680920,DRIVER,2011e4ab3c27d89c9515ec9292b1d0989d2cf6d7a513b267bfff65dcf547f2b60fbd4fed11913e4d833e74533a071e541c8844c6c85c3c682338a21c7004b819,1599825.0,M,42.0,DID NOT DEPLOY,NONE,NO INDICATION OF INJURY,IMPROPER PASSING,NOT OBSCURED,NORMAL,,,,,2023-10-13 14:58:00,30,RAIN,DAYLIGHT,PARKED MOTOR VEHICLE,DIVIDED - W/MEDIAN (NOT RAISED),WET,NO DEFECTS,NOT ON SCENE (DESK REPORT),NO INJURY / DRIVE AWAY,,"OVER $1,500",10/13/2023 04:30:00 PM,IMPROPER TURNING/NO SIGNAL,NOT APPLICABLE,,2,NO INDICATION OF INJURY,0.0,0.0,0.0,0.0,0.0,2.0,0.0,14,6,10,41.780469532,-87.591672426,POINT (-87.591672426248 41.780469532479),POINT (1186534.944124929 1863466.1086810706),2023,6300 S DORCHESTER AVE
O1669575,DRIVER,18459e53c2747cb5132c4714d033efe5a38e30e361713aad50d0582b0a8c88547deb5dc72c30ab3f6b757c48129bb9fa0c2dc5ee73a0d0a20387a009283d28dc,1588990.0,M,31.0,DID NOT DEPLOY,NONE,NO INDICATION OF INJURY,FOLLOWED TOO CLOSELY,NOT OBSCURED,NORMAL,,,,,2023-09-27 08:10:00,30,CLEAR,DAYLIGHT,SIDESWIPE SAME DIRECTION,NOT DIVIDED,DRY,NO DEFECTS,ON SCENE,NO INJURY / DRIVE AWAY,,"$501 - $1,500",09/27/2023 08:46:00 AM,FOLLOWING TOO CLOSELY,UNABLE TO DETERMINE,,2,NO INDICATION OF INJURY,0.0,0.0,0.0,0.0,0.0,2.0,0.0,8,4,9,41.791852065,-87.801377799,POINT (-87.801377798929 41.79185206544),POINT (1129312.7854224741 1867190.2381890484),2023,5501 S HARLEM AVE
O1618571,DRIVER,562ea3a4d35fff4c146f7d2b0e163a201d045ed01618f167ef2f9e6c8ac2e604247e7f96a5ba46142354c969ef531ae6e7fd8902e379c489bca0f77e51772b37,1540206.0,F,67.0,DID NOT DEPLOY,NONE,NO INDICATION OF INJURY,IMPROPER PASSING,NOT OBSCURED,NORMAL,,,,,2023-07-15 12:45:00,35,CLEAR,DAYLIGHT,TURNING,NOT DIVIDED,DRY,NO DEFECTS,ON SCENE,INJURY AND / OR TOW DUE TO CRASH,,"OVER $1,500",07/15/2023 12:58:00 PM,IMPROPER LANE USAGE,DRIVING SKILLS/KNOWLEDGE/EXPERIENCE,,2,NO INDICATION OF INJURY,0.0,0.0,0.0,0.0,0.0,2.0,0.0,12,7,7,41.741413053,-87.740940013,POINT (-87.740940012602 41.741413052628),POINT (1145920.6471520998 1848918.4779734951),2023,8315 S CICERO AVE
O1537389,DRIVER,d23e20832cd481402941912fb316e2527963d0150da1f813fcb92aaba1e2e5d7a0faaed0c579207daeea23af6e33336ba8436cea3d1c64d814edc5baf0292d6c,1461954.0,X,,DEPLOYMENT UNKNOWN,UNKNOWN,NO INDICATION OF INJURY,UNKNOWN,UNKNOWN,UNKNOWN,,,,,2023-03-17 17:07:00,30,CLEAR,DAYLIGHT,PARKED MOTOR VEHICLE,NOT DIVIDED,DRY,NO DEFECTS,NOT ON SCENE (DESK REPORT),NO INJURY / DRIVE AWAY,Y,"OVER $1,500",03/17/2023 06:30:00 PM,UNABLE TO DETERMINE,UNABLE TO DETERMINE,,2,NO INDICATION OF INJURY,0.0,0.0,0.0,0.0,0.0,1.0,0.0,17,6,3,41.883682647,-87.649605062,POINT (-87.64960506168 41.883682646887),POINT (1170434.6154830952 1900945.5978693916),2023,119 N PEORIA ST
O1587688,DRIVER,6158ad5b1ffb24e65f99970039ca98aa775c36af5aedcc7b54068208e4afbb6f0e177ddfefd959f34417618df0cc4997dac50e65d324c99cf9f4135d6d74f6a2,1510655.0,F,42.0,DID NOT DEPLOY,NONE,NO INDICATION OF INJURY,NONE,NOT OBSCURED,NORMAL,,,,,2023-05-31 16:00:00,30,CLEAR,DAYLIGHT,TURNING,DIVIDED - W/MEDIAN (NOT RAISED),DRY,NO DEFECTS,ON SCENE,INJURY AND / OR TOW DUE TO CRASH,,"OVER $1,500",05/31/2023 04:16:00 PM,FAILING TO YIELD RIGHT-OF-WAY,NOT APPLICABLE,,2,NO INDICATION OF INJURY,0.0,0.0,0.0,0.0,0.0,6.0,0.0,16,4,5,41.975499361,-87.728085291,POINT (-87.728085290665 41.975499360735),POINT (1148827.5530989114 1934243.2554165993),2023,5199 N PULASKI RD
O1691554,DRIVER,4e9ff06353654e963617adf6ece832f47e7f5b3f7da530cd336c2ae3bb105422817f4fc14175c722e26d44dc272a320901c458851b7980183f0b0b19a0d45ad6,1610008.0,F,27.0,NOT APPLICABLE,NONE,NO INDICATION OF INJURY,NONE,NOT OBSCURED,NORMAL,,,,,2023-10-28 13:39:00,30,CLEAR,DAYLIGHT,REAR END,NOT DIVIDED,DRY,NO DEFECTS,NOT ON SCENE (DESK REPORT),NO INJURY / DRIVE AWAY,,"OVER $1,500",10/28/2023 02:15:00 PM,UNABLE TO DETERMINE,NOT APPLICABLE,,2,NO INDICATION OF INJURY,0.0,0.0,0.0,0.0,0.0,2.0,0.0,13,7,10,41.802318151,-87.58796125,POINT (-87.587961250083 41.802318150551),POINT (1187478.1316175312 1871436.3672989786),2023,5102 S LAKE PARK AVE
P334458,PASSENGER,f70c64d8c102fad54c3eaedb766da99b0f03f284e3963ff024a5ffe0df417053ef66ac1ff2e7430ede62cd7526c764bf73de70ff5378b5a03db391dde665e4e5,1438488.0,F,15.0,DID NOT DEPLOY,NONE,NO INDICATION OF INJURY,,,,,,,,2023-02-06 18:45:00,25,CLEAR,"DARKNESS, LIGHTED ROAD",PARKED MOTOR VEHICLE,ONE-WAY,WET,NO DEFECTS,NOT ON SCENE (DESK REPORT),NO INJURY / DRIVE AWAY,,"OVER $1,500",02/06/2023 07:02:00 PM,UNABLE TO DETERMINE,UNABLE TO DETERMINE,,2,NO INDICATION OF INJURY,0.0,0.0,0.0,0.0,0.0,2.0,0.0,18,2,2,41.963580065,-87.73587957,POINT (-87.735879569992 41.963580064594),POINT (1146738.4326543494 1929884.9382032906),2023,4528 N KILDARE AVE
O1523591,DRIVER,f7c47cf42b282400366c3c8b7031a03b3d1edc2578e89c25eae680452efbcc3896878da98db30400ce7170bb29fc2c212af383183634853e5c4641eab477b7b6,1448687.0,F,52.0,DID NOT DEPLOY,NONE,NO INDICATION OF INJURY,FAILED TO YIELD,BLINDED - SUNLIGHT,NORMAL,,,,,2023-02-10 08:11:00,35,CLEAR,DAYLIGHT,PEDESTRIAN,FOUR WAY,DRY,NO DEFECTS,ON SCENE,INJURY AND / OR TOW DUE TO CRASH,,"OVER $1,500",02/10/2023 08:13:00 AM,"VISION OBSCURED (SIGNS, TREE LIMBS, BUILDINGS, ETC.)",FAILING TO REDUCE SPEED TO AVOID CRASH,,2,NONINCAPACITATING INJURY,1.0,0.0,0.0,1.0,0.0,1.0,0.0,8,6,2,41.735680955,-87.663001365,POINT (-87.663001364915 41.735680954718),POINT (1167207.3354496388 1846985.8122239853),2023,1559 W 87TH ST
P370947,PASSENGER,0ae586fdef8d856b10989d6a99bef41d1d418effbe982726555588c021ea817d746630d17a480fa8fa03f2321581168d7968dbd01ecd38a80c234235c425d683,1595658.0,M,24.0,DID NOT DEPLOY,NONE,"REPORTED, NOT EVIDENT",,,,,,,,2023-10-06 21:52:00,30,RAIN,"DARKNESS, LIGHTED ROAD",REAR END,DIVIDED - W/MEDIAN (NOT RAISED),WET,NO DEFECTS,NOT ON SCENE (DESK REPORT),INJURY AND / OR TOW DUE TO CRASH,,"OVER $1,500",10/06/2023 10:30:00 PM,FAILING TO REDUCE SPEED TO AVOID CRASH,WEATHER,,2,"REPORTED, NOT EVIDENT",1.0,0.0,0.0,0.0,1.0,2.0,0.0,21,6,10,42.005441551,-87.673148239,POINT (-87.673148239354 42.005441550942),POINT (1163681.8557072468 1945264.698216106),2023,1700 W PRATT BLVD
O1558568,PEDESTRIAN,2bdb29e6d2f2924325a4d4eac3f827f03794126b1319c6466fbbd2557b264ccad19a8d03cfa6a2e2813963f80458b267c5077230c0383a72f94113b17baeca7a,,F,63.0,,,INCAPACITATING INJURY,UNKNOWN,UNKNOWN,REMOVED BY EMS,NOT AT INTERSECTION,OTHER LIGHT SOURCE USED,IN CROSSWALK,,2023-04-19 17:40:00,30,CLEAR,DAYLIGHT,PEDESTRIAN,ONE-WAY,DRY,NO DEFECTS,ON SCENE,INJURY AND / OR TOW DUE TO CRASH,,"OVER $1,500",04/19/2023 05:45:00 PM,OBSTRUCTED CROSSWALKS,UNABLE TO DETERMINE,,2,INCAPACITATING INJURY,1.0,0.0,1.0,0.0,0.0,1.0,0.0,17,4,4,41.883700173,-87.631065123,POINT (-87.631065123099 41.883700172548),POINT (1175483.162707369 1900992.7533393907),2023,118 N CLARK ST
O1616118,DRIVER,2ec0112c448883345ae9aebc05f98db41a537499b011bac560eaea539ced620c54600106ce61fe1d2ab6552e5b053cdf519a0f93a5f168ab9b77c02f5ec4f6d7,1537888.0,F,32.0,NOT APPLICABLE,NONE,NO INDICATION OF INJURY,NONE,NOT OBSCURED,NORMAL,,,,,2023-07-11 22:00:00,35,UNKNOWN,"DARKNESS, LIGHTED ROAD",TURNING,DIVIDED - W/MEDIAN BARRIER,UNKNOWN,UNKNOWN,NOT ON SCENE (DESK REPORT),NO INJURY / DRIVE AWAY,,"$501 - $1,500",07/11/2023 11:18:00 PM,UNABLE TO DETERMINE,NOT APPLICABLE,,2,NO INDICATION OF INJURY,0.0,0.0,0.0,0.0,0.0,2.0,0.0,22,3,7,41.899818662,-87.667248578,POINT (-87.667248577853 41.899818661508),POINT (1165584.4766723819 1906787.7709168268),2023,1003 N ASHLAND AVE
P348296,PASSENGER,6eb45cff653ad84f1f67450e0c0136f180db4bba043b0b4fa69923df7f90f225f4683534fd1ce3547fc18d4ba5928485ee4205a2939e2f9185c8805cc71e7fcf,1499139.0,F,,DID NOT DEPLOY,NONE,NO INDICATION OF INJURY,,,,,,,,2023-05-14 11:57:00,30,CLEAR,DAYLIGHT,REAR END,NOT DIVIDED,DRY,NO DEFECTS,NOT ON SCENE (DESK REPORT),NO INJURY / DRIVE AWAY,,"$501 - $1,500",05/14/2023 04:47:00 PM,IMPROPER OVERTAKING/PASSING,NOT APPLICABLE,,2,NO INDICATION OF INJURY,0.0,0.0,0.0,0.0,0.0,4.0,0.0,11,1,5,41.802414554,-87.723280661,POINT (-87.723280661338 41.80241455447),POINT (1150582.427399207 1871180.5872231645),2023,4999 S PULASKI RD
O1533384,DRIVER,184190d33e1a694b4ccd2a2a56258df876f8ff726051d985fe29ea746d548d793bc6d0026c013b2ecafe694ddf5c0df8351de88f0d54b50c525a4f68cdadaa70,1458113.0,M,31.0,DID NOT DEPLOY,NONE,NO INDICATION OF INJURY,NONE,NOT OBSCURED,NORMAL,,,,,2023-03-11 16:45:00,30,CLEAR,DAYLIGHT,REAR END,NOT DIVIDED,WET,NO DEFECTS,NOT ON SCENE (DESK REPORT),NO INJURY / DRIVE AWAY,,$500 OR LESS,03/11/2023 05:00:00 PM,WEATHER,WEATHER,,2,NO INDICATION OF INJURY,0.0,0.0,0.0,0.0,0.0,3.0,0.0,16,7,3,41.948683674,-87.643649759,POINT (-87.643649758505 41.948683674375),POINT (1171865.8187505084 1924645.0382115492),2023,3600 N LAKE SHORE DR
O1624813,DRIVER,05c81eb87c0112cd5fcb78f0027fea86fb88585964ccf0bdb398899fc6be0c0bf60a1b8a96ecb383e8c2046445974550ad152a31a5b61d92fd7d7c23f905ae91,1546158.0,F,57.0,DID NOT DEPLOY,NONE,NO INDICATION OF INJURY,NONE,NOT OBSCURED,NORMAL,,,,,2023-07-24 16:12:00,30,CLEAR,DAYLIGHT,REAR END,DIVIDED - W/MEDIAN BARRIER,DRY,NO DEFECTS,NOT ON SCENE (DESK REPORT),NO INJURY / DRIVE AWAY,Y,"$501 - $1,500",07/24/2023 05:05:00 PM,FOLLOWING TOO CLOSELY,UNABLE TO DETERMINE,,2,NO INDICATION OF INJURY,0.0,0.0,0.0,0.0,0.0,2.0,0.0,16,2,7,41.837131776,-87.608385966,POINT (-87.608385966095 41.837131776109),POINT (1181802.1988562802 1884074.668959393),2023,3130 S LAKE SHORE DR SB
O1518096,DRIVER,5bb7a05cf148f2e0261a2ccf41ccc45d77cdd799d9212c42c04e01c456ccfc0562c4065c17b0d5871b0b99f0d0854b5059a1927c10d7f77c7603bad6349d1950,1443387.0,M,22.0,NOT APPLICABLE,NONE,NO INDICATION OF INJURY,NONE,UNKNOWN,NORMAL,,,,,2023-02-15 12:10:00,30,CLOUDY/OVERCAST,DAYLIGHT,FIXED OBJECT,NOT DIVIDED,DRY,UNKNOWN,ON SCENE,INJURY AND / OR TOW DUE TO CRASH,,"OVER $1,500",02/15/2023 12:11:00 PM,FAILING TO REDUCE SPEED TO AVOID CRASH,DISTRACTION - FROM OUTSIDE VEHICLE,,1,NO INDICATION OF INJURY,0.0,0.0,0.0,0.0,0.0,1.0,0.0,12,4,2,41.923663065,-87.800830212,POINT (-87.800830211912 41.923663064585),POINT (1129164.2265571707 1915222.6316229715),2023,7000 W GRAND AVE
O1551364,DRIVER,bd49b39e27faae744ccaa062c4ab75543a7ebdeb24e3fe9158a92119ced2306105cf37d36d1d61a40b53f3c3c24ecfb6ac7756c1922aa50ce5ca9c255502d655,1475496.0,F,36.0,DID NOT DEPLOY,NONE,NONINCAPACITATING INJURY,NONE,UNKNOWN,NORMAL,,,,,2023-04-09 15:16:00,30,CLEAR,DAYLIGHT,REAR END,ONE-WAY,DRY,NO DEFECTS,ON SCENE,INJURY AND / OR TOW DUE TO CRASH,,"OVER $1,500",04/09/2023 03:18:00 PM,FAILING TO REDUCE SPEED TO AVOID CRASH,NOT APPLICABLE,,2,NONINCAPACITATING INJURY,2.0,0.0,0.0,2.0,0.0,2.0,0.0,15,1,4,41.797011664,-87.632035639,POINT (-87.63203563865 41.797011663675),POINT (1175476.8115562573 1869401.584339104),2023,5340 S WELLS ST
O1519062,DRIVER,8db0ec7f8d73c8c9be96209ac7f314da8dfd9b39ad16cd56807fd2b04027f8a9a2cc65988b718876026a7505cad55b8abb8290723e7b977c928e3c0232dc0986,1444326.0,M,29.0,NOT APPLICABLE,NONE,NO INDICATION OF INJURY,OTHER,NOT OBSCURED,UNKNOWN,,,,,2023-02-16 21:30:00,30,SNOW,"DARKNESS, LIGHTED ROAD",PARKED MOTOR VEHICLE,ONE-WAY,SNOW OR SLUSH,NO DEFECTS,NOT ON SCENE (DESK REPORT),INJURY AND / OR TOW DUE TO CRASH,,"OVER $1,500",02/16/2023 10:30:00 PM,WEATHER,NOT APPLICABLE,,2,NONINCAPACITATING INJURY,2.0,0.0,0.0,2.0,0.0,1.0,0.0,21,5,2,41.882062183,-87.633039115,POINT (-87.633039115193 41.882062182826),POINT (1174950.4968542724 1900391.4782355328),2023,172 W MADISON ST
O1561679,DRIVER,485c05b3592164904d6e4172efbf8745b4534366d6ce8c020e75872cd1dd8321f899a345251e7dd71c4ca9982e712234117293dc2c9356ceb77c6f5e2d011c64,1485463.0,M,33.0,"DEPLOYED, SIDE",NONE,NONINCAPACITATING INJURY,UNKNOWN,UNKNOWN,NORMAL,,,,,2023-04-23 21:15:00,30,CLEAR,"DARKNESS, LIGHTED ROAD",ANGLE,FOUR WAY,DRY,NO DEFECTS,,INJURY AND / OR TOW DUE TO CRASH,,"OVER $1,500",04/23/2023 09:23:00 PM,UNABLE TO DETERMINE,UNABLE TO DETERMINE,,3,NONINCAPACITATING INJURY,1.0,0.0,0.0,1.0,0.0,3.0,0.0,21,1,4,41.857774403,-87.63899038,POINT (-87.638990380396 41.85777440349),POINT (1173401.4599962763 1891527.8793909089),2023,500 W 18TH ST
O1692802,DRIVER,b5461a29f5c432a0150ee8b45222fe7561aa70b60b9c5bd6321ce94637feeab0c9b5efdf8392d35239e244cbd5b1afbb592cc6b22ae681cb5442d6d28c71fda3,1611197.0,M,,DEPLOYMENT UNKNOWN,NONE,NO INDICATION OF INJURY,UNKNOWN,UNKNOWN,UNKNOWN,,,,,2023-10-27 18:15:00,30,UNKNOWN,UNKNOWN,REAR END,NOT DIVIDED,UNKNOWN,UNKNOWN,NOT ON SCENE (DESK REPORT),NO INJURY / DRIVE AWAY,Y,"$501 - $1,500",10/30/2023 01:05:00 PM,UNABLE TO DETERMINE,NOT APPLICABLE,,2,NO INDICATION OF INJURY,0.0,0.0,0.0,0.0,0.0,2.0,0.0,18,6,10,41.758727998,-87.741535662,POINT (-87.741535662317 41.75872799769),POINT (1145714.6909450558 1855226.754892055),2023,7401 S CICERO AVE