PERSON_ID,PERSON_TYPE,CRASH_RECORD_ID,VEHICLE_ID,SEX,AGE,AIRBAG_DEPLOYED,EJECTION,INJURY_CLASSIFICATION,DRIVER_ACTION,DRIVER_VISION,PHYSICAL_CONDITION,PEDPEDAL_ACTION,PEDPEDAL_VISIBILITY,PEDPEDAL_LOCATION,CRASH_DATE_EST_I,CRASH_DATE,POSTED_SPEED_LIMIT,WEATHER_CONDITION,LIGHTING_CONDITION,FIRST_CRASH_TYPE,TRAFFICWAY_TYPE,ROADWAY_SURFACE_COND,ROAD_DEFECT,REPORT_TYPE,CRASH_TYPE,HIT_AND_RUN_I,DAMAGE,DATE_POLICE_NOTIFIED,PRIM_CONTRIBUTORY_CAUSE,SEC_CONTRIBUTORY_CAUSE,DOORING_I,NUM_UNITS,MOST_SEVERE_INJURY,INJURIES_TOTAL,INJURIES_FATAL,INJURIES_INCAPACITATING,INJURIES_NON_INCAPACITATING,INJURIES_REPORTED_NOT_EVIDENT,INJURIES_NO_INDICATION,INJURIES_UNKNOWN,CRASH_HOUR,CRASH_DAY_OF_WEEK,CRASH_MONTH,LATITUDE,LONGITUDE,LOCATION,geometry,YEAR,ADDRESS
P356021,PASSENGER,25ae13b1b044ccf174844f281ae7d7626cef1f897381337920960cec903b2ac8b03102249fc85fd672ec28b1648912b5c90c5bd4cf0563ce642911379755eeb9,1532036.0,F,38.0,DID NOT DEPLOY,NONE,NO INDICATION OF INJURY,,,,,,,,2023-07-02 17:05:00,30,RAIN,DAYLIGHT,SIDESWIPE SAME DIRECTION,FOUR WAY,WET,NO DEFECTS,ON SCENE,NO INJURY / DRIVE AWAY,,$500 OR LESS,07/02/2023 05:07:00 PM,DRIVING SKILLS/KNOWLEDGE/EXPERIENCE,NOT APPLICABLE,,2,NO INDICATION OF INJURY,0.0,0.0,0.0,0.0,0.0,3.0,0.0,17,1,7,41.801537152,-87.645490361,POINT (-87.645490360635 41.801537152074),POINT (1171794.820226751 1871021.001408818),2023,5100 S HALSTED ST
O1670942,DRIVER,d09dd5217d96edb75f4be350e2e2da583bfd8c52942911e2cd42b2c661a1b4f69debd797c2e727fbd18b2a25af75566bfd0e663e3e4122b7d80281b27bb21fc9,1590320.0,M,48.0,DID NOT DEPLOY,NONE,NO INDICATION OF INJURY,UNKNOWN,NOT OBSCURED,NORMAL,,,,Y,2023-09-29 14:00:00,35,CLEAR,DAYLIGHT,REAR TO FRONT,DIVIDED - W/MEDIAN (NOT RAISED),DRY,NO DEFECTS,ON SCENE,INJURY AND / OR TOW DUE TO CRASH,,"OVER $1,500",09/29/2023 02:02:00 PM,UNABLE TO DETERMINE,NOT APPLICABLE,,2,"REPORTED, NOT EVIDENT",1.0,0.0,0.0,0.0,1.0,1.0,0.0,14,6,9,41.773229734,-87.60591767,POINT (-87.605917669802 41.773229733891),POINT (1182671.9042227925 1860794.7873701449),2023,6658 S COTTAGE GROVE AVE
P368775,PASSENGER,73654257ff6dd008405840efeafff294fd982794a3afc5cfcc1959f605326b00b376d04690e5c02dfb781c151276520d2431b5e40e43a6edcf58b4cb1e8bb2d8,1585690.0,F,22.0,NOT APPLICABLE,NONE,NO INDICATION OF INJURY,,,,,,,,2023-09-21 18:58:00,30,CLEAR,DAYLIGHT,REAR END,NOT DIVIDED,DRY,UNKNOWN,NOT ON SCENE (DESK REPORT),NO INJURY / DRIVE AWAY,Y,"OVER $1,500",09/21/2023 08:11:00 PM,UNABLE TO DETERMINE,UNABLE TO DETERMINE,,2,NO INDICATION OF INJURY,0.0,0.0,0.0,0.0,0.0,3.0,0.0,18,5,9,41.87434262,-87.734376165,POINT (-87.734376164731 41.874342619566),POINT (1147374.426342582 1897369.5931234972),2023,4340 W CONGRESS PKWY
O1660727,DRIVER,dd59bf8264e40f18b9ff508f3f37dd6c1e433f416eb61ef92d3aaf81814d8ce7ed5fe4ad11568c85e11d4d6462475faeb09def4aa2e3bb951cca2156b6b97f6a,1580555.0,M,23.0,NOT APPLICABLE,NONE,NO INDICATION OF INJURY,NONE,UNKNOWN,NORMAL,,,,,2023-09-14 15:27:00,30,CLEAR,DAYLIGHT,ANGLE,FOUR WAY,DRY,NO DEFECTS,ON SCENE,NO INJURY / DRIVE AWAY,,$500 OR LESS,09/14/2023 03:36:00 PM,DISREGARDING TRAFFIC SIGNALS,FAILING TO REDUCE SPEED TO AVOID CRASH,,2,NO INDICATION OF INJURY,0.0,0.0,0.0,0.0,0.0,2.0,0.0,15,5,9,41.976216437,-87.669761602,POINT (-87.669761602136 41.976216437221),POINT (1164684.8351161839 1934622.0118575487),2023,5200 N ASHLAND AVE
O1556961,DRIVER,c90b97dce55af9db71fde6d0b997c0350577e24aaff71c2eece171ba08a8580e0a77f9850f796edda49ccb2b37b97b320364df11b7f86925524df0a1cf61ace1,1480883.0,M,21.0,DID NOT DEPLOY,NONE,NO INDICATION OF INJURY,NONE,NOT OBSCURED,NORMAL,,,,,2023-04-17 12:20:00,30,CLOUDY/OVERCAST,DAYLIGHT,SIDESWIPE SAME DIRECTION,NOT DIVIDED,DRY,NO DEFECTS,NOT ON SCENE (DESK REPORT),NO INJURY / DRIVE AWAY,,"OVER $1,500",04/17/2023 02:02:00 PM,NOT APPLICABLE,NOT APPLICABLE,,2,NO INDICATION OF INJURY,0.0,0.0,0.0,0.0,0.0,2.0,0.0,12,2,4,41.757410361,-87.686547302,POINT (-87.686547301781 41.757410361241),POINT (1160721.2664496142 1854854.623476859),2023,2531 W COLUMBUS AVE
O1697542,DRIVER,4f4a80940910c0fffb304d742cce32a9206d51b5ec7fa15d89122c651deabf0869098b726223a8830c660b07a755649785fce137d6bc7109c43ee133e867059f,1615738.0,M,38.0,NOT APPLICABLE,NONE,NO INDICATION OF INJURY,FOLLOWED TOO CLOSELY,NOT OBSCURED,NORMAL,,,,,2023-11-05 18:13:00,30,CLEAR,"DARKNESS, LIGHTED ROAD",REAR END,NOT DIVIDED,DRY,NO DEFECTS,ON SCENE,NO INJURY / DRIVE AWAY,,"OVER $1,500",11/05/2023 06:29:00 PM,FOLLOWING TOO CLOSELY,NOT APPLICABLE,,2,NO INDICATION OF INJURY,0.0,0.0,0.0,0.0,0.0,2.0,0.0,18,1,11,41.95186702,-87.645168401,POINT (-87.645168400717 41.951867020301),POINT (1171443.383443248 1925801.7399373902),2023,3750 N LAKE SHORE DR
O1532573,DRIVER,3e76164b584941a5e193d299492c074092f518c0e84d5a3aed9f1541bb19087a390d1f5cb8f0459c5a74ab23e2662c78b37754f76b51a2e37eb210d36e3438cb,1457349.0,F,41.0,NOT APPLICABLE,NONE,NO INDICATION OF INJURY,NONE,NOT OBSCURED,NORMAL,,,,,2023-03-10 13:05:00,30,CLEAR,DAYLIGHT,SIDESWIPE OPPOSITE DIRECTION,ONE-WAY,DRY,NO DEFECTS,ON SCENE,NO INJURY / DRIVE AWAY,Y,"$501 - $1,500",03/10/2023 01:07:00 PM,DRIVING ON WRONG SIDE/WRONG WAY,NOT APPLICABLE,,2,NO INDICATION OF INJURY,0.0,0.0,0.0,0.0,0.0,3.0,0.0,13,6,3,41.905866376,-87.632948208,POINT (-87.632948207625 41.905866376121),POINT (1174904.444105814 1909065.929928537),2023,136 W GOETHE ST
O1704157,DRIVER,817c3cdaf473063db603c35b9bb5f04fee06c834ac5aa9032a2e421c1da525c9bdc90cfcb5f8fb6cf88130c84130aff1c20d3dfb638f04b145af90c55b7f937e,1622108.0,F,55.0,NOT APPLICABLE,NONE,NO INDICATION OF INJURY,NONE,NOT OBSCURED,NORMAL,,,,,2023-11-15 16:36:00,30,CLEAR,DAYLIGHT,SIDESWIPE SAME DIRECTION,NOT DIVIDED,DRY,NO DEFECTS,NOT ON SCENE (DESK REPORT),NO INJURY / DRIVE AWAY,,"OVER $1,500",11/15/2023 05:55:00 PM,IMPROPER LANE USAGE,NOT APPLICABLE,,2,NO INDICATION OF INJURY,0.0,0.0,0.0,0.0,0.0,3.0,0.0,16,4,11,41.997474232,-87.699491851,POINT (-87.699491851118 41.9974742315),POINT (1156543.3808124068 1942307.246983419),2023,6377 N CALIFORNIA AVE
O1664642,DRIVER,b9d392c46fe7febb5572a2614e193a975656191f49350056fb7a534d59f7a2ac07ea99fc25bb2d4015f4b14769b981e7d28d781e76b16a9a77ee545fb7339264,1584289.0,F,76.0,DID NOT DEPLOY,NONE,NO INDICATION OF INJURY,FOLLOWED TOO CLOSELY,NOT OBSCURED,NORMAL,,,,,2023-09-19 16:05:00,35,RAIN,DAYLIGHT,REAR END,DIVIDED - W/MEDIAN (NOT RAISED),WET,NO DEFECTS,ON SCENE,INJURY AND / OR TOW DUE TO CRASH,,"OVER $1,500",09/19/2023 04:58:00 PM,FOLLOWING TOO CLOSELY,NOT APPLICABLE,,2,"REPORTED, NOT EVIDENT",2.0,0.0,0.0,0.0,2.0,2.0,0.0,16,3,9,41.940338556,-87.836359246,POINT (-87.836359245576 41.940338556261),POINT (1119460.1838366701 1921241.1585986784),2023,3398 N CUMBERLAND AVE
O1636596,DRIVER,93ee63e84dbffd45552087fea2ea6f98f7725ebcf71cdcd766a7445f4ad3c59929bc8890834450b327dffba5bb1524507c71319feb0b01cd4eb83c9e8737fc11,1557478.0,M,29.0,NOT APPLICABLE,NONE,NO INDICATION OF INJURY,NONE,NOT OBSCURED,NORMAL,,,,,2023-08-10 15:50:00,15,CLEAR,DAYLIGHT,HEAD ON,ALLEY,DRY,NO DEFECTS,NOT ON SCENE (DESK REPORT),NO INJURY / DRIVE AWAY,Y,"OVER $1,500",08/10/2023 04:50:00 PM,FAILING TO REDUCE SPEED TO AVOID CRASH,"OPERATING VEHICLE IN ERRATIC, RECKLESS, CARELESS, NEGLIGENT OR AGGRESSIVE MANNER",,2,NO INDICATION OF INJURY,0.0,0.0,0.0,0.0,0.0,3.0,0.0,15,5,8,41.776741092,-87.600834283,POINT (-87.600834282897 41.776741091789),POINT (1184047.6429730342 1862086.0706878933),2023,6501 S ELLIS AVE
O1684368,DRIVER,d0c607cd80b2447cb9608e22d0a3d611b392562ba08423859b8b1d53a4f15403094561dd50f0e6698abd233b29c7137661b515ac4fdf502f53a1febb8276c5e6,1603131.0,M,23.0,DID NOT DEPLOY,NONE,NO INDICATION OF INJURY,FAILED TO YIELD,PARKED VEHICLES,NORMAL,,,,,2023-10-18 14:03:00,30,CLEAR,DAYLIGHT,TURNING,NOT DIVIDED,DRY,NO DEFECTS,ON SCENE,NO INJURY / DRIVE AWAY,,"OVER $1,500",10/18/2023 02:04:00 PM,FAILING TO YIELD RIGHT-OF-WAY,UNABLE TO DETERMINE,,2,NO INDICATION OF INJURY,0.0,0.0,0.0,0.0,0.0,3.0,0.0,14,4,10,41.969177233,-87.741664511,POINT (-87.74166451055 41.969177233246),POINT (1145151.0218509615 1931913.650343178),2023,4855 N ELSTON AVE
O1641732,DRIVER,9148c3336de70d13c5336de0a1dbbbc5b7929df71099c7ea59cfb81e83f89052f55c653785011f5ce4e49a118e1ffbda25aadc5c5c6122543a6f3f075551bd64,1562338.0,X,,DEPLOYMENT UNKNOWN,UNKNOWN,NO INDICATION OF INJURY,UNKNOWN,UNKNOWN,UNKNOWN,,,,,2023-08-18 20:15:00,35,CLEAR,DAYLIGHT,SIDESWIPE SAME DIRECTION,UNKNOWN,DRY,NO DEFECTS,NOT ON SCENE (DESK REPORT),NO INJURY / DRIVE AWAY,Y,"$501 - $1,500",08/18/2023 08:53:00 PM,NOT APPLICABLE,NOT APPLICABLE,,2,NO INDICATION OF INJURY,0.0,0.0,0.0,0.0,0.0,2.0,0.0,20,6,8,41.783328774,-87.671731631,POINT (-87.671731631384 41.783328773846),POINT (1164690.9931639205 1864329.824913473),2023,6050 S WOLCOTT AVE
O1633593,DRIVER,38fb51c3c559e4550327feb62e23db14d277a02222c40cce9b7b3c3fad35d1ca5cdd5581b9196193269ab89ceecac425a6ae97b6733983b0c42b4932c378d098,1554516.0,M,25.0,DEPLOYMENT UNKNOWN,UNKNOWN,NO INDICATION OF INJURY,UNKNOWN,UNKNOWN,UNKNOWN,,,,,2023-08-04 22:15:00,30,UNKNOWN,UNKNOWN,TURNING,UNKNOWN,UNKNOWN,UNKNOWN,NOT ON SCENE (DESK REPORT),NO INJURY / DRIVE AWAY,,"OVER $1,500",08/06/2023 12:45:00 PM,UNABLE TO DETERMINE,UNABLE TO DETERMINE,,2,NO INDICATION OF INJURY,0.0,0.0,0.0,0.0,0.0,2.0,0.0,22,6,8,41.909954982,-87.710836967,POINT (-87.710836967353 41.909954982273),POINT (1153691.1449766038 1910392.329096412),2023,3335 W NORTH AVE
O1666641,DRIVER,5f6a154aee9857435b4b6c4deb88eb439a7d168b95385e68ee76da23b4d842f2d90f41355f8f0b947781764e1d2172e33885a7b6e753affb88b328f68c1f408d,1586187.0,F,26.0,NOT APPLICABLE,NONE,NO INDICATION OF INJURY,OTHER,UNKNOWN,NORMAL,,,,,2023-09-22 16:25:00,30,CLEAR,DAYLIGHT,SIDESWIPE SAME DIRECTION,NOT DIVIDED,DRY,NO DEFECTS,ON SCENE,INJURY AND / OR TOW DUE TO CRASH,,"OVER $1,500",09/22/2023 04:33:00 PM,EQUIPMENT - VEHICLE CONDITION,NOT APPLICABLE,,2,NO INDICATION OF INJURY,0.0,0.0,0.0,0.0,0.0,7.0,0.0,16,6,9,41.899912348,-87.775147244,POINT (-87.775147243928 41.899912348352),POINT (1136209.8803660541 1906612.3175573966),2023,1053 N AUSTIN BLVD
O1703743,DRIVER,d686fa57abf08a702b0f71bef25855b4a680a2b451946859f60cdde73448865f0416ecb077fc816da71a3574bd0de68a8d23ca0e97ee4c9a9029cba67c87cd80,1621671.0,M,34.0,DID NOT DEPLOY,NONE,NO INDICATION OF INJURY,NONE,NOT OBSCURED,NORMAL,,,,,2023-11-15 08:30:00,30,CLEAR,DAYLIGHT,TURNING,NOT DIVIDED,DRY,NO DEFECTS,NOT ON SCENE (DESK REPORT),NO INJURY / DRIVE AWAY,,"OVER $1,500",11/15/2023 09:00:00 AM,UNABLE TO DETERMINE,UNABLE TO DETERMINE,,2,NO INDICATION OF INJURY,0.0,0.0,0.0,0.0,0.0,2.0,0.0,8,4,11,41.933404875,-87.668580331,POINT (-87.668580330908 41.93340487466),POINT (1165127.0543078014 1919023.8149654816),2023,2834 N ASHLAND AVE
O1621056,DRIVER,de62a9eb14bec18bf8302284ac3405e80223c6450d9bbc7df0bd50a50bd4e1a5d619b1f3565bc45a3d9ede93d7fd08db53e118405dc5bef53babd42a1d0ef050,1542582.0,F,,DID NOT DEPLOY,NONE,NO INDICATION OF INJURY,NONE,NOT OBSCURED,NORMAL,,,,,2023-07-19 08:45:00,30,CLEAR,DAYLIGHT,REAR END,NOT DIVIDED,DRY,NO DEFECTS,NOT ON SCENE (DESK REPORT),NO INJURY / DRIVE AWAY,,"OVER $1,500",07/19/2023 09:13:00 AM,UNABLE TO DETERMINE,UNABLE TO DETERMINE,,3,NO INDICATION OF INJURY,0.0,0.0,0.0,0.0,0.0,3.0,0.0,8,4,7,41.779570964,-87.703300888,POINT (-87.703300888033 41.779570963857),POINT (1156090.989443725 1862895.8393039496),2023,6242 S KEDZIE AVE
O1581619,BICYCLE,67768dce15b9eda50ed93cf3a105292f1b84b76f1db6c73dfda3c8b1c4aa9033ef7b3415ebfd1afe808cfe5501c02913ddba9dcccabfdebe88ede933fecfe6b3,,M,38.0,,NONE,NONINCAPACITATING INJURY,FOLLOWED TOO CLOSELY,NOT OBSCURED,NORMAL,WITH TRAFFIC,NO CONTRASTING CLOTHING,IN ROADWAY,,2023-05-22 18:19:00,30,CLEAR,DAYLIGHT,PEDALCYCLIST,NOT DIVIDED,DRY,NO DEFECTS,ON SCENE,INJURY AND / OR TOW DUE TO CRASH,,"$501 - $1,500",05/22/2023 06:20:00 PM,FOLLOWING TOO CLOSELY,NOT APPLICABLE,,2,NONINCAPACITATING INJURY,1.0,0.0,0.0,1.0,0.0,1.0,0.0,18,2,5,41.93164142,-87.746719911,POINT (-87.746719910646 41.931641420407),POINT (1143869.8481677521 1918226.0439892868),2023,4800 W DIVERSEY AVE
O1610473,NON-MOTOR VEHICLE,263cb89381a53be6e924597e16ee8a06db46372c77c9de41d02bb3f4e9d640688b0e646c7875aa7c953a84f79eff8b28144d0bcfb907c5b0bdb6fd997fd2c370,,M,11.0,NOT APPLICABLE,NONE,NONINCAPACITATING INJURY,OTHER,NOT OBSCURED,NORMAL,UNKNOWN/NA,NO CONTRASTING CLOTHING,UNKNOWN/NA,,2023-07-03 12:30:00,10,CLEAR,DAYLIGHT,OTHER OBJECT,ALLEY,DRY,UNKNOWN,ON SCENE,INJURY AND / OR TOW DUE TO CRASH,Y,"OVER $1,500",07/03/2023 01:19:00 PM,FAILING TO REDUCE SPEED TO AVOID CRASH,UNABLE TO DETERMINE,,2,NONINCAPACITATING INJURY,1.0,0.0,0.0,1.0,0.0,1.0,0.0,12,2,7,41.871828776,-87.719624255,POINT (-87.719624255255 41.871828776322),POINT (1151398.6368852265 1896481.934613812),2023,3744 W LEXINGTON ST
O1682831,DRIVER,27335cdcb5924ab601fad040324107374821bc269950e675d7ecbaba2e17ca90bb23cd90a70a112844a2b5d8ea9dd96f82af30424998f246545f046f3ed821b4,1601661.0,M,,DID NOT DEPLOY,NONE,NO INDICATION OF INJURY,UNKNOWN,UNKNOWN,NORMAL,,,,,2023-10-16 09:30:00,30,CLOUDY/OVERCAST,DAYLIGHT,REAR END,FOUR WAY,DRY,NO DEFECTS,NOT ON SCENE (DESK REPORT),NO INJURY / DRIVE AWAY,,"OVER $1,500",10/16/2023 11:15:00 AM,DISREGARDING TRAFFIC SIGNALS,FOLLOWING TOO CLOSELY,,2,NO INDICATION OF INJURY,0.0,0.0,0.0,0.0,0.0,2.0,0.0,9,2,10,41.876574418,-87.651726073,POINT (-87.651726072596 41.876574417577),POINT (1169877.6161342375 1898350.771377574),2023,401 S MORGAN ST
O1562075,DRIVER,fea7ba9c6884519d1bf709cb3e222c4506b336723f4b5def37a8e8ea39ccd7a68f605fdd3267fd90f33ee4310c164431a58a5cb5cd382f08466e952703b8a862,1485852.0,M,53.0,NOT APPLICABLE,NONE,NO INDICATION OF INJURY,FAILED TO YIELD,NOT OBSCURED,NORMAL,,,,,2023-04-25 09:30:00,30,RAIN,DAYLIGHT,REAR END,NOT DIVIDED,WET,NO DEFECTS,NOT ON SCENE (DESK REPORT),NO INJURY / DRIVE AWAY,,"$501 - $1,500",04/25/2023 09:45:00 AM,FAILING TO REDUCE SPEED TO AVOID CRASH,NOT APPLICABLE,,2,NO INDICATION OF INJURY,0.0,0.0,0.0,0.0,0.0,2.0,0.0,9,3,4,41.918872522,-87.677513085,POINT (-87.677513085143 41.918872521834),POINT (1162736.9731967032 1913709.481288515),2023,2035 N DAMEN AVE
O1535367,DRIVER,ff30cbc03d3eee08ac4760eda03ea4d751f0dc4f84467bdd7b0fc22d157ed0cfe9d85228c48e3f4c353e3d49eac86951bdb67b36b08cf6a87813803eca700f75,1460035.0,F,34.0,NOT APPLICABLE,NONE,NO INDICATION OF INJURY,NONE,NOT OBSCURED,NORMAL,,,,,2023-03-14 17:30:00,30,CLEAR,DAYLIGHT,SIDESWIPE SAME DIRECTION,NOT DIVIDED,DRY,NO DEFECTS,NOT ON SCENE (DESK REPORT),NO INJURY / DRIVE AWAY,,"OVER $1,500",03/14/2023 06:20:00 PM,FAILING TO YIELD RIGHT-OF-WAY,IMPROPER OVERTAKING/PASSING,,2,NO INDICATION OF INJURY,0.0,0.0,0.0,0.0,0.0,2.0,0.0,17,3,3,41.903950465,-87.635404625,POINT (-87.635404625082 41.903950464678),POINT (1174241.4502534696 1908362.3202800483),2023,220 W DIVISION ST
P363199,PASSENGER,0ea43f2a213dab134723e46d2a52480e69c71bbf8be1103a371fe290b98a7b012cef4b08ce6cdbe0cf5d0e061850a5330249b719ddb63d6dbc5cdf28bcd171af,1561797.0,F,,NOT APPLICABLE,NONE,NO INDICATION OF INJURY,,,,,,,,2023-08-18 03:13:00,30,CLEAR,"DARKNESS, LIGHTED ROAD",ANGLE,NOT DIVIDED,DRY,NO DEFECTS,ON SCENE,NO INJURY / DRIVE AWAY,,"$501 - $1,500",08/18/2023 03:22:00 AM,FAILING TO YIELD RIGHT-OF-WAY,NOT APPLICABLE,,2,NO INDICATION OF INJURY,0.0,0.0,0.0,0.0,0.0,5.0,0.0,3,6,8,41.899729699,-87.634173759,POINT (-87.63417375919 41.89972969912),POINT (1174589.055807923 1906826.9995172345),2023,925 N WELLS ST
O1648548,DRIVER,b3cab26e94928eff13ba4f90c8e96d7dbc7ed374079d7eb86c6a4c3f088c0bc2ecc4d495cd6bf0f79e80dc79605897cf116d382a5dd5e8944d4e5a324ad1b259,1568846.0,F,29.0,DID NOT DEPLOY,NONE,NO INDICATION OF INJURY,NONE,NOT OBSCURED,NORMAL,,,,,2023-08-28 07:15:00,30,CLEAR,DAYLIGHT,SIDESWIPE SAME DIRECTION,NOT DIVIDED,DRY,NO DEFECTS,NOT ON SCENE (DESK REPORT),NO INJURY / DRIVE AWAY,Y,"OVER $1,500",08/28/2023 03:20:00 PM,UNABLE TO DETERMINE,NOT APPLICABLE,,2,NO INDICATION OF INJURY,0.0,0.0,0.0,0.0,0.0,2.0,0.0,7,2,8,41.81483675,-87.743501481,POINT (-87.743501480634 41.81483675036),POINT (1145038.0806639264 1875668.676899343),2023,4300 S CICERO AVE
P373107,PASSENGER,0f0743e8dcdfe6dcd7aa55d085fcd005ddb12388dcf91392740283747d65f14ec829ceb798e22cc73b4c93c3bea7f1c71c0b20e8564e775019bf4e6252624b3b,1604881.0,F,,DEPLOYMENT UNKNOWN,NONE,NO INDICATION OF INJURY,,,,,,,,2023-10-20 23:30:00,35,CLEAR,"DARKNESS, LIGHTED ROAD",PARKED MOTOR VEHICLE,PARKING LOT,DRY,NO DEFECTS,ON SCENE,NO INJURY / DRIVE AWAY,,"OVER $1,500",10/20/2023 11:32:00 PM,UNABLE TO DETERMINE,UNABLE TO DETERMINE,,2,NO INDICATION OF INJURY,0.0,0.0,0.0,0.0,0.0,5.0,0.0,23,6,10,41.866291784,-87.724483149,POINT (-87.724483148745 41.86629178355),POINT (1150089.5830174047 1894454.8426439634),2023,3942 W ROOSEVELT RD
O1626272,DRIVER,833ef62c8d2df9250543905fe12c34276e76e43ebf9c1a24ba58cb1c23f2f0f11ca001e6585f1215694e947d74304288127dfce967741f8fda5694ae70f5eece,1547560.0,M,28.0,DID NOT DEPLOY,NONE,NO INDICATION OF INJURY,FOLLOWED TOO CLOSELY,NOT OBSCURED,NORMAL,,,,,2023-07-26 13:00:00,30,CLEAR,DAYLIGHT,TURNING,NOT DIVIDED,DRY,NO DEFECTS,NOT ON SCENE (DESK REPORT),INJURY AND / OR TOW DUE TO CRASH,,"OVER $1,500",07/26/2023 01:20:00 PM,FOLLOWING TOO CLOSELY,UNABLE TO DETERMINE,,2,"REPORTED, NOT EVIDENT",1.0,0.0,0.0,0.0,1.0,2.0,0.0,13,4,7,41.881990382,-87.739648348,POINT (-87.73964834804 41.881990382252),POINT (1145919.2780622402 1900146.448689674),2023,4540 W WASHINGTON BLVD
O1658544,DRIVER,033c88bf107423c57c53a858cee46e0313accb7af2fd38b85dc0c0bbd3f6e09180436e54f3ebb70cbbb5f7084bd10311b5f3e0d94a26acfc4dc7f9d4a9ad2e0a,1578433.0,M,53.0,DID NOT DEPLOY,UNKNOWN,NONINCAPACITATING INJURY,UNKNOWN,UNKNOWN,NORMAL,,,,,2023-09-10 03:00:00,30,CLEAR,DARKNESS,ANGLE,DIVIDED - W/MEDIAN (NOT RAISED),DRY,NO DEFECTS,NOT ON SCENE (DESK REPORT),INJURY AND / OR TOW DUE TO CRASH,Y,"OVER $1,500",09/11/2023 04:20:00 PM,UNABLE TO DETERMINE,NOT APPLICABLE,,2,NONINCAPACITATING INJURY,1.0,0.0,0.0,1.0,0.0,1.0,0.0,3,1,9,41.871334936,-87.745073572,POINT (-87.745073571962 41.871334936352),POINT (1144468.5150326483 1896253.4511033488),2023,726 S CICERO AVE
O1602052,DRIVER,a05df0137a74936c32fba405edc8bce174e098a747dc755279d7b5edac057f292bd6c6af639f8500be2d13c6c30bc08b1f67c24cda978389430b7615c22c0033,1524433.0,X,,DEPLOYMENT UNKNOWN,UNKNOWN,NO INDICATION OF INJURY,UNKNOWN,UNKNOWN,UNKNOWN,,,,,2023-06-20 22:00:00,35,CLEAR,"DARKNESS, LIGHTED ROAD",SIDESWIPE SAME DIRECTION,NOT DIVIDED,DRY,NO DEFECTS,NOT ON SCENE (DESK REPORT),NO INJURY / DRIVE AWAY,Y,"OVER $1,500",06/20/2023 11:30:00 PM,DRIVING SKILLS/KNOWLEDGE/EXPERIENCE,NOT APPLICABLE,,2,NO INDICATION OF INJURY,0.0,0.0,0.0,0.0,0.0,2.0,0.0,22,3,6,41.940692758,-87.651446806,POINT (-87.65144680645 41.940692758308),POINT (1169767.9284341778 1921716.1522835759),2023,3230 N CLARK ST
O1653026,DRIVER,374202e3d92678a4f448410e3d16bc1b8a0420d3799c336fe5c40223b251f3b7e4b5cfb71f23cd02f8ff1d54cd58085691e45f33115352eeacf963115c6cf2eb,1573148.0,M,29.0,NOT APPLICABLE,NONE,NO INDICATION OF INJURY,FAILED TO YIELD,NOT OBSCURED,NORMAL,,,,,2023-09-03 13:30:00,30,CLEAR,DAYLIGHT,PEDESTRIAN,FOUR WAY,DRY,NO DEFECTS,ON SCENE,INJURY AND / OR TOW DUE TO CRASH,,$500 OR LESS,09/03/2023 01:50:00 PM,FAILING TO YIELD RIGHT-OF-WAY,UNABLE TO DETERMINE,,2,NONINCAPACITATING INJURY,1.0,0.0,0.0,1.0,0.0,1.0,0.0,13,1,9,41.775274457,-87.703197333,POINT (-87.703197333057 41.775274457458),POINT (1156130.7062524091 1861330.4329834369),2023,6500 S KEDZIE AVE
O1702505,DRIVER,99c9ecc18b27b617a3586ea819df8ff1e5f00255351fe1b0c614eb2726096e5249aa9b061ee32ed3dd03f8109b8448c8cc7455f62098da63327b8bf33ade64f7,1620486.0,M,53.0,NOT APPLICABLE,NONE,NO INDICATION OF INJURY,NONE,NOT OBSCURED,NORMAL,,,,,2023-11-13 12:00:00,30,CLEAR,DAYLIGHT,ANGLE,FOUR WAY,DRY,NO DEFECTS,ON SCENE,NO INJURY / DRIVE AWAY,,"OVER $1,500",11/13/2023 12:15:00 PM,UNABLE TO DETERMINE,NOT APPLICABLE,,3,NO INDICATION OF INJURY,0.0,0.0,0.0,0.0,0.0,3.0,0.0,12,2,11,41.976201139,-87.905309125,POINT (-87.905309125103 41.976201139024),POINT (1100635.8917230505 1934208.3565550821),2023,10000 W OHARE ST
P349227,PASSENGER,f81729671392be805d821baa6692c5fda0d8039a050d00d2f1572ccfd1464e1eb52974c7a8dab01c89f89cddd8772a1aaabe683d5b61837c59baafd1dc00eb13,1503187.0,F,32.0,NOT APPLICABLE,NONE,NO INDICATION OF INJURY,,,,,,,,2023-05-20 15:10:00,30,CLEAR,DAYLIGHT,REAR END,T-INTERSECTION,DRY,NO DEFECTS,ON SCENE,NO INJURY / DRIVE AWAY,Y,"$501 - $1,500",05/20/2023 03:14:00 PM,UNABLE TO DETERMINE,UNABLE TO DETERMINE,,2,NO INDICATION OF INJURY,0.0,0.0,0.0,0.0,0.0,4.0,0.0,15,7,5,41.990509755,-87.682972227,POINT (-87.682972226868 41.990509754987),POINT (1161053.107440468 1939803.0231163865),2023,2113 W PETERSON AVE