PERSON_ID,PERSON_TYPE,CRASH_RECORD_ID,VEHICLE_ID,SEX,AGE,AIRBAG_DEPLOYED,EJECTION,INJURY_CLASSIFICATION,DRIVER_ACTION,DRIVER_VISION,PHYSICAL_CONDITION,PEDPEDAL_ACTION,PEDPEDAL_VISIBILITY,PEDPEDAL_LOCATION,CRASH_DATE_EST_I,CRASH_DATE,POSTED_SPEED_LIMIT,WEATHER_CONDITION,LIGHTING_CONDITION,FIRST_CRASH_TYPE,TRAFFICWAY_TYPE,ROADWAY_SURFACE_COND,ROAD_DEFECT,REPORT_TYPE,CRASH_TYPE,HIT_AND_RUN_I,DAMAGE,DATE_POLICE_NOTIFIED,PRIM_CONTRIBUTORY_CAUSE,SEC_CONTRIBUTORY_CAUSE,DOORING_I,NUM_UNITS,MOST_SEVERE_INJURY,INJURIES_TOTAL,INJURIES_FATAL,INJURIES_INCAPACITATING,INJURIES_NON_INCAPACITATING,INJURIES_REPORTED_NOT_EVIDENT,INJURIES_NO_INDICATION,INJURIES_UNKNOWN,CRASH_HOUR,CRASH_DAY_OF_WEEK,CRASH_MONTH,LATITUDE,LONGITUDE,LOCATION,geometry,YEAR,ADDRESS
P365243,PASSENGER,b5ece468a6bf4f53c7eea5af15c2964c9cbcadc96ad95200ba4f15b168623d78d3aaba120f131becec2acbe2af67d25b0c47383082873b25723a12200ed909c1,1570601.0,F,40.0,DID NOT DEPLOY,NONE,NO INDICATION OF INJURY,,,,,,,,2023-08-30 22:37:00,30,CLEAR,"DARKNESS, LIGHTED ROAD",SIDESWIPE SAME DIRECTION,DIVIDED - W/MEDIAN BARRIER,DRY,NO DEFECTS,ON SCENE,INJURY AND / OR TOW DUE TO CRASH,,"OVER $1,500",08/30/2023 10:37:00 PM,UNDER THE INFLUENCE OF ALCOHOL/DRUGS (USE WHEN ARREST IS EFFECTED),FAILING TO REDUCE SPEED TO AVOID CRASH,,3,NO INDICATION OF INJURY,0.0,0.0,0.0,0.0,0.0,3.0,0.0,22,4,8,41.893623806,-87.656677685,POINT (-87.656677685264 41.893623805611),POINT (1168480.1080302445 1904552.8863014881),2023,643 N OGDEN AVE
O1511434,DRIVER,6218a99de9207b09001022c854988960c51ca64c765dfa7ff484f5d4c8e79706a5df9178829deba555b385c9c0f7f185cb3e4f0d79e46149d8b31aa41599491a,1437005.0,M,,DID NOT DEPLOY,NONE,NO INDICATION OF INJURY,FAILED TO YIELD,NOT OBSCURED,NORMAL,,,,,2023-02-04 08:57:00,30,CLEAR,DAYLIGHT,ANGLE,FOUR WAY,DRY,NO DEFECTS,NOT ON SCENE (DESK REPORT),NO INJURY / DRIVE AWAY,,"OVER $1,500",02/04/2023 11:15:00 AM,FAILING TO YIELD RIGHT-OF-WAY,FAILING TO YIELD RIGHT-OF-WAY,,2,NO INDICATION OF INJURY,0.0,0.0,0.0,0.0,0.0,2.0,0.0,8,7,2,41.893164653,-87.632783564,POINT (-87.632783563812 41.89316465268),POINT (1174987.0584226898 1904437.78257721),2023,628 N LA SALLE DR
P363751,PASSENGER,dbcc9bf0c12662cd591992cf5486a9868174e70d551cca91cf30b1c39807d861e0a4e98f7b55bcec51ba4ce7689c041363c91effd12782df128bf2a3e3dfc560,1563685.0,F,20.0,NOT APPLICABLE,NONE,NONINCAPACITATING INJURY,,,,,,,,2023-08-20 04:00:00,30,CLEAR,"DARKNESS, LIGHTED ROAD",ANGLE,FOUR WAY,DRY,NO DEFECTS,ON SCENE,INJURY AND / OR TOW DUE TO CRASH,,"$501 - $1,500",08/20/2023 11:20:00 PM,DRIVING SKILLS/KNOWLEDGE/EXPERIENCE,UNABLE TO DETERMINE,,2,NONINCAPACITATING INJURY,2.0,0.0,0.0,2.0,0.0,1.0,0.0,4,1,8,41.912874937,-87.633265639,POINT (-87.633265638884 41.912874937441),POINT (1174797.1898496838 1911619.1515397972),2023,1700 N LA SALLE DR
O1493301,DRIVER,c23009b7b7709549ed35988126c205c2a638b87da517fcddc5c31dc8e7398b0e4795202dd2848db8c1c3f76eb291e6a7d51e5cd10c6c965166dab96fc2de99ea,1419575.0,F,65.0,DID NOT DEPLOY,NONE,NO INDICATION OF INJURY,DISREGARDED CONTROL DEVICES,UNKNOWN,NORMAL,,,,,2023-01-04 13:06:00,30,CLOUDY/OVERCAST,DAYLIGHT,OTHER NONCOLLISION,DIVIDED - W/MEDIAN BARRIER,WET,OTHER,ON SCENE,INJURY AND / OR TOW DUE TO CRASH,,"OVER $1,500",01/04/2023 01:11:00 PM,DISREGARDING OTHER TRAFFIC SIGNS,NOT APPLICABLE,,1,NO INDICATION OF INJURY,0.0,0.0,0.0,0.0,0.0,1.0,0.0,13,4,1,41.768265456,-87.679546299,POINT (-87.679546298979 41.768265455984),POINT (1162601.3894125225 1858824.566101498),2023,2223 W 69TH ST
O1721272,DRIVER,7e01b735217acdfcf3091a0b43fcbe7e5c239d04468ffa6d4a877cd018e73fdd3a61fccbde9f0728edc6e7ae32f8c2751190251bf31c0e40ab0c3d52e25093b5,1638559.0,M,37.0,NOT APPLICABLE,NONE,NO INDICATION OF INJURY,NONE,UNKNOWN,NORMAL,,,,,2023-12-12 12:13:00,30,CLEAR,DAYLIGHT,ANGLE,NOT DIVIDED,DRY,NO DEFECTS,ON SCENE,NO INJURY / DRIVE AWAY,,"$501 - $1,500",12/12/2023 12:30:00 PM,FAILING TO YIELD RIGHT-OF-WAY,FAILING TO YIELD RIGHT-OF-WAY,,2,NO INDICATION OF INJURY,0.0,0.0,0.0,0.0,0.0,3.0,0.0,12,3,12,41.982162752,-87.763234359,POINT (-87.763234358507 41.982162752498),POINT (1139253.7099922404 1936605.857646062),2023,5550 N ELSTON AVE
O1628518,DRIVER,58440970c4e220d40e92fca4fbff453bb5eefae9b0b3ed08905528ac0f5094c4c026d78eae2d09e7fa4516c1a41fdf528ca427b27107e1ce84a828a4be61763e,1549708.0,M,20.0,"DEPLOYED, COMBINATION",NONE,NO INDICATION OF INJURY,OTHER,UNKNOWN,FATIGUED/ASLEEP,,,,,2023-07-30 05:19:00,35,CLEAR,DAYLIGHT,PARKED MOTOR VEHICLE,NOT DIVIDED,DRY,UNKNOWN,ON SCENE,INJURY AND / OR TOW DUE TO CRASH,,"OVER $1,500",07/30/2023 07:51:00 AM,PHYSICAL CONDITION OF DRIVER,PHYSICAL CONDITION OF DRIVER,,3,NO INDICATION OF INJURY,0.0,0.0,0.0,0.0,0.0,1.0,0.0,5,1,7,41.696865836,-87.535136134,POINT (-87.535136133907 41.696865836466),POINT (1202237.653420393 1833139.7214747493),2023,10913 S EWING AVE
O1589698,DRIVER,644a956cd15c4e39e93ac2965350ce8040dbf37cbdcbb669ed727acd45ebbbdd8a394ae2dc9cbda6fdbfc0a32c3266585878abc1431974986cef243258248df0,1512588.0,M,32.0,"DEPLOYED, COMBINATION",NONE,NONINCAPACITATING INJURY,NONE,NOT OBSCURED,NORMAL,,,,N,2023-06-03 03:44:00,30,CLEAR,"DARKNESS, LIGHTED ROAD",ANGLE,FOUR WAY,DRY,NO DEFECTS,ON SCENE,INJURY AND / OR TOW DUE TO CRASH,,"OVER $1,500",06/03/2023 03:45:00 AM,FAILING TO YIELD RIGHT-OF-WAY,NOT APPLICABLE,,2,NONINCAPACITATING INJURY,1.0,0.0,0.0,1.0,0.0,3.0,0.0,3,7,6,41.852526166,-87.661290065,POINT (-87.661290064695 41.852526165608),POINT (1167341.5631791374 1889567.0971736144),2023,1400 W CERMAK RD
O1548792,DRIVER,5c48c4010557de880502f61f11139746a6cb2984a1db3d423986aa0dbfb5ac6f5ba48df716cbff288faa9ba6bdf9f9beb2cdd58aeb1231d18b6677d1db563384,1473001.0,F,,DEPLOYMENT UNKNOWN,NONE,NO INDICATION OF INJURY,FOLLOWED TOO CLOSELY,UNKNOWN,UNKNOWN,,,,,2023-04-05 07:40:00,30,RAIN,DAYLIGHT,REAR END,DIVIDED - W/MEDIAN BARRIER,WET,UNKNOWN,NOT ON SCENE (DESK REPORT),NO INJURY / DRIVE AWAY,Y,"OVER $1,500",04/05/2023 08:30:00 AM,FOLLOWING TOO CLOSELY,UNABLE TO DETERMINE,,2,NO INDICATION OF INJURY,0.0,0.0,0.0,0.0,0.0,2.0,0.0,7,4,4,41.949369032,-87.643742765,POINT (-87.643742765453 41.9493690323),POINT (1171838.508355162 1924894.5814123715),2023,3625 N LAKE SHORE DR
O1500518,DRIVER,bd30e7a4bdffb33c0a19f66492928c18b0095f257ff5ce6b0aff430106476fbd62a64dba607949162fb2b4bcdf66ea3f4ee639628fb3bd550c4091aa3e6fca6f,1426539.0,M,24.0,DID NOT DEPLOY,NONE,NO INDICATION OF INJURY,IMPROPER BACKING,UNKNOWN,UNKNOWN,,,,,2023-01-17 19:38:00,30,CLEAR,"DARKNESS, LIGHTED ROAD",PARKED MOTOR VEHICLE,NOT DIVIDED,DRY,NO DEFECTS,ON SCENE,INJURY AND / OR TOW DUE TO CRASH,,"OVER $1,500",01/17/2023 07:39:00 PM,IMPROPER BACKING,NOT APPLICABLE,,3,NO INDICATION OF INJURY,0.0,0.0,0.0,0.0,0.0,2.0,0.0,19,3,1,41.893736851,-87.716203733,POINT (-87.716203732759 41.893736850838),POINT (1152272.8396958287 1904471.8876295567),2023,3558 W HURON ST
P371780,PASSENGER,678bf5ceeeea707bb85a2f5f51997eb22708548b1ae41f5a9bf79035f84acdedec504257ab5db2742fc9cd2e3fab952d7779e8d7b974f8f047c983d6a2c2371c,1599384.0,M,,DID NOT DEPLOY,NONE,NO INDICATION OF INJURY,,,,,,,,2023-10-12 19:50:00,30,CLEAR,"DARKNESS, LIGHTED ROAD",ANGLE,FOUR WAY,DRY,NO DEFECTS,NOT ON SCENE (DESK REPORT),NO INJURY / DRIVE AWAY,Y,"OVER $1,500",10/12/2023 10:30:00 PM,IMPROPER OVERTAKING/PASSING,NOT APPLICABLE,,2,NO INDICATION OF INJURY,0.0,0.0,0.0,0.0,0.0,3.0,0.0,19,5,10,41.879602516,-87.73529506,POINT (-87.735295059571 41.879602516251),POINT (1147110.8115698984 1899284.5449240603),2023,101 S KOSTNER AVE
P351967,PASSENGER,0bea1d504bd9b63c43f8820615092db579b0515024def070457a86fcc1f7ae23f91ecaee331659e9525cb8eb75fbd8695a77bf4102f0ee8b94f3a840bde4d5ca,1514790.0,F,32.0,DID NOT DEPLOY,NONE,NO INDICATION OF INJURY,,,,,,,,2023-06-06 11:42:00,30,CLEAR,DAYLIGHT,TURNING,NOT DIVIDED,DRY,NO DEFECTS,ON SCENE,INJURY AND / OR TOW DUE TO CRASH,,"OVER $1,500",06/06/2023 11:43:00 AM,IMPROPER LANE USAGE,DRIVING SKILLS/KNOWLEDGE/EXPERIENCE,,2,NONINCAPACITATING INJURY,1.0,0.0,0.0,1.0,0.0,4.0,0.0,11,3,6,41.972349283,-87.746825086,POINT (-87.746825085785 41.97234928256),POINT (1143739.7137835273 1933059.9083478334),2023,5033 N ELSTON AVE
O1538471,DRIVER,fb1252c466413a5776b8c96b3a3c4b5d29737faa475413ea3561086c26a406015fa58072ac67ed9e59000e3d25cb6cd049ab1cf6b9f71d3f27acfccb9f0d4699,1463002.0,F,42.0,NOT APPLICABLE,NONE,NO INDICATION OF INJURY,TOO FAST FOR CONDITIONS,UNKNOWN,EMOTIONAL,,,,,2023-03-19 15:12:00,30,CLEAR,DAYLIGHT,PEDESTRIAN,ALLEY,DRY,UNKNOWN,ON SCENE,INJURY AND / OR TOW DUE TO CRASH,,$500 OR LESS,03/19/2023 03:14:00 PM,UNABLE TO DETERMINE,DRIVING SKILLS/KNOWLEDGE/EXPERIENCE,,2,NONINCAPACITATING INJURY,1.0,0.0,0.0,1.0,0.0,1.0,0.0,15,1,3,41.994461704,-87.658709689,POINT (-87.658709689253 41.994461703645),POINT (1167637.6563572069 1941294.1620045283),2023,1109 W GRANVILLE AVE
O1690383,DRIVER,ca92d4d21461dc308befad60d034918815e7fb24a16767aa48732459446b6bb53c17bb3f54599086e0583c86013a6ca9f966d5096f8adb1b7b60e45b0ff29fcc,1608876.0,M,61.0,DID NOT DEPLOY,NONE,NO INDICATION OF INJURY,OTHER,UNKNOWN,UNKNOWN,,,,,2023-10-25 19:00:00,30,RAIN,DARKNESS,REAR END,ONE-WAY,UNKNOWN,UNKNOWN,NOT ON SCENE (DESK REPORT),NO INJURY / DRIVE AWAY,,"$501 - $1,500",10/26/2023 07:16:00 PM,IMPROPER OVERTAKING/PASSING,UNABLE TO DETERMINE,,2,NO INDICATION OF INJURY,0.0,0.0,0.0,0.0,0.0,2.0,0.0,19,4,10,41.953543477,-87.644300597,POINT (-87.644300596842 41.953543477274),POINT (1171674.5314860712 1926414.5436633378),2023,3920 N RECREATION DR
O1511546,DRIVER,518c5144cf71f3e21caebbaa45a298cec9f88b9fe6cd00fc23537b8087f6917bbc43d8334079a83b30c3cc1e1f7229c938a227835e45f659300657ac2686bae2,1437124.0,F,32.0,DEPLOYMENT UNKNOWN,UNKNOWN,NO INDICATION OF INJURY,IMPROPER BACKING,UNKNOWN,UNKNOWN,,,,,2023-02-04 12:45:00,30,UNKNOWN,UNKNOWN,ANGLE,ALLEY,UNKNOWN,UNKNOWN,NOT ON SCENE (DESK REPORT),NO INJURY / DRIVE AWAY,Y,"OVER $1,500",02/04/2023 02:00:00 PM,UNABLE TO DETERMINE,UNABLE TO DETERMINE,,2,NO INDICATION OF INJURY,0.0,0.0,0.0,0.0,0.0,2.0,0.0,12,7,2,41.922344328,-87.689979505,POINT (-87.689979504986 41.922344327595),POINT (1159334.6256488618 1914948.912164271),2023,2515 W LYNDALE ST
O1679533,DRIVER,ea533b4bfa71fcf29f84f6c464516938b1660e75bc7c74b00b43262472e6105ac0d717af1caba55ff77c1ca8d4d320bfc6082858d2384c645b3ec20f321c167b,1598505.0,M,87.0,NOT APPLICABLE,NONE,NO INDICATION OF INJURY,FAILED TO YIELD,NOT OBSCURED,NORMAL,,,,,2023-10-11 14:30:00,30,CLEAR,DAYLIGHT,TURNING,NOT DIVIDED,DRY,NO DEFECTS,NOT ON SCENE (DESK REPORT),NO INJURY / DRIVE AWAY,,$500 OR LESS,10/11/2023 05:05:00 PM,FAILING TO YIELD RIGHT-OF-WAY,NOT APPLICABLE,,2,NO INDICATION OF INJURY,0.0,0.0,0.0,0.0,0.0,2.0,0.0,14,4,10,41.978799245,-87.692783932,POINT (-87.692783931885 41.978799245007),POINT (1158417.6613120656 1935515.54778172),2023,5336 N LINCOLN AVE
O1583126,DRIVER,12a80ac327ba063a596ffb4f230081a9ba19f54379de2e288361308dd876ea53598fa9c7a15f75d9a9dc4540274d505bc0319b6c5273e0c65401f7e6ca27e8b3,1506235.0,F,23.0,NOT APPLICABLE,NONE,NO INDICATION OF INJURY,OTHER,NOT OBSCURED,NORMAL,,,,,2023-05-24 23:45:00,30,CLEAR,"DARKNESS, LIGHTED ROAD",REAR END,ONE-WAY,DRY,NO DEFECTS,ON SCENE,NO INJURY / DRIVE AWAY,,$500 OR LESS,05/24/2023 11:50:00 PM,UNABLE TO DETERMINE,UNABLE TO DETERMINE,,2,NO INDICATION OF INJURY,0.0,0.0,0.0,0.0,0.0,3.0,0.0,23,4,5,41.705520297,-87.701458042,POINT (-87.701458042202 41.705520296559),POINT (1156791.7593536028 1835916.2055705576),2023,10320 S KEDZIE AVE
P364352,PASSENGER,f291691f4d8f22d5d0a036f88b91c3d465061175ba02b3f1045039d0b5dba0efa8dcf0fe15ff3346add83ee57b4583780174e6a84dca152e04e4c66d25cf6e01,1566815.0,F,24.0,DID NOT DEPLOY,NONE,NO INDICATION OF INJURY,,,,,,,,2023-08-25 13:40:00,30,CLEAR,DAYLIGHT,TURNING,NOT DIVIDED,DRY,UNKNOWN,NOT ON SCENE (DESK REPORT),NO INJURY / DRIVE AWAY,,"OVER $1,500",08/25/2023 03:44:00 PM,DRIVING SKILLS/KNOWLEDGE/EXPERIENCE,NOT APPLICABLE,,2,NO INDICATION OF INJURY,0.0,0.0,0.0,0.0,0.0,3.0,0.0,13,6,8,41.932290427,-87.686937956,POINT (-87.686937956093 41.93229042684),POINT (1160135.0447104585 1918579.5126018606),2023,2336 W DIVERSEY AVE
O1646245,DRIVER,1944d1f3e627ae4278175882de9099914abc9d7156eacf3dd56cf24802afe76edf01c4d2d5d1d8570df2c58d1759bb97a6f7e23a5bd08492ab1e6c27c3f0d20b,1566632.0,X,,DEPLOYMENT UNKNOWN,NONE,NO INDICATION OF INJURY,UNKNOWN,UNKNOWN,UNKNOWN,,,,,2023-08-25 01:00:00,25,CLEAR,"DARKNESS, LIGHTED ROAD",PARKED MOTOR VEHICLE,ONE-WAY,DRY,NO DEFECTS,NOT ON SCENE (DESK REPORT),NO INJURY / DRIVE AWAY,Y,"OVER $1,500",08/25/2023 10:00:00 AM,UNABLE TO DETERMINE,NOT APPLICABLE,,2,NO INDICATION OF INJURY,0.0,0.0,0.0,0.0,0.0,1.0,0.0,1,6,8,41.884757546,-87.664105234,POINT (-87.664105234353 41.884757545628),POINT (1166483.0291448298 1901306.1645721444),2023,1454 W RANDOLPH ST
O1731475,PEDESTRIAN,a796a8e371db433b9b22a8c2ce08fb3ea3983ee5afbfc580282155e7446048b443299e1acddd7e50265b6bee6c4874caa28b333474e455b509d646dcc77770b6,,F,26.0,,,NONINCAPACITATING INJURY,NONE,NOT OBSCURED,NORMAL,CROSSING - WITH SIGNAL,NO CONTRASTING CLOTHING,IN CROSSWALK,,2023-12-28 16:05:00,30,RAIN,DUSK,PEDESTRIAN,FOUR WAY,WET,NO DEFECTS,ON SCENE,INJURY AND / OR TOW DUE TO CRASH,,$500 OR LESS,12/28/2023 04:07:00 PM,FAILING TO YIELD RIGHT-OF-WAY,WEATHER,,2,NONINCAPACITATING INJURY,1.0,0.0,0.0,1.0,0.0,1.0,0.0,16,5,12,41.951273912,-87.649471564,POINT (-87.649471563998 41.95127391162),POINT (1170274.5632877932 1925576.2393634075),2023,3801 N BROADWAY
O1674310,DRIVER,1bed19e3a4a8a2494ec83a92070ec75f8408bdffad1c6eb6792d31daa113e9ddcf9f70805a502f94b1e813bbf7142ebf4daac7d48088c203449b24ff95f1e092,1593499.0,X,,DEPLOYMENT UNKNOWN,NONE,NO INDICATION OF INJURY,OTHER,UNKNOWN,UNKNOWN,,,,,2023-10-04 01:45:00,30,CLEAR,"DARKNESS, LIGHTED ROAD",PARKED MOTOR VEHICLE,ONE-WAY,DRY,UNKNOWN,ON SCENE,INJURY AND / OR TOW DUE TO CRASH,Y,"OVER $1,500",10/04/2023 02:41:00 AM,DRIVING SKILLS/KNOWLEDGE/EXPERIENCE,UNABLE TO DETERMINE,,2,NO INDICATION OF INJURY,0.0,0.0,0.0,0.0,0.0,1.0,0.0,1,4,10,41.77890289,-87.686227048,POINT (-87.686227047916 41.778902889871),POINT (1160749.723836374 1862686.980100265),2023,6308 S CAMPBELL AVE
O1555914,DRIVER,5f7fa9bdfb788f06f1ebcfc52453eddf771447c3a55c51e4e76a8b9bd06bd2d692580ebc2a0cb74ea5b2593026a836bb426fb9a9b79380a515b6bf6dfd3b7ce2,1479869.0,M,41.0,DID NOT DEPLOY,NONE,NO INDICATION OF INJURY,NONE,NOT OBSCURED,NORMAL,,,,,2023-04-15 21:05:00,30,CLEAR,"DARKNESS, LIGHTED ROAD",TURNING,FOUR WAY,DRY,NO DEFECTS,NOT ON SCENE (DESK REPORT),NO INJURY / DRIVE AWAY,,$500 OR LESS,04/15/2023 09:45:00 PM,UNABLE TO DETERMINE,UNABLE TO DETERMINE,,2,NO INDICATION OF INJURY,0.0,0.0,0.0,0.0,0.0,4.0,0.0,21,7,4,41.939248305,-87.723542716,POINT (-87.72354271611 41.939248304985),POINT (1150156.7640764443 1921042.009694851),2023,3832 W BELMONT AVE
O1604952,DRIVER,8a2ee5ce1e3a8462225990cbce9215562cce35bbac3e10f521a446eb3d5d0d7a58db9d68cb42e708c4aef896899e304563b09a6ad24ec032a5536dadf9062ed7,1527205.0,M,,NOT APPLICABLE,NONE,NO INDICATION OF INJURY,FAILED TO YIELD,UNKNOWN,UNKNOWN,,,,,2023-06-25 02:10:00,30,CLEAR,DARKNESS,PARKED MOTOR VEHICLE,NOT DIVIDED,DRY,NO DEFECTS,NOT ON SCENE (DESK REPORT),INJURY AND / OR TOW DUE TO CRASH,Y,"OVER $1,500",06/25/2023 02:30:00 AM,UNABLE TO DETERMINE,NOT APPLICABLE,,2,"REPORTED, NOT EVIDENT",1.0,0.0,0.0,0.0,1.0,2.0,0.0,2,1,6,41.94372403,-87.64950601,POINT (-87.649506009952 41.943724030387),POINT (1170287.1432757846 1922824.9630418052),2023,800 W ROSCOE ST
P360507,PASSENGER,b592cc55ef966068ba9cc8f4d92dce378983f6d3cc36dc32cbce24dfa11a81f5f6c9646a835bb73e47517a85175506bb1cd8ed8ad0685e1764c8e35d64691be3,1550077.0,F,,DID NOT DEPLOY,NONE,NO INDICATION OF INJURY,,,,,,,,2023-07-30 18:59:00,30,CLEAR,DAYLIGHT,REAR TO FRONT,NOT DIVIDED,DRY,NO DEFECTS,NOT ON SCENE (DESK REPORT),NO INJURY / DRIVE AWAY,,"$501 - $1,500",07/30/2023 07:00:00 PM,IMPROPER BACKING,NOT APPLICABLE,,2,NO INDICATION OF INJURY,0.0,0.0,0.0,0.0,0.0,3.0,0.0,18,1,7,41.869133597,-87.627120626,POINT (-87.627120626432 41.869133597227),POINT (1176600.9617116037 1895693.5222280554),2023,11 E 11TH ST
O1652711,DRIVER,d680a472da79de1c32e462510b1611a3a306d21431b0b804f0cf6a79fb66efee1eba8f7362abaf4f62a2f95188ec45e9e57fb29fb2b2631c5265dc807d92f570,1573480.0,M,20.0,NOT APPLICABLE,NONE,NO INDICATION OF INJURY,NONE,NOT OBSCURED,NORMAL,,,,,2023-09-02 23:00:00,30,CLEAR,"DARKNESS, LIGHTED ROAD",SIDESWIPE SAME DIRECTION,NOT DIVIDED,DRY,NO DEFECTS,NOT ON SCENE (DESK REPORT),NO INJURY / DRIVE AWAY,Y,"$501 - $1,500",09/02/2023 11:55:00 PM,UNABLE TO DETERMINE,UNABLE TO DETERMINE,,2,NO INDICATION OF INJURY,0.0,0.0,0.0,0.0,0.0,2.0,0.0,23,7,9,41.96210217,-87.646218581,POINT (-87.646218581278 41.962102169633),POINT (1171127.8080841906 1929529.176319574),2023,614 W MONTROSE DR
O1697596,DRIVER,3ec1db455ff0f6badf6f95638d444651c1f0f6e9f78595b27e248db4bc00d4b8b22c250636f80128b7f9df85d1425416d3d7a1aa7073c3b1d7bb43d188915cba,1615786.0,X,,DEPLOYMENT UNKNOWN,UNKNOWN,NO INDICATION OF INJURY,UNKNOWN,UNKNOWN,UNKNOWN,,,,,2023-11-05 17:00:00,15,CLEAR,DAWN,PEDESTRIAN,ONE-WAY,DRY,UNKNOWN,ON SCENE,INJURY AND / OR TOW DUE TO CRASH,Y,$500 OR LESS,11/05/2023 05:01:00 PM,UNABLE TO DETERMINE,NOT APPLICABLE,,2,NONINCAPACITATING INJURY,1.0,0.0,0.0,1.0,0.0,1.0,0.0,17,1,11,41.749732895,-87.669630078,POINT (-87.669630078051 41.74973289535),POINT (1165358.6234583852 1852092.1808411581),2023,7916 S HONORE ST
P340208,PASSENGER,dd004274808b96da25e1657243e3c63dae71afa92e8cb3c8954a02cbedd05caa04767c9cc4626fa4728fefba3e6eecd77eb985ee1c7aa87c9b6f7cf7f7ad0347,1464292.0,,,NOT APPLICABLE,NONE,NO INDICATION OF INJURY,,,,,,,,2023-03-21 18:00:00,40,CLEAR,DAYLIGHT,REAR END,DIVIDED - W/MEDIAN BARRIER,DRY,UNKNOWN,ON SCENE,NO INJURY / DRIVE AWAY,,"OVER $1,500",03/21/2023 06:15:00 PM,UNABLE TO DETERMINE,UNABLE TO DETERMINE,,2,NO INDICATION OF INJURY,0.0,0.0,0.0,0.0,0.0,6.0,0.0,18,3,3,41.940466167,-87.638067287,POINT (-87.638067287063 41.940466166652),POINT (1173408.725535045 1921662.8216691576),2023,3199 N LAKE SHORE DR NB
O1667657,DRIVER,cfceb725e7c19edb799234ec3b50e2da0a9aefca9572c9a6c36f98111ae38e97e2bfacf54780c9a02d549bef76b906caa81023926ad52a36695b6b0d12ee602a,1587156.0,M,22.0,DID NOT DEPLOY,UNKNOWN,NO INDICATION OF INJURY,UNKNOWN,UNKNOWN,UNKNOWN,,,,,2023-09-24 04:07:00,30,CLEAR,"DARKNESS, LIGHTED ROAD",REAR END,NOT DIVIDED,DRY,NO DEFECTS,ON SCENE,INJURY AND / OR TOW DUE TO CRASH,Y,"OVER $1,500",09/24/2023 04:27:00 AM,UNABLE TO DETERMINE,UNABLE TO DETERMINE,,3,NO INDICATION OF INJURY,0.0,0.0,0.0,0.0,0.0,2.0,0.0,4,1,9,41.670444334,-87.661088479,POINT (-87.661088479127 41.67044433426),POINT (1167914.9899242606 1823218.4527533413),2023,1598 W 123RD ST
P342696,PASSENGER,a3642ae8aa3a26b05cb7ea38b611db9eec603d0516866024cba221a22e9a015bb869bac82316bc5d4bda13ecf72d222e12ac2b129660b56887888f40229c738c,1475056.0,F,,NOT APPLICABLE,NONE,NO INDICATION OF INJURY,,,,,,,,2023-04-08 19:05:00,30,UNKNOWN,UNKNOWN,TURNING,TRAFFIC ROUTE,UNKNOWN,UNKNOWN,NOT ON SCENE (DESK REPORT),NO INJURY / DRIVE AWAY,Y,"$501 - $1,500",04/08/2023 07:30:00 PM,IMPROPER TURNING/NO SIGNAL,UNABLE TO DETERMINE,,2,NO INDICATION OF INJURY,0.0,0.0,0.0,0.0,0.0,4.0,0.0,19,7,4,41.722257273,-87.585275565,POINT (-87.585275565077 41.722257273006),POINT (1188464.1016118622 1842269.1655380244),2023,9500 S STONY ISLAND AVE
O1605540,DRIVER,cc5a675806e3919b7c07ea83532fd195aeb9b738e75abcff21c7bd3c23e2b002aec8b300120ca5986ebc177f18abb91b1d27bb5e3cf9db24528e6be7fab2d73d,1527761.0,M,23.0,NOT APPLICABLE,NONE,NO INDICATION OF INJURY,FAILED TO YIELD,WINDSHIELD (WATER/ICE),NORMAL,,,,,2023-06-25 21:49:00,30,RAIN,"DARKNESS, LIGHTED ROAD",REAR END,Y-INTERSECTION,WET,NO DEFECTS,NOT ON SCENE (DESK REPORT),NO INJURY / DRIVE AWAY,,"OVER $1,500",06/25/2023 10:50:00 PM,FOLLOWING TOO CLOSELY,DRIVING SKILLS/KNOWLEDGE/EXPERIENCE,,2,NO INDICATION OF INJURY,0.0,0.0,0.0,0.0,0.0,2.0,0.0,21,1,6,41.852107766,-87.666111941,POINT (-87.666111940637 41.852107765688),POINT (1166029.0686312793 1889404.3889614416),2023,2203 S BLUE ISLAND AVE
O1708698,DRIVER,1d4582bf40659d981031eb2b000ba8f49c65ee761185446fa53ff78299725d86995742301e529c9542f11480cf799f31afc586536d66b96f684980df82b01459,1626433.0,F,22.0,DID NOT DEPLOY,NONE,NO INDICATION OF INJURY,NONE,NOT OBSCURED,NORMAL,,,,,2023-11-12 18:00:00,30,UNKNOWN,"DARKNESS, LIGHTED ROAD",REAR END,NOT DIVIDED,UNKNOWN,UNKNOWN,NOT ON SCENE (DESK REPORT),NO INJURY / DRIVE AWAY,Y,$500 OR LESS,11/22/2023 02:59:00 PM,UNABLE TO DETERMINE,NOT APPLICABLE,,2,NO INDICATION OF INJURY,0.0,0.0,0.0,0.0,0.0,2.0,0.0,18,1,11,41.928744078,-87.702575302,POINT (-87.702575302053 41.928744078365),POINT (1155889.5900882452 1917255.525211602),2023,2600 N SACRAMENTO AVE
O1570854,DRIVER,6f463fc45ed6fe1e062f44bb6a162cfd8cf7e1c24e0c9d583f031a0d350873cb87bfb56d1a1c0e075f88a2ccd7e20cce02612f6c7d8109a218585c69cb8bc4e4,1494363.0,M,37.0,NOT APPLICABLE,NONE,NO INDICATION OF INJURY,OTHER,UNKNOWN,NORMAL,,,,,2023-05-07 21:55:00,15,CLEAR,"DARKNESS, LIGHTED ROAD",FIXED OBJECT,ALLEY,DRY,NO DEFECTS,NOT ON SCENE (DESK REPORT),INJURY AND / OR TOW DUE TO CRASH,,"OVER $1,500",05/07/2023 10:45:00 PM,"EVASIVE ACTION DUE TO ANIMAL, OBJECT, NONMOTORIST",UNABLE TO DETERMINE,,1,NO INDICATION OF INJURY,0.0,0.0,0.0,0.0,0.0,1.0,0.0,21,1,5,41.8997573,-87.717529977,POINT (-87.717529977088 41.899757299968),POINT (1151896.0016781038 1906663.142268056),2023,1021 N MONTICELLO AVE