PERSON_ID,PERSON_TYPE,CRASH_RECORD_ID,VEHICLE_ID,SEX,AGE,AIRBAG_DEPLOYED,EJECTION,INJURY_CLASSIFICATION,DRIVER_ACTION,DRIVER_VISION,PHYSICAL_CONDITION,PEDPEDAL_ACTION,PEDPEDAL_VISIBILITY,PEDPEDAL_LOCATION,CRASH_DATE_EST_I,CRASH_DATE,POSTED_SPEED_LIMIT,WEATHER_CONDITION,LIGHTING_CONDITION,FIRST_CRASH_TYPE,TRAFFICWAY_TYPE,ROADWAY_SURFACE_COND,ROAD_DEFECT,REPORT_TYPE,CRASH_TYPE,HIT_AND_RUN_I,DAMAGE,DATE_POLICE_NOTIFIED,PRIM_CONTRIBUTORY_CAUSE,SEC_CONTRIBUTORY_CAUSE,DOORING_I,NUM_UNITS,MOST_SEVERE_INJURY,INJURIES_TOTAL,INJURIES_FATAL,INJURIES_INCAPACITATING,INJURIES_NON_INCAPACITATING,INJURIES_REPORTED_NOT_EVIDENT,INJURIES_NO_INDICATION,INJURIES_UNKNOWN,CRASH_HOUR,CRASH_DAY_OF_WEEK,CRASH_MONTH,LATITUDE,LONGITUDE,LOCATION,geometry,YEAR,ADDRESS
O1672433,DRIVER,842fe846196ac755cac2fdd9659a4f96f36c75e6e21325a6d977e0446a367188903a46c0a5986f32be3506ccbc3aadcfbec7db666d0cb32ccbecdcc399252782,1591732.0,M,,DEPLOYMENT UNKNOWN,NONE,NO INDICATION OF INJURY,FAILED TO YIELD,UNKNOWN,NORMAL,,,,,2023-10-01 14:15:00,30,CLEAR,DAYLIGHT,ANGLE,DIVIDED - W/MEDIAN (NOT RAISED),DRY,NO DEFECTS,NOT ON SCENE (DESK REPORT),NO INJURY / DRIVE AWAY,,"OVER $1,500",10/01/2023 02:50:00 PM,DISREGARDING TRAFFIC SIGNALS,NOT APPLICABLE,,2,NO INDICATION OF INJURY,0.0,0.0,0.0,0.0,0.0,2.0,0.0,14,1,10,41.993871619,-87.765215603,POINT (-87.76521560256 41.993871618715),POINT (1138686.7259532234 1940869.0475944174),2023,6144 N CENTRAL AVE
P336504,PASSENGER,f0cdb90944f33b647d1e852bdb974a318ae0fa4c043fd12987b2b535e42e2f9757b72ecfecae5a2eeec5299e50e296b408eaa6528cb8c1944e5110ca6c27b3a9,1447929.0,M,,DID NOT DEPLOY,NONE,NO INDICATION OF INJURY,,,,,,,,2023-02-21 12:15:00,30,CLEAR,DAYLIGHT,PARKED MOTOR VEHICLE,NOT DIVIDED,DRY,NO DEFECTS,NOT ON SCENE (DESK REPORT),NO INJURY / DRIVE AWAY,Y,"OVER $1,500",02/22/2023 12:40:00 PM,UNABLE TO DETERMINE,UNABLE TO DETERMINE,,2,NO INDICATION OF INJURY,0.0,0.0,0.0,0.0,0.0,2.0,0.0,12,3,2,41.895643641,-87.638632352,POINT (-87.638632352132 41.895643640524),POINT (1173387.2995218982 1905328.1780829155),2023,400 W SUPERIOR ST
O1627575,DRIVER,dbf411786169a3a72317ecf99e794e4e463368d07997e758a21ade879ef6b584d4d6a1cce542c4234ef3690da48789a619872923ca49adfa7a670dcf7ebfae29,1548793.0,X,,DEPLOYMENT UNKNOWN,NONE,NO INDICATION OF INJURY,FAILED TO YIELD,UNKNOWN,UNKNOWN,,,,,2023-07-28 18:15:00,30,CLEAR,DAYLIGHT,OTHER OBJECT,DIVIDED - W/MEDIAN BARRIER,DRY,NO DEFECTS,ON SCENE,NO INJURY / DRIVE AWAY,,"$501 - $1,500",07/28/2023 06:15:00 PM,FAILING TO YIELD RIGHT-OF-WAY,IMPROPER TURNING/NO SIGNAL,,2,NO INDICATION OF INJURY,0.0,0.0,0.0,0.0,0.0,2.0,0.0,18,6,7,41.888385833,-87.647412564,POINT (-87.647412563817 41.888385832815),POINT (1171017.9540521905 1902664.2006341545),2023,355 N HALSTED ST
O1499608,DRIVER,e2000db990e96ab74dd382f873c1d2a3d5f65d17dc66f6faabcf13ce2d6927ab0fe8de284333bf394a1a956629e2d7e26b5be359889a56865ca085708553f835,1425665.0,M,22.0,DID NOT DEPLOY,NONE,NO INDICATION OF INJURY,FAILED TO YIELD,NOT OBSCURED,NORMAL,,,,,2023-01-16 12:05:00,30,RAIN,DAYLIGHT,REAR END,DIVIDED - W/MEDIAN (NOT RAISED),WET,NO DEFECTS,ON SCENE,NO INJURY / DRIVE AWAY,,"$501 - $1,500",01/16/2023 12:15:00 PM,FAILING TO YIELD RIGHT-OF-WAY,FOLLOWING TOO CLOSELY,,2,NO INDICATION OF INJURY,0.0,0.0,0.0,0.0,0.0,2.0,0.0,12,2,1,41.924242734,-87.667962989,POINT (-87.66796298865 41.924242733631),POINT (1165320.940787315 1915686.4158052702),2023,2327 N ASHLAND AVE
O1602028,DRIVER,532de7db23ca33cb72758c075e53061675e590ecff065569751ed46a3e2526220f939f49b84eeec5ece9f15ca3b9def9a5626f6998ee05c24fc64a34dab4e9c2,1524412.0,M,25.0,DEPLOYMENT UNKNOWN,NONE,NO INDICATION OF INJURY,IMPROPER BACKING,UNKNOWN,UNKNOWN,,,,,2023-06-20 16:04:00,15,CLEAR,DAYLIGHT,FIXED OBJECT,ONE-WAY,DRY,NO DEFECTS,ON SCENE,NO INJURY / DRIVE AWAY,,"OVER $1,500",06/20/2023 09:33:00 PM,IMPROPER BACKING,DRIVING SKILLS/KNOWLEDGE/EXPERIENCE,,1,NO INDICATION OF INJURY,0.0,0.0,0.0,0.0,0.0,1.0,0.0,16,3,6,41.908002955,-87.648050617,POINT (-87.648050617433 41.908002954608),POINT (1170787.1190802047 1909811.2957391827),2023,1457 N HALSTED ST
P367603,PASSENGER,9e4d297fcf3979e07961d6cbd37250a964e2a76c5ef6895005d32b2f678d8de056be3705e2e0e5958986bb11eeb8fdce3642008f8f1048e1e3298dd458dc789c,1580832.0,M,35.0,DEPLOYMENT UNKNOWN,UNKNOWN,NO INDICATION OF INJURY,,,,,,,,2023-09-14 22:34:00,30,CLEAR,"DARKNESS, LIGHTED ROAD",ANGLE,FOUR WAY,DRY,NO DEFECTS,ON SCENE,INJURY AND / OR TOW DUE TO CRASH,,"OVER $1,500",09/14/2023 10:35:00 PM,"OPERATING VEHICLE IN ERRATIC, RECKLESS, CARELESS, NEGLIGENT OR AGGRESSIVE MANNER",ANIMAL,,2,NO INDICATION OF INJURY,0.0,0.0,0.0,0.0,0.0,5.0,0.0,22,5,9,41.747354314,-87.614804852,POINT (-87.614804852185 41.747354313722),POINT (1180326.4312210907 1851345.6158167336),2023,401 E 81ST ST
O1652119,DRIVER,12a1d34c006b8bae3a7358ccc0a61434f34a7b10fc5e2f2eba196f9ae0efef03f034b4d2c570e84070b4ce5d650f70ed50a9df23ba45ef6b41750a30c39c2887,1572270.0,F,51.0,DID NOT DEPLOY,NONE,NO INDICATION OF INJURY,NONE,NOT OBSCURED,NORMAL,,,,,2023-09-01 13:15:00,30,CLEAR,DAYLIGHT,SIDESWIPE SAME DIRECTION,NOT DIVIDED,DRY,UNKNOWN,ON SCENE,NO INJURY / DRIVE AWAY,Y,"OVER $1,500",09/01/2023 01:18:00 PM,IMPROPER OVERTAKING/PASSING,UNABLE TO DETERMINE,,2,NO INDICATION OF INJURY,0.0,0.0,0.0,0.0,0.0,2.0,0.0,13,6,9,41.996794881,-87.661612944,POINT (-87.661612944489 41.996794880502),POINT (1166841.7708413673 1942138.1819810497),2023,6313 N MAGNOLIA AVE
O1705640,DRIVER,00566ec852cacf73dd123bde6cdc02e0833410387957338403b21e4cd046b9dd28204f048b5ff212880b30c7a05fb72d9eb5ac16eedd115db4fc77f6d76144a4,1623491.0,F,33.0,NOT APPLICABLE,NONE,NO INDICATION OF INJURY,NONE,UNKNOWN,NORMAL,,,,,2023-11-17 15:30:00,30,UNKNOWN,UNKNOWN,SIDESWIPE SAME DIRECTION,NOT DIVIDED,UNKNOWN,UNKNOWN,NOT ON SCENE (DESK REPORT),NO INJURY / DRIVE AWAY,,"OVER $1,500",11/17/2023 05:37:00 PM,FAILING TO YIELD RIGHT-OF-WAY,FAILING TO YIELD RIGHT-OF-WAY,,2,NO INDICATION OF INJURY,0.0,0.0,0.0,0.0,0.0,2.0,0.0,15,6,11,41.992886438,-87.822046873,POINT (-87.822046872667 41.992886437656),POINT (1123239.8505080976 1940412.6773442312),2023,6189 N CANFIELD AVE
O1538199,DRIVER,53afb0ec271dacf21a461744b34581060e04f82db547c21dd4c987ff1b33493934a393b9116c912c8a9bf20a8f8ca727834b9298f4b3585ff08c106842d89aac,1462743.0,M,52.0,"DEPLOYED, FRONT",NONE,NO INDICATION OF INJURY,NONE,NOT OBSCURED,NORMAL,,,,,2023-03-19 00:38:00,30,CLEAR,"DARKNESS, LIGHTED ROAD",ANGLE,FOUR WAY,DRY,NO DEFECTS,ON SCENE,INJURY AND / OR TOW DUE TO CRASH,,"OVER $1,500",03/19/2023 12:39:00 AM,UNABLE TO DETERMINE,NOT APPLICABLE,,2,"REPORTED, NOT EVIDENT",3.0,0.0,0.0,0.0,3.0,3.0,0.0,0,1,3,41.750549559,-87.644188368,POINT (-87.644188367841 41.750549559439),POINT (1172298.7074008365 1852444.3448220594),2023,7900 S HALSTED ST
O1578000,DRIVER,95748ffa2597f28c28ad974618380ca62e233cf715fcb659fca3f231c04bcf929f3fd1ec5239b6b67d1f9b896e8e7ee14e2c38601f56dfe13935466055d8cad8,1501289.0,M,,DEPLOYMENT UNKNOWN,NONE,NO INDICATION OF INJURY,UNKNOWN,UNKNOWN,UNKNOWN,,,,,2023-05-17 15:45:00,30,CLEAR,DAYLIGHT,SIDESWIPE SAME DIRECTION,NOT DIVIDED,DRY,NO DEFECTS,NOT ON SCENE (DESK REPORT),NO INJURY / DRIVE AWAY,,"OVER $1,500",05/17/2023 06:35:00 PM,UNABLE TO DETERMINE,UNABLE TO DETERMINE,,2,NO INDICATION OF INJURY,0.0,0.0,0.0,0.0,0.0,2.0,0.0,15,4,5,41.844640004,-87.70387455,POINT (-87.703874549971 41.844640003582),POINT (1155760.8498157966 1886605.483403357),2023,3132 W 26TH ST
O1659252,DRIVER,d5a83b1d4d47b24b498401f68dfd018a41b636677303035975ae4378ebc781fb59449dc07b3cf6143ea9b8da48ca50c720a1772d18c6fdc19e32af6e78245161,1579142.0,M,35.0,DID NOT DEPLOY,NONE,NO INDICATION OF INJURY,NONE,NOT OBSCURED,NORMAL,,,,,2023-09-12 14:30:00,35,CLEAR,DAYLIGHT,REAR END,ONE-WAY,DRY,NO DEFECTS,NOT ON SCENE (DESK REPORT),NO INJURY / DRIVE AWAY,Y,"OVER $1,500",09/12/2023 04:15:00 PM,FOLLOWING TOO CLOSELY,UNABLE TO DETERMINE,,2,NO INDICATION OF INJURY,0.0,0.0,0.0,0.0,0.0,2.0,0.0,14,3,9,41.772655335,-87.626908853,POINT (-87.626908852725 41.772655335362),POINT (1176947.6882125451 1860537.7486178956),2023,6700 S LAFAYETTE AVE
O1609503,BICYCLE,df09b027e0094fe37dce44c304a664d1c34e818738b44c39322cebaa1c6d46b3144b9db519ee48aba4719efd0bc93a2996b1d5bdbf1094acf8e2597557841caf,,M,,,TOTALLY EJECTED,INCAPACITATING INJURY,IMPROPER LANE CHANGE,UNKNOWN,UNKNOWN,TURNING LEFT,NO CONTRASTING CLOTHING,IN ROADWAY,,2023-07-01 22:13:00,30,CLEAR,"DARKNESS, LIGHTED ROAD",PEDALCYCLIST,FOUR WAY,DRY,NO DEFECTS,ON SCENE,INJURY AND / OR TOW DUE TO CRASH,,"OVER $1,500",07/01/2023 10:18:00 PM,IMPROPER OVERTAKING/PASSING,NOT APPLICABLE,,2,INCAPACITATING INJURY,1.0,0.0,1.0,0.0,0.0,2.0,0.0,22,7,7,42.016129945,-87.665253198,POINT (-87.665253197542 42.016129944887),POINT (1165797.2644644484 1949176.2708413277),2023,7400 N SHERIDAN RD
O1507217,DRIVER,0f8fef5cacd16d2ec0def3e4be1474a2b6a0e6fd7603ed83e32e46c426d06e43d1d41f0c577bb01ba28f026aac8cc9d55e4251d2e426fc1023b07bb0ed91e66a,1432951.0,M,36.0,NOT APPLICABLE,NONE,NO INDICATION OF INJURY,OTHER,NOT OBSCURED,NORMAL,,,,,2023-01-28 14:00:00,20,SNOW,DAYLIGHT,FIXED OBJECT,NOT DIVIDED,SNOW OR SLUSH,NO DEFECTS,ON SCENE,INJURY AND / OR TOW DUE TO CRASH,,"OVER $1,500",01/28/2023 02:11:00 PM,WEATHER,NOT APPLICABLE,,1,NO INDICATION OF INJURY,0.0,0.0,0.0,0.0,0.0,1.0,0.0,14,7,1,41.954174709,-87.69839315,POINT (-87.698393149954 41.954174709205),POINT (1156958.986140585 1926530.910887778),2023,4004 N CALIFORNIA AVE
O1579204,DRIVER,80f5eca734b53dd5c2c28e8aa661070ebac9fede76d3c8d3accce71f09ac045bca2b8ea27e5baf5adcc9fd13c7c906c677a6dc69c721828860aef4e66935bd83,1502444.0,F,65.0,NOT APPLICABLE,NONE,NO INDICATION OF INJURY,NONE,NOT OBSCURED,NORMAL,,,,,2023-05-19 10:27:00,30,CLEAR,DAYLIGHT,FIXED OBJECT,PARKING LOT,DRY,NO DEFECTS,NOT ON SCENE (DESK REPORT),NO INJURY / DRIVE AWAY,,"OVER $1,500",05/19/2023 02:07:00 PM,UNABLE TO DETERMINE,NOT APPLICABLE,,1,NO INDICATION OF INJURY,0.0,0.0,0.0,0.0,0.0,1.0,0.0,10,6,5,41.736962182,-87.590231783,POINT (-87.590231782928 41.73696218188),POINT (1187064.823149902 1847615.7714087092),2023,1400 E 87TH ST
O1660225,DRIVER,a13cb30a13b300f38dfb1d0979f100714d826413364f851e84c3297475e7d055e37c67dbcdb0333688d61aba669fda2ecce54f6b312814f82678a640cbabc262,1580052.0,X,,DEPLOYMENT UNKNOWN,NONE,NO INDICATION OF INJURY,UNKNOWN,UNKNOWN,UNKNOWN,,,,,2023-09-13 19:30:00,25,CLEAR,"DARKNESS, LIGHTED ROAD",REAR END,FOUR WAY,DRY,NO DEFECTS,ON SCENE,INJURY AND / OR TOW DUE TO CRASH,Y,"OVER $1,500",09/13/2023 07:30:00 PM,UNABLE TO DETERMINE,UNABLE TO DETERMINE,,2,NO INDICATION OF INJURY,0.0,0.0,0.0,0.0,0.0,2.0,0.0,19,4,9,41.809466529,-87.604519262,POINT (-87.604519262297 41.809466529413),POINT (1182941.4189805747 1874002.4837538314),2023,4700 S DREXEL BLVD
P355086,PASSENGER,02b182ecfb1931ef40c06dc54402c21c504c534dbc85b97baafe9a2368a3557be8f02440004b1e62f15d1bbde9dd60e23ed60ad24d02baa2042ef8abc35ed619,1527801.0,F,19.0,NOT APPLICABLE,NONE,INCAPACITATING INJURY,,,,,,,,2023-06-25 23:37:00,30,CLEAR,"DARKNESS, LIGHTED ROAD",ANGLE,FOUR WAY,WET,UNKNOWN,ON SCENE,INJURY AND / OR TOW DUE TO CRASH,,"OVER $1,500",06/25/2023 11:37:00 PM,"DISTRACTION - OTHER ELECTRONIC DEVICE (NAVIGATION DEVICE, DVD PLAYER, ETC.)",NOT APPLICABLE,,2,INCAPACITATING INJURY,1.0,0.0,1.0,0.0,0.0,3.0,0.0,23,1,6,41.919037192,-87.72676314,POINT (-87.726763139745 41.919037192151),POINT (1149332.676940156 1913670.8330008534),2023,2100 N PULASKI RD
O1535042,DRIVER,5892c7fd204c6b33195414c2909c67e8ee8ebecd575d63d83e4024101a253666d8303875c79e6e42f0f62fa525a61402f2be997d3b10486d08c7f4a02b4ac4be,1459698.0,X,,DEPLOYMENT UNKNOWN,UNKNOWN,NO INDICATION OF INJURY,UNKNOWN,UNKNOWN,UNKNOWN,,,,,2023-03-14 04:00:00,30,CLEAR,DARKNESS,PARKED MOTOR VEHICLE,NOT DIVIDED,DRY,NO DEFECTS,NOT ON SCENE (DESK REPORT),NO INJURY / DRIVE AWAY,Y,"OVER $1,500",03/14/2023 11:23:00 AM,UNABLE TO DETERMINE,NOT APPLICABLE,,2,NO INDICATION OF INJURY,0.0,0.0,0.0,0.0,0.0,1.0,0.0,4,3,3,41.763313918,-87.656199986,POINT (-87.656199985911 41.763313917916),POINT (1168984.4398635065 1857069.5417112135),2023,1254 W 72ND ST
O1728931,DRIVER,f8a41a2ad17e7dabad6a7ddd2fc0d42c665327f94c60a8ad4ba255b026370be7129e0a6d8329a4a5c28313e027536533cbbe6322603c686001b255f9887c9ca9,1645887.0,M,32.0,NOT APPLICABLE,NONE,NO INDICATION OF INJURY,OTHER,UNKNOWN,UNKNOWN,,,,,2023-12-22 18:30:00,30,RAIN,"DARKNESS, LIGHTED ROAD",REAR END,DIVIDED - W/MEDIAN BARRIER,WET,NO DEFECTS,ON SCENE,NO INJURY / DRIVE AWAY,,"OVER $1,500",12/23/2023 01:40:00 PM,FAILING TO REDUCE SPEED TO AVOID CRASH,NOT APPLICABLE,,2,NO INDICATION OF INJURY,0.0,0.0,0.0,0.0,0.0,3.0,0.0,18,6,12,41.857626682,-87.633123645,POINT (-87.633123645168 41.857626681515),POINT (1175000.1116064524 1891487.0290619999),2023,231 W 18TH ST
O1672288,DRIVER,17c9f7602e9f5d271d5dbcf9c6aba9433dd3be2474f51a44054872fc4ef023699ca67310a90ec4d0e7aa2b70fd1dc1bd35ab1b6b0c632f9d5ad82e0f57cf847a,1591592.0,F,36.0,DID NOT DEPLOY,NONE,NO INDICATION OF INJURY,NONE,NOT OBSCURED,NORMAL,,,,,2023-10-01 09:30:00,30,CLEAR,DAYLIGHT,SIDESWIPE SAME DIRECTION,DIVIDED - W/MEDIAN (NOT RAISED),DRY,NO DEFECTS,ON SCENE,NO INJURY / DRIVE AWAY,Y,"OVER $1,500",10/01/2023 09:55:00 AM,IMPROPER OVERTAKING/PASSING,NOT APPLICABLE,,2,NO INDICATION OF INJURY,0.0,0.0,0.0,0.0,0.0,2.0,0.0,9,1,10,41.904393145,-87.667670388,POINT (-87.667670388148 41.904393145471),POINT (1165456.7080085548 1908453.8228968333),2023,1240 N ASHLAND AVE
P370638,PASSENGER,163184455ef8480a09f20516d5167ddc7e74a7e41485cd436d54b05eccae15e6f258c88eb8cceb67ec7328382a7c02808f8e164e183fff04c53c3e6e5d760017,1594175.0,,41.0,NOT APPLICABLE,NONE,NO INDICATION OF INJURY,,,,,,,,2023-10-04 22:50:00,30,CLEAR,DARKNESS,PARKED MOTOR VEHICLE,PARKING LOT,DRY,UNKNOWN,NOT ON SCENE (DESK REPORT),NO INJURY / DRIVE AWAY,,"$501 - $1,500",10/05/2023 12:15:00 AM,UNABLE TO DETERMINE,UNABLE TO DETERMINE,,2,NO INDICATION OF INJURY,0.0,0.0,0.0,0.0,0.0,7.0,0.0,22,4,10,41.881422591,-87.676706477,POINT (-87.676706477276 41.881422591003),POINT (1163060.950541636 1900064.4027864526),2023,2000 W MADISON ST
O1556027,DRIVER,0689458d1afbe2fb61a807287f655e8f8caafaf9dd20dc82d55921617dd977ad13dbaf20a622fc0919f8f8fb32139ea58073e4a19500383a52a5a0808147808a,1479978.0,F,32.0,"DEPLOYED, SIDE",UNKNOWN,NO INDICATION OF INJURY,IMPROPER TURN,NOT OBSCURED,NORMAL,,,,,2023-04-16 02:20:00,30,CLEAR,"DARKNESS, LIGHTED ROAD",TURNING,FOUR WAY,UNKNOWN,UNKNOWN,ON SCENE,INJURY AND / OR TOW DUE TO CRASH,,"OVER $1,500",04/16/2023 02:20:00 AM,FAILING TO YIELD RIGHT-OF-WAY,DISREGARDING OTHER TRAFFIC SIGNS,,2,NO INDICATION OF INJURY,0.0,0.0,0.0,0.0,0.0,3.0,0.0,2,1,4,41.895111174,-87.746008471,POINT (-87.746008471183 41.895111173611),POINT (1144154.5899563956 1904915.7327055626),2023,4802 W CHICAGO AVE
O1524268,DRIVER,9a4fd84c1e6fe96d76aeab1f763689f9ed6d61d839ac10a18d343fcab2ad21b4163c710c5c44d80756773b66e3a284a4c6aa26d3cadfeeb6b81d17d86e17a467,1449338.0,F,32.0,NOT APPLICABLE,NONE,NO INDICATION OF INJURY,NONE,NOT OBSCURED,NORMAL,,,,,2023-02-24 22:05:00,30,SNOW,"DARKNESS, LIGHTED ROAD",SIDESWIPE SAME DIRECTION,UNKNOWN INTERSECTION TYPE,SNOW OR SLUSH,NO DEFECTS,NOT ON SCENE (DESK REPORT),NO INJURY / DRIVE AWAY,Y,"$501 - $1,500",02/25/2023 12:05:00 AM,IMPROPER OVERTAKING/PASSING,IMPROPER LANE USAGE,,2,NO INDICATION OF INJURY,0.0,0.0,0.0,0.0,0.0,2.0,0.0,22,6,2,41.758877741,-87.585682441,POINT (-87.585682440932 41.758877741252),POINT (1188237.093243375 1855612.3655484805),2023,1600 E 75TH ST
O1570493,DRIVER,b3aed1cd5abd9603382dbbd82de06231a1fd73a60089ff5492b4346328868304e4d9a8345d3494a56aeb31aa5b963764f5b823763845e3175909df15ebea3b13,1494011.0,M,56.0,NOT APPLICABLE,NONE,NO INDICATION OF INJURY,UNKNOWN,NOT OBSCURED,NORMAL,,,,,2023-05-06 12:20:00,30,UNKNOWN,DAYLIGHT,SIDESWIPE SAME DIRECTION,NOT DIVIDED,DRY,UNKNOWN,NOT ON SCENE (DESK REPORT),NO INJURY / DRIVE AWAY,,$500 OR LESS,05/06/2023 12:39:00 PM,DRIVING SKILLS/KNOWLEDGE/EXPERIENCE,UNABLE TO DETERMINE,,2,NO INDICATION OF INJURY,0.0,0.0,0.0,0.0,0.0,3.0,0.0,12,7,5,41.990149761,-87.719093671,POINT (-87.719093670549 41.990149760661),POINT (1151234.2569275291 1939599.336918012),2023,3605 W PETERSON AVE
O1547759,DRIVER,c4dfd224b0b0899eee5033276b07cf4e97eeb3529d69f3fa20778d765b749d8996881f9237835d3cb96fa2b8dc3b2d448f1b246ad6bc68053ad6f239e86f73cb,1472015.0,M,23.0,NOT APPLICABLE,NONE,NO INDICATION OF INJURY,NONE,NOT OBSCURED,NORMAL,,,,,2023-04-03 13:00:00,30,CLEAR,DAYLIGHT,REAR END,NOT DIVIDED,DRY,NO DEFECTS,ON SCENE,INJURY AND / OR TOW DUE TO CRASH,,"OVER $1,500",04/03/2023 01:14:00 PM,RELATED TO BUS STOP,NOT APPLICABLE,,3,"REPORTED, NOT EVIDENT",3.0,0.0,0.0,0.0,3.0,2.0,0.0,13,2,4,41.705239951,-87.642929031,POINT (-87.642929031223 41.705239951379),POINT (1172774.7718833024 1835936.7513757676),2023,10356 S HALSTED ST
O1531308,DRIVER,280a157690c8847adc2b70f91baedfda9491b5878a5ad1079885d42e62938909576f49ec5c1fb3cd2ae1debbc3655b64efb484157154d3a17a493840c8f95a44,1456133.0,M,61.0,DID NOT DEPLOY,NONE,NO INDICATION OF INJURY,NONE,UNKNOWN,NORMAL,,,,,2023-03-08 12:25:00,30,CLEAR,DAYLIGHT,TURNING,NOT DIVIDED,DRY,UNKNOWN,ON SCENE,NO INJURY / DRIVE AWAY,,"OVER $1,500",03/08/2023 12:25:00 PM,FAILING TO YIELD RIGHT-OF-WAY,IMPROPER OVERTAKING/PASSING,,2,NO INDICATION OF INJURY,0.0,0.0,0.0,0.0,0.0,2.0,0.0,12,4,3,41.939139842,-87.732087634,POINT (-87.732087633723 41.939139842133),POINT (1147832.2017650942 1920986.0641050003),2023,4200 W BELMONT AVE
O1721591,DRIVER,0a9ae266a50a49b6ef4a06f9da7e8add830ac49ef018c460ebffc78ac9d17164d98194f7c50f08d392cb99ef947e239f75e4bda8665e0e54fa6b7750d2d13374,1638835.0,M,51.0,DID NOT DEPLOY,NONE,NO INDICATION OF INJURY,NONE,NOT OBSCURED,NORMAL,,,,,2023-12-12 17:15:00,30,CLEAR,"DARKNESS, LIGHTED ROAD",TURNING,NOT DIVIDED,DRY,NO DEFECTS,NOT ON SCENE (DESK REPORT),NO INJURY / DRIVE AWAY,,"OVER $1,500",12/12/2023 07:05:00 PM,IMPROPER TURNING/NO SIGNAL,UNABLE TO DETERMINE,,2,NO INDICATION OF INJURY,0.0,0.0,0.0,0.0,0.0,2.0,0.0,17,3,12,41.935666038,-87.718454458,POINT (-87.718454458469 41.935666037896),POINT (1151550.5034996362 1919746.512606706),2023,3000 N MILWAUKEE AVE
O1527969,DRIVER,fa699d721d9b7c2581d0dd1240163be5f1dcd05c0f883110653b1d2d192a3ab03de23904b992ca2766bd36b744945a031626beeb3b6c0dc846db99fa53b2d7df,1452903.0,F,55.0,DEPLOYMENT UNKNOWN,UNKNOWN,NO INDICATION OF INJURY,FOLLOWED TOO CLOSELY,UNKNOWN,UNKNOWN,,,,,2023-03-02 16:45:00,30,UNKNOWN,UNKNOWN,REAR END,NOT DIVIDED,UNKNOWN,UNKNOWN,NOT ON SCENE (DESK REPORT),NO INJURY / DRIVE AWAY,,"OVER $1,500",03/02/2023 06:00:00 PM,UNABLE TO DETERMINE,UNABLE TO DETERMINE,,2,NO INDICATION OF INJURY,0.0,0.0,0.0,0.0,0.0,2.0,0.0,16,5,3,41.887069556,-87.631081578,POINT (-87.63108157829 41.887069556332),POINT (1175468.6341549044 1902220.5185939646),2023,100 W LOWER WACKER DR
O1549203,DRIVER,b87521ac85bdacc79d90f3818405c1aafebe85501593bed0b220465ec7fc1ff60374cf9a7f4ac327cb837f5681b7835375dbdb5cc8e816b9ecec239f91d21102,1473410.0,F,33.0,NOT APPLICABLE,NONE,NO INDICATION OF INJURY,FAILED TO YIELD,UNKNOWN,UNKNOWN,,,,,2023-04-05 19:40:00,30,UNKNOWN,UNKNOWN,ANGLE,ALLEY,UNKNOWN,UNKNOWN,NOT ON SCENE (DESK REPORT),NO INJURY / DRIVE AWAY,,"$501 - $1,500",04/05/2023 08:30:00 PM,FAILING TO YIELD RIGHT-OF-WAY,NOT APPLICABLE,,2,NO INDICATION OF INJURY,0.0,0.0,0.0,0.0,0.0,3.0,0.0,19,4,4,41.905476271,-87.727044187,POINT (-87.727044186816 41.905476271057),POINT (1149291.1186714678 1908728.68611821),2023,4014 W KAMERLING AVE
P375764,PASSENGER,81a691433e734d26b2670264bfd19bc3e92d999f108ee58cc0865474bfdb1a763fcf826c464318b2dcbcb9e4401fc34ff3d4c882f4bfa3178c014eb9379f9681,1616553.0,,,NOT APPLICABLE,NONE,NO INDICATION OF INJURY,,,,,,,,2023-11-07 07:34:00,30,CLEAR,DAYLIGHT,SIDESWIPE SAME DIRECTION,NOT DIVIDED,DRY,NO DEFECTS,ON SCENE,NO INJURY / DRIVE AWAY,,$500 OR LESS,11/07/2023 07:39:00 AM,IMPROPER OVERTAKING/PASSING,NOT APPLICABLE,,2,NO INDICATION OF INJURY,0.0,0.0,0.0,0.0,0.0,9.0,0.0,7,3,11,41.875078786,-87.627768026,POINT (-87.627768026399 41.875078785509),POINT (1176406.820739683 1897858.4913329307),2023,530 S STATE ST
P354733,PASSENGER,4e5cb83a44c849b35836a83d8c584ebc399b0f53d3bfcb7e383e0dfda61048bc1c1d4eec64a5f8769170f4015d7e270e693386b7e33d88a1c2cde55e6dac13ed,1526379.0,M,2.0,DID NOT DEPLOY,NONE,NO INDICATION OF INJURY,,,,,,,,2023-06-23 21:25:00,30,CLEAR,"DARKNESS, LIGHTED ROAD",REAR END,FOUR WAY,DRY,NO DEFECTS,NOT ON SCENE (DESK REPORT),NO INJURY / DRIVE AWAY,Y,"OVER $1,500",06/23/2023 09:54:00 PM,UNABLE TO DETERMINE,NOT APPLICABLE,,2,NO INDICATION OF INJURY,0.0,0.0,0.0,0.0,0.0,3.0,0.0,21,6,6,41.778615616,-87.72412904,POINT (-87.724129039895 41.778615616452),POINT (1150412.5642686875 1862506.7843387744),2023,6300 S KOMENSKY AVE