PERSON_ID,PERSON_TYPE,CRASH_RECORD_ID,VEHICLE_ID,SEX,AGE,AIRBAG_DEPLOYED,EJECTION,INJURY_CLASSIFICATION,DRIVER_ACTION,DRIVER_VISION,PHYSICAL_CONDITION,PEDPEDAL_ACTION,PEDPEDAL_VISIBILITY,PEDPEDAL_LOCATION,CRASH_DATE_EST_I,CRASH_DATE,POSTED_SPEED_LIMIT,WEATHER_CONDITION,LIGHTING_CONDITION,FIRST_CRASH_TYPE,TRAFFICWAY_TYPE,ROADWAY_SURFACE_COND,ROAD_DEFECT,REPORT_TYPE,CRASH_TYPE,HIT_AND_RUN_I,DAMAGE,DATE_POLICE_NOTIFIED,PRIM_CONTRIBUTORY_CAUSE,SEC_CONTRIBUTORY_CAUSE,DOORING_I,NUM_UNITS,MOST_SEVERE_INJURY,INJURIES_TOTAL,INJURIES_FATAL,INJURIES_INCAPACITATING,INJURIES_NON_INCAPACITATING,INJURIES_REPORTED_NOT_EVIDENT,INJURIES_NO_INDICATION,INJURIES_UNKNOWN,CRASH_HOUR,CRASH_DAY_OF_WEEK,CRASH_MONTH,LATITUDE,LONGITUDE,LOCATION,geometry,YEAR,ADDRESS
O1524480,DRIVER,591ab4bc6758c5b2d812dc59a71cc31a86a7f2f1e97410c53ca1e475e39c628b10c8b4cba994623a3006c038e824e82318b6caad2c0c7eda0b6bd2de108a04fb,1449532.0,M,,DEPLOYMENT UNKNOWN,NONE,NO INDICATION OF INJURY,TOO FAST FOR CONDITIONS,UNKNOWN,UNKNOWN,,,,,2023-02-24 22:00:00,30,SNOW,"DARKNESS, LIGHTED ROAD",PARKED MOTOR VEHICLE,NOT DIVIDED,SNOW OR SLUSH,NO DEFECTS,ON SCENE,NO INJURY / DRIVE AWAY,Y,"OVER $1,500",02/25/2023 08:53:00 AM,IMPROPER LANE USAGE,WEATHER,,2,NO INDICATION OF INJURY,0.0,0.0,0.0,0.0,0.0,1.0,0.0,22,6,2,41.885441945,-87.774681612,POINT (-87.774681612292 41.88544194543),POINT (1136370.9755147765 1901340.1438205794),2023,245 N AUSTIN BLVD
O1596334,DRIVER,82dcb3311c84571b468b5d972365473930977f7fe3c1ffd8b9a07b31069f2aaf5ecb1eb92645873edeea01fd2a15a61a6eb9b6e52ef6327d884255f25f7c990a,1518981.0,M,24.0,DID NOT DEPLOY,NONE,NO INDICATION OF INJURY,OTHER,UNKNOWN,UNKNOWN,,,,,2023-06-12 15:30:00,30,CLEAR,DAYLIGHT,REAR END,DIVIDED - W/MEDIAN BARRIER,DRY,NO DEFECTS,NOT ON SCENE (DESK REPORT),NO INJURY / DRIVE AWAY,,"OVER $1,500",06/12/2023 04:35:00 PM,UNABLE TO DETERMINE,NOT APPLICABLE,,2,NO INDICATION OF INJURY,0.0,0.0,0.0,0.0,0.0,2.0,0.0,15,2,6,41.83833328,-87.616974892,POINT (-87.616974892155 41.838333280032),POINT (1179458.0033594926 1884492.855816652),2023,3101 S DR MARTIN LUTHER KING JR DR
O1513127,DRIVER,4680a10fa873797bd4f9831df93fcc9094e764b4aea1c441060c078d7c2abc8d4161d187ddc2c582b75af3ac3364e01d196b6e778ca6dc34cf4f3817247e2b7e,1438625.0,F,47.0,NOT APPLICABLE,NONE,NO INDICATION OF INJURY,NONE,UNKNOWN,NORMAL,,,,,2023-02-07 08:35:00,25,CLEAR,DAYLIGHT,ANGLE,NOT DIVIDED,DRY,NO DEFECTS,ON SCENE,NO INJURY / DRIVE AWAY,,"OVER $1,500",02/07/2023 08:35:00 AM,DRIVING ON WRONG SIDE/WRONG WAY,NOT APPLICABLE,,2,NO INDICATION OF INJURY,0.0,0.0,0.0,0.0,0.0,2.0,0.0,8,3,2,41.880902418,-87.702551225,POINT (-87.702551225034 41.880902417922),POINT (1156024.3358212125 1899822.0634903358),2023,3033 W MADISON ST
O1623670,DRIVER,ee06dbfc433962b77e0d33375dcc15f0ca8fe78011421170b3af3d14e3542ca75ef4f5afc71aaa87d96d532da5bd68ad3aed5c09b13615d336a59462cdcd074c,1545074.0,M,38.0,DID NOT DEPLOY,NONE,NO INDICATION OF INJURY,NONE,NOT OBSCURED,NORMAL,,,,,2023-07-22 12:35:00,30,CLEAR,DAYLIGHT,TURNING,FOUR WAY,DRY,NO DEFECTS,NOT ON SCENE (DESK REPORT),NO INJURY / DRIVE AWAY,Y,"OVER $1,500",07/22/2023 10:25:00 PM,IMPROPER TURNING/NO SIGNAL,IMPROPER TURNING/NO SIGNAL,,2,NO INDICATION OF INJURY,0.0,0.0,0.0,0.0,0.0,2.0,0.0,12,7,7,41.884753676,-87.711229789,POINT (-87.711229788593 41.884753676395),POINT (1153650.809212702 1901208.206331284),2023,3400 W LAKE ST
O1721834,DRIVER,32e4c6206298800435d567b7c58fecf647e3a6873b432b27b772d450feb8fcfbf021f0613eb6a1e3e54d70ac6eaa742f8f5f97f996e196737d92e7428c226326,1639064.0,M,,DEPLOYMENT UNKNOWN,NONE,NO INDICATION OF INJURY,UNKNOWN,UNKNOWN,UNKNOWN,,,,,2023-12-13 07:55:00,30,CLEAR,DAYLIGHT,TURNING,DIVIDED - W/MEDIAN (NOT RAISED),DRY,NO DEFECTS,ON SCENE,NO INJURY / DRIVE AWAY,Y,"OVER $1,500",12/13/2023 08:15:00 AM,FOLLOWING TOO CLOSELY,FAILING TO REDUCE SPEED TO AVOID CRASH,,2,NO INDICATION OF INJURY,0.0,0.0,0.0,0.0,0.0,2.0,0.0,7,4,12,41.807894944,-87.73036028,POINT (-87.730360280281 41.807894944313),POINT (1148638.1329667345 1873163.9861389778),2023,4248 W 47TH ST
O1504075,DRIVER,3fbb4c4971614cc2489d9ffdc9a2f472ecf3417d183834827a9c4123f75879a9bccde46c47ca3157c55e176d154bf575c5a2394d10fcff6bf66b0aa4cf5b5135,1429967.0,M,34.0,"DEPLOYED, COMBINATION",NONE,"REPORTED, NOT EVIDENT",NONE,NOT OBSCURED,NORMAL,,,,,2023-01-24 06:25:00,30,UNKNOWN,UNKNOWN,ANGLE,ALLEY,UNKNOWN,UNKNOWN,NOT ON SCENE (DESK REPORT),INJURY AND / OR TOW DUE TO CRASH,,"$501 - $1,500",01/24/2023 07:10:00 AM,UNABLE TO DETERMINE,NOT APPLICABLE,,4,"REPORTED, NOT EVIDENT",1.0,0.0,0.0,0.0,1.0,1.0,0.0,6,3,1,41.786727748,-87.686431733,POINT (-87.686431732501 41.786727748134),POINT (1160672.4439661931 1865537.8808225156),2023,5854 S CAMPBELL AVE
P355829,PASSENGER,3789e4db0b6206aa57e888e86bd68ea1f0fc0a7d75fbcd5e353bff88fd414f0f563c7c8061633b910ce9cfb0a2c05b108fba9ab776b64400bd363aa4bb863e35,1531130.0,F,,DID NOT DEPLOY,NONE,NO INDICATION OF INJURY,,,,,,,,2023-07-01 05:00:00,25,CLEAR,"DARKNESS, LIGHTED ROAD",HEAD ON,DIVIDED - W/MEDIAN (NOT RAISED),DRY,NO DEFECTS,NOT ON SCENE (DESK REPORT),NO INJURY / DRIVE AWAY,,"$501 - $1,500",07/01/2023 06:00:00 AM,PHYSICAL CONDITION OF DRIVER,UNABLE TO DETERMINE,,2,NO INDICATION OF INJURY,0.0,0.0,0.0,0.0,0.0,4.0,0.0,5,7,7,41.8373395,-87.704950558,POINT (-87.704950558004 41.837339500296),POINT (1155487.1280056718 1883943.061106471),2023,3200 W 31ST ST
O1639213,DRIVER,bb3ba2ca48fd1a5a5686a9d80278d29622b15846b5ae5412b3ecfcf7db0021e7cb013b69037f57ee96a3b87722f3bc494c4b82663dd16a083d6eebfb670af28b,1559911.0,M,21.0,NOT APPLICABLE,NONE,NO INDICATION OF INJURY,UNKNOWN,UNKNOWN,UNKNOWN,,,,,2023-08-14 14:30:00,30,RAIN,DAYLIGHT,TURNING,NOT DIVIDED,WET,UNKNOWN,NOT ON SCENE (DESK REPORT),NO INJURY / DRIVE AWAY,,"OVER $1,500",08/15/2023 11:30:00 AM,UNABLE TO DETERMINE,UNABLE TO DETERMINE,,2,NO INDICATION OF INJURY,0.0,0.0,0.0,0.0,0.0,2.0,0.0,14,2,8,41.903375619,-87.672429583,POINT (-87.672429583224 41.903375619156),POINT (1164164.0106783204 1908073.018510734),2023,1800 W DIVISION ST
O1616846,DRIVER,50ab7c9e7db0eb62be343d6224bc79f31d5f2c528e23ce8b06a65de8144d1dc46fe2d25de26dcad1ff48716c9caceec71bad0bbe851a886c7b9b8f6ea8a000e6,1538613.0,M,45.0,DID NOT DEPLOY,NONE,NO INDICATION OF INJURY,NONE,NOT OBSCURED,NORMAL,,,,,2023-07-13 08:00:00,30,CLEAR,DAYLIGHT,SIDESWIPE SAME DIRECTION,NOT DIVIDED,WET,NO DEFECTS,ON SCENE,INJURY AND / OR TOW DUE TO CRASH,,"OVER $1,500",07/13/2023 08:00:00 AM,FAILING TO YIELD RIGHT-OF-WAY,DRIVING SKILLS/KNOWLEDGE/EXPERIENCE,,2,NO INDICATION OF INJURY,0.0,0.0,0.0,0.0,0.0,2.0,0.0,8,5,7,41.794025459,-87.674363508,POINT (-87.674363508337 41.79402545864),POINT (1163943.3134274175 1868222.1110742812),2023,2000 W GARFIELD BLVD
O1552638,DRIVER,134278ee307b67a217f4a50e9b188ac0c261875d17fde49a7e027a63c23fa553db9e2d003a404fddc68061d10ec40690c83f97229a5b7a45d3154f09d9ac13bc,1476730.0,F,54.0,DID NOT DEPLOY,NONE,NO INDICATION OF INJURY,NONE,NOT OBSCURED,NORMAL,,,,,2023-04-11 15:15:00,30,CLEAR,DAYLIGHT,SIDESWIPE SAME DIRECTION,OTHER,DRY,NO DEFECTS,NOT ON SCENE (DESK REPORT),NO INJURY / DRIVE AWAY,,"$501 - $1,500",04/11/2023 04:06:00 PM,IMPROPER OVERTAKING/PASSING,IMPROPER OVERTAKING/PASSING,,2,NO INDICATION OF INJURY,0.0,0.0,0.0,0.0,0.0,2.0,0.0,15,3,4,41.744151639,-87.585945067,POINT (-87.585945066953 41.744151639042),POINT (1188212.052384043 1850245.6753937118),2023,8300 S STONY ISLAND AVE
O1563002,DRIVER,3c14b03d4bec5049cf592711da7039eab268617d8d66dbb80d1c3873a3c527a898e514f67ca1b6d1e517feff14edc4edf1e8b63d5d2f3dbdec7e25c03b538546,1486742.0,M,43.0,DID NOT DEPLOY,NONE,NO INDICATION OF INJURY,FOLLOWED TOO CLOSELY,NOT OBSCURED,NORMAL,,,,Y,2023-04-26 15:10:00,40,CLEAR,DAYLIGHT,REAR END,CENTER TURN LANE,DRY,NO DEFECTS,ON SCENE,NO INJURY / DRIVE AWAY,,"OVER $1,500",04/26/2023 03:13:00 PM,FAILING TO REDUCE SPEED TO AVOID CRASH,NOT APPLICABLE,,2,NO INDICATION OF INJURY,0.0,0.0,0.0,0.0,0.0,2.0,0.0,15,4,4,41.798509948,-87.723165423,POINT (-87.723165423106 41.798509947768),POINT (1150623.947416959 1869757.997102436),2023,5201 S PULASKI RD
O1593624,DRIVER,f638f64c009cf7f1fd2c85772e13ff8d14a28304c7f1eac8a0b8dbd2fb3d3a8ff8cbf2f364504270006d1bac6c69cc0323cf7dd04e3a03bcce8036eb0d4d58ab,1516380.0,M,,DEPLOYMENT UNKNOWN,NONE,NO INDICATION OF INJURY,OTHER,UNKNOWN,UNKNOWN,,,,,2023-06-08 15:00:00,30,CLEAR,DAYLIGHT,SIDESWIPE SAME DIRECTION,DIVIDED - W/MEDIAN (NOT RAISED),DRY,NO DEFECTS,NOT ON SCENE (DESK REPORT),NO INJURY / DRIVE AWAY,Y,"OVER $1,500",06/08/2023 05:45:00 PM,UNABLE TO DETERMINE,UNABLE TO DETERMINE,,2,NO INDICATION OF INJURY,0.0,0.0,0.0,0.0,0.0,2.0,0.0,15,5,6,41.883383975,-87.647555204,POINT (-87.647555204452 41.883383975182),POINT (1170993.6804856106 1900841.2160904687),2023,106 N HALSTED ST
O1501664,DRIVER,8d0225565ed5bd7039e62893684ec055f0f35ee0e200a8a7bf9e97a4e6e9ba302a26f8134dbc6d395c4aa531d0964819c767b3c6ffbcae826c4e29e2e79d80b2,1427630.0,M,24.0,"DEPLOYED, FRONT",NONE,NO INDICATION OF INJURY,FOLLOWED TOO CLOSELY,UNKNOWN,NORMAL,,,,,2023-01-19 18:35:00,30,RAIN,"DARKNESS, LIGHTED ROAD",REAR END,NOT DIVIDED,WET,NO DEFECTS,ON SCENE,INJURY AND / OR TOW DUE TO CRASH,,"OVER $1,500",01/19/2023 06:44:00 PM,FOLLOWING TOO CLOSELY,NOT APPLICABLE,,3,NO INDICATION OF INJURY,0.0,0.0,0.0,0.0,0.0,3.0,0.0,18,5,1,41.700446598,-87.720545149,POINT (-87.72054514866 41.700446598488),POINT (1151592.908294277 1834029.7489776262),2023,10559 S PULASKI RD
O1524919,DRIVER,0a88d2e1fd8cc40b9e6e8c8314d6f931d155e46649c8ce65ebf26ad1d975f42746a84f81e03ac5b75738eb4e25060d20c1f0cd963967fe74abcf236902052d04,1449976.0,M,40.0,NOT APPLICABLE,NONE,NO INDICATION OF INJURY,NONE,NOT OBSCURED,NORMAL,,,,,2023-02-25 17:57:00,30,CLEAR,"DARKNESS, LIGHTED ROAD",ANGLE,NOT DIVIDED,DRY,NO DEFECTS,ON SCENE,INJURY AND / OR TOW DUE TO CRASH,,"OVER $1,500",02/25/2023 06:51:00 PM,DISREGARDING TRAFFIC SIGNALS,NOT APPLICABLE,,3,NO INDICATION OF INJURY,0.0,0.0,0.0,0.0,0.0,4.0,0.0,17,7,2,41.776684615,-87.605993579,POINT (-87.60599357891 41.776684614718),POINT (1182640.550316475 1862053.5461095306),2023,6500 S COTTAGE GROVE AVE
O1693491,DRIVER,df1999e9203354af70fa0e3681c40e489847fd9cb0b3694ad7037337199701f9b0ab2695d1abf921cdbd2336991d8c5b802b1ead334bf4acee153a7213e83a39,1611895.0,M,41.0,DID NOT DEPLOY,NONE,NO INDICATION OF INJURY,IMPROPER TURN,NOT OBSCURED,NORMAL,,,,,2023-10-31 08:20:00,30,CLEAR,DAYLIGHT,TURNING,NOT DIVIDED,DRY,NO DEFECTS,ON SCENE,INJURY AND / OR TOW DUE TO CRASH,,"OVER $1,500",10/31/2023 08:39:00 AM,IMPROPER TURNING/NO SIGNAL,DISTRACTION - FROM INSIDE VEHICLE,,2,NO INDICATION OF INJURY,0.0,0.0,0.0,0.0,0.0,3.0,0.0,8,3,10,41.869862349,-87.630362376,POINT (-87.630362376207 41.869862349294),POINT (1175715.8275612039 1895951.8309923261),2023,1001 S CLARK ST
O1661802,DRIVER,2f91489aa17af3ea8cb0921b37c90503ead54de77a19759e30834d267cd1db5026b74956e28a9d4bd178d62fc184aad2090e407f7691b38f672ac77186bc201c,1581562.0,M,32.0,DID NOT DEPLOY,NONE,NO INDICATION OF INJURY,UNKNOWN,UNKNOWN,NORMAL,,,,,2023-09-16 00:25:00,30,CLEAR,DUSK,SIDESWIPE SAME DIRECTION,NOT DIVIDED,DRY,UNKNOWN,NOT ON SCENE (DESK REPORT),NO INJURY / DRIVE AWAY,,"$501 - $1,500",09/16/2023 01:25:00 AM,NOT APPLICABLE,UNABLE TO DETERMINE,,2,NO INDICATION OF INJURY,0.0,0.0,0.0,0.0,0.0,2.0,0.0,0,7,9,41.867175125,-87.639375813,POINT (-87.639375812581 41.86717512472),POINT (1173268.7710309213 1894952.6348785781),2023,1200 S CANAL ST
P349961,PASSENGER,f800272ee72416c9e273ae1a60c4954c79c19e7e9386301c71a00912212a71e70d8e537bd2b41cf993ed032f694934579b21102b617f3b6bb15dc04fbdebc835,1506179.0,M,10.0,DID NOT DEPLOY,NONE,NO INDICATION OF INJURY,,,,,,,,2023-05-24 18:15:00,30,CLEAR,DAYLIGHT,PEDALCYCLIST,NOT DIVIDED,DRY,NO DEFECTS,ON SCENE,INJURY AND / OR TOW DUE TO CRASH,,"OVER $1,500",05/24/2023 06:30:00 PM,NOT APPLICABLE,NOT APPLICABLE,,2,NONINCAPACITATING INJURY,1.0,0.0,0.0,1.0,0.0,2.0,0.0,18,4,5,41.90702295,-87.650793977,POINT (-87.650793977409 41.90702295018),POINT (1170043.2015522455 1909448.2273091574),2023,899 W EASTMAN ST
O1657446,DRIVER,4d98783917fd71bde6f5bb2f14986b3821caf289efe7cc206c6c9da1ef623b5b6b1044918c244d058bc3a6d4b620e31c13348aaeac39d0f5488171190ca93c34,1577390.0,F,30.0,DID NOT DEPLOY,NONE,NONINCAPACITATING INJURY,IMPROPER TURN,NOT OBSCURED,NORMAL,,,,,2023-09-10 01:21:00,30,CLEAR,DUSK,TURNING,FOUR WAY,DRY,NO DEFECTS,ON SCENE,INJURY AND / OR TOW DUE TO CRASH,,"OVER $1,500",09/10/2023 01:21:00 AM,IMPROPER TURNING/NO SIGNAL,IMPROPER LANE USAGE,,2,NONINCAPACITATING INJURY,1.0,0.0,0.0,1.0,0.0,1.0,0.0,1,1,9,41.822984211,-87.685025824,POINT (-87.68502582381 41.822984211439),POINT (1160956.2096840213 1878752.4078435),2023,3898 S WESTERN AVE
O1569110,DRIVER,91d1528496f75e062c4babe4b0163d5db988a6547398fcfd234ffb7f0b048c76c8b4aeb1c6732cba43c98e7e642b1f2c04f742d522915c0fe00166c691b24408,1492845.0,F,41.0,DID NOT DEPLOY,NONE,NO INDICATION OF INJURY,NONE,NOT OBSCURED,NORMAL,,,,,2023-05-04 17:13:00,30,CLEAR,DAYLIGHT,ANGLE,T-INTERSECTION,DRY,NO DEFECTS,NOT ON SCENE (DESK REPORT),NO INJURY / DRIVE AWAY,,"$501 - $1,500",05/04/2023 06:00:00 PM,FAILING TO YIELD RIGHT-OF-WAY,DRIVING SKILLS/KNOWLEDGE/EXPERIENCE,,2,NO INDICATION OF INJURY,0.0,0.0,0.0,0.0,0.0,2.0,0.0,17,5,5,41.684041134,-87.722154643,POINT (-87.722154642772 41.684041133878),POINT (1151195.7935440717 1828048.6933602975),2023,4056 W 115TH ST
O1499638,DRIVER,50970cb661e459a46a9a57f87143ce446c76fa03ddfa1eb47e54e645d8969ed27b0216d9b1091a170c425352b122cabe37c0d312dda144e193616ab5ccfaa270,1425692.0,X,,DEPLOYMENT UNKNOWN,NONE,NO INDICATION OF INJURY,IMPROPER LANE CHANGE,UNKNOWN,UNKNOWN,,,,,2023-01-16 13:24:00,35,CLEAR,DAYLIGHT,TURNING,NOT DIVIDED,DRY,NO DEFECTS,NOT ON SCENE (DESK REPORT),NO INJURY / DRIVE AWAY,Y,"OVER $1,500",01/16/2023 02:00:00 PM,IMPROPER OVERTAKING/PASSING,UNABLE TO DETERMINE,,2,NO INDICATION OF INJURY,0.0,0.0,0.0,0.0,0.0,2.0,0.0,13,2,1,41.663254479,-87.61778866,POINT (-87.617788659925 41.663254478672),POINT (1179766.8190759248 1820693.8280281932),2023,12700 S INDIANA AVE
O1700249,DRIVER,9eae1367c7130f501923a81c75a20bc5f0ca5acdefc6257493ce22543c2be3c8c6dd84afc01268083a1f9c50f3484f549c490e224b68332664c64c7cc593f1d1,1618344.0,F,53.0,NOT APPLICABLE,NONE,NO INDICATION OF INJURY,NONE,NOT OBSCURED,NORMAL,,,,,2023-11-09 17:34:00,30,CLEAR,"DARKNESS, LIGHTED ROAD",TURNING,DIVIDED - W/MEDIAN (NOT RAISED),DRY,NO DEFECTS,ON SCENE,INJURY AND / OR TOW DUE TO CRASH,,"OVER $1,500",11/09/2023 05:38:00 PM,FAILING TO REDUCE SPEED TO AVOID CRASH,FAILING TO REDUCE SPEED TO AVOID CRASH,,4,"REPORTED, NOT EVIDENT",1.0,0.0,0.0,0.0,1.0,7.0,0.0,17,5,11,42.011804686,-87.806784406,POINT (-87.806784406171 42.011804686336),POINT (1127346.4675938566 1947331.7343354498),2023,7200 N HARLEM AVE
O1602427,DRIVER,5a2a4bbbb679f26f0b16b563342effde4ee7da75f93ab99fbfb8109425db1c441b99e8b147f6265739f600da8796f3be34deef436c1dd24ac811449f79a1e2ed,1524782.0,M,38.0,"DEPLOYED, COMBINATION",NONE,NONINCAPACITATING INJURY,DISREGARDED CONTROL DEVICES,NOT OBSCURED,UNKNOWN,,,,,2023-06-21 15:23:00,30,CLEAR,DAYLIGHT,ANGLE,NOT DIVIDED,UNKNOWN,UNKNOWN,ON SCENE,INJURY AND / OR TOW DUE TO CRASH,,"OVER $1,500",06/21/2023 03:24:00 PM,DISREGARDING TRAFFIC SIGNALS,NOT APPLICABLE,,2,NONINCAPACITATING INJURY,2.0,0.0,0.0,2.0,0.0,2.0,0.0,15,4,6,41.772379617,-87.644741642,POINT (-87.644741641913 41.772379616506),POINT (1172084.0569768471 1860397.8266831064),2023,6700 S HALSTED ST
O1711750,DRIVER,25df18a959a60f4ec21cdece4dc30142019c460927a1a03f387724d20e398babcc905e270ce9bd0a472304d149324ba05483bb1fedc3941fb32fa11a9f351f35,1629390.0,M,32.0,DID NOT DEPLOY,NONE,NO INDICATION OF INJURY,NONE,NOT OBSCURED,NORMAL,,,,,2023-11-27 13:45:00,30,CLEAR,DAYLIGHT,REAR END,NOT DIVIDED,DRY,NO DEFECTS,NOT ON SCENE (DESK REPORT),NO INJURY / DRIVE AWAY,,"OVER $1,500",11/28/2023 11:50:00 AM,FAILING TO REDUCE SPEED TO AVOID CRASH,FOLLOWING TOO CLOSELY,,2,NO INDICATION OF INJURY,0.0,0.0,0.0,0.0,0.0,2.0,0.0,13,2,11,41.801114148,-87.727920134,POINT (-87.727920134287 41.801114147503),POINT (1149320.7954066747 1870697.7834402164),2023,5078 S ARCHER AVE
P336742,PASSENGER,c1c2407af8fc5fd2cc4db0c20298bb4bc5776c33c6f8952c4bf5b671dc319e9ebed7bda8a3692bdff48bf54d475adbcfa8d544c33a8809b2006d023645563688,1449025.0,F,69.0,DID NOT DEPLOY,NONE,NO INDICATION OF INJURY,,,,,,,,2023-02-24 18:30:00,30,UNKNOWN,UNKNOWN,REAR END,UNKNOWN,UNKNOWN,UNKNOWN,NOT ON SCENE (DESK REPORT),NO INJURY / DRIVE AWAY,,"OVER $1,500",02/24/2023 06:50:00 PM,UNABLE TO DETERMINE,NOT APPLICABLE,,2,NO INDICATION OF INJURY,0.0,0.0,0.0,0.0,0.0,6.0,0.0,18,6,2,41.96035995,-87.784419792,POINT (-87.784419791609 41.960359950031),POINT (1133544.5067234759 1928623.2078612589),2023,6300 W MONTROSE AVE
O1565062,DRIVER,409f7fbd6462d8647997f6f61c36cf7cbbd833a982ea5fa1f5b38da7d025a5ff99cf72584c9b43e42e911e3a885addcce8488131ee2aa1955e2f0c866f3112a7,1488813.0,F,25.0,"DEPLOYED, FRONT",NONE,NO INDICATION OF INJURY,NONE,NOT OBSCURED,NORMAL,,,,,2023-04-29 13:20:00,25,RAIN,DAYLIGHT,ANGLE,NOT DIVIDED,WET,NO DEFECTS,NOT ON SCENE (DESK REPORT),NO INJURY / DRIVE AWAY,,"OVER $1,500",04/29/2023 03:30:00 PM,FAILING TO YIELD RIGHT-OF-WAY,FAILING TO YIELD RIGHT-OF-WAY,,2,NO INDICATION OF INJURY,0.0,0.0,0.0,0.0,0.0,5.0,0.0,13,7,4,41.816493491,-87.619935135,POINT (-87.619935135497 41.81649349083),POINT (1178717.4167247799 1876527.8098780971),2023,4300 S PRAIRIE AVE
O1634135,BICYCLE,d680c9e5f5fa053af2f11a2fccc901bcddd3160c549e808482a8f2a1b8b809e84dbb04e0997433140b149423735761dd5db5d1941cce3aa745cfeec40b1c65b4,,M,,,NONE,NO INDICATION OF INJURY,FAILED TO YIELD,UNKNOWN,UNKNOWN,CROSSING - NO CONTROLS (NOT AT INTERSECTION),NO CONTRASTING CLOTHING,UNKNOWN/NA,,2023-08-07 08:45:00,30,CLEAR,DAYLIGHT,PEDALCYCLIST,NOT DIVIDED,DRY,NO DEFECTS,NOT ON SCENE (DESK REPORT),NO INJURY / DRIVE AWAY,Y,$500 OR LESS,08/07/2023 11:30:00 AM,UNABLE TO DETERMINE,NOT APPLICABLE,,2,NO INDICATION OF INJURY,0.0,0.0,0.0,0.0,0.0,2.0,0.0,8,2,8,41.911112237,-87.628948631,POINT (-87.62894863068 41.911112236545),POINT (1175977.491830866 1910986.441718956),2023,1 W NORTH BLVD
P373109,PASSENGER,0f0743e8dcdfe6dcd7aa55d085fcd005ddb12388dcf91392740283747d65f14ec829ceb798e22cc73b4c93c3bea7f1c71c0b20e8564e775019bf4e6252624b3b,1604883.0,F,32.0,DID NOT DEPLOY,NONE,NO INDICATION OF INJURY,,,,,,,,2023-10-20 23:30:00,35,CLEAR,"DARKNESS, LIGHTED ROAD",PARKED MOTOR VEHICLE,PARKING LOT,DRY,NO DEFECTS,ON SCENE,NO INJURY / DRIVE AWAY,,"OVER $1,500",10/20/2023 11:32:00 PM,UNABLE TO DETERMINE,UNABLE TO DETERMINE,,2,NO INDICATION OF INJURY,0.0,0.0,0.0,0.0,0.0,5.0,0.0,23,6,10,41.866291784,-87.724483149,POINT (-87.724483148745 41.86629178355),POINT (1150089.5830174047 1894454.8426439634),2023,3942 W ROOSEVELT RD
O1685026,DRIVER,187b08fdf6ce5b20bba1f9341c055a8eef255afa29f20833963ca0c9457f0f7c5406b7bec258140a2d732dd3a39abdbc1ee921f8eff5ac85841972fa6579f802,1603767.0,M,62.0,DID NOT DEPLOY,NONE,NO INDICATION OF INJURY,NONE,UNKNOWN,NORMAL,,,,,2023-10-19 11:50:00,30,CLEAR,DAYLIGHT,SIDESWIPE SAME DIRECTION,DIVIDED - W/MEDIAN (NOT RAISED),DRY,NO DEFECTS,NOT ON SCENE (DESK REPORT),NO INJURY / DRIVE AWAY,Y,$500 OR LESS,10/19/2023 01:25:00 PM,IMPROPER OVERTAKING/PASSING,NOT APPLICABLE,,2,NO INDICATION OF INJURY,0.0,0.0,0.0,0.0,0.0,2.0,0.0,11,5,10,41.831259036,-87.724083377,POINT (-87.724083377023 41.831259035603),POINT (1150289.0413922803 1881689.804668459),2023,3429 S PULASKI RD
O1559311,DRIVER,115e2a177d71169adce8f8ed315a820f9f55cd7a84f0d023fe406288c5882e8d8038719ad8ff84d594f15ff091076e1916d62295735ba7d00a067176966a0161,1483170.0,F,60.0,NOT APPLICABLE,NONE,NONINCAPACITATING INJURY,NONE,NOT OBSCURED,NORMAL,,,,N,2023-04-20 20:13:00,30,UNKNOWN,DARKNESS,REAR END,NOT DIVIDED,WET,UNKNOWN,ON SCENE,INJURY AND / OR TOW DUE TO CRASH,Y,"OVER $1,500",04/20/2023 08:18:00 PM,UNABLE TO DETERMINE,UNABLE TO DETERMINE,,4,NONINCAPACITATING INJURY,1.0,0.0,0.0,1.0,0.0,3.0,0.0,20,5,4,41.80136005,-87.694157322,POINT (-87.694157321568 41.80136005028),POINT (1158525.8746887003 1870854.0358293538),2023,5048 S CALIFORNIA AVE
O1635191,DRIVER,77bbc594751a0be6a527436a846cbe7d313f603e7de1d674bdf5589d99cbb33d69714512e6894da8723fbeca002e06fa43eaa72da9418e7b30fc5cfdac858e0a,1556049.0,F,22.0,DID NOT DEPLOY,NONE,NO INDICATION OF INJURY,IMPROPER PARKING,UNKNOWN,UNKNOWN,,,,,2023-08-08 12:20:00,10,CLEAR,DUSK,PARKED MOTOR VEHICLE,PARKING LOT,DRY,UNKNOWN,NOT ON SCENE (DESK REPORT),NO INJURY / DRIVE AWAY,,"OVER $1,500",08/08/2023 08:47:00 PM,UNABLE TO DETERMINE,UNABLE TO DETERMINE,,2,NO INDICATION OF INJURY,0.0,0.0,0.0,0.0,0.0,1.0,0.0,12,3,8,41.940909163,-87.63936916,POINT (-87.639369159955 41.940909163268),POINT (1173053.220555132 1921821.380831688),2023,3200 N LAKE SHORE DR