PERSON_ID,PERSON_TYPE,CRASH_RECORD_ID,VEHICLE_ID,SEX,AGE,AIRBAG_DEPLOYED,EJECTION,INJURY_CLASSIFICATION,DRIVER_ACTION,DRIVER_VISION,PHYSICAL_CONDITION,PEDPEDAL_ACTION,PEDPEDAL_VISIBILITY,PEDPEDAL_LOCATION,CRASH_DATE_EST_I,CRASH_DATE,POSTED_SPEED_LIMIT,WEATHER_CONDITION,LIGHTING_CONDITION,FIRST_CRASH_TYPE,TRAFFICWAY_TYPE,ROADWAY_SURFACE_COND,ROAD_DEFECT,REPORT_TYPE,CRASH_TYPE,HIT_AND_RUN_I,DAMAGE,DATE_POLICE_NOTIFIED,PRIM_CONTRIBUTORY_CAUSE,SEC_CONTRIBUTORY_CAUSE,DOORING_I,NUM_UNITS,MOST_SEVERE_INJURY,INJURIES_TOTAL,INJURIES_FATAL,INJURIES_INCAPACITATING,INJURIES_NON_INCAPACITATING,INJURIES_REPORTED_NOT_EVIDENT,INJURIES_NO_INDICATION,INJURIES_UNKNOWN,CRASH_HOUR,CRASH_DAY_OF_WEEK,CRASH_MONTH,LATITUDE,LONGITUDE,LOCATION,geometry,YEAR,ADDRESS
O1632816,DRIVER,c2e047c756c226a7c5f623b016ca54a2b9ee6165372823042b86bfc160baff4dcc0dfd82925279d914d0424001b68e9a36f39b93b5473e0b59808edf64746798,1553758.0,M,34.0,DID NOT DEPLOY,NONE,NO INDICATION OF INJURY,IMPROPER PARKING,NOT OBSCURED,NORMAL,,,,,2023-08-05 11:30:00,30,RAIN,DAYLIGHT,PARKED MOTOR VEHICLE,NOT DIVIDED,WET,NO DEFECTS,ON SCENE,NO INJURY / DRIVE AWAY,,"OVER $1,500",08/05/2023 11:40:00 AM,EQUIPMENT - VEHICLE CONDITION,NOT APPLICABLE,,2,NO INDICATION OF INJURY,0.0,0.0,0.0,0.0,0.0,1.0,0.0,11,7,8,41.853950707,-87.689221716,POINT (-87.689221715962 41.853950707231),POINT (1159727.9297282905 1890027.8769959721),2023,2530 W 21ST ST
O1645907,DRIVER,26725841b9d02c06a6bcef2daffb7332e13ad8dac3c5e1d81ffc44c710766596e4b6feb74c41eb4599b33244c224b9b9ee68c3d285114724b22807dec696967b,1566307.0,F,,DEPLOYMENT UNKNOWN,NONE,NO INDICATION OF INJURY,IMPROPER PASSING,UNKNOWN,UNKNOWN,,,,,2023-08-24 16:30:00,30,CLEAR,DAYLIGHT,PEDALCYCLIST,NOT DIVIDED,DRY,NO DEFECTS,ON SCENE,INJURY AND / OR TOW DUE TO CRASH,Y,$500 OR LESS,08/24/2023 04:35:00 PM,IMPROPER OVERTAKING/PASSING,IMPROPER OVERTAKING/PASSING,,2,NONINCAPACITATING INJURY,1.0,0.0,0.0,1.0,0.0,1.0,0.0,16,5,8,41.938617646,-87.678179129,POINT (-87.678179128563 41.938617646122),POINT (1162500.7248109237 1920903.2561710728),2023,3129 N DAMEN AVE
O1550891,DRIVER,c4a4a43e3d48b08a226c81c9a9d422ae063e75515067e76b89af6165cfb80c123dc67a9ddf54ce0ccdba2bfcd06165b2cc392bbbc7ab3a7b8e6ed76e9bdd67d8,1475031.0,F,29.0,NOT APPLICABLE,NONE,NO INDICATION OF INJURY,IMPROPER BACKING,UNKNOWN,NORMAL,,,,,2023-04-08 19:05:00,20,CLEAR,DAYLIGHT,PARKED MOTOR VEHICLE,ONE-WAY,DRY,NO DEFECTS,NOT ON SCENE (DESK REPORT),NO INJURY / DRIVE AWAY,,"OVER $1,500",04/08/2023 07:35:00 PM,UNABLE TO DETERMINE,NOT APPLICABLE,,2,NO INDICATION OF INJURY,0.0,0.0,0.0,0.0,0.0,1.0,0.0,19,7,4,41.912071971,-87.758347546,POINT (-87.758347545951 41.912071970931),POINT (1140753.7250774393 1911073.487072821),2023,1724 N LOCKWOOD AVE
O1679547,DRIVER,2523d403dde8f9bbc57a7e0fc6c9ce9f28e70131422e4f736c53f72eaf42c024d6a40f2119c38cbf957ee94fffaa440447c5b5150ab7102d185cfb7160054e3d,1598492.0,M,29.0,DID NOT DEPLOY,NONE,NO INDICATION OF INJURY,UNKNOWN,UNKNOWN,UNKNOWN,,,,,2023-10-11 15:00:00,25,CLEAR,DAYLIGHT,REAR END,NOT DIVIDED,DRY,UNKNOWN,NOT ON SCENE (DESK REPORT),NO INJURY / DRIVE AWAY,,$500 OR LESS,10/11/2023 05:00:00 PM,UNABLE TO DETERMINE,UNABLE TO DETERMINE,,2,NO INDICATION OF INJURY,0.0,0.0,0.0,0.0,0.0,2.0,0.0,15,4,10,41.870295523,-87.685994251,POINT (-87.685994251033 41.870295522641),POINT (1160562.2964749606 1895990.501202973),2023,843 S WESTERN AVE
O1595076,DRIVER,822aef1cef4dd8c73030e4b968c11b066096d50460b94d8ee188936d574a57e4af504522920f3b453f275ea724abbb62315e04123aa2eaabe626ec3e6871d3fe,1517777.0,M,,DEPLOYMENT UNKNOWN,NONE,NO INDICATION OF INJURY,FAILED TO YIELD,UNKNOWN,UNKNOWN,,,,,2023-06-10 17:29:00,30,CLEAR,DAYLIGHT,REAR END,NOT DIVIDED,DRY,NO DEFECTS,NOT ON SCENE (DESK REPORT),INJURY AND / OR TOW DUE TO CRASH,,"OVER $1,500",06/10/2023 07:15:00 PM,FOLLOWING TOO CLOSELY,NOT APPLICABLE,,2,NONINCAPACITATING INJURY,1.0,0.0,0.0,1.0,0.0,8.0,0.0,17,7,6,41.749039454,-87.741291481,POINT (-87.741291481379 41.749039454352),POINT (1145805.6070703776 1851696.801212813),2023,4799 W 79TH ST
O1671274,DRIVER,51a83eb8becf4fda34fb968e93a6e83c255c1d7f1802d65cadf6711ef461b2eaa4ab42e1dae34a72f808d4f2c5591e21382d981af414d5d42a03ddee240fdc53,1590618.0,M,58.0,DID NOT DEPLOY,NONE,NO INDICATION OF INJURY,UNKNOWN,UNKNOWN,UNKNOWN,,,,,2023-09-29 18:00:00,30,CLEAR,"DARKNESS, LIGHTED ROAD",ANGLE,FOUR WAY,DRY,NO DEFECTS,ON SCENE,INJURY AND / OR TOW DUE TO CRASH,,"OVER $1,500",09/29/2023 06:00:00 PM,UNABLE TO DETERMINE,UNABLE TO DETERMINE,,3,NO INDICATION OF INJURY,0.0,0.0,0.0,0.0,0.0,2.0,0.0,18,6,9,41.880804158,-87.728244422,POINT (-87.728244421697 41.880804158177),POINT (1149027.797644743 1899735.8795997978),2023,4100 W MADISON ST
O1667941,DRIVER,0371cd7205276cbe777b911b4476c543e29a40b171b1eb7fa3d281ab0a5e2a7e4ab7c55a4973972c1841910e068354aff06ae041b38fd41f38e7cbbbe4428510,1587431.0,M,23.0,NOT APPLICABLE,NONE,NO INDICATION OF INJURY,FAILED TO YIELD,UNKNOWN,UNKNOWN,,,,,2023-09-24 17:55:00,30,CLEAR,DAYLIGHT,TURNING,NOT DIVIDED,DRY,NO DEFECTS,ON SCENE,INJURY AND / OR TOW DUE TO CRASH,,"OVER $1,500",09/24/2023 05:57:00 PM,IMPROPER TURNING/NO SIGNAL,NOT APPLICABLE,,2,NO INDICATION OF INJURY,0.0,0.0,0.0,0.0,0.0,2.0,0.0,17,1,9,41.791569479,-87.645231944,POINT (-87.645231943828 41.791569479354),POINT (1171894.353815096 1867389.4067065034),2023,5630 S HALSTED ST
P359523,PASSENGER,c87a225d3f7dd851259e7420558028bd3b964d0e36f2a8e15c38972db4ec642f6c2c6afeed82d561897964fcf5b45bd6aae76234e62632bfc075c686192e1a86,1546435.0,F,,DID NOT DEPLOY,NONE,NO INDICATION OF INJURY,,,,,,,,2023-07-25 07:10:00,30,CLEAR,DAYLIGHT,SIDESWIPE SAME DIRECTION,ONE-WAY,DRY,NO DEFECTS,NOT ON SCENE (DESK REPORT),NO INJURY / DRIVE AWAY,,"OVER $1,500",07/25/2023 08:30:00 AM,FAILING TO YIELD RIGHT-OF-WAY,FAILING TO REDUCE SPEED TO AVOID CRASH,,2,NO INDICATION OF INJURY,0.0,0.0,0.0,0.0,0.0,3.0,0.0,7,3,7,41.899050673,-87.627098441,POINT (-87.627098441123 41.899050672508),POINT (1176517.2865279436 1906595.339212294),2023,25 E DELAWARE PL
O1583695,DRIVER,efa790d93e88ba5bef8ed079d842dd9032d2b260651169f9643a0f458292396ba40c07cc27ca31ddb1bc731be69f740cc79fdb6059a4eab03cef70f51515b0a5,1506786.0,M,39.0,DID NOT DEPLOY,NONE,NO INDICATION OF INJURY,FOLLOWED TOO CLOSELY,NOT OBSCURED,NORMAL,,,,,2023-05-25 17:30:00,30,CLEAR,DAYLIGHT,REAR END,NOT DIVIDED,DRY,NO DEFECTS,NOT ON SCENE (DESK REPORT),NO INJURY / DRIVE AWAY,,$500 OR LESS,05/25/2023 06:00:00 PM,FOLLOWING TOO CLOSELY,NOT APPLICABLE,,2,NO INDICATION OF INJURY,0.0,0.0,0.0,0.0,0.0,2.0,0.0,17,5,5,41.878827564,-87.666896059,POINT (-87.666896059051 41.878827563636),POINT (1165739.8548698216 1899139.3708088102),2023,200 S ASHLAND AVE
O1561854,DRIVER,436f1c015538668938531a49220e0bfd0430acb4605e0e992bd1aded06e1ec9a0b47a8df63e189c1545bcbf045c16d2dfa04b3e47310f0046985f2d12fd63816,1485673.0,F,,DEPLOYMENT UNKNOWN,NONE,NO INDICATION OF INJURY,NONE,UNKNOWN,UNKNOWN,,,,,2023-04-24 17:35:00,35,CLEAR,DAWN,REAR END,DIVIDED - W/MEDIAN (NOT RAISED),UNKNOWN,UNKNOWN,NOT ON SCENE (DESK REPORT),INJURY AND / OR TOW DUE TO CRASH,Y,"OVER $1,500",04/24/2023 06:30:00 PM,FAILING TO REDUCE SPEED TO AVOID CRASH,NOT APPLICABLE,,3,NONINCAPACITATING INJURY,1.0,0.0,0.0,1.0,0.0,2.0,0.0,17,2,4,41.733316228,-87.57577483,POINT (-87.575774829817 41.733316228278),POINT (1191022.2821243794 1846321.6211159348),2023,8900 S JEFFERY BLVD
O1580948,DRIVER,03f54c578c03cc41dea0e648280f57099c0696f7a925e2a2436c7cc087ccbbd138310a70e7f813b1dacc1e54d135deea818e8a65f1c3e9872885cb9206e871a7,1504152.0,X,,DEPLOYMENT UNKNOWN,NONE,NO INDICATION OF INJURY,NONE,UNKNOWN,UNKNOWN,,,,Y,2023-05-21 20:00:00,30,CLEAR,DARKNESS,PARKED MOTOR VEHICLE,NOT DIVIDED,DRY,NO DEFECTS,NOT ON SCENE (DESK REPORT),NO INJURY / DRIVE AWAY,Y,"OVER $1,500",05/22/2023 07:28:00 AM,UNABLE TO DETERMINE,NOT APPLICABLE,,2,NO INDICATION OF INJURY,0.0,0.0,0.0,0.0,0.0,1.0,0.0,20,1,5,41.885588956,-87.748617405,POINT (-87.748617404508 41.885588956321),POINT (1143467.9261307188 1901440.9953676586),2023,4915 W FULTON ST
P365695,PASSENGER,68fe6069e8de8d694db6d2968e7dd31f88907905162fafcc56cf8331481300f26d035859ed25b925f0aa75d274b87d677fb39ef227be4f2bd9e0bd7e956b82ec,1572672.0,F,,DID NOT DEPLOY,NONE,NO INDICATION OF INJURY,,,,,,,,2023-09-02 17:00:00,15,CLEAR,DAYLIGHT,PEDESTRIAN,ALLEY,DRY,NO DEFECTS,NOT ON SCENE (DESK REPORT),NO INJURY / DRIVE AWAY,,$500 OR LESS,09/02/2023 06:09:00 PM,NOT APPLICABLE,NOT APPLICABLE,,2,NO INDICATION OF INJURY,0.0,0.0,0.0,0.0,0.0,5.0,0.0,17,7,9,41.798652221,-87.685532924,POINT (-87.685532923513 41.798652220959),POINT (1160884.8254985812 1869884.9240280117),2023,5220 S ARTESIAN AVE
P353183,PASSENGER,150e0aef7e652fa3245cd14656ef2f6e2c913c7be9a7573ea7d53ddf8b4a72af44c8cf09d5b7c0b82e2e931f7d8227449a54019f4e880f8aa851791de900551d,1519329.0,F,50.0,DID NOT DEPLOY,NONE,NO INDICATION OF INJURY,,,,,,,,2023-06-11 13:00:00,30,CLEAR,DAYLIGHT,SIDESWIPE SAME DIRECTION,DIVIDED - W/MEDIAN BARRIER,DRY,NO DEFECTS,NOT ON SCENE (DESK REPORT),NO INJURY / DRIVE AWAY,,"OVER $1,500",06/13/2023 08:15:00 AM,IMPROPER LANE USAGE,UNABLE TO DETERMINE,,2,NO INDICATION OF INJURY,0.0,0.0,0.0,0.0,0.0,4.0,0.0,13,1,6,41.721013449,-87.669168901,POINT (-87.669168900802 41.721013448718),POINT (1165565.2266537875 1841628.0783296719),2023,1841 W 95TH ST
O1513579,DRIVER,91b1761823eff26b62f4b1037d26a8b8ce3c437fc022fdd150478d883f1d00d1319c90512253c629d4d2155ab32e40c8a852a97e32428ea8927d9799532b4a74,1439066.0,F,38.0,NOT APPLICABLE,UNKNOWN,NO INDICATION OF INJURY,UNKNOWN,UNKNOWN,UNKNOWN,,,,,2023-02-07 22:17:00,30,UNKNOWN,UNKNOWN,ANGLE,NOT DIVIDED,UNKNOWN,UNKNOWN,NOT ON SCENE (DESK REPORT),NO INJURY / DRIVE AWAY,,"OVER $1,500",02/07/2023 11:15:00 PM,UNABLE TO DETERMINE,UNABLE TO DETERMINE,,2,NO INDICATION OF INJURY,0.0,0.0,0.0,0.0,0.0,2.0,0.0,22,3,2,41.880148914,-87.669414747,POINT (-87.669414747276 41.880148914071),POINT (1165050.2161249432 1899615.5532943322),2023,62 S PAULINA ST
O1626735,DRIVER,b3a3c5f2507d3f41774dc4e8de8a37a04232ad472352a8151944a664e4917bdbbea46ca8743b335545a25efb210b82e8f0e7e83bd1e31c13c9609b0bc3bfc24f,1548005.0,M,46.0,DID NOT DEPLOY,NONE,NO INDICATION OF INJURY,NONE,UNKNOWN,NORMAL,,,,,2023-07-27 17:10:00,30,CLEAR,DAYLIGHT,SIDESWIPE SAME DIRECTION,NOT DIVIDED,DRY,UNKNOWN,ON SCENE,NO INJURY / DRIVE AWAY,,"OVER $1,500",07/27/2023 05:10:00 PM,UNABLE TO DETERMINE,UNABLE TO DETERMINE,,2,NO INDICATION OF INJURY,0.0,0.0,0.0,0.0,0.0,4.0,0.0,17,5,7,41.87665354,-87.764133395,POINT (-87.764133395317 41.876653539523),POINT (1139264.5072566643 1898156.5392010189),2023,5562 W JACKSON BLVD
O1517181,DRIVER,5df2929879ef03a14cf56491c24e3bce86127d1d7ed3cda9f0f676067c18dc624444b7a4a0e1b1c2a04c19a9c9549304f4b4aac0a79f36dac37076123c4d6db4,1442519.0,F,23.0,DID NOT DEPLOY,NONE,NO INDICATION OF INJURY,FOLLOWED TOO CLOSELY,UNKNOWN,NORMAL,,,,Y,2023-02-13 23:51:00,30,CLEAR,"DARKNESS, LIGHTED ROAD",REAR END,DIVIDED - W/MEDIAN (NOT RAISED),DRY,NO DEFECTS,ON SCENE,NO INJURY / DRIVE AWAY,,$500 OR LESS,02/13/2023 11:55:00 PM,FOLLOWING TOO CLOSELY,FOLLOWING TOO CLOSELY,,2,NO INDICATION OF INJURY,0.0,0.0,0.0,0.0,0.0,3.0,0.0,23,2,2,41.815536541,-87.702119622,POINT (-87.702119622165 41.815536541148),POINT (1156316.9462810364 1876003.8225812544),2023,4298 S ARCHER AVE
O1519242,DRIVER,fad3fa20ff12b8a03d06535c2734a7ef01c383747369ea097fa1f965ba946153463ed9f374679e322d7b5302ae23a93beb5f170cb5a973d3c5fd233b622e3235,1444476.0,M,40.0,DID NOT DEPLOY,NONE,NO INDICATION OF INJURY,NONE,OTHER,NORMAL,,,,,2023-02-17 08:16:00,30,CLEAR,DAYLIGHT,REAR END,ONE-WAY,ICE,NO DEFECTS,ON SCENE,NO INJURY / DRIVE AWAY,,$500 OR LESS,02/17/2023 08:57:00 AM,WEATHER,NOT APPLICABLE,,2,NO INDICATION OF INJURY,0.0,0.0,0.0,0.0,0.0,3.0,0.0,8,6,2,41.813596647,-87.696967788,POINT (-87.696967787904 41.813596646908),POINT (1157726.561956891 1875307.2937437634),2023,4400 S FRANCISCO AVE
O1514665,DRIVER,baa1f1a37ec4e99000590e60870cd0af94f59a324195fa0eb8f1241e2dbaccc55c6de0818bff5b8fc77e913038c8f63a72cdf95854c86244c8c274fa8de98225,1440092.0,X,,DEPLOYMENT UNKNOWN,NONE,NO INDICATION OF INJURY,FAILED TO YIELD,UNKNOWN,UNKNOWN,,,,,2023-02-09 18:03:00,30,RAIN,"DARKNESS, LIGHTED ROAD",ANGLE,FOUR WAY,WET,NO DEFECTS,ON SCENE,INJURY AND / OR TOW DUE TO CRASH,Y,"OVER $1,500",02/09/2023 06:04:00 PM,FAILING TO YIELD RIGHT-OF-WAY,NOT APPLICABLE,,4,NONINCAPACITATING INJURY,2.0,0.0,0.0,2.0,0.0,4.0,0.0,18,5,2,41.736381172,-87.625426497,POINT (-87.625426497041 41.736381171795),POINT (1177460.807773558 1847323.080566963),2023,24 W 87TH ST
O1678489,DRIVER,a6ada0dcf2b741bd49a443fd8879e91b4cbdbf3101dfb16c762aee9ba503f902de6400b6ea82dfb29a47e707c78ca45fa26fec002612109c9ed9179c589ce627,1597487.0,M,21.0,DID NOT DEPLOY,NONE,NO INDICATION OF INJURY,NONE,NOT OBSCURED,NORMAL,,,,,2023-10-10 10:15:00,30,CLEAR,DAYLIGHT,PARKED MOTOR VEHICLE,NOT DIVIDED,DRY,NO DEFECTS,ON SCENE,NO INJURY / DRIVE AWAY,,"OVER $1,500",10/10/2023 10:20:00 AM,DRIVING SKILLS/KNOWLEDGE/EXPERIENCE,DRIVING SKILLS/KNOWLEDGE/EXPERIENCE,,2,NO INDICATION OF INJURY,0.0,0.0,0.0,0.0,0.0,1.0,0.0,10,3,10,41.929941981,-87.640884895,POINT (-87.640884895181 41.929941980861),POINT (1172673.119864139 1917821.5761964002),2023,2623 N HAMPDEN CT
P334429,PASSENGER,633c17ebb9d84bb52401a762349abfd1713e572be74aa5297c5836d65c3a722322db979d34ca09f864d19cde7ebdf810a93abf8c324f12e03b959e4a49590453,1438414.0,F,38.0,NOT APPLICABLE,NONE,NO INDICATION OF INJURY,,,,,,,,2023-02-06 16:54:00,25,CLEAR,DAYLIGHT,PARKED MOTOR VEHICLE,OTHER,DRY,NO DEFECTS,ON SCENE,NO INJURY / DRIVE AWAY,,"$501 - $1,500",02/06/2023 04:55:00 PM,EQUIPMENT - VEHICLE CONDITION,NOT APPLICABLE,,2,NO INDICATION OF INJURY,0.0,0.0,0.0,0.0,0.0,3.0,0.0,16,2,2,41.88310681,-87.721050734,POINT (-87.721050734344 41.883106809908),POINT (1150980.8042125078 1900588.8566116432),2023,3802 W WEST END AVE
O1708870,DRIVER,e374bd3f4b43ce77e06f26bb949edbf47882085eb32c65e76ba654f2fca5e77a75b1c8f2f1fdafffa2eda8f5215cca18747e631e5c135ec5bc2875a12feef0c9,1626585.0,M,0.0,NOT APPLICABLE,NONE,NO INDICATION OF INJURY,UNKNOWN,NOT OBSCURED,NORMAL,,,,,2023-11-22 18:22:00,30,CLEAR,"DARKNESS, LIGHTED ROAD",PEDALCYCLIST,NOT DIVIDED,DRY,NO DEFECTS,NOT ON SCENE (DESK REPORT),INJURY AND / OR TOW DUE TO CRASH,,"$501 - $1,500",11/22/2023 07:00:00 PM,UNABLE TO DETERMINE,NOT APPLICABLE,,2,NONINCAPACITATING INJURY,1.0,0.0,0.0,1.0,0.0,1.0,0.0,18,4,11,41.839442312,-87.662252618,POINT (-87.662252617617 41.839442312313),POINT (1167116.579523022 1884797.331861186),2023,3033 S ARCHER AVE
O1611359,DRIVER,6da7967a3c6b69e3aa2a4d615746e7b0d992669dafdc7016f65da5d1744a7ba839a098dbb2bcfb3e5fdd218bf764a559d81e2a3e56594e0762099c6f1c7d46f5,1533364.0,M,30.0,DID NOT DEPLOY,NONE,NO INDICATION OF INJURY,OTHER,UNKNOWN,UNKNOWN,,,,,2023-07-04 23:28:00,35,CLEAR,"DARKNESS, LIGHTED ROAD",ANGLE,T-INTERSECTION,DRY,NO DEFECTS,ON SCENE,INJURY AND / OR TOW DUE TO CRASH,,"OVER $1,500",07/04/2023 11:33:00 PM,UNABLE TO DETERMINE,UNABLE TO DETERMINE,,2,NONINCAPACITATING INJURY,6.0,0.0,0.0,6.0,0.0,1.0,0.0,23,3,7,41.774987069,-87.593094907,POINT (-87.593094906929 41.774987069084),POINT (1186164.1628964865 1861464.9934824829),2023,6600 S KENWOOD AVE
O1692302,DRIVER,33744aa78408e071a9c3b39ea3d977223f28af9289a5e82ae33b2e27ef71544c00a85ecbd4cebd8bafe77f54fdfeb27dfa35a66f88713d81e72fd89bf61c674d,1610733.0,F,70.0,NOT APPLICABLE,NONE,NO INDICATION OF INJURY,UNKNOWN,UNKNOWN,NORMAL,,,,,2023-10-29 15:19:00,35,RAIN,DAYLIGHT,HEAD ON,NOT DIVIDED,WET,NO DEFECTS,ON SCENE,INJURY AND / OR TOW DUE TO CRASH,,"OVER $1,500",10/29/2023 03:46:00 PM,FAILING TO REDUCE SPEED TO AVOID CRASH,NOT APPLICABLE,,2,NO INDICATION OF INJURY,0.0,0.0,0.0,0.0,0.0,4.0,0.0,15,1,10,41.838724093,-87.694257269,POINT (-87.694257268792 41.838724093424),POINT (1158397.3568403712 1884469.100641001),2023,2742 W 30TH PL
O1636714,DRIVER,8b53ab53f79d4a2298d6c83f2be77ea0aaa1942a0085f6491438a8faaf802c72745d0b9e2918ad0d61e98e6b3bff039d21755a9982920f7e7dbe7a19b1a99842,1557486.0,F,34.0,DID NOT DEPLOY,NONE,NO INDICATION OF INJURY,IMPROPER LANE CHANGE,UNKNOWN,UNKNOWN,,,,,2023-08-10 16:57:00,35,CLEAR,DAYLIGHT,SIDESWIPE SAME DIRECTION,UNKNOWN,DRY,NO DEFECTS,,INJURY AND / OR TOW DUE TO CRASH,,"OVER $1,500",08/10/2023 05:51:00 PM,IMPROPER OVERTAKING/PASSING,NOT APPLICABLE,,2,NO INDICATION OF INJURY,0.0,0.0,0.0,0.0,0.0,4.0,0.0,16,5,8,41.719292056,-87.53514099,POINT (-87.535140989845 41.719292056001),POINT (1202160.578457785 1841311.5850020344),2023,9707 S EWING AVE
O1555415,DRIVER,b1e66b908ffa5a4d2f7daeaa359d919dfe956b94f35e7c1e6b50145f907da936f96bc39292e6fcba36b25a0cd42c4c0cbe0d569f819ba5900923fc31ff4f1d42,1479393.0,X,,DEPLOYMENT UNKNOWN,NONE,NO INDICATION OF INJURY,UNKNOWN,UNKNOWN,UNKNOWN,,,,,2023-04-15 07:28:00,20,CLEAR,DAYLIGHT,OTHER OBJECT,ONE-WAY,DRY,NO DEFECTS,ON SCENE,INJURY AND / OR TOW DUE TO CRASH,,"OVER $1,500",04/15/2023 07:28:00 AM,UNABLE TO DETERMINE,UNABLE TO DETERMINE,,1,NO INDICATION OF INJURY,0.0,0.0,0.0,0.0,0.0,1.0,0.0,7,7,4,41.755265529,-87.683593369,POINT (-87.683593369165 41.755265528872),POINT (1161533.133936146 1854079.139142632),2023,2415 W 76TH ST
O1552630,DRIVER,a327e001a1079dbae8931c1aeaa6b6523db881c73b8c40af609990aee62ebce57d2ef33a27e252018f42ed04e9444962b2c9b26483569004dd4cb9411cb8498b,1476719.0,M,36.0,DID NOT DEPLOY,NONE,NO INDICATION OF INJURY,UNKNOWN,UNKNOWN,NORMAL,,,,,2023-04-11 15:10:00,25,CLEAR,DAYLIGHT,REAR END,NOT DIVIDED,DRY,NO DEFECTS,NOT ON SCENE (DESK REPORT),NO INJURY / DRIVE AWAY,,"$501 - $1,500",04/11/2023 03:33:00 PM,NOT APPLICABLE,NOT APPLICABLE,,2,NO INDICATION OF INJURY,0.0,0.0,0.0,0.0,0.0,2.0,0.0,15,3,4,41.874470434,-87.617486196,POINT (-87.617486195888 41.874470433803),POINT (1179208.8854962364 1897659.9952495978),2023,600 S LAKE SHORE DR SB
O1591384,DRIVER,abc927987c16a208ad900bc930836008172f6b5bfabf6c55c231d09dbc0a27fc2cf4fcfcd749521e633f0b838322beae4488e9f59cf08f1f17a82f2051a981f7,1514202.0,M,31.0,DEPLOYMENT UNKNOWN,NONE,NO INDICATION OF INJURY,NONE,NOT OBSCURED,NORMAL,,,,,2023-06-05 14:30:00,30,UNKNOWN,DAYLIGHT,SIDESWIPE SAME DIRECTION,NOT DIVIDED,UNKNOWN,UNKNOWN,NOT ON SCENE (DESK REPORT),NO INJURY / DRIVE AWAY,,"OVER $1,500",06/05/2023 05:00:00 PM,UNABLE TO DETERMINE,NOT APPLICABLE,,2,NO INDICATION OF INJURY,0.0,0.0,0.0,0.0,0.0,2.0,0.0,14,2,6,41.790118085,-87.684082168,POINT (-87.684082168007 41.790118084538),POINT (1161303.8890708159 1866778.125597397),2023,5700 S WESTERN AVE
O1609590,DRIVER,6c893e5ef09d4b38c931dd6665c3c3796ef1fe6452c5706c87848cd71eda3744a0240a5d21939fae9c83bcf62f67369834dcd32f511305e1f622ec198d827597,1531675.0,M,33.0,NOT APPLICABLE,NONE,NONINCAPACITATING INJURY,UNKNOWN,UNKNOWN,REMOVED BY EMS,,,,,2023-07-01 23:35:00,3,RAIN,"DARKNESS, LIGHTED ROAD",FIXED OBJECT,DIVIDED - W/MEDIAN (NOT RAISED),WET,NO DEFECTS,ON SCENE,INJURY AND / OR TOW DUE TO CRASH,,"OVER $1,500",07/01/2023 11:38:00 PM,UNABLE TO DETERMINE,NOT APPLICABLE,,1,NONINCAPACITATING INJURY,1.0,0.0,0.0,1.0,0.0,0.0,0.0,23,7,7,41.80191689,-87.633419355,POINT (-87.633419355437 41.801916890412),POINT (1175084.9492445677 1871185.9450654935),2023,304 W 51ST ST
P362069,PASSENGER,09568338c2620c988e576cd64ac2da307ba93601e1657459d862c094951044e678e499e94c1c8126e2312e8c4da3530edf27eb5b78dbcfd2752d17a251964492,1557169.0,M,24.0,DID NOT DEPLOY,NONE,NO INDICATION OF INJURY,,,,,,,,2023-08-05 22:39:00,25,FREEZING RAIN/DRIZZLE,"DARKNESS, LIGHTED ROAD",REAR END,DIVIDED - W/MEDIAN (NOT RAISED),WET,NO DEFECTS,NOT ON SCENE (DESK REPORT),NO INJURY / DRIVE AWAY,,"OVER $1,500",08/11/2023 01:33:00 AM,WEATHER,NOT APPLICABLE,,2,NO INDICATION OF INJURY,0.0,0.0,0.0,0.0,0.0,6.0,0.0,22,7,8,41.885868345,-87.63378741,POINT (-87.633787410229 41.885868344749),POINT (1174735.4178143302 1901776.779566939),2023,205 N WELLS ST
O1652396,DRIVER,ce1486d32ff44b9fa67c276ed71914117c9888d1f03d2e0fc5cacac55dfbc82a319c261fee96018c2085f2abd38111e123b2e76534cc96bd76989b264545a933,1572535.0,X,,DEPLOYMENT UNKNOWN,NONE,NO INDICATION OF INJURY,OTHER,UNKNOWN,UNKNOWN,,,,,2023-09-02 14:30:00,30,CLEAR,DAYLIGHT,PARKED MOTOR VEHICLE,NOT DIVIDED,DRY,NO DEFECTS,ON SCENE,INJURY AND / OR TOW DUE TO CRASH,Y,"OVER $1,500",09/02/2023 03:40:00 PM,IMPROPER LANE USAGE,NOT APPLICABLE,,2,NO INDICATION OF INJURY,0.0,0.0,0.0,0.0,0.0,1.0,0.0,14,7,9,41.79306559,-87.773448298,POINT (-87.773448298369 41.793065590475),POINT (1136926.229136494 1867680.8011819797),2023,5430 S MC VICKER AVE