PERSON_ID,PERSON_TYPE,CRASH_RECORD_ID,VEHICLE_ID,SEX,AGE,AIRBAG_DEPLOYED,EJECTION,INJURY_CLASSIFICATION,DRIVER_ACTION,DRIVER_VISION,PHYSICAL_CONDITION,PEDPEDAL_ACTION,PEDPEDAL_VISIBILITY,PEDPEDAL_LOCATION,CRASH_DATE_EST_I,CRASH_DATE,POSTED_SPEED_LIMIT,WEATHER_CONDITION,LIGHTING_CONDITION,FIRST_CRASH_TYPE,TRAFFICWAY_TYPE,ROADWAY_SURFACE_COND,ROAD_DEFECT,REPORT_TYPE,CRASH_TYPE,HIT_AND_RUN_I,DAMAGE,DATE_POLICE_NOTIFIED,PRIM_CONTRIBUTORY_CAUSE,SEC_CONTRIBUTORY_CAUSE,DOORING_I,NUM_UNITS,MOST_SEVERE_INJURY,INJURIES_TOTAL,INJURIES_FATAL,INJURIES_INCAPACITATING,INJURIES_NON_INCAPACITATING,INJURIES_REPORTED_NOT_EVIDENT,INJURIES_NO_INDICATION,INJURIES_UNKNOWN,CRASH_HOUR,CRASH_DAY_OF_WEEK,CRASH_MONTH,LATITUDE,LONGITUDE,LOCATION,geometry,YEAR,ADDRESS
O1719319,DRIVER,ad388d3ea56cb268584e58f412bdb96cae0f5eb57c853de44898a3c8e33ef6bd7d24246bbd538b0d5132d2fe6f87ae9195022cda9c463931bd2da40ef7910050,1636632.0,M,37.0,NOT APPLICABLE,NONE,NO INDICATION OF INJURY,NONE,NOT OBSCURED,NORMAL,,,,,2023-12-09 08:45:00,35,CLOUDY/OVERCAST,DAYLIGHT,REAR END,NOT DIVIDED,WET,NO DEFECTS,ON SCENE,INJURY AND / OR TOW DUE TO CRASH,,"$501 - $1,500",12/09/2023 08:50:00 AM,FOLLOWING TOO CLOSELY,UNABLE TO DETERMINE,,2,NONINCAPACITATING INJURY,2.0,0.0,0.0,2.0,0.0,1.0,0.0,8,7,12,41.779083803,-87.703078302,POINT (-87.703078301863 41.779083802552),POINT (1156153.0010398855 1862718.766365507),2023,3158 W 63RD ST
O1709250,DRIVER,bc3cda85e10138cc86365750ed45796354fd88c173af9f6c3389967da4d4583782d74052108edbabc4a11aa112fc0cc2150ffd264a3e274c232f8b624aa56f3a,1626951.0,F,30.0,"DEPLOYED, FRONT",NONE,NO INDICATION OF INJURY,UNKNOWN,UNKNOWN,UNKNOWN,,,,,2023-11-23 14:19:00,35,CLEAR,DAYLIGHT,TURNING,DIVIDED - W/MEDIAN BARRIER,DRY,NO DEFECTS,ON SCENE,INJURY AND / OR TOW DUE TO CRASH,,"OVER $1,500",11/23/2023 02:19:00 PM,UNABLE TO DETERMINE,UNABLE TO DETERMINE,,2,NO INDICATION OF INJURY,0.0,0.0,0.0,0.0,0.0,5.0,0.0,14,5,11,41.659973142,-87.595088138,POINT (-87.595088137891 41.659973142277),POINT (1185979.835274405 1819550.4694264974),2023,1100 E 130TH ST
O1577713,DRIVER,c8e465f7287f44ea572c740a3e1c992151d39b893c08bc6e46254532e0d2bf1de5d0f5301ea3672d75037bfe71d0a3571b1d77cf553d5208f5ee3560ce60fc30,1501022.0,F,54.0,NOT APPLICABLE,NONE,NO INDICATION OF INJURY,NONE,NOT OBSCURED,NORMAL,,,,,2023-05-17 12:37:00,35,CLEAR,DAYLIGHT,SIDESWIPE SAME DIRECTION,CENTER TURN LANE,DRY,NO DEFECTS,ON SCENE,NO INJURY / DRIVE AWAY,,$500 OR LESS,05/17/2023 12:50:00 PM,UNABLE TO DETERMINE,UNABLE TO DETERMINE,,2,NO INDICATION OF INJURY,0.0,0.0,0.0,0.0,0.0,2.0,0.0,12,4,5,41.736105394,-87.63158445,POINT (-87.631584450125 41.736105393862),POINT (1175780.9116400476 1847208.8253690307),2023,300 W 87TH ST
O1663579,DRIVER,c4347112bc455e5b20585a16823283f5b6c93fb8c8fac7752fca86c28053768d875b708ce4c57af2644a27dd375a69d3c3b481a96bcbc35d4f27c48c14e31f02,1583264.0,M,72.0,DEPLOYMENT UNKNOWN,NONE,NO INDICATION OF INJURY,OTHER,UNKNOWN,NORMAL,,,,,2023-09-18 10:53:00,30,CLEAR,DAYLIGHT,TURNING,NOT DIVIDED,DRY,NO DEFECTS,ON SCENE,INJURY AND / OR TOW DUE TO CRASH,,"OVER $1,500",09/18/2023 10:53:00 AM,UNABLE TO DETERMINE,UNABLE TO DETERMINE,,2,NO INDICATION OF INJURY,0.0,0.0,0.0,0.0,0.0,2.0,0.0,10,2,9,41.934158719,-87.766197233,POINT (-87.766197232611 41.934158718982),POINT (1138563.9042133735 1919107.6919347364),2023,2935 N CENTRAL AVE
O1537231,DRIVER,0e09165c5098ae3e5e8f981a84bc57f159949d82214f77f41aef26e84b896a51233a0366a60982ecd50526a274aab8002dbf7b82183019135b104933fdde8381,1461808.0,M,54.0,DID NOT DEPLOY,NONE,NO INDICATION OF INJURY,OTHER,NOT OBSCURED,NORMAL,,,,,2023-03-17 15:05:00,25,CLEAR,DAYLIGHT,PARKED MOTOR VEHICLE,ONE-WAY,DRY,UNKNOWN,ON SCENE,NO INJURY / DRIVE AWAY,,"$501 - $1,500",03/17/2023 03:08:00 PM,UNABLE TO DETERMINE,NOT APPLICABLE,,2,NO INDICATION OF INJURY,0.0,0.0,0.0,0.0,0.0,2.0,0.0,15,6,3,41.748958803,-87.590417552,POINT (-87.590417551746 41.748958802559),POINT (1186976.380615132 1851986.7941903921),2023,8021 S DORCHESTER AVE
O1501233,DRIVER,c36c9ca19b1d16b14ec22d410b8a54713d8411e1bf4ee5d356f972acd78bca6cecf68d3d9fe5ed67932e89be004cad4d21f7e7c43d7df07f3b196bc8727fbef5,1427215.0,X,,DEPLOYMENT UNKNOWN,NONE,NO INDICATION OF INJURY,FAILED TO YIELD,UNKNOWN,UNKNOWN,,,,,2023-01-19 09:00:00,20,RAIN,DAYLIGHT,ANGLE,NOT DIVIDED,WET,NO DEFECTS,ON SCENE,NO INJURY / DRIVE AWAY,Y,"OVER $1,500",01/19/2023 09:24:00 AM,FAILING TO YIELD RIGHT-OF-WAY,IMPROPER LANE USAGE,,2,NO INDICATION OF INJURY,0.0,0.0,0.0,0.0,0.0,2.0,0.0,9,5,1,41.954456469,-87.664839895,POINT (-87.664839894773 41.954456468687),POINT (1166084.9920724402 1926702.99134447),2023,1414 W IRVING PARK RD
O1605561,DRIVER,aae2b40b9a8f7e0aa32ef6cd40e96aad04a5bef9a100dcb142a5c1019459f5209a35c2f1dac67ef8b5ecc4187118ce210d4961c7c056e16a45d7774bfda415f2,1527795.0,M,43.0,DID NOT DEPLOY,NONE,NO INDICATION OF INJURY,OTHER,UNKNOWN,NORMAL,,,,,2023-06-25 23:13:00,30,CLEAR,"DARKNESS, LIGHTED ROAD",REAR END,NOT DIVIDED,OTHER,NO DEFECTS,ON SCENE,INJURY AND / OR TOW DUE TO CRASH,,"OVER $1,500",06/25/2023 11:14:00 PM,FOLLOWING TOO CLOSELY,EQUIPMENT - VEHICLE CONDITION,,2,NO INDICATION OF INJURY,0.0,0.0,0.0,0.0,0.0,3.0,0.0,23,1,6,41.798329394,-87.762617813,POINT (-87.762617813217 41.798329394479),POINT (1139866.8939138858 1869618.314083286),2023,5158 S CENTRAL AVE
P359315,PASSENGER,962471ce720533e1a028fd6858be66aa3c524867816b9accfa9964471ca106bf04b53ebac6222d830e88e6a596999fc510cce821004649be8c08141aa02e09a2,1545616.0,F,,DID NOT DEPLOY,NONE,NO INDICATION OF INJURY,,,,,,,,2023-07-23 19:30:00,15,CLEAR,UNKNOWN,SIDESWIPE SAME DIRECTION,OTHER,DRY,UNKNOWN,NOT ON SCENE (DESK REPORT),NO INJURY / DRIVE AWAY,,"OVER $1,500",07/23/2023 08:19:00 PM,IMPROPER LANE USAGE,NOT APPLICABLE,,2,NO INDICATION OF INJURY,0.0,0.0,0.0,0.0,0.0,5.0,0.0,19,1,7,41.789329323,-87.741645644,POINT (-87.741645644196 41.789329323265),POINT (1145607.9660026962 1866377.416162628),2023,5700 S CICERO AVE
O1668895,PEDESTRIAN,5addedf3d8d114b5e737b902981c59778d123d766968da5e1d69f672ee5f661040c33cf19b8c7bb390aea8b907aa48e59bfbc43afb6275ab07991a0d8354d888,,M,27.0,,,NONINCAPACITATING INJURY,NONE,OTHER,NORMAL,CROSSING - WITH SIGNAL,NO CONTRASTING CLOTHING,IN CROSSWALK,,2023-09-26 09:40:00,30,RAIN,DAYLIGHT,PEDESTRIAN,FOUR WAY,DRY,NO DEFECTS,ON SCENE,INJURY AND / OR TOW DUE TO CRASH,,$500 OR LESS,09/26/2023 10:15:00 AM,WEATHER,FAILING TO YIELD RIGHT-OF-WAY,,3,NONINCAPACITATING INJURY,2.0,0.0,0.0,2.0,0.0,1.0,0.0,9,3,9,41.971977449,-87.728281037,POINT (-87.728281036574 41.971977449237),POINT (1148783.390524403 1932959.479606496),2023,5000 N PULASKI RD
O1503394,DRIVER,aa4dadb162442c566ff7ebcd42bf6147790a201ee32cbbcf8da22438e89240dc6fedea6ac6f843ee986b8d823a283adfc8214a8004552f3a5d21092969d7a645,1429297.0,F,27.0,"DEPLOYED, FRONT",NONE,NO INDICATION OF INJURY,IMPROPER TURN,UNKNOWN,NORMAL,,,,,2023-01-22 22:22:00,30,SLEET/HAIL,"DARKNESS, LIGHTED ROAD",FIXED OBJECT,DIVIDED - W/MEDIAN BARRIER,WET,UNKNOWN,ON SCENE,NO INJURY / DRIVE AWAY,,"OVER $1,500",01/22/2023 10:22:00 PM,IMPROPER TURNING/NO SIGNAL,NOT APPLICABLE,,1,NO INDICATION OF INJURY,0.0,0.0,0.0,0.0,0.0,3.0,0.0,22,1,1,41.884537109,-87.64426054,POINT (-87.644260539624 41.884537109373),POINT (1171887.4786770523 1901268.6040916995),2023,640 W RANDOLPH ST
P347915,PASSENGER,9586cf46f0d6780ada7e9f068217520e119275f8aaa43e6ec5c1816a51dbc47a940be0f63aece95e12e2a5da1a187c6d1bcfb4dfa794f95110d0727146b56e52,1497716.0,F,38.0,"DEPLOYED, COMBINATION",NONE,NONINCAPACITATING INJURY,,,,,,,,2023-05-12 14:05:00,30,CLOUDY/OVERCAST,DAYLIGHT,TURNING,"FIVE POINT, OR MORE",DRY,NO DEFECTS,ON SCENE,INJURY AND / OR TOW DUE TO CRASH,,"OVER $1,500",05/12/2023 02:06:00 PM,UNABLE TO DETERMINE,UNABLE TO DETERMINE,,2,NONINCAPACITATING INJURY,2.0,0.0,0.0,2.0,0.0,1.0,0.0,14,6,5,41.838243205,-87.690717365,POINT (-87.690717365388 41.838243205348),POINT (1159363.291248156 1884301.0639805943),2023,2600 W 31ST BLVD
O1701456,BICYCLE,ea940a153cf8c1c8b418c0207b696482f17e0167a71b685f43c71cebd624f31a8288bf8e0b910207e7c745bbe763c327e7d9eb7564b7b81cca3fff77e4ce5918,,M,31.0,,NONE,NO INDICATION OF INJURY,NONE,NOT OBSCURED,NORMAL,NO ACTION,NO CONTRASTING CLOTHING,UNKNOWN/NA,,2023-11-11 19:20:00,30,CLEAR,"DARKNESS, LIGHTED ROAD",PEDALCYCLIST,ONE-WAY,DRY,NO DEFECTS,NOT ON SCENE (DESK REPORT),NO INJURY / DRIVE AWAY,,$500 OR LESS,11/11/2023 09:00:00 PM,UNABLE TO DETERMINE,UNABLE TO DETERMINE,Y,2,NO INDICATION OF INJURY,0.0,0.0,0.0,0.0,0.0,3.0,0.0,19,7,11,41.9703179,-87.714857634,POINT (-87.714857634044 41.970317900045),POINT (1152438.0309099355 1932380.7990356542),2023,3434 W AINSLIE ST
O1591802,DRIVER,41a779acef9ff6e33de359db9308cc9928d319627e9467bee4bad8f18e1fd8d027b778a4eb01224df40dc7f004179dcf57206cdda13a700ae51f9c97e80f93fd,1514609.0,F,27.0,NOT APPLICABLE,NONE,NO INDICATION OF INJURY,UNKNOWN,UNKNOWN,NORMAL,,,,,2023-06-06 07:00:00,30,CLEAR,DAYLIGHT,REAR END,ONE-WAY,DRY,UNKNOWN,NOT ON SCENE (DESK REPORT),NO INJURY / DRIVE AWAY,,"OVER $1,500",06/06/2023 09:13:00 AM,UNABLE TO DETERMINE,NOT APPLICABLE,,2,NO INDICATION OF INJURY,0.0,0.0,0.0,0.0,0.0,2.0,0.0,7,3,6,41.766615397,-87.585788839,POINT (-87.585788839089 41.766615396547),POINT (1188183.56044908 1858431.655080125),2023,7045 S STONY ISLAND AVE
O1504368,DRIVER,853be4ebaf8fb8f1856c3c7e976b1b669f4f3e2182b0ba7aad035f4c304a35d3ccf8b165ef4c12d5f8bc3fc0c2ae304598c4ced53c25b5c89b3dfd8e82eb7bd9,1430239.0,M,43.0,DID NOT DEPLOY,NONE,NO INDICATION OF INJURY,NONE,NOT OBSCURED,NORMAL,,,,,2023-01-24 16:00:00,35,CLEAR,DAYLIGHT,SIDESWIPE SAME DIRECTION,ONE-WAY,DRY,NO DEFECTS,NOT ON SCENE (DESK REPORT),NO INJURY / DRIVE AWAY,,"$501 - $1,500",01/24/2023 04:50:00 PM,FAILING TO YIELD RIGHT-OF-WAY,FAILING TO YIELD RIGHT-OF-WAY,,2,NO INDICATION OF INJURY,0.0,0.0,0.0,0.0,0.0,2.0,0.0,16,3,1,41.885642536,-87.626716161,POINT (-87.62671616143 41.885642536257),POINT (1176661.5976873357 1901710.2710528374),2023,33 E LAKE ST
O1701956,DRIVER,e318a1c59c9cc23dc447306ef10f20fe020e1653ed43bd2e148b7be4c41e52fa532254b3ac511525dba208d081f9d26d3589147acbcd4753170758d0f60c1eba,1619945.0,M,29.0,DID NOT DEPLOY,NONE,NO INDICATION OF INJURY,FAILED TO YIELD,NOT OBSCURED,NORMAL,,,,,2023-11-12 15:20:00,30,CLEAR,DAYLIGHT,SIDESWIPE SAME DIRECTION,DIVIDED - W/MEDIAN (NOT RAISED),DRY,NO DEFECTS,ON SCENE,INJURY AND / OR TOW DUE TO CRASH,,"OVER $1,500",11/12/2023 03:27:00 PM,IMPROPER OVERTAKING/PASSING,NOT APPLICABLE,,2,NO INDICATION OF INJURY,0.0,0.0,0.0,0.0,0.0,2.0,0.0,15,1,11,41.749105172,-87.737674326,POINT (-87.737674325877 41.749105171768),POINT (1146792.4900474304 1851727.5603496274),2023,4631 W 79TH ST
O1530123,DRIVER,8fb70ada9c39e5fa3f66b3cffd21a244c800bad8e719396532119fb61fb4dc50262303b4f3e67df2b3030c7a4557a9e4c3b52e0bb5a6f873c52bbc08f12a79e2,1454988.0,X,,DEPLOYMENT UNKNOWN,NONE,NO INDICATION OF INJURY,UNKNOWN,UNKNOWN,UNKNOWN,,,,,2023-03-04 15:30:00,15,UNKNOWN,UNKNOWN,PARKED MOTOR VEHICLE,PARKING LOT,UNKNOWN,UNKNOWN,NOT ON SCENE (DESK REPORT),NO INJURY / DRIVE AWAY,Y,"$501 - $1,500",03/06/2023 01:00:00 PM,UNABLE TO DETERMINE,NOT APPLICABLE,,2,NO INDICATION OF INJURY,0.0,0.0,0.0,0.0,0.0,1.0,0.0,15,7,3,41.990069295,-87.663015643,POINT (-87.663015643448 41.990069294604),POINT (1166479.6619136455 1939684.3497220187),2023,1300 W THORNDALE AVE
O1722075,DRIVER,57dc2c3536503e566580d2a30b8998f16a90c39bbf6e96a7ebb54099857f5f4e99aa2fcbefc9e74627b0d77d006e4bb5cd5ad5a9301775dec379f78e92db2148,1639286.0,M,,NOT APPLICABLE,NONE,NO INDICATION OF INJURY,FOLLOWED TOO CLOSELY,NOT OBSCURED,UNKNOWN,,,,,2023-12-13 13:40:00,35,CLEAR,DUSK,REAR END,DIVIDED - W/MEDIAN BARRIER,DRY,NO DEFECTS,NOT ON SCENE (DESK REPORT),NO INJURY / DRIVE AWAY,Y,"$501 - $1,500",12/13/2023 04:10:00 PM,FOLLOWING TOO CLOSELY,FOLLOWING TOO CLOSELY,,3,NO INDICATION OF INJURY,0.0,0.0,0.0,0.0,0.0,3.0,0.0,13,4,12,41.857749421,-87.627047787,POINT (-87.627047787153 41.85774942081),POINT (1176654.9294601278 1891545.3119991964),2023,1801 S STATE ST
O1680623,DRIVER,7a20c7193d8bddc56338f2bea928be46bfc0e88cb28bc4e14377d23a9bb31d92bbddabaa752cfac41a2648080fceddd7995dcbe46282e02aa810ce9d5f2b4d7e,1599519.0,M,43.0,DID NOT DEPLOY,NONE,NO INDICATION OF INJURY,UNKNOWN,UNKNOWN,UNKNOWN,,,,,2023-01-25 15:25:00,30,UNKNOWN,UNKNOWN,REAR END,UNKNOWN,UNKNOWN,UNKNOWN,,NO INJURY / DRIVE AWAY,Y,"OVER $1,500",01/25/2023 04:10:00 PM,UNABLE TO DETERMINE,NOT APPLICABLE,,2,NO INDICATION OF INJURY,0.0,0.0,0.0,0.0,0.0,4.0,0.0,15,4,1,41.98998108,-87.747256178,POINT (-87.747256177967 41.989981080098),POINT (1143578.5237804311 1939484.215363381),2023,6000 N KEATING AVE
P347291,PASSENGER,3d4f1b9157b3fa728c8ecc7a711be028ac7929ebe60e81e7c5a554957b4242c0de30f583d65171f28d122d19a44b7b2ba6ff720cda8241aa57be899a8a1028c9,1494913.0,M,,DID NOT DEPLOY,NONE,NO INDICATION OF INJURY,,,,,,,,2023-05-08 15:30:00,30,CLEAR,DAYLIGHT,REAR END,NOT DIVIDED,DRY,UNKNOWN,NOT ON SCENE (DESK REPORT),NO INJURY / DRIVE AWAY,,"OVER $1,500",05/08/2023 05:30:00 PM,FOLLOWING TOO CLOSELY,UNABLE TO DETERMINE,,2,NO INDICATION OF INJURY,0.0,0.0,0.0,0.0,0.0,6.0,0.0,15,2,5,41.961386194,-87.675960248,POINT (-87.675960248218 41.961386193744),POINT (1163040.7904810263 1929204.8101436938),2023,1899 W MONTROSE AVE
O1514564,DRIVER,8b7ddf472780370f560f024f3e390d1e828ea569439ca8b55fa440bcdd6d565c92a0d58e48a0c6491a844d44ed8b862b759bfa2ac69c4e608d5030bc5ea4f28b,1440023.0,F,16.0,"DEPLOYED, FRONT",NONE,NO INDICATION OF INJURY,NONE,UNKNOWN,NORMAL,,,,,2023-02-09 14:16:00,30,RAIN,DAYLIGHT,TURNING,FOUR WAY,WET,NO DEFECTS,ON SCENE,INJURY AND / OR TOW DUE TO CRASH,,"OVER $1,500",02/09/2023 03:14:00 PM,UNABLE TO DETERMINE,UNABLE TO DETERMINE,,2,NO INDICATION OF INJURY,0.0,0.0,0.0,0.0,0.0,3.0,0.0,14,5,2,41.83727705,-87.695172247,POINT (-87.695172246519 41.837277050366),POINT (1158151.943135389 1883939.9500794278),2023,3100 S CALIFORNIA AVE
O1694558,PEDESTRIAN,36e126380ae57ccc3b78e32ff48d9e79c31767e7f7f49505c43f0b6215c1051f94414d3b7929f81c473ccaa20ebf9dd03e306fa5b751b6dd1d5a606921b2e28c,,F,37.0,,,"REPORTED, NOT EVIDENT",NONE,NOT OBSCURED,NORMAL,CROSSING - CONTROLS PRESENT (NOT AT INTERSECTION),NO CONTRASTING CLOTHING,IN CROSSWALK,,2023-11-01 14:53:00,30,CLEAR,DAYLIGHT,PEDESTRIAN,NOT DIVIDED,DRY,NO DEFECTS,ON SCENE,INJURY AND / OR TOW DUE TO CRASH,,"OVER $1,500",11/01/2023 02:56:00 PM,FAILING TO YIELD RIGHT-OF-WAY,NOT APPLICABLE,,2,"REPORTED, NOT EVIDENT",1.0,0.0,0.0,0.0,1.0,1.0,0.0,14,4,11,41.970129543,-87.713558389,POINT (-87.713558388557 41.970129543492),POINT (1152791.8452201209 1932314.714398405),2023,4898 N KIMBALL AVE
O1525358,DRIVER,8fda46c54048e8a54cb39651b264fa205493232eb473b48e09643aa3323aa7078474e4ac7749034f392a4e2a9a7b2e89f46e441ca7cadd224f094352deb177e8,1450393.0,F,31.0,DID NOT DEPLOY,NONE,NO INDICATION OF INJURY,FOLLOWED TOO CLOSELY,NOT OBSCURED,NORMAL,,,,,2023-02-26 12:42:00,30,CLEAR,DAYLIGHT,REAR END,FOUR WAY,DRY,NO DEFECTS,NOT ON SCENE (DESK REPORT),NO INJURY / DRIVE AWAY,,"OVER $1,500",02/26/2023 01:15:00 PM,FOLLOWING TOO CLOSELY,DRIVING SKILLS/KNOWLEDGE/EXPERIENCE,,2,NO INDICATION OF INJURY,0.0,0.0,0.0,0.0,0.0,2.0,0.0,12,1,2,41.849533102,-87.673482245,POINT (-87.673482244628 41.849533101563),POINT (1164028.2882304022 1888450.6728141569),2023,2354 S BLUE ISLAND AVE
O1617067,DRIVER,92856a670024e9dee6b87e284bba21168fce39308711ab28350e38d8aa38d42d01b18e5997bd7eba0de98cf82569d96d9ed6aa105069d5e1f3eb4c6f29634159,1538767.0,F,60.0,DID NOT DEPLOY,NONE,"REPORTED, NOT EVIDENT",UNKNOWN,UNKNOWN,NORMAL,,,,,2023-07-13 13:30:00,30,CLEAR,DAYLIGHT,ANGLE,FOUR WAY,DRY,NO DEFECTS,ON SCENE,INJURY AND / OR TOW DUE TO CRASH,,"OVER $1,500",07/13/2023 01:41:00 PM,DRIVING SKILLS/KNOWLEDGE/EXPERIENCE,FAILING TO REDUCE SPEED TO AVOID CRASH,,2,"REPORTED, NOT EVIDENT",1.0,0.0,0.0,0.0,1.0,1.0,0.0,13,5,7,41.77797147,-87.771558902,POINT (-87.771558901904 41.777971470296),POINT (1137477.3904248679 1862183.9832257193),2023,6000 W 63RD ST
P342708,PASSENGER,ba34b9aeef7e247a5071e154c7cc581215eb86e7bef7df6745f86c1ea4aa1a74d145edccf44b3abd790c49442a2101cbe8a2aeb4dbc0f6e36a930986c2e68284,1475118.0,M,45.0,DID NOT DEPLOY,NONE,NO INDICATION OF INJURY,,,,,,,,2023-04-08 19:27:00,30,CLEAR,DUSK,PARKED MOTOR VEHICLE,FOUR WAY,DRY,NO DEFECTS,ON SCENE,INJURY AND / OR TOW DUE TO CRASH,,"OVER $1,500",04/08/2023 07:27:00 PM,IMPROPER LANE USAGE,NOT APPLICABLE,,6,INCAPACITATING INJURY,4.0,0.0,1.0,3.0,0.0,2.0,0.0,19,7,4,41.750801765,-87.605078656,POINT (-87.60507865564 41.750801765224),POINT (1182969.9587882247 1852624.1508488457),2023,7915 S COTTAGE GROVE AVE
P357442,PASSENGER,392ece034ed173f70ba993994c34a542b75fd6009c43ea5d22bb3a1508256d22e1afb61e431ca028e77655892eb72e646e8c2b29ce9bcc90e2e0fb15f20e4311,1537815.0,M,21.0,NOT APPLICABLE,NONE,NO INDICATION OF INJURY,,,,,,,,2023-07-11 17:05:00,25,CLEAR,DAYLIGHT,ANGLE,NOT DIVIDED,WET,NO DEFECTS,NOT ON SCENE (DESK REPORT),NO INJURY / DRIVE AWAY,N,"OVER $1,500",07/11/2023 08:13:00 PM,FAILING TO YIELD RIGHT-OF-WAY,NOT APPLICABLE,,2,NO INDICATION OF INJURY,0.0,0.0,0.0,0.0,0.0,4.0,0.0,17,3,7,41.743184272,-87.719129656,POINT (-87.71912965639 41.743184271902),POINT (1151868.3523606488 1849605.621033873),2023,8231 S SPRINGFIELD AVE
P330020,PASSENGER,ab62b09192d0e33c8bd067a7ed2d495c1c85a4777dde8dff14568aabee4dd369c32cbd23752aa77fe1ece159f8a064881d0ee0173e73d0bc6d3abc9c3e1c5c3e,1418254.0,F,49.0,DID NOT DEPLOY,NONE,NO INDICATION OF INJURY,,,,,,,,2023-01-01 15:25:00,30,CLEAR,DAYLIGHT,REAR END,CENTER TURN LANE,DRY,NO DEFECTS,ON SCENE,INJURY AND / OR TOW DUE TO CRASH,,"$501 - $1,500",01/01/2023 03:29:00 PM,FOLLOWING TOO CLOSELY,NOT APPLICABLE,,2,NONINCAPACITATING INJURY,1.0,0.0,0.0,1.0,0.0,2.0,0.0,15,1,1,41.932798218,-87.678287549,POINT (-87.678287549265 41.932798217796),POINT (1162487.4292846327 1918782.4175843014),2023,2816 N DAMEN AVE
O1644960,DRIVER,a158e3f00a1e916c0af011d210b9a6e33dc82dcda5caf25fb59ae17d612d0a9a048338fe27827d8a2b473cdd47fbfc5b0d97d705c23ac35591358f35c9f437a0,1565415.0,M,36.0,NOT APPLICABLE,NONE,NO INDICATION OF INJURY,NONE,NOT OBSCURED,NORMAL,,,,,2023-08-23 12:10:00,30,CLEAR,DAYLIGHT,TURNING,NOT DIVIDED,DRY,NO DEFECTS,ON SCENE,INJURY AND / OR TOW DUE TO CRASH,,"OVER $1,500",08/23/2023 12:16:00 PM,UNABLE TO DETERMINE,NOT APPLICABLE,,2,NO INDICATION OF INJURY,0.0,0.0,0.0,0.0,0.0,2.0,0.0,12,4,8,41.981264966,-87.679711227,POINT (-87.679711227035 41.981264965869),POINT (1161965.3362823527 1936440.9207626572),2023,5454 N DAMEN AVE
O1546994,DRIVER,47bda11cbc2e586318188be4abd68d78ab248555aaa2763f49aa33cb3cdf3ebacd89a8038bd337a81cc56e582055639bc347a89c4f75e0ef1ee02c00500b085b,1471269.0,X,,DEPLOYMENT UNKNOWN,NONE,NO INDICATION OF INJURY,UNKNOWN,UNKNOWN,UNKNOWN,,,,,2023-04-02 03:50:00,30,CLEAR,"DARKNESS, LIGHTED ROAD",TURNING,Y-INTERSECTION,DRY,NO DEFECTS,,NO INJURY / DRIVE AWAY,,"$501 - $1,500",04/02/2023 04:05:00 AM,DISREGARDING TRAFFIC SIGNALS,FAILING TO YIELD RIGHT-OF-WAY,,2,NO INDICATION OF INJURY,0.0,0.0,0.0,0.0,0.0,3.0,0.0,3,1,4,41.751460603,-87.585971993,POINT (-87.585971992965 41.751460603167),POINT (1188181.5710682059 1852908.9347892143),2023,7900 S STONY ISLAND AVE
P363679,PASSENGER,e4da470dd6fee22dceb4b4704ee99df2ac60877bf374ee9800741e6d2c18d0817b32e8df85051c3aaeb428102a6b317c6fc4faf60416d1d87b45be0e335397b6,1563516.0,M,20.0,NOT APPLICABLE,NONE,NO INDICATION OF INJURY,,,,,,,,2023-08-20 15:45:00,30,CLEAR,DAYLIGHT,ANGLE,FOUR WAY,DRY,NO DEFECTS,ON SCENE,INJURY AND / OR TOW DUE TO CRASH,,"OVER $1,500",08/20/2023 03:50:00 PM,FAILING TO YIELD RIGHT-OF-WAY,FAILING TO YIELD RIGHT-OF-WAY,,3,NONINCAPACITATING INJURY,2.0,0.0,0.0,2.0,0.0,2.0,0.0,15,1,8,41.968356019,-87.707194254,POINT (-87.707194253968 41.968356018924),POINT (1154527.2411067744 1931681.0188282535),2023,3127 W LAWRENCE AVE
O1558148,DRIVER,9a6347d205c3db8a6b5c4dfc5b959a67605861b1f5b731dad2b686f2ecb18335ebcf88fe3a2be750c0db6c7cd14c7357e4c6c44268f60a0c8fc894f1c365c71c,1482045.0,M,25.0,DID NOT DEPLOY,NONE,NO INDICATION OF INJURY,FOLLOWED TOO CLOSELY,NOT OBSCURED,NORMAL,,,,,2023-04-19 08:20:00,45,CLEAR,DAYLIGHT,REAR END,DIVIDED - W/MEDIAN BARRIER,DRY,NO DEFECTS,ON SCENE,NO INJURY / DRIVE AWAY,,"$501 - $1,500",04/19/2023 08:20:00 AM,FOLLOWING TOO CLOSELY,NOT APPLICABLE,,2,NO INDICATION OF INJURY,0.0,0.0,0.0,0.0,0.0,2.0,0.0,8,4,4,41.875756255,-87.61751568,POINT (-87.617515679751 41.875756255241),POINT (1179196.9479378622 1898128.480353491),2023,500 S LAKE SHORE DR NB
O1576824,DRIVER,b287bac004ed48800b800875f9e890f9fa8d717b57737eaf45f1f6894bcbca68a728a1a2e45288ce81ca55b8b2612c01fe61c6ba3a981bea31485d2cc9736a99,1500144.0,M,65.0,DID NOT DEPLOY,NONE,NO INDICATION OF INJURY,IMPROPER BACKING,NOT OBSCURED,NORMAL,,,,,2023-05-16 07:45:00,30,CLEAR,DAYLIGHT,SIDESWIPE SAME DIRECTION,ONE-WAY,DRY,NO DEFECTS,ON SCENE,NO INJURY / DRIVE AWAY,,"OVER $1,500",05/16/2023 07:53:00 AM,IMPROPER BACKING,NOT APPLICABLE,,2,NO INDICATION OF INJURY,0.0,0.0,0.0,0.0,0.0,2.0,0.0,7,3,5,41.783271003,-87.61341816,POINT (-87.613418159749 41.783271002918),POINT (1180595.30225696 1864436.5394021333),2023,6120 S EBERHART AVE