PERSON_ID,PERSON_TYPE,CRASH_RECORD_ID,VEHICLE_ID,SEX,AGE,AIRBAG_DEPLOYED,EJECTION,INJURY_CLASSIFICATION,DRIVER_ACTION,DRIVER_VISION,PHYSICAL_CONDITION,PEDPEDAL_ACTION,PEDPEDAL_VISIBILITY,PEDPEDAL_LOCATION,CRASH_DATE_EST_I,CRASH_DATE,POSTED_SPEED_LIMIT,WEATHER_CONDITION,LIGHTING_CONDITION,FIRST_CRASH_TYPE,TRAFFICWAY_TYPE,ROADWAY_SURFACE_COND,ROAD_DEFECT,REPORT_TYPE,CRASH_TYPE,HIT_AND_RUN_I,DAMAGE,DATE_POLICE_NOTIFIED,PRIM_CONTRIBUTORY_CAUSE,SEC_CONTRIBUTORY_CAUSE,DOORING_I,NUM_UNITS,MOST_SEVERE_INJURY,INJURIES_TOTAL,INJURIES_FATAL,INJURIES_INCAPACITATING,INJURIES_NON_INCAPACITATING,INJURIES_REPORTED_NOT_EVIDENT,INJURIES_NO_INDICATION,INJURIES_UNKNOWN,CRASH_HOUR,CRASH_DAY_OF_WEEK,CRASH_MONTH,LATITUDE,LONGITUDE,LOCATION,geometry,YEAR,ADDRESS
O1591993,DRIVER,ee12005057ba59ad51976d1459fff097d42656f004dc6d4195a9e91f03122dd024925733297fbce27344411dcb0c019f2307694cb0f8cda21f4ddc7e93c285c4,1514816.0,F,,DID NOT DEPLOY,UNKNOWN,"REPORTED, NOT EVIDENT",NONE,UNKNOWN,UNKNOWN,,,,,2023-06-06 11:30:00,20,CLEAR,DAYLIGHT,REAR END,NOT DIVIDED,DRY,NO DEFECTS,NOT ON SCENE (DESK REPORT),INJURY AND / OR TOW DUE TO CRASH,,"$501 - $1,500",06/06/2023 01:19:00 PM,FOLLOWING TOO CLOSELY,FOLLOWING TOO CLOSELY,,2,"REPORTED, NOT EVIDENT",1.0,0.0,0.0,0.0,1.0,1.0,0.0,11,3,6,41.75115674,-87.606126277,POINT (-87.606126276592 41.751156739528),POINT (1182682.9978251213 1852751.0825008478),2023,739 E 79TH ST
O1660569,DRIVER,e50e1c6097cad374dc6b87a0b695ef6ffecd37f9ec857b0bacd53ec3e9b356c45438d7a7826ecc565f8c45ab079ae1baa0e6f6a0e0020b7cd4cbc5cae54223f6,1580392.0,M,49.0,NOT APPLICABLE,NONE,NO INDICATION OF INJURY,NONE,UNKNOWN,NORMAL,,,,,2023-09-14 12:43:00,30,CLEAR,DAYLIGHT,TURNING,FOUR WAY,DRY,WORN SURFACE,ON SCENE,NO INJURY / DRIVE AWAY,Y,"OVER $1,500",09/14/2023 12:48:00 PM,DISREGARDING TRAFFIC SIGNALS,FAILING TO YIELD RIGHT-OF-WAY,,2,NO INDICATION OF INJURY,0.0,0.0,0.0,0.0,0.0,2.0,0.0,12,5,9,41.852769173,-87.638678499,POINT (-87.638678498821 41.852769172801),POINT (1173501.1781887952 1889704.6726200774),2023,2200 S CANAL ST
P342065,PASSENGER,5a4fd784667ed1429010d722b68599afcb037952531816bf68061dcd055129a90c182d34b1c93879e977d371570f8efd246bad94fc5b27542ae82319cc975154,1472170.0,F,,DID NOT DEPLOY,NONE,NO INDICATION OF INJURY,,,,,,,,2023-04-03 16:40:00,30,CLEAR,DAYLIGHT,PARKED MOTOR VEHICLE,NOT DIVIDED,DRY,NO DEFECTS,NOT ON SCENE (DESK REPORT),NO INJURY / DRIVE AWAY,,"OVER $1,500",04/03/2023 06:06:00 PM,NOT APPLICABLE,NOT APPLICABLE,,2,NO INDICATION OF INJURY,0.0,0.0,0.0,0.0,0.0,3.0,0.0,16,2,4,41.763758621,-87.683362882,POINT (-87.683362881666 41.763758621304),POINT (1161572.640265829 1857174.422349509),2023,7130 S WESTERN AVE
P363372,PASSENGER,ca5b1e9c2fd4588f5511971a04c2b33db418a958282c89ce10f84277e1d54014a2fef97fa02525143584192cc55046cf66f46fbf49c5a7da90d385bc54680070,1562467.0,,,NOT APPLICABLE,NONE,NO INDICATION OF INJURY,,,,,,,,2023-08-19 01:25:00,30,CLEAR,"DARKNESS, LIGHTED ROAD",SIDESWIPE SAME DIRECTION,DIVIDED - W/MEDIAN (NOT RAISED),DRY,NO DEFECTS,ON SCENE,NO INJURY / DRIVE AWAY,Y,"OVER $1,500",08/19/2023 01:29:00 AM,"OPERATING VEHICLE IN ERRATIC, RECKLESS, CARELESS, NEGLIGENT OR AGGRESSIVE MANNER","OPERATING VEHICLE IN ERRATIC, RECKLESS, CARELESS, NEGLIGENT OR AGGRESSIVE MANNER",,2,NO INDICATION OF INJURY,0.0,0.0,0.0,0.0,0.0,6.0,0.0,1,7,8,41.948235158,-87.727306064,POINT (-87.727306063753 41.94823515832),POINT (1149109.7063282568 1924309.5801584276),2023,3701 N PULASKI RD
O1601700,DRIVER,cc3924b46a9d723b04c91ad5b5d5328b67997590180da888e9f4c302083fb6d9c47b11959a4bb676affe9ece370f62c9da05f3d741bcede28e1ba042d365fb53,1524101.0,M,20.0,DEPLOYMENT UNKNOWN,UNKNOWN,NO INDICATION OF INJURY,UNKNOWN,UNKNOWN,UNKNOWN,,,,,2023-06-20 15:15:00,30,UNKNOWN,UNKNOWN,ANGLE,T-INTERSECTION,UNKNOWN,UNKNOWN,NOT ON SCENE (DESK REPORT),NO INJURY / DRIVE AWAY,,"OVER $1,500",06/20/2023 03:30:00 PM,UNABLE TO DETERMINE,UNABLE TO DETERMINE,,2,NO INDICATION OF INJURY,0.0,0.0,0.0,0.0,0.0,2.0,0.0,15,3,6,41.957767585,-87.646152897,POINT (-87.646152897247 41.957767584682),POINT (1171158.3395542554 1927949.7790626276),2023,4177 N MARINE DR
O1674529,DRIVER,7b6f25e8c0200ac0f0db4120659ac72eac313738b48848987c0705ea4b23a41546d5193c01c25c8705cc0845aad657936df51932d16c8fdd71f86a13fbc0d8d5,1593729.0,M,44.0,DID NOT DEPLOY,NONE,NO INDICATION OF INJURY,OTHER,NOT OBSCURED,NORMAL,,,,,2023-10-04 11:14:00,30,CLEAR,DAYLIGHT,REAR END,DIVIDED - W/MEDIAN (NOT RAISED),DRY,NO DEFECTS,ON SCENE,INJURY AND / OR TOW DUE TO CRASH,,"$501 - $1,500",10/04/2023 11:15:00 AM,DRIVING SKILLS/KNOWLEDGE/EXPERIENCE,DRIVING SKILLS/KNOWLEDGE/EXPERIENCE,,2,NO INDICATION OF INJURY,0.0,0.0,0.0,0.0,0.0,3.0,0.0,11,4,10,41.938556717,-87.759257199,POINT (-87.759257199375 41.938556717461),POINT (1140441.5154658062 1920722.898275833),2023,5301 W BELMONT AVE
O1583262,DRIVER,3abb773f4d9e5975918e7dca6d830bbca18596768253793fb71a4df7bcf12b83b2ad83e4d5a5af185f4ab47723367174f86f41a6c4cf8f8ebb3276b609a666d1,1506362.0,F,36.0,DEPLOYMENT UNKNOWN,NONE,NO INDICATION OF INJURY,FAILED TO YIELD,UNKNOWN,UNKNOWN,,,,,2023-05-25 08:00:00,30,CLEAR,DAYLIGHT,SIDESWIPE SAME DIRECTION,NOT DIVIDED,DRY,NO DEFECTS,,NO INJURY / DRIVE AWAY,Y,$500 OR LESS,05/25/2023 08:45:00 AM,IMPROPER LANE USAGE,NOT APPLICABLE,,2,NO INDICATION OF INJURY,0.0,0.0,0.0,0.0,0.0,2.0,0.0,8,5,5,41.91246094,-87.687130129,POINT (-87.687130128609 41.912460939599),POINT (1160137.2059753009 1911353.2253370548),2023,2357 W WABANSIA AVE
O1553806,DRIVER,0e94f04af3ce484bcc509daadfb64a3bd32366ee9337ecdb11457a0b6620fbe81e0a8125bb84f793d88e531d4bf403fb341080fa23ae0dd69da7d7706a337561,1477868.0,F,44.0,NOT APPLICABLE,NONE,NO INDICATION OF INJURY,FAILED TO YIELD,NOT OBSCURED,NORMAL,,,,,2023-04-13 08:40:00,20,CLEAR,DAYLIGHT,ANGLE,T-INTERSECTION,DRY,NO DEFECTS,NOT ON SCENE (DESK REPORT),NO INJURY / DRIVE AWAY,,"OVER $1,500",04/13/2023 08:50:00 AM,FAILING TO YIELD RIGHT-OF-WAY,UNABLE TO DETERMINE,,2,NO INDICATION OF INJURY,0.0,0.0,0.0,0.0,0.0,3.0,0.0,8,5,4,41.871517099,-87.653408658,POINT (-87.653408658283 41.871517098567),POINT (1169433.979941273 1896504.256609644),2023,810 S CARPENTER ST
O1674818,DRIVER,38cce17229313eb3730febe4679012040ffa2da015f3c3292b5357d3974a1bd66484ac1fed2a77652317958ab7de7aaa3f5b73e3d77f48cb0f4f7f37216ff866,1593986.0,X,,DEPLOYMENT UNKNOWN,NONE,NO INDICATION OF INJURY,UNKNOWN,UNKNOWN,UNKNOWN,,,,,2023-10-04 17:30:00,10,CLEAR,DUSK,PARKED MOTOR VEHICLE,PARKING LOT,DRY,NO DEFECTS,ON SCENE,NO INJURY / DRIVE AWAY,Y,"OVER $1,500",10/04/2023 05:45:00 PM,NOT APPLICABLE,NOT APPLICABLE,,2,NO INDICATION OF INJURY,0.0,0.0,0.0,0.0,0.0,1.0,0.0,17,4,10,41.684834995,-87.652389849,POINT (-87.652389849353 41.684834994526),POINT (1170250.1269624673 1828480.872058427),2023,1211 W 115TH ST
P338655,PASSENGER,a6f04dd08ccf00a8da68e44f96757640719df6d56e98b214a863e00cd1452d0272272c047a2181f750d0c685fb8c9699af722636637769ce310b27c836a099fe,1457805.0,M,11.0,DID NOT DEPLOY,NONE,NO INDICATION OF INJURY,,,,,,,,2023-03-10 14:20:00,20,CLEAR,DAYLIGHT,REAR END,DIVIDED - W/MEDIAN (NOT RAISED),DRY,NO DEFECTS,ON SCENE,INJURY AND / OR TOW DUE TO CRASH,,"OVER $1,500",03/10/2023 02:20:00 PM,FOLLOWING TOO CLOSELY,FOLLOWING TOO CLOSELY,,2,NO INDICATION OF INJURY,0.0,0.0,0.0,0.0,0.0,7.0,0.0,14,6,3,41.853977605,-87.687005186,POINT (-87.687005186191 41.853977605482),POINT (1160331.7169638341 1890042.2161637233),2023,2430 W 21ST ST
O1492700,DRIVER,6ab19b632617dcb5a9193574e1b0ff2ff8e2b5c7937893001f85fbf0d3fbe7a8f2b30cac4d38c2ffa32e037f6287add76b895e441dfea10164ee0f3e1d56fbc6,1418991.0,X,,DEPLOYMENT UNKNOWN,NONE,NO INDICATION OF INJURY,UNKNOWN,UNKNOWN,UNKNOWN,,,,Y,2023-01-03 00:00:00,30,CLEAR,"DARKNESS, LIGHTED ROAD",PARKED MOTOR VEHICLE,NOT DIVIDED,DRY,NO DEFECTS,NOT ON SCENE (DESK REPORT),NO INJURY / DRIVE AWAY,Y,"OVER $1,500",01/03/2023 11:30:00 AM,UNABLE TO DETERMINE,NOT APPLICABLE,,2,NO INDICATION OF INJURY,0.0,0.0,0.0,0.0,0.0,1.0,0.0,0,3,1,41.666862372,-87.635387399,POINT (-87.635387399356 41.666862371973),POINT (1174947.4301936915 1821969.060330824),2023,527 W 125TH ST
O1694632,DRIVER,73dc9d4f471c9962b7ea3881deab170013d8f178747703f35e10c41a04aae0285154a2bf78839a93631ad5708a363687c822454c0ff00ca26a222029e0be4df7,1612963.0,F,51.0,NOT APPLICABLE,NONE,NO INDICATION OF INJURY,NONE,NOT OBSCURED,NORMAL,,,,,2023-10-18 07:50:00,30,CLEAR,DAYLIGHT,OTHER OBJECT,TRAFFIC ROUTE,DRY,NO DEFECTS,,NO INJURY / DRIVE AWAY,Y,"$501 - $1,500",10/18/2023 07:52:00 AM,UNABLE TO DETERMINE,UNABLE TO DETERMINE,,2,NO INDICATION OF INJURY,0.0,0.0,0.0,0.0,0.0,4.0,0.0,7,4,10,41.793088723,-87.723680576,POINT (-87.723680575893 41.793088723335),POINT (1150497.4902853847 1867781.5433383689),2023,4011 W 55TH ST
O1635847,DRIVER,da7a9c1a3de3d950970e9c3634ea6f20ed89fe55231d348b9827bc4fbd37342f4f842b76b90cc0a487f01bc40ab28500a71e19644b8613a0817596b362277c70,1556680.0,M,40.0,DID NOT DEPLOY,NONE,NO INDICATION OF INJURY,OTHER,NOT OBSCURED,IMPAIRED - ALCOHOL,,,,,2023-08-10 03:52:00,30,CLEAR,"DARKNESS, LIGHTED ROAD",FIXED OBJECT,NOT DIVIDED,DRY,NO DEFECTS,ON SCENE,NO INJURY / DRIVE AWAY,,$500 OR LESS,08/10/2023 03:52:00 AM,UNDER THE INFLUENCE OF ALCOHOL/DRUGS (USE WHEN ARREST IS EFFECTED),UNDER THE INFLUENCE OF ALCOHOL/DRUGS (USE WHEN ARREST IS EFFECTED),,1,NO INDICATION OF INJURY,0.0,0.0,0.0,0.0,0.0,1.0,0.0,3,5,8,41.743145989,-87.650797677,POINT (-87.650797677064 41.743145989253),POINT (1170516.5982393331 1849732.1767091302),2023,1053 W 83RD ST
P335488,PASSENGER,48e2834fbabddcc3d69b56fb7e9ec94f33c9ec1b01383ddfb532b2b37eb7638647fe05fcc1f8d15bb1e1ae7d3324d26e0d027ddab51a8bdca7a9d485fec6bac4,1443282.0,M,15.0,DID NOT DEPLOY,NONE,NO INDICATION OF INJURY,,,,,,,,2023-02-15 08:30:00,30,CLOUDY/OVERCAST,DAYLIGHT,REAR END,DIVIDED - W/MEDIAN (NOT RAISED),DRY,NO DEFECTS,NOT ON SCENE (DESK REPORT),NO INJURY / DRIVE AWAY,,$500 OR LESS,02/15/2023 09:20:00 AM,UNABLE TO DETERMINE,UNABLE TO DETERMINE,,2,NO INDICATION OF INJURY,0.0,0.0,0.0,0.0,0.0,3.0,0.0,8,4,2,41.946788878,-87.675947031,POINT (-87.675947031019 41.946788878023),POINT (1163085.1887229816 1923885.5249233905),2023,1851 W ADDISON ST
O1592171,DRIVER,85a521d3f448653e070fd1054a1e8963aa86e88dbd6a7a3add5ce4cf1baf87544997f30c1bc0e93ce79da1e02032c9fa95a8e7c1b21b562f7be1e11b1b4d1b7d,1514986.0,M,59.0,NOT APPLICABLE,NONE,NO INDICATION OF INJURY,OTHER,UNKNOWN,NORMAL,,,,,2023-06-06 15:28:00,30,CLEAR,DAYLIGHT,TURNING,NOT DIVIDED,DRY,NO DEFECTS,ON SCENE,NO INJURY / DRIVE AWAY,,$500 OR LESS,06/06/2023 03:44:00 PM,UNABLE TO DETERMINE,UNABLE TO DETERMINE,,2,NO INDICATION OF INJURY,0.0,0.0,0.0,0.0,0.0,2.0,0.0,15,3,6,42.011109822,-87.806789673,POINT (-87.806789672685 42.011109822202),POINT (1127346.5938068447 1947078.5127442325),2023,7140 N HARLEM AVE
P329914,PASSENGER,829cad1d1c8df9dfabe1a13ec85c41c312d4a52188250408064b70980b33bdf91a3fec5cdf167ffddbbe939a88c2d3bb30b5e53751e27d458a6627a3e63ed82a,1417873.0,F,19.0,"DEPLOYED, COMBINATION",NONE,"REPORTED, NOT EVIDENT",,,,,,,,2023-01-01 00:06:00,30,CLEAR,"DARKNESS, LIGHTED ROAD",ANGLE,FOUR WAY,DRY,NO DEFECTS,ON SCENE,INJURY AND / OR TOW DUE TO CRASH,Y,"OVER $1,500",01/01/2023 12:28:00 AM,UNABLE TO DETERMINE,UNABLE TO DETERMINE,,3,"REPORTED, NOT EVIDENT",3.0,0.0,0.0,0.0,3.0,3.0,0.0,0,1,1,41.791202953,-87.620676084,POINT (-87.620676084067 41.79120295302),POINT (1178591.8505974354 1867310.4003512051),2023,200 E 57TH ST
P357534,PASSENGER,c74b2d5342ab01174c1b891a6f6eefd5c5363121317c21909a57024a7de4f8e83b52d1774695fc0c34289bc5c45c8e079eff6aa235f84c06f1c3ab9ce134dd7a,1538062.0,X,,NOT APPLICABLE,NONE,NO INDICATION OF INJURY,,,,,,,,2023-07-12 10:40:00,30,CLOUDY/OVERCAST,DAYLIGHT,REAR END,NOT DIVIDED,WET,NO DEFECTS,ON SCENE,NO INJURY / DRIVE AWAY,,"OVER $1,500",07/12/2023 10:41:00 AM,FAILING TO REDUCE SPEED TO AVOID CRASH,NOT APPLICABLE,,2,NO INDICATION OF INJURY,0.0,0.0,0.0,0.0,0.0,45.0,0.0,10,4,7,41.956244258,-87.727838082,POINT (-87.727838081683 41.956244257912),POINT (1148944.3595389107 1927227.0970530878),2023,4124 N PULASKI RD
O1652048,DRIVER,94c1dbc2cf5b8bedfc7ba76cbafd5a59a51f353224a5b534eba73e03c7b0f28e0175a5568b6c5c11816faa4080f463262ac98acb7b96c571a61ad14675176b0e,1572198.0,M,23.0,DID NOT DEPLOY,NONE,NO INDICATION OF INJURY,OTHER,UNKNOWN,NORMAL,,,,,2023-09-02 00:25:00,30,CLEAR,"DARKNESS, LIGHTED ROAD",PARKED MOTOR VEHICLE,OTHER,DRY,NO DEFECTS,ON SCENE,INJURY AND / OR TOW DUE TO CRASH,,"OVER $1,500",09/02/2023 12:28:00 AM,IMPROPER TURNING/NO SIGNAL,NOT APPLICABLE,,3,NO INDICATION OF INJURY,0.0,0.0,0.0,0.0,0.0,1.0,0.0,0,7,9,41.891735696,-87.711028841,POINT (-87.71102884051 41.891735695515),POINT (1153687.077088256 1903752.8443928976),2023,3353 W OHIO ST
P382674,PASSENGER,b6f62879a2640fa30a58b330a3a0750f7892177a897d25e9a10d0dd74f014398d81fd8d4f15db880a80f82817a4295d8244406e86b8ad8b436e0dc09f0425293,1646999.0,F,,"DEPLOYED, COMBINATION",NONE,NO INDICATION OF INJURY,,,,,,,,2023-12-25 21:09:00,30,RAIN,"DARKNESS, LIGHTED ROAD",ANGLE,FOUR WAY,WET,NO DEFECTS,ON SCENE,INJURY AND / OR TOW DUE TO CRASH,,"OVER $1,500",12/25/2023 09:11:00 PM,UNABLE TO DETERMINE,UNABLE TO DETERMINE,,2,NO INDICATION OF INJURY,0.0,0.0,0.0,0.0,0.0,7.0,0.0,21,2,12,41.883160686,-87.627721785,POINT (-87.627721785369 41.88316068634),POINT (1176395.2013791706 1900803.632917631),2023,99 N STATE ST
O1535309,DRIVER,bbf983a5c1a58ad59beb72fa4181f141820d2d9d27e1a417d8af9583a63890322a92e6c663ebdbae7a0cf20bedc48d59d05343a39f3e063cf08ab5968fc2d46d,1459964.0,F,60.0,DID NOT DEPLOY,NONE,NO INDICATION OF INJURY,UNKNOWN,UNKNOWN,UNKNOWN,,,,,2023-03-14 16:20:00,30,UNKNOWN,UNKNOWN,SIDESWIPE SAME DIRECTION,UNKNOWN,UNKNOWN,UNKNOWN,NOT ON SCENE (DESK REPORT),NO INJURY / DRIVE AWAY,,"OVER $1,500",03/14/2023 05:15:00 PM,UNABLE TO DETERMINE,NOT APPLICABLE,,2,NO INDICATION OF INJURY,0.0,0.0,0.0,0.0,0.0,2.0,0.0,16,3,3,42.011862739,-87.776195978,POINT (-87.77619597767 42.011862739016),POINT (1135659.1572382809 1947405.505729806),2023,5951 W TOUHY AVE
O1621370,BICYCLE,f0225e92b3ff10ace9f1dd91aac820caaa20d16d5f67db2a5a0271438f1524e34b6a623176ba8e8a181043e1bb244168df324109bc4362468ea2d8234591c564,,F,59.0,,TOTALLY EJECTED,NO INDICATION OF INJURY,UNKNOWN,NOT OBSCURED,NORMAL,OTHER ACTION,NO CONTRASTING CLOTHING,NOT IN ROADWAY,,2023-07-19 14:40:00,30,CLEAR,DAYLIGHT,PEDALCYCLIST,OTHER,DRY,NO DEFECTS,NOT ON SCENE (DESK REPORT),NO INJURY / DRIVE AWAY,,"$501 - $1,500",07/19/2023 05:25:00 PM,NOT APPLICABLE,NOT APPLICABLE,,2,NO INDICATION OF INJURY,0.0,0.0,0.0,0.0,0.0,2.0,0.0,14,4,7,41.767687732,-87.722630845,POINT (-87.72263084508 41.767687732304),POINT (1150849.4800683446 1858527.6520468844),2023,6900 S PULASKI RD
P348755,PASSENGER,a85fdb1dda07dff59b5bc87c1dfbb146f84eee196e2a05a55475e077d90114e461c93c9d1b715984746673b794b5e4ede6f19c5fb9af209d72b82a962090f560,1500989.0,,,"DEPLOYED, FRONT",NONE,"REPORTED, NOT EVIDENT",,,,,,,,2023-05-06 05:30:00,30,CLEAR,DAYLIGHT,ANGLE,FOUR WAY,WET,NO DEFECTS,,INJURY AND / OR TOW DUE TO CRASH,,"OVER $1,500",05/06/2023 05:34:00 AM,DISREGARDING TRAFFIC SIGNALS,NOT APPLICABLE,,4,"REPORTED, NOT EVIDENT",4.0,0.0,0.0,0.0,4.0,2.0,0.0,5,7,5,41.87578624,-87.624408679,POINT (-87.624408678665 41.875786239706),POINT (1177319.5964443882 1898123.8257239596),2023,498 S MICHIGAN AVE
P364164,PASSENGER,4e007fa03a562a1013fddcbd44209705a2867260f73a938b193d1eb32d957d5ac585fe3aad8865b2608fc96ee01bed4cf73188a92fc5f17699a91a3b437807bc,1565819.0,M,,NOT APPLICABLE,NONE,NO INDICATION OF INJURY,,,,,,,,2023-08-23 23:16:00,30,CLEAR,"DARKNESS, LIGHTED ROAD",PARKED MOTOR VEHICLE,ONE-WAY,DRY,NO DEFECTS,ON SCENE,NO INJURY / DRIVE AWAY,Y,"$501 - $1,500",08/23/2023 11:16:00 PM,UNABLE TO DETERMINE,UNABLE TO DETERMINE,,2,NO INDICATION OF INJURY,0.0,0.0,0.0,0.0,0.0,2.0,0.0,23,4,8,41.988051539,-87.716500458,POINT (-87.716500457626 41.988051538621),POINT (1151944.7453210668 1938839.800537502),2023,5848 N ST LOUIS AVE
O1634616,DRIVER,974d2ba5b36ec24aeebc8eac6e1cbe6a73c5fe389b1e54adfd9b843896b0a87bb60250e1062a8fccac72830a932ee091a8e26bb17a773123b8cb59492c2db7ed,1555531.0,M,45.0,NOT APPLICABLE,NONE,NO INDICATION OF INJURY,NONE,NOT OBSCURED,NORMAL,,,,,2023-08-07 22:00:00,30,CLEAR,"DARKNESS, LIGHTED ROAD",SIDESWIPE SAME DIRECTION,FOUR WAY,DRY,NO DEFECTS,NOT ON SCENE (DESK REPORT),NO INJURY / DRIVE AWAY,Y,"OVER $1,500",08/07/2023 10:20:00 PM,"OPERATING VEHICLE IN ERRATIC, RECKLESS, CARELESS, NEGLIGENT OR AGGRESSIVE MANNER","OPERATING VEHICLE IN ERRATIC, RECKLESS, CARELESS, NEGLIGENT OR AGGRESSIVE MANNER",,2,NO INDICATION OF INJURY,0.0,0.0,0.0,0.0,0.0,2.0,0.0,22,2,8,41.707899886,-87.584822889,POINT (-87.584822888781 41.707899886453),POINT (1188633.161821195 1837038.5616424768),2023,1600 E 103RD ST
O1635346,DRIVER,07f85e18ee90b593e9c59f30c234eea2087bf3c34ef78145ebc94e4965c04077d6c3ff578446af8d69afe49023c0529d05e222c6abdb9d661856d8cc2510ce4b,1556196.0,M,61.0,"DEPLOYED, SIDE",NONE,NO INDICATION OF INJURY,OTHER,NOT OBSCURED,NORMAL,,,,,2023-08-09 07:50:00,30,CLEAR,DAYLIGHT,ANGLE,FOUR WAY,DRY,NO DEFECTS,ON SCENE,INJURY AND / OR TOW DUE TO CRASH,,"OVER $1,500",08/09/2023 07:52:00 AM,UNABLE TO DETERMINE,NOT APPLICABLE,,2,NO INDICATION OF INJURY,0.0,0.0,0.0,0.0,0.0,2.0,0.0,7,4,8,41.885347204,-87.669489231,POINT (-87.66948923079 41.885347203712),POINT (1165015.2795951276 1901509.6482444396),2023,1700 W LAKE ST
O1691604,DRIVER,8978104e48853876a1e5412711357c1ba6a3f9910856d2981dcf91bb23e769ecdd6716cf471236910c4c36c47c72bcd746ae99eb17c101a130cf8f0c514b1e72,1610056.0,M,55.0,DEPLOYMENT UNKNOWN,NONE,NO INDICATION OF INJURY,IMPROPER TURN,UNKNOWN,UNKNOWN,,,,N,2023-10-21 18:48:00,30,UNKNOWN,UNKNOWN,PEDALCYCLIST,FOUR WAY,UNKNOWN,UNKNOWN,,INJURY AND / OR TOW DUE TO CRASH,Y,"OVER $1,500",10/21/2023 09:10:00 PM,UNABLE TO DETERMINE,IMPROPER TURNING/NO SIGNAL,,2,INCAPACITATING INJURY,1.0,0.0,1.0,0.0,0.0,1.0,0.0,18,7,10,41.873094833,-87.745143869,POINT (-87.745143868845 41.873094832519),POINT (1144444.9744285878 1896894.6222166724),2023,600 S CICERO AVE
O1693005,DRIVER,423610fa370684b2c8c7cbd53a8e3b3661a4d6eef6e5aee3378bfa291252b33253903939ab24a0742b4290875c2a622932562470b8e42cd15e47bc1c04f6946b,1611412.0,M,,DID NOT DEPLOY,NONE,NO INDICATION OF INJURY,NONE,NOT OBSCURED,NORMAL,,,,,2023-10-23 16:45:00,30,CLEAR,DAYLIGHT,SIDESWIPE SAME DIRECTION,NOT DIVIDED,DRY,NO DEFECTS,NOT ON SCENE (DESK REPORT),NO INJURY / DRIVE AWAY,,$500 OR LESS,10/30/2023 04:50:00 PM,UNABLE TO DETERMINE,UNABLE TO DETERMINE,,2,NO INDICATION OF INJURY,0.0,0.0,0.0,0.0,0.0,2.0,0.0,16,2,10,41.880615732,-87.646157967,POINT (-87.646157966907 41.880615731674),POINT (1171382.2403545617 1899835.513944999),2023,750 W MONROE ST
O1732273,DRIVER,51620c98536df81cdcb294ba1a86d378258695dfa1632b28a716256f757a7dc5b793321c5b6b19695b36986d61b0382753129888d79aec92bd7c44eeae63db4c,1649086.0,M,,DID NOT DEPLOY,NONE,NO INDICATION OF INJURY,UNKNOWN,NOT OBSCURED,NORMAL,,,,,2023-12-29 10:33:00,30,RAIN,DAYLIGHT,ANGLE,NOT DIVIDED,WET,NO DEFECTS,NOT ON SCENE (DESK REPORT),NO INJURY / DRIVE AWAY,,"OVER $1,500",12/29/2023 07:43:00 PM,FAILING TO YIELD RIGHT-OF-WAY,UNABLE TO DETERMINE,,2,NO INDICATION OF INJURY,0.0,0.0,0.0,0.0,0.0,2.0,0.0,10,6,12,41.928450744,-87.697661886,POINT (-87.697661885812 41.928450743724),POINT (1157227.4095377924 1917158.5076443113),2023,2562 N CALIFORNIA AVE
P341201,PASSENGER,628aa828a2a9161727d34558ec18af01b552206d90b0a2055c94efb5959c3051f2d84abfe8febd5f7f482a9a2ed52ca7894e5dcba5454a60628a8f0d0f112b14,1468456.0,F,40.0,NOT APPLICABLE,NONE,NO INDICATION OF INJURY,,,,,,,,2023-03-28 16:45:00,30,CLEAR,DAYLIGHT,REAR END,NOT DIVIDED,DRY,NO DEFECTS,ON SCENE,NO INJURY / DRIVE AWAY,Y,"$501 - $1,500",03/28/2023 04:58:00 PM,FOLLOWING TOO CLOSELY,NOT APPLICABLE,,2,NO INDICATION OF INJURY,0.0,0.0,0.0,0.0,0.0,4.0,0.0,16,3,3,41.764810986,-87.662907495,POINT (-87.662907495189 41.764810985723),POINT (1167150.246430064 1857600.7268903563),2023,1539 W 71ST ST
O1660804,DRIVER,c27c17bd62b06ba471a33aa713c69585c709dd358a439e6018ad593874ac0f1104986e4e4127d21565dbcefe296f5b366c1844fd68da20edfe74c6560de74bb7,1580611.0,M,,DEPLOYMENT UNKNOWN,NONE,NO INDICATION OF INJURY,UNKNOWN,UNKNOWN,UNKNOWN,,,,,2023-09-04 10:18:00,30,CLEAR,DAYLIGHT,PARKED MOTOR VEHICLE,ONE-WAY,DRY,NO DEFECTS,NOT ON SCENE (DESK REPORT),NO INJURY / DRIVE AWAY,Y,"OVER $1,500",09/14/2023 06:05:00 PM,NOT APPLICABLE,NOT APPLICABLE,,2,NO INDICATION OF INJURY,0.0,0.0,0.0,0.0,0.0,2.0,0.0,10,2,9,41.775908799,-87.741135882,POINT (-87.74113588209 41.775908798593),POINT (1145780.6627598181 1861488.0387817996),2023,6422 S KEATING AVE