PERSON_ID,PERSON_TYPE,CRASH_RECORD_ID,VEHICLE_ID,SEX,AGE,AIRBAG_DEPLOYED,EJECTION,INJURY_CLASSIFICATION,DRIVER_ACTION,DRIVER_VISION,PHYSICAL_CONDITION,PEDPEDAL_ACTION,PEDPEDAL_VISIBILITY,PEDPEDAL_LOCATION,CRASH_DATE_EST_I,CRASH_DATE,POSTED_SPEED_LIMIT,WEATHER_CONDITION,LIGHTING_CONDITION,FIRST_CRASH_TYPE,TRAFFICWAY_TYPE,ROADWAY_SURFACE_COND,ROAD_DEFECT,REPORT_TYPE,CRASH_TYPE,HIT_AND_RUN_I,DAMAGE,DATE_POLICE_NOTIFIED,PRIM_CONTRIBUTORY_CAUSE,SEC_CONTRIBUTORY_CAUSE,DOORING_I,NUM_UNITS,MOST_SEVERE_INJURY,INJURIES_TOTAL,INJURIES_FATAL,INJURIES_INCAPACITATING,INJURIES_NON_INCAPACITATING,INJURIES_REPORTED_NOT_EVIDENT,INJURIES_NO_INDICATION,INJURIES_UNKNOWN,CRASH_HOUR,CRASH_DAY_OF_WEEK,CRASH_MONTH,LATITUDE,LONGITUDE,LOCATION,geometry,YEAR,ADDRESS
O1558870,DRIVER,19fa853536b171e1a54d94ad7bc071381c3b59e259e634375ab40e4808d6cd257f57d2c6568d7ec8084e06597fad9c794097c71ebe81f40b5df0972f6c8f063c,1482750.0,M,43.0,NOT APPLICABLE,NONE,NO INDICATION OF INJURY,UNKNOWN,NOT OBSCURED,NORMAL,,,,,2023-04-20 10:20:00,30,CLEAR,DAYLIGHT,PARKED MOTOR VEHICLE,NOT DIVIDED,DRY,NO DEFECTS,ON SCENE,NO INJURY / DRIVE AWAY,,"OVER $1,500",04/20/2023 10:35:00 AM,UNABLE TO DETERMINE,NOT APPLICABLE,,2,NO INDICATION OF INJURY,0.0,0.0,0.0,0.0,0.0,2.0,0.0,10,5,4,41.890105509,-87.61778636,POINT (-87.617786359776 41.890105509441),POINT (1179079.631859828 1903356.7268392588),2023,450 N MC CLURG CT
O1621069,DRIVER,b16c722958af8ae57cacd437fb4d14625618be8cbb2b20905bf663989221b5e7658d3db6db979a2a408b772fb77c5376f944db7d10cb604e5c61df41486b8973,1542596.0,M,48.0,DEPLOYMENT UNKNOWN,NONE,NO INDICATION OF INJURY,FOLLOWED TOO CLOSELY,UNKNOWN,UNKNOWN,,,,,2023-07-18 07:45:00,30,CLEAR,DAYLIGHT,REAR END,NOT DIVIDED,DRY,NO DEFECTS,NOT ON SCENE (DESK REPORT),NO INJURY / DRIVE AWAY,,"OVER $1,500",07/19/2023 09:00:00 AM,FOLLOWING TOO CLOSELY,UNABLE TO DETERMINE,,3,NO INDICATION OF INJURY,0.0,0.0,0.0,0.0,0.0,3.0,0.0,7,3,7,41.931175961,-87.765629477,POINT (-87.765629476937 41.931175960946),POINT (1138725.5843083893 1918021.7929204886),2023,5545 W DIVERSEY AVE
P352644,PASSENGER,791a871ed6c0765d904244659aae1a31b5e2e94805e9dcba438862297a756527a72cfe3a4bed1d945416fa22e9397745ba45324aa749a4ab6cbd77423c08e216,1517522.0,M,55.0,NOT APPLICABLE,NONE,NO INDICATION OF INJURY,,,,,,,,2023-06-10 10:47:00,25,CLEAR,DAYLIGHT,PARKED MOTOR VEHICLE,FOUR WAY,DRY,NO DEFECTS,ON SCENE,NO INJURY / DRIVE AWAY,,"OVER $1,500",06/10/2023 11:19:00 AM,UNABLE TO DETERMINE,UNABLE TO DETERMINE,,2,NO INDICATION OF INJURY,0.0,0.0,0.0,0.0,0.0,2.0,0.0,10,7,6,41.931711078,-87.646296496,POINT (-87.646296496359 41.931711078174),POINT (1171195.3879060994 1918454.393025421),2023,644 W SCHUBERT AVE
O1683869,DRIVER,f30ca29ebfe582bc20495989086bbaeb7fb3977fee08e1ec050b2967762beed705efb590cc5a46632227cdcb0f5c882f6ca6aa97254ff9388af6b7a3f04fef95,1602660.0,F,63.0,DID NOT DEPLOY,NONE,NO INDICATION OF INJURY,NONE,UNKNOWN,NORMAL,,,,,2023-10-17 15:10:00,30,CLEAR,DAYLIGHT,REAR END,FOUR WAY,DRY,NO DEFECTS,NOT ON SCENE (DESK REPORT),NO INJURY / DRIVE AWAY,,"OVER $1,500",10/17/2023 07:49:00 PM,FOLLOWING TOO CLOSELY,DRIVING SKILLS/KNOWLEDGE/EXPERIENCE,,2,NO INDICATION OF INJURY,0.0,0.0,0.0,0.0,0.0,2.0,0.0,15,3,10,41.918363722,-87.643609127,POINT (-87.643609126699 41.918363721709),POINT (1171965.75815818 1913596.4617899929),2023,558 W ARMITAGE AVE
O1638761,DRIVER,9cb32037c36d0d74a33a8bc3dc72f0b767b0646405113791fcdfbce47ff47f58b519044f35a488c665c424905e61cf0cda3ed96b65e18566f302054365199673,1559498.0,F,35.0,DID NOT DEPLOY,NONE,NO INDICATION OF INJURY,NONE,NOT OBSCURED,NORMAL,,,,,2023-08-14 15:10:00,30,RAIN,DAYLIGHT,REAR END,NOT DIVIDED,WET,UNKNOWN,ON SCENE,NO INJURY / DRIVE AWAY,,"OVER $1,500",08/14/2023 03:18:00 PM,UNABLE TO DETERMINE,IMPROPER LANE USAGE,,3,NO INDICATION OF INJURY,0.0,0.0,0.0,0.0,0.0,4.0,0.0,15,2,8,41.793942928,-87.684189969,POINT (-87.684189969085 41.793942927846),POINT (1161263.9672158798 1868171.6506516947),2023,5446 S WESTERN AVE
O1618190,DRIVER,ce7baec97ffdb5bf1b21a94f9cb11475a203365cc2b5d27fb79f9537bb123ee3d4ea72156e85e13862bf9333377b65d427107b9214ae3e4c3890b94d6f381026,1539847.0,M,52.0,NOT APPLICABLE,NONE,NO INDICATION OF INJURY,UNKNOWN,UNKNOWN,NORMAL,,,,,2023-07-14 22:23:00,30,RAIN,"DARKNESS, LIGHTED ROAD",REAR END,NOT DIVIDED,WET,UNKNOWN,NOT ON SCENE (DESK REPORT),NO INJURY / DRIVE AWAY,Y,"OVER $1,500",07/14/2023 11:53:00 PM,FOLLOWING TOO CLOSELY,WEATHER,,2,NO INDICATION OF INJURY,0.0,0.0,0.0,0.0,0.0,2.0,0.0,22,6,7,41.84250117,-87.724646997,POINT (-87.724646997151 41.842501169786),POINT (1150106.407466968 1885785.301606051),2023,2688 S PULASKI RD
O1679548,DRIVER,ae6fdab9b6b514966252bc50a36b376927dc4f1946ddd6c6da728e6ad272512753f89ae3064b8a751c637dee437d52849d0170d6c7fe1b0a3a39d9882a6ffb94,1598475.0,X,,DEPLOYMENT UNKNOWN,NONE,NO INDICATION OF INJURY,NONE,UNKNOWN,UNKNOWN,,,,,2023-10-05 21:45:00,30,UNKNOWN,UNKNOWN,REAR END,UNKNOWN,UNKNOWN,NO DEFECTS,NOT ON SCENE (DESK REPORT),INJURY AND / OR TOW DUE TO CRASH,Y,"OVER $1,500",10/11/2023 05:00:00 PM,UNABLE TO DETERMINE,NOT APPLICABLE,,2,"REPORTED, NOT EVIDENT",1.0,0.0,0.0,0.0,1.0,1.0,0.0,21,5,10,41.779533833,-87.666275072,POINT (-87.666275071753 41.77953383286),POINT (1166189.9153072056 1862958.4739879626),2023,1650 W 63RD ST
O1660895,DRIVER,0fd6058e5e98cc24bf0bd4c7ab829a10a395212a0816652fa8845417d7bfe0789645d40f46298d5bdeed69099872d349303c8c380297b9edb65068e7d856e5fe,1580701.0,M,24.0,NOT APPLICABLE,NONE,NO INDICATION OF INJURY,NONE,NOT OBSCURED,NORMAL,,,,,2023-09-14 18:26:00,30,CLEAR,DAYLIGHT,TURNING,FOUR WAY,DRY,NO DEFECTS,ON SCENE,NO INJURY / DRIVE AWAY,,"OVER $1,500",09/14/2023 07:03:00 PM,NOT APPLICABLE,NOT APPLICABLE,,2,NO INDICATION OF INJURY,0.0,0.0,0.0,0.0,0.0,2.0,0.0,18,5,9,41.852769173,-87.638678499,POINT (-87.638678498821 41.852769172801),POINT (1173501.1781887952 1889704.6726200774),2023,2200 S CANAL ST
P359788,PASSENGER,00c1207b8a292fbe1e7c1f470ef438750ea190df8ebfcd9a349ed9a2cbfc71399db619f318e42a837664ed862e83f0ad3ff5b8fae0d1742e5c1ed0489dd954dd,1547611.0,F,,DID NOT DEPLOY,NONE,NO INDICATION OF INJURY,,,,,,,,2023-07-27 08:45:00,10,CLEAR,DAYLIGHT,FIXED OBJECT,OTHER,DRY,NO DEFECTS,ON SCENE,INJURY AND / OR TOW DUE TO CRASH,,"$501 - $1,500",07/27/2023 08:55:00 AM,UNABLE TO DETERMINE,NOT APPLICABLE,,1,NO INDICATION OF INJURY,0.0,0.0,0.0,0.0,0.0,2.0,0.0,8,5,7,41.795297318,-87.587822555,POINT (-87.587822555467 41.79529731814),POINT (1187538.1358814847 1868878.3424677069),2023,1554 E 55TH ST
O1605706,DRIVER,a4ae9b65684cf1a0f2c13352382ed7118c5e1353247f699db29fd6e44963771fe6f8e92a3268175419d043cafa9c44ba63764b99accd756a580e3e881e633831,1527924.0,X,,DEPLOYMENT UNKNOWN,NONE,NO INDICATION OF INJURY,IMPROPER LANE CHANGE,UNKNOWN,UNKNOWN,,,,,2023-06-25 04:20:00,30,CLEAR,DARKNESS,REAR END,NOT DIVIDED,DRY,NO DEFECTS,NOT ON SCENE (DESK REPORT),NO INJURY / DRIVE AWAY,Y,"OVER $1,500",06/26/2023 10:21:00 AM,IMPROPER OVERTAKING/PASSING,IMPROPER OVERTAKING/PASSING,,2,NO INDICATION OF INJURY,0.0,0.0,0.0,0.0,0.0,2.0,0.0,4,1,6,41.910554646,-87.665212317,POINT (-87.665212316888 41.910554645603),POINT (1166108.3589341228 1910704.2795743472),2023,1501 W NORTH AVE
P383155,PASSENGER,a709f06f411fb893b20efa6ff09cf2d6db369aa1c98fcc3dd56ee695c24ee05659dc584b61fff31e0e7c7ab5dca528e9b4e57c25ea480bb5fdf58dfb64298d1f,1649130.0,F,68.0,NOT APPLICABLE,NONE,NO INDICATION OF INJURY,,,,,,,,2023-12-29 20:30:00,25,CLEAR,"DARKNESS, LIGHTED ROAD",ANGLE,NOT DIVIDED,DRY,NO DEFECTS,NOT ON SCENE (DESK REPORT),NO INJURY / DRIVE AWAY,,"OVER $1,500",12/29/2023 09:00:00 PM,FAILING TO YIELD RIGHT-OF-WAY,NOT APPLICABLE,,2,NO INDICATION OF INJURY,0.0,0.0,0.0,0.0,0.0,3.0,0.0,20,6,12,41.946512579,-87.708888304,POINT (-87.708888304499 41.94651257878),POINT (1154124.5477957204 1923717.8316351664),2023,3225 W ADDISON ST
P354726,PASSENGER,e67d50b536beba768dc6976771f51ed6268f1a525a3a9d38656149d9e91454b8c8b3eec70100f536f21fde18b44d4e4ad099c72f38d282449f3b685a7d8f08c3,1526341.0,,,NOT APPLICABLE,NONE,NO INDICATION OF INJURY,,,,,,,,2023-06-23 19:30:00,30,CLEAR,DAYLIGHT,SIDESWIPE SAME DIRECTION,TRAFFIC ROUTE,DRY,NO DEFECTS,NOT ON SCENE (DESK REPORT),NO INJURY / DRIVE AWAY,,"$501 - $1,500",06/23/2023 08:00:00 PM,FAILING TO YIELD RIGHT-OF-WAY,UNABLE TO DETERMINE,,2,NO INDICATION OF INJURY,0.0,0.0,0.0,0.0,0.0,5.0,0.0,19,6,6,41.886340128,-87.648810856,POINT (-87.648810856244 41.88634012775),POINT (1170643.160466896 1901915.706313781),2023,220 N GREEN ST
P349934,PASSENGER,a751a28ac85dc75dc86b7ad8d37514133cd7e526922a46d6446ca9ce23b590ccc0a6721215b3c6dc00a16d4646c2c45b09c29a0dda4b71ad6a5e3b99f8c6873f,1506073.0,F,19.0,DID NOT DEPLOY,NONE,NO INDICATION OF INJURY,,,,,,,,2023-05-24 17:40:00,30,CLEAR,DAYLIGHT,REAR END,NOT DIVIDED,DRY,NO DEFECTS,ON SCENE,INJURY AND / OR TOW DUE TO CRASH,,"OVER $1,500",05/24/2023 06:00:00 PM,FAILING TO REDUCE SPEED TO AVOID CRASH,FOLLOWING TOO CLOSELY,,2,NO INDICATION OF INJURY,0.0,0.0,0.0,0.0,0.0,3.0,0.0,17,4,5,41.924398277,-87.742609864,POINT (-87.74260986435 41.924398276625),POINT (1145006.3963870888 1915594.3112195584),2023,4620 W FULLERTON AVE
O1659540,DRIVER,85ba3a785497c7e31500ca89afffe4792c9e90a3e65ecb97875c59c384640ebf67cbf4f52d5f7f32337be5e43f6f1aa7e21ee4d036fe8b53f6ecdfa07630da59,1579398.0,M,43.0,NOT APPLICABLE,NONE,NO INDICATION OF INJURY,IMPROPER PASSING,NOT OBSCURED,NORMAL,,,,,2023-09-12 19:46:00,30,CLEAR,"DARKNESS, LIGHTED ROAD",ANGLE,PARKING LOT,DRY,NO DEFECTS,NOT ON SCENE (DESK REPORT),NO INJURY / DRIVE AWAY,,"OVER $1,500",09/12/2023 09:15:00 PM,IMPROPER OVERTAKING/PASSING,NOT APPLICABLE,,2,NO INDICATION OF INJURY,0.0,0.0,0.0,0.0,0.0,2.0,0.0,19,3,9,41.86464673,-87.686002512,POINT (-87.686002512195 41.864646729616),POINT (1160575.5683728578 1893932.0755473408),2023,2401 W OGDEN AVE
O1673910,DRIVER,7fd0e0bcc470062a9beab5f9166746b70c980d47bca0096d1008b13a7d170e8753e58ef1a72ddc0117ce073958013e561b27b47575a90b9c5a2c7709c8a2ddf9,1593121.0,F,,DID NOT DEPLOY,NONE,NO INDICATION OF INJURY,UNKNOWN,UNKNOWN,UNKNOWN,,,,,2023-10-03 15:00:00,25,UNKNOWN,UNKNOWN,ANGLE,NOT DIVIDED,UNKNOWN,UNKNOWN,NOT ON SCENE (DESK REPORT),NO INJURY / DRIVE AWAY,,$500 OR LESS,10/03/2023 04:09:00 PM,UNABLE TO DETERMINE,UNABLE TO DETERMINE,,2,NO INDICATION OF INJURY,0.0,0.0,0.0,0.0,0.0,2.0,0.0,15,3,10,42.016464475,-87.684441324,POINT (-87.6844413236 42.016464474648),POINT (1160582.043971778 1949258.062901945),2023,7416 N RIDGE BLVD
P333146,PASSENGER,7f3740f184488e4c8313e145f575a2dd2a42d3b9090e26e1272c8e01e39c73cad3e5da07952fba1839da60652266c63f0dadebe1b2017f3b04039df6b24f5226,1432645.0,F,,NOT APPLICABLE,NONE,NO INDICATION OF INJURY,,,,,,,,2023-01-28 03:24:00,35,CLEAR,"DARKNESS, LIGHTED ROAD",TURNING,FOUR WAY,UNKNOWN,NO DEFECTS,ON SCENE,NO INJURY / DRIVE AWAY,,"OVER $1,500",01/28/2023 03:24:00 AM,FAILING TO YIELD RIGHT-OF-WAY,FAILING TO YIELD RIGHT-OF-WAY,,2,NO INDICATION OF INJURY,0.0,0.0,0.0,0.0,0.0,3.0,0.0,3,7,1,41.910282153,-87.70234866,POINT (-87.702348660356 41.910282152822),POINT (1156000.7630159499 1910528.4328129324),2023,3002 W NORTH AVE
O1664419,DRIVER,18a94842fb8ec59aa63ea188b4c6a26f59249cac3867fbbae38ef2a83d37a401ab85ffb4f65c413f442a8a2e20cdc274cfc7bc625d3a8a3d551f9de0096f8be2,1584068.0,M,,DEPLOYMENT UNKNOWN,NONE,NO INDICATION OF INJURY,UNKNOWN,UNKNOWN,UNKNOWN,,,,,2023-09-19 13:35:00,45,RAIN,DAYLIGHT,SIDESWIPE SAME DIRECTION,DIVIDED - W/MEDIAN BARRIER,WET,NO DEFECTS,ON SCENE,NO INJURY / DRIVE AWAY,Y,"$501 - $1,500",09/19/2023 02:07:00 PM,UNABLE TO DETERMINE,UNABLE TO DETERMINE,,2,NO INDICATION OF INJURY,0.0,0.0,0.0,0.0,0.0,4.0,0.0,13,3,9,41.842074737,-87.610301619,POINT (-87.610301619267 41.842074737),POINT (1181265.0068747434 1885871.4682731975),2023,2900 S LAKE SHORE DR SB
P364565,PASSENGER,6b41143382d5aaa7658c19b29fe60a6031360245a93dcdf4f3ae4b8b8417b24b3d87a99442e8f51d35f99f70c594f9bfc528ea5e6815e1f3724f16ceeed96b55,1567759.0,M,,DID NOT DEPLOY,NONE,NO INDICATION OF INJURY,,,,,,,,2023-08-26 21:20:00,30,CLEAR,"DARKNESS, LIGHTED ROAD",REAR END,DIVIDED - W/MEDIAN (NOT RAISED),DRY,NO DEFECTS,NOT ON SCENE (DESK REPORT),NO INJURY / DRIVE AWAY,,"$501 - $1,500",08/26/2023 11:00:00 PM,UNABLE TO DETERMINE,UNABLE TO DETERMINE,,2,NO INDICATION OF INJURY,0.0,0.0,0.0,0.0,0.0,4.0,0.0,21,7,8,41.771268353,-87.722298314,POINT (-87.722298313515 41.771268352674),POINT (1150930.9256431914 1859833.0440036287),2023,3955 W MARQUETTE RD
O1579603,DRIVER,93f94634416f38cd2635c71db9fe98e2d6f726b3a0dc1890eacbdc4cc356f24b6fe6bdfc704a163f24487b86379ccdf9a30e96b1d59bf304c7b6605699e42b1b,1502830.0,X,,DEPLOYMENT UNKNOWN,UNKNOWN,NO INDICATION OF INJURY,UNKNOWN,UNKNOWN,UNKNOWN,,,,Y,2023-05-19 16:00:00,30,CLEAR,UNKNOWN,PARKED MOTOR VEHICLE,ONE-WAY,DRY,UNKNOWN,NOT ON SCENE (DESK REPORT),NO INJURY / DRIVE AWAY,Y,"OVER $1,500",05/20/2023 01:08:00 AM,UNABLE TO DETERMINE,NOT APPLICABLE,,2,NO INDICATION OF INJURY,0.0,0.0,0.0,0.0,0.0,1.0,0.0,16,6,5,41.837398532,-87.703750084,POINT (-87.703750083789 41.837398532183),POINT (1155814.1064270602 1883966.9676068125),2023,3056 S TROY ST
O1519214,DRIVER,b0a272b18b23214d75ddb14972fe23e6fb04f0bee8e0c2f09a4a3eb27b30c9c5621331229b253c701bac573f3ed82638102754dcdbe07e347f5dbe7b031d154b,1444448.0,M,42.0,DID NOT DEPLOY,NONE,NO INDICATION OF INJURY,TOO FAST FOR CONDITIONS,NOT OBSCURED,NORMAL,,,,,2023-02-17 08:50:00,30,CLEAR,DAYLIGHT,HEAD ON,NOT DIVIDED,ICE,NO DEFECTS,NOT ON SCENE (DESK REPORT),NO INJURY / DRIVE AWAY,,"OVER $1,500",02/17/2023 09:10:00 AM,DRIVING ON WRONG SIDE/WRONG WAY,WEATHER,,2,NO INDICATION OF INJURY,0.0,0.0,0.0,0.0,0.0,2.0,0.0,8,6,2,41.860963715,-87.728537235,POINT (-87.72853723525 41.860963715459),POINT (1148998.9974333898 1892505.5028241556),2023,1451 S KEDVALE AVE
O1500060,DRIVER,243127ef531d42e3ec1700315826f018bc89bd6674bf107e0058f943cbde55d24727984405085ddf0c0e1ca4e6d4a39d8aaf9a3b128f6a71d47754c93e359a30,1426094.0,F,43.0,DID NOT DEPLOY,NONE,NO INDICATION OF INJURY,IMPROPER PARKING,NOT OBSCURED,NORMAL,,,,,2023-01-17 07:55:00,30,CLEAR,DAYLIGHT,PARKED MOTOR VEHICLE,ONE-WAY,DRY,UNKNOWN,NOT ON SCENE (DESK REPORT),NO INJURY / DRIVE AWAY,,"$501 - $1,500",01/17/2023 09:00:00 AM,IMPROPER LANE USAGE,UNABLE TO DETERMINE,,2,NO INDICATION OF INJURY,0.0,0.0,0.0,0.0,0.0,1.0,0.0,7,3,1,41.967278586,-87.676309619,POINT (-87.676309619223 41.967278585889),POINT (1162929.303878712 1931351.2933986252),2023,4708 N WOLCOTT AVE
O1530506,DRIVER,b2df573800a5e5e29630fb612594e4851bc591ee1afc8d7e3b8d3669638c0e1addabad984f44888a4d1d868f295732161cfc1f1e811eb3bcb48b63672f1c54b9,1455360.0,M,23.0,NOT APPLICABLE,NONE,NO INDICATION OF INJURY,OTHER,NOT OBSCURED,NORMAL,,,,,2023-03-06 13:10:00,35,RAIN,DAYLIGHT,REAR END,DIVIDED - W/MEDIAN BARRIER,WET,NO DEFECTS,ON SCENE,INJURY AND / OR TOW DUE TO CRASH,,"OVER $1,500",03/06/2023 01:12:00 PM,EQUIPMENT - VEHICLE CONDITION,WEATHER,,3,"REPORTED, NOT EVIDENT",1.0,0.0,0.0,0.0,1.0,4.0,0.0,13,2,3,41.793591294,-87.664427637,POINT (-87.664427637221 41.793591294116),POINT (1166653.9533971138 1868084.8295325667),2023,5501 S ASHLAND AVE
O1538378,DRIVER,fdf1a19dcfba5342a32367d3f3f79f5ebf15d4a786879de4b2eb99a49b7233f599125c392e3db2ae4d49737da2288a93cb50a329adfd377f74cae7ad63de887a,1462906.0,M,56.0,DEPLOYMENT UNKNOWN,NONE,NO INDICATION OF INJURY,DISREGARDED CONTROL DEVICES,UNKNOWN,UNKNOWN,,,,,2023-03-01 18:15:00,30,CLEAR,"DARKNESS, LIGHTED ROAD",ANGLE,FOUR WAY,DRY,NO DEFECTS,,INJURY AND / OR TOW DUE TO CRASH,Y,"OVER $1,500",03/02/2023 01:30:00 PM,"OPERATING VEHICLE IN ERRATIC, RECKLESS, CARELESS, NEGLIGENT OR AGGRESSIVE MANNER",NOT APPLICABLE,,2,NONINCAPACITATING INJURY,1.0,0.0,0.0,1.0,0.0,1.0,0.0,18,4,3,41.775157909,-87.585044709,POINT (-87.58504470943 41.77515790913),POINT (1188359.4804774665 1861546.2502916325),2023,6600 S CORNELL DR
O1598851,DRIVER,a374ecad5c8e744d8837b02fc95ea9c8a8c054975b013ccd8bf6fc9a6e52f84aac57ee7de3b97a3dc824b0927451d054a889eb7d5a5ccff715bf37cca97b2caf,1521399.0,M,20.0,DID NOT DEPLOY,NONE,NO INDICATION OF INJURY,NONE,UNKNOWN,NORMAL,,,,,2023-06-16 08:34:00,30,CLEAR,DAYLIGHT,PARKED MOTOR VEHICLE,UNKNOWN,DRY,UNKNOWN,ON SCENE,NO INJURY / DRIVE AWAY,,"OVER $1,500",06/16/2023 08:34:00 AM,NOT APPLICABLE,NOT APPLICABLE,,4,NO INDICATION OF INJURY,0.0,0.0,0.0,0.0,0.0,3.0,0.0,8,6,6,41.879261995,-87.735577343,POINT (-87.735577343384 41.879261995043),POINT (1147034.802537584 1899159.924023746),2023,110 S KOSTNER AVE
P354912,PASSENGER,ff22f38e7991c30ee13fff45499fc3d1ea4c985442515992eb14893ab4b236e4ce8ca63150694eebfda092c5d57cea8420b1481971b05bcbe5aa83153466cc99,1527109.0,M,50.0,DEPLOYMENT UNKNOWN,UNKNOWN,NO INDICATION OF INJURY,,,,,,,,2023-06-24 20:34:00,30,CLEAR,"DARKNESS, LIGHTED ROAD",ANGLE,FOUR WAY,DRY,NO DEFECTS,ON SCENE,INJURY AND / OR TOW DUE TO CRASH,,"OVER $1,500",06/24/2023 08:36:00 PM,DISREGARDING STOP SIGN,FAILING TO YIELD RIGHT-OF-WAY,,2,"REPORTED, NOT EVIDENT",1.0,0.0,0.0,0.0,1.0,2.0,0.0,20,7,6,41.897149072,-87.721101929,POINT (-87.721101928852 41.897149071819),POINT (1150930.3536749915 1905705.745026958),2023,899 N HAMLIN AVE
O1582643,DRIVER,f0b591261a7ec0094e89d85f23f8c9410304302ae51551311a24222c932b47bed59767204920c67ee1feabf90d20df0f3313dc89ccf3b98622405f729acea372,1505774.0,F,70.0,DID NOT DEPLOY,NONE,NO INDICATION OF INJURY,NONE,NOT OBSCURED,NORMAL,,,,,2023-05-23 16:30:00,30,CLEAR,DAYLIGHT,REAR END,NOT DIVIDED,OTHER,NO DEFECTS,NOT ON SCENE (DESK REPORT),NO INJURY / DRIVE AWAY,,"$501 - $1,500",05/24/2023 10:54:00 AM,FOLLOWING TOO CLOSELY,NOT APPLICABLE,,2,NO INDICATION OF INJURY,0.0,0.0,0.0,0.0,0.0,2.0,0.0,16,3,5,41.923726757,-87.77510511,POINT (-87.775105110041 41.923726757233),POINT (1136164.8716622936 1915290.3651794528),2023,5945 W FULLERTON AVE
O1570994,DRIVER,d3b91b72e928597ca740229746c1def3ae88f5094d80d457a8f8ce976a8308b55fb97d88edd87459816bac5e1e86bf5f1d13b383e72216adf57df1995d52a0ff,1494492.0,M,,NOT APPLICABLE,NONE,NO INDICATION OF INJURY,UNKNOWN,UNKNOWN,UNKNOWN,,,,,2023-05-08 08:15:00,30,CLEAR,DAYLIGHT,PARKED MOTOR VEHICLE,NOT DIVIDED,DRY,NO DEFECTS,NOT ON SCENE (DESK REPORT),NO INJURY / DRIVE AWAY,Y,"OVER $1,500",05/08/2023 08:49:00 AM,UNABLE TO DETERMINE,UNABLE TO DETERMINE,,2,NO INDICATION OF INJURY,0.0,0.0,0.0,0.0,0.0,1.0,0.0,8,2,5,41.813649659,-87.693083416,POINT (-87.693083416489 41.813649659484),POINT (1158785.3228783037 1875334.4766040065),2023,2731 W 44TH ST
O1584475,DRIVER,9bf81c3e377a2bd0eb2298c826ea169e2d6b4c35ab711b97fd926481fc7cd30e58670627cffb74d0c88541d55c65afac0c90ece619ef0107b14465d8541ed9f6,1507532.0,M,,DEPLOYMENT UNKNOWN,NONE,NO INDICATION OF INJURY,OTHER,UNKNOWN,UNKNOWN,,,,,2023-05-26 09:45:00,30,CLEAR,DAYLIGHT,REAR TO FRONT,NOT DIVIDED,DRY,NO DEFECTS,NOT ON SCENE (DESK REPORT),NO INJURY / DRIVE AWAY,N,"OVER $1,500",05/26/2023 06:35:00 PM,NOT APPLICABLE,NOT APPLICABLE,,2,NO INDICATION OF INJURY,0.0,0.0,0.0,0.0,0.0,2.0,0.0,9,6,5,41.742889586,-87.682826639,POINT (-87.682826638553 41.742889585658),POINT (1161776.4336483688 1849571.043276931),2023,8258 S WESTERN AVE
O1536700,DRIVER,247a640f74f1c42314fe50933b9c0198883ad20e44681058524128041c373457ff099a0098c4cd85963e719c6ad5a182e46d1a0cf8797a84b30f83207973d983,1461359.0,F,44.0,DID NOT DEPLOY,NONE,"REPORTED, NOT EVIDENT",NONE,NOT OBSCURED,NORMAL,,,,Y,2023-03-16 16:30:00,30,RAIN,DUSK,REAR END,DIVIDED - W/MEDIAN (NOT RAISED),WET,NO DEFECTS,NOT ON SCENE (DESK REPORT),INJURY AND / OR TOW DUE TO CRASH,,"$501 - $1,500",03/16/2023 04:49:00 PM,UNABLE TO DETERMINE,NOT APPLICABLE,,2,"REPORTED, NOT EVIDENT",1.0,0.0,0.0,0.0,1.0,2.0,0.0,16,5,3,41.920540414,-87.746062272,POINT (-87.746062272349 41.920540414453),POINT (1144076.5000504025 1914182.0491032978),2023,2159 N CICERO AVE
O1675389,DRIVER,e589df70f8e3fc131a74acf2f9ac2bfe5f00379db1ba3ce639b768fef8d7dc6413c4db9360f215707a0731650973e53ca09e2da677d85a8ce64db07abb1330a3,1594535.0,M,52.0,"DEPLOYED, SIDE",NONE,NO INDICATION OF INJURY,OTHER,UNKNOWN,NORMAL,,,,,2023-10-05 13:00:00,30,UNKNOWN,DAYLIGHT,ANGLE,FOUR WAY,WET,UNKNOWN,ON SCENE,NO INJURY / DRIVE AWAY,,"OVER $1,500",10/05/2023 01:03:00 PM,DISREGARDING TRAFFIC SIGNALS,NOT APPLICABLE,,2,NO INDICATION OF INJURY,0.0,0.0,0.0,0.0,0.0,2.0,0.0,13,5,10,41.759080271,-87.566228393,POINT (-87.566228392888 41.75908027101),POINT (1193544.2621815358 1855732.8967743798),2023,7459 S YATES BLVD
O1621874,DRIVER,5af4ad51e75f26e766b650640419d1e337acd9a16302954ef6e8c85ccb9ef19783173fe2ed44e0e202321419c1574dae638a92190db8e5a33d2c5d26a563178f,1543378.0,M,21.0,DID NOT DEPLOY,NONE,NO INDICATION OF INJURY,NONE,UNKNOWN,UNKNOWN,,,,,2023-07-20 11:56:00,30,CLEAR,DAYLIGHT,REAR END,ONE-WAY,DRY,NO DEFECTS,ON SCENE,NO INJURY / DRIVE AWAY,,"$501 - $1,500",07/20/2023 11:57:00 AM,"OPERATING VEHICLE IN ERRATIC, RECKLESS, CARELESS, NEGLIGENT OR AGGRESSIVE MANNER","OPERATING VEHICLE IN ERRATIC, RECKLESS, CARELESS, NEGLIGENT OR AGGRESSIVE MANNER",,2,NO INDICATION OF INJURY,0.0,0.0,0.0,0.0,0.0,2.0,0.0,11,5,7,41.794418224,-87.644740609,POINT (-87.644740608727 41.794418223787),POINT (1172020.0262836036 1868428.543839283),2023,750 W GARFIELD BLVD