PERSON_ID,PERSON_TYPE,CRASH_RECORD_ID,VEHICLE_ID,SEX,AGE,AIRBAG_DEPLOYED,EJECTION,INJURY_CLASSIFICATION,DRIVER_ACTION,DRIVER_VISION,PHYSICAL_CONDITION,PEDPEDAL_ACTION,PEDPEDAL_VISIBILITY,PEDPEDAL_LOCATION,CRASH_DATE_EST_I,CRASH_DATE,POSTED_SPEED_LIMIT,WEATHER_CONDITION,LIGHTING_CONDITION,FIRST_CRASH_TYPE,TRAFFICWAY_TYPE,ROADWAY_SURFACE_COND,ROAD_DEFECT,REPORT_TYPE,CRASH_TYPE,HIT_AND_RUN_I,DAMAGE,DATE_POLICE_NOTIFIED,PRIM_CONTRIBUTORY_CAUSE,SEC_CONTRIBUTORY_CAUSE,DOORING_I,NUM_UNITS,MOST_SEVERE_INJURY,INJURIES_TOTAL,INJURIES_FATAL,INJURIES_INCAPACITATING,INJURIES_NON_INCAPACITATING,INJURIES_REPORTED_NOT_EVIDENT,INJURIES_NO_INDICATION,INJURIES_UNKNOWN,CRASH_HOUR,CRASH_DAY_OF_WEEK,CRASH_MONTH,LATITUDE,LONGITUDE,LOCATION,geometry,YEAR,ADDRESS
P355332,PASSENGER,ffabfaa501b4413532ec83e5d55d045add7110cf138f0a0472146e37b8f36bdd2a071fe2e26455dc8ac1414c4a6d45a168901b0d6eb5b638502de0508cb01f81,1529037.0,F,28.0,NOT APPLICABLE,NONE,NO INDICATION OF INJURY,,,,,,,,2023-06-03 18:10:00,30,CLEAR,DAYLIGHT,TURNING,FOUR WAY,DRY,NO DEFECTS,,INJURY AND / OR TOW DUE TO CRASH,,"OVER $1,500",06/03/2023 06:18:00 PM,FAILING TO YIELD RIGHT-OF-WAY,FAILING TO REDUCE SPEED TO AVOID CRASH,,3,NO INDICATION OF INJURY,0.0,0.0,0.0,0.0,0.0,5.0,0.0,18,7,6,41.997388721,-87.763921519,POINT (-87.76392151928 41.997388720503),POINT (1139029.987476037 1942153.0351667607),2023,6400 N CENTRAL AVE
O1639528,DRIVER,887694878b4a28732efbc33f9717142fa47d54279ca7f7cf4250a6a84083c65882cf0f5b5ed58a4cc60a94a8dd801fa1f3ce48a626c423141d084b61e54e1e41,1560240.0,F,41.0,DID NOT DEPLOY,NONE,NO INDICATION OF INJURY,NONE,NOT OBSCURED,NORMAL,,,,,2023-08-15 17:06:00,30,CLEAR,DAYLIGHT,TURNING,NOT DIVIDED,DRY,NO DEFECTS,ON SCENE,INJURY AND / OR TOW DUE TO CRASH,Y,"OVER $1,500",08/15/2023 05:26:00 PM,UNABLE TO DETERMINE,UNABLE TO DETERMINE,,2,NONINCAPACITATING INJURY,1.0,0.0,0.0,1.0,0.0,1.0,0.0,17,3,8,41.852172875,-87.683129839,POINT (-87.683129839165 41.852172874602),POINT (1161392.4777322086 1889392.548285948),2023,2298 W CERMAK RD
O1586681,DRIVER,10ca2882b59db44c3e3abe2b4f503024ffc11d1a80652bc399a469937c5f0545e51f5c26886499e096f0a9eb1ffc3feca02b7ae96b75c7c76ff655e6dd07aec1,1509676.0,F,43.0,NOT APPLICABLE,NONE,NO INDICATION OF INJURY,NONE,NOT OBSCURED,NORMAL,,,,,2023-05-28 07:50:00,30,UNKNOWN,UNKNOWN,REAR END,ONE-WAY,UNKNOWN,NO DEFECTS,NOT ON SCENE (DESK REPORT),NO INJURY / DRIVE AWAY,Y,"OVER $1,500",05/30/2023 03:25:00 PM,UNABLE TO DETERMINE,NOT APPLICABLE,,2,NO INDICATION OF INJURY,0.0,0.0,0.0,0.0,0.0,2.0,0.0,7,1,5,41.794195272,-87.631926398,POINT (-87.63192639781 41.794195272036),POINT (1175514.9727443454 1868375.5514143754),2023,5470 S WELLS ST
P365584,PASSENGER,b5c93a4fabfcc07f000c878736ecf1e1cffc2263549135fbe6202e45ab99f4948abf7a455013093b98a193bfe88e37388e650dd9f800186108dc4821e709dc67,1572204.0,F,30.0,DID NOT DEPLOY,NONE,NO INDICATION OF INJURY,,,,,,,,2023-09-02 01:58:00,30,CLEAR,"DARKNESS, LIGHTED ROAD",TURNING,NOT DIVIDED,DRY,UNKNOWN,ON SCENE,INJURY AND / OR TOW DUE TO CRASH,Y,"$501 - $1,500",09/02/2023 02:00:00 AM,IMPROPER OVERTAKING/PASSING,NOT APPLICABLE,,2,NO INDICATION OF INJURY,0.0,0.0,0.0,0.0,0.0,3.0,0.0,1,7,9,41.780018037,-87.635112764,POINT (-87.635112763932 41.780018036652),POINT (1174688.038566972 1863202.3879309655),2023,400 W 63RD ST
O1631311,DRIVER,8c4f1c18bf8f57a1a46a398e0cd3cba3f258ab1a7d52e466ddf28ae02d25f1e2ea396b126d515d4f8532d7389f3c303ff5db8e234dfafd2b1d319cfd756f9734,1552327.0,F,44.0,NOT APPLICABLE,NONE,NO INDICATION OF INJURY,FAILED TO YIELD,NOT OBSCURED,NORMAL,,,,,2023-08-03 13:00:00,30,CLEAR,DAYLIGHT,TURNING,DIVIDED - W/MEDIAN (NOT RAISED),DRY,NO DEFECTS,NOT ON SCENE (DESK REPORT),NO INJURY / DRIVE AWAY,,"OVER $1,500",08/03/2023 01:30:00 PM,FAILING TO YIELD RIGHT-OF-WAY,IMPROPER TURNING/NO SIGNAL,,2,NO INDICATION OF INJURY,0.0,0.0,0.0,0.0,0.0,4.0,0.0,13,5,8,41.834136596,-87.665798267,POINT (-87.665798267236 41.834136596492),POINT (1166165.4257525222 1882856.4201818292),2023,3300 S ASHLAND AVE
P357945,PASSENGER,327283886d0bbf0ba64a9226670ac9f3d10764bb0da51f1ee5be345a5051536e0af71b90dfeedccac939f41cb93aa1497c78b0552130b86b4f67661dc3f4ed58,1539866.0,M,16.0,DID NOT DEPLOY,NONE,NO INDICATION OF INJURY,,,,,,,,2023-07-14 22:30:00,35,CLEAR,"DARKNESS, LIGHTED ROAD",OTHER OBJECT,NOT DIVIDED,DRY,NO DEFECTS,NOT ON SCENE (DESK REPORT),INJURY AND / OR TOW DUE TO CRASH,,"OVER $1,500",07/15/2023 12:35:00 AM,DRIVING SKILLS/KNOWLEDGE/EXPERIENCE,UNABLE TO DETERMINE,,1,"REPORTED, NOT EVIDENT",2.0,0.0,0.0,0.0,2.0,3.0,0.0,22,6,7,41.703532429,-87.526665382,POINT (-87.526665381648 41.703532429457),POINT (1204528.2803698638 1835590.5073079623),2023,10532 S AVENUE B
O1595698,DRIVER,07dd5328bee80e7ffffb4d2fa3d9f601f640035143ed711165bbe799d38dadd6d8d09e46a98e9c2efa7df548ddf12f8b8c245049f5f412ee189ff5a724acdfcf,1518371.0,M,28.0,NOT APPLICABLE,NONE,NO INDICATION OF INJURY,EMERGENCY VEHICLE ON CALL,UNKNOWN,NORMAL,,,,,2023-06-10 18:33:00,30,CLEAR,DAYLIGHT,FIXED OBJECT,OTHER,DRY,UNKNOWN,NOT ON SCENE (DESK REPORT),NO INJURY / DRIVE AWAY,,"$501 - $1,500",06/10/2023 06:34:00 PM,UNABLE TO DETERMINE,NOT APPLICABLE,,1,NO INDICATION OF INJURY,0.0,0.0,0.0,0.0,0.0,2.0,0.0,18,7,6,41.909979382,-87.709319265,POINT (-87.709319264639 41.909979382133),POINT (1154104.1949911593 1910404.2222241033),2023,1557 N SPAULDING AVE
O1702402,DRIVER,a247f8e8e95a8a5166a9f4e1995883cd39a43fb4959ed68943f0f04f45497b275acf24deaf34c31c8fa755fabb0d3c7f0a90d4f20602d2fdfba8808b9b2e5348,1620362.0,M,63.0,DID NOT DEPLOY,NONE,NO INDICATION OF INJURY,IMPROPER LANE CHANGE,NOT OBSCURED,NORMAL,,,,,2023-11-13 08:30:00,30,CLEAR,DAYLIGHT,SIDESWIPE SAME DIRECTION,DIVIDED - W/MEDIAN BARRIER,DRY,NO DEFECTS,ON SCENE,INJURY AND / OR TOW DUE TO CRASH,,"OVER $1,500",11/13/2023 08:33:00 AM,IMPROPER OVERTAKING/PASSING,UNABLE TO DETERMINE,,2,NO INDICATION OF INJURY,0.0,0.0,0.0,0.0,0.0,2.0,0.0,8,2,11,41.749512909,-87.709815216,POINT (-87.709815216413 41.749512908949),POINT (1154393.5970357142 1851929.9948677428),2023,3501 W 79TH ST
O1630661,DRIVER,cace56b5147ce01e5f7b20daab5e3de0ae1d18f31fb720d8eebf90b4a0b39efdea12e845da2ef9fb5ebba890f6c03f00993e9a185a6fffa35b3d25a03e710dad,1551751.0,M,58.0,NOT APPLICABLE,NONE,NO INDICATION OF INJURY,FAILED TO YIELD,NOT OBSCURED,NORMAL,,,,,2023-08-02 14:00:00,15,CLEAR,DAYLIGHT,TURNING,NOT DIVIDED,DRY,NO DEFECTS,NOT ON SCENE (DESK REPORT),NO INJURY / DRIVE AWAY,,"$501 - $1,500",08/02/2023 02:30:00 PM,DISREGARDING YIELD SIGN,IMPROPER TURNING/NO SIGNAL,,2,NO INDICATION OF INJURY,0.0,0.0,0.0,0.0,0.0,2.0,0.0,14,4,8,41.868088212,-87.639071807,POINT (-87.639071807371 41.86808821204),POINT (1173348.8848731292 1895286.0319378737),2023,1131 S CANAL ST
O1504169,DRIVER,32228236dd9a1250b8490b2a92a92c4ec18c87a2ecba869669c08ddf71d1b5eda1083f7cc3f49dd7714cf51888250c2404df7ddceb04ad389f16d3c3eaca1166,1430036.0,F,,NOT APPLICABLE,NONE,NO INDICATION OF INJURY,UNKNOWN,NOT OBSCURED,NORMAL,,,,,2023-01-16 13:30:00,30,RAIN,DAYLIGHT,TURNING,NOT DIVIDED,WET,NO DEFECTS,NOT ON SCENE (DESK REPORT),NO INJURY / DRIVE AWAY,,"OVER $1,500",01/24/2023 10:25:00 AM,WEATHER,NOT APPLICABLE,,2,NO INDICATION OF INJURY,0.0,0.0,0.0,0.0,0.0,2.0,0.0,13,2,1,41.80790245,-87.716375968,POINT (-87.716375968062 41.807902449705),POINT (1152450.6633517728 1873193.7794969154),2023,4700 S LAWNDALE AVE
O1700664,DRIVER,6ab87523b9281153643bb95face142f2f4e5ce6c977ba614639e395a5ac747d6cca35335435935f671042ec64fe814ccd056297f624b7935863bfb3302ece022,1618725.0,M,75.0,NOT APPLICABLE,NONE,NO INDICATION OF INJURY,NONE,NOT OBSCURED,NORMAL,,,,,2023-11-09 18:20:00,30,CLEAR,DARKNESS,SIDESWIPE SAME DIRECTION,NOT DIVIDED,DRY,UNKNOWN,NOT ON SCENE (DESK REPORT),NO INJURY / DRIVE AWAY,Y,$500 OR LESS,11/10/2023 03:25:00 PM,FAILING TO YIELD RIGHT-OF-WAY,NOT APPLICABLE,,2,NO INDICATION OF INJURY,0.0,0.0,0.0,0.0,0.0,3.0,0.0,18,5,11,41.917877268,-87.677142619,POINT (-87.67714261909 41.917877268203),POINT (1162840.5741174251 1913347.5808991622),2023,1948 W ARMITAGE AVE
O1555322,DRIVER,686507d50b86b60e8fd76a57c7bc441eef2d5f578417812052305b4daf523055f200242334bba81177e2ce39dfe06e7d6d900cc459622af1f18f451aeb7bc1d6,1479301.0,M,44.0,DID NOT DEPLOY,NONE,INCAPACITATING INJURY,NONE,NOT OBSCURED,NORMAL,,,,,2023-04-15 02:32:00,30,CLEAR,"DARKNESS, LIGHTED ROAD",ANGLE,FOUR WAY,DRY,NO DEFECTS,ON SCENE,INJURY AND / OR TOW DUE TO CRASH,,"OVER $1,500",04/15/2023 04:42:00 AM,FAILING TO YIELD RIGHT-OF-WAY,FAILING TO YIELD RIGHT-OF-WAY,,3,INCAPACITATING INJURY,1.0,0.0,1.0,0.0,0.0,1.0,0.0,2,7,4,41.80947558,-87.603748812,POINT (-87.603748812003 41.80947558021),POINT (1183151.4346736453 1874007.5640273269),2023,4701 S DREXEL BLVD
O1726174,DRIVER,acf582cce8a0b0c59c69931809daa368f1bee27aab6fb487ee147f1ce4e4868e19e9f186e3ec024c5cfe65dbbcd4893b7decc2f51318c4aebbed5864ba25035c,1643238.0,M,26.0,NOT APPLICABLE,NONE,NO INDICATION OF INJURY,IMPROPER LANE CHANGE,NOT OBSCURED,NORMAL,,,,,2023-12-19 15:00:00,30,CLEAR,DAYLIGHT,REAR END,ONE-WAY,DRY,NO DEFECTS,ON SCENE,NO INJURY / DRIVE AWAY,,"OVER $1,500",12/19/2023 03:01:00 PM,IMPROPER LANE USAGE,FAILING TO YIELD RIGHT-OF-WAY,,2,NO INDICATION OF INJURY,0.0,0.0,0.0,0.0,0.0,2.0,0.0,15,3,12,41.793833474,-87.645207275,POINT (-87.645207274947 41.793833474309),POINT (1171894.4775565201 1868214.4458464659),2023,801 W GARFIELD BLVD
O1684773,DRIVER,c2b3f2c3ce83d5b3eaae812e05e5ce5c23b871d993820ed57ab81f8c26df9627fcdf34c2c2d93821e972e4d61916cae65f43e9264132056178205b701c629255,1603524.0,M,,DEPLOYMENT UNKNOWN,NONE,NO INDICATION OF INJURY,IMPROPER TURN,UNKNOWN,UNKNOWN,,,,Y,2023-10-18 09:30:00,30,CLEAR,DAYLIGHT,TURNING,NOT DIVIDED,DRY,NO DEFECTS,NOT ON SCENE (DESK REPORT),NO INJURY / DRIVE AWAY,,"OVER $1,500",10/18/2023 10:00:00 AM,IMPROPER TURNING/NO SIGNAL,UNABLE TO DETERMINE,,2,NO INDICATION OF INJURY,0.0,0.0,0.0,0.0,0.0,2.0,0.0,9,4,10,41.808416745,-87.674831072,POINT (-87.67483107178 41.808416744713),POINT (1163775.6387096276 1873465.2308552607),2023,4700 S DAMEN AVE
O1649111,DRIVER,f1bbc91ee0517900b969f11c4bb1db15060b6cda2b4a1577ed2257908038919f8f6f37702c4fded8004bf60e6c5e5be5a96aee18971fad97ae7d0c16415b3c3c,1569402.0,M,17.0,NOT APPLICABLE,UNKNOWN,"REPORTED, NOT EVIDENT",IMPROPER PASSING,UNKNOWN,REMOVED BY EMS,,,,,2023-08-29 08:38:00,30,CLEAR,DAYLIGHT,TURNING,DIVIDED - W/MEDIAN (NOT RAISED),DRY,UNKNOWN,,INJURY AND / OR TOW DUE TO CRASH,,"OVER $1,500",08/29/2023 08:41:00 AM,IMPROPER OVERTAKING/PASSING,IMPROPER OVERTAKING/PASSING,,2,"REPORTED, NOT EVIDENT",1.0,0.0,0.0,0.0,1.0,1.0,0.0,8,3,8,41.983018307,-87.779374206,POINT (-87.779374205623 41.98301830688),POINT (1134863.4299114007 1936888.8314411296),2023,6034 W BRYN MAWR AVE
O1667382,DRIVER,cc4312fcb1a99fd4debd0310e84560d7e9eb06d8e7dfd2a0e859ad155ac4e6417669fe7176ce133479f0f60b1820303648c19e7cec7bcf885203000a0cd7a0cb,1586896.0,M,,DEPLOYMENT UNKNOWN,UNKNOWN,NO INDICATION OF INJURY,UNKNOWN,UNKNOWN,UNKNOWN,,,,,2023-09-23 17:45:00,30,CLEAR,DAYLIGHT,PEDALCYCLIST,NOT DIVIDED,DRY,UNKNOWN,ON SCENE,INJURY AND / OR TOW DUE TO CRASH,Y,"OVER $1,500",09/23/2023 06:06:00 PM,UNABLE TO DETERMINE,NOT APPLICABLE,,2,NONINCAPACITATING INJURY,1.0,0.0,0.0,1.0,0.0,1.0,0.0,17,7,9,41.942122656,-87.728581498,POINT (-87.728581498387 41.942122655508),POINT (1148778.4592206285 1922079.7179912617),2023,3349 N MILWAUKEE AVE
O1543797,DRIVER,90a6d74f6558bea028f95c46274421c6eb403dbb86fa1cdcb8eb2cb0c94d53434e5cc0a18e13e321dd7fb9d1eb7fb568c454d84719ddb5582bb41b96d366c15e,1468179.0,F,34.0,NOT APPLICABLE,NONE,NO INDICATION OF INJURY,IMPROPER PASSING,UNKNOWN,UNKNOWN,,,,,2023-03-28 10:40:00,30,CLEAR,DAYLIGHT,PARKED MOTOR VEHICLE,NOT DIVIDED,UNKNOWN,UNKNOWN,NOT ON SCENE (DESK REPORT),NO INJURY / DRIVE AWAY,,$500 OR LESS,03/28/2023 11:17:00 AM,IMPROPER LANE USAGE,DRIVING SKILLS/KNOWLEDGE/EXPERIENCE,,2,NO INDICATION OF INJURY,0.0,0.0,0.0,0.0,0.0,2.0,0.0,10,3,3,41.947782112,-87.688142333,POINT (-87.688142332674 41.947782112217),POINT (1159764.8423880567 1924222.253207956),2023,3635 N WESTERN AVE
O1544844,DRIVER,c9edd24f09dde163d42ce9cdc7ffe2123a1b8274b5f4e1ed69515935459044f97dc06e0ac4f398ec8e59d2bd3b40a1b8be7880edeb041d80ea26e4eaac10d535,1469521.0,F,36.0,DID NOT DEPLOY,NONE,NO INDICATION OF INJURY,NONE,NOT OBSCURED,NORMAL,,,,,2023-03-29 17:00:00,30,CLEAR,DUSK,SIDESWIPE SAME DIRECTION,ONE-WAY,DRY,NO DEFECTS,NOT ON SCENE (DESK REPORT),INJURY AND / OR TOW DUE TO CRASH,,"OVER $1,500",03/29/2023 08:15:00 PM,FAILING TO YIELD RIGHT-OF-WAY,UNABLE TO DETERMINE,,2,NO INDICATION OF INJURY,0.0,0.0,0.0,0.0,0.0,2.0,0.0,17,4,3,41.762497024,-87.563556136,POINT (-87.563556135607 41.762497024005),POINT (1194262.215248489 1856984.4483510384),2023,7300 S EXCHANGE AVE
O1560737,DRIVER,60ef24c3e0c47d667a7fdac6ef756dc2bc0d2b825a48fdc6c1e20ecdfbfb0d55e77404d875c70dea6a7d7c3dcc22ef63efc34478bacbdaff02e3729ad752be79,1484563.0,X,,DEPLOYMENT UNKNOWN,UNKNOWN,NO INDICATION OF INJURY,UNKNOWN,UNKNOWN,UNKNOWN,,,,,2023-04-23 05:24:00,30,CLEAR,DAWN,HEAD ON,UNKNOWN,DRY,UNKNOWN,ON SCENE,INJURY AND / OR TOW DUE TO CRASH,Y,"OVER $1,500",04/23/2023 05:24:00 AM,UNABLE TO DETERMINE,UNABLE TO DETERMINE,,2,NO INDICATION OF INJURY,0.0,0.0,0.0,0.0,0.0,2.0,0.0,5,1,4,41.829571084,-87.625089704,POINT (-87.625089704091 41.829571084489),POINT (1177273.0262827906 1881281.6052940015),2023,3600 S WABASH AVE
O1689165,DRIVER,7d1de2622b96dfec09d2de299adb8ce2d7a82cb5c5d07b897627821cd3a51e103a78791441f8c9c04ad7ebea6e523818dcaa9fea04a0ca2f0c891c3a0d73536a,1607705.0,X,,DEPLOYMENT UNKNOWN,NONE,NO INDICATION OF INJURY,UNKNOWN,UNKNOWN,UNKNOWN,,,,,2023-10-24 15:30:00,30,UNKNOWN,UNKNOWN,SIDESWIPE SAME DIRECTION,NOT DIVIDED,UNKNOWN,UNKNOWN,NOT ON SCENE (DESK REPORT),NO INJURY / DRIVE AWAY,Y,"$501 - $1,500",10/25/2023 09:59:00 AM,UNABLE TO DETERMINE,UNABLE TO DETERMINE,,2,NO INDICATION OF INJURY,0.0,0.0,0.0,0.0,0.0,2.0,0.0,15,3,10,41.800892337,-87.706553793,POINT (-87.706553792766 41.800892337254),POINT (1155147.116180948 1870658.7136990486),2023,3306 W 51ST ST
P362075,PASSENGER,e909a81d091ba9c9a84a62770d060ff5990d0db766a1341c9df95035639d7a448f7887df2530d56498ddc73dff2076e156db3aaa13f3b9d74247be7bfad0506c,1557255.0,F,5.0,NOT APPLICABLE,NONE,NO INDICATION OF INJURY,,,,,,,,2023-08-11 07:20:00,30,CLEAR,DAYLIGHT,TURNING,NOT DIVIDED,UNKNOWN,UNKNOWN,ON SCENE,NO INJURY / DRIVE AWAY,,"OVER $1,500",08/11/2023 07:30:00 AM,UNABLE TO DETERMINE,NOT APPLICABLE,,2,NO INDICATION OF INJURY,0.0,0.0,0.0,0.0,0.0,4.0,0.0,7,6,8,41.970501475,-87.689115784,POINT (-87.689115784038 41.970501474594),POINT (1159437.7872453297 1932499.2811355165),2023,4900 N WESTERN AVE
O1541351,DRIVER,182107758dfb05c726ab203eb37484ae6850dfdb1575e38a12367f69f792844e123e7f9f6296b4bd7cceec40d67fc6dd2f78cc4dcd62767d9d7cf09c6b4e89c7,1465790.0,M,37.0,DEPLOYMENT UNKNOWN,NONE,NO INDICATION OF INJURY,IMPROPER TURN,UNKNOWN,UNKNOWN,,,,,2023-03-24 10:30:00,30,CLEAR,DAYLIGHT,TURNING,NOT DIVIDED,DRY,NO DEFECTS,ON SCENE,NO INJURY / DRIVE AWAY,,"OVER $1,500",03/24/2023 12:03:00 PM,IMPROPER TURNING/NO SIGNAL,NOT APPLICABLE,,2,NO INDICATION OF INJURY,0.0,0.0,0.0,0.0,0.0,3.0,0.0,10,6,3,41.886683781,-87.67530081,POINT (-87.675300810183 41.886683781092),POINT (1163429.039378297 1901984.507596575),2023,1923 W FULTON ST
O1592424,DRIVER,4bcaa76b139f2636751ab27a68ece8d525d56941c7bfe4372abb6b456e44953c03e7d66d6fa68e9ec3f29e9e0646d430577105fbaa818852d30b48713d713e61,1515226.0,X,,DEPLOYMENT UNKNOWN,NONE,NO INDICATION OF INJURY,UNKNOWN,UNKNOWN,UNKNOWN,,,,,2023-06-07 00:13:00,35,CLEAR,"DARKNESS, LIGHTED ROAD",SIDESWIPE SAME DIRECTION,DIVIDED - W/MEDIAN (NOT RAISED),DRY,UNKNOWN,ON SCENE,NO INJURY / DRIVE AWAY,Y,"$501 - $1,500",06/07/2023 12:30:00 AM,NOT APPLICABLE,NOT APPLICABLE,,2,NO INDICATION OF INJURY,0.0,0.0,0.0,0.0,0.0,3.0,0.0,0,4,6,41.928910473,-87.64902932,POINT (-87.649029320314 41.928910472812),POINT (1170459.9172861292 1917427.8992346644),2023,2554 N HALSTED ST
O1570580,DRIVER,f9a106dcb085f311b121d595768242c578053df1e166bbe14e915a1cce2f88b65c5f08a485a8612d54b853e2d45250eb0bb075759028f699ee09791985f4c967,1494097.0,F,,DID NOT DEPLOY,NONE,NO INDICATION OF INJURY,UNKNOWN,UNKNOWN,UNKNOWN,,,,,2023-05-07 13:20:00,30,UNKNOWN,UNKNOWN,PARKED MOTOR VEHICLE,UNKNOWN,UNKNOWN,UNKNOWN,NOT ON SCENE (DESK REPORT),NO INJURY / DRIVE AWAY,,$500 OR LESS,05/07/2023 02:23:00 PM,UNABLE TO DETERMINE,UNABLE TO DETERMINE,,2,NO INDICATION OF INJURY,0.0,0.0,0.0,0.0,0.0,1.0,0.0,13,1,5,42.015235185,-87.672603734,POINT (-87.6726037336 42.015235184555),POINT (1163802.3023493297 1948834.709034862),2023,7348 N PAULINA ST
P341998,PASSENGER,d1e651a5db94a5bc3b5495a71f3362f6cf79db3af844db21d8c84d1d5e64e039c7518b44368f0d443e6ca248b0b7faaf3e7b6d96d5e39490a19164482a0194b2,1471807.0,M,19.0,DID NOT DEPLOY,NONE,NO INDICATION OF INJURY,,,,,,,,2023-04-03 08:10:00,30,CLEAR,DAYLIGHT,SIDESWIPE SAME DIRECTION,DIVIDED - W/MEDIAN (NOT RAISED),DRY,NO DEFECTS,NOT ON SCENE (DESK REPORT),NO INJURY / DRIVE AWAY,,"OVER $1,500",04/03/2023 08:50:00 AM,IMPROPER OVERTAKING/PASSING,IMPROPER LANE USAGE,,2,NO INDICATION OF INJURY,0.0,0.0,0.0,0.0,0.0,4.0,0.0,8,2,4,41.984529883,-87.836433959,POINT (-87.836433959479 41.984529882581),POINT (1119346.4731186884 1937344.4885058077),2023,5801 N CUMBERLAND AVE
O1559563,DRIVER,24929bb42f1d060392b3f6dd67fd907249826d15856217c6dcc6ad8883e80fdbe5c8b49638f66940b156a4998c6c7b1fc4bd6be85c98b2c06fa398366baf9534,1483419.0,M,23.0,NOT APPLICABLE,NONE,NO INDICATION OF INJURY,NONE,NOT OBSCURED,NORMAL,,,,,2023-04-18 09:00:00,30,CLEAR,DAYLIGHT,SIDESWIPE SAME DIRECTION,NOT DIVIDED,DRY,NO DEFECTS,NOT ON SCENE (DESK REPORT),NO INJURY / DRIVE AWAY,,"$501 - $1,500",04/21/2023 10:30:00 AM,FAILING TO YIELD RIGHT-OF-WAY,NOT APPLICABLE,,2,NO INDICATION OF INJURY,0.0,0.0,0.0,0.0,0.0,2.0,0.0,9,3,4,41.99809976,-87.658574914,POINT (-87.658574914139 41.998099759733),POINT (1167663.8466602818 1942620.181149692),2023,1099 W SHERIDAN RD
O1646169,DRIVER,8f389ffe751b0a68f092896bc05601f9ae7ecb528c0359c7472c379aaa5cb889e729435fd873780c3dcdcdc0f5359b4598d82975321756dcecce0f962b71b50f,1566563.0,M,28.0,DID NOT DEPLOY,NONE,NO INDICATION OF INJURY,NONE,NOT OBSCURED,NORMAL,,,,,2023-08-19 12:50:00,35,CLEAR,DAYLIGHT,REAR END,DIVIDED - W/MEDIAN (NOT RAISED),DRY,NO DEFECTS,,NO INJURY / DRIVE AWAY,,"OVER $1,500",08/19/2023 12:58:00 PM,FOLLOWING TOO CLOSELY,DRIVING SKILLS/KNOWLEDGE/EXPERIENCE,,2,NO INDICATION OF INJURY,0.0,0.0,0.0,0.0,0.0,2.0,0.0,12,7,8,41.78224834,-87.723008172,POINT (-87.723008171535 41.782248339738),POINT (1150708.8909576803 1863832.6881884132),2023,6100 S PULASKI RD
O1729438,DRIVER,f3036364eee8887c9f46e5d7c4d5aef4622042c5eb80e64f524e17eb157e36dcd8f577922eb08c50a9b91659dfbe2c40edb6a381a47012ed61ca68785af831e2,1646383.0,F,78.0,NOT APPLICABLE,NONE,NO INDICATION OF INJURY,NONE,UNKNOWN,NORMAL,,,,,2023-12-22 17:53:00,45,RAIN,"DARKNESS, LIGHTED ROAD",SIDESWIPE SAME DIRECTION,NOT DIVIDED,WET,NO DEFECTS,NOT ON SCENE (DESK REPORT),NO INJURY / DRIVE AWAY,,"OVER $1,500",12/24/2023 10:00:00 AM,UNABLE TO DETERMINE,UNABLE TO DETERMINE,,2,NO INDICATION OF INJURY,0.0,0.0,0.0,0.0,0.0,2.0,0.0,17,6,12,41.89637737,-87.6167331,POINT (-87.616733100447 41.896377369722),POINT (1179347.3276058051 1905644.5870497536),2023,750 N LAKE SHORE DR NB
P381031,PASSENGER,35ea961bc027100c12095d642404a9034888c9eba04392c574046d979438ab183770524203297e812e1b0f6db529e73c3e2fbb75b8ed4c72363e50dd65ea4565,1640530.0,F,64.0,DID NOT DEPLOY,NONE,NO INDICATION OF INJURY,,,,,,,,2023-12-13 17:30:00,30,CLEAR,"DARKNESS, LIGHTED ROAD",ANGLE,FOUR WAY,DRY,NO DEFECTS,NOT ON SCENE (DESK REPORT),NO INJURY / DRIVE AWAY,,"OVER $1,500",12/15/2023 02:30:00 PM,UNABLE TO DETERMINE,UNABLE TO DETERMINE,,2,NO INDICATION OF INJURY,0.0,0.0,0.0,0.0,0.0,4.0,0.0,17,4,12,41.880414548,-87.742950126,POINT (-87.742950126018 41.880414547613),POINT (1145024.1013642119 1899566.0144424152),2023,4701 W MADISON ST
O1578231,DRIVER,e8bd9b9449e64d09f133a1b12713eb95a2f136df8bcb3dc987f3dfdfb6c589e27e4759e4991569de4b0fd769dd406fab7dcec9e965d984167bae260bef666e6c,1501513.0,M,57.0,NOT APPLICABLE,NONE,NO INDICATION OF INJURY,UNKNOWN,UNKNOWN,UNKNOWN,,,,,2023-05-18 04:42:00,30,CLEAR,"DARKNESS, LIGHTED ROAD",ANGLE,NOT DIVIDED,DRY,NO DEFECTS,ON SCENE,INJURY AND / OR TOW DUE TO CRASH,,"OVER $1,500",05/18/2023 04:43:00 AM,UNABLE TO DETERMINE,NOT APPLICABLE,,2,NONINCAPACITATING INJURY,1.0,0.0,0.0,1.0,0.0,1.0,0.0,4,5,5,41.73736453,-87.543224103,POINT (-87.543224103094 41.737364529927),POINT (1199893.3818846152 1847876.6673618623),2023,8700 S MACKINAW AVE