PERSON_ID,PERSON_TYPE,CRASH_RECORD_ID,VEHICLE_ID,SEX,AGE,AIRBAG_DEPLOYED,EJECTION,INJURY_CLASSIFICATION,DRIVER_ACTION,DRIVER_VISION,PHYSICAL_CONDITION,PEDPEDAL_ACTION,PEDPEDAL_VISIBILITY,PEDPEDAL_LOCATION,CRASH_DATE_EST_I,CRASH_DATE,POSTED_SPEED_LIMIT,WEATHER_CONDITION,LIGHTING_CONDITION,FIRST_CRASH_TYPE,TRAFFICWAY_TYPE,ROADWAY_SURFACE_COND,ROAD_DEFECT,REPORT_TYPE,CRASH_TYPE,HIT_AND_RUN_I,DAMAGE,DATE_POLICE_NOTIFIED,PRIM_CONTRIBUTORY_CAUSE,SEC_CONTRIBUTORY_CAUSE,DOORING_I,NUM_UNITS,MOST_SEVERE_INJURY,INJURIES_TOTAL,INJURIES_FATAL,INJURIES_INCAPACITATING,INJURIES_NON_INCAPACITATING,INJURIES_REPORTED_NOT_EVIDENT,INJURIES_NO_INDICATION,INJURIES_UNKNOWN,CRASH_HOUR,CRASH_DAY_OF_WEEK,CRASH_MONTH,LATITUDE,LONGITUDE,LOCATION,geometry,YEAR,ADDRESS
O1612860,DRIVER,e19c788b3f4dd14bb74eabc61b42b23e7561c5b1c37538213fe66786f7dec1ef5443a921e94b246bbc1d18f3faf145b6c24ee51dac825bf58fede5b3f1f51107,1534779.0,F,56.0,DID NOT DEPLOY,NONE,NO INDICATION OF INJURY,IMPROPER LANE CHANGE,NOT OBSCURED,NORMAL,,,,,2023-07-06 16:00:00,30,CLEAR,DAYLIGHT,SIDESWIPE SAME DIRECTION,NOT DIVIDED,DRY,NO DEFECTS,,NO INJURY / DRIVE AWAY,,"OVER $1,500",07/06/2023 04:15:00 PM,IMPROPER OVERTAKING/PASSING,IMPROPER LANE USAGE,,2,NO INDICATION OF INJURY,0.0,0.0,0.0,0.0,0.0,2.0,0.0,16,5,7,41.997523083,-87.807740796,POINT (-87.807740796049 41.997523082914),POINT (1127118.504075351 1942125.8386963424),2023,7221 W DEVON AVE
O1627072,DRIVER,66be8268b9bd233031d057c661e062259e6bfefa16c209ac88474a68b9d01169a7b8803c807ba2d509dbb695ae8fe786f02281df4ac7bce2691d988dde3fff59,1548328.0,M,,NOT APPLICABLE,NONE,NO INDICATION OF INJURY,UNKNOWN,UNKNOWN,UNKNOWN,,,,,2023-07-26 08:10:00,30,CLOUDY/OVERCAST,DAYLIGHT,TURNING,T-INTERSECTION,DRY,NO DEFECTS,ON SCENE,NO INJURY / DRIVE AWAY,Y,"OVER $1,500",07/26/2023 08:12:00 AM,FAILING TO YIELD RIGHT-OF-WAY,UNABLE TO DETERMINE,,2,NO INDICATION OF INJURY,0.0,0.0,0.0,0.0,0.0,2.0,0.0,8,4,7,41.813484035,-87.704333107,POINT (-87.704333106694 41.813484035263),POINT (1155719.028880072 1875251.4762706251),2023,4400 S KEDZIE AVE
P350062,PASSENGER,b551333c60cfec74cb1155a9ed55d9313dfa5b8d9177f5ff09f07b9d10a08c95e9ff688235a5d06d6f2d08057e7fd5813cb2b10a425034f2247d350eafb35735,1506652.0,M,3.0,DID NOT DEPLOY,NONE,NO INDICATION OF INJURY,,,,,,,,2023-05-25 15:23:00,30,CLEAR,DAYLIGHT,SIDESWIPE SAME DIRECTION,NOT DIVIDED,DRY,NO DEFECTS,ON SCENE,INJURY AND / OR TOW DUE TO CRASH,,"OVER $1,500",05/25/2023 03:44:00 PM,UNABLE TO DETERMINE,NOT APPLICABLE,,2,NO INDICATION OF INJURY,0.0,0.0,0.0,0.0,0.0,5.0,0.0,15,5,5,41.964335768,-87.708196874,POINT (-87.708196874429 41.964335768354),POINT (1154265.2682640564 1930214.0323156016),2023,4545 N KEDZIE AVE
O1685855,DRIVER,6c43d7abed85849b396526d66336bd48999f0f3ef956117ad6181cd4daf2c739273661f7f53663aee8c0e52ae908ed046389f323f3eb8f2586bd13331ae46b18,1604570.0,M,19.0,NOT APPLICABLE,NONE,NO INDICATION OF INJURY,IMPROPER TURN,NOT OBSCURED,NORMAL,,,,,2023-10-20 15:16:00,30,CLEAR,DAYLIGHT,TURNING,FOUR WAY,DRY,NO DEFECTS,ON SCENE,INJURY AND / OR TOW DUE TO CRASH,,"OVER $1,500",10/20/2023 03:18:00 PM,UNABLE TO DETERMINE,UNABLE TO DETERMINE,,2,NO INDICATION OF INJURY,0.0,0.0,0.0,0.0,0.0,4.0,0.0,15,6,10,41.867290331,-87.640575867,POINT (-87.640575866664 41.867290331398),POINT (1172941.5621260158 1894991.975893848),2023,1199 S CLINTON ST
P342939,PASSENGER,d4f9c7dca2456aabf2b1d11fff1f19f1b822d7d9711ca5b24863918a3c332e1f5e747f2f15eecbd28fac724ce7c5b4c6dd9d2d9361560f23cb1c1a8e4694616b,1475976.0,M,38.0,DEPLOYMENT UNKNOWN,NONE,NO INDICATION OF INJURY,,,,,,,,2023-04-10 12:55:00,30,CLEAR,DAYLIGHT,ANGLE,NOT DIVIDED,DRY,NO DEFECTS,ON SCENE,INJURY AND / OR TOW DUE TO CRASH,,"OVER $1,500",04/10/2023 01:00:00 PM,FAILING TO YIELD RIGHT-OF-WAY,NOT APPLICABLE,,2,NONINCAPACITATING INJURY,1.0,0.0,0.0,1.0,0.0,2.0,0.0,12,2,4,41.976731455,-87.841687269,POINT (-87.841687269432 41.976731455246),POINT (1117934.5159498653 1934494.467951314),2023,5340 N DELPHIA AVE
O1625998,DRIVER,9586f55e350a7e3fbab7e0f7792da6cc2615159cb6a99fd393ae98c8d7bba307f9dea3e861ba105f6e44e83c53aa832bccdaa17dcee6e6abc524f4f0ae1a401a,1547318.0,M,37.0,DEPLOYMENT UNKNOWN,UNKNOWN,NO INDICATION OF INJURY,FOLLOWED TOO CLOSELY,UNKNOWN,EMOTIONAL,,,,,2023-07-26 15:45:00,30,UNKNOWN,UNKNOWN,TURNING,FOUR WAY,UNKNOWN,UNKNOWN,NOT ON SCENE (DESK REPORT),NO INJURY / DRIVE AWAY,,"OVER $1,500",07/26/2023 05:30:00 PM,UNABLE TO DETERMINE,UNABLE TO DETERMINE,,2,NO INDICATION OF INJURY,0.0,0.0,0.0,0.0,0.0,2.0,0.0,15,4,7,41.895629412,-87.624329715,POINT (-87.624329715112 41.895629412484),POINT (1177281.3590374603 1905354.8480833839),2023,131 E SUPERIOR ST
O1658917,DRIVER,b2654013143354998343b80a0519b2834973fb2f934f436fe0f2a6030828746b950a5213edbe8ac0663f2fd5f9db805892bbdb693e039cdd82d7fc56fd610f69,1578847.0,F,50.0,NOT APPLICABLE,NONE,NO INDICATION OF INJURY,FOLLOWED TOO CLOSELY,UNKNOWN,UNKNOWN,,,,,2023-09-12 04:18:00,30,CLEAR,"DARKNESS, LIGHTED ROAD",REAR END,DIVIDED - W/MEDIAN (NOT RAISED),WET,UNKNOWN,NOT ON SCENE (DESK REPORT),NO INJURY / DRIVE AWAY,,"OVER $1,500",09/12/2023 04:53:00 AM,UNABLE TO DETERMINE,UNABLE TO DETERMINE,,2,NO INDICATION OF INJURY,0.0,0.0,0.0,0.0,0.0,2.0,0.0,4,3,9,41.990534885,-87.702615933,POINT (-87.70261593279 41.990534885102),POINT (1155712.8014103165 1939772.2383788663),2023,2920 W PETERSON AVE
P353891,PASSENGER,746f87bb88bbc24d079b91f07f3dd05442ad08cfa67c2653741f4b4b1d4f3a284bf04cd2c11e649082c722a0dc90bd7ae95afc3e7e235df20c0d9b46eec11917,1522543.0,F,,DEPLOYMENT UNKNOWN,UNKNOWN,NO INDICATION OF INJURY,,,,,,,,2023-06-18 00:50:00,35,CLEAR,"DARKNESS, LIGHTED ROAD",SIDESWIPE SAME DIRECTION,DIVIDED - W/MEDIAN BARRIER,DRY,NO DEFECTS,NOT ON SCENE (DESK REPORT),NO INJURY / DRIVE AWAY,,"OVER $1,500",06/18/2023 12:50:00 AM,FAILING TO YIELD RIGHT-OF-WAY,NOT APPLICABLE,,2,NO INDICATION OF INJURY,0.0,0.0,0.0,0.0,0.0,10.0,0.0,0,1,6,41.889964088,-87.632399724,POINT (-87.632399724456 41.889964087532),POINT (1175101.0935111644 1903272.3504066733),2023,427 N LA SALLE DR
O1605833,DRIVER,b723cea71e155e2fc4ab001a3ce8b5583c6b0335faa0cebe8420ce493bb2b3e01d0a3b87379738ee454c9c544ba62dc737cb28a2be4265c1a52e576b7b1a1735,1528080.0,M,45.0,NOT APPLICABLE,NONE,NONINCAPACITATING INJURY,UNKNOWN,UNKNOWN,NORMAL,,,,,2023-06-26 12:40:00,30,RAIN,DAYLIGHT,REAR END,NOT DIVIDED,WET,NO DEFECTS,ON SCENE,INJURY AND / OR TOW DUE TO CRASH,,"OVER $1,500",06/26/2023 12:42:00 PM,FAILING TO YIELD RIGHT-OF-WAY,FAILING TO YIELD RIGHT-OF-WAY,,2,NONINCAPACITATING INJURY,2.0,0.0,0.0,2.0,0.0,0.0,0.0,12,2,6,41.89556585,-87.693499838,POINT (-87.69349983762 41.895565849748),POINT (1158449.375108469 1905183.6530816678),2023,2643 W CHICAGO AVE
O1725412,DRIVER,5f4d53c5cc0c0a783f902d6921d9e8e0b4910fa88e5d0ae1c8018f7f13a01df4427eed5111f09d8983820b8d7b3ff22a5ee4a94095d4f9754c891b96fc6ef0da,1642496.0,M,41.0,DID NOT DEPLOY,NONE,NONINCAPACITATING INJURY,NONE,NOT OBSCURED,NORMAL,,,,,2023-12-18 11:25:00,15,CLEAR,DAYLIGHT,REAR END,PARKING LOT,DRY,NO DEFECTS,ON SCENE,INJURY AND / OR TOW DUE TO CRASH,Y,"OVER $1,500",12/18/2023 11:28:00 AM,"OPERATING VEHICLE IN ERRATIC, RECKLESS, CARELESS, NEGLIGENT OR AGGRESSIVE MANNER",NOT APPLICABLE,,2,NONINCAPACITATING INJURY,1.0,0.0,0.0,1.0,0.0,3.0,0.0,11,2,12,41.871811814,-87.624315499,POINT (-87.624315499224 41.871811814107),POINT (1177356.9366089941 1896675.7591099995),2023,800 S MICHIGAN AVE
P379816,PASSENGER,59feb681dd8d75bb0cb2960d8af356eb3a10f401a7354d44dafea20d0184c29c7c77e3b8cdda397f94356461ea3ceefd4bb96e53bde00e7ee00cbeca8a8764a2,1634652.0,M,,NOT APPLICABLE,NONE,NO INDICATION OF INJURY,,,,,,,,2023-12-05 10:00:00,30,CLEAR,DAYLIGHT,PARKED MOTOR VEHICLE,DIVIDED - W/MEDIAN (NOT RAISED),DRY,NO DEFECTS,NOT ON SCENE (DESK REPORT),NO INJURY / DRIVE AWAY,,"$501 - $1,500",12/06/2023 08:45:00 AM,IMPROPER OVERTAKING/PASSING,NOT APPLICABLE,,2,NO INDICATION OF INJURY,0.0,0.0,0.0,0.0,0.0,2.0,0.0,10,3,12,41.894784779,-87.622605841,POINT (-87.622605840856 41.894784779144),POINT (1177753.2485394033 1905050.9467324899),2023,675 N ST CLAIR ST
O1641351,DRIVER,68ec5bb26a82a1e6113c123c925c9887caad67b9347642e173b08901372e832db4b940dc4d522212c3232a8d45e9c16823e64a074e224eb489092d3487032f24,1562545.0,M,46.0,"DEPLOYED, COMBINATION",NONE,INCAPACITATING INJURY,UNKNOWN,UNKNOWN,REMOVED BY EMS,,,,,2023-08-17 08:00:00,30,RAIN,DAWN,ANGLE,FOUR WAY,WET,UNKNOWN,ON SCENE,INJURY AND / OR TOW DUE TO CRASH,Y,"OVER $1,500",08/17/2023 11:40:00 AM,UNABLE TO DETERMINE,UNABLE TO DETERMINE,,2,INCAPACITATING INJURY,1.0,0.0,1.0,0.0,0.0,1.0,0.0,8,5,8,41.755719441,-87.663717784,POINT (-87.663717784195 41.755719440847),POINT (1166954.9763843494 1854286.1240623666),2023,7600 S ASHLAND AVE
P343974,PASSENGER,0e1a28c391263cb8c8e9ee7848110a0ce94a71f28f7d96de0d3115e1f7f63dc372352bf82d81b78b85e3b4feae25bc4d8482985c298f608f190336212a8b51a3,1480489.0,M,,DEPLOYMENT UNKNOWN,UNKNOWN,NONINCAPACITATING INJURY,,,,,,,,2023-04-16 19:16:00,30,CLEAR,DAWN,ANGLE,FOUR WAY,DRY,NO DEFECTS,ON SCENE,INJURY AND / OR TOW DUE TO CRASH,Y,"OVER $1,500",04/16/2023 07:16:00 PM,"OPERATING VEHICLE IN ERRATIC, RECKLESS, CARELESS, NEGLIGENT OR AGGRESSIVE MANNER",UNABLE TO DETERMINE,,2,NONINCAPACITATING INJURY,1.0,0.0,0.0,1.0,0.0,4.0,0.0,19,1,4,41.871010349,-87.710810831,POINT (-87.710810831284 41.871010349489),POINT (1153801.217557252 1896200.9869380237),2023,3400 W POLK ST
O1665882,DRIVER,3784cb45f4be0fd09656290f3e6cfb1d3f765c27a43ad27c440d32125f5157faa29250c0442c69799aa9fef1252618c6606155a0c6c3056ebb78bf91108ca709,1585462.0,M,23.0,DID NOT DEPLOY,NONE,NO INDICATION OF INJURY,TOO FAST FOR CONDITIONS,UNKNOWN,NORMAL,,,,,2023-09-21 15:35:00,30,RAIN,DAYLIGHT,REAR END,DIVIDED - W/MEDIAN (NOT RAISED),WET,NO DEFECTS,NOT ON SCENE (DESK REPORT),NO INJURY / DRIVE AWAY,,"OVER $1,500",09/21/2023 04:00:00 PM,FOLLOWING TOO CLOSELY,NOT APPLICABLE,,2,NO INDICATION OF INJURY,0.0,0.0,0.0,0.0,0.0,2.0,0.0,15,5,9,41.922766856,-87.696910641,POINT (-87.696910641158 41.922766856001),POINT (1157447.210083784 1915088.8066922403),2023,2293 N MILWAUKEE AVE
O1530133,DRIVER,523112de4a28cd37eb8e7526d842486276465b58491b50bcb04a086f7988764a4c5396b6e89e06b97b353feae631e75927c83366bcfc30c1d4cff681c54d818c,1455013.0,F,,DID NOT DEPLOY,NONE,NO INDICATION OF INJURY,OTHER,UNKNOWN,UNKNOWN,,,,,2023-03-04 18:30:00,30,RAIN,"DARKNESS, LIGHTED ROAD",TURNING,FOUR WAY,WET,NO DEFECTS,NOT ON SCENE (DESK REPORT),NO INJURY / DRIVE AWAY,,"OVER $1,500",03/06/2023 12:50:00 PM,UNABLE TO DETERMINE,UNABLE TO DETERMINE,,2,NO INDICATION OF INJURY,0.0,0.0,0.0,0.0,0.0,3.0,0.0,18,7,3,41.985638421,-87.655094323,POINT (-87.655094323271 41.985638421049),POINT (1168645.9152298528 1938086.6689654747),2023,5701 N SHERIDAN RD
O1717179,DRIVER,9dc28dc884032c1c4efcd9216a9432d14f9b4e404f30311ad3c274d8d1523b81ba7d5e94b27549c8a6d7e3179e50f5c768997f4fc42692ec021ef04d4cb72acb,1634578.0,M,61.0,"DEPLOYED, COMBINATION",NONE,NONINCAPACITATING INJURY,OTHER,UNKNOWN,NORMAL,,,,,2023-12-05 13:15:00,30,OTHER,DAYLIGHT,ANGLE,FOUR WAY,WET,NO DEFECTS,ON SCENE,INJURY AND / OR TOW DUE TO CRASH,,"OVER $1,500",12/05/2023 01:20:00 PM,UNABLE TO DETERMINE,UNABLE TO DETERMINE,,4,NONINCAPACITATING INJURY,4.0,0.0,0.0,4.0,0.0,2.0,0.0,13,3,12,41.787108908,-87.631928591,POINT (-87.631928590732 41.787108907834),POINT (1175535.4418290935 1865793.32078556),2023,231 W 59TH ST
P382554,PASSENGER,757ab0d0d6bfeb33f5c9b346edbe4defa754c10a8687f66b5527cdb0b226dd5de8dab41420178fafe17b3c04995032625f6da01d41a76ab091edd574585ff580,1646644.0,F,17.0,DID NOT DEPLOY,NONE,NO INDICATION OF INJURY,,,,,,,,2023-12-24 19:53:00,30,CLEAR,"DARKNESS, LIGHTED ROAD",REAR END,FOUR WAY,DRY,NO DEFECTS,ON SCENE,NO INJURY / DRIVE AWAY,,"$501 - $1,500",12/24/2023 07:53:00 PM,UNABLE TO DETERMINE,UNABLE TO DETERMINE,,3,NO INDICATION OF INJURY,0.0,0.0,0.0,0.0,0.0,10.0,0.0,19,1,12,41.961219855,-87.669098209,POINT (-87.669098209085 41.961219854943),POINT (1164907.5906436883 1929158.5883633038),2023,4349 N ASHLAND AVE
O1498770,DRIVER,2d681eaa0193033b13553fddf37a3a4727536167c01cfb5d610b48d1798d35923f36bb41f130820a8f742c73e7b0bfa36ac6f9f5cbe9bedbbda0371afaa1358e,1424851.0,F,46.0,DEPLOYMENT UNKNOWN,NONE,NO INDICATION OF INJURY,UNKNOWN,UNKNOWN,NORMAL,,,,,2023-01-14 15:15:00,30,UNKNOWN,UNKNOWN,TURNING,DIVIDED - W/MEDIAN (NOT RAISED),UNKNOWN,UNKNOWN,NOT ON SCENE (DESK REPORT),INJURY AND / OR TOW DUE TO CRASH,,"OVER $1,500",01/14/2023 05:15:00 PM,UNABLE TO DETERMINE,NOT APPLICABLE,,2,NO INDICATION OF INJURY,0.0,0.0,0.0,0.0,0.0,3.0,0.0,15,7,1,41.95160567,-87.80707905,POINT (-87.807079049836 41.951605669573),POINT (1127401.1708949262 1925394.461186941),2023,3927 N HARLEM AVE
O1494013,DRIVER,ef756d961404c69a912b1246072bdb4fb0c46a8cf2914402d04a78a0f84e41abf3f34c90485676a8e94472c0126811852e56b4ffb6554d659b19402101a44ea9,1420264.0,F,60.0,DID NOT DEPLOY,NONE,NO INDICATION OF INJURY,UNKNOWN,NOT OBSCURED,NORMAL,,,,,2023-01-05 22:55:00,30,SNOW,"DARKNESS, LIGHTED ROAD",PARKED MOTOR VEHICLE,NOT DIVIDED,WET,UNKNOWN,NOT ON SCENE (DESK REPORT),NO INJURY / DRIVE AWAY,,"OVER $1,500",01/05/2023 11:40:00 PM,UNABLE TO DETERMINE,NOT APPLICABLE,,2,NO INDICATION OF INJURY,0.0,0.0,0.0,0.0,0.0,1.0,0.0,22,5,1,41.680903027,-87.674461791,POINT (-87.674461791432 41.680903027008),POINT (1164232.0879039979 1827001.2349627328),2023,11705 S LONGWOOD DR
P369822,PASSENGER,37e8099b322edc200040756836af987aa24b88a6d9f27960487ced77f9c8c826b20791174494ef29c296f8429d11ba4fdbefb1889aaa2f88451634616788c2d2,1590444.0,,,NOT APPLICABLE,NONE,NO INDICATION OF INJURY,,,,,,,,2023-09-29 15:00:00,30,CLEAR,DAYLIGHT,SIDESWIPE SAME DIRECTION,NOT DIVIDED,DRY,NO DEFECTS,ON SCENE,NO INJURY / DRIVE AWAY,,"$501 - $1,500",09/29/2023 03:04:00 PM,DRIVING SKILLS/KNOWLEDGE/EXPERIENCE,DRIVING SKILLS/KNOWLEDGE/EXPERIENCE,,2,NO INDICATION OF INJURY,0.0,0.0,0.0,0.0,0.0,10.0,0.0,15,6,9,41.896428485,-87.616935459,POINT (-87.616935458672 41.896428485066),POINT (1179292.0789071252 1905662.753401378),2023,750 N LAKE SHORE DR
O1688784,DRIVER,230e52b59b11905c1112c82b5157372a267cdeedc517d3f661b84e378cb88578c3b6912f45f182b5e4e79ca08700e6f7a20d66dd395e35fa90f70dc3f32bafc4,1607356.0,M,80.0,DEPLOYMENT UNKNOWN,NONE,NO INDICATION OF INJURY,IMPROPER TURN,UNKNOWN,UNKNOWN,,,,,2023-10-22 21:30:00,30,UNKNOWN,"DARKNESS, LIGHTED ROAD",TURNING,T-INTERSECTION,UNKNOWN,UNKNOWN,,NO INJURY / DRIVE AWAY,,"OVER $1,500",10/24/2023 03:00:00 PM,IMPROPER TURNING/NO SIGNAL,NOT APPLICABLE,,2,NO INDICATION OF INJURY,0.0,0.0,0.0,0.0,0.0,2.0,0.0,21,1,10,41.852719372,-87.623949597,POINT (-87.623949597307 41.852719371638),POINT (1177514.0802956964 1889719.3316203863),2023,2202 S MICHIGAN AVE
O1650242,PEDESTRIAN,d18c780d5d62a7a88c47a7dbd4a7078aaad016b0d36805d76c44d8c9c3442d22ed84b4ac00324dd81e98f7c4ad047eb09550045c8b866d992179e550b7b0b1ef,,M,27.0,,,NONINCAPACITATING INJURY,NONE,NOT OBSCURED,NORMAL,CROSSING - WITH SIGNAL,NO CONTRASTING CLOTHING,IN CROSSWALK,,2023-08-30 18:39:00,30,CLEAR,DAYLIGHT,PEDESTRIAN,FOUR WAY,DRY,NO DEFECTS,ON SCENE,INJURY AND / OR TOW DUE TO CRASH,,"OVER $1,500",08/30/2023 06:46:00 PM,FAILING TO YIELD RIGHT-OF-WAY,DISREGARDING OTHER TRAFFIC SIGNS,,2,NONINCAPACITATING INJURY,1.0,0.0,0.0,1.0,0.0,3.0,0.0,18,4,8,41.96843263,-87.720637957,POINT (-87.720637956888 41.968432629998),POINT (1150871.0388013655 1931682.5043045736),2023,3658 W LAWRENCE AVE
O1627392,DRIVER,2d3faf9b61db5a0929f97ccef90e04138cc13f565f167086b53e5e135edf26d2343a541d28e9f40128c814448f8c4cb7834c88de209609d69b48335dbe8592f4,1548619.0,M,64.0,NOT APPLICABLE,NONE,NO INDICATION OF INJURY,FAILED TO YIELD,NOT OBSCURED,NORMAL,,,,,2023-07-28 13:00:00,30,CLEAR,DAYLIGHT,ANGLE,NOT DIVIDED,DRY,NO DEFECTS,ON SCENE,INJURY AND / OR TOW DUE TO CRASH,,"OVER $1,500",07/28/2023 01:03:00 PM,FAILING TO YIELD RIGHT-OF-WAY,DRIVING SKILLS/KNOWLEDGE/EXPERIENCE,,4,NO INDICATION OF INJURY,0.0,0.0,0.0,0.0,0.0,2.0,0.0,13,6,7,42.01292828,-87.699559341,POINT (-87.699559341195 42.012928279628),POINT (1156483.3471484315 1947938.6671479251),2023,7229 N CALIFORNIA AVE
O1689848,DRIVER,a3cf83bfa39c2d9e2a52452a1bac16f5c0329d8f5f7fbb60793e625494b8b84ef6f87aadf9051a6dd367e9f7f4354a0bd7375742ee869f5322a20500b2923c7e,1608367.0,X,,DEPLOYMENT UNKNOWN,UNKNOWN,NO INDICATION OF INJURY,UNKNOWN,UNKNOWN,UNKNOWN,,,,Y,2023-10-13 17:30:00,10,UNKNOWN,UNKNOWN,PARKED MOTOR VEHICLE,PARKING LOT,UNKNOWN,NO DEFECTS,NOT ON SCENE (DESK REPORT),NO INJURY / DRIVE AWAY,Y,"OVER $1,500",10/26/2023 07:20:00 AM,UNABLE TO DETERMINE,NOT APPLICABLE,,2,NO INDICATION OF INJURY,0.0,0.0,0.0,0.0,0.0,1.0,0.0,17,6,10,41.929274579,-87.727053843,POINT (-87.727053843113 41.929274578513),POINT (1149227.1836069229 1917400.7895944468),2023,2638 N PULASKI RD
O1637814,DRIVER,fea20a867be7b377d21102866c69dd0546e39f2724c8030040ec4766453b802d4dcb912c5231bed253476e6b53f5d8b534ab8c4b22f7a969e5f8e91834916eab,1558546.0,M,53.0,DID NOT DEPLOY,NONE,NO INDICATION OF INJURY,NONE,NOT OBSCURED,NORMAL,,,,,2023-08-12 22:20:00,30,CLEAR,"DARKNESS, LIGHTED ROAD",TURNING,NOT DIVIDED,DRY,UNKNOWN,ON SCENE,INJURY AND / OR TOW DUE TO CRASH,,"OVER $1,500",08/12/2023 10:25:00 PM,IMPROPER TURNING/NO SIGNAL,UNABLE TO DETERMINE,,2,"REPORTED, NOT EVIDENT",1.0,0.0,0.0,0.0,1.0,1.0,0.0,22,7,8,41.706823337,-87.642977469,POINT (-87.642977469284 41.706823336585),POINT (1172756.919740427 1836513.612213916),2023,10300 S HALSTED ST
O1667293,DRIVER,c66b6de69deae98e79cf52ccc8918065e5fdffc605510c4090cd875fb15320153414fafdb5417fca08af7952511286534e18f87632a845c1cc0bef84b7a7a5a0,1586822.0,M,49.0,DEPLOYMENT UNKNOWN,UNKNOWN,NO INDICATION OF INJURY,UNKNOWN,UNKNOWN,EMOTIONAL,,,,,2023-09-23 15:00:00,30,UNKNOWN,UNKNOWN,REAR END,PARKING LOT,UNKNOWN,UNKNOWN,NOT ON SCENE (DESK REPORT),NO INJURY / DRIVE AWAY,,"OVER $1,500",09/23/2023 04:40:00 PM,UNABLE TO DETERMINE,UNABLE TO DETERMINE,,2,NO INDICATION OF INJURY,0.0,0.0,0.0,0.0,0.0,2.0,0.0,15,7,9,41.899449246,-87.676667274,POINT (-87.676667274318 41.89944924635),POINT (1163021.354868948 1906633.3883771892),2023,1949 W AUGUSTA BLVD
O1672279,DRIVER,30ea2c698d44274b35e6887db3225fca2f82442ab49b794b262347531a4b39335852598b17ce7254aaf33c90cedf005cdccdfac09c6386c62f62d0b5eea45c08,1591590.0,F,31.0,DID NOT DEPLOY,NONE,NO INDICATION OF INJURY,FOLLOWED TOO CLOSELY,NOT OBSCURED,NORMAL,,,,,2023-10-01 09:43:00,30,CLEAR,DAYLIGHT,REAR END,NOT DIVIDED,DRY,NO DEFECTS,ON SCENE,NO INJURY / DRIVE AWAY,,"OVER $1,500",10/01/2023 09:49:00 AM,FOLLOWING TOO CLOSELY,DRIVING SKILLS/KNOWLEDGE/EXPERIENCE,,2,NO INDICATION OF INJURY,0.0,0.0,0.0,0.0,0.0,2.0,0.0,9,1,10,41.967791845,-87.757690686,POINT (-87.757690686367 41.967791844857),POINT (1140796.169027786 1931379.119426414),2023,5199 W LAWRENCE AVE
O1654362,DRIVER,db7f40815944811dd667175a4caac457298933b2b143c0ef698a00f62bb52b8beca88503fbc003db6b82f4df72270bc6ee462d7440af23414c450f1e6289cd8c,1574413.0,F,30.0,DID NOT DEPLOY,NONE,NO INDICATION OF INJURY,FOLLOWED TOO CLOSELY,NOT OBSCURED,NORMAL,,,,,2023-08-23 17:40:00,30,CLEAR,DAYLIGHT,REAR END,DIVIDED - W/MEDIAN BARRIER,DRY,NO DEFECTS,,NO INJURY / DRIVE AWAY,,"$501 - $1,500",08/23/2023 07:39:00 PM,FOLLOWING TOO CLOSELY,NOT APPLICABLE,,2,NO INDICATION OF INJURY,0.0,0.0,0.0,0.0,0.0,2.0,0.0,17,4,8,41.756876395,-87.722321738,POINT (-87.722321738255 41.756876394825),POINT (1150961.7875413406 1854588.6961575216),2023,7500 S PULASKI RD
O1519659,DRIVER,b0c995f278669c8a972b5dc4d80399f87f96d2976875d279944a1139989cc53625a348c73b64c66f036164b683d66e139266fb47b9ce16039180c18ea5b167ef,1444896.0,X,,DEPLOYMENT UNKNOWN,NONE,NO INDICATION OF INJURY,DISREGARDED CONTROL DEVICES,UNKNOWN,UNKNOWN,,,,Y,2023-02-17 16:52:00,30,CLEAR,DAYLIGHT,ANGLE,NOT REPORTED,DRY,NO DEFECTS,ON SCENE,INJURY AND / OR TOW DUE TO CRASH,Y,"OVER $1,500",02/17/2023 04:55:00 PM,DISREGARDING TRAFFIC SIGNALS,NOT APPLICABLE,,3,NO INDICATION OF INJURY,0.0,0.0,0.0,0.0,0.0,2.0,0.0,16,6,2,41.805756234,-87.622664615,POINT (-87.622664614603 41.805756234073),POINT (1178005.7307859615 1872609.0422274207),2023,100 E 49TH ST
O1593863,DRIVER,027d672f5f1c3f80c78447ca6fff6fed9f4abd29ec501f0c79d964cf889584055460e402db215a66ea956f595865c41f9e2e90d1186a66878214e1b4c4544a02,1516611.0,X,,DEPLOYMENT UNKNOWN,NONE,NO INDICATION OF INJURY,UNKNOWN,UNKNOWN,UNKNOWN,,,,,2023-06-08 21:30:00,30,CLEAR,DAYLIGHT,PARKED MOTOR VEHICLE,NOT DIVIDED,DRY,NO DEFECTS,NOT ON SCENE (DESK REPORT),NO INJURY / DRIVE AWAY,Y,"OVER $1,500",06/09/2023 03:00:00 AM,UNABLE TO DETERMINE,UNABLE TO DETERMINE,,2,NO INDICATION OF INJURY,0.0,0.0,0.0,0.0,0.0,1.0,0.0,21,5,6,41.891678757,-87.621057402,POINT (-87.621057401779 41.891678756712),POINT (1178184.2261908485 1903922.6078458726),2023,239 E GRAND AVE