PERSON_ID,PERSON_TYPE,CRASH_RECORD_ID,VEHICLE_ID,SEX,AGE,AIRBAG_DEPLOYED,EJECTION,INJURY_CLASSIFICATION,DRIVER_ACTION,DRIVER_VISION,PHYSICAL_CONDITION,PEDPEDAL_ACTION,PEDPEDAL_VISIBILITY,PEDPEDAL_LOCATION,CRASH_DATE_EST_I,CRASH_DATE,POSTED_SPEED_LIMIT,WEATHER_CONDITION,LIGHTING_CONDITION,FIRST_CRASH_TYPE,TRAFFICWAY_TYPE,ROADWAY_SURFACE_COND,ROAD_DEFECT,REPORT_TYPE,CRASH_TYPE,HIT_AND_RUN_I,DAMAGE,DATE_POLICE_NOTIFIED,PRIM_CONTRIBUTORY_CAUSE,SEC_CONTRIBUTORY_CAUSE,DOORING_I,NUM_UNITS,MOST_SEVERE_INJURY,INJURIES_TOTAL,INJURIES_FATAL,INJURIES_INCAPACITATING,INJURIES_NON_INCAPACITATING,INJURIES_REPORTED_NOT_EVIDENT,INJURIES_NO_INDICATION,INJURIES_UNKNOWN,CRASH_HOUR,CRASH_DAY_OF_WEEK,CRASH_MONTH,LATITUDE,LONGITUDE,LOCATION,geometry,YEAR,ADDRESS
O1701022,PEDESTRIAN,f99669c2477527f6222ac36e2334e7bba9e00e9828d1b195f57be44dfede2b51466ee431f634c9cabb5e69aeff1c80492cf70bfba45aaa7e578f458977b81ac6,,M,55.0,,,INCAPACITATING INJURY,NONE,,IMPAIRED - ALCOHOL,PLAYING IN ROADWAY,NO CONTRASTING CLOTHING,IN ROADWAY,Y,2023-11-11 01:45:00,30,CLEAR,"DARKNESS, LIGHTED ROAD",PEDESTRIAN,NOT DIVIDED,DRY,UNKNOWN,ON SCENE,INJURY AND / OR TOW DUE TO CRASH,,"OVER $1,500",11/11/2023 01:53:00 AM,NOT APPLICABLE,NOT APPLICABLE,,2,INCAPACITATING INJURY,1.0,0.0,1.0,0.0,0.0,2.0,0.0,1,7,11,41.795171412,-87.597017081,POINT (-87.597017081103 41.795171412264),POINT (1185031.321983032 1868810.853788688),2023,1164 E 55TH ST
O1641087,DRIVER,0495bc55e5f8579b173fe3eacca2df7c8bb14816908aadd573ca0e08776c370d44c731f79684354ef308cf7b2a5c338b15ac0f5c6b05b9f9cf682d04e01dcb2d,1561716.0,M,,DEPLOYMENT UNKNOWN,NONE,NO INDICATION OF INJURY,IMPROPER LANE CHANGE,UNKNOWN,UNKNOWN,,,,,2023-08-17 18:30:00,30,CLEAR,DAYLIGHT,SIDESWIPE SAME DIRECTION,ONE-WAY,DRY,NO DEFECTS,NOT ON SCENE (DESK REPORT),NO INJURY / DRIVE AWAY,Y,"$501 - $1,500",08/17/2023 10:00:00 PM,UNABLE TO DETERMINE,UNABLE TO DETERMINE,,2,NO INDICATION OF INJURY,0.0,0.0,0.0,0.0,0.0,2.0,0.0,18,5,8,41.879183645,-87.641030446,POINT (-87.641030445845 41.879183645039),POINT (1172782.7887778892 1899324.8850375516),2023,535 W ADAMS ST
O1504503,DRIVER,d9af5bf3ecd8279538a68f1e10ee90cf143aa715389f539d83b4863ae7020223b5c6b96234daf23f5063eb5e5d21c354e001686b97ae464a83d5e33cf089cf0e,1430364.0,M,15.0,"DEPLOYED, COMBINATION",NONE,NONINCAPACITATING INJURY,NONE,UNKNOWN,NORMAL,,,,,2023-01-24 16:50:00,30,CLEAR,"DARKNESS, LIGHTED ROAD",TURNING,DIVIDED - W/MEDIAN (NOT RAISED),DRY,NO DEFECTS,ON SCENE,INJURY AND / OR TOW DUE TO CRASH,,"OVER $1,500",01/24/2023 04:55:00 PM,FAILING TO YIELD RIGHT-OF-WAY,UNABLE TO DETERMINE,,2,NONINCAPACITATING INJURY,2.0,0.0,0.0,2.0,0.0,2.0,0.0,16,3,1,41.751174092,-87.741285273,POINT (-87.741285273367 41.751174092371),POINT (1145801.9488328283 1852474.6539404793),2023,7755 S CICERO AVE
O1553251,DRIVER,65510297d98e9d06f06a6b05cb52aabc0bf4fbed4a0c21437da7955b4a6687cd4d119411b749e7152835479ae9bc8d0723d17eb5ec24cb00ad6cbfbd201a292a,1477323.0,F,31.0,DEPLOYMENT UNKNOWN,UNKNOWN,NO INDICATION OF INJURY,OTHER,UNKNOWN,NORMAL,,,,,2023-04-12 11:26:00,20,CLEAR,DAYLIGHT,SIDESWIPE SAME DIRECTION,DIVIDED - W/MEDIAN (NOT RAISED),DRY,NO DEFECTS,ON SCENE,NO INJURY / DRIVE AWAY,,$500 OR LESS,04/12/2023 11:28:00 AM,UNABLE TO DETERMINE,UNABLE TO DETERMINE,,2,NO INDICATION OF INJURY,0.0,0.0,0.0,0.0,0.0,2.0,0.0,11,4,4,41.940069265,-87.650817866,POINT (-87.650817866104 41.940069265133),POINT (1169940.8513765915 1921490.311384977),2023,840 W BELMONT AVE
O1687437,DRIVER,55b386bd422dd8e07755e0413b1fce076870ed3579a19e68e54a7e4fc6c80a850d4710a48776bfb6b03d3ee1088527e903165e0fbaa0428deb27ff86a01e52ba,1606087.0,M,19.0,DID NOT DEPLOY,NONE,NO INDICATION OF INJURY,UNKNOWN,UNKNOWN,UNKNOWN,,,,,2023-10-22 22:55:00,25,CLEAR,DARKNESS,ANGLE,ALLEY,DRY,NO DEFECTS,NOT ON SCENE (DESK REPORT),NO INJURY / DRIVE AWAY,,"OVER $1,500",10/22/2023 11:00:00 PM,NOT APPLICABLE,NOT APPLICABLE,,2,NO INDICATION OF INJURY,0.0,0.0,0.0,0.0,0.0,2.0,0.0,22,1,10,41.968058589,-87.710763585,POINT (-87.71076358531 41.968058589035),POINT (1153557.3522073564 1931565.5604850533),2023,4749 N SPAULDING AVE
O1610414,DRIVER,b0f20cbd1603314d8043605aa497cf23dee5223972816a534be68748723677d39e8b7a2e964d39e99166cbd89671a57117d6b4b5ee2208fd97c21a7355e7b4d2,1532479.0,M,63.0,DID NOT DEPLOY,NONE,NO INDICATION OF INJURY,NONE,UNKNOWN,UNKNOWN,,,,,2023-07-01 18:30:00,30,CLEAR,DAYLIGHT,ANGLE,NOT DIVIDED,DRY,UNKNOWN,NOT ON SCENE (DESK REPORT),NO INJURY / DRIVE AWAY,,"OVER $1,500",07/03/2023 03:33:00 PM,NOT APPLICABLE,FAILING TO YIELD RIGHT-OF-WAY,,2,NO INDICATION OF INJURY,0.0,0.0,0.0,0.0,0.0,2.0,0.0,18,7,7,41.874342045,-87.725589998,POINT (-87.725589998037 41.874342045195),POINT (1149767.327344663 1897386.2042974338),2023,500 S PULASKI RD
O1618931,DRIVER,8972eb53d92539339bb30dba8dbbed00fd22f49d63d6ef86468c3b440386bb72859c544a5a4686c8c9850d82ab36f17a77225809c4dc85a463abf39bd0fbe8e8,1540553.0,F,23.0,"DEPLOYED, COMBINATION",NONE,NONINCAPACITATING INJURY,NONE,NOT OBSCURED,NORMAL,,,,,2023-07-16 01:20:00,30,CLEAR,"DARKNESS, LIGHTED ROAD",ANGLE,FOUR WAY,DRY,NO DEFECTS,,INJURY AND / OR TOW DUE TO CRASH,Y,"OVER $1,500",07/16/2023 01:49:00 AM,DISREGARDING TRAFFIC SIGNALS,NOT APPLICABLE,,2,NONINCAPACITATING INJURY,4.0,0.0,0.0,4.0,0.0,1.0,0.0,1,1,7,41.881859781,-87.750347812,POINT (-87.750347812104 41.881859781393),POINT (1143005.9664403757 1900078.883805423),2023,5000 W WASHINGTON BLVD
P330948,PASSENGER,7cce5708c5135291b428166a197986eb1f194abc7b0e78a6f62bda2af50c4c2a854932e03b5ec4ac5fad1499f635d222832eae765b61b41416d9ad38dc5f86d4,1422860.0,,,DID NOT DEPLOY,NONE,NO INDICATION OF INJURY,,,,,,,,2023-01-11 06:56:00,30,CLEAR,"DARKNESS, LIGHTED ROAD",TURNING,DIVIDED - W/MEDIAN (NOT RAISED),DRY,NO DEFECTS,NOT ON SCENE (DESK REPORT),NO INJURY / DRIVE AWAY,,"$501 - $1,500",01/11/2023 10:30:00 AM,UNABLE TO DETERMINE,UNABLE TO DETERMINE,,2,NO INDICATION OF INJURY,0.0,0.0,0.0,0.0,0.0,3.0,0.0,6,4,1,41.976201139,-87.905309125,POINT (-87.905309125103 41.976201139024),POINT (1100635.8917230505 1934208.3565550821),2023,10000 W OHARE ST
P336991,PASSENGER,cfba53cfb03db118b9787330e1a2eeb15f377bc02ef776e0f1363fa3deb150c843fea1bc5b2a23615fddac904a2e07e051b4fd2394cc532b9d994efdf7536252,1450122.0,F,,DEPLOYMENT UNKNOWN,NONE,NO INDICATION OF INJURY,,,,,,,,2023-02-26 01:11:00,30,CLEAR,"DARKNESS, LIGHTED ROAD",SIDESWIPE SAME DIRECTION,ONE-WAY,DRY,UNKNOWN,ON SCENE,INJURY AND / OR TOW DUE TO CRASH,Y,"OVER $1,500",02/26/2023 01:18:00 AM,FAILING TO YIELD RIGHT-OF-WAY,NOT APPLICABLE,,2,NONINCAPACITATING INJURY,1.0,0.0,0.0,1.0,0.0,6.0,0.0,1,1,2,41.893278656,-87.635456375,POINT (-87.635456375029 41.893278656485),POINT (1174258.9964474007 1904473.3951450621),2023,230 W ONTARIO ST
O1649826,DRIVER,8d4a31ad7cef10f4414413fd9a39e6e4440876442e1793715035696fd017d7578da2c624ad394da83472ee3257d1a97bbe6a90d182aec9f8b980a627660e294d,1570088.0,M,62.0,NOT APPLICABLE,NONE,NO INDICATION OF INJURY,NONE,NOT OBSCURED,NORMAL,,,,,2023-08-30 09:55:00,25,CLEAR,DAYLIGHT,TURNING,ONE-WAY,DRY,NO DEFECTS,ON SCENE,NO INJURY / DRIVE AWAY,Y,"OVER $1,500",08/30/2023 09:58:00 AM,FAILING TO YIELD RIGHT-OF-WAY,FAILING TO YIELD RIGHT-OF-WAY,,2,NO INDICATION OF INJURY,0.0,0.0,0.0,0.0,0.0,3.0,0.0,9,4,8,41.944825183,-87.813252105,POINT (-87.813252105129 41.944825183106),POINT (1125736.9700616638 1922913.3870984502),2023,3550 N OSCEOLA AVE
O1654576,DRIVER,77a00201bb91a0c0afc5cc80fbc35128e494046130f915249d1ac758ee83ecf5bfc022883b30ab8cad3fcac3244721029a5294a6c755d7f939045a64febb3922,1574648.0,F,56.0,DID NOT DEPLOY,NONE,NO INDICATION OF INJURY,UNKNOWN,UNKNOWN,UNKNOWN,,,,,2023-09-05 17:55:00,30,UNKNOWN,UNKNOWN,TURNING,UNKNOWN,UNKNOWN,UNKNOWN,NOT ON SCENE (DESK REPORT),NO INJURY / DRIVE AWAY,,"OVER $1,500",09/05/2023 07:20:00 PM,UNABLE TO DETERMINE,NOT APPLICABLE,,2,NO INDICATION OF INJURY,0.0,0.0,0.0,0.0,0.0,8.0,0.0,17,3,9,41.974759934,-87.766749047,POINT (-87.766749047298 41.974759934306),POINT (1138315.9439272543 1933901.8976432693),2023,5201 N MILWAUKEE AVE
O1591487,DRIVER,bb804906ec9fbdcaefa9f47be4e84028b52dd4160e74f13e3b27c01defe08e53b4ae464b24c6964571e41545b71f76d0f1520d2ebe35f193dd030285b1790af3,1514314.0,M,58.0,DEPLOYMENT UNKNOWN,UNKNOWN,NO INDICATION OF INJURY,UNKNOWN,UNKNOWN,UNKNOWN,,,,,2023-06-05 17:00:00,30,UNKNOWN,UNKNOWN,TURNING,FOUR WAY,UNKNOWN,UNKNOWN,NOT ON SCENE (DESK REPORT),NO INJURY / DRIVE AWAY,Y,"OVER $1,500",06/05/2023 06:20:00 PM,TURNING RIGHT ON RED,UNABLE TO DETERMINE,,2,NO INDICATION OF INJURY,0.0,0.0,0.0,0.0,0.0,2.0,0.0,17,2,6,41.89318911,-87.636933662,POINT (-87.636933661745 41.893189109557),POINT (1173857.0424104678 1904437.4961770717),2023,629 N ORLEANS ST
P368049,PASSENGER,77555182235bb90ef32445410b5cd5402e1c82d9ec5ccce9cec07e63adb61d3d15929b42e2b9aee23f320f7948225d4717144546f1f4a192d3c8fdb31f9b5365,1582703.0,X,11.0,DEPLOYMENT UNKNOWN,UNKNOWN,NO INDICATION OF INJURY,,,,,,,N,2023-09-17 14:30:00,30,RAIN,DAYLIGHT,ANGLE,FOUR WAY,WET,NO DEFECTS,NOT ON SCENE (DESK REPORT),INJURY AND / OR TOW DUE TO CRASH,,"OVER $1,500",09/17/2023 03:00:00 PM,UNABLE TO DETERMINE,UNABLE TO DETERMINE,,2,NO INDICATION OF INJURY,0.0,0.0,0.0,0.0,0.0,5.0,0.0,14,1,9,41.702617093,-87.530598254,POINT (-87.530598254472 41.702617092625),POINT (1203457.424439003 1835246.9331826558),2023,10600 S AVENUE F
O1656823,DRIVER,dc465a3e0aa3ab6f7792b48b5d7c3ee6391fb4f0bde0ccade6950351f7d01572117e0552ee9f74d36d30b71353293efab9e07aed8418f7c07f01cba7c7cb234a,1576776.0,M,,DEPLOYMENT UNKNOWN,NONE,NO INDICATION OF INJURY,OTHER,UNKNOWN,UNKNOWN,,,,,2023-09-08 22:01:00,30,CLEAR,"DARKNESS, LIGHTED ROAD",TURNING,FOUR WAY,DRY,UNKNOWN,ON SCENE,INJURY AND / OR TOW DUE TO CRASH,N,"OVER $1,500",09/08/2023 10:01:00 PM,DRIVING SKILLS/KNOWLEDGE/EXPERIENCE,NOT APPLICABLE,,2,NONINCAPACITATING INJURY,1.0,0.0,0.0,1.0,0.0,1.0,0.0,22,6,9,41.736189235,-87.624176526,POINT (-87.624176525958 41.736189235332),POINT (1177802.5438623999 1847255.9494431587),2023,1 W 87TH ST
P372073,PASSENGER,5022af828a75307fbce871981cec2ab6d3da5dc75253936ce5cf5aa10ef6fabb3185b6345410e223a3489677ed570918086de43f56f1fb2662c5337e3f4b5c83,1600540.0,M,,DID NOT DEPLOY,NONE,NO INDICATION OF INJURY,,,,,,,,2023-10-14 15:19:00,30,RAIN,DAYLIGHT,TURNING,NOT DIVIDED,WET,NO DEFECTS,NOT ON SCENE (DESK REPORT),NO INJURY / DRIVE AWAY,,"$501 - $1,500",10/14/2023 03:20:00 PM,IMPROPER TURNING/NO SIGNAL,NOT APPLICABLE,,2,NO INDICATION OF INJURY,0.0,0.0,0.0,0.0,0.0,6.0,0.0,15,7,10,41.738468404,-87.72170401,POINT (-87.721704009921 41.738468404342),POINT (1151178.012292764 1847882.2034220868),2023,8500 S PULASKI RD
O1721667,DRIVER,536b7d20e512fa523b8ae13b080890bedfedd5b09acbc1eb0b6f1a6ac998ba4ebf6f622dd5a92f035309055f77e06a1812f0335e117fa8e07482ca76945b98d1,1638906.0,M,25.0,DID NOT DEPLOY,NONE,NO INDICATION OF INJURY,IMPROPER PARKING,NOT OBSCURED,NORMAL,,,,,2023-12-12 21:13:00,35,CLEAR,"DARKNESS, LIGHTED ROAD",SIDESWIPE SAME DIRECTION,FOUR WAY,DRY,NO DEFECTS,ON SCENE,NO INJURY / DRIVE AWAY,,"OVER $1,500",12/12/2023 09:16:00 PM,UNABLE TO DETERMINE,UNABLE TO DETERMINE,,2,NO INDICATION OF INJURY,0.0,0.0,0.0,0.0,0.0,2.0,0.0,21,3,12,41.721330694,-87.66225934,POINT (-87.662259340315 41.721330693976),POINT (1167450.6282230201 1841758.3071103957),2023,1548 W 95TH ST
O1628897,DRIVER,5175bf0e88d63ead7ee315b8bee453ae94b945a721bcbbff29db6b4b231a7bef079787cd1c3d681291315f1771f5c7247642028bec270222e6843773798a2ee0,1550073.0,M,18.0,NOT APPLICABLE,NONE,NO INDICATION OF INJURY,UNKNOWN,UNKNOWN,NORMAL,,,,,2023-07-30 17:56:00,30,CLEAR,DAYLIGHT,OTHER OBJECT,NOT DIVIDED,DRY,UNKNOWN,ON SCENE,INJURY AND / OR TOW DUE TO CRASH,,$500 OR LESS,07/30/2023 05:56:00 PM,UNABLE TO DETERMINE,UNABLE TO DETERMINE,,2,NONINCAPACITATING INJURY,1.0,0.0,0.0,1.0,0.0,1.0,0.0,17,1,7,41.856886042,-87.725053144,POINT (-87.725053143913 41.85688604245),POINT (1149958.6095208423 1891026.315436336),2023,1802 S PULASKI RD
O1566962,DRIVER,02f8bb3fdf32f0f4e699e69da99bdd4cf73e92997007c8c68023ebe806574a2d334ecc07a000428f19d0100e9ef64b6f9afe2b80d4270f4ac62293381711c189,1490608.0,M,32.0,DID NOT DEPLOY,NONE,NO INDICATION OF INJURY,FAILED TO YIELD,UNKNOWN,UNKNOWN,,,,,2023-05-02 12:00:00,30,CLEAR,DAYLIGHT,PARKED MOTOR VEHICLE,NOT DIVIDED,UNKNOWN,UNKNOWN,NOT ON SCENE (DESK REPORT),NO INJURY / DRIVE AWAY,,"$501 - $1,500",05/02/2023 01:00:00 PM,IMPROPER OVERTAKING/PASSING,IMPROPER OVERTAKING/PASSING,,2,NO INDICATION OF INJURY,0.0,0.0,0.0,0.0,0.0,1.0,0.0,12,3,5,41.895924498,-87.669663839,POINT (-87.669663839189 41.895924497675),POINT (1164937.921454323 1905363.6416775428),2023,1661 W CHICAGO AVE
O1520707,DRIVER,43343d214f213bcae68ea9b0aba0f64d8ad2b6fa3900dacd4cf0d0e52e5f3ae7a73d2d82f8cc08ec5023f8ea70925b4a25db2fe18908234acec23e2585f346bf,1445898.0,F,,DEPLOYMENT UNKNOWN,NONE,NO INDICATION OF INJURY,IMPROPER PASSING,UNKNOWN,UNKNOWN,,,,,2023-02-19 12:10:00,25,CLEAR,DAYLIGHT,SIDESWIPE SAME DIRECTION,ONE-WAY,DRY,NO DEFECTS,ON SCENE,NO INJURY / DRIVE AWAY,Y,"$501 - $1,500",02/19/2023 12:13:00 PM,IMPROPER OVERTAKING/PASSING,NOT APPLICABLE,,2,NO INDICATION OF INJURY,0.0,0.0,0.0,0.0,0.0,2.0,0.0,12,1,2,41.834837426,-87.653356363,POINT (-87.653356363247 41.834837426493),POINT (1169554.0666249872 1883138.394655025),2023,3239 S ABERDEEN ST
O1581315,DRIVER,7ef0f5f86ea7dcf7d422506c00bc0dbe7a5aba8c55ac0a2c542a277a6ea43b763690b5a910ea234d5236e9b32d3c181133c82ba5d07feee71838555d9b8330e1,1504514.0,M,59.0,NOT APPLICABLE,NONE,NO INDICATION OF INJURY,FAILED TO YIELD,UNKNOWN,NORMAL,,,,,2023-05-22 14:30:00,30,CLEAR,DAYLIGHT,REAR END,FOUR WAY,DRY,UNKNOWN,NOT ON SCENE (DESK REPORT),NO INJURY / DRIVE AWAY,,"$501 - $1,500",05/22/2023 04:00:00 PM,DRIVING SKILLS/KNOWLEDGE/EXPERIENCE,DRIVING SKILLS/KNOWLEDGE/EXPERIENCE,,2,NO INDICATION OF INJURY,0.0,0.0,0.0,0.0,0.0,2.0,0.0,14,2,5,41.86735016,-87.64079708,POINT (-87.640797080284 41.867350160014),POINT (1172881.1323015501 1895013.291172777),2023,540 W ROOSEVELT RD
O1654078,DRIVER,a59fb2fd639e8b3cb9e26dc7cd9d895cc17d3983287f1f13262bc122dc5de816241718261604679736bd2510de9a7beac7c46ba4b8f7056f42a5031d004f8d64,1574164.0,M,62.0,DID NOT DEPLOY,NONE,NO INDICATION OF INJURY,UNKNOWN,NOT OBSCURED,NORMAL,,,,Y,2023-09-05 08:25:00,30,CLEAR,DAYLIGHT,SIDESWIPE SAME DIRECTION,FOUR WAY,DRY,NO DEFECTS,ON SCENE,NO INJURY / DRIVE AWAY,Y,"$501 - $1,500",09/05/2023 08:36:00 AM,IMPROPER OVERTAKING/PASSING,DRIVING ON WRONG SIDE/WRONG WAY,,2,NO INDICATION OF INJURY,0.0,0.0,0.0,0.0,0.0,2.0,0.0,8,3,9,41.808703901,-87.665505164,POINT (-87.665505163536 41.808703901076),POINT (1166317.3349580741 1873589.4878982317),2023,1612 W 47TH ST
O1696589,DRIVER,96185d8733b8dfe07c888355afd5e0b69442d8c2ad5b267641a4a792cfa6403b5b008d5568f9ae2f73a2a46a1053319c5cde12fa5824c04e53e2773ef2aa8627,1614855.0,M,,DEPLOYMENT UNKNOWN,NONE,NO INDICATION OF INJURY,IMPROPER PASSING,UNKNOWN,UNKNOWN,,,,,2023-11-04 11:15:00,30,CLEAR,DAYLIGHT,SIDESWIPE SAME DIRECTION,DIVIDED - W/MEDIAN (NOT RAISED),DRY,NO DEFECTS,ON SCENE,NO INJURY / DRIVE AWAY,Y,$500 OR LESS,11/04/2023 11:43:00 AM,FAILING TO YIELD RIGHT-OF-WAY,IMPROPER OVERTAKING/PASSING,,2,NO INDICATION OF INJURY,0.0,0.0,0.0,0.0,0.0,2.0,0.0,11,7,11,41.837136851,-87.704673605,POINT (-87.704673604958 41.83713685068),POINT (1155563.139757962 1883869.768661972),2023,3101 S KEDZIE AVE
O1625572,DRIVER,c541a7c29d12d83584e389836f524864fe6c537de34b7220c74916ea6904b61013da614f51b192aad66b33459aad55dd7f886bf4c976b48530cc0311e0e3b5ae,1546886.0,F,,DEPLOYMENT UNKNOWN,NONE,NO INDICATION OF INJURY,UNKNOWN,UNKNOWN,UNKNOWN,,,,,2023-07-25 18:50:00,30,CLEAR,DAYLIGHT,ANGLE,NOT DIVIDED,DRY,NO DEFECTS,ON SCENE,INJURY AND / OR TOW DUE TO CRASH,Y,"OVER $1,500",07/25/2023 06:53:00 PM,UNABLE TO DETERMINE,UNABLE TO DETERMINE,,2,"REPORTED, NOT EVIDENT",1.0,0.0,0.0,0.0,1.0,2.0,0.0,18,3,7,41.88027333,-87.696385791,POINT (-87.696385791203 41.88027332954),POINT (1157705.0132981448 1899605.2250927798),2023,2800 W MONROE ST
O1590474,DRIVER,43b7bb099c25b4a387c2b995187fed136f696125df37ced3c5f3bd2b9143ddf2bd85752364192d6a11e6bedcb37cab74b36f52a056123e2156b8055b8e26fc39,1513346.0,F,47.0,NOT APPLICABLE,NONE,NO INDICATION OF INJURY,NONE,NOT OBSCURED,NORMAL,,,,,2023-06-04 05:35:00,35,CLEAR,UNKNOWN,REAR END,NOT DIVIDED,DRY,NO DEFECTS,NOT ON SCENE (DESK REPORT),NO INJURY / DRIVE AWAY,,$500 OR LESS,06/04/2023 10:00:00 AM,NOT APPLICABLE,NOT APPLICABLE,,2,NO INDICATION OF INJURY,0.0,0.0,0.0,0.0,0.0,2.0,0.0,5,1,6,41.736597227,-87.61438459,POINT (-87.6143845904 41.736597226802),POINT (1180473.8638384168 1847426.791282692),2023,8659 S DR MARTIN LUTHER KING JR DR
O1591341,DRIVER,5e370e4fcfd3ba700bb513159e5150764d12dd4799277afd41bb874d41fc11983ec30c54808a1a9e9f5c040c9f787fdd29bc4087eb4236962242131f2e4e3399,1514175.0,M,41.0,DID NOT DEPLOY,NONE,NO INDICATION OF INJURY,NONE,UNKNOWN,NORMAL,,,,,2023-06-05 14:40:00,20,CLEAR,DAYLIGHT,REAR TO SIDE,ONE-WAY,DRY,NO DEFECTS,ON SCENE,NO INJURY / DRIVE AWAY,Y,"$501 - $1,500",06/05/2023 02:45:00 PM,IMPROPER BACKING,NOT APPLICABLE,,2,NO INDICATION OF INJURY,0.0,0.0,0.0,0.0,0.0,2.0,0.0,14,2,6,41.937151905,-87.662993495,POINT (-87.662993495257 41.93715190461),POINT (1166636.544569056 1920401.0781117945),2023,1342 W NELSON ST
O1592660,DRIVER,61e79cff95c917e08f4474092cd88251e8c5aebbd560294133c65d031a7f07886f13a3d84e3e15f57c1c41117f012b4d56d839af8fd2e97a187a489cc77d0363,1515478.0,M,35.0,NOT APPLICABLE,NONE,NO INDICATION OF INJURY,NONE,NOT OBSCURED,NORMAL,,,,,2023-06-07 10:55:00,30,CLEAR,DAYLIGHT,TURNING,FOUR WAY,DRY,NO DEFECTS,ON SCENE,NO INJURY / DRIVE AWAY,,"OVER $1,500",06/07/2023 11:05:00 AM,TURNING RIGHT ON RED,TURNING RIGHT ON RED,,2,NO INDICATION OF INJURY,0.0,0.0,0.0,0.0,0.0,2.0,0.0,10,4,6,41.772634626,-87.62527215,POINT (-87.62527215003 41.77263462564),POINT (1177394.2108915066 1860533.8736250412),2023,6700 S STATE ST
P367097,PASSENGER,8fa9d8fd9b7765c1b271a59e08a67d4190cb835c7ec29793dfcdc9ca96ecf7c19add2ac562de97f221eb625e8b9af151fee6f4eadfa29d0ecdbb46a873e49b39,1578198.0,F,,NOT APPLICABLE,NONE,NO INDICATION OF INJURY,,,,,,,,2023-09-11 08:24:00,35,RAIN,DAYLIGHT,SIDESWIPE SAME DIRECTION,NOT DIVIDED,WET,UNKNOWN,NOT ON SCENE (DESK REPORT),NO INJURY / DRIVE AWAY,,"$501 - $1,500",09/11/2023 09:20:00 AM,NOT APPLICABLE,NOT APPLICABLE,,2,NO INDICATION OF INJURY,0.0,0.0,0.0,0.0,0.0,3.0,0.0,8,2,9,41.808077546,-87.699882873,POINT (-87.699882872556 41.808077545823),POINT (1156946.714876767 1873290.2935565594),2023,3017 W 47TH ST
P353863,PASSENGER,336e1609c26101461ac7b97e53223fd8de4e0a4fbc84c4427ca9bb3dbff20ba0167ee0cc899faa170e0560e3344b3de40dd11d697c7ba7ffe8944966b515a37b,1522441.0,M,,DID NOT DEPLOY,NONE,NO INDICATION OF INJURY,,,,,,,,2023-06-17 14:40:00,30,CLEAR,DAYLIGHT,REAR TO FRONT,NOT REPORTED,DRY,DEBRIS ON ROADWAY,NOT ON SCENE (DESK REPORT),NO INJURY / DRIVE AWAY,N,$500 OR LESS,06/17/2023 09:30:00 PM,IMPROPER BACKING,UNABLE TO DETERMINE,,2,NO INDICATION OF INJURY,0.0,0.0,0.0,0.0,0.0,3.0,0.0,14,7,6,41.84743015,-87.623853436,POINT (-87.623853436334 41.847430150053),POINT (1177556.2024870708 1887792.1694980774),2023,2500 S MICHIGAN AVE
O1627374,DRIVER,e6058d1eb6e14e89608a6453ce9afc17f709f76b4ae7d32628bfd0dc83ffc19a681dd7865fce8ac7444615184ec55a465adf5ab4564fcb0a2db9da38f36ec221,1548604.0,F,,DEPLOYMENT UNKNOWN,UNKNOWN,NO INDICATION OF INJURY,IMPROPER LANE CHANGE,UNKNOWN,UNKNOWN,,,,,2023-07-26 08:10:00,30,CLEAR,DAYLIGHT,SIDESWIPE SAME DIRECTION,DIVIDED - W/MEDIAN (NOT RAISED),DRY,NO DEFECTS,NOT ON SCENE (DESK REPORT),NO INJURY / DRIVE AWAY,Y,"OVER $1,500",07/28/2023 05:12:00 PM,FAILING TO YIELD RIGHT-OF-WAY,FAILING TO YIELD RIGHT-OF-WAY,,2,NO INDICATION OF INJURY,0.0,0.0,0.0,0.0,0.0,2.0,0.0,8,4,7,41.805609258,-87.723369192,POINT (-87.723369192264 41.805609258143),POINT (1150550.027687304 1872344.5457479155),2023,4813 S PULASKI RD
O1707519,DRIVER,eadef102256d1ad87acc8815346ff0d4e7e4566cec58a6e2c2a16df8cc037bd1ebdf746942b7bed3ca856e8d71bf7376b38d6108db6defa21b88a46973ff48e2,1625288.0,F,47.0,NOT APPLICABLE,NONE,NO INDICATION OF INJURY,NONE,UNKNOWN,UNKNOWN,,,,,2023-11-20 16:26:00,30,RAIN,DAWN,SIDESWIPE SAME DIRECTION,NOT DIVIDED,WET,UNKNOWN,ON SCENE,INJURY AND / OR TOW DUE TO CRASH,,"OVER $1,500",11/20/2023 04:32:00 PM,IMPROPER OVERTAKING/PASSING,NOT APPLICABLE,,2,NO INDICATION OF INJURY,0.0,0.0,0.0,0.0,0.0,2.0,0.0,16,2,11,41.780689883,-87.637611224,POINT (-87.637611223925 41.780689882994),POINT (1174004.604827204 1863441.6806316515),2023,501 W ENGLEWOOD AVE
O1689739,DRIVER,dc3b70d985cf4336c3e76588e3d0e0ef5a507da2b3915da25d61e5d6db074114412e6cf369787b2319ac76651ba4dd8db7acaf3e761bcaeaa1b064854d945d4a,1608263.0,X,,DEPLOYMENT UNKNOWN,NONE,NO INDICATION OF INJURY,NONE,UNKNOWN,UNKNOWN,,,,,2023-10-25 21:21:00,25,RAIN,"DARKNESS, LIGHTED ROAD",REAR END,FOUR WAY,WET,UNKNOWN,NOT ON SCENE (DESK REPORT),NO INJURY / DRIVE AWAY,Y,"$501 - $1,500",10/25/2023 10:00:00 PM,UNABLE TO DETERMINE,NOT APPLICABLE,,2,NO INDICATION OF INJURY,0.0,0.0,0.0,0.0,0.0,2.0,0.0,21,4,10,42.01256326,-87.672476025,POINT (-87.672476024571 42.012563260323),POINT (1163844.5242361068 1947861.3083120512),2023,1701 W TOUHY AVE