PERSON_ID,PERSON_TYPE,CRASH_RECORD_ID,VEHICLE_ID,SEX,AGE,AIRBAG_DEPLOYED,EJECTION,INJURY_CLASSIFICATION,DRIVER_ACTION,DRIVER_VISION,PHYSICAL_CONDITION,PEDPEDAL_ACTION,PEDPEDAL_VISIBILITY,PEDPEDAL_LOCATION,CRASH_DATE_EST_I,CRASH_DATE,POSTED_SPEED_LIMIT,WEATHER_CONDITION,LIGHTING_CONDITION,FIRST_CRASH_TYPE,TRAFFICWAY_TYPE,ROADWAY_SURFACE_COND,ROAD_DEFECT,REPORT_TYPE,CRASH_TYPE,HIT_AND_RUN_I,DAMAGE,DATE_POLICE_NOTIFIED,PRIM_CONTRIBUTORY_CAUSE,SEC_CONTRIBUTORY_CAUSE,DOORING_I,NUM_UNITS,MOST_SEVERE_INJURY,INJURIES_TOTAL,INJURIES_FATAL,INJURIES_INCAPACITATING,INJURIES_NON_INCAPACITATING,INJURIES_REPORTED_NOT_EVIDENT,INJURIES_NO_INDICATION,INJURIES_UNKNOWN,CRASH_HOUR,CRASH_DAY_OF_WEEK,CRASH_MONTH,LATITUDE,LONGITUDE,LOCATION,geometry,YEAR,ADDRESS
O1626405,DRIVER,c41d746f8ceda82de345193e0077b697c61c024a2e77b6dee6447f24c9cc9875897066fc7d3724f1d057d64ec6b3a0cf8df541555649a9f353afc4cbac005fd5,1547720.0,M,32.0,DID NOT DEPLOY,NONE,NO INDICATION OF INJURY,NONE,NOT OBSCURED,NORMAL,,,,,2023-07-27 11:08:00,30,CLEAR,DAYLIGHT,TURNING,NOT DIVIDED,DRY,NO DEFECTS,ON SCENE,INJURY AND / OR TOW DUE TO CRASH,,"OVER $1,500",07/27/2023 11:09:00 AM,IMPROPER TURNING/NO SIGNAL,OBSTRUCTED CROSSWALKS,,2,NO INDICATION OF INJURY,0.0,0.0,0.0,0.0,0.0,2.0,0.0,11,5,7,41.855924843,-87.66623983,POINT (-87.666239830496 41.855924842836),POINT (1165983.4198054092 1890795.0507876866),2023,1900 S ASHLAND AVE
P345632,PASSENGER,edfadd36934d9c95510595dbfa0c5c81fa0b6cf3b6445689f25878684c320d838d3fc2a0c16e3dbab72df40e7942b404bb2a856cd1e8383176c518c53a00ac47,1487762.0,M,49.0,DID NOT DEPLOY,NONE,NO INDICATION OF INJURY,,,,,,,,2023-04-26 18:30:00,15,CLEAR,DAYLIGHT,PARKED MOTOR VEHICLE,PARKING LOT,DRY,NO DEFECTS,NOT ON SCENE (DESK REPORT),NO INJURY / DRIVE AWAY,,"OVER $1,500",04/27/2023 09:30:00 PM,IMPROPER OVERTAKING/PASSING,UNABLE TO DETERMINE,,2,NO INDICATION OF INJURY,0.0,0.0,0.0,0.0,0.0,6.0,0.0,18,4,4,42.001460693,-87.689831905,POINT (-87.689831904945 42.001460693303),POINT (1159158.2809780554 1943779.5236879985),2023,6601 N WESTERN AVE
O1648116,DRIVER,2de48c9c74cbd02a45c034522737b1b2c040279c285fbba3aebea799b1eec9f1917268adba3ab43fcba4de3f909db5de084ff034419ec78fabbfc8e52ce48a77,1568433.0,M,43.0,DID NOT DEPLOY,NONE,NO INDICATION OF INJURY,FAILED TO YIELD,UNKNOWN,NORMAL,,,,,2023-08-27 21:30:00,20,CLEAR,"DARKNESS, LIGHTED ROAD",REAR END,NOT DIVIDED,UNKNOWN,NO DEFECTS,ON SCENE,NO INJURY / DRIVE AWAY,,"OVER $1,500",08/27/2023 10:31:00 PM,FOLLOWING TOO CLOSELY,FAILING TO YIELD RIGHT-OF-WAY,,2,NO INDICATION OF INJURY,0.0,0.0,0.0,0.0,0.0,2.0,0.0,21,1,8,41.7258881,-87.585558786,POINT (-87.585558785787 41.725888099989),POINT (1188375.2913102247 1843591.5303338242),2023,9300 S STONY ISLAND AVE
O1683481,DRIVER,c2d2d63ed0c810f120e261cb1377d31e03b49f1497748f4ed260cc6172184c7f19c35c13ca2ddc8b1d7e0c850412643a54d83d9770a8f72f9955ea7aefad2334,1602292.0,F,30.0,DID NOT DEPLOY,NONE,NO INDICATION OF INJURY,FAILED TO YIELD,NOT OBSCURED,NORMAL,,,,N,2023-10-17 10:20:00,30,CLEAR,DAYLIGHT,TURNING,FOUR WAY,DRY,NO DEFECTS,ON SCENE,NO INJURY / DRIVE AWAY,,"$501 - $1,500",10/17/2023 10:23:00 AM,FAILING TO YIELD RIGHT-OF-WAY,FAILING TO YIELD RIGHT-OF-WAY,,2,NO INDICATION OF INJURY,0.0,0.0,0.0,0.0,0.0,2.0,0.0,10,3,10,41.77260053,-87.629872752,POINT (-87.629872752049 41.772600529899),POINT (1176139.3577254831 1860511.150884491),2023,199 W MARQUETTE RD
O1705036,DRIVER,c71374a40cb5f5efb595912d1165c498cd6f42d542dd24519057bb229f948dd9f3ae617e8ca5b0befd7af17db1250ecb95400164698f8195d886f85f12682671,1622910.0,M,48.0,DEPLOYMENT UNKNOWN,NONE,NO INDICATION OF INJURY,NONE,NOT OBSCURED,NORMAL,,,,,2023-11-17 00:16:00,30,RAIN,"DARKNESS, LIGHTED ROAD",REAR END,DIVIDED - W/MEDIAN (NOT RAISED),WET,NO DEFECTS,ON SCENE,INJURY AND / OR TOW DUE TO CRASH,Y,"OVER $1,500",11/17/2023 12:17:00 AM,"OPERATING VEHICLE IN ERRATIC, RECKLESS, CARELESS, NEGLIGENT OR AGGRESSIVE MANNER",NOT APPLICABLE,,2,NONINCAPACITATING INJURY,2.0,0.0,0.0,2.0,0.0,2.0,0.0,0,6,11,41.88106017,-87.686282106,POINT (-87.686282105762 41.881060170037),POINT (1160454.3231699374 1899912.5312283456),2023,3 S WESTERN AVE
O1722429,DRIVER,89ad2132d195a682f089232f68cb441d4a9fe95712510ef86d4fde55671c0a129eac57ff764fb0d3b31a2c1c20527b5c971a4795cdc566b8a2996e291d92d97b,1639649.0,F,45.0,DID NOT DEPLOY,NONE,NO INDICATION OF INJURY,OTHER,NOT OBSCURED,NORMAL,,,,,2023-12-10 09:30:00,35,CLEAR,DAYLIGHT,SIDESWIPE SAME DIRECTION,NOT DIVIDED,DRY,NO DEFECTS,ON SCENE,NO INJURY / DRIVE AWAY,,"OVER $1,500",12/10/2023 09:52:00 AM,IMPROPER OVERTAKING/PASSING,NOT APPLICABLE,,2,NO INDICATION OF INJURY,0.0,0.0,0.0,0.0,0.0,2.0,0.0,9,1,12,41.721335406,-87.661893371,POINT (-87.661893371484 41.721335405763),POINT (1167550.5234519765 1841760.803042905),2023,1540 W 95TH ST
O1523350,DRIVER,ef8fde5ba60438ccacea4e3aa3546cb49036ba81098148abe6735dd21b6572a04e8346d7a5462851855cf4842ee344ded773837216cc8cc1d2a27947f4a193f9,1448451.0,F,58.0,DID NOT DEPLOY,NONE,NO INDICATION OF INJURY,UNKNOWN,UNKNOWN,NORMAL,,,,,2023-02-23 20:20:00,35,CLEAR,DARKNESS,REAR END,NOT DIVIDED,DRY,NO DEFECTS,ON SCENE,NO INJURY / DRIVE AWAY,,"OVER $1,500",02/23/2023 08:32:00 PM,NOT APPLICABLE,NOT APPLICABLE,,2,NO INDICATION OF INJURY,0.0,0.0,0.0,0.0,0.0,2.0,0.0,20,5,2,41.931678264,-87.727097423,POINT (-87.727097422721 41.931678264202),POINT (1149209.1316895313 1918276.6126927715),2023,4001 W DIVERSEY AVE
O1500514,DRIVER,1ace6ff2c9d3f925ddeac1878e0b42e9678c6ccda13895432d06ae1c05fc00d9ea6e9440c81f52c6a467ab939f5156d1e681eafcf248acd7ed3c044f85a1da7f,1426536.0,M,17.0,DID NOT DEPLOY,NONE,NO INDICATION OF INJURY,OTHER,UNKNOWN,NORMAL,,,,,2023-01-17 20:15:00,30,CLEAR,"DARKNESS, LIGHTED ROAD",ANGLE,DIVIDED - W/MEDIAN (NOT RAISED),DRY,NO DEFECTS,NOT ON SCENE (DESK REPORT),NO INJURY / DRIVE AWAY,,"OVER $1,500",01/17/2023 09:15:00 PM,FAILING TO YIELD RIGHT-OF-WAY,NOT APPLICABLE,,2,NO INDICATION OF INJURY,0.0,0.0,0.0,0.0,0.0,2.0,0.0,20,3,1,41.953341193,-87.762965189,POINT (-87.762965189345 41.95334119259),POINT (1139396.8120328523 1926103.6614775301),2023,5420 W IRVING PARK RD
P353719,PASSENGER,13cb147901ce8dade4e0f8d79523a471190b52ece5ebc05b2c9e72a5eff30266bb975bbeeae49429406a3c910229e392f13c9267f9699db9ced612f665e30acb,1522032.0,F,14.0,DID NOT DEPLOY,NONE,INCAPACITATING INJURY,,,,,,,,2023-06-07 13:22:00,30,CLEAR,DAYLIGHT,TURNING,FOUR WAY,DRY,UNKNOWN,,INJURY AND / OR TOW DUE TO CRASH,,"OVER $1,500",06/07/2023 01:22:00 PM,UNABLE TO DETERMINE,UNABLE TO DETERMINE,,2,INCAPACITATING INJURY,4.0,0.0,1.0,3.0,0.0,1.0,0.0,13,4,6,41.876517925,-87.757421314,POINT (-87.757421313936 41.876517924756),POINT (1141092.797319577 1898119.315458834),2023,5299 W JACKSON BLVD
O1694520,DRIVER,b6e39bce5a5d040d0a6c30a641bc7be944e379be01fe38133f98fb2d1b5f565cc26e7e6e4b3e6718ccfafca24f3e7cab4d985f76092437c28c09862395a6a33a,1612864.0,M,23.0,DEPLOYMENT UNKNOWN,UNKNOWN,NO INDICATION OF INJURY,IMPROPER TURN,UNKNOWN,UNKNOWN,,,,,2023-11-01 14:30:00,30,UNKNOWN,DAYLIGHT,TURNING,FOUR WAY,UNKNOWN,UNKNOWN,NOT ON SCENE (DESK REPORT),NO INJURY / DRIVE AWAY,,"OVER $1,500",11/01/2023 02:50:00 PM,UNABLE TO DETERMINE,UNABLE TO DETERMINE,,2,NO INDICATION OF INJURY,0.0,0.0,0.0,0.0,0.0,2.0,0.0,14,4,11,41.893270314,-87.63102213,POINT (-87.631022130033 41.893270314377),POINT (1175466.3273882093 1904480.206357263),2023,631 N CLARK ST
O1600274,DRIVER,8e3213491ec8e92c85503e9042d03388e932c1d854b48f81677cdbbb3ecb36a7079250a2ef3f247c5d10ca2d5d1b330c8cad03433b28e52d14ccdebce7bae415,1522757.0,M,25.0,NOT APPLICABLE,NONE,NO INDICATION OF INJURY,NONE,NOT OBSCURED,NORMAL,,,,,2023-06-18 11:24:00,30,CLEAR,DAYLIGHT,TURNING,NOT DIVIDED,UNKNOWN,UNKNOWN,NOT ON SCENE (DESK REPORT),NO INJURY / DRIVE AWAY,,"OVER $1,500",06/18/2023 11:55:00 AM,IMPROPER TURNING/NO SIGNAL,IMPROPER TURNING/NO SIGNAL,,2,NO INDICATION OF INJURY,0.0,0.0,0.0,0.0,0.0,3.0,0.0,11,1,6,41.924881771,-87.680609091,POINT (-87.680609091363 41.924881771013),POINT (1161877.6973644025 1915892.831808209),2023,2103 W FULLERTON AVE
P360829,PASSENGER,55102c8c5ec7ae3096722f0dc4da2fd54eddbb7a05fe59ace32bd8e9c5d53a97a8dfb54613dc66face62b1e7dd10389adee0dd0ace9076da35f90d932666397c,1551669.0,F,39.0,DID NOT DEPLOY,NONE,NO INDICATION OF INJURY,,,,,,,,2023-08-02 10:03:00,30,CLEAR,DAYLIGHT,TURNING,FOUR WAY,DRY,NO DEFECTS,ON SCENE,INJURY AND / OR TOW DUE TO CRASH,,"OVER $1,500",08/02/2023 10:30:00 AM,UNABLE TO DETERMINE,UNABLE TO DETERMINE,,3,NONINCAPACITATING INJURY,1.0,0.0,0.0,1.0,0.0,2.0,0.0,10,4,8,41.882106648,-87.766654205,POINT (-87.766654205153 41.882106647724),POINT (1138564.8733775928 1900139.0988464803),2023,5645 W WASHINGTON BLVD
O1711688,DRIVER,6b413d5473f9cdc506b6a5668c1d452e3dce072ff99ae6f4ed075bd7e61a7cfda12c6a72b007df8b6a608c6ccef4864b31a28a0531c7bda52ea40d5d0a395e49,1629314.0,F,74.0,DID NOT DEPLOY,NONE,NO INDICATION OF INJURY,FAILED TO YIELD,NOT OBSCURED,NORMAL,,,,,2023-11-28 09:00:00,30,CLEAR,DAYLIGHT,ANGLE,DIVIDED - W/MEDIAN (NOT RAISED),DRY,NO DEFECTS,NOT ON SCENE (DESK REPORT),NO INJURY / DRIVE AWAY,,"OVER $1,500",11/28/2023 09:55:00 AM,UNABLE TO DETERMINE,UNABLE TO DETERMINE,,2,NO INDICATION OF INJURY,0.0,0.0,0.0,0.0,0.0,2.0,0.0,9,3,11,41.910257534,-87.704576704,POINT (-87.704576703581 41.910257534457),POINT (1155394.3642653874 1910515.0083197788),2023,3100 W NORTH AVE
P330249,PASSENGER,1a933fd633029a8272be6120cdb04e0a9c9ebc8974434a822a9bafd080fccc2236dc09624def4e839e0f04935dafd2e53af9b6069e1c56e180c900d9adfcde27,1419344.0,M,,NOT APPLICABLE,NONE,NO INDICATION OF INJURY,,,,,,,,2023-01-03 08:37:00,35,CLEAR,DAYLIGHT,TURNING,FOUR WAY,DRY,NO DEFECTS,NOT ON SCENE (DESK REPORT),NO INJURY / DRIVE AWAY,,"OVER $1,500",01/03/2023 10:30:00 PM,UNABLE TO DETERMINE,NOT APPLICABLE,,2,NO INDICATION OF INJURY,0.0,0.0,0.0,0.0,0.0,5.0,0.0,8,3,1,41.722434115,-87.586543428,POINT (-87.586543427524 41.722434114991),POINT (1188117.423489601 1842330.5998629704),2023,1530 E 95TH ST
O1613078,DRIVER,54c7c2bafb558aee09b2b701af8737eecdcdda015833954079c6f777788fbc1490e9feeb6c194ac8640e443b5186f36eda6a22828555895908ea4891858d6dc8,1534997.0,F,29.0,DID NOT DEPLOY,NONE,NO INDICATION OF INJURY,NONE,NOT OBSCURED,NORMAL,,,,,2023-07-07 08:00:00,30,CLEAR,DAYLIGHT,REAR END,NOT DIVIDED,DRY,NO DEFECTS,NOT ON SCENE (DESK REPORT),NO INJURY / DRIVE AWAY,,"OVER $1,500",07/07/2023 01:10:00 PM,DISTRACTION - FROM INSIDE VEHICLE,UNABLE TO DETERMINE,,2,NO INDICATION OF INJURY,0.0,0.0,0.0,0.0,0.0,3.0,0.0,8,6,7,41.882339282,-87.76507801,POINT (-87.765078010279 41.882339281817),POINT (1138993.5341476179 1900226.7084359403),2023,100 N CENTRAL AVE
O1705503,DRIVER,2f6d9965db2d251f359fecc8ed2db025da55ab9bbf692b10b50359ba099574f4c4c0807c399530bfbd65d220cd49a60e2c09669f3ef7f69a858e1054d4218c96,1623349.0,F,71.0,DID NOT DEPLOY,NONE,NO INDICATION OF INJURY,FOLLOWED TOO CLOSELY,NOT OBSCURED,NORMAL,,,,,2023-11-17 16:13:00,30,CLEAR,"DARKNESS, LIGHTED ROAD",REAR END,NOT DIVIDED,DRY,NO DEFECTS,NOT ON SCENE (DESK REPORT),NO INJURY / DRIVE AWAY,,"OVER $1,500",11/17/2023 05:05:00 PM,FOLLOWING TOO CLOSELY,NOT APPLICABLE,,2,NO INDICATION OF INJURY,0.0,0.0,0.0,0.0,0.0,2.0,0.0,16,6,11,41.791420282,-87.580147769,POINT (-87.580147768689 41.791420282098),POINT (1189643.3113338328 1867483.815784851),2023,5700 S LAKE SHORE DR
P347333,PASSENGER,7c5a1f811b480bf9266d60b29918ca8a171fff09e03ee4dc8f8e7eb33048fd87963f09c6ed99b12628a0edd151f864feb952263ef87c1746998ec1a6d4641e09,1495060.0,M,,NOT APPLICABLE,NONE,NO INDICATION OF INJURY,,,,,,,,2023-05-08 18:15:00,30,UNKNOWN,UNKNOWN,ANGLE,FOUR WAY,UNKNOWN,NO DEFECTS,NOT ON SCENE (DESK REPORT),NO INJURY / DRIVE AWAY,Y,"OVER $1,500",05/08/2023 07:25:00 PM,DISREGARDING TRAFFIC SIGNALS,UNABLE TO DETERMINE,,2,NO INDICATION OF INJURY,0.0,0.0,0.0,0.0,0.0,5.0,0.0,18,2,5,41.721567448,-87.628809039,POINT (-87.628809038591 41.721567447856),POINT (1176581.7786158798 1841917.5356241886),2023,9500 S WENTWORTH AVE
O1522107,DRIVER,8312b540d63fe4cc742f4724d761efaee62d7894e20dd8c5076c7bb3ac6f8b91875ae926fe714fcf5a33e55c434c6d047eae4faa25c8acd76d32a543792b2cf0,1447243.0,M,,DID NOT DEPLOY,NONE,NO INDICATION OF INJURY,NONE,NOT OBSCURED,NORMAL,,,,,2023-02-21 19:30:00,30,CLEAR,"DARKNESS, LIGHTED ROAD",REAR END,NOT DIVIDED,DRY,NO DEFECTS,NOT ON SCENE (DESK REPORT),NO INJURY / DRIVE AWAY,,"OVER $1,500",02/21/2023 08:15:00 PM,FOLLOWING TOO CLOSELY,UNABLE TO DETERMINE,,2,NO INDICATION OF INJURY,0.0,0.0,0.0,0.0,0.0,2.0,0.0,19,3,2,41.822901484,-87.694765,POINT (-87.69476499993 41.822901484045),POINT (1158301.8586030314 1878702.3825187061),2023,3856 S CALIFORNIA AVE
O1645673,DRIVER,3df05d3bc6cee5a62b6cc376b08ab9dcdd7d4a8696ab5e32250e3998c46076f261b1094181f8eba0103becfc5665a6cd339a877d516304074369285acbdafb33,1566090.0,M,27.0,NOT APPLICABLE,UNKNOWN,NO INDICATION OF INJURY,UNKNOWN,NOT OBSCURED,NORMAL,,,,,2023-08-24 12:00:00,30,CLEAR,DAYLIGHT,REAR END,NOT DIVIDED,DRY,NO DEFECTS,NOT ON SCENE (DESK REPORT),NO INJURY / DRIVE AWAY,,"OVER $1,500",08/24/2023 01:39:00 PM,UNABLE TO DETERMINE,UNABLE TO DETERMINE,,2,NO INDICATION OF INJURY,0.0,0.0,0.0,0.0,0.0,2.0,0.0,12,5,8,41.80770266,-87.743850738,POINT (-87.743850737963 41.807702659699),POINT (1144960.704389841 1873068.403880743),2023,4814 W 47TH ST
O1625048,DRIVER,87e24b016af2b5e8be3131c30fbb1d99e7788dadae040ee914236febe64213b8b75c4ebc0ab5cb6c51611b8970e9d8da0fe733a7a2678077b50b29808d4c8bd6,1546384.0,M,28.0,NOT APPLICABLE,NONE,NONINCAPACITATING INJURY,NONE,NOT OBSCURED,UNKNOWN,,,,,2023-07-24 23:14:00,30,CLEAR,"DARKNESS, LIGHTED ROAD",SIDESWIPE SAME DIRECTION,NOT DIVIDED,DRY,NO DEFECTS,ON SCENE,INJURY AND / OR TOW DUE TO CRASH,,"OVER $1,500",07/24/2023 11:24:00 PM,FAILING TO REDUCE SPEED TO AVOID CRASH,NOT APPLICABLE,,5,NONINCAPACITATING INJURY,5.0,0.0,0.0,5.0,0.0,4.0,0.0,23,2,7,41.771044801,-87.741905632,POINT (-87.741905631651 41.771044801146),POINT (1145582.8898312186 1859714.19399326),2023,6701 S CICERO AVE
O1592385,DRIVER,4c6416aab1650c1fbe7c4a0bd9eff97abf358dd6bf9612111b7fda815b64762fda16e4543e4d410b8c41188c733ec33fcb54ef3da95a424526d2b4b83578e2c3,1515189.0,F,,DEPLOYMENT UNKNOWN,NONE,NO INDICATION OF INJURY,IMPROPER BACKING,UNKNOWN,UNKNOWN,,,,,2023-06-06 17:55:00,30,CLEAR,DAYLIGHT,PARKED MOTOR VEHICLE,ONE-WAY,DRY,NO DEFECTS,NOT ON SCENE (DESK REPORT),NO INJURY / DRIVE AWAY,,"OVER $1,500",06/06/2023 09:30:00 PM,IMPROPER BACKING,UNABLE TO DETERMINE,,2,NO INDICATION OF INJURY,0.0,0.0,0.0,0.0,0.0,1.0,0.0,17,3,6,41.883100226,-87.634322682,POINT (-87.634322681805 41.883100225864),POINT (1174597.8796856476 1900766.8907995096),2023,215 W WASHINGTON ST
O1512021,DRIVER,580c2dc27b76539ca8c537d3eccb47149681a48991eacd3cbf682258a32b5276d5f490e18583b166de64cbd71f09b181877e0e032ad54d38d80701aa093d4724,1437581.0,M,,DEPLOYMENT UNKNOWN,UNKNOWN,"REPORTED, NOT EVIDENT",FOLLOWED TOO CLOSELY,UNKNOWN,UNKNOWN,,,,,2023-02-04 13:45:00,30,CLEAR,DAYLIGHT,REAR END,PARKING LOT,UNKNOWN,UNKNOWN,NOT ON SCENE (DESK REPORT),INJURY AND / OR TOW DUE TO CRASH,,"$501 - $1,500",02/05/2023 09:30:00 AM,FOLLOWING TOO CLOSELY,FOLLOWING TOO CLOSELY,,2,"REPORTED, NOT EVIDENT",2.0,0.0,0.0,0.0,2.0,0.0,0.0,13,7,2,41.809781935,-87.594138022,POINT (-87.594138021555 41.809781935496),POINT (1185770.6122066025 1874141.58838421),2023,1322 E 47TH ST
P346268,PASSENGER,657135558934fa63b7b16093dd37dc99999ddde02efd12e6120a01c0eda164d178885230f867e850e6951e29ce06589ca7ba3b70debdad8f0f2a1511f00fc741,1490457.0,F,16.0,NOT APPLICABLE,NONE,NO INDICATION OF INJURY,,,,,,,,2023-05-02 08:30:00,35,CLEAR,DAYLIGHT,REAR END,DIVIDED - W/MEDIAN (NOT RAISED),DRY,NO DEFECTS,ON SCENE,NO INJURY / DRIVE AWAY,,$500 OR LESS,05/02/2023 08:33:00 AM,UNABLE TO DETERMINE,NOT APPLICABLE,,2,NO INDICATION OF INJURY,0.0,0.0,0.0,0.0,0.0,3.0,0.0,8,3,5,41.793727692,-87.655009983,POINT (-87.655009982896 41.793727692254),POINT (1169221.6757627418 1868154.6550272088),2023,5500 S RACINE AVE
O1559673,DRIVER,965c9c69a84dfdc41d98951388cda5979f6b067ae6278cfa1882a62d9a4176718b370aba2eaf1b4209af2e44e42960cf215f0a1ed439cb72eb64b7da88a54362,1483522.0,F,76.0,DID NOT DEPLOY,NONE,NO INDICATION OF INJURY,FAILED TO YIELD,NOT OBSCURED,NORMAL,,,,,2023-04-21 13:00:00,30,CLEAR,DAYLIGHT,REAR END,T-INTERSECTION,DRY,NO DEFECTS,ON SCENE,INJURY AND / OR TOW DUE TO CRASH,,"OVER $1,500",04/21/2023 01:23:00 PM,FAILING TO REDUCE SPEED TO AVOID CRASH,UNABLE TO DETERMINE,,3,NO INDICATION OF INJURY,0.0,0.0,0.0,0.0,0.0,4.0,0.0,13,6,4,41.998329497,-87.657731464,POINT (-87.65773146376 41.998329496638),POINT (1167892.4551978582 1942705.7065802724),2023,1036 W SHERIDAN RD
O1723708,DRIVER,d147f230e11ad99f84d0daffa562672bb26495d975f15dc1c2b2b7c0dfa7f8399949eff25efb53a5b0d506faacb0c1ce6c30743b98fc83cf3fd222a103a717f1,1640872.0,M,22.0,NOT APPLICABLE,NONE,NO INDICATION OF INJURY,FAILED TO YIELD,NOT OBSCURED,NORMAL,,,,,2023-12-15 21:00:00,35,CLEAR,"DARKNESS, LIGHTED ROAD",SIDESWIPE SAME DIRECTION,NOT DIVIDED,DRY,NO DEFECTS,ON SCENE,NO INJURY / DRIVE AWAY,,"OVER $1,500",12/15/2023 09:18:00 PM,UNABLE TO DETERMINE,NOT APPLICABLE,,2,NO INDICATION OF INJURY,0.0,0.0,0.0,0.0,0.0,2.0,0.0,21,6,12,41.932863882,-87.647246082,POINT (-87.647246082179 41.932863882152),POINT (1170933.6389105092 1918872.4083927465),2023,714 W DIVERSEY PKWY
O1492755,DRIVER,652609710d778afc7f4fafc8cb65bb4385a59ac4e4825b5a1a3950acd7d2c58e1c283f5b7e752a2e4bac697bc382f7617cf839df99630973e738239e38da6f95,1419056.0,F,67.0,NOT APPLICABLE,NONE,NO INDICATION OF INJURY,NONE,NOT OBSCURED,NORMAL,,,,,2023-01-03 11:55:00,30,RAIN,DAYLIGHT,SIDESWIPE SAME DIRECTION,NOT DIVIDED,WET,NO DEFECTS,ON SCENE,INJURY AND / OR TOW DUE TO CRASH,,"OVER $1,500",01/03/2023 12:00:00 PM,UNABLE TO DETERMINE,UNABLE TO DETERMINE,,2,NO INDICATION OF INJURY,0.0,0.0,0.0,0.0,0.0,2.0,0.0,11,3,1,41.795661452,-87.763438014,POINT (-87.763438014196 41.795661452455),POINT (1139649.6941193263 1868644.6510743778),2023,5912 S ARCHER AVE
O1682595,DRIVER,6eb9541bbf575340f872b5d2fba27cda0a339d926383341cb3927b0fbfb19932260e81d9564fca08c4279b177efe3d3000d078422049b0b6625fc1dfc7980e04,1601431.0,M,,DEPLOYMENT UNKNOWN,NONE,NO INDICATION OF INJURY,FAILED TO YIELD,UNKNOWN,UNKNOWN,,,,,2023-10-15 21:00:00,30,CLEAR,"DARKNESS, LIGHTED ROAD",REAR END,DIVIDED - W/MEDIAN (NOT RAISED),DRY,NO DEFECTS,NOT ON SCENE (DESK REPORT),NO INJURY / DRIVE AWAY,Y,"OVER $1,500",10/15/2023 09:30:00 PM,FOLLOWING TOO CLOSELY,NOT APPLICABLE,,2,NO INDICATION OF INJURY,0.0,0.0,0.0,0.0,0.0,2.0,0.0,21,1,10,41.928006064,-87.746596643,POINT (-87.746596642746 41.928006064156),POINT (1143912.4552853438 1916901.5444748972),2023,2602 N CICERO AVE
O1620380,DRIVER,084be37dcf46ed4778e07973fbf9511216eae9ee5e049bb57c7ec4318355296d60ccd043c0d89f1b14d6bfb65248d15f35e2d9c0f000ca7ef56e46065f1aec8d,1541936.0,M,65.0,"DEPLOYED, FRONT",NONE,NO INDICATION OF INJURY,UNKNOWN,UNKNOWN,UNKNOWN,,,,,2023-07-18 10:40:00,30,CLEAR,DAYLIGHT,TURNING,T-INTERSECTION,DRY,UNKNOWN,ON SCENE,INJURY AND / OR TOW DUE TO CRASH,,"OVER $1,500",07/18/2023 10:43:00 AM,UNABLE TO DETERMINE,UNABLE TO DETERMINE,,2,NONINCAPACITATING INJURY,1.0,0.0,0.0,1.0,0.0,1.0,0.0,10,3,7,41.931727339,-87.740163746,POINT (-87.740163745958 41.931727338903),POINT (1145653.596982499 1918269.6268265797),2023,4522 W DIVERSEY AVE
O1540148,DRIVER,f1550c99fe46ee82abad220324b26c83e451dbe2bbc666ff2e670ee1403786dd542e307bb5563d9d4b83f0873cc8eb60b01d56aa157698091231354d5d3ff6d3,1464613.0,X,,DEPLOYMENT UNKNOWN,NONE,NO INDICATION OF INJURY,UNKNOWN,UNKNOWN,UNKNOWN,,,,,2023-03-17 23:25:00,30,CLEAR,"DARKNESS, LIGHTED ROAD",REAR END,NOT DIVIDED,DRY,NO DEFECTS,,NO INJURY / DRIVE AWAY,Y,"$501 - $1,500",03/17/2023 11:30:00 PM,FAILING TO REDUCE SPEED TO AVOID CRASH,NOT APPLICABLE,,2,NO INDICATION OF INJURY,0.0,0.0,0.0,0.0,0.0,2.0,0.0,23,6,3,41.750402834,-87.668231906,POINT (-87.668231906431 41.75040283364),POINT (1165738.2657161043 1852339.2462706307),2023,1758 W 79TH ST
O1609612,DRIVER,efb5d77444fa8f5eb13141ce9e5e9e754e748dbb1cb0c9a6983395ea02b85457362740a75d7e6fafcacc0ae754bb6e4f6e80f2a31c144a0551ff42ae35d8aa2b,1531713.0,X,,DEPLOYMENT UNKNOWN,NONE,NO INDICATION OF INJURY,UNKNOWN,UNKNOWN,UNKNOWN,,,,,2023-07-02 02:00:00,30,RAIN,"DARKNESS, LIGHTED ROAD",TURNING,"FIVE POINT, OR MORE",UNKNOWN,UNKNOWN,NOT ON SCENE (DESK REPORT),NO INJURY / DRIVE AWAY,Y,"OVER $1,500",07/02/2023 03:02:00 AM,UNABLE TO DETERMINE,UNABLE TO DETERMINE,,2,NO INDICATION OF INJURY,0.0,0.0,0.0,0.0,0.0,2.0,0.0,2,1,7,41.893256711,-87.637007797,POINT (-87.637007797127 41.893256711085),POINT (1173836.6577209237 1904461.9663525599),2023,336 W ONTARIO ST