PERSON_ID,PERSON_TYPE,CRASH_RECORD_ID,VEHICLE_ID,SEX,AGE,AIRBAG_DEPLOYED,EJECTION,INJURY_CLASSIFICATION,DRIVER_ACTION,DRIVER_VISION,PHYSICAL_CONDITION,PEDPEDAL_ACTION,PEDPEDAL_VISIBILITY,PEDPEDAL_LOCATION,CRASH_DATE_EST_I,CRASH_DATE,POSTED_SPEED_LIMIT,WEATHER_CONDITION,LIGHTING_CONDITION,FIRST_CRASH_TYPE,TRAFFICWAY_TYPE,ROADWAY_SURFACE_COND,ROAD_DEFECT,REPORT_TYPE,CRASH_TYPE,HIT_AND_RUN_I,DAMAGE,DATE_POLICE_NOTIFIED,PRIM_CONTRIBUTORY_CAUSE,SEC_CONTRIBUTORY_CAUSE,DOORING_I,NUM_UNITS,MOST_SEVERE_INJURY,INJURIES_TOTAL,INJURIES_FATAL,INJURIES_INCAPACITATING,INJURIES_NON_INCAPACITATING,INJURIES_REPORTED_NOT_EVIDENT,INJURIES_NO_INDICATION,INJURIES_UNKNOWN,CRASH_HOUR,CRASH_DAY_OF_WEEK,CRASH_MONTH,LATITUDE,LONGITUDE,LOCATION,geometry,YEAR,ADDRESS
P378841,PASSENGER,ae4db9f2d90820d4631084e7de4f817dfd8ee4792786e0f8dc9307ea029061230d49fb6a4d4d8ce590f021101af3dfff33b2872975f6efd38c41375c7073a1c1,1630273.0,M,,NOT APPLICABLE,NONE,NO INDICATION OF INJURY,,,,,,,,2023-11-29 18:17:00,30,CLEAR,"DARKNESS, LIGHTED ROAD",TURNING,FOUR WAY,DRY,NO DEFECTS,NOT ON SCENE (DESK REPORT),NO INJURY / DRIVE AWAY,Y,"OVER $1,500",11/29/2023 06:45:00 PM,DISREGARDING STOP SIGN,FAILING TO YIELD RIGHT-OF-WAY,,2,NO INDICATION OF INJURY,0.0,0.0,0.0,0.0,0.0,3.0,0.0,18,4,11,41.763290088,-87.644510925,POINT (-87.644510925186 41.763290088045),POINT (1172173.517789006 1857086.1786967593),2023,7200 S HALSTED ST
O1641431,DRIVER,e9ded505fc68988824b71c0332f27d7ecf300548f77694f93e2ba6cdfba2f5524af425ed4d07330cd617eb468318807bb6523639eee34bdcb5c78a75ede3521e,1562046.0,F,,DEPLOYMENT UNKNOWN,NONE,NO INDICATION OF INJURY,UNKNOWN,UNKNOWN,UNKNOWN,,,,Y,2023-08-18 10:00:00,30,CLEAR,DAYLIGHT,REAR END,OTHER,DRY,NO DEFECTS,,NO INJURY / DRIVE AWAY,Y,"OVER $1,500",08/18/2023 01:51:00 PM,UNABLE TO DETERMINE,UNABLE TO DETERMINE,,2,NO INDICATION OF INJURY,0.0,0.0,0.0,0.0,0.0,2.0,0.0,10,6,8,41.773378455,-87.637473902,POINT (-87.637473902149 41.773378454778),POINT (1174063.6173537031 1860777.7526613907),2023,515 W 66TH PL
O1661778,DRIVER,4f2c731dc8ddbc02f73e35fdf1b54db1d189f603b6e996c716c0f2a9934746a39de3c949b4f098d76dc724a3e5ad84193eaad2de3339d491890600e3564a8266,1581535.0,X,,DEPLOYMENT UNKNOWN,NONE,NO INDICATION OF INJURY,UNKNOWN,UNKNOWN,UNKNOWN,,,,,2023-09-15 01:00:00,10,CLEAR,"DARKNESS, LIGHTED ROAD",PARKED MOTOR VEHICLE,NOT DIVIDED,DRY,NO DEFECTS,NOT ON SCENE (DESK REPORT),NO INJURY / DRIVE AWAY,Y,"OVER $1,500",09/16/2023 12:15:00 AM,UNABLE TO DETERMINE,NOT APPLICABLE,,2,NO INDICATION OF INJURY,0.0,0.0,0.0,0.0,0.0,1.0,0.0,1,6,9,41.791825019,-87.704881481,POINT (-87.704881481114 41.791825019479),POINT (1155627.2441415696 1867357.972779808),2023,5556 S SAWYER AVE
O1531840,DRIVER,6fa471ea093f834678634c32f9337a90838d3b9ef55eeee18d37beff9c9e5c256aef475b0b1bb92a0f38e7cc54614df733a168ef8c309883c1c617972e5209bc,1456643.0,M,,DID NOT DEPLOY,NONE,NO INDICATION OF INJURY,OTHER,NOT OBSCURED,NORMAL,,,,,2023-03-08 17:50:00,30,CLEAR,DAYLIGHT,TURNING,OTHER,DRY,NO DEFECTS,NOT ON SCENE (DESK REPORT),NO INJURY / DRIVE AWAY,,"OVER $1,500",03/09/2023 11:20:00 AM,DRIVING SKILLS/KNOWLEDGE/EXPERIENCE,UNABLE TO DETERMINE,,2,NO INDICATION OF INJURY,0.0,0.0,0.0,0.0,0.0,2.0,0.0,17,4,3,41.867156189,-87.640867111,POINT (-87.640867110581 41.867156188799),POINT (1172862.6277038427 1894942.4545112343),2023,1200 S CLINTON ST
O1636909,DRIVER,621a7beeee94fbc87b2ffa8e221c977098fce3bcdb4b7cdaf51f32d4111979f29901a31d7e0dfc613d41bf61a749e7ab0c4ef009d7887076d33e113cbcfee9f4,1557698.0,F,20.0,"DEPLOYED, FRONT",NONE,"REPORTED, NOT EVIDENT",FAILED TO YIELD,UNKNOWN,UNKNOWN,,,,N,2023-08-11 13:45:00,30,UNKNOWN,DAYLIGHT,TURNING,FOUR WAY,UNKNOWN,UNKNOWN,NOT ON SCENE (DESK REPORT),INJURY AND / OR TOW DUE TO CRASH,,"$501 - $1,500",08/11/2023 01:48:00 PM,FAILING TO REDUCE SPEED TO AVOID CRASH,NOT APPLICABLE,,2,"REPORTED, NOT EVIDENT",3.0,0.0,0.0,0.0,3.0,1.0,0.0,13,6,8,41.736320168,-87.619453056,POINT (-87.619453056192 41.736320168463),POINT (1179091.348238216 1847314.318461936),2023,199 E 87TH ST
P341594,PASSENGER,fb155d64b5efdddc090ead29c19073e2d7dc42160ce0edc3bfad00fb5494aa63a77f354315ab5cd81d787bdad2156d2c2a640573d3aee01c87b461412233fb5d,1470371.0,M,9.0,DID NOT DEPLOY,NONE,NO INDICATION OF INJURY,,,,,,,,2023-03-31 15:59:00,25,RAIN,DAYLIGHT,SIDESWIPE SAME DIRECTION,DRIVEWAY,WET,UNKNOWN,ON SCENE,NO INJURY / DRIVE AWAY,,"OVER $1,500",03/31/2023 04:12:00 PM,IMPROPER TURNING/NO SIGNAL,NOT APPLICABLE,,2,NO INDICATION OF INJURY,0.0,0.0,0.0,0.0,0.0,6.0,0.0,15,6,3,41.876483709,-87.66536858,POINT (-87.665368579903 41.876483708982),POINT (1166162.4802148251 1898288.5068480128),2023,1526 W VAN BUREN ST
O1565429,DRIVER,a6d88e984c9d7592f142a74e4eba38ed0d489a66cbdf209d5f2e9c2b111808808538ad5c28dc5cb14f009b46ab92798649078a9d8c9c19b2ad22f9a4f3d87943,1489110.0,M,,DEPLOYMENT UNKNOWN,NONE,NO INDICATION OF INJURY,UNKNOWN,UNKNOWN,UNKNOWN,,,,Y,2023-04-30 03:25:00,30,CLEAR,"DARKNESS, LIGHTED ROAD",PARKED MOTOR VEHICLE,NOT DIVIDED,DRY,NO DEFECTS,ON SCENE,NO INJURY / DRIVE AWAY,Y,"$501 - $1,500",04/30/2023 03:25:00 AM,UNABLE TO DETERMINE,IMPROPER LANE USAGE,,2,NO INDICATION OF INJURY,0.0,0.0,0.0,0.0,0.0,1.0,0.0,3,1,4,41.9541787,-87.748810061,POINT (-87.748810060945 41.954178700436),POINT (1143245.10538901 1926434.7950225824),2023,4044 N MILWAUKEE AVE
O1705959,DRIVER,8ab23e5b103224aa8dbec68f3ebd9e3f1aa70b907a196de873f778fbdd48bf3ff64e44a3db5fae7c74b296a2601a5e29c19f7db4e3d012036cd43ad4a9314f8f,1623813.0,F,36.0,NOT APPLICABLE,NONE,NO INDICATION OF INJURY,NONE,NOT OBSCURED,NORMAL,,,,Y,2023-11-18 09:40:00,30,CLEAR,DAYLIGHT,REAR END,NOT DIVIDED,DRY,NO DEFECTS,NOT ON SCENE (DESK REPORT),NO INJURY / DRIVE AWAY,,"OVER $1,500",11/18/2023 10:10:00 AM,FOLLOWING TOO CLOSELY,FOLLOWING TOO CLOSELY,,2,NO INDICATION OF INJURY,0.0,0.0,0.0,0.0,0.0,2.0,0.0,9,7,11,41.986723756,-87.665360491,POINT (-87.665360490876 41.9867237559),POINT (1165851.7074464397 1938460.2354364928),2023,5764 N RIDGE AVE
O1550345,BICYCLE,d4eef2e73713a96eaf1e65933087934c66d084296eb53602ef6491418ea45392f8f4ba1f6922bff77132853a2943e2789e8ae6d0b991da3d9f11c7aa92572f29,,M,16.0,,UNKNOWN,NO INDICATION OF INJURY,OTHER,UNKNOWN,NORMAL,UNKNOWN/NA,NO CONTRASTING CLOTHING,IN ROADWAY,,2023-04-07 18:27:00,30,CLEAR,DAYLIGHT,PEDALCYCLIST,NOT DIVIDED,DRY,UNKNOWN,ON SCENE,NO INJURY / DRIVE AWAY,,$500 OR LESS,04/07/2023 06:28:00 PM,UNABLE TO DETERMINE,NOT APPLICABLE,,2,NO INDICATION OF INJURY,0.0,0.0,0.0,0.0,0.0,2.0,0.0,18,6,4,41.92310203,-87.765810802,POINT (-87.765810801961 41.92310202986),POINT (1138695.7176712542 1915079.3166656217),2023,2331 N CENTRAL AVE
O1575549,DRIVER,3a95e7624df904eb6979161c13f739dc4440f7dd20af2e8abaaba8026125b1cd895632096208bdb84e6968d290661fcf2bc68434e3a8f879ead738c707de7b59,1498927.0,M,56.0,NOT APPLICABLE,NONE,NO INDICATION OF INJURY,IMPROPER TURN,NOT OBSCURED,NORMAL,,,,,2023-05-14 09:25:00,30,RAIN,DAYLIGHT,TURNING,DIVIDED - W/MEDIAN (NOT RAISED),DRY,NO DEFECTS,ON SCENE,NO INJURY / DRIVE AWAY,N,"OVER $1,500",05/14/2023 09:35:00 AM,IMPROPER LANE USAGE,NOT APPLICABLE,,2,NO INDICATION OF INJURY,0.0,0.0,0.0,0.0,0.0,4.0,0.0,9,1,5,41.867028581,-87.647893223,POINT (-87.647893223407 41.867028580723),POINT (1170949.2295933298 1894880.5951825776),2023,825 W ROOSEVELT RD
O1634893,DRIVER,47377ff162d7209c3b992d5080c02641318b456f56c4a60ffb9022e0d401934376b7310a82e804e2f4514f0ddcf04c55d54c45db535cce6e5c3e3f38cacfba1a,1555761.0,M,59.0,DID NOT DEPLOY,NONE,NO INDICATION OF INJURY,FAILED TO YIELD,UNKNOWN,NORMAL,,,,,2023-08-08 12:30:00,30,CLEAR,DAYLIGHT,SIDESWIPE SAME DIRECTION,NOT DIVIDED,DRY,NO DEFECTS,ON SCENE,NO INJURY / DRIVE AWAY,,"OVER $1,500",08/08/2023 12:39:00 PM,FAILING TO YIELD RIGHT-OF-WAY,FAILING TO YIELD RIGHT-OF-WAY,,2,NO INDICATION OF INJURY,0.0,0.0,0.0,0.0,0.0,2.0,0.0,12,3,8,41.940063271,-87.651230823,POINT (-87.651230823464 41.940063270714),POINT (1169828.5155569778 1921487.232728245),2023,850 W BELMONT AVE
P359264,PASSENGER,fef3e8e8a86c98dd9e8860863be59c98d9e9ad3f84ac5859abd1402a192bb37023e5a774a37f1dd505e8537c771525c900c2acf64a1653e7ad0a025c9fdcc695,1545384.0,F,24.0,DID NOT DEPLOY,NONE,NO INDICATION OF INJURY,,,,,,,,2023-07-23 12:50:00,30,CLEAR,DAYLIGHT,PARKED MOTOR VEHICLE,NOT DIVIDED,UNKNOWN,UNKNOWN,NOT ON SCENE (DESK REPORT),NO INJURY / DRIVE AWAY,,"$501 - $1,500",07/23/2023 01:24:00 PM,DRIVING SKILLS/KNOWLEDGE/EXPERIENCE,UNABLE TO DETERMINE,,2,NO INDICATION OF INJURY,0.0,0.0,0.0,0.0,0.0,5.0,0.0,12,1,7,41.940771805,-87.644568342,POINT (-87.644568341778 41.940771804871),POINT (1171639.100969156 1921759.9185389602),2023,3222 N BROADWAY
O1702955,DRIVER,36ab1e5095aef67801e75e2a0407173b3e61406873d8e9cf735c4e6446d06084abcf765e8ad5aa886c4cf87bb9b7cdbdedc0dc939d05831ceb7a46910f41e832,1620905.0,M,24.0,DID NOT DEPLOY,NONE,NO INDICATION OF INJURY,TOO FAST FOR CONDITIONS,NOT OBSCURED,NORMAL,,,,,2023-11-14 06:50:00,30,CLEAR,DAYLIGHT,REAR END,NOT DIVIDED,DRY,NO DEFECTS,ON SCENE,NO INJURY / DRIVE AWAY,,"OVER $1,500",11/14/2023 06:57:00 AM,FAILING TO REDUCE SPEED TO AVOID CRASH,UNABLE TO DETERMINE,,2,NO INDICATION OF INJURY,0.0,0.0,0.0,0.0,0.0,2.0,0.0,6,3,11,41.799123881,-87.66457483,POINT (-87.664574830177 41.799123881382),POINT (1166598.1311574418 1870100.5570557134),2023,5211 S ASHLAND AVE
P379218,PASSENGER,b07191ff0b2a4b16b0f2da4e2f0a607939f9b16b5483f0eb50b6a28993b091a6f0d6c85f531e383c94bbcb2220d75bba92bdaf026ca91b9d6352a71bb342a2ac,1632047.0,X,,DID NOT DEPLOY,UNKNOWN,NO INDICATION OF INJURY,,,,,,,,2023-12-02 03:06:00,30,CLEAR,"DARKNESS, LIGHTED ROAD",FIXED OBJECT,DIVIDED - W/MEDIAN (NOT RAISED),WET,NO DEFECTS,ON SCENE,NO INJURY / DRIVE AWAY,,"OVER $1,500",12/02/2023 03:06:00 AM,UNABLE TO DETERMINE,NOT APPLICABLE,,2,NO INDICATION OF INJURY,0.0,0.0,0.0,0.0,0.0,3.0,0.0,3,7,12,41.931770048,-87.736878103,POINT (-87.736878102753 41.931770047674),POINT (1146547.5276596022 1918291.3924466688),2023,4400 W DIVERSEY AVE
O1533290,DRIVER,887b5fcbadc716c1422ec2f185a332226b2c27d4c7e504646bbfd1a0b1a9dfc94f18171df0014c6b0e0e13644f4db0b3fd081ae3b4a01d665b0f6656d19a6393,1458037.0,M,70.0,DID NOT DEPLOY,NONE,NO INDICATION OF INJURY,FAILED TO YIELD,NOT OBSCURED,NORMAL,,,,,2023-03-11 14:17:00,30,CLOUDY/OVERCAST,DAYLIGHT,SIDESWIPE OPPOSITE DIRECTION,NOT DIVIDED,DRY,UNKNOWN,ON SCENE,INJURY AND / OR TOW DUE TO CRASH,,"OVER $1,500",03/11/2023 02:17:00 PM,UNABLE TO DETERMINE,UNABLE TO DETERMINE,,2,NO INDICATION OF INJURY,0.0,0.0,0.0,0.0,0.0,3.0,0.0,14,7,3,41.928963052,-87.674502201,POINT (-87.674502200856 41.928963051631),POINT (1163528.1634663488 1917392.7674490055),2023,2614 N CLYBOURN AVE
O1714995,DRIVER,3290364ec8aa50bc8e1b5490d89238fc5ed8957f96b98d519e29f25d6b7ced14b0464ac5695352527f2630e6efebec35f6ee005a65f24033f1cce8a1c570a6f1,1632493.0,F,18.0,NOT APPLICABLE,NONE,NO INDICATION OF INJURY,FAILED TO YIELD,NOT OBSCURED,UNKNOWN,,,,,2023-12-02 17:47:00,30,CLEAR,"DARKNESS, LIGHTED ROAD",ANGLE,FOUR WAY,DRY,NO DEFECTS,ON SCENE,INJURY AND / OR TOW DUE TO CRASH,,"OVER $1,500",12/02/2023 06:23:00 PM,FAILING TO YIELD RIGHT-OF-WAY,NOT APPLICABLE,,2,NO INDICATION OF INJURY,0.0,0.0,0.0,0.0,0.0,3.0,0.0,17,7,12,41.842602526,-87.705127811,POINT (-87.705127810739 41.842602526365),POINT (1155424.7985902664 1885860.5338866243),2023,2700 S KEDZIE AVE
O1727009,DRIVER,a6f9b12a6d2f73efb027ac3986021255bd8ec4d3fa4ea19563ed3a8b912f5ead5917f5c2889357d7423f344ca817e71fb9a17e3cac57849e4aff4219cb2c0627,1644047.0,F,79.0,DID NOT DEPLOY,NONE,NO INDICATION OF INJURY,UNKNOWN,UNKNOWN,NORMAL,,,,,2023-12-20 18:22:00,15,CLEAR,DARKNESS,ANGLE,NOT DIVIDED,DRY,UNKNOWN,ON SCENE,INJURY AND / OR TOW DUE TO CRASH,,"OVER $1,500",12/20/2023 06:22:00 PM,NOT APPLICABLE,NOT APPLICABLE,,2,NO INDICATION OF INJURY,0.0,0.0,0.0,0.0,0.0,6.0,0.0,18,4,12,41.921905155,-87.636307125,POINT (-87.636307125196 41.921905154756),POINT (1173942.5967163434 1914903.0338516263),2023,2199 N LINCOLN PARK WEST
O1503281,DRIVER,af2df0cdb014db01717c20d01cfa7e0e8f96a74675b66ba7ba3761516aea84f2d47263026c09ef0c56c1c3e12f58e139058c0060531d464814093913acfa5867,1429197.0,M,24.0,DID NOT DEPLOY,NONE,NO INDICATION OF INJURY,TOO FAST FOR CONDITIONS,UNKNOWN,NORMAL,,,,,2023-01-22 17:40:00,30,SNOW,"DARKNESS, LIGHTED ROAD",PARKED MOTOR VEHICLE,NOT DIVIDED,WET,NO DEFECTS,ON SCENE,NO INJURY / DRIVE AWAY,,"OVER $1,500",01/22/2023 05:42:00 PM,DRIVING SKILLS/KNOWLEDGE/EXPERIENCE,NOT APPLICABLE,,3,NO INDICATION OF INJURY,0.0,0.0,0.0,0.0,0.0,1.0,0.0,17,1,1,41.964164964,-87.718275668,POINT (-87.718275668461 41.964164964166),POINT (1151524.6238868642 1930131.9530680939),2023,4542 N CENTRAL PARK AVE
O1502496,DRIVER,1370bb5410acb3a30eb421756e12ae48675dba65f15244ee9252d2628f945b9404b2804c0fda413017cab9fa7fea7e35dc37eee35e4231cf269ee6aa80c67f43,1428443.0,F,35.0,DID NOT DEPLOY,NONE,NO INDICATION OF INJURY,NONE,UNKNOWN,UNKNOWN,,,,,2023-01-20 22:00:00,30,CLEAR,DARKNESS,SIDESWIPE SAME DIRECTION,NOT DIVIDED,DRY,NO DEFECTS,NOT ON SCENE (DESK REPORT),INJURY AND / OR TOW DUE TO CRASH,Y,"OVER $1,500",01/21/2023 11:09:00 AM,FAILING TO REDUCE SPEED TO AVOID CRASH,UNABLE TO DETERMINE,,2,NO INDICATION OF INJURY,0.0,0.0,0.0,0.0,0.0,2.0,0.0,22,6,1,41.660206171,-87.586439219,POINT (-87.586439219373 41.660206171313),POINT (1188342.4830001907 1819655.7431636734),2023,1601 E 130TH ST
O1639719,DRIVER,95a93b8c1c8cfb985e54c08f8a41da6fad4e495434f7d123aa02435125e45de20117b88bed33b7fba9ed4d1087af4386b5d50dccc0aba4408fbe84b3c5b0de14,1560403.0,F,49.0,NOT APPLICABLE,NONE,NO INDICATION OF INJURY,IMPROPER LANE CHANGE,NOT OBSCURED,NORMAL,,,,,2023-08-05 18:00:00,30,CLEAR,DAYLIGHT,SIDESWIPE SAME DIRECTION,DIVIDED - W/MEDIAN (NOT RAISED),DRY,NO DEFECTS,NOT ON SCENE (DESK REPORT),NO INJURY / DRIVE AWAY,,"$501 - $1,500",08/15/2023 11:00:00 PM,IMPROPER TURNING/NO SIGNAL,UNABLE TO DETERMINE,,2,NO INDICATION OF INJURY,0.0,0.0,0.0,0.0,0.0,2.0,0.0,18,7,8,42.003548453,-87.660963407,POINT (-87.660963407182 42.003548452846),POINT (1166999.0077037013 1944600.6134070195),2023,6700 N SHERIDAN RD
O1678821,DRIVER,84ae90d024f6e363a55e8f9bc90a2d659d496b894711f9280238515c9cc9ee5a924297f97432ac0f8c77a9fcd9d5410c94e60296fc795e04d639926f4f17dfd3,1597810.0,M,54.0,DID NOT DEPLOY,NONE,NO INDICATION OF INJURY,NONE,NOT OBSCURED,NORMAL,,,,,2023-10-10 17:28:00,35,CLEAR,DAYLIGHT,ANGLE,OTHER,DRY,NO DEFECTS,ON SCENE,NO INJURY / DRIVE AWAY,,"$501 - $1,500",10/10/2023 05:31:00 PM,FAILING TO YIELD RIGHT-OF-WAY,UNABLE TO DETERMINE,,2,NO INDICATION OF INJURY,0.0,0.0,0.0,0.0,0.0,3.0,0.0,17,3,10,41.708022535,-87.559805654,POINT (-87.559805653853 41.708022534727),POINT (1195463.8437187173 1837143.6242096708),2023,10302 S TORRENCE AVE
O1715509,DRIVER,04f2ea9af0882f5a1ecd816d9378c38df55a788150065bfcdb34a221b09d315195ac250f56803d65fc3c0088c0c3643903b4351811d8d5b51fe4ae9ef4759ea2,1632977.0,X,,DEPLOYMENT UNKNOWN,NONE,NO INDICATION OF INJURY,UNKNOWN,UNKNOWN,UNKNOWN,,,,,2023-12-03 14:34:00,30,CLEAR,DAYLIGHT,REAR END,NOT DIVIDED,DRY,NO DEFECTS,ON SCENE,INJURY AND / OR TOW DUE TO CRASH,Y,"OVER $1,500",12/03/2023 03:25:00 PM,UNABLE TO DETERMINE,NOT APPLICABLE,,3,NO INDICATION OF INJURY,0.0,0.0,0.0,0.0,0.0,6.0,0.0,14,1,12,41.809125773,-87.626136163,POINT (-87.626136163395 41.809125772506),POINT (1177049.14370791 1873829.0771113515),2023,1 W 47TH ST
O1669839,DRIVER,b32c978a84d5cc301c88e3e7b0d1ea02fe9e1c848a3dbce46840ab95b773f54e4a36e6b9eaaf70653180a7d978337da8ff7bf34a5503278a76d196ad0c24ab50,1589269.0,F,34.0,NOT APPLICABLE,NONE,NO INDICATION OF INJURY,NONE,UNKNOWN,NORMAL,,,,,2023-09-27 08:05:00,30,UNKNOWN,DAYLIGHT,SIDESWIPE OPPOSITE DIRECTION,NOT DIVIDED,UNKNOWN,UNKNOWN,NOT ON SCENE (DESK REPORT),NO INJURY / DRIVE AWAY,,"$501 - $1,500",09/27/2023 04:05:00 PM,IMPROPER BACKING,IMPROPER BACKING,,2,NO INDICATION OF INJURY,0.0,0.0,0.0,0.0,0.0,2.0,0.0,8,4,9,41.809335409,-87.704170027,POINT (-87.704170026643 41.80933540945),POINT (1155774.5531961592 1873740.0661294253),2023,4618 S KEDZIE AVE
O1551950,DRIVER,7a74db6d859695ae52a58a3d378b1c55e9c92b299f5b2fe2b0dd71088ec2faf8ef8ac2f0d39910c6f823e5682e11b6c382a6bded2c99fabe40286bb6a815dc04,1476059.0,F,44.0,DID NOT DEPLOY,NONE,NO INDICATION OF INJURY,UNKNOWN,NOT OBSCURED,NORMAL,,,,,2023-04-09 20:45:00,30,CLEAR,DARKNESS,ANGLE,NOT DIVIDED,DRY,NO DEFECTS,NOT ON SCENE (DESK REPORT),NO INJURY / DRIVE AWAY,Y,"OVER $1,500",04/10/2023 03:15:00 PM,UNABLE TO DETERMINE,NOT APPLICABLE,,2,NO INDICATION OF INJURY,0.0,0.0,0.0,0.0,0.0,2.0,0.0,20,1,4,41.884114038,-87.660815707,POINT (-87.660815707206 41.884114038196),POINT (1167380.620498114 1901078.6736462126),2023,144 N ADA ST
O1576828,DRIVER,d0f467e0e3087131d315d1406638b077886a6d5707fa037d0a992ae4d12579fe3df098dabcab54bf4582f9e748e00b8111a0e688109d8726b9669e014c6a36b3,1500149.0,F,,DEPLOYMENT UNKNOWN,NONE,NO INDICATION OF INJURY,UNKNOWN,UNKNOWN,UNKNOWN,,,,,2023-05-16 08:05:00,30,CLEAR,DAYLIGHT,REAR END,NOT DIVIDED,DRY,NO DEFECTS,NOT ON SCENE (DESK REPORT),NO INJURY / DRIVE AWAY,Y,"OVER $1,500",05/16/2023 08:48:00 AM,UNABLE TO DETERMINE,NOT APPLICABLE,,2,NO INDICATION OF INJURY,0.0,0.0,0.0,0.0,0.0,2.0,0.0,8,3,5,41.873698456,-87.70115825,POINT (-87.701158249705 41.873698455701),POINT (1156423.007552194 1897199.7418755887),2023,600 S SACRAMENTO BLVD
O1521293,DRIVER,a39155f66c5171772e8b5a1d97a6838f6ce8a73fe95cfc80cde774fd8c25c98703c634cc35bb7ec7dece3dec55f2bdb2fd53a322bcc3b1106dacac014eb1de8e,1446480.0,M,52.0,NOT APPLICABLE,NONE,NO INDICATION OF INJURY,NONE,NOT OBSCURED,NORMAL,,,,,2023-02-20 13:45:00,30,CLEAR,DAYLIGHT,REAR END,NOT DIVIDED,DRY,NO DEFECTS,NOT ON SCENE (DESK REPORT),NO INJURY / DRIVE AWAY,Y,"$501 - $1,500",02/20/2023 02:15:00 PM,IMPROPER OVERTAKING/PASSING,IMPROPER OVERTAKING/PASSING,,2,NO INDICATION OF INJURY,0.0,0.0,0.0,0.0,0.0,2.0,0.0,13,2,2,41.861948835,-87.63922114,POINT (-87.639221139667 41.86194883473),POINT (1173326.2988256032 1893048.5249796542),2023,1458 S CANAL ST
O1708708,DRIVER,716332f5a25ae8ce6f052649fc8fba29c7fabd4f7bc3dd07ff73793f9b2e1d5fa04e93b08723a5c9e15402a98b82ada4464bc1b3914aba288e6a256fc43e8464,1626439.0,M,43.0,DID NOT DEPLOY,NONE,NO INDICATION OF INJURY,NONE,NOT OBSCURED,NORMAL,,,,,2023-11-22 15:07:00,30,CLEAR,DAYLIGHT,REAR END,NOT DIVIDED,DRY,NO DEFECTS,ON SCENE,INJURY AND / OR TOW DUE TO CRASH,,"OVER $1,500",11/22/2023 03:08:00 PM,FOLLOWING TOO CLOSELY,FOLLOWING TOO CLOSELY,,2,NO INDICATION OF INJURY,0.0,0.0,0.0,0.0,0.0,2.0,0.0,15,4,11,41.997168744,-87.745981329,POINT (-87.745981329474 41.997168744337),POINT (1143907.1354168518 1942105.813780902),2023,4701 W DEVON AVE
P354221,PASSENGER,ee3c0110fac3d27be67419f35c763f738a18c3891117a23e27148481df85bbbd8abf3db58de80e03f9391eaea168a33f7879eb80970b64aa13b614ead41d5cfb,1523798.0,M,,NOT APPLICABLE,NONE,NO INDICATION OF INJURY,,,,,,,,2023-06-19 12:15:00,30,CLEAR,DAYLIGHT,REAR END,NOT DIVIDED,DRY,NO DEFECTS,NOT ON SCENE (DESK REPORT),NO INJURY / DRIVE AWAY,,"OVER $1,500",06/19/2023 12:47:00 PM,FOLLOWING TOO CLOSELY,NOT APPLICABLE,,2,NO INDICATION OF INJURY,0.0,0.0,0.0,0.0,0.0,8.0,0.0,12,2,6,41.910944515,-87.648125189,POINT (-87.648125189303 41.910944515457),POINT (1170758.2571731387 1910883.0410368291),2023,1601 N HALSTED ST
P367559,PASSENGER,c27c17bd62b06ba471a33aa713c69585c709dd358a439e6018ad593874ac0f1104986e4e4127d21565dbcefe296f5b366c1844fd68da20edfe74c6560de74bb7,1580611.0,F,,DEPLOYMENT UNKNOWN,NONE,NO INDICATION OF INJURY,,,,,,,,2023-09-04 10:18:00,30,CLEAR,DAYLIGHT,PARKED MOTOR VEHICLE,ONE-WAY,DRY,NO DEFECTS,NOT ON SCENE (DESK REPORT),NO INJURY / DRIVE AWAY,Y,"OVER $1,500",09/14/2023 06:05:00 PM,NOT APPLICABLE,NOT APPLICABLE,,2,NO INDICATION OF INJURY,0.0,0.0,0.0,0.0,0.0,2.0,0.0,10,2,9,41.775908799,-87.741135882,POINT (-87.74113588209 41.775908798593),POINT (1145780.6627598181 1861488.0387817996),2023,6422 S KEATING AVE
O1609460,DRIVER,4238f254cdeb5d0f3a51f70ebc1071b91e84b99447519c0f839be61095dc7af3cc46ae7ccb4fc6cbb7231a4f24d88d3250f295a7bed8e5188bff61b1703ceea0,1531550.0,F,,DID NOT DEPLOY,NONE,NO INDICATION OF INJURY,NONE,UNKNOWN,NORMAL,,,,,2023-07-01 19:45:00,30,RAIN,DUSK,REAR END,NOT DIVIDED,UNKNOWN,UNKNOWN,NOT ON SCENE (DESK REPORT),NO INJURY / DRIVE AWAY,,"$501 - $1,500",07/01/2023 08:15:00 PM,UNABLE TO DETERMINE,NOT APPLICABLE,,2,NO INDICATION OF INJURY,0.0,0.0,0.0,0.0,0.0,2.0,0.0,19,7,7,41.902579983,-87.738667289,POINT (-87.738667288661 41.902579982953),POINT (1146134.4373637633 1907651.130835833),2023,4500 W DIVISION ST
O1655957,DRIVER,e4a8397560aea5b5cff96789ecefad0b4b0fde325b981506cb7d3c77585328769e94198609fbc7ea2d87da8ac8306dba8b1fbd4c5670466f50f40320ad8c5ebb,1575980.0,F,23.0,NOT APPLICABLE,UNKNOWN,NO INDICATION OF INJURY,UNKNOWN,UNKNOWN,NORMAL,,,,,2023-08-25 10:30:00,30,CLEAR,DAYLIGHT,ANGLE,NOT DIVIDED,DRY,NO DEFECTS,,NO INJURY / DRIVE AWAY,,"$501 - $1,500",08/25/2023 11:40:00 AM,UNABLE TO DETERMINE,UNABLE TO DETERMINE,,2,NO INDICATION OF INJURY,0.0,0.0,0.0,0.0,0.0,2.0,0.0,10,6,8,41.898965335,-87.648090264,POINT (-87.648090263609 41.898965334849),POINT (1170802.6342499012 1906517.8960211133),2023,900 N NORTH BRANCH ST