PERSON_ID,PERSON_TYPE,CRASH_RECORD_ID,VEHICLE_ID,SEX,AGE,AIRBAG_DEPLOYED,EJECTION,INJURY_CLASSIFICATION,DRIVER_ACTION,DRIVER_VISION,PHYSICAL_CONDITION,PEDPEDAL_ACTION,PEDPEDAL_VISIBILITY,PEDPEDAL_LOCATION,CRASH_DATE_EST_I,CRASH_DATE,POSTED_SPEED_LIMIT,WEATHER_CONDITION,LIGHTING_CONDITION,FIRST_CRASH_TYPE,TRAFFICWAY_TYPE,ROADWAY_SURFACE_COND,ROAD_DEFECT,REPORT_TYPE,CRASH_TYPE,HIT_AND_RUN_I,DAMAGE,DATE_POLICE_NOTIFIED,PRIM_CONTRIBUTORY_CAUSE,SEC_CONTRIBUTORY_CAUSE,DOORING_I,NUM_UNITS,MOST_SEVERE_INJURY,INJURIES_TOTAL,INJURIES_FATAL,INJURIES_INCAPACITATING,INJURIES_NON_INCAPACITATING,INJURIES_REPORTED_NOT_EVIDENT,INJURIES_NO_INDICATION,INJURIES_UNKNOWN,CRASH_HOUR,CRASH_DAY_OF_WEEK,CRASH_MONTH,LATITUDE,LONGITUDE,LOCATION,geometry,YEAR,ADDRESS
O1693073,DRIVER,b88d282c3e12348db4a82c5a480265b3550e7d83d7fcbb0b4e5fc9b8d7876f7cac8d1b97357df219fcc6094b5b26b5f37e9e6ff8f34b81c51cd256af3021156d,1611468.0,F,,DEPLOYMENT UNKNOWN,NONE,NO INDICATION OF INJURY,UNKNOWN,UNKNOWN,UNKNOWN,,,,,2023-10-30 17:10:00,30,CLEAR,DAYLIGHT,TURNING,"FIVE POINT, OR MORE",DRY,NO DEFECTS,ON SCENE,INJURY AND / OR TOW DUE TO CRASH,Y,"OVER $1,500",10/30/2023 05:15:00 PM,UNABLE TO DETERMINE,UNABLE TO DETERMINE,,2,NO INDICATION OF INJURY,0.0,0.0,0.0,0.0,0.0,3.0,0.0,17,2,10,41.744588411,-87.575712531,POINT (-87.575712530571 41.744588410981),POINT (1191003.1261258612 1850429.251402845),2023,8299 S JEFFERY BLVD
O1499473,DRIVER,e8a220c609729b0a8c2dc20de176809f9591a72eb2fbb522ddfe6ec51202b53162af7d90c5bff662b241cd8123a03acf8d314a4faaf328b994647e6e7dfa7289,1425536.0,M,61.0,DID NOT DEPLOY,NONE,NO INDICATION OF INJURY,UNKNOWN,NOT OBSCURED,NORMAL,,,,,2023-01-16 05:40:00,30,CLEAR,"DARKNESS, LIGHTED ROAD",SIDESWIPE SAME DIRECTION,NOT DIVIDED,DRY,UNKNOWN,ON SCENE,NO INJURY / DRIVE AWAY,Y,$500 OR LESS,01/16/2023 05:40:00 AM,DRIVING SKILLS/KNOWLEDGE/EXPERIENCE,NOT APPLICABLE,,2,NO INDICATION OF INJURY,0.0,0.0,0.0,0.0,0.0,2.0,0.0,5,2,1,41.877338382,-87.714442669,POINT (-87.714442669038 41.877338381807),POINT (1152795.4136097857 1898499.7574816546),2023,3522 W JACKSON BLVD
O1585060,DRIVER,a381364ba3349c0012c56546274f6c62e6da46bb8b1c2646da5c2352fab008b7c671befaee63d4d95d737abb774c44d9c7ae025897288e9c0ed60022f602b448,1508132.0,M,32.0,DID NOT DEPLOY,NONE,NO INDICATION OF INJURY,NONE,NOT OBSCURED,NORMAL,,,,,2023-05-27 16:00:00,30,CLEAR,DAYLIGHT,REAR END,NOT DIVIDED,DRY,NO DEFECTS,NOT ON SCENE (DESK REPORT),NO INJURY / DRIVE AWAY,,"OVER $1,500",05/27/2023 04:20:00 PM,DRIVING SKILLS/KNOWLEDGE/EXPERIENCE,NOT APPLICABLE,,2,NO INDICATION OF INJURY,0.0,0.0,0.0,0.0,0.0,3.0,0.0,16,7,5,41.830971051,-87.619470765,POINT (-87.619470765411 41.830971050512),POINT (1178800.1680830307 1881804.422845111),2023,259 E 35TH ST
O1635846,DRIVER,14eb5b91dc54a43c322a62386de5032e15d3f9ae6d8002a64004d8317c08e6bce27161e488ce0b993bbb224303f687e1ed5f7229d330d9ac741e64aa9a409bcb,1556678.0,F,38.0,DID NOT DEPLOY,UNKNOWN,NO INDICATION OF INJURY,NONE,NOT OBSCURED,NORMAL,,,,,2023-08-08 10:30:00,25,CLEAR,DAYLIGHT,REAR TO FRONT,DIVIDED - W/MEDIAN (NOT RAISED),DRY,NO DEFECTS,NOT ON SCENE (DESK REPORT),NO INJURY / DRIVE AWAY,,"OVER $1,500",08/09/2023 12:30:00 PM,UNABLE TO DETERMINE,UNABLE TO DETERMINE,,2,NO INDICATION OF INJURY,0.0,0.0,0.0,0.0,0.0,2.0,0.0,10,3,8,41.923837358,-87.713565551,POINT (-87.71356555075 41.923837357523),POINT (1152911.8742302791 1915445.7002124726),2023,2333 N ST LOUIS AVE
O1562186,DRIVER,cc2975d77418117eaeebf1e6860a8e86ade8acf8c9dc8120caa3c380f5a962a1c441d7374424f007b79dfb7864e7418691179f442d461becb2af343722830129,1486007.0,F,51.0,DEPLOYMENT UNKNOWN,UNKNOWN,NO INDICATION OF INJURY,NONE,NOT OBSCURED,NORMAL,,,,,2023-04-25 08:10:00,30,CLEAR,DAYLIGHT,ANGLE,NOT DIVIDED,WET,OTHER,NOT ON SCENE (DESK REPORT),NO INJURY / DRIVE AWAY,Y,"OVER $1,500",04/25/2023 11:30:00 AM,UNABLE TO DETERMINE,UNABLE TO DETERMINE,,2,NO INDICATION OF INJURY,0.0,0.0,0.0,0.0,0.0,2.0,0.0,8,3,4,41.787591581,-87.586772754,POINT (-87.586772753815 41.787591580672),POINT (1187848.7846162713 1866072.901841847),2023,5900 S STONY ISLAND AVE
O1665477,DRIVER,75d03754b4641a0a12315ea709b0e93cada8ba646c2393c72a88df7e3c16a8db000cfef17280184d14ce1cbbd56ee91edaa04afcfbdcbd8914ce749d5d10089d,1585079.0,F,,DEPLOYMENT UNKNOWN,NONE,NO INDICATION OF INJURY,OTHER,UNKNOWN,UNKNOWN,,,,,2023-09-20 18:45:00,30,CLEAR,DAWN,PARKED MOTOR VEHICLE,NOT DIVIDED,DRY,NO DEFECTS,ON SCENE,NO INJURY / DRIVE AWAY,Y,"OVER $1,500",09/20/2023 07:05:00 PM,UNABLE TO DETERMINE,NOT APPLICABLE,,2,NO INDICATION OF INJURY,0.0,0.0,0.0,0.0,0.0,2.0,0.0,18,4,9,41.884501032,-87.731651264,POINT (-87.731651263707 41.884501031789),POINT (1148090.597925717 1901076.4923636958),2023,4223 W MAYPOLE AVE
O1632739,DRIVER,9c72089fa6b31e8d1c87f31af09cc173605af7528d3829a92686c85264a906aa84110bad1dc4eb15931eb0b96a6003670edba3f1f65eb497e9e6e8d6e9d95ed0,1553692.0,F,32.0,DEPLOYMENT UNKNOWN,UNKNOWN,NO INDICATION OF INJURY,UNKNOWN,UNKNOWN,NORMAL,,,,,2023-08-04 10:50:00,30,CLEAR,DAYLIGHT,REAR TO FRONT,UNKNOWN INTERSECTION TYPE,UNKNOWN,UNKNOWN,NOT ON SCENE (DESK REPORT),NO INJURY / DRIVE AWAY,,$500 OR LESS,08/04/2023 11:25:00 AM,UNABLE TO DETERMINE,UNABLE TO DETERMINE,,2,NO INDICATION OF INJURY,0.0,0.0,0.0,0.0,0.0,2.0,0.0,10,6,8,41.976265004,-87.656378053,POINT (-87.656378052985 41.976265004371),POINT (1168323.895536505 1934668.1846895907),2023,1035 W FOSTER AVE
O1704605,DRIVER,1bd079dd2aedbc20c7e8463ae11c1aae3968be98bb0abd9bafdc42c023cd50a04263b8f17a42c460f28eeb73987036ad2ade022d6eaea5efbc19dec51545644b,1622497.0,M,37.0,NOT APPLICABLE,NONE,NO INDICATION OF INJURY,NONE,NOT OBSCURED,NORMAL,,,,,2023-11-07 01:27:00,35,CLEAR,"DARKNESS, LIGHTED ROAD",ANGLE,T-INTERSECTION,DRY,NO DEFECTS,NOT ON SCENE (DESK REPORT),NO INJURY / DRIVE AWAY,Y,"OVER $1,500",11/16/2023 01:30:00 AM,FAILING TO YIELD RIGHT-OF-WAY,UNABLE TO DETERMINE,,2,NO INDICATION OF INJURY,0.0,0.0,0.0,0.0,0.0,3.0,0.0,1,3,11,41.960937711,-87.738496884,POINT (-87.738496884005 41.960937710781),POINT (1146033.2879934367 1928917.1026279263),2023,4400 W MONTROSE AVE
O1625404,DRIVER,3b7fa0047ef0a8214162b0dcf4e3cd659f514f0ac90b30d8225ef8451474c806851eb41b1239cb74bfd2ccdb7d0a6ecac2a38d1a019b9ec25366959b612edfc4,1546735.0,M,,DEPLOYMENT UNKNOWN,NONE,NO INDICATION OF INJURY,NONE,UNKNOWN,UNKNOWN,,,,,2023-07-25 11:15:00,25,CLEAR,DAYLIGHT,REAR TO SIDE,PARKING LOT,DRY,NO DEFECTS,NOT ON SCENE (DESK REPORT),NO INJURY / DRIVE AWAY,Y,"$501 - $1,500",07/25/2023 04:54:00 PM,NOT APPLICABLE,IMPROPER BACKING,,2,NO INDICATION OF INJURY,0.0,0.0,0.0,0.0,0.0,2.0,0.0,11,3,7,41.844532227,-87.711954062,POINT (-87.711954062319 41.844532226746),POINT (1153559.6710790033 1886550.1783291018),2023,3450 W 26TH ST
O1605268,DRIVER,a3f62fe9d4d1e5532ae71d331955cb841a21c2d6c56c5f0b0a90b6d2db0aae570f9c538e863c3225807413abb5532a50c700ab5f3f61e08cae9336695148f2e6,1527507.0,M,46.0,DID NOT DEPLOY,NONE,NO INDICATION OF INJURY,NONE,NOT OBSCURED,NORMAL,,,,,2023-06-25 13:30:00,30,CLEAR,DAWN,REAR END,DIVIDED - W/MEDIAN BARRIER,DRY,NO DEFECTS,NOT ON SCENE (DESK REPORT),NO INJURY / DRIVE AWAY,,$500 OR LESS,06/25/2023 01:45:00 PM,UNABLE TO DETERMINE,NOT APPLICABLE,,2,NO INDICATION OF INJURY,0.0,0.0,0.0,0.0,0.0,2.0,0.0,13,1,6,41.778501794,-87.606035086,POINT (-87.606035086379 41.778501794315),POINT (1182623.6282758708 1862715.617904791),2023,6400 S COTTAGE GROVE AVE
O1660410,DRIVER,8701f0917330b35da9a9f337c0ccb89e9b6ca0d1c24b9e70e5c72413a033ca5fd9c81766ad674385f077d481e26331954fb3bf031dea12826b460a2857aea514,1580242.0,M,17.0,DEPLOYMENT UNKNOWN,NONE,NO INDICATION OF INJURY,NONE,NOT OBSCURED,NORMAL,,,,,2023-09-14 09:00:00,30,CLEAR,DAYLIGHT,SIDESWIPE SAME DIRECTION,DIVIDED - W/MEDIAN BARRIER,UNKNOWN,UNKNOWN,NOT ON SCENE (DESK REPORT),NO INJURY / DRIVE AWAY,,"$501 - $1,500",09/14/2023 09:20:00 AM,UNABLE TO DETERMINE,UNABLE TO DETERMINE,,2,NO INDICATION OF INJURY,0.0,0.0,0.0,0.0,0.0,2.0,0.0,9,5,9,41.762719306,-87.741712352,POINT (-87.741712351736 41.762719305556),POINT (1145656.4807513116 1856680.8192451529),2023,7145 S CICERO AVE
O1729990,DRIVER,f332cdc789d8502d53378e49d64439096edcc31137e04d35b87034a2c3e7c953849811e28421945719a390616b21436f8b8da8618c4ff986c2c7e34086baec50,1646921.0,X,,DEPLOYMENT UNKNOWN,NONE,NO INDICATION OF INJURY,UNKNOWN,UNKNOWN,UNKNOWN,,,,,2023-12-25 17:38:00,30,RAIN,"DARKNESS, LIGHTED ROAD",SIDESWIPE SAME DIRECTION,NOT DIVIDED,WET,NO DEFECTS,NOT ON SCENE (DESK REPORT),NO INJURY / DRIVE AWAY,Y,"OVER $1,500",12/25/2023 06:14:00 PM,NOT APPLICABLE,NOT APPLICABLE,,2,NO INDICATION OF INJURY,0.0,0.0,0.0,0.0,0.0,2.0,0.0,17,2,12,41.750169813,-87.690061722,POINT (-87.690061721598 41.750169813126),POINT (1159782.1026041466 1852209.0448566817),2023,2632 W 79TH ST
O1608509,DRIVER,eaca56177c3e3bb3c1624eae51708e8c4306dc2858bd199106545b392414b359cb2de787135152a0d00ae41d7b3b1234d6f0e9520c70db562becfce73acd66b1,1530645.0,F,76.0,NOT APPLICABLE,NONE,NO INDICATION OF INJURY,UNKNOWN,UNKNOWN,UNKNOWN,,,,,2023-06-30 13:30:00,30,CLEAR,DAYLIGHT,TURNING,FOUR WAY,DRY,UNKNOWN,NOT ON SCENE (DESK REPORT),NO INJURY / DRIVE AWAY,,"OVER $1,500",06/30/2023 02:00:00 PM,UNABLE TO DETERMINE,NOT APPLICABLE,,2,NO INDICATION OF INJURY,0.0,0.0,0.0,0.0,0.0,2.0,0.0,13,6,6,41.954124675,-87.678897477,POINT (-87.678897477238 41.954124674803),POINT (1162262.13431205 1926552.570800515),2023,4000 N LINCOLN AVE
O1675017,DRIVER,8dc8ea042f585334a06f50c1a9f33c7b4908edfc42dc833b2861806660f47d486066b6f86b179be4078ece639248a0f4fdcb2ba2c923fbb5d4bc0272e9abc4e3,1594191.0,X,,DEPLOYMENT UNKNOWN,UNKNOWN,NO INDICATION OF INJURY,UNKNOWN,UNKNOWN,UNKNOWN,,,,Y,2023-10-04 22:44:00,30,RAIN,DARKNESS,PARKED MOTOR VEHICLE,PARKING LOT,WET,NO DEFECTS,ON SCENE,NO INJURY / DRIVE AWAY,,"OVER $1,500",10/04/2023 11:55:00 PM,UNABLE TO DETERMINE,UNABLE TO DETERMINE,,2,NO INDICATION OF INJURY,0.0,0.0,0.0,0.0,0.0,1.0,0.0,22,4,10,41.881241457,-87.674282534,POINT (-87.674282533953 41.881241456803),POINT (1163721.542697952 1900003.457400279),2023,1901 W MADISON ST
O1718641,DRIVER,897998194f34b6e6ec6dc283c62293004abd25b3b6af6fbcbc1087ff17029353565631117f966be018800671783576e1d44d67f1cca3f5b10e3b456151309a75,1635991.0,M,48.0,NOT APPLICABLE,NONE,NO INDICATION OF INJURY,NONE,NOT OBSCURED,NORMAL,,,,,2023-12-08 11:14:00,25,CLEAR,DAYLIGHT,REAR END,NOT DIVIDED,DRY,NO DEFECTS,ON SCENE,NO INJURY / DRIVE AWAY,,"$501 - $1,500",12/08/2023 12:07:00 PM,UNABLE TO DETERMINE,UNABLE TO DETERMINE,,2,NO INDICATION OF INJURY,0.0,0.0,0.0,0.0,0.0,3.0,0.0,11,6,12,41.9000977,-87.628441852,POINT (-87.628441851519 41.900097699756),POINT (1176148.415943913 1906973.8685300166),2023,934 N STATE ST
O1562424,DRIVER,95f99db361020fadb11f3871e5bb8890bee19c51294bc01ca1d209c7a793f98074f002b1b9a3b081dfe16ccbe44c02705edf53614057c0ce81cf6bd447f06f46,1486195.0,M,29.0,NOT APPLICABLE,NONE,NO INDICATION OF INJURY,NONE,NOT OBSCURED,NORMAL,,,,,2023-04-25 16:40:00,30,CLEAR,DAYLIGHT,TURNING,FOUR WAY,DRY,NO DEFECTS,ON SCENE,NO INJURY / DRIVE AWAY,,"$501 - $1,500",04/25/2023 04:45:00 PM,FOLLOWING TOO CLOSELY,ROAD CONSTRUCTION/MAINTENANCE,,2,NO INDICATION OF INJURY,0.0,0.0,0.0,0.0,0.0,2.0,0.0,16,3,4,41.903036291,-87.696758015,POINT (-87.696758015457 41.903036291196),POINT (1157542.109129238 1907899.282620254),2023,2758 W DIVISION ST
O1519983,DRIVER,c0d7b7717b19abc5ebccb8f1a4a302f06bc070c013f95407733145744d48accd9a2849a1ec4fdf661c176817f5d85bbbb2f1053b884d15353b3a6d4294428bf5,1445202.0,M,33.0,NOT APPLICABLE,NONE,NO INDICATION OF INJURY,NONE,NOT OBSCURED,NORMAL,,,,,2023-02-17 06:12:00,30,SNOW,DAYLIGHT,TURNING,T-INTERSECTION,SNOW OR SLUSH,NO DEFECTS,,INJURY AND / OR TOW DUE TO CRASH,,"OVER $1,500",02/17/2023 07:10:00 AM,UNABLE TO DETERMINE,UNABLE TO DETERMINE,,2,NO INDICATION OF INJURY,0.0,0.0,0.0,0.0,0.0,2.0,0.0,6,6,2,41.794670385,-87.630547476,POINT (-87.630547476056 41.794670384689),POINT (1175889.5743974 1868551.7505119417),2023,200 W GARFIELD BLVD
O1647886,DRIVER,8cd47eb6ae8f18ea3a0e7cdb86e8251d66f91dad7a0d709ed2f9463c9c3dddef45072df1dabf5aa47f274377c4aa21821b90beec00eed96d1c34b6303eaf67e3,1568214.0,F,48.0,NOT APPLICABLE,NONE,NO INDICATION OF INJURY,OTHER,NOT OBSCURED,NORMAL,,,,,2023-08-27 15:30:00,15,CLEAR,DAYLIGHT,REAR TO FRONT,NOT DIVIDED,DRY,NO DEFECTS,NOT ON SCENE (DESK REPORT),NO INJURY / DRIVE AWAY,Y,"$501 - $1,500",08/27/2023 03:50:00 PM,IMPROPER BACKING,IMPROPER BACKING,,2,NO INDICATION OF INJURY,0.0,0.0,0.0,0.0,0.0,3.0,0.0,15,1,8,41.722263198,-87.582917635,POINT (-87.582917634619 41.722263198134),POINT (1189107.7842074996 1842276.9269041175),2023,1655 E 95TH ST
O1707530,DRIVER,75959b35e3bb17cc7515cd62d2add0441b55657cac463848e65a8df13e74074af3fad4698204923b8d56dfd086cce0fe9cb9353e672d08efdcb2f8bfd8b87f15,1625305.0,M,29.0,DID NOT DEPLOY,NONE,NO INDICATION OF INJURY,NONE,UNKNOWN,NORMAL,,,,,2023-11-20 17:30:00,30,CLEAR,"DARKNESS, LIGHTED ROAD",REAR END,PARKING LOT,DRY,NO DEFECTS,NOT ON SCENE (DESK REPORT),NO INJURY / DRIVE AWAY,,"OVER $1,500",11/20/2023 05:45:00 PM,IMPROPER BACKING,NOT APPLICABLE,,2,NO INDICATION OF INJURY,0.0,0.0,0.0,0.0,0.0,2.0,0.0,17,2,11,41.925212328,-87.671925425,POINT (-87.671925425136 41.925212327594),POINT (1164239.8903229516 1916031.3951429557),2023,1730 W FULLERTON AVE
O1551554,DRIVER,8f7468ade34392da8c327da0a9361690773eb13daf45d94145bd0481b97bbd78d66689ab0ebc34326fa066dbdb0ee5fd15993d1e30f602207a7dc37ad874895a,1475670.0,M,57.0,DID NOT DEPLOY,NONE,NO INDICATION OF INJURY,OTHER,NOT OBSCURED,NORMAL,,,,,2023-04-09 20:44:00,30,CLEAR,"DARKNESS, LIGHTED ROAD",PARKED MOTOR VEHICLE,DIVIDED - W/MEDIAN (NOT RAISED),DRY,NO DEFECTS,ON SCENE,NO INJURY / DRIVE AWAY,,"OVER $1,500",04/09/2023 09:50:00 PM,DRIVING SKILLS/KNOWLEDGE/EXPERIENCE,NOT APPLICABLE,,2,NO INDICATION OF INJURY,0.0,0.0,0.0,0.0,0.0,1.0,0.0,20,1,4,41.704306445,-87.624629706,POINT (-87.624629705937 41.704306444703),POINT (1177774.493192997 1835637.184394737),2023,33 W 104TH PL
O1618942,DRIVER,564daa4457aa4348a89c884649b3b4ea891e583c73b440c095b105209b015ad223c74cc457f30ab88189e04f09a74bee4a7325c6df686840595204ea4bfb4dff,1540563.0,M,24.0,DID NOT DEPLOY,NONE,NO INDICATION OF INJURY,NONE,NOT OBSCURED,NORMAL,,,,,2023-07-16 01:50:00,30,CLEAR,"DARKNESS, LIGHTED ROAD",REAR END,NOT DIVIDED,DRY,NO DEFECTS,ON SCENE,NO INJURY / DRIVE AWAY,Y,"OVER $1,500",07/16/2023 02:07:00 AM,FOLLOWING TOO CLOSELY,DRIVING SKILLS/KNOWLEDGE/EXPERIENCE,,2,NO INDICATION OF INJURY,0.0,0.0,0.0,0.0,0.0,2.0,0.0,1,1,7,41.953651324,-87.736936091,POINT (-87.736936091454 41.953651324146),POINT (1146476.2719632308 1926264.8704760217),2023,4334 W IRVING PARK RD
O1659008,DRIVER,4e9a88ac6447b2c22672fc483954f5ac1e8dd8dbabe101c1d26bb4e5e5f2e5e24213a21c2e4573d57877877af6ccc71fe56087c06b9b7447891f5b6d105c2bf8,1578885.0,F,26.0,NOT APPLICABLE,NONE,NO INDICATION OF INJURY,UNKNOWN,NOT OBSCURED,NORMAL,,,,,2023-09-12 08:45:00,25,CLEAR,DAYLIGHT,TURNING,ONE-WAY,DRY,NO DEFECTS,ON SCENE,NO INJURY / DRIVE AWAY,,"OVER $1,500",09/12/2023 08:51:00 AM,IMPROPER LANE USAGE,IMPROPER LANE USAGE,,2,NO INDICATION OF INJURY,0.0,0.0,0.0,0.0,0.0,4.0,0.0,8,3,9,41.881925547,-87.627866639,POINT (-87.627866639431 41.881925547425),POINT (1176359.4558199958 1900353.224746018),2023,1 W MADISON ST
O1521153,DRIVER,fd9202d4e57b442f4b253bd6e9f395be172beaf35db750e73d7948d1d48c965294046dd469572abbbf78e8b1e681ace737ccc2e3495315bf2ac37436820538f7,1446326.0,M,,DEPLOYMENT UNKNOWN,NONE,NO INDICATION OF INJURY,IMPROPER TURN,UNKNOWN,UNKNOWN,,,,,2023-02-19 20:20:00,30,CLEAR,DAYLIGHT,TURNING,NOT DIVIDED,DRY,NO DEFECTS,NOT ON SCENE (DESK REPORT),NO INJURY / DRIVE AWAY,Y,"OVER $1,500",02/20/2023 10:20:00 AM,UNABLE TO DETERMINE,UNABLE TO DETERMINE,,2,NO INDICATION OF INJURY,0.0,0.0,0.0,0.0,0.0,4.0,0.0,20,1,2,41.89583344,-87.62990602,POINT (-87.62990601975 41.895833439538),POINT (1175762.5518023332 1905416.6988733932),2023,732 N DEARBORN ST
O1562771,DRIVER,d250f8e61527264609ec3c2aaa98ce2ecbf98e630ba8f84b3ac9739a2a6a22718a45a10f9a702bb1ba61e715627820dcec87186dc8b88bed73252fbafdbb7036,1486534.0,M,20.0,DID NOT DEPLOY,NONE,NO INDICATION OF INJURY,FOLLOWED TOO CLOSELY,UNKNOWN,UNKNOWN,,,,,2023-04-26 09:05:00,30,CLEAR,DAYLIGHT,REAR END,FOUR WAY,DRY,NO DEFECTS,NOT ON SCENE (DESK REPORT),NO INJURY / DRIVE AWAY,,"OVER $1,500",04/26/2023 09:30:00 AM,FOLLOWING TOO CLOSELY,UNABLE TO DETERMINE,,2,NO INDICATION OF INJURY,0.0,0.0,0.0,0.0,0.0,2.0,0.0,9,4,4,41.875499909,-87.63075825,POINT (-87.63075824989 41.875499909006),POINT (1175591.1891866343 1898005.267963794),2023,101 W CONGRESS PKWY
P341821,PASSENGER,a28b58cc01ab4c81a40477414c0bc3fff69b9afa137ff9f304fa2e58c5bf5c73b8dfd074988fc75018be1800c9d5fe1ef7d6c32cb84c9baa9f4655d06190619b,1471223.0,F,25.0,NOT APPLICABLE,NONE,NO INDICATION OF INJURY,,,,,,,,2023-04-02 02:05:00,30,CLEAR,"DARKNESS, LIGHTED ROAD",PARKED MOTOR VEHICLE,PARKING LOT,DRY,NO DEFECTS,ON SCENE,NO INJURY / DRIVE AWAY,Y,"$501 - $1,500",04/02/2023 02:38:00 AM,UNABLE TO DETERMINE,DRIVING SKILLS/KNOWLEDGE/EXPERIENCE,,2,NO INDICATION OF INJURY,0.0,0.0,0.0,0.0,0.0,2.0,0.0,2,1,4,41.917216201,-87.72641457,POINT (-87.726414569839 41.917216200554),POINT (1149432.239315872 1913007.933309829),2023,2001 N PULASKI RD
O1503088,DRIVER,b264cb349f64043b5ead11efb592167e14be1e9f60c3e04f0af3960cc4b8f4d974562259cfa5ababdaf90d9d8fb6776709fa4d73cd3dae8d6c5413da8dff2dd2,1429006.0,F,39.0,DID NOT DEPLOY,NONE,NO INDICATION OF INJURY,NONE,NOT OBSCURED,NORMAL,,,,,2023-01-19 17:23:00,30,RAIN,DAYLIGHT,REAR END,DIVIDED - W/MEDIAN (NOT RAISED),WET,NO DEFECTS,NOT ON SCENE (DESK REPORT),NO INJURY / DRIVE AWAY,,"OVER $1,500",01/22/2023 01:15:00 PM,UNABLE TO DETERMINE,UNABLE TO DETERMINE,,2,NO INDICATION OF INJURY,0.0,0.0,0.0,0.0,0.0,2.0,0.0,17,5,1,41.901243078,-87.68712746,POINT (-87.687127459813 41.901243078294),POINT (1160168.7274576805 1907265.4372965987),2023,1100 N WESTERN AVE
O1732266,DRIVER,7d27b6f15b3a15202ee6de9ae7b3e8f88c6133e421b2874cfe7aacb52b082221805efb6965ef5206c0f6ded89d23150b26b0886ecb3286dee7d5027e1961fc98,1649084.0,M,18.0,DID NOT DEPLOY,NONE,NO INDICATION OF INJURY,NONE,NOT OBSCURED,NORMAL,,,,,2023-12-29 18:30:00,30,CLEAR,"DARKNESS, LIGHTED ROAD",TURNING,FOUR WAY,DRY,NO DEFECTS,NOT ON SCENE (DESK REPORT),NO INJURY / DRIVE AWAY,Y,"OVER $1,500",12/29/2023 06:50:00 PM,FAILING TO YIELD RIGHT-OF-WAY,DRIVING SKILLS/KNOWLEDGE/EXPERIENCE,,2,NO INDICATION OF INJURY,0.0,0.0,0.0,0.0,0.0,2.0,0.0,18,6,12,41.750200118,-87.6684359,POINT (-87.66843589987 41.750200118353),POINT (1165683.1719406983 1852264.94846808),2023,7900 S WOOD ST
P348874,PASSENGER,a2b2b8048eea31c728ca21a11f39ebf6cd79a5719fd5055067a9d51b4bc69e210e9d78007ee67043836a5321bf22a02f0a32b074da7eac7447eacd5fcfa5cdf9,1501539.0,F,7.0,"DEPLOYED, FRONT",NONE,"REPORTED, NOT EVIDENT",,,,,,,,2023-05-10 08:05:00,35,CLEAR,DAYLIGHT,ANGLE,FOUR WAY,DRY,NO DEFECTS,,INJURY AND / OR TOW DUE TO CRASH,,"OVER $1,500",05/10/2023 08:06:00 AM,UNABLE TO DETERMINE,UNABLE TO DETERMINE,,2,"REPORTED, NOT EVIDENT",3.0,0.0,0.0,0.0,3.0,2.0,0.0,8,4,5,41.679802416,-87.622861465,POINT (-87.62286146532 41.679802416092),POINT (1178330.9930283648 1826712.201249398),2023,11800 S STATE ST
O1593119,DRIVER,09aedaab1d70235ddd8ce7cd2fec685eb51d04c44d986ab9a502fd7653bcec73f55f13824dae4cc7afd892060517caa64e0fa246e8a8cd83cc5db4704fc8d906,1515897.0,M,,DEPLOYMENT UNKNOWN,NONE,NO INDICATION OF INJURY,UNKNOWN,UNKNOWN,UNKNOWN,,,,,2023-06-07 20:30:00,35,CLEAR,"DARKNESS, LIGHTED ROAD",SIDESWIPE SAME DIRECTION,NOT DIVIDED,DRY,NO DEFECTS,NOT ON SCENE (DESK REPORT),NO INJURY / DRIVE AWAY,Y,"$501 - $1,500",06/07/2023 09:45:00 PM,UNABLE TO DETERMINE,NOT APPLICABLE,,2,NO INDICATION OF INJURY,0.0,0.0,0.0,0.0,0.0,3.0,0.0,20,4,6,41.893249234,-87.648792057,POINT (-87.64879205703 41.893249234489),POINT (1170628.1941232407 1904433.4233828203),2023,825 W ERIE ST
P377396,PASSENGER,ad94b288a9790716a55588c586948d0d453227bd887c5f492605dc4ba83208968ec45a5d5473ef0c419e834bf95998b09fe1f156eeeebaf71c71ba271b8fffb0,1624062.0,,,NOT APPLICABLE,NONE,"REPORTED, NOT EVIDENT",,,,,,,,2023-11-18 14:18:00,30,CLEAR,DAYLIGHT,REAR END,DIVIDED - W/MEDIAN (NOT RAISED),DRY,NO DEFECTS,ON SCENE,INJURY AND / OR TOW DUE TO CRASH,Y,"$501 - $1,500",11/18/2023 02:18:00 PM,UNABLE TO DETERMINE,UNABLE TO DETERMINE,,2,"REPORTED, NOT EVIDENT",1.0,0.0,0.0,0.0,1.0,2.0,0.0,14,7,11,41.80230399,-87.592532854,POINT (-87.592532854232 41.802303990088),POINT (1186231.705393564 1871420.4311385388),2023,1365 E HYDE PARK BLVD