PERSON_ID,PERSON_TYPE,CRASH_RECORD_ID,VEHICLE_ID,SEX,AGE,AIRBAG_DEPLOYED,EJECTION,INJURY_CLASSIFICATION,DRIVER_ACTION,DRIVER_VISION,PHYSICAL_CONDITION,PEDPEDAL_ACTION,PEDPEDAL_VISIBILITY,PEDPEDAL_LOCATION,CRASH_DATE_EST_I,CRASH_DATE,POSTED_SPEED_LIMIT,WEATHER_CONDITION,LIGHTING_CONDITION,FIRST_CRASH_TYPE,TRAFFICWAY_TYPE,ROADWAY_SURFACE_COND,ROAD_DEFECT,REPORT_TYPE,CRASH_TYPE,HIT_AND_RUN_I,DAMAGE,DATE_POLICE_NOTIFIED,PRIM_CONTRIBUTORY_CAUSE,SEC_CONTRIBUTORY_CAUSE,DOORING_I,NUM_UNITS,MOST_SEVERE_INJURY,INJURIES_TOTAL,INJURIES_FATAL,INJURIES_INCAPACITATING,INJURIES_NON_INCAPACITATING,INJURIES_REPORTED_NOT_EVIDENT,INJURIES_NO_INDICATION,INJURIES_UNKNOWN,CRASH_HOUR,CRASH_DAY_OF_WEEK,CRASH_MONTH,LATITUDE,LONGITUDE,LOCATION,geometry,YEAR,ADDRESS
P349382,PASSENGER,b901b79def3b5525e216fad079cd9b915ee183a87d7426e7943ba029a50521545284c4ae81f0b0dcbb9d9b7d21711f01aa62084fd53fd5969050035170a5ccc6,1503752.0,F,21.0,DID NOT DEPLOY,NONE,NO INDICATION OF INJURY,,,,,,,,2023-05-21 14:02:00,35,CLEAR,DAYLIGHT,ANGLE,NOT DIVIDED,DRY,NO DEFECTS,ON SCENE,NO INJURY / DRIVE AWAY,,"OVER $1,500",05/21/2023 02:06:00 PM,FAILING TO YIELD RIGHT-OF-WAY,NOT APPLICABLE,,2,NO INDICATION OF INJURY,0.0,0.0,0.0,0.0,0.0,3.0,0.0,14,1,5,41.954254192,-87.663525136,POINT (-87.663525135971 41.954254191627),POINT (1166443.1937285233 1926632.0732501682),2023,1333 W IRVING PARK RD
P373803,PASSENGER,bbfccc34f8252b5f2b96a6c77d55d84841686270418d9d1dc4a54ea672cb9de507f3e05495a2d74d7fa21983cd2b7225e5c54ff42ec8507b76f73ad7bbcfecb8,1607729.0,,,DID NOT DEPLOY,NONE,NO INDICATION OF INJURY,,,,,,,,2023-10-25 09:25:00,30,RAIN,DAYLIGHT,SIDESWIPE SAME DIRECTION,NOT DIVIDED,WET,UNKNOWN,ON SCENE,NO INJURY / DRIVE AWAY,,"OVER $1,500",10/25/2023 09:33:00 AM,UNABLE TO DETERMINE,UNABLE TO DETERMINE,,2,NO INDICATION OF INJURY,0.0,0.0,0.0,0.0,0.0,32.0,0.0,9,4,10,41.917812249,-87.667464069,POINT (-87.667464068867 41.917812249045),POINT (1165474.9103994237 1913344.1916367426),2023,1551 W ARMITAGE AVE
P375843,PASSENGER,fde330d6d5e2e0e17ccd80c4571ba0cc25fb9096623098fa7aab2531dbb1f5d4120b3256576664a2280ab16cbc00887df99466d5ee6602528853bfae1e1eca4d,1616959.0,F,35.0,NOT APPLICABLE,NONE,NO INDICATION OF INJURY,,,,,,,,2023-11-07 18:04:00,30,CLOUDY/OVERCAST,"DARKNESS, LIGHTED ROAD",ANGLE,FOUR WAY,DRY,NO DEFECTS,ON SCENE,INJURY AND / OR TOW DUE TO CRASH,,"OVER $1,500",11/07/2023 06:04:00 PM,UNABLE TO DETERMINE,NOT APPLICABLE,,2,"REPORTED, NOT EVIDENT",2.0,0.0,0.0,0.0,2.0,3.0,0.0,18,3,11,41.887823398,-87.771946978,POINT (-87.771946978147 41.887823397518),POINT (1137109.9424710246 1902212.8009215815),2023,5899 W LAKE ST
O1642809,DRIVER,bb19682a999a85a7c2f56cae7a1e478757231e5e856f4f25cbf6c6fa0cc1607083f5fe9d14895c775fa3d030c52b8c77d418586909f2c17bb7d8b54c90abe60a,1563379.0,M,,DEPLOYMENT UNKNOWN,NONE,NO INDICATION OF INJURY,DISREGARDED CONTROL DEVICES,UNKNOWN,UNKNOWN,,,,,2023-08-20 12:59:00,30,CLEAR,DAYLIGHT,TURNING,NOT DIVIDED,DRY,NO DEFECTS,ON SCENE,INJURY AND / OR TOW DUE TO CRASH,,"OVER $1,500",08/20/2023 01:00:00 PM,"OPERATING VEHICLE IN ERRATIC, RECKLESS, CARELESS, NEGLIGENT OR AGGRESSIVE MANNER","OPERATING VEHICLE IN ERRATIC, RECKLESS, CARELESS, NEGLIGENT OR AGGRESSIVE MANNER",,3,NO INDICATION OF INJURY,0.0,0.0,0.0,0.0,0.0,3.0,0.0,12,1,8,41.750182355,-87.673278857,POINT (-87.673278856776 41.750182355465),POINT (1164361.6981764636 1852248.3006923979),2023,7900 S DAMEN AVE
O1568209,DRIVER,87498d4acb6a815adad2ad3a5f32c3278666d570c38431c299384291469c04078d41a5669857c437b468140649d85adf176b1417035c5b246f00e5ee587b6f88,1491815.0,M,,NOT APPLICABLE,NONE,NO INDICATION OF INJURY,UNKNOWN,UNKNOWN,UNKNOWN,,,,,2023-05-03 14:17:00,35,CLEAR,DAYLIGHT,PARKED MOTOR VEHICLE,OTHER,DRY,NO DEFECTS,,NO INJURY / DRIVE AWAY,,"OVER $1,500",05/03/2023 04:00:00 PM,IMPROPER OVERTAKING/PASSING,IMPROPER LANE USAGE,,2,NO INDICATION OF INJURY,0.0,0.0,0.0,0.0,0.0,2.0,0.0,14,4,5,41.894784779,-87.622605841,POINT (-87.622605840856 41.894784779144),POINT (1177753.2485394033 1905050.9467324899),2023,675 N ST CLAIR ST
O1526471,DRIVER,c13c9d59ffa4ea143174a0b95896bce452a4739aa94d54796b0bf316a3b4ac331bdec9477ba657d37e1aa1d68c1887f233a1f538bebfd32d3eec967d842172e3,1451458.0,M,27.0,NOT APPLICABLE,NONE,NO INDICATION OF INJURY,UNKNOWN,UNKNOWN,NORMAL,,,,,2023-02-28 09:28:00,30,CLEAR,DAYLIGHT,SIDESWIPE SAME DIRECTION,FOUR WAY,DRY,UNKNOWN,,NO INJURY / DRIVE AWAY,,"OVER $1,500",02/28/2023 10:00:00 AM,UNABLE TO DETERMINE,UNABLE TO DETERMINE,,2,NO INDICATION OF INJURY,0.0,0.0,0.0,0.0,0.0,2.0,0.0,9,3,2,41.986963478,-87.660318021,POINT (-87.660318021002 41.986963477571),POINT (1167221.923470557 1938558.323800036),2023,5800 N BROADWAY
O1540805,DRIVER,eeced3cf8f189cc7019965bf4e9fde844fc236e949811e5a8de55ce59f5997666815932915b327de8b07acf44fe2bd86ddd579a48c19e64fe0b8cf1fcf170dc2,1465255.0,M,69.0,DID NOT DEPLOY,NONE,NO INDICATION OF INJURY,FAILED TO YIELD,UNKNOWN,NORMAL,,,,,2023-03-03 15:15:00,30,CLEAR,DAYLIGHT,REAR TO SIDE,NOT DIVIDED,DRY,NO DEFECTS,NOT ON SCENE (DESK REPORT),NO INJURY / DRIVE AWAY,,"OVER $1,500",03/23/2023 01:50:00 PM,FAILING TO YIELD RIGHT-OF-WAY,NOT APPLICABLE,,2,NO INDICATION OF INJURY,0.0,0.0,0.0,0.0,0.0,2.0,0.0,15,6,3,41.937666067,-87.789721917,POINT (-87.789721917475 41.937666066877),POINT (1132154.8707443483 1920344.3104455417),2023,3140 N NEENAH AVE
O1707657,DRIVER,e450d1cf6b1c353b333b848e0fdf030e4220fc3acea9dba03bbef40e2ad05c99b1e216dd84ac14a75efdbb640994eb199e4842a411dc35f0f8f88cd3e588ef4f,1625430.0,F,53.0,DID NOT DEPLOY,NONE,NO INDICATION OF INJURY,UNKNOWN,UNKNOWN,UNKNOWN,,,,,2023-11-20 19:20:00,35,RAIN,"DARKNESS, LIGHTED ROAD",SIDESWIPE SAME DIRECTION,NOT DIVIDED,WET,UNKNOWN,NOT ON SCENE (DESK REPORT),NO INJURY / DRIVE AWAY,,"$501 - $1,500",11/20/2023 07:41:00 PM,UNABLE TO DETERMINE,UNABLE TO DETERMINE,,2,NO INDICATION OF INJURY,0.0,0.0,0.0,0.0,0.0,2.0,0.0,19,2,11,41.80948825,-87.616918602,POINT (-87.616918602453 41.809488249921),POINT (1179560.9885916943 1873981.9754452417),2023,368 E 47TH ST
O1513979,DRIVER,de80bd6dab0d8ec37b101408b53eecbfab7869ca1c1f99585b2db8f7ffb4db5b17105eada9cf728a2c06987238dbde3f252b9c6b263d32422a1fb9b892cded1d,1439438.0,M,46.0,DID NOT DEPLOY,NONE,NO INDICATION OF INJURY,NONE,NOT OBSCURED,NORMAL,,,,,2023-02-08 16:10:00,30,CLEAR,DAYLIGHT,TURNING,NOT DIVIDED,DRY,NO DEFECTS,NOT ON SCENE (DESK REPORT),NO INJURY / DRIVE AWAY,,"$501 - $1,500",02/08/2023 05:07:00 PM,IMPROPER TURNING/NO SIGNAL,NOT APPLICABLE,,2,NO INDICATION OF INJURY,0.0,0.0,0.0,0.0,0.0,2.0,0.0,16,4,2,41.796606075,-87.743004026,POINT (-87.743004025677 41.796606074549),POINT (1145219.3152642148 1869026.4657408525),2023,5300 S CICERO AVE
O1621972,DRIVER,710c2eb627318557a707e520ad0f5829bf8ed391dce9cea332e3761cbed185a7ba2ac60c922092bb9792f6635523110f5aad2a7e085b0f0fd8c938e563c0639c,1543464.0,M,,DEPLOYMENT UNKNOWN,UNKNOWN,NO INDICATION OF INJURY,UNKNOWN,UNKNOWN,UNKNOWN,,,,,2023-07-19 15:00:00,30,CLEAR,DAYLIGHT,REAR TO REAR,NOT DIVIDED,DRY,NO DEFECTS,NOT ON SCENE (DESK REPORT),NO INJURY / DRIVE AWAY,,"$501 - $1,500",07/20/2023 03:30:00 PM,IMPROPER BACKING,IMPROPER BACKING,,2,NO INDICATION OF INJURY,0.0,0.0,0.0,0.0,0.0,2.0,0.0,15,4,7,41.969026147,-87.761570013,POINT (-87.761570012797 41.96902614681),POINT (1139738.1797720832 1931821.8394516294),2023,4843 N MILWAUKEE AVE
O1668027,DRIVER,da1eb8221e6f00b4541373118c7f5589628bed3b2878f005f5a42f29321a408bd263902ecde0df46516bceaf6fe71639d008b7fd552a899ce938e3954ef8b4f1,1587516.0,M,,DEPLOYMENT UNKNOWN,NONE,NO INDICATION OF INJURY,EVADING POLICE VEHICLE,UNKNOWN,UNKNOWN,,,,,2023-09-24 20:35:00,30,CLEAR,"DARKNESS, LIGHTED ROAD",REAR END,DIVIDED - W/MEDIAN BARRIER,DRY,NO DEFECTS,ON SCENE,INJURY AND / OR TOW DUE TO CRASH,Y,"OVER $1,500",09/24/2023 08:35:00 PM,"OPERATING VEHICLE IN ERRATIC, RECKLESS, CARELESS, NEGLIGENT OR AGGRESSIVE MANNER",DRIVING SKILLS/KNOWLEDGE/EXPERIENCE,,2,NO INDICATION OF INJURY,0.0,0.0,0.0,0.0,0.0,4.0,0.0,20,1,9,41.703783099,-87.525122893,POINT (-87.525122892662 41.703783098806),POINT (1204948.6366592564 1835685.7978128071),2023,10531 S INDIANAPOLIS AVE
O1569606,DRIVER,6e5b08ba711f1bb2b12a4fa7a97255605ca95dfad3f9c38b4c3f8543d10fa66eaf9f431177b8788ad36e6e01593982f300602cd4894fc4f05b60d8ee0e83001f,1493158.0,X,,DID NOT DEPLOY,NONE,NO INDICATION OF INJURY,IMPROPER LANE CHANGE,UNKNOWN,UNKNOWN,,,,,2023-05-06 00:57:00,30,CLEAR,"DARKNESS, LIGHTED ROAD",SIDESWIPE SAME DIRECTION,NOT DIVIDED,DRY,NO DEFECTS,NOT ON SCENE (DESK REPORT),NO INJURY / DRIVE AWAY,Y,"OVER $1,500",05/06/2023 02:10:00 AM,IMPROPER OVERTAKING/PASSING,IMPROPER LANE USAGE,,2,NO INDICATION OF INJURY,0.0,0.0,0.0,0.0,0.0,5.0,0.0,0,7,5,41.893164653,-87.632783564,POINT (-87.632783563812 41.89316465268),POINT (1174987.0584226898 1904437.78257721),2023,620 N LA SALLE DR
O1517158,DRIVER,8a5d2ae70e01c8824277bd7b03c3c18d9cfbb5412fbfaba955df217dd3e3e1f08022536570fcf43d43370565ea0054d90974ce22b901475ede22d3f63bd0c807,1442498.0,M,58.0,NOT APPLICABLE,NONE,NO INDICATION OF INJURY,NONE,NOT OBSCURED,NORMAL,,,,,2023-02-13 04:55:00,15,CLEAR,"DARKNESS, LIGHTED ROAD",SIDESWIPE SAME DIRECTION,ONE-WAY,DRY,NO DEFECTS,ON SCENE,NO INJURY / DRIVE AWAY,,"OVER $1,500",02/13/2023 04:58:00 AM,NOT APPLICABLE,NOT APPLICABLE,,2,NO INDICATION OF INJURY,0.0,0.0,0.0,0.0,0.0,2.0,0.0,4,2,2,41.789338642,-87.741352563,POINT (-87.741352562622 41.789338641753),POINT (1145687.8686361487 1866381.361939986),2023,5701 S CICERO AVE
O1729254,DRIVER,ca8458ec3cc00eb97b2721ffdc1bae97af2b4eebe242e541d12ea527274bb1e6bc43d357e141fca90e16350e1eccbd695a798b9c36acdbec385e98e74a2a6d3c,1646203.0,M,27.0,"DEPLOYED, FRONT",NONE,NO INDICATION OF INJURY,NONE,NOT OBSCURED,NORMAL,,,,,2023-12-23 21:02:00,30,CLEAR,"DARKNESS, LIGHTED ROAD",ANGLE,OTHER,DRY,NO DEFECTS,ON SCENE,NO INJURY / DRIVE AWAY,,"OVER $1,500",12/23/2023 09:06:00 PM,UNABLE TO DETERMINE,UNABLE TO DETERMINE,,2,NO INDICATION OF INJURY,0.0,0.0,0.0,0.0,0.0,2.0,0.0,21,7,12,41.869655184,-87.643885902,POINT (-87.643885902073 41.86965518436),POINT (1172033.0568361788 1895846.4661153418),2023,1000 S DESPLAINES ST
P379887,PASSENGER,99aad4ed5c23600bbc337f435f77b6cd5e59a1ddf5fc29cf2feb49821327bfb5bcded770f07aec2cd599b6172b7cad229168a40dcdf1d947262948e0bcf712c3,1635133.0,F,26.0,DID NOT DEPLOY,NONE,NO INDICATION OF INJURY,,,,,,,,2023-12-06 22:48:00,30,CLEAR,"DARKNESS, LIGHTED ROAD",PEDESTRIAN,FOUR WAY,DRY,NO DEFECTS,ON SCENE,INJURY AND / OR TOW DUE TO CRASH,,"OVER $1,500",12/06/2023 10:50:00 PM,FAILING TO YIELD RIGHT-OF-WAY,FAILING TO YIELD RIGHT-OF-WAY,,2,NONINCAPACITATING INJURY,2.0,0.0,0.0,2.0,0.0,2.0,0.0,22,4,12,41.893360017,-87.629619981,POINT (-87.629619981007 41.893360017289),POINT (1175847.820640423 1904516.0220901298),2023,36 W ONTARIO ST
O1733680,DRIVER,7541a11064290d53600a65df4450ff12e608c4eac4973885707e77a426c4650c438540aeda74bec833fbc800fa5328cbfae97b565ece3e3fb126d606f73f5771,1650460.0,M,,DEPLOYMENT UNKNOWN,NONE,NO INDICATION OF INJURY,IMPROPER PASSING,UNKNOWN,UNKNOWN,,,,,2023-12-31 21:35:00,30,CLEAR,"DARKNESS, LIGHTED ROAD",TURNING,NOT DIVIDED,DRY,NO DEFECTS,NOT ON SCENE (DESK REPORT),INJURY AND / OR TOW DUE TO CRASH,Y,"OVER $1,500",01/01/2024 03:40:00 PM,NOT APPLICABLE,NOT APPLICABLE,,2,NO INDICATION OF INJURY,0.0,0.0,0.0,0.0,0.0,2.0,0.0,21,1,12,41.895073381,-87.750769239,POINT (-87.750769238914 41.895073381022),POINT (1142858.5157652681 1904893.1243229765),2023,5000 W CHICAGO AVE
P332006,PASSENGER,a916c57fd1ecd1700a764f31d7db3946ce4afd8032e11b77a7e91b6f1fd6a39fe6f40c9e05bd1004b0abd0baf3b16727dce565ded6fccc168569eef85a3b4a2b,1427398.0,F,19.0,NOT APPLICABLE,NONE,NO INDICATION OF INJURY,,,,,,,,2023-01-19 14:36:00,30,RAIN,DAYLIGHT,TURNING,NOT DIVIDED,WET,UNKNOWN,NOT ON SCENE (DESK REPORT),NO INJURY / DRIVE AWAY,,"$501 - $1,500",01/19/2023 03:40:00 PM,FAILING TO YIELD RIGHT-OF-WAY,NOT APPLICABLE,,2,NO INDICATION OF INJURY,0.0,0.0,0.0,0.0,0.0,4.0,0.0,14,5,1,41.870777958,-87.678589328,POINT (-87.678589328336 41.870777958401),POINT (1162577.80459002 1896181.5965297846),2023,2079 W OGDEN AVE
O1500515,DRIVER,1ace6ff2c9d3f925ddeac1878e0b42e9678c6ccda13895432d06ae1c05fc00d9ea6e9440c81f52c6a467ab939f5156d1e681eafcf248acd7ed3c044f85a1da7f,1426544.0,M,62.0,DID NOT DEPLOY,NONE,NO INDICATION OF INJURY,OTHER,UNKNOWN,NORMAL,,,,,2023-01-17 20:15:00,30,CLEAR,"DARKNESS, LIGHTED ROAD",ANGLE,DIVIDED - W/MEDIAN (NOT RAISED),DRY,NO DEFECTS,NOT ON SCENE (DESK REPORT),NO INJURY / DRIVE AWAY,,"OVER $1,500",01/17/2023 09:15:00 PM,FAILING TO YIELD RIGHT-OF-WAY,NOT APPLICABLE,,2,NO INDICATION OF INJURY,0.0,0.0,0.0,0.0,0.0,2.0,0.0,20,3,1,41.953341193,-87.762965189,POINT (-87.762965189345 41.95334119259),POINT (1139396.8120328523 1926103.6614775301),2023,5420 W IRVING PARK RD
O1601076,DRIVER,41fe3c735be7a2d324bb915618b0d2d9388f46a5221d9fcbd953e1643593c17068d7f55f7d626687bf31b6db5141754344f1221049a7ef9c9dbf2952e576a68d,1523506.0,X,,DEPLOYMENT UNKNOWN,NONE,NO INDICATION OF INJURY,UNKNOWN,UNKNOWN,UNKNOWN,,,,,2023-06-18 21:42:00,30,CLEAR,"DARKNESS, LIGHTED ROAD",REAR END,NOT DIVIDED,DRY,NO DEFECTS,NOT ON SCENE (DESK REPORT),NO INJURY / DRIVE AWAY,Y,"OVER $1,500",06/19/2023 03:55:00 PM,FOLLOWING TOO CLOSELY,NOT APPLICABLE,,2,NO INDICATION OF INJURY,0.0,0.0,0.0,0.0,0.0,2.0,0.0,21,1,6,41.802132094,-87.621293815,POINT (-87.621293815355 41.802132093867),POINT (1178390.4062228315 1871291.5186561588),2023,128 E 51ST ST
O1689594,DRIVER,41904e70748588afd306648c520694578b1213accf69718c44eb0661dc4caca9eade523a63bc925cd1be0cb030d9a7bb161ea007151a67131e8ebfb74d24a904,1608132.0,M,24.0,DID NOT DEPLOY,NONE,NO INDICATION OF INJURY,NONE,NOT OBSCURED,NORMAL,,,,,2023-10-25 17:05:00,30,RAIN,"DARKNESS, LIGHTED ROAD",TURNING,NOT DIVIDED,WET,NO DEFECTS,ON SCENE,INJURY AND / OR TOW DUE TO CRASH,,"OVER $1,500",10/25/2023 05:12:00 PM,DRIVING SKILLS/KNOWLEDGE/EXPERIENCE,WEATHER,,2,NO INDICATION OF INJURY,0.0,0.0,0.0,0.0,0.0,4.0,0.0,17,4,10,41.983087699,-87.76848882,POINT (-87.768488819653 41.983087698972),POINT (1137822.8514549197 1936933.4474612672),2023,5602 N CENTRAL AVE
P359064,PASSENGER,fb9526eabd52bc106462a28cf5d29e84315bc60ae7f2dca7b813bda6103efe4724defede568ae2522c968e892ccd02068ccff7691c1e6912c26c5e96967eec7d,1544558.0,,,DID NOT DEPLOY,NONE,NO INDICATION OF INJURY,,,,,,,,2023-07-22 02:39:00,25,CLEAR,"DARKNESS, LIGHTED ROAD",FIXED OBJECT,OTHER,DRY,NO DEFECTS,ON SCENE,INJURY AND / OR TOW DUE TO CRASH,,"OVER $1,500",07/22/2023 02:39:00 AM,UNABLE TO DETERMINE,UNABLE TO DETERMINE,,1,NO INDICATION OF INJURY,0.0,0.0,0.0,0.0,0.0,3.0,0.0,2,7,7,41.778323046,-87.631477116,POINT (-87.631477116182 41.778323045864),POINT (1175684.6998420588 1862592.818040035),2023,6350 S WELLS ST
O1510478,DRIVER,f2e1aa695284c40fc47403c6dd40e15d6f3eb5bb47555f79c943ba9799429ba3e67ff1634a819f719f2cc2002b57250d48a55a66e612c1d7867003182370de8c,1436089.0,M,53.0,NOT APPLICABLE,NONE,NO INDICATION OF INJURY,UNKNOWN,UNKNOWN,UNKNOWN,,,,,2023-02-02 16:45:00,30,UNKNOWN,UNKNOWN,REAR END,ONE-WAY,UNKNOWN,UNKNOWN,NOT ON SCENE (DESK REPORT),NO INJURY / DRIVE AWAY,,"OVER $1,500",02/02/2023 05:30:00 PM,UNABLE TO DETERMINE,NOT APPLICABLE,,2,NO INDICATION OF INJURY,0.0,0.0,0.0,0.0,0.0,2.0,0.0,16,5,2,41.758576285,-87.614033509,POINT (-87.614033508631 41.758576285194),POINT (1180502.7337329476 1855436.5643555631),2023,7456 S VERNON AVE
O1558715,DRIVER,6ea3539d7b7bccce58940c21644939c5d280fc40d7604c70eaec23c680cc5c6364a4ac3ab56c8af377263ad6c89ae42ae8cf24de89bd663a1acb2a840abd4f18,1482597.0,M,22.0,"DEPLOYED, SIDE",NONE,NO INDICATION OF INJURY,DISREGARDED CONTROL DEVICES,NOT OBSCURED,NORMAL,,,,,2023-04-19 22:45:00,30,CLEAR,"DARKNESS, LIGHTED ROAD",ANGLE,NOT DIVIDED,DRY,NO DEFECTS,ON SCENE,INJURY AND / OR TOW DUE TO CRASH,,"OVER $1,500",04/19/2023 10:49:00 PM,DISREGARDING TRAFFIC SIGNALS,UNABLE TO DETERMINE,,2,NO INDICATION OF INJURY,0.0,0.0,0.0,0.0,0.0,3.0,0.0,22,4,4,41.869567979,-87.645356058,POINT (-87.645356058012 41.869567978746),POINT (1171632.8867188618 1895811.475839513),2023,737 W TAYLOR ST
O1658952,DRIVER,0e657c1f3e9ccbdaaab039f5d26039fd0918c600ca5fa9290271d9561528c23cc02570cef3b798162f74813152be3f2f22db004a3b8259c7a3062a02382410b9,1578815.0,M,40.0,DEPLOYMENT UNKNOWN,NONE,NO INDICATION OF INJURY,UNKNOWN,UNKNOWN,UNKNOWN,,,,,2023-08-29 00:43:00,30,CLEAR,"DARKNESS, LIGHTED ROAD",PARKED MOTOR VEHICLE,NOT DIVIDED,DRY,NO DEFECTS,,INJURY AND / OR TOW DUE TO CRASH,Y,"OVER $1,500",08/29/2023 12:51:00 AM,UNABLE TO DETERMINE,UNABLE TO DETERMINE,,4,NO INDICATION OF INJURY,0.0,0.0,0.0,0.0,0.0,1.0,0.0,0,3,8,41.945078032,-87.8209446,POINT (-87.820944600282 41.94507803244),POINT (1123643.6865630771 1922992.9222243696),2023,7743 W ADDISON ST
P340408,PASSENGER,f1eee2259b6f07b8afa88b5aae1feb20ac36640d73b640ba2ff0baf46d0e78f8c2b912285b12754b5a75bdac52866ef4736ffc62ab14951312b9b66b842e17cf,1465000.0,F,7.0,NOT APPLICABLE,NONE,NO INDICATION OF INJURY,,,,,,,,2023-03-22 23:52:00,30,CLEAR,"DARKNESS, LIGHTED ROAD",TURNING,FOUR WAY,WET,NO DEFECTS,ON SCENE,NO INJURY / DRIVE AWAY,,"OVER $1,500",03/22/2023 11:52:00 PM,IMPROPER TURNING/NO SIGNAL,IMPROPER LANE USAGE,,2,NO INDICATION OF INJURY,0.0,0.0,0.0,0.0,0.0,6.0,0.0,23,4,3,41.780725545,-87.606083847,POINT (-87.606083847124 41.780725545139),POINT (1182603.4753674066 1863525.8249685748),2023,6250 S COTTAGE GROVE AVE
O1706012,DRIVER,45716ab747a8fdce1fc381caab68702195bc41d6494e3b641cbcb1c4341014b0bab025a53342aa64da1fa9826b8fd99ba86d0d5d19b94ba5ae16174ffdcb9340,1623868.0,M,25.0,DID NOT DEPLOY,NONE,NO INDICATION OF INJURY,IMPROPER PASSING,UNKNOWN,UNKNOWN,,,,,2023-11-17 20:55:00,30,CLEAR,DAYLIGHT,TURNING,DIVIDED - W/MEDIAN BARRIER,DRY,NO DEFECTS,NOT ON SCENE (DESK REPORT),NO INJURY / DRIVE AWAY,,"OVER $1,500",11/18/2023 11:41:00 AM,IMPROPER OVERTAKING/PASSING,NOT APPLICABLE,,2,NO INDICATION OF INJURY,0.0,0.0,0.0,0.0,0.0,2.0,0.0,20,6,11,41.884474274,-87.613561367,POINT (-87.613561367179 41.88447427434),POINT (1180247.2347027431 1901314.3274036453),2023,153 N LAKE SHORE DR NB
O1605323,DRIVER,465698583b550e084aa6dfc2cc6a9cdfafa7be8085f24610d14db58ed59ea2b9576a98005e27a7e8cd0050ddc0151ba299d67cced0a9f7e508a3e65486021c97,1527571.0,M,59.0,DID NOT DEPLOY,NONE,NO INDICATION OF INJURY,NONE,NOT OBSCURED,NORMAL,,,,,2023-06-25 15:19:00,30,CLEAR,DAYLIGHT,REAR END,NOT DIVIDED,DRY,NO DEFECTS,ON SCENE,NO INJURY / DRIVE AWAY,,"$501 - $1,500",06/25/2023 03:22:00 PM,FAILING TO REDUCE SPEED TO AVOID CRASH,FOLLOWING TOO CLOSELY,,2,NO INDICATION OF INJURY,0.0,0.0,0.0,0.0,0.0,2.0,0.0,15,1,6,41.794446738,-87.762507874,POINT (-87.762507874456 41.794446738302),POINT (1139906.2657465173 1868203.7007436955),2023,5400 S CENTRAL AVE
O1600306,DRIVER,78cb5a187eeb152f18b14afd98327437821a94135b79e774924fb09f8be6b05ee8d4d48bcbe3c579b3d9d57711eee2a7a90fa12972528a1d8f267398a405ac78,1522775.0,X,,DEPLOYMENT UNKNOWN,UNKNOWN,NO INDICATION OF INJURY,UNKNOWN,UNKNOWN,UNKNOWN,,,,,2023-06-18 03:14:00,30,CLEAR,DARKNESS,PARKED MOTOR VEHICLE,ONE-WAY,DRY,NO DEFECTS,NOT ON SCENE (DESK REPORT),NO INJURY / DRIVE AWAY,Y,"$501 - $1,500",06/18/2023 12:40:00 PM,NOT APPLICABLE,NOT APPLICABLE,,2,NO INDICATION OF INJURY,0.0,0.0,0.0,0.0,0.0,1.0,0.0,3,1,6,41.749007692,-87.625919151,POINT (-87.625919151184 41.74900769183),POINT (1177288.5223540724 1851922.9607362659),2023,8000 S LAFAYETTE AVE
O1672068,DRIVER,f73197d6f569b1d05ec1a4092dbfaf11bca430f124295fdcd5f6b12ca2d2b0fb1ff44d273b22076707de8602411e928b6601d3b31771bd6e4fd48191c0e45c98,1591389.0,M,,NOT APPLICABLE,NONE,NO INDICATION OF INJURY,UNKNOWN,UNKNOWN,UNKNOWN,,,,,2023-09-30 20:50:00,30,UNKNOWN,UNKNOWN,PEDALCYCLIST,DIVIDED - W/MEDIAN (NOT RAISED),UNKNOWN,UNKNOWN,NOT ON SCENE (DESK REPORT),NO INJURY / DRIVE AWAY,,$500 OR LESS,09/30/2023 10:15:00 PM,UNABLE TO DETERMINE,UNABLE TO DETERMINE,,2,NO INDICATION OF INJURY,0.0,0.0,0.0,0.0,0.0,2.0,0.0,20,7,9,41.908203197,-87.634766592,POINT (-87.634766591737 41.908203196508),POINT (1174402.5174201946 1909913.4329847125),2023,1418 N WELLS ST
P371976,PASSENGER,67ee456d90bd750d83c0a18aae0ca6bec1c9722fcedb79270f6eb29fca27eec69023bfb3e14cd4d8b7097ec890374c26e674387ebef0949bf3cff250ece99710,1600116.0,F,,NOT APPLICABLE,NONE,NO INDICATION OF INJURY,,,,,,,,2023-10-14 00:00:00,40,RAIN,"DARKNESS, LIGHTED ROAD",SIDESWIPE SAME DIRECTION,ONE-WAY,WET,NO DEFECTS,NOT ON SCENE (DESK REPORT),NO INJURY / DRIVE AWAY,,"OVER $1,500",10/14/2023 12:17:00 AM,EQUIPMENT - VEHICLE CONDITION,WEATHER,,2,NO INDICATION OF INJURY,0.0,0.0,0.0,0.0,0.0,5.0,0.0,0,7,10,41.899322279,-87.618738433,POINT (-87.618738433114 41.899322278833),POINT (1178792.426102199 1906713.159461259),2023,900 N LAKE SHORE DR SB