PERSON_ID,PERSON_TYPE,CRASH_RECORD_ID,VEHICLE_ID,SEX,AGE,AIRBAG_DEPLOYED,EJECTION,INJURY_CLASSIFICATION,DRIVER_ACTION,DRIVER_VISION,PHYSICAL_CONDITION,PEDPEDAL_ACTION,PEDPEDAL_VISIBILITY,PEDPEDAL_LOCATION,CRASH_DATE_EST_I,CRASH_DATE,POSTED_SPEED_LIMIT,WEATHER_CONDITION,LIGHTING_CONDITION,FIRST_CRASH_TYPE,TRAFFICWAY_TYPE,ROADWAY_SURFACE_COND,ROAD_DEFECT,REPORT_TYPE,CRASH_TYPE,HIT_AND_RUN_I,DAMAGE,DATE_POLICE_NOTIFIED,PRIM_CONTRIBUTORY_CAUSE,SEC_CONTRIBUTORY_CAUSE,DOORING_I,NUM_UNITS,MOST_SEVERE_INJURY,INJURIES_TOTAL,INJURIES_FATAL,INJURIES_INCAPACITATING,INJURIES_NON_INCAPACITATING,INJURIES_REPORTED_NOT_EVIDENT,INJURIES_NO_INDICATION,INJURIES_UNKNOWN,CRASH_HOUR,CRASH_DAY_OF_WEEK,CRASH_MONTH,LATITUDE,LONGITUDE,LOCATION,geometry,YEAR,ADDRESS
O1643496,DRIVER,9f50301e4947ce39cee91a5cf3f4c43a10f9ebca65388dfddba0f59c77b314a3c9fbf07fbb68ff8dd51c8fda95d7f89a740e516564fd4aa99e026f4d919bde74,1564036.0,F,71.0,DID NOT DEPLOY,NONE,NO INDICATION OF INJURY,NONE,NOT OBSCURED,NORMAL,,,,,2023-08-21 13:05:00,30,CLEAR,DAYLIGHT,PARKED MOTOR VEHICLE,NOT DIVIDED,DRY,NO DEFECTS,NOT ON SCENE (DESK REPORT),NO INJURY / DRIVE AWAY,,"$501 - $1,500",08/21/2023 02:20:00 PM,DRIVING SKILLS/KNOWLEDGE/EXPERIENCE,NOT APPLICABLE,,2,NO INDICATION OF INJURY,0.0,0.0,0.0,0.0,0.0,2.0,0.0,13,2,8,41.760724806,-87.583471524,POINT (-87.583471524442 41.76072480573),POINT (1188834.4508236742 1856290.6716973495),2023,1700 E 74TH ST
P349014,PASSENGER,c2e319f1f32ced3c0016f2279402b62b2c1afa8d6518cd6215a82e6b2fb05528da705bf51e0f83fe866c64c92547d783d7cba6d3bbb659478f2ea3c329258bd9,1502232.0,F,41.0,NOT APPLICABLE,NONE,NO INDICATION OF INJURY,,,,,,,,2023-05-19 07:52:00,25,CLEAR,DAYLIGHT,PARKED MOTOR VEHICLE,ONE-WAY,DRY,NO DEFECTS,NOT ON SCENE (DESK REPORT),NO INJURY / DRIVE AWAY,,"OVER $1,500",05/19/2023 08:25:00 AM,UNABLE TO DETERMINE,UNABLE TO DETERMINE,,2,NO INDICATION OF INJURY,0.0,0.0,0.0,0.0,0.0,3.0,0.0,7,6,5,42.010176281,-87.684468681,POINT (-87.684468680882 42.010176280602),POINT (1160591.9792275205 1946966.543683377),2023,2110 W GREENLEAF AVE
O1501006,DRIVER,6bcf90e4f62d052902608057f2a96955359e85718297311b357e089336361253034ff81907132f13750b99a775570ec8d5b43d8a45d57a6c195fb27daae47f2b,1427017.0,F,36.0,NOT APPLICABLE,NONE,NO INDICATION OF INJURY,NONE,NOT OBSCURED,NORMAL,,,,,2023-01-18 18:45:00,30,CLEAR,DARKNESS,TURNING,DIVIDED - W/MEDIAN BARRIER,DRY,NO DEFECTS,NOT ON SCENE (DESK REPORT),NO INJURY / DRIVE AWAY,,"OVER $1,500",01/18/2023 07:34:00 PM,UNABLE TO DETERMINE,UNABLE TO DETERMINE,,2,NO INDICATION OF INJURY,0.0,0.0,0.0,0.0,0.0,2.0,0.0,18,4,1,41.793590116,-87.664720996,POINT (-87.664720995935 41.793590115883),POINT (1166573.960309555 1868083.7778854931),2023,5500 S ASHLAND AVE
O1629710,DRIVER,533a2e77750dd5a74fc36320adeedf6aea05ddeb277665e9d3f2cb1d132bf4d0317f74e8a53f332d2e4e998da5dbc278a2098ce012b56093a924a6424c7981a9,1550831.0,F,21.0,NOT APPLICABLE,NONE,NO INDICATION OF INJURY,NONE,UNKNOWN,NORMAL,,,,,2023-07-31 23:30:00,25,CLEAR,"DARKNESS, LIGHTED ROAD",PARKED MOTOR VEHICLE,ONE-WAY,DRY,UNKNOWN,NOT ON SCENE (DESK REPORT),NO INJURY / DRIVE AWAY,,"OVER $1,500",08/01/2023 12:20:00 AM,ROAD CONSTRUCTION/MAINTENANCE,ROAD CONSTRUCTION/MAINTENANCE,,2,NO INDICATION OF INJURY,0.0,0.0,0.0,0.0,0.0,1.0,0.0,23,2,7,41.878555038,-87.757112297,POINT (-87.757112297013 41.878555037562),POINT (1141171.9710429073 1898862.200261424),2023,5252 W ADAMS ST
O1684933,DRIVER,828d2954602023c56ebd347c2f7796be10d19cdfe8bb045bc39c88cceec87db38f75fe31b797a7c0ab5bb45f5dccb2c7a9f950261ae219aef75a044815058a87,1603683.0,X,,DID NOT DEPLOY,UNKNOWN,NO INDICATION OF INJURY,UNKNOWN,UNKNOWN,UNKNOWN,,,,,2023-10-19 09:59:00,20,CLEAR,DAYLIGHT,PARKED MOTOR VEHICLE,ONE-WAY,DRY,NO DEFECTS,ON SCENE,NO INJURY / DRIVE AWAY,Y,"$501 - $1,500",10/19/2023 10:02:00 AM,UNABLE TO DETERMINE,UNABLE TO DETERMINE,,2,NO INDICATION OF INJURY,0.0,0.0,0.0,0.0,0.0,1.0,0.0,9,5,10,41.770281512,-87.648323693,POINT (-87.648323692614 41.770281511998),POINT (1171113.0290897076 1859625.490656856),2023,6808 S SANGAMON ST
O1609260,DRIVER,24db3a29d67d33b97b147360b0d14391e48ffbfc246e917ba1e05f762b5bb8ad9cdf8d5726bb4e18757aa18b32eaf51bab39b4950a5ebc7e8550a39f9b7a545c,1531361.0,M,33.0,"DEPLOYED, COMBINATION",NONE,NO INDICATION OF INJURY,UNKNOWN,NOT OBSCURED,NORMAL,,,,,2023-05-18 08:00:00,20,CLEAR,DAYLIGHT,ANGLE,T-INTERSECTION,DRY,NO DEFECTS,,INJURY AND / OR TOW DUE TO CRASH,,"OVER $1,500",05/18/2023 08:07:00 AM,FAILING TO YIELD RIGHT-OF-WAY,UNABLE TO DETERMINE,,2,NO INDICATION OF INJURY,0.0,0.0,0.0,0.0,0.0,3.0,0.0,8,5,5,41.754979816,-87.607900457,POINT (-87.607900457258 41.75497981587),POINT (1182187.1278118612 1854140.0919933757),2023,7658 S LANGLEY AVE
P347127,PASSENGER,b0cf5c7ddd5b96ff2d44273d5435469aa2f2a9aa58548d4d76c8a8bfa68bb46159313913785633cf30eaad5dd15cead7593a0099cc1b45a966f33f60c56a8742,1494299.0,F,36.0,DID NOT DEPLOY,NONE,NO INDICATION OF INJURY,,,,,,,,2023-05-07 15:40:00,35,CLEAR,DAYLIGHT,REAR END,DIVIDED - W/MEDIAN BARRIER,DRY,NO DEFECTS,NOT ON SCENE (DESK REPORT),NO INJURY / DRIVE AWAY,,"OVER $1,500",05/07/2023 06:00:00 PM,UNABLE TO DETERMINE,UNABLE TO DETERMINE,,2,NO INDICATION OF INJURY,0.0,0.0,0.0,0.0,0.0,5.0,0.0,15,1,5,41.89479837,-87.615866646,POINT (-87.615866645679 41.894798370283),POINT (1179588.0364357512 1905071.1706628213),2023,680 N LAKE SHORE DR
O1671229,DRIVER,1fb115293d15788a2eb7d203a18a7cd8e0b080927b76ade51ca78d7d385a578d9db87c17f6ed7162970415412ddac692d9157d118c83bbddb9413b896d331656,1590578.0,F,,DEPLOYMENT UNKNOWN,NONE,NO INDICATION OF INJURY,OTHER,UNKNOWN,UNKNOWN,,,,,2023-09-29 18:30:00,15,CLEAR,"DARKNESS, LIGHTED ROAD",PARKED MOTOR VEHICLE,PARKING LOT,DRY,NO DEFECTS,ON SCENE,NO INJURY / DRIVE AWAY,Y,"OVER $1,500",09/29/2023 06:33:00 PM,IMPROPER LANE USAGE,UNABLE TO DETERMINE,,2,NO INDICATION OF INJURY,0.0,0.0,0.0,0.0,0.0,2.0,0.0,18,6,9,41.756545414,-87.663443853,POINT (-87.663443852852 41.756545414126),POINT (1167027.3754964513 1854587.6832922325),2023,7535 S ASHLAND AVE
O1609711,DRIVER,48375e5c31bc088a9c94f9750a7dcc3cf7f9318b0c1956fbbd1296eaf33b7403b43f3ee96a8154df56fde34635ec34e7350b7067d0e36f6a2d8d27be3afec5b3,1531794.0,M,60.0,DID NOT DEPLOY,NONE,NO INDICATION OF INJURY,NONE,NOT OBSCURED,NORMAL,,,,,2023-07-02 01:00:00,30,RAIN,"DARKNESS, LIGHTED ROAD",FIXED OBJECT,FOUR WAY,WET,NO DEFECTS,,NO INJURY / DRIVE AWAY,N,"$501 - $1,500",07/02/2023 01:50:00 AM,IMPROPER OVERTAKING/PASSING,UNABLE TO DETERMINE,,1,NO INDICATION OF INJURY,0.0,0.0,0.0,0.0,0.0,1.0,0.0,1,1,7,41.735785266,-87.64375883,POINT (-87.643758829628 41.735785266472),POINT (1172459.0292408918 1847065.3155898286),2023,8700 S HALSTED ST
P364626,PASSENGER,d90ac92b58ad9d8380dcc7e6727198aa8c5be95bd32916608a4a5d29288304ec65d0d205317f34585c0dc1ce3621124ac16a790cf5f076ed0c0e66127600b336,1568050.0,M,9.0,DID NOT DEPLOY,NONE,NO INDICATION OF INJURY,,,,,,,,2023-08-27 12:01:00,35,CLEAR,DAYLIGHT,TURNING,NOT DIVIDED,DRY,UNKNOWN,ON SCENE,INJURY AND / OR TOW DUE TO CRASH,,"OVER $1,500",08/27/2023 12:09:00 PM,UNABLE TO DETERMINE,NOT APPLICABLE,,2,"REPORTED, NOT EVIDENT",1.0,0.0,0.0,0.0,1.0,4.0,0.0,12,1,8,41.982995956,-87.702520241,POINT (-87.702520240513 41.982995956235),POINT (1155759.0501775125 1937025.2040371026),2023,2925 W BRYN MAWR AVE
O1696812,DRIVER,a28df70a293bbcf8301dc5d87254d10c98fbc1b63e0965614beb376dd31857632dbac3a418c17d93ee152bdf09dde9943e0ba4ecf6ab470b3a56b3cad6989c22,1615083.0,M,73.0,DID NOT DEPLOY,NONE,NO INDICATION OF INJURY,NONE,UNKNOWN,NORMAL,,,,,2023-11-04 16:30:00,25,CLEAR,DAYLIGHT,REAR END,NOT DIVIDED,DRY,NO DEFECTS,NOT ON SCENE (DESK REPORT),NO INJURY / DRIVE AWAY,Y,"$501 - $1,500",11/04/2023 05:13:00 PM,NOT APPLICABLE,NOT APPLICABLE,,2,NO INDICATION OF INJURY,0.0,0.0,0.0,0.0,0.0,2.0,0.0,16,7,11,41.890016187,-87.721089212,POINT (-87.721089212243 41.890016186755),POINT (1150952.3628416064 1903106.551145211),2023,3800 W FERDINAND ST
O1673371,DRIVER,f7c21f89a41d61350e778f7cca3ed5fecb6e77ee41db90e5727ff7f1cdb6d6c8b13e52059d994b8473529aecada7ba672801c498aabc732fe84e4fd6a45441bb,1592616.0,M,24.0,"DEPLOYED, FRONT",NONE,NO INDICATION OF INJURY,NONE,NOT OBSCURED,NORMAL,,,,,2023-10-02 18:16:00,30,CLEAR,DUSK,TURNING,NOT DIVIDED,DRY,NO DEFECTS,ON SCENE,INJURY AND / OR TOW DUE TO CRASH,,"OVER $1,500",10/02/2023 06:24:00 PM,FAILING TO YIELD RIGHT-OF-WAY,FAILING TO REDUCE SPEED TO AVOID CRASH,,2,NO INDICATION OF INJURY,0.0,0.0,0.0,0.0,0.0,3.0,0.0,18,2,10,41.902239142,-87.746249502,POINT (-87.746249501757 41.902239142154),POINT (1144071.1926073914 1907512.7115652359),2023,4805 W DIVISION ST
O1670430,DRIVER,5d4eaa01a27406df6bc6f04f0d8f6238eef444d1b4fcdbd517e465ca8eb2969806f9b9abbc3e0c68338b682e0b5f82c128f37f2ead0a3934c6ce11a79b8607ac,1589829.0,F,29.0,NOT APPLICABLE,NONE,NO INDICATION OF INJURY,IMPROPER BACKING,UNKNOWN,NORMAL,,,,Y,2023-09-27 11:20:00,10,UNKNOWN,UNKNOWN,PARKED MOTOR VEHICLE,PARKING LOT,UNKNOWN,UNKNOWN,ON SCENE,NO INJURY / DRIVE AWAY,,"$501 - $1,500",09/28/2023 04:20:00 PM,IMPROPER BACKING,NOT APPLICABLE,,2,NO INDICATION OF INJURY,0.0,0.0,0.0,0.0,0.0,1.0,0.0,11,4,9,41.89748467,-87.637613033,POINT (-87.637613032539 41.897484669882),POINT (1173659.3779001527 1906001.2982679314),2023,346 W INSTITUTE PL
P380582,PASSENGER,9872783c6ad8af927920ee2203502f8c8bb0251e6e789ed348fc584c30ddbf96e0589ae5b0dd1442f3aef86e471ed9bcb77ee53d4287f8eb3fecb7b26a7de42f,1638344.0,F,56.0,NOT APPLICABLE,NONE,NO INDICATION OF INJURY,,,,,,,,2023-12-12 05:50:00,30,CLEAR,"DARKNESS, LIGHTED ROAD",ANGLE,FOUR WAY,DRY,NO DEFECTS,ON SCENE,INJURY AND / OR TOW DUE TO CRASH,,"OVER $1,500",12/12/2023 05:58:00 AM,DISTRACTION - FROM INSIDE VEHICLE,NOT APPLICABLE,,2,NO INDICATION OF INJURY,0.0,0.0,0.0,0.0,0.0,4.0,0.0,5,3,12,41.945664231,-87.776303036,POINT (-87.776303036166 41.945664231218),POINT (1135786.9303938192 1923282.2944385991),2023,5957 W ADDISON ST
O1618569,DRIVER,78315dc26cc357be2e6f2710d6d1fc68b131ac41df7c7c34e42bb63a2a2c1ae3a4df8ebf9cb54f9a9077d6cab7076b93dd8f08f5d52d340f0ccda458d4fd4c71,1540226.0,M,26.0,DID NOT DEPLOY,NONE,NO INDICATION OF INJURY,NONE,NOT OBSCURED,NORMAL,,,,,2023-07-15 13:20:00,30,CLEAR,DAYLIGHT,REAR END,NOT DIVIDED,DRY,NO DEFECTS,ON SCENE,INJURY AND / OR TOW DUE TO CRASH,,"OVER $1,500",07/15/2023 01:23:00 PM,UNABLE TO DETERMINE,UNABLE TO DETERMINE,,4,NO INDICATION OF INJURY,0.0,0.0,0.0,0.0,0.0,5.0,0.0,13,7,7,41.706770106,-87.664484285,POINT (-87.664484285364 41.706770106124),POINT (1166884.4390295006 1836447.869307902),2023,1662 W 103RD ST
O1627662,DRIVER,dee655281a3e543750e0dfbc9fb524ef691492ed632d70dfcf6617d213b44fb6d75bf831141ec91de9705bb95ffb4d4001706d8ab455d7f1663a29a6485b6db5,1548882.0,M,48.0,NOT APPLICABLE,UNKNOWN,NO INDICATION OF INJURY,UNKNOWN,UNKNOWN,UNKNOWN,,,,,2023-07-28 22:15:00,25,RAIN,"DARKNESS, LIGHTED ROAD",PARKED MOTOR VEHICLE,NOT DIVIDED,WET,UNKNOWN,ON SCENE,INJURY AND / OR TOW DUE TO CRASH,,"OVER $1,500",07/28/2023 10:19:00 PM,UNABLE TO DETERMINE,NOT APPLICABLE,,2,NO INDICATION OF INJURY,0.0,0.0,0.0,0.0,0.0,1.0,0.0,22,6,7,41.920705136,-87.745371769,POINT (-87.745371768916 41.920705135668),POINT (1144264.0105406304 1914243.361328184),2023,4738 W PALMER ST
O1513244,DRIVER,3ce39aebb619f66ef6d8d17294749a5658b5a640c043d835a1e92925db2d691a7f98091cf889d15e8c7390f1fc432f7952738c03ba973a68dc24aa8055ccfce4,1438743.0,M,23.0,DID NOT DEPLOY,NONE,NO INDICATION OF INJURY,FAILED TO YIELD,MOVING VEHICLES,NORMAL,,,,,2023-02-07 11:07:00,30,CLOUDY/OVERCAST,DAYLIGHT,ANGLE,FOUR WAY,DRY,NO DEFECTS,ON SCENE,INJURY AND / OR TOW DUE TO CRASH,,"OVER $1,500",02/07/2023 11:07:00 AM,"VISION OBSCURED (SIGNS, TREE LIMBS, BUILDINGS, ETC.)",NOT APPLICABLE,,2,NO INDICATION OF INJURY,0.0,0.0,0.0,0.0,0.0,2.0,0.0,11,3,2,41.968914122,-87.659734922,POINT (-87.659734921922 41.968914121508),POINT (1167432.1720977265 1931982.2923502184),2023,1201 W LAWRENCE AVE
O1696239,DRIVER,4f1699aebeae864ff48851bf25f3e742ec0676aea8857f2901313843b53544c80a43e2b574f036101316fa1c1baacb9f899718028af5d10c00377ada0c36cd4d,1614529.0,M,69.0,DID NOT DEPLOY,NONE,NO INDICATION OF INJURY,NONE,UNKNOWN,NORMAL,,,,,2023-11-03 19:05:00,30,CLEAR,"DARKNESS, LIGHTED ROAD",PEDESTRIAN,DIVIDED - W/MEDIAN BARRIER,DRY,NO DEFECTS,ON SCENE,INJURY AND / OR TOW DUE TO CRASH,,$500 OR LESS,11/03/2023 07:05:00 PM,DISREGARDING TRAFFIC SIGNALS,DISREGARDING OTHER TRAFFIC SIGNS,,2,NONINCAPACITATING INJURY,1.0,0.0,0.0,1.0,0.0,1.0,0.0,19,6,11,41.88019686,-87.76471639,POINT (-87.764716389906 41.880196859672),POINT (1139097.1810947477 1899446.6658174046),2023,1 S CENTRAL AVE
O1677677,DRIVER,31f2de5d79aa579409e35315769f1165ae9ce79b1871cec7aaaf4b2a54e165142c7236e2d35f795a79af62ec7f3ecf0340741dee8b26d13e82ed4744f5f8826e,1596720.0,X,,DEPLOYMENT UNKNOWN,UNKNOWN,NO INDICATION OF INJURY,UNKNOWN,UNKNOWN,UNKNOWN,,,,,2023-10-09 00:15:00,30,CLEAR,"DARKNESS, LIGHTED ROAD",ANGLE,FOUR WAY,DRY,NO DEFECTS,ON SCENE,NO INJURY / DRIVE AWAY,N,"OVER $1,500",10/09/2023 12:16:00 AM,UNABLE TO DETERMINE,UNABLE TO DETERMINE,,2,NO INDICATION OF INJURY,0.0,0.0,0.0,0.0,0.0,4.0,0.0,0,2,10,41.799451172,-87.590581636,POINT (-87.590581636237 41.799451172365),POINT (1186772.697797086 1870385.4710123714),2023,5300 S BLACKSTONE AVE
O1639977,DRIVER,8d189e1d40476c5b9f9b919d5288489e6f9ed440eb1f73c3f550a9a5b10af3857a3bc0bb490802abb5c5611922b16a9b9258b6967a12b57121ce5a1762716eb8,1560649.0,F,41.0,DID NOT DEPLOY,NONE,NO INDICATION OF INJURY,IMPROPER TURN,NOT OBSCURED,NORMAL,,,,,2023-08-15 14:45:00,25,CLEAR,DAYLIGHT,FIXED OBJECT,ALLEY,DRY,NO DEFECTS,NOT ON SCENE (DESK REPORT),NO INJURY / DRIVE AWAY,,"$501 - $1,500",08/16/2023 01:10:00 PM,DRIVING SKILLS/KNOWLEDGE/EXPERIENCE,NOT APPLICABLE,,1,NO INDICATION OF INJURY,0.0,0.0,0.0,0.0,0.0,1.0,0.0,14,3,8,41.87006802,-87.680907507,POINT (-87.680907506633 41.870068019553),POINT (1161948.3826626942 1895918.0886401883),2023,2189 W BOWLER ST
O1696785,DRIVER,b3d6c61ef85a3ba5115733a59e327130829523b9cfead66d632e77d9d9d004d08932b1104f0ee266765cceae45f3565414d72f62a3ae145f534bcf50642ebbe7,1615053.0,F,,DEPLOYMENT UNKNOWN,NONE,NO INDICATION OF INJURY,FOLLOWED TOO CLOSELY,UNKNOWN,UNKNOWN,,,,Y,2023-11-04 15:20:00,30,CLEAR,DAYLIGHT,REAR END,DIVIDED - W/MEDIAN (NOT RAISED),DRY,NO DEFECTS,NOT ON SCENE (DESK REPORT),NO INJURY / DRIVE AWAY,Y,"OVER $1,500",11/04/2023 04:30:00 PM,FOLLOWING TOO CLOSELY,NOT APPLICABLE,,2,NO INDICATION OF INJURY,0.0,0.0,0.0,0.0,0.0,3.0,0.0,15,7,11,41.765341358,-87.629914575,POINT (-87.629914574932 41.7653413584),POINT (1176149.5827902313 1857865.8716861487),2023,7100 S WENTWORTH AVE
P345591,PASSENGER,5db4872fd7427e600aee9bdf16264e35343578dcbb3df144a5f2657445efbdc2d28b5086fadb31c753ecd5389d132facf38fa0f995e10900b9c8aa65b82e3c2d,1487671.0,F,,DID NOT DEPLOY,NONE,NO INDICATION OF INJURY,,,,,,,,2023-04-27 18:17:00,30,CLEAR,DAYLIGHT,TURNING,NOT DIVIDED,DRY,NO DEFECTS,ON SCENE,INJURY AND / OR TOW DUE TO CRASH,,"OVER $1,500",04/27/2023 06:17:00 PM,DISREGARDING TRAFFIC SIGNALS,FAILING TO REDUCE SPEED TO AVOID CRASH,,2,NONINCAPACITATING INJURY,2.0,0.0,0.0,2.0,0.0,2.0,0.0,18,5,4,41.873325151,-87.733412343,POINT (-87.733412343213 41.873325151367),POINT (1147639.5130657307 1897000.6629486012),2023,4358 W HARRISON ST
O1619844,DRIVER,f9d3fa6c6deeab2122e778613f0340b73a97cd2064ca7894ef83dc63d3b2c3d9d3d9360777f47dc4cdef44fcac56efba8ad42b65383cf4442bdfb7bb4b4efa77,1541422.0,M,32.0,DID NOT DEPLOY,NONE,NO INDICATION OF INJURY,NONE,NOT OBSCURED,NORMAL,,,,,2023-07-17 14:35:00,30,CLEAR,DAYLIGHT,REAR END,NOT DIVIDED,DRY,NO DEFECTS,NOT ON SCENE (DESK REPORT),NO INJURY / DRIVE AWAY,,"$501 - $1,500",07/17/2023 03:20:00 PM,FOLLOWING TOO CLOSELY,NOT APPLICABLE,,2,NO INDICATION OF INJURY,0.0,0.0,0.0,0.0,0.0,2.0,0.0,14,2,7,41.990586042,-87.689822473,POINT (-87.689822472944 41.99058604242),POINT (1159190.6250320785 1939816.75471116),2023,6000 N WESTERN AVE
O1598031,DRIVER,a7fb58ba7d0669cd36727c2e07a90ee0d1016a1a080468f142a5ba67d7e63cf8424a80dbb06c68b0eaa0efbed342eb1c626e05b0a50b40331522a7e5c4ebce89,1520611.0,F,17.0,DID NOT DEPLOY,NONE,NO INDICATION OF INJURY,NONE,NOT OBSCURED,UNKNOWN,,,,,2023-06-14 21:40:00,40,CLEAR,"DARKNESS, LIGHTED ROAD",REAR END,NOT DIVIDED,DRY,NO DEFECTS,NOT ON SCENE (DESK REPORT),NO INJURY / DRIVE AWAY,,"OVER $1,500",06/14/2023 10:30:00 PM,FOLLOWING TOO CLOSELY,UNABLE TO DETERMINE,,2,NO INDICATION OF INJURY,0.0,0.0,0.0,0.0,0.0,2.0,0.0,21,4,6,41.869310736,-87.617550644,POINT (-87.617550643601 41.869310736205),POINT (1179207.012036459 1895779.6611606725),2023,1100 S LAKE SHORE DR SB
O1502179,DRIVER,402f4207363c732fc1975f81c0877674b22fa2fd9f307b502ca0adf73aa2f594ab75a1c54b4b3bd3841ee636713b5453eafeef98b66e3565e2a516a317a2942c,1428146.0,M,51.0,DID NOT DEPLOY,NONE,NO INDICATION OF INJURY,NONE,NOT OBSCURED,NORMAL,,,,,2023-01-20 17:10:00,10,CLEAR,DARKNESS,REAR TO SIDE,PARKING LOT,DRY,NO DEFECTS,ON SCENE,NO INJURY / DRIVE AWAY,,"$501 - $1,500",01/20/2023 05:20:00 PM,UNABLE TO DETERMINE,NOT APPLICABLE,,2,NO INDICATION OF INJURY,0.0,0.0,0.0,0.0,0.0,2.0,0.0,17,6,1,41.831180269,-87.625012249,POINT (-87.625012248616 41.831180269369),POINT (1177289.3010258477 1881868.1601128432),2023,3455 S WABASH AVE
O1718452,DRIVER,a8cda57cf4d605d5578dc473c06c82b63dd1e781e317be666728622c0bf67fa765918ff3254657e61c7d1683706ec80d160d4ddf66ec4d25a1f29a14c5b51141,1635804.0,M,41.0,DEPLOYMENT UNKNOWN,NONE,NO INDICATION OF INJURY,UNKNOWN,UNKNOWN,UNKNOWN,,,,,2023-12-08 07:09:00,30,UNKNOWN,UNKNOWN,TURNING,NOT DIVIDED,UNKNOWN,UNKNOWN,NOT ON SCENE (DESK REPORT),INJURY AND / OR TOW DUE TO CRASH,,"$501 - $1,500",12/08/2023 07:20:00 AM,UNABLE TO DETERMINE,UNABLE TO DETERMINE,,2,"REPORTED, NOT EVIDENT",1.0,0.0,0.0,0.0,1.0,3.0,0.0,7,6,12,41.793161486,-87.723010527,POINT (-87.723010527492 41.793161486356),POINT (1150680.0197425967 1867809.3541314395),2023,5501 S PULASKI RD
O1584076,DRIVER,1d9d3a3b11b743b99e5d32fefd5c57f870c02ef873897ffd64f0da2ac74b1a7bcdefd8b4a112df4231940a587bee98bf6f1120fed8c126cddb5e55a2fae8d3cd,1507146.0,F,21.0,DID NOT DEPLOY,NONE,NO INDICATION OF INJURY,FAILED TO YIELD,NOT OBSCURED,NORMAL,,,,,2023-05-26 10:00:00,30,CLEAR,DAYLIGHT,REAR END,NOT DIVIDED,DRY,NO DEFECTS,NOT ON SCENE (DESK REPORT),NO INJURY / DRIVE AWAY,,"OVER $1,500",05/26/2023 10:20:00 AM,FAILING TO YIELD RIGHT-OF-WAY,FOLLOWING TOO CLOSELY,,2,NO INDICATION OF INJURY,0.0,0.0,0.0,0.0,0.0,2.0,0.0,10,6,5,41.839366399,-87.661754029,POINT (-87.661754028872 41.839366399032),POINT (1167252.6597799875 1884770.7312581774),2023,3011 S BROAD ST
O1682491,DRIVER,90c628875838a6ffef227b43c75f6de86cbdf47ca8489d2a2ab9847b6c8409ffdeeadc4f5d79abf397fa232af442190f24b4c605c40e2f0efbb3a297d25ff34d,1601326.0,X,,DEPLOYMENT UNKNOWN,NONE,NO INDICATION OF INJURY,UNKNOWN,UNKNOWN,UNKNOWN,,,,,2023-10-13 01:30:00,30,UNKNOWN,"DARKNESS, LIGHTED ROAD",PARKED MOTOR VEHICLE,NOT DIVIDED,UNKNOWN,UNKNOWN,NOT ON SCENE (DESK REPORT),NO INJURY / DRIVE AWAY,Y,"$501 - $1,500",10/15/2023 05:45:00 PM,UNABLE TO DETERMINE,UNABLE TO DETERMINE,,2,NO INDICATION OF INJURY,0.0,0.0,0.0,0.0,0.0,1.0,0.0,1,6,10,41.885611364,-87.656906389,POINT (-87.65690638872 41.885611363563),POINT (1168440.8562124034 1901632.6646815834),2023,1200 W LAKE ST
O1557698,DRIVER,2ce7ed5f9c338722d2bffda9f931c8e32050efcb508efc60d2629c3ffd035565c194c9eefeed4ee09dfaec5f7b20d1e33ef8b69038e0821cd7e484e037618194,1481620.0,M,66.0,DID NOT DEPLOY,NONE,NO INDICATION OF INJURY,UNKNOWN,UNKNOWN,NORMAL,,,,,2023-04-18 15:15:00,30,CLEAR,DAYLIGHT,REAR END,DIVIDED - W/MEDIAN (NOT RAISED),DRY,NO DEFECTS,NOT ON SCENE (DESK REPORT),NO INJURY / DRIVE AWAY,,"$501 - $1,500",04/18/2023 04:00:00 PM,UNABLE TO DETERMINE,UNABLE TO DETERMINE,,2,NO INDICATION OF INJURY,0.0,0.0,0.0,0.0,0.0,2.0,0.0,15,3,4,41.953499362,-87.731679927,POINT (-87.731679926901 41.953499361746),POINT (1147906.3979749195 1926219.4883582105),2023,4167 W IRVING PARK RD
P373275,PASSENGER,c2a5fabc431c9462f60bc2d6c56bb39d72f266022b96e136d410a336453e0960b95b4bb6508d9f578e3251a934a306795367f298c8fd3296553913a17181a6cf,1605451.0,F,18.0,"DEPLOYED, COMBINATION",NONE,NO INDICATION OF INJURY,,,,,,,,2023-10-21 21:30:00,30,RAIN,"DARKNESS, LIGHTED ROAD",TURNING,FOUR WAY,WET,NO DEFECTS,ON SCENE,INJURY AND / OR TOW DUE TO CRASH,,"OVER $1,500",10/21/2023 09:49:00 PM,UNABLE TO DETERMINE,UNABLE TO DETERMINE,,2,NONINCAPACITATING INJURY,2.0,0.0,0.0,2.0,0.0,2.0,0.0,21,7,10,41.95389263,-87.71673794,POINT (-87.716737940002 41.953892630141),POINT (1151969.7697963547 1926391.6844836394),2023,4000 N DRAKE AVE
O1498192,DRIVER,183c03ef9656369709f3c8210aa27f901ecefc03774013cf260e48f86dfa246ef2726fb25c330957434cc337c2eb5c7adaf2b61a4395bbc3b20f8a2851a9fbcf,1424312.0,M,,DID NOT DEPLOY,NONE,NO INDICATION OF INJURY,NONE,NOT OBSCURED,NORMAL,,,,,2023-01-13 18:15:00,30,CLEAR,DARKNESS,SIDESWIPE SAME DIRECTION,NOT DIVIDED,DRY,NO DEFECTS,NOT ON SCENE (DESK REPORT),NO INJURY / DRIVE AWAY,,"OVER $1,500",01/13/2023 06:42:00 PM,FOLLOWING TOO CLOSELY,FAILING TO REDUCE SPEED TO AVOID CRASH,,2,NO INDICATION OF INJURY,0.0,0.0,0.0,0.0,0.0,2.0,0.0,18,6,1,41.89108633,-87.667545147,POINT (-87.667545147407 41.891086330468),POINT (1165528.431191994 1903605.083871626),2023,1608 W GRAND AVE