PERSON_ID,PERSON_TYPE,CRASH_RECORD_ID,VEHICLE_ID,SEX,AGE,AIRBAG_DEPLOYED,EJECTION,INJURY_CLASSIFICATION,DRIVER_ACTION,DRIVER_VISION,PHYSICAL_CONDITION,PEDPEDAL_ACTION,PEDPEDAL_VISIBILITY,PEDPEDAL_LOCATION,CRASH_DATE_EST_I,CRASH_DATE,POSTED_SPEED_LIMIT,WEATHER_CONDITION,LIGHTING_CONDITION,FIRST_CRASH_TYPE,TRAFFICWAY_TYPE,ROADWAY_SURFACE_COND,ROAD_DEFECT,REPORT_TYPE,CRASH_TYPE,HIT_AND_RUN_I,DAMAGE,DATE_POLICE_NOTIFIED,PRIM_CONTRIBUTORY_CAUSE,SEC_CONTRIBUTORY_CAUSE,DOORING_I,NUM_UNITS,MOST_SEVERE_INJURY,INJURIES_TOTAL,INJURIES_FATAL,INJURIES_INCAPACITATING,INJURIES_NON_INCAPACITATING,INJURIES_REPORTED_NOT_EVIDENT,INJURIES_NO_INDICATION,INJURIES_UNKNOWN,CRASH_HOUR,CRASH_DAY_OF_WEEK,CRASH_MONTH,LATITUDE,LONGITUDE,LOCATION,geometry,YEAR,ADDRESS
O1601734,DRIVER,8e0257859f6f57b76f16740afc1bdda3433bac79aa9d08e75906deede850cad0bd565fc5ffc4d98eabe12c01bb092d18bdf35dc65d72871574d606a302d541e8,1524156.0,M,41.0,NOT APPLICABLE,NONE,NO INDICATION OF INJURY,NONE,NOT OBSCURED,NORMAL,,,,,2023-06-07 06:30:00,35,CLEAR,DAYLIGHT,REAR END,FOUR WAY,DRY,NO DEFECTS,NOT ON SCENE (DESK REPORT),NO INJURY / DRIVE AWAY,N,"$501 - $1,500",06/20/2023 03:49:00 PM,CELL PHONE USE OTHER THAN TEXTING,NOT APPLICABLE,,2,NO INDICATION OF INJURY,0.0,0.0,0.0,0.0,0.0,2.0,0.0,6,4,6,41.917336896,-87.721449987,POINT (-87.721449987074 41.917336895531),POINT (1150783.1183760741 1913061.5159001395),2023,3754 W ARMITAGE AVE
P336626,PASSENGER,053c7d989bc6d43da4a63989ad0b92ca9e3bf4f516788b98790abea77f29d6cbec8faa2f99753bfb35852ac0c77f9de9dc2139161195ba87f271f6ff3a7c9139,1448502.0,M,45.0,"DEPLOYED, FRONT",UNKNOWN,"REPORTED, NOT EVIDENT",,,,,,,,2023-02-23 20:05:00,30,CLEAR,DARKNESS,PARKED MOTOR VEHICLE,ONE-WAY,WET,NO DEFECTS,ON SCENE,INJURY AND / OR TOW DUE TO CRASH,,"OVER $1,500",02/23/2023 08:15:00 PM,UNABLE TO DETERMINE,DRIVING ON WRONG SIDE/WRONG WAY,,5,"REPORTED, NOT EVIDENT",1.0,0.0,0.0,0.0,1.0,1.0,0.0,20,5,2,41.878603731,-87.742906236,POINT (-87.742906235799 41.878603730544),POINT (1145040.5931284851 1898906.2380231451),2023,118 S KILPATRICK AVE
O1510073,DRIVER,73f9e1a0022038246abb222ab1fd679c31238db143954ec7238debf77fc2f7f86cc2921486563b10c20f2e4be8e8f6f01121672bae3718ffe2ffcfd72690a109,1435696.0,M,,NOT APPLICABLE,NONE,NO INDICATION OF INJURY,IMPROPER TURN,NOT OBSCURED,NORMAL,,,,,2023-02-02 08:00:00,30,CLEAR,DAYLIGHT,TURNING,FOUR WAY,DRY,NO DEFECTS,NOT ON SCENE (DESK REPORT),NO INJURY / DRIVE AWAY,,"OVER $1,500",02/02/2023 08:10:00 AM,TURNING RIGHT ON RED,NOT APPLICABLE,,2,NO INDICATION OF INJURY,0.0,0.0,0.0,0.0,0.0,3.0,0.0,8,5,2,41.903561736,-87.660688992,POINT (-87.660688992137 41.903561736471),POINT (1167359.5681805885 1908165.6819829461),2023,1300 W DIVISION ST
O1723193,DRIVER,cac915c35719acde7597b1d5334dc2e66225cfbf368ce1f747e21346a747cc23f2253a890e753eadc25002e4a2f045872b2470682e924f789c50353abf189e75,1640394.0,M,32.0,DID NOT DEPLOY,NONE,NO INDICATION OF INJURY,NONE,NOT OBSCURED,NORMAL,,,,,2023-12-15 10:43:00,30,CLEAR,DAYLIGHT,REAR END,FOUR WAY,DRY,NO DEFECTS,ON SCENE,NO INJURY / DRIVE AWAY,,"OVER $1,500",12/15/2023 11:20:00 AM,FOLLOWING TOO CLOSELY,UNABLE TO DETERMINE,,2,NO INDICATION OF INJURY,0.0,0.0,0.0,0.0,0.0,2.0,0.0,10,6,12,41.702643027,-87.535429846,POINT (-87.535429846322 41.702643027286),POINT (1202137.9366698586 1835244.1220916111),2023,10600 S EWING AVE
O1499304,DRIVER,65875e3bd80aa1b52c119b0398b61e06d63c2b35b7ad95fc22a721e7d99788c8dd2aaa3218cb38e249feb41af07fdbae76e3980c340659106458220c999558f7,1425367.0,M,28.0,DEPLOYMENT UNKNOWN,NONE,NO INDICATION OF INJURY,FOLLOWED TOO CLOSELY,NOT OBSCURED,NORMAL,,,,,2023-01-15 16:00:00,30,CLEAR,DAYLIGHT,REAR END,DIVIDED - W/MEDIAN (NOT RAISED),DRY,NO DEFECTS,ON SCENE,INJURY AND / OR TOW DUE TO CRASH,,"OVER $1,500",01/15/2023 04:17:00 PM,EQUIPMENT - VEHICLE CONDITION,EQUIPMENT - VEHICLE CONDITION,,2,"REPORTED, NOT EVIDENT",1.0,0.0,0.0,0.0,1.0,3.0,0.0,16,1,1,41.86482065,-87.686136587,POINT (-87.686136586549 41.864820649748),POINT (1160538.5700884378 1893995.176310992),2023,1254 S WESTERN AVE
O1618484,DRIVER,dea989f781dc80ea7a95f16d5023be682bfd8b3a57a76e3e111ee1978206dc1e4f1a64ee180c07258bcf1c2b6d3e91747eddd54f157b03bc57d332f70c6599ef,1540121.0,M,,DEPLOYMENT UNKNOWN,NONE,NO INDICATION OF INJURY,FAILED TO YIELD,UNKNOWN,UNKNOWN,,,,,2023-07-14 18:00:00,35,CLEAR,"DARKNESS, LIGHTED ROAD",TURNING,DIVIDED - W/MEDIAN (NOT RAISED),DRY,NO DEFECTS,NOT ON SCENE (DESK REPORT),INJURY AND / OR TOW DUE TO CRASH,Y,"OVER $1,500",07/15/2023 12:30:00 PM,FAILING TO YIELD RIGHT-OF-WAY,NOT APPLICABLE,,2,NONINCAPACITATING INJURY,1.0,0.0,0.0,1.0,0.0,5.0,0.0,18,6,7,41.994258948,-87.884753922,POINT (-87.884753922477 41.994258947544),POINT (1106190.6931174702 1940817.292836213),2023,6358 N MANNHEIM RD
P380929,PASSENGER,539f7f57b1d98f8815ca76cde2dc935a4ac1e219d55b43d6e39ab7e889c43ba47e3deef635e749c650d1248c10165134ba9ea913b4290776ff1ae580e8606346,1639953.0,M,45.0,NOT APPLICABLE,NONE,NO INDICATION OF INJURY,,,,,,,,2023-12-14 15:25:00,30,CLEAR,DAYLIGHT,FIXED OBJECT,PARKING LOT,DRY,NO DEFECTS,ON SCENE,NO INJURY / DRIVE AWAY,,$500 OR LESS,12/14/2023 03:25:00 PM,DRIVING SKILLS/KNOWLEDGE/EXPERIENCE,UNABLE TO DETERMINE,,1,NO INDICATION OF INJURY,0.0,0.0,0.0,0.0,0.0,2.0,0.0,15,5,12,41.952984203,-87.789083831,POINT (-87.789083830955 41.952984202879),POINT (1132293.0382101284 1925927.3732254354),2023,6500 W IRVING PARK RD
O1551260,DRIVER,3646ed111b82f1b95ab02fee6a1b8afec2ffe2e60d6d3b1adffe3cca6493c50d73540da1ed6e743440f1fc9993c763673f1ed2491b3a61041a82ced44e35752c,1475390.0,X,,DEPLOYMENT UNKNOWN,NONE,NO INDICATION OF INJURY,UNKNOWN,UNKNOWN,UNKNOWN,,,,,2023-04-08 19:00:00,30,CLEAR,UNKNOWN,PARKED MOTOR VEHICLE,DIVIDED - W/MEDIAN (NOT RAISED),UNKNOWN,NO DEFECTS,NOT ON SCENE (DESK REPORT),NO INJURY / DRIVE AWAY,Y,"OVER $1,500",04/09/2023 12:30:00 PM,UNABLE TO DETERMINE,UNABLE TO DETERMINE,,3,NO INDICATION OF INJURY,0.0,0.0,0.0,0.0,0.0,1.0,0.0,19,7,4,41.971017605,-87.763733798,POINT (-87.763733798364 41.971017605402),POINT (1139144.9222608565 1932543.6151117573),2023,4962 N MILWAUKEE AVE
O1692074,DRIVER,8f5adabf6711a1738debcb3857d195774e08aee09851f3640053745611529c691754997961463862f4109967bd5a66ee6013533943d1f870fd7cde75fef5e8f5,1610507.0,X,,NOT APPLICABLE,NONE,NO INDICATION OF INJURY,UNKNOWN,UNKNOWN,UNKNOWN,,,,,2023-10-29 01:00:00,30,UNKNOWN,DARKNESS,PARKED MOTOR VEHICLE,PARKING LOT,UNKNOWN,NO DEFECTS,ON SCENE,NO INJURY / DRIVE AWAY,Y,"OVER $1,500",10/29/2023 09:11:00 AM,UNABLE TO DETERMINE,UNABLE TO DETERMINE,,2,NO INDICATION OF INJURY,0.0,0.0,0.0,0.0,0.0,1.0,0.0,1,1,10,41.72565436,-87.614180134,POINT (-87.614180134386 41.725654359669),POINT (1180562.9829398233 1843439.7858460546),2023,400 E 93RD ST
P364637,PASSENGER,bb9fb872cf4238e52baf86726c731713ba8d412fa9f547dbd2d36a7ba9f21b10d144648d310b9bb3ebfae5443d2741ebe50aaf6cbee961bd1aad6c8a5d6ed463,1568096.0,M,61.0,NOT APPLICABLE,NONE,NO INDICATION OF INJURY,,,,,,,,2023-08-27 13:30:00,30,CLEAR,DAYLIGHT,SIDESWIPE SAME DIRECTION,NOT DIVIDED,DRY,NO DEFECTS,NOT ON SCENE (DESK REPORT),NO INJURY / DRIVE AWAY,,"$501 - $1,500",08/27/2023 01:35:00 PM,FAILING TO YIELD RIGHT-OF-WAY,UNABLE TO DETERMINE,,2,NO INDICATION OF INJURY,0.0,0.0,0.0,0.0,0.0,5.0,0.0,13,1,8,41.823089654,-87.689348312,POINT (-87.689348312112 41.823089654242),POINT (1159777.7552365253 1878781.9703677674),2023,3871 S ARCHER AVE
O1492929,PEDESTRIAN,a60918218e5ad14f3929648dd98f634b8409776d55a641144a3ad35854dbc326e4a610a12b43636c8a6fb0526aba13b49e7a90fe33d046856e0619662f69baca,,M,,,,NO INDICATION OF INJURY,UNKNOWN,UNKNOWN,UNKNOWN,UNKNOWN/NA,NO CONTRASTING CLOTHING,IN CROSSWALK,Y,2023-01-03 17:20:00,30,FOG/SMOKE/HAZE,"DARKNESS, LIGHTED ROAD",PEDESTRIAN,FOUR WAY,WET,NO DEFECTS,ON SCENE,NO INJURY / DRIVE AWAY,Y,"OVER $1,500",01/03/2023 05:28:00 PM,UNABLE TO DETERMINE,UNABLE TO DETERMINE,,2,NO INDICATION OF INJURY,0.0,0.0,0.0,0.0,0.0,3.0,0.0,17,3,1,41.692257564,-87.659757551,POINT (-87.659757550617 41.692257564325),POINT (1168216.4756142173 1831169.7386686164),2023,1470 W 111TH ST
O1649009,DRIVER,faa75a350238f8ae70c763c385f3baced7c53e7593504338f2dba8306287a2920d88535fceaaa6ca35fab22a2e74e7c42c4125fc87eae3d063c25b254fbdb587,1569314.0,M,17.0,NOT APPLICABLE,NONE,NO INDICATION OF INJURY,DISREGARDED CONTROL DEVICES,NOT OBSCURED,NORMAL,,,,,2023-08-29 07:50:00,40,CLEAR,DAYLIGHT,ANGLE,DIVIDED - W/MEDIAN BARRIER,DRY,NO DEFECTS,ON SCENE,INJURY AND / OR TOW DUE TO CRASH,,"OVER $1,500",08/29/2023 07:55:00 AM,DISREGARDING OTHER TRAFFIC SIGNS,NOT APPLICABLE,,3,NONINCAPACITATING INJURY,2.0,0.0,0.0,1.0,1.0,4.0,0.0,7,3,8,41.756897173,-87.586234285,POINT (-87.58623428507 41.756897172602),POINT (1188092.796191919 1854889.3541580718),2023,7600 S STONY ISLAND AVE
O1669696,DRIVER,601d3e434f3395682a4d5cebc8e20eff753b0dfa1ba19af972416b0ae3e0cd6f6f63fec2718436d5bebaa47365733c0552b7b9148309ef89ca2fd1d726588a3c,1589111.0,M,35.0,DID NOT DEPLOY,NONE,NO INDICATION OF INJURY,IMPROPER TURN,NOT OBSCURED,NORMAL,,,,,2023-09-27 12:20:00,35,CLOUDY/OVERCAST,DAYLIGHT,TURNING,FOUR WAY,DRY,NO DEFECTS,ON SCENE,INJURY AND / OR TOW DUE TO CRASH,,"OVER $1,500",09/27/2023 12:38:00 PM,IMPROPER TURNING/NO SIGNAL,DRIVING SKILLS/KNOWLEDGE/EXPERIENCE,,2,NONINCAPACITATING INJURY,1.0,0.0,0.0,1.0,0.0,1.0,0.0,12,4,9,41.778624993,-87.735029364,POINT (-87.735029364106 41.778624993141),POINT (1147439.4271535648 1862489.3271579565),2023,4500 W 63RD ST
O1621940,DRIVER,06363a8247db47fc3760ed3343e6377c71c756ebc62dceb2eab5b6e0393c9526a61087351d0203b16320d7db014c7c226bc0d63a0382b30b64b489b98693709d,1543451.0,M,34.0,DID NOT DEPLOY,NONE,NO INDICATION OF INJURY,NONE,NOT OBSCURED,NORMAL,,,,,2023-07-20 14:00:00,15,CLEAR,DAYLIGHT,TURNING,NOT DIVIDED,DRY,NO DEFECTS,NOT ON SCENE (DESK REPORT),NO INJURY / DRIVE AWAY,,"OVER $1,500",07/20/2023 02:35:00 PM,UNABLE TO DETERMINE,UNABLE TO DETERMINE,,2,NO INDICATION OF INJURY,0.0,0.0,0.0,0.0,0.0,2.0,0.0,14,5,7,41.899253834,-87.627924009,POINT (-87.627924008678 41.899253834187),POINT (1176291.9218199262 1906667.5222949868),2023,8 E DELAWARE PL
P349965,PASSENGER,8253fd767d684eacf1a4a53d4d46e6a7a58994b7b3c4505a151f0f1941ee310db3df6a4f10b969156630b9304ede9b6cc072df3ac70ad241252d793e1a573b07,1506197.0,M,,NOT APPLICABLE,NONE,NONINCAPACITATING INJURY,,,,,,,,2023-05-23 22:19:00,30,CLEAR,"DARKNESS, LIGHTED ROAD",REAR END,NOT DIVIDED,DRY,UNKNOWN,NOT ON SCENE (DESK REPORT),INJURY AND / OR TOW DUE TO CRASH,,"OVER $1,500",05/24/2023 09:00:00 PM,UNABLE TO DETERMINE,UNABLE TO DETERMINE,,2,NONINCAPACITATING INJURY,3.0,0.0,0.0,1.0,2.0,1.0,0.0,22,3,5,41.759498101,-87.663787408,POINT (-87.66378740807 41.759498100887),POINT (1166925.263066912 1855662.8868561175),2023,7358 S ASHLAND AVE
P346099,PASSENGER,ae92a4469575d917f47880ad6fd78c142684219983e2f76febf2559dd24468257fc4818562c55b5872e9af30a862bf6a12a0054ea9f5bab16e00f77e5e1083ca,1489695.0,F,39.0,DID NOT DEPLOY,NONE,NO INDICATION OF INJURY,,,,,,,,2023-05-01 08:13:00,30,RAIN,DAYLIGHT,REAR END,DIVIDED - W/MEDIAN BARRIER,WET,NO DEFECTS,ON SCENE,INJURY AND / OR TOW DUE TO CRASH,,"OVER $1,500",05/01/2023 08:15:00 AM,UNABLE TO DETERMINE,UNABLE TO DETERMINE,,2,NO INDICATION OF INJURY,0.0,0.0,0.0,0.0,0.0,3.0,0.0,8,2,5,41.794885246,-87.617861863,POINT (-87.617861862864 41.794885245967),POINT (1179348.1269182097 1868658.5796139073),2023,330 E GARFIELD BLVD
O1557922,DRIVER,e2f9610df6cbbf1232638ce4a8113b994d929be6b3da51b52db03c381072cf738be36f1cd27ae3297cac0de1c48187a54f681b2c719ada117c994184034d08c0,1481824.0,M,,DEPLOYMENT UNKNOWN,NONE,NO INDICATION OF INJURY,TOO FAST FOR CONDITIONS,UNKNOWN,UNKNOWN,,,,,2023-04-18 18:30:00,25,CLEAR,DAYLIGHT,REAR END,NOT DIVIDED,DRY,NO DEFECTS,NOT ON SCENE (DESK REPORT),NO INJURY / DRIVE AWAY,Y,"$501 - $1,500",04/18/2023 07:25:00 PM,FAILING TO REDUCE SPEED TO AVOID CRASH,FAILING TO REDUCE SPEED TO AVOID CRASH,,2,NO INDICATION OF INJURY,0.0,0.0,0.0,0.0,0.0,2.0,0.0,18,3,4,41.807995536,-87.743305559,POINT (-87.743305558616 41.80799553591),POINT (1145108.6046199675 1873176.1460682412),2023,4648 S CICERO AVE
O1554750,DRIVER,2c89c2bec69888934b1e44bbdba4c78ba9b1fdb876433670d2a9c0afad71c38a784207462f03000afa4e4ab1ca74a7daa04b3373f0bce5f203c4d1363bf39ea9,1478745.0,M,48.0,DID NOT DEPLOY,NONE,NO INDICATION OF INJURY,NONE,NOT OBSCURED,NORMAL,,,,,2023-04-14 10:25:00,30,CLEAR,DAYLIGHT,TURNING,FOUR WAY,DRY,NO DEFECTS,ON SCENE,NO INJURY / DRIVE AWAY,,"OVER $1,500",04/14/2023 10:40:00 AM,UNABLE TO DETERMINE,UNABLE TO DETERMINE,,2,NO INDICATION OF INJURY,0.0,0.0,0.0,0.0,0.0,3.0,0.0,10,6,4,41.735392017,-87.696915983,POINT (-87.696915982526 41.735392016507),POINT (1157951.568446555 1846810.2540420669),2023,2958 W 87TH ST
O1509734,DRIVER,d251eb2e5cd22f1133831642e162a24f75b5ab8e313b0cb34f9025aec8938842a201a1acd474c7c623eaa2f313b9eed82a883427a7d5df3c62e6660ef7689d62,1435363.0,X,,DEPLOYMENT UNKNOWN,UNKNOWN,NO INDICATION OF INJURY,UNKNOWN,UNKNOWN,UNKNOWN,,,,,2023-02-01 14:18:00,25,UNKNOWN,DAYLIGHT,SIDESWIPE SAME DIRECTION,UNKNOWN,UNKNOWN,UNKNOWN,NOT ON SCENE (DESK REPORT),INJURY AND / OR TOW DUE TO CRASH,,"OVER $1,500",02/01/2023 04:19:00 PM,UNABLE TO DETERMINE,UNABLE TO DETERMINE,,2,"REPORTED, NOT EVIDENT",1.0,0.0,0.0,0.0,1.0,1.0,0.0,14,4,2,41.767891721,-87.576492428,POINT (-87.576492428149 41.767891721478),POINT (1190715.5882895163 1858918.917375489),2023,7000 S JEFFERY BLVD
O1650841,DRIVER,c27242d40d024654ed9a278787d41141aa9c17adc3fcfb5d1d25f6bfd7d6e01e1d95b3b281f29db638fe0c5dd1b04552aabb1a6855bed73bf778eae39ca2b1d0,1571040.0,M,,DID NOT DEPLOY,NONE,NONINCAPACITATING INJURY,NONE,NOT OBSCURED,NORMAL,,,,,2023-08-30 21:30:00,30,CLEAR,"DARKNESS, LIGHTED ROAD",TURNING,NOT DIVIDED,DRY,NO DEFECTS,,INJURY AND / OR TOW DUE TO CRASH,,"OVER $1,500",08/30/2023 09:35:00 PM,IMPROPER OVERTAKING/PASSING,IMPROPER OVERTAKING/PASSING,,2,NONINCAPACITATING INJURY,1.0,0.0,0.0,1.0,0.0,1.0,0.0,21,4,8,41.924769604,-87.712169933,POINT (-87.71216993272 41.924769603564),POINT (1153289.21460648 1915788.1600475782),2023,3400 W FULLERTON AVE
O1555985,DRIVER,5f127041d4f0348ecfac442b371aaf7585407bb503eb0ad6c360b16e61cc2a7cd35673e39afc70827b8378ae414f177079001e8250c42f7434531c6aeebac7e6,1479933.0,F,35.0,NOT APPLICABLE,NONE,NO INDICATION OF INJURY,OTHER,NOT OBSCURED,NORMAL,,,,,2023-04-16 00:45:00,35,CLEAR,"DARKNESS, LIGHTED ROAD",REAR TO FRONT,ONE-WAY,DRY,NO DEFECTS,NOT ON SCENE (DESK REPORT),NO INJURY / DRIVE AWAY,Y,"$501 - $1,500",04/16/2023 01:10:00 AM,IMPROPER BACKING,UNABLE TO DETERMINE,,2,NO INDICATION OF INJURY,0.0,0.0,0.0,0.0,0.0,3.0,0.0,0,1,4,41.923697467,-87.758741584,POINT (-87.758741583943 41.923697466878),POINT (1140618.0894669623 1915309.10597116),2023,2348 N LOCKWOOD AVE
O1716311,DRIVER,c7f8a86c6583865e323f1222426c7d351ea4ab7152b2b86e59331b385c0f0cc095cc784b571001c52c10d9eb9bc46107f95ae6d4d932bf5d2c7f697387ee0b5d,1633730.0,F,50.0,DEPLOYMENT UNKNOWN,NONE,NO INDICATION OF INJURY,IMPROPER TURN,UNKNOWN,UNKNOWN,,,,,2023-12-04 20:49:00,30,CLEAR,"DARKNESS, LIGHTED ROAD",TURNING,UNKNOWN INTERSECTION TYPE,DRY,UNKNOWN,NOT ON SCENE (DESK REPORT),INJURY AND / OR TOW DUE TO CRASH,,"OVER $1,500",12/04/2023 09:00:00 PM,IMPROPER TURNING/NO SIGNAL,IMPROPER TURNING/NO SIGNAL,,2,NO INDICATION OF INJURY,0.0,0.0,0.0,0.0,0.0,3.0,0.0,20,2,12,41.939285384,-87.697335951,POINT (-87.697335951456 41.939285384464),POINT (1157286.8137602622 1921107.3306787978),2023,2755 W BELMONT AVE
P370968,PASSENGER,e89beadce134823118f3e2a248bfd7603d963502af79a71453652f8ccadac32332e63f0d3076aa8645fa78f35c42276af12bb16d7eb7b3389ac694f3d52f1be2,1595751.0,F,17.0,DID NOT DEPLOY,NONE,NO INDICATION OF INJURY,,,,,,,,2023-10-06 23:50:00,30,CLEAR,"DARKNESS, LIGHTED ROAD",SIDESWIPE SAME DIRECTION,NOT DIVIDED,DRY,NO DEFECTS,NOT ON SCENE (DESK REPORT),NO INJURY / DRIVE AWAY,Y,"OVER $1,500",10/07/2023 10:15:00 AM,IMPROPER LANE USAGE,UNABLE TO DETERMINE,,2,NO INDICATION OF INJURY,0.0,0.0,0.0,0.0,0.0,6.0,0.0,23,6,10,41.816190092,-87.70105489,POINT (-87.701054889606 41.816190091722),POINT (1156605.4381747122 1876244.1066843024),2023,4252 S ARCHER AVE
O1728649,DRIVER,6e5f5d3d046aa9ee19eb0a2497952d2360316edcc1f053cc227bd2e3765e74ca119d2cb3b5e9d99aa674202f849c80e8a39a25a690b930842b8d43266dafce7d,1645622.0,M,37.0,"DEPLOYED, SIDE",NONE,"REPORTED, NOT EVIDENT",UNKNOWN,UNKNOWN,NORMAL,,,,,2023-12-23 02:22:00,30,FOG/SMOKE/HAZE,"DARKNESS, LIGHTED ROAD",ANGLE,DIVIDED - W/MEDIAN (NOT RAISED),WET,UNKNOWN,ON SCENE,INJURY AND / OR TOW DUE TO CRASH,Y,"OVER $1,500",12/23/2023 02:30:00 AM,DISREGARDING TRAFFIC SIGNALS,NOT APPLICABLE,,3,"REPORTED, NOT EVIDENT",5.0,0.0,0.0,0.0,5.0,0.0,0.0,2,7,12,41.898802331,-87.745787991,POINT (-87.74578799118 41.89880233101),POINT (1144205.4066965503 1906261.1991207013),2023,4758 W AUGUSTA BLVD
P357112,PASSENGER,10007593d37a543744e7b9e62177154312b36c0d5648e46e1cc3f7aca9d1123f01bd0e2c048961be1bb9a60dc57b458bcfba8bd4b4f5d01f36bb39e6b9c398c1,1536287.0,M,47.0,DID NOT DEPLOY,NONE,NO INDICATION OF INJURY,,,,,,,,2023-07-09 13:23:00,30,CLEAR,DAYLIGHT,PARKED MOTOR VEHICLE,NOT DIVIDED,DRY,UNKNOWN,ON SCENE,NO INJURY / DRIVE AWAY,N,"OVER $1,500",07/09/2023 01:23:00 PM,DRIVING SKILLS/KNOWLEDGE/EXPERIENCE,UNABLE TO DETERMINE,,2,NO INDICATION OF INJURY,0.0,0.0,0.0,0.0,0.0,3.0,0.0,13,1,7,41.80861135,-87.656213823,POINT (-87.656213822937 41.808611350305),POINT (1168850.6751216566 1873575.5834625857),2023,1221 W 47TH ST
P334977,PASSENGER,28d7b59b8229d27a3b0bdd355a00a9e85a15c2778824e6f711913fdd1c8e9e2a648e4a9436c9bd7bfc2d6b2f5c0c217a2a4aae7d9f77573afec70ed5ff0e1a98,1440971.0,M,,"DEPLOYED, SIDE",NONE,NO INDICATION OF INJURY,,,,,,,,2023-02-11 07:44:00,30,CLEAR,DAYLIGHT,ANGLE,DIVIDED - W/MEDIAN BARRIER,DRY,NO DEFECTS,ON SCENE,INJURY AND / OR TOW DUE TO CRASH,,"OVER $1,500",02/11/2023 07:46:00 AM,DISREGARDING TRAFFIC SIGNALS,NOT APPLICABLE,,2,NONINCAPACITATING INJURY,1.0,0.0,0.0,1.0,0.0,5.0,0.0,7,7,2,41.815784592,-87.684777455,POINT (-87.684777455259 41.815784592084),POINT (1161043.7087732167 1876129.4137973331),2023,4258 S WESTERN AVE
O1643128,DRIVER,477b2463745d81b7a4704bf0141f107b018a59f2f0c9d37ec23ae52453f155a1e4f6cab4ee0ca9fcb9974b3f67b9dcaee50f1f732de5e6127d10ec4e2b831411,1563687.0,F,26.0,NOT APPLICABLE,NONE,NO INDICATION OF INJURY,UNKNOWN,UNKNOWN,UNKNOWN,,,,,2023-08-20 23:00:00,30,CLEAR,"DARKNESS, LIGHTED ROAD",PARKED MOTOR VEHICLE,NOT DIVIDED,DRY,UNKNOWN,ON SCENE,NO INJURY / DRIVE AWAY,,"OVER $1,500",08/20/2023 11:20:00 PM,UNABLE TO DETERMINE,UNABLE TO DETERMINE,,3,NO INDICATION OF INJURY,0.0,0.0,0.0,0.0,0.0,2.0,0.0,23,1,8,41.742793395,-87.565953085,POINT (-87.565953085236 41.742793395329),POINT (1193672.3095535915 1849798.7639435118),2023,8357 S YATES BLVD
O1730559,DRIVER,38e448260d7798e688d3fa0f380e774af899966372d0f2bcb6d9a4192b1cafd81b7503e67d6d1f541ce2e8487904a28ad4086c15a7bef8df9f8ccf98667be0a1,1647477.0,M,56.0,"DEPLOYED, FRONT",NONE,NONINCAPACITATING INJURY,NONE,NOT OBSCURED,NORMAL,,,,,2023-12-26 17:28:00,30,CLOUDY/OVERCAST,"DARKNESS, LIGHTED ROAD",TURNING,FOUR WAY,DRY,NO DEFECTS,ON SCENE,INJURY AND / OR TOW DUE TO CRASH,,"OVER $1,500",12/26/2023 05:30:00 PM,UNABLE TO DETERMINE,UNABLE TO DETERMINE,,2,NONINCAPACITATING INJURY,2.0,0.0,0.0,2.0,0.0,0.0,0.0,17,3,12,41.847777523,-87.734505969,POINT (-87.734505968748 41.847777522805),POINT (1147406.5924392848 1887689.0998694857),2023,4400 W OGDEN AVE
P359191,PASSENGER,6e8b4737ccf0470df92a836c17b6dcd624cbe6f5630e339603592057da29ec6b4668a1cd6ec14ad4f8f1d64de19d88db8794d56c9a6008d318f7ba4dd1d0fc46,1545095.0,F,61.0,"DEPLOYED, COMBINATION",NONE,NONINCAPACITATING INJURY,,,,,,,,2023-07-22 22:00:00,30,CLEAR,"DARKNESS, LIGHTED ROAD",TURNING,DIVIDED - W/MEDIAN BARRIER,WET,NO DEFECTS,ON SCENE,INJURY AND / OR TOW DUE TO CRASH,Y,"OVER $1,500",07/22/2023 10:01:00 PM,FAILING TO YIELD RIGHT-OF-WAY,NOT APPLICABLE,,2,NONINCAPACITATING INJURY,2.0,0.0,0.0,2.0,0.0,1.0,0.0,22,7,7,41.749170772,-87.731769633,POINT (-87.731769633122 41.749170772122),POINT (1148403.5929581486 1851762.674225412),2023,7900 S KOSTNER AVE
O1690270,PEDESTRIAN,6dfbdead7673ff2e3c7f94453893d39ab87f61caf75118698fb7117354a52bd5ece263fc6d4930659dcac8465b3efeb4cd8806b897da8b1a17696363ecf80fbb,,F,66.0,,,NONINCAPACITATING INJURY,NONE,NOT OBSCURED,NORMAL,CROSSING - WITH SIGNAL,NO CONTRASTING CLOTHING,IN CROSSWALK,,2023-10-26 15:55:00,30,RAIN,DAYLIGHT,PEDESTRIAN,FOUR WAY,WET,NO DEFECTS,ON SCENE,INJURY AND / OR TOW DUE TO CRASH,,$500 OR LESS,10/26/2023 03:56:00 PM,UNABLE TO DETERMINE,FAILING TO YIELD RIGHT-OF-WAY,,3,NONINCAPACITATING INJURY,2.0,0.0,0.0,2.0,0.0,1.0,0.0,15,5,10,41.938679926,-87.761744616,POINT (-87.761744616373 41.938679925729),POINT (1139764.4507607976 1920763.2733905974),2023,3200 N LONG AVE