PERSON_ID,PERSON_TYPE,CRASH_RECORD_ID,VEHICLE_ID,SEX,AGE,AIRBAG_DEPLOYED,EJECTION,INJURY_CLASSIFICATION,DRIVER_ACTION,DRIVER_VISION,PHYSICAL_CONDITION,PEDPEDAL_ACTION,PEDPEDAL_VISIBILITY,PEDPEDAL_LOCATION,CRASH_DATE_EST_I,CRASH_DATE,POSTED_SPEED_LIMIT,WEATHER_CONDITION,LIGHTING_CONDITION,FIRST_CRASH_TYPE,TRAFFICWAY_TYPE,ROADWAY_SURFACE_COND,ROAD_DEFECT,REPORT_TYPE,CRASH_TYPE,HIT_AND_RUN_I,DAMAGE,DATE_POLICE_NOTIFIED,PRIM_CONTRIBUTORY_CAUSE,SEC_CONTRIBUTORY_CAUSE,DOORING_I,NUM_UNITS,MOST_SEVERE_INJURY,INJURIES_TOTAL,INJURIES_FATAL,INJURIES_INCAPACITATING,INJURIES_NON_INCAPACITATING,INJURIES_REPORTED_NOT_EVIDENT,INJURIES_NO_INDICATION,INJURIES_UNKNOWN,CRASH_HOUR,CRASH_DAY_OF_WEEK,CRASH_MONTH,LATITUDE,LONGITUDE,LOCATION,geometry,YEAR,ADDRESS
O1613013,DRIVER,d7eb1adf3e62d7cf420ac00d2ab45ffee27ef0b2b4b86659ec941332592ac3accc7472da5520db3f5bda685e9d2c9ad600e8633b77bf0d4ffc58e02da6e72d1e,1534932.0,F,33.0,NOT APPLICABLE,NONE,NO INDICATION OF INJURY,NONE,UNKNOWN,NORMAL,,,,,2023-07-07 10:51:00,30,CLEAR,DAYLIGHT,TURNING,FOUR WAY,DRY,NO DEFECTS,ON SCENE,INJURY AND / OR TOW DUE TO CRASH,,"OVER $1,500",07/07/2023 10:58:00 AM,IMPROPER TURNING/NO SIGNAL,FAILING TO YIELD RIGHT-OF-WAY,,2,NO INDICATION OF INJURY,0.0,0.0,0.0,0.0,0.0,2.0,0.0,10,6,7,41.867132121,-87.640644675,POINT (-87.640644675361 41.867132121331),POINT (1172923.285279919 1894934.1731706392),2023,535 W ROOSEVELT RD
O1706384,DRIVER,9507c6adb17cdb47adfc2d73d1aec96314277d0ce080dffff6b7bfba2929a3f5a5d576898a84c7001a70a9aa4d46c181b38cd79815b6c5637de90e874524dfba,1624234.0,F,65.0,DID NOT DEPLOY,NONE,NO INDICATION OF INJURY,NONE,NOT OBSCURED,NORMAL,,,,,2023-11-18 18:18:00,30,CLEAR,"DARKNESS, LIGHTED ROAD",REAR END,NOT DIVIDED,DRY,NO DEFECTS,ON SCENE,INJURY AND / OR TOW DUE TO CRASH,,"OVER $1,500",11/18/2023 06:18:00 PM,FOLLOWING TOO CLOSELY,UNABLE TO DETERMINE,,4,NONINCAPACITATING INJURY,1.0,0.0,0.0,1.0,0.0,6.0,0.0,18,7,11,41.964255876,-87.7347474,POINT (-87.734747399506 41.964255875605),POINT (1147044.6278245514 1930133.3552541775),2023,4588 N ELSTON AVE
O1569686,DRIVER,a3429bc9eb1c4eb9c368e1676ece747c291da497e8570756929a0aedb409f2993068f02c599199eedacbfcef36be0cec656d62e667e9550482846e0f3a202e8e,1493247.0,X,,DEPLOYMENT UNKNOWN,UNKNOWN,NO INDICATION OF INJURY,UNKNOWN,UNKNOWN,UNKNOWN,,,,,2023-05-06 05:10:00,25,RAIN,DAWN,PEDESTRIAN,NOT DIVIDED,WET,NO DEFECTS,ON SCENE,INJURY AND / OR TOW DUE TO CRASH,,$500 OR LESS,05/06/2023 05:12:00 AM,UNABLE TO DETERMINE,UNABLE TO DETERMINE,,2,INCAPACITATING INJURY,1.0,0.0,1.0,0.0,0.0,1.0,0.0,5,7,5,41.904658472,-87.695042884,POINT (-87.695042883546 41.904658472135),POINT (1158004.6157236053 1908493.875027033),2023,2713 W POTOMAC AVE
P355027,PASSENGER,100909c1b83050317d22625bac06dae7b92f7ac1c6dee5f9e14f291dacfca106b8d3e6643baf652a7726072298e86c1e7be0f69ba930ced6097ead9efb5b0620,1527563.0,M,,DID NOT DEPLOY,NONE,NO INDICATION OF INJURY,,,,,,,,2023-06-16 21:50:00,25,CLEAR,"DARKNESS, LIGHTED ROAD",TURNING,NOT DIVIDED,DRY,NO DEFECTS,NOT ON SCENE (DESK REPORT),NO INJURY / DRIVE AWAY,Y,"OVER $1,500",06/25/2023 03:32:00 PM,IMPROPER TURNING/NO SIGNAL,NOT APPLICABLE,,2,NO INDICATION OF INJURY,0.0,0.0,0.0,0.0,0.0,3.0,0.0,21,6,6,41.758196151,-87.558947489,POINT (-87.55894748923 41.758196150622),POINT (1195533.6727172786 1855428.5284795817),2023,2700 E 75TH PL
P353036,PASSENGER,61e97acc9224fc9efa049904b6c6a3bbe1a942a79f0d52b35d918627f6bb42cf3003f77d8de954b976c0e1b61f2a92e92f1e598c889deabd3a6ec5fddf7761b4,1518799.0,F,81.0,DEPLOYMENT UNKNOWN,NONE,NO INDICATION OF INJURY,,,,,,,,2023-06-12 11:50:00,30,UNKNOWN,DAYLIGHT,REAR END,NOT DIVIDED,UNKNOWN,UNKNOWN,NOT ON SCENE (DESK REPORT),NO INJURY / DRIVE AWAY,,"$501 - $1,500",06/12/2023 01:07:00 PM,UNABLE TO DETERMINE,NOT APPLICABLE,,2,NO INDICATION OF INJURY,0.0,0.0,0.0,0.0,0.0,3.0,0.0,11,2,6,41.824356308,-87.704593654,POINT (-87.704593654313 41.824356307608),POINT (1155619.0123551653 1879212.7556273309),2023,3800 S KEDZIE AVE
P332681,PASSENGER,d9af5bf3ecd8279538a68f1e10ee90cf143aa715389f539d83b4863ae7020223b5c6b96234daf23f5063eb5e5d21c354e001686b97ae464a83d5e33cf089cf0e,1430356.0,F,60.0,DID NOT DEPLOY,NONE,NONINCAPACITATING INJURY,,,,,,,,2023-01-24 16:50:00,30,CLEAR,"DARKNESS, LIGHTED ROAD",TURNING,DIVIDED - W/MEDIAN (NOT RAISED),DRY,NO DEFECTS,ON SCENE,INJURY AND / OR TOW DUE TO CRASH,,"OVER $1,500",01/24/2023 04:55:00 PM,FAILING TO YIELD RIGHT-OF-WAY,UNABLE TO DETERMINE,,2,NONINCAPACITATING INJURY,2.0,0.0,0.0,2.0,0.0,2.0,0.0,16,3,1,41.751174092,-87.741285273,POINT (-87.741285273367 41.751174092371),POINT (1145801.9488328283 1852474.6539404793),2023,7755 S CICERO AVE
O1596969,DRIVER,b7ab9d87852520dc2de48b78811033d44add17bfac6d79d314cc2aa416ca72c6473b1c485b4c30a785569a1f92a6cda17cec1efccf1efd51dac54f429bb6c45e,1519590.0,F,27.0,"DEPLOYED, SIDE",NONE,NO INDICATION OF INJURY,DISREGARDED CONTROL DEVICES,NOT OBSCURED,NORMAL,,,,,2023-06-13 15:30:00,30,RAIN,DAYLIGHT,ANGLE,FOUR WAY,WET,NO DEFECTS,ON SCENE,NO INJURY / DRIVE AWAY,,"OVER $1,500",06/13/2023 03:30:00 PM,DISREGARDING TRAFFIC SIGNALS,NOT APPLICABLE,,2,NO INDICATION OF INJURY,0.0,0.0,0.0,0.0,0.0,2.0,0.0,15,3,6,41.86934571,-87.696095638,POINT (-87.69609563754 41.869345710044),POINT (1157813.5923083904 1895623.8051679311),2023,2800 W TAYLOR ST
O1710593,DRIVER,2904dd454c211caffdcc072e1189980cf371001e941306561df4339e85657cb89ccd05c710c5eca2f04eefba274c013e166d0e7aa9592ea6b11359950ae1330e,1628253.0,F,83.0,"DEPLOYED, FRONT",NONE,NONINCAPACITATING INJURY,UNKNOWN,UNKNOWN,NORMAL,,,,,2023-11-26 13:15:00,30,SNOW,DAYLIGHT,FIXED OBJECT,OTHER,SNOW OR SLUSH,NO DEFECTS,ON SCENE,INJURY AND / OR TOW DUE TO CRASH,,"OVER $1,500",11/26/2023 01:15:00 PM,NOT APPLICABLE,NOT APPLICABLE,,1,NONINCAPACITATING INJURY,1.0,0.0,0.0,1.0,0.0,0.0,0.0,13,1,11,41.9059755,-87.756604179,POINT (-87.756604178555 41.905975500097),POINT (1141243.1860286444 1908855.1187033558),2023,5216 W HIRSCH ST
P355575,PASSENGER,e8abc49c96019684f5c1be2d479a840777289ca0d383a1018d1b47482b5cdb1c9a551e3a54f59e37a79e16eca03a9a47da0be39a9c5a5cf54e46beaff1b8670c,1530155.0,M,,NOT APPLICABLE,NONE,NO INDICATION OF INJURY,,,,,,,,2023-06-29 17:44:00,30,CLEAR,DAWN,PARKED MOTOR VEHICLE,NOT DIVIDED,DRY,NO DEFECTS,ON SCENE,NO INJURY / DRIVE AWAY,,"OVER $1,500",06/29/2023 06:23:00 PM,NOT APPLICABLE,NOT APPLICABLE,,2,NO INDICATION OF INJURY,0.0,0.0,0.0,0.0,0.0,4.0,0.0,17,5,6,41.855370729,-87.715252671,POINT (-87.715252671165 41.855370729185),POINT (1152632.4553774039 1890493.2065006115),2023,1862 S CENTRAL PARK AVE
P362293,PASSENGER,318449e658473dc958269ce3cd68505d089ce7c0c6cfc0f6e13f4e3b2f7776322afb1ea4b4b719cccd7e30667229124ebb9ea25f1415bcb88ce80db55238865b,1558137.0,,,NOT APPLICABLE,NONE,NO INDICATION OF INJURY,,,,,,,,2023-08-12 11:51:00,30,CLEAR,DAYLIGHT,SIDESWIPE OPPOSITE DIRECTION,FOUR WAY,UNKNOWN,UNKNOWN,ON SCENE,NO INJURY / DRIVE AWAY,,"OVER $1,500",08/12/2023 11:56:00 AM,UNABLE TO DETERMINE,UNABLE TO DETERMINE,,2,NO INDICATION OF INJURY,0.0,0.0,0.0,0.0,0.0,5.0,0.0,11,7,8,41.939852081,-87.650653329,POINT (-87.650653328786 41.93985208124),POINT (1169986.2472760994 1921411.5254269138),2023,833 W BELMONT AVE
O1623384,DRIVER,7539edc6b5cebf6a55485829e299fbeee4e75b2d97af8e26866dece584e104ff768b1bc6de37b82d0c455797daea632585547efbb6a6caef0705d96fef053e76,1544804.0,F,33.0,DID NOT DEPLOY,NONE,NO INDICATION OF INJURY,NONE,NOT OBSCURED,NORMAL,,,,,2023-07-21 21:00:00,10,CLEAR,DAYLIGHT,OTHER OBJECT,PARKING LOT,DRY,NO DEFECTS,NOT ON SCENE (DESK REPORT),NO INJURY / DRIVE AWAY,Y,"OVER $1,500",07/21/2023 10:00:00 PM,IMPROPER BACKING,NOT APPLICABLE,,2,NO INDICATION OF INJURY,0.0,0.0,0.0,0.0,0.0,2.0,0.0,21,6,7,41.772379617,-87.644741642,POINT (-87.644741641913 41.772379616506),POINT (1172084.0569768471 1860397.8266831064),2023,6700 S HALSTED ST
O1533030,DRIVER,8eaeb201c722eb376340249f8d5d55798069c9c0226bb510e5b3d706c9d2888824ff06f97534a80775c9dfb86a9a055bd407059c3c53deaf1cd476f1c441ec81,1457791.0,M,45.0,NOT APPLICABLE,NONE,NO INDICATION OF INJURY,OTHER,NOT OBSCURED,NORMAL,,,,,2023-03-11 05:30:00,30,CLEAR,DAYLIGHT,TURNING,FOUR WAY,DRY,NO DEFECTS,ON SCENE,INJURY AND / OR TOW DUE TO CRASH,Y,"OVER $1,500",03/11/2023 05:33:00 AM,DISREGARDING TRAFFIC SIGNALS,UNABLE TO DETERMINE,,3,NO INDICATION OF INJURY,0.0,0.0,0.0,0.0,0.0,3.0,0.0,5,7,3,41.851962717,-87.698909637,POINT (-87.698909636862 41.851962716785),POINT (1157093.9503848515 1889283.809887308),2023,2898 W CERMAK RD
O1593088,DRIVER,bfa2c42386816469de65765b2ca6b830bb6428714f2bb12f01941ae219becee17adaf42689c8feceefc730d324b214ccfb0d6a999ee28e81172dbabd50763eab,1515876.0,M,46.0,NOT APPLICABLE,TOTALLY EJECTED,INCAPACITATING INJURY,TOO FAST FOR CONDITIONS,UNKNOWN,NORMAL,,,,,2023-06-07 19:30:00,30,CLEAR,DAYLIGHT,TURNING,FOUR WAY,DRY,NO DEFECTS,ON SCENE,INJURY AND / OR TOW DUE TO CRASH,,"OVER $1,500",06/07/2023 07:32:00 PM,FAILING TO REDUCE SPEED TO AVOID CRASH,UNABLE TO DETERMINE,,2,INCAPACITATING INJURY,1.0,0.0,1.0,0.0,0.0,1.0,0.0,19,4,6,41.902713902,-87.726451457,POINT (-87.726451457158 41.902713901936),POINT (1149459.590667017 1907723.2198840412),2023,1200 N PULASKI RD
O1719543,DRIVER,eae19cd8e1a18e49a688907acb8700b148fa358e003e1d64a1c7c47e7ec5b47f4d52528bc3ca95901db3b975f61955e36bbdbe99c65249ac0b4693bbbc380199,1636845.0,F,34.0,DID NOT DEPLOY,NONE,NO INDICATION OF INJURY,IMPROPER TURN,UNKNOWN,NORMAL,,,,,2023-12-09 14:15:00,30,CLEAR,DAYLIGHT,TURNING,NOT DIVIDED,DRY,UNKNOWN,NOT ON SCENE (DESK REPORT),NO INJURY / DRIVE AWAY,,"OVER $1,500",12/09/2023 03:44:00 PM,IMPROPER TURNING/NO SIGNAL,DRIVING SKILLS/KNOWLEDGE/EXPERIENCE,,2,NO INDICATION OF INJURY,0.0,0.0,0.0,0.0,0.0,4.0,0.0,14,7,12,41.900780347,-87.68682167,POINT (-87.686821669942 41.900780347258),POINT (1160253.24475415 1907097.4452870544),2023,1047 N WESTERN AVE
P347995,PASSENGER,66795dddb96ad4de8d8f485f0f83f26295142aa9401089795446b8d8c32cf474ae9fcad0bda4084911725493fbdaddbd74859e006b7d9dd8c4fbb576f598bc8f,1497952.0,M,31.0,NOT APPLICABLE,NONE,NO INDICATION OF INJURY,,,,,,,,2023-05-12 17:08:00,30,RAIN,DAYLIGHT,PARKED MOTOR VEHICLE,NOT DIVIDED,WET,NO DEFECTS,ON SCENE,NO INJURY / DRIVE AWAY,,"OVER $1,500",05/12/2023 05:08:00 PM,NOT APPLICABLE,NOT APPLICABLE,,2,NO INDICATION OF INJURY,0.0,0.0,0.0,0.0,0.0,3.0,0.0,17,6,5,41.852773715,-87.623952413,POINT (-87.62395241303 41.852773715173),POINT (1177513.1495822142 1889739.1279346559),2023,2200 S MICHIGAN AVE
P358187,PASSENGER,f03c8b344be7d80318568310d6c0cceabb150803838fcbe260fa8bb83d70be14fbbe6b1fa5aafbb9602d49d48dbf595ebbab9f5f7a9b5df48815c58cddd97cd0,1540957.0,F,,NOT APPLICABLE,NONE,NO INDICATION OF INJURY,,,,,,,,2023-07-15 19:45:00,30,CLOUDY/OVERCAST,DUSK,PARKED MOTOR VEHICLE,ONE-WAY,WET,NO DEFECTS,NOT ON SCENE (DESK REPORT),NO INJURY / DRIVE AWAY,Y,"$501 - $1,500",07/16/2023 04:30:00 PM,"OPERATING VEHICLE IN ERRATIC, RECKLESS, CARELESS, NEGLIGENT OR AGGRESSIVE MANNER",NOT APPLICABLE,,2,NO INDICATION OF INJURY,0.0,0.0,0.0,0.0,0.0,5.0,0.0,19,7,7,41.773383115,-87.574191867,POINT (-87.574191867149 41.773383115302),POINT (1191325.521249886 1860925.4730806467),2023,6700 S CLYDE AVE
P340810,PASSENGER,753260dc62e2b00bcf67375eb9439ed256c969a3ee63faa786f16a6732abbef6c85cb78f743c1d353d0af5ae528be04620a87f0acc7add870837a8bd1dfbe0f4,1466742.0,F,42.0,DID NOT DEPLOY,NONE,NONINCAPACITATING INJURY,,,,,,,,2023-03-25 16:30:00,30,CLEAR,DAYLIGHT,REAR END,DIVIDED - W/MEDIAN (NOT RAISED),DRY,NO DEFECTS,NOT ON SCENE (DESK REPORT),INJURY AND / OR TOW DUE TO CRASH,Y,"OVER $1,500",03/25/2023 05:05:00 PM,FAILING TO REDUCE SPEED TO AVOID CRASH,UNABLE TO DETERMINE,,2,NONINCAPACITATING INJURY,6.0,0.0,0.0,6.0,0.0,1.0,0.0,16,7,3,41.808542244,-87.684548202,POINT (-87.684548201832 41.808542244315),POINT (1161126.1264480522 1873490.8138449965),2023,2400 W 47TH ST
O1713745,DRIVER,9c33e839935904c6d0fc5b9c7052583496bad153d9a6f342730e4aa1da7466f37876d29e3b9e0687ad4ecd4ce2e12736207b25afab8e73b9c0c13bedf155eb48,1631304.0,X,,DEPLOYMENT UNKNOWN,UNKNOWN,NO INDICATION OF INJURY,UNKNOWN,UNKNOWN,UNKNOWN,,,,,2023-11-30 23:00:00,30,CLEAR,"DARKNESS, LIGHTED ROAD",PARKED MOTOR VEHICLE,NOT DIVIDED,WET,NO DEFECTS,NOT ON SCENE (DESK REPORT),NO INJURY / DRIVE AWAY,Y,"OVER $1,500",12/01/2023 11:59:00 AM,UNABLE TO DETERMINE,UNABLE TO DETERMINE,,2,NO INDICATION OF INJURY,0.0,0.0,0.0,0.0,0.0,1.0,0.0,23,5,11,41.805763836,-87.752742623,POINT (-87.7527426229 41.805763836114),POINT (1142541.2719020082 1872345.4071008596),2023,4759 S LARAMIE AVE
O1555202,DRIVER,9d66604681d8da09c424cb6fb653f4100bcf297bf7de1461bcb356e80dfb9b1b6fbe61e0516a8162db66bc46866119129c0c6fd561ff0957ea5dc0c5cd1fb24d,1479181.0,M,26.0,"DEPLOYED, COMBINATION",NONE,NONINCAPACITATING INJURY,IMPROPER PASSING,UNKNOWN,UNKNOWN,,,,Y,2023-04-14 19:00:00,35,CLEAR,DAYLIGHT,TURNING,OTHER,DRY,UNKNOWN,ON SCENE,INJURY AND / OR TOW DUE TO CRASH,,"OVER $1,500",04/14/2023 07:09:00 PM,IMPROPER OVERTAKING/PASSING,FOLLOWING TOO CLOSELY,,2,NONINCAPACITATING INJURY,2.0,0.0,0.0,2.0,0.0,4.0,0.0,19,6,4,41.76692617,-87.722611418,POINT (-87.72261141777 41.766926170076),POINT (1150856.750258765 1858250.1829677192),2023,6926 S PULASKI RD
O1547307,DRIVER,6570e08ae082e1f8df29fddd1ec4a26faa9dd82c40dcb639c3def1c58694789daa743371828e8cf5e284a5700396dc1b269c1ad7dda78d174b5d95db4b2b4196,1471581.0,M,40.0,DEPLOYMENT UNKNOWN,NONE,NO INDICATION OF INJURY,OTHER,UNKNOWN,UNKNOWN,,,,,2023-04-01 23:00:00,30,CLOUDY/OVERCAST,"DARKNESS, LIGHTED ROAD",PARKED MOTOR VEHICLE,ONE-WAY,DRY,NO DEFECTS,NOT ON SCENE (DESK REPORT),NO INJURY / DRIVE AWAY,,"OVER $1,500",04/02/2023 05:00:00 PM,UNABLE TO DETERMINE,UNABLE TO DETERMINE,,2,NO INDICATION OF INJURY,0.0,0.0,0.0,0.0,0.0,1.0,0.0,23,7,4,41.918572653,-87.713692884,POINT (-87.713692883814 41.918572652588),POINT (1152891.0842952111 1913526.9853530831),2023,2040 N ST LOUIS AVE
O1707419,DRIVER,adf81bf00876efb0d753abd0b23a473defa8f31cdc3c9c7fc07b9439ae343a43b3ad78109f4a9de68bf19d5db352931270df33294ec2d0ca4693574dc29b02e9,1625214.0,X,,DEPLOYMENT UNKNOWN,NONE,NO INDICATION OF INJURY,OTHER,UNKNOWN,UNKNOWN,,,,,2023-11-20 15:32:00,30,CLEAR,DAYLIGHT,PARKED MOTOR VEHICLE,NOT DIVIDED,DRY,NO DEFECTS,NOT ON SCENE (DESK REPORT),NO INJURY / DRIVE AWAY,Y,"OVER $1,500",11/20/2023 04:20:00 PM,"OPERATING VEHICLE IN ERRATIC, RECKLESS, CARELESS, NEGLIGENT OR AGGRESSIVE MANNER",NOT APPLICABLE,,2,NO INDICATION OF INJURY,0.0,0.0,0.0,0.0,0.0,1.0,0.0,15,2,11,41.754820855,-87.566146689,POINT (-87.566146689043 41.754820855404),POINT (1193580.3955151858 1854180.998163904),2023,7717 S YATES BLVD
O1579463,DRIVER,23901a1b29321f474ef9de09e9fccd2316075e70a217a78db94085af08c8f1d928ddc672047852ea4d78bb6e25ace9556a551a8344fbbabe3c2785c7da87ff13,1502696.0,M,,DEPLOYMENT UNKNOWN,NONE,NO INDICATION OF INJURY,UNKNOWN,UNKNOWN,UNKNOWN,,,,,2023-05-19 17:32:00,30,CLEAR,DAYLIGHT,REAR END,FOUR WAY,DRY,NO DEFECTS,ON SCENE,NO INJURY / DRIVE AWAY,Y,"OVER $1,500",05/19/2023 05:40:00 PM,NOT APPLICABLE,NOT APPLICABLE,,2,NO INDICATION OF INJURY,0.0,0.0,0.0,0.0,0.0,2.0,0.0,17,6,5,41.736209469,-87.624305519,POINT (-87.624305519124 41.736209469449),POINT (1177767.2763746823 1847263.032484667),2023,8700 S STATE ST
O1680067,DRIVER,b394f9c2f49e1a96514152024d616be9b24303eed69f87d6c3de7a49e990f6e4ee3b2478ad1daac619f3d1756311e2772e5ce3199b7fb5f884bdb389f54bb654,1599020.0,F,33.0,DID NOT DEPLOY,NONE,NO INDICATION OF INJURY,UNKNOWN,NOT OBSCURED,NORMAL,,,,,2023-10-12 11:20:00,30,RAIN,DAYLIGHT,SIDESWIPE SAME DIRECTION,ONE-WAY,WET,NO DEFECTS,ON SCENE,NO INJURY / DRIVE AWAY,,"OVER $1,500",10/12/2023 11:22:00 AM,UNABLE TO DETERMINE,UNABLE TO DETERMINE,,2,NO INDICATION OF INJURY,0.0,0.0,0.0,0.0,0.0,2.0,0.0,11,5,10,41.765783737,-87.62640731,POINT (-87.6264073103 41.765783737319),POINT (1177105.0799201834 1858034.9153400087),2023,7051 S LAFAYETTE AVE
O1592716,DRIVER,a4fcf32c25bff01fc398d8a0dad5949caed870aa8cbe91f5ce1480fc98b3d7b27aa115f949db455a9df0b69d44acecc0ed3c2bb7e6860f1b2836b4231b7d9acb,1515515.0,M,22.0,NOT APPLICABLE,NONE,NO INDICATION OF INJURY,NONE,NOT OBSCURED,NORMAL,,,,,2023-06-06 11:00:00,30,CLEAR,DAYLIGHT,OTHER OBJECT,NOT DIVIDED,DRY,"RUT, HOLES",NOT ON SCENE (DESK REPORT),NO INJURY / DRIVE AWAY,,$500 OR LESS,06/07/2023 01:25:00 PM,NOT APPLICABLE,NOT APPLICABLE,,1,NO INDICATION OF INJURY,0.0,0.0,0.0,0.0,0.0,1.0,0.0,11,3,6,41.889677537,-87.620353696,POINT (-87.620353696258 41.88967753734),POINT (1178381.8875369541 1903194.954891152),2023,300 E NORTH WATER ST
O1605016,DRIVER,533398f1d938614087a78169a512f8f03147ced996388b32c62dcab49c7d2aaad80463f6371d0acf7f988ec6e509b276f07efa95caafdb770fafd96ba0cbdfdd,1527273.0,M,46.0,NOT APPLICABLE,NONE,NO INDICATION OF INJURY,NONE,NOT OBSCURED,NORMAL,,,,,2023-06-25 03:37:00,35,RAIN,"DARKNESS, LIGHTED ROAD",FIXED OBJECT,DIVIDED - W/MEDIAN BARRIER,WET,NO DEFECTS,ON SCENE,INJURY AND / OR TOW DUE TO CRASH,,"OVER $1,500",06/25/2023 03:51:00 AM,WEATHER,UNABLE TO DETERMINE,,2,NO INDICATION OF INJURY,0.0,0.0,0.0,0.0,0.0,2.0,0.0,3,1,6,41.763951651,-87.722497655,POINT (-87.722497655038 41.763951651325),POINT (1150895.482375115 1857166.5147082526),2023,7102 S PULASKI RD
O1560880,DRIVER,c403ff237d474de343bd71585fdfe9bcbb6aed644d3e6a57b66d5325260f0a3ce553b872e56235bbb3afb519b335366437322df89f33ac39072a626549f87f2f,1484700.0,M,,DID NOT DEPLOY,NONE,NO INDICATION OF INJURY,UNKNOWN,UNKNOWN,UNKNOWN,,,,N,2023-04-23 13:00:00,10,CLEAR,DAYLIGHT,PARKED MOTOR VEHICLE,PARKING LOT,DRY,UNKNOWN,NOT ON SCENE (DESK REPORT),NO INJURY / DRIVE AWAY,,"$501 - $1,500",04/23/2023 02:00:00 PM,UNABLE TO DETERMINE,UNABLE TO DETERMINE,,2,NO INDICATION OF INJURY,0.0,0.0,0.0,0.0,0.0,1.0,0.0,13,1,4,41.880296089,-87.752494198,POINT (-87.752494198152 41.880296089472),POINT (1142425.326543061 1899505.1138968798),2023,5069 W MADISON ST
O1602364,DRIVER,e32db961c58337793397d9ae6ec069dcb2ca3107107506e146b2b25e509925a04f522774367d799d7de9850a1e51558968ebfc66ebfa9d571e6ad71d6410bade,1524736.0,M,51.0,DID NOT DEPLOY,NONE,NO INDICATION OF INJURY,NONE,NOT OBSCURED,NORMAL,,,,,2023-06-21 14:00:00,30,CLEAR,DAYLIGHT,SIDESWIPE SAME DIRECTION,DIVIDED - W/MEDIAN (NOT RAISED),DRY,NO DEFECTS,NOT ON SCENE (DESK REPORT),NO INJURY / DRIVE AWAY,,"OVER $1,500",06/21/2023 02:45:00 PM,UNABLE TO DETERMINE,UNABLE TO DETERMINE,,2,NO INDICATION OF INJURY,0.0,0.0,0.0,0.0,0.0,6.0,0.0,14,4,6,41.94623675,-87.746906398,POINT (-87.746906397897 41.946236750041),POINT (1143782.7211339353 1923544.2642520613),2023,4758 W ADDISON ST
O1560940,DRIVER,270894aebc93a82902a1819269f7caa61f8fc8156672817cabbdd3cae39260def1ac7fe4622fd6ca2dc9b129ab5aee102405feb13a55216450a2f6d565bbe3f6,1484757.0,X,,DEPLOYMENT UNKNOWN,UNKNOWN,NO INDICATION OF INJURY,UNKNOWN,UNKNOWN,UNKNOWN,,,,Y,2023-04-23 13:30:00,30,CLEAR,DAYLIGHT,PARKED MOTOR VEHICLE,ONE-WAY,UNKNOWN,UNKNOWN,ON SCENE,NO INJURY / DRIVE AWAY,Y,"$501 - $1,500",04/23/2023 02:40:00 PM,UNABLE TO DETERMINE,NOT APPLICABLE,,3,NO INDICATION OF INJURY,0.0,0.0,0.0,0.0,0.0,1.0,0.0,13,1,4,41.875746216,-87.747014022,POINT (-87.747014022192 41.875746215597),POINT (1143929.0314478048 1897857.2960123671),2023,4849 W GLADYS AVE
P347447,PASSENGER,4082350bef40be67c70affa7465a5dacf3b52c40abb762d0c6dabcdedf9d67b3cd160663cd583d35037a792b6e0458ac080523a1a3efb8dfc23963463c8bf78f,1495675.0,F,18.0,"DEPLOYED, SIDE",NONE,NO INDICATION OF INJURY,,,,,,,,2023-05-09 15:31:00,30,CLEAR,DAYLIGHT,TURNING,NOT DIVIDED,DRY,NO DEFECTS,ON SCENE,INJURY AND / OR TOW DUE TO CRASH,,"OVER $1,500",05/09/2023 03:35:00 PM,FAILING TO YIELD RIGHT-OF-WAY,NOT APPLICABLE,,2,NO INDICATION OF INJURY,0.0,0.0,0.0,0.0,0.0,4.0,0.0,15,3,5,41.700830243,-87.535429083,POINT (-87.535429082769 41.700830242828),POINT (1202144.2652240738 1834583.5653750878),2023,10700 S EWING AVE
O1656788,DRIVER,1b408c5dd9d3b2f71b658d0d683f70c46593bc5f6f0cfdba5dece7c781b6c107835d750a8a2ab0eda297cc57320dcea04b7259f9684d4204521baff967e2d63a,1576746.0,X,,DEPLOYMENT UNKNOWN,UNKNOWN,NO INDICATION OF INJURY,UNKNOWN,UNKNOWN,UNKNOWN,,,,,2023-09-08 22:18:00,30,CLEAR,"DARKNESS, LIGHTED ROAD",TURNING,NOT DIVIDED,DRY,NO DEFECTS,ON SCENE,INJURY AND / OR TOW DUE TO CRASH,,"OVER $1,500",09/08/2023 10:18:00 PM,DISREGARDING TRAFFIC SIGNALS,DISREGARDING TRAFFIC SIGNALS,,2,NO INDICATION OF INJURY,0.0,0.0,0.0,0.0,0.0,2.0,0.0,22,6,9,41.759674582,-87.644420239,POINT (-87.644420238889 41.759674581874),POINT (1172208.809860557 1855768.9165416043),2023,7400 S HALSTED ST