PERSON_ID,PERSON_TYPE,CRASH_RECORD_ID,VEHICLE_ID,SEX,AGE,AIRBAG_DEPLOYED,EJECTION,INJURY_CLASSIFICATION,DRIVER_ACTION,DRIVER_VISION,PHYSICAL_CONDITION,PEDPEDAL_ACTION,PEDPEDAL_VISIBILITY,PEDPEDAL_LOCATION,CRASH_DATE_EST_I,CRASH_DATE,POSTED_SPEED_LIMIT,WEATHER_CONDITION,LIGHTING_CONDITION,FIRST_CRASH_TYPE,TRAFFICWAY_TYPE,ROADWAY_SURFACE_COND,ROAD_DEFECT,REPORT_TYPE,CRASH_TYPE,HIT_AND_RUN_I,DAMAGE,DATE_POLICE_NOTIFIED,PRIM_CONTRIBUTORY_CAUSE,SEC_CONTRIBUTORY_CAUSE,DOORING_I,NUM_UNITS,MOST_SEVERE_INJURY,INJURIES_TOTAL,INJURIES_FATAL,INJURIES_INCAPACITATING,INJURIES_NON_INCAPACITATING,INJURIES_REPORTED_NOT_EVIDENT,INJURIES_NO_INDICATION,INJURIES_UNKNOWN,CRASH_HOUR,CRASH_DAY_OF_WEEK,CRASH_MONTH,LATITUDE,LONGITUDE,LOCATION,geometry,YEAR,ADDRESS
O1699261,DRIVER,9c73010832a9c6d2d16123f99272711328364a68d4b819e1778fec92088c8d3cbb21bd28a9e30eac2eb015121a72b84bd3ed6af3b33b279a4ad9efe983f9541a,1617392.0,M,47.0,NOT APPLICABLE,NONE,NO INDICATION OF INJURY,IMPROPER LANE CHANGE,NOT OBSCURED,NORMAL,,,,,2023-11-08 14:56:00,30,CLEAR,DAYLIGHT,SIDESWIPE SAME DIRECTION,NOT DIVIDED,DRY,NO DEFECTS,NOT ON SCENE (DESK REPORT),NO INJURY / DRIVE AWAY,,"OVER $1,500",11/08/2023 03:40:00 PM,IMPROPER OVERTAKING/PASSING,IMPROPER OVERTAKING/PASSING,,2,NO INDICATION OF INJURY,0.0,0.0,0.0,0.0,0.0,2.0,0.0,14,4,11,41.969552871,-87.762025574,POINT (-87.76202557425 41.969552871031),POINT (1139613.0117549333 1932012.9533204306),2023,4867 N MILWAUKEE AVE
O1616174,DRIVER,e4e5f7c0fd7bfc1f5107cbf579ed33fbae1792c33d665ed960a4156f4c6edd9f6ff57945889c6ac69c9d427df9d948968c529810083d85f0c482f8009e7d631d,1537940.0,F,52.0,DID NOT DEPLOY,NONE,NO INDICATION OF INJURY,TOO FAST FOR CONDITIONS,UNKNOWN,NORMAL,,,,,2023-07-12 05:45:00,45,RAIN,DAWN,FIXED OBJECT,DIVIDED - W/MEDIAN BARRIER,WET,UNKNOWN,ON SCENE,INJURY AND / OR TOW DUE TO CRASH,,"OVER $1,500",07/12/2023 05:45:00 AM,WEATHER,NOT APPLICABLE,,1,NO INDICATION OF INJURY,0.0,0.0,0.0,0.0,0.0,1.0,0.0,5,4,7,41.901527919,-87.621386172,POINT (-87.621386171565 41.901527918816),POINT (1178064.9274794844 1907510.9028801061),2023,1021 N LAKE SHORE DR NB
O1567754,DRIVER,cd529d5d2e9f9a32770b1516e1300ae7bde6bbf5e4769c0a8dfd8321c18c95ebe19bcaac8cbfd413cc5a960c2f3a1b1287682a038cb01a6c78ac2ab3494a71ca,1491379.0,F,40.0,DID NOT DEPLOY,NONE,NO INDICATION OF INJURY,FOLLOWED TOO CLOSELY,NOT OBSCURED,NORMAL,,,,,2023-05-03 15:32:00,30,CLEAR,DAYLIGHT,TURNING,FOUR WAY,DRY,NO DEFECTS,ON SCENE,NO INJURY / DRIVE AWAY,,"OVER $1,500",05/03/2023 03:33:00 PM,FOLLOWING TOO CLOSELY,EQUIPMENT - VEHICLE CONDITION,,2,NO INDICATION OF INJURY,0.0,0.0,0.0,0.0,0.0,7.0,0.0,15,4,5,41.815782079,-87.664999467,POINT (-87.66499946677 41.815782078855),POINT (1166435.142764397 1876169.80985815),2023,4301 S ASHLAND AVE
O1525130,DRIVER,55f5f3d2246e5472a84131b42695b9b8c87c4dc2b546154a6e75562dfb6e74d139a6ce8c0be796375d4cdebc4c08e0314695f4a3f6481f48c46e48b6c451a7a2,1450174.0,M,30.0,NOT APPLICABLE,NONE,NO INDICATION OF INJURY,OTHER,NOT OBSCURED,IMPAIRED - ALCOHOL,,,,,2023-02-26 01:58:00,30,CLEAR,"DARKNESS, LIGHTED ROAD",PARKED MOTOR VEHICLE,NOT DIVIDED,DRY,NO DEFECTS,ON SCENE,NO INJURY / DRIVE AWAY,,$500 OR LESS,02/26/2023 01:58:00 AM,FAILING TO REDUCE SPEED TO AVOID CRASH,PHYSICAL CONDITION OF DRIVER,,2,NO INDICATION OF INJURY,0.0,0.0,0.0,0.0,0.0,1.0,0.0,1,1,2,41.917513907,-87.684454614,POINT (-87.684454613574 41.917513907129),POINT (1160851.5151221503 1913200.0296568645),2023,2249 W ARMITAGE AVE
O1683422,DRIVER,9c19b885ead673f8fdd12066fe2b1b7a4ff1ac2b557db04432165a6cf37896b707bcff12d62ca0abb078409c3e2562f387cd321b450810672363061ad5063c2c,1602226.0,M,67.0,NOT APPLICABLE,NONE,NO INDICATION OF INJURY,NONE,NOT OBSCURED,NORMAL,,,,,2023-10-17 09:15:00,30,CLEAR,DAYLIGHT,TURNING,NOT DIVIDED,DRY,NO DEFECTS,NOT ON SCENE (DESK REPORT),NO INJURY / DRIVE AWAY,,"$501 - $1,500",10/17/2023 10:30:00 AM,IMPROPER LANE USAGE,NOT APPLICABLE,,2,NO INDICATION OF INJURY,0.0,0.0,0.0,0.0,0.0,2.0,0.0,9,3,10,41.955680983,-87.651423035,POINT (-87.651423034756 41.955680983236),POINT (1169730.9416962815 1927177.962610112),2023,4040 N BROADWAY
P354696,PASSENGER,921121db9a1c8c40421c09ef2cbc785d9d491bee66269f1fb789452dc7d98450a323fc95115941ebe90c3f49f0e936b44f137da449d561a0fa283925d5e4ed22,1526237.0,M,,DID NOT DEPLOY,NONE,NO INDICATION OF INJURY,,,,,,,,2023-06-23 16:00:00,30,CLEAR,DAYLIGHT,REAR END,NOT DIVIDED,DRY,NO DEFECTS,NOT ON SCENE (DESK REPORT),NO INJURY / DRIVE AWAY,,"OVER $1,500",06/23/2023 05:00:00 PM,UNABLE TO DETERMINE,NOT APPLICABLE,,2,NO INDICATION OF INJURY,0.0,0.0,0.0,0.0,0.0,5.0,0.0,16,6,6,41.947611554,-87.756824109,POINT (-87.756824108523 41.947611553606),POINT (1141081.3082944634 1924026.942909867),2023,3653 N LARAMIE AVE
P356138,PASSENGER,43ca5658926afc909487538a3018d092d65ad378b7731394c02f64d0e8ece194f50acc19d31a1c4ffca366a0108977f47e38a48ce51ee9b02832205cb8ed190f,1532421.0,F,19.0,DID NOT DEPLOY,NONE,NO INDICATION OF INJURY,,,,,,,,2023-06-30 18:35:00,30,RAIN,DAYLIGHT,ANGLE,NOT DIVIDED,WET,UNKNOWN,,INJURY AND / OR TOW DUE TO CRASH,,"OVER $1,500",06/30/2023 06:40:00 PM,UNABLE TO DETERMINE,UNABLE TO DETERMINE,,2,NO INDICATION OF INJURY,0.0,0.0,0.0,0.0,0.0,5.0,0.0,18,6,6,41.87515478,-87.673755882,POINT (-87.673755881513 41.875154779829),POINT (1163882.005688002 1897786.5817847897),2023,1878 W OGDEN AVE
O1696749,DRIVER,e3e76a3273d1ecfd3c7332f165106154837cfbc4e7d12b0250ce1bc1932e20878aad6e3a24d2bd2fbeef4972564dc4b69b8982cdec5daea61bbe3dbeaf5ee98f,1615018.0,F,42.0,NOT APPLICABLE,NONE,NO INDICATION OF INJURY,NONE,NOT OBSCURED,UNKNOWN,,,,,2023-10-30 07:15:00,30,UNKNOWN,UNKNOWN,SIDESWIPE SAME DIRECTION,DIVIDED - W/MEDIAN BARRIER,UNKNOWN,UNKNOWN,NOT ON SCENE (DESK REPORT),NO INJURY / DRIVE AWAY,Y,"OVER $1,500",11/04/2023 04:00:00 PM,UNABLE TO DETERMINE,NOT APPLICABLE,,2,NO INDICATION OF INJURY,0.0,0.0,0.0,0.0,0.0,2.0,0.0,7,2,10,41.719421578,-87.584782925,POINT (-87.584782925244 41.719421577924),POINT (1188607.5740293018 1841237.0365914742),2023,9633 S STONY ISLAND AVE
O1725418,DRIVER,cc6089ac0e151ab70c0daa994ec276b94804b7f3cb1437310b9c6f67e3d035621719d27d7204014a7f083eedf51ea4752565c2a767aecb1ed193dce22bbbe35c,1642503.0,F,39.0,DEPLOYMENT UNKNOWN,NONE,NO INDICATION OF INJURY,IMPROPER TURN,UNKNOWN,UNKNOWN,,,,,2023-12-18 12:30:00,30,CLEAR,DAYLIGHT,ANGLE,DIVIDED - W/MEDIAN (NOT RAISED),DRY,NO DEFECTS,ON SCENE,NO INJURY / DRIVE AWAY,Y,"OVER $1,500",12/18/2023 12:34:00 PM,FAILING TO YIELD RIGHT-OF-WAY,IMPROPER TURNING/NO SIGNAL,,2,NO INDICATION OF INJURY,0.0,0.0,0.0,0.0,0.0,2.0,0.0,12,2,12,41.918253592,-87.668183093,POINT (-87.668183093242 41.918253592392),POINT (1165277.970313859 1913503.4991176082),2023,2010 N ASHLAND AVE
O1527484,DRIVER,84fd3f88747f320d80f7843dffea48be0ccfad66202b86c3185bfc61fbb9d9b95835f1e6a1871b8209777a55682d73469836d67fc0d5096a8210d6424fb04dae,1452429.0,F,50.0,NOT APPLICABLE,NONE,NO INDICATION OF INJURY,FOLLOWED TOO CLOSELY,UNKNOWN,NORMAL,,,,,2023-03-01 16:02:00,20,CLEAR,DAYLIGHT,REAR END,NOT DIVIDED,DRY,NO DEFECTS,ON SCENE,NO INJURY / DRIVE AWAY,,"$501 - $1,500",03/01/2023 04:25:00 PM,FOLLOWING TOO CLOSELY,NOT APPLICABLE,,2,NO INDICATION OF INJURY,0.0,0.0,0.0,0.0,0.0,2.0,0.0,16,4,3,41.688318839,-87.539954369,POINT (-87.53995436949 41.688318838903),POINT (1200950.4696191677 1830013.1371989637),2023,11359 S AVENUE O
O1576140,DRIVER,0ca388d59127161cb5f4d4d6424d3528a256202959eb9a635fe6f01872ac57b227e935d5e4f38f252050966db71e13138b0e733be4b61fb4a499c390e98a6bf4,1499474.0,X,,DEPLOYMENT UNKNOWN,UNKNOWN,NO INDICATION OF INJURY,UNKNOWN,UNKNOWN,UNKNOWN,,,,,2023-05-15 06:30:00,30,CLEAR,UNKNOWN,PARKED MOTOR VEHICLE,NOT DIVIDED,DRY,UNKNOWN,NOT ON SCENE (DESK REPORT),NO INJURY / DRIVE AWAY,Y,"OVER $1,500",05/15/2023 08:54:00 AM,UNABLE TO DETERMINE,UNABLE TO DETERMINE,,3,NO INDICATION OF INJURY,0.0,0.0,0.0,0.0,0.0,1.0,0.0,6,2,5,41.761193282,-87.680657067,POINT (-87.680657067157 41.761193281652),POINT (1162317.9273447557 1856245.2241713773),2023,2300 W 73RD ST
O1607392,DRIVER,1be4a7c9dddf9dd278ce77c850c71568adccff1c175542f71ecf9d2df7a8d9c323a12376ad3645b49dde58cbfb3a20f923db62c26119de7a0ee756325450243f,1529568.0,M,15.0,NOT APPLICABLE,NONE,NO INDICATION OF INJURY,FAILED TO YIELD,UNKNOWN,NORMAL,,,,,2023-06-28 18:41:00,30,CLEAR,DAYLIGHT,ANGLE,NOT DIVIDED,DRY,NO DEFECTS,ON SCENE,NO INJURY / DRIVE AWAY,,"OVER $1,500",06/28/2023 06:41:00 PM,FAILING TO YIELD RIGHT-OF-WAY,NOT APPLICABLE,,2,NO INDICATION OF INJURY,0.0,0.0,0.0,0.0,0.0,5.0,0.0,18,4,6,41.882384243,-87.761758819,POINT (-87.761758818902 41.882384243212),POINT (1139897.2885973104 1900249.0946671295),2023,100 N LOTUS AVE
P343524,PASSENGER,5767a8a482845eff9ecab1e4ea1a4a59779ebcf69870734ce315fec01febcdb6da0d2c08bb650c8250a5c0e98c07e897bb1f91ee2354614ad5c8f7e8699a885d,1478730.0,F,,DID NOT DEPLOY,NONE,NO INDICATION OF INJURY,,,,,,,,2023-04-14 11:00:00,20,CLEAR,DAYLIGHT,FIXED OBJECT,ALLEY,DRY,NO DEFECTS,ON SCENE,INJURY AND / OR TOW DUE TO CRASH,,"OVER $1,500",04/14/2023 11:01:00 AM,DISTRACTION - FROM INSIDE VEHICLE,DISTRACTION - FROM INSIDE VEHICLE,,1,NO INDICATION OF INJURY,0.0,0.0,0.0,0.0,0.0,2.0,0.0,11,6,4,41.716377282,-87.639580103,POINT (-87.63958010336 41.716377281817),POINT (1173656.5523314213 1840002.4160383136),2023,9750 S LOWE AVE
O1661008,DRIVER,af520fd4b84bf94e7122cf7cde01da69b7141dcaaf1f849b8d637679feef6bdb68c7239fce13880f9b2962410d41f791ae8d88a3f3dba684de8b2d65e5a6a410,1580811.0,M,43.0,"DEPLOYED, FRONT",NONE,NONINCAPACITATING INJURY,NONE,UNKNOWN,NORMAL,,,,,2023-09-14 09:21:00,30,CLEAR,"DARKNESS, LIGHTED ROAD",TURNING,FOUR WAY,DRY,UNKNOWN,ON SCENE,INJURY AND / OR TOW DUE TO CRASH,,"OVER $1,500",09/14/2023 09:34:00 PM,FAILING TO YIELD RIGHT-OF-WAY,NOT APPLICABLE,,3,NONINCAPACITATING INJURY,1.0,0.0,0.0,1.0,0.0,2.0,0.0,9,5,9,41.851294737,-87.734152596,POINT (-87.734152596289 41.85129473734),POINT (1147493.9301186143 1888971.4319790632),2023,4351 W CERMAK RD
P370705,PASSENGER,f3c11ecdd32c15be9ebf41a4726845edbc7198736a4b8b09a3cde7c1fb07baa5d312e175b2627593d4e8a9d356c178fa29dbe8496bff4269a68088262758ee36,1594574.0,M,28.0,NOT APPLICABLE,NONE,NO INDICATION OF INJURY,,,,,,,,2023-10-05 12:00:00,20,CLOUDY/OVERCAST,DAYLIGHT,SIDESWIPE SAME DIRECTION,OTHER,DRY,NO DEFECTS,NOT ON SCENE (DESK REPORT),NO INJURY / DRIVE AWAY,,"OVER $1,500",10/05/2023 04:00:00 PM,UNABLE TO DETERMINE,UNABLE TO DETERMINE,,2,NO INDICATION OF INJURY,0.0,0.0,0.0,0.0,0.0,4.0,0.0,12,5,10,41.789338642,-87.741352563,POINT (-87.741352562622 41.789338641753),POINT (1145687.8686361487 1866381.361939986),2023,5701 S CICERO AVE
O1713043,DRIVER,de902fe7872759fcdf27e1d44755799df6704fb25d74ee6899b07ec9aef43a4942e801477eac1fc1b96b5c0f368b6099dce4a4420f1a9c63525ebbef542aab23,1630623.0,F,,DEPLOYMENT UNKNOWN,NONE,NO INDICATION OF INJURY,UNKNOWN,UNKNOWN,UNKNOWN,,,,,2023-11-30 11:33:00,25,CLEAR,DAYLIGHT,FIXED OBJECT,NOT DIVIDED,DRY,NO DEFECTS,NOT ON SCENE (DESK REPORT),NO INJURY / DRIVE AWAY,Y,"$501 - $1,500",11/30/2023 11:33:00 AM,UNABLE TO DETERMINE,UNABLE TO DETERMINE,,1,NO INDICATION OF INJURY,0.0,0.0,0.0,0.0,0.0,1.0,0.0,11,5,11,41.972127562,-87.724647267,POINT (-87.724647266688 41.972127562257),POINT (1149771.1460251447 1933021.181202562),2023,5004 N AVERS AVE
O1542479,DRIVER,50eeab9b5f00f3876458b008132da1f492987721b74e7732df0eed6c60764821dbc9b0934bbd5bc529dbb44e9c9afbd0981df8035223f2125724ad7b6bdc80d5,1466891.0,F,40.0,DID NOT DEPLOY,NONE,NO INDICATION OF INJURY,FOLLOWED TOO CLOSELY,NOT OBSCURED,NORMAL,,,,,2023-03-26 00:15:00,30,CLEAR,DARKNESS,REAR END,DIVIDED - W/MEDIAN (NOT RAISED),DRY,NO DEFECTS,NOT ON SCENE (DESK REPORT),NO INJURY / DRIVE AWAY,,$500 OR LESS,03/26/2023 12:45:00 AM,FOLLOWING TOO CLOSELY,DRIVING SKILLS/KNOWLEDGE/EXPERIENCE,,2,NO INDICATION OF INJURY,0.0,0.0,0.0,0.0,0.0,2.0,0.0,0,1,3,41.901531983,-87.631526068,POINT (-87.631526068052 41.901531982704),POINT (1175304.493953323 1907489.638058036),2023,1030 N CLARK ST
P362733,PASSENGER,2ce526f637248b1609f91beb94a6318b5e3e3415b3f9764526089636f1e4286c821b2fa366205f5920f81323bb63d1005604a4276d8a388c2c15bddb8f43d7b1,1559782.0,F,24.0,"DEPLOYED, COMBINATION",NONE,NO INDICATION OF INJURY,,,,,,,,2023-08-13 23:52:00,40,CLEAR,"DARKNESS, LIGHTED ROAD",SIDESWIPE SAME DIRECTION,DIVIDED - W/MEDIAN BARRIER,DRY,NO DEFECTS,ON SCENE,INJURY AND / OR TOW DUE TO CRASH,,"OVER $1,500",08/13/2023 11:55:00 PM,IMPROPER LANE USAGE,FAILING TO REDUCE SPEED TO AVOID CRASH,,2,NONINCAPACITATING INJURY,1.0,0.0,0.0,1.0,0.0,4.0,0.0,23,1,8,41.918460818,-87.628739996,POINT (-87.628739995864 41.918460818079),POINT (1176012.2811987845 1913664.7416408688),2023,2001 N LAKE SHORE DR NB
P339231,PASSENGER,e8e85e8b1205fbff7676135dbd6d4e16f4a80105f653312a907bbc7471762e7854a83971304ae070f81d3e45d44a973c218c87cc84ea3b5f5727a9a91ef331c3,1460191.0,,,NOT APPLICABLE,NONE,NO INDICATION OF INJURY,,,,,,,,2023-03-11 09:55:00,30,CLEAR,DAYLIGHT,SIDESWIPE SAME DIRECTION,ONE-WAY,WET,NO DEFECTS,,INJURY AND / OR TOW DUE TO CRASH,,"OVER $1,500",03/11/2023 10:00:00 AM,UNABLE TO DETERMINE,NOT APPLICABLE,,2,NONINCAPACITATING INJURY,1.0,0.0,0.0,1.0,0.0,5.0,0.0,9,7,3,41.885784672,-87.635556924,POINT (-87.635556924462 41.885784672133),POINT (1174253.8267501572 1901742.3663276457),2023,200 N FRANKLIN ST
P369888,PASSENGER,c00dce88f8d2cd3aaf2fe191753a32924a1a1ca0b3c3ada9a4aa72796454fc85a90b262e8495fdef4f14cf02f77dc8cef26ca74e79708ab613c42b4477a784cb,1590640.0,F,49.0,DID NOT DEPLOY,NONE,NO INDICATION OF INJURY,,,,,,,,2023-09-29 16:56:00,30,CLEAR,DAYLIGHT,TURNING,NOT DIVIDED,DRY,UNKNOWN,ON SCENE,INJURY AND / OR TOW DUE TO CRASH,,"OVER $1,500",09/29/2023 05:11:00 PM,DRIVING ON WRONG SIDE/WRONG WAY,DRIVING ON WRONG SIDE/WRONG WAY,,4,NONINCAPACITATING INJURY,5.0,0.0,0.0,5.0,0.0,4.0,0.0,16,6,9,41.866073793,-87.724372677,POINT (-87.724372677062 41.866073793482),POINT (1150120.2370743994 1894375.621019816),2023,3943 W ROOSEVELT RD
O1692848,DRIVER,9592e7c2370080c0a79a0b612524c7c903e3985c6b4f34d9951a049265c2bfe03532ac4095e74e8a8b1c4e8d10678e74e191225d799d51e3e7b741b410b243d2,1611245.0,X,,DEPLOYMENT UNKNOWN,NONE,NO INDICATION OF INJURY,UNKNOWN,UNKNOWN,UNKNOWN,,,,Y,2023-10-30 07:15:00,30,UNKNOWN,UNKNOWN,PARKED MOTOR VEHICLE,ONE-WAY,UNKNOWN,NO DEFECTS,NOT ON SCENE (DESK REPORT),NO INJURY / DRIVE AWAY,N,"OVER $1,500",10/30/2023 02:20:00 PM,NOT APPLICABLE,NOT APPLICABLE,,2,NO INDICATION OF INJURY,0.0,0.0,0.0,0.0,0.0,1.0,0.0,7,2,10,41.782367106,-87.701870027,POINT (-87.701870026726 41.782367105899),POINT (1156473.7756103654 1863917.5948253209),2023,6107 S TROY ST
O1561196,DRIVER,b61a5b385c054125cf5890d04a3f3789e5c277ca91506e3e484a8582ec94ade829d7cef73e2aa8242bd45f3dc43f3d315f551730494f0bc929b8f8be08709c73,1485003.0,X,,DEPLOYMENT UNKNOWN,UNKNOWN,NO INDICATION OF INJURY,UNKNOWN,UNKNOWN,UNKNOWN,,,,Y,2023-04-24 01:07:00,30,CLEAR,"DARKNESS, LIGHTED ROAD",FIXED OBJECT,NOT DIVIDED,DRY,NO DEFECTS,ON SCENE,INJURY AND / OR TOW DUE TO CRASH,N,"OVER $1,500",04/24/2023 01:08:00 AM,UNABLE TO DETERMINE,UNABLE TO DETERMINE,,1,NO INDICATION OF INJURY,0.0,0.0,0.0,0.0,0.0,1.0,0.0,1,2,4,41.885253052,-87.744949437,POINT (-87.744949436925 41.885253052384),POINT (1144467.555431278 1901325.4192344388),2023,4749 W FULTON ST
O1677861,DRIVER,41b6f8f1c4c1f2ac500c175dd7d0b7506b2cc28846605c6298cf0d3aff7e0e53af31ce61f11f8c6886fe4bd71e105349179d8070b7ef2ad9a69df99642c9b144,1596882.0,M,61.0,DID NOT DEPLOY,NONE,NO INDICATION OF INJURY,UNKNOWN,UNKNOWN,UNKNOWN,,,,,2023-10-09 09:40:00,35,CLEAR,DAYLIGHT,TURNING,UNKNOWN,DRY,NO DEFECTS,NOT ON SCENE (DESK REPORT),NO INJURY / DRIVE AWAY,,"OVER $1,500",10/09/2023 10:30:00 AM,UNABLE TO DETERMINE,UNABLE TO DETERMINE,,2,NO INDICATION OF INJURY,0.0,0.0,0.0,0.0,0.0,2.0,0.0,9,2,10,41.844453993,-87.623753576,POINT (-87.623753575917 41.844453993339),POINT (1177592.3715007387 1886707.8913115829),2023,2640 S MICHIGAN AVE
O1677036,DRIVER,305c49e3c543935874599462275b817267d5b9fa5a323ebfb3b3195c24e686b6b6d303dc84cbb1785d5451a1e2dd08241a277e713313655bb310c7e53e764bb7,1596109.0,F,35.0,DEPLOYMENT UNKNOWN,NONE,NO INDICATION OF INJURY,NONE,OTHER,NORMAL,,,,,2023-10-07 16:37:00,30,CLEAR,DAYLIGHT,REAR END,FOUR WAY,DRY,NO DEFECTS,ON SCENE,INJURY AND / OR TOW DUE TO CRASH,,"OVER $1,500",10/07/2023 04:37:00 PM,DISTRACTION - FROM INSIDE VEHICLE,DISTRACTION - FROM INSIDE VEHICLE,,2,NO INDICATION OF INJURY,0.0,0.0,0.0,0.0,0.0,2.0,0.0,16,7,10,41.755939435,-87.644326983,POINT (-87.644326982862 41.755939434992),POINT (1172245.154264213 1854408.064806071),2023,7602 S HALSTED ST
O1509620,DRIVER,872470560bc4ce7a3d3bc23fc89f10931c8655ad0b5df288774b5a131e56519500aec93685c7ba4c671a60896cbb8f43dab35b2e92090cc3c3409a168701f069,1435256.0,F,55.0,DID NOT DEPLOY,NONE,NO INDICATION OF INJURY,NONE,NOT OBSCURED,NORMAL,,,,,2023-01-31 07:50:00,30,CLEAR,DAWN,SIDESWIPE SAME DIRECTION,NOT DIVIDED,DRY,NO DEFECTS,ON SCENE,NO INJURY / DRIVE AWAY,Y,"OVER $1,500",01/31/2023 08:05:00 AM,"OPERATING VEHICLE IN ERRATIC, RECKLESS, CARELESS, NEGLIGENT OR AGGRESSIVE MANNER",IMPROPER OVERTAKING/PASSING,,2,NO INDICATION OF INJURY,0.0,0.0,0.0,0.0,0.0,3.0,0.0,7,3,1,41.684269976,-87.70713448,POINT (-87.707134480121 41.684269975834),POINT (1155298.0212138004 1828161.5438919559),2023,3442 W 115TH ST
O1594029,DRIVER,f7a7510675ca62597eede639e4eeef43a0bce6206c19eb1a2bbcf987e3bb79d7eee05866067762ba35fe9610d2f449f1066a8a33429463606c38c86190ecad77,1516775.0,M,,DEPLOYMENT UNKNOWN,NONE,NO INDICATION OF INJURY,FAILED TO YIELD,UNKNOWN,UNKNOWN,,,,,2023-06-09 12:03:00,30,CLEAR,DAYLIGHT,ANGLE,FOUR WAY,DRY,NO DEFECTS,ON SCENE,NO INJURY / DRIVE AWAY,,"OVER $1,500",06/09/2023 12:04:00 PM,FAILING TO REDUCE SPEED TO AVOID CRASH,FAILING TO YIELD RIGHT-OF-WAY,,2,NO INDICATION OF INJURY,0.0,0.0,0.0,0.0,0.0,4.0,0.0,12,6,6,41.928479546,-87.697368366,POINT (-87.697368365907 41.928479545965),POINT (1157307.2039898923 1917169.5955173369),2023,2565 N CALIFORNIA AVE
O1705131,DRIVER,06b0c22ee726aaca87d62fabd3a054c14dc570a5b7811da41e24b85e47249f46ed82c58a09779aa24303268c421466a2bb16e9af3b0c7595276998db2a3fa4e8,1623012.0,M,31.0,NOT APPLICABLE,NONE,"REPORTED, NOT EVIDENT",NONE,UNKNOWN,NORMAL,,,,,2023-11-17 07:30:00,30,CLEAR,DAYLIGHT,REAR END,NOT DIVIDED,DRY,UNKNOWN,ON SCENE,INJURY AND / OR TOW DUE TO CRASH,,"OVER $1,500",11/17/2023 07:30:00 AM,FAILING TO YIELD RIGHT-OF-WAY,IMPROPER OVERTAKING/PASSING,,3,"REPORTED, NOT EVIDENT",4.0,0.0,0.0,0.0,4.0,3.0,0.0,7,6,11,41.885929547,-87.735934447,POINT (-87.735934446516 41.88592954744),POINT (1146920.6404766617 1901588.8932301754),2023,4405 W LAKE ST
O1679218,DRIVER,031e7a7e95b742bf400e94bd68b16489d998d751b29d00303f4fe4965addae0d706849210743f26976ecb54dbd46d27a17386b307b2a413a4d1d17367ff1ced3,1598162.0,M,35.0,DEPLOYMENT UNKNOWN,UNKNOWN,NO INDICATION OF INJURY,UNKNOWN,UNKNOWN,UNKNOWN,,,,,2023-09-22 14:33:00,30,CLEAR,DAYLIGHT,PEDALCYCLIST,NOT DIVIDED,DRY,NO DEFECTS,,INJURY AND / OR TOW DUE TO CRASH,Y,"OVER $1,500",09/22/2023 03:09:00 PM,UNABLE TO DETERMINE,UNABLE TO DETERMINE,,2,NONINCAPACITATING INJURY,1.0,0.0,0.0,1.0,0.0,1.0,0.0,14,6,9,41.84299599,-87.695309306,POINT (-87.695309305721 41.842995989593),POINT (1158099.1132427559 1886023.6321880596),2023,2650 S CALIFORNIA AVE
O1537859,DRIVER,ac7a87eb2b3b761bfa1fa036fc8f6f0a399c288c2627e5c29753c3366987350bbf7c28569770d6220bf8314ca23241128973e770c981ee649c7912b6cfb18411,1462422.0,M,27.0,"DEPLOYED, COMBINATION",NONE,NO INDICATION OF INJURY,UNKNOWN,UNKNOWN,NORMAL,,,,,2023-03-17 20:40:00,45,CLEAR,"DARKNESS, LIGHTED ROAD",SIDESWIPE SAME DIRECTION,DIVIDED - W/MEDIAN BARRIER,DRY,NO DEFECTS,ON SCENE,INJURY AND / OR TOW DUE TO CRASH,,"OVER $1,500",03/17/2023 08:52:00 PM,IMPROPER LANE USAGE,NOT APPLICABLE,,2,NO INDICATION OF INJURY,0.0,0.0,0.0,0.0,0.0,2.0,0.0,20,6,3,41.933199441,-87.636270982,POINT (-87.636270982484 41.933199440962),POINT (1173918.9740374114 1919018.775955369),2023,2806 N LAKE SHORE DR
O1721778,DRIVER,a5b9e6c2dfbea5155be44878f2d96755e856f954f19d8315d7f69cafa63d56ba341769499b43115168f3c88b43827ff666b48c28eba1abe0912197e714075e13,1639025.0,F,30.0,NOT APPLICABLE,UNKNOWN,NO INDICATION OF INJURY,NONE,UNKNOWN,NORMAL,,,,,2023-12-13 07:45:00,30,CLEAR,DAYLIGHT,TURNING,ALLEY,DRY,NO DEFECTS,ON SCENE,NO INJURY / DRIVE AWAY,,"OVER $1,500",12/13/2023 07:48:00 AM,"VISION OBSCURED (SIGNS, TREE LIMBS, BUILDINGS, ETC.)",NOT APPLICABLE,,2,NO INDICATION OF INJURY,0.0,0.0,0.0,0.0,0.0,2.0,0.0,7,4,12,41.801273168,-87.606252158,POINT (-87.606252158053 41.801273168238),POINT (1182494.2461837113 1871012.8642846302),2023,801 E DREXEL SQUARE DR
O1629943,DRIVER,dcc8663c8a98c4fb27659eb54b0351f571013c331c483def109268c7aee33cc4a37da62555de72dd2168ffead8dbfa16d117004659370ed27490a4c914194b53,1551058.0,F,,DEPLOYMENT UNKNOWN,NONE,NO INDICATION OF INJURY,UNKNOWN,UNKNOWN,UNKNOWN,,,,,2023-07-29 23:45:00,30,CLEAR,"DARKNESS, LIGHTED ROAD",REAR END,ONE-WAY,DRY,NO DEFECTS,NOT ON SCENE (DESK REPORT),NO INJURY / DRIVE AWAY,Y,"OVER $1,500",08/01/2023 01:50:00 PM,UNABLE TO DETERMINE,UNABLE TO DETERMINE,,2,NO INDICATION OF INJURY,0.0,0.0,0.0,0.0,0.0,4.0,0.0,23,7,7,41.857457166,-87.643628222,POINT (-87.643628222069 41.857457165615),POINT (1172138.9506141692 1891402.0954385872),2023,1805 S RUBLE ST