PERSON_ID,PERSON_TYPE,CRASH_RECORD_ID,VEHICLE_ID,SEX,AGE,AIRBAG_DEPLOYED,EJECTION,INJURY_CLASSIFICATION,DRIVER_ACTION,DRIVER_VISION,PHYSICAL_CONDITION,PEDPEDAL_ACTION,PEDPEDAL_VISIBILITY,PEDPEDAL_LOCATION,CRASH_DATE_EST_I,CRASH_DATE,POSTED_SPEED_LIMIT,WEATHER_CONDITION,LIGHTING_CONDITION,FIRST_CRASH_TYPE,TRAFFICWAY_TYPE,ROADWAY_SURFACE_COND,ROAD_DEFECT,REPORT_TYPE,CRASH_TYPE,HIT_AND_RUN_I,DAMAGE,DATE_POLICE_NOTIFIED,PRIM_CONTRIBUTORY_CAUSE,SEC_CONTRIBUTORY_CAUSE,DOORING_I,NUM_UNITS,MOST_SEVERE_INJURY,INJURIES_TOTAL,INJURIES_FATAL,INJURIES_INCAPACITATING,INJURIES_NON_INCAPACITATING,INJURIES_REPORTED_NOT_EVIDENT,INJURIES_NO_INDICATION,INJURIES_UNKNOWN,CRASH_HOUR,CRASH_DAY_OF_WEEK,CRASH_MONTH,LATITUDE,LONGITUDE,LOCATION,geometry,YEAR,ADDRESS
O1571437,DRIVER,938e9cd094242507c2a6539e45d7692c5591f228f11908e223c60a3ae14eac57a8efca35a74ed7a341fc717116ac79c2ed2e6946853fdda1d73fd5c6866e59b7,1494918.0,M,,DEPLOYMENT UNKNOWN,NONE,NO INDICATION OF INJURY,UNKNOWN,UNKNOWN,UNKNOWN,,,,,2023-05-08 16:00:00,30,UNKNOWN,DAYLIGHT,SIDESWIPE SAME DIRECTION,FOUR WAY,UNKNOWN,UNKNOWN,NOT ON SCENE (DESK REPORT),NO INJURY / DRIVE AWAY,,"OVER $1,500",05/08/2023 05:30:00 PM,UNABLE TO DETERMINE,NOT APPLICABLE,,2,NO INDICATION OF INJURY,0.0,0.0,0.0,0.0,0.0,2.0,0.0,16,2,5,41.924579013,-87.726625274,POINT (-87.726625273701 41.924579013311),POINT (1149355.9108456697 1915690.5439969795),2023,2401 N PULASKI RD
O1673291,DRIVER,5eca7fb1d484b5d2da9c3be7987be0453c6aa1ccb9a687dcb053278bcab82905c2e29a4ae48681c064b89e1996f7c645a4275f3290d7f2aaf706ed69ee6586d1,1592536.0,M,,DEPLOYMENT UNKNOWN,NONE,NO INDICATION OF INJURY,FAILED TO YIELD,UNKNOWN,UNKNOWN,,,,,2023-10-02 16:50:00,30,CLEAR,DAYLIGHT,PEDESTRIAN,FOUR WAY,DRY,NO DEFECTS,ON SCENE,NO INJURY / DRIVE AWAY,Y,$500 OR LESS,10/02/2023 05:06:00 PM,FAILING TO YIELD RIGHT-OF-WAY,IMPROPER BACKING,,2,NO INDICATION OF INJURY,0.0,0.0,0.0,0.0,0.0,2.0,0.0,16,2,10,41.918922008,-87.736231571,POINT (-87.736231570817 41.918922008044),POINT (1146756.0535951958 1913610.7755824942),2023,2101 N KOSTNER AVE
O1600053,DRIVER,bd8205fe71f2d113a2b92ad1aaac04d9c47d43de0a3d87b2c16dd72ae7dc5acfc65e84e4cee32969fbbce98b7705fa12af7945d775dd1ff42f4823697eef5edb,1522525.0,M,43.0,NOT APPLICABLE,NONE,NO INDICATION OF INJURY,IMPROPER BACKING,NOT OBSCURED,NORMAL,,,,,2023-06-17 12:30:00,20,CLEAR,DAYLIGHT,REAR TO FRONT,PARKING LOT,DRY,NO DEFECTS,NOT ON SCENE (DESK REPORT),NO INJURY / DRIVE AWAY,,"OVER $1,500",06/18/2023 12:50:00 AM,IMPROPER BACKING,NOT APPLICABLE,,2,NO INDICATION OF INJURY,0.0,0.0,0.0,0.0,0.0,2.0,0.0,12,7,6,41.946057604,-87.70823011,POINT (-87.708230109805 41.946057604016),POINT (1154304.8135323634 1923553.342753158),2023,3570 N ELSTON AVE
O1676072,DRIVER,650adeb699dc03ab2a317178acd533c58c6e1e1fc02be1bd159db40137cab8424e40553cb77c3d232d864800353878e7c8fe71d5fc5e27edf9bb6e44468dedc0,1595164.0,M,61.0,NOT APPLICABLE,NONE,NO INDICATION OF INJURY,IMPROPER LANE CHANGE,NOT OBSCURED,NORMAL,,,,,2023-10-06 11:57:00,30,CLEAR,DAYLIGHT,SIDESWIPE SAME DIRECTION,FOUR WAY,WET,NO DEFECTS,NOT ON SCENE (DESK REPORT),NO INJURY / DRIVE AWAY,,$500 OR LESS,10/06/2023 02:45:00 PM,FOLLOWING TOO CLOSELY,NOT APPLICABLE,,2,NO INDICATION OF INJURY,0.0,0.0,0.0,0.0,0.0,2.0,0.0,11,6,10,41.893299544,-87.624064697,POINT (-87.62406469681 41.893299544116),POINT (1177360.5310417586 1904506.4400111488),2023,625 N MICHIGAN AVE
P371296,PASSENGER,a323c25dc51aa05e62b4d93012d336b69f2faee513a8d90451344943354b11a787da531a0ed300fb1295dbfc18a800744e54459bd2c0ecb07661edbd6d7ebc49,1596995.0,F,3.0,DID NOT DEPLOY,NONE,NO INDICATION OF INJURY,,,,,,,,2023-10-08 10:55:00,30,CLEAR,DAYLIGHT,ANGLE,DIVIDED - W/MEDIAN (NOT RAISED),DRY,UNKNOWN,,NO INJURY / DRIVE AWAY,N,"OVER $1,500",10/08/2023 04:00:00 PM,UNABLE TO DETERMINE,UNABLE TO DETERMINE,,2,NO INDICATION OF INJURY,0.0,0.0,0.0,0.0,0.0,5.0,0.0,10,1,10,41.797228326,-87.723127475,POINT (-87.72312747534 41.797228325533),POINT (1150637.6098010011 1869291.0560005629),2023,5249 S PULASKI RD
O1695092,PEDESTRIAN,154b2f4e2ca9e7cabed9f89a3fa180bfb798b4b665c2a999e848150b8b83332f10f79a5233c954a5bc10ae99ba983b7cbbd99000a617498996c124802d8ac388,,M,,,,NONINCAPACITATING INJURY,NONE,UNKNOWN,NORMAL,UNKNOWN/NA,NO CONTRASTING CLOTHING,IN CROSSWALK,,2023-10-03 15:12:00,30,CLEAR,DAYLIGHT,PEDESTRIAN,DIVIDED - W/MEDIAN (NOT RAISED),DRY,NO DEFECTS,,INJURY AND / OR TOW DUE TO CRASH,Y,$500 OR LESS,10/03/2023 03:17:00 PM,FAILING TO YIELD RIGHT-OF-WAY,IMPROPER TURNING/NO SIGNAL,,2,NONINCAPACITATING INJURY,1.0,0.0,0.0,1.0,0.0,1.0,0.0,15,3,10,41.968240201,-87.689043295,POINT (-87.689043295124 41.968240201163),POINT (1159463.6966770252 1931675.4115004544),2023,4750 N WESTERN AVE
O1593603,DRIVER,ec7b362cdca80e986194032c9b0846a9f03dce2c66c31cb9087134e46c307279e346a18480b96b3a8d4b35e676cb057481e122eb1734e1fddf6a885aeefb42f5,1516365.0,M,31.0,DID NOT DEPLOY,NONE,NO INDICATION OF INJURY,NONE,NOT OBSCURED,NORMAL,,,,,2023-06-08 16:26:00,30,CLEAR,DAYLIGHT,ANGLE,NOT DIVIDED,DRY,NO DEFECTS,ON SCENE,NO INJURY / DRIVE AWAY,Y,"OVER $1,500",06/08/2023 04:29:00 PM,FAILING TO YIELD RIGHT-OF-WAY,FAILING TO REDUCE SPEED TO AVOID CRASH,,2,NO INDICATION OF INJURY,0.0,0.0,0.0,0.0,0.0,2.0,0.0,16,5,6,41.91717079,-87.667114702,POINT (-87.667114701936 41.917170790177),POINT (1165571.81142649 1913111.181682799),2023,1930 N ELSTON AVE
O1510688,DRIVER,67f06be9a97ebfb91b886c53589472c0f1479356c38289f67fe43c65d994097f6ea2d494d62cc2305ca2237704ce90e60ed36a02f256eaf07939230d628495fc,1436290.0,M,47.0,"DEPLOYED, COMBINATION",NONE,NO INDICATION OF INJURY,IMPROPER LANE CHANGE,UNKNOWN,IMPAIRED - ALCOHOL,,,,,2023-02-03 02:12:00,30,CLEAR,"DARKNESS, LIGHTED ROAD",PARKED MOTOR VEHICLE,NOT DIVIDED,DRY,NO DEFECTS,ON SCENE,INJURY AND / OR TOW DUE TO CRASH,,"OVER $1,500",02/03/2023 02:13:00 AM,UNDER THE INFLUENCE OF ALCOHOL/DRUGS (USE WHEN ARREST IS EFFECTED),IMPROPER LANE USAGE,,2,NO INDICATION OF INJURY,0.0,0.0,0.0,0.0,0.0,1.0,0.0,2,6,2,41.870638986,-87.656648015,POINT (-87.656648014925 41.870638986169),POINT (1168554.228169591 1896177.3018946792),2023,839 S RACINE AVE
P358888,PASSENGER,a31ffde6d076241cf5a851ebf1441e8b3447cdc1413986fb1566642fe37628d2156b22f26060576b8fc8069f8fddfa719b6d7d4f5e5d8908af8de1335a9efa93,1543947.0,F,8.0,"DEPLOYED, SIDE",NONE,NO INDICATION OF INJURY,,,,,,,,2023-07-21 07:48:00,30,CLEAR,DAYLIGHT,ANGLE,FOUR WAY,DRY,NO DEFECTS,ON SCENE,INJURY AND / OR TOW DUE TO CRASH,Y,"OVER $1,500",07/21/2023 07:48:00 AM,DISREGARDING TRAFFIC SIGNALS,FAILING TO YIELD RIGHT-OF-WAY,,2,"REPORTED, NOT EVIDENT",1.0,0.0,0.0,0.0,1.0,3.0,0.0,7,6,7,41.794079798,-87.669386127,POINT (-87.669386127369 41.794079798077),POINT (1165300.4405752134 1868252.3553538905),2023,1798 W GARFIELD BLVD
O1611622,DRIVER,c63fed1fd7f70c6573396cb1c447176656d632e18cac614a0801d25351f52d08613ef6708c0075f8014a39e2e0ce4e924c2e2ed1561298d7385567113e306d21,1533587.0,M,,DEPLOYMENT UNKNOWN,NONE,NO INDICATION OF INJURY,UNKNOWN,UNKNOWN,UNKNOWN,,,,,2023-07-05 10:45:00,30,CLEAR,DAYLIGHT,ANGLE,DIVIDED - W/MEDIAN (NOT RAISED),DRY,NO DEFECTS,ON SCENE,NO INJURY / DRIVE AWAY,Y,"OVER $1,500",07/05/2023 11:05:00 AM,UNABLE TO DETERMINE,UNABLE TO DETERMINE,,2,NO INDICATION OF INJURY,0.0,0.0,0.0,0.0,0.0,2.0,0.0,10,4,7,41.794115373,-87.629254382,POINT (-87.629254382008 41.79411537272),POINT (1176243.8409338773 1868352.392870964),2023,139 W GARFIELD BLVD
P351053,PASSENGER,62c4611461636667f497aeac1c5188cb924896fc474d53c46a0194ca30dd42002c6615aed0b146487ff4c218cff817a28ea2f5f8ddae149239cf8bc81d729809,1510883.0,F,26.0,NOT APPLICABLE,NONE,NO INDICATION OF INJURY,,,,,,,,2023-05-31 20:00:00,35,CLEAR,"DARKNESS, LIGHTED ROAD",REAR END,DIVIDED - W/MEDIAN BARRIER,DRY,NO DEFECTS,ON SCENE,INJURY AND / OR TOW DUE TO CRASH,,"OVER $1,500",05/31/2023 08:30:00 PM,ROAD CONSTRUCTION/MAINTENANCE,UNABLE TO DETERMINE,,3,NONINCAPACITATING INJURY,1.0,0.0,0.0,1.0,0.0,3.0,0.0,20,4,5,41.911856953,-87.626169523,POINT (-87.626169523312 41.911856952541),POINT (1176731.7078343 1911264.0417048447),2023,1600 N LAKE SHORE DR NB
O1724044,DRIVER,addf79ae65642cc48ac8aded91512525a32715b05d296f789ecb0041fa185795b83b7f10f8eef46485eefbb8e753fd59f874ff87db5c72bcc509431a330c5237,1641193.0,M,59.0,"DEPLOYED, FRONT",NONE,NO INDICATION OF INJURY,FAILED TO YIELD,NOT OBSCURED,NORMAL,,,,,2023-12-16 11:00:00,25,RAIN,DAYLIGHT,ANGLE,NOT DIVIDED,WET,NO DEFECTS,ON SCENE,INJURY AND / OR TOW DUE TO CRASH,,"OVER $1,500",12/16/2023 11:05:00 AM,FAILING TO YIELD RIGHT-OF-WAY,NOT APPLICABLE,,2,"REPORTED, NOT EVIDENT",1.0,0.0,0.0,0.0,1.0,1.0,0.0,11,7,12,41.886643657,-87.678048622,POINT (-87.678048622143 41.88664365719),POINT (1162680.931652405 1901964.1608883948),2023,2031 W FULTON ST
O1599669,DRIVER,aebfecce8c08eba6d879dda458baf0f6e962b09a1aea27b4cd4429b1e3d10a706b46eafcf73d34b4d1ae1e9b550594bf93ae1db3898e2eaa8c98f6383da1ef10,1522170.0,F,27.0,DID NOT DEPLOY,NONE,NO INDICATION OF INJURY,UNKNOWN,NOT OBSCURED,NORMAL,,,,,2023-06-17 12:35:00,30,CLEAR,DAYLIGHT,TURNING,NOT DIVIDED,DRY,NO DEFECTS,NOT ON SCENE (DESK REPORT),INJURY AND / OR TOW DUE TO CRASH,,"OVER $1,500",06/17/2023 01:00:00 PM,UNABLE TO DETERMINE,UNABLE TO DETERMINE,,2,"REPORTED, NOT EVIDENT",1.0,0.0,0.0,0.0,1.0,1.0,0.0,12,7,6,41.710882451,-87.533381606,POINT (-87.533381606106 41.710882450514),POINT (1202669.3744064576 1838251.6686266589),2023,10150 S INDIANAPOLIS AVE
O1667604,DRIVER,e49d86565f8065ef88873d8c8242906edc509bc7ba0ed238ad29e141a461f642637fcb9f21cdd762c9a199e1bba4e4e92a0a3c68bf7bf792c402c0d220050f44,1587109.0,M,37.0,NOT APPLICABLE,NONE,NO INDICATION OF INJURY,NONE,UNKNOWN,UNKNOWN,,,,,2023-09-24 02:45:00,30,UNKNOWN,UNKNOWN,REAR TO FRONT,ALLEY,UNKNOWN,UNKNOWN,NOT ON SCENE (DESK REPORT),NO INJURY / DRIVE AWAY,,$500 OR LESS,09/24/2023 03:15:00 AM,UNABLE TO DETERMINE,UNABLE TO DETERMINE,,2,NO INDICATION OF INJURY,0.0,0.0,0.0,0.0,0.0,2.0,0.0,2,1,9,41.809290911,-87.616733046,POINT (-87.616733045993 41.809290910501),POINT (1179612.1754150582 1873910.487723472),2023,4700 S DR MARTIN LUTHER KING JR DR
O1727514,DRIVER,2dff3a3ecdc58cdfd0e993a14e9417e033e3c7e7825985425f077aa21a4a82abc59a05694f0bffc048eca129307e10366f2d75ea3e36fbae7ea99542276986ba,1644521.0,F,,NOT APPLICABLE,NONE,NO INDICATION OF INJURY,UNKNOWN,NOT OBSCURED,NORMAL,,,,,2023-12-21 17:23:00,30,CLEAR,"DARKNESS, LIGHTED ROAD",REAR END,DIVIDED - W/MEDIAN (NOT RAISED),DRY,NO DEFECTS,NOT ON SCENE (DESK REPORT),NO INJURY / DRIVE AWAY,Y,$500 OR LESS,12/21/2023 06:15:00 PM,UNABLE TO DETERMINE,UNABLE TO DETERMINE,,4,NO INDICATION OF INJURY,0.0,0.0,0.0,0.0,0.0,4.0,0.0,17,5,12,41.756876395,-87.722321738,POINT (-87.722321738255 41.756876394825),POINT (1150961.7875413406 1854588.6961575216),2023,7500 S PULASKI RD
O1641979,DRIVER,a4754f656e8f185eb4ad79d0240efa23a069d51d0a71859462a054ae897eb8262d8101d2b3a9e10b8128bf3ba0b16ac7736843f469d9f9de7ef79cd085a831f5,1562579.0,M,,DEPLOYMENT UNKNOWN,UNKNOWN,NO INDICATION OF INJURY,UNKNOWN,UNKNOWN,UNKNOWN,,,,,2023-08-18 21:30:00,30,UNKNOWN,UNKNOWN,PEDALCYCLIST,NOT DIVIDED,OTHER,UNKNOWN,NOT ON SCENE (DESK REPORT),INJURY AND / OR TOW DUE TO CRASH,Y,$500 OR LESS,08/19/2023 10:25:00 AM,UNABLE TO DETERMINE,UNABLE TO DETERMINE,,2,"REPORTED, NOT EVIDENT",1.0,0.0,0.0,0.0,1.0,4.0,0.0,21,6,8,41.896429354,-87.652043519,POINT (-87.652043518853 41.896429353542),POINT (1169733.7209735878 1905585.2124938613),2023,960 W CHICAGO AVE
O1536563,DRIVER,b1a9e89759a52627c899516772bba21ad09ddcd1c70004d7e74b17b6123d70ac1e132cf42affe119a39edf2d3179f228023229b35da2f74514d92f5124a1be91,1461187.0,F,27.0,DID NOT DEPLOY,NONE,NO INDICATION OF INJURY,NONE,NOT OBSCURED,NORMAL,,,,,2023-03-16 15:35:00,30,CLEAR,DAYLIGHT,REAR END,DIVIDED - W/MEDIAN (NOT RAISED),DRY,UNKNOWN,NOT ON SCENE (DESK REPORT),NO INJURY / DRIVE AWAY,Y,"OVER $1,500",03/16/2023 04:10:00 PM,UNABLE TO DETERMINE,UNABLE TO DETERMINE,,2,NO INDICATION OF INJURY,0.0,0.0,0.0,0.0,0.0,2.0,0.0,15,5,3,41.882007102,-87.720942747,POINT (-87.720942746585 41.882007101597),POINT (1151013.0700510498 1900188.3342156026),2023,3800 W WASHINGTON BLVD
O1712066,DRIVER,812d552fa0deda2c1637f4d51ce30cd99181ba6e82940bf6ff2dc8085638d4fd0a3f8bde86208ffac26bbb45cc8d4b10d06e3975d0b573ea101206861df5b2e3,1629690.0,F,,DID NOT DEPLOY,NONE,NO INDICATION OF INJURY,NONE,NOT OBSCURED,NORMAL,,,,,2023-11-26 21:10:00,30,CLEAR,"DARKNESS, LIGHTED ROAD",REAR END,NOT DIVIDED,DRY,NO DEFECTS,NOT ON SCENE (DESK REPORT),NO INJURY / DRIVE AWAY,Y,"OVER $1,500",11/28/2023 07:14:00 PM,DRIVING SKILLS/KNOWLEDGE/EXPERIENCE,NOT APPLICABLE,,2,NO INDICATION OF INJURY,0.0,0.0,0.0,0.0,0.0,3.0,0.0,21,1,11,41.764524053,-87.700429097,POINT (-87.700429096917 41.764524053306),POINT (1156914.6215151623 1857418.6196426067),2023,3100 W 71ST ST
O1648134,DRIVER,80e9c0c64624e1d641ba41c789a8bfb70b933eca12a589ffaa8006c1a6717a4f926ff4819751fee15368abd9c73cd38c5d0a61214551a7136745302fa00c0a00,1568453.0,M,,DEPLOYMENT UNKNOWN,UNKNOWN,NO INDICATION OF INJURY,IMPROPER PASSING,UNKNOWN,UNKNOWN,,,,,2023-08-27 20:47:00,25,CLEAR,DUSK,TURNING,DIVIDED - W/MEDIAN (NOT RAISED),DRY,NO DEFECTS,NOT ON SCENE (DESK REPORT),NO INJURY / DRIVE AWAY,Y,"OVER $1,500",08/27/2023 11:20:00 PM,FAILING TO YIELD RIGHT-OF-WAY,NOT APPLICABLE,,2,NO INDICATION OF INJURY,0.0,0.0,0.0,0.0,0.0,2.0,0.0,20,1,8,41.992004645,-87.679400834,POINT (-87.679400834129 41.992004645366),POINT (1162019.848760534 1940355.1632981044),2023,1958 W NORWOOD ST
O1562941,DRIVER,dd87daf400631467ff099035cf5cc87734d40ec75310875e6af0727caeab2635775d705c782daa9ba66cbb7f2fedc9b942b4542fca1426de791adb419c920399,1486700.0,F,61.0,DID NOT DEPLOY,NONE,NO INDICATION OF INJURY,IMPROPER BACKING,NOT OBSCURED,NORMAL,,,,,2023-04-26 13:38:00,30,CLEAR,DAYLIGHT,PARKED MOTOR VEHICLE,NOT DIVIDED,DRY,NO DEFECTS,NOT ON SCENE (DESK REPORT),NO INJURY / DRIVE AWAY,,"$501 - $1,500",04/26/2023 02:15:00 PM,IMPROPER BACKING,UNABLE TO DETERMINE,,2,NO INDICATION OF INJURY,0.0,0.0,0.0,0.0,0.0,1.0,0.0,13,4,4,41.715290232,-87.657385448,POINT (-87.657385448441 41.715290232089),POINT (1168798.4703740587 1839567.639743087),2023,9817 S LOOMIS ST
O1550167,DRIVER,0ad3858b48d1663c4891030145c31c30c8ff77caa8db7b0ab08f572bb18d012d668e4e64a316949b6631cf2e69c259e19d3a429850f66c297626cbb4e3343c68,1474338.0,M,19.0,DID NOT DEPLOY,NONE,NO INDICATION OF INJURY,DISREGARDED CONTROL DEVICES,NOT OBSCURED,IMPAIRED - ALCOHOL AND DRUGS,,,,,2023-02-22 09:02:00,30,RAIN,DAYLIGHT,PEDESTRIAN,ONE-WAY,WET,NO DEFECTS,,INJURY AND / OR TOW DUE TO CRASH,Y,$500 OR LESS,02/22/2023 09:04:00 AM,DISREGARDING TRAFFIC SIGNALS,FAILING TO REDUCE SPEED TO AVOID CRASH,,3,NONINCAPACITATING INJURY,2.0,0.0,0.0,2.0,0.0,1.0,0.0,9,4,2,41.881902751,-87.63516406,POINT (-87.635164059795 41.881902750506),POINT (1174372.3124031476 1900328.6664729472),2023,1 S FRANKLIN ST
O1696874,BICYCLE,b81af8d2f4dc1e4b4c1154d12f818b647780bce59d0679af84f090df282ff7ccb0f06b29e412b9f58768c202f021e5820aa5b7d99a89ef608d2c4a1e6a3873d6,,M,70.0,,NONE,NONINCAPACITATING INJURY,NONE,UNKNOWN,NORMAL,OTHER ACTION,NO CONTRASTING CLOTHING,IN ROADWAY,,2023-11-04 15:51:00,30,CLEAR,DAYLIGHT,PEDALCYCLIST,NOT DIVIDED,DRY,NO DEFECTS,ON SCENE,INJURY AND / OR TOW DUE TO CRASH,,$500 OR LESS,11/04/2023 03:51:00 PM,FAILING TO YIELD RIGHT-OF-WAY,FAILING TO YIELD RIGHT-OF-WAY,,2,NONINCAPACITATING INJURY,1.0,0.0,0.0,1.0,0.0,1.0,0.0,15,7,11,41.866274705,-87.725672773,POINT (-87.725672772601 41.866274705186),POINT (1149765.5940756574 1894446.3234364903),2023,4012 W ROOSEVELT RD
O1655717,DRIVER,16a31014a5a1e0078e87eecb89534f6893d7f9dad505240f7e28a6ad1fa58e1770db15e18c9b10246136e38d74081ff3047222b17cb387b73a54314280a53abc,1575722.0,M,23.0,DID NOT DEPLOY,NONE,NO INDICATION OF INJURY,UNKNOWN,UNKNOWN,UNKNOWN,,,,,2023-09-07 09:00:00,30,CLEAR,DAYLIGHT,SIDESWIPE SAME DIRECTION,NOT DIVIDED,DRY,UNKNOWN,NOT ON SCENE (DESK REPORT),NO INJURY / DRIVE AWAY,,"$501 - $1,500",09/07/2023 12:55:00 PM,UNABLE TO DETERMINE,UNABLE TO DETERMINE,,2,NO INDICATION OF INJURY,0.0,0.0,0.0,0.0,0.0,2.0,0.0,9,5,9,41.736380202,-87.627699235,POINT (-87.627699234706 41.736380201841),POINT (1176840.502982737 1847317.6330369427),2023,120 W 87TH ST
O1568412,DRIVER,2a8b1ed16e12926dd9043ed0b38d6cc90067eb87f9158366b36321d2fe2eeb3bdd10f72b37dfc339d6067c7241360db97c774758037cb0c6dd6b9bd44fbf6597,1492011.0,M,46.0,NOT APPLICABLE,NONE,NO INDICATION OF INJURY,NONE,NOT OBSCURED,NORMAL,,,,,2023-05-04 15:21:00,30,CLEAR,DAYLIGHT,SIDESWIPE SAME DIRECTION,NOT DIVIDED,DRY,NO DEFECTS,NOT ON SCENE (DESK REPORT),NO INJURY / DRIVE AWAY,Y,"$501 - $1,500",05/04/2023 03:37:00 PM,IMPROPER OVERTAKING/PASSING,NOT APPLICABLE,,2,NO INDICATION OF INJURY,0.0,0.0,0.0,0.0,0.0,4.0,0.0,15,5,5,41.802055878,-87.743147853,POINT (-87.743147853345 41.802055877794),POINT (1145166.4618080645 1871012.0678987612),2023,5000 S CICERO AVE
O1575808,DRIVER,932d5e4b637112c94ae113118657902949e4b5b30bce4546085f56a8a761cdca42914ba35e916cd40f81cd7f99adc3f9c5de868ae3d637f1441f202e22cb42b6,1499148.0,M,26.0,DID NOT DEPLOY,NONE,NO INDICATION OF INJURY,IMPROPER TURN,UNKNOWN,NORMAL,,,,Y,2023-05-14 16:00:00,30,RAIN,DAYLIGHT,TURNING,NOT DIVIDED,WET,NO DEFECTS,NOT ON SCENE (DESK REPORT),NO INJURY / DRIVE AWAY,,"$501 - $1,500",05/14/2023 04:10:00 PM,IMPROPER TURNING/NO SIGNAL,DISTRACTION - FROM INSIDE VEHICLE,,2,NO INDICATION OF INJURY,0.0,0.0,0.0,0.0,0.0,3.0,0.0,16,1,5,41.837964154,-87.646422712,POINT (-87.646422712201 41.837964153652),POINT (1171434.4905595046 1884292.796519617),2023,3100 S HALSTED ST
O1578390,DRIVER,ac6fc9c204d56fea31f78d4d6873f3b0d3ac84a1dcc31d831ce98308ec95079c728701650fb374a81d0ab88f251e9ac1a3f402c9219f9a70931a67a1a7b7d749,1501667.0,M,57.0,DID NOT DEPLOY,NONE,NO INDICATION OF INJURY,IMPROPER BACKING,NOT OBSCURED,NORMAL,,,,,2023-05-18 11:55:00,30,CLEAR,DAYLIGHT,PARKED MOTOR VEHICLE,ALLEY,DRY,NO DEFECTS,ON SCENE,NO INJURY / DRIVE AWAY,,"$501 - $1,500",05/18/2023 12:01:00 PM,FAILING TO YIELD RIGHT-OF-WAY,UNABLE TO DETERMINE,,2,NO INDICATION OF INJURY,0.0,0.0,0.0,0.0,0.0,1.0,0.0,11,5,5,41.997797631,-87.70102396,POINT (-87.701023959984 41.997797630655),POINT (1156126.0446747113 1942422.0165169074),2023,6406 N MOZART ST
O1562565,DRIVER,ddb2554e5fe91e68febc0300ce2cbbb7ffe2a8e88f54a2a244a1060725075cbe002060d12f964313ac6267d71fb009c4751cdd63f9bf9372b88095932435fbc4,1486325.0,F,66.0,DID NOT DEPLOY,NONE,NO INDICATION OF INJURY,NONE,NOT OBSCURED,NORMAL,,,,,2023-04-24 19:05:00,30,CLEAR,"DARKNESS, LIGHTED ROAD",REAR END,NOT DIVIDED,DRY,NO DEFECTS,,NO INJURY / DRIVE AWAY,,"OVER $1,500",04/24/2023 07:59:00 PM,UNABLE TO DETERMINE,NOT APPLICABLE,,3,NO INDICATION OF INJURY,0.0,0.0,0.0,0.0,0.0,4.0,0.0,19,2,4,41.917785994,-87.697060836,POINT (-87.697060836456 41.917785994032),POINT (1157419.8021961297 1913273.471294793),2023,2009 N CALIFORNIA AVE
O1695820,NON-MOTOR VEHICLE,e2e5134538a12d339c7c24f1c140085205b039de31fb49ae3643b53845c8a5ef11e508c3f249a301c763ebf24fd5c0f18249659efe37dc35a87e1eac397bc348,,F,,NOT APPLICABLE,NONE,NO INDICATION OF INJURY,NONE,NOT OBSCURED,NORMAL,,,,,2023-11-03 08:43:00,15,CLEAR,DAYLIGHT,FIXED OBJECT,NOT DIVIDED,"SAND, MUD, DIRT",WORN SURFACE,ON SCENE,NO INJURY / DRIVE AWAY,,$500 OR LESS,11/03/2023 11:09:00 AM,DRIVING SKILLS/KNOWLEDGE/EXPERIENCE,NOT APPLICABLE,,2,NO INDICATION OF INJURY,0.0,0.0,0.0,0.0,0.0,2.0,0.0,8,6,11,41.660530379,-87.57881696,POINT (-87.578816960162 41.660530379111),POINT (1190424.2827575356 1819792.0208650378),2023,12950 S STONY ISLAND AVE
O1581649,DRIVER,89bafccd34318e294305ab5133fc2888d687e10ce0a4f3393ab2e99296fb3fbff51ec138ecb28d304e836ebe0a157e9eff9ccbf4116f747371025d5c8aa1720d,1504837.0,M,25.0,DID NOT DEPLOY,NONE,NO INDICATION OF INJURY,NONE,UNKNOWN,UNKNOWN,,,,,2023-05-22 19:06:00,40,CLEAR,DUSK,REAR END,DIVIDED - W/MEDIAN BARRIER,DRY,UNKNOWN,NOT ON SCENE (DESK REPORT),NO INJURY / DRIVE AWAY,,$500 OR LESS,05/22/2023 08:38:00 PM,UNABLE TO DETERMINE,NOT APPLICABLE,,2,NO INDICATION OF INJURY,0.0,0.0,0.0,0.0,0.0,2.0,0.0,19,2,5,41.911224556,-87.626482572,POINT (-87.626482572426 41.911224555611),POINT (1176648.3982190578 1911032.893102389),2023,1600 N LAKE SHORE DR
O1496473,DRIVER,5528e1c575206b9548c9ff18a111871a648265d5753fc9595d388e5f7a4b040e57d18ce7b0858e05910f501977f18f394eb86b7d1ded09ac041e06b8de0c4ec7,1422661.0,F,,"DEPLOYED, COMBINATION",NONE,NO INDICATION OF INJURY,DISREGARDED CONTROL DEVICES,UNKNOWN,NORMAL,,,,,2023-01-10 18:44:00,30,CLEAR,"DARKNESS, LIGHTED ROAD",ANGLE,OTHER,DRY,NO DEFECTS,ON SCENE,INJURY AND / OR TOW DUE TO CRASH,,"OVER $1,500",01/10/2023 07:25:00 PM,DISREGARDING OTHER TRAFFIC SIGNS,DISREGARDING OTHER TRAFFIC SIGNS,,2,NO INDICATION OF INJURY,0.0,0.0,0.0,0.0,0.0,3.0,0.0,18,3,1,41.880013822,-87.636535357,POINT (-87.636535357269 41.880013821598),POINT (1174004.473443454 1899637.3072810115),2023,125 S LOWER WACKER DR