PERSON_ID,PERSON_TYPE,CRASH_RECORD_ID,VEHICLE_ID,SEX,AGE,AIRBAG_DEPLOYED,EJECTION,INJURY_CLASSIFICATION,DRIVER_ACTION,DRIVER_VISION,PHYSICAL_CONDITION,PEDPEDAL_ACTION,PEDPEDAL_VISIBILITY,PEDPEDAL_LOCATION,CRASH_DATE_EST_I,CRASH_DATE,POSTED_SPEED_LIMIT,WEATHER_CONDITION,LIGHTING_CONDITION,FIRST_CRASH_TYPE,TRAFFICWAY_TYPE,ROADWAY_SURFACE_COND,ROAD_DEFECT,REPORT_TYPE,CRASH_TYPE,HIT_AND_RUN_I,DAMAGE,DATE_POLICE_NOTIFIED,PRIM_CONTRIBUTORY_CAUSE,SEC_CONTRIBUTORY_CAUSE,DOORING_I,NUM_UNITS,MOST_SEVERE_INJURY,INJURIES_TOTAL,INJURIES_FATAL,INJURIES_INCAPACITATING,INJURIES_NON_INCAPACITATING,INJURIES_REPORTED_NOT_EVIDENT,INJURIES_NO_INDICATION,INJURIES_UNKNOWN,CRASH_HOUR,CRASH_DAY_OF_WEEK,CRASH_MONTH,LATITUDE,LONGITUDE,LOCATION,geometry,YEAR,ADDRESS
O1608845,DRIVER,ad676b45e8050060945aa886a6c7f5aded0399549ba7baf1da9551f0236a38c8061ca34c59683cb0adf5109c41443b435f45b4f97aa07c300ef978645b80b377,1530968.0,M,23.0,DID NOT DEPLOY,NONE,NO INDICATION OF INJURY,FAILED TO YIELD,NOT OBSCURED,NORMAL,,,,,2023-06-30 20:30:00,30,CLEAR,DUSK,ANGLE,PARKING LOT,DRY,UNKNOWN,NOT ON SCENE (DESK REPORT),NO INJURY / DRIVE AWAY,,"OVER $1,500",06/30/2023 09:18:00 PM,UNABLE TO DETERMINE,NOT APPLICABLE,,2,NO INDICATION OF INJURY,0.0,0.0,0.0,0.0,0.0,5.0,0.0,20,6,6,41.679707856,-87.662586583,POINT (-87.662586582913 41.679707856092),POINT (1167479.412944131 1826590.7617778261),2023,11750 S MARSHFIELD AVE
O1655098,DRIVER,9870c6bd91e5a9a9fbfde16f32340cda9cf08205b84d2b059651b89d8aa18bf459dfca01a180dceb60d6023e7f7ed03c81e52df7eaeb589d23d0df022b902df9,1575123.0,M,32.0,DID NOT DEPLOY,NONE,NO INDICATION OF INJURY,FAILED TO YIELD,UNKNOWN,NORMAL,,,,,2023-09-02 09:00:00,30,CLEAR,DAYLIGHT,SIDESWIPE SAME DIRECTION,DIVIDED - W/MEDIAN (NOT RAISED),DRY,NO DEFECTS,NOT ON SCENE (DESK REPORT),NO INJURY / DRIVE AWAY,,"$501 - $1,500",09/06/2023 12:45:00 PM,FAILING TO YIELD RIGHT-OF-WAY,UNABLE TO DETERMINE,,2,NO INDICATION OF INJURY,0.0,0.0,0.0,0.0,0.0,2.0,0.0,9,7,9,41.954700271,-87.648027874,POINT (-87.64802787386 41.954700270862),POINT (1170657.29473821 1926827.9540828662),2023,700 W IRVING PARK RD
O1639776,DRIVER,7dc11dd02e642561df272d7ea939512cfd9de428993f2e22e1e864d021952d12701964253999d9d7ab3664fc09a08f42568788f17cc54d50d3d481a3369d65a9,1560461.0,F,42.0,DID NOT DEPLOY,UNKNOWN,NO INDICATION OF INJURY,NONE,NOT OBSCURED,NORMAL,,,,,2023-08-15 12:10:00,25,CLEAR,DAYLIGHT,REAR END,DIVIDED - W/MEDIAN (NOT RAISED),DRY,NO DEFECTS,NOT ON SCENE (DESK REPORT),NO INJURY / DRIVE AWAY,Y,"OVER $1,500",08/15/2023 12:40:00 PM,UNABLE TO DETERMINE,UNABLE TO DETERMINE,,2,NO INDICATION OF INJURY,0.0,0.0,0.0,0.0,0.0,2.0,0.0,12,3,8,41.910409024,-87.687370268,POINT (-87.687370268401 41.910409023629),POINT (1160077.4743511246 1910605.0133159743),2023,1600 N WESTERN AVE
P369945,PASSENGER,f657e7690ca95a9e91b7cfa58a12412b584181e82b03c59a58b97fe18cbaf6b3b8ca93706af8007c5425b19ea1f598f5f9ff6aaf51de909ec7eb96448cc041dc,1590962.0,M,69.0,NOT APPLICABLE,NONE,NO INDICATION OF INJURY,,,,,,,,2023-09-30 10:40:00,25,CLEAR,DAYLIGHT,PEDALCYCLIST,DIVIDED - W/MEDIAN (NOT RAISED),DRY,NO DEFECTS,ON SCENE,INJURY AND / OR TOW DUE TO CRASH,,"OVER $1,500",09/30/2023 10:43:00 AM,NOT APPLICABLE,NOT APPLICABLE,Y,2,"REPORTED, NOT EVIDENT",1.0,0.0,0.0,0.0,1.0,2.0,0.0,10,7,9,41.837736459,-87.646416764,POINT (-87.646416763692 41.837736458648),POINT (1171436.775095894 1884209.8382359568),2023,3108 S HALSTED ST
O1539929,DRIVER,589cf92c5d6cc2ef7ce74b3751df20f8fcfdd88f3679b130db0558b1d7173a46a5bacbb33a8fc58918dbf21fe760d2ec5953df27ed7cf89ba532996729728da4,1464405.0,M,23.0,NOT APPLICABLE,NONE,NO INDICATION OF INJURY,UNKNOWN,UNKNOWN,NORMAL,,,,,2023-03-21 22:14:00,30,CLEAR,"DARKNESS, LIGHTED ROAD",SIDESWIPE SAME DIRECTION,ONE-WAY,DRY,NO DEFECTS,ON SCENE,NO INJURY / DRIVE AWAY,,"$501 - $1,500",03/21/2023 10:25:00 PM,UNABLE TO DETERMINE,NOT APPLICABLE,,2,NO INDICATION OF INJURY,0.0,0.0,0.0,0.0,0.0,2.0,0.0,22,3,3,41.976201139,-87.905309125,POINT (-87.905309125103 41.976201139024),POINT (1100635.8917230505 1934208.3565550821),2023,10000 W OHARE ST
P375379,PASSENGER,4ebe69ec8bf632aabf790c3a33e6cb445ee81a616891a52e5b67ad44d144f0921297150bdebf3da7bf12f3def9a831d26008ae2e3f1c5fbf8157094dd97654f1,1614992.0,F,17.0,DID NOT DEPLOY,NONE,NO INDICATION OF INJURY,,,,,,,,2023-11-04 13:09:00,15,CLEAR,DAYLIGHT,REAR TO SIDE,PARKING LOT,DRY,UNKNOWN,ON SCENE,NO INJURY / DRIVE AWAY,,"OVER $1,500",11/04/2023 01:09:00 PM,FAILING TO YIELD RIGHT-OF-WAY,UNABLE TO DETERMINE,,2,NO INDICATION OF INJURY,0.0,0.0,0.0,0.0,0.0,4.0,0.0,13,7,11,41.814054754,-87.704075119,POINT (-87.704075118703 41.814054754364),POINT (1155787.835343018 1875459.9580218922),2023,4371 S ARCHER AVE
O1722490,DRIVER,0aa716303416d36d2363a5930f8a23388aa43954af0961fae5312230aae41d4c2cf54ed73cd54b0081befef11c95ac61b45eee378e04a24514f1b9e587d63426,1639706.0,M,28.0,DID NOT DEPLOY,NONE,NO INDICATION OF INJURY,UNKNOWN,UNKNOWN,UNKNOWN,,,,,2023-12-14 09:00:00,30,UNKNOWN,DAYLIGHT,SIDESWIPE SAME DIRECTION,NOT DIVIDED,UNKNOWN,UNKNOWN,NOT ON SCENE (DESK REPORT),NO INJURY / DRIVE AWAY,,"OVER $1,500",12/14/2023 09:50:00 AM,UNABLE TO DETERMINE,UNABLE TO DETERMINE,,2,NO INDICATION OF INJURY,0.0,0.0,0.0,0.0,0.0,2.0,0.0,9,5,12,41.769450482,-87.615297921,POINT (-87.615297920867 41.769450482452),POINT (1180124.6740669098 1859396.153685858),2023,400 E 69TH ST
O1646112,DRIVER,76844768388111be6f1b96cb4bb715dedb0cb9870b87eabaf907b334de36c037cadfd2546440f5f0c4fb0e8fb9aba8ec79e6c06bb3a12ba3c40294193ee4be0c,1566505.0,M,18.0,DEPLOYMENT UNKNOWN,UNKNOWN,NO INDICATION OF INJURY,NONE,UNKNOWN,NORMAL,,,,,2023-08-24 21:37:00,30,CLEAR,"DARKNESS, LIGHTED ROAD",HEAD ON,NOT DIVIDED,DRY,UNKNOWN,NOT ON SCENE (DESK REPORT),INJURY AND / OR TOW DUE TO CRASH,,"OVER $1,500",08/24/2023 09:37:00 PM,"OPERATING VEHICLE IN ERRATIC, RECKLESS, CARELESS, NEGLIGENT OR AGGRESSIVE MANNER",FAILING TO REDUCE SPEED TO AVOID CRASH,,3,NO INDICATION OF INJURY,0.0,0.0,0.0,0.0,0.0,4.0,0.0,21,5,8,41.875843894,-87.620444986,POINT (-87.620444985702 41.87584389392),POINT (1178398.9061498547 1898153.7759757275),2023,451 S COLUMBUS DR
O1567918,DRIVER,915dcf2e87e0a97a4d2d19adc2667a156ec8912aa5570d5d74d4a6717db5c754256f9c62023d0793d0cbd6534b48f56c294b662ddf5c473b29b8540214ce05ca,1491529.0,F,,DEPLOYMENT UNKNOWN,NONE,NO INDICATION OF INJURY,UNKNOWN,UNKNOWN,UNKNOWN,,,,,2023-05-03 17:30:00,25,CLEAR,DAYLIGHT,REAR END,NOT DIVIDED,DRY,NO DEFECTS,ON SCENE,NO INJURY / DRIVE AWAY,,"OVER $1,500",05/03/2023 05:38:00 PM,UNABLE TO DETERMINE,NOT APPLICABLE,,2,NO INDICATION OF INJURY,0.0,0.0,0.0,0.0,0.0,2.0,0.0,17,4,5,41.810469613,-87.606732161,POINT (-87.60673216075 41.810469612846),POINT (1182335.0380982838 1874362.8939658536),2023,4628 S COTTAGE GROVE AVE
O1496714,DRIVER,969179e0c67948fd70294efafe7535b73092af0886df6f91746f5a9d79e15520435394ac168918da88649945ad0663edaa183e4b20c167465b81e3706efc36ec,1422877.0,X,,DEPLOYMENT UNKNOWN,UNKNOWN,NO INDICATION OF INJURY,UNKNOWN,UNKNOWN,UNKNOWN,,,,,2023-01-10 10:00:00,25,CLEAR,DAYLIGHT,PARKED MOTOR VEHICLE,NOT DIVIDED,DRY,NO DEFECTS,NOT ON SCENE (DESK REPORT),NO INJURY / DRIVE AWAY,Y,"OVER $1,500",01/11/2023 12:20:00 PM,NOT APPLICABLE,NOT APPLICABLE,,2,NO INDICATION OF INJURY,0.0,0.0,0.0,0.0,0.0,1.0,0.0,10,3,1,41.907270496,-87.676303702,POINT (-87.676303702094 41.907270496248),POINT (1163098.505649239 1909484.2120073175),2023,1940 W SCHILLER ST
O1722211,DRIVER,6f99b8a1fb466c6a4461cbfdd9484afcd05eb396873a325f3c417be660e3f9ef5ea5d9f193dea74509bb30c12ec50c42a1df430e4613e0517708a0d0d03bf2d1,1639427.0,F,66.0,DID NOT DEPLOY,NONE,NO INDICATION OF INJURY,NONE,NOT OBSCURED,NORMAL,,,,,2023-12-13 17:41:00,30,CLEAR,DAYLIGHT,ANGLE,FOUR WAY,DRY,NO DEFECTS,NOT ON SCENE (DESK REPORT),NO INJURY / DRIVE AWAY,Y,"OVER $1,500",12/13/2023 06:26:00 PM,DISREGARDING TRAFFIC SIGNALS,NOT APPLICABLE,,2,NO INDICATION OF INJURY,0.0,0.0,0.0,0.0,0.0,2.0,0.0,17,4,12,41.758609006,-87.595721361,POINT (-87.595721360538 41.758609006103),POINT (1185498.9230855068 1855490.7955266763),2023,7500 S SOUTH CHICAGO AVE
O1564637,DRIVER,d66a3282caf2531a2ed83fa31ae07a7f2ac082603fe55aa281a659271587be003580f64ae601fe9bcf9ba5a79bf959172aef07c9c7240d7ce0cc2a9fc2b873a3,1488335.0,M,23.0,DID NOT DEPLOY,NONE,NO INDICATION OF INJURY,NONE,NOT OBSCURED,NORMAL,,,,,2023-04-28 19:30:00,30,CLEAR,DAYLIGHT,TURNING,DIVIDED - W/MEDIAN (NOT RAISED),DRY,NO DEFECTS,NOT ON SCENE (DESK REPORT),NO INJURY / DRIVE AWAY,,"OVER $1,500",04/28/2023 08:30:00 PM,FAILING TO YIELD RIGHT-OF-WAY,NOT APPLICABLE,,2,NO INDICATION OF INJURY,0.0,0.0,0.0,0.0,0.0,2.0,0.0,19,6,4,41.963369873,-87.767483455,POINT (-87.767483454889 41.963369873352),POINT (1138143.6553841284 1929749.996630869),2023,4532 N CENTRAL AVE
O1571836,DRIVER,d653ca5957f53d3c8120ee4281214943606f14a527834e3efddcd068ce56e4988a6cfe93bbffed9a9dfb6c69ba9fca2c6268bb8f80bcbcfbcd12fe520a9589c1,1495312.0,F,75.0,DID NOT DEPLOY,NONE,NO INDICATION OF INJURY,NONE,NOT OBSCURED,NORMAL,,,,,2023-05-08 07:30:00,30,CLEAR,DAYLIGHT,REAR END,DIVIDED - W/MEDIAN (NOT RAISED),DRY,NO DEFECTS,NOT ON SCENE (DESK REPORT),NO INJURY / DRIVE AWAY,,"$501 - $1,500",05/09/2023 10:00:00 AM,UNABLE TO DETERMINE,NOT APPLICABLE,,2,NO INDICATION OF INJURY,0.0,0.0,0.0,0.0,0.0,2.0,0.0,7,2,5,41.865874088,-87.753664798,POINT (-87.753664797861 41.865874088099),POINT (1142142.0357841172 1894247.6129343724),2023,5140 W ROOSEVELT RD
O1576447,DRIVER,92d48bfbcd1fff60231817904132ae25e221d4db10a640c639178c0d28501ec5eed698467274dc43ad91d4511c99496adafaea9ba6fd0e9121830417ece7d316,1499776.0,X,,DEPLOYMENT UNKNOWN,NONE,NO INDICATION OF INJURY,OTHER,UNKNOWN,UNKNOWN,,,,,2023-05-15 14:50:00,30,CLEAR,DAYLIGHT,REAR END,NOT DIVIDED,DRY,UNKNOWN,ON SCENE,INJURY AND / OR TOW DUE TO CRASH,Y,"OVER $1,500",05/15/2023 03:45:00 PM,UNABLE TO DETERMINE,UNABLE TO DETERMINE,,2,NONINCAPACITATING INJURY,1.0,0.0,0.0,1.0,0.0,1.0,0.0,14,2,5,41.743487052,-87.628189047,POINT (-87.628189046823 41.743487052011),POINT (1176685.597137569 1849906.2056705332),2023,135 W 83RD ST
O1681249,DRIVER,ee9731f6d7b60eb680717d2c4e68d16ba891490cc3cb1391095caffdd43c8babd1637558338411d2d076df54891db4922da05375297552f775913138742cf7ba,1600140.0,M,39.0,NOT APPLICABLE,NONE,NO INDICATION OF INJURY,IMPROPER BACKING,UNKNOWN,UNKNOWN,,,,,2023-10-14 00:20:00,30,RAIN,"DARKNESS, LIGHTED ROAD",PARKED MOTOR VEHICLE,ONE-WAY,WET,NO DEFECTS,ON SCENE,NO INJURY / DRIVE AWAY,,"OVER $1,500",10/14/2023 12:29:00 AM,UNABLE TO DETERMINE,UNABLE TO DETERMINE,,2,NO INDICATION OF INJURY,0.0,0.0,0.0,0.0,0.0,1.0,0.0,0,7,10,42.007147559,-87.685345512,POINT (-87.685345511525 42.007147558918),POINT (1160362.0358028589 1945861.0517780925),2023,2137 W MORSE AVE
P372610,PASSENGER,5f8cc216c80b47392af556969c834757399439c7d0828ecb4ee0885957f016fe73c1c32ccbe4f9dfe2606007579e1046cf695c6f71dc32369e9b8bf7fdc2bc2d,1602540.0,F,48.0,DID NOT DEPLOY,NONE,NO INDICATION OF INJURY,,,,,,,,2023-10-16 14:50:00,20,CLEAR,DAYLIGHT,PARKED MOTOR VEHICLE,ONE-WAY,DRY,UNKNOWN,NOT ON SCENE (DESK REPORT),NO INJURY / DRIVE AWAY,,"OVER $1,500",10/17/2023 04:40:00 PM,UNABLE TO DETERMINE,UNABLE TO DETERMINE,,2,NO INDICATION OF INJURY,0.0,0.0,0.0,0.0,0.0,2.0,0.0,14,2,10,41.893211421,-87.718833337,POINT (-87.718833337046 41.893211420795),POINT (1151558.2585063973 1904275.2826844447),2023,646 N LAWNDALE AVE
O1710162,DRIVER,9c49c1165e7451c4eb6c411bd0dda9e61d9a3f84931aa0af0c79fabcbf4595a47fa670b495e66b16ec64d9ddf264db5f0d0583ca9ddcea2cf56da1f9aee17bc9,1627848.0,M,18.0,NOT APPLICABLE,NONE,NO INDICATION OF INJURY,FOLLOWED TOO CLOSELY,NOT OBSCURED,NORMAL,,,,,2023-11-25 15:17:00,35,CLEAR,DAYLIGHT,REAR END,NOT DIVIDED,DRY,NO DEFECTS,NOT ON SCENE (DESK REPORT),NO INJURY / DRIVE AWAY,,"$501 - $1,500",11/25/2023 04:00:00 PM,FOLLOWING TOO CLOSELY,FOLLOWING TOO CLOSELY,,2,NO INDICATION OF INJURY,0.0,0.0,0.0,0.0,0.0,2.0,0.0,15,7,11,41.86714316,-87.639293174,POINT (-87.639293174131 41.867143159823),POINT (1173291.374222429 1894941.168895244),2023,501 W ROOSEVELT RD
O1630882,DRIVER,dda529000d650fd957e25cdb7912a8fd6abb3b4fc56e31dc3e947ad4c5abed3eaffa17106a35132cd7cd3caba1c39ff1035c7d764af41d75b57b871f1806ec16,1551941.0,M,52.0,DID NOT DEPLOY,NONE,NO INDICATION OF INJURY,OTHER,NOT OBSCURED,NORMAL,,,,,2023-08-01 16:45:00,20,CLEAR,DAYLIGHT,PARKED MOTOR VEHICLE,PARKING LOT,DRY,NO DEFECTS,NOT ON SCENE (DESK REPORT),NO INJURY / DRIVE AWAY,,"OVER $1,500",08/02/2023 07:56:00 PM,DRIVING SKILLS/KNOWLEDGE/EXPERIENCE,NOT APPLICABLE,,2,NO INDICATION OF INJURY,0.0,0.0,0.0,0.0,0.0,1.0,0.0,16,3,8,41.877397074,-87.635043415,POINT (-87.635043414553 41.87739707385),POINT (1174418.524961915 1898687.0690156887),2023,329 S FRANKLIN ST
O1590226,BICYCLE,6eb4cdcd74c40cd26848d3f3c9904e1a53e068142b4aefb28acd78b1df811a9657a7f310e55514dbd8fc29418e1102ff92fb2990d4eebdb9edb4ac4d739bb54a,,M,29.0,,PARTIALLY EJECTED,"REPORTED, NOT EVIDENT",OTHER,UNKNOWN,NORMAL,WITH TRAFFIC,OTHER LIGHT SOURCE USED,IN ROADWAY,,2023-06-03 20:10:00,30,CLEAR,DUSK,PEDALCYCLIST,NOT DIVIDED,DRY,NO DEFECTS,ON SCENE,INJURY AND / OR TOW DUE TO CRASH,,"$501 - $1,500",06/03/2023 08:29:00 PM,FAILING TO REDUCE SPEED TO AVOID CRASH,DRIVING SKILLS/KNOWLEDGE/EXPERIENCE,,2,"REPORTED, NOT EVIDENT",1.0,0.0,0.0,0.0,1.0,1.0,0.0,20,7,6,41.940219522,-87.644552197,POINT (-87.64455219683 41.940219521866),POINT (1171645.11055744 1921558.7003092323),2023,3204 N BROADWAY
O1503874,DRIVER,744045d867196a47b409a5b0a2f3e1b0d4946a5651655df251713a3c580912620c7288c246f5977aa709f290b0f1f7f96aa472ea9c46efb68d47eb911dc66a1f,1429767.0,M,34.0,NOT APPLICABLE,NONE,NO INDICATION OF INJURY,NONE,NOT OBSCURED,NORMAL,,,,,2023-01-23 14:38:00,30,CLEAR,DAYLIGHT,REAR END,NOT DIVIDED,DRY,UNKNOWN,NOT ON SCENE (DESK REPORT),NO INJURY / DRIVE AWAY,,"OVER $1,500",01/23/2023 06:20:00 PM,FOLLOWING TOO CLOSELY,UNABLE TO DETERMINE,,2,NO INDICATION OF INJURY,0.0,0.0,0.0,0.0,0.0,2.0,0.0,14,2,1,41.925765555,-87.636651273,POINT (-87.636651273282 41.925765554709),POINT (1173837.508646807 1916309.0098717324),2023,300 W FULLERTON PKWY
P370658,PASSENGER,fc8bb1c4b1d3d874ef7c588cf863c1d0e3716573052349dfb752e43176a5230cf2fb34d299ac9e325f60ef197d89021125c7149e1dbef9bf33d3553e429066ef,1594316.0,F,17.0,"DEPLOYED, COMBINATION",NONE,"REPORTED, NOT EVIDENT",,,,,,,,2023-10-05 07:15:00,30,RAIN,DAYLIGHT,ANGLE,NOT DIVIDED,WET,UNKNOWN,ON SCENE,INJURY AND / OR TOW DUE TO CRASH,,"OVER $1,500",10/05/2023 07:32:00 AM,UNABLE TO DETERMINE,UNABLE TO DETERMINE,,2,"REPORTED, NOT EVIDENT",2.0,0.0,0.0,0.0,2.0,2.0,0.0,7,5,10,41.776783363,-87.722565512,POINT (-87.722565512035 41.776783362512),POINT (1150843.7656561702 1861842.1506451522),2023,6401 S PULASKI RD
O1675030,DRIVER,cc593d34105d14a8b064e030ad343fc100db8e46cd0b8488bda2dc985875bad7eab5592abd6bcc56dc653bdf986ddd901955e85a6bdd9bdd6c0ed584247dcac8,1594195.0,M,39.0,NOT APPLICABLE,NONE,"REPORTED, NOT EVIDENT",OTHER,NOT OBSCURED,NORMAL,,,,,2023-10-05 00:30:00,30,RAIN,"DARKNESS, LIGHTED ROAD",REAR END,NOT DIVIDED,WET,NO DEFECTS,NOT ON SCENE (DESK REPORT),INJURY AND / OR TOW DUE TO CRASH,,"OVER $1,500",10/05/2023 12:30:00 AM,WEATHER,IMPROPER LANE USAGE,,2,"REPORTED, NOT EVIDENT",1.0,0.0,0.0,0.0,1.0,3.0,0.0,0,5,10,41.808532015,-87.662133295,POINT (-87.662133294785 41.808532015407),POINT (1167237.0880238167 1873534.0150188098),2023,1451 W 47TH ST
O1654780,DRIVER,5e26bb9697fd0cfc5592b8787f166020bd83f8ce4635f48df9c8d5d419e7de929d4528a31474a22106394a7cede8a1c91757bad45c1c9303afd0d5807528eef9,1574831.0,M,55.0,DID NOT DEPLOY,NONE,NO INDICATION OF INJURY,OTHER,NOT OBSCURED,NORMAL,,,,,2023-09-06 07:40:00,30,RAIN,DAYLIGHT,PARKED MOTOR VEHICLE,NOT DIVIDED,WET,NO DEFECTS,ON SCENE,NO INJURY / DRIVE AWAY,,$500 OR LESS,09/06/2023 07:41:00 AM,UNABLE TO DETERMINE,NOT APPLICABLE,,2,NO INDICATION OF INJURY,0.0,0.0,0.0,0.0,0.0,1.0,0.0,7,4,9,41.792233217,-87.793283804,POINT (-87.79328380356 41.792233216982),POINT (1131519.1302315001 1867342.8880574843),2023,6842 W ARCHER AVE
O1636925,DRIVER,1f6d3c8a6b5ce2226fc24307845887b8edfe59f16f9d2ef2b314167214d0b5610d6a35937501b0acd32978ca79d4961a8e7f18d2c735d5ab5ba869e732d09496,1557696.0,F,25.0,"DEPLOYED, COMBINATION",NONE,NO INDICATION OF INJURY,UNKNOWN,UNKNOWN,NORMAL,,,,,2023-08-11 18:35:00,30,CLEAR,DAYLIGHT,REAR TO FRONT,NOT DIVIDED,DRY,UNKNOWN,ON SCENE,INJURY AND / OR TOW DUE TO CRASH,,"OVER $1,500",08/11/2023 06:40:00 PM,NOT APPLICABLE,NOT APPLICABLE,,3,NO INDICATION OF INJURY,0.0,0.0,0.0,0.0,0.0,3.0,0.0,18,6,8,41.751636269,-87.566378121,POINT (-87.56637812136 41.751636269168),POINT (1193527.5924530323 1853019.9978056718),2023,7900 S YATES BLVD
O1513702,DRIVER,7ea1f6f2a41c0421e2421313fb1f702838bbe9204fa3ed2921327de5a3cbff853256983ca4f9d22280ed42324d2395cd2be94ffb3917b8ee162e04491b6a5f66,1439181.0,M,,NOT APPLICABLE,NONE,NO INDICATION OF INJURY,NONE,BLOWING MATERIALS,NORMAL,,,,,2023-02-08 09:00:00,30,OTHER,DAYLIGHT,REAR END,NOT DIVIDED,OTHER,NO DEFECTS,NOT ON SCENE (DESK REPORT),NO INJURY / DRIVE AWAY,,"$501 - $1,500",02/08/2023 09:10:00 AM,UNABLE TO DETERMINE,NOT APPLICABLE,,2,NO INDICATION OF INJURY,0.0,0.0,0.0,0.0,0.0,2.0,0.0,9,4,2,41.998039492,-87.670731828,POINT (-87.670731827555 41.998039492012),POINT (1164359.4902996442 1942572.4132758367),2023,6358 N CLARK ST
O1578206,DRIVER,1dd21c544fd9aa268b8af9fcbab4236c715d0e91c468756489ab4b18ffc1898c1c02a820e54b10975438278912cb5a23c5c1f68ceb4f3141c296099604944c43,1501496.0,M,37.0,DID NOT DEPLOY,NONE,NO INDICATION OF INJURY,NONE,NOT OBSCURED,NORMAL,,,,,2023-05-18 03:05:00,30,CLEAR,"DARKNESS, LIGHTED ROAD",REAR END,DIVIDED - W/MEDIAN BARRIER,DRY,NO DEFECTS,ON SCENE,INJURY AND / OR TOW DUE TO CRASH,,"OVER $1,500",05/18/2023 03:05:00 AM,UNABLE TO DETERMINE,UNABLE TO DETERMINE,,3,INCAPACITATING INJURY,1.0,0.0,1.0,0.0,0.0,4.0,0.0,3,5,5,41.815799441,-87.743217455,POINT (-87.743217454893 41.815799440668),POINT (1145113.0973363228 1876020.0072727671),2023,4231 S CICERO AVE
O1698876,DRIVER,ba2bae46f77130dd57a1bf89dcd3a721d9a3f1207e8801214566a1742214b5f009dbe0993cecff4e6989ac2f528b351abaa9ea1fdaafd1dd9af9979bde5b54dc,1617020.0,M,,DEPLOYMENT UNKNOWN,NONE,NO INDICATION OF INJURY,DISREGARDED CONTROL DEVICES,UNKNOWN,UNKNOWN,,,,,2023-11-07 20:57:00,30,CLEAR,"DARKNESS, LIGHTED ROAD",ANGLE,NOT DIVIDED,DRY,NO DEFECTS,ON SCENE,INJURY AND / OR TOW DUE TO CRASH,Y,"OVER $1,500",11/07/2023 08:57:00 PM,DISREGARDING TRAFFIC SIGNALS,NOT APPLICABLE,,3,NO INDICATION OF INJURY,0.0,0.0,0.0,0.0,0.0,3.0,0.0,20,3,11,41.960764161,-87.752522668,POINT (-87.752522667879 41.960764161487),POINT (1142218.9774535983 1928827.6917296497),2023,5000 W MONTROSE AVE
P349414,PASSENGER,f4c9efd03427c4655ac3e2648075758cc249f94c7656b333fe9b415eb610522973c805c9613973616e4c4b20a404a595ee89da54ecf8abf9b7a2c12c252082b5,1503889.0,F,,NOT APPLICABLE,NONE,NO INDICATION OF INJURY,,,,,,,,2023-05-21 15:25:00,30,CLEAR,DAYLIGHT,REAR END,ONE-WAY,DRY,NO DEFECTS,ON SCENE,NO INJURY / DRIVE AWAY,,"OVER $1,500",05/21/2023 04:40:00 PM,NOT APPLICABLE,NOT APPLICABLE,,2,NO INDICATION OF INJURY,0.0,0.0,0.0,0.0,0.0,3.0,0.0,15,1,5,41.823957103,-87.603419348,POINT (-87.603419348183 41.823957102585),POINT (1183196.4293321527 1879285.3281353326),2023,3936 S LAKE PARK AVE
O1552889,DRIVER,255781edf7332e791a1e98d029ae3bec876e59132140285db206ca87d722286cd46873c1847925980c6869a93dda130c57e42afaa60b4c1e5a17b029716b5358,1476975.0,F,64.0,NOT APPLICABLE,NONE,NO INDICATION OF INJURY,OTHER,UNKNOWN,NORMAL,,,,,2023-04-11 19:42:00,30,CLEAR,DUSK,PARKED MOTOR VEHICLE,OTHER,DRY,NO DEFECTS,ON SCENE,NO INJURY / DRIVE AWAY,,$500 OR LESS,04/11/2023 07:57:00 PM,UNABLE TO DETERMINE,NOT APPLICABLE,,2,NO INDICATION OF INJURY,0.0,0.0,0.0,0.0,0.0,1.0,0.0,19,3,4,41.80109359,-87.591149924,POINT (-87.591149924243 41.80109358967),POINT (1186612.5766913043 1870982.6205285632),2023,1414 E 52ND ST
O1691503,DRIVER,3175abec5b272441b4b1ca53d78b0a0e0924241d23ff16a18ee1403f1567c9cf09e98752c6ea51c15867bb3b3cb59dd116caa16281ba5535ba9f81ecc1ec6632,1609961.0,M,49.0,DID NOT DEPLOY,NONE,NO INDICATION OF INJURY,FOLLOWED TOO CLOSELY,UNKNOWN,UNKNOWN,,,,,2023-10-28 12:30:00,30,CLEAR,DAYLIGHT,REAR END,NOT DIVIDED,DRY,UNKNOWN,NOT ON SCENE (DESK REPORT),NO INJURY / DRIVE AWAY,,$500 OR LESS,10/28/2023 01:20:00 PM,FOLLOWING TOO CLOSELY,FAILING TO YIELD RIGHT-OF-WAY,,2,NO INDICATION OF INJURY,0.0,0.0,0.0,0.0,0.0,2.0,0.0,12,7,10,41.735622945,-87.682370345,POINT (-87.682370344756 41.735622944654),POINT (1161920.9880161204 1846924.0940712998),2023,8659 S WESTERN AVE