PERSON_ID,PERSON_TYPE,CRASH_RECORD_ID,VEHICLE_ID,SEX,AGE,AIRBAG_DEPLOYED,EJECTION,INJURY_CLASSIFICATION,DRIVER_ACTION,DRIVER_VISION,PHYSICAL_CONDITION,PEDPEDAL_ACTION,PEDPEDAL_VISIBILITY,PEDPEDAL_LOCATION,CRASH_DATE_EST_I,CRASH_DATE,POSTED_SPEED_LIMIT,WEATHER_CONDITION,LIGHTING_CONDITION,FIRST_CRASH_TYPE,TRAFFICWAY_TYPE,ROADWAY_SURFACE_COND,ROAD_DEFECT,REPORT_TYPE,CRASH_TYPE,HIT_AND_RUN_I,DAMAGE,DATE_POLICE_NOTIFIED,PRIM_CONTRIBUTORY_CAUSE,SEC_CONTRIBUTORY_CAUSE,DOORING_I,NUM_UNITS,MOST_SEVERE_INJURY,INJURIES_TOTAL,INJURIES_FATAL,INJURIES_INCAPACITATING,INJURIES_NON_INCAPACITATING,INJURIES_REPORTED_NOT_EVIDENT,INJURIES_NO_INDICATION,INJURIES_UNKNOWN,CRASH_HOUR,CRASH_DAY_OF_WEEK,CRASH_MONTH,LATITUDE,LONGITUDE,LOCATION,geometry,YEAR,ADDRESS
O1510008,DRIVER,832fc49431d0f2497d52b45965ba5233287a4d1af94783c04f87a05f4596ca7980aa67a7fa009668269570b56ed4060872a00d3b49bb4541eb96afb8464190dd,1435639.0,F,45.0,"DEPLOYED, COMBINATION",NONE,NONINCAPACITATING INJURY,UNKNOWN,UNKNOWN,UNKNOWN,,,,,2023-02-01 23:20:00,30,CLEAR,"DARKNESS, LIGHTED ROAD",ANGLE,FOUR WAY,DRY,NO DEFECTS,ON SCENE,INJURY AND / OR TOW DUE TO CRASH,,"OVER $1,500",02/01/2023 11:21:00 PM,UNABLE TO DETERMINE,UNABLE TO DETERMINE,,2,NONINCAPACITATING INJURY,1.0,0.0,0.0,1.0,0.0,1.0,0.0,23,4,2,41.762427429,-87.600556477,POINT (-87.600556476859 41.762427428513),POINT (1184167.856486403 1856870.9238049374),2023,7297 S SOUTH CHICAGO AVE
O1613558,DRIVER,13220b62a749e9c0515ee33219b56c2f8d042b547622229c7e3abfd29f007a6d15ff2d62b6da7a02bbc825229d22667bdfe8de919b8fa64217cb2a16b1a2881f,1535443.0,F,31.0,NOT APPLICABLE,NONE,NO INDICATION OF INJURY,FOLLOWED TOO CLOSELY,UNKNOWN,UNKNOWN,,,,,2023-07-08 03:00:00,30,RAIN,"DARKNESS, LIGHTED ROAD",REAR END,T-INTERSECTION,WET,UNKNOWN,NOT ON SCENE (DESK REPORT),NO INJURY / DRIVE AWAY,,"OVER $1,500",07/08/2023 03:00:00 AM,FOLLOWING TOO CLOSELY,NOT APPLICABLE,,2,NO INDICATION OF INJURY,0.0,0.0,0.0,0.0,0.0,2.0,0.0,3,7,7,41.789623595,-87.6060615,POINT (-87.606061499622 41.789623595185),POINT (1182582.1448096766 1866768.268017342),2023,800 E 58TH ST
O1605178,DRIVER,4714cebf2c2036cf1d07916e2ad750fe025eaf28e20516cbacc3837948633d7d35a57a47918cc2dc30f37f2f90b714d7b3056c25716ec3b899f22db8356382e4,1527411.0,F,,DEPLOYMENT UNKNOWN,NONE,NO INDICATION OF INJURY,NONE,UNKNOWN,UNKNOWN,,,,,2023-06-25 02:07:00,25,RAIN,"DARKNESS, LIGHTED ROAD",PARKED MOTOR VEHICLE,ONE-WAY,WET,UNKNOWN,NOT ON SCENE (DESK REPORT),NO INJURY / DRIVE AWAY,Y,"$501 - $1,500",06/25/2023 10:05:00 AM,NOT APPLICABLE,NOT APPLICABLE,,2,NO INDICATION OF INJURY,0.0,0.0,0.0,0.0,0.0,1.0,0.0,2,1,6,41.860308427,-87.733706233,POINT (-87.733706233426 41.860308427332),POINT (1147592.6025630133 1892256.8412078766),2023,1506 S KOLIN AVE
O1521864,DRIVER,6f0ab6e03b3fc9971b41ad95e810990150c839bb7155274bb371fcb5c30c9588c1ce6c98e5f187b2d990500424a6362579a52267050a84fe5a0cde97dc25884a,1447018.0,M,34.0,NOT APPLICABLE,NONE,NO INDICATION OF INJURY,NONE,UNKNOWN,NORMAL,,,,,2023-02-21 13:23:00,30,CLEAR,DAYLIGHT,TURNING,NOT DIVIDED,DRY,UNKNOWN,ON SCENE,NO INJURY / DRIVE AWAY,,"OVER $1,500",02/21/2023 01:23:00 PM,IMPROPER TURNING/NO SIGNAL,FAILING TO YIELD RIGHT-OF-WAY,,3,NO INDICATION OF INJURY,0.0,0.0,0.0,0.0,0.0,3.0,0.0,13,3,2,41.901247145,-87.637205505,POINT (-87.637205504683 41.901247144504),POINT (1173759.202619097 1907373.2453982302),2023,1023 N ORLEANS ST
O1663372,DRIVER,07705d22958d75cd8365bf3b6ded80864b98ae1e4ec11612a6c43807a950b571d69140633ce032d764b10f5e8d3cbf975c0ed4594444db0322a8c3c227549ac8,1583063.0,M,26.0,NOT APPLICABLE,NONE,NO INDICATION OF INJURY,FAILED TO YIELD,OTHER,NORMAL,,,,,2023-09-18 07:57:00,30,CLEAR,DAYLIGHT,TURNING,DIVIDED - W/MEDIAN (NOT RAISED),DRY,UNKNOWN,ON SCENE,NO INJURY / DRIVE AWAY,,"OVER $1,500",09/18/2023 07:57:00 AM,FAILING TO YIELD RIGHT-OF-WAY,NOT APPLICABLE,,2,NO INDICATION OF INJURY,0.0,0.0,0.0,0.0,0.0,2.0,0.0,7,2,9,41.924624233,-87.726921141,POINT (-87.726921141381 41.924624233244),POINT (1149275.278320086 1915706.4526561375),2023,2402 N PULASKI RD
O1538888,DRIVER,5763f700630c0b32eadcb44a3d6e4a6a164f4e958d8ccf76d1780434f7a5046f378ca3c11b0d6ba642aed54d7ad97e2f2d4783efda2231ad0a45fd112ff363d8,1463416.0,M,36.0,NOT APPLICABLE,NONE,NO INDICATION OF INJURY,IMPROPER LANE CHANGE,UNKNOWN,UNKNOWN,,,,,2023-03-20 10:30:00,30,CLEAR,DAYLIGHT,SIDESWIPE SAME DIRECTION,FOUR WAY,DRY,NO DEFECTS,NOT ON SCENE (DESK REPORT),NO INJURY / DRIVE AWAY,,"$501 - $1,500",03/20/2023 12:00:00 PM,IMPROPER OVERTAKING/PASSING,UNABLE TO DETERMINE,,2,NO INDICATION OF INJURY,0.0,0.0,0.0,0.0,0.0,2.0,0.0,10,2,3,41.871373114,-87.676047172,POINT (-87.676047171967 41.871373113607),POINT (1163268.5357121346 1896403.761607239),2023,2001 W POLK ST
O1537839,DRIVER,9d3050a1d2f5e313590fce19fb27d3c00a1d55502ed84f50e0af17a9b82fe316c68947bd8ec86ef3d5c5f4ea1821670f1bea18a1fe63102dabb19458731bd7c0,1462404.0,F,28.0,DID NOT DEPLOY,NONE,NO INDICATION OF INJURY,NONE,NOT OBSCURED,NORMAL,,,,,2023-03-15 15:15:00,30,UNKNOWN,DAYLIGHT,REAR END,DIVIDED - W/MEDIAN (NOT RAISED),UNKNOWN,UNKNOWN,NOT ON SCENE (DESK REPORT),NO INJURY / DRIVE AWAY,,"OVER $1,500",03/18/2023 02:20:00 PM,UNABLE TO DETERMINE,UNABLE TO DETERMINE,,2,NO INDICATION OF INJURY,0.0,0.0,0.0,0.0,0.0,2.0,0.0,15,4,3,41.910454606,-87.672292325,POINT (-87.672292324953 41.910454605857),POINT (1164181.496577935 1910652.8930932935),2023,1755 W NORTH AVE
O1570813,DRIVER,dabeb4b26a988380e35aa7ff9020adc68e26e7b54661f73913954433b7a957198c7de6daa228775207b2c57a92ab1020c88236f20f0ceb10dcf6750d2c41e8d4,1494323.0,X,,DEPLOYMENT UNKNOWN,NONE,NO INDICATION OF INJURY,UNKNOWN,UNKNOWN,UNKNOWN,,,,N,2023-05-07 02:30:00,30,CLEAR,DARKNESS,PARKED MOTOR VEHICLE,ONE-WAY,DRY,NO DEFECTS,NOT ON SCENE (DESK REPORT),NO INJURY / DRIVE AWAY,Y,"OVER $1,500",05/07/2023 08:30:00 PM,UNABLE TO DETERMINE,NOT APPLICABLE,,2,NO INDICATION OF INJURY,0.0,0.0,0.0,0.0,0.0,1.0,0.0,2,1,5,41.845178643,-87.701233206,POINT (-87.701233205972 41.845178643238),POINT (1156479.1047474951 1886807.0477216516),2023,2541 S WHIPPLE ST
O1626732,DRIVER,19e75ea36fec7c2ed88bc9247186b2a8e936f0c5f8f95b4e8cd4e5bf7f6e29e09e0cd9ca65f921b9734d5f8a4fe513acbd9534a98d7b705a34f29fed2465a4f4,1548008.0,F,,DID NOT DEPLOY,NONE,NO INDICATION OF INJURY,FAILED TO YIELD,UNKNOWN,NORMAL,,,,,2023-07-27 01:30:00,30,CLEAR,DAYLIGHT,TURNING,FOUR WAY,DRY,NO DEFECTS,NOT ON SCENE (DESK REPORT),NO INJURY / DRIVE AWAY,,"$501 - $1,500",07/27/2023 01:30:00 AM,FAILING TO YIELD RIGHT-OF-WAY,UNABLE TO DETERMINE,,2,NO INDICATION OF INJURY,0.0,0.0,0.0,0.0,0.0,2.0,0.0,1,5,7,41.809082437,-87.631030874,POINT (-87.63103087365 41.809082436649),POINT (1175714.848133845 1873802.3429866293),2023,4700 S WENTWORTH AVE
O1573198,DRIVER,72eb63131c85dbf094048d9e578a23e2767cee742696113b08e0a191b9c300e8ed30b8a01f0f4ca05ca255ca11db2783bcd2eb1c69a4eed55b276da0e5dcde24,1496638.0,M,,DEPLOYMENT UNKNOWN,NONE,NO INDICATION OF INJURY,IMPROPER BACKING,UNKNOWN,UNKNOWN,,,,,2023-05-11 04:15:00,30,CLEAR,"DARKNESS, LIGHTED ROAD",PARKED MOTOR VEHICLE,ONE-WAY,DRY,NO DEFECTS,ON SCENE,NO INJURY / DRIVE AWAY,Y,"$501 - $1,500",05/11/2023 04:16:00 AM,DRIVING SKILLS/KNOWLEDGE/EXPERIENCE,UNABLE TO DETERMINE,,2,NO INDICATION OF INJURY,0.0,0.0,0.0,0.0,0.0,1.0,0.0,4,5,5,41.897974382,-87.626337738,POINT (-87.626337738245 41.897974382057),POINT (1176727.6155431394 1906204.8442814532),2023,844 N RUSH ST
O1501469,DRIVER,340e6c7b6e244f2b39c07355bddecdd9aa4ba361963b55520bfba6f42c82482b65a9806b234d07c890dc31e86f55e997f8933483e34c723db944fae67b169834,1427438.0,M,25.0,DID NOT DEPLOY,NONE,NO INDICATION OF INJURY,UNKNOWN,NOT OBSCURED,NORMAL,,,,,2023-01-15 19:39:00,30,CLEAR,"DARKNESS, LIGHTED ROAD",TURNING,FOUR WAY,DRY,NO DEFECTS,,NO INJURY / DRIVE AWAY,,"OVER $1,500",01/15/2023 07:39:00 PM,UNABLE TO DETERMINE,NOT APPLICABLE,,2,NO INDICATION OF INJURY,0.0,0.0,0.0,0.0,0.0,3.0,0.0,19,1,1,41.844145829,-87.724308583,POINT (-87.724308582767 41.844145828546),POINT (1150194.370089535 1886385.262624677),2023,3955 W 26TH ST
O1690220,BICYCLE,844de551ff17e76ae5f6d43f57a80e0a1b146f316a5a64d74d625f7f301ced7e089cfef850ebba5d23b80288600c18070314ec1126120010d8377ee8ba60b293,,M,17.0,,NONE,NO INDICATION OF INJURY,DISREGARDED CONTROL DEVICES,UNKNOWN,NORMAL,CROSSING - AGAINST SIGNAL,NO CONTRASTING CLOTHING,IN ROADWAY,,2023-10-26 14:25:00,30,RAIN,DAYLIGHT,PEDALCYCLIST,NOT DIVIDED,WET,UNKNOWN,ON SCENE,NO INJURY / DRIVE AWAY,,"OVER $1,500",10/26/2023 02:26:00 PM,DISREGARDING TRAFFIC SIGNALS,NOT APPLICABLE,,2,NO INDICATION OF INJURY,0.0,0.0,0.0,0.0,0.0,2.0,0.0,14,5,10,41.79321085,-87.732820337,POINT (-87.732820337256 41.793210850383),POINT (1148004.8282539826 1867808.503517412),2023,5499 S KOSTNER AVE
O1729263,DRIVER,f7a8639c7df1e8a0b9ec7b36a74ed68fdc028ead08227c08d917d8a68b365e6f57cd6c55ac953316ae79861a0f865a668aba9494c828d3a3e0cda8d466772cb3,1646212.0,M,30.0,DID NOT DEPLOY,NONE,NO INDICATION OF INJURY,TOO FAST FOR CONDITIONS,NOT OBSCURED,NORMAL,,,,,2023-12-23 22:00:00,30,FOG/SMOKE/HAZE,"DARKNESS, LIGHTED ROAD",REAR END,FOUR WAY,WET,NO DEFECTS,NOT ON SCENE (DESK REPORT),NO INJURY / DRIVE AWAY,,"$501 - $1,500",12/23/2023 10:30:00 PM,FOLLOWING TOO CLOSELY,WEATHER,,2,NO INDICATION OF INJURY,0.0,0.0,0.0,0.0,0.0,2.0,0.0,22,7,12,41.90351921,-87.662582631,POINT (-87.662582631188 41.903519210221),POINT (1166844.1937882537 1908146.1490037888),2023,1398 W DIVISION ST
O1554646,DRIVER,26a6f10a4c0e9761697ba5fcc0ea253646c4ae62979fc0b33b4ff0a7cbb6e2a92e3ddd4ec8ddbdcaa7a19a05ca782e56d26e394c92222d124c98620160218583,1478659.0,M,30.0,DID NOT DEPLOY,NONE,NO INDICATION OF INJURY,IMPROPER BACKING,NOT OBSCURED,NORMAL,,,,,2023-04-14 08:59:00,30,CLEAR,DAYLIGHT,PARKED MOTOR VEHICLE,NOT DIVIDED,DRY,NO DEFECTS,ON SCENE,NO INJURY / DRIVE AWAY,,"OVER $1,500",04/14/2023 09:00:00 AM,IMPROPER BACKING,UNABLE TO DETERMINE,,2,NO INDICATION OF INJURY,0.0,0.0,0.0,0.0,0.0,1.0,0.0,8,6,4,41.780596192,-87.641765591,POINT (-87.641765590605 41.780596192388),POINT (1172871.791085279 1863398.4002090092),2023,645 W ENGLEWOOD AVE
O1537342,DRIVER,130cc5d12f1d1b40578e3d92cde00e78e18ca0ac918de3f4c5558ff20004196e8f3835c718e4fe8a174e58a2c6609f5bbeddf0cd06f2e48ec39efaf94beb32ac,1461918.0,M,38.0,DID NOT DEPLOY,NONE,NO INDICATION OF INJURY,NONE,UNKNOWN,NORMAL,,,,,2023-03-17 16:25:00,30,CLEAR,DAYLIGHT,REAR END,DIVIDED - W/MEDIAN (NOT RAISED),DRY,NO DEFECTS,ON SCENE,NO INJURY / DRIVE AWAY,,"OVER $1,500",03/17/2023 04:25:00 PM,UNABLE TO DETERMINE,UNABLE TO DETERMINE,,4,NO INDICATION OF INJURY,0.0,0.0,0.0,0.0,0.0,6.0,0.0,16,6,3,41.741245726,-87.740934296,POINT (-87.740934295962 41.741245725679),POINT (1145922.6270152011 1848857.5165129255),2023,8321 S CICERO AVE
O1684144,DRIVER,f59cec0cada5c1458b455d4687d36379fbf2c6a006c80a4e4f2926ad372a6dc8e066d012aa399323a89a97ce5f69523b89a845efc2cd5a92dcb3a13f4ef61751,1602966.0,M,65.0,NOT APPLICABLE,NONE,NO INDICATION OF INJURY,NONE,UNKNOWN,UNKNOWN,,,,,2023-10-17 13:20:00,40,CLEAR,DAYLIGHT,REAR END,CENTER TURN LANE,UNKNOWN,UNKNOWN,NOT ON SCENE (DESK REPORT),NO INJURY / DRIVE AWAY,,"OVER $1,500",10/18/2023 10:04:00 AM,UNABLE TO DETERMINE,UNABLE TO DETERMINE,,2,NO INDICATION OF INJURY,0.0,0.0,0.0,0.0,0.0,2.0,0.0,13,3,10,41.894386563,-87.614830002,POINT (-87.614830001528 41.894386562678),POINT (1179871.532282996 1904923.4697353237),2023,657 N LAKE SHORE DR NB
O1497699,DRIVER,dbb02c284821b4eb1e8db7cdbca194f91158e9654cf024ffd266fd06adc0429398d9c6f49de587a50e2bb5ed81b1f2699c79a22b8e6d861b8bf9e6af7718c0c6,1423811.0,F,46.0,DID NOT DEPLOY,NONE,NO INDICATION OF INJURY,TOO FAST FOR CONDITIONS,NOT OBSCURED,NORMAL,,,,,2023-01-12 23:35:00,30,RAIN,"DARKNESS, LIGHTED ROAD",TURNING,NOT DIVIDED,WET,"RUT, HOLES",ON SCENE,INJURY AND / OR TOW DUE TO CRASH,,"OVER $1,500",01/12/2023 11:35:00 PM,UNABLE TO DETERMINE,FAILING TO REDUCE SPEED TO AVOID CRASH,,2,NO INDICATION OF INJURY,0.0,0.0,0.0,0.0,0.0,2.0,0.0,23,5,1,41.707763501,-87.580582843,POINT (-87.580582843382 41.707763500978),POINT (1189791.3619152524 1836998.9565518156),2023,1801 E 103RD ST
O1596340,DRIVER,f9c598f926a11378fed2b4b5949526f6e2c0a02d3c102da5d651146d5708df6ed7c6405d3057c1fbdd3aaccd8db21e74523dac70b28d689e3ba495fa1968ca3f,1518982.0,M,41.0,DID NOT DEPLOY,NONE,"REPORTED, NOT EVIDENT",UNKNOWN,UNKNOWN,NORMAL,,,,,2023-06-12 14:23:00,30,CLEAR,DAYLIGHT,TURNING,OTHER,DRY,UNKNOWN,ON SCENE,INJURY AND / OR TOW DUE TO CRASH,,"OVER $1,500",06/12/2023 03:15:00 PM,UNABLE TO DETERMINE,UNABLE TO DETERMINE,,2,"REPORTED, NOT EVIDENT",1.0,0.0,0.0,0.0,1.0,1.0,0.0,14,2,6,41.968032138,-87.75621192,POINT (-87.756211919548 41.968032138452),POINT (1141197.7316877164 1931469.3887265485),2023,5134 W LAWRENCE AVE
O1524215,DRIVER,9391fc6e5a80a8bd66ffdbacd377e07116d6914d9121d9a48461b3531b223399d0c6b0e1ec7430de9ca6a2f145b722f584b17a2abbf16debda7f750202007215,1449279.0,M,45.0,NOT APPLICABLE,NONE,NO INDICATION OF INJURY,OTHER,NOT OBSCURED,NORMAL,,,,,2023-02-24 23:45:00,30,SNOW,"DARKNESS, LIGHTED ROAD",HEAD ON,NOT DIVIDED,SNOW OR SLUSH,NO DEFECTS,ON SCENE,NO INJURY / DRIVE AWAY,,"$501 - $1,500",02/24/2023 11:48:00 PM,DRIVING SKILLS/KNOWLEDGE/EXPERIENCE,IMPROPER LANE USAGE,,2,NO INDICATION OF INJURY,0.0,0.0,0.0,0.0,0.0,2.0,0.0,23,6,2,41.997471914,-87.698364983,POINT (-87.698364983179 41.997471913695),POINT (1156849.698257918 1942308.671777976),2023,2729 W DEVON AVE
O1525386,DRIVER,49c4e13e579419a21ad10fd8d6254753f9ba6008e10ad59836b9c9031081a4cef348e8ef8b7e7329c19c3ec5c0e9ff196ac35b959e145d6b3b01ef0c19eab4c4,1450416.0,F,62.0,NOT APPLICABLE,NONE,NO INDICATION OF INJURY,FAILED TO YIELD,UNKNOWN,UNKNOWN,,,,,2023-02-25 16:05:00,10,CLEAR,DAYLIGHT,SIDESWIPE SAME DIRECTION,PARKING LOT,DRY,NO DEFECTS,NOT ON SCENE (DESK REPORT),NO INJURY / DRIVE AWAY,,"OVER $1,500",02/26/2023 01:30:00 PM,UNABLE TO DETERMINE,UNABLE TO DETERMINE,,2,NO INDICATION OF INJURY,0.0,0.0,0.0,0.0,0.0,2.0,0.0,16,7,2,41.751022503,-87.626980294,POINT (-87.626980293637 41.751022502989),POINT (1176992.929829012 1852654.7610459037),2023,58 W 79TH ST
O1736787,DRIVER,39f4f4704865c4c2675bb27c626c52b0eeedad68795533a1acb5ef38cd0bcd72cbaf7a17c50da29b0d8d1798db32c0b7381a94aa398844c6653e4b5190386901,1653455.0,M,16.0,NOT APPLICABLE,NONE,NO INDICATION OF INJURY,NONE,UNKNOWN,NORMAL,,,,,2023-12-22 20:00:00,30,CLEAR,"DARKNESS, LIGHTED ROAD",REAR END,DIVIDED - W/MEDIAN (NOT RAISED),UNKNOWN,UNKNOWN,NOT ON SCENE (DESK REPORT),NO INJURY / DRIVE AWAY,,"OVER $1,500",01/07/2024 01:00:00 PM,FOLLOWING TOO CLOSELY,UNABLE TO DETERMINE,,2,NO INDICATION OF INJURY,0.0,0.0,0.0,0.0,0.0,3.0,0.0,20,6,12,41.939405188,-87.710900592,POINT (-87.710900591809 41.939405187888),POINT (1153595.9276698406 1921123.8987172358),2023,3320 W BELMONT AVE
P358870,PASSENGER,6019bde87b682184b0fe6ffe7a509aa9694de66917e60f6a6e173496380ba15e1d39cc44f10761756d555ae2d99fe4cdc155113a05da068a7fe3c26ec05a2a35,1543856.0,X,,NOT APPLICABLE,NONE,NO INDICATION OF INJURY,,,,,,,,2023-07-20 22:20:00,35,CLEAR,"DARKNESS, LIGHTED ROAD",TURNING,TRAFFIC ROUTE,DRY,NO DEFECTS,NOT ON SCENE (DESK REPORT),NO INJURY / DRIVE AWAY,Y,"OVER $1,500",07/20/2023 10:55:00 PM,FAILING TO YIELD RIGHT-OF-WAY,NOT APPLICABLE,,2,NO INDICATION OF INJURY,0.0,0.0,0.0,0.0,0.0,4.0,0.0,22,5,7,41.883355322,-87.715665232,POINT (-87.715665231597 41.883355322314),POINT (1152446.6860846286 1900689.9233932302),2023,100 N CENTRAL PARK DR
O1580912,DRIVER,d37f3014dcc183894b2b8bdb66a94694c5a46e1631b2b4ec83df7d8c7577d207798dd5a6b77dce399307b4b171f9afa33020721128d1ddbb27d31ac51f3c9334,1504117.0,M,20.0,DID NOT DEPLOY,NONE,NO INDICATION OF INJURY,FOLLOWED TOO CLOSELY,UNKNOWN,NORMAL,,,,,2023-05-22 03:25:00,30,CLEAR,"DARKNESS, LIGHTED ROAD",REAR END,FOUR WAY,DRY,NO DEFECTS,NOT ON SCENE (DESK REPORT),NO INJURY / DRIVE AWAY,,"OVER $1,500",05/22/2023 03:25:00 AM,FOLLOWING TOO CLOSELY,UNABLE TO DETERMINE,,2,NO INDICATION OF INJURY,0.0,0.0,0.0,0.0,0.0,3.0,0.0,3,2,5,41.998024743,-87.665563458,POINT (-87.665563457627 41.998024743468),POINT (1165764.4142447624 1942577.9525666707),2023,1401 W DEVON AVE
O1645211,DRIVER,55d421b9f64168ce3623d4f8a4b52979f3d50db98d5db994502f99f8380b1904c8679c9eee99296f0ccf06f60e06e5172e53d4c7c6ef0e621a5756c5c3b372af,1565640.0,M,32.0,NOT APPLICABLE,NONE,NO INDICATION OF INJURY,NONE,NOT OBSCURED,NORMAL,,,,,2023-08-23 17:10:00,30,CLEAR,DAYLIGHT,TURNING,NOT DIVIDED,DRY,NO DEFECTS,ON SCENE,NO INJURY / DRIVE AWAY,,"OVER $1,500",08/23/2023 05:13:00 PM,FAILING TO REDUCE SPEED TO AVOID CRASH,UNABLE TO DETERMINE,,2,NO INDICATION OF INJURY,0.0,0.0,0.0,0.0,0.0,2.0,0.0,17,4,8,41.822890169,-87.689580424,POINT (-87.689580423992 41.822890169302),POINT (1159715.0340151254 1878708.804914303),2023,3899 S ROCKWELL ST
O1714067,DRIVER,40878e6b5812116fd32a4341dfee1c16ef330c1d329cb6ce3dec8c0ab6214f2740ea36be01a873133ff7d087a4115b9db978e03cd175a6c629c81905bfb6eb23,1631626.0,F,64.0,DEPLOYMENT UNKNOWN,NONE,NO INDICATION OF INJURY,UNKNOWN,UNKNOWN,UNKNOWN,,,,,2023-12-01 16:35:00,35,RAIN,DARKNESS,TURNING,NOT DIVIDED,WET,NO DEFECTS,ON SCENE,INJURY AND / OR TOW DUE TO CRASH,,"OVER $1,500",12/01/2023 04:38:00 PM,UNABLE TO DETERMINE,NOT APPLICABLE,,2,NO INDICATION OF INJURY,0.0,0.0,0.0,0.0,0.0,2.0,0.0,16,6,12,41.706142002,-87.697283913,POINT (-87.697283913419 41.706142002035),POINT (1157929.8916785582 1836151.1383063176),2023,3013 W 103RD ST
O1573902,DRIVER,71d8cca0fff5bf200d4cb5eaf69f1953e7385de1a75af9d544d2fa3109d98f44e1c4390d3e606435ed696c15b2fce5f4ebc4deee26a9f18cf030e970973604d5,1497311.0,M,28.0,NOT APPLICABLE,NONE,NO INDICATION OF INJURY,FOLLOWED TOO CLOSELY,UNKNOWN,NORMAL,,,,,2023-05-11 19:30:00,35,UNKNOWN,DUSK,REAR END,NOT DIVIDED,UNKNOWN,UNKNOWN,NOT ON SCENE (DESK REPORT),NO INJURY / DRIVE AWAY,,"OVER $1,500",05/11/2023 08:30:00 PM,FOLLOWING TOO CLOSELY,FOLLOWING TOO CLOSELY,,3,NO INDICATION OF INJURY,0.0,0.0,0.0,0.0,0.0,3.0,0.0,19,5,5,41.857498965,-87.642635528,POINT (-87.64263552799 41.85749896523),POINT (1172409.2585224286 1891419.5010135458),2023,617 W 18TH ST
O1616429,DRIVER,9a2e5c5170c075d778b1f891d3a7bb646c3aab372206f008c0bad9a4d6e3112c5840b6d750202f4572e8738f8bd1091da82c529a8e6b81af31bbb07ade312855,1538172.0,M,0.0,DID NOT DEPLOY,NONE,NO INDICATION OF INJURY,NONE,NOT OBSCURED,NORMAL,,,,,2023-06-23 18:15:00,30,CLEAR,DAYLIGHT,REAR END,NOT DIVIDED,DRY,NO DEFECTS,,NO INJURY / DRIVE AWAY,,"OVER $1,500",06/23/2023 07:00:00 PM,FOLLOWING TOO CLOSELY,PHYSICAL CONDITION OF DRIVER,,2,NO INDICATION OF INJURY,0.0,0.0,0.0,0.0,0.0,2.0,0.0,18,6,6,41.887563785,-87.676935659,POINT (-87.676935658979 41.88756378486),POINT (1162981.4229628122 1902301.770924888),2023,2001 W CARROLL AVE
P358250,PASSENGER,1f36dfc97362536fadd0fb52ba22a50814165d13df7be86daada262d6ec42fc40ecd8b272d8621ab85def39d1b468b77786c5439499157ba6bd628dc8298aa1a,1541169.0,M,6.0,DID NOT DEPLOY,NONE,NO INDICATION OF INJURY,,,,,,,,2023-07-17 08:10:00,30,CLEAR,DAYLIGHT,REAR END,DIVIDED - W/MEDIAN BARRIER,DRY,NO DEFECTS,NOT ON SCENE (DESK REPORT),INJURY AND / OR TOW DUE TO CRASH,,"OVER $1,500",07/17/2023 08:30:00 AM,UNABLE TO DETERMINE,NOT APPLICABLE,,2,NONINCAPACITATING INJURY,1.0,0.0,0.0,1.0,0.0,4.0,0.0,8,2,7,41.986382969,-87.836433754,POINT (-87.836433753977 41.98638296862),POINT (1119342.6113504122 1938019.7614652596),2023,5899 N CUMBERLAND AVE
O1491571,DRIVER,33ea1f3add3d82f10edb0f573f168ce6b902fc4d535c5cfe8a2f6b054bf13c3e15e357033a18e4bd89dc1336a77eea0641364e37a1225807a53adea02d5f6326,1417912.0,X,41.0,NOT APPLICABLE,NONE,NO INDICATION OF INJURY,NONE,UNKNOWN,NORMAL,,,,,2023-01-01 01:40:00,30,CLEAR,"DARKNESS, LIGHTED ROAD",SIDESWIPE SAME DIRECTION,DIVIDED - W/MEDIAN (NOT RAISED),DRY,UNKNOWN,NOT ON SCENE (DESK REPORT),INJURY AND / OR TOW DUE TO CRASH,,"OVER $1,500",01/01/2023 03:00:00 AM,IMPROPER OVERTAKING/PASSING,IMPROPER OVERTAKING/PASSING,,2,NO INDICATION OF INJURY,0.0,0.0,0.0,0.0,0.0,2.0,0.0,1,1,1,41.753901516,-87.663670333,POINT (-87.663670333133 41.753901515808),POINT (1166973.079765344 1853623.7891824197),2023,7700 S ASHLAND AVE
P350495,PASSENGER,ba46ee7d6dee0fd7b13067f4c9cebde54550b8b2ced9a1284c8be6cf26aa141e613d79d8db974403840694a9a27e4b12412c7155a23abf9005ca9be64e268338,1508497.0,M,,DID NOT DEPLOY,NONE,NO INDICATION OF INJURY,,,,,,,,2023-05-28 10:50:00,30,CLEAR,DAYLIGHT,SIDESWIPE SAME DIRECTION,NOT DIVIDED,DRY,NO DEFECTS,ON SCENE,NO INJURY / DRIVE AWAY,,"OVER $1,500",05/28/2023 11:01:00 AM,IMPROPER LANE USAGE,NOT APPLICABLE,,2,NO INDICATION OF INJURY,0.0,0.0,0.0,0.0,0.0,4.0,0.0,10,1,5,41.924131663,-87.746158709,POINT (-87.74615870878 41.924131662541),POINT (1144041.2939812327 1915490.523654431),2023,4757 W FULLERTON AVE