PERSON_ID,PERSON_TYPE,CRASH_RECORD_ID,VEHICLE_ID,SEX,AGE,AIRBAG_DEPLOYED,EJECTION,INJURY_CLASSIFICATION,DRIVER_ACTION,DRIVER_VISION,PHYSICAL_CONDITION,PEDPEDAL_ACTION,PEDPEDAL_VISIBILITY,PEDPEDAL_LOCATION,CRASH_DATE_EST_I,CRASH_DATE,POSTED_SPEED_LIMIT,WEATHER_CONDITION,LIGHTING_CONDITION,FIRST_CRASH_TYPE,TRAFFICWAY_TYPE,ROADWAY_SURFACE_COND,ROAD_DEFECT,REPORT_TYPE,CRASH_TYPE,HIT_AND_RUN_I,DAMAGE,DATE_POLICE_NOTIFIED,PRIM_CONTRIBUTORY_CAUSE,SEC_CONTRIBUTORY_CAUSE,DOORING_I,NUM_UNITS,MOST_SEVERE_INJURY,INJURIES_TOTAL,INJURIES_FATAL,INJURIES_INCAPACITATING,INJURIES_NON_INCAPACITATING,INJURIES_REPORTED_NOT_EVIDENT,INJURIES_NO_INDICATION,INJURIES_UNKNOWN,CRASH_HOUR,CRASH_DAY_OF_WEEK,CRASH_MONTH,LATITUDE,LONGITUDE,LOCATION,geometry,YEAR,ADDRESS
O1813407,DRIVER,b91e52d7c4284fb3dc7dd57b91a414c979acf31e58e59b68a44852a314e4b250e289cb0d62c3d8470e914a75a6c2110284f8edcd6a8519e46472d07c5abb985b,1727264.0,M,25.0,DEPLOYMENT UNKNOWN,UNKNOWN,NO INDICATION OF INJURY,UNKNOWN,UNKNOWN,NORMAL,,,,Y,2024-05-07 15:50:00,30,UNKNOWN,DAYLIGHT,SIDESWIPE OPPOSITE DIRECTION,NOT DIVIDED,UNKNOWN,UNKNOWN,ON SCENE,NO INJURY / DRIVE AWAY,,"$501 - $1,500",05/07/2024 04:02:00 PM,UNABLE TO DETERMINE,NOT APPLICABLE,,2,NO INDICATION OF INJURY,0.0,0.0,0.0,0.0,0.0,3.0,0.0,15,3,5,41.937750353,-87.687271543,POINT (-87.687271542796 41.937750353379),POINT (1160029.2814745267 1920568.437690108),2024,2344 W BARRY AVE
O1824828,DRIVER,cdc9615be611d58ab02677ee5ecb89e6e102f046abcdfef7470e39406f990b4ae3db18478d353260791177d2f85bf1a6c2929110d70d606b8c967e5268537378,1738203.0,M,24.0,"DEPLOYED, FRONT",NONE,NO INDICATION OF INJURY,UNKNOWN,NOT OBSCURED,NORMAL,,,,,2024-05-22 15:30:00,30,CLEAR,DAYLIGHT,FIXED OBJECT,FOUR WAY,DRY,UNKNOWN,ON SCENE,INJURY AND / OR TOW DUE TO CRASH,,"$501 - $1,500",05/22/2024 03:30:00 PM,EQUIPMENT - VEHICLE CONDITION,UNABLE TO DETERMINE,,2,NO INDICATION OF INJURY,0.0,0.0,0.0,0.0,0.0,1.0,0.0,15,4,5,41.902396261,-87.74612612,POINT (-87.746126119551 41.902396260608),POINT (1144104.3890393185 1907570.1953697447),2024,1200 N CICERO AVE
O1931494,DRIVER,7a75aac040604d059445d328c3eb8d96b80bfe01b1c6f56fed60c57d3043e9bd72a29b2e0abe9d4fc1647c72e79718be1fe47ca1900afd04a737dbcb2f8d51ba,1840093.0,M,57.0,NOT APPLICABLE,NONE,NO INDICATION OF INJURY,UNKNOWN,UNKNOWN,NORMAL,,,,,2024-10-19 16:05:00,30,CLEAR,DAYLIGHT,PARKED MOTOR VEHICLE,NOT DIVIDED,DRY,NO DEFECTS,ON SCENE,NO INJURY / DRIVE AWAY,,"OVER $1,500",10/19/2024 04:14:00 PM,UNABLE TO DETERMINE,UNABLE TO DETERMINE,,3,NO INDICATION OF INJURY,0.0,0.0,0.0,0.0,0.0,2.0,0.0,16,7,10,41.75901395,-87.573822662,POINT (-87.57382266178 41.759013949707),POINT (1191472.4674416247 1855690.3446040659),2024,2056 E 75TH ST
O1847800,DRIVER,b081b03a36756ec12d59562085c93e3dd4902ea28ebf6a6cbc08e5508103a822386eb06bfb864977bcbe9dc3f3da044da1ca54268da0dfb01743b0eee98d9a53,1760214.0,X,,DEPLOYMENT UNKNOWN,UNKNOWN,NO INDICATION OF INJURY,UNKNOWN,UNKNOWN,UNKNOWN,,,,,2024-06-22 08:00:00,30,CLEAR,"DARKNESS, LIGHTED ROAD",PARKED MOTOR VEHICLE,ONE-WAY,DRY,NO DEFECTS,ON SCENE,NO INJURY / DRIVE AWAY,Y,"OVER $1,500",06/22/2024 08:12:00 AM,UNABLE TO DETERMINE,UNABLE TO DETERMINE,,2,NO INDICATION OF INJURY,0.0,0.0,0.0,0.0,0.0,1.0,0.0,8,7,6,41.793833224,-87.697318821,POINT (-87.697318821177 41.793833223621),POINT (1157684.1583397763 1868104.915065173),2024,5455 S RICHMOND ST
O1748053,DRIVER,04c0057b463bd58bc61fb82350ffbda896af47cdd5c824516860ef8474cc52eaf86d93e525e6a027bfee1a51a5ddeac4308ffec545e832f2a38c11f8f27fc029,1664298.0,M,31.0,DID NOT DEPLOY,NONE,NO INDICATION OF INJURY,UNKNOWN,UNKNOWN,NORMAL,,,,,2024-01-25 22:00:00,30,RAIN,DUSK,REAR END,NOT DIVIDED,DRY,UNKNOWN,NOT ON SCENE (DESK REPORT),NO INJURY / DRIVE AWAY,Y,"$501 - $1,500",01/25/2024 11:30:00 PM,UNABLE TO DETERMINE,NOT APPLICABLE,,2,NO INDICATION OF INJURY,0.0,0.0,0.0,0.0,0.0,2.0,0.0,22,5,1,41.875349578,-87.657117961,POINT (-87.657117961303 41.875349578358),POINT (1168412.708340467 1897892.8261734454),2024,440 S RACINE AVE
O1770779,DRIVER,04365c4bdf1820705d0d6495939310e2b257c6e438633b2fafaf7a676fd790c256120edaba5bab2952aa6a9ce62b5711d835aa9506dbab1b285c2c0fb222d639,1686224.0,F,21.0,NOT APPLICABLE,NONE,NO INDICATION OF INJURY,NONE,NOT OBSCURED,NORMAL,,,,,2024-03-04 14:40:00,30,CLEAR,DAYLIGHT,TURNING,NOT DIVIDED,DRY,NO DEFECTS,NOT ON SCENE (DESK REPORT),NO INJURY / DRIVE AWAY,,"OVER $1,500",03/04/2024 05:14:00 PM,FAILING TO YIELD RIGHT-OF-WAY,IMPROPER OVERTAKING/PASSING,,2,NO INDICATION OF INJURY,0.0,0.0,0.0,0.0,0.0,2.0,0.0,14,2,3,41.917657471,-87.667476262,POINT (-87.667476261977 41.917657470954),POINT (1165472.0297808198 1913287.7645373556),2024,1950 N ELSTON AVE
O1947817,DRIVER,2e8c041ab2614949737edd0b4cbcbfea1a21bd9836c71e26e271319b0952dfc58ade379099dd82dc0d01357a3c247b82fce8d9dd1f7271113901e5c3e0758382,1855607.0,F,52.0,NOT APPLICABLE,NONE,NO INDICATION OF INJURY,UNKNOWN,UNKNOWN,NORMAL,,,,,2024-11-12 08:30:00,30,CLEAR,DAYLIGHT,SIDESWIPE SAME DIRECTION,UNKNOWN,DRY,UNKNOWN,NOT ON SCENE (DESK REPORT),NO INJURY / DRIVE AWAY,,"OVER $1,500",11/12/2024 02:50:00 PM,UNABLE TO DETERMINE,UNABLE TO DETERMINE,,2,NO INDICATION OF INJURY,0.0,0.0,0.0,0.0,0.0,2.0,0.0,8,3,11,41.811316849,-87.616016748,POINT (-87.616016748058 41.811316848575),POINT (1179801.2943649525 1874650.358495026),2024,406 E 46TH ST
O1778127,DRIVER,fb6cf0d4944e2a51368dc99c90f0783f23ada5cd8fe4e7888485b7dd6031933d339ac077b643430063622b5e56882746528eb1a8be5790edc1d3b39bcfd92a8e,1693241.0,M,55.0,NOT APPLICABLE,NONE,NO INDICATION OF INJURY,FOLLOWED TOO CLOSELY,NOT OBSCURED,NORMAL,,,,,2024-03-15 15:40:00,30,CLEAR,DAYLIGHT,SIDESWIPE SAME DIRECTION,NOT DIVIDED,DRY,NO DEFECTS,ON SCENE,NO INJURY / DRIVE AWAY,,"OVER $1,500",03/15/2024 03:45:00 PM,DRIVING SKILLS/KNOWLEDGE/EXPERIENCE,DRIVING SKILLS/KNOWLEDGE/EXPERIENCE,,2,NO INDICATION OF INJURY,0.0,0.0,0.0,0.0,0.0,2.0,0.0,15,6,3,41.885444217,-87.653885337,POINT (-87.653885337126 41.885444217277),POINT (1169263.9741689574 1901578.2555980678),2024,1045 W LAKE ST
O1868239,DRIVER,5b29998f30d01de4a2565cc898f79fb756273db793d52341e4f0001da129c5c1e47885b1611c4d65e97f16bb99ff84f0fb28de3b8a4618fb41d048e0a19768ea,1779732.0,F,51.0,DID NOT DEPLOY,NONE,NO INDICATION OF INJURY,UNKNOWN,NOT OBSCURED,NORMAL,,,,,2024-07-21 19:21:00,30,CLEAR,DAYLIGHT,TURNING,FOUR WAY,DRY,NO DEFECTS,ON SCENE,NO INJURY / DRIVE AWAY,,"OVER $1,500",07/21/2024 07:21:00 PM,UNABLE TO DETERMINE,NOT APPLICABLE,,2,NO INDICATION OF INJURY,0.0,0.0,0.0,0.0,0.0,6.0,0.0,19,1,7,41.925484445,-87.6536765,POINT (-87.653676500405 41.92548444455),POINT (1169205.2357089561 1916169.389393679),2024,1000 W FULLERTON AVE
O1833740,DRIVER,35baa803996c0cc3f19a870fc1b8b77fb3d9154372a0a3ef61735ea1480d9f415ffac35bb5567c81fad8ef3afdfc76d2b67cc2f36dbf688ebc07056d2d373c8b,1746749.0,X,,DEPLOYMENT UNKNOWN,NONE,NO INDICATION OF INJURY,IMPROPER LANE CHANGE,UNKNOWN,UNKNOWN,,,,,2024-06-03 13:00:00,30,CLEAR,DAYLIGHT,SIDESWIPE SAME DIRECTION,NOT DIVIDED,DRY,NO DEFECTS,ON SCENE,NO INJURY / DRIVE AWAY,Y,"$501 - $1,500",06/03/2024 01:10:00 PM,UNABLE TO DETERMINE,NOT APPLICABLE,,2,NO INDICATION OF INJURY,0.0,0.0,0.0,0.0,0.0,2.0,0.0,13,2,6,41.986604142,-87.787518889,POINT (-87.787518888866 41.986604141544),POINT (1132640.6746845024 1938181.3096454293),2024,5801 N NAGLE AVE
O1837656,DRIVER,2efc8f8fbdad9ee2535d6810dc77306516233bef7966cb70ed163eec5eb7fbe4dd661ad6849bfff6006a0ec0d19bd38c4412bb1a22bf9b40c04096dfc839b822,1750514.0,M,42.0,DID NOT DEPLOY,NONE,NO INDICATION OF INJURY,IMPROPER TURN,UNKNOWN,NORMAL,,,,,2024-06-08 11:15:00,30,CLEAR,DAYLIGHT,FIXED OBJECT,DIVIDED - W/MEDIAN (NOT RAISED),DRY,NO DEFECTS,ON SCENE,NO INJURY / DRIVE AWAY,,"OVER $1,500",06/08/2024 11:26:00 AM,IMPROPER TURNING/NO SIGNAL,UNABLE TO DETERMINE,,1,NO INDICATION OF INJURY,0.0,0.0,0.0,0.0,0.0,1.0,0.0,11,7,6,41.664016907,-87.641300334,POINT (-87.641300334322 41.664016907062),POINT (1173340.1750966725 1820919.185173164),2024,12635 S HALSTED ST
P387169,PASSENGER,bc4f6179873bb12c4b249802144f0f8eb141a020724132e1fbea7e457f0adf5da4d3264152dc3aaebcf1a2c048a002bd8b375c07368b973e5a8c3404214931e8,1668353.0,M,81.0,DID NOT DEPLOY,NONE,NO INDICATION OF INJURY,,,,,,,,2024-02-02 12:49:00,25,CLEAR,DAYLIGHT,PARKED MOTOR VEHICLE,DIVIDED - W/MEDIAN (NOT RAISED),UNKNOWN,UNKNOWN,NOT ON SCENE (DESK REPORT),NO INJURY / DRIVE AWAY,,"OVER $1,500",02/02/2024 01:59:00 PM,UNABLE TO DETERMINE,NOT APPLICABLE,,2,NO INDICATION OF INJURY,0.0,0.0,0.0,0.0,0.0,2.0,0.0,12,6,2,42.005611239,-87.695100715,POINT (-87.695100715417 42.005611239195),POINT (1157714.899617544 1945281.2901998176),2024,6820 N ROCKWELL ST
O1879441,DRIVER,2a5bb959ae714ae62aae13ccff3a4fd3c95d45efaed415b21b7781e3175be875170a4d636e3bf90caffe4df6e07cdc442e4ea88e6c0f05f437f06972e0a83d7d,1790460.0,M,53.0,DEPLOYMENT UNKNOWN,NONE,NO INDICATION OF INJURY,FAILED TO YIELD,UNKNOWN,UNKNOWN,,,,,2024-08-06 14:41:00,30,UNKNOWN,DAYLIGHT,TURNING,FOUR WAY,UNKNOWN,UNKNOWN,NOT ON SCENE (DESK REPORT),INJURY AND / OR TOW DUE TO CRASH,,"OVER $1,500",08/07/2024 11:50:00 AM,FAILING TO REDUCE SPEED TO AVOID CRASH,FAILING TO REDUCE SPEED TO AVOID CRASH,,2,NONINCAPACITATING INJURY,1.0,0.0,0.0,1.0,0.0,2.0,0.0,14,3,8,41.98353333,-87.659919035,POINT (-87.659919034816 41.983533329922),POINT (1167340.223916418 1937309.211522278),2024,5559 N BROADWAY
O1858875,DRIVER,4be480045737eb37999d26725f8e13fc41b18d2eb22919609fcc19fa82417d0185e8966bd66a214c168946e87d8cc55fd1712a794781675dfbf463e3cd9a612a,1770837.0,F,31.0,DID NOT DEPLOY,NONE,NO INDICATION OF INJURY,FOLLOWED TOO CLOSELY,UNKNOWN,NORMAL,,,,,2024-07-08 10:30:00,30,CLEAR,DAYLIGHT,REAR END,FOUR WAY,DRY,NO DEFECTS,NOT ON SCENE (DESK REPORT),NO INJURY / DRIVE AWAY,,"$501 - $1,500",07/08/2024 10:45:00 AM,FAILING TO REDUCE SPEED TO AVOID CRASH,FOLLOWING TOO CLOSELY,,2,NO INDICATION OF INJURY,0.0,0.0,0.0,0.0,0.0,2.0,0.0,10,2,7,41.989790619,-87.748095277,POINT (-87.748095277409 41.989790618636),POINT (1143350.8830987287 1939413.250242896),2024,4753 W PETERSON AVE
O1942591,DRIVER,3337883b136ede36534bc97a7624ccb523df30507d5a3e28f4087c4a260bf7473f6c2e4b13ccc524869a55685c1941972d7a3fbcbd3a0120d8b9aa43719c50b2,1850637.0,F,28.0,DEPLOYMENT UNKNOWN,UNKNOWN,"REPORTED, NOT EVIDENT",UNKNOWN,UNKNOWN,UNKNOWN,,,,,2024-11-04 12:00:00,30,UNKNOWN,UNKNOWN,SIDESWIPE SAME DIRECTION,NOT DIVIDED,UNKNOWN,UNKNOWN,NOT ON SCENE (DESK REPORT),INJURY AND / OR TOW DUE TO CRASH,,"OVER $1,500",11/04/2024 02:50:00 PM,UNABLE TO DETERMINE,NOT APPLICABLE,,2,"REPORTED, NOT EVIDENT",1.0,0.0,0.0,0.0,1.0,1.0,0.0,12,2,11,41.758430909,-87.607694031,POINT (-87.607694030972 41.758430909163),POINT (1182232.8451596156 1855398.116716194),2024,703 E 75TH ST
O1803425,DRIVER,7e36dff20ad3ff5402ede06b2a606f73967fc7ed9759821c39103e8f6873f9f54cd88de1e53e7dccb9dde570d11bd0e2b78c4a5bc26b348f1aea0b2250318f86,1717644.0,F,29.0,DID NOT DEPLOY,NONE,NO INDICATION OF INJURY,NONE,NOT OBSCURED,NORMAL,,,,Y,2024-04-23 14:50:00,30,CLOUDY/OVERCAST,DAYLIGHT,TURNING,FOUR WAY,DRY,NO DEFECTS,ON SCENE,NO INJURY / DRIVE AWAY,,"OVER $1,500",04/23/2024 02:53:00 PM,"EVASIVE ACTION DUE TO ANIMAL, OBJECT, NONMOTORIST","EVASIVE ACTION DUE TO ANIMAL, OBJECT, NONMOTORIST",,2,NO INDICATION OF INJURY,0.0,0.0,0.0,0.0,0.0,8.0,0.0,14,3,4,41.731221454,-87.604837244,POINT (-87.604837244262 41.73122145386),POINT (1183096.2333237948 1845489.8244827145),2024,8958 S COTTAGE GROVE AVE
O1915255,DRIVER,893ab1a0c59652ee22506b40be2d293bbe33c349ea3cc1c4f131f56a9d0fe370c50c6166cac6cc58a4e34f6b97babe6cb4088055fb5d9f53110e13b4f7f750cb,1824591.0,M,32.0,NOT APPLICABLE,NONE,NO INDICATION OF INJURY,NONE,NOT OBSCURED,NORMAL,,,,,2024-09-26 07:30:00,30,CLEAR,DAYLIGHT,ANGLE,NOT DIVIDED,DRY,NO DEFECTS,NOT ON SCENE (DESK REPORT),NO INJURY / DRIVE AWAY,,"OVER $1,500",09/26/2024 10:00:00 AM,FAILING TO YIELD RIGHT-OF-WAY,UNABLE TO DETERMINE,,2,NO INDICATION OF INJURY,0.0,0.0,0.0,0.0,0.0,2.0,0.0,7,5,9,41.956140633,-87.649600674,POINT (-87.649600673708 41.956140632546),POINT (1170225.293632955 1927349.4101578486),2024,4113 N CLARENDON AVE
P405261,PASSENGER,783d98922b3efd0f28d14fc9fcba63ae2f953f6ef0849191ec8b442b22c8a47a88ab7a7aed4c8e7abb7a585b24c9f9556d449042e0e5108c949a7dfca66a2a9b,1745754.0,,,NOT APPLICABLE,NONE,NO INDICATION OF INJURY,,,,,,,,2024-06-01 22:30:00,30,RAIN,"DARKNESS, LIGHTED ROAD",TURNING,NOT DIVIDED,WET,NO DEFECTS,NOT ON SCENE (DESK REPORT),NO INJURY / DRIVE AWAY,,"OVER $1,500",06/02/2024 12:25:00 AM,UNABLE TO DETERMINE,UNABLE TO DETERMINE,,2,NO INDICATION OF INJURY,0.0,0.0,0.0,0.0,0.0,5.0,0.0,22,7,6,41.90279124,-87.699592599,POINT (-87.699592599495 41.902791239765),POINT (1156771.1189536771 1907804.2725106447),2024,2905 W DIVISION ST
O1774120,DRIVER,666baf8445997134c1271dacd2d8dd54f4cfd258b5e58167b92495d30601fbac63aba268f5c4b7aa3fc480a41b120db35e3190b666911f4a6775aa7569e0dbba,1689410.0,F,30.0,DEPLOYMENT UNKNOWN,NONE,NO INDICATION OF INJURY,UNKNOWN,UNKNOWN,UNKNOWN,,,,,2024-03-08 13:25:00,30,UNKNOWN,UNKNOWN,REAR END,DIVIDED - W/MEDIAN (NOT RAISED),UNKNOWN,UNKNOWN,NOT ON SCENE (DESK REPORT),NO INJURY / DRIVE AWAY,,"$501 - $1,500",03/09/2024 05:15:00 PM,UNABLE TO DETERMINE,NOT APPLICABLE,,2,NO INDICATION OF INJURY,0.0,0.0,0.0,0.0,0.0,2.0,0.0,13,6,3,42.009866528,-87.682068122,POINT (-87.682068122317 42.009866528423),POINT (1161245.240845257 1946858.6219395276),2024,7031 N RIDGE BLVD
O1750525,DRIVER,bcb551463b9e0485e7af5aeb28497ce69051790c56a665de2a41c4bf51a91c43c51d7fef1c1d4ad3fef82f9c650517f1ebb112ff35db29908918092bb022e339,1666655.0,M,26.0,NOT APPLICABLE,NONE,"REPORTED, NOT EVIDENT",FAILED TO YIELD,UNKNOWN,UNKNOWN,,,,,2024-01-30 11:15:00,30,CLEAR,DAYLIGHT,SIDESWIPE SAME DIRECTION,DIVIDED - W/MEDIAN (NOT RAISED),WET,NO DEFECTS,ON SCENE,INJURY AND / OR TOW DUE TO CRASH,,"OVER $1,500",01/30/2024 11:25:00 AM,FAILING TO YIELD RIGHT-OF-WAY,NOT APPLICABLE,,2,"REPORTED, NOT EVIDENT",3.0,0.0,0.0,0.0,3.0,0.0,0.0,11,3,1,41.899341145,-87.726056189,POINT (-87.726056188634 41.899341145231),POINT (1149575.893862902 1906494.9495948004),2024,1009 N PULASKI RD
O1858749,DRIVER,2a6521603d20113be81b8f2a0500759da04fba891129ee834401d8a4080a8d6e4875a04025fa2051b1cdbcc056980a3884efce853777f787d634075696760bd5,1770738.0,F,21.0,NOT APPLICABLE,NONE,NO INDICATION OF INJURY,UNKNOWN,UNKNOWN,NORMAL,,,,,2024-07-08 07:45:00,30,CLEAR,DAYLIGHT,ANGLE,NOT DIVIDED,DRY,NO DEFECTS,ON SCENE,NO INJURY / DRIVE AWAY,,"OVER $1,500",07/08/2024 07:53:00 AM,UNABLE TO DETERMINE,UNABLE TO DETERMINE,,3,NO INDICATION OF INJURY,0.0,0.0,0.0,0.0,0.0,3.0,0.0,7,2,7,41.969048125,-87.788152987,POINT (-87.788152986925 41.969048125412),POINT (1132508.9976870818 1931782.7260040115),2024,4818 N NAGLE AVE
O1902933,DRIVER,c3494eb3b1c34f9193b4896fb475bd123944a68d865a5a784eee84779e22d7f68bf07b4e2bac071cfe57e1981d4571d4d357483326b94a09d6f647e360fe60e0,1812850.0,F,,DID NOT DEPLOY,NONE,NO INDICATION OF INJURY,UNKNOWN,UNKNOWN,UNKNOWN,,,,,2024-09-04 17:45:00,30,UNKNOWN,UNKNOWN,SIDESWIPE SAME DIRECTION,NOT DIVIDED,UNKNOWN,UNKNOWN,NOT ON SCENE (DESK REPORT),NO INJURY / DRIVE AWAY,,$500 OR LESS,09/09/2024 06:18:00 PM,UNABLE TO DETERMINE,UNABLE TO DETERMINE,,2,NO INDICATION OF INJURY,0.0,0.0,0.0,0.0,0.0,2.0,0.0,17,4,9,41.993640302,-87.655351217,POINT (-87.655351217448 41.993640302333),POINT (1168552.9875725198 1941002.048639213),2024,6145 N SHERIDAN RD
O1835509,DRIVER,3c20f4d05ae697f8c39b3f340d7c695b41d209cda36f5380b08f8453eaa2e52e4fcc93a3fd0235f9705e57721e9349fb56e16fde2fddc8638529fd2ac1dd66ee,1748437.0,M,63.0,DID NOT DEPLOY,NONE,NO INDICATION OF INJURY,OTHER,NOT OBSCURED,NORMAL,,,,,2024-06-05 16:26:00,20,CLEAR,DAYLIGHT,PARKED MOTOR VEHICLE,NOT DIVIDED,DRY,NO DEFECTS,ON SCENE,NO INJURY / DRIVE AWAY,,"OVER $1,500",06/05/2024 04:28:00 PM,NOT APPLICABLE,NOT APPLICABLE,,2,NO INDICATION OF INJURY,0.0,0.0,0.0,0.0,0.0,3.0,0.0,16,4,6,41.869346808,-87.654271552,POINT (-87.654271551523 41.86934680781),POINT (1169205.2178257748 1895711.5456824847),2024,1101 W TAYLOR ST
P407349,PASSENGER,0ee98f0ad1ddd951041704597e76aeee57790ca3bd5c721cedd375bd30404fc686337c20d42a61302312de404d6a2a2e71c2b122228a7d442ce78ad2ff0c0b98,1754837.0,M,52.0,NOT APPLICABLE,NONE,"REPORTED, NOT EVIDENT",,,,,,,,2024-06-14 13:11:00,30,CLEAR,DAYLIGHT,TURNING,NOT DIVIDED,DRY,NO DEFECTS,ON SCENE,INJURY AND / OR TOW DUE TO CRASH,,"OVER $1,500",06/14/2024 01:13:00 PM,NOT APPLICABLE,NOT APPLICABLE,,2,"REPORTED, NOT EVIDENT",2.0,0.0,0.0,0.0,2.0,2.0,0.0,13,6,6,41.805282372,-87.66473392,POINT (-87.664733919942 41.80528237153),POINT (1166537.29630347 1872344.3367119264),2024,4851 S ASHLAND AVE
P424986,PASSENGER,cc6ec1e9f13da3e47b58a06f502bf012d44a33aea5da4dedacf35d4e08d16f0df710a319bbecbc87ed7a5889c27bcb4daebe058b8f52b0367423867204d294bb,1830248.0,M,40.0,DEPLOYMENT UNKNOWN,UNKNOWN,"REPORTED, NOT EVIDENT",,,,,,,,2024-10-04 18:12:00,30,CLEAR,DUSK,PARKED MOTOR VEHICLE,FOUR WAY,DRY,NO DEFECTS,ON SCENE,INJURY AND / OR TOW DUE TO CRASH,,"OVER $1,500",10/04/2024 06:35:00 PM,FAILING TO REDUCE SPEED TO AVOID CRASH,DRIVING SKILLS/KNOWLEDGE/EXPERIENCE,,2,"REPORTED, NOT EVIDENT",1.0,0.0,0.0,0.0,1.0,4.0,0.0,18,6,10,41.783964365,-87.606153791,POINT (-87.606153790698 41.783964365307),POINT (1182574.4175713672 1864705.868036932),2024,6100 S COTTAGE GROVE AVE
P387726,PASSENGER,2ebb76bef54a4710f964e1230bd923ab10ce9663a4ef9b127d19017b1979b2fb780b706da047c5084948ce03090dfe3f2864caf9f528bbdc790fc7b3a56b522a,1670804.0,F,63.0,DID NOT DEPLOY,NONE,NO INDICATION OF INJURY,,,,,,,,2024-02-04 16:00:00,10,CLEAR,DAYLIGHT,PARKED MOTOR VEHICLE,PARKING LOT,DRY,NO DEFECTS,NOT ON SCENE (DESK REPORT),NO INJURY / DRIVE AWAY,,"OVER $1,500",02/06/2024 05:00:00 PM,UNABLE TO DETERMINE,UNABLE TO DETERMINE,,2,NO INDICATION OF INJURY,0.0,0.0,0.0,0.0,0.0,2.0,0.0,16,1,2,41.774252149,-87.64449655,POINT (-87.644496549933 41.774252148861),POINT (1172145.4483120698 1861080.6986305192),2024,6601 S HALSTED ST
O1896484,DRIVER,46d7bd606e3400c2f9186fd9d982035cbea448e602380f36bccd02a4aa0d2602c762a038a40afe2bb02e5b6b25d50bc83e23a3354b56cc2d0aa45131af43feaf,1806714.0,M,46.0,DEPLOYMENT UNKNOWN,NONE,NO INDICATION OF INJURY,UNKNOWN,UNKNOWN,UNKNOWN,,,,Y,2024-08-31 08:15:00,25,CLEAR,DAYLIGHT,ANGLE,FOUR WAY,DRY,NO DEFECTS,NOT ON SCENE (DESK REPORT),INJURY AND / OR TOW DUE TO CRASH,,"OVER $1,500",08/31/2024 05:00:00 PM,UNABLE TO DETERMINE,UNABLE TO DETERMINE,,2,NO INDICATION OF INJURY,0.0,0.0,0.0,0.0,0.0,2.0,0.0,8,7,8,42.009620451,-87.672409918,POINT (-87.672409918424 42.009620450607),POINT (1163870.7687649766 1946789.0662517908),2024,7018 N PAULINA ST
O1789442,DRIVER,ab7c9d0405e17b524163dd08abaff4077f93c357e3078f4987dcd23081bb0a6ffa24b7d88eedb8e03cfd85b246279387951d7001f7308879a12a489fd088ab7d,1704197.0,M,54.0,DID NOT DEPLOY,NONE,NONINCAPACITATING INJURY,NONE,NOT OBSCURED,NORMAL,,,,,2024-04-02 16:35:00,30,CLOUDY/OVERCAST,DAYLIGHT,SIDESWIPE OPPOSITE DIRECTION,T-INTERSECTION,WET,NO DEFECTS,ON SCENE,INJURY AND / OR TOW DUE TO CRASH,Y,"OVER $1,500",04/02/2024 04:40:00 PM,DRIVING SKILLS/KNOWLEDGE/EXPERIENCE,NOT APPLICABLE,,3,NONINCAPACITATING INJURY,2.0,0.0,0.0,2.0,0.0,2.0,0.0,16,3,4,41.773473514,-87.583635084,POINT (-87.58363508407 41.773473514264),POINT (1188749.3348657442 1860935.8173789738),2024,1704 E 67TH ST
O1862826,DRIVER,70c5848dff5164b9163de817f1b6a9f786610b8992f6622dc8d2b67017b7a73d6bfd56faec91800e506d193109d08adc9fa973ba4cfaaa18852d51455dc84d48,1774595.0,M,24.0,DID NOT DEPLOY,NONE,NO INDICATION OF INJURY,OTHER,UNKNOWN,UNKNOWN,,,,,2024-07-14 00:57:00,30,RAIN,"DARKNESS, LIGHTED ROAD",REAR END,ONE-WAY,WET,UNKNOWN,NOT ON SCENE (DESK REPORT),INJURY AND / OR TOW DUE TO CRASH,,"OVER $1,500",07/14/2024 02:06:00 AM,UNABLE TO DETERMINE,UNABLE TO DETERMINE,,2,"REPORTED, NOT EVIDENT",1.0,0.0,0.0,0.0,1.0,1.0,0.0,0,1,7,41.89670114,-87.631393161,POINT (-87.631393160513 41.896701140159),POINT (1175355.0791289818 1905729.5731033795),2024,800 N CLARK ST
P399775,PASSENGER,5d79fd81fec3926851cbaebe6dfca9d9dddf9ecdaa1034682879743ebd5e387647eef93015e14518e0f8975a6765746af0fa99002f3a7f93caf893149e2e0c04,1723604.0,F,21.0,NOT APPLICABLE,NONE,NO INDICATION OF INJURY,,,,,,,,2024-05-02 15:15:00,30,RAIN,DAYLIGHT,ANGLE,NOT DIVIDED,WET,NO DEFECTS,ON SCENE,INJURY AND / OR TOW DUE TO CRASH,,"OVER $1,500",05/02/2024 03:30:00 PM,FAILING TO YIELD RIGHT-OF-WAY,NOT APPLICABLE,,2,NO INDICATION OF INJURY,0.0,0.0,0.0,0.0,0.0,3.0,0.0,15,5,5,41.783398837,-87.771854741,POINT (-87.771854740558 41.783398836597),POINT (1137383.7849606855 1864161.1442998953),2024,5958 S AUSTIN AVE
P404004,PASSENGER,34c72dce136223fad24a24cb9c2820274e295e51bad34fbc1c0c2005da7d3bd8c907832b28be8c2a25bc3c6e20f40910ac3611fd0c969825cf7d53407761864c,1740967.0,F,,NOT APPLICABLE,NONE,NO INDICATION OF INJURY,,,,,,,,2024-05-12 10:00:00,30,CLEAR,DAYLIGHT,TURNING,NOT DIVIDED,DRY,UNKNOWN,,NO INJURY / DRIVE AWAY,,"$501 - $1,500",05/12/2024 10:05:00 AM,IMPROPER TURNING/NO SIGNAL,IMPROPER LANE USAGE,,2,NO INDICATION OF INJURY,0.0,0.0,0.0,0.0,0.0,5.0,0.0,10,1,5,41.721273155,-87.649498593,POINT (-87.649498592698 41.721273154572),POINT (1170934.4490128038 1841764.7539927242),2024,1037 W 95TH ST