PERSON_ID,PERSON_TYPE,CRASH_RECORD_ID,VEHICLE_ID,SEX,AGE,AIRBAG_DEPLOYED,EJECTION,INJURY_CLASSIFICATION,DRIVER_ACTION,DRIVER_VISION,PHYSICAL_CONDITION,PEDPEDAL_ACTION,PEDPEDAL_VISIBILITY,PEDPEDAL_LOCATION,CRASH_DATE_EST_I,CRASH_DATE,POSTED_SPEED_LIMIT,WEATHER_CONDITION,LIGHTING_CONDITION,FIRST_CRASH_TYPE,TRAFFICWAY_TYPE,ROADWAY_SURFACE_COND,ROAD_DEFECT,REPORT_TYPE,CRASH_TYPE,HIT_AND_RUN_I,DAMAGE,DATE_POLICE_NOTIFIED,PRIM_CONTRIBUTORY_CAUSE,SEC_CONTRIBUTORY_CAUSE,DOORING_I,NUM_UNITS,MOST_SEVERE_INJURY,INJURIES_TOTAL,INJURIES_FATAL,INJURIES_INCAPACITATING,INJURIES_NON_INCAPACITATING,INJURIES_REPORTED_NOT_EVIDENT,INJURIES_NO_INDICATION,INJURIES_UNKNOWN,CRASH_HOUR,CRASH_DAY_OF_WEEK,CRASH_MONTH,LATITUDE,LONGITUDE,LOCATION,geometry,YEAR,ADDRESS
P401027,PASSENGER,e6d80610576b29a5d694caca682d0d0638ae838aa9cf3ac8b1e8fc46b5689aa4794de8a2daa154c35fa2a77708db9798d0fd7869ba1230eb97af0de01d2f6a25,1728289.0,F,6.0,DID NOT DEPLOY,NONE,NO INDICATION OF INJURY,,,,,,,,2024-05-04 20:36:00,30,RAIN,DAYLIGHT,SIDESWIPE SAME DIRECTION,DIVIDED - W/MEDIAN (NOT RAISED),WET,NO DEFECTS,NOT ON SCENE (DESK REPORT),NO INJURY / DRIVE AWAY,Y,"OVER $1,500",05/08/2024 09:00:00 PM,IMPROPER LANE USAGE,IMPROPER LANE USAGE,,2,NO INDICATION OF INJURY,0.0,0.0,0.0,0.0,0.0,4.0,0.0,20,7,5,41.913471659,-87.711646959,POINT (-87.711646958925 41.913471659265),POINT (1153461.3789357462 1911672.2090635754),2024,1757 N KIMBALL AVE
P400306,PASSENGER,fdd2472c60232bd0f2271dbd2b35368454956d0b6b1d367543718b63eefdb7c58f3cd20dfa6781916fb8999284dca7d209ba23339ad360ea5ffc91fd74fad1cf,1725457.0,F,20.0,DID NOT DEPLOY,NONE,NO INDICATION OF INJURY,,,,,,,,2024-05-04 23:27:00,30,CLEAR,"DARKNESS, LIGHTED ROAD",REAR END,NOT REPORTED,DRY,NO DEFECTS,ON SCENE,INJURY AND / OR TOW DUE TO CRASH,,"OVER $1,500",05/04/2024 11:27:00 PM,FOLLOWING TOO CLOSELY,FAILING TO REDUCE SPEED TO AVOID CRASH,,2,NO INDICATION OF INJURY,0.0,0.0,0.0,0.0,0.0,3.0,0.0,23,7,5,41.87686253,-87.62779697,POINT (-87.627796970132 41.876862529588),POINT (1176393.594932352 1898508.421066132),2024,400 S STATE ST
O1850458,DRIVER,6258af7792a2fa5d56ef5025139eb60a3c704b3daa49acc6ecfaca9a4d760d71f59d751704b7c70de521dbd94c34ac5b520974c3df46ff9514c4d868cfb25efb,1762760.0,F,23.0,DID NOT DEPLOY,NONE,NO INDICATION OF INJURY,IMPROPER PARKING,UNKNOWN,NORMAL,,,,,2024-06-25 18:03:00,15,CLEAR,DAYLIGHT,REAR TO FRONT,PARKING LOT,DRY,UNKNOWN,,NO INJURY / DRIVE AWAY,,"OVER $1,500",06/25/2024 06:30:00 PM,UNABLE TO DETERMINE,UNABLE TO DETERMINE,,2,NO INDICATION OF INJURY,0.0,0.0,0.0,0.0,0.0,2.0,0.0,18,3,6,41.853194515,-87.719328948,POINT (-87.719328947545 41.853194515075),POINT (1151527.6294698166 1889692.2335552915),2024,3750 W OGDEN AVE
O1762151,DRIVER,1fbaab8c1b849c9aad82520d958afd2c4c6999b0cd8639d4de0b2f1a5792f8721f916f5cc57752e78482c42f578ef236ab92a8d76f49b34ed2c2233ecc9b9caa,1677879.0,F,27.0,NOT APPLICABLE,NONE,NO INDICATION OF INJURY,OTHER,UNKNOWN,NORMAL,,,,Y,2024-02-19 23:00:00,30,CLEAR,"DARKNESS, LIGHTED ROAD",HEAD ON,DIVIDED - W/MEDIAN (NOT RAISED),DRY,NO DEFECTS,NOT ON SCENE (DESK REPORT),NO INJURY / DRIVE AWAY,,"OVER $1,500",02/19/2024 11:30:00 PM,DISTRACTION - FROM INSIDE VEHICLE,NOT APPLICABLE,,2,NO INDICATION OF INJURY,0.0,0.0,0.0,0.0,0.0,3.0,0.0,23,2,2,41.919801964,-87.772100805,POINT (-87.772100805155 41.919801963949),POINT (1136991.8188629118 1913865.50426196),2024,5835 W GRAND AVE
O1914179,DRIVER,ce1e02fc7354ffa86c7d6c96191ecb196963d7c3eb19eb798d91800f435ed1744e0d3f728fa601e82c22976c736122c5c3ecfd0443841b80367a4d34313c1f55,1823592.0,M,25.0,DEPLOYMENT UNKNOWN,NONE,NO INDICATION OF INJURY,TOO FAST FOR CONDITIONS,NOT OBSCURED,NORMAL,,,,,2024-09-24 04:30:00,30,RAIN,DAWN,REAR END,NOT DIVIDED,WET,NO DEFECTS,NOT ON SCENE (DESK REPORT),INJURY AND / OR TOW DUE TO CRASH,,"OVER $1,500",09/24/2024 07:09:00 PM,FOLLOWING TOO CLOSELY,NOT APPLICABLE,,2,NO INDICATION OF INJURY,0.0,0.0,0.0,0.0,0.0,2.0,0.0,4,3,9,41.75504428,-87.722315514,POINT (-87.722315514022 41.755044279733),POINT (1150968.227299916 1853921.1025808034),2024,7600 S PULASKI RD
O1934033,PEDESTRIAN,eb2432edb286c1ab221e3e5e333ea9ae29d6438d949be129a9408b6764a92702c42544a2633075f741b2d672637089ee55b4114352b17932ef91de08c0e33d84,,M,68.0,,,INCAPACITATING INJURY,UNKNOWN,UNKNOWN,UNKNOWN,UNKNOWN/NA,NO CONTRASTING CLOTHING,NOT IN ROADWAY,N,2024-02-19 05:45:00,20,CLEAR,"DARKNESS, LIGHTED ROAD",PARKED MOTOR VEHICLE,NOT DIVIDED,DRY,NO DEFECTS,,INJURY AND / OR TOW DUE TO CRASH,Y,$500 OR LESS,02/19/2024 05:45:00 AM,UNABLE TO DETERMINE,UNABLE TO DETERMINE,,3,INCAPACITATING INJURY,1.0,0.0,1.0,0.0,0.0,1.0,0.0,5,2,2,41.866386479,-87.629595151,POINT (-87.629595150822 41.866386478865),POINT (1175935.1789360477 1894686.9413467664),2024,1230 S FEDERAL ST
O1893853,DRIVER,b2c3790359df62dd3f6b87531ee13e8b46fca04a730ae8f43f7fbc987e3b99064d7607cc8d8a77d762ab771b8652591d7bff20b799519d8eea757a8204a8bc9e,1804196.0,M,,DEPLOYMENT UNKNOWN,NONE,NO INDICATION OF INJURY,FAILED TO YIELD,UNKNOWN,UNKNOWN,,,,,2024-08-28 08:30:00,30,CLEAR,DAYLIGHT,PEDESTRIAN,NOT DIVIDED,DRY,NO DEFECTS,ON SCENE,INJURY AND / OR TOW DUE TO CRASH,Y,"OVER $1,500",08/28/2024 08:40:00 AM,ROAD CONSTRUCTION/MAINTENANCE,ROAD CONSTRUCTION/MAINTENANCE,,2,"REPORTED, NOT EVIDENT",1.0,0.0,0.0,0.0,1.0,1.0,0.0,8,4,8,41.760002736,-87.634985513,POINT (-87.634985513165 41.760002735684),POINT (1174781.9661976881 1855909.2486829534),2024,410 W 74TH ST
O1740279,DRIVER,4609d2aec226f925f2bb769e2b3ea0e92e4091ec621f81391d9cd212cbacfc4209b14edd7ea7ffc796cd9b98700060f6625b113869ba58a69b97a30b3e5a68af,1656798.0,X,,DEPLOYMENT UNKNOWN,NONE,NO INDICATION OF INJURY,TOO FAST FOR CONDITIONS,UNKNOWN,UNKNOWN,,,,,2024-01-13 16:44:00,30,SNOW,"DARKNESS, LIGHTED ROAD",ANGLE,UNKNOWN INTERSECTION TYPE,SNOW OR SLUSH,NO DEFECTS,ON SCENE,NO INJURY / DRIVE AWAY,Y,"$501 - $1,500",01/13/2024 05:00:00 PM,UNABLE TO DETERMINE,NOT APPLICABLE,,2,NO INDICATION OF INJURY,0.0,0.0,0.0,0.0,0.0,2.0,0.0,16,7,1,41.920334298,-87.670864658,POINT (-87.670864658277 41.920334297534),POINT (1164542.2921557578 1914256.061778264),2024,2140 N ELSTON AVE
O1838091,PEDESTRIAN,8bc1eafb0977f76ce51b707d61f7a13340f2324e089b79823e5f42ed30dc4fa17d5694f267c66c67170afdaf4dfb3d24a1ea692bcd6792e302c74f7e0556d5c8,,M,23.0,,,NONINCAPACITATING INJURY,NONE,NOT OBSCURED,NORMAL,NO ACTION,NO CONTRASTING CLOTHING,NOT IN ROADWAY,,2024-06-06 16:40:00,10,CLEAR,DAYLIGHT,PARKED MOTOR VEHICLE,PARKING LOT,DRY,NO DEFECTS,,INJURY AND / OR TOW DUE TO CRASH,Y,"OVER $1,500",06/06/2024 04:43:00 PM,UNABLE TO DETERMINE,UNABLE TO DETERMINE,,3,NONINCAPACITATING INJURY,2.0,0.0,0.0,2.0,0.0,4.0,0.0,16,5,6,41.822515404,-87.704315783,POINT (-87.704315782621 41.822515403741),POINT (1155699.660412101 1878542.493734246),2024,3901 S KEDZIE AVE
O1842848,DRIVER,2428173f34a425799c68afb3e54adbc9cd84a22fd86b1403d46e26d62c38bc1c079d65c685de1d70ff806186e8e027a726c778d3c9797bb305b153672300cd12,1755472.0,X,,DEPLOYMENT UNKNOWN,NONE,NO INDICATION OF INJURY,FAILED TO YIELD,UNKNOWN,UNKNOWN,,,,,2024-06-14 22:00:00,30,CLEAR,"DARKNESS, LIGHTED ROAD",ANGLE,T-INTERSECTION,DRY,NO DEFECTS,NOT ON SCENE (DESK REPORT),NO INJURY / DRIVE AWAY,Y,"OVER $1,500",06/15/2024 11:15:00 AM,FAILING TO YIELD RIGHT-OF-WAY,FAILING TO YIELD RIGHT-OF-WAY,,2,NO INDICATION OF INJURY,0.0,0.0,0.0,0.0,0.0,2.0,0.0,22,6,6,41.930912469,-87.784176483,POINT (-87.78417648303 41.930912469089),POINT (1133679.4318777064 1917892.9058077275),2024,6323 W DIVERSEY AVE
O1869896,DRIVER,9726c237834f0759249072888166d919ce353111222df3aee469cc40d2fd89e236bc45fe8b7f5465183ec55a05512a38ef4335732db080232f1b825508442838,1781326.0,M,57.0,"DEPLOYED, FRONT",NONE,NONINCAPACITATING INJURY,FAILED TO YIELD,UNKNOWN,NORMAL,,,,,2024-07-24 12:37:00,30,CLEAR,DAYLIGHT,HEAD ON,FOUR WAY,DRY,NO DEFECTS,ON SCENE,INJURY AND / OR TOW DUE TO CRASH,,"OVER $1,500",07/24/2024 01:06:00 PM,FAILING TO YIELD RIGHT-OF-WAY,FAILING TO YIELD RIGHT-OF-WAY,,2,NONINCAPACITATING INJURY,2.0,0.0,0.0,2.0,0.0,0.0,0.0,12,4,7,41.852557925,-87.644733489,POINT (-87.644733488905 41.852557924526),POINT (1171852.1701872565 1889614.407383119),2024,703 W CERMAK RD
O1820911,DRIVER,cd34d42350c0bfc94a8fdfdae3735ca895f1adbaafad49d12b38062116512575a97867dd2f0e810c231c58fb62d5459cebd0deb9f39a39716e1f6d716bd5500b,1734486.0,M,22.0,NOT APPLICABLE,NONE,NO INDICATION OF INJURY,UNKNOWN,UNKNOWN,NORMAL,,,,N,2024-05-17 15:05:00,15,CLEAR,DAYLIGHT,ANGLE,PARKING LOT,DRY,NO DEFECTS,NOT ON SCENE (DESK REPORT),NO INJURY / DRIVE AWAY,,"OVER $1,500",05/17/2024 04:30:00 PM,UNABLE TO DETERMINE,UNABLE TO DETERMINE,,2,NO INDICATION OF INJURY,0.0,0.0,0.0,0.0,0.0,2.0,0.0,15,6,5,41.834311071,-87.663899893,POINT (-87.663899893253 41.834311070719),POINT (1166682.2742975745 1882924.0239446685),2024,1514 W 33RD ST
O1791742,DRIVER,e5f174d59b1117ee3b33e1f4e0068356c1e8b6170051e62816df1b10b794f9c55f5908310252c6bf7baea9aa210d94c4a7192f8916992975dcdc1e5fbf165cc1,1706382.0,M,33.0,NOT APPLICABLE,NONE,NO INDICATION OF INJURY,IMPROPER BACKING,UNKNOWN,UNKNOWN,,,,,2024-04-06 00:07:00,30,CLEAR,"DARKNESS, LIGHTED ROAD",PARKED MOTOR VEHICLE,PARKING LOT,DRY,UNKNOWN,ON SCENE,NO INJURY / DRIVE AWAY,,"OVER $1,500",04/06/2024 12:12:00 AM,"OPERATING VEHICLE IN ERRATIC, RECKLESS, CARELESS, NEGLIGENT OR AGGRESSIVE MANNER",NOT APPLICABLE,,2,NO INDICATION OF INJURY,0.0,0.0,0.0,0.0,0.0,1.0,0.0,0,7,4,41.902786314,-87.726060117,POINT (-87.726060117408 41.902786313719),POINT (1149565.937533523 1907750.3606314647),2024,3954 W DIVISION ST
O1889973,DRIVER,376529556b7537ad311c43c79173d7fb65a4972efdfba604aa295ae15e79da5f9392e5cb5c1c9970f20bd850227f05f641fbf2baa4b5a27b6d69214fc1dcd916,1800486.0,M,33.0,DID NOT DEPLOY,NONE,NO INDICATION OF INJURY,UNKNOWN,UNKNOWN,NORMAL,,,,,2024-08-22 18:41:00,30,CLEAR,"DARKNESS, LIGHTED ROAD",TURNING,CENTER TURN LANE,DRY,NO DEFECTS,ON SCENE,INJURY AND / OR TOW DUE TO CRASH,,"OVER $1,500",08/22/2024 08:04:00 PM,IMPROPER TURNING/NO SIGNAL,UNABLE TO DETERMINE,,2,NO INDICATION OF INJURY,0.0,0.0,0.0,0.0,0.0,3.0,0.0,18,5,8,41.934794072,-87.697844819,POINT (-87.697844819246 41.934794072269),POINT (1157160.4968230277 1919469.6596651212),2024,2926 N CALIFORNIA AVE
P403214,PASSENGER,e3356ab850b9eaef20265641b76fe7526a1c3315a62f4b3572815ac41e583dab1d5316bca1183fdd0d10dcae0a505d11011e69ef46ad806933b174f38f0ed0f4,1737792.0,F,12.0,NOT APPLICABLE,NONE,NO INDICATION OF INJURY,,,,,,,,2024-05-21 20:02:00,35,CLEAR,DAYLIGHT,REAR END,FOUR WAY,DRY,NO DEFECTS,ON SCENE,NO INJURY / DRIVE AWAY,,"OVER $1,500",05/21/2024 08:10:00 PM,FOLLOWING TOO CLOSELY,NOT APPLICABLE,,2,NO INDICATION OF INJURY,0.0,0.0,0.0,0.0,0.0,6.0,0.0,20,3,5,41.721183043,-87.672768785,POINT (-87.672768785172 41.721183043388),POINT (1164581.9879833383 1841682.3154826178),2024,1998 W 95TH ST
O1736992,DRIVER,35402138d52a14f20cb790a703eb0bc95ec0c90a79d63d72bef2eecee8503290c941eb0496e08bf9b9ffef1695aef18f25828238cc87d3993f4d8ebdff8d9473,1653646.0,M,39.0,NOT APPLICABLE,NONE,NO INDICATION OF INJURY,NONE,NOT OBSCURED,NORMAL,,,,,2024-01-08 05:46:00,30,SLEET/HAIL,"DARKNESS, LIGHTED ROAD",TURNING,NOT DIVIDED,ICE,NO DEFECTS,ON SCENE,INJURY AND / OR TOW DUE TO CRASH,Y,"OVER $1,500",01/08/2024 05:46:00 AM,UNABLE TO DETERMINE,UNABLE TO DETERMINE,,2,NO INDICATION OF INJURY,0.0,0.0,0.0,0.0,0.0,2.0,0.0,5,2,1,41.875893941,-87.701224965,POINT (-87.701224964612 41.875893940871),POINT (1156398.9458514645 1897999.6391374574),2024,400 S SACRAMENTO BLVD
P397535,PASSENGER,fd1a919a0a1e7d36f5f811f8530caa9c300812f1b48df21d5b8b954ad94dbee2c19a15cb363310198fe7990a1f6243fed587c8f45186f6396ae7230b9622adb4,1713982.0,F,,DID NOT DEPLOY,NONE,NO INDICATION OF INJURY,,,,,,,,2024-04-17 15:10:00,30,CLOUDY/OVERCAST,DAYLIGHT,ANGLE,NOT DIVIDED,DRY,NO DEFECTS,NOT ON SCENE (DESK REPORT),NO INJURY / DRIVE AWAY,,"OVER $1,500",04/17/2024 03:25:00 PM,NOT APPLICABLE,NOT APPLICABLE,,2,NO INDICATION OF INJURY,0.0,0.0,0.0,0.0,0.0,3.0,0.0,15,4,4,41.787906439,-87.710603884,POINT (-87.710603883919 41.787906438814),POINT (1154077.0947818158 1865918.7145466597),2024,5801 S ST LOUIS AVE
P390347,PASSENGER,8616036c4d6c104b9d322122aab678a272ab8b9e7e5ad7e86b7ddb13910b7f230b9020f4fa2510d3b3d211a6ce94ba41505e947d38bcb26148d56d5c8f2e4e40,1682575.0,F,16.0,NOT APPLICABLE,NONE,NO INDICATION OF INJURY,,,,,,,,2024-02-27 17:20:00,30,CLEAR,DUSK,REAR END,NOT DIVIDED,DRY,NO DEFECTS,ON SCENE,NO INJURY / DRIVE AWAY,,"$501 - $1,500",02/27/2024 05:21:00 PM,DISREGARDING STOP SIGN,FAILING TO REDUCE SPEED TO AVOID CRASH,,2,NO INDICATION OF INJURY,0.0,0.0,0.0,0.0,0.0,3.0,0.0,17,3,2,41.712909559,-87.605425404,POINT (-87.605425404324 41.712909559207),POINT (1182992.1118369473 1838815.8033181282),2024,10000 S COTTAGE GROVE AVE
O1771133,DRIVER,a557ab00741de931df664fb35c0f497736468968f3d75430feba038c0b429f5bf1c139b52f10edd2d2493b40d312e09336923c1f85c61b83f0d42f7cc7f9dda4,1686595.0,M,20.0,DEPLOYMENT UNKNOWN,NONE,NO INDICATION OF INJURY,NONE,UNKNOWN,NORMAL,,,,,2024-03-05 07:40:00,30,RAIN,DAYLIGHT,SIDESWIPE OPPOSITE DIRECTION,NOT DIVIDED,WET,NO DEFECTS,ON SCENE,INJURY AND / OR TOW DUE TO CRASH,,"OVER $1,500",03/05/2024 08:00:00 AM,UNABLE TO DETERMINE,UNABLE TO DETERMINE,,4,NONINCAPACITATING INJURY,1.0,0.0,0.0,1.0,0.0,3.0,0.0,7,3,3,41.994172137,-87.802333075,POINT (-87.802333075283 41.994172137017),POINT (1128596.027199756 1940913.8055177322),2024,6198 N NORTHWEST HWY
O1830618,DRIVER,458b1dd7c2ca28d9355b5fa4afda6956deb6de41f316ed4cbbfebbac1da4011b1c03b9cdced3d4e28ddef1dd0c5e56ac4e3b5f4381e9055fe3fd0456a3f6d313,1743756.0,M,,DEPLOYMENT UNKNOWN,NONE,NO INDICATION OF INJURY,FAILED TO YIELD,UNKNOWN,UNKNOWN,,,,,2024-05-30 14:53:00,30,CLEAR,DAYLIGHT,REAR END,NOT DIVIDED,DRY,OTHER,ON SCENE,INJURY AND / OR TOW DUE TO CRASH,Y,"OVER $1,500",05/30/2024 02:53:00 PM,FAILING TO YIELD RIGHT-OF-WAY,NOT APPLICABLE,,2,"REPORTED, NOT EVIDENT",1.0,0.0,0.0,0.0,1.0,1.0,0.0,14,5,5,41.778069599,-87.771355642,POINT (-87.771355642114 41.778069599215),POINT (1137532.5972968407 1862220.1028261788),2024,6255 S AUSTIN AVE
O1834439,DRIVER,7ffc7416cefb049c18daf41aeea24d85065f04e5c7c06916bb554bca2f4571fb1b250fdf55c550e70fd93fa51512f0c2e5eb4e291af218186a3d04e860d8b27c,1747420.0,M,80.0,NOT APPLICABLE,NONE,NO INDICATION OF INJURY,NONE,UNKNOWN,UNKNOWN,,,,,2024-06-04 11:30:00,15,CLEAR,DAYLIGHT,FIXED OBJECT,PARKING LOT,DRY,UNKNOWN,ON SCENE,NO INJURY / DRIVE AWAY,,"OVER $1,500",06/04/2024 11:45:00 AM,UNABLE TO DETERMINE,NOT APPLICABLE,,2,NO INDICATION OF INJURY,0.0,0.0,0.0,0.0,0.0,1.0,0.0,11,3,6,41.706655494,-87.657262009,POINT (-87.657262008777 41.706655494353),POINT (1168856.8763792524 1836421.5062816301),2024,1357 W 103RD ST
O1792256,DRIVER,08f69e1922bcc9d340185134025eaa0ff50c428c34dbe4d6d07fccc8b99c19baf016f8969f7ee4bcc38d5668fad039126d28545c5037bf29048b3797e2ec3054,1706884.0,M,22.0,"DEPLOYED, FRONT",NONE,NO INDICATION OF INJURY,IMPROPER LANE CHANGE,UNKNOWN,UNKNOWN,,,,,2024-04-06 19:31:00,30,CLEAR,DUSK,HEAD ON,FOUR WAY,DRY,NO DEFECTS,ON SCENE,INJURY AND / OR TOW DUE TO CRASH,,"OVER $1,500",04/06/2024 07:31:00 PM,IMPROPER LANE USAGE,UNABLE TO DETERMINE,,2,NONINCAPACITATING INJURY,3.0,0.0,0.0,3.0,0.0,1.0,0.0,19,7,4,41.908500503,-87.732617578,POINT (-87.732617577501 41.908500502693),POINT (1147766.2332955261 1909820.0425921658),2024,4231 W GRAND AVE
O1771716,DRIVER,b9df305106d1013172c1cea47fb71619b901a7cc04238b26d5f0764dda90f3ded6040f62cd38e7b9e157d69f75b6efe84c1ec46f5138c67a5bc9ef1d1e4f8e0d,1687123.0,F,67.0,NOT APPLICABLE,NONE,NO INDICATION OF INJURY,NONE,UNKNOWN,UNKNOWN,,,,,2024-03-05 18:15:00,30,CLEAR,DARKNESS,REAR END,ONE-WAY,DRY,NO DEFECTS,NOT ON SCENE (DESK REPORT),NO INJURY / DRIVE AWAY,,"OVER $1,500",03/06/2024 06:05:00 AM,FOLLOWING TOO CLOSELY,NOT APPLICABLE,,2,NO INDICATION OF INJURY,0.0,0.0,0.0,0.0,0.0,2.0,0.0,18,3,3,41.758245505,-87.626521907,POINT (-87.626521907009 41.758245504966),POINT (1177096.3872950035 1855287.7879759988),2024,7458 S LAFAYETTE AVE
O1944413,DRIVER,64a35f0452088c31e968ad753cf819e2ef532717b7b357cc5abc6506c892087cceaa8c5ae810ffdf5f5bfac61819fa5cd76520035a7f0019c0a5445b7bce8489,1852379.0,M,,DID NOT DEPLOY,NONE,NO INDICATION OF INJURY,FAILED TO YIELD,UNKNOWN,UNKNOWN,,,,,2024-11-06 16:00:00,30,CLEAR,DAYLIGHT,ANGLE,NOT DIVIDED,DRY,NO DEFECTS,NOT ON SCENE (DESK REPORT),NO INJURY / DRIVE AWAY,,"OVER $1,500",11/07/2024 09:30:00 AM,FAILING TO YIELD RIGHT-OF-WAY,FAILING TO YIELD RIGHT-OF-WAY,,2,NO INDICATION OF INJURY,0.0,0.0,0.0,0.0,0.0,2.0,0.0,16,4,11,41.925339389,-87.662535815,POINT (-87.662535814686 41.92533938927),POINT (1166794.74903043 1916097.5460362793),2024,1350 W FULLERTON AVE
O1890091,DRIVER,bb9231f6af1b415285dd6f7d4da0ef4318b1d7100e4bcb3b4d12f410ae31ead84a231385980c921173b07322869697eaf0952444efdfd99539c9b94f612741b7,1800607.0,M,62.0,NOT APPLICABLE,NONE,NO INDICATION OF INJURY,IMPROPER TURN,PARKED VEHICLES,NORMAL,,,,,2024-08-23 03:15:00,30,CLEAR,"DARKNESS, LIGHTED ROAD",PARKED MOTOR VEHICLE,ALLEY,DRY,NO DEFECTS,ON SCENE,NO INJURY / DRIVE AWAY,,"OVER $1,500",08/23/2024 03:20:00 AM,IMPROPER TURNING/NO SIGNAL,NOT APPLICABLE,,2,NO INDICATION OF INJURY,0.0,0.0,0.0,0.0,0.0,1.0,0.0,3,6,8,41.875638694,-87.755480867,POINT (-87.755480867383 41.875638693606),POINT (1141623.41388816 1897802.477296603),2024,5213 W GLADYS AVE
O1812353,DRIVER,0dcf730412fb28617ac3c1299ad8c36f59af062ac2f4ac2140e0e5029cabddcf500c079e6bc745ecc6e68b231c986df1f42981230a3e63b33eec385f2bbe1cec,1726243.0,M,53.0,DID NOT DEPLOY,NONE,NO INDICATION OF INJURY,NONE,NOT OBSCURED,NORMAL,,,,,2024-05-06 07:50:00,30,CLEAR,DAYLIGHT,TURNING,DIVIDED - W/MEDIAN (NOT RAISED),DRY,NO DEFECTS,NOT ON SCENE (DESK REPORT),NO INJURY / DRIVE AWAY,,"OVER $1,500",05/06/2024 09:55:00 AM,FAILING TO YIELD RIGHT-OF-WAY,NOT APPLICABLE,,2,NO INDICATION OF INJURY,0.0,0.0,0.0,0.0,0.0,2.0,0.0,7,2,5,41.823899277,-87.620458102,POINT (-87.620458102015 41.823899277405),POINT (1178552.4690386183 1879225.2624576571),2024,228 E PERSHING RD
O1736767,DRIVER,6ebfe0149b0a7e6160bc88f5ee88067188e2baf3e58433a1484b8ffe1d28ff6d5885972e66db4c8a7d98e850a842f7351bc377bcb1441c2c93580d78ad6aff4d,1653427.0,M,21.0,DID NOT DEPLOY,NONE,NO INDICATION OF INJURY,NONE,NOT OBSCURED,NORMAL,,,,,2024-01-07 15:05:00,30,CLEAR,DAYLIGHT,REAR END,NOT DIVIDED,DRY,NO DEFECTS,NOT ON SCENE (DESK REPORT),NO INJURY / DRIVE AWAY,,"OVER $1,500",01/07/2024 03:15:00 PM,UNABLE TO DETERMINE,NOT APPLICABLE,,2,NO INDICATION OF INJURY,0.0,0.0,0.0,0.0,0.0,2.0,0.0,15,1,1,41.91731882,-87.703799222,POINT (-87.703799221806 41.917318820411),POINT (1155587.1048657086 1913089.6984314076),2024,3033 W ARMITAGE AVE
O1954321,DRIVER,fcd9dbd015adabf864f0a90c6649aa182a5ee86663f7d510855d5aee5dc3b39a77aab1c60fd6aefc7a875c4652652fe47469bd6de530d72aded4085426dd5286,1861844.0,M,23.0,DID NOT DEPLOY,NONE,NO INDICATION OF INJURY,NONE,NOT OBSCURED,NORMAL,,,,,2024-11-21 10:30:00,20,SNOW,DAYLIGHT,PARKED MOTOR VEHICLE,PARKING LOT,SNOW OR SLUSH,NO DEFECTS,NOT ON SCENE (DESK REPORT),NO INJURY / DRIVE AWAY,,"OVER $1,500",11/21/2024 01:30:00 PM,WEATHER,WEATHER,,2,NO INDICATION OF INJURY,0.0,0.0,0.0,0.0,0.0,1.0,0.0,10,5,11,41.888741038,-87.637080541,POINT (-87.637080540588 41.888741038132),POINT (1173830.2043092554 1902816.295090201),2024,350 N ORLEANS ST
O1886828,DRIVER,7fce99928e3952d13452b57511976c3d66fb0716c3f4118540d2044486ce51bd8cc4c0f50a5df29e6624ecf9a78244917733554a78d36ef375424b35b2f25ae1,1797474.0,M,29.0,DID NOT DEPLOY,NONE,NO INDICATION OF INJURY,UNKNOWN,UNKNOWN,UNKNOWN,,,,,2024-08-17 21:06:00,30,RAIN,DARKNESS,REAR END,FOUR WAY,WET,UNKNOWN,NOT ON SCENE (DESK REPORT),NO INJURY / DRIVE AWAY,,"OVER $1,500",08/17/2024 09:57:00 PM,UNABLE TO DETERMINE,UNABLE TO DETERMINE,,2,NO INDICATION OF INJURY,0.0,0.0,0.0,0.0,0.0,3.0,0.0,21,7,8,41.772098233,-87.664164618,POINT (-87.664164617596 41.77209823278),POINT (1166786.6270458847 1860253.4702893572),2024,6700 S ASHLAND AVE
O1864259,DRIVER,570d69d55f817bd9daf6ce373db250a73ecc39932b2e3bc3371ed83ab351845f0044ad77c51bbeebc990cfde473580de0b419162b32c4715dbfdc9ebb5954630,1775943.0,M,30.0,DID NOT DEPLOY,NONE,NO INDICATION OF INJURY,OTHER,NOT OBSCURED,NORMAL,,,,,2024-07-15 21:10:00,30,CLEAR,"DARKNESS, LIGHTED ROAD",SIDESWIPE SAME DIRECTION,FOUR WAY,DRY,NO DEFECTS,NOT ON SCENE (DESK REPORT),NO INJURY / DRIVE AWAY,,"OVER $1,500",07/15/2024 09:25:00 PM,"OPERATING VEHICLE IN ERRATIC, RECKLESS, CARELESS, NEGLIGENT OR AGGRESSIVE MANNER",IMPROPER LANE USAGE,,2,NO INDICATION OF INJURY,0.0,0.0,0.0,0.0,0.0,2.0,0.0,21,2,7,41.852563652,-87.658865135,POINT (-87.658865135063 41.852563651732),POINT (1168002.1074602015 1889585.9368525434),2024,1302 W CERMAK RD