PERSON_ID,PERSON_TYPE,CRASH_RECORD_ID,VEHICLE_ID,SEX,AGE,AIRBAG_DEPLOYED,EJECTION,INJURY_CLASSIFICATION,DRIVER_ACTION,DRIVER_VISION,PHYSICAL_CONDITION,PEDPEDAL_ACTION,PEDPEDAL_VISIBILITY,PEDPEDAL_LOCATION,CRASH_DATE_EST_I,CRASH_DATE,POSTED_SPEED_LIMIT,WEATHER_CONDITION,LIGHTING_CONDITION,FIRST_CRASH_TYPE,TRAFFICWAY_TYPE,ROADWAY_SURFACE_COND,ROAD_DEFECT,REPORT_TYPE,CRASH_TYPE,HIT_AND_RUN_I,DAMAGE,DATE_POLICE_NOTIFIED,PRIM_CONTRIBUTORY_CAUSE,SEC_CONTRIBUTORY_CAUSE,DOORING_I,NUM_UNITS,MOST_SEVERE_INJURY,INJURIES_TOTAL,INJURIES_FATAL,INJURIES_INCAPACITATING,INJURIES_NON_INCAPACITATING,INJURIES_REPORTED_NOT_EVIDENT,INJURIES_NO_INDICATION,INJURIES_UNKNOWN,CRASH_HOUR,CRASH_DAY_OF_WEEK,CRASH_MONTH,LATITUDE,LONGITUDE,LOCATION,geometry,YEAR,ADDRESS
O1826491,DRIVER,2eb0aca0e47fe8886f83ffdeb000ab721ae992d1d62219745830425adda9c4be2fdbd80c758d1354ac2b5d350dc8cd6b50d1183dbcc4e5ecb7dbb8fa1d6add50,1739845.0,F,33.0,DID NOT DEPLOY,NONE,NO INDICATION OF INJURY,UNKNOWN,UNKNOWN,UNKNOWN,,,,,2024-05-24 14:48:00,30,CLOUDY/OVERCAST,DAYLIGHT,SIDESWIPE SAME DIRECTION,DIVIDED - W/MEDIAN (NOT RAISED),DRY,NO DEFECTS,NOT ON SCENE (DESK REPORT),NO INJURY / DRIVE AWAY,,"$501 - $1,500",05/24/2024 04:45:00 PM,IMPROPER OVERTAKING/PASSING,UNABLE TO DETERMINE,,2,NO INDICATION OF INJURY,0.0,0.0,0.0,0.0,0.0,2.0,0.0,14,6,5,41.714013642,-87.651980145,POINT (-87.651980145142 41.714013641847),POINT (1170277.9249252707 1839114.0970476319),2024,1141 W 99TH ST
P412936,PASSENGER,a2cee3042234896f7fa99636ab84072aeba21f3ee6c1acaed3ad84a478917a9605ecf92364bac49b999874b7ec5920586f72766fa639c1bda2beabdb4c9dd84d,1777997.0,F,,NOT APPLICABLE,NONE,NO INDICATION OF INJURY,,,,,,,,2024-07-18 21:05:00,30,CLEAR,"DARKNESS, LIGHTED ROAD",REAR END,ONE-WAY,DRY,NO DEFECTS,NOT ON SCENE (DESK REPORT),INJURY AND / OR TOW DUE TO CRASH,,"OVER $1,500",07/18/2024 10:30:00 PM,UNABLE TO DETERMINE,NOT APPLICABLE,,2,"REPORTED, NOT EVIDENT",2.0,0.0,0.0,0.0,2.0,3.0,0.0,21,5,7,41.880737924,-87.636391098,POINT (-87.636391097799 41.880737924479),POINT (1174041.6161358987 1899901.4887750505),2024,338 W MONROE ST
O1760351,DRIVER,c953f15ee7042ffae3e9ee1ea754957d712e2c7d6b1d42c17255abb1a9055225a2a782c6013e260a58cde97884d42eec16d1e2474dffb5be729d9b32c8b5fe38,1676137.0,M,57.0,NOT APPLICABLE,NONE,NO INDICATION OF INJURY,UNKNOWN,UNKNOWN,NORMAL,,,,,2024-02-13 18:51:00,30,UNKNOWN,"DARKNESS, LIGHTED ROAD",SIDESWIPE SAME DIRECTION,NOT DIVIDED,UNKNOWN,UNKNOWN,NOT ON SCENE (DESK REPORT),NO INJURY / DRIVE AWAY,Y,"OVER $1,500",02/16/2024 02:30:00 PM,UNABLE TO DETERMINE,NOT APPLICABLE,,2,NO INDICATION OF INJURY,0.0,0.0,0.0,0.0,0.0,2.0,0.0,18,3,2,41.93844971,-87.784515106,POINT (-87.784515106029 41.938449710108),POINT (1133569.7077184855 1920638.8976051009),2024,6324 W BELMONT AVE
O1840419,DRIVER,80685f898e51d2183aac325c710180f1d17d3997ff726ab827fea91600355f23a2e5f1d503747d408e725f5db57fc1099995fd5477db296caea308d56ad19d35,1753181.0,M,39.0,DID NOT DEPLOY,NONE,NO INDICATION OF INJURY,NONE,NOT OBSCURED,NORMAL,,,,,2024-06-12 07:00:00,30,CLEAR,DAYLIGHT,REAR END,FOUR WAY,DRY,NO DEFECTS,NOT ON SCENE (DESK REPORT),NO INJURY / DRIVE AWAY,,"OVER $1,500",06/12/2024 08:40:00 AM,FAILING TO YIELD RIGHT-OF-WAY,NOT APPLICABLE,,2,NO INDICATION OF INJURY,0.0,0.0,0.0,0.0,0.0,3.0,0.0,7,4,6,41.809752145,-87.596747276,POINT (-87.596747276481 41.809752144966),POINT (1185059.3615407723 1874124.6251665468),2024,1200 E 47TH ST
O1783879,NON-MOTOR VEHICLE,291cd1f6bd2447dcdd812bf00f527ce30a07ac1ec0e01034ce1ee7938c8bdec8493e27a7a78eed31d93d664f72d83a4b423c0aaba39db24cf36108b25525e6f0,,M,31.0,NOT APPLICABLE,TOTALLY EJECTED,NONINCAPACITATING INJURY,OTHER,NOT OBSCURED,NORMAL,,,,,2024-03-24 08:55:00,30,CLEAR,DAYLIGHT,OTHER OBJECT,DIVIDED - W/MEDIAN (NOT RAISED),DRY,NO DEFECTS,ON SCENE,INJURY AND / OR TOW DUE TO CRASH,,"OVER $1,500",03/24/2024 08:55:00 AM,UNABLE TO DETERMINE,NOT APPLICABLE,,2,NONINCAPACITATING INJURY,1.0,0.0,0.0,1.0,0.0,1.0,0.0,8,1,3,41.863950232,-87.655789919,POINT (-87.655789919178 41.863950232399),POINT (1168807.1805918699 1893741.7756456775),2024,1357 S BLUE ISLAND AVE
O1810681,DRIVER,31e67ad48c58fdb8a79d8b136702b35be01f334ae2b59229c159cb10ca36ac1dc8c139a811a2de59bd34d0f41559ec6746d073f48a73c8d78789bf649d683e31,1724645.0,M,49.0,DID NOT DEPLOY,NONE,NO INDICATION OF INJURY,NONE,NOT OBSCURED,NORMAL,,,,,2024-05-03 18:30:00,25,CLEAR,DAYLIGHT,SIDESWIPE OPPOSITE DIRECTION,NOT DIVIDED,DRY,NO DEFECTS,NOT ON SCENE (DESK REPORT),NO INJURY / DRIVE AWAY,Y,"$501 - $1,500",05/03/2024 06:44:00 PM,NOT APPLICABLE,NOT APPLICABLE,,2,NO INDICATION OF INJURY,0.0,0.0,0.0,0.0,0.0,2.0,0.0,18,6,5,41.885520065,-87.724565006,POINT (-87.724565006177 41.885520065272),POINT (1150017.5898852681 1901461.4357312848),2024,3930 W LAKE ST
O1913635,DRIVER,2cc1f3800b5b2bfa20342db2092b0116648f6b0b19855f1bfc6556fffd7c91227c9488a8ac9be2dec20a8520954c04ad70b441fdc934688cd57cc619355a964b,1823066.0,M,61.0,NOT APPLICABLE,NONE,NO INDICATION OF INJURY,OTHER,NOT OBSCURED,NORMAL,,,,,2024-09-24 08:10:00,30,RAIN,DAYLIGHT,SIDESWIPE OPPOSITE DIRECTION,OTHER,WET,NO DEFECTS,ON SCENE,NO INJURY / DRIVE AWAY,Y,"OVER $1,500",09/24/2024 08:20:00 AM,UNABLE TO DETERMINE,NOT APPLICABLE,,2,NO INDICATION OF INJURY,0.0,0.0,0.0,0.0,0.0,2.0,0.0,8,3,9,41.735815252,-87.638890917,POINT (-87.63889091737 41.73581525235),POINT (1173787.5722974627 1847086.9250866997),2024,8700 S WALLACE ST
O1878922,DRIVER,2ff95940d5f60a444328b01a8cd0c224f2d4bef1b12a45c14c139021ff2f7457203dc14a628aaf43b9d43e055613ae7dec11bad59b53a317e9c941bf55fc9a83,1789957.0,M,36.0,NOT APPLICABLE,NONE,NO INDICATION OF INJURY,NONE,NOT OBSCURED,NORMAL,,,,,2024-08-03 20:19:00,30,CLEAR,"DARKNESS, LIGHTED ROAD",REAR END,NOT DIVIDED,DRY,NO DEFECTS,NOT ON SCENE (DESK REPORT),NO INJURY / DRIVE AWAY,Y,"$501 - $1,500",08/06/2024 12:30:00 PM,UNABLE TO DETERMINE,NOT APPLICABLE,,2,NO INDICATION OF INJURY,0.0,0.0,0.0,0.0,0.0,2.0,0.0,20,7,8,41.824115163,-87.604217935,POINT (-87.604217935231 41.824115163008),POINT (1182978.2751611199 1879341.0765127006),2024,863 E OAKWOOD BLVD
O1913743,DRIVER,2218d2c448c8ae770ef616b39637e123ad7f7de49c422955cc7a45ef40c27d8fd0529a7eb506b8dcfe4bfca0a021a790ca71e4b997a5521192b878c001cbba6a,1823170.0,F,57.0,DID NOT DEPLOY,NONE,NO INDICATION OF INJURY,UNKNOWN,UNKNOWN,UNKNOWN,,,,,2024-09-24 10:30:00,30,RAIN,DAYLIGHT,SIDESWIPE SAME DIRECTION,ONE-WAY,WET,UNKNOWN,NOT ON SCENE (DESK REPORT),NO INJURY / DRIVE AWAY,,"OVER $1,500",09/24/2024 11:15:00 AM,UNABLE TO DETERMINE,UNABLE TO DETERMINE,,2,NO INDICATION OF INJURY,0.0,0.0,0.0,0.0,0.0,2.0,0.0,10,3,9,41.976201139,-87.905309125,POINT (-87.905309125103 41.976201139024),POINT (1100635.8917230505 1934208.3565550821),2024,10000 W OHARE ST
O1907621,DRIVER,e236488bec188af738ccbed47356d824a55c7759f2a87f13ea8dc29b9f02d71e960224a2b78f317531e58df1cb992814d22a76d0f6af8ea3cfb4992f1ccd2c38,1817322.0,X,,NOT APPLICABLE,NONE,NO INDICATION OF INJURY,UNKNOWN,UNKNOWN,UNKNOWN,,,,,2024-09-16 09:45:00,15,CLEAR,DAYLIGHT,PARKED MOTOR VEHICLE,PARKING LOT,DRY,NO DEFECTS,ON SCENE,NO INJURY / DRIVE AWAY,Y,"OVER $1,500",09/16/2024 09:45:00 AM,UNABLE TO DETERMINE,UNABLE TO DETERMINE,,2,NO INDICATION OF INJURY,0.0,0.0,0.0,0.0,0.0,1.0,0.0,9,2,9,41.909954192,-87.710904879,POINT (-87.710904878988 41.90995419194),POINT (1153672.6616977905 1910391.9069497068),2024,3337 W NORTH AVE
O1845037,DRIVER,0a687b257ba75ddf0d8ece4809651e0209f7aedf8c2fbb6785dfa94df7aac90678186b0fc646858cf87fc92482705331a1e07184cfe9cb739c178e24a1054e64,1757553.0,M,18.0,DID NOT DEPLOY,NONE,NO INDICATION OF INJURY,TOO FAST FOR CONDITIONS,NOT OBSCURED,UNKNOWN,,,,,2024-06-18 07:03:00,30,CLEAR,DAYLIGHT,REAR END,NOT DIVIDED,DRY,NO DEFECTS,NOT ON SCENE (DESK REPORT),INJURY AND / OR TOW DUE TO CRASH,,"OVER $1,500",06/18/2024 10:40:00 AM,FOLLOWING TOO CLOSELY,UNABLE TO DETERMINE,,2,NONINCAPACITATING INJURY,1.0,0.0,0.0,1.0,0.0,1.0,0.0,7,3,6,41.777715119,-87.786215321,POINT (-87.786215321408 41.777715119321),POINT (1133480.3431594714 1862064.7966776695),2024,6600 W 63RD ST
O1930386,DRIVER,7c65c652059a432552fc2d3477176619ad3f61a6eb552380fe844573912b3b2c7a10ea6f70069c3edc5354682d323d61b7db7411f31831bbb65864973cd832ce,1839020.0,M,28.0,DID NOT DEPLOY,UNKNOWN,NO INDICATION OF INJURY,UNKNOWN,UNKNOWN,NORMAL,,,,,2024-10-17 15:35:00,25,CLEAR,DAYLIGHT,SIDESWIPE SAME DIRECTION,DIVIDED - W/MEDIAN (NOT RAISED),DRY,NO DEFECTS,ON SCENE,NO INJURY / DRIVE AWAY,,"OVER $1,500",10/18/2024 10:20:00 AM,UNABLE TO DETERMINE,UNABLE TO DETERMINE,,2,NO INDICATION OF INJURY,0.0,0.0,0.0,0.0,0.0,2.0,0.0,15,5,10,41.903150549,-87.672749252,POINT (-87.67274925235 41.903150549452),POINT (1164077.6201362575 1907990.3327592334),2024,1809 W DIVISION ST
O1947621,DRIVER,70be95c08872833ebde432b95774ef241fbb7e5756fa0228bb2946a0b4bede684de2c7107b825f292f3deb56f491642a7e1a60bcbf09dc1a79b4d6929044634a,1855422.0,M,24.0,NOT APPLICABLE,NONE,NO INDICATION OF INJURY,NONE,NOT OBSCURED,NORMAL,,,,,2024-11-12 10:25:00,30,CLEAR,DAYLIGHT,REAR END,NOT DIVIDED,DRY,NO DEFECTS,NOT ON SCENE (DESK REPORT),NO INJURY / DRIVE AWAY,,"$501 - $1,500",11/12/2024 11:00:00 AM,FOLLOWING TOO CLOSELY,NOT APPLICABLE,,3,NO INDICATION OF INJURY,0.0,0.0,0.0,0.0,0.0,5.0,0.0,10,3,11,41.978710264,-87.757153772,POINT (-87.757153772042 41.978710264377),POINT (1140915.4240128899 1935358.8177222956),2024,5353 N ELSTON AVE
O1949098,DRIVER,11904027f1eba3c3a968b25fd7ac186859888205746b5574156f88d8dde49cf416a00f1b9c02bcf7b56cf6374452bb6f41b63cf6721169a07f9bce6388cca2b4,1856839.0,M,71.0,DID NOT DEPLOY,NONE,NO INDICATION OF INJURY,FAILED TO YIELD,NOT OBSCURED,NORMAL,,,,,2024-11-14 08:55:00,30,CLEAR,DAYLIGHT,ANGLE,NOT DIVIDED,WET,NO DEFECTS,ON SCENE,INJURY AND / OR TOW DUE TO CRASH,,"OVER $1,500",11/14/2024 09:06:00 AM,FAILING TO YIELD RIGHT-OF-WAY,NOT APPLICABLE,,2,NO INDICATION OF INJURY,0.0,0.0,0.0,0.0,0.0,4.0,0.0,8,5,11,41.83196647,-87.677626295,POINT (-87.677626295107 41.831966470353),POINT (1162948.0936844395 1882040.8080455114),2024,3407 S HOYNE AVE
O1842226,DRIVER,a77e7cab2a4dabd007a5703c07cd4ca3fbe0ae7feb9601955bb00105c681d2e496f18da028b5f3d87c68830cfe8db2e38c99e5b79fdfa05b007de06cede8a1a7,1754877.0,M,,NOT APPLICABLE,NONE,NO INDICATION OF INJURY,UNKNOWN,OTHER,NORMAL,,,,,2024-06-14 14:30:00,30,CLEAR,DAYLIGHT,TURNING,DIVIDED - W/MEDIAN (NOT RAISED),DRY,NO DEFECTS,NOT ON SCENE (DESK REPORT),NO INJURY / DRIVE AWAY,,"$501 - $1,500",06/14/2024 03:15:00 PM,UNABLE TO DETERMINE,UNABLE TO DETERMINE,,2,NO INDICATION OF INJURY,0.0,0.0,0.0,0.0,0.0,2.0,0.0,14,6,6,41.737326305,-87.54044816,POINT (-87.540448159856 41.737326305348),POINT (1200651.1500123756 1847869.7066468385),2024,8700 S LAKE SHORE DR
O1794639,DRIVER,046495dabfbe58ca26c64d8a82f13d8628554d959e6b6152d06ee983054a6b131219e66206b849b1c5bf62da46b550f69ab277c4df57d28c83b334d6726e3597,1709215.0,M,65.0,DID NOT DEPLOY,NONE,NO INDICATION OF INJURY,NONE,NOT OBSCURED,NORMAL,,,,,2024-04-10 15:35:00,30,CLEAR,DAYLIGHT,TURNING,ONE-WAY,UNKNOWN,UNKNOWN,NOT ON SCENE (DESK REPORT),NO INJURY / DRIVE AWAY,,"OVER $1,500",04/10/2024 04:30:00 PM,FAILING TO YIELD RIGHT-OF-WAY,FAILING TO YIELD RIGHT-OF-WAY,,2,NO INDICATION OF INJURY,0.0,0.0,0.0,0.0,0.0,2.0,0.0,15,4,4,41.890263711,-87.701898793,POINT (-87.701898792571 41.890263710668),POINT (1156176.9062826445 1903234.6155522377),2024,460 N SACRAMENTO BLVD
O1925529,DRIVER,ac767ccd8931a463f690cea248ecbeda4814f2486acc2dfc36ab5b992d43cb4a22f0dead243ef11f1527ed02426aa3e6e2f1b7ac44bb959d83255a87d8d4d744,1834403.0,M,40.0,DID NOT DEPLOY,NONE,NO INDICATION OF INJURY,IMPROPER LANE CHANGE,UNKNOWN,NORMAL,,,,,2024-10-11 10:53:00,30,CLEAR,DAYLIGHT,TURNING,NOT DIVIDED,DRY,NO DEFECTS,NOT ON SCENE (DESK REPORT),NO INJURY / DRIVE AWAY,,"OVER $1,500",10/11/2024 10:53:00 AM,FOLLOWING TOO CLOSELY,UNABLE TO DETERMINE,,2,NO INDICATION OF INJURY,0.0,0.0,0.0,0.0,0.0,2.0,0.0,10,6,10,41.721534428,-87.643361917,POINT (-87.643361917193 41.721534427876),POINT (1172608.9859104583 1841873.3263160752),2024,9456 S HALSTED ST
P424278,PASSENGER,814e94e15fe3ef8792567aea24354e1d141a7c1692140dd51e1f45228eedc0754172f62c0b255aca8c57af9d31cc83481ab21d972d541b61b8bb28e030b4cb72,1826971.0,F,15.0,NOT APPLICABLE,NONE,NO INDICATION OF INJURY,,,,,,,,2024-09-30 08:30:00,30,CLEAR,DAYLIGHT,TURNING,ONE-WAY,DRY,NO DEFECTS,ON SCENE,NO INJURY / DRIVE AWAY,,"OVER $1,500",09/30/2024 08:35:00 AM,"DISTRACTION - OTHER ELECTRONIC DEVICE (NAVIGATION DEVICE, DVD PLAYER, ETC.)",UNABLE TO DETERMINE,,2,NO INDICATION OF INJURY,0.0,0.0,0.0,0.0,0.0,8.0,0.0,8,2,9,41.873546852,-87.708563558,POINT (-87.708563557769 41.873546851603),POINT (1154406.563643926 1897129.7303847745),2024,3305 W HARRISON ST
O1799576,DRIVER,51c86b613776d4559447ef215cf055dd9cb198d6734843216fe47dfa51422a30ac6975d21b31d67b0fa9cadca990e3d64d3aa068ede4a278c58e3ab05fba2ea8,1713905.0,F,77.0,DID NOT DEPLOY,NONE,NO INDICATION OF INJURY,FAILED TO YIELD,NOT OBSCURED,NORMAL,,,,,2024-04-14 12:03:00,30,CLEAR,DAYLIGHT,PEDESTRIAN,NOT DIVIDED,DRY,NO DEFECTS,,INJURY AND / OR TOW DUE TO CRASH,Y,$500 OR LESS,04/14/2024 12:05:00 PM,FAILING TO YIELD RIGHT-OF-WAY,NOT APPLICABLE,,2,NONINCAPACITATING INJURY,1.0,0.0,0.0,1.0,0.0,1.0,0.0,12,1,4,41.783246466,-87.723035931,POINT (-87.72303593075 41.78324646629),POINT (1150698.7384717145 1864196.344127496),2024,6030 S PULASKI RD
O1933215,DRIVER,53b9a9447c2bef558688f3719a60a54767c8c66b699c92c9d0462aa095db40adbceb4348a34a81258e36a2240548c10f38f5c4d42a2ca1a436340e25f7f0dcb8,1841716.0,F,23.0,NOT APPLICABLE,NONE,NO INDICATION OF INJURY,NONE,NOT OBSCURED,NORMAL,,,,,2024-10-22 09:50:00,30,CLEAR,DAYLIGHT,SIDESWIPE SAME DIRECTION,NOT DIVIDED,DRY,NO DEFECTS,ON SCENE,NO INJURY / DRIVE AWAY,Y,$500 OR LESS,10/22/2024 09:51:00 AM,UNABLE TO DETERMINE,UNABLE TO DETERMINE,,2,NO INDICATION OF INJURY,0.0,0.0,0.0,0.0,0.0,3.0,0.0,9,3,10,41.76870491,-87.663762562,POINT (-87.663762562312 41.768704909909),POINT (1166905.9270001836 1859017.824000321),2024,6857 S ASHLAND AVE
O1779621,DRIVER,bd0fb17c596892317b131b6f2cd9fef91c80017fba60d90c1c9b8a9f048b6e901f2a395e68b253adf44fd53a3a77ccfa6ef826d5964d3aee7c542353c4765b38,1694677.0,F,47.0,DID NOT DEPLOY,NONE,NO INDICATION OF INJURY,NONE,NOT OBSCURED,NORMAL,,,,,2024-03-16 17:30:00,30,CLEAR,"DARKNESS, LIGHTED ROAD",SIDESWIPE SAME DIRECTION,ONE-WAY,DRY,NO DEFECTS,NOT ON SCENE (DESK REPORT),NO INJURY / DRIVE AWAY,,"OVER $1,500",03/17/2024 07:26:00 PM,NOT APPLICABLE,NOT APPLICABLE,,2,NO INDICATION OF INJURY,0.0,0.0,0.0,0.0,0.0,7.0,0.0,17,7,3,41.880530301,-87.635352067,POINT (-87.63535206662 41.880530300609),POINT (1174325.1824323656 1899828.1303107333),2024,301 W MONROE ST
O1931488,DRIVER,0de017cdf4dd1a0a8afed44f13de375f2a06b569d0c3909558390b88bd726ca879a4675ab83202d7b66e34ffc7b5c5f48030cbc7d62df1ea2a5687f1f5019e11,1840100.0,F,36.0,NOT APPLICABLE,NONE,"REPORTED, NOT EVIDENT",NONE,NOT OBSCURED,NORMAL,,,,,2024-10-19 14:59:00,30,CLEAR,DAYLIGHT,REAR TO SIDE,DIVIDED - W/MEDIAN BARRIER,DRY,UNKNOWN,ON SCENE,INJURY AND / OR TOW DUE TO CRASH,,"OVER $1,500",10/19/2024 03:27:00 PM,FAILING TO YIELD RIGHT-OF-WAY,UNABLE TO DETERMINE,,2,"REPORTED, NOT EVIDENT",2.0,0.0,0.0,0.0,2.0,1.0,0.0,14,7,10,41.773368409,-87.576638552,POINT (-87.576638552177 41.773368408547),POINT (1190658.1671654584 1860914.23227603),2024,6700 S JEFFERY BLVD
O1782060,DRIVER,8dc8d9e2adac728c894743561907d63461e0b2284e0e92e71e11590ec21fe57a55f96e5a16e4ea6dd664373e8bb32841b75a067915ce23e3ed74e4ff08eacab2,1697039.0,F,73.0,DID NOT DEPLOY,NONE,NO INDICATION OF INJURY,FOLLOWED TOO CLOSELY,NOT OBSCURED,NORMAL,,,,,2024-03-20 09:00:00,35,CLEAR,DAYLIGHT,REAR END,DIVIDED - W/MEDIAN (NOT RAISED),DRY,NO DEFECTS,ON SCENE,NO INJURY / DRIVE AWAY,,"$501 - $1,500",03/20/2024 09:08:00 AM,FOLLOWING TOO CLOSELY,FAILING TO REDUCE SPEED TO AVOID CRASH,,2,NO INDICATION OF INJURY,0.0,0.0,0.0,0.0,0.0,2.0,0.0,9,4,3,41.721341796,-87.64394282,POINT (-87.643942820149 41.721341795969),POINT (1172450.9633143588 1841801.8628726),2024,817 W 95TH ST
O1743121,DRIVER,3994b26a897ec6cdf78f630127d672c9a37053e16206d6af2f8a0fdbbf8dcb535476f20cf14706264a9a91e7961343b62305f3c8907fa805614e9b444cd5ce71,1659578.0,M,33.0,NOT APPLICABLE,NONE,NO INDICATION OF INJURY,IMPROPER PARKING,UNKNOWN,UNKNOWN,,,,,2024-01-18 16:10:00,35,CLEAR,DAYLIGHT,REAR TO FRONT,PARKING LOT,UNKNOWN,UNKNOWN,NOT ON SCENE (DESK REPORT),NO INJURY / DRIVE AWAY,,"OVER $1,500",01/18/2024 04:20:00 PM,UNABLE TO DETERMINE,UNABLE TO DETERMINE,,2,NO INDICATION OF INJURY,0.0,0.0,0.0,0.0,0.0,2.0,0.0,16,5,1,41.853578525,-87.633608874,POINT (-87.633608873609 41.85357852492),POINT (1174879.9469376768 1890010.8126506263),2024,2144 S ARCHER AVE
P418158,PASSENGER,3b085e8525c3071574694618de90f44869df0936c3919c730a8175c0ef64afb2f2c376b3024f2cab91d6a195bdac0eae0b607620ef2d91dcd7592ea161883917,1801118.0,M,28.0,NOT APPLICABLE,UNKNOWN,INCAPACITATING INJURY,,,,,,,,2024-08-23 19:31:00,30,CLEAR,DUSK,OTHER NONCOLLISION,NOT DIVIDED,DRY,NO DEFECTS,ON SCENE,INJURY AND / OR TOW DUE TO CRASH,Y,$500 OR LESS,08/23/2024 07:31:00 PM,UNABLE TO DETERMINE,NOT APPLICABLE,,1,INCAPACITATING INJURY,1.0,0.0,1.0,0.0,0.0,1.0,0.0,19,6,8,41.859381111,-87.623820426,POINT (-87.623820425607 41.859381111287),POINT (1177529.212490158 1892147.145449278),2024,1631 S MICHIGAN AVE
O1878031,DRIVER,8e4b469b028e03e183bbda6d9cca743bde1e341b63e3a4389d57224c984617312448db6d882ef8cc0afd043d120bfd6f3618b221581f656ed5b0e965cb046f31,1789101.0,M,21.0,"DEPLOYED, SIDE",NONE,"REPORTED, NOT EVIDENT",UNKNOWN,NOT OBSCURED,UNKNOWN,,,,,2024-08-05 02:00:00,35,CLEAR,"DARKNESS, LIGHTED ROAD",FIXED OBJECT,NOT DIVIDED,DRY,NO DEFECTS,ON SCENE,INJURY AND / OR TOW DUE TO CRASH,,"OVER $1,500",08/05/2024 02:06:00 AM,UNABLE TO DETERMINE,UNABLE TO DETERMINE,,1,"REPORTED, NOT EVIDENT",1.0,0.0,0.0,0.0,1.0,0.0,0.0,2,2,8,41.865654886,-87.768050779,POINT (-87.768050778972 41.865654886095),POINT (1138224.046238055 1894141.6057184637),2024,5730 W ROOSEVELT RD
O1863110,DRIVER,fae4996b0b2a8f919a5dd00a8c6792522eb4be14b7d52811c7def61a1fe71d84c40ad21b58187b99074b720f759b4e8282952b7674c7877e0d8d6ad44d4161f5,1774827.0,M,16.0,"DEPLOYED, COMBINATION",NONE,NONINCAPACITATING INJURY,UNKNOWN,NOT OBSCURED,NORMAL,,,,,2024-07-14 12:25:00,30,CLEAR,DAYLIGHT,TURNING,NOT DIVIDED,DRY,NO DEFECTS,ON SCENE,INJURY AND / OR TOW DUE TO CRASH,,"OVER $1,500",07/14/2024 12:38:00 PM,UNABLE TO DETERMINE,UNABLE TO DETERMINE,,2,NONINCAPACITATING INJURY,3.0,0.0,0.0,3.0,0.0,0.0,0.0,12,1,7,42.011541582,-87.817519014,POINT (-87.817519014456 42.011541581892),POINT (1124429.7684824925 1947218.0965038687),2024,7630 W TOUHY AVE
O1835053,DRIVER,c49643eaa883b5d7fa15b59f390e17251304b4b928fc462eb5818b365f206446fdd67ae50e1210932121a42f77dba092ac4ce228615c2891f1cd19c003337440,1748010.0,M,22.0,NOT APPLICABLE,NONE,NO INDICATION OF INJURY,FAILED TO YIELD,NOT OBSCURED,NORMAL,,,,,2024-06-05 08:00:00,25,CLOUDY/OVERCAST,DAYLIGHT,TURNING,FOUR WAY,DRY,NO DEFECTS,ON SCENE,NO INJURY / DRIVE AWAY,,"OVER $1,500",06/05/2024 08:05:00 AM,UNABLE TO DETERMINE,NOT APPLICABLE,,2,NO INDICATION OF INJURY,0.0,0.0,0.0,0.0,0.0,3.0,0.0,8,4,6,41.952142587,-87.836814267,POINT (-87.836814266937 41.952142587107),POINT (1119311.4704159703 1925541.8522689044),2024,4000 N CUMBERLAND AVE
O1758324,DRIVER,3f11a19eb6a47bc8fdba5779a37648fe90c3830ac95deb298884daa686cf20f0f042ef1ae315830b6bbd4b6e29fdfffab79854a83291b4d83a656a8bd104420c,1674176.0,M,65.0,DID NOT DEPLOY,NONE,NO INDICATION OF INJURY,NONE,NOT OBSCURED,NORMAL,,,,,2024-02-04 09:00:00,30,CLEAR,DAYLIGHT,PARKED MOTOR VEHICLE,NOT DIVIDED,DRY,NO DEFECTS,NOT ON SCENE (DESK REPORT),NO INJURY / DRIVE AWAY,,"OVER $1,500",02/12/2024 08:15:00 PM,UNABLE TO DETERMINE,NOT APPLICABLE,,2,NO INDICATION OF INJURY,0.0,0.0,0.0,0.0,0.0,1.0,0.0,9,1,2,41.91946653,-87.677622052,POINT (-87.677622051944 41.919466529653),POINT (1162705.6617794177 1913925.7117270753),2024,1959 W DICKENS AVE
O1791722,DRIVER,791517e43ed5fb1afbca9b6f4af203aeffffda475be2f8f73c05d29458fc3a904d3f6d8a48d5b1b454507154cdaca1d6b68dbbcb4e4bb242fd773bb6d3316422,1706358.0,M,27.0,NOT APPLICABLE,NONE,NO INDICATION OF INJURY,NONE,UNKNOWN,UNKNOWN,,,,,2024-04-03 18:00:00,10,SNOW,DAYLIGHT,REAR END,PARKING LOT,WET,NO DEFECTS,NOT ON SCENE (DESK REPORT),NO INJURY / DRIVE AWAY,,"OVER $1,500",04/05/2024 11:30:00 PM,UNABLE TO DETERMINE,UNABLE TO DETERMINE,,2,NO INDICATION OF INJURY,0.0,0.0,0.0,0.0,0.0,2.0,0.0,18,4,4,41.975258316,-87.745964668,POINT (-87.745964668468 41.975258316119),POINT (1143966.4205341816 1934121.575420373),2024,4707 W FOSTER AVE