PERSON_ID,PERSON_TYPE,CRASH_RECORD_ID,VEHICLE_ID,SEX,AGE,AIRBAG_DEPLOYED,EJECTION,INJURY_CLASSIFICATION,DRIVER_ACTION,DRIVER_VISION,PHYSICAL_CONDITION,PEDPEDAL_ACTION,PEDPEDAL_VISIBILITY,PEDPEDAL_LOCATION,CRASH_DATE_EST_I,CRASH_DATE,POSTED_SPEED_LIMIT,WEATHER_CONDITION,LIGHTING_CONDITION,FIRST_CRASH_TYPE,TRAFFICWAY_TYPE,ROADWAY_SURFACE_COND,ROAD_DEFECT,REPORT_TYPE,CRASH_TYPE,HIT_AND_RUN_I,DAMAGE,DATE_POLICE_NOTIFIED,PRIM_CONTRIBUTORY_CAUSE,SEC_CONTRIBUTORY_CAUSE,DOORING_I,NUM_UNITS,MOST_SEVERE_INJURY,INJURIES_TOTAL,INJURIES_FATAL,INJURIES_INCAPACITATING,INJURIES_NON_INCAPACITATING,INJURIES_REPORTED_NOT_EVIDENT,INJURIES_NO_INDICATION,INJURIES_UNKNOWN,CRASH_HOUR,CRASH_DAY_OF_WEEK,CRASH_MONTH,LATITUDE,LONGITUDE,LOCATION,geometry,YEAR,ADDRESS
O1748336,DRIVER,08ca537c4fbc16946e6418b52988153787dcc8bf6b81dca8ae5e5e1762ea3e1e299ad0138092b595ea813d48ce55e06c7f1b1cddf5edd04d95d83adbc4513717,1664570.0,F,37.0,DEPLOYMENT UNKNOWN,UNKNOWN,NO INDICATION OF INJURY,FAILED TO YIELD,UNKNOWN,UNKNOWN,,,,,2024-01-25 15:15:00,15,RAIN,DAYLIGHT,REAR TO SIDE,PARKING LOT,WET,NO DEFECTS,,NO INJURY / DRIVE AWAY,,"OVER $1,500",01/25/2024 03:40:00 PM,FAILING TO YIELD RIGHT-OF-WAY,NOT APPLICABLE,,2,NO INDICATION OF INJURY,0.0,0.0,0.0,0.0,0.0,4.0,0.0,15,5,1,41.809772727,-87.594960891,POINT (-87.594960890937 41.809772726608),POINT (1185546.30766004 1874136.3042214743),2024,1300 E 47TH ST
O1743495,DRIVER,e03e82fcd0aa482a289afa5c6675676d8f4713fba2b0a7aa7b1302f7b073f701ccd294269782783559676bf0f20df2929de2c4c45da44a7a8e9da1ea75373b54,1659903.0,F,49.0,NOT APPLICABLE,NONE,NO INDICATION OF INJURY,NONE,NOT OBSCURED,NORMAL,,,,,2024-01-19 07:45:00,30,SNOW,DAWN,TURNING,FOUR WAY,SNOW OR SLUSH,NO DEFECTS,NOT ON SCENE (DESK REPORT),NO INJURY / DRIVE AWAY,,"OVER $1,500",01/19/2024 08:08:00 AM,DRIVING SKILLS/KNOWLEDGE/EXPERIENCE,UNABLE TO DETERMINE,,2,NO INDICATION OF INJURY,0.0,0.0,0.0,0.0,0.0,2.0,0.0,7,6,1,41.801128626,-87.603807877,POINT (-87.603807877473 41.801128626249),POINT (1183161.149099518 1870965.8409628405),2024,5135 S DREXEL AVE
O1790523,DRIVER,9e4f0d299ccde01e97d5b821e5b7db8221e81799c9304d3b3752617476139a71d19e82f88a8103901658f528b2fb232a7d77ecc141d0d001fa59e04a64eebab2,1705202.0,F,29.0,NOT APPLICABLE,NONE,NO INDICATION OF INJURY,NONE,NOT OBSCURED,NORMAL,,,,,2024-04-02 04:34:00,30,CLEAR,DARKNESS,SIDESWIPE SAME DIRECTION,NOT DIVIDED,DRY,NO DEFECTS,NOT ON SCENE (DESK REPORT),NO INJURY / DRIVE AWAY,Y,"OVER $1,500",04/04/2024 10:37:00 AM,IMPROPER OVERTAKING/PASSING,IMPROPER OVERTAKING/PASSING,,2,NO INDICATION OF INJURY,0.0,0.0,0.0,0.0,0.0,2.0,0.0,4,3,4,41.797417623,-87.683711187,POINT (-87.683711187209 41.79741762265),POINT (1161384.958021296 1869438.7929757298),2024,5300 S WESTERN BLVD
O1837152,DRIVER,007b3955b63802f3a17b8ec937b7e4adb07bd71bf9219d8141e5602cd2ebce8c905952c2be8a5a3f3b0dd65b9263e979cf1b6da5de8e706803a8b638ed2e4a78,1750006.0,M,54.0,NOT APPLICABLE,NONE,NO INDICATION OF INJURY,OTHER,NOT OBSCURED,NORMAL,,,,,2024-06-07 16:35:00,30,CLEAR,DAYLIGHT,PARKED MOTOR VEHICLE,NOT DIVIDED,DRY,NO DEFECTS,NOT ON SCENE (DESK REPORT),NO INJURY / DRIVE AWAY,,"OVER $1,500",06/07/2024 05:40:00 PM,UNABLE TO DETERMINE,UNABLE TO DETERMINE,,2,NO INDICATION OF INJURY,0.0,0.0,0.0,0.0,0.0,1.0,0.0,16,6,6,41.826904444,-87.673833859,POINT (-87.673833859067 41.826904443956),POINT (1163995.8018275644 1880204.139466823),2024,3657 S WINCHESTER AVE
O1789090,DRIVER,96d4afb698fef61b80f74a1bf13d155f9ed795ab5092b6154dd736e4c6007a633d4ddd089aae6b275148e0dfc3afa498a62c91e7d32a7809fe274a51ff359138,1703844.0,M,28.0,DID NOT DEPLOY,NONE,NO INDICATION OF INJURY,NONE,NOT OBSCURED,NORMAL,,,,,2024-04-01 18:00:00,30,CLEAR,DAYLIGHT,ANGLE,ONE-WAY,WET,NO DEFECTS,ON SCENE,NO INJURY / DRIVE AWAY,,"OVER $1,500",04/01/2024 06:15:00 PM,FAILING TO YIELD RIGHT-OF-WAY,NOT APPLICABLE,,2,NO INDICATION OF INJURY,0.0,0.0,0.0,0.0,0.0,2.0,0.0,18,2,4,41.918535166,-87.657172352,POINT (-87.657172352235 41.918535166098),POINT (1168273.8709640827 1913629.5398802632),2024,2014 N CLIFTON AVE
O1758790,DRIVER,7381b500e6ec177c58a6dbdedc68a104fdf10d7c4ace1c78459f67a2f2b4b9dc9809e5034226857b2372cb7258b6ea5a2031f17bc169c17324306f082ac0f73f,1674625.0,X,,DEPLOYMENT UNKNOWN,NONE,NO INDICATION OF INJURY,FOLLOWED TOO CLOSELY,UNKNOWN,UNKNOWN,,,,,2024-02-13 09:19:00,30,CLEAR,DAYLIGHT,PARKED MOTOR VEHICLE,NOT DIVIDED,DRY,NO DEFECTS,NOT ON SCENE (DESK REPORT),NO INJURY / DRIVE AWAY,Y,"OVER $1,500",02/13/2024 06:05:00 PM,FAILING TO REDUCE SPEED TO AVOID CRASH,FOLLOWING TOO CLOSELY,,2,NO INDICATION OF INJURY,0.0,0.0,0.0,0.0,0.0,1.0,0.0,9,3,2,41.836758711,-87.72542546,POINT (-87.725425460287 41.836758711108),POINT (1149909.0991179002 1883691.2708187727),2024,4027 W 31ST ST
O1740171,DRIVER,5ff0b970ea6155af28d1abe4f6a2545c7e06e5431d6e4ba748b14bcc83571038219c7b1d9b9a2cd3a29a1441c480453deeb426b4dfd630bfdfd46bfd70c1ff78,1656705.0,M,32.0,NOT APPLICABLE,NONE,NO INDICATION OF INJURY,NONE,NOT OBSCURED,NORMAL,,,,,2024-01-13 14:10:00,25,CLEAR,DAYLIGHT,TURNING,FOUR WAY,DRY,NO DEFECTS,NOT ON SCENE (DESK REPORT),INJURY AND / OR TOW DUE TO CRASH,,"OVER $1,500",01/13/2024 02:20:00 PM,UNABLE TO DETERMINE,UNABLE TO DETERMINE,,2,NO INDICATION OF INJURY,0.0,0.0,0.0,0.0,0.0,2.0,0.0,14,7,1,41.852796201,-87.627888369,POINT (-87.627888368631 41.852796200693),POINT (1176440.7677203103 1889738.487487251),2024,21 W CERMAK RD
O1931918,DRIVER,b6779869b75d97763272592a7b2cd5c7ad64cd2c29b128466f6986c140df29254bd75b78a768f4e34f4d47307fb82748a7b3d95a1b911a6bb0e09939505ba80a,1840475.0,F,60.0,DID NOT DEPLOY,NONE,NO INDICATION OF INJURY,IMPROPER LANE CHANGE,UNKNOWN,NORMAL,,,,,2024-10-19 13:25:00,30,CLEAR,DAYLIGHT,SIDESWIPE SAME DIRECTION,FOUR WAY,DRY,UNKNOWN,NOT ON SCENE (DESK REPORT),NO INJURY / DRIVE AWAY,,"$501 - $1,500",10/20/2024 11:15:00 AM,IMPROPER LANE USAGE,NOT APPLICABLE,,2,NO INDICATION OF INJURY,0.0,0.0,0.0,0.0,0.0,2.0,0.0,13,7,10,41.926218686,-87.631371956,POINT (-87.631371955684 41.926218685605),POINT (1175272.8209878304 1916485.8487192786),2024,74 W FULLERTON DR
O1806912,DRIVER,2e11d6524a807c784d87caf4308fd86631c023906d79987c51b0e4c1fe6ed891033796eba5602f880249004c66412c192e6103e08e063df9b7ceac1b1da4a629,1721010.0,M,,DEPLOYMENT UNKNOWN,UNKNOWN,NO INDICATION OF INJURY,IMPROPER BACKING,UNKNOWN,UNKNOWN,,,,,2024-04-28 17:15:00,15,CLEAR,DAYLIGHT,REAR TO REAR,PARKING LOT,DRY,UNKNOWN,NOT ON SCENE (DESK REPORT),NO INJURY / DRIVE AWAY,,"OVER $1,500",04/28/2024 05:30:00 PM,IMPROPER BACKING,NOT APPLICABLE,,2,NO INDICATION OF INJURY,0.0,0.0,0.0,0.0,0.0,4.0,0.0,17,1,4,41.79799187,-87.723443741,POINT (-87.723443740796 41.797991869962),POINT (1150549.397872209 1869568.6744547326),2024,5220 S PULASKI RD
O1744306,DRIVER,252ad3d9c36a90425162e8c4e59ea52770f1585e31475acabda3cc8a63bed98f1ab330ab7b5d031b4f7b8dbc3910e525c0d52bfd4faa7c29a127b83bbda60b60,1660712.0,M,25.0,NOT APPLICABLE,NONE,NO INDICATION OF INJURY,IMPROPER BACKING,UNKNOWN,NORMAL,,,,,2024-01-07 12:00:00,15,CLEAR,DAYLIGHT,PARKED MOTOR VEHICLE,PARKING LOT,DRY,NO DEFECTS,NOT ON SCENE (DESK REPORT),NO INJURY / DRIVE AWAY,,"OVER $1,500",01/20/2024 10:20:00 AM,IMPROPER BACKING,NOT APPLICABLE,,2,NO INDICATION OF INJURY,0.0,0.0,0.0,0.0,0.0,1.0,0.0,12,1,1,41.837945673,-87.645459827,POINT (-87.645459827304 41.837945672974),POINT (1171696.933925869 1884288.1620948794),2024,741 W 31ST ST
P425337,PASSENGER,f80490309dd2254b6504351bf70ffcd93961ea2dd7e634813bc745c0e3d48f8976c10a3567b4a6afa71dffa45ff673e2f06fb5e4bdf02795f794f486e4b79b7b,1831550.0,M,,NOT APPLICABLE,NONE,NO INDICATION OF INJURY,,,,,,,,2024-10-07 07:05:00,30,CLEAR,DAYLIGHT,SIDESWIPE SAME DIRECTION,OTHER,DRY,NO DEFECTS,ON SCENE,NO INJURY / DRIVE AWAY,,$500 OR LESS,10/07/2024 07:05:00 AM,UNABLE TO DETERMINE,UNABLE TO DETERMINE,,2,NO INDICATION OF INJURY,0.0,0.0,0.0,0.0,0.0,3.0,0.0,7,2,10,41.947222937,-87.698194396,POINT (-87.698194396254 41.947222936595),POINT (1157031.8221811554 1923998.0639745453),2024,3616 N CALIFORNIA AVE
O1884785,DRIVER,9be268a8f5aa03b1ad887f6c19248b18531e8695c0031bf5d8770820d55e22bde464378689e7062e5cf74cb47fc773c81bc063b31e1e673130c767bf0e31be37,1795543.0,M,22.0,DID NOT DEPLOY,NONE,NO INDICATION OF INJURY,WRONG WAY/SIDE,UNKNOWN,NORMAL,,,,,2024-08-15 07:50:00,25,RAIN,DAYLIGHT,HEAD ON,ONE-WAY,WET,UNKNOWN,ON SCENE,NO INJURY / DRIVE AWAY,,"OVER $1,500",08/15/2024 07:53:00 AM,DRIVING ON WRONG SIDE/WRONG WAY,NOT APPLICABLE,,2,NO INDICATION OF INJURY,0.0,0.0,0.0,0.0,0.0,2.0,0.0,7,5,8,41.907945057,-87.631537222,POINT (-87.631537221842 41.90794505734),POINT (1175282.338596429 1909826.5424673003),2024,88 W SCHILLER ST
O1894351,DRIVER,114236cf17a4ecf49d5758bf85d960b0847eb2975caa8199f484938233bbbb79d2687118cc41a157b4b755535b4f86b3e81411eec2a5dac3c881862d4da17304,1804681.0,F,62.0,NOT APPLICABLE,NONE,NO INDICATION OF INJURY,NONE,NOT OBSCURED,NORMAL,,,,,2024-08-28 18:46:00,30,CLEAR,DAYLIGHT,REAR END,NOT DIVIDED,DRY,NO DEFECTS,ON SCENE,NO INJURY / DRIVE AWAY,,"OVER $1,500",08/28/2024 06:46:00 PM,"OPERATING VEHICLE IN ERRATIC, RECKLESS, CARELESS, NEGLIGENT OR AGGRESSIVE MANNER",DRIVING SKILLS/KNOWLEDGE/EXPERIENCE,,2,NO INDICATION OF INJURY,0.0,0.0,0.0,0.0,0.0,3.0,0.0,18,4,8,41.88064903,-87.723124724,POINT (-87.723124724118 41.880649029868),POINT (1150422.4013001448 1899689.2224430223),2024,3899 W MADISON ST
O1907360,DRIVER,b634f8217aa3de6ff885a4a49501c5e7d17a90abf8d1cb53289fdda0dbb435ed8678d53b35dd209e692b47e4c117840fbd1b212730cf95669538c58602689ae7,1817078.0,X,,DEPLOYMENT UNKNOWN,NONE,NO INDICATION OF INJURY,IMPROPER LANE CHANGE,NOT OBSCURED,UNKNOWN,,,,,2024-09-15 22:00:00,20,UNKNOWN,"DARKNESS, LIGHTED ROAD",SIDESWIPE SAME DIRECTION,NOT DIVIDED,UNKNOWN,UNKNOWN,NOT ON SCENE (DESK REPORT),NO INJURY / DRIVE AWAY,Y,"OVER $1,500",09/15/2024 10:20:00 PM,IMPROPER OVERTAKING/PASSING,NOT APPLICABLE,,2,NO INDICATION OF INJURY,0.0,0.0,0.0,0.0,0.0,2.0,0.0,22,1,9,41.770344384,-87.703088578,POINT (-87.70308857833 41.770344384071),POINT (1156173.536041624 1859534.1716658128),2024,6744 S KEDZIE AVE
O1809413,DRIVER,afd9ec223db84603331f41bef3d634bbdd94b9e231d70e730162506e51f0f70bfee4ebf7309d1a858cbfe4dea8a37bd8e3e822d0003aea82d188fa04521a2468,1723422.0,M,63.0,DID NOT DEPLOY,NONE,NO INDICATION OF INJURY,UNKNOWN,UNKNOWN,UNKNOWN,,,,,2024-05-02 10:20:00,30,CLEAR,DAYLIGHT,REAR END,DIVIDED - W/MEDIAN (NOT RAISED),DRY,NO DEFECTS,NOT ON SCENE (DESK REPORT),NO INJURY / DRIVE AWAY,,"OVER $1,500",05/02/2024 11:06:00 AM,UNABLE TO DETERMINE,UNABLE TO DETERMINE,,2,NO INDICATION OF INJURY,0.0,0.0,0.0,0.0,0.0,2.0,0.0,10,5,5,41.975086009,-87.806919504,POINT (-87.806919504401 41.975086009435),POINT (1127392.0043407686 1933951.0373952605),2024,5149 N HARLEM AVE
O1931860,DRIVER,eaa6bc1310b7c2fedadb2dda53cece6428a0a607ee4e8ef2815e6cb216295b65438f4c6330c70cf8029758a1f948b55312d495a67ed77e25d4ee5518ad8d8fc4,1840415.0,F,23.0,DID NOT DEPLOY,NONE,"REPORTED, NOT EVIDENT",FAILED TO YIELD,UNKNOWN,NORMAL,,,,,2024-10-20 04:55:00,30,CLEAR,"DARKNESS, LIGHTED ROAD",SIDESWIPE SAME DIRECTION,NOT DIVIDED,DRY,NO DEFECTS,ON SCENE,INJURY AND / OR TOW DUE TO CRASH,,"OVER $1,500",10/20/2024 04:55:00 AM,FAILING TO YIELD RIGHT-OF-WAY,UNABLE TO DETERMINE,,2,"REPORTED, NOT EVIDENT",2.0,0.0,0.0,0.0,2.0,1.0,0.0,4,1,10,41.903625152,-87.628820896,POINT (-87.628820895981 41.903625152262),POINT (1176034.668677017 1908258.4266908302),2024,1160 N STATE ST
O1858589,DRIVER,d0ab235d6e24f87a2abbc1d729c50daa7f71d3decddff11e0c9802b5058b325e0c86f9333824a7f487bad66048b53ecf4d265384f24de4d2cba458ef42f1da2a,1770565.0,M,33.0,NOT APPLICABLE,NONE,NO INDICATION OF INJURY,OTHER,UNKNOWN,NORMAL,,,,,2024-07-07 20:49:00,35,RAIN,"DARKNESS, LIGHTED ROAD",FIXED OBJECT,NOT DIVIDED,WET,NO DEFECTS,ON SCENE,NO INJURY / DRIVE AWAY,,$500 OR LESS,07/07/2024 08:50:00 PM,UNABLE TO DETERMINE,UNABLE TO DETERMINE,,1,NO INDICATION OF INJURY,0.0,0.0,0.0,0.0,0.0,1.0,0.0,20,1,7,41.912398852,-87.678393036,POINT (-87.678393036211 41.912398851858),POINT (1162515.5007393784 1911348.6389237614),2024,2020 W WABANSIA AVE
P427244,PASSENGER,b80ade51c42ef68f72fc1d517f01d9deab26e03b0f152fc5825185022e52b7a5297cd57562a51ca9c7d645fc1425025c81e851a97ab95311f803f94572ecb103,1840155.0,F,72.0,NOT APPLICABLE,NONE,NO INDICATION OF INJURY,,,,,,,,2024-10-19 17:36:00,30,CLEAR,DAYLIGHT,REAR END,NOT DIVIDED,DRY,UNKNOWN,ON SCENE,INJURY AND / OR TOW DUE TO CRASH,,"OVER $1,500",10/19/2024 05:58:00 PM,UNABLE TO DETERMINE,UNABLE TO DETERMINE,,2,NONINCAPACITATING INJURY,1.0,0.0,0.0,1.0,0.0,5.0,0.0,17,7,10,41.948804887,-87.807278027,POINT (-87.807278027225 41.948804887431),POINT (1127353.3094015724 1924373.517412944),2024,3798 N HARLEM AVE
O1762215,DRIVER,1c6f2d792957ae6d7d7f8308c17288434b33874cd75bafd575140596dbebd7c98b90e60b08e77cd130fbd52f2da456263217a3d792987d8032bca16fb0cb435b,1677940.0,M,50.0,NOT APPLICABLE,NONE,NO INDICATION OF INJURY,FOLLOWED TOO CLOSELY,UNKNOWN,NORMAL,,,,,2024-02-20 07:30:00,45,CLEAR,DAYLIGHT,REAR END,NOT DIVIDED,DRY,NO DEFECTS,NOT ON SCENE (DESK REPORT),NO INJURY / DRIVE AWAY,,"$501 - $1,500",02/20/2024 08:00:00 AM,FOLLOWING TOO CLOSELY,UNABLE TO DETERMINE,,2,NO INDICATION OF INJURY,0.0,0.0,0.0,0.0,0.0,2.0,0.0,7,3,2,41.880856926,-87.617103384,POINT (-87.617103384378 41.880856926277),POINT (1179293.722715783 1899988.097655019),2024,101 S LAKE SHORE DR NB
O1800616,DRIVER,fa9eb1a456b0cb3920839166d8598d193752dcbdd6214ffa72b5404ea3069cc10d1fddeb9b2d08cdc9ab48a4c92db3e81bf56875f06f53774269302f6a1cd698,1714886.0,M,49.0,"DEPLOYED, COMBINATION",NONE,NO INDICATION OF INJURY,NONE,NOT OBSCURED,NORMAL,,,,,2024-04-18 22:29:00,30,RAIN,"DARKNESS, LIGHTED ROAD",ANGLE,FOUR WAY,WET,NO DEFECTS,ON SCENE,INJURY AND / OR TOW DUE TO CRASH,,"OVER $1,500",04/18/2024 10:29:00 PM,DISREGARDING TRAFFIC SIGNALS,FAILING TO REDUCE SPEED TO AVOID CRASH,,2,"REPORTED, NOT EVIDENT",1.0,0.0,0.0,0.0,1.0,2.0,0.0,22,5,4,41.794642669,-87.63177187,POINT (-87.631771869692 41.794642668627),POINT (1175555.7804227236 1868538.9238207496),2024,230 W GARFIELD BLVD
O1896306,DRIVER,950f73a6dfa4d412115058d233f4a862accb26a618401ab471dacf637707d0e9005a83431b34f7529a8f6c94b6fa18ba25d9b30a5eee9f115c0ffdda436463a1,1806550.0,M,66.0,"DEPLOYED, FRONT",NONE,NO INDICATION OF INJURY,NONE,NOT OBSCURED,NORMAL,,,,,2024-08-31 11:30:00,30,CLEAR,DAYLIGHT,ANGLE,FOUR WAY,DRY,NO DEFECTS,ON SCENE,INJURY AND / OR TOW DUE TO CRASH,,"OVER $1,500",08/31/2024 11:38:00 AM,FAILING TO REDUCE SPEED TO AVOID CRASH,FAILING TO YIELD RIGHT-OF-WAY,,2,NO INDICATION OF INJURY,0.0,0.0,0.0,0.0,0.0,4.0,0.0,11,7,8,41.881892309,-87.747898417,POINT (-87.747898416744 41.881892308511),POINT (1143672.8963564024 1900095.277188795),2024,4900 W WASHINGTON BLVD
O1854382,DRIVER,7d2b481b3808e5300dfedc1a171dd3c63c25896a7f4f43dc252ee3e1aeff6a03024ca541c7bfd6cec0b5849a0c153c08704d0f1b210cd2c82590f5bf6b32470c,1766947.0,F,22.0,DID NOT DEPLOY,NONE,NO INDICATION OF INJURY,NONE,NOT OBSCURED,NORMAL,,,,,2024-07-01 14:40:00,35,CLEAR,DAYLIGHT,SIDESWIPE SAME DIRECTION,ONE-WAY,DRY,NO DEFECTS,NOT ON SCENE (DESK REPORT),NO INJURY / DRIVE AWAY,,"OVER $1,500",07/01/2024 08:00:00 PM,IMPROPER OVERTAKING/PASSING,UNABLE TO DETERMINE,,2,NO INDICATION OF INJURY,0.0,0.0,0.0,0.0,0.0,2.0,0.0,14,2,7,41.750918138,-87.624690123,POINT (-87.624690122516 41.750918138315),POINT (1177618.1669300816 1852621.8702325444),2024,7900 S STATE ST
O1850090,DRIVER,3ae7155b25426b8da9a3e2c06e0e674b09cc8861221049c37e6e1b29a459293c1e402075507a02596760fd67b0e626957d06c2302c8942a5ee9ef32024b43698,1762412.0,M,29.0,"DEPLOYED, SIDE",NONE,NO INDICATION OF INJURY,NONE,NOT OBSCURED,NORMAL,,,,,2024-06-14 06:19:00,30,CLEAR,DAYLIGHT,TURNING,FOUR WAY,DRY,NO DEFECTS,,INJURY AND / OR TOW DUE TO CRASH,Y,"OVER $1,500",06/14/2024 07:05:00 AM,IMPROPER TURNING/NO SIGNAL,FAILING TO YIELD RIGHT-OF-WAY,,2,NO INDICATION OF INJURY,0.0,0.0,0.0,0.0,0.0,2.0,0.0,6,6,6,41.867134208,-87.64423752,POINT (-87.644237519792 41.867134208293),POINT (1171944.6614405094 1894927.0575472661),2024,1200 S RUBLE ST
O1779431,DRIVER,e176fb0f80e1973d9390c2f46c1769db91ac7ad8c984a99e616e18a7c7391b140518cf77d12758b492874eb78829be6de0d2ce9e478c16e8820cd2ddcd66cd13,1694496.0,M,32.0,DID NOT DEPLOY,NONE,NO INDICATION OF INJURY,NONE,NOT OBSCURED,NORMAL,,,,,2024-03-17 13:00:00,35,CLEAR,DAYLIGHT,REAR END,ONE-WAY,DRY,NO DEFECTS,NOT ON SCENE (DESK REPORT),NO INJURY / DRIVE AWAY,,"OVER $1,500",03/17/2024 02:20:00 PM,FOLLOWING TOO CLOSELY,FOLLOWING TOO CLOSELY,,2,NO INDICATION OF INJURY,0.0,0.0,0.0,0.0,0.0,3.0,0.0,13,1,3,41.739866175,-87.625680022,POINT (-87.625680022386 41.73986617455),POINT (1177381.169987909 1848592.4129199893),2024,8500 S LAFAYETTE AVE
O1824289,DRIVER,2ac52c402aa756f274df7eed3a6dc286b364237b5401e1558a80f348b1aa60c2323732e3e826110fffb73843e5cdbc6eb76c7bb592850dec3e649a9927788145,1737685.0,M,22.0,DID NOT DEPLOY,NONE,NO INDICATION OF INJURY,FAILED TO YIELD,UNKNOWN,NORMAL,,,,,2024-05-20 18:20:00,30,CLEAR,DAYLIGHT,ANGLE,ALLEY,DRY,NO DEFECTS,,NO INJURY / DRIVE AWAY,,"OVER $1,500",05/20/2024 08:10:00 PM,FAILING TO YIELD RIGHT-OF-WAY,NOT APPLICABLE,,2,NO INDICATION OF INJURY,0.0,0.0,0.0,0.0,0.0,2.0,0.0,18,2,5,41.967990289,-87.705867028,POINT (-87.705867027859 41.967990289279),POINT (1154889.1551312027 1931550.3860290714),2024,4745 N ALBANY AVE
P402133,PASSENGER,6af32fa56091563708a343f5278e7424fa36bb7b15b9dab7e9436f5db93e62592b8ade1520d38b47a2202efb757f061d6d2f9321fdbafc909c7df7e431ac67b9,1733195.0,M,4.0,NOT APPLICABLE,NONE,NO INDICATION OF INJURY,,,,,,,,2024-05-15 19:20:00,30,CLEAR,DUSK,REAR END,NOT DIVIDED,DRY,UNKNOWN,ON SCENE,NO INJURY / DRIVE AWAY,,"OVER $1,500",05/15/2024 07:32:00 PM,FOLLOWING TOO CLOSELY,NOT APPLICABLE,,2,NO INDICATION OF INJURY,0.0,0.0,0.0,0.0,0.0,5.0,0.0,19,4,5,41.910597113,-87.662108326,POINT (-87.662108326415 41.910597113019),POINT (1166953.1288381931 1910726.3512971157),2024,1341 W NORTH AVE
P414300,PASSENGER,57d1c8fd5c8082d57984334a81388bdc524b9f7b516de86ad634577e35cb4cf826d4741edd6bfb881dac7c563843600da12e57809ebdc9612f7365dd5566266c,1783883.0,F,47.0,"DEPLOYED, COMBINATION",NONE,FATAL,,,,,,,,2024-07-28 04:31:00,30,CLEAR,"DARKNESS, LIGHTED ROAD",ANGLE,NOT DIVIDED,DRY,UNKNOWN,ON SCENE,INJURY AND / OR TOW DUE TO CRASH,,"OVER $1,500",07/28/2024 04:36:00 AM,DISREGARDING STOP SIGN,DISREGARDING STOP SIGN,,2,FATAL,3.0,2.0,1.0,0.0,0.0,1.0,0.0,4,1,7,41.885289658,-87.706122786,POINT (-87.706122786457 41.885289658445),POINT (1155040.0410431619 1901413.6402945828),2024,3159 W WALNUT ST
P409144,PASSENGER,23d531d0298084840614291613d959581fb421edac66175a7defb6f3d84f6b1ccb868ea289161de95ea2ac56c686da42c50f6279a08ae2f08ccfbff6bb9b0e14,1762279.0,,10.0,NOT APPLICABLE,NONE,NO INDICATION OF INJURY,,,,,,,,2024-06-25 08:35:00,30,RAIN,DAYLIGHT,REAR END,NOT DIVIDED,WET,NO DEFECTS,ON SCENE,INJURY AND / OR TOW DUE TO CRASH,,"OVER $1,500",06/25/2024 08:37:00 AM,UNABLE TO DETERMINE,NOT APPLICABLE,,2,"REPORTED, NOT EVIDENT",1.0,0.0,0.0,0.0,1.0,6.0,0.0,8,3,6,41.744029432,-87.635922084,POINT (-87.635922083597 41.744029431513),POINT (1174573.618644117 1850086.6451582643),2024,459 W 83RD ST
O1761195,DRIVER,1f063b11af6ccba7026f1ece5d1e224508cd663c837e72588717ccef61bf6fd11638634921d5d314b2f8c51357370743f7d5b8b5a805cbaa1d68c34ffa0ac217,1676954.0,M,27.0,NOT APPLICABLE,NONE,NO INDICATION OF INJURY,IMPROPER LANE CHANGE,OTHER,NORMAL,,,,,2024-02-17 21:51:00,30,CLEAR,"DARKNESS, LIGHTED ROAD",SIDESWIPE SAME DIRECTION,ONE-WAY,DRY,NO DEFECTS,NOT ON SCENE (DESK REPORT),NO INJURY / DRIVE AWAY,,"OVER $1,500",02/17/2024 11:18:00 PM,IMPROPER LANE USAGE,IMPROPER LANE USAGE,,2,NO INDICATION OF INJURY,0.0,0.0,0.0,0.0,0.0,2.0,0.0,21,7,2,41.889996572,-87.629752509,POINT (-87.629752508556 41.88999657187),POINT (1175821.7877490823 1903290.0868220036),2024,420 N DEARBORN ST
P411761,PASSENGER,78cb3f8bde57192215119f04a1499a9c62e38453fd00cdc043168e68caaa6c434bdaabe0033b7aa673455167664193e91d60248b4a8019431783fb684cb68352,1773046.0,F,,NOT APPLICABLE,NONE,NO INDICATION OF INJURY,,,,,,,,2024-07-11 18:01:00,10,CLEAR,DAYLIGHT,REAR END,PARKING LOT,DRY,NO DEFECTS,NOT ON SCENE (DESK REPORT),NO INJURY / DRIVE AWAY,Y,"OVER $1,500",07/11/2024 06:58:00 PM,FOLLOWING TOO CLOSELY,NOT APPLICABLE,,2,NO INDICATION OF INJURY,0.0,0.0,0.0,0.0,0.0,4.0,0.0,18,5,7,41.800448037,-87.703609166,POINT (-87.703609166098 41.80044803671),POINT (1155951.18505717 1870502.6816775093),2024,5111 S KEDZIE AVE
O1756612,DRIVER,2837e9c5e40191d223e790a4132a7a2cc4fa6a7517bad33cafb7349f5ef3ac63811603e96650f02adc4a95cdf8c57f534196c068526d122bba7730c1424d1d36,1672542.0,F,55.0,DID NOT DEPLOY,NONE,NO INDICATION OF INJURY,UNKNOWN,NOT OBSCURED,NORMAL,,,,,2024-02-09 14:06:00,25,UNKNOWN,UNKNOWN,REAR END,T-INTERSECTION,UNKNOWN,UNKNOWN,NOT ON SCENE (DESK REPORT),NO INJURY / DRIVE AWAY,,"OVER $1,500",02/09/2024 08:30:00 PM,UNABLE TO DETERMINE,NOT APPLICABLE,,2,NO INDICATION OF INJURY,0.0,0.0,0.0,0.0,0.0,2.0,0.0,14,6,2,41.773166977,-87.610571305,POINT (-87.610571305266 41.773166976776),POINT (1181402.686249725 1860761.2165639764),2024,600 E 67TH ST