PERSON_ID,PERSON_TYPE,CRASH_RECORD_ID,VEHICLE_ID,SEX,AGE,AIRBAG_DEPLOYED,EJECTION,INJURY_CLASSIFICATION,DRIVER_ACTION,DRIVER_VISION,PHYSICAL_CONDITION,PEDPEDAL_ACTION,PEDPEDAL_VISIBILITY,PEDPEDAL_LOCATION,CRASH_DATE_EST_I,CRASH_DATE,POSTED_SPEED_LIMIT,WEATHER_CONDITION,LIGHTING_CONDITION,FIRST_CRASH_TYPE,TRAFFICWAY_TYPE,ROADWAY_SURFACE_COND,ROAD_DEFECT,REPORT_TYPE,CRASH_TYPE,HIT_AND_RUN_I,DAMAGE,DATE_POLICE_NOTIFIED,PRIM_CONTRIBUTORY_CAUSE,SEC_CONTRIBUTORY_CAUSE,DOORING_I,NUM_UNITS,MOST_SEVERE_INJURY,INJURIES_TOTAL,INJURIES_FATAL,INJURIES_INCAPACITATING,INJURIES_NON_INCAPACITATING,INJURIES_REPORTED_NOT_EVIDENT,INJURIES_NO_INDICATION,INJURIES_UNKNOWN,CRASH_HOUR,CRASH_DAY_OF_WEEK,CRASH_MONTH,LATITUDE,LONGITUDE,LOCATION,geometry,YEAR,ADDRESS
O1906910,DRIVER,2cc64c652dce280e44d891bf6e37b641cf70ad360791b53e9eb99e02e1ddd33712b1b604a507076be8166f36ab54d8c38b20e1355fab2afb4a628234a438820c,1816643.0,X,,DEPLOYMENT UNKNOWN,UNKNOWN,NO INDICATION OF INJURY,UNKNOWN,UNKNOWN,UNKNOWN,,,,Y,2024-09-15 09:00:00,25,CLEAR,DAYLIGHT,PARKED MOTOR VEHICLE,NOT DIVIDED,DRY,NO DEFECTS,ON SCENE,NO INJURY / DRIVE AWAY,Y,"OVER $1,500",09/15/2024 09:56:00 AM,UNABLE TO DETERMINE,NOT APPLICABLE,,2,NO INDICATION OF INJURY,0.0,0.0,0.0,0.0,0.0,1.0,0.0,9,1,9,41.974936207,-87.846406435,POINT (-87.846406435484 41.974936207434),POINT (1116655.032730037 1933832.943739495),2024,8761 W BERWYN AVE
O1947658,DRIVER,6cce59fe6a791d42782e9dfec41b5b7b1c176fd655be37bb92d882106c3cdb6d505b4771a13aa647430a7573fd2138a7619ef1858034f860ea582ef5e3d1b462,1855454.0,F,40.0,DEPLOYMENT UNKNOWN,UNKNOWN,NO INDICATION OF INJURY,NONE,UNKNOWN,UNKNOWN,,,,,2024-11-11 16:15:00,30,UNKNOWN,DAWN,SIDESWIPE SAME DIRECTION,DIVIDED - W/MEDIAN (NOT RAISED),UNKNOWN,UNKNOWN,NOT ON SCENE (DESK REPORT),NO INJURY / DRIVE AWAY,,"OVER $1,500",11/12/2024 11:55:00 AM,IMPROPER OVERTAKING/PASSING,IMPROPER OVERTAKING/PASSING,,2,NO INDICATION OF INJURY,0.0,0.0,0.0,0.0,0.0,2.0,0.0,16,2,11,41.989003468,-87.669082244,POINT (-87.669082244321 41.989003468279),POINT (1164833.4266363734 1939283.105919656),2024,5900 N RIDGE AVE
O1878787,DRIVER,08f2a2ef506206720c552558306227c5ffc73b5b0d0783e4433ee7820f85b6ef030bfe62ccb40b4c746967c908f25f72b3629709f3759c3422e4659bf9db61d3,1789817.0,M,33.0,NOT APPLICABLE,NONE,NO INDICATION OF INJURY,IMPROPER LANE CHANGE,UNKNOWN,UNKNOWN,,,,,2024-08-03 18:50:00,30,CLEAR,DARKNESS,REAR END,DIVIDED - W/MEDIAN (NOT RAISED),DRY,NO DEFECTS,,NO INJURY / DRIVE AWAY,,"OVER $1,500",08/03/2024 09:25:00 PM,IMPROPER OVERTAKING/PASSING,IMPROPER LANE USAGE,,2,NO INDICATION OF INJURY,0.0,0.0,0.0,0.0,0.0,2.0,0.0,18,7,8,41.89168984,-87.620444135,POINT (-87.620444134826 41.891689839807),POINT (1178351.1702401426 1903928.0332518688),2024,255 E GRAND AVE
P421538,PASSENGER,aebcc14c8198a18072c7192b55ba1e2b004c6744f0443129ace3a701dfa20ced0a5390fe55814834527f39468219fd3f63490edd6934bdda4011ebaf09a8dcc5,1815018.0,M,,NOT APPLICABLE,NONE,NO INDICATION OF INJURY,,,,,,,Y,2024-09-12 23:28:00,45,CLEAR,"DARKNESS, LIGHTED ROAD",REAR END,DIVIDED - W/MEDIAN BARRIER,DRY,NO DEFECTS,ON SCENE,INJURY AND / OR TOW DUE TO CRASH,,"OVER $1,500",09/12/2024 11:28:00 PM,FAILING TO REDUCE SPEED TO AVOID CRASH,UNDER THE INFLUENCE OF ALCOHOL/DRUGS (USE WHEN ARREST IS EFFECTED),,2,NONINCAPACITATING INJURY,1.0,0.0,0.0,1.0,0.0,27.0,0.0,23,5,9,41.791420282,-87.580147769,POINT (-87.580147768689 41.791420282098),POINT (1189643.3113338328 1867483.815784851),2024,5700 S LAKE SHORE DR
O1871665,DRIVER,c56aabf2cbf299f51ed774f4146fd7ce5d41cbc7f31583eff5aadafee56b498fdb52a21b8c9fb2cfb5311b406e578446553fb0ee37232304a5c1197c2ed9f4ac,1783012.0,F,30.0,NOT APPLICABLE,NONE,NO INDICATION OF INJURY,UNKNOWN,UNKNOWN,NORMAL,,,,,2024-07-26 16:59:00,20,CLEAR,DAYLIGHT,SIDESWIPE SAME DIRECTION,UNKNOWN,UNKNOWN,UNKNOWN,,NO INJURY / DRIVE AWAY,,"OVER $1,500",07/26/2024 06:40:00 PM,UNABLE TO DETERMINE,NOT APPLICABLE,,2,NO INDICATION OF INJURY,0.0,0.0,0.0,0.0,0.0,2.0,0.0,16,6,7,41.741279155,-87.714044762,POINT (-87.714044761875 41.741279154816),POINT (1153261.0400623577 1848921.3613152993),2024,3655 W 83RD PL
O1796922,DRIVER,eb614979eed86e7db4be1096926819037eb6a68fa9800432f59ac1e22f59560506e1edfee24f75016eae4e17f17789bac55807c9c650cefd9b4bde0caa44c987,1711380.0,M,30.0,NOT APPLICABLE,NONE,NO INDICATION OF INJURY,IMPROPER TURN,NOT OBSCURED,FATIGUED/ASLEEP,,,,,2024-04-13 00:18:00,30,CLEAR,DARKNESS,TURNING,NOT DIVIDED,DRY,NO DEFECTS,,NO INJURY / DRIVE AWAY,,$500 OR LESS,04/13/2024 12:18:00 AM,IMPROPER LANE USAGE,DRIVING SKILLS/KNOWLEDGE/EXPERIENCE,,2,NO INDICATION OF INJURY,0.0,0.0,0.0,0.0,0.0,4.0,0.0,0,7,4,41.954064245,-87.708166777,POINT (-87.708166776538 41.954064245315),POINT (1154300.7609426503 1926471.1124337132),2024,4002 N KEDZIE AVE
O1941221,DRIVER,cf78eca06e029aa0e4a504d8ac7d6dc6b49035b7105b01124c024e6314b9094c39ba5b031e5f7cf6ea2139d3f588e8e5f14c31a4e87aceac333457f4fd4cb369,1849340.0,M,,DEPLOYMENT UNKNOWN,NONE,NO INDICATION OF INJURY,IMPROPER BACKING,UNKNOWN,UNKNOWN,,,,,2024-11-02 11:37:00,30,CLEAR,DAYLIGHT,REAR END,NOT DIVIDED,DRY,NO DEFECTS,NOT ON SCENE (DESK REPORT),NO INJURY / DRIVE AWAY,Y,$500 OR LESS,11/02/2024 12:00:00 PM,UNABLE TO DETERMINE,UNABLE TO DETERMINE,,2,NO INDICATION OF INJURY,0.0,0.0,0.0,0.0,0.0,2.0,0.0,11,7,11,41.786931652,-87.64511245,POINT (-87.64511244991 41.786931651847),POINT (1171940.4680752002 1865699.6738350634),2024,5900 S HALSTED ST
O1837717,DRIVER,4eee8ef0bc5bd5da9e16c1698def74bce5829a40429179854c5e9c168a94a80dcd8b965a22eff945f64b761dcd564e27512fb3bb58fd73f6b0471523fe41c94b,1750573.0,M,51.0,NOT APPLICABLE,NONE,NO INDICATION OF INJURY,NONE,NOT OBSCURED,NORMAL,,,,,2024-06-08 12:00:00,30,CLEAR,DAYLIGHT,SIDESWIPE SAME DIRECTION,ONE-WAY,DRY,UNKNOWN,NOT ON SCENE (DESK REPORT),NO INJURY / DRIVE AWAY,,"OVER $1,500",06/08/2024 01:45:00 PM,IMPROPER OVERTAKING/PASSING,NOT APPLICABLE,,2,NO INDICATION OF INJURY,0.0,0.0,0.0,0.0,0.0,2.0,0.0,12,7,6,41.874665205,-87.710162767,POINT (-87.710162766528 41.874665204763),POINT (1153968.0571806245 1897534.0900572108),2024,3344 W CONGRESS PKWY
O1932421,DRIVER,0dd36156843550af7746658023a293a32144d1cc7639874b6cf6efd37afe901382c1c100ddba27ef1e898fac4d50ca9d5e51dee4730fca385aeab0e00b40fe7b,1840960.0,M,,DEPLOYMENT UNKNOWN,NONE,NO INDICATION OF INJURY,EVADING POLICE VEHICLE,UNKNOWN,UNKNOWN,,,,,2024-10-21 07:36:00,25,CLEAR,DAYLIGHT,HEAD ON,ONE-WAY,DRY,NO DEFECTS,ON SCENE,NO INJURY / DRIVE AWAY,Y,"$501 - $1,500",10/21/2024 07:36:00 AM,IMPROPER BACKING,NOT APPLICABLE,,3,NO INDICATION OF INJURY,0.0,0.0,0.0,0.0,0.0,4.0,0.0,7,2,10,41.775485906,-87.685004256,POINT (-87.685004255916 41.775485906),POINT (1161092.6318862673 1861444.3696479774),2024,2437 W 65TH ST
O1740664,DRIVER,c8ad597ce9c5b754c550afdfc18fd20bb5fed7537b44bf2c21242d0395ab70cc1a9596bd6381653da4ac2abe2975e977993db40d35f780528ac25c7690fe2100,1657155.0,M,0.0,DID NOT DEPLOY,NONE,NO INDICATION OF INJURY,NONE,UNKNOWN,NORMAL,,,,,2024-01-14 13:00:00,30,CLEAR,DAYLIGHT,TURNING,NOT DIVIDED,WET,UNKNOWN,NOT ON SCENE (DESK REPORT),INJURY AND / OR TOW DUE TO CRASH,,"OVER $1,500",01/14/2024 02:30:00 PM,UNABLE TO DETERMINE,NOT APPLICABLE,,2,NONINCAPACITATING INJURY,1.0,0.0,0.0,1.0,0.0,2.0,0.0,13,1,1,41.888826042,-87.745733081,POINT (-87.745733081092 41.888826041822),POINT (1144245.2520602911 1902625.949996969),2024,430 N CICERO AVE
O1921553,DRIVER,e98cb8501b5c821846ef442d12fade3456ebbe2d0e46470286ee6adcc800d30e8dd489042aade206734956ea899e911f22dc832a3a6cf1459c97db68512faa51,1830620.0,M,44.0,DID NOT DEPLOY,NONE,NO INDICATION OF INJURY,NONE,NOT OBSCURED,NORMAL,,,,,2024-10-05 12:30:00,35,CLEAR,DAYLIGHT,REAR END,FOUR WAY,DRY,NO DEFECTS,ON SCENE,NO INJURY / DRIVE AWAY,,"OVER $1,500",10/05/2024 12:36:00 PM,FOLLOWING TOO CLOSELY,FOLLOWING TOO CLOSELY,,2,NO INDICATION OF INJURY,0.0,0.0,0.0,0.0,0.0,5.0,0.0,12,7,10,41.93944883,-87.706886209,POINT (-87.706886209366 41.939448829907),POINT (1154688.0134022073 1921147.7578562666),2024,3156 W BELMONT AVE
O1760725,DRIVER,94495787b9a7e9022293f85d7f8d08bfc40e14ba6d191125805c8d966b3bdc79b37009378878778ef14b3b7e814cb3f054f9167d73edd0d6ffb0aae97c36d717,1676506.0,M,39.0,NOT APPLICABLE,NONE,NO INDICATION OF INJURY,UNKNOWN,UNKNOWN,NORMAL,,,,,2024-02-17 05:00:00,30,CLEAR,"DARKNESS, LIGHTED ROAD",SIDESWIPE SAME DIRECTION,NOT DIVIDED,DRY,NO DEFECTS,ON SCENE,INJURY AND / OR TOW DUE TO CRASH,,"OVER $1,500",02/17/2024 05:00:00 AM,UNABLE TO DETERMINE,UNABLE TO DETERMINE,,2,NO INDICATION OF INJURY,0.0,0.0,0.0,0.0,0.0,2.0,0.0,5,7,2,41.874958234,-87.75478625,POINT (-87.754786250327 41.8749582337),POINT (1141814.2592529587 1897555.7934727154),2024,5198 W VAN BUREN ST
O1923596,PEDESTRIAN,7f497f0a5d79842b66f0f7b3e4e33809d4fd529da4c14239caa5dd5eb976d0be8b5854a3bd2b2e958ea4a0c45552176252583e50f7645d262916729ba4a71cda,,F,,,,NO INDICATION OF INJURY,NONE,UNKNOWN,UNKNOWN,CROSSING - NO CONTROLS (NOT AT INTERSECTION),OTHER LIGHT SOURCE USED,IN CROSSWALK,,2024-10-08 13:45:00,30,CLEAR,DAYLIGHT,PEDESTRIAN,DIVIDED - W/MEDIAN BARRIER,DRY,NO DEFECTS,NOT ON SCENE (DESK REPORT),NO INJURY / DRIVE AWAY,,$500 OR LESS,10/08/2024 03:00:00 PM,UNABLE TO DETERMINE,NOT APPLICABLE,,2,NO INDICATION OF INJURY,0.0,0.0,0.0,0.0,0.0,2.0,0.0,13,3,10,41.839483662,-87.62695698,POINT (-87.626956979915 41.839483661701),POINT (1176734.416814721 1884889.5226320873),2024,3000 S STATE ST
O1792895,DRIVER,20c0aaed7b0e43f2e1f81b7eb407a1aeffa7623babfaa8950c3fd89edb93b7e34e3a6fa6d4ac271709fef203bb9ecd3e9cb4957894f8982d8634d58e31dfc1de,1707507.0,M,40.0,DID NOT DEPLOY,NONE,NO INDICATION OF INJURY,NONE,NOT OBSCURED,NORMAL,,,,N,2024-04-08 01:00:00,30,CLEAR,"DARKNESS, LIGHTED ROAD",PARKED MOTOR VEHICLE,NOT DIVIDED,WET,NO DEFECTS,ON SCENE,INJURY AND / OR TOW DUE TO CRASH,N,"OVER $1,500",04/08/2024 01:25:00 AM,PHYSICAL CONDITION OF DRIVER,NOT APPLICABLE,,3,NO INDICATION OF INJURY,0.0,0.0,0.0,0.0,0.0,1.0,0.0,1,2,4,41.723904342,-87.631716967,POINT (-87.631716966991 41.72390434247),POINT (1175780.9832295226 1842762.5918344294),2024,9415 S HARVARD AVE
O1741907,DRIVER,bdbc949d710e755819e8da7b299c0d16c93ed7da93f097009b2c67a712193d53de59ea52893f4dd89204b03b96167511c2c41b294af765bc5425843452cb9136,1658346.0,X,,DEPLOYMENT UNKNOWN,UNKNOWN,NO INDICATION OF INJURY,UNKNOWN,UNKNOWN,UNKNOWN,,,,,2024-01-16 15:15:00,30,SNOW,DAYLIGHT,PARKED MOTOR VEHICLE,ONE-WAY,WET,NO DEFECTS,ON SCENE,NO INJURY / DRIVE AWAY,Y,"OVER $1,500",01/16/2024 04:12:00 PM,UNABLE TO DETERMINE,NOT APPLICABLE,,2,NO INDICATION OF INJURY,0.0,0.0,0.0,0.0,0.0,1.0,0.0,15,3,1,41.838873986,-87.721900009,POINT (-87.721900009067 41.838873986254),POINT (1150864.3261612218 1884468.887166261),2024,3858 W 30TH ST
P416175,PASSENGER,e3ef54c2fbde2329e8b4cd9bd2c8c81cd651d32c50fd0408252d867818b646f50c50584fd408b377f3f4265c4447f5ca7904bb334a8ebe1bb85da161fe39fe63,1792264.0,M,,NOT APPLICABLE,NONE,NO INDICATION OF INJURY,,,,,,,,2024-08-09 23:09:00,30,CLEAR,"DARKNESS, LIGHTED ROAD",HEAD ON,ONE-WAY,DRY,UNKNOWN,ON SCENE,NO INJURY / DRIVE AWAY,Y,"OVER $1,500",08/09/2024 11:09:00 PM,DRIVING ON WRONG SIDE/WRONG WAY,UNABLE TO DETERMINE,,2,NO INDICATION OF INJURY,0.0,0.0,0.0,0.0,0.0,4.0,0.0,23,6,8,41.920455624,-87.747657831,POINT (-87.747657831271 41.920455624192),POINT (1143642.4762005673 1914148.181801991),2024,4835 W PALMER ST
P424781,PASSENGER,56cb3762317d99e18d366a9c6ca4030b8e466cecaa3ef54609c80c85084df5748c2228ddea73b250aaec79cd9b3291cdf254dcdccf79fbd00f0ca863e307e811,1829439.0,F,52.0,DID NOT DEPLOY,NONE,NO INDICATION OF INJURY,,,,,,,,2024-10-03 17:30:00,30,CLEAR,DAYLIGHT,TURNING,FOUR WAY,DRY,NO DEFECTS,NOT ON SCENE (DESK REPORT),NO INJURY / DRIVE AWAY,,"OVER $1,500",10/03/2024 06:30:00 PM,IMPROPER TURNING/NO SIGNAL,IMPROPER LANE USAGE,,2,NO INDICATION OF INJURY,0.0,0.0,0.0,0.0,0.0,5.0,0.0,17,5,10,41.939242385,-87.723961324,POINT (-87.723961323982 41.939242385398),POINT (1150042.8875919632 1921039.042711325),2024,3900 W BELMONT AVE
O1817400,DRIVER,03840d699020b4888beeba5ce7d6feaef186e82de3586024a3d08e1cfaa2bc56b44852eebdba093958e5e51dc6b55eb32eb34a3d74f53fec0d32484c7ef4f3d3,1731055.0,M,22.0,"DEPLOYED, FRONT",NONE,NO INDICATION OF INJURY,DISREGARDED CONTROL DEVICES,NOT OBSCURED,NORMAL,,,,,2024-05-12 22:54:00,30,CLEAR,DAYLIGHT,TURNING,FOUR WAY,DRY,NO DEFECTS,ON SCENE,INJURY AND / OR TOW DUE TO CRASH,,"OVER $1,500",05/12/2024 11:37:00 PM,IMPROPER TURNING/NO SIGNAL,UNABLE TO DETERMINE,,2,NONINCAPACITATING INJURY,2.0,0.0,0.0,2.0,0.0,2.0,0.0,22,1,5,41.851774307,-87.71470452,POINT (-87.714704520136 41.851774307002),POINT (1152791.2292762597 1889183.7569397443),2024,3558 W CERMAK RD
O1927155,DRIVER,a0271e9068453b3efec8eb58f7b04677dbd6ec8b90881554869a3477e047f3196f9363a9116cb67c56a9944adc3c95bf500958d3b3c03a64afdd77d236785479,1835952.0,X,,DEPLOYMENT UNKNOWN,NONE,NO INDICATION OF INJURY,UNKNOWN,UNKNOWN,UNKNOWN,,,,,2024-10-13 17:25:00,35,CLEAR,"DARKNESS, LIGHTED ROAD",PARKED MOTOR VEHICLE,DIVIDED - W/MEDIAN BARRIER,DRY,NO DEFECTS,ON SCENE,NO INJURY / DRIVE AWAY,Y,"OVER $1,500",10/13/2024 05:31:00 PM,UNABLE TO DETERMINE,NOT APPLICABLE,,2,NO INDICATION OF INJURY,0.0,0.0,0.0,0.0,0.0,2.0,0.0,17,1,10,41.908115374,-87.667763834,POINT (-87.667763833503 41.908115373937),POINT (1165420.7459042578 1909810.007615621),2024,1436 N ASHLAND AVE
O1839115,DRIVER,68014e254ede8e2f0dbe420dc56bfcd57509d5acafab1774c337f7af6584b28a5c63b35ff2ce6a188aaa9ca9bf6bce36b0e7e617b0abf7c562da010e28f0e546,1751905.0,M,44.0,DID NOT DEPLOY,NONE,NO INDICATION OF INJURY,OTHER,NOT OBSCURED,UNKNOWN,,,,,2024-06-07 15:20:00,10,CLEAR,DAYLIGHT,REAR TO SIDE,PARKING LOT,DRY,NO DEFECTS,NOT ON SCENE (DESK REPORT),NO INJURY / DRIVE AWAY,,"$501 - $1,500",06/10/2024 12:05:00 PM,FAILING TO REDUCE SPEED TO AVOID CRASH,FAILING TO YIELD RIGHT-OF-WAY,,2,NO INDICATION OF INJURY,0.0,0.0,0.0,0.0,0.0,2.0,0.0,15,6,6,41.736601558,-87.6049681,POINT (-87.604968100168 41.736601558476),POINT (1183043.924575401 1847449.980074198),2024,8700 S COTTAGE GROVE AVE
O1870185,DRIVER,1ee41eeab6e7ae0e8995ae0fccec0c328fa014c38fb883f712ef4f23d45ce1df0bdb52000e0428aaffe72bed9a2da92b19aa5e4be0acb4f77d80275922ac3c88,1781642.0,M,42.0,NOT APPLICABLE,NONE,NO INDICATION OF INJURY,NONE,NOT OBSCURED,NORMAL,,,,,2024-07-22 21:30:00,10,CLEAR,"DARKNESS, LIGHTED ROAD",REAR END,PARKING LOT,DRY,NO DEFECTS,NOT ON SCENE (DESK REPORT),NO INJURY / DRIVE AWAY,,"$501 - $1,500",07/24/2024 07:05:00 PM,IMPROPER OVERTAKING/PASSING,NOT APPLICABLE,,2,NO INDICATION OF INJURY,0.0,0.0,0.0,0.0,0.0,2.0,0.0,21,2,7,41.842093855,-87.609670112,POINT (-87.609670111521 41.842093855282),POINT (1181437.0253345303 1885879.8841855945),2024,2900 S FORT DEARBORN
O1830634,DRIVER,6329f50c826261b31812f003a9c0e0d2d7816d964745491cdc258c6477a980675f8c5a2c3e281f8c245262c1377279194f1fbaf1b105f455d8993ad6b6de4763,1743767.0,F,21.0,NOT APPLICABLE,NONE,NO INDICATION OF INJURY,NONE,UNKNOWN,NORMAL,,,,,2024-05-29 12:47:00,35,CLEAR,DAYLIGHT,SIDESWIPE SAME DIRECTION,T-INTERSECTION,DRY,NO DEFECTS,,NO INJURY / DRIVE AWAY,Y,"OVER $1,500",05/29/2024 01:28:00 PM,IMPROPER OVERTAKING/PASSING,NOT APPLICABLE,,2,NO INDICATION OF INJURY,0.0,0.0,0.0,0.0,0.0,3.0,0.0,12,4,5,41.720968497,-87.673725339,POINT (-87.673725339487 41.720968496527),POINT (1164321.4493950661 1841602.1347413647),2024,9500 S SEELEY AVE
O1800400,DRIVER,5432474f0d2cf166cd29788f19d7645b00a3a404292570f179c4cac2fb1b617abae6cc820f08f0a075933ea1ad0c726991eae59634c542b48a4ad981b9ba9d16,1714672.0,F,53.0,"DEPLOYED, FRONT",NONE,"REPORTED, NOT EVIDENT",OTHER,NOT OBSCURED,NORMAL,,,,,2024-04-18 16:30:00,30,CLOUDY/OVERCAST,DAYLIGHT,ANGLE,FOUR WAY,DRY,NO DEFECTS,NOT ON SCENE (DESK REPORT),INJURY AND / OR TOW DUE TO CRASH,,"OVER $1,500",04/18/2024 05:20:00 PM,DISREGARDING TRAFFIC SIGNALS,UNABLE TO DETERMINE,,2,"REPORTED, NOT EVIDENT",2.0,0.0,0.0,0.0,2.0,0.0,0.0,16,5,4,41.684708763,-87.662855758,POINT (-87.662855757575 41.684708762863),POINT (1167391.700285361 1828412.4524866107),2024,11500 S MARSHFIELD AVE
P404089,PASSENGER,a8484296d57163656087c2514c5975b5f1fc0a760179d0d7b7186cbc7536845704a5f390113e18a4a5221a18dda13bc039e82734c8a37e93d4025d63bf5b80fb,1741273.0,M,,DID NOT DEPLOY,NONE,NO INDICATION OF INJURY,,,,,,,,2024-05-26 20:15:00,15,CLEAR,DUSK,PARKED MOTOR VEHICLE,PARKING LOT,DRY,NO DEFECTS,ON SCENE,NO INJURY / DRIVE AWAY,,$500 OR LESS,05/26/2024 08:21:00 PM,UNABLE TO DETERMINE,UNABLE TO DETERMINE,,2,NO INDICATION OF INJURY,0.0,0.0,0.0,0.0,0.0,4.0,0.0,20,1,5,41.990729218,-87.682979454,POINT (-87.682979453599 41.990729217961),POINT (1161050.5354881897 1939882.981762513),2024,2112 W PETERSON AVE
O1910772,DRIVER,b6d3ca3eae3b458224f59be5783f97fca616205f9fdbc11346a87ba70af32ff7d5a262ee10d677853dd2cee5ff2d27fcbdb72d00d42ec08a7c85a39847b7bf0d,1820332.0,F,42.0,DID NOT DEPLOY,NONE,NO INDICATION OF INJURY,FOLLOWED TOO CLOSELY,NOT OBSCURED,NORMAL,,,,,2024-09-19 18:25:00,35,CLEAR,DAYLIGHT,REAR END,NOT DIVIDED,DRY,NO DEFECTS,NOT ON SCENE (DESK REPORT),NO INJURY / DRIVE AWAY,,"OVER $1,500",09/20/2024 10:35:00 AM,FOLLOWING TOO CLOSELY,FAILING TO REDUCE SPEED TO AVOID CRASH,,2,NO INDICATION OF INJURY,0.0,0.0,0.0,0.0,0.0,2.0,0.0,18,5,9,41.953106524,-87.764410805,POINT (-87.76441080542 41.953106523689),POINT (1139004.1538116948 1926015.5337736593),2024,5499 W IRVING PARK RD
P424454,PASSENGER,28f6af2dc9a6a5e451e8c8960e116b47b1afbc291f08396b15018e8364966c127d50e80acbff4959271ea6a66303897784877b76c2a8be98d920ff1f1e2bd983,1827854.0,F,28.0,NOT APPLICABLE,NONE,NONINCAPACITATING INJURY,,,,,,,,2024-10-01 10:38:00,30,CLEAR,DAYLIGHT,ANGLE,UNKNOWN,DRY,NO DEFECTS,ON SCENE,INJURY AND / OR TOW DUE TO CRASH,,"OVER $1,500",10/01/2024 10:38:00 AM,DISREGARDING STOP SIGN,UNABLE TO DETERMINE,,3,NONINCAPACITATING INJURY,7.0,0.0,0.0,7.0,0.0,0.0,0.0,10,3,10,41.814668629,-87.621503531,POINT (-87.621503530892 41.81466862942),POINT (1178295.3889787756 1875859.2934535814),2024,4400 S INDIANA AVE
O1935143,PEDESTRIAN,6a6bff732434704c54fc6c00eba9757989b162cc9c44bdb3f8b667d40e435a2c3156cdfafc84472901657301a4bc6a3be17866b94f1d4e1251723d79ee4e2f71,,M,52.0,,,NONINCAPACITATING INJURY,UNKNOWN,UNKNOWN,UNKNOWN,CROSSING - NO CONTROLS (NOT AT INTERSECTION),NO CONTRASTING CLOTHING,IN ROADWAY,,2024-10-24 21:50:00,30,CLEAR,"DARKNESS, LIGHTED ROAD",PEDESTRIAN,NOT DIVIDED,DRY,NO DEFECTS,ON SCENE,INJURY AND / OR TOW DUE TO CRASH,Y,"OVER $1,500",10/24/2024 09:52:00 PM,UNABLE TO DETERMINE,UNABLE TO DETERMINE,,2,NONINCAPACITATING INJURY,1.0,0.0,0.0,1.0,0.0,1.0,0.0,21,5,10,41.890666476,-87.765379227,POINT (-87.765379226714 41.890666476157),POINT (1138891.4253390627 1903260.5831663967),2024,546 N CENTRAL AVE
O1751336,DRIVER,5db274cce38c4936726bc2e9f155f00680d5a0e05361b909c2dfa817684f06ba0a4ff87a2b6bd9f540e17a32143825fd68c49dfa685c1c05354f8e18fab62f43,1667450.0,F,58.0,NOT APPLICABLE,NONE,NO INDICATION OF INJURY,FAILED TO YIELD,NOT OBSCURED,NORMAL,,,,,2024-01-31 18:00:00,30,CLEAR,"DARKNESS, LIGHTED ROAD",SIDESWIPE SAME DIRECTION,NOT DIVIDED,DRY,NO DEFECTS,ON SCENE,INJURY AND / OR TOW DUE TO CRASH,,"OVER $1,500",01/31/2024 06:00:00 PM,FAILING TO YIELD RIGHT-OF-WAY,NOT APPLICABLE,,2,NO INDICATION OF INJURY,0.0,0.0,0.0,0.0,0.0,2.0,0.0,18,4,1,41.746368677,-87.653774712,POINT (-87.653774711866 41.746368677421),POINT (1169694.8757092217 1850900.0637672357),2024,8114 S RACINE AVE
O1745524,DRIVER,cd58946345f57b3092e9d29302a6019f03146297e15fa71b79258a49ce78d95f081b375ed0f2d1e12992c93ab0460c1ece1c732e9746806a650cb06b82d29d37,1661897.0,M,62.0,NOT APPLICABLE,NONE,NO INDICATION OF INJURY,FAILED TO YIELD,UNKNOWN,NORMAL,,,,,2024-01-22 09:00:00,30,CLEAR,DAYLIGHT,TURNING,T-INTERSECTION,DRY,NO DEFECTS,NOT ON SCENE (DESK REPORT),NO INJURY / DRIVE AWAY,,"OVER $1,500",01/22/2024 11:00:00 AM,FAILING TO YIELD RIGHT-OF-WAY,NOT APPLICABLE,,2,NO INDICATION OF INJURY,0.0,0.0,0.0,0.0,0.0,2.0,0.0,9,2,1,41.891204605,-87.754762658,POINT (-87.754762658417 41.891204605457),POINT (1141780.7721666694 1903475.9891379427),2024,5145 W OHIO ST
O1866244,DRIVER,5dfaeba4098fa6fc525683283356bdd9d8f04713e9130c3c078160131591446cd42a595da484ea03e2433c859b70af7169ab0db39b3df4c0279937855dbd4019,1777830.0,F,,DEPLOYMENT UNKNOWN,NONE,NO INDICATION OF INJURY,OTHER,UNKNOWN,UNKNOWN,,,,,2024-07-12 16:30:00,30,UNKNOWN,DAYLIGHT,SIDESWIPE SAME DIRECTION,ONE-WAY,UNKNOWN,UNKNOWN,NOT ON SCENE (DESK REPORT),NO INJURY / DRIVE AWAY,,"OVER $1,500",07/18/2024 06:40:00 PM,UNABLE TO DETERMINE,NOT APPLICABLE,,2,NO INDICATION OF INJURY,0.0,0.0,0.0,0.0,0.0,4.0,0.0,16,6,7,41.906158874,-87.68942284,POINT (-87.689422839904 41.906158874437),POINT (1159530.399783929 1909052.0558523494),2024,1345 N CAMPBELL AVE