PERSON_ID,PERSON_TYPE,CRASH_RECORD_ID,VEHICLE_ID,SEX,AGE,AIRBAG_DEPLOYED,EJECTION,INJURY_CLASSIFICATION,DRIVER_ACTION,DRIVER_VISION,PHYSICAL_CONDITION,PEDPEDAL_ACTION,PEDPEDAL_VISIBILITY,PEDPEDAL_LOCATION,CRASH_DATE_EST_I,CRASH_DATE,POSTED_SPEED_LIMIT,WEATHER_CONDITION,LIGHTING_CONDITION,FIRST_CRASH_TYPE,TRAFFICWAY_TYPE,ROADWAY_SURFACE_COND,ROAD_DEFECT,REPORT_TYPE,CRASH_TYPE,HIT_AND_RUN_I,DAMAGE,DATE_POLICE_NOTIFIED,PRIM_CONTRIBUTORY_CAUSE,SEC_CONTRIBUTORY_CAUSE,DOORING_I,NUM_UNITS,MOST_SEVERE_INJURY,INJURIES_TOTAL,INJURIES_FATAL,INJURIES_INCAPACITATING,INJURIES_NON_INCAPACITATING,INJURIES_REPORTED_NOT_EVIDENT,INJURIES_NO_INDICATION,INJURIES_UNKNOWN,CRASH_HOUR,CRASH_DAY_OF_WEEK,CRASH_MONTH,LATITUDE,LONGITUDE,LOCATION,geometry,YEAR,ADDRESS
P411358,PASSENGER,eeb84fbdec68b8e43ba6b27034cf582aaffa980873066bee1d84d341bf43ec1db6f69035233d25bd25e4ec4e4ee6401ea742449e7fafe6b89ac2cdd5ef094802,1771248.0,F,,DID NOT DEPLOY,NONE,NO INDICATION OF INJURY,,,,,,,,2024-07-08 17:50:00,35,CLEAR,DAYLIGHT,PEDALCYCLIST,NOT DIVIDED,DRY,NO DEFECTS,NOT ON SCENE (DESK REPORT),NO INJURY / DRIVE AWAY,,"OVER $1,500",07/08/2024 07:45:00 PM,FAILING TO YIELD RIGHT-OF-WAY,NOT APPLICABLE,,2,NO INDICATION OF INJURY,0.0,0.0,0.0,0.0,0.0,3.0,0.0,17,2,7,41.754458762,-87.741465772,POINT (-87.741465772468 41.754458762491),POINT (1145744.462166326 1853671.2170774876),2024,4758 W 76TH ST
O1832961,DRIVER,f1dfc8e7bcbf9ad713c06e2ed3ea4574b62e68d4dcb53862d0ff78188d66201c2cf1eeec274d85f020a5a71f80a865d331d2ccfda040a05fa439ea6741a12f64,1746018.0,F,23.0,NOT APPLICABLE,NONE,NO INDICATION OF INJURY,UNKNOWN,UNKNOWN,UNKNOWN,,,,,2024-06-01 14:40:00,30,UNKNOWN,UNKNOWN,REAR END,UNKNOWN,UNKNOWN,UNKNOWN,NOT ON SCENE (DESK REPORT),NO INJURY / DRIVE AWAY,,"OVER $1,500",06/02/2024 01:25:00 PM,UNABLE TO DETERMINE,NOT APPLICABLE,,2,NO INDICATION OF INJURY,0.0,0.0,0.0,0.0,0.0,5.0,0.0,14,7,6,41.939320311,-87.702576536,POINT (-87.702576535864 41.939320310684),POINT (1155860.8997393218 1921109.523190161),2024,3159 N SACRAMENTO AVE
O1825086,DRIVER,b8e208f7b9fe804a7c92f77a3c1a9cc5332f8a87c93120ba2957dc8897ed944c1ce2f9961d8da57c133455ff469ca37a2a49009aafa7bcfded6a4cf48267aa0f,1738459.0,M,33.0,DEPLOYMENT UNKNOWN,UNKNOWN,NO INDICATION OF INJURY,UNKNOWN,UNKNOWN,UNKNOWN,,,,,2024-05-22 11:16:00,10,UNKNOWN,UNKNOWN,REAR TO REAR,ALLEY,UNKNOWN,UNKNOWN,NOT ON SCENE (DESK REPORT),NO INJURY / DRIVE AWAY,,"OVER $1,500",05/22/2024 07:00:00 PM,DRIVING SKILLS/KNOWLEDGE/EXPERIENCE,UNABLE TO DETERMINE,,2,NO INDICATION OF INJURY,0.0,0.0,0.0,0.0,0.0,4.0,0.0,11,4,5,41.995524954,-87.67117467,POINT (-87.67117467025 41.99552495392),POINT (1164246.201222822 1941655.1687944925),2024,1623 W THOME AVE
P416812,PASSENGER,c6db410af82473eb2174c3861ddc21916b13f51b81d16a4a024e3527e780cfe059dba7773799f121981b800bc2f7610276fc4f246a03f49f32b25487cb58f584,1794825.0,F,30.0,"DEPLOYED, FRONT",NONE,INCAPACITATING INJURY,,,,,,,,2024-08-14 00:54:00,35,CLEAR,"DARKNESS, LIGHTED ROAD",ANGLE,FOUR WAY,DRY,NO DEFECTS,ON SCENE,INJURY AND / OR TOW DUE TO CRASH,,"OVER $1,500",08/14/2024 12:54:00 AM,FAILING TO YIELD RIGHT-OF-WAY,FAILING TO YIELD RIGHT-OF-WAY,,2,INCAPACITATING INJURY,4.0,0.0,1.0,1.0,2.0,0.0,0.0,0,4,8,41.775070395,-87.605749878,POINT (-87.605749878067 41.775070395026),POINT (1182711.9996246386 1861465.898212516),2024,800 E MARQUETTE RD
O1876512,DRIVER,9d341a8b324880cef50730d6eda4274de8c97de26f3f71ddeac5a8ce529aafbcec22c96ec4798666a3c07274f83c3c0429164e48f5b68067c1061c75e79f57cf,1787655.0,M,24.0,DEPLOYMENT UNKNOWN,UNKNOWN,NO INDICATION OF INJURY,UNKNOWN,UNKNOWN,EMOTIONAL,,,,,2024-08-02 19:00:00,30,CLEAR,DAYLIGHT,SIDESWIPE SAME DIRECTION,NOT DIVIDED,UNKNOWN,UNKNOWN,NOT ON SCENE (DESK REPORT),NO INJURY / DRIVE AWAY,,"OVER $1,500",08/02/2024 07:30:00 PM,UNABLE TO DETERMINE,UNABLE TO DETERMINE,,2,NO INDICATION OF INJURY,0.0,0.0,0.0,0.0,0.0,2.0,0.0,19,6,8,41.885618711,-87.634046892,POINT (-87.634046891671 41.885618710856),POINT (1174665.5022581012 1901685.2372034849),2024,203 W LAKE ST
O1770754,DRIVER,5c8114493e8f4fc00f3a051ab7e212035898cf4f0ec5d93b394e8f12edb11aa14f8fcdbca3f47c7b6c1988233592035f8b7829f19fed835d613f4b0aa307e94d,1686199.0,F,23.0,DID NOT DEPLOY,NONE,NO INDICATION OF INJURY,NONE,NOT OBSCURED,NORMAL,,,,,2024-03-04 14:18:00,25,CLEAR,DAYLIGHT,SIDESWIPE SAME DIRECTION,NOT DIVIDED,DRY,NO DEFECTS,NOT ON SCENE (DESK REPORT),NO INJURY / DRIVE AWAY,,"$501 - $1,500",03/04/2024 04:44:00 PM,NOT APPLICABLE,NOT APPLICABLE,,2,NO INDICATION OF INJURY,0.0,0.0,0.0,0.0,0.0,2.0,0.0,14,2,3,42.002449847,-87.690151945,POINT (-87.690151945048 42.002449846517),POINT (1159068.5836700413 1944139.3238168387),2024,6640 N WESTERN AVE
O1736311,DRIVER,800263b25170a9fe37179f2150adb347e6f2646dcd267b86c0fc7951230faa78ad66eadb5dd1121950146f37f21203ed55d77f7e9c73cce74184b629dd51e908,1653004.0,M,,DEPLOYMENT UNKNOWN,NONE,NO INDICATION OF INJURY,UNKNOWN,UNKNOWN,UNKNOWN,,,,,2024-01-06 16:33:00,30,UNKNOWN,DAYLIGHT,PARKED MOTOR VEHICLE,NOT DIVIDED,DRY,NO DEFECTS,NOT ON SCENE (DESK REPORT),NO INJURY / DRIVE AWAY,Y,"OVER $1,500",01/06/2024 05:00:00 PM,IMPROPER LANE USAGE,UNABLE TO DETERMINE,,2,NO INDICATION OF INJURY,0.0,0.0,0.0,0.0,0.0,2.0,0.0,16,7,1,41.921379423,-87.779455863,POINT (-87.779455862596 41.921379422833),POINT (1134986.3891993805 1914427.3170973402),2024,6134 W GRAND AVE
O1867490,DRIVER,fa234f77658026584ce1d78ce894e0d4884c5caf379abaf4eac3ef69a52b216b11cc084c8e7d9bec659292ee30f6799970158857cd03cdc58b865342223276d1,1779043.0,M,33.0,"DEPLOYED, COMBINATION",NONE,NO INDICATION OF INJURY,NONE,NOT OBSCURED,NORMAL,,,,,2024-07-20 16:28:00,30,CLEAR,DAYLIGHT,ANGLE,NOT DIVIDED,DRY,NO DEFECTS,ON SCENE,INJURY AND / OR TOW DUE TO CRASH,,"OVER $1,500",07/20/2024 04:29:00 PM,"VISION OBSCURED (SIGNS, TREE LIMBS, BUILDINGS, ETC.)",NOT APPLICABLE,,2,NO INDICATION OF INJURY,0.0,0.0,0.0,0.0,0.0,4.0,0.0,16,7,7,41.884325626,-87.703864152,POINT (-87.703864151691 41.884325626424),POINT (1155657.6489929408 1901066.851361363),2024,3100 W LAKE ST
O1899387,DRIVER,2d34e303f4874e18a6023c380d4bed0bd5b5e19ed00826c783b57262956cd4c28033936c28aaeeee14c9640cdd2998eab2e02eba9d904b67bbd4314dad555f79,1809473.0,F,33.0,NOT APPLICABLE,NONE,NO INDICATION OF INJURY,NONE,NOT OBSCURED,NORMAL,,,,,2024-09-04 17:00:00,30,CLEAR,DAYLIGHT,TURNING,NOT DIVIDED,DRY,UNKNOWN,NOT ON SCENE (DESK REPORT),NO INJURY / DRIVE AWAY,,"OVER $1,500",09/04/2024 05:45:00 PM,UNABLE TO DETERMINE,NOT APPLICABLE,,2,NO INDICATION OF INJURY,0.0,0.0,0.0,0.0,0.0,2.0,0.0,17,4,9,41.855924843,-87.66623983,POINT (-87.666239830496 41.855924842836),POINT (1165983.4198054092 1890795.0507876866),2024,1900 S ASHLAND AVE
O1935405,DRIVER,fb0859bc9cd134a337dc09a7fa77fc9588d69aa5a16c785e8c4475dd89a3f37568e91bf181bfd040b6c7e71f17625737f3507d65ddc69265c8f381d74ea0a809,1843794.0,M,58.0,DID NOT DEPLOY,NONE,NO INDICATION OF INJURY,FAILED TO YIELD,UNKNOWN,UNKNOWN,,,,,2024-10-25 09:54:00,30,CLEAR,DAYLIGHT,TURNING,NOT DIVIDED,UNKNOWN,UNKNOWN,NOT ON SCENE (DESK REPORT),NO INJURY / DRIVE AWAY,,"OVER $1,500",10/25/2024 11:30:00 AM,FAILING TO YIELD RIGHT-OF-WAY,NOT APPLICABLE,,2,NO INDICATION OF INJURY,0.0,0.0,0.0,0.0,0.0,2.0,0.0,9,6,10,41.895796512,-87.6773228,POINT (-87.67732279972 41.895796512442),POINT (1162853.0709230667 1905300.9670825012),2024,2005 W CHICAGO AVE
O1850352,DRIVER,5a30e936ae6e3e85a123c0dd32a7f452762db7a73dcd6c108be5df821eb4298c840b0d046b066f63dd34154a068cd33edfd5f8dd252985f10c49c7997ac7018a,1762649.0,M,58.0,DID NOT DEPLOY,NONE,NO INDICATION OF INJURY,IMPROPER BACKING,NOT OBSCURED,NORMAL,,,,,2024-06-25 15:22:00,15,CLEAR,DAYLIGHT,FIXED OBJECT,ALLEY,UNKNOWN,NO DEFECTS,ON SCENE,NO INJURY / DRIVE AWAY,,"OVER $1,500",06/25/2024 03:23:00 PM,UNABLE TO DETERMINE,IMPROPER LANE USAGE,,1,NO INDICATION OF INJURY,0.0,0.0,0.0,0.0,0.0,1.0,0.0,15,3,6,41.746563108,-87.668052482,POINT (-87.668052482211 41.746563107785),POINT (1165798.0441725403 1850940.464633775),2024,8101 S WOOD ST
O1939161,DRIVER,a66b1d2cd2f5fad49e14d24cbf7620f7c6ee4ac2ff6ab13c87e3125ae785d5dad65fa4e6232e02ac948094f971cf5f4a40b79755781e04b77cb82f394c02da21,1847406.0,F,29.0,NOT APPLICABLE,NONE,NO INDICATION OF INJURY,NONE,NOT OBSCURED,NORMAL,,,,,2024-10-14 16:50:00,30,CLEAR,DAYLIGHT,REAR END,NOT DIVIDED,DRY,NO DEFECTS,,NO INJURY / DRIVE AWAY,,$500 OR LESS,10/14/2024 05:50:00 PM,FOLLOWING TOO CLOSELY,FAILING TO REDUCE SPEED TO AVOID CRASH,,2,NO INDICATION OF INJURY,0.0,0.0,0.0,0.0,0.0,2.0,0.0,16,2,10,41.830656752,-87.661861462,POINT (-87.661861462134 41.830656752191),POINT (1167248.193964954 1881596.7408252682),2024,1430 W 35TH ST
O1779874,DRIVER,d61118b5b953312d877ebebc4a4d16685f769e25fd703ec8554afd60db5b5de67aaa70103f3a72b0e041647eb4958011e04e776aa2e9614da6f9837b10afad4f,1694912.0,X,,DEPLOYMENT UNKNOWN,NONE,NO INDICATION OF INJURY,IMPROPER PASSING,UNKNOWN,UNKNOWN,,,,,2024-03-18 08:30:00,30,CLEAR,DAYLIGHT,TURNING,DIVIDED - W/MEDIAN (NOT RAISED),DRY,NO DEFECTS,ON SCENE,NO INJURY / DRIVE AWAY,Y,"OVER $1,500",03/18/2024 08:31:00 AM,IMPROPER OVERTAKING/PASSING,NOT APPLICABLE,,2,NO INDICATION OF INJURY,0.0,0.0,0.0,0.0,0.0,2.0,0.0,8,2,3,41.84612636,-87.714985056,POINT (-87.714985055995 41.846126360079),POINT (1152729.6181718172 1887125.1139376033),2024,2500 S CENTRAL PARK AVE
P429170,PASSENGER,79e82cf17a7f4718b7f35f30ad6edfbc27651c7f60d87e534314561e822f2bff3136b2bc9c946d1d500914c5f65a8359347310cf3229fad2a77984e45d417e9a,1848300.0,,,DEPLOYMENT UNKNOWN,UNKNOWN,NO INDICATION OF INJURY,,,,,,,,2024-10-31 19:13:00,30,CLEAR,"DARKNESS, LIGHTED ROAD",SIDESWIPE SAME DIRECTION,DIVIDED - W/MEDIAN (NOT RAISED),DRY,NO DEFECTS,ON SCENE,NO INJURY / DRIVE AWAY,Y,"OVER $1,500",10/31/2024 07:19:00 PM,IMPROPER OVERTAKING/PASSING,NOT APPLICABLE,,2,NO INDICATION OF INJURY,0.0,0.0,0.0,0.0,0.0,3.0,0.0,19,5,10,41.750833411,-87.638303936,POINT (-87.638303935545 41.750833411027),POINT (1173903.580637381 1852560.6937931925),2024,536 W 79TH ST
O1748060,DRIVER,b7b1d44dc3de3fb876ee275e6ab17c1dcde19cc9feec76a6dec8d9e3cc509a676c213a57191e15e1dd6d2cb66253aeba896b0da26dfdf736f45f20e92c6ebd84,1664307.0,M,56.0,NOT APPLICABLE,NONE,NO INDICATION OF INJURY,NONE,NOT OBSCURED,NORMAL,,,,,2024-01-26 03:10:00,30,RAIN,"DARKNESS, LIGHTED ROAD",TURNING,NOT DIVIDED,WET,NO DEFECTS,ON SCENE,NO INJURY / DRIVE AWAY,,"OVER $1,500",01/26/2024 03:10:00 AM,DISREGARDING STOP SIGN,NOT APPLICABLE,,2,NO INDICATION OF INJURY,0.0,0.0,0.0,0.0,0.0,2.0,0.0,3,6,1,41.708032836,-87.563448363,POINT (-87.56344836316 41.708032836311),POINT (1194469.151438073 1837138.4640431511),2024,10300 S BENSLEY AVE
P421699,PASSENGER,db313e243523746c64468368f193b2b6b255b29f25663ee8a18c551616d76b3461e9c44c8267174c61efc7952843458a546a5a21d8bd9d90f2edc7e05081a5c6,1815742.0,X,,NOT APPLICABLE,NONE,NO INDICATION OF INJURY,,,,,,,,2024-09-13 21:05:00,30,CLEAR,"DARKNESS, LIGHTED ROAD",SIDESWIPE SAME DIRECTION,DIVIDED - W/MEDIAN BARRIER,DRY,NO DEFECTS,NOT ON SCENE (DESK REPORT),INJURY AND / OR TOW DUE TO CRASH,,"OVER $1,500",09/13/2024 10:55:00 PM,IMPROPER OVERTAKING/PASSING,NOT APPLICABLE,,3,NO INDICATION OF INJURY,0.0,0.0,0.0,0.0,0.0,8.0,0.0,21,6,9,41.893510664,-87.614787741,POINT (-87.614787741102 41.893510664335),POINT (1179885.711307215 1904604.388539449),2024,626 N LAKE SHORE DR SB
O1838632,DRIVER,ee30c822fdd35f7a2b917a27e531c33da41ab06e660fb906ad7a5430e7793c37e49d89bfc307adf5b6de504cfc634e3e971592f58559180f772d96054bcdbddf,1751440.0,F,,DEPLOYMENT UNKNOWN,NONE,NO INDICATION OF INJURY,IMPROPER BACKING,UNKNOWN,UNKNOWN,,,,,2024-06-09 16:30:00,5,CLEAR,DAYLIGHT,ANGLE,PARKING LOT,DRY,UNKNOWN,NOT ON SCENE (DESK REPORT),NO INJURY / DRIVE AWAY,Y,"OVER $1,500",06/09/2024 05:14:00 PM,IMPROPER BACKING,UNABLE TO DETERMINE,,2,NO INDICATION OF INJURY,0.0,0.0,0.0,0.0,0.0,3.0,0.0,16,1,6,41.773139371,-87.624991399,POINT (-87.624991399138 41.773139371058),POINT (1177469.2794098319 1860718.4297314533),2024,6661 S STATE ST
O1881105,DRIVER,539a2a917b45661529735a30bbe4a4589ab1e08e73b0ef24e3ce6a494e5528c1bb13c729e3735e62ee684bc3e9c7d287203a9551b61f487afee1aaf6069db189,1792037.0,M,57.0,NOT APPLICABLE,NONE,NO INDICATION OF INJURY,NONE,NOT OBSCURED,NORMAL,,,,,2024-08-09 17:02:00,30,CLEAR,DAYLIGHT,REAR END,NOT DIVIDED,WET,NO DEFECTS,NOT ON SCENE (DESK REPORT),NO INJURY / DRIVE AWAY,Y,"OVER $1,500",08/09/2024 05:12:00 PM,FOLLOWING TOO CLOSELY,FOLLOWING TOO CLOSELY,,2,NO INDICATION OF INJURY,0.0,0.0,0.0,0.0,0.0,2.0,0.0,17,6,8,41.801536335,-87.656840063,POINT (-87.656840063341 41.801536334833),POINT (1168700.2365173155 1870996.1437251004),2024,1244 W 51ST ST
O1807364,DRIVER,7bbc8d8a6f9a2eac2dc72c68df199477c5cb0b607bada307f94fc5b0f5d98894bcecee5ea5dd60721aec9c1c6e819c4dd7011f17d8d78775d8ce2bb665925e45,1721451.0,F,33.0,DID NOT DEPLOY,NONE,NO INDICATION OF INJURY,IMPROPER BACKING,UNKNOWN,NORMAL,,,,,2024-04-29 10:28:00,30,CLEAR,DAYLIGHT,REAR TO SIDE,ALLEY,DRY,UNKNOWN,ON SCENE,NO INJURY / DRIVE AWAY,,$500 OR LESS,04/29/2024 10:52:00 AM,IMPROPER BACKING,NOT APPLICABLE,,2,NO INDICATION OF INJURY,0.0,0.0,0.0,0.0,0.0,2.0,0.0,10,2,4,41.87643703,-87.76390679,POINT (-87.763906789685 41.876437030362),POINT (1139326.7441216442 1898078.053054309),2024,5557 W JACKSON BLVD
O1909028,DRIVER,48e64bbeaf8c545fb3ae1586463246ef0ced337de462c7664cb8ec4facdf47daa14ffc840fd97e28b2f13a2ddab6732baa4a0b79dddec092c968a93e95316a23,1818661.0,M,25.0,DID NOT DEPLOY,NONE,NONINCAPACITATING INJURY,EVADING POLICE VEHICLE,UNKNOWN,UNKNOWN,,,,,2024-09-18 03:41:00,30,CLEAR,"DARKNESS, LIGHTED ROAD",FIXED OBJECT,ALLEY,DRY,NO DEFECTS,ON SCENE,INJURY AND / OR TOW DUE TO CRASH,N,"OVER $1,500",09/18/2024 03:41:00 AM,"OPERATING VEHICLE IN ERRATIC, RECKLESS, CARELESS, NEGLIGENT OR AGGRESSIVE MANNER","OPERATING VEHICLE IN ERRATIC, RECKLESS, CARELESS, NEGLIGENT OR AGGRESSIVE MANNER",,1,NONINCAPACITATING INJURY,1.0,0.0,0.0,1.0,0.0,0.0,0.0,3,4,9,41.884715433,-87.732112634,POINT (-87.732112634182 41.884715433336),POINT (1147964.4169087207 1901153.7394918848),2024,4234 W MAYPOLE AVE
O1867505,DRIVER,cdc93bfe11f56224b9b07fca462986b1e404987015244e8803517918ac1b54af56bb1f399cd705491e8df5c048935564a441a1376c133d164c9045e55912826b,1779036.0,F,,DEPLOYMENT UNKNOWN,NONE,NO INDICATION OF INJURY,UNKNOWN,UNKNOWN,UNKNOWN,,,,,2024-07-20 17:00:00,35,CLEAR,DAYLIGHT,TURNING,ONE-WAY,DRY,UNKNOWN,NOT ON SCENE (DESK REPORT),NO INJURY / DRIVE AWAY,,"OVER $1,500",07/20/2024 05:00:00 PM,UNABLE TO DETERMINE,UNABLE TO DETERMINE,,2,NO INDICATION OF INJURY,0.0,0.0,0.0,0.0,0.0,2.0,0.0,17,7,7,41.938429938,-87.766347497,POINT (-87.766347496718 41.938429937864),POINT (1138512.7245530565 1920663.8609448574),2024,3157 N CENTRAL AVE
O1847998,DRIVER,bd7a5833c172ce18d1fa717bad155c193ab246cd5ff427239ab7969ea5400ead85324f91808d8bea3d1eae77657a00b58aa5b516e6716a621a2888a678fd4f6e,1760405.0,M,53.0,DID NOT DEPLOY,NONE,NO INDICATION OF INJURY,IMPROPER BACKING,PARKED VEHICLES,NORMAL,,,,,2024-06-22 13:06:00,30,CLEAR,DAYLIGHT,SIDESWIPE OPPOSITE DIRECTION,DIVIDED - W/MEDIAN (NOT RAISED),DRY,NO DEFECTS,ON SCENE,NO INJURY / DRIVE AWAY,,"OVER $1,500",06/22/2024 01:30:00 PM,IMPROPER BACKING,UNABLE TO DETERMINE,,2,NO INDICATION OF INJURY,0.0,0.0,0.0,0.0,0.0,2.0,0.0,13,7,6,41.94375169,-87.644915824,POINT (-87.644915824017 41.943751690028),POINT (1171535.8417958682 1922845.0382095154),2024,3413 N BROADWAY
O1826624,DRIVER,03d281d3b396a877c6b987216fa1ac3ba8e9e6b2a843d73a0bbb08aa3632b322713e0725e5a7f9c0d8a9f68e421332b7a5d63fc32722d82ef9905f8b0bda84df,1739920.0,M,20.0,NOT APPLICABLE,NONE,NO INDICATION OF INJURY,FAILED TO YIELD,NOT OBSCURED,NORMAL,,,,,2024-05-24 18:05:00,30,CLEAR,DAYLIGHT,TURNING,T-INTERSECTION,DRY,NO DEFECTS,ON SCENE,INJURY AND / OR TOW DUE TO CRASH,,"OVER $1,500",05/24/2024 06:05:00 PM,FAILING TO YIELD RIGHT-OF-WAY,NOT APPLICABLE,,3,NO INDICATION OF INJURY,0.0,0.0,0.0,0.0,0.0,4.0,0.0,18,6,5,41.797478488,-87.723340902,POINT (-87.723340901796 41.797478487528),POINT (1150578.7667296974 1869381.8003111356),2024,4000 W 52ND PL
O1851090,DRIVER,cd300cdfff8e3d6f13877fd90fbe080f40822f22fbfe76d152720385b9ba385de6ae1aa0688eacbe5d03ce24d320c242bfadbbeb6bd5f4640754f34cafddf01a,1763400.0,M,29.0,NOT APPLICABLE,NONE,NO INDICATION OF INJURY,UNKNOWN,UNKNOWN,UNKNOWN,,,,,2024-06-24 18:15:00,25,CLEAR,DAYLIGHT,REAR END,FOUR WAY,UNKNOWN,UNKNOWN,NOT ON SCENE (DESK REPORT),INJURY AND / OR TOW DUE TO CRASH,,"OVER $1,500",06/24/2024 07:00:00 PM,UNABLE TO DETERMINE,UNABLE TO DETERMINE,,3,NO INDICATION OF INJURY,0.0,0.0,0.0,0.0,0.0,3.0,0.0,18,2,6,41.901487633,-87.726121148,POINT (-87.726121147584 41.901487632513),POINT (1149552.6730851848 1907277.0038058138),2024,1121 N PULASKI RD
P403701,PASSENGER,4d45a9273e3b3f63729d9efee28bb449df27b83225e3312776414dd64d4916e84919d8eed3426dfd6c549a353429194250f8de4e6f42bd8efb53219f9a3cdb89,1739868.0,M,0.0,"DEPLOYED, SIDE",NONE,NO INDICATION OF INJURY,,,,,,,,2024-05-24 15:40:00,30,CLEAR,DAYLIGHT,FIXED OBJECT,DIVIDED - W/MEDIAN (NOT RAISED),DRY,NO DEFECTS,ON SCENE,INJURY AND / OR TOW DUE TO CRASH,,"OVER $1,500",05/24/2024 03:46:00 PM,UNABLE TO DETERMINE,UNABLE TO DETERMINE,,1,NO INDICATION OF INJURY,0.0,0.0,0.0,0.0,0.0,3.0,0.0,15,6,5,41.976839019,-87.836466383,POINT (-87.83646638254 41.976839018761),POINT (1119353.9147452065 1934541.8553667895),2024,5343 N CUMBERLAND AVE
P422954,PASSENGER,9c019f876b6d56aa5b7b9b1dabef39f6d00ed5d1e23037578a4006c6072a02ede5eeb3fe286f891fc50670384bb178ad4e57b5e439ea3bef388882fe0153d68e,1821103.0,M,31.0,NOT APPLICABLE,NONE,NO INDICATION OF INJURY,,,,,,,,2024-09-21 10:31:00,30,CLEAR,DAYLIGHT,ANGLE,NOT DIVIDED,DRY,NO DEFECTS,ON SCENE,INJURY AND / OR TOW DUE TO CRASH,,"OVER $1,500",09/21/2024 10:31:00 AM,DISTRACTION - FROM INSIDE VEHICLE,UNABLE TO DETERMINE,,2,"REPORTED, NOT EVIDENT",2.0,0.0,0.0,0.0,2.0,2.0,0.0,10,7,9,41.782267678,-87.644907161,POINT (-87.644907160942 41.782267678124),POINT (1172010.0617763659 1864000.6021828756),2024,800 W 63RD PKWY
O1857590,DRIVER,eb7f332ac7bb5211a3296ee3b9290648d36130dcb80a311f665da2c3a88f6e59d5b2c5e30a555b88c0b33cadb758b7075b37b07b08cc2bfa75aada7a6d3785c8,1769606.0,F,38.0,NOT APPLICABLE,NONE,NO INDICATION OF INJURY,UNKNOWN,NOT OBSCURED,NORMAL,,,,,2024-07-05 21:10:00,30,CLEAR,DAYLIGHT,PARKED MOTOR VEHICLE,PARKING LOT,DRY,NO DEFECTS,NOT ON SCENE (DESK REPORT),NO INJURY / DRIVE AWAY,,$500 OR LESS,07/06/2024 10:40:00 AM,UNABLE TO DETERMINE,UNABLE TO DETERMINE,,2,NO INDICATION OF INJURY,0.0,0.0,0.0,0.0,0.0,1.0,0.0,21,6,7,41.748035968,-87.741156973,POINT (-87.741156972987 41.748035967906),POINT (1145844.8282516662 1851331.3933159183),2024,7953 S CICERO AVE
O1867644,DRIVER,71b1169b13f5e4f505b9a365fc8e7e7f9657750e126930582e0afae361f199e8bda8198f611dc686dd1a715c4117f8b7ada0274844690a9791344cb2187f9f84,1779167.0,F,52.0,NOT APPLICABLE,NONE,NO INDICATION OF INJURY,NONE,UNKNOWN,NORMAL,,,,,2024-07-20 21:45:00,30,CLEAR,"DARKNESS, LIGHTED ROAD",PARKED MOTOR VEHICLE,NOT DIVIDED,DRY,NO DEFECTS,ON SCENE,INJURY AND / OR TOW DUE TO CRASH,,"OVER $1,500",07/20/2024 10:30:00 PM,UNABLE TO DETERMINE,UNABLE TO DETERMINE,,3,NO INDICATION OF INJURY,0.0,0.0,0.0,0.0,0.0,2.0,0.0,21,7,7,41.820334813,-87.606951903,POINT (-87.606951903497 41.820334813122),POINT (1182244.7441812058 1877957.220883309),2024,4100 S COTTAGE GROVE AVE
O1892777,DRIVER,85844d2ba252afa3b800ce796e9fe49d840cf84643aa9f0d25b333e74816bc45db25464302a0249fa5467c4e0669a42c340675bfc58958113363291a1a955a5c,1803156.0,M,,DEPLOYMENT UNKNOWN,NONE,NO INDICATION OF INJURY,UNKNOWN,UNKNOWN,UNKNOWN,,,,,2024-08-24 20:35:00,30,CLEAR,DARKNESS,REAR END,PARKING LOT,DRY,UNKNOWN,NOT ON SCENE (DESK REPORT),NO INJURY / DRIVE AWAY,,$500 OR LESS,08/26/2024 07:37:00 PM,UNABLE TO DETERMINE,NOT APPLICABLE,,2,NO INDICATION OF INJURY,0.0,0.0,0.0,0.0,0.0,2.0,0.0,20,7,8,41.995709603,-87.715794721,POINT (-87.715794721355 41.995709603025),POINT (1152116.4869400533 1941631.824487576),2024,6261 N LINCOLN AVE
O1946538,DRIVER,18d700bafb0b04cecd629a1e75cd6911a96598b974064471b3e503a3e3d63e981a601e100e005e7b743d54380676741f4c2360bfb4bcf914177fac119a41f0ae,1854407.0,M,54.0,NOT APPLICABLE,NONE,NO INDICATION OF INJURY,NONE,NOT OBSCURED,NORMAL,,,,,2024-11-09 21:53:00,30,RAIN,"DARKNESS, LIGHTED ROAD",SIDESWIPE SAME DIRECTION,NOT DIVIDED,WET,UNKNOWN,NOT ON SCENE (DESK REPORT),NO INJURY / DRIVE AWAY,,"OVER $1,500",11/10/2024 11:15:00 AM,IMPROPER OVERTAKING/PASSING,IMPROPER LANE USAGE,,2,NO INDICATION OF INJURY,0.0,0.0,0.0,0.0,0.0,2.0,0.0,21,7,11,41.883351819,-87.670435688,POINT (-87.670435688356 41.883351819447),POINT (1164763.1738890226 1900780.5396354687),2024,103 N HERMITAGE AVE