PERSON_ID,PERSON_TYPE,CRASH_RECORD_ID,VEHICLE_ID,SEX,AGE,AIRBAG_DEPLOYED,EJECTION,INJURY_CLASSIFICATION,DRIVER_ACTION,DRIVER_VISION,PHYSICAL_CONDITION,PEDPEDAL_ACTION,PEDPEDAL_VISIBILITY,PEDPEDAL_LOCATION,CRASH_DATE_EST_I,CRASH_DATE,POSTED_SPEED_LIMIT,WEATHER_CONDITION,LIGHTING_CONDITION,FIRST_CRASH_TYPE,TRAFFICWAY_TYPE,ROADWAY_SURFACE_COND,ROAD_DEFECT,REPORT_TYPE,CRASH_TYPE,HIT_AND_RUN_I,DAMAGE,DATE_POLICE_NOTIFIED,PRIM_CONTRIBUTORY_CAUSE,SEC_CONTRIBUTORY_CAUSE,DOORING_I,NUM_UNITS,MOST_SEVERE_INJURY,INJURIES_TOTAL,INJURIES_FATAL,INJURIES_INCAPACITATING,INJURIES_NON_INCAPACITATING,INJURIES_REPORTED_NOT_EVIDENT,INJURIES_NO_INDICATION,INJURIES_UNKNOWN,CRASH_HOUR,CRASH_DAY_OF_WEEK,CRASH_MONTH,LATITUDE,LONGITUDE,LOCATION,geometry,YEAR,ADDRESS
O1792899,DRIVER,97fe20d6b0d7fdb5bebf827641a819229943a2aee3b54cc0416440ee95308f546066e77a01baf162a16227848782820f3901a482bf6d40268d2c74796e7d1e86,1707510.0,M,30.0,DID NOT DEPLOY,NONE,NO INDICATION OF INJURY,FOLLOWED TOO CLOSELY,UNKNOWN,UNKNOWN,,,,,2024-04-08 00:59:00,30,CLEAR,"DARKNESS, LIGHTED ROAD",REAR END,DIVIDED - W/MEDIAN (NOT RAISED),DRY,NO DEFECTS,NOT ON SCENE (DESK REPORT),NO INJURY / DRIVE AWAY,,"OVER $1,500",04/08/2024 12:59:00 AM,FOLLOWING TOO CLOSELY,UNABLE TO DETERMINE,,2,NO INDICATION OF INJURY,0.0,0.0,0.0,0.0,0.0,2.0,0.0,0,2,4,41.743710966,-87.614881119,POINT (-87.614881119323 41.743710966316),POINT (1180316.7035913162 1850017.8393004537),2024,8300 S DR MARTIN LUTHER KING JR DR
O1943442,PEDESTRIAN,0f78a9210f17ad4d6f0bb9d9b0082fcf38cc4768e93a945e6236ceed97d9a0742515a0bd9fa0fe7cf1e58405217364742d7719b74b850691bc63d133a71b394c,,F,11.0,,,NONINCAPACITATING INJURY,NONE,NOT OBSCURED,NORMAL,CROSSING - NO CONTROLS (NOT AT INTERSECTION),NO CONTRASTING CLOTHING,IN CROSSWALK,,2024-11-05 18:10:00,30,RAIN,DARKNESS,PEDESTRIAN,T-INTERSECTION,WET,NO DEFECTS,ON SCENE,INJURY AND / OR TOW DUE TO CRASH,Y,$500 OR LESS,11/05/2024 06:10:00 PM,DISREGARDING STOP SIGN,NOT APPLICABLE,,2,NONINCAPACITATING INJURY,1.0,0.0,0.0,1.0,0.0,1.0,0.0,18,3,11,41.729997481,-87.55001202,POINT (-87.550012020288 41.729997480882),POINT (1198065.1842224633 1845175.246798593),2024,9100 S HOUSTON AVE
O1891203,DRIVER,fc656216619ddc4ffb03a57404d599bacc04be4484206cb2e52b42d89fc2e280d219ef482b2b9dff44c8969a73839e72f7caa8c7a8aa032c32790066c96e0ed6,1801672.0,F,23.0,DID NOT DEPLOY,NONE,NO INDICATION OF INJURY,NONE,NOT OBSCURED,NORMAL,,,,,2024-08-24 15:55:00,25,CLEAR,DAYLIGHT,TURNING,RAMP,DRY,NO DEFECTS,NOT ON SCENE (DESK REPORT),NO INJURY / DRIVE AWAY,,"$501 - $1,500",08/24/2024 04:30:00 PM,UNABLE TO DETERMINE,UNABLE TO DETERMINE,,2,NO INDICATION OF INJURY,0.0,0.0,0.0,0.0,0.0,2.0,0.0,15,7,8,41.886005833,-87.620828957,POINT (-87.620828956741 41.886005833425),POINT (1178263.5912721332 1901855.9118609994),2024,200 N COLUMBUS DR
P425881,PASSENGER,261a0bb1cf36ba76c8ca10d179e27bddc5905bb95dc7c20f17e9d3e4cfcd18ed5e00b325d6bbdd39387101f22908adebc8fa743a5f0f9ba90f0d81929883769e,1833930.0,M,,NOT APPLICABLE,NONE,NO INDICATION OF INJURY,,,,,,,,2024-10-10 16:45:00,30,CLEAR,DAYLIGHT,SIDESWIPE SAME DIRECTION,NOT DIVIDED,DRY,NO DEFECTS,NOT ON SCENE (DESK REPORT),NO INJURY / DRIVE AWAY,,"$501 - $1,500",10/10/2024 05:01:00 PM,FAILING TO YIELD RIGHT-OF-WAY,FAILING TO YIELD RIGHT-OF-WAY,,2,NO INDICATION OF INJURY,0.0,0.0,0.0,0.0,0.0,6.0,0.0,16,5,10,41.785979319,-87.723109578,POINT (-87.723109578319 41.785979319023),POINT (1150671.5848063284 1865192.0325083344),2024,5858 S PULASKI RD
O1856153,DRIVER,6e6acc49da2d9f9afb4ce83d2d240ba3ffefe5ad34a35cccfada4138c38f997b479b374f9d770e334222c4fd9d3da522cf607e91bc818c1923ba91781f073092,1768235.0,M,22.0,DID NOT DEPLOY,NONE,NO INDICATION OF INJURY,UNKNOWN,NOT OBSCURED,NORMAL,,,,,2024-07-03 21:11:00,30,CLEAR,"DARKNESS, LIGHTED ROAD",ANGLE,FOUR WAY,DRY,NO DEFECTS,ON SCENE,INJURY AND / OR TOW DUE TO CRASH,,"OVER $1,500",07/03/2024 09:12:00 PM,UNABLE TO DETERMINE,NOT APPLICABLE,,2,NO INDICATION OF INJURY,0.0,0.0,0.0,0.0,0.0,2.0,0.0,21,4,7,41.91018141,-87.73624887,POINT (-87.736248870407 41.910181409597),POINT (1146773.5191285056 1910425.6639582787),2024,4400 W GRAND AVE
O1884993,DRIVER,fec31bff8633ef08b77296b9ba023eab9ed34cd56f46db0823ca1f18fabe9d7a53644584586d72f7393944ef38f7f3172067880578462f53ca947e85f7947c4a,1795726.0,M,42.0,NOT APPLICABLE,NONE,NO INDICATION OF INJURY,NONE,NOT OBSCURED,NORMAL,,,,,2024-08-15 09:00:00,30,RAIN,DAYLIGHT,TURNING,NOT DIVIDED,WET,NO DEFECTS,NOT ON SCENE (DESK REPORT),NO INJURY / DRIVE AWAY,,"$501 - $1,500",08/15/2024 02:24:00 PM,UNABLE TO DETERMINE,NOT APPLICABLE,,2,NO INDICATION OF INJURY,0.0,0.0,0.0,0.0,0.0,2.0,0.0,9,5,8,41.99750709,-87.707111909,POINT (-87.707111908822 41.997507090274),POINT (1154471.9691833213 1942303.9805688744),2024,6400 N ALBANY AVE
O1786105,DRIVER,1f4e07a724b2bcd770f68917577491068f506ad14e1b8f65c8bec11bfa59795b704fcaccfe3f544fc6f0ab08e54f3cd72e7f45953fc3881900de0b31d0d30059,1700952.0,M,34.0,"DEPLOYED, FRONT",NONE,NO INDICATION OF INJURY,TOO FAST FOR CONDITIONS,NOT OBSCURED,NORMAL,,,,,2024-03-28 13:13:00,30,CLEAR,DAYLIGHT,ANGLE,FOUR WAY,DRY,NO DEFECTS,ON SCENE,INJURY AND / OR TOW DUE TO CRASH,,"OVER $1,500",03/28/2024 01:13:00 PM,DISREGARDING STOP SIGN,FAILING TO YIELD RIGHT-OF-WAY,,2,"REPORTED, NOT EVIDENT",1.0,0.0,0.0,0.0,1.0,1.0,0.0,13,5,3,41.763549506,-87.627973503,POINT (-87.627973502681 41.763549506114),POINT (1176684.4838087538 1857217.2716087454),2024,7201 S PERRY AVE
O1824224,DRIVER,625676ddf15df5fa1a5697c41b69e2bbc9f5a44f5f2b9afec1d2a03c174fa0628a152a3c31a822ac7d675eb7a0e0e40c83339b6c8fd0d0bbedb207004486b15f,1737643.0,M,,DEPLOYMENT UNKNOWN,NONE,NO INDICATION OF INJURY,NONE,UNKNOWN,UNKNOWN,,,,,2024-05-15 16:16:00,30,CLEAR,DAYLIGHT,REAR END,NOT DIVIDED,DRY,NO DEFECTS,NOT ON SCENE (DESK REPORT),NO INJURY / DRIVE AWAY,,"OVER $1,500",05/21/2024 06:00:00 PM,UNABLE TO DETERMINE,UNABLE TO DETERMINE,,2,NO INDICATION OF INJURY,0.0,0.0,0.0,0.0,0.0,2.0,0.0,16,4,5,42.016047858,-87.80673187,POINT (-87.806731870018 42.016047858065),POINT (1127351.2329150653 1948878.060842037),2024,7422 N HARLEM AVE
O1806293,DRIVER,652f32ad91541bba2332f03981efda346b7cd047f877bf6e545bde58af65c99a564317e6004409837d1450086335d1066018f138da965cc5baa08bff2af24680,1720416.0,F,68.0,NOT APPLICABLE,NONE,NO INDICATION OF INJURY,UNKNOWN,UNKNOWN,NORMAL,,,,,2024-04-27 18:04:00,20,CLEAR,DAYLIGHT,ANGLE,OTHER,DRY,UNKNOWN,ON SCENE,INJURY AND / OR TOW DUE TO CRASH,,"OVER $1,500",04/27/2024 06:20:00 PM,UNABLE TO DETERMINE,NOT APPLICABLE,,2,NO INDICATION OF INJURY,0.0,0.0,0.0,0.0,0.0,2.0,0.0,18,7,4,41.75131013,-87.610025359,POINT (-87.610025358632 41.751310129597),POINT (1181618.5788451703 1852798.0079937002),2024,600 E 79TH ST
O1808465,DRIVER,bc4b293e52faef823b65f59bdcd693f667dc7280d60671f1d67509b1d32eced371b2c94452237c8a3c5420adbdfd436affa91f0f7a4c8706b5ec50d0dcf699ae,1722505.0,F,27.0,NOT APPLICABLE,NONE,NO INDICATION OF INJURY,OTHER,UNKNOWN,NORMAL,,,,,2024-04-30 20:35:00,30,CLEAR,"DARKNESS, LIGHTED ROAD",REAR END,DIVIDED - W/MEDIAN (NOT RAISED),DRY,NO DEFECTS,ON SCENE,NO INJURY / DRIVE AWAY,,$500 OR LESS,04/30/2024 08:42:00 PM,DISTRACTION - FROM INSIDE VEHICLE,NOT APPLICABLE,,2,NO INDICATION OF INJURY,0.0,0.0,0.0,0.0,0.0,8.0,0.0,20,3,4,41.84657501,-87.695427074,POINT (-87.695427074437 41.846575009506),POINT (1158057.3363708903 1887327.5760242871),2024,2456 S CALIFORNIA AVE
O1800785,DRIVER,7d0ac1c1b9131e14c2f00f38dd00a12d952e825a32de318ff920796e76c315ede56698f2c074733cf20fd4c6944931785597b27968ff4575883360b891eaa839,1715052.0,F,51.0,DID NOT DEPLOY,NONE,NO INDICATION OF INJURY,NONE,NOT OBSCURED,NORMAL,,,,,2024-04-15 14:00:00,30,CLEAR,DAYLIGHT,SIDESWIPE SAME DIRECTION,DIVIDED - W/MEDIAN (NOT RAISED),DRY,NO DEFECTS,NOT ON SCENE (DESK REPORT),NO INJURY / DRIVE AWAY,,"OVER $1,500",04/19/2024 10:45:00 AM,NOT APPLICABLE,NOT APPLICABLE,,2,NO INDICATION OF INJURY,0.0,0.0,0.0,0.0,0.0,2.0,0.0,14,2,4,41.962767919,-87.836840327,POINT (-87.836840326835 41.962767919448),POINT (1119281.949158645 1929413.7098168533),2024,4550 N CUMBERLAND AVE
O1798626,DRIVER,cb1dd94fb159df50ccad223572d0ead172b53c6916b518c03bca7cb7793886562645ea6df1d85edc20fd16cb9ab1676dfdba60d067bf477545101c7653f0105d,1713006.0,F,35.0,"DEPLOYED, FRONT",NONE,NONINCAPACITATING INJURY,NONE,UNKNOWN,NORMAL,,,,,2024-04-16 08:30:00,30,CLEAR,DAYLIGHT,ANGLE,FOUR WAY,DRY,NO DEFECTS,ON SCENE,INJURY AND / OR TOW DUE TO CRASH,,"OVER $1,500",04/16/2024 08:41:00 AM,FAILING TO YIELD RIGHT-OF-WAY,UNABLE TO DETERMINE,,2,NONINCAPACITATING INJURY,1.0,0.0,0.0,1.0,0.0,1.0,0.0,8,3,4,41.90233017,-87.758312936,POINT (-87.758312936196 41.902330170444),POINT (1140786.9423868787 1907523.638859457),2024,5300 W DIVISION ST
O1927717,DRIVER,9cb563f9e0ef9a2f39016e44dedb6ef22851df3676f43e133112dd94de3fe0239d187f7378d37bf499b4b8d333e1f2f00c28a5045970f502ef4ddecad825c55e,1836462.0,X,,NOT APPLICABLE,NONE,NO INDICATION OF INJURY,OTHER,UNKNOWN,UNKNOWN,,,,,2024-10-14 17:16:00,30,CLEAR,DAYLIGHT,ANGLE,FOUR WAY,DRY,NO DEFECTS,NOT ON SCENE (DESK REPORT),NO INJURY / DRIVE AWAY,Y,"OVER $1,500",10/14/2024 06:20:00 PM,UNABLE TO DETERMINE,NOT APPLICABLE,,2,NO INDICATION OF INJURY,0.0,0.0,0.0,0.0,0.0,2.0,0.0,17,2,10,41.756320006,-87.626475577,POINT (-87.626475577283 41.756320005823),POINT (1177114.7930054069 1854586.2562105204),2024,7600 S LAFAYETTE AVE
O1952976,DRIVER,607350e2a7a669db741376cf1a14133f1defd5117ff1e643b84a3f072e015ad972accd9ae11ca51ef1e0485c5223f76f1cf171085116b3b507b304ed97a1f6c3,1860562.0,M,33.0,DID NOT DEPLOY,NONE,NO INDICATION OF INJURY,UNKNOWN,UNKNOWN,IMPAIRED - DRUGS,,,,,2024-11-19 17:52:00,30,CLEAR,DARKNESS,PARKED MOTOR VEHICLE,ONE-WAY,DRY,NO DEFECTS,ON SCENE,NO INJURY / DRIVE AWAY,,"OVER $1,500",11/19/2024 05:52:00 PM,UNABLE TO DETERMINE,NOT APPLICABLE,,2,NO INDICATION OF INJURY,0.0,0.0,0.0,0.0,0.0,1.0,0.0,17,3,11,41.877495182,-87.75195031,POINT (-87.751950309521 41.877495182486),POINT (1142580.3538259638 1898485.471347953),2024,5065 W QUINCY ST
O1812951,DRIVER,23d29887346317990841bb12934b1fe626222bae95bd39bd1ebcd9473e042910a4215b681c22a833e71cb4301dac7775ab811e03a16d6b0a156ce0fd4ff716bf,1726816.0,M,24.0,DID NOT DEPLOY,NONE,NONINCAPACITATING INJURY,NONE,UNKNOWN,NORMAL,,,,,2024-05-06 23:27:00,30,CLEAR,"DARKNESS, LIGHTED ROAD",ANGLE,NOT DIVIDED,DRY,UNKNOWN,ON SCENE,INJURY AND / OR TOW DUE TO CRASH,,"OVER $1,500",05/06/2024 11:38:00 PM,DISREGARDING TRAFFIC SIGNALS,DRIVING SKILLS/KNOWLEDGE/EXPERIENCE,,2,NONINCAPACITATING INJURY,1.0,0.0,0.0,1.0,0.0,1.0,0.0,23,2,5,41.822963628,-87.684384785,POINT (-87.684384785413 41.82296362788),POINT (1161130.9920787388 1878746.2263543094),2024,3900 S WESTERN BLVD
O1738032,DRIVER,dcbd360eee2de9e870d9fcf2dda76bd44ccdf3ae7f6b348e1ffb89d178946c5eff4d6a56343bf4d63cd4922653abf9c316e058a0cdc8c7b448eb44a6556d47c8,1654636.0,M,34.0,NOT APPLICABLE,NONE,NO INDICATION OF INJURY,OTHER,UNKNOWN,NORMAL,,,,,2024-01-09 19:57:00,25,RAIN,"DARKNESS, LIGHTED ROAD",TURNING,FOUR WAY,WET,NO DEFECTS,ON SCENE,INJURY AND / OR TOW DUE TO CRASH,,"OVER $1,500",01/09/2024 07:59:00 PM,FAILING TO YIELD RIGHT-OF-WAY,NOT APPLICABLE,,2,NO INDICATION OF INJURY,0.0,0.0,0.0,0.0,0.0,2.0,0.0,19,3,1,41.913842585,-87.653389077,POINT (-87.653389076628 41.913842584753),POINT (1169317.089070068 1911927.6982111062),2024,1801 N CLYBOURN AVE
P393925,PASSENGER,995f2c2cc81e5dd9892f7f83e2129e175817de8e114d5c7345a34f7dd553ff8259baddd9017ba0723e393de32d6a1c00febaf2a50e71ee39a62d3455bd9f1e46,1698367.0,F,35.0,DID NOT DEPLOY,NONE,NO INDICATION OF INJURY,,,,,,,,2024-03-23 13:25:00,30,CLEAR,DAYLIGHT,TURNING,FOUR WAY,DRY,NO DEFECTS,NOT ON SCENE (DESK REPORT),NO INJURY / DRIVE AWAY,,"OVER $1,500",03/23/2024 01:55:00 PM,FAILING TO YIELD RIGHT-OF-WAY,UNABLE TO DETERMINE,,2,NO INDICATION OF INJURY,0.0,0.0,0.0,0.0,0.0,3.0,0.0,13,7,3,41.924712414,-87.717057351,POINT (-87.717057351489 41.924712414194),POINT (1151959.3296096048 1915757.7233300263),2024,3600 W FULLERTON AVE
O1867956,DRIVER,c475a33763d4a8f2593909c4d93a5ad8c957dde8ff5d4269dddbb2598ae3139edc85b70f0c352bea4f8463b905dd61a03b9ceeb02f105dfe93cba31959713d3a,1779463.0,X,,DEPLOYMENT UNKNOWN,UNKNOWN,NO INDICATION OF INJURY,UNKNOWN,UNKNOWN,UNKNOWN,,,,,2024-07-20 20:50:00,30,CLEAR,DARKNESS,TURNING,NOT DIVIDED,DRY,NO DEFECTS,NOT ON SCENE (DESK REPORT),NO INJURY / DRIVE AWAY,Y,"OVER $1,500",07/20/2024 08:50:00 PM,UNABLE TO DETERMINE,NOT APPLICABLE,,2,NO INDICATION OF INJURY,0.0,0.0,0.0,0.0,0.0,2.0,0.0,20,7,7,41.953024751,-87.786683238,POINT (-87.786683237666 41.953024750753),POINT (1132945.939118813 1925946.3049248874),2024,6400 W IRVING PARK RD
P405210,PASSENGER,4575ef681b85187042493496a5e8b4bf28e17bb5abc71295319e861670845f0260195f8a0bc868c3f109ac53b13354f92a53729a663c264fdc8bc4e5fe6c1f23,1745599.0,,,DEPLOYMENT UNKNOWN,UNKNOWN,NO INDICATION OF INJURY,,,,,,,,2024-06-01 19:15:00,30,RAIN,DARKNESS,SIDESWIPE SAME DIRECTION,ONE-WAY,WET,UNKNOWN,NOT ON SCENE (DESK REPORT),NO INJURY / DRIVE AWAY,,"$501 - $1,500",06/01/2024 07:45:00 PM,UNABLE TO DETERMINE,UNABLE TO DETERMINE,,2,NO INDICATION OF INJURY,0.0,0.0,0.0,0.0,0.0,3.0,0.0,19,7,6,41.867185563,-87.7113717,POINT (-87.711371699645 41.867185562847),POINT (1153658.5561763907 1894806.1354836542),2024,3419 W GRENSHAW ST
O1931990,DRIVER,a57973fec03533286f07f7956c69e6c65bc39bb233f82c17ec1460f396d27d0c41dc99cb6e565c97df5746e46d7fbe3bc435c09323bcc47dc345d06b788bac06,1840547.0,M,,NOT APPLICABLE,NONE,NO INDICATION OF INJURY,UNKNOWN,UNKNOWN,NORMAL,,,,,2024-10-19 22:00:00,30,CLEAR,DARKNESS,PARKED MOTOR VEHICLE,NOT DIVIDED,DRY,NO DEFECTS,NOT ON SCENE (DESK REPORT),NO INJURY / DRIVE AWAY,,"$501 - $1,500",10/20/2024 01:20:00 PM,UNABLE TO DETERMINE,NOT APPLICABLE,,2,NO INDICATION OF INJURY,0.0,0.0,0.0,0.0,0.0,1.0,0.0,22,7,10,41.96810791,-87.770033006,POINT (-87.770033006188 41.968107910456),POINT (1137438.90290066 1931471.985325012),2024,4811 N MAJOR AVE
P410359,PASSENGER,934aad3696e759bd739bbcd6833ccff9c3cf4d081bea85469701545bb9662e71d87737905ff6a423c5cbfa6baa0a5b6adfc0fa1f6def09a1804925533f54862f,1767356.0,,31.0,NOT APPLICABLE,NONE,NO INDICATION OF INJURY,,,,,,,,2024-07-02 17:45:00,30,CLEAR,DAYLIGHT,REAR END,NOT DIVIDED,DRY,NO DEFECTS,NOT ON SCENE (DESK REPORT),NO INJURY / DRIVE AWAY,,"OVER $1,500",07/02/2024 07:35:00 PM,UNABLE TO DETERMINE,NOT APPLICABLE,,2,NO INDICATION OF INJURY,0.0,0.0,0.0,0.0,0.0,4.0,0.0,17,3,7,41.922538085,-87.665896008,POINT (-87.665896008432 41.92253808534),POINT (1165888.2773133533 1915069.6106712488),2024,2238 N CLYBOURN AVE
O1793164,DRIVER,717221e4c8610f6e070ba15e9bc06170ef45693d13bea0af0f171e1e06a98b9958a3011b5d7be88795fa679265f340acb4dbdc544fe2ea77400a07db298f2043,1707766.0,F,57.0,NOT APPLICABLE,NONE,NO INDICATION OF INJURY,FOLLOWED TOO CLOSELY,NOT OBSCURED,NORMAL,,,,,2024-04-08 12:30:00,30,CLEAR,DAYLIGHT,ANGLE,NOT DIVIDED,DRY,NO DEFECTS,NOT ON SCENE (DESK REPORT),NO INJURY / DRIVE AWAY,,"OVER $1,500",04/08/2024 03:10:00 PM,UNABLE TO DETERMINE,NOT APPLICABLE,,2,NO INDICATION OF INJURY,0.0,0.0,0.0,0.0,0.0,2.0,0.0,12,2,4,41.969128282,-87.660006887,POINT (-87.660006886728 41.969128282075),POINT (1167357.5987463682 1932059.7520607214),2024,1206 W LAWRENCE AVE
O1849824,DRIVER,82254ed0f2c279fe6fa3712c9d8c6102ff62656b4c255b26899e75a0dd47c5903467f54bcb0f1d105c7d671974bb0f64fe60c3a0bd1d124bd6b453d6ebf9c8ee,1762158.0,M,42.0,NOT APPLICABLE,NONE,NO INDICATION OF INJURY,NONE,NOT OBSCURED,NORMAL,,,,,2024-06-24 22:35:00,20,CLEAR,"DARKNESS, LIGHTED ROAD",REAR END,ONE-WAY,DRY,NO DEFECTS,ON SCENE,INJURY AND / OR TOW DUE TO CRASH,,"OVER $1,500",06/24/2024 10:35:00 PM,FOLLOWING TOO CLOSELY,DRIVING SKILLS/KNOWLEDGE/EXPERIENCE,,2,NO INDICATION OF INJURY,0.0,0.0,0.0,0.0,0.0,3.0,0.0,22,2,6,41.779365717,-87.665625375,POINT (-87.665625375499 41.779365717077),POINT (1166367.5963299847 1862898.5891384492),2024,6300 S MARSHFIELD AVE
O1833398,DRIVER,c20f620e2fda7e17180b513d6bf74d0d6fb86e824775ece7da29d12c567a6f71b4a91f0560dbeaf1a240475246e85b43e98fba91e16cd8b027b19782016986c1,1746431.0,M,59.0,DID NOT DEPLOY,NONE,NO INDICATION OF INJURY,NONE,UNKNOWN,NORMAL,,,,,2024-06-02 23:00:00,30,CLEAR,"DARKNESS, LIGHTED ROAD",SIDESWIPE SAME DIRECTION,DIVIDED - W/MEDIAN (NOT RAISED),DRY,NO DEFECTS,ON SCENE,NO INJURY / DRIVE AWAY,Y,"OVER $1,500",06/02/2024 11:00:00 PM,UNABLE TO DETERMINE,NOT APPLICABLE,,2,NO INDICATION OF INJURY,0.0,0.0,0.0,0.0,0.0,2.0,0.0,23,1,6,41.762719306,-87.741712352,POINT (-87.741712351736 41.762719305556),POINT (1145656.4807513116 1856680.8192451529),2024,7145 S CICERO AVE
O1755840,DRIVER,a02b0648ed4b03d99e854157b4f637dbd4081bf55d13d29ae3073d156107afd72460056928e0ec19f21510b491aaf9db2e319e63b25a3e1d5f49835be6b4d6c5,1671805.0,M,,DEPLOYMENT UNKNOWN,NONE,NO INDICATION OF INJURY,UNKNOWN,UNKNOWN,UNKNOWN,,,,,2024-02-08 14:42:00,30,UNKNOWN,DAYLIGHT,ANGLE,DIVIDED - W/MEDIAN (NOT RAISED),UNKNOWN,UNKNOWN,NOT ON SCENE (DESK REPORT),INJURY AND / OR TOW DUE TO CRASH,,"$501 - $1,500",02/08/2024 03:20:00 PM,UNABLE TO DETERMINE,NOT APPLICABLE,,2,NONINCAPACITATING INJURY,1.0,0.0,0.0,1.0,0.0,1.0,0.0,14,5,2,42.013682951,-87.679945436,POINT (-87.679945436189 42.013682950667),POINT (1161811.513805776 1948253.7491379457),2024,7305 N ROGERS AVE
O1821872,DRIVER,07a77b983cf3db8a4973d57c37b39f38bde6cf31e0ede431fb5b412e75cb81b4d07d3a0358965a58742b3e6bbc9a547e1a91b7cbde3785272b4ea00db9680af0,1735391.0,M,32.0,DEPLOYMENT UNKNOWN,NONE,NO INDICATION OF INJURY,NONE,MOVING VEHICLES,UNKNOWN,,,,,2024-05-18 08:40:00,50,CLEAR,DAYLIGHT,TURNING,DIVIDED - W/MEDIAN BARRIER,UNKNOWN,UNKNOWN,NOT ON SCENE (DESK REPORT),NO INJURY / DRIVE AWAY,,"OVER $1,500",05/18/2024 06:50:00 PM,UNABLE TO DETERMINE,NOT APPLICABLE,,2,NO INDICATION OF INJURY,0.0,0.0,0.0,0.0,0.0,2.0,0.0,8,7,5,41.880856048,-87.617635892,POINT (-87.617635891755 41.880856047671),POINT (1179148.712154315 1899986.5677166735),2024,100 S LAKE SHORE DR NB
O1936980,DRIVER,b012329c559e4392c1b1e30b40327e90b6032713bba4c83dd316b6ae5520a0182a8ca2834d011a0a46206468c84fa470531e30c14daa1334b02e759e531af9ba,1845316.0,M,45.0,NOT APPLICABLE,NONE,NO INDICATION OF INJURY,OTHER,UNKNOWN,NORMAL,,,,,2024-10-27 13:57:00,25,CLEAR,DAYLIGHT,REAR END,NOT DIVIDED,DRY,NO DEFECTS,NOT ON SCENE (DESK REPORT),NO INJURY / DRIVE AWAY,,"OVER $1,500",10/27/2024 02:05:00 PM,DRIVING SKILLS/KNOWLEDGE/EXPERIENCE,DRIVING SKILLS/KNOWLEDGE/EXPERIENCE,,2,NO INDICATION OF INJURY,0.0,0.0,0.0,0.0,0.0,2.0,0.0,13,1,10,41.956359607,-87.656333045,POINT (-87.65633304478 41.95635960743),POINT (1168393.4489596097 1927414.6668747545),2024,4066 N KENMORE AVE
O1910174,DRIVER,b7fbc12815185747a835e53746dee130093cd486b0e6730ad02314967cb38a1a545d1d163a45585c55cbf8c13c87d6faaf258cfcd7e3f73c2cc3979db72ebd06,1819761.0,F,33.0,"DEPLOYED, SIDE",NONE,NONINCAPACITATING INJURY,NONE,NOT OBSCURED,NORMAL,,,,,2024-09-19 14:13:00,30,CLEAR,DAYLIGHT,ANGLE,NOT DIVIDED,DRY,UNKNOWN,ON SCENE,INJURY AND / OR TOW DUE TO CRASH,Y,"OVER $1,500",09/19/2024 02:13:00 PM,NOT APPLICABLE,NOT APPLICABLE,,2,NONINCAPACITATING INJURY,1.0,0.0,0.0,1.0,0.0,1.0,0.0,14,5,9,41.844021956,-87.733110622,POINT (-87.733110621804 41.844021955925),POINT (1147796.3349945822 1886323.2394788254),2024,4355 W 26TH ST
O1943691,DRIVER,8920dc0a0bd160ea2f9062165f995488328fe2713ab3ece0fe4ae0c4708926bd0efa932aa1a2f6089e16aa7f1ac97e243d24b095274ea84d4264f00677d7cf01,1851699.0,M,41.0,DEPLOYMENT UNKNOWN,NONE,NO INDICATION OF INJURY,OTHER,UNKNOWN,NORMAL,,,,,2024-11-06 07:10:00,15,CLOUDY/OVERCAST,DAYLIGHT,ANGLE,ALLEY,DRY,NO DEFECTS,ON SCENE,INJURY AND / OR TOW DUE TO CRASH,,"OVER $1,500",11/06/2024 07:10:00 AM,UNABLE TO DETERMINE,UNABLE TO DETERMINE,,2,NO INDICATION OF INJURY,0.0,0.0,0.0,0.0,0.0,3.0,0.0,7,4,11,41.935774105,-87.779429344,POINT (-87.779429344468 41.935774104586),POINT (1134959.7203928197 1919672.8019851223),2024,6120 W NELSON ST
O1945580,DRIVER,0b139f2b36b8a23fc58e1e9dd84ca02d9895a1ee74b63ec9de9d10f48fe97f1174b32732d3de308339afd99367238ae3fab608eedcfd70c0bc50a89678b4a6f3,1853493.0,M,26.0,NOT APPLICABLE,NONE,NO INDICATION OF INJURY,FOLLOWED TOO CLOSELY,NOT OBSCURED,NORMAL,,,,,2024-11-08 18:38:00,30,CLEAR,"DARKNESS, LIGHTED ROAD",REAR END,NOT DIVIDED,DRY,NO DEFECTS,NOT ON SCENE (DESK REPORT),NO INJURY / DRIVE AWAY,,"$501 - $1,500",11/08/2024 09:15:00 PM,FOLLOWING TOO CLOSELY,NOT APPLICABLE,,2,NO INDICATION OF INJURY,0.0,0.0,0.0,0.0,0.0,2.0,0.0,18,6,11,41.90924161,-87.786514516,POINT (-87.786514515913 41.909241609746),POINT (1133093.5877354979 1909991.9667191692),2024,6434 W NORTH AVE
O1791069,DRIVER,66cf9348f4a7fc027ca1ed253f6d2a32709e3a8c07b36e68d800a7fb9f4b39e1bebc7efc088ee39a64364604aea404dedb04d97d1c5b38f50ad61f0b6823bccd,1705735.0,M,43.0,"DEPLOYED, SIDE",NONE,NO INDICATION OF INJURY,OTHER,UNKNOWN,NORMAL,,,,,2024-04-05 06:11:00,30,CLEAR,DAYLIGHT,TURNING,NOT DIVIDED,DRY,UNKNOWN,ON SCENE,INJURY AND / OR TOW DUE TO CRASH,,"OVER $1,500",04/05/2024 06:12:00 AM,NOT APPLICABLE,NOT APPLICABLE,,2,NO INDICATION OF INJURY,0.0,0.0,0.0,0.0,0.0,2.0,0.0,6,6,4,41.754863046,-87.732218162,POINT (-87.732218161793 41.754863046121),POINT (1148266.7071106501 1853836.0284996096),2024,4399 W 76TH ST