PERSON_ID,PERSON_TYPE,CRASH_RECORD_ID,VEHICLE_ID,SEX,AGE,AIRBAG_DEPLOYED,EJECTION,INJURY_CLASSIFICATION,DRIVER_ACTION,DRIVER_VISION,PHYSICAL_CONDITION,PEDPEDAL_ACTION,PEDPEDAL_VISIBILITY,PEDPEDAL_LOCATION,CRASH_DATE_EST_I,CRASH_DATE,POSTED_SPEED_LIMIT,WEATHER_CONDITION,LIGHTING_CONDITION,FIRST_CRASH_TYPE,TRAFFICWAY_TYPE,ROADWAY_SURFACE_COND,ROAD_DEFECT,REPORT_TYPE,CRASH_TYPE,HIT_AND_RUN_I,DAMAGE,DATE_POLICE_NOTIFIED,PRIM_CONTRIBUTORY_CAUSE,SEC_CONTRIBUTORY_CAUSE,DOORING_I,NUM_UNITS,MOST_SEVERE_INJURY,INJURIES_TOTAL,INJURIES_FATAL,INJURIES_INCAPACITATING,INJURIES_NON_INCAPACITATING,INJURIES_REPORTED_NOT_EVIDENT,INJURIES_NO_INDICATION,INJURIES_UNKNOWN,CRASH_HOUR,CRASH_DAY_OF_WEEK,CRASH_MONTH,LATITUDE,LONGITUDE,LOCATION,geometry,YEAR,ADDRESS
O1833600,DRIVER,b294736f4c0667352a9dc39b68fa8bbe6b88b83862592addb5448ba6b3c496bb3f3f9e53218aa6975f684fb4afcb6ef6c0d672ef66d145f53219c1663677e412,1747268.0,M,35.0,DEPLOYMENT UNKNOWN,UNKNOWN,NO INDICATION OF INJURY,UNKNOWN,UNKNOWN,UNKNOWN,,,,,2024-06-03 04:50:00,30,UNKNOWN,UNKNOWN,REAR END,NOT DIVIDED,UNKNOWN,UNKNOWN,NOT ON SCENE (DESK REPORT),NO INJURY / DRIVE AWAY,Y,"OVER $1,500",06/03/2024 08:00:00 AM,UNABLE TO DETERMINE,UNABLE TO DETERMINE,,2,NO INDICATION OF INJURY,0.0,0.0,0.0,0.0,0.0,3.0,0.0,4,2,6,41.797621564,-87.584154586,POINT (-87.58415458639 41.797621563636),POINT (1188530.953959775 1869733.9799410575),2024,5414 S HYDE PARK BLVD
O1906073,DRIVER,ab421bf59cd3f27ada1b7b5b767f0903518a001f49a4d608b08d0e96c8d2a3a572ba3c1cbb524f0cba88f4f623adb8d8a9a1df0544fc86ea7ab4490f792919bb,1815833.0,M,63.0,DID NOT DEPLOY,NONE,NO INDICATION OF INJURY,OTHER,UNKNOWN,NORMAL,,,,,2024-09-14 01:00:00,45,CLEAR,"DARKNESS, LIGHTED ROAD",OTHER OBJECT,OTHER,DRY,NO DEFECTS,ON SCENE,INJURY AND / OR TOW DUE TO CRASH,,"OVER $1,500",09/14/2024 01:33:00 AM,UNABLE TO DETERMINE,NOT APPLICABLE,,1,NO INDICATION OF INJURY,0.0,0.0,0.0,0.0,0.0,2.0,0.0,1,7,9,41.93768833,-87.637102054,POINT (-87.63710205358 41.937688330449),POINT (1173679.556066496 1920652.7016283474),2024,3039 N LAKE SHORE DR
O1883781,DRIVER,a4f9d165165dcade7925cfbb0998512f6ecbffe4b0fa609b134ef06db484e3a2cecd93e818ddb1fe575700bf8e8c454aee6ce95b3317c33d24598b8a1d8bde2d,1794570.0,M,,DEPLOYMENT UNKNOWN,NONE,NO INDICATION OF INJURY,FOLLOWED TOO CLOSELY,UNKNOWN,UNKNOWN,,,,,2024-08-13 16:10:00,30,CLEAR,DAYLIGHT,REAR END,NOT DIVIDED,DRY,NO DEFECTS,NOT ON SCENE (DESK REPORT),NO INJURY / DRIVE AWAY,Y,"OVER $1,500",08/13/2024 05:32:00 PM,FOLLOWING TOO CLOSELY,UNABLE TO DETERMINE,,2,NO INDICATION OF INJURY,0.0,0.0,0.0,0.0,0.0,2.0,0.0,16,3,8,41.778784237,-87.721575172,POINT (-87.721575172038 41.778784236699),POINT (1151108.7064077356 1862573.1733436543),2024,3930 W 63RD ST
O1882696,DRIVER,8d97167a8c524a6516adbe7d74a39bd00ce2050fef189f233caac69cc7b5d29425f041ea98191cf1af804d1b978d6ab6a0a6b9b86cd1244cf888f968271d949d,1793547.0,M,69.0,DEPLOYMENT UNKNOWN,UNKNOWN,NONINCAPACITATING INJURY,UNKNOWN,UNKNOWN,UNKNOWN,,,,,2024-08-11 19:23:00,25,CLEAR,DAWN,TURNING,FOUR WAY,UNKNOWN,UNKNOWN,ON SCENE,INJURY AND / OR TOW DUE TO CRASH,,"OVER $1,500",08/11/2024 07:24:00 PM,FAILING TO YIELD RIGHT-OF-WAY,UNABLE TO DETERMINE,,2,NONINCAPACITATING INJURY,1.0,0.0,0.0,1.0,0.0,1.0,0.0,19,1,8,41.728388308,-87.662753923,POINT (-87.662753923459 41.728388308202),POINT (1167295.574815017 1844328.9734136518),2024,1599 W 91ST ST
O1744600,DRIVER,d1731d23e9ab46e05ee674daa6c69627c7ce0869d85dd95d92a1f6e244e4a69e17b03e6d1b15d9544ff677a4b96c8ca97d76861b62515390fb8e6ec3d7061c77,1660983.0,M,,NOT APPLICABLE,NONE,NO INDICATION OF INJURY,FOLLOWED TOO CLOSELY,NOT OBSCURED,NORMAL,,,,,2024-01-20 11:00:00,25,CLEAR,DAYLIGHT,REAR END,NOT DIVIDED,DRY,NO DEFECTS,NOT ON SCENE (DESK REPORT),NO INJURY / DRIVE AWAY,,"$501 - $1,500",01/20/2024 11:00:00 AM,FOLLOWING TOO CLOSELY,FOLLOWING TOO CLOSELY,,2,NO INDICATION OF INJURY,0.0,0.0,0.0,0.0,0.0,2.0,0.0,11,7,1,41.798135243,-87.745870195,POINT (-87.745870194825 41.798135243026),POINT (1144433.965292012 1869578.3301976884),2024,5479 S ARCHER AVE
P425995,PASSENGER,f4917920f75c7e0f14cbb7ea77f892cc45188ca43555363dbc75b610d48a847feb4deca7faaa7a9e03099c85a28c70eb9c14c8d7a14d44858ed49d89ed4d94e0,1834597.0,F,46.0,DID NOT DEPLOY,NONE,NO INDICATION OF INJURY,,,,,,,,2024-10-11 14:19:00,30,CLEAR,DAYLIGHT,REAR END,NOT DIVIDED,DRY,NO DEFECTS,NOT ON SCENE (DESK REPORT),NO INJURY / DRIVE AWAY,Y,"OVER $1,500",10/11/2024 03:30:00 PM,FOLLOWING TOO CLOSELY,UNABLE TO DETERMINE,,2,NO INDICATION OF INJURY,0.0,0.0,0.0,0.0,0.0,3.0,0.0,14,6,10,41.793513097,-87.698825218,POINT (-87.69882521835 41.793513096826),POINT (1157274.2394746842 1867985.227561131),2024,5500 S SACRAMENTO AVE
O1912437,DRIVER,a68da5e57294f4d39de5e569fba39951064112bfd53eeea8f028dbc7956cdf6731462db1f0c2b752b3713a0a348c68c59a0b3c4646e8f5937533fe3ceb155b04,1821916.0,M,47.0,NOT APPLICABLE,NONE,NO INDICATION OF INJURY,UNKNOWN,UNKNOWN,NORMAL,,,,,2024-09-22 14:30:00,25,RAIN,DAYLIGHT,TURNING,NOT DIVIDED,WET,NO DEFECTS,NOT ON SCENE (DESK REPORT),NO INJURY / DRIVE AWAY,,"$501 - $1,500",09/22/2024 02:40:00 PM,WEATHER,UNABLE TO DETERMINE,,2,NO INDICATION OF INJURY,0.0,0.0,0.0,0.0,0.0,2.0,0.0,14,1,9,41.997996187,-87.699512468,POINT (-87.699512468456 41.997996186653),POINT (1156536.368597315 1942497.409117196),2024,6413 N CALIFORNIA AVE
O1939236,DRIVER,8d05ca866da1992ed7ff2f32b0753bf934c66a41d8041a035585f6c9cbe17b7acaf82a50e5a7002a3aa5ea0eef03b516a6206a3007e0729a39c2b26b4cb668e6,1847471.0,F,28.0,DID NOT DEPLOY,NONE,NO INDICATION OF INJURY,NONE,NOT OBSCURED,NORMAL,,,,,2024-10-30 17:00:00,30,CLEAR,"DARKNESS, LIGHTED ROAD",ANGLE,NOT DIVIDED,DRY,NO DEFECTS,NOT ON SCENE (DESK REPORT),NO INJURY / DRIVE AWAY,,"OVER $1,500",10/30/2024 06:50:00 PM,FAILING TO YIELD RIGHT-OF-WAY,NOT APPLICABLE,,2,NO INDICATION OF INJURY,0.0,0.0,0.0,0.0,0.0,5.0,0.0,17,4,10,41.777325273,-87.683738393,POINT (-87.683738393495 41.777325272828),POINT (1161432.8559098255 1862117.2262916015),2024,6400 S WESTERN AVE
O1860018,DRIVER,cdce69cd1f48928a5d236f659eadaf52d45207dd1c8a9701039c3f23ce2468fec648a25a0e227483fba14bb5311570685af6f7c7ef89f143108a7c1acca99771,1771930.0,M,33.0,DID NOT DEPLOY,NONE,NO INDICATION OF INJURY,OTHER,NOT OBSCURED,NORMAL,,,,,2024-07-09 22:45:00,15,OTHER,"DARKNESS, LIGHTED ROAD",SIDESWIPE SAME DIRECTION,ONE-WAY,WET,NO DEFECTS,ON SCENE,NO INJURY / DRIVE AWAY,,$500 OR LESS,07/09/2024 10:48:00 PM,UNABLE TO DETERMINE,UNABLE TO DETERMINE,,2,NO INDICATION OF INJURY,0.0,0.0,0.0,0.0,0.0,2.0,0.0,22,3,7,41.789187924,-87.7397407,POINT (-87.739740699712 41.7891879245),POINT (1146127.8174506945 1866329.4724332278),2024,5706 S KILPATRICK AVE
O1863910,DRIVER,b725a1218eb0c82fb78451697831ae357c19c6ea25cfd9c08a5888874a60ab0f6ac4fca799ab3bc896de3b1ad17c00e08b27ac9b3e9beafc53f1ebfdd945b2a8,1775584.0,F,40.0,DID NOT DEPLOY,NONE,NO INDICATION OF INJURY,FAILED TO YIELD,"TREES, PLANTS",NORMAL,,,,,2024-06-13 16:00:00,30,CLEAR,DAYLIGHT,TURNING,FOUR WAY,DRY,NO DEFECTS,,NO INJURY / DRIVE AWAY,,"$501 - $1,500",06/13/2024 05:50:00 PM,FAILING TO YIELD RIGHT-OF-WAY,UNABLE TO DETERMINE,,2,NO INDICATION OF INJURY,0.0,0.0,0.0,0.0,0.0,2.0,0.0,16,5,6,41.877598278,-87.666833916,POINT (-87.666833916263 41.877598278077),POINT (1165760.256850162 1898691.5520482333),2024,300 S ASHLAND AVE
P403871,PASSENGER,ba9bbe4e1410b36893a7742565e22baf0e8238b7e2d2339e2f16fe29357ef72344bb11963ad4fea7db6194fc2ef99877f024a3d8d037c4483386cb482e23f934,1740476.0,M,,NOT APPLICABLE,NONE,NO INDICATION OF INJURY,,,,,,,,2024-05-25 14:00:00,30,CLEAR,DAYLIGHT,PARKED MOTOR VEHICLE,NOT DIVIDED,DRY,NO DEFECTS,ON SCENE,NO INJURY / DRIVE AWAY,,"OVER $1,500",05/25/2024 02:54:00 PM,UNABLE TO DETERMINE,UNABLE TO DETERMINE,,2,NO INDICATION OF INJURY,0.0,0.0,0.0,0.0,0.0,2.0,0.0,14,7,5,41.870326275,-87.715398254,POINT (-87.715398253605 41.870326274698),POINT (1152553.5689977733 1895942.6836233407),2024,815 S CENTRAL PARK AVE
P389240,PASSENGER,a7c222d3f6ce0765ce0535a83c0323f525879a70b39f9f3ab769387b1e9c73c7b9700400c0db2337c1ba6348a0a84067ae055ba082aaf30641ca7cce649cd8ce,1677388.0,F,19.0,NOT APPLICABLE,NONE,NO INDICATION OF INJURY,,,,,,,,2024-02-18 19:25:00,30,CLEAR,"DARKNESS, LIGHTED ROAD",PARKED MOTOR VEHICLE,ONE-WAY,DRY,NO DEFECTS,ON SCENE,NO INJURY / DRIVE AWAY,N,"$501 - $1,500",02/18/2024 07:30:00 PM,IMPROPER BACKING,IMPROPER BACKING,,2,NO INDICATION OF INJURY,0.0,0.0,0.0,0.0,0.0,4.0,0.0,19,1,2,41.745589893,-87.613413493,POINT (-87.613413492616 41.745589893028),POINT (1180711.4954484927 1850705.8504773644),2024,8201 S VERNON AVE
O1860308,DRIVER,d7d85be0cbb02dd425fa4b7217edd6b8766677765099b17776cd7f8c801e01ee42096a432866baef2f92a8041966695a77c38cb1f4e7178299b06cdd9874aab9,1772218.0,F,,NOT APPLICABLE,NONE,NO INDICATION OF INJURY,NONE,NOT OBSCURED,NORMAL,,,,,2024-07-09 16:30:00,30,RAIN,DAYLIGHT,SIDESWIPE SAME DIRECTION,FOUR WAY,WET,NO DEFECTS,NOT ON SCENE (DESK REPORT),NO INJURY / DRIVE AWAY,,"OVER $1,500",07/10/2024 01:30:00 PM,UNABLE TO DETERMINE,NOT APPLICABLE,,2,NO INDICATION OF INJURY,0.0,0.0,0.0,0.0,0.0,2.0,0.0,16,3,7,41.721567763,-87.64315629,POINT (-87.64315628975 41.721567762704),POINT (1172665.0241792519 1841885.9231410979),2024,758 W 95TH ST
O1765365,DRIVER,5dd2b7216af4f97f2d1b191ef7d0f5f359e66451a33bc064b91ff07ebee7a91b218b8d387511518dc988180b5fbf91e04b63ab73e800848c23dcb2a277ad846b,1680999.0,M,46.0,"DEPLOYED, COMBINATION",NONE,NO INDICATION OF INJURY,OTHER,NOT OBSCURED,NORMAL,,,,,2024-02-25 03:40:00,30,CLEAR,"DARKNESS, LIGHTED ROAD",PARKED MOTOR VEHICLE,NOT DIVIDED,DRY,NO DEFECTS,ON SCENE,INJURY AND / OR TOW DUE TO CRASH,,"OVER $1,500",02/25/2024 03:40:00 AM,UNABLE TO DETERMINE,NOT APPLICABLE,,3,NO INDICATION OF INJURY,0.0,0.0,0.0,0.0,0.0,1.0,0.0,3,1,2,41.917747324,-87.683704498,POINT (-87.683704498475 41.917747324378),POINT (1161055.0262019357 1913286.6327315103),2024,2228 W ARMITAGE AVE
O1942453,DRIVER,64521f08a9d22d1eb6b9de6cb0af3ed796f1c506d86db4a49868af2b0e185bce9d8270aa03f0974ea6e5c7c0a26245c3cb69cd3d01f8e1570fb16183a0557430,1850519.0,M,20.0,DID NOT DEPLOY,NONE,NO INDICATION OF INJURY,NONE,NOT OBSCURED,NORMAL,,,,,2024-11-04 11:15:00,30,CLEAR,DAYLIGHT,SIDESWIPE SAME DIRECTION,DIVIDED - W/MEDIAN (NOT RAISED),DRY,NO DEFECTS,NOT ON SCENE (DESK REPORT),NO INJURY / DRIVE AWAY,,"$501 - $1,500",11/04/2024 12:00:00 PM,IMPROPER LANE USAGE,UNABLE TO DETERMINE,,2,NO INDICATION OF INJURY,0.0,0.0,0.0,0.0,0.0,2.0,0.0,11,2,11,41.946364122,-87.746935617,POINT (-87.746935616925 41.946364121852),POINT (1143774.4547631487 1923590.6244723494),2024,3607 N CICERO AVE
P414050,PASSENGER,96cab727619545aeb3c54ab31b7fa4be39e8c53460f40f52a30cff42547a96ba5f982b8fa06f3a15164a891cadc919d925024f831dd9a58ccc14b9cd4d1ec784,1782926.0,M,5.0,NOT APPLICABLE,NONE,NO INDICATION OF INJURY,,,,,,,,2024-07-26 18:37:00,30,CLEAR,DAYLIGHT,SIDESWIPE SAME DIRECTION,NOT DIVIDED,DRY,NO DEFECTS,NOT ON SCENE (DESK REPORT),NO INJURY / DRIVE AWAY,,"OVER $1,500",07/26/2024 07:35:00 PM,FOLLOWING TOO CLOSELY,NOT APPLICABLE,,2,NO INDICATION OF INJURY,0.0,0.0,0.0,0.0,0.0,3.0,0.0,18,6,7,41.895121524,-87.745315971,POINT (-87.745315970741 41.89512152421),POINT (1144343.1044438833 1904920.7958466639),2024,4744 W CHICAGO AVE
P407515,PASSENGER,2f25ab6e326cd5f741bcd2417135ad93c0dcafdb7b4b6b939b693f625380e8b9eabcceea04f5cbe3d4d9df23e6d02c949f5a4bd1ad3115ec7f0f2b1a94c986f4,1755307.0,M,10.0,DEPLOYMENT UNKNOWN,NONE,NONINCAPACITATING INJURY,,,,,,,,2024-06-15 01:52:00,30,CLEAR,DARKNESS,HEAD ON,DIVIDED - W/MEDIAN (NOT RAISED),DRY,NO DEFECTS,ON SCENE,INJURY AND / OR TOW DUE TO CRASH,Y,"OVER $1,500",06/15/2024 01:56:00 AM,DRIVING ON WRONG SIDE/WRONG WAY,FAILING TO YIELD RIGHT-OF-WAY,,3,NONINCAPACITATING INJURY,7.0,0.0,0.0,7.0,0.0,0.0,0.0,1,7,6,41.88891278,-87.72085994,POINT (-87.720859940172 41.888912779602),POINT (1151017.6594436911 1902704.9161002007),2024,431 N HAMLIN AVE
O1876786,DRIVER,2a091886d9c839196961bac545b7ab02ae6996de660cab6bdcaa7fbf1228cc94d678ac1911bf82c3a89714e3d900012577d5cc256da507cab8a71ab130416a61,1787922.0,M,,DID NOT DEPLOY,NONE,NO INDICATION OF INJURY,NONE,NOT OBSCURED,NORMAL,,,,,2024-08-03 08:30:00,30,CLEAR,DAYLIGHT,PEDALCYCLIST,NOT DIVIDED,DRY,NO DEFECTS,ON SCENE,INJURY AND / OR TOW DUE TO CRASH,,"OVER $1,500",08/03/2024 08:33:00 AM,IMPROPER OVERTAKING/PASSING,IMPROPER TURNING/NO SIGNAL,,2,NONINCAPACITATING INJURY,1.0,0.0,0.0,1.0,0.0,1.0,0.0,8,7,8,41.939620174,-87.683399651,POINT (-87.683399651092 41.939620173887),POINT (1161077.5775772007 1921257.7678511427),2024,2202 W BELMONT AVE
O1819262,DRIVER,ae845197d294d9f996dd5d35f8f3a5358067b4e970a54e748ea71ffc1336a42319305bfaf3784a82185028bd725f525743e485624ab6e547f634b2882c71f0c4,1732871.0,F,24.0,DID NOT DEPLOY,NONE,NO INDICATION OF INJURY,FOLLOWED TOO CLOSELY,NOT OBSCURED,NORMAL,,,,,2024-05-10 19:30:00,30,UNKNOWN,UNKNOWN,REAR END,DIVIDED - W/MEDIAN (NOT RAISED),UNKNOWN,UNKNOWN,NOT ON SCENE (DESK REPORT),NO INJURY / DRIVE AWAY,,"OVER $1,500",05/15/2024 03:09:00 PM,FOLLOWING TOO CLOSELY,NOT APPLICABLE,,2,NO INDICATION OF INJURY,0.0,0.0,0.0,0.0,0.0,2.0,0.0,19,6,5,41.933978404,-87.687794161,POINT (-87.687794161072 41.933978404),POINT (1159897.4377089883 1919192.8596671089),2024,2899 N WESTERN AVE
P386822,PASSENGER,84d2e755f7e86de6e87f2be7847b9fcddd1859a938f8e1d8c95f0879af7e5ffbfb1c518f7a93edaad4e16beb2875cfd2df630772400aab4df160372128695960,1666468.0,F,32.0,NOT APPLICABLE,NONE,NO INDICATION OF INJURY,,,,,,,,2024-01-30 04:37:00,30,RAIN,"DARKNESS, LIGHTED ROAD",TURNING,Y-INTERSECTION,WET,NO DEFECTS,ON SCENE,INJURY AND / OR TOW DUE TO CRASH,,"OVER $1,500",01/30/2024 04:39:00 AM,FAILING TO YIELD RIGHT-OF-WAY,UNABLE TO DETERMINE,,2,NONINCAPACITATING INJURY,1.0,0.0,0.0,1.0,0.0,2.0,0.0,4,3,1,41.996071518,-87.764086247,POINT (-87.764086246597 41.996071518076),POINT (1138988.4013271576 1941672.7416023414),2024,6299 N CENTRAL AVE
O1942153,DRIVER,3d0a3638825afa4691922a5eb022d6aeddd195604320a9dbfb2d294eb778c5bf406b18bb159654b50053673d3fd0886b54fffd098a72e21abb194ea2385554db,1850232.0,M,,NOT APPLICABLE,NONE,NO INDICATION OF INJURY,UNKNOWN,UNKNOWN,UNKNOWN,,,,,2024-11-03 18:30:00,35,CLEAR,DARKNESS,TURNING,NOT DIVIDED,UNKNOWN,UNKNOWN,NOT ON SCENE (DESK REPORT),NO INJURY / DRIVE AWAY,,"OVER $1,500",11/03/2024 08:30:00 PM,UNABLE TO DETERMINE,UNABLE TO DETERMINE,,2,NO INDICATION OF INJURY,0.0,0.0,0.0,0.0,0.0,2.0,0.0,18,1,11,41.938341002,-87.77635805,POINT (-87.776358049964 41.938341002247),POINT (1135789.3034917125 1920613.5979280237),2024,3156 N AUSTIN AVE
O1784003,DRIVER,8a4a586e687950ba0fc596e33645b2566731fec6663b6a1eb934681ead31ed36281aacaf0ec5b030c37fe751447cb5289c0f1f5ff997488f8edd407f2a393153,1698920.0,M,46.0,NOT APPLICABLE,NONE,NO INDICATION OF INJURY,FAILED TO YIELD,UNKNOWN,NORMAL,,,,N,2024-03-24 13:45:00,30,CLEAR,DAYLIGHT,TURNING,NOT DIVIDED,DRY,NO DEFECTS,ON SCENE,NO INJURY / DRIVE AWAY,,"OVER $1,500",03/24/2024 01:50:00 PM,FAILING TO YIELD RIGHT-OF-WAY,NOT APPLICABLE,,2,NO INDICATION OF INJURY,0.0,0.0,0.0,0.0,0.0,2.0,0.0,13,1,3,41.852149019,-87.684653174,POINT (-87.684653174096 41.852149019172),POINT (1160977.521616957 1889380.7165893777),2024,2334 W CERMAK RD
O1948003,DRIVER,1595c04b34e56b3810c3a99dff8f11c96d54ba858ab83ee024ae4a0abde01d5bb911d9a3f7d582f09199d352d672c450606b20b0154313e06b5f29a452a7dc5c,1855781.0,M,45.0,NOT APPLICABLE,NONE,NO INDICATION OF INJURY,NONE,MOVING VEHICLES,NORMAL,,,,,2024-11-12 15:35:00,30,CLEAR,"DARKNESS, LIGHTED ROAD",TURNING,NOT DIVIDED,DRY,NO DEFECTS,ON SCENE,INJURY AND / OR TOW DUE TO CRASH,,"OVER $1,500",11/12/2024 03:37:00 PM,FAILING TO YIELD RIGHT-OF-WAY,UNABLE TO DETERMINE,,2,NO INDICATION OF INJURY,0.0,0.0,0.0,0.0,0.0,2.0,0.0,15,3,11,41.764895389,-87.722555344,POINT (-87.722555343881 41.764895389111),POINT (1150877.3020587822 1857510.2926919332),2024,7032 S PULASKI RD
O1837967,DRIVER,064132024b0cde41f8d9badfaaaacf58faa91e62be2cfcaca9f0c5d75e3040fa733488c738a0ca3ac09028cad34e9c5fec90af15748a4d9952230de7d84414e9,1750782.0,F,23.0,DID NOT DEPLOY,NONE,NO INDICATION OF INJURY,FAILED TO YIELD,NOT OBSCURED,NORMAL,,,,,2024-06-08 16:50:00,30,RAIN,DAYLIGHT,SIDESWIPE SAME DIRECTION,DIVIDED - W/MEDIAN (NOT RAISED),WET,NO DEFECTS,NOT ON SCENE (DESK REPORT),NO INJURY / DRIVE AWAY,,"$501 - $1,500",06/08/2024 06:20:00 PM,IMPROPER LANE USAGE,FAILING TO REDUCE SPEED TO AVOID CRASH,,2,NO INDICATION OF INJURY,0.0,0.0,0.0,0.0,0.0,2.0,0.0,16,7,6,41.915087539,-87.63419398,POINT (-87.634193980064 41.915087539081),POINT (1174537.9363900872 1912423.365380415),2024,1810 N CLARK ST
P422594,PASSENGER,275f8a9cb851efd5e7818f5ae14e1bec871ca1b366eccc34d81a341725adc9e97edb6cba90abda2fe5953917c3d589b84fd975c9b48d6f4f4a80406cfd519301,1819648.0,M,,DID NOT DEPLOY,NONE,NO INDICATION OF INJURY,,,,,,,,2024-09-19 12:00:00,30,CLEAR,DAYLIGHT,SIDESWIPE SAME DIRECTION,NOT DIVIDED,DRY,NO DEFECTS,ON SCENE,INJURY AND / OR TOW DUE TO CRASH,,"OVER $1,500",09/19/2024 12:02:00 PM,FAILING TO YIELD RIGHT-OF-WAY,FAILING TO YIELD RIGHT-OF-WAY,,2,NO INDICATION OF INJURY,0.0,0.0,0.0,0.0,0.0,3.0,0.0,12,5,9,41.974016361,-87.713372407,POINT (-87.713372407296 41.974016360532),POINT (1152832.1715293336 1933731.4533096985),2024,5101 N KIMBALL AVE
P412513,PASSENGER,644e7d2d4579e609a3a5332df3290951b66f270ba8c2205fae3d2d668951e627ecda921a4e4e92cb5aa5a82f8cb5d9d458b763fc8bf024880ef2d3839803ac17,1775955.0,M,58.0,DID NOT DEPLOY,NONE,"REPORTED, NOT EVIDENT",,,,,,,,2024-07-15 22:14:00,30,RAIN,"DARKNESS, LIGHTED ROAD",ANGLE,UNKNOWN INTERSECTION TYPE,WET,NO DEFECTS,ON SCENE,INJURY AND / OR TOW DUE TO CRASH,Y,"OVER $1,500",07/15/2024 10:14:00 PM,UNABLE TO DETERMINE,UNABLE TO DETERMINE,,2,"REPORTED, NOT EVIDENT",3.0,0.0,0.0,0.0,3.0,1.0,0.0,22,2,7,41.938049222,-87.663878871,POINT (-87.663878871292 41.938049221862),POINT (1166393.0961589124 1920726.1803967261),2024,1400 W BARRY AVE
O1800106,DRIVER,e726dbe9e0c553b99d9cde06455eecf9eee973fe82db404f8926a4a2d3d6da2aa2350fabc3ce9ebc5c1de7141a21774ace623012fb88430fe000bf4ec3a51912,1714422.0,X,,DEPLOYMENT UNKNOWN,NONE,NO INDICATION OF INJURY,UNKNOWN,UNKNOWN,UNKNOWN,,,,,2024-04-17 21:08:00,30,CLOUDY/OVERCAST,"DARKNESS, LIGHTED ROAD",SIDESWIPE SAME DIRECTION,DIVIDED - W/MEDIAN BARRIER,DRY,NO DEFECTS,NOT ON SCENE (DESK REPORT),INJURY AND / OR TOW DUE TO CRASH,Y,"OVER $1,500",04/18/2024 10:56:00 AM,UNABLE TO DETERMINE,NOT APPLICABLE,,4,NONINCAPACITATING INJURY,1.0,0.0,0.0,1.0,0.0,2.0,0.0,21,4,4,41.836635532,-87.704954441,POINT (-87.704954441391 41.836635531845),POINT (1155487.9463869424 1883686.5301480494),2024,3118 S KEDZIE AVE
O1812169,DRIVER,96ec8eb19476119d8287c137eed547c966aaf7e878b218f0e4b9a2fc1715e1e08348da0740dc726f0df42a7ffa4bdc581a3714716a6854ca132c45e5dd3116a4,1726068.0,M,50.0,NOT APPLICABLE,NONE,NO INDICATION OF INJURY,OTHER,NOT OBSCURED,NORMAL,,,,,2024-05-05 21:10:00,30,UNKNOWN,"DARKNESS, LIGHTED ROAD",SIDESWIPE SAME DIRECTION,DIVIDED - W/MEDIAN (NOT RAISED),UNKNOWN,UNKNOWN,NOT ON SCENE (DESK REPORT),NO INJURY / DRIVE AWAY,,"OVER $1,500",05/05/2024 09:30:00 PM,DRIVING SKILLS/KNOWLEDGE/EXPERIENCE,UNABLE TO DETERMINE,,2,NO INDICATION OF INJURY,0.0,0.0,0.0,0.0,0.0,2.0,0.0,21,1,5,41.871717548,-87.624312777,POINT (-87.624312776897 41.87171754808),POINT (1177357.9618010384 1896641.414811988),2024,808 S MICHIGAN AVE
O1790098,DRIVER,943623f77f9b96192342188fa09670eb5f01b2476343d250784fce7bb283f950b7dc1b10fac1a5374c6c8c1110d8bee1056d773511b9890e6d5e9cf8c17f4314,1704805.0,X,,DEPLOYMENT UNKNOWN,NONE,NO INDICATION OF INJURY,UNKNOWN,UNKNOWN,UNKNOWN,,,,Y,2024-04-02 11:00:00,30,CLEAR,DAYLIGHT,PARKED MOTOR VEHICLE,DIVIDED - W/MEDIAN (NOT RAISED),DRY,NO DEFECTS,NOT ON SCENE (DESK REPORT),NO INJURY / DRIVE AWAY,Y,"OVER $1,500",04/03/2024 05:45:00 PM,UNABLE TO DETERMINE,UNABLE TO DETERMINE,,2,NO INDICATION OF INJURY,0.0,0.0,0.0,0.0,0.0,1.0,0.0,11,3,4,41.913089899,-87.711928896,POINT (-87.711928895694 41.913089898719),POINT (1153385.6486049083 1911532.5391643038),2024,1742 N KIMBALL AVE
O1872341,DRIVER,5efa16b65235612da4678759d67a6072022b6b002c9b88987aa40a4520fda9855f90e3acfa195fd075918bcee118d06e616fecde100b667d4a0b9caed3ba726b,1783668.0,M,,DEPLOYMENT UNKNOWN,NONE,NO INDICATION OF INJURY,UNKNOWN,UNKNOWN,UNKNOWN,,,,,2024-07-21 02:15:00,30,CLEAR,"DARKNESS, LIGHTED ROAD",REAR END,ONE-WAY,DRY,NO DEFECTS,NOT ON SCENE (DESK REPORT),NO INJURY / DRIVE AWAY,Y,"OVER $1,500",07/27/2024 09:30:00 PM,UNABLE TO DETERMINE,UNABLE TO DETERMINE,,3,NO INDICATION OF INJURY,0.0,0.0,0.0,0.0,0.0,4.0,0.0,2,1,7,41.885644252,-87.651995378,POINT (-87.651995377911 41.885644252442),POINT (1169778.03478448 1901655.2287122528),2024,201 N MORGAN ST