PERSON_ID,PERSON_TYPE,CRASH_RECORD_ID,VEHICLE_ID,SEX,AGE,AIRBAG_DEPLOYED,EJECTION,INJURY_CLASSIFICATION,DRIVER_ACTION,DRIVER_VISION,PHYSICAL_CONDITION,PEDPEDAL_ACTION,PEDPEDAL_VISIBILITY,PEDPEDAL_LOCATION,CRASH_DATE_EST_I,CRASH_DATE,POSTED_SPEED_LIMIT,WEATHER_CONDITION,LIGHTING_CONDITION,FIRST_CRASH_TYPE,TRAFFICWAY_TYPE,ROADWAY_SURFACE_COND,ROAD_DEFECT,REPORT_TYPE,CRASH_TYPE,HIT_AND_RUN_I,DAMAGE,DATE_POLICE_NOTIFIED,PRIM_CONTRIBUTORY_CAUSE,SEC_CONTRIBUTORY_CAUSE,DOORING_I,NUM_UNITS,MOST_SEVERE_INJURY,INJURIES_TOTAL,INJURIES_FATAL,INJURIES_INCAPACITATING,INJURIES_NON_INCAPACITATING,INJURIES_REPORTED_NOT_EVIDENT,INJURIES_NO_INDICATION,INJURIES_UNKNOWN,CRASH_HOUR,CRASH_DAY_OF_WEEK,CRASH_MONTH,LATITUDE,LONGITUDE,LOCATION,geometry,YEAR,ADDRESS
O1844815,DRIVER,8967419871064fa608a09100516d7ed6e8cfb3544764c55552608f2d0432972f53f86b5350160038aa800b19c2d24f83b953c41e14f81c8f257c818d57cf6078,1757333.0,M,50.0,DID NOT DEPLOY,NONE,NO INDICATION OF INJURY,OTHER,UNKNOWN,NORMAL,,,,,2024-06-17 19:20:00,30,CLEAR,DAYLIGHT,SIDESWIPE SAME DIRECTION,FOUR WAY,DRY,NO DEFECTS,NOT ON SCENE (DESK REPORT),NO INJURY / DRIVE AWAY,,"$501 - $1,500",06/17/2024 08:20:00 PM,UNABLE TO DETERMINE,UNABLE TO DETERMINE,,2,NO INDICATION OF INJURY,0.0,0.0,0.0,0.0,0.0,2.0,0.0,19,2,6,41.773047822,-87.605913053,POINT (-87.605913052872 41.773047821886),POINT (1182673.7242950855 1860728.510609165),2024,6700 S COTTAGE GROVE AVE
O1946671,DRIVER,b238498a13ba9dfa85ab4022e6dc93b1da6c26f968a204f0b44d6defc4b7576ab45658d3842077a2ed2842e1d1653bddb8eaa640d0deb1256c3687b0d6bea352,1854497.0,M,,DEPLOYMENT UNKNOWN,NONE,NO INDICATION OF INJURY,UNKNOWN,UNKNOWN,UNKNOWN,,,,,2024-11-10 11:08:00,15,RAIN,DAYLIGHT,FIXED OBJECT,ALLEY,WET,NO DEFECTS,ON SCENE,INJURY AND / OR TOW DUE TO CRASH,Y,"OVER $1,500",11/10/2024 11:08:00 AM,UNABLE TO DETERMINE,NOT APPLICABLE,,1,NO INDICATION OF INJURY,0.0,0.0,0.0,0.0,0.0,1.0,0.0,11,1,11,41.895405161,-87.710510591,POINT (-87.710510590535 41.895405160755),POINT (1153818.4772026339 1905091.0192016626),2024,3339 W CHICAGO AVE
O1844558,DRIVER,63e056de3ab46fcc5ff31f1d87a9953e874dec6703d90f63b7ee189022cf59ad2c14083ecec8a9c18fbd4cfc326e6dca26bd5cdbcb617a6277f00baa9497e469,1757076.0,F,27.0,NOT APPLICABLE,NONE,NO INDICATION OF INJURY,NONE,NOT OBSCURED,NORMAL,,,,,2024-06-17 11:40:00,30,CLEAR,DAYLIGHT,TURNING,NOT DIVIDED,DRY,NO DEFECTS,NOT ON SCENE (DESK REPORT),NO INJURY / DRIVE AWAY,,"$501 - $1,500",06/17/2024 03:37:00 PM,IMPROPER TURNING/NO SIGNAL,NOT APPLICABLE,,2,NO INDICATION OF INJURY,0.0,0.0,0.0,0.0,0.0,3.0,0.0,11,2,6,41.825541228,-87.701890633,POINT (-87.701890632845 41.82554122796),POINT (1156352.5766691675 1879649.9379257665),2024,3725 S ALBANY AVE
O1751146,DRIVER,62d399cdd614552b82d452df440a25b087dd0b27f61fbbbc58db25fd3cd1b523313756f58d08318f0785c648f629b143250f45a54242d1d70b2bfde31f3f3200,1667257.0,F,39.0,DID NOT DEPLOY,NONE,NO INDICATION OF INJURY,UNKNOWN,UNKNOWN,NORMAL,,,,,2024-01-31 14:45:00,25,CLEAR,DAYLIGHT,SIDESWIPE SAME DIRECTION,NOT DIVIDED,DRY,UNKNOWN,NOT ON SCENE (DESK REPORT),NO INJURY / DRIVE AWAY,,"OVER $1,500",01/31/2024 02:56:00 PM,UNABLE TO DETERMINE,UNABLE TO DETERMINE,,2,NO INDICATION OF INJURY,0.0,0.0,0.0,0.0,0.0,2.0,0.0,14,4,1,41.843100074,-87.714603448,POINT (-87.714603447726 41.843100073865),POINT (1152841.5390779225 1886023.095298107),2024,2643 S CENTRAL PARK AVE
O1855686,DRIVER,8781d4eddce7def64b2ccc1c65424a9d2a59e1942633bdfa0a5601269e1a07665baa5abdf54ad083a4042f0b0e8061b4f1d6244698a4eed506da7a134a8456b5,1767794.0,M,41.0,DID NOT DEPLOY,NONE,NO INDICATION OF INJURY,UNKNOWN,UNKNOWN,UNKNOWN,,,,,2024-07-03 13:11:00,30,CLEAR,DAYLIGHT,REAR END,NOT DIVIDED,DRY,NO DEFECTS,ON SCENE,NO INJURY / DRIVE AWAY,Y,"OVER $1,500",07/03/2024 01:17:00 PM,UNABLE TO DETERMINE,UNABLE TO DETERMINE,,2,NO INDICATION OF INJURY,0.0,0.0,0.0,0.0,0.0,3.0,0.0,13,4,7,41.87387873,-87.671406957,POINT (-87.671406957399 41.873878730436),POINT (1164525.3103229054 1897326.5159896133),2024,607 S WOOD ST
O1745309,DRIVER,2b61cec4a14f0c6f2c47fa8d77cb3574077318fa077f1ddb0f588278372c7160724e643a7ff834a8a469ae1e21018a63efe8b5e3d8b2fed8d870ea68c054f9da,1661690.0,M,29.0,NOT APPLICABLE,NONE,NO INDICATION OF INJURY,OTHER,NOT OBSCURED,NORMAL,,,,,2024-01-21 20:05:00,35,CLEAR,"DARKNESS, LIGHTED ROAD",SIDESWIPE SAME DIRECTION,FOUR WAY,DRY,NO DEFECTS,ON SCENE,NO INJURY / DRIVE AWAY,Y,"OVER $1,500",01/21/2024 08:07:00 PM,NOT APPLICABLE,"OPERATING VEHICLE IN ERRATIC, RECKLESS, CARELESS, NEGLIGENT OR AGGRESSIVE MANNER",,2,NO INDICATION OF INJURY,0.0,0.0,0.0,0.0,0.0,3.0,0.0,20,1,1,41.735784986,-87.653482263,POINT (-87.653482262608 41.73578498576),POINT (1169805.1501790707 1847044.0996092411),2024,8702 S RACINE AVE
O1816737,DRIVER,53e550170d716db11278f8cbccf0e84ede16dd241e9a4db84b2faa14dec5c78b8ea45a6de1d735c71114024e02e8209a88c23dccfc848dab0c2e9f464460f7ce,1730464.0,M,45.0,"DEPLOYED, COMBINATION",NONE,INCAPACITATING INJURY,NONE,OTHER,NORMAL,,,,,2024-05-07 20:23:00,45,CLEAR,"DARKNESS, LIGHTED ROAD",SIDESWIPE SAME DIRECTION,DIVIDED - W/MEDIAN (NOT RAISED),DRY,NO DEFECTS,ON SCENE,INJURY AND / OR TOW DUE TO CRASH,,"OVER $1,500",05/07/2024 08:25:00 PM,"VISION OBSCURED (SIGNS, TREE LIMBS, BUILDINGS, ETC.)",NOT APPLICABLE,,2,INCAPACITATING INJURY,1.0,0.0,1.0,0.0,0.0,1.0,0.0,20,3,5,41.958407524,-87.886333248,POINT (-87.886333247534 41.958407523899),POINT (1105829.5426223003 1927750.6634869287),2024,10300 W IRVING PARK RD
P396135,PASSENGER,3b765b15f8fc2288c8d12abe18b4d8d15f48d2ea1ade8861e82cbaa2403e68d1c73d19c60bcbf63d1b86d5859a95b8ce8a216faa2c2ef3155105393f16fef8fa,1707891.0,F,,DID NOT DEPLOY,NONE,NO INDICATION OF INJURY,,,,,,,,2024-04-08 16:35:00,30,CLEAR,DAYLIGHT,REAR END,NOT DIVIDED,DRY,NO DEFECTS,NOT ON SCENE (DESK REPORT),INJURY AND / OR TOW DUE TO CRASH,,"$501 - $1,500",04/08/2024 05:20:00 PM,UNABLE TO DETERMINE,NOT APPLICABLE,,2,"REPORTED, NOT EVIDENT",1.0,0.0,0.0,0.0,1.0,6.0,0.0,16,2,4,41.881933187,-87.720320744,POINT (-87.720320744394 41.881933187065),POINT (1151182.6436100237 1900162.6091339057),2024,3752 W WASHINGTON BLVD
O1868388,DRIVER,2711d879cef0cc8f196f6c2513af86eee2ab5d738e4877d9248018369fea35e30405487c6900a764725727707521f636eb28ca5e0bf4ae8588772ff7b31a0b36,1779879.0,F,58.0,NOT APPLICABLE,NONE,NO INDICATION OF INJURY,UNKNOWN,NOT OBSCURED,NORMAL,,,,,2024-07-22 08:10:00,35,CLEAR,DAYLIGHT,SIDESWIPE SAME DIRECTION,NOT DIVIDED,DRY,NO DEFECTS,NOT ON SCENE (DESK REPORT),NO INJURY / DRIVE AWAY,,$500 OR LESS,07/22/2024 09:00:00 AM,UNABLE TO DETERMINE,UNABLE TO DETERMINE,,2,NO INDICATION OF INJURY,0.0,0.0,0.0,0.0,0.0,2.0,0.0,8,2,7,41.778607156,-87.718887424,POINT (-87.718887424313 41.778607156112),POINT (1151842.2611926333 1862513.8732740264),2024,3825 W 63RD ST
P404845,PASSENGER,d47333035daf35bf125f8e68e7b700bcf2ee806ea6f4e9d635294a40277952d51b0470d3f59e6d3438f835574bd82c589a52af3a843ac6ff46cdce20c9d74c87,1744112.0,M,,NOT APPLICABLE,NONE,NO INDICATION OF INJURY,,,,,,,,2024-05-30 19:07:00,30,CLEAR,DAYLIGHT,PEDESTRIAN,NOT DIVIDED,DRY,NO DEFECTS,ON SCENE,INJURY AND / OR TOW DUE TO CRASH,,"OVER $1,500",05/30/2024 07:09:00 PM,NOT APPLICABLE,NOT APPLICABLE,,2,INCAPACITATING INJURY,1.0,0.0,1.0,0.0,0.0,3.0,0.0,19,5,5,42.003322001,-87.672262805,POINT (-87.672262804955 42.003322001338),POINT (1163928.4730461352 1944494.1771400988),2024,6655 N CLARK ST
O1770637,DRIVER,d7b163c4b750da352f55b084a5bfdfe048c24924f18d0b71ada36eb6de35ca5dc774e9e7ea467cfd27bbbf1a33491b0d80f18c6b52ab134d828129b4c1f685be,1686089.0,M,35.0,DEPLOYMENT UNKNOWN,UNKNOWN,NO INDICATION OF INJURY,UNKNOWN,UNKNOWN,UNKNOWN,,,,,2024-03-04 12:17:00,30,UNKNOWN,UNKNOWN,TURNING,PARKING LOT,UNKNOWN,UNKNOWN,NOT ON SCENE (DESK REPORT),NO INJURY / DRIVE AWAY,,"OVER $1,500",03/04/2024 01:30:00 PM,UNABLE TO DETERMINE,UNABLE TO DETERMINE,,2,NO INDICATION OF INJURY,0.0,0.0,0.0,0.0,0.0,2.0,0.0,12,2,3,41.885535212,-87.661897248,POINT (-87.66189724784 41.885535211997),POINT (1167082.0569760122 1901594.2421666533),2024,1380 W LAKE ST
O1912369,DRIVER,20bbc5db72384c90be5335d4578048123ef70daee95b90af9934461a8bae4cb14d18c8f6a9ad0c756596427438999f769b1a1961b843989b1054818e44f32f0c,1821842.0,M,51.0,NOT APPLICABLE,NONE,NO INDICATION OF INJURY,UNKNOWN,UNKNOWN,NORMAL,,,,,2024-09-22 12:15:00,30,RAIN,DAYLIGHT,ANGLE,UNKNOWN,WET,UNKNOWN,NOT ON SCENE (DESK REPORT),NO INJURY / DRIVE AWAY,,"OVER $1,500",09/22/2024 01:15:00 PM,UNABLE TO DETERMINE,NOT APPLICABLE,,2,NO INDICATION OF INJURY,0.0,0.0,0.0,0.0,0.0,2.0,0.0,12,1,9,41.756158058,-87.647761954,POINT (-87.647761953894 41.756158057733),POINT (1171307.2835608192 1854480.2415767338),2024,928 W 76TH ST
O1827870,DRIVER,eee5b909fe23132314382e381a64e80074a3d949ca8588bda006771358f2d841088bb9d345318a5d89da1a0e82b82e2c81b056126ff5cbe05094540fe9d1e016,1741107.0,M,,DEPLOYMENT UNKNOWN,UNKNOWN,NO INDICATION OF INJURY,UNKNOWN,UNKNOWN,UNKNOWN,,,,,2024-05-26 15:04:00,30,CLEAR,DAYLIGHT,PARKED MOTOR VEHICLE,ONE-WAY,DRY,NO DEFECTS,ON SCENE,NO INJURY / DRIVE AWAY,Y,"OVER $1,500",05/26/2024 03:04:00 PM,UNABLE TO DETERMINE,UNABLE TO DETERMINE,,2,NO INDICATION OF INJURY,0.0,0.0,0.0,0.0,0.0,1.0,0.0,15,1,5,41.79924976,-87.622728617,POINT (-87.62272861652 41.799249759861),POINT (1178007.882724086 1870237.9750327542),2024,5226 S MICHIGAN AVE
O1849665,DRIVER,10b661eb995235039a666c3982edbabfca4f36203dcc0a83419f89c00328c9a13c984095ef9c933abd564b1d8cc6db53e5d91e05d82719642a1f78df3959b3f9,1761992.0,M,27.0,DID NOT DEPLOY,NONE,NO INDICATION OF INJURY,FAILED TO YIELD,NOT OBSCURED,NORMAL,,,,,2024-06-24 16:15:00,30,CLEAR,DAYLIGHT,REAR TO REAR,NOT DIVIDED,DRY,NO DEFECTS,,NO INJURY / DRIVE AWAY,N,"OVER $1,500",06/24/2024 05:00:00 PM,FOLLOWING TOO CLOSELY,FAILING TO REDUCE SPEED TO AVOID CRASH,,2,NO INDICATION OF INJURY,0.0,0.0,0.0,0.0,0.0,4.0,0.0,16,2,6,41.778567423,-87.722611515,POINT (-87.722611514906 41.778567422943),POINT (1150826.6009321702 1862492.158932887),2024,6303 S PULASKI RD
O1873101,DRIVER,c7edab7765aca47a5bdac70067e4943303318a46cc95a16d9772aff4a301ca058151a69b8ccb4cae7fdcf15869e0cd9920fa9c29640270e54b2c84873f90d8b4,1784402.0,M,34.0,NOT APPLICABLE,NONE,NO INDICATION OF INJURY,OTHER,UNKNOWN,OTHER,,,,,2024-07-29 01:49:00,30,CLEAR,"DARKNESS, LIGHTED ROAD",SIDESWIPE SAME DIRECTION,NOT DIVIDED,DRY,NO DEFECTS,ON SCENE,INJURY AND / OR TOW DUE TO CRASH,,"OVER $1,500",07/29/2024 01:55:00 AM,FAILING TO REDUCE SPEED TO AVOID CRASH,UNABLE TO DETERMINE,,2,NO INDICATION OF INJURY,0.0,0.0,0.0,0.0,0.0,2.0,0.0,1,2,7,41.86935997,-87.656606594,POINT (-87.656606593876 41.869359970462),POINT (1168569.1841233545 1895711.3196010783),2024,1001 S RACINE AVE
O1930482,DRIVER,d075b8c6005dd66900088ff96acbd5fd70d31949db276945a6e8f35f7f165ab34cb03e8167288b13c2ee9cda0f5afa7dbff8cdca7d04b4e584cf65ebdd4020f6,1839105.0,X,,DEPLOYMENT UNKNOWN,NONE,NO INDICATION OF INJURY,DISREGARDED CONTROL DEVICES,UNKNOWN,UNKNOWN,,,,,2024-10-14 12:15:00,30,CLEAR,DARKNESS,PEDALCYCLIST,FOUR WAY,DRY,UNKNOWN,,NO INJURY / DRIVE AWAY,Y,"OVER $1,500",10/16/2024 11:00:00 AM,DISREGARDING TRAFFIC SIGNALS,DISREGARDING TRAFFIC SIGNALS,,2,NO INDICATION OF INJURY,0.0,0.0,0.0,0.0,0.0,2.0,0.0,12,2,10,41.872653806,-87.676346888,POINT (-87.676346888125 41.872653806189),POINT (1163183.3326380597 1896869.8189110418),2024,2001 W OGDEN AVE
P390577,PASSENGER,44a994a7605bd196eee330841aa20e88c331dc95c0a0d3713c3894aad06c355fdb85430f63b23c9294c1a8ba17f8791d0eb01e9fe6d26359142a7c5e1ada5b58,1683752.0,F,7.0,DID NOT DEPLOY,NONE,NO INDICATION OF INJURY,,,,,,,,2024-02-29 16:15:00,30,CLEAR,DAYLIGHT,REAR END,DIVIDED - W/MEDIAN (NOT RAISED),DRY,UNKNOWN,ON SCENE,NO INJURY / DRIVE AWAY,,"$501 - $1,500",02/29/2024 04:40:00 PM,FOLLOWING TOO CLOSELY,NOT APPLICABLE,,2,NO INDICATION OF INJURY,0.0,0.0,0.0,0.0,0.0,5.0,0.0,16,5,2,41.954077311,-87.727775766,POINT (-87.72777576619 41.954077311331),POINT (1148966.8891071363 1926437.5746265766),2024,4012 N PULASKI RD
O1915793,DRIVER,cf276bb943be4eac85978f230ad748e2b6e950e4d21586f96ea1b9d2877f520fc7ec50bfb26fd1764eaf44d1780090436144aad54fdd0b257fd12d84b99de17b,1825102.0,M,65.0,NOT APPLICABLE,NONE,NO INDICATION OF INJURY,FAILED TO YIELD,UNKNOWN,UNKNOWN,,,,,2024-09-26 16:54:00,15,CLEAR,DAYLIGHT,TURNING,PARKING LOT,DRY,UNKNOWN,,NO INJURY / DRIVE AWAY,,"OVER $1,500",09/26/2024 04:56:00 PM,FAILING TO YIELD RIGHT-OF-WAY,NOT APPLICABLE,,2,NO INDICATION OF INJURY,0.0,0.0,0.0,0.0,0.0,3.0,0.0,16,5,9,41.740911065,-87.740922859,POINT (-87.740922859385 41.740911065365),POINT (1145926.5876774504 1848735.5912656186),2024,8333 S CICERO AVE
P386587,PASSENGER,2c0d3d8d2e3084df4f06617b62f755f74a0e92646d43dfe73e34e2b311ad1766c0e18d99eecf974f35e75831327b4499f2dea40f5f32a3f3cb0ad83c11d91b25,1665331.0,M,33.0,DID NOT DEPLOY,NONE,NO INDICATION OF INJURY,,,,,,,,2024-01-27 19:44:00,30,RAIN,"DARKNESS, LIGHTED ROAD",REAR END,NOT DIVIDED,WET,NO DEFECTS,ON SCENE,INJURY AND / OR TOW DUE TO CRASH,,"OVER $1,500",01/27/2024 07:55:00 PM,FOLLOWING TOO CLOSELY,NOT APPLICABLE,,2,"REPORTED, NOT EVIDENT",1.0,0.0,0.0,0.0,1.0,4.0,0.0,19,7,1,41.898651006,-87.760702036,POINT (-87.76070203598 41.898651006107),POINT (1140145.507758987 1906178.6028724802),2024,5358 W AUGUSTA BLVD
O1875148,DRIVER,294654400435ebd4addfd4dd7c355ee2a83fe447fb30c0366f679d8669b14348fb748f6b375ceeea1616a5b4da4f6324f8e7d004457298672c734255973f0d6c,1786346.0,F,19.0,NOT APPLICABLE,NONE,NO INDICATION OF INJURY,OTHER,UNKNOWN,NORMAL,,,,,2024-07-31 19:00:00,30,UNKNOWN,UNKNOWN,SIDESWIPE SAME DIRECTION,DIVIDED - W/MEDIAN (NOT RAISED),UNKNOWN,UNKNOWN,NOT ON SCENE (DESK REPORT),NO INJURY / DRIVE AWAY,Y,"OVER $1,500",07/31/2024 09:25:00 PM,UNABLE TO DETERMINE,UNABLE TO DETERMINE,,2,NO INDICATION OF INJURY,0.0,0.0,0.0,0.0,0.0,3.0,0.0,19,4,7,41.852656214,-87.652972101,POINT (-87.652972100668 41.852656214439),POINT (1169607.3468191123 1889632.3322050574),2024,1040 W CERMAK RD
P393608,PASSENGER,caf0ef18aecc35135a563ae4a4ceee0600ae7a70d6ac8a1bd24ce7c602e26404989ab00f41863e24aa36fe329e86fd37a817584a31c166d9fec7298823ba2d1d,1694847.0,M,,DEPLOYMENT UNKNOWN,NONE,NO INDICATION OF INJURY,,,,,,,,2024-03-18 03:43:00,30,CLEAR,DAWN,REAR END,DIVIDED - W/MEDIAN (NOT RAISED),DRY,UNKNOWN,ON SCENE,INJURY AND / OR TOW DUE TO CRASH,,"OVER $1,500",03/18/2024 03:43:00 AM,DISREGARDING OTHER TRAFFIC SIGNS,DISREGARDING OTHER TRAFFIC SIGNS,,2,"REPORTED, NOT EVIDENT",1.0,0.0,0.0,0.0,1.0,4.0,0.0,3,2,3,41.743817061,-87.621107482,POINT (-87.621107482455 41.743817061391),POINT (1178617.189477272 1850042.3740338695),2024,100 E 83RD ST
P397776,PASSENGER,88cc27592009d7e31e214b14463a6be27d71d1f83b223a93033ba6ae314a3f58980861628f650c58eb763e8db638a7a9c93fae6a0f11f959b92c52c397e2da88,1715047.0,F,49.0,DID NOT DEPLOY,NONE,NO INDICATION OF INJURY,,,,,,,,2024-04-19 09:00:00,30,CLEAR,DAYLIGHT,PARKED MOTOR VEHICLE,DIVIDED - W/MEDIAN (NOT RAISED),DRY,NO DEFECTS,NOT ON SCENE (DESK REPORT),NO INJURY / DRIVE AWAY,Y,"$501 - $1,500",04/19/2024 09:05:00 AM,DRIVING SKILLS/KNOWLEDGE/EXPERIENCE,UNABLE TO DETERMINE,,2,NO INDICATION OF INJURY,0.0,0.0,0.0,0.0,0.0,3.0,0.0,9,6,4,41.820961595,-87.684350194,POINT (-87.684350193687 41.820961595149),POINT (1161145.9310039168 1878016.766615927),2024,4002 S WESTERN BLVD
O1871213,DRIVER,022a3def7884bb752bf89cc7df578ea4ec336f7122bcf05dad848c26d19d275cfc7b1cfbd9b908f4ee148f33d27c5a7e093e41adc6fddfebc2a55aed8d100183,1782572.0,M,,DEPLOYMENT UNKNOWN,NONE,NO INDICATION OF INJURY,TOO FAST FOR CONDITIONS,UNKNOWN,UNKNOWN,,,,,2024-07-26 10:38:00,30,CLEAR,DAYLIGHT,PEDALCYCLIST,ALLEY,UNKNOWN,UNKNOWN,NOT ON SCENE (DESK REPORT),INJURY AND / OR TOW DUE TO CRASH,Y,"OVER $1,500",07/26/2024 12:41:00 PM,UNABLE TO DETERMINE,UNABLE TO DETERMINE,,2,"REPORTED, NOT EVIDENT",1.0,0.0,0.0,0.0,1.0,2.0,0.0,10,6,7,41.808471986,-87.689192688,POINT (-87.689192687855 41.808471985769),POINT (1159860.1015381054 1873455.6875554197),2024,2556 W 47TH ST
O1922102,DRIVER,8ba1a3004753a43bd6575ba22ea13698a0cf937f6f87f7f7720df0e4d648dab3fbc280c8fd4c8f4a77f03fa342131432274749210a6ddfd62665383956d40978,1831151.0,M,,DID NOT DEPLOY,NONE,NO INDICATION OF INJURY,NONE,NOT OBSCURED,NORMAL,,,,,2024-10-06 10:30:00,30,CLEAR,DAYLIGHT,SIDESWIPE SAME DIRECTION,DIVIDED - W/MEDIAN BARRIER,DRY,NO DEFECTS,NOT ON SCENE (DESK REPORT),NO INJURY / DRIVE AWAY,,"OVER $1,500",10/06/2024 12:30:00 PM,DRIVING SKILLS/KNOWLEDGE/EXPERIENCE,UNABLE TO DETERMINE,,2,NO INDICATION OF INJURY,0.0,0.0,0.0,0.0,0.0,3.0,0.0,10,1,10,41.867623429,-87.620332399,POINT (-87.62033239926 41.867623428526),POINT (1178454.4506441904 1895158.50307752),2024,300 E ROOSEVELT DR
O1734560,DRIVER,3384daa10945cd270cd6c418c50ef5ead3db5d48af7b0c0d55e170b3b12cdb478d4c1597acf0c535f6efcac58fa000174216837cb40e01250ab221f9301142b8,1651316.0,F,42.0,NOT APPLICABLE,NONE,NO INDICATION OF INJURY,NONE,NOT OBSCURED,NORMAL,,,,,2024-01-03 09:15:00,10,CLEAR,DAYLIGHT,SIDESWIPE OPPOSITE DIRECTION,PARKING LOT,UNKNOWN,UNKNOWN,NOT ON SCENE (DESK REPORT),NO INJURY / DRIVE AWAY,,"OVER $1,500",01/03/2024 10:45:00 AM,DRIVING SKILLS/KNOWLEDGE/EXPERIENCE,NOT APPLICABLE,,2,NO INDICATION OF INJURY,0.0,0.0,0.0,0.0,0.0,2.0,0.0,9,4,1,41.809455863,-87.603840324,POINT (-87.603840323976 41.809455863234),POINT (1183126.5472501533 1874000.1674749095),2024,901 E 47TH ST
P416965,PASSENGER,e38ea599884fd18d4477d148b39810ca0f7a30ad1406c916c36ad2b66bc21a36d57866b8490b90e5fba0fd4bccee612891a4e0352ebd18bb80966b74bc885bf3,1795739.0,M,,DEPLOYMENT UNKNOWN,NONE,NO INDICATION OF INJURY,,,,,,,,2024-08-15 10:30:00,30,CLEAR,DAYLIGHT,PARKED MOTOR VEHICLE,DIVIDED - W/MEDIAN (NOT RAISED),DRY,NO DEFECTS,NOT ON SCENE (DESK REPORT),NO INJURY / DRIVE AWAY,,"OVER $1,500",08/15/2024 02:40:00 PM,UNABLE TO DETERMINE,UNABLE TO DETERMINE,,2,NO INDICATION OF INJURY,0.0,0.0,0.0,0.0,0.0,2.0,0.0,10,5,8,41.902606533,-87.721003759,POINT (-87.721003759116 41.902606533171),POINT (1150942.8862369354 1907694.6332287365),2024,3751 W DIVISION ST
O1872655,DRIVER,c57d077753b173a868941b18aa6a94990a728de2cdb0b0d4e9e311380d21bcaf22596933cea9c48e75e615e0a36ee3f2706fbdde881df6917b47a7177f43bd6f,1783978.0,F,45.0,NOT APPLICABLE,NONE,NO INDICATION OF INJURY,NONE,NOT OBSCURED,NORMAL,,,,,2024-07-28 08:40:00,45,RAIN,DAWN,SIDESWIPE SAME DIRECTION,DIVIDED - W/MEDIAN BARRIER,WET,NO DEFECTS,NOT ON SCENE (DESK REPORT),NO INJURY / DRIVE AWAY,Y,"OVER $1,500",07/28/2024 12:20:00 PM,IMPROPER LANE USAGE,IMPROPER LANE USAGE,,2,NO INDICATION OF INJURY,0.0,0.0,0.0,0.0,0.0,2.0,0.0,8,1,7,41.897764694,-87.61766908,POINT (-87.617669079884 41.897764693601),POINT (1179088.2848849543 1906148.0013908586),2024,836 N LAKE SHORE DR SB
O1937734,DRIVER,bfa05db7737c198db38ffd37b49fd86229398b230507e9a61ed72996e4441d0c57df5eb01d74603ab851e3185e1a9b24a57f90edd5f11fefaf754d4cd0513637,1846046.0,F,31.0,NOT APPLICABLE,NONE,NO INDICATION OF INJURY,NONE,NOT OBSCURED,NORMAL,,,,,2024-10-28 14:25:00,30,CLEAR,DAYLIGHT,TURNING,FOUR WAY,DRY,NO DEFECTS,NOT ON SCENE (DESK REPORT),NO INJURY / DRIVE AWAY,,"OVER $1,500",10/28/2024 03:45:00 PM,IMPROPER TURNING/NO SIGNAL,IMPROPER LANE USAGE,,2,NO INDICATION OF INJURY,0.0,0.0,0.0,0.0,0.0,2.0,0.0,14,2,10,41.793139324,-87.74046693,POINT (-87.740466930046 41.793139323864),POINT (1145919.8381268233 1867767.96715261),2024,5498 S KILPATRICK AVE
O1952295,DRIVER,68c20c764bcdc28d5aeb2c85bc47d59d0f70933da2e24da83ef39ea2f6397121c6ad38b55b70737bc32b2aeb1c7a8112425cca4c5f48f690ec663174e868aa20,1859902.0,X,,DEPLOYMENT UNKNOWN,NONE,NO INDICATION OF INJURY,UNKNOWN,UNKNOWN,UNKNOWN,,,,,2024-11-18 21:55:00,30,RAIN,"DARKNESS, LIGHTED ROAD",FIXED OBJECT,NOT DIVIDED,WET,NO DEFECTS,ON SCENE,INJURY AND / OR TOW DUE TO CRASH,Y,"OVER $1,500",11/18/2024 09:55:00 PM,UNABLE TO DETERMINE,UNABLE TO DETERMINE,,2,NO INDICATION OF INJURY,0.0,0.0,0.0,0.0,0.0,2.0,0.0,21,2,11,41.893510922,-87.716776757,POINT (-87.71677675715 41.893510922064),POINT (1152117.416102825 1904388.4376938606),2024,3611 W HURON ST
O1776325,DRIVER,e6d50d6be88fe6235ab0dc9651052623cfc1e6166e345c7964e57b9604bbf91f4ce544d963179bed2fa04a27ee6f66d556edf40b3f130494755970b97107501b,1691519.0,F,27.0,DID NOT DEPLOY,NONE,NO INDICATION OF INJURY,FAILED TO YIELD,NOT OBSCURED,NORMAL,,,,,2024-03-12 07:44:00,30,CLEAR,DAYLIGHT,TURNING,DIVIDED - W/MEDIAN (NOT RAISED),DRY,NO DEFECTS,NOT ON SCENE (DESK REPORT),NO INJURY / DRIVE AWAY,Y,"$501 - $1,500",03/13/2024 12:55:00 AM,FAILING TO YIELD RIGHT-OF-WAY,NOT APPLICABLE,,2,NO INDICATION OF INJURY,0.0,0.0,0.0,0.0,0.0,2.0,0.0,7,3,3,41.815101021,-87.724005233,POINT (-87.724005233406 41.815101021137),POINT (1150352.094382222 1875802.0579230827),2024,4300 S PULASKI RD