PERSON_ID,PERSON_TYPE,CRASH_RECORD_ID,VEHICLE_ID,SEX,AGE,AIRBAG_DEPLOYED,EJECTION,INJURY_CLASSIFICATION,DRIVER_ACTION,DRIVER_VISION,PHYSICAL_CONDITION,PEDPEDAL_ACTION,PEDPEDAL_VISIBILITY,PEDPEDAL_LOCATION,CRASH_DATE_EST_I,CRASH_DATE,POSTED_SPEED_LIMIT,WEATHER_CONDITION,LIGHTING_CONDITION,FIRST_CRASH_TYPE,TRAFFICWAY_TYPE,ROADWAY_SURFACE_COND,ROAD_DEFECT,REPORT_TYPE,CRASH_TYPE,HIT_AND_RUN_I,DAMAGE,DATE_POLICE_NOTIFIED,PRIM_CONTRIBUTORY_CAUSE,SEC_CONTRIBUTORY_CAUSE,DOORING_I,NUM_UNITS,MOST_SEVERE_INJURY,INJURIES_TOTAL,INJURIES_FATAL,INJURIES_INCAPACITATING,INJURIES_NON_INCAPACITATING,INJURIES_REPORTED_NOT_EVIDENT,INJURIES_NO_INDICATION,INJURIES_UNKNOWN,CRASH_HOUR,CRASH_DAY_OF_WEEK,CRASH_MONTH,LATITUDE,LONGITUDE,LOCATION,geometry,YEAR,ADDRESS
O1947112,DRIVER,78a1e72dab05f9ba254d119b46731625407721a9f0a3d63d98fd0d85beb47eb4268d95c352d64550208c2ddce4fcaa1ae2421cb4624e6b3276aa1ac5a6ce06b9,1855026.0,F,44.0,DID NOT DEPLOY,NONE,NO INDICATION OF INJURY,NONE,NOT OBSCURED,NORMAL,,,,,2024-11-11 12:50:00,30,CLEAR,DAYLIGHT,REAR END,NOT DIVIDED,DRY,NO DEFECTS,NOT ON SCENE (DESK REPORT),NO INJURY / DRIVE AWAY,,"$501 - $1,500",11/11/2024 01:00:00 PM,UNABLE TO DETERMINE,UNABLE TO DETERMINE,,2,NO INDICATION OF INJURY,0.0,0.0,0.0,0.0,0.0,2.0,0.0,12,2,11,41.708035864,-87.576318663,POINT (-87.576318662843 41.708035864057),POINT (1190954.8478998172 1837108.4098499252),2024,1952 E 103RD ST
O1800877,DRIVER,acb0ed8bc92c40026ab6a0da3b443f0ca4a2925e94ffa2f204ea3d92d24351d878627e0220523b0dd264d2bc5b52f78b99b2fd113b8b1521a7c3c6aaecf785e9,1715162.0,X,,DEPLOYMENT UNKNOWN,NONE,NO INDICATION OF INJURY,IMPROPER PASSING,UNKNOWN,UNKNOWN,,,,,2024-04-19 12:20:00,30,CLEAR,DAYLIGHT,SIDESWIPE SAME DIRECTION,NOT DIVIDED,UNKNOWN,NO DEFECTS,NOT ON SCENE (DESK REPORT),NO INJURY / DRIVE AWAY,Y,"OVER $1,500",04/19/2024 01:15:00 PM,IMPROPER OVERTAKING/PASSING,NOT APPLICABLE,,2,NO INDICATION OF INJURY,0.0,0.0,0.0,0.0,0.0,2.0,0.0,12,6,4,41.773330698,-87.578800784,POINT (-87.578800784433 41.773330697942),POINT (1190068.47877835 1860895.3086535078),2024,6701 S BENNETT AVE
P427924,PASSENGER,bda9c3c81442b301076b1379cb67cc315426748b07961784c7b93b470b7c8119ddda887a0335e2321595decb7a99a55864f5e65feb40ddf99e56a00990aafd23,1843135.0,F,0.0,DID NOT DEPLOY,NONE,NO INDICATION OF INJURY,,,,,,,,2024-10-24 11:41:00,30,CLEAR,DAYLIGHT,REAR END,FOUR WAY,DRY,NO DEFECTS,ON SCENE,NO INJURY / DRIVE AWAY,Y,"$501 - $1,500",10/24/2024 11:57:00 AM,DISREGARDING TRAFFIC SIGNALS,FOLLOWING TOO CLOSELY,,2,NO INDICATION OF INJURY,0.0,0.0,0.0,0.0,0.0,5.0,0.0,11,5,10,41.891137089,-87.662348416,POINT (-87.66234841639 41.891137088843),POINT (1166943.2410368791 1903634.602185816),2024,1400 W GRAND AVE
O1897652,PEDESTRIAN,43a7d225a16754c44f444e42dfb2e8be7ad9c45af060e6fbfbfc5b04158ac7beb5333ed7b37ffdf49234ac1215de57f39ec2b703a98d3068c5851792855759c3,,M,25.0,,,NONINCAPACITATING INJURY,UNKNOWN,NOT OBSCURED,NORMAL,UNKNOWN/NA,NO CONTRASTING CLOTHING,IN CROSSWALK,,2024-09-01 17:45:00,30,CLEAR,DAYLIGHT,PEDESTRIAN,NOT DIVIDED,DRY,NO DEFECTS,NOT ON SCENE (DESK REPORT),INJURY AND / OR TOW DUE TO CRASH,,"OVER $1,500",09/02/2024 12:30:00 PM,UNABLE TO DETERMINE,NOT APPLICABLE,,2,NONINCAPACITATING INJURY,1.0,0.0,0.0,1.0,0.0,1.0,0.0,17,1,9,41.928687916,-87.642484671,POINT (-87.642484671389 41.928687915663),POINT (1172241.482322849 1917361.0804092612),2024,2534 N CLARK ST
O1853532,DRIVER,5fc16e652a0c902dd3e31473a9812b4e88ddffc2dc87d3c1368309d56dd8389bfd4d202055a74eb0165dfcd1bb09df62262d5f8a6a578646653a651f88f64bcf,1765702.0,F,57.0,DID NOT DEPLOY,NONE,NO INDICATION OF INJURY,NONE,NOT OBSCURED,NORMAL,,,,,2024-06-29 23:15:00,30,CLEAR,"DARKNESS, LIGHTED ROAD",SIDESWIPE SAME DIRECTION,ONE-WAY,DRY,NO DEFECTS,NOT ON SCENE (DESK REPORT),NO INJURY / DRIVE AWAY,,"OVER $1,500",06/30/2024 12:00:00 AM,IMPROPER OVERTAKING/PASSING,UNABLE TO DETERMINE,,2,NO INDICATION OF INJURY,0.0,0.0,0.0,0.0,0.0,2.0,0.0,23,7,6,41.884586267,-87.631010446,POINT (-87.631010445886 41.884586267155),POINT (1175495.4092493458 1901315.767591798),2024,100 W RANDOLPH ST
O1908792,DRIVER,e9121ec21da416fb569bf9531dd7fe146e5c7cb2a001b086ac353c34891db2ffda99c45cac71773ff999b451d7a92a338dacc5773e47346cae0c7db9ad34b717,1818440.0,F,,DID NOT DEPLOY,NONE,NO INDICATION OF INJURY,OTHER,UNKNOWN,UNKNOWN,,,,,2024-09-17 17:00:00,30,CLEAR,DAYLIGHT,SIDESWIPE SAME DIRECTION,NOT DIVIDED,DRY,NO DEFECTS,ON SCENE,NO INJURY / DRIVE AWAY,Y,"OVER $1,500",09/17/2024 05:12:00 PM,"OPERATING VEHICLE IN ERRATIC, RECKLESS, CARELESS, NEGLIGENT OR AGGRESSIVE MANNER",NOT APPLICABLE,,2,NO INDICATION OF INJURY,0.0,0.0,0.0,0.0,0.0,2.0,0.0,17,3,9,41.919474722,-87.661217122,POINT (-87.661217121945 41.91947472249),POINT (1167170.3581862221 1913963.2620669184),2024,2101 N CLYBOURN AVE
O1794700,DRIVER,54671c79766fc4ccc4cf303ba69669bbb3db9f9cef750b7fa088371760aee5a27574881eb2a375bd35f4c526105eb42853f7d278f6af892e5d2494d07a810b54,1709245.0,F,25.0,NOT APPLICABLE,NONE,NO INDICATION OF INJURY,NONE,NOT OBSCURED,NORMAL,,,,,2024-04-10 15:42:00,30,CLEAR,DAYLIGHT,SIDESWIPE SAME DIRECTION,DIVIDED - W/MEDIAN BARRIER,DRY,NO DEFECTS,ON SCENE,NO INJURY / DRIVE AWAY,,"OVER $1,500",04/10/2024 03:42:00 PM,IMPROPER OVERTAKING/PASSING,NOT APPLICABLE,,2,NO INDICATION OF INJURY,0.0,0.0,0.0,0.0,0.0,3.0,0.0,15,4,4,41.878958622,-87.666607089,POINT (-87.666607088725 41.87895862161),POINT (1165818.1791146486 1899187.739388641),2024,199 S ASHLAND AVE
P428869,PASSENGER,f4c440fa66bbefcc4adac095df164040bfe929b68d755649174883b2e2bdbd0c0b51f9cd41cd7854fb0855634b5ef884380f3796a6fc15802d02f3c2ee10895b,1847026.0,M,12.0,DID NOT DEPLOY,NONE,NO INDICATION OF INJURY,,,,,,,,2024-10-30 07:55:00,30,CLEAR,DAYLIGHT,REAR END,T-INTERSECTION,DRY,NO DEFECTS,ON SCENE,NO INJURY / DRIVE AWAY,,"$501 - $1,500",10/30/2024 07:57:00 AM,FOLLOWING TOO CLOSELY,"DISTRACTION - OTHER ELECTRONIC DEVICE (NAVIGATION DEVICE, DVD PLAYER, ETC.)",,3,NO INDICATION OF INJURY,0.0,0.0,0.0,0.0,0.0,4.0,0.0,7,4,10,41.988553497,-87.713780114,POINT (-87.713780114327 41.988553497069),POINT (1152682.9889778495 1939028.0552232286),2024,5901 N KIMBALL AVE
P414584,PASSENGER,914888c8d0af8d036d526026dd4366c9fc66788500348efb96bc4bee175031f7b672ce1d0abc3b520747d250ba02d8e7732723bd823adf0d8922465a6323a4e7,1785077.0,F,,NOT APPLICABLE,NONE,NO INDICATION OF INJURY,,,,,,,Y,2024-07-30 08:30:00,30,CLEAR,DAYLIGHT,TURNING,NOT DIVIDED,DRY,UNKNOWN,ON SCENE,NO INJURY / DRIVE AWAY,Y,$500 OR LESS,07/30/2024 08:36:00 AM,UNABLE TO DETERMINE,UNABLE TO DETERMINE,,2,NO INDICATION OF INJURY,0.0,0.0,0.0,0.0,0.0,4.0,0.0,8,3,7,41.699547415,-87.642751915,POINT (-87.64275191512 41.699547414667),POINT (1172839.7694387839 1833862.8472855955),2024,10700 S HALSTED ST
O1914792,DRIVER,6a261f26df499ea468b071e6b681318408c51a76b69210c3f4a0d8fbd6441c657890b06409f318117e046ceb18a9ea99628ff1edddedbf258db0d727f48b98b5,1824157.0,M,30.0,NOT APPLICABLE,UNKNOWN,NO INDICATION OF INJURY,UNKNOWN,UNKNOWN,NORMAL,,,,,2024-09-25 15:16:00,30,CLEAR,DAYLIGHT,HEAD ON,NOT DIVIDED,DRY,NO DEFECTS,ON SCENE,NO INJURY / DRIVE AWAY,,"OVER $1,500",09/25/2024 03:16:00 PM,UNABLE TO DETERMINE,NOT APPLICABLE,,2,NO INDICATION OF INJURY,0.0,0.0,0.0,0.0,0.0,3.0,0.0,15,4,9,41.848565695,-87.70530468,POINT (-87.705304680207 41.848565695146),POINT (1155360.7142660785 1888033.1388835441),2024,2346 S KEDZIE AVE
P419832,PASSENGER,fea9bed102b8f9b72ac851f6e62b1df5d917529293b2d9715ad0e630f4a195514ed3ab53c6dab152981fe5d61fbe2d65f428a21f262c973f174132fbed779eb5,1807970.0,F,24.0,DID NOT DEPLOY,NONE,NO INDICATION OF INJURY,,,,,,,Y,2024-09-02 15:32:00,30,CLEAR,DAYLIGHT,TURNING,NOT DIVIDED,DRY,NO DEFECTS,ON SCENE,INJURY AND / OR TOW DUE TO CRASH,,"OVER $1,500",09/02/2024 04:18:00 PM,DRIVING SKILLS/KNOWLEDGE/EXPERIENCE,IMPROPER TURNING/NO SIGNAL,,2,NO INDICATION OF INJURY,0.0,0.0,0.0,0.0,0.0,4.0,0.0,15,2,9,41.939896054,-87.806961906,POINT (-87.806961906105 41.939896054432),POINT (1127459.239805085 1921127.6493075797),2024,3300 N HARLEM AVE
O1954504,DRIVER,b25513192bbbfa9fe7f21aa1aa93e477c4d193477164c3dc1e6d91c8710ff8619b0c9bfa688655f354fcb10d334fea7c5ed5288cfe96129e4415681b4b06a4aa,1862055.0,M,44.0,NOT APPLICABLE,NONE,NO INDICATION OF INJURY,NONE,NOT OBSCURED,NORMAL,,,,N,2024-11-21 16:20:00,30,CLEAR,DAYLIGHT,REAR END,NOT DIVIDED,WET,NO DEFECTS,NOT ON SCENE (DESK REPORT),NO INJURY / DRIVE AWAY,,"OVER $1,500",11/21/2024 04:22:00 PM,FOLLOWING TOO CLOSELY,UNABLE TO DETERMINE,,2,NO INDICATION OF INJURY,0.0,0.0,0.0,0.0,0.0,2.0,0.0,16,5,11,41.870648279,-87.735273217,POINT (-87.735273216825 41.870648278737),POINT (1147139.4951908877 1896021.6795112707),2024,760 S KOSTNER AVE
O1819683,DRIVER,6b79fe320987c55065b1701f69863f731f0b302549483baf605c1b33f0f1517153cb965baf26b132e24a84c50564dbd22a1540c2d06e0529f0610fcee8f2be62,1733264.0,M,,DEPLOYMENT UNKNOWN,NONE,NO INDICATION OF INJURY,UNKNOWN,UNKNOWN,UNKNOWN,,,,,2024-05-15 23:50:00,30,CLEAR,"DARKNESS, LIGHTED ROAD",REAR END,NOT DIVIDED,DRY,NO DEFECTS,ON SCENE,NO INJURY / DRIVE AWAY,Y,"OVER $1,500",05/15/2024 11:51:00 PM,UNABLE TO DETERMINE,UNABLE TO DETERMINE,,2,NO INDICATION OF INJURY,0.0,0.0,0.0,0.0,0.0,3.0,0.0,23,4,5,41.937951384,-87.821349549,POINT (-87.82134954938 41.93795138357),POINT (1123549.0317746531 1920395.301156081),2024,7798 W BELMONT AVE
P410157,PASSENGER,473612d124ccb08593cd3876b621fe1f7232d07c73f2a5d5cc8cbd81612d502c41932802de5ea2936193f23c7f26b1cd025b399b04ffb0fb29af124248247a93,1766282.0,F,18.0,"DEPLOYED, FRONT",NONE,NO INDICATION OF INJURY,,,,,,,,2024-06-30 22:00:00,30,CLEAR,DUSK,ANGLE,FOUR WAY,DRY,NO DEFECTS,NOT ON SCENE (DESK REPORT),NO INJURY / DRIVE AWAY,,"OVER $1,500",06/30/2024 10:45:00 PM,DISREGARDING TRAFFIC SIGNALS,DRIVING SKILLS/KNOWLEDGE/EXPERIENCE,,2,NO INDICATION OF INJURY,0.0,0.0,0.0,0.0,0.0,4.0,0.0,22,1,6,41.902108313,-87.775303585,POINT (-87.775303584631 41.902108313105),POINT (1136162.1131377323 1907412.2489484684),2024,5958 W DIVISION ST
O1739188,DRIVER,d46fc3efc7228a5bda96fbbc5f3f08a1232b917800cb698951b24987f314da6017941a8dc16a63c5744cfa6e9f4cafe7f9be80066219ff40ec2b852ced3bb7a8,1655738.0,F,38.0,DID NOT DEPLOY,NONE,NO INDICATION OF INJURY,UNKNOWN,UNKNOWN,NORMAL,,,,,2024-01-11 19:34:00,30,CLEAR,"DARKNESS, LIGHTED ROAD",PARKED MOTOR VEHICLE,NOT DIVIDED,DRY,NO DEFECTS,ON SCENE,INJURY AND / OR TOW DUE TO CRASH,,"OVER $1,500",01/11/2024 07:35:00 PM,DRIVING SKILLS/KNOWLEDGE/EXPERIENCE,NOT APPLICABLE,,4,NO INDICATION OF INJURY,0.0,0.0,0.0,0.0,0.0,1.0,0.0,19,5,1,41.864029211,-87.646975451,POINT (-87.646975451006 41.864029210929),POINT (1171207.9508870824 1893789.627699456),2024,1350 S HALSTED ST
O1935683,DRIVER,c23221346114520d553e1e390d143c94a3278c4c00834a13735a48cf76c965a488b2d1460efd941aac2093bf9866c044dca9cfe425686c271b0fe3127e323fa4,1844078.0,F,35.0,DID NOT DEPLOY,NONE,NO INDICATION OF INJURY,NONE,NOT OBSCURED,NORMAL,,,,,2024-10-25 12:50:00,30,CLEAR,DAYLIGHT,ANGLE,FOUR WAY,DRY,NO DEFECTS,ON SCENE,INJURY AND / OR TOW DUE TO CRASH,,"OVER $1,500",10/25/2024 12:55:00 PM,DISREGARDING TRAFFIC SIGNALS,NOT APPLICABLE,,2,NO INDICATION OF INJURY,0.0,0.0,0.0,0.0,0.0,2.0,0.0,12,6,10,41.86980688,-87.643670093,POINT (-87.643670093094 41.869806880037),POINT (1172091.3923818104 1895902.2159639585),2024,652 W TAYLOR ST
O1918245,DRIVER,5296e8ba026abe913f107f9b534e06cdcd1de18c02bbab5dcca94d6b5b573b4e90693a58e68e5cf9368ed91966ca7842b063ad857251688e0c3e007d29855c18,1827452.0,M,,DEPLOYMENT UNKNOWN,NONE,NO INDICATION OF INJURY,FOLLOWED TOO CLOSELY,UNKNOWN,UNKNOWN,,,,,2024-09-30 15:00:00,35,CLEAR,DAYLIGHT,REAR END,DIVIDED - W/MEDIAN BARRIER,DRY,NO DEFECTS,NOT ON SCENE (DESK REPORT),NO INJURY / DRIVE AWAY,Y,"OVER $1,500",09/30/2024 07:41:00 PM,FAILING TO REDUCE SPEED TO AVOID CRASH,FAILING TO REDUCE SPEED TO AVOID CRASH,,2,NO INDICATION OF INJURY,0.0,0.0,0.0,0.0,0.0,2.0,0.0,15,2,9,41.877036693,-87.617546387,POINT (-87.617546386744 41.877036692607),POINT (1179184.6938606384 1898595.000833857),2024,400 S LAKE SHORE DR NB
O1780823,DRIVER,ef3d8134d645edd5a80aac50e4b19b4179019c0813cd7f9561aad0f089ed3d2fd517ada074259a1110cedf91916e731d32e49fe861f2ceba1ab1806942b1f988,1695828.0,F,,DEPLOYMENT UNKNOWN,NONE,NO INDICATION OF INJURY,FOLLOWED TOO CLOSELY,UNKNOWN,UNKNOWN,,,,,2024-03-12 12:50:00,30,CLEAR,DAYLIGHT,REAR END,NOT DIVIDED,DRY,NO DEFECTS,ON SCENE,INJURY AND / OR TOW DUE TO CRASH,Y,"OVER $1,500",03/19/2024 01:24:00 PM,FOLLOWING TOO CLOSELY,FAILING TO REDUCE SPEED TO AVOID CRASH,,2,NO INDICATION OF INJURY,0.0,0.0,0.0,0.0,0.0,3.0,0.0,12,3,3,41.885814724,-87.642847134,POINT (-87.6428471339 41.885814724037),POINT (1172268.6111301142 1901737.2597876433),2024,600 W LAKE ST
O1773848,DRIVER,be4b1a0884c6dcfa96cd15b025d0e9a97cd1113db7121b21743286cf7d77e76db08f90e01c37482a58d034fda74ec1fa6fb5b51b9eda2e9bf60b62d4a0c556fc,1689148.0,M,31.0,DID NOT DEPLOY,NONE,NO INDICATION OF INJURY,UNKNOWN,UNKNOWN,UNKNOWN,,,,,2024-03-08 18:38:00,30,RAIN,"DARKNESS, LIGHTED ROAD",SIDESWIPE SAME DIRECTION,DIVIDED - W/MEDIAN (NOT RAISED),WET,UNKNOWN,NOT ON SCENE (DESK REPORT),NO INJURY / DRIVE AWAY,,"OVER $1,500",03/09/2024 10:00:00 AM,IMPROPER OVERTAKING/PASSING,UNABLE TO DETERMINE,,2,NO INDICATION OF INJURY,0.0,0.0,0.0,0.0,0.0,2.0,0.0,18,6,3,41.990654724,-87.674626829,POINT (-87.674626829424 41.990654723957),POINT (1163321.439337606 1939873.1904393577),2024,1777 W PETERSON AVE
O1855538,DRIVER,5883d6940be045aaf094cda4a2770b562b61d6ac14b388ac93deac617f253474840c1570c43c583a119e6554533e690af8100be0c9fb15a2117fed0be42566d4,1767652.0,F,75.0,DID NOT DEPLOY,NONE,NO INDICATION OF INJURY,OTHER,UNKNOWN,NORMAL,,,,,2024-07-03 10:54:00,30,CLEAR,DAYLIGHT,REAR END,FOUR WAY,DRY,NO DEFECTS,ON SCENE,NO INJURY / DRIVE AWAY,,"OVER $1,500",07/03/2024 10:54:00 AM,FOLLOWING TOO CLOSELY,FOLLOWING TOO CLOSELY,,2,NO INDICATION OF INJURY,0.0,0.0,0.0,0.0,0.0,2.0,0.0,10,4,7,41.802358501,-87.606487279,POINT (-87.606487279438 41.802358501195),POINT (1182426.7937750283 1871407.8114758676),2024,798 E 51ST ST
O1830503,DRIVER,bf50f0159defc2b813a98e9a86c944c5f7dd00262c90da5fe5c72cead291e0fbcb6ca035c4ed5d9c7b114d0dffee3e9089569c39cef9966ad73020b508f31b06,1743650.0,M,48.0,DID NOT DEPLOY,NONE,NO INDICATION OF INJURY,IMPROPER PASSING,NOT OBSCURED,NORMAL,,,,,2024-05-30 10:45:00,30,CLEAR,DAYLIGHT,PARKED MOTOR VEHICLE,DIVIDED - W/MEDIAN BARRIER,DRY,NO DEFECTS,NOT ON SCENE (DESK REPORT),NO INJURY / DRIVE AWAY,,"$501 - $1,500",05/30/2024 11:35:00 AM,UNABLE TO DETERMINE,UNABLE TO DETERMINE,,2,NO INDICATION OF INJURY,0.0,0.0,0.0,0.0,0.0,1.0,0.0,10,5,5,41.886706932,-87.63006619,POINT (-87.630066190146 41.886706932286),POINT (1175746.202302133 1902090.6428301993),2024,55 W WACKER DR
O1788167,DRIVER,de72503cd68981083ae6c4dcf53f0fecebc1a87d1dc3013b31ac1b18b02876b4a9d775bdf7a4647eb162aec006f08ebd2aaf6c5e3e9cb2522d6c0a286c2a42b7,1702944.0,F,36.0,DEPLOYMENT UNKNOWN,NONE,NONINCAPACITATING INJURY,NONE,UNKNOWN,NORMAL,,,,,2024-04-01 00:10:00,30,RAIN,"DARKNESS, LIGHTED ROAD",HEAD ON,DIVIDED - W/MEDIAN (NOT RAISED),WET,NO DEFECTS,ON SCENE,INJURY AND / OR TOW DUE TO CRASH,,"OVER $1,500",04/01/2024 12:16:00 AM,FAILING TO YIELD RIGHT-OF-WAY,FAILING TO YIELD RIGHT-OF-WAY,,2,NONINCAPACITATING INJURY,5.0,0.0,0.0,5.0,0.0,1.0,0.0,0,2,4,41.898583369,-87.745766799,POINT (-87.745766798567 41.898583368575),POINT (1144211.722724221 1906181.4488370172),2024,4799 W AUGUSTA BLVD
O1923625,DRIVER,6c7a46b48fbd108ee94074f2666e49c46cd2af0d6a22d9bc879523eea177bd0a791d4f3d8be032711e521408486f251e0611ed9e92dc189b8857cf81c7559256,1832585.0,M,49.0,NOT APPLICABLE,NONE,NO INDICATION OF INJURY,NONE,UNKNOWN,NORMAL,,,,,2024-10-08 15:45:00,30,CLEAR,DAYLIGHT,REAR END,DIVIDED - W/MEDIAN (NOT RAISED),DRY,NO DEFECTS,ON SCENE,NO INJURY / DRIVE AWAY,Y,"OVER $1,500",10/08/2024 03:45:00 PM,FOLLOWING TOO CLOSELY,NOT APPLICABLE,,2,NO INDICATION OF INJURY,0.0,0.0,0.0,0.0,0.0,3.0,0.0,15,3,10,41.940721488,-87.726285587,POINT (-87.726285587359 41.940721487689),POINT (1149406.7018796683 1921573.544277299),2024,3281 N MILWAUKEE AVE
O1902644,DRIVER,7cdf2c32c02ce26a2bef3bf026a9e5418892b0c0799ba3227c344961c1a0350ef9876d7998660c5b8d5d1c77d189372391660b5bfd0956436a5bd18241967bf2,1812564.0,X,,DEPLOYMENT UNKNOWN,NONE,NO INDICATION OF INJURY,UNKNOWN,UNKNOWN,UNKNOWN,,,,,2024-09-08 21:20:00,30,CLEAR,DARKNESS,PARKED MOTOR VEHICLE,NOT DIVIDED,DRY,UNKNOWN,NOT ON SCENE (DESK REPORT),NO INJURY / DRIVE AWAY,Y,$500 OR LESS,09/09/2024 01:14:00 PM,UNABLE TO DETERMINE,UNABLE TO DETERMINE,,2,NO INDICATION OF INJURY,0.0,0.0,0.0,0.0,0.0,1.0,0.0,21,1,9,41.866313673,-87.722876424,POINT (-87.722876423864 41.866313672773),POINT (1150527.1704186457 1894465.9270223423),2024,3902 W ROOSEVELT RD
O1927188,DRIVER,6c5b1d4d9e9f244669af8a52d2bd6ad87eef5a3f3e0409df3baa98c871154396322e7c6bcc1efdeb6f5c3eaeb61465eab5ce0dd475dd854edacb39f84d741c31,1835983.0,M,,DID NOT DEPLOY,NONE,NO INDICATION OF INJURY,EMERGENCY VEHICLE ON CALL,NOT OBSCURED,NORMAL,,,,,2024-10-13 18:55:00,30,CLEAR,"DARKNESS, LIGHTED ROAD",TURNING,DIVIDED - W/MEDIAN (NOT RAISED),DRY,NO DEFECTS,ON SCENE,NO INJURY / DRIVE AWAY,,"OVER $1,500",10/13/2024 06:55:00 PM,FAILING TO YIELD RIGHT-OF-WAY,FAILING TO YIELD RIGHT-OF-WAY,,2,NO INDICATION OF INJURY,0.0,0.0,0.0,0.0,0.0,4.0,0.0,18,1,10,41.895522253,-87.721254649,POINT (-87.721254649077 41.895522252759),POINT (1150893.0044989951 1905112.636295415),2024,3800 W CHICAGO AVE
O1752797,DRIVER,2295031d1e04132044546e4af86e1d8b1e210b33069abed164bc67ae6bca84672372354c7907146dbd00c2ebe28bf6a10c6a3ddb8fe6d55df6e8633ebebb7a65,1668850.0,M,47.0,DID NOT DEPLOY,NONE,NO INDICATION OF INJURY,IMPROPER LANE CHANGE,NOT OBSCURED,NORMAL,,,,,2024-02-03 09:35:00,30,CLEAR,DAYLIGHT,TURNING,DIVIDED - W/MEDIAN BARRIER,UNKNOWN,UNKNOWN,NOT ON SCENE (DESK REPORT),NO INJURY / DRIVE AWAY,,"OVER $1,500",02/03/2024 10:30:00 AM,IMPROPER LANE USAGE,NOT APPLICABLE,,2,NO INDICATION OF INJURY,0.0,0.0,0.0,0.0,0.0,3.0,0.0,9,7,2,41.867336267,-87.620462871,POINT (-87.620462870771 41.867336266596),POINT (1178419.7820861074 1895053.5665540139),2024,1202 S COLUMBUS DR
O1752991,DRIVER,fae9762256e5911f1150dd4ca3c0a6a3abdafea28c934c2faf76514f66de859d3918688669f18d5f16b40820397648fc1d35ad44a77c567458d378eeca94cf5c,1669032.0,X,,DEPLOYMENT UNKNOWN,NONE,NO INDICATION OF INJURY,UNKNOWN,UNKNOWN,UNKNOWN,,,,,2024-01-29 14:00:00,30,UNKNOWN,DAYLIGHT,PARKED MOTOR VEHICLE,UNKNOWN,UNKNOWN,OTHER,NOT ON SCENE (DESK REPORT),NO INJURY / DRIVE AWAY,Y,"$501 - $1,500",02/03/2024 03:19:00 PM,NOT APPLICABLE,NOT APPLICABLE,,2,NO INDICATION OF INJURY,0.0,0.0,0.0,0.0,0.0,1.0,0.0,14,2,1,41.67313882,-87.617525326,POINT (-87.617525325502 41.673138819831),POINT (1179808.8572566656 1824296.1416121183),2024,12141 S INDIANA AVE
O1879256,DRIVER,4ae509dc9b085ae98d45b6f2ea32b8231e75fecc3b3bdb47de6dcfbdf2a2de60ef2e3b3dd2ce6da061de58daeebe3831a03d26cd4b2e7b7abe68b803137b44cb,1790277.0,M,38.0,"DEPLOYED, FRONT",NONE,"REPORTED, NOT EVIDENT",OTHER,UNKNOWN,NORMAL,,,,,2024-08-06 23:10:00,30,CLEAR,"DARKNESS, LIGHTED ROAD",PARKED MOTOR VEHICLE,ONE-WAY,DRY,NO DEFECTS,ON SCENE,INJURY AND / OR TOW DUE TO CRASH,,"OVER $1,500",08/06/2024 11:13:00 PM,UNABLE TO DETERMINE,UNABLE TO DETERMINE,,3,"REPORTED, NOT EVIDENT",1.0,0.0,0.0,0.0,1.0,0.0,0.0,23,3,8,41.720187425,-87.634085473,POINT (-87.634085472828 41.720187425072),POINT (1175145.4132743485 1841402.9261277164),2024,9546 S EGGLESTON AVE
O1812868,DRIVER,b58e7640efa14919e2ff67fae5bd45770bdd637725b130587cab8aba0c1ba258f6d55a7cea41f111255ada16fb131df9530c60796fb92bfca14d22d479db17e6,1726738.0,M,31.0,NOT APPLICABLE,NONE,NO INDICATION OF INJURY,OTHER,NOT OBSCURED,NORMAL,,,,,2024-05-06 18:45:00,30,CLEAR,DAYLIGHT,ANGLE,NOT DIVIDED,DRY,NO DEFECTS,ON SCENE,INJURY AND / OR TOW DUE TO CRASH,,"OVER $1,500",05/06/2024 06:50:00 PM,DISREGARDING STOP SIGN,UNABLE TO DETERMINE,,2,NO INDICATION OF INJURY,0.0,0.0,0.0,0.0,0.0,2.0,0.0,18,2,5,41.808630891,-87.673533315,POINT (-87.673533315305 41.80863089092),POINT (1164128.8451345281 1873545.9780826317),2024,1932 W 47TH ST
O1893356,DRIVER,25865a957f04d83bc2a1e7df24ae0954505f82961f36da940a036f56a68effac389d8439a9ed07fd0f485178e9d277ef24ad610dfdf51110548f941a85acd5bf,1803725.0,F,73.0,DID NOT DEPLOY,NONE,NO INDICATION OF INJURY,OTHER,UNKNOWN,NORMAL,,,,Y,2024-08-27 15:53:00,30,CLEAR,DAYLIGHT,TURNING,NOT DIVIDED,DRY,UNKNOWN,ON SCENE,NO INJURY / DRIVE AWAY,,"$501 - $1,500",08/27/2024 04:00:00 PM,"EVASIVE ACTION DUE TO ANIMAL, OBJECT, NONMOTORIST",NOT APPLICABLE,,2,NO INDICATION OF INJURY,0.0,0.0,0.0,0.0,0.0,2.0,0.0,15,3,8,41.972917307,-87.747740348,POINT (-87.74774034826 41.972917306618),POINT (1143489.4098277348 1933265.196061106),2024,5059 N ELSTON AVE
O1947863,DRIVER,33abd21f6e2d1b14fa2d7c98b7df6a16b57fa4c9f3042487b305be77a69ef58068940d004b2afd518eb3f8adf61259ce06d6f362ce072a89e67cf819ae4c88a6,1855643.0,M,25.0,NOT APPLICABLE,NONE,NO INDICATION OF INJURY,IMPROPER PASSING,UNKNOWN,NORMAL,,,,,2024-11-06 16:00:00,20,CLEAR,DAYLIGHT,SIDESWIPE SAME DIRECTION,FOUR WAY,DRY,NO DEFECTS,NOT ON SCENE (DESK REPORT),NO INJURY / DRIVE AWAY,,"OVER $1,500",11/12/2024 04:00:00 PM,IMPROPER OVERTAKING/PASSING,UNABLE TO DETERMINE,,2,NO INDICATION OF INJURY,0.0,0.0,0.0,0.0,0.0,2.0,0.0,16,4,11,41.99035159,-87.69925293,POINT (-87.699252930059 41.990351590151),POINT (1156627.5443620444 1939712.1958830366),2024,5985 N CALIFORNIA AVE