PERSON_ID,PERSON_TYPE,CRASH_RECORD_ID,VEHICLE_ID,SEX,AGE,AIRBAG_DEPLOYED,EJECTION,INJURY_CLASSIFICATION,DRIVER_ACTION,DRIVER_VISION,PHYSICAL_CONDITION,PEDPEDAL_ACTION,PEDPEDAL_VISIBILITY,PEDPEDAL_LOCATION,CRASH_DATE_EST_I,CRASH_DATE,POSTED_SPEED_LIMIT,WEATHER_CONDITION,LIGHTING_CONDITION,FIRST_CRASH_TYPE,TRAFFICWAY_TYPE,ROADWAY_SURFACE_COND,ROAD_DEFECT,REPORT_TYPE,CRASH_TYPE,HIT_AND_RUN_I,DAMAGE,DATE_POLICE_NOTIFIED,PRIM_CONTRIBUTORY_CAUSE,SEC_CONTRIBUTORY_CAUSE,DOORING_I,NUM_UNITS,MOST_SEVERE_INJURY,INJURIES_TOTAL,INJURIES_FATAL,INJURIES_INCAPACITATING,INJURIES_NON_INCAPACITATING,INJURIES_REPORTED_NOT_EVIDENT,INJURIES_NO_INDICATION,INJURIES_UNKNOWN,CRASH_HOUR,CRASH_DAY_OF_WEEK,CRASH_MONTH,LATITUDE,LONGITUDE,LOCATION,geometry,YEAR,ADDRESS
O1895707,BICYCLE,e3660ae144413af52a1c093a1a64a8ffe529ed10bf60d4dc93f27f5fde13fa9d4977bf7de3ad3819518a21f64596cf233f56691df3edd9e477ca2c2aee81ce1a,,M,53.0,,TOTALLY EJECTED,NO INDICATION OF INJURY,NONE,NOT OBSCURED,NORMAL,WITH TRAFFIC,NO CONTRASTING CLOTHING,BIKE LANE,,2024-08-30 15:40:00,30,CLEAR,DAYLIGHT,PEDALCYCLIST,DIVIDED - W/MEDIAN (NOT RAISED),DRY,UNKNOWN,NOT ON SCENE (DESK REPORT),NO INJURY / DRIVE AWAY,Y,"$501 - $1,500",08/30/2024 04:00:00 PM,IMPROPER TURNING/NO SIGNAL,UNABLE TO DETERMINE,,2,NO INDICATION OF INJURY,0.0,0.0,0.0,0.0,0.0,2.0,0.0,15,6,8,41.839771947,-87.646467511,POINT (-87.646467511129 41.839771946584),POINT (1171417.0147235044 1884951.4523034126),2024,3000 S HALSTED ST
O1740584,DRIVER,ae066c2c6f4c6fc2eb21d29a62054944b2002edfa9e71e65d08c89401507849d6f16777fd2c3bfeac8dd98b45dea7c55a4a8778074e6774e8ce2c8324ecd8706,1657080.0,X,,DEPLOYMENT UNKNOWN,UNKNOWN,NO INDICATION OF INJURY,UNKNOWN,UNKNOWN,UNKNOWN,,,,Y,2024-01-13 20:00:00,25,CLEAR,DARKNESS,PARKED MOTOR VEHICLE,ONE-WAY,SNOW OR SLUSH,NO DEFECTS,ON SCENE,NO INJURY / DRIVE AWAY,Y,"OVER $1,500",01/14/2024 08:50:00 AM,UNABLE TO DETERMINE,NOT APPLICABLE,,2,NO INDICATION OF INJURY,0.0,0.0,0.0,0.0,0.0,1.0,0.0,20,7,1,41.883306562,-87.773179934,POINT (-87.773179933898 41.883306561974),POINT (1136784.963373006 1900564.6790924272),2024,137 N MASON AVE
P401064,PASSENGER,1a96b4f8114620dae1bf560fa5409a93c57e5f2d495d6681082f2a5caa89f0bb7efaadb94dd8e4ff762f01b535fed2eda1d1a33155d8bb395d50e1d6832aba79,1728459.0,M,3.0,DID NOT DEPLOY,NONE,NO INDICATION OF INJURY,,,,,,,,2024-05-09 08:06:00,30,RAIN,DAYLIGHT,REAR END,NOT DIVIDED,WET,NO DEFECTS,ON SCENE,INJURY AND / OR TOW DUE TO CRASH,,"OVER $1,500",05/09/2024 08:07:00 AM,FAILING TO REDUCE SPEED TO AVOID CRASH,NOT APPLICABLE,,2,"REPORTED, NOT EVIDENT",1.0,0.0,0.0,0.0,1.0,4.0,0.0,8,5,5,41.801047168,-87.645185425,POINT (-87.645185425478 41.8010471681),POINT (1171879.3926556236 1870843.119609037),2024,5119 S HALSTED ST
O1752128,DRIVER,90e9fe96e923d928353ee095f8d90c1fe8ec28ab3f0dd79f118e7d134cfc9260e49117e233359ac31601028b762bb2ffa629fe56155f4ef45b9df724154e311c,1668195.0,F,38.0,DID NOT DEPLOY,NONE,NO INDICATION OF INJURY,FAILED TO YIELD,NOT OBSCURED,NORMAL,,,,,2024-02-02 09:00:00,30,CLEAR,DAYLIGHT,TURNING,Y-INTERSECTION,DRY,NO DEFECTS,ON SCENE,NO INJURY / DRIVE AWAY,,"OVER $1,500",02/02/2024 09:05:00 AM,FAILING TO REDUCE SPEED TO AVOID CRASH,NOT APPLICABLE,,2,NO INDICATION OF INJURY,0.0,0.0,0.0,0.0,0.0,3.0,0.0,9,6,2,41.758501901,-87.598225369,POINT (-87.598225368754 41.758501900583),POINT (1184816.0625006969 1855445.9191635733),2024,7500 S GREENWOOD AVE
O1931899,DRIVER,747283e1a86a8f6af611e3793b4adb29ab4cc8a8716816b07a4ae6465848df12a128f2c11bdbc78d76888534c916dcf83194829158808a5a3e3f14da6f973834,1840446.0,F,21.0,DID NOT DEPLOY,NONE,NO INDICATION OF INJURY,UNKNOWN,NOT OBSCURED,NORMAL,,,,,2024-10-18 09:10:00,30,CLEAR,DAYLIGHT,TURNING,NOT DIVIDED,DRY,NO DEFECTS,NOT ON SCENE (DESK REPORT),NO INJURY / DRIVE AWAY,,"OVER $1,500",10/20/2024 10:05:00 AM,UNABLE TO DETERMINE,UNABLE TO DETERMINE,,2,NO INDICATION OF INJURY,0.0,0.0,0.0,0.0,0.0,2.0,0.0,9,6,10,41.802911342,-87.683849579,POINT (-87.683849578595 41.802911341924),POINT (1161332.0961154785 1871440.3848151166),2024,5000 S WESTERN BLVD
O1765582,DRIVER,d6516803a7ddb37f27b752ef794735e0b6216610acf74af2fc855ae1bf9ee3ffc13db556d12119c9774d9053d1cf0028392285b522da791e9e554cbba7c60631,1681212.0,M,64.0,DEPLOYMENT UNKNOWN,NONE,NO INDICATION OF INJURY,NONE,NOT OBSCURED,NORMAL,,,,,2024-02-24 15:00:00,30,UNKNOWN,UNKNOWN,REAR END,NOT DIVIDED,UNKNOWN,UNKNOWN,NOT ON SCENE (DESK REPORT),NO INJURY / DRIVE AWAY,,"$501 - $1,500",02/25/2024 03:00:00 PM,UNABLE TO DETERMINE,NOT APPLICABLE,,2,NO INDICATION OF INJURY,0.0,0.0,0.0,0.0,0.0,2.0,0.0,15,7,2,41.78592088,-87.735133664,POINT (-87.735133663508 41.785920880134),POINT (1147392.4838826812 1865147.6937296353),2024,4458 W 59TH ST
P406487,PASSENGER,cd6a674479e70c70173e2588e5473f655e692ce2dd0129f2ac9395c803964a438c922c5b7b9e5f84f3bf8c74a0000854283fa354264cede6c25b773681d552ac,1750867.0,F,18.0,DID NOT DEPLOY,NONE,NO INDICATION OF INJURY,,,,,,,,2024-06-08 19:20:00,30,RAIN,DAYLIGHT,TURNING,T-INTERSECTION,WET,UNKNOWN,ON SCENE,INJURY AND / OR TOW DUE TO CRASH,,"$501 - $1,500",06/08/2024 07:35:00 PM,FAILING TO YIELD RIGHT-OF-WAY,IMPROPER TURNING/NO SIGNAL,,2,NO INDICATION OF INJURY,0.0,0.0,0.0,0.0,0.0,5.0,0.0,19,7,6,41.844500071,-87.646578117,POINT (-87.646578117316 41.844500070578),POINT (1171373.0984146395 1886674.1240764942),2024,2700 S HALSTED ST
O1813157,DRIVER,dad214f114bed6408b8f05469c57d9063331f9b6551335f35e3eed8c8e708f5b51c02126226f464e05e0851b957c0e739ee0ef0033529626ecdee0c835c99078,1727028.0,M,52.0,DID NOT DEPLOY,NONE,NONINCAPACITATING INJURY,FAILED TO YIELD,NOT OBSCURED,NORMAL,,,,,2024-05-07 11:25:00,30,CLEAR,DAYLIGHT,ANGLE,T-INTERSECTION,DRY,NO DEFECTS,ON SCENE,INJURY AND / OR TOW DUE TO CRASH,,"OVER $1,500",05/07/2024 11:36:00 AM,DISREGARDING YIELD SIGN,UNABLE TO DETERMINE,,3,NONINCAPACITATING INJURY,2.0,0.0,0.0,1.0,1.0,1.0,0.0,11,3,5,41.792974522,-87.622568519,POINT (-87.622568518526 41.792974521896),POINT (1178070.4429786578 1867951.6767400687),2024,5598 S MICHIGAN AVE
P421165,PASSENGER,452dc4b516da95a84fd8dddd315c3dea7e252629991fdc27e65f9664472b2d36e61289c05a3e0e3c53818dc0d3d06f1c1d35bbc590b2e8414302ea807d0b651a,1813645.0,M,26.0,NOT APPLICABLE,NONE,NO INDICATION OF INJURY,,,,,,,,2024-09-11 01:35:00,30,CLEAR,"DARKNESS, LIGHTED ROAD",FIXED OBJECT,DIVIDED - W/MEDIAN (NOT RAISED),DRY,NO DEFECTS,ON SCENE,INJURY AND / OR TOW DUE TO CRASH,Y,"OVER $1,500",09/11/2024 01:40:00 AM,UNABLE TO DETERMINE,UNABLE TO DETERMINE,,1,"REPORTED, NOT EVIDENT",1.0,0.0,0.0,0.0,1.0,3.0,0.0,1,4,9,41.893944445,-87.745625973,POINT (-87.745625972714 41.893944444553),POINT (1144261.6412908754 1904491.2906548379),2024,723 N CICERO AVE
O1801646,DRIVER,413f3dc1ded563182ba6138d237b1ba626115da517eb25997051e38ebdcf1e42907b18b94c5db6fa8aedb49b56a7b4f7b99dd0c0e57f147f501bdea36c5065d7,1715879.0,M,53.0,NOT APPLICABLE,NONE,NO INDICATION OF INJURY,FOLLOWED TOO CLOSELY,NOT OBSCURED,NORMAL,,,,,2024-04-20 09:40:00,30,CLEAR,DAYLIGHT,REAR END,DIVIDED - W/MEDIAN (NOT RAISED),DRY,NO DEFECTS,NOT ON SCENE (DESK REPORT),NO INJURY / DRIVE AWAY,,"$501 - $1,500",04/20/2024 03:15:00 PM,FOLLOWING TOO CLOSELY,NOT APPLICABLE,,2,NO INDICATION OF INJURY,0.0,0.0,0.0,0.0,0.0,2.0,0.0,9,7,4,41.900752974,-87.624235,POINT (-87.62423499978 41.900752974042),POINT (1177291.7145763463 1907222.0891228968),2024,1000 N LAKE SHORE DR
O1893591,DRIVER,1f7919c689b3c36a1cf98c7f0042bb4a086cd428cfcf33250f526418775b564bf1dcace9d02811ff97ad2e7b5f0475efabee7a2a50ff281e9380307784645db6,1803954.0,F,39.0,NOT APPLICABLE,NONE,NO INDICATION OF INJURY,OTHER,OTHER,UNKNOWN,,,,,2024-08-27 17:30:00,30,CLEAR,DAYLIGHT,TURNING,T-INTERSECTION,DRY,UNKNOWN,NOT ON SCENE (DESK REPORT),INJURY AND / OR TOW DUE TO CRASH,,"OVER $1,500",08/27/2024 05:37:00 PM,UNABLE TO DETERMINE,UNABLE TO DETERMINE,,2,"REPORTED, NOT EVIDENT",1.0,0.0,0.0,0.0,1.0,1.0,0.0,17,3,8,41.899926642,-87.710397718,POINT (-87.710397717533 41.899926642418),POINT (1153837.2447968023 1906738.8687487792),2024,3334 W GRAND AVE
O1898148,DRIVER,6d73574be9aa7a82b2aebbe0ab84c38c41b6249305e353f512ff944c71b5763204f1874a5b613d3f5a17a04be077223212aaa46aae846a9cb827217afa7b4010,1808283.0,F,57.0,DEPLOYMENT UNKNOWN,NONE,NO INDICATION OF INJURY,IMPROPER TURN,UNKNOWN,UNKNOWN,,,,,2024-09-03 08:34:00,30,CLEAR,DAYLIGHT,TURNING,CENTER TURN LANE,DRY,NO DEFECTS,ON SCENE,NO INJURY / DRIVE AWAY,,"OVER $1,500",09/03/2024 08:34:00 AM,IMPROPER LANE USAGE,UNABLE TO DETERMINE,,2,NO INDICATION OF INJURY,0.0,0.0,0.0,0.0,0.0,2.0,0.0,8,3,9,41.846831652,-87.617846201,POINT (-87.617846201306 41.846831651521),POINT (1179194.7713330504 1887587.657671804),2024,2524 S DR MARTIN LUTHER KING JR DR
P415439,PASSENGER,3a07e9c5379b488b9c51f64ace3840364d33eff0f9f878266877ef1af1d08d1325f8ce07654e580530fa5f52afc64d60a529fab6400f34b2d894066276705cf6,1788651.0,F,51.0,DID NOT DEPLOY,NONE,NO INDICATION OF INJURY,,,,,,,,2024-08-04 02:10:00,30,CLEAR,DARKNESS,REAR TO FRONT,NOT DIVIDED,UNKNOWN,UNKNOWN,,NO INJURY / DRIVE AWAY,Y,"OVER $1,500",08/04/2024 02:30:00 AM,IMPROPER BACKING,UNABLE TO DETERMINE,,2,NO INDICATION OF INJURY,0.0,0.0,0.0,0.0,0.0,4.0,0.0,2,1,8,41.72579155,-87.592602281,POINT (-87.592602280692 41.725791549693),POINT (1186452.8690864635 1843539.7245241918),2024,9300 S KIMBARK AVE
O1895154,DRIVER,38ef983485037eeca29071ae1581c837cd01c38f9250107846699ed8075fc1b8d9e776dd2d41a6eff76bf83a335b02e642f946d62889f07a86fac6f370ca08d4,1805443.0,X,,"DEPLOYED, COMBINATION",UNKNOWN,NO INDICATION OF INJURY,FAILED TO YIELD,UNKNOWN,UNKNOWN,,,,,2024-08-29 19:23:00,30,CLEAR,"DARKNESS, LIGHTED ROAD",ANGLE,NOT DIVIDED,DRY,NO DEFECTS,ON SCENE,INJURY AND / OR TOW DUE TO CRASH,Y,"OVER $1,500",08/29/2024 07:23:00 PM,FAILING TO YIELD RIGHT-OF-WAY,NOT APPLICABLE,,2,NO INDICATION OF INJURY,0.0,0.0,0.0,0.0,0.0,3.0,0.0,19,5,8,41.778707863,-87.72770799,POINT (-87.727707990149 41.778707862748),POINT (1149436.152391823 1862533.5029566428),2024,4200 W 63RD ST
O1818705,DRIVER,d742c14f487e8659a5c64a432b940760fde364abd64d10dcdf064beb734f2f101c6c38caad5a168850c4f8c971cffd0e091733a336c8799c27ee92b98635dd28,1732310.0,F,35.0,DID NOT DEPLOY,NONE,NO INDICATION OF INJURY,NONE,NOT OBSCURED,NORMAL,,,,,2024-05-13 17:30:00,30,CLEAR,DAYLIGHT,ANGLE,NOT DIVIDED,DRY,NO DEFECTS,NOT ON SCENE (DESK REPORT),NO INJURY / DRIVE AWAY,,"$501 - $1,500",05/14/2024 05:43:00 PM,IMPROPER BACKING,NOT APPLICABLE,,2,NO INDICATION OF INJURY,0.0,0.0,0.0,0.0,0.0,4.0,0.0,17,2,5,41.764383089,-87.710265141,POINT (-87.7102651406 41.76438308938),POINT (1154231.5789321426 1857347.6627714229),2024,3500 W 71ST ST
O1795340,DRIVER,cad735613f88dbe9415ece60bec461688bab284809d30029eea44928a008e7336f0fabf1679a84a5f8b34b8410a3d51f4072a5fdde184397f6d5eccb25ca895d,1709869.0,F,39.0,DID NOT DEPLOY,NONE,NO INDICATION OF INJURY,NONE,NOT OBSCURED,NORMAL,,,,,2024-04-11 16:47:00,30,CLEAR,DAYLIGHT,REAR END,DIVIDED - W/MEDIAN (NOT RAISED),DRY,NO DEFECTS,ON SCENE,NO INJURY / DRIVE AWAY,,"OVER $1,500",04/11/2024 04:47:00 PM,FAILING TO REDUCE SPEED TO AVOID CRASH,NOT APPLICABLE,,2,NO INDICATION OF INJURY,0.0,0.0,0.0,0.0,0.0,2.0,0.0,16,5,4,41.931437266,-87.76218564,POINT (-87.762185639969 41.931437266086),POINT (1139662.041823882 1918123.2364864193),2024,5420 W DIVERSEY AVE
O1836071,DRIVER,6fd6954e28f58275e08dca363bfe73fea240981f54809b5097301c3d4bd863a2764588eb55f3ca59c42588f36c7b0d8f034de631eafffebcaa24df8fd4184fd0,1748978.0,M,17.0,DID NOT DEPLOY,NONE,NO INDICATION OF INJURY,NONE,NOT OBSCURED,NORMAL,,,,,2024-06-06 12:00:00,10,CLEAR,DAYLIGHT,REAR TO FRONT,PARKING LOT,DRY,NO DEFECTS,NOT ON SCENE (DESK REPORT),NO INJURY / DRIVE AWAY,,$500 OR LESS,06/06/2024 12:36:00 PM,IMPROPER BACKING,NOT APPLICABLE,,2,NO INDICATION OF INJURY,0.0,0.0,0.0,0.0,0.0,2.0,0.0,12,5,6,41.692060407,-87.665643091,POINT (-87.665643091417 41.692060407025),POINT (1166609.569747394 1831085.3821305458),2024,1744 W PRYOR AVE
P431514,PASSENGER,570e62da1050b3f5b4a73e1edce36862ca5577443591f283d44eb0b5ddc8bdd91fb66f351c2e5e15ff3749755d7db23862afb1e40f7c1d20ab13515e148e323c,1859080.0,F,,NOT APPLICABLE,NONE,NO INDICATION OF INJURY,,,,,,,,2024-11-17 19:40:00,30,CLEAR,"DARKNESS, LIGHTED ROAD",REAR END,DIVIDED - W/MEDIAN (NOT RAISED),DRY,NO DEFECTS,NOT ON SCENE (DESK REPORT),NO INJURY / DRIVE AWAY,,"OVER $1,500",11/17/2024 10:20:00 PM,FOLLOWING TOO CLOSELY,UNABLE TO DETERMINE,,2,NO INDICATION OF INJURY,0.0,0.0,0.0,0.0,0.0,3.0,0.0,19,1,11,41.925007977,-87.687940838,POINT (-87.687940838255 41.925007976537),POINT (1159882.1329010946 1915923.7188302563),2024,2406 W FULLERTON AVE
O1932821,DRIVER,6c366d85dc1493e7a9975a419655120c4d761c382046f6cef70266784b8f8b4bdd6a573e5ac8985dc4649cb83e1926ad04d99d13567a327a5f144a65cc7346b5,1841334.0,M,0.0,NOT APPLICABLE,NONE,NO INDICATION OF INJURY,OTHER,UNKNOWN,UNKNOWN,,,,,2024-10-21 16:20:00,30,CLEAR,DAYLIGHT,REAR END,FOUR WAY,DRY,UNKNOWN,ON SCENE,INJURY AND / OR TOW DUE TO CRASH,,"OVER $1,500",10/21/2024 04:29:00 PM,"OPERATING VEHICLE IN ERRATIC, RECKLESS, CARELESS, NEGLIGENT OR AGGRESSIVE MANNER",UNABLE TO DETERMINE,,3,NONINCAPACITATING INJURY,1.0,0.0,0.0,1.0,0.0,2.0,0.0,16,2,10,41.915428861,-87.726663618,POINT (-87.726663618316 41.915428860875),POINT (1149369.063887852 1912356.145844802),2024,1900 N PULASKI RD
P408953,PASSENGER,84c6aad1e7efffbc58ea1457c5399b33958a587a4dc0c044b02651fa81a2f754e245efdc72b48b4f762f7505ec29e1c68778cefeac973794df3fc4ae37813ec0,1761374.0,M,1.0,NOT APPLICABLE,NONE,NO INDICATION OF INJURY,,,,,,,,2024-06-23 20:10:00,30,CLEAR,DUSK,REAR END,DIVIDED - W/MEDIAN (NOT RAISED),DRY,NO DEFECTS,ON SCENE,NO INJURY / DRIVE AWAY,,"$501 - $1,500",06/23/2024 08:28:00 PM,FOLLOWING TOO CLOSELY,DISTRACTION - FROM INSIDE VEHICLE,,2,NO INDICATION OF INJURY,0.0,0.0,0.0,0.0,0.0,4.0,0.0,20,1,6,41.878340426,-87.774447294,POINT (-87.774447294332 41.878340425555),POINT (1136451.632765497 1898752.7780932481),2024,121 S AUSTIN BLVD
O1890664,DRIVER,0f97237fe42136081ce8d6d1f88d04c7f47244a3e2d3a666e52ae9075c43488a0974ad8f16e97818a15c22cf926017bd1ed2762360b904d24a2dc6f796291595,1801168.0,M,25.0,DEPLOYMENT UNKNOWN,NONE,NO INDICATION OF INJURY,NONE,NOT OBSCURED,NORMAL,,,,,2024-08-23 21:12:00,30,CLEAR,"DARKNESS, LIGHTED ROAD",SIDESWIPE SAME DIRECTION,NOT DIVIDED,DRY,NO DEFECTS,NOT ON SCENE (DESK REPORT),NO INJURY / DRIVE AWAY,Y,"OVER $1,500",08/23/2024 09:15:00 PM,IMPROPER LANE USAGE,FAILING TO REDUCE SPEED TO AVOID CRASH,,2,NO INDICATION OF INJURY,0.0,0.0,0.0,0.0,0.0,2.0,0.0,21,6,8,41.855429558,-87.624021841,POINT (-87.624021841401 41.855429557743),POINT (1177486.2399149032 1890706.7544603455),2024,2000 S MICHIGAN AVE
O1778942,DRIVER,9a60ccbff376ece12bf7528b02e1199af4b4bc8ce0dedc8419249b55ee0355682b8e30d0ade55ea16120ea56def34f9e87e7d0fc0d1ff305b0704c444776b01a,1694020.0,F,43.0,DID NOT DEPLOY,NONE,NO INDICATION OF INJURY,NONE,NOT OBSCURED,NORMAL,,,,,2024-03-16 17:20:00,30,CLEAR,DAYLIGHT,SIDESWIPE SAME DIRECTION,DIVIDED - W/MEDIAN BARRIER,DRY,NO DEFECTS,,NO INJURY / DRIVE AWAY,,"OVER $1,500",03/16/2024 06:20:00 PM,FAILING TO REDUCE SPEED TO AVOID CRASH,NOT APPLICABLE,,2,NO INDICATION OF INJURY,0.0,0.0,0.0,0.0,0.0,2.0,0.0,17,7,3,41.895338782,-87.624408797,POINT (-87.624408797118 41.895338782483),POINT (1177260.7033496366 1905248.7645263418),2024,710 N MICHIGAN AVE
P410609,PASSENGER,dde4d5d435c9d85dac0219a2e9549032d445852e894b231763d798aeeabfd49baef566c5a1748f1c8ad90dd53f5fea5c751910ea46301493f2d0bbf47a064431,1768325.0,,,"DEPLOYED, COMBINATION",NONE,NO INDICATION OF INJURY,,,,,,,,2024-07-04 01:50:00,30,CLEAR,DARKNESS,PARKED MOTOR VEHICLE,NOT DIVIDED,DRY,NO DEFECTS,ON SCENE,INJURY AND / OR TOW DUE TO CRASH,Y,"OVER $1,500",07/04/2024 01:50:00 AM,FAILING TO REDUCE SPEED TO AVOID CRASH,UNABLE TO DETERMINE,,3,NO INDICATION OF INJURY,0.0,0.0,0.0,0.0,0.0,3.0,0.0,1,5,7,41.685884567,-87.627853398,POINT (-87.627853397644 41.685884567292),POINT (1176949.1808933544 1828917.2519773862),2024,11438 S WENTWORTH AVE
O1852898,DRIVER,b2aa7573f8dae975e6779737df09ae1cd9de5fdfbb6111e49b3e9ac616d360a967e2e055b271eebc33e380a07299c6e332cf55c14869e84c8f94b34d964b7dbb,1765097.0,M,33.0,NOT APPLICABLE,NONE,NO INDICATION OF INJURY,NONE,NOT OBSCURED,NORMAL,,,,,2024-06-28 14:11:00,30,CLEAR,DAYLIGHT,TURNING,NOT DIVIDED,DRY,NO DEFECTS,ON SCENE,NO INJURY / DRIVE AWAY,,"OVER $1,500",06/28/2024 02:15:00 PM,IMPROPER LANE USAGE,NOT APPLICABLE,,3,NO INDICATION OF INJURY,0.0,0.0,0.0,0.0,0.0,3.0,0.0,14,6,6,41.786708085,-87.676476908,POINT (-87.6764769078 41.786708085047),POINT (1163387.383324275 1865551.299428386),2024,2098 W 59TH ST
P388341,PASSENGER,7d749572cf92e7a92dd468cc2dd2cfc5e7dd26213a59779738ac45db6640296e9649b78a4be41fa37b0d98a64493c95e7be3c478a135b7cd45972685a0e6feba,1673614.0,M,,NOT APPLICABLE,NONE,NO INDICATION OF INJURY,,,,,,,,2024-02-12 00:01:00,30,CLEAR,"DARKNESS, LIGHTED ROAD",SIDESWIPE SAME DIRECTION,DIVIDED - W/MEDIAN (NOT RAISED),DRY,NO DEFECTS,ON SCENE,NO INJURY / DRIVE AWAY,Y,"OVER $1,500",02/12/2024 12:01:00 AM,UNABLE TO DETERMINE,UNABLE TO DETERMINE,,2,NO INDICATION OF INJURY,0.0,0.0,0.0,0.0,0.0,7.0,0.0,0,2,2,41.684061079,-87.719921397,POINT (-87.719921397417 41.684061079336),POINT (1151805.7640294712 1828060.2966858416),2024,11499 S PULASKI RD
O1878868,DRIVER,43e22e355f7fbb9fcf7031b4deb74da9ff374bec95394626e5e87c62be266302eea1749952bfb0a947bcb408f26ab60b9c2f70e285804601299564d57759a0fb,1789903.0,F,28.0,DID NOT DEPLOY,NONE,NO INDICATION OF INJURY,FAILED TO YIELD,NOT OBSCURED,NORMAL,,,,,2024-08-06 09:45:00,30,CLEAR,DAYLIGHT,SIDESWIPE SAME DIRECTION,NOT DIVIDED,WET,NO DEFECTS,ON SCENE,NO INJURY / DRIVE AWAY,,"$501 - $1,500",08/06/2024 09:47:00 AM,DRIVING SKILLS/KNOWLEDGE/EXPERIENCE,FAILING TO YIELD RIGHT-OF-WAY,,2,NO INDICATION OF INJURY,0.0,0.0,0.0,0.0,0.0,2.0,0.0,9,3,8,42.016216736,-87.806729453,POINT (-87.806729453138 42.016216736412),POINT (1127351.5110918419 1948939.6052465606),2024,7428 N HARLEM AVE
P386366,PASSENGER,196978a3d3c8268c47e578afce6bca4e506c51a2504b48ffc7a80d52a4fb27de20e9f08a9c4d9d1e2ca7182c514fb9a81edce4140f52810ba2313a7615621b16,1664378.0,F,14.0,NOT APPLICABLE,NONE,NO INDICATION OF INJURY,,,,,,,,2024-01-26 08:20:00,30,SNOW,DAYLIGHT,ANGLE,DIVIDED - W/MEDIAN BARRIER,WET,NO DEFECTS,ON SCENE,NO INJURY / DRIVE AWAY,,"OVER $1,500",01/26/2024 08:25:00 AM,FAILING TO YIELD RIGHT-OF-WAY,FAILING TO REDUCE SPEED TO AVOID CRASH,,2,NO INDICATION OF INJURY,0.0,0.0,0.0,0.0,0.0,4.0,0.0,8,6,1,41.733749478,-87.540346026,POINT (-87.54034602565 41.733749478041),POINT (1200691.034702983 1846566.599725963),2024,8900 S LAKE SHORE DR
O1942944,DRIVER,fc611385c7b1a1ea39a3fc0cfbe06adbe5b4c22635a1a4cfe130a6e310e52a9e7ea2f167cf1462798fcbfdf8c0194994ecef636ee10f3eafdb9cb4af5f47be3d,1850987.0,F,30.0,NOT APPLICABLE,UNKNOWN,NO INDICATION OF INJURY,UNKNOWN,UNKNOWN,UNKNOWN,,,,,2024-11-04 21:34:00,30,RAIN,DARKNESS,REAR END,DIVIDED - W/MEDIAN (NOT RAISED),WET,UNKNOWN,NOT ON SCENE (DESK REPORT),NO INJURY / DRIVE AWAY,,"$501 - $1,500",11/04/2024 10:30:00 PM,DRIVING SKILLS/KNOWLEDGE/EXPERIENCE,UNABLE TO DETERMINE,,2,NO INDICATION OF INJURY,0.0,0.0,0.0,0.0,0.0,2.0,0.0,21,2,11,41.909200724,-87.745968101,POINT (-87.745968100991 41.909200724347),POINT (1144130.4281977976 1910050.0359314203),2024,1547 N CICERO AVE
O1868012,DRIVER,fed2c64deada0625387c32e842c1763cebb4cd731f515fca8f0c74637e1adbd665fe3813a564f8978be198712a51329d58d6fe388a725129aedcce2458067167,1779531.0,M,66.0,NOT APPLICABLE,UNKNOWN,NO INDICATION OF INJURY,UNKNOWN,UNKNOWN,UNKNOWN,,,,,2024-07-21 14:30:00,30,CLEAR,DAYLIGHT,REAR END,NOT DIVIDED,DRY,NO DEFECTS,NOT ON SCENE (DESK REPORT),NO INJURY / DRIVE AWAY,,"$501 - $1,500",07/21/2024 03:00:00 PM,FOLLOWING TOO CLOSELY,FOLLOWING TOO CLOSELY,,3,NO INDICATION OF INJURY,0.0,0.0,0.0,0.0,0.0,3.0,0.0,14,1,7,41.960242504,-87.776955896,POINT (-87.776955896207 41.960242503969),POINT (1135574.8353363331 1928593.502611131),2024,5959 W MONTROSE AVE
P411788,PASSENGER,c4173a3fed58bebf9de060939989c19a6add90b6738f4afe350d39606843a8729392e1cb016cc792516997683c1d0adf4bf83b48038176ea4d0b252d6527aa47,1773161.0,M,3.0,"DEPLOYED, COMBINATION",NONE,"REPORTED, NOT EVIDENT",,,,,,,,2024-07-11 17:48:00,30,CLEAR,DAYLIGHT,ANGLE,FOUR WAY,DRY,NO DEFECTS,ON SCENE,INJURY AND / OR TOW DUE TO CRASH,,"OVER $1,500",07/11/2024 05:48:00 PM,DISREGARDING TRAFFIC SIGNALS,FAILING TO REDUCE SPEED TO AVOID CRASH,,2,"REPORTED, NOT EVIDENT",4.0,0.0,0.0,0.0,4.0,1.0,0.0,17,5,7,41.787530457,-87.62220086,POINT (-87.622200860126 41.787530456606),POINT (1178187.1103982073 1865968.7229898686),2024,100 E 59TH ST