PERSON_ID,PERSON_TYPE,CRASH_RECORD_ID,VEHICLE_ID,SEX,AGE,AIRBAG_DEPLOYED,EJECTION,INJURY_CLASSIFICATION,DRIVER_ACTION,DRIVER_VISION,PHYSICAL_CONDITION,PEDPEDAL_ACTION,PEDPEDAL_VISIBILITY,PEDPEDAL_LOCATION,CRASH_DATE_EST_I,CRASH_DATE,POSTED_SPEED_LIMIT,WEATHER_CONDITION,LIGHTING_CONDITION,FIRST_CRASH_TYPE,TRAFFICWAY_TYPE,ROADWAY_SURFACE_COND,ROAD_DEFECT,REPORT_TYPE,CRASH_TYPE,HIT_AND_RUN_I,DAMAGE,DATE_POLICE_NOTIFIED,PRIM_CONTRIBUTORY_CAUSE,SEC_CONTRIBUTORY_CAUSE,DOORING_I,NUM_UNITS,MOST_SEVERE_INJURY,INJURIES_TOTAL,INJURIES_FATAL,INJURIES_INCAPACITATING,INJURIES_NON_INCAPACITATING,INJURIES_REPORTED_NOT_EVIDENT,INJURIES_NO_INDICATION,INJURIES_UNKNOWN,CRASH_HOUR,CRASH_DAY_OF_WEEK,CRASH_MONTH,LATITUDE,LONGITUDE,LOCATION,geometry,YEAR,ADDRESS
O1733795,DRIVER,d7ae2df891a9b06bef89b4f3efcec85cd1f2ff82f164d9165ef3378a9c37f8fe6cc48cc66ff2f63c8327654760f04088557489855f18b15d883e09a71fcac8b6,1650566.0,M,29.0,DID NOT DEPLOY,NONE,NO INDICATION OF INJURY,UNKNOWN,UNKNOWN,UNKNOWN,,,,,2024-01-01 01:05:00,30,CLEAR,"DARKNESS, LIGHTED ROAD",REAR TO SIDE,FOUR WAY,WET,UNKNOWN,,NO INJURY / DRIVE AWAY,,"OVER $1,500",01/01/2024 01:20:00 AM,NOT APPLICABLE,NOT APPLICABLE,,2,NO INDICATION OF INJURY,0.0,0.0,0.0,0.0,0.0,4.0,0.0,1,2,1,41.774856519,-87.605238453,POINT (-87.605238453047 41.774856518525),POINT (1182852.161053558 1861389.1438047395),2024,813 E MARQUETTE RD
O1824538,DRIVER,c99a865c4479c4f973ccb486b884c99b119bfbac135ae729d808673806fe19398fe0f4b6321b9e7200db8e8c6f99560f471fc1e784d91a2d01933f4eea109cf4,1737931.0,M,38.0,DID NOT DEPLOY,NONE,NO INDICATION OF INJURY,IMPROPER BACKING,NOT OBSCURED,NORMAL,,,,,2024-05-22 07:58:00,15,CLEAR,DAYLIGHT,PARKED MOTOR VEHICLE,ONE-WAY,DRY,NO DEFECTS,ON SCENE,NO INJURY / DRIVE AWAY,,"$501 - $1,500",05/22/2024 08:24:00 AM,IMPROPER BACKING,UNABLE TO DETERMINE,,2,NO INDICATION OF INJURY,0.0,0.0,0.0,0.0,0.0,1.0,0.0,7,4,5,41.799756286,-87.75653958,POINT (-87.756539579954 41.799756285598),POINT (1141520.7620773667 1870149.3255887516),2024,5110 S LOREL AVE
O1925713,DRIVER,1ba93493113940abc57704e27b27b2f0c7eebc2dd87409f84254428ac53b06adbb1a51075655d99fd46e03bf8a71851c45b317fe9b570508b8ca58c6050ae392,1834583.0,F,38.0,NOT APPLICABLE,NONE,NO INDICATION OF INJURY,NONE,UNKNOWN,UNKNOWN,,,,,2024-10-11 14:45:00,35,CLEAR,DAYLIGHT,SIDESWIPE SAME DIRECTION,DIVIDED - W/MEDIAN BARRIER,DRY,NO DEFECTS,NOT ON SCENE (DESK REPORT),NO INJURY / DRIVE AWAY,,"OVER $1,500",10/11/2024 03:21:00 PM,UNABLE TO DETERMINE,UNABLE TO DETERMINE,,2,NO INDICATION OF INJURY,0.0,0.0,0.0,0.0,0.0,2.0,0.0,14,6,10,41.839139332,-87.685393588,POINT (-87.685393588452 41.839139331694),POINT (1160811.5676866327 1884638.5077499219),2024,2400 W 31ST ST
O1773770,DRIVER,fcbe41fdd7339ed432fba26d517b2a9142635ba5bd10dd06bc37790f0d502940af126790ebb8087838b288884f4052231756e3c61edf2ff0a106e0acc8827b98,1689064.0,M,61.0,DID NOT DEPLOY,NONE,NO INDICATION OF INJURY,FAILED TO YIELD,NOT OBSCURED,NORMAL,,,,,2024-03-06 12:54:00,30,CLEAR,DAYLIGHT,REAR END,DIVIDED - W/MEDIAN (NOT RAISED),DRY,NO DEFECTS,ON SCENE,INJURY AND / OR TOW DUE TO CRASH,,"OVER $1,500",03/06/2024 12:55:00 PM,FOLLOWING TOO CLOSELY,DRIVING SKILLS/KNOWLEDGE/EXPERIENCE,,2,NO INDICATION OF INJURY,0.0,0.0,0.0,0.0,0.0,2.0,0.0,12,4,3,41.989107718,-87.660387275,POINT (-87.660387275496 41.98910771765),POINT (1167196.9555450054 1939339.5492598985),2024,5900 N BROADWAY
O1806756,DRIVER,9a61881276f88e237f5e6a0e8a17d0f7d30430b42bfbea5450ba30570a1da73a8fdcc5703fdc40c5f84fe0d3df7db7e5ea6b63d02fc8ba6acffb32bb03be8c48,1720858.0,F,34.0,DID NOT DEPLOY,NONE,NO INDICATION OF INJURY,NONE,NOT OBSCURED,NORMAL,,,,,2024-04-28 13:10:00,30,CLEAR,DAYLIGHT,REAR END,NOT DIVIDED,DRY,UNKNOWN,NOT ON SCENE (DESK REPORT),NO INJURY / DRIVE AWAY,,"OVER $1,500",04/28/2024 01:40:00 PM,FOLLOWING TOO CLOSELY,NOT APPLICABLE,,2,NO INDICATION OF INJURY,0.0,0.0,0.0,0.0,0.0,2.0,0.0,13,1,4,41.894687691,-87.769173162,POINT (-87.76917316168 41.89468769125),POINT (1137848.7818957581 1904719.0949917696),2024,5729 W CHICAGO AVE
O1890682,DRIVER,bfea08709324b1e33a2574dfd0c40f69e9fe28048fa3d14ec9181a3be9e8d49de4ba85f5580575ddf2ef3c690578518486a2e4efe7f73ace376bbfa010ea63ed,1801169.0,M,,DEPLOYMENT UNKNOWN,NONE,NO INDICATION OF INJURY,UNKNOWN,UNKNOWN,UNKNOWN,,,,,2024-08-23 20:04:00,15,CLEAR,"DARKNESS, LIGHTED ROAD",PARKED MOTOR VEHICLE,PARKING LOT,DRY,NO DEFECTS,NOT ON SCENE (DESK REPORT),NO INJURY / DRIVE AWAY,Y,"OVER $1,500",08/23/2024 10:30:00 PM,UNABLE TO DETERMINE,NOT APPLICABLE,,2,NO INDICATION OF INJURY,0.0,0.0,0.0,0.0,0.0,1.0,0.0,20,6,8,41.772046991,-87.722444402,POINT (-87.722444402045 41.772046991494),POINT (1150889.0594646188 1860116.4904006803),2024,6639 S PULASKI RD
O1886158,DRIVER,14559753469a58daa3646e3af6eeec631c5de76987a1a9d780a4cda5e281176c897ce6ad659bdbfd2399fe5f2ab3bd7405a630a0511433c272af113f27287307,1796850.0,F,47.0,DID NOT DEPLOY,NONE,NO INDICATION OF INJURY,OTHER,OTHER,NORMAL,,,,,2024-08-17 01:06:00,10,CLEAR,"DARKNESS, LIGHTED ROAD",OTHER OBJECT,PARKING LOT,DRY,NO DEFECTS,NOT ON SCENE (DESK REPORT),NO INJURY / DRIVE AWAY,,"$501 - $1,500",08/17/2024 01:30:00 AM,IMPROPER BACKING,UNABLE TO DETERMINE,,1,NO INDICATION OF INJURY,0.0,0.0,0.0,0.0,0.0,2.0,0.0,1,7,8,41.707010735,-87.642690466,POINT (-87.642690465632 41.707010735306),POINT (1172834.7410500129 1836582.5265060882),2024,10259 S HALSTED ST
O1870489,DRIVER,061b5ea4f1aff8a79060de585c9c6a81cceb2fe87af64daab1d97e35a94293c3d6625d9150bc7aa7698599cc14f10b2037d05ec6c21d233675ee912b6186268a,1781891.0,F,59.0,DID NOT DEPLOY,NONE,NO INDICATION OF INJURY,FAILED TO YIELD,NOT OBSCURED,NORMAL,,,,,2024-07-25 11:05:00,30,CLEAR,DAYLIGHT,PEDESTRIAN,FOUR WAY,DRY,NO DEFECTS,ON SCENE,INJURY AND / OR TOW DUE TO CRASH,,"$501 - $1,500",07/25/2024 11:12:00 AM,FAILING TO YIELD RIGHT-OF-WAY,DISREGARDING OTHER TRAFFIC SIGNS,,2,NONINCAPACITATING INJURY,1.0,0.0,0.0,1.0,0.0,1.0,0.0,11,5,7,41.792358419,-87.786755461,POINT (-87.786755461177 41.792358419017),POINT (1133299.0965250111 1867399.7614268241),2024,6600 W ARCHER AVE
O1802870,DRIVER,5eccc9808f0c0fbcc26d0d84568147f5fa36b392141362068560fd11bab336bc8ad733950b75e8f6c4de6a22fcbda76632699e4e090b147386cbcfda9c37ccd4,1717073.0,M,,DEPLOYMENT UNKNOWN,UNKNOWN,NO INDICATION OF INJURY,FAILED TO YIELD,UNKNOWN,UNKNOWN,,,,,2024-04-22 15:11:00,30,CLEAR,DAYLIGHT,ANGLE,ALLEY,DRY,UNKNOWN,NOT ON SCENE (DESK REPORT),NO INJURY / DRIVE AWAY,Y,"OVER $1,500",04/22/2024 05:10:00 PM,NOT APPLICABLE,FAILING TO REDUCE SPEED TO AVOID CRASH,,2,NO INDICATION OF INJURY,0.0,0.0,0.0,0.0,0.0,4.0,0.0,15,2,4,41.8954503,-87.727566022,POINT (-87.727566021885 41.895450299683),POINT (1149174.8640272792 1905074.2213672947),2024,4038 W CHICAGO AVE
O1820686,DRIVER,99fbe34cc5215ba4a33f6e4f11935b6a99449da985b18c40e1d430a7c1f2355bbe49d46ab430a3019b8307a7e26205e69701facfbd7e3de542d8d032dc13f07e,1734248.0,M,49.0,NOT APPLICABLE,NONE,NO INDICATION OF INJURY,FOLLOWED TOO CLOSELY,NOT OBSCURED,NORMAL,,,,,2024-05-17 11:30:00,25,CLEAR,DAYLIGHT,REAR END,NOT DIVIDED,DRY,NO DEFECTS,ON SCENE,NO INJURY / DRIVE AWAY,,"OVER $1,500",05/17/2024 11:34:00 AM,FOLLOWING TOO CLOSELY,EQUIPMENT - VEHICLE CONDITION,,2,NO INDICATION OF INJURY,0.0,0.0,0.0,0.0,0.0,4.0,0.0,11,6,5,41.98112007,-87.692672219,POINT (-87.692672219268 41.981120069706),POINT (1158441.7110370009 1936361.495040243),2024,5453 N LINCOLN AVE
P389468,PASSENGER,86c7448099472c5e6c6dc6be46ba762cbf7f566e566f3a1320d7e797825c50e98ab3487c5612c06609a0340c29626d986780d8310c80aa98187f53093d51049b,1678555.0,M,8.0,DID NOT DEPLOY,NONE,NO INDICATION OF INJURY,,,,,,,,2024-02-19 16:45:00,30,CLEAR,"DARKNESS, LIGHTED ROAD",SIDESWIPE SAME DIRECTION,NOT DIVIDED,DRY,NO DEFECTS,NOT ON SCENE (DESK REPORT),NO INJURY / DRIVE AWAY,,"OVER $1,500",02/20/2024 12:05:00 PM,FAILING TO YIELD RIGHT-OF-WAY,UNABLE TO DETERMINE,,2,NO INDICATION OF INJURY,0.0,0.0,0.0,0.0,0.0,3.0,0.0,16,2,2,41.905780559,-87.68724789,POINT (-87.687247889971 41.905780558989),POINT (1160123.489138445 1908918.6493328128),2024,1330 N WESTERN AVE
O1753905,DRIVER,d4d67c2ef4a433fc58f4b1f7161df964d9f675030cbc4e98fa33ce863e3c05c4d70ab0917a8d078a2737f01e732b4d6f4cde2e381f107d3e6777c32be64cd410,1669939.0,M,36.0,DID NOT DEPLOY,NONE,NO INDICATION OF INJURY,NONE,NOT OBSCURED,NORMAL,,,,,2024-02-05 05:30:00,30,CLEAR,DARKNESS,TURNING,NOT DIVIDED,DRY,NO DEFECTS,NOT ON SCENE (DESK REPORT),NO INJURY / DRIVE AWAY,,"OVER $1,500",02/05/2024 08:30:00 AM,IMPROPER TURNING/NO SIGNAL,NOT APPLICABLE,,2,NO INDICATION OF INJURY,0.0,0.0,0.0,0.0,0.0,2.0,0.0,5,2,2,41.896454166,-87.636430564,POINT (-87.636430564281 41.896454166122),POINT (1173984.356115718 1905628.3952711555),2024,317 W CHICAGO AVE
O1802991,DRIVER,c9afa96f2d3e5c18286d4607a665525d39c7cc67fbae3cbe581ee553512d6aa8a532b76d6a3affad489aac0ffadee80e5731ae35ce0f73532ec2bb79ec4baa75,1717198.0,M,,DID NOT DEPLOY,NONE,NO INDICATION OF INJURY,NONE,NOT OBSCURED,NORMAL,,,,,2024-04-22 18:15:00,30,CLEAR,DUSK,SIDESWIPE OPPOSITE DIRECTION,NOT DIVIDED,UNKNOWN,UNKNOWN,NOT ON SCENE (DESK REPORT),NO INJURY / DRIVE AWAY,,"$501 - $1,500",04/22/2024 07:05:00 PM,UNABLE TO DETERMINE,NOT APPLICABLE,,2,NO INDICATION OF INJURY,0.0,0.0,0.0,0.0,0.0,2.0,0.0,18,2,4,41.922491119,-87.795296969,POINT (-87.795296969324 41.922491118951),POINT (1130672.7152993423 1914804.973241542),2024,6800 W MEDILL AVE
O1745802,DRIVER,2963a34fe03d68dce21bc59bfeaf81dd8c403ed38bc331d6b4b63c3a21dd76770f4ac0c3827391651459b48af6edd1920445e5dd322ee7bf1dec2b5880dede97,1662155.0,F,23.0,DID NOT DEPLOY,NONE,NO INDICATION OF INJURY,OTHER,UNKNOWN,NORMAL,,,,,2024-01-22 17:24:00,30,CLEAR,"DARKNESS, LIGHTED ROAD",PEDESTRIAN,DIVIDED - W/MEDIAN (NOT RAISED),WET,UNKNOWN,ON SCENE,INJURY AND / OR TOW DUE TO CRASH,,"OVER $1,500",01/22/2024 05:26:00 PM,DISREGARDING STOP SIGN,NOT APPLICABLE,,2,NONINCAPACITATING INJURY,1.0,0.0,0.0,1.0,0.0,2.0,0.0,17,2,1,41.948076651,-87.644757414,POINT (-87.644757413923 41.948076650796),POINT (1171566.276863077 1924421.414038301),2024,537 W ADDISON ST
O1847114,DRIVER,6e83b07ebca45ccea43d494df44a91566cdf803c9981f0567deae16a1e54a4ded2b8530dea46a29b88c9e70836ed11139f77980159695c0331c0a41e74979cee,1759553.0,M,24.0,DID NOT DEPLOY,NONE,NO INDICATION OF INJURY,FAILED TO YIELD,UNKNOWN,UNKNOWN,,,,,2024-06-20 06:56:00,30,CLEAR,DAYLIGHT,REAR END,ALLEY,DRY,NO DEFECTS,NOT ON SCENE (DESK REPORT),NO INJURY / DRIVE AWAY,,"$501 - $1,500",06/21/2024 01:00:00 PM,FAILING TO YIELD RIGHT-OF-WAY,NOT APPLICABLE,,2,NO INDICATION OF INJURY,0.0,0.0,0.0,0.0,0.0,2.0,0.0,6,5,6,41.939471341,-87.663664131,POINT (-87.663664130532 41.939471341382),POINT (1166447.4741739244 1921244.8608195875),2024,3151 N SOUTHPORT AVE
O1924470,DRIVER,285190bb3426c37f981da85298517d090a477076d293dd95d7a5deb76d3224ddc2c159bb89e6569774f9849a2bca18d5957612ceafe39312fb22cae7132afa6c,1833391.0,X,,DEPLOYMENT UNKNOWN,NONE,NO INDICATION OF INJURY,OTHER,UNKNOWN,UNKNOWN,,,,,2024-10-09 17:41:00,30,CLEAR,DAYLIGHT,PARKED MOTOR VEHICLE,NOT DIVIDED,DRY,UNKNOWN,ON SCENE,NO INJURY / DRIVE AWAY,Y,"OVER $1,500",10/09/2024 07:09:00 PM,UNABLE TO DETERMINE,UNABLE TO DETERMINE,,2,NO INDICATION OF INJURY,0.0,0.0,0.0,0.0,0.0,1.0,0.0,17,4,10,41.981198391,-87.837238725,POINT (-87.837238724969 41.981198391229),POINT (1119134.705141589 1936129.21075972),2024,8410 W BRYN MAWR AVE
O1775857,DRIVER,e2d508409598740070beae6521b7d621465f23190e6d3bb0cc3930b4b74f569a8fd5a124e0b9771bdc68bf443dc05722e908d79c1135a7545cd23e8c5fb360e4,1691101.0,M,,DEPLOYMENT UNKNOWN,UNKNOWN,NO INDICATION OF INJURY,UNKNOWN,UNKNOWN,UNKNOWN,,,,,2024-03-12 11:10:00,35,CLEAR,DAYLIGHT,TURNING,FOUR WAY,DRY,NO DEFECTS,ON SCENE,INJURY AND / OR TOW DUE TO CRASH,,"OVER $1,500",03/12/2024 11:20:00 AM,DISTRACTION - FROM INSIDE VEHICLE,DISTRACTION - FROM INSIDE VEHICLE,,2,NO INDICATION OF INJURY,0.0,0.0,0.0,0.0,0.0,3.0,0.0,11,3,3,41.771222697,-87.741910388,POINT (-87.741910387507 41.771222696555),POINT (1145581.1467381127 1859779.0086418774),2024,6659 S CICERO AVE
P430014,PASSENGER,5e149a4210c9d26fa734b9d1e2304731fb0223811c0bbf6cc77f52b2aad1047b3101d8979dd6ea5dc8fe3ab34da59769f575975bd5f12f33c6501cbaaeed9367,1852162.0,F,32.0,DEPLOYMENT UNKNOWN,NONE,NO INDICATION OF INJURY,,,,,,,,2024-11-06 18:04:00,30,UNKNOWN,UNKNOWN,SIDESWIPE SAME DIRECTION,DIVIDED - W/MEDIAN (NOT RAISED),UNKNOWN,UNKNOWN,NOT ON SCENE (DESK REPORT),NO INJURY / DRIVE AWAY,,"OVER $1,500",11/06/2024 06:30:00 PM,FAILING TO YIELD RIGHT-OF-WAY,UNABLE TO DETERMINE,,2,NO INDICATION OF INJURY,0.0,0.0,0.0,0.0,0.0,5.0,0.0,18,4,11,41.992944134,-87.660504875,POINT (-87.660504875026 41.992944134279),POINT (1167154.0011154609 1940737.311050474),2024,6120 N BROADWAY
O1936550,DRIVER,4ef173dab0986e44f4b219fab099626ab414e63f8f4ac531e45adc1dbc8c2f9cd03ab3c752fedd730f87aa4a24e58265d4e15d57db65cccbbc7caa27e90090fd,1844895.0,F,36.0,NOT APPLICABLE,NONE,NO INDICATION OF INJURY,NONE,NOT OBSCURED,NORMAL,,,,Y,2024-10-26 16:05:00,25,CLEAR,DAYLIGHT,REAR END,NOT DIVIDED,DRY,NO DEFECTS,ON SCENE,NO INJURY / DRIVE AWAY,Y,"OVER $1,500",10/26/2024 04:07:00 PM,FOLLOWING TOO CLOSELY,NOT APPLICABLE,,3,NO INDICATION OF INJURY,0.0,0.0,0.0,0.0,0.0,3.0,0.0,16,7,10,41.954085363,-87.697929437,POINT (-87.697929437014 41.954085363378),POINT (1157085.3618519027 1926499.2878275565),2024,2750 W IRVING PARK RD
O1816337,DRIVER,f50e9c4685b52fadfb4e8a432e8b7584901b2dd71cb8dad1c2f7c80c71991fdcc8afa12df511a09d43dce59713e37cfa20e9cab795703bc0f647945138435fe9,1730077.0,X,,DEPLOYMENT UNKNOWN,UNKNOWN,NO INDICATION OF INJURY,UNKNOWN,UNKNOWN,UNKNOWN,,,,,2024-05-11 09:30:00,30,CLEAR,DAYLIGHT,PARKED MOTOR VEHICLE,DIVIDED - W/MEDIAN (NOT RAISED),DRY,UNKNOWN,NOT ON SCENE (DESK REPORT),NO INJURY / DRIVE AWAY,Y,"OVER $1,500",05/11/2024 10:45:00 AM,UNABLE TO DETERMINE,UNABLE TO DETERMINE,,2,NO INDICATION OF INJURY,0.0,0.0,0.0,0.0,0.0,1.0,0.0,9,7,5,41.997495257,-87.697056084,POINT (-87.69705608405 41.997495257045),POINT (1157205.4269302955 1942319.8193091194),2024,2657 W DEVON AVE
O1751890,DRIVER,d867d999d2b41bf196eff2e0e185a5df1674bdd8d0bc6796cc94034324c6b05cd7a844df03cc710571b9354ce988e2fd3cfc725ab0ae00877e679dfde773674b,1667967.0,F,31.0,DID NOT DEPLOY,NONE,NO INDICATION OF INJURY,FAILED TO YIELD,NOT OBSCURED,IMPAIRED - ALCOHOL,,,,,2024-02-01 15:40:00,25,CLEAR,DAYLIGHT,PARKED MOTOR VEHICLE,NOT DIVIDED,DRY,NO DEFECTS,ON SCENE,INJURY AND / OR TOW DUE TO CRASH,,$500 OR LESS,02/01/2024 03:46:00 PM,UNDER THE INFLUENCE OF ALCOHOL/DRUGS (USE WHEN ARREST IS EFFECTED),FAILING TO REDUCE SPEED TO AVOID CRASH,,2,NO INDICATION OF INJURY,0.0,0.0,0.0,0.0,0.0,2.0,0.0,15,5,2,41.852340853,-87.623937365,POINT (-87.623937364873 41.852340852951),POINT (1177518.5524198099 1889581.4278708166),2024,2216 S MICHIGAN AVE
P420748,PASSENGER,845bb6832032aea4370d5ed2ad3e63b28c4642c8ffec973003af37a9c08418b79831d946d776322ca0e8bd311b27a9988270eda2df547afebe2abb6455562474,1811960.0,M,,DID NOT DEPLOY,NONE,NONINCAPACITATING INJURY,,,,,,,,2024-09-07 23:00:00,30,CLEAR,DARKNESS,SIDESWIPE SAME DIRECTION,NOT DIVIDED,DRY,NO DEFECTS,NOT ON SCENE (DESK REPORT),INJURY AND / OR TOW DUE TO CRASH,Y,"OVER $1,500",09/08/2024 01:23:00 PM,NOT APPLICABLE,NOT APPLICABLE,,2,NONINCAPACITATING INJURY,5.0,0.0,0.0,5.0,0.0,1.0,0.0,23,7,9,41.837132671,-87.704967115,POINT (-87.704967114787 41.837132671422),POINT (1155483.1675399246 1883867.6605030184),2024,3100 S KEDZIE AVE
O1746781,DRIVER,299cfd17153140db77d015a0e175f1354ac64184c181783281b2ac4ee15719bbd141760507b1235e501033f648fe0e2d41698ff57c39df38187144823a0d9346,1663073.0,F,32.0,NOT APPLICABLE,NONE,NO INDICATION OF INJURY,FAILED TO YIELD,UNKNOWN,NORMAL,,,,,2024-01-24 07:55:00,30,FOG/SMOKE/HAZE,DAYLIGHT,REAR TO FRONT,NOT DIVIDED,DRY,NO DEFECTS,NOT ON SCENE (DESK REPORT),NO INJURY / DRIVE AWAY,,"OVER $1,500",01/24/2024 08:30:00 AM,UNABLE TO DETERMINE,NOT APPLICABLE,,2,NO INDICATION OF INJURY,0.0,0.0,0.0,0.0,0.0,2.0,0.0,7,4,1,41.923709268,-87.795178443,POINT (-87.795178442531 41.923709267988),POINT (1130702.1858798899 1915249.0699826318),2024,6798 W GRAND AVE
P384843,PASSENGER,51930076bf0ad330f9460d862ec14bc161ebd0219fa6bcb8c7b865f51eb02518455b584d192846a3a3c86e7ce146b0269266f8a076a14382a84789a6f814923b,1656565.0,F,17.0,"DEPLOYED, FRONT",NONE,NO INDICATION OF INJURY,,,,,,,,2024-01-13 09:40:00,30,CLEAR,DAYLIGHT,PARKED MOTOR VEHICLE,ONE-WAY,WET,UNKNOWN,ON SCENE,INJURY AND / OR TOW DUE TO CRASH,,"$501 - $1,500",01/13/2024 09:45:00 AM,FAILING TO REDUCE SPEED TO AVOID CRASH,WEATHER,,4,NO INDICATION OF INJURY,0.0,0.0,0.0,0.0,0.0,4.0,0.0,9,7,1,41.760180254,-87.612066064,POINT (-87.612066063623 41.760180253944),POINT (1181034.6313937018 1856025.5319787327),2024,515 E 74TH ST
P409006,PASSENGER,2ee704f0543f2a1cd9a90b6e23a1860c2241b614e0545d2553cc17616305d1b0eae31e7cf5d90907cabd9e84702f16d6ba849ef48ade52c2267138472bcdaff4,1761542.0,F,33.0,NOT APPLICABLE,NONE,NO INDICATION OF INJURY,,,,,,,,2024-06-21 21:40:00,30,CLEAR,DARKNESS,REAR END,DIVIDED - W/MEDIAN (NOT RAISED),DRY,NO DEFECTS,,NO INJURY / DRIVE AWAY,Y,"OVER $1,500",06/21/2024 09:56:00 PM,FOLLOWING TOO CLOSELY,FOLLOWING TOO CLOSELY,,2,NO INDICATION OF INJURY,0.0,0.0,0.0,0.0,0.0,3.0,0.0,21,6,6,41.932351849,-87.688044975,POINT (-87.688044974908 41.932351848527),POINT (1159833.6535670497 1918599.6257082836),2024,2808 N WESTERN AVE
O1750563,DRIVER,0ea181c0343a4328cab67d43f1a6d994b9a183c63083b279fb59ced2d676abafb773d73a236b7e71595a71ece9aa621b9308e3d883a11c3fd92fc5249da38c5d,1666703.0,F,59.0,DID NOT DEPLOY,NONE,NO INDICATION OF INJURY,IMPROPER LANE CHANGE,NOT OBSCURED,NORMAL,,,,,2024-01-30 11:30:00,25,CLEAR,DAYLIGHT,SIDESWIPE SAME DIRECTION,NOT DIVIDED,DRY,NO DEFECTS,ON SCENE,NO INJURY / DRIVE AWAY,,$500 OR LESS,01/30/2024 11:49:00 AM,IMPROPER TURNING/NO SIGNAL,UNABLE TO DETERMINE,,2,NO INDICATION OF INJURY,0.0,0.0,0.0,0.0,0.0,2.0,0.0,11,3,1,41.864745069,-87.685840455,POINT (-87.685840454681 41.864745069282),POINT (1160619.4409351526 1893968.2431982723),2024,1301 S WESTERN AVE
O1839750,DRIVER,2a7cd757f487bf43d40d8348527fb324e61607cd95522e1af415b9f56a0e195700cc2dbe526fa83da20cf4b9ca144cc63f54e8a1113a3e089954a7ec85182b7a,1752525.0,M,25.0,NOT APPLICABLE,NONE,NO INDICATION OF INJURY,NONE,NOT OBSCURED,NORMAL,,,,,2024-06-11 09:25:00,30,CLEAR,DAYLIGHT,REAR END,DIVIDED - W/MEDIAN (NOT RAISED),DRY,NO DEFECTS,ON SCENE,NO INJURY / DRIVE AWAY,,"OVER $1,500",06/11/2024 09:27:00 AM,FOLLOWING TOO CLOSELY,FOLLOWING TOO CLOSELY,,2,NO INDICATION OF INJURY,0.0,0.0,0.0,0.0,0.0,2.0,0.0,9,3,6,41.953850562,-87.727769626,POINT (-87.727769626066 41.953850561502),POINT (1148969.143136343 1926354.9580897614),2024,4004 N PULASKI RD
O1757173,DRIVER,071ba6597deca10dd05581e9593e7a466e7c2939c5c9270ca99351af966c23fd5ab0362584786132e412b3934fbdbf7f24c93f3f9943aa04ef3f468d610ae64d,1673085.0,M,30.0,DEPLOYMENT UNKNOWN,NONE,"REPORTED, NOT EVIDENT",FAILED TO YIELD,UNKNOWN,UNKNOWN,,,,,2024-02-10 16:19:00,30,CLEAR,DAYLIGHT,ANGLE,FOUR WAY,DRY,NO DEFECTS,ON SCENE,INJURY AND / OR TOW DUE TO CRASH,,"OVER $1,500",02/10/2024 04:19:00 PM,FAILING TO YIELD RIGHT-OF-WAY,FAILING TO REDUCE SPEED TO AVOID CRASH,,2,NONINCAPACITATING INJURY,3.0,0.0,0.0,2.0,1.0,3.0,0.0,16,7,2,41.809143018,-87.626229132,POINT (-87.626229132272 41.809143017867),POINT (1177023.7462816408 1873835.152679118),2024,4700 S STATE ST
O1811456,DRIVER,b796e970d3de39eea3141ec54cb402ae4aaf3099e2e9b0e3c772b0ead3a5d8a7c1ef302ebc7b8adbcd937702f7beddf7dcf4c38ce9414a00bf171f13d3c5afe9,1725397.0,M,,DID NOT DEPLOY,NONE,NO INDICATION OF INJURY,FAILED TO YIELD,NOT OBSCURED,NORMAL,,,,,2024-05-04 20:45:00,30,RAIN,"DARKNESS, LIGHTED ROAD",ANGLE,PARKING LOT,WET,NO DEFECTS,NOT ON SCENE (DESK REPORT),NO INJURY / DRIVE AWAY,N,$500 OR LESS,05/04/2024 09:15:00 PM,UNABLE TO DETERMINE,NOT APPLICABLE,,2,NO INDICATION OF INJURY,0.0,0.0,0.0,0.0,0.0,4.0,0.0,20,7,5,41.778961599,-87.710528949,POINT (-87.710528948795 41.778961598969),POINT (1154121.1392734814 1862659.430136779),2024,3500 W 63RD ST
P390731,PASSENGER,b6e4a9f70d428ecbdcf320178376ef16d3740b22239ed3e73ba2df801ea63efb4dd5e19dcf3582b3d6aafa7a98dfb325cbf6d4929cdab3660bce4901baf15484,1684554.0,M,20.0,"DEPLOYED, COMBINATION",UNKNOWN,NONINCAPACITATING INJURY,,,,,,,,2024-03-01 20:30:00,30,CLEAR,"DARKNESS, LIGHTED ROAD",HEAD ON,NOT DIVIDED,DRY,UNKNOWN,ON SCENE,INJURY AND / OR TOW DUE TO CRASH,,"OVER $1,500",03/01/2024 08:31:00 PM,FAILING TO REDUCE SPEED TO AVOID CRASH,NOT APPLICABLE,,2,NONINCAPACITATING INJURY,6.0,0.0,0.0,6.0,0.0,0.0,0.0,20,6,3,41.768440809,-87.683407356,POINT (-87.683407356479 41.768440809389),POINT (1161547.6150212912 1858880.4807525596),2024,2400 W LITHUANIAN PLAZA CT