PERSON_ID,PERSON_TYPE,CRASH_RECORD_ID,VEHICLE_ID,SEX,AGE,AIRBAG_DEPLOYED,EJECTION,INJURY_CLASSIFICATION,DRIVER_ACTION,DRIVER_VISION,PHYSICAL_CONDITION,PEDPEDAL_ACTION,PEDPEDAL_VISIBILITY,PEDPEDAL_LOCATION,CRASH_DATE_EST_I,CRASH_DATE,POSTED_SPEED_LIMIT,WEATHER_CONDITION,LIGHTING_CONDITION,FIRST_CRASH_TYPE,TRAFFICWAY_TYPE,ROADWAY_SURFACE_COND,ROAD_DEFECT,REPORT_TYPE,CRASH_TYPE,HIT_AND_RUN_I,DAMAGE,DATE_POLICE_NOTIFIED,PRIM_CONTRIBUTORY_CAUSE,SEC_CONTRIBUTORY_CAUSE,DOORING_I,NUM_UNITS,MOST_SEVERE_INJURY,INJURIES_TOTAL,INJURIES_FATAL,INJURIES_INCAPACITATING,INJURIES_NON_INCAPACITATING,INJURIES_REPORTED_NOT_EVIDENT,INJURIES_NO_INDICATION,INJURIES_UNKNOWN,CRASH_HOUR,CRASH_DAY_OF_WEEK,CRASH_MONTH,LATITUDE,LONGITUDE,LOCATION,geometry,YEAR,ADDRESS
O1817317,DRIVER,1058ccbf982fa10a6f2c0e3b7d1c8b68268cb35579c5ee731e86042a0a44b47ed63372811c096d89b151793667882541dd909ba75cab1375cc0d116e52541db4,1730984.0,M,24.0,NOT APPLICABLE,NONE,NO INDICATION OF INJURY,NONE,UNKNOWN,NORMAL,,,,,2024-05-12 20:05:00,30,CLEAR,DUSK,PEDALCYCLIST,DIVIDED - W/MEDIAN (NOT RAISED),DRY,UNKNOWN,ON SCENE,INJURY AND / OR TOW DUE TO CRASH,,"OVER $1,500",05/12/2024 08:07:00 PM,FAILING TO YIELD RIGHT-OF-WAY,NOT APPLICABLE,,2,NONINCAPACITATING INJURY,1.0,0.0,0.0,1.0,0.0,1.0,0.0,20,1,5,41.891517895,-87.617830523,POINT (-87.617830522582 41.891517894531),POINT (1179063.315376268 1903871.2996956385),2024,512 N MC CLURG CT
O1767026,DRIVER,3f76ecf04adec40343dd4c6d40ad58bc3eff086e6764f1d7804f78f125b4fd79a613433625ed3541a5c1d1d0c5a74b3e3bb5f34dff790446a43da62caec39598,1682599.0,F,29.0,NOT APPLICABLE,UNKNOWN,NO INDICATION OF INJURY,NONE,NOT OBSCURED,NORMAL,,,,,2024-02-27 12:32:00,30,CLEAR,DAYLIGHT,REAR END,NOT DIVIDED,DRY,NO DEFECTS,NOT ON SCENE (DESK REPORT),NO INJURY / DRIVE AWAY,,$500 OR LESS,02/27/2024 06:48:00 PM,FOLLOWING TOO CLOSELY,NOT APPLICABLE,,2,NO INDICATION OF INJURY,0.0,0.0,0.0,0.0,0.0,2.0,0.0,12,3,2,41.867427801,-87.634170039,POINT (-87.634170039139 41.867427800907),POINT (1174685.9671445151 1895056.2152264891),2024,240 W ROOSEVELT RD
O1737158,DRIVER,41d9ab47788469d4c92ae55f1db19831a043bd13482126baf5dd90694345778de08b1c6df36d3a929613718914c0c617c936f5d88ca8060230d34c2ec530a521,1653806.0,X,,DEPLOYMENT UNKNOWN,NONE,NO INDICATION OF INJURY,FAILED TO YIELD,UNKNOWN,UNKNOWN,,,,,2024-01-03 21:10:00,30,CLEAR,DUSK,PARKED MOTOR VEHICLE,NOT DIVIDED,DRY,NO DEFECTS,NOT ON SCENE (DESK REPORT),NO INJURY / DRIVE AWAY,Y,"OVER $1,500",01/08/2024 12:33:00 PM,DRIVING SKILLS/KNOWLEDGE/EXPERIENCE,UNABLE TO DETERMINE,,2,NO INDICATION OF INJURY,0.0,0.0,0.0,0.0,0.0,1.0,0.0,21,4,1,41.785486375,-87.621460995,POINT (-87.621460995335 41.785486374528),POINT (1178395.0515040047 1865225.5426779545),2024,117 E 60TH ST
O1897559,DRIVER,ec8643626e46a30956a17ad059918be1d4d0afc603f813409938f36d75afb900f2bd5d5724e61b3acbaa31fa18e173b5e4a7db97479bc865d52b123ccf787f49,1807745.0,M,39.0,DID NOT DEPLOY,NONE,NO INDICATION OF INJURY,IMPROPER TURN,NOT OBSCURED,NORMAL,,,,,2024-09-02 06:32:00,30,CLEAR,DAYLIGHT,TURNING,FOUR WAY,DRY,UNKNOWN,ON SCENE,INJURY AND / OR TOW DUE TO CRASH,,"OVER $1,500",09/02/2024 06:39:00 AM,IMPROPER TURNING/NO SIGNAL,IMPROPER LANE USAGE,,2,NO INDICATION OF INJURY,0.0,0.0,0.0,0.0,0.0,2.0,0.0,6,2,9,41.894812896,-87.629577953,POINT (-87.629577952789 41.894812895758),POINT (1175854.9210280566 1905045.5450122645),2024,699 N DEARBORN ST
P409415,PASSENGER,be610a0718c52f12aef063be9d54ece524a3bf3186fda6ccc36b716ae0eab302d9242f3128bc6466bb93a9f276a0eb1940fbfac9f622facf56f61c45ca0a573c,1763494.0,F,,"DEPLOYED, COMBINATION",NONE,NONINCAPACITATING INJURY,,,,,,,,2024-06-24 03:00:00,35,CLEAR,"DARKNESS, LIGHTED ROAD",FIXED OBJECT,FOUR WAY,DRY,UNKNOWN,ON SCENE,INJURY AND / OR TOW DUE TO CRASH,,"OVER $1,500",06/24/2024 03:01:00 AM,NOT APPLICABLE,NOT APPLICABLE,,1,NONINCAPACITATING INJURY,1.0,0.0,0.0,1.0,0.0,0.0,0.0,3,2,6,41.802292773,-87.596852689,POINT (-87.596852688538 41.802292773117),POINT (1185053.9158991245 1871406.2219713551),2024,5100 S WOODLAWN AVE
O1819163,DRIVER,959874eb4616260fde57c7c7beefe972d8c95929a84621e2d1c44df7da8281e14d79eb0af25344b463818bc754d062d05b008e90f4b51cbebd7da2e26b19f100,1732762.0,M,27.0,NOT APPLICABLE,NONE,NO INDICATION OF INJURY,UNKNOWN,UNKNOWN,NORMAL,,,,,2024-05-15 11:48:00,30,CLEAR,DAYLIGHT,SIDESWIPE SAME DIRECTION,DIVIDED - W/MEDIAN (NOT RAISED),DRY,NO DEFECTS,ON SCENE,NO INJURY / DRIVE AWAY,,"OVER $1,500",05/15/2024 11:48:00 AM,UNABLE TO DETERMINE,UNABLE TO DETERMINE,,2,NO INDICATION OF INJURY,0.0,0.0,0.0,0.0,0.0,2.0,0.0,11,4,5,41.986094148,-87.728666992,POINT (-87.728666992108 41.986094148262),POINT (1148642.1233578462 1938102.9295435527),2024,5806 N PULASKI RD
O1777838,DRIVER,198cb51dc4fd44fe63875b7e8e9d04e9602e0b5b141081922d5c15e5b4cef1e0ee987873710553507eca78ec1e44a71cc966d5601f25e1a07e14a9ade24e28b7,1692977.0,M,,DEPLOYMENT UNKNOWN,NONE,NO INDICATION OF INJURY,DISREGARDED CONTROL DEVICES,UNKNOWN,UNKNOWN,,,,,2024-03-15 10:53:00,30,CLEAR,DAYLIGHT,ANGLE,FOUR WAY,DRY,NO DEFECTS,ON SCENE,INJURY AND / OR TOW DUE TO CRASH,Y,"OVER $1,500",03/15/2024 10:55:00 AM,DISREGARDING OTHER TRAFFIC SIGNS,FAILING TO REDUCE SPEED TO AVOID CRASH,,2,NO INDICATION OF INJURY,0.0,0.0,0.0,0.0,0.0,2.0,0.0,10,6,3,41.756893037,-87.593289241,POINT (-87.59328924117 41.756893037294),POINT (1186167.8820343618 1854871.2095355077),2024,7558 S SOUTH CHICAGO AVE
P388113,PASSENGER,2aed147871e2e49c402645d82be07adbb2f0788c0f13315a512b1a5c0323853c5c45ee84f5022ec3a7350dcd5b27932002e44fdc05a7b81e30dbdd95d25e9b63,1672623.0,M,54.0,DID NOT DEPLOY,NONE,NO INDICATION OF INJURY,,,,,,,,2024-02-10 00:30:00,30,CLEAR,"DARKNESS, LIGHTED ROAD",SIDESWIPE OPPOSITE DIRECTION,NOT DIVIDED,DRY,UNKNOWN,ON SCENE,NO INJURY / DRIVE AWAY,,"OVER $1,500",02/10/2024 12:31:00 AM,IMPROPER LANE USAGE,NOT APPLICABLE,,2,NO INDICATION OF INJURY,0.0,0.0,0.0,0.0,0.0,4.0,0.0,0,7,2,41.707156862,-87.620070478,POINT (-87.620070478051 41.707156861607),POINT (1179010.8784131077 1836686.1217804041),2024,10301 S MICHIGAN AVE
O1770518,DRIVER,bac1d112730ed2778c0e8a018813bfec2433a12298bf5d9104af80929e55bbd412b967f8ec21a272d0af5cf4c26fd80cde73337f10f504955a4241076c1f35f7,1685968.0,M,,NOT APPLICABLE,NONE,NO INDICATION OF INJURY,OTHER,NOT OBSCURED,NORMAL,,,,,2024-03-04 08:15:00,30,CLEAR,DAYLIGHT,REAR TO FRONT,ONE-WAY,DRY,NO DEFECTS,NOT ON SCENE (DESK REPORT),NO INJURY / DRIVE AWAY,,$500 OR LESS,03/04/2024 09:47:00 AM,UNABLE TO DETERMINE,NOT APPLICABLE,,2,NO INDICATION OF INJURY,0.0,0.0,0.0,0.0,0.0,2.0,0.0,8,2,3,41.894261827,-87.623392173,POINT (-87.623392173422 41.894261827008),POINT (1177540.7366101379 1904858.6104024986),2024,152 E ERIE ST
P386387,PASSENGER,3b01da5c5b83a3236b7321f14e9cbc14a684a8c3f8ecb7e9065ac10191f46ee57d5386d3eb1fda31754aef829df17209060fe14501f8ab587d2a201dd5c092db,1664522.0,,,DID NOT DEPLOY,UNKNOWN,NO INDICATION OF INJURY,,,,,,,,2024-01-26 12:01:00,30,OTHER,"DARKNESS, LIGHTED ROAD",TURNING,DIVIDED - W/MEDIAN BARRIER,WET,NO DEFECTS,ON SCENE,INJURY AND / OR TOW DUE TO CRASH,,"OVER $1,500",01/26/2024 12:13:00 PM,DISREGARDING OTHER TRAFFIC SIGNS,NOT APPLICABLE,,2,NO INDICATION OF INJURY,0.0,0.0,0.0,0.0,0.0,5.0,0.0,12,6,1,41.878009411,-87.63709519,POINT (-87.63709519022 41.878009410984),POINT (1173857.9422431486 1898905.6645644251),2024,300 S LOWER WACKER DR
O1781802,DRIVER,689ca9b54dfa3962de37d68c03442b2ecf31db6b765cb1538ad9eda356deeaef4988fac269f985b9bfc54af9f2bd4750dc26a03bb908fc982c5cdd16b117e4df,1696783.0,M,,DID NOT DEPLOY,NONE,NO INDICATION OF INJURY,FAILED TO YIELD,UNKNOWN,UNKNOWN,,,,,2024-03-19 07:55:00,30,CLEAR,DAYLIGHT,ANGLE,ONE-WAY,DRY,NO DEFECTS,NOT ON SCENE (DESK REPORT),NO INJURY / DRIVE AWAY,,$500 OR LESS,03/20/2024 07:45:00 PM,FAILING TO YIELD RIGHT-OF-WAY,UNABLE TO DETERMINE,,2,NO INDICATION OF INJURY,0.0,0.0,0.0,0.0,0.0,2.0,0.0,7,3,3,41.721601262,-87.657969894,POINT (-87.657969894159 41.721601261591),POINT (1168620.8634215454 1841866.056276432),2024,9448 S LOOMIS ST
P404278,PASSENGER,553cad781737825f28d8c478bd331439987be884c99ca713f8a23fda220cf9a7e37a2e91f587ae08a5a3afeff633026ff026ddf640c3c356a4b8771fadfe38fb,1741905.0,M,54.0,DID NOT DEPLOY,NONE,NO INDICATION OF INJURY,,,,,,,,2024-05-27 11:15:00,10,CLEAR,DAYLIGHT,PARKED MOTOR VEHICLE,PARKING LOT,DRY,NO DEFECTS,ON SCENE,NO INJURY / DRIVE AWAY,,"OVER $1,500",05/27/2024 11:31:00 AM,UNABLE TO DETERMINE,UNABLE TO DETERMINE,,2,NO INDICATION OF INJURY,0.0,0.0,0.0,0.0,0.0,4.0,0.0,11,2,5,41.819052466,-87.724112702,POINT (-87.7241127025 41.819052466282),POINT (1150312.589806614 1877241.7350798303),2024,4000 S PULASKI RD
O1893282,DRIVER,dac0fd6f72b7362792fa8039bb72f8b3ea5017d8c541f77d0dccc69309fecbbb354c966650b3469aca5afb68141806e183c6c3fd9044582ec344180809741654,1803657.0,M,37.0,DID NOT DEPLOY,NONE,NO INDICATION OF INJURY,UNKNOWN,UNKNOWN,UNKNOWN,,,,,2024-08-27 12:30:00,30,CLEAR,DAYLIGHT,TURNING,DIVIDED - W/MEDIAN (NOT RAISED),DRY,NO DEFECTS,NOT ON SCENE (DESK REPORT),INJURY AND / OR TOW DUE TO CRASH,,"OVER $1,500",08/27/2024 03:55:00 PM,IMPROPER TURNING/NO SIGNAL,IMPROPER TURNING/NO SIGNAL,,2,NO INDICATION OF INJURY,0.0,0.0,0.0,0.0,0.0,2.0,0.0,12,3,8,41.771729175,-87.693349922,POINT (-87.693349922161 41.771729174636),POINT (1158826.3873859257 1860058.3955681196),2024,6700 S CALIFORNIA AVE
O1823750,DRIVER,0ba199520565184a5699c5711d096b44f2e8a50dcf3b4990dbb3d5b72df5949c694995ada984d3443b0b561857f0404764ff1ae8e91645c969e290142af92ce3,1737168.0,F,55.0,NOT APPLICABLE,NONE,NO INDICATION OF INJURY,IMPROPER LANE CHANGE,UNKNOWN,UNKNOWN,,,,,2024-05-21 08:09:00,35,CLEAR,DAYLIGHT,SIDESWIPE SAME DIRECTION,DIVIDED - W/MEDIAN BARRIER,DRY,NO DEFECTS,NOT ON SCENE (DESK REPORT),NO INJURY / DRIVE AWAY,,"OVER $1,500",05/21/2024 08:52:00 AM,IMPROPER LANE USAGE,DRIVING SKILLS/KNOWLEDGE/EXPERIENCE,,2,NO INDICATION OF INJURY,0.0,0.0,0.0,0.0,0.0,2.0,0.0,8,3,5,41.867300171,-87.627683894,POINT (-87.62768389401 41.867300170955),POINT (1176453.0357742084 1895024.162779786),2024,5 W ROOSEVELT RD
P411633,PASSENGER,a7df502358391e4f4771c73b592866c06da2eb241844b6961eedecdaf9654fe2366f20f2e59e96c56c1ad814d0d9022f4c507b5bdb219904dcb618b9976c83fb,1772524.0,F,,DID NOT DEPLOY,NONE,NO INDICATION OF INJURY,,,,,,,,2024-07-10 16:30:00,35,CLEAR,DAYLIGHT,REAR END,DIVIDED - W/MEDIAN (NOT RAISED),DRY,NO DEFECTS,NOT ON SCENE (DESK REPORT),NO INJURY / DRIVE AWAY,,"OVER $1,500",07/10/2024 07:50:00 PM,FOLLOWING TOO CLOSELY,FOLLOWING TOO CLOSELY,,2,NO INDICATION OF INJURY,0.0,0.0,0.0,0.0,0.0,5.0,0.0,16,4,7,41.73581529,-87.669438257,POINT (-87.669438256848 41.735815290255),POINT (1165450.092921394 1847021.1448108994),2024,1836 W 87TH ST
P417706,PASSENGER,f67b4e83d2c767cf9c2ea333f0a65b0ebfc048ef52298313660ad441c7d6bfd0288858df6a85cc9b36c6b62be52d727a2d6aada387f873934ed724766868d386,1799227.0,F,25.0,DID NOT DEPLOY,NONE,NO INDICATION OF INJURY,,,,,,,,2024-08-20 17:48:00,30,CLEAR,DAYLIGHT,TURNING,NOT DIVIDED,DRY,NO DEFECTS,ON SCENE,NO INJURY / DRIVE AWAY,,"OVER $1,500",08/20/2024 05:48:00 PM,FAILING TO YIELD RIGHT-OF-WAY,UNABLE TO DETERMINE,,2,NO INDICATION OF INJURY,0.0,0.0,0.0,0.0,0.0,4.0,0.0,17,3,8,42.014183983,-87.69037835,POINT (-87.69037834982 42.014183982852),POINT (1158974.9318886076 1948414.8605636542),2024,7300 N WESTERN AVE
O1945138,DRIVER,90649e4dfa6f3e811ec20d140bd9c0f3fd65a76a57f56f257045b37f6e2ee85d1a4da927b68bd9e8a5c79447670915082dd32c6a91e87b35427071358c470b28,1853054.0,M,,DEPLOYMENT UNKNOWN,NONE,NO INDICATION OF INJURY,FAILED TO YIELD,UNKNOWN,UNKNOWN,,,,,2024-11-08 10:34:00,30,CLEAR,DAYLIGHT,REAR END,NOT DIVIDED,DRY,NO DEFECTS,NOT ON SCENE (DESK REPORT),NO INJURY / DRIVE AWAY,,"OVER $1,500",11/08/2024 11:00:00 AM,FAILING TO REDUCE SPEED TO AVOID CRASH,NOT APPLICABLE,,2,NO INDICATION OF INJURY,0.0,0.0,0.0,0.0,0.0,3.0,0.0,10,6,11,41.916789584,-87.745955021,POINT (-87.745955020947 41.916789583946),POINT (1144115.0501917799 1912815.4436162438),2024,1957 N CICERO AVE
O1759290,DRIVER,ecfe80e850d99f56413542d61bad86bf161529c8cd0672d0d80775b2f031075ef145e3b239796e13f89ed2d08d2bc1bb9f020543e9034fec1577db2a6ddc8e8e,1675105.0,M,68.0,DID NOT DEPLOY,NONE,NO INDICATION OF INJURY,UNKNOWN,NOT OBSCURED,NORMAL,,,,,2024-02-14 15:09:00,30,CLEAR,DAYLIGHT,TURNING,NOT DIVIDED,DRY,NO DEFECTS,ON SCENE,INJURY AND / OR TOW DUE TO CRASH,,"OVER $1,500",02/14/2024 03:09:00 PM,UNABLE TO DETERMINE,UNABLE TO DETERMINE,,2,NO INDICATION OF INJURY,0.0,0.0,0.0,0.0,0.0,2.0,0.0,15,4,2,41.82310294,-87.68492618,POINT (-87.684926180409 41.823102939734),POINT (1160983.0426572387 1878795.8768121595),2024,2350 W PERSHING RD
P399017,PASSENGER,242edfcd09ca297024fe0dca1f8ed529ff71912fee57ada65bfe90a5f173b8d837d1b582aeb79968775482317d34a0070029512d3bf3a8db16ee5d5393a25167,1720255.0,F,15.0,DID NOT DEPLOY,NONE,NONINCAPACITATING INJURY,,,,,,,,2024-04-27 09:55:00,30,CLEAR,DAYLIGHT,TURNING,DIVIDED - W/MEDIAN (NOT RAISED),DRY,NO DEFECTS,NOT ON SCENE (DESK REPORT),INJURY AND / OR TOW DUE TO CRASH,,"OVER $1,500",04/27/2024 03:00:00 PM,FAILING TO YIELD RIGHT-OF-WAY,IMPROPER TURNING/NO SIGNAL,,2,NONINCAPACITATING INJURY,2.0,0.0,0.0,2.0,0.0,1.0,0.0,9,7,4,41.808378408,-87.684570717,POINT (-87.684570716896 41.808378407947),POINT (1161120.4388795632 1873431.0664746757),2024,4700 S WESTERN AVE
O1783253,DRIVER,6444f33938f0381769000f736205c1a651aa14a9ba4c13f7d0cc6a540c84d187fa24c2c1e8ea1d68fc8adec8c984ab1e3c1882b95e2c8d641e47f4475ca65ed0,1698188.0,M,,DEPLOYMENT UNKNOWN,NONE,NO INDICATION OF INJURY,OTHER,UNKNOWN,UNKNOWN,,,,,2024-03-23 07:20:00,10,CLEAR,DAYLIGHT,SIDESWIPE OPPOSITE DIRECTION,OTHER,DRY,NO DEFECTS,ON SCENE,NO INJURY / DRIVE AWAY,Y,"OVER $1,500",03/23/2024 07:20:00 AM,UNABLE TO DETERMINE,UNABLE TO DETERMINE,,2,NO INDICATION OF INJURY,0.0,0.0,0.0,0.0,0.0,2.0,0.0,7,7,3,41.751412847,-87.603824783,POINT (-87.603824783182 41.751412847209),POINT (1183310.2189817482 1852849.7223726863),2024,834 E 79TH ST
O1839793,DRIVER,ecf51778f6f5b0d128641d25587441eac5a7476e6f1215284f567a74d78a8534dc7ff8a11f6dfe47bb493e88df6fca79a6bc59bf8e5bba7313bc19be162155ab,1752552.0,F,57.0,NOT APPLICABLE,NONE,NO INDICATION OF INJURY,UNKNOWN,UNKNOWN,NORMAL,,,,,2024-06-11 10:00:00,10,CLEAR,DAYLIGHT,PARKED MOTOR VEHICLE,OTHER,DRY,UNKNOWN,ON SCENE,NO INJURY / DRIVE AWAY,,"OVER $1,500",06/11/2024 10:05:00 AM,NOT APPLICABLE,NOT APPLICABLE,,2,NO INDICATION OF INJURY,0.0,0.0,0.0,0.0,0.0,1.0,0.0,10,3,6,41.705160583,-87.720743752,POINT (-87.7207437519 41.70516058286),POINT (1151526.454296569 1835747.0793465094),2024,10323 S PULASKI RD
O1736641,DRIVER,4e028c5ce786cc5c67281164a923767c21cb62150e45c8d458c1365b2281ef46b3dda2a17f743fbc5625744a84b4fe572a095142013c3d1f0fe7562ca6d3f3c1,1653307.0,F,30.0,NOT APPLICABLE,NONE,NO INDICATION OF INJURY,OTHER,UNKNOWN,UNKNOWN,,,,,2024-01-07 03:21:00,15,UNKNOWN,"DARKNESS, LIGHTED ROAD",FIXED OBJECT,ALLEY,UNKNOWN,UNKNOWN,ON SCENE,INJURY AND / OR TOW DUE TO CRASH,,"$501 - $1,500",01/07/2024 03:33:00 AM,UNABLE TO DETERMINE,UNABLE TO DETERMINE,,1,NO INDICATION OF INJURY,0.0,0.0,0.0,0.0,0.0,1.0,0.0,3,1,1,41.905817871,-87.692376452,POINT (-87.692376451716 41.905817871034),POINT (1158727.3149246771 1908921.7725672214),2024,2606 W EVERGREEN AVE
P399650,PASSENGER,3b7ae36c204b2b4c5010500d9b7577b376bd6d1690645dab7718a3e9e995487ddcb35e13db9c6beb09aac159b6a138b9dfa2e89a7890ca76fed49495b8d0a033,1723137.0,F,,DID NOT DEPLOY,NONE,NO INDICATION OF INJURY,,,,,,,,2024-05-01 16:40:00,30,CLEAR,DAYLIGHT,SIDESWIPE SAME DIRECTION,ONE-WAY,DRY,NO DEFECTS,NOT ON SCENE (DESK REPORT),NO INJURY / DRIVE AWAY,,"$501 - $1,500",05/01/2024 06:38:00 PM,IMPROPER OVERTAKING/PASSING,NOT APPLICABLE,,2,NO INDICATION OF INJURY,0.0,0.0,0.0,0.0,0.0,4.0,0.0,16,4,5,41.8941336,-87.61817915,POINT (-87.61817914958 41.894133600184),POINT (1178960.44788207 1904823.6718062446),2024,355 E ERIE ST
O1840209,DRIVER,befa1f667e9f7133810fc65958a50cfb7ad9ce28f5071626f1b6090149d34e798683cdc783501357fd2de2cff8a36d05afdea9d77902473693c319fcbaddc254,1752967.0,X,,DEPLOYMENT UNKNOWN,NONE,NO INDICATION OF INJURY,UNKNOWN,UNKNOWN,UNKNOWN,,,,Y,2024-06-09 13:20:00,30,CLEAR,DAYLIGHT,PEDALCYCLIST,ONE-WAY,UNKNOWN,UNKNOWN,NOT ON SCENE (DESK REPORT),INJURY AND / OR TOW DUE TO CRASH,Y,"OVER $1,500",06/11/2024 04:00:00 PM,UNABLE TO DETERMINE,UNABLE TO DETERMINE,,2,NONINCAPACITATING INJURY,1.0,0.0,0.0,1.0,0.0,1.0,0.0,13,1,6,41.891601285,-87.629796705,POINT (-87.629796705231 41.891601284754),POINT (1175804.9591713727 1903874.7453603335),2024,520 N DEARBORN ST
P424516,PASSENGER,29a6115100295eff79ae634629bc61e2a9057727b05a1cedd9978973cc7747f0d917edc4d5f5735f9b142b3219450c3b4d21db5c125c52c4dafa74db91c7e99b,1828092.0,M,60.0,DID NOT DEPLOY,NONE,NO INDICATION OF INJURY,,,,,,,,2024-10-01 16:54:00,20,CLEAR,DAYLIGHT,PARKED MOTOR VEHICLE,ONE-WAY,DRY,NO DEFECTS,ON SCENE,INJURY AND / OR TOW DUE TO CRASH,Y,"OVER $1,500",10/01/2024 04:54:00 PM,IMPROPER BACKING,NOT APPLICABLE,,2,"REPORTED, NOT EVIDENT",1.0,0.0,0.0,0.0,1.0,4.0,0.0,16,3,10,41.96652898,-87.707335221,POINT (-87.707335220852 41.966528979725),POINT (1154493.769757148 1931014.9581390666),2024,3133 W LELAND AVE
O1859240,DRIVER,554f5b05049b8d4a282c856153697bc903d16a6efc9095f90ea0fcd5ecdea7463311de6389183d7ac75c5a84aa909cc91b42135ba2cd629c333c590f095c695d,1771181.0,M,,DEPLOYMENT UNKNOWN,NONE,NO INDICATION OF INJURY,UNKNOWN,UNKNOWN,UNKNOWN,,,,,2024-07-08 12:30:00,30,CLEAR,DAYLIGHT,REAR END,DIVIDED - W/MEDIAN (NOT RAISED),DRY,NO DEFECTS,NOT ON SCENE (DESK REPORT),NO INJURY / DRIVE AWAY,,"$501 - $1,500",07/08/2024 06:30:00 PM,UNABLE TO DETERMINE,UNABLE TO DETERMINE,,2,NO INDICATION OF INJURY,0.0,0.0,0.0,0.0,0.0,2.0,0.0,12,2,7,41.905974268,-87.72564413,POINT (-87.725644129833 41.90597426789),POINT (1149670.9514535123 1908912.8529954788),2024,3950 W GRAND AVE
O1908846,DRIVER,a5b363c4ffc5ed25081128b6d8be81cb06fa04fa20cbee92b96b5d1ea7d9b0f59ed915c643cf36384361425fd5c8aea620105694075dc8c54cacd77fe9d339b9,1818495.0,M,37.0,DID NOT DEPLOY,NONE,NO INDICATION OF INJURY,FOLLOWED TOO CLOSELY,NOT OBSCURED,NORMAL,,,,,2024-09-17 17:45:00,30,CLEAR,DAYLIGHT,REAR END,NOT DIVIDED,DRY,NO DEFECTS,ON SCENE,NO INJURY / DRIVE AWAY,,"OVER $1,500",09/17/2024 05:51:00 PM,FAILING TO REDUCE SPEED TO AVOID CRASH,NOT APPLICABLE,,2,NO INDICATION OF INJURY,0.0,0.0,0.0,0.0,0.0,3.0,0.0,17,3,9,41.700776287,-87.701005553,POINT (-87.701005552655 41.700776287016),POINT (1156928.0105341824 1834188.4546528747),2024,10557 S KEDZIE AVE
P405329,PASSENGER,562a2dd7c808c74dce03aabc6799a38772e5bc5f08190d3c30403690b241ba1b6ff45265a6ecf1f24de5aed89753b45dd8674c9b38ab5cc0b59a56be22fc32b8,1745976.0,M,1.0,DEPLOYMENT UNKNOWN,NONE,NO INDICATION OF INJURY,,,,,,,,2024-06-02 10:47:00,30,CLEAR,DAYLIGHT,TURNING,NOT DIVIDED,DRY,NO DEFECTS,ON SCENE,NO INJURY / DRIVE AWAY,,"OVER $1,500",06/02/2024 10:49:00 AM,NOT APPLICABLE,NOT APPLICABLE,,2,NO INDICATION OF INJURY,0.0,0.0,0.0,0.0,0.0,4.0,0.0,10,1,6,41.80840625,-87.674035492,POINT (-87.674035492385 41.808406250364),POINT (1163992.5657247105 1873463.0696645735),2024,1945 W 47TH ST
O1906516,DRIVER,d1ef53e10eb6ea10a2345190342abc5baa821a08c26b782ed45366031f85a339fc135736f7f602184b309540f58d1ced4e0091ce45d2cb05c3abc818bb0eee0f,1816268.0,F,40.0,DID NOT DEPLOY,NONE,NO INDICATION OF INJURY,UNKNOWN,UNKNOWN,NORMAL,,,,,2024-09-14 16:30:00,30,CLEAR,DAYLIGHT,REAR END,DIVIDED - W/MEDIAN BARRIER,UNKNOWN,UNKNOWN,NOT ON SCENE (DESK REPORT),NO INJURY / DRIVE AWAY,,"$501 - $1,500",09/14/2024 05:09:00 PM,NOT APPLICABLE,NOT APPLICABLE,,3,NO INDICATION OF INJURY,0.0,0.0,0.0,0.0,0.0,4.0,0.0,16,7,9,41.77993453,-87.64001006,POINT (-87.640010059745 41.779934529967),POINT (1173352.550381654 1863161.1508881885),2024,598 W 63RD ST
O1798285,DRIVER,f187b1118a1a25c25a7a1c3e304237a5845b02ba199f3b8f345ba021aac1542cfdf390d44f078da15cfda1a0ed8962a8f6ed2c42b2e551e5fcf9c07ef5251b15,1712657.0,F,52.0,NOT APPLICABLE,NONE,NONINCAPACITATING INJURY,UNKNOWN,NOT OBSCURED,NORMAL,,,,,2024-04-15 16:47:00,25,CLEAR,DAYLIGHT,TURNING,T-INTERSECTION,WET,NO DEFECTS,ON SCENE,INJURY AND / OR TOW DUE TO CRASH,,"OVER $1,500",04/15/2024 04:47:00 PM,UNABLE TO DETERMINE,NOT APPLICABLE,,2,NONINCAPACITATING INJURY,2.0,0.0,0.0,2.0,0.0,1.0,0.0,16,2,4,41.774987909,-87.592085773,POINT (-87.592085773323 41.774987909423),POINT (1186439.4224690585 1861467.6706605137),2024,1363 E MARQUETTE RD
O1764328,DRIVER,e085a5a395f43177bcbb780b913e8fbed53f77b71d9ef2b8c90e5593ed36808e9554b2ce82a613acdbdf2ce6234835a515cc19b8fc527b8bbfad697b227a2896,1680002.0,M,52.0,NOT APPLICABLE,NONE,NO INDICATION OF INJURY,NONE,NOT OBSCURED,NORMAL,,,,,2024-02-23 16:05:00,30,CLOUDY/OVERCAST,DAYLIGHT,SIDESWIPE SAME DIRECTION,NOT DIVIDED,DRY,NO DEFECTS,NOT ON SCENE (DESK REPORT),NO INJURY / DRIVE AWAY,,"$501 - $1,500",02/23/2024 05:00:00 PM,UNABLE TO DETERMINE,UNABLE TO DETERMINE,,2,NO INDICATION OF INJURY,0.0,0.0,0.0,0.0,0.0,2.0,0.0,16,6,2,41.867695823,-87.625685334,POINT (-87.625685333674 41.867695822837),POINT (1176996.2132297705 1895172.818827125),2024,1153 S WABASH AVE