PERSON_ID,PERSON_TYPE,CRASH_RECORD_ID,VEHICLE_ID,SEX,AGE,AIRBAG_DEPLOYED,EJECTION,INJURY_CLASSIFICATION,DRIVER_ACTION,DRIVER_VISION,PHYSICAL_CONDITION,PEDPEDAL_ACTION,PEDPEDAL_VISIBILITY,PEDPEDAL_LOCATION,CRASH_DATE_EST_I,CRASH_DATE,POSTED_SPEED_LIMIT,WEATHER_CONDITION,LIGHTING_CONDITION,FIRST_CRASH_TYPE,TRAFFICWAY_TYPE,ROADWAY_SURFACE_COND,ROAD_DEFECT,REPORT_TYPE,CRASH_TYPE,HIT_AND_RUN_I,DAMAGE,DATE_POLICE_NOTIFIED,PRIM_CONTRIBUTORY_CAUSE,SEC_CONTRIBUTORY_CAUSE,DOORING_I,NUM_UNITS,MOST_SEVERE_INJURY,INJURIES_TOTAL,INJURIES_FATAL,INJURIES_INCAPACITATING,INJURIES_NON_INCAPACITATING,INJURIES_REPORTED_NOT_EVIDENT,INJURIES_NO_INDICATION,INJURIES_UNKNOWN,CRASH_HOUR,CRASH_DAY_OF_WEEK,CRASH_MONTH,LATITUDE,LONGITUDE,LOCATION,geometry,YEAR,ADDRESS
O1814417,DRIVER,891bc86bb0237b7cdb90bf43cfd876fa0a9c526b278cdf911ae489c256fc82cfa9bfa18d3551e9b76acf9828d2c86cf1c91dd3990307dd4b3c69b8788333fdb9,1728237.0,M,52.0,DEPLOYMENT UNKNOWN,UNKNOWN,NO INDICATION OF INJURY,FAILED TO YIELD,UNKNOWN,UNKNOWN,,,,,2024-05-08 16:00:00,30,UNKNOWN,UNKNOWN,PEDESTRIAN,FOUR WAY,UNKNOWN,UNKNOWN,NOT ON SCENE (DESK REPORT),INJURY AND / OR TOW DUE TO CRASH,Y,"OVER $1,500",05/08/2024 08:00:00 PM,UNABLE TO DETERMINE,UNABLE TO DETERMINE,,2,NONINCAPACITATING INJURY,1.0,0.0,0.0,1.0,0.0,1.0,0.0,16,4,5,41.885444388,-87.632582135,POINT (-87.632582134846 41.885444388143),POINT (1175064.8760557184 1901624.96773038),2024,180 N LA SALLE ST
O1758606,DRIVER,3745db0429032df51d6da74c86640db91505ef8e78abcb08574a997dc56b055b6cac5529c96a17114d7d2cc68159075e13f39ed9150d68e963ab560eb5138382,1674452.0,F,61.0,NOT APPLICABLE,NONE,NO INDICATION OF INJURY,OTHER,NOT OBSCURED,NORMAL,,,,,2024-02-13 13:10:00,30,CLEAR,DAYLIGHT,PARKED MOTOR VEHICLE,NOT DIVIDED,DRY,NO DEFECTS,ON SCENE,NO INJURY / DRIVE AWAY,,"$501 - $1,500",02/13/2024 01:17:00 PM,"EVASIVE ACTION DUE TO ANIMAL, OBJECT, NONMOTORIST",UNABLE TO DETERMINE,,2,NO INDICATION OF INJURY,0.0,0.0,0.0,0.0,0.0,1.0,0.0,13,3,2,41.920075416,-87.698526991,POINT (-87.698526991099 41.920075416006),POINT (1157014.5919665857 1914104.782086513),2024,2115 N MOZART ST
O1748882,DRIVER,cabec0450f73612b03ef4ad665322c23eaa5d37e07d4c56fd38f514bcf36506e1b3de18f7c972016ee22ba3705cf10e1853007d632a75cc5e0e050231bc1304a,1665068.0,M,28.0,DID NOT DEPLOY,NONE,NO INDICATION OF INJURY,FAILED TO YIELD,NOT OBSCURED,NORMAL,,,,,2024-01-27 11:45:00,30,CLEAR,DAYLIGHT,ANGLE,FOUR WAY,DRY,NO DEFECTS,NOT ON SCENE (DESK REPORT),NO INJURY / DRIVE AWAY,,"OVER $1,500",01/27/2024 11:58:00 AM,FAILING TO YIELD RIGHT-OF-WAY,NOT APPLICABLE,,2,NO INDICATION OF INJURY,0.0,0.0,0.0,0.0,0.0,3.0,0.0,11,7,1,41.771519453,-87.720250219,POINT (-87.720250219473 41.771519453472),POINT (1151488.9642934895 1859928.518948368),2024,3900 W MARQUETTE RD
O1737739,DRIVER,658781ec944b43e3b09927e2e8e158c838ebd21afebfacb8db750a819bc2b775eedd4da7ba5c948106db382c2429b70039f8761ce1b684eb320333c0dc6ffe30,1654351.0,M,27.0,NOT APPLICABLE,NONE,NO INDICATION OF INJURY,NONE,UNKNOWN,NORMAL,,,,,2024-01-09 10:46:00,30,FREEZING RAIN/DRIZZLE,DAYLIGHT,SIDESWIPE OPPOSITE DIRECTION,NOT DIVIDED,WET,NO DEFECTS,,INJURY AND / OR TOW DUE TO CRASH,,"OVER $1,500",01/09/2024 10:47:00 AM,IMPROPER LANE USAGE,UNABLE TO DETERMINE,,2,NONINCAPACITATING INJURY,1.0,0.0,0.0,1.0,0.0,1.0,0.0,10,3,1,41.888266069,-87.755207694,POINT (-87.755207693662 41.888266068733),POINT (1141666.8138545307 1902404.3730145176),2024,415 N LARAMIE AVE
O1930655,DRIVER,9cc3a62017ba809c9856e3aa7754ba146b6f9501d235ab86eaad15580434f710358d9bbc718bbefa2b9c35cc826336e7b8abe4e9210865c9dc3bb8311b29e2b5,1839271.0,M,51.0,DID NOT DEPLOY,NONE,NO INDICATION OF INJURY,UNKNOWN,UNKNOWN,NORMAL,,,,,2024-10-18 15:14:00,35,CLEAR,DAYLIGHT,TURNING,FOUR WAY,DRY,UNKNOWN,ON SCENE,NO INJURY / DRIVE AWAY,,"OVER $1,500",10/18/2024 04:07:00 PM,UNABLE TO DETERMINE,UNABLE TO DETERMINE,,2,NO INDICATION OF INJURY,0.0,0.0,0.0,0.0,0.0,4.0,0.0,15,6,10,41.91814937,-87.785129165,POINT (-87.785129164593 41.918149369778),POINT (1133449.9329890502 1913240.3628313185),2024,2059 N NARRAGANSETT AVE
O1793238,DRIVER,d48715e325bd4cde8bbdd3f4284a54ae4ac512696b86248b2096efba3b104d6e9908517c3e662a17572cb8a91ba07a3bfd109dee9ef714ab3920062b419897a3,1707847.0,F,58.0,DID NOT DEPLOY,NONE,NONINCAPACITATING INJURY,NONE,NOT OBSCURED,NORMAL,,,,,2024-04-08 16:30:00,30,CLEAR,DAYLIGHT,SIDESWIPE SAME DIRECTION,NOT DIVIDED,DRY,NO DEFECTS,NOT ON SCENE (DESK REPORT),INJURY AND / OR TOW DUE TO CRASH,,"$501 - $1,500",04/08/2024 04:57:00 PM,UNABLE TO DETERMINE,UNABLE TO DETERMINE,,2,NONINCAPACITATING INJURY,1.0,0.0,0.0,1.0,0.0,3.0,0.0,16,2,4,41.692752711,-87.596988754,POINT (-87.59698875385 41.692752710685),POINT (1185358.4024512488 1831490.4675914312),2024,11100 S DOTY AVE E
O1918231,DRIVER,2d5afbca8f14ba4a8ea35198d7e350c45a0f9b81588dc9c04f36bf1d7e198bb462176ecf912df5d2865a9b68d2ee5f3dc602e9f415e2c24c41bd1e090a43087e,1827442.0,F,21.0,NOT APPLICABLE,NONE,NO INDICATION OF INJURY,UNKNOWN,UNKNOWN,UNKNOWN,,,,,2024-09-30 18:30:00,35,CLEAR,DAYLIGHT,REAR END,ONE-WAY,DRY,UNKNOWN,NOT ON SCENE (DESK REPORT),NO INJURY / DRIVE AWAY,,"OVER $1,500",09/30/2024 07:00:00 PM,UNABLE TO DETERMINE,UNABLE TO DETERMINE,,2,NO INDICATION OF INJURY,0.0,0.0,0.0,0.0,0.0,2.0,0.0,18,2,9,41.909919601,-87.755836772,POINT (-87.755836772307 41.909919600904),POINT (1141442.4086276195 1910293.7544180867),2024,1612 N LARAMIE AVE
O1816630,DRIVER,0cab56c9e45c8a7abb6fd47abbe33308b5f0ffc4bb4153e8f6941bcff6df3977848f7874408b9677b0fe078b5cc6bf8cfac265b2af7069e27c89bebdc324b2cf,1730365.0,M,55.0,DID NOT DEPLOY,NONE,NO INDICATION OF INJURY,NONE,NOT OBSCURED,NORMAL,,,,,2024-05-11 17:30:00,15,CLEAR,DAYLIGHT,ANGLE,ALLEY,DRY,NO DEFECTS,NOT ON SCENE (DESK REPORT),NO INJURY / DRIVE AWAY,,"OVER $1,500",05/11/2024 05:50:00 PM,FAILING TO YIELD RIGHT-OF-WAY,UNABLE TO DETERMINE,,2,NO INDICATION OF INJURY,0.0,0.0,0.0,0.0,0.0,2.0,0.0,17,7,5,41.943479596,-87.748505475,POINT (-87.748505474891 41.943479595543),POINT (1143354.558512534 1922536.5784201077),2024,4838 W NEWPORT AVE
O1806757,DRIVER,5a703692b989f2b948b61096693f8a8a2c086e76bfbc3090412690854ad5f48f7987a5b41cbb2cc9ea515b476b7ed72b34b49f2fc444c9c20d7607d6a656f6b4,1720855.0,M,36.0,NOT APPLICABLE,NONE,NO INDICATION OF INJURY,UNKNOWN,UNKNOWN,NORMAL,,,,,2024-04-28 12:00:00,25,CLEAR,DAYLIGHT,PARKED MOTOR VEHICLE,ONE-WAY,DRY,NO DEFECTS,ON SCENE,NO INJURY / DRIVE AWAY,,"OVER $1,500",04/28/2024 01:41:00 PM,UNABLE TO DETERMINE,UNABLE TO DETERMINE,,2,NO INDICATION OF INJURY,0.0,0.0,0.0,0.0,0.0,1.0,0.0,12,1,4,41.76505711,-87.702694884,POINT (-87.702694883632 41.765057110445),POINT (1156295.0580535822 1857608.3210053942),2024,3199 W REDFIELD DR
O1862304,DRIVER,139d48eb9d27cf3acf6e1f71ecbdc1f701f57c14c2a861b797170284453a49184529b9bb2601246567753ab848f0edc0e8e87d7922ea2cac837cebf382000712,1774095.0,M,64.0,DID NOT DEPLOY,NONE,NO INDICATION OF INJURY,IMPROPER PASSING,UNKNOWN,UNKNOWN,,,,,2024-07-13 10:56:00,30,CLEAR,DAYLIGHT,SIDESWIPE SAME DIRECTION,PARKING LOT,DRY,NO DEFECTS,ON SCENE,NO INJURY / DRIVE AWAY,,"$501 - $1,500",07/13/2024 10:56:00 AM,IMPROPER OVERTAKING/PASSING,FOLLOWING TOO CLOSELY,,2,NO INDICATION OF INJURY,0.0,0.0,0.0,0.0,0.0,4.0,0.0,10,7,7,41.968479188,-87.71651444,POINT (-87.716514440365 41.968479187925),POINT (1151992.3017379437 1931707.516526927),2024,3514 W LAWRENCE AVE
O1929423,DRIVER,a6b0927b70a56558dba9cf43c061dee46b1bd05b5ed8dca6950e235192d27141f691f2aaaa5764ff29801e55a5b74696f7d66214b7a1d19a033fa11460cd5fdc,1838124.0,F,,DEPLOYMENT UNKNOWN,NONE,NO INDICATION OF INJURY,FOLLOWED TOO CLOSELY,UNKNOWN,UNKNOWN,,,,,2024-10-16 14:09:00,30,CLEAR,DAYLIGHT,REAR END,NOT DIVIDED,DRY,NO DEFECTS,NOT ON SCENE (DESK REPORT),NO INJURY / DRIVE AWAY,Y,$500 OR LESS,10/16/2024 04:00:00 PM,FOLLOWING TOO CLOSELY,NOT APPLICABLE,,2,NO INDICATION OF INJURY,0.0,0.0,0.0,0.0,0.0,2.0,0.0,14,4,10,41.69272519,-87.605846222,POINT (-87.605846222461 41.692725190185),POINT (1182939.3443930845 1831459.8836692139),2024,11101 S LANGLEY AVE
O1933939,DRIVER,856ccfba2f94376fc6fc034187f17d60054bef4172ca35b1ee1830b5f50b1b10f0bcd2aef2805cf5e58fe6a32ab66a37c8ee731998ca2c626aeb02066c9cc971,1842403.0,F,,DEPLOYMENT UNKNOWN,NONE,NO INDICATION OF INJURY,NONE,UNKNOWN,UNKNOWN,,,,,2024-10-23 10:40:00,20,CLEAR,DAYLIGHT,PEDALCYCLIST,PARKING LOT,DRY,NO DEFECTS,ON SCENE,INJURY AND / OR TOW DUE TO CRASH,Y,$500 OR LESS,10/23/2024 11:07:00 AM,UNABLE TO DETERMINE,UNABLE TO DETERMINE,,2,"REPORTED, NOT EVIDENT",1.0,0.0,0.0,0.0,1.0,1.0,0.0,10,4,10,41.808338763,-87.743019457,POINT (-87.743019456906 41.808338762769),POINT (1145185.745467596 1873301.751422056),2024,4637 S CICERO AVE
P390593,PASSENGER,2143046400141497f6d016ba24939edf3afd3f32959cedf2573a1e88cc7bb5697037cf4bf816e03a07e7ac40cead34ae6887bd36f6e512578e882ec287623886,1683808.0,M,17.0,NOT APPLICABLE,NONE,NO INDICATION OF INJURY,,,,,,,,2024-02-29 16:44:00,30,CLEAR,DAYLIGHT,TURNING,DIVIDED - W/MEDIAN (NOT RAISED),DRY,UNKNOWN,ON SCENE,NO INJURY / DRIVE AWAY,,"OVER $1,500",02/29/2024 04:44:00 PM,UNABLE TO DETERMINE,NOT APPLICABLE,,2,NO INDICATION OF INJURY,0.0,0.0,0.0,0.0,0.0,3.0,0.0,16,5,2,41.89589286,-87.684522314,POINT (-87.68452231445 41.895892859757),POINT (1160892.682127438 1905321.1709914352),2024,2300 W CHICAGO AVE
O1839829,DRIVER,1764a7cf641199ca83d347b0b7bda90c0c806238f5740bc09699c45b4cdd45daed7c189c3acdba1a14a5f021d2145fb4dced1ef1624ad6f523ceef4129a07671,1752584.0,F,21.0,NOT APPLICABLE,NONE,NO INDICATION OF INJURY,NONE,NOT OBSCURED,NORMAL,,,,,2024-05-30 15:00:00,30,CLEAR,DAYLIGHT,SIDESWIPE SAME DIRECTION,DIVIDED - W/MEDIAN BARRIER,DRY,NO DEFECTS,,NO INJURY / DRIVE AWAY,,"OVER $1,500",06/07/2024 03:40:00 PM,FAILING TO YIELD RIGHT-OF-WAY,NOT APPLICABLE,,2,NO INDICATION OF INJURY,0.0,0.0,0.0,0.0,0.0,2.0,0.0,15,5,5,41.887750299,-87.624410868,POINT (-87.624410867821 41.887750298554),POINT (1177282.9865141003 1902483.516396155),2024,343 N MICHIGAN AVE
O1817540,DRIVER,0bcac34a5922978589829067c7c2172688baa144941346a9a656b81e103728dc9e054d5924dd782a556ac6b8b5fb835229ceb6c9f84974afaf9d10e5864eb96f,1731189.0,F,59.0,DID NOT DEPLOY,NONE,NO INDICATION OF INJURY,IMPROPER BACKING,NOT OBSCURED,NORMAL,,,,,2024-05-13 07:48:00,30,CLEAR,DAYLIGHT,PARKED MOTOR VEHICLE,ONE-WAY,DRY,NO DEFECTS,NOT ON SCENE (DESK REPORT),NO INJURY / DRIVE AWAY,,"$501 - $1,500",05/13/2024 09:15:00 AM,UNABLE TO DETERMINE,UNABLE TO DETERMINE,,2,NO INDICATION OF INJURY,0.0,0.0,0.0,0.0,0.0,1.0,0.0,7,2,5,41.853869731,-87.704243883,POINT (-87.704243883397 41.85386973124),POINT (1155635.5775754277 1889968.028125514),2024,1952 S TROY ST
O1826203,DRIVER,77a3e07b2c0901346d2b48827a6ebe23c0d42600d773616189462af8d17b7936147ef5c244279db3d15c26789b4a698e2a84ceaa119c393eed9c07ea18172897,1739517.0,F,,NOT APPLICABLE,NONE,NO INDICATION OF INJURY,FAILED TO YIELD,NOT OBSCURED,NORMAL,,,,,2024-05-10 17:30:00,30,CLEAR,DAYLIGHT,TURNING,FOUR WAY,DRY,NO DEFECTS,NOT ON SCENE (DESK REPORT),NO INJURY / DRIVE AWAY,,$500 OR LESS,05/24/2024 11:40:00 AM,IMPROPER LANE USAGE,IMPROPER LANE USAGE,,2,NO INDICATION OF INJURY,0.0,0.0,0.0,0.0,0.0,2.0,0.0,17,6,5,41.714118868,-87.643145408,POINT (-87.643145408182 41.71411886809),POINT (1172689.7542002168 1839171.652197102),2024,9900 S HALSTED ST
O1869576,DRIVER,85ba24c93fc801968fc291f65166b89136e70cc88e3444feb4677b3bc0449330c31ff08546fd4171e3d80a80c4ca242dfc3c0f44a127d2dc5ccb8b6d85ea5918,1781005.0,F,43.0,NOT APPLICABLE,NONE,NO INDICATION OF INJURY,UNKNOWN,UNKNOWN,NORMAL,,,,,2024-07-16 06:30:00,30,CLEAR,DAYLIGHT,SIDESWIPE SAME DIRECTION,UNKNOWN,DRY,UNKNOWN,NOT ON SCENE (DESK REPORT),NO INJURY / DRIVE AWAY,,"OVER $1,500",07/23/2024 09:30:00 PM,UNABLE TO DETERMINE,NOT APPLICABLE,,2,NO INDICATION OF INJURY,0.0,0.0,0.0,0.0,0.0,2.0,0.0,6,3,7,41.949449926,-87.721215775,POINT (-87.721215774544 41.949449925812),POINT (1150763.3142540427 1924764.0181883692),2024,3731 N RIDGEWAY AVE
O1751624,DRIVER,a6754a78b2e14a9a74265146f9df17c8a3df3f26478347bcf7f0f02c5ceb1133372c9a851edfeb11ff6f5d4c3d2ec3769238890200eccf670a0f12cf05b61c54,1667714.0,X,,DEPLOYMENT UNKNOWN,NONE,NO INDICATION OF INJURY,UNKNOWN,UNKNOWN,UNKNOWN,,,,Y,2024-01-31 17:00:00,30,CLEAR,UNKNOWN,PARKED MOTOR VEHICLE,ONE-WAY,DRY,NO DEFECTS,ON SCENE,INJURY AND / OR TOW DUE TO CRASH,Y,"OVER $1,500",02/01/2024 06:49:00 AM,UNABLE TO DETERMINE,NOT APPLICABLE,,2,NO INDICATION OF INJURY,0.0,0.0,0.0,0.0,0.0,1.0,0.0,17,4,1,41.767724844,-87.587787145,POINT (-87.587787145014 41.767724844419),POINT (1187634.905655623 1858831.1979469168),2024,7003 S HARPER AVE
O1774509,DRIVER,510a02855be3d2f8efa7520f567e06aad886b648c0d327c1e30760fadf384b5c08fe3e0a6d636e9e1aed4c675b3e6f2496f1e5440767e27d16547424a2eb11dc,1689812.0,F,54.0,DID NOT DEPLOY,NONE,NO INDICATION OF INJURY,NONE,NOT OBSCURED,NORMAL,,,,,2024-03-10 10:00:00,30,CLEAR,DAYLIGHT,TURNING,NOT DIVIDED,DRY,NO DEFECTS,ON SCENE,NO INJURY / DRIVE AWAY,,"OVER $1,500",03/10/2024 10:26:00 AM,FAILING TO YIELD RIGHT-OF-WAY,NOT APPLICABLE,,2,NO INDICATION OF INJURY,0.0,0.0,0.0,0.0,0.0,5.0,0.0,10,1,3,41.844696665,-87.702734513,POINT (-87.702734512664 41.84469666516),POINT (1156071.3295917534 1886628.4094466607),2024,2556 S ALBANY AVE
O1799950,DRIVER,b1288cb4f3282e3e4bbb11f0f8900ccb1121397cc7ef2d939688348fd7493ac57d6faf15196ec30cffecc8c0f682441b3fb5394983059d3f6375bf8c9205d7aa,1714278.0,M,71.0,NOT APPLICABLE,NONE,NO INDICATION OF INJURY,FAILED TO YIELD,NOT OBSCURED,NORMAL,,,,,2024-04-18 06:00:00,30,CLEAR,"DARKNESS, LIGHTED ROAD",TURNING,FOUR WAY,DRY,NO DEFECTS,NOT ON SCENE (DESK REPORT),NO INJURY / DRIVE AWAY,,"OVER $1,500",04/18/2024 06:45:00 AM,FAILING TO YIELD RIGHT-OF-WAY,NOT APPLICABLE,,2,NO INDICATION OF INJURY,0.0,0.0,0.0,0.0,0.0,3.0,0.0,6,5,4,41.938870555,-87.747020562,POINT (-87.747020561808 41.93887055512),POINT (1143770.0236590113 1920859.793909073),2024,3200 N CICERO AVE
O1802378,DRIVER,393b0b0fd7debe424de361c895b8eb57e62e1404fc16d54256264cc3e7c3aeeacac3ef8e344c004860b9c146cb512841f3ee204021b03606e2932de859ea27d2,1716590.0,M,27.0,DID NOT DEPLOY,NONE,NO INDICATION OF INJURY,OVERCORRECTED,NOT OBSCURED,NORMAL,,,,Y,2024-04-21 23:00:00,30,CLEAR,"DARKNESS, LIGHTED ROAD",PARKED MOTOR VEHICLE,NOT DIVIDED,DRY,NO DEFECTS,NOT ON SCENE (DESK REPORT),INJURY AND / OR TOW DUE TO CRASH,,"OVER $1,500",04/21/2024 11:30:00 PM,"EVASIVE ACTION DUE TO ANIMAL, OBJECT, NONMOTORIST",DRIVING SKILLS/KNOWLEDGE/EXPERIENCE,,2,NO INDICATION OF INJURY,0.0,0.0,0.0,0.0,0.0,1.0,0.0,23,1,4,41.73606874,-87.651615937,POINT (-87.651615936974 41.736068739545),POINT (1170313.7195317831 1847151.525977957),2024,1114 W 87TH ST
O1778453,DRIVER,8f5b6c024c58f4d7a62b5edbc89520a50db56d754e94f9ac1ee5a15a3050b87d3227ce0bba59656bc893b7b3fb4bdba87c77db4973ecb38e4da83598cefe86fc,1693573.0,X,,NOT APPLICABLE,NONE,NO INDICATION OF INJURY,UNKNOWN,UNKNOWN,HAD BEEN DRINKING,,,,,2024-03-16 09:15:00,30,UNKNOWN,UNKNOWN,PARKED MOTOR VEHICLE,NOT DIVIDED,UNKNOWN,UNKNOWN,NOT ON SCENE (DESK REPORT),NO INJURY / DRIVE AWAY,Y,"OVER $1,500",03/16/2024 09:50:00 AM,UNABLE TO DETERMINE,UNABLE TO DETERMINE,,2,NO INDICATION OF INJURY,0.0,0.0,0.0,0.0,0.0,1.0,0.0,9,7,3,41.802314914,-87.594945089,POINT (-87.594945088566 41.802314913595),POINT (1185573.9633775179 1871418.7522232544),2024,5101 S KIMBARK AVE
P420849,PASSENGER,4d49c1999b7025e2f3d0c76f5d269a9b16da4e297b8327b9dc0c57b913eae0dd15a2faf775f66747123c79f9392e99e8b03e5540685ccb9db25c581c1c7adff5,1812257.0,F,56.0,DID NOT DEPLOY,NONE,"REPORTED, NOT EVIDENT",,,,,,,,2024-09-08 21:21:00,45,CLEAR,"DARKNESS, LIGHTED ROAD",REAR END,DIVIDED - W/MEDIAN BARRIER,DRY,NO DEFECTS,ON SCENE,INJURY AND / OR TOW DUE TO CRASH,,"OVER $1,500",09/08/2024 09:59:00 PM,UNABLE TO DETERMINE,NOT APPLICABLE,,2,"REPORTED, NOT EVIDENT",2.0,0.0,0.0,0.0,2.0,2.0,0.0,21,1,9,41.943408683,-87.640471642,POINT (-87.640471641548 41.943408683197),POINT (1172745.9103430908 1922729.7871368283),2024,3400 N LAKE SHORE DR NB
O1755201,DRIVER,b82f18a17273689c06d21d251af4fb7ce5dfad8659f2e7933536c192ef06d4aa4494b20520669d0bf8f36349445bd08958b25bcd4bed658d8d21e236b3cb440f,1671180.0,F,25.0,NOT APPLICABLE,NONE,NO INDICATION OF INJURY,FOLLOWED TOO CLOSELY,NOT OBSCURED,NORMAL,,,,,2024-02-07 13:25:00,30,CLEAR,DAYLIGHT,SIDESWIPE SAME DIRECTION,NOT DIVIDED,DRY,NO DEFECTS,ON SCENE,NO INJURY / DRIVE AWAY,,"OVER $1,500",02/07/2024 01:29:00 PM,FOLLOWING TOO CLOSELY,UNABLE TO DETERMINE,,2,NO INDICATION OF INJURY,0.0,0.0,0.0,0.0,0.0,2.0,0.0,13,4,2,41.932407078,-87.677153225,POINT (-87.677153224975 41.932407077992),POINT (1162797.1703525383 1918642.2456402117),2024,1950 W DIVERSEY PKWY
O1924219,DRIVER,fe05d95d02d5638725d6349bfbbe84b08624760dd9ade0b4de3b0c4016728acb7a1953abb10e6647aec8191ad69a25fcf7a30421c1750de8c35ef512bc158ce9,1833148.0,F,45.0,NOT APPLICABLE,NONE,NO INDICATION OF INJURY,FAILED TO YIELD,OTHER,NORMAL,,,,,2024-09-28 16:43:00,30,CLEAR,DAYLIGHT,TURNING,DIVIDED - W/MEDIAN (NOT RAISED),DRY,UNKNOWN,,NO INJURY / DRIVE AWAY,,"OVER $1,500",09/28/2024 04:43:00 PM,FAILING TO YIELD RIGHT-OF-WAY,NOT APPLICABLE,,2,NO INDICATION OF INJURY,0.0,0.0,0.0,0.0,0.0,4.0,0.0,16,7,9,41.898767409,-87.637107206,POINT (-87.637107206189 41.898767409034),POINT (1173793.2962181822 1906469.8459342436),2024,875 N ORLEANS ST
P415583,PASSENGER,44752c39b59a843bc7624d6740ed84f46525eb80acd2ceba4ae241991f1a1a7ac6f6c203e5bed35e416c3431ec923bde4d4f0f91de10d2809fdb78f8089f6f26,1789277.0,F,,DEPLOYMENT UNKNOWN,NONE,NO INDICATION OF INJURY,,,,,,,,2024-08-05 10:35:00,30,CLOUDY/OVERCAST,UNKNOWN,REAR END,NOT DIVIDED,UNKNOWN,UNKNOWN,NOT ON SCENE (DESK REPORT),NO INJURY / DRIVE AWAY,,"$501 - $1,500",08/05/2024 11:00:00 AM,UNABLE TO DETERMINE,NOT APPLICABLE,,2,NO INDICATION OF INJURY,0.0,0.0,0.0,0.0,0.0,3.0,0.0,10,2,8,41.781994379,-87.742261837,POINT (-87.742261836888 41.781994378524),POINT (1145458.29843721 1863703.4623055672),2024,6101 S CICERO AVE
O1866088,DRIVER,55e3332d40e07c1c9e32520892d7845d12c05f25b04a0c2d36c97216b7eed23f75be7e0acefae9150b62f124c8f0c3db649bb6bde92c2da6f3dee312b9970d04,1777711.0,F,38.0,DID NOT DEPLOY,NONE,NO INDICATION OF INJURY,NONE,UNKNOWN,NORMAL,,,,,2024-07-18 14:39:00,30,CLEAR,DAYLIGHT,REAR END,DIVIDED - W/MEDIAN (NOT RAISED),DRY,WORN SURFACE,ON SCENE,NO INJURY / DRIVE AWAY,,"OVER $1,500",07/18/2024 02:40:00 PM,FAILING TO REDUCE SPEED TO AVOID CRASH,UNABLE TO DETERMINE,,3,NO INDICATION OF INJURY,0.0,0.0,0.0,0.0,0.0,4.0,0.0,14,5,7,41.80899421,-87.64427146,POINT (-87.644271460411 41.808994209672),POINT (1172105.377833242 1873740.9733948994),2024,726 W 47TH ST
O1785583,DRIVER,f3e1be8c9c81a3084ff30fd6a6e277f1c466dce7dddad075dd77ce75d3c8a8f3ec217126057e75ad2c47a0e5a32fe6baee7206071918edb69f347af1cda0188d,1700444.0,X,,DEPLOYMENT UNKNOWN,NONE,NO INDICATION OF INJURY,UNKNOWN,UNKNOWN,UNKNOWN,,,,,2024-03-27 14:34:00,30,CLEAR,DAYLIGHT,TURNING,NOT DIVIDED,DRY,NO DEFECTS,NOT ON SCENE (DESK REPORT),NO INJURY / DRIVE AWAY,Y,"$501 - $1,500",03/27/2024 03:00:00 PM,UNABLE TO DETERMINE,NOT APPLICABLE,,2,NO INDICATION OF INJURY,0.0,0.0,0.0,0.0,0.0,2.0,0.0,14,4,3,41.964679249,-87.686136169,POINT (-87.686136168771 41.964679248679),POINT (1160264.0907868014 1930383.7442047878),2024,4560 N LINCOLN AVE
O1914718,DRIVER,050787d8c8c00637bf7098b23fd3e9d758f16f948af18ae80d3b5016237fa5359d241e9e5ff4b3968ab2724a89095683b95bd0d1967c046d87afd0b4c52f0107,1824093.0,F,,DEPLOYMENT UNKNOWN,NONE,NO INDICATION OF INJURY,FAILED TO YIELD,NOT OBSCURED,NORMAL,,,,,2024-09-25 09:38:00,30,CLEAR,DAYLIGHT,SIDESWIPE SAME DIRECTION,NOT DIVIDED,DRY,NO DEFECTS,NOT ON SCENE (DESK REPORT),NO INJURY / DRIVE AWAY,,"OVER $1,500",09/25/2024 04:00:00 PM,FAILING TO YIELD RIGHT-OF-WAY,NOT APPLICABLE,,2,NO INDICATION OF INJURY,0.0,0.0,0.0,0.0,0.0,2.0,0.0,9,4,9,41.924948639,-87.675273968,POINT (-87.675273967874 41.924948638548),POINT (1163329.3795792235 1915928.2953733876),2024,1875 W FULLERTON AVE
O1893386,DRIVER,b68d2ad5926417ff498aef58fbabc94e801bf5adfc1ee9a69653a40a696a730b54f6cc33c9481647d33148ea5b3aae5c8098aecece9993263dd23e69ca820119,1803740.0,M,78.0,NOT APPLICABLE,NONE,NO INDICATION OF INJURY,UNKNOWN,NOT OBSCURED,NORMAL,,,,Y,2024-07-04 12:30:00,30,CLEAR,DAYLIGHT,ANGLE,DIVIDED - W/MEDIAN (NOT RAISED),DRY,NO DEFECTS,,INJURY AND / OR TOW DUE TO CRASH,,"OVER $1,500",07/09/2024 04:30:00 PM,UNABLE TO DETERMINE,UNABLE TO DETERMINE,,2,NONINCAPACITATING INJURY,1.0,0.0,0.0,1.0,0.0,2.0,0.0,12,5,7,41.960790023,-87.747689359,POINT (-87.747689358768 41.960790022702),POINT (1143533.4821493549 1928846.0629872112),2024,4400 N CICERO AVE