PERSON_ID,PERSON_TYPE,CRASH_RECORD_ID,VEHICLE_ID,SEX,AGE,AIRBAG_DEPLOYED,EJECTION,INJURY_CLASSIFICATION,DRIVER_ACTION,DRIVER_VISION,PHYSICAL_CONDITION,PEDPEDAL_ACTION,PEDPEDAL_VISIBILITY,PEDPEDAL_LOCATION,CRASH_DATE_EST_I,CRASH_DATE,POSTED_SPEED_LIMIT,WEATHER_CONDITION,LIGHTING_CONDITION,FIRST_CRASH_TYPE,TRAFFICWAY_TYPE,ROADWAY_SURFACE_COND,ROAD_DEFECT,REPORT_TYPE,CRASH_TYPE,HIT_AND_RUN_I,DAMAGE,DATE_POLICE_NOTIFIED,PRIM_CONTRIBUTORY_CAUSE,SEC_CONTRIBUTORY_CAUSE,DOORING_I,NUM_UNITS,MOST_SEVERE_INJURY,INJURIES_TOTAL,INJURIES_FATAL,INJURIES_INCAPACITATING,INJURIES_NON_INCAPACITATING,INJURIES_REPORTED_NOT_EVIDENT,INJURIES_NO_INDICATION,INJURIES_UNKNOWN,CRASH_HOUR,CRASH_DAY_OF_WEEK,CRASH_MONTH,LATITUDE,LONGITUDE,LOCATION,geometry,YEAR,ADDRESS
P384546,PASSENGER,ed07fa850f82bbc456ba180a50891c06361cac064c94dd83ae9bb8ba2b0f11664f2b270f00b0c65058d09e77b81cf04aed5bc7308dd7f1a281d585d009d4e5e5,1655003.0,M,14.0,DEPLOYMENT UNKNOWN,NONE,NONINCAPACITATING INJURY,,,,,,,,2024-01-10 15:50:00,30,CLEAR,DAYLIGHT,TURNING,NOT DIVIDED,DRY,NO DEFECTS,ON SCENE,INJURY AND / OR TOW DUE TO CRASH,,"OVER $1,500",01/10/2024 04:00:00 PM,UNABLE TO DETERMINE,NOT APPLICABLE,,2,NONINCAPACITATING INJURY,3.0,0.0,0.0,1.0,2.0,3.0,0.0,15,4,1,41.691770606,-87.540254247,POINT (-87.54025424652 41.69177060611),POINT (1200856.9815805035 1831270.1661534116),2024,11200 S AVENUE O
O1808686,DRIVER,cd2aa1d7069e3d32972501746411da28dcb422fc52e845e2c9bb243637a90e445a6e18b9b788cd3ac01a4c6c0db4ac37a250933b39b1df45ab3effee9a0ccb96,1722708.0,M,57.0,DID NOT DEPLOY,NONE,NO INDICATION OF INJURY,NONE,UNKNOWN,NORMAL,,,,,2024-05-01 07:55:00,30,CLEAR,DAYLIGHT,REAR END,FOUR WAY,DRY,NO DEFECTS,,INJURY AND / OR TOW DUE TO CRASH,,"OVER $1,500",05/01/2024 08:30:00 AM,FOLLOWING TOO CLOSELY,UNABLE TO DETERMINE,,3,NONINCAPACITATING INJURY,1.0,0.0,0.0,1.0,0.0,3.0,0.0,7,4,5,41.867196447,-87.651088221,POINT (-87.651088220891 41.867196446975),POINT (1170078.489864884 1894934.8328619143),2024,1000 W ROOSEVELT RD
O1876264,DRIVER,4bd5442b8032138642e1cfbb969689e6f0fad67c449c4c2b5c120dcc2c298a6f078b7ef8cf4aee3f43b4be4c99904a18a63a5a05f8041220a5f02651e4e9edd3,1787418.0,M,48.0,DEPLOYMENT UNKNOWN,NONE,NO INDICATION OF INJURY,UNKNOWN,UNKNOWN,UNKNOWN,,,,,2024-08-01 17:55:00,30,UNKNOWN,UNKNOWN,REAR END,NOT DIVIDED,UNKNOWN,UNKNOWN,NOT ON SCENE (DESK REPORT),INJURY AND / OR TOW DUE TO CRASH,,"$501 - $1,500",08/02/2024 03:50:00 PM,UNABLE TO DETERMINE,NOT APPLICABLE,,2,"REPORTED, NOT EVIDENT",1.0,0.0,0.0,0.0,1.0,1.0,0.0,17,5,8,41.776472061,-87.673975891,POINT (-87.673975891475 41.77647206141),POINT (1164098.0631754065 1861826.5882584658),2024,6434 S DAMEN AVE
P417069,PASSENGER,0c06b511be73a9c4f8e80411b9303175bc81a3fb61fcaddc46a302f2bcd5a35cc1542cbada3e97a2daf9eac82e8969c923488cc4d91bf84f2aad1071a7d70018,1796239.0,M,26.0,DID NOT DEPLOY,NONE,NO INDICATION OF INJURY,,,,,,,,2024-08-16 09:24:00,20,CLEAR,DAYLIGHT,REAR END,DIVIDED - W/MEDIAN (NOT RAISED),DRY,NO DEFECTS,ON SCENE,NO INJURY / DRIVE AWAY,,"OVER $1,500",08/16/2024 10:05:00 AM,UNABLE TO DETERMINE,UNABLE TO DETERMINE,,2,NO INDICATION OF INJURY,0.0,0.0,0.0,0.0,0.0,3.0,0.0,9,6,8,41.97651343,-87.654490837,POINT (-87.654490836515 41.976513429682),POINT (1168836.3420674836 1934762.7731009438),2024,948 W FOSTER AVE
O1942139,DRIVER,092b2cfb253254a0f41e77de938ca62680e952e45b4802d9692546956140346984af1c21b711f8f032cb50e70f7e6e01ff3361dddd987f4867830955650019f5,1850216.0,F,29.0,DID NOT DEPLOY,NONE,NO INDICATION OF INJURY,FAILED TO YIELD,NOT OBSCURED,NORMAL,,,,,2024-11-03 19:00:00,30,CLEAR,"DARKNESS, LIGHTED ROAD",SIDESWIPE SAME DIRECTION,DIVIDED - W/MEDIAN BARRIER,DRY,NO DEFECTS,NOT ON SCENE (DESK REPORT),NO INJURY / DRIVE AWAY,,"OVER $1,500",11/03/2024 08:00:00 PM,UNABLE TO DETERMINE,UNABLE TO DETERMINE,,2,NO INDICATION OF INJURY,0.0,0.0,0.0,0.0,0.0,4.0,0.0,19,1,11,41.763258944,-87.663886892,POINT (-87.663886892015 41.763258944368),POINT (1166887.455282524 1857033.0949511186),2024,7154 S ASHLAND AVE
O1759327,DRIVER,893b1355212fbb7cc683bd03b40db174d4c8c11102376eb48285dc712f51f6220f1dc8a816cfda287b2eee4530a20b2275b33dd528fa253ea40b6321abed24b9,1675144.0,M,33.0,DID NOT DEPLOY,NONE,NO INDICATION OF INJURY,NONE,NOT OBSCURED,NORMAL,,,,,2024-02-14 03:50:00,30,CLEAR,DAYLIGHT,REAR END,NOT DIVIDED,UNKNOWN,UNKNOWN,NOT ON SCENE (DESK REPORT),NO INJURY / DRIVE AWAY,Y,"OVER $1,500",02/14/2024 05:20:00 PM,DRIVING SKILLS/KNOWLEDGE/EXPERIENCE,NOT APPLICABLE,,2,NO INDICATION OF INJURY,0.0,0.0,0.0,0.0,0.0,2.0,0.0,3,4,2,41.797579996,-87.664824819,POINT (-87.664824818501 41.797579996037),POINT (1166534.342526781 1869537.4445962326),2024,5300 S ASHLAND AVE
O1869444,DRIVER,e5c9b58d8603b12a7aea7dcbcf584b6cc382e9b220ddd601eb65755c5811323ea4e00d3b80a912993231e4d6f272190763db46595dac46c64ed0e2f8adff4f28,1780877.0,M,36.0,DID NOT DEPLOY,NONE,NO INDICATION OF INJURY,FOLLOWED TOO CLOSELY,UNKNOWN,NORMAL,,,,,2024-07-22 17:15:00,25,CLEAR,DAYLIGHT,REAR END,NOT DIVIDED,DRY,NO DEFECTS,,INJURY AND / OR TOW DUE TO CRASH,,"OVER $1,500",07/22/2024 05:18:00 PM,FAILING TO REDUCE SPEED TO AVOID CRASH,FOLLOWING TOO CLOSELY,,3,"REPORTED, NOT EVIDENT",4.0,0.0,0.0,0.0,4.0,2.0,0.0,17,2,7,41.858005176,-87.660096886,POINT (-87.660096886034 41.858005175677),POINT (1167650.9803763614 1891566.1806448665),2024,1326 W 18TH ST
O1785465,DRIVER,c54498c57c2bd27ca5d2674432137c28726256b8f2735978993456abdaf81c07264fc23e00b39dd6c546150bba4540190b86a69d68f5c9f3bf0fc004ebdb24b2,1700328.0,M,31.0,DID NOT DEPLOY,NONE,NO INDICATION OF INJURY,OTHER,UNKNOWN,NORMAL,,,,,2024-03-27 10:55:00,30,CLEAR,DAYLIGHT,REAR TO FRONT,NOT DIVIDED,DRY,NO DEFECTS,NOT ON SCENE (DESK REPORT),NO INJURY / DRIVE AWAY,,$500 OR LESS,03/27/2024 11:50:00 AM,UNABLE TO DETERMINE,UNABLE TO DETERMINE,,2,NO INDICATION OF INJURY,0.0,0.0,0.0,0.0,0.0,2.0,0.0,10,4,3,41.844148107,-87.724123002,POINT (-87.724123001513 41.844148107363),POINT (1150244.9307717565 1886386.451652807),2024,3951 W 26TH ST
O1874395,PEDESTRIAN,441f470c85fcfae942df13b73f28bf3c1512542a6ce19ba829e79f3b0e665cd7c1b687be727e586728fc93792a3466fa4131c9ad443af5b48f216bb5b1b5f944,,M,52.0,,,"REPORTED, NOT EVIDENT",,,,CROSSING - WITH SIGNAL,NO CONTRASTING CLOTHING,UNKNOWN/NA,,2024-07-31 01:20:00,30,CLEAR,"DARKNESS, LIGHTED ROAD",PEDESTRIAN,FOUR WAY,DRY,NO DEFECTS,NOT ON SCENE (DESK REPORT),INJURY AND / OR TOW DUE TO CRASH,Y,"OVER $1,500",07/31/2024 02:41:00 AM,UNABLE TO DETERMINE,NOT APPLICABLE,,2,"REPORTED, NOT EVIDENT",1.0,0.0,0.0,0.0,1.0,1.0,0.0,1,4,7,41.721160612,-87.662828139,POINT (-87.662828139392 41.721160612052),POINT (1167295.8301286066 1841695.1212177256),2024,9500 S ASHLAND AVE
P426416,PASSENGER,0153e3f5674a1bce7d030e05116383fe12e8492bfc3038892283a6f05b5c47315a7ec95eedb6bf61f3219bf12467f79ce056420384c550b448c9209f36551009,1836033.0,,,DEPLOYMENT UNKNOWN,NONE,NO INDICATION OF INJURY,,,,,,,,2024-10-14 00:44:00,30,UNKNOWN,UNKNOWN,REAR TO FRONT,NOT DIVIDED,UNKNOWN,UNKNOWN,ON SCENE,NO INJURY / DRIVE AWAY,Y,"OVER $1,500",10/14/2024 12:48:00 AM,UNABLE TO DETERMINE,NOT APPLICABLE,,2,NO INDICATION OF INJURY,0.0,0.0,0.0,0.0,0.0,4.0,0.0,0,2,10,41.769281795,-87.626648621,POINT (-87.626648621351 41.769281795323),POINT (1177028.7750441055 1859309.039415031),2024,42 W 69TH ST
O1837360,DRIVER,9f362939bd1f3b2ff85cf42ed51de7f7e5aab605324b27a578847977405638aee79198ef37d38c474ab6545cdea498a621b2a02f860b37aa17d4a0c6466d3be1,1750218.0,X,,DEPLOYMENT UNKNOWN,NONE,NO INDICATION OF INJURY,IMPROPER PASSING,UNKNOWN,UNKNOWN,,,,,2024-06-07 22:03:00,30,CLEAR,"DARKNESS, LIGHTED ROAD",SIDESWIPE SAME DIRECTION,NOT DIVIDED,DRY,NO DEFECTS,NOT ON SCENE (DESK REPORT),NO INJURY / DRIVE AWAY,Y,"$501 - $1,500",06/07/2024 10:40:00 PM,IMPROPER OVERTAKING/PASSING,UNABLE TO DETERMINE,,2,NO INDICATION OF INJURY,0.0,0.0,0.0,0.0,0.0,2.0,0.0,22,6,6,41.721082791,-87.664185961,POINT (-87.66418596077 41.721082791424),POINT (1166925.3675687858 1841663.8801152736),2024,1633 W 95TH ST
P432078,PASSENGER,151be9cfdb91be08b35e5d185204680f7082a4df2e09b50f9148a1c4d511fe8ecfc4c07f918796d9fa15f444fa4e831e96305be9357e09cfab3f9929a3e31abc,1861630.0,M,42.0,NOT APPLICABLE,NONE,NO INDICATION OF INJURY,,,,,,,,2024-11-21 10:48:00,30,SNOW,DAYLIGHT,PARKED MOTOR VEHICLE,NOT DIVIDED,SNOW OR SLUSH,NO DEFECTS,ON SCENE,NO INJURY / DRIVE AWAY,,"OVER $1,500",11/21/2024 10:49:00 AM,WEATHER,WEATHER,,2,NO INDICATION OF INJURY,0.0,0.0,0.0,0.0,0.0,2.0,0.0,10,5,11,41.975716732,-87.679245808,POINT (-87.679245808411 41.975716732358),POINT (1162107.319336042 1934420.0827321715),2024,5131 N DAMEN AVE
O1931900,DRIVER,747283e1a86a8f6af611e3793b4adb29ab4cc8a8716816b07a4ae6465848df12a128f2c11bdbc78d76888534c916dcf83194829158808a5a3e3f14da6f973834,1840453.0,M,61.0,DID NOT DEPLOY,NONE,NO INDICATION OF INJURY,NONE,NOT OBSCURED,NORMAL,,,,,2024-10-18 09:10:00,30,CLEAR,DAYLIGHT,TURNING,NOT DIVIDED,DRY,NO DEFECTS,NOT ON SCENE (DESK REPORT),NO INJURY / DRIVE AWAY,,"OVER $1,500",10/20/2024 10:05:00 AM,UNABLE TO DETERMINE,UNABLE TO DETERMINE,,2,NO INDICATION OF INJURY,0.0,0.0,0.0,0.0,0.0,2.0,0.0,9,6,10,41.802911342,-87.683849579,POINT (-87.683849578595 41.802911341924),POINT (1161332.0961154785 1871440.3848151166),2024,5000 S WESTERN BLVD
O1775543,DRIVER,b68e5a58c3383068dfd2a9c6832b96b34033dadffcb23bf9a356f50aef5481c7b49f4887893550f0947be30babf3286268578765f32367e9ebaadb7c4d15f894,1690773.0,F,20.0,DID NOT DEPLOY,NONE,NO INDICATION OF INJURY,NONE,NOT OBSCURED,NORMAL,,,,,2024-03-11 22:10:00,30,CLEAR,"DARKNESS, LIGHTED ROAD",ANGLE,T-INTERSECTION,DRY,NO DEFECTS,NOT ON SCENE (DESK REPORT),INJURY AND / OR TOW DUE TO CRASH,,"OVER $1,500",03/11/2024 10:30:00 PM,UNABLE TO DETERMINE,NOT APPLICABLE,,3,NO INDICATION OF INJURY,0.0,0.0,0.0,0.0,0.0,3.0,0.0,22,2,3,41.825274732,-87.701378113,POINT (-87.701378112983 41.825274731712),POINT (1156492.9812254896 1879553.855063861),2024,3045 W 37TH PL
P419630,PASSENGER,b6874c3682dcf4474a5fbb17ba41d73286056c42a15d43dad134fa1a86bdd92530b2d8eb04ab50e3805cbae9aee8860c14f8ac8f4110d7f86f0df1d2fe997ea7,1807310.0,F,9.0,DID NOT DEPLOY,NONE,NO INDICATION OF INJURY,,,,,,,,2024-09-01 13:38:00,15,CLEAR,DAYLIGHT,PARKED MOTOR VEHICLE,PARKING LOT,DRY,NO DEFECTS,ON SCENE,NO INJURY / DRIVE AWAY,Y,"$501 - $1,500",09/01/2024 01:54:00 PM,UNABLE TO DETERMINE,NOT APPLICABLE,,2,NO INDICATION OF INJURY,0.0,0.0,0.0,0.0,0.0,4.0,0.0,13,1,9,41.881069374,-87.685307553,POINT (-87.68530755272 41.881069374222),POINT (1160719.6883757168 1899917.8876395621),2024,2333 W MADISON ST
O1903356,DRIVER,87887b0a7cd01200f7ffe1d913e5de991c850a41b612cf89ddd48713b33a7aa5bd31f91c8a7141ef225215446b7d2ea31c7100286b00dc4adac3ae0552da78a9,1813253.0,M,55.0,DID NOT DEPLOY,NONE,NO INDICATION OF INJURY,IMPROPER BACKING,NOT OBSCURED,NORMAL,,,,,2024-09-10 13:00:00,35,CLEAR,DAYLIGHT,REAR TO FRONT,NOT DIVIDED,DRY,NO DEFECTS,ON SCENE,NO INJURY / DRIVE AWAY,,"$501 - $1,500",09/10/2024 01:14:00 PM,IMPROPER BACKING,FOLLOWING TOO CLOSELY,,2,NO INDICATION OF INJURY,0.0,0.0,0.0,0.0,0.0,2.0,0.0,13,3,9,41.807902832,-87.72975248,POINT (-87.729752479535 41.807902832141),POINT (1148803.8177783645 1873168.0235608285),2024,4232 W 47TH ST
O1789547,DRIVER,6063badd97f3ce03ffe1c0147356f5c84e2abc03f100974f5f018851ac661477e522ec466c299b196a4c7c296ecdd9e87049232e26070c967c766643a8c11883,1704287.0,M,28.0,DEPLOYMENT UNKNOWN,NONE,NO INDICATION OF INJURY,IMPROPER PASSING,NOT OBSCURED,NORMAL,,,,N,2024-04-02 20:52:00,40,RAIN,"DARKNESS, LIGHTED ROAD",REAR END,DIVIDED - W/MEDIAN BARRIER,WET,NO DEFECTS,ON SCENE,INJURY AND / OR TOW DUE TO CRASH,,"OVER $1,500",04/02/2024 08:52:00 PM,IMPROPER OVERTAKING/PASSING,FAILING TO REDUCE SPEED TO AVOID CRASH,,2,NO INDICATION OF INJURY,0.0,0.0,0.0,0.0,0.0,2.0,0.0,20,3,4,41.95186702,-87.645168401,POINT (-87.645168400717 41.951867020301),POINT (1171443.383443248 1925801.7399373902),2024,3750 N LAKE SHORE DR
O1747012,DRIVER,cc80a1ca93c654bd55caacfc3abcecb57c1125d11185a6e9af6596f22f08f2074320703aaed42627be521bbace34207474105fe1f6aba6880a74d0701b9f30df,1663280.0,F,43.0,NOT APPLICABLE,UNKNOWN,NO INDICATION OF INJURY,NONE,NOT OBSCURED,NORMAL,,,,,2024-01-20 12:00:00,30,CLEAR,DAYLIGHT,REAR END,NOT DIVIDED,DRY,NO DEFECTS,NOT ON SCENE (DESK REPORT),NO INJURY / DRIVE AWAY,,"$501 - $1,500",01/24/2024 01:50:00 PM,FOLLOWING TOO CLOSELY,FOLLOWING TOO CLOSELY,,2,NO INDICATION OF INJURY,0.0,0.0,0.0,0.0,0.0,2.0,0.0,12,7,1,41.924879097,-87.680856454,POINT (-87.680856454235 41.92487909701),POINT (1161810.388901945 1915891.345080028),2024,2109 W FULLERTON AVE
O1934611,DRIVER,a094193484c5486ba5a0daf97bd37bd1889623883c1d8b00038d5900c3762eb792cb1a17d6341992ec7651d2d1a8e5559b01b53e4ff6a334ccb60a5794a719ce,1843033.0,X,,DEPLOYMENT UNKNOWN,NONE,NO INDICATION OF INJURY,IMPROPER PASSING,UNKNOWN,UNKNOWN,,,,,2024-10-23 19:15:00,30,CLEAR,DUSK,PARKED MOTOR VEHICLE,DIVIDED - W/MEDIAN (NOT RAISED),DRY,NO DEFECTS,NOT ON SCENE (DESK REPORT),NO INJURY / DRIVE AWAY,Y,"OVER $1,500",10/24/2024 10:25:00 AM,IMPROPER OVERTAKING/PASSING,IMPROPER OVERTAKING/PASSING,,2,NO INDICATION OF INJURY,0.0,0.0,0.0,0.0,0.0,1.0,0.0,19,4,10,41.847601432,-87.685368991,POINT (-87.685368991259 41.847601431587),POINT (1160795.0061782515 1887722.1175246064),2024,2425 S WESTERN AVE
O1890071,BICYCLE,8f286819d9465052646ed8962d26b1d3aa95f1206f57ca3750a3c36ee8a88ac392abbb4074070561500f4893d245dd15adfe2fbec6af3726c3ea638fc5cf566f,,M,37.0,,NONE,"REPORTED, NOT EVIDENT",NONE,NOT OBSCURED,NORMAL,WITH TRAFFIC,CONTRASTING CLOTHING,IN ROADWAY,Y,2024-08-22 22:50:00,30,CLEAR,DUSK,PEDALCYCLIST,T-INTERSECTION,DRY,NO DEFECTS,NOT ON SCENE (DESK REPORT),INJURY AND / OR TOW DUE TO CRASH,Y,"OVER $1,500",08/23/2024 12:15:00 AM,UNABLE TO DETERMINE,NOT APPLICABLE,,2,"REPORTED, NOT EVIDENT",1.0,0.0,0.0,0.0,1.0,1.0,0.0,22,5,8,41.983786851,-87.69599142,POINT (-87.695991420136 41.983786850727),POINT (1157532.0062068454 1937326.551079906),2024,5627 N LINCOLN AVE
O1858338,DRIVER,06fd76570cbea18fd5e1e832801828665b632fecf9d83cd765dd90001b662bbca81f8604011667ce232aab356379295d8d3803673ccbbbf21e3995af74a2f9bf,1770327.0,M,25.0,DEPLOYMENT UNKNOWN,UNKNOWN,NO INDICATION OF INJURY,UNKNOWN,UNKNOWN,UNKNOWN,,,,,2024-07-06 19:27:00,30,UNKNOWN,UNKNOWN,REAR END,UNKNOWN INTERSECTION TYPE,UNKNOWN,UNKNOWN,NOT ON SCENE (DESK REPORT),NO INJURY / DRIVE AWAY,,"OVER $1,500",07/07/2024 01:10:00 PM,UNABLE TO DETERMINE,UNABLE TO DETERMINE,,2,NO INDICATION OF INJURY,0.0,0.0,0.0,0.0,0.0,2.0,0.0,19,7,7,41.838534018,-87.617046113,POINT (-87.617046113457 41.838534018119),POINT (1179437.9853964823 1884565.8422601074),2024,400 E 31ST ST
O1839910,DRIVER,34789f73b4be3370f5309ca43c8c1378496831f87bfee6348313d15dd2fe9b8bbe32512b0755157bf5e50d87b33b00204793e703ab9258831181267788a1fdc6,1752661.0,M,,NOT APPLICABLE,NONE,NO INDICATION OF INJURY,UNKNOWN,UNKNOWN,UNKNOWN,,,,,2024-06-11 12:45:00,30,CLEAR,DAYLIGHT,REAR END,DIVIDED - W/MEDIAN (NOT RAISED),DRY,NO DEFECTS,NOT ON SCENE (DESK REPORT),NO INJURY / DRIVE AWAY,Y,"$501 - $1,500",06/11/2024 01:50:00 PM,UNABLE TO DETERMINE,UNABLE TO DETERMINE,,2,NO INDICATION OF INJURY,0.0,0.0,0.0,0.0,0.0,2.0,0.0,12,3,6,41.808511597,-87.665117292,POINT (-87.665117291733 41.808511597247),POINT (1166423.6242847997 1873520.235393779),2024,4700 S ASHLAND AVE
O1874016,DRIVER,84a1f85d1839335759131c4ae0bbf9d5500e07f4978cfe2d90ded287ddc7926418a8d980d99068d3ed9854de7633ff668ff1da592d9856ef0ad8ec845cb5c371,1785266.0,M,,"DEPLOYED, COMBINATION",NONE,NO INDICATION OF INJURY,FAILED TO YIELD,UNKNOWN,UNKNOWN,,,,,2024-07-30 13:15:00,30,CLEAR,DAYLIGHT,ANGLE,FOUR WAY,DRY,NO DEFECTS,ON SCENE,INJURY AND / OR TOW DUE TO CRASH,Y,"OVER $1,500",07/30/2024 01:17:00 PM,DISREGARDING TRAFFIC SIGNALS,DISREGARDING TRAFFIC SIGNALS,,2,"REPORTED, NOT EVIDENT",1.0,0.0,0.0,0.0,1.0,2.0,0.0,13,3,7,41.876773688,-87.749430616,POINT (-87.749430616255 41.87677368847),POINT (1143268.3431650861 1898227.2185613236),2024,296 S LAVERGNE AVE
O1928574,DRIVER,56ddb7827320ad05c73d7508c150fb57b27e42b348066ee3ed215706ce0bd2df5febc4df66d812afc0ef7c6792a35f1487f2bb672c89ccad10a0a20666273e6a,1837309.0,M,28.0,NOT APPLICABLE,NONE,NO INDICATION OF INJURY,OTHER,UNKNOWN,UNKNOWN,,,,,2024-10-15 18:25:00,30,RAIN,DARKNESS,TURNING,FOUR WAY,WET,NO DEFECTS,ON SCENE,INJURY AND / OR TOW DUE TO CRASH,,"OVER $1,500",10/15/2024 06:31:00 PM,IMPROPER TURNING/NO SIGNAL,UNABLE TO DETERMINE,,2,NO INDICATION OF INJURY,0.0,0.0,0.0,0.0,0.0,3.0,0.0,18,3,10,41.865715039,-87.764182613,POINT (-87.764182613481 41.865715039264),POINT (1139277.5319887912 1894170.4869267573),2024,5598 W ROOSEVELT RD
O1942210,DRIVER,8e77004c18cd1c032cece7810e00e040e79f20a4bfe298e0c423da6fb510cf491000a74ebfed2731106c4e3af81c8c4974fb720f936a4f47d4b26e254741446b,1850286.0,M,50.0,DID NOT DEPLOY,NONE,NO INDICATION OF INJURY,UNKNOWN,NOT OBSCURED,NORMAL,,,,,2024-11-03 23:50:00,30,CLEAR,"DARKNESS, LIGHTED ROAD",ANGLE,FOUR WAY,DRY,NO DEFECTS,NOT ON SCENE (DESK REPORT),NO INJURY / DRIVE AWAY,,"OVER $1,500",11/04/2024 12:10:00 AM,UNABLE TO DETERMINE,UNABLE TO DETERMINE,,2,NO INDICATION OF INJURY,0.0,0.0,0.0,0.0,0.0,2.0,0.0,23,1,11,41.864914066,-87.681240599,POINT (-87.681240599207 41.864914066366),POINT (1161871.9256679865 1894039.3090129637),2024,1298 S LEAVITT ST
O1897641,DRIVER,811dbb7d7da09edbc9f16665b684f03525edfbf3b6ccacbcf6072bf2262fc811afebc504dd02fbb977dcd3dad697c80a314d574702544a585a11f5f6093d8038,1807818.0,F,61.0,"DEPLOYED, COMBINATION",NONE,NO INDICATION OF INJURY,FAILED TO YIELD,UNKNOWN,NORMAL,,,,,2024-09-02 11:20:00,30,CLEAR,DAYLIGHT,ANGLE,FOUR WAY,DRY,UNKNOWN,ON SCENE,INJURY AND / OR TOW DUE TO CRASH,,"OVER $1,500",09/02/2024 11:27:00 AM,DISREGARDING TRAFFIC SIGNALS,FAILING TO YIELD RIGHT-OF-WAY,,3,NO INDICATION OF INJURY,0.0,0.0,0.0,0.0,0.0,3.0,0.0,11,2,9,41.882955709,-87.701378353,POINT (-87.701378352513 41.882955709444),POINT (1156338.2237927816 1900572.6300809707),2024,3000 W WASHINGTON BLVD
O1793070,DRIVER,4f07fd2d66f62f4d5b7830050def9fefbde9d95d249e8506fa4308efa1ea873def2d3a96550c23006ff247c358a66aafdde4c792cb7dbb8756a389d5c9f96dd2,1707681.0,M,85.0,DID NOT DEPLOY,UNKNOWN,NO INDICATION OF INJURY,NONE,NOT OBSCURED,NORMAL,,,,,2024-04-08 11:53:00,30,CLEAR,DAYLIGHT,TURNING,NOT DIVIDED,DRY,NO DEFECTS,ON SCENE,INJURY AND / OR TOW DUE TO CRASH,,"OVER $1,500",04/08/2024 12:04:00 PM,IMPROPER TURNING/NO SIGNAL,DRIVING SKILLS/KNOWLEDGE/EXPERIENCE,,3,NO INDICATION OF INJURY,0.0,0.0,0.0,0.0,0.0,4.0,0.0,11,2,4,41.909843771,-87.696899673,POINT (-87.696899672987 41.909843770557),POINT (1157485.141157275 1910379.6442204711),2024,1549 N CALIFORNIA AVE
O1940181,DRIVER,6b7cd11b61c651f80204900a1a7ecacb05e9b0ac9ff59962a63121a2880197a8f932c4fb3e5679dd50dbe65e66fa02293562d1e0d43c34430759e50efcbd5bfa,1848338.0,M,36.0,DID NOT DEPLOY,NONE,NO INDICATION OF INJURY,UNKNOWN,UNKNOWN,NORMAL,,,,,2024-10-31 22:43:00,30,CLEAR,DARKNESS,PARKED MOTOR VEHICLE,CENTER TURN LANE,DRY,NO DEFECTS,ON SCENE,INJURY AND / OR TOW DUE TO CRASH,,"OVER $1,500",10/31/2024 10:45:00 PM,UNABLE TO DETERMINE,NOT APPLICABLE,,2,NO INDICATION OF INJURY,0.0,0.0,0.0,0.0,0.0,1.0,0.0,22,5,10,41.97627896,-87.669816004,POINT (-87.669816004053 41.976278960343),POINT (1164669.8658945214 1934644.6810069177),2024,1602 W FOSTER AVE
O1855769,DRIVER,ebe9d41d5e3d612aa7964ec1c446db49997d84e5701c40206935b41a37e1937841558f8a9571c75a38285f307105e5a76f115e0bbd6fad25ff66f98a3f97a4bf,1767856.0,M,,DEPLOYMENT UNKNOWN,NONE,NO INDICATION OF INJURY,UNKNOWN,UNKNOWN,UNKNOWN,,,,,2024-07-01 22:25:00,25,CLEAR,"DARKNESS, LIGHTED ROAD",REAR END,NOT DIVIDED,DRY,NO DEFECTS,NOT ON SCENE (DESK REPORT),NO INJURY / DRIVE AWAY,,"$501 - $1,500",07/03/2024 04:00:00 PM,FOLLOWING TOO CLOSELY,DRIVING SKILLS/KNOWLEDGE/EXPERIENCE,,2,NO INDICATION OF INJURY,0.0,0.0,0.0,0.0,0.0,3.0,0.0,22,2,7,41.801492812,-87.659777528,POINT (-87.659777527827 41.80149281216),POINT (1167899.438034237 1870973.9944460283),2024,1356 W 51ST ST
O1825516,DRIVER,b25621eb575b88d9c229cbdd2af2b97ab524e6307e88706450144b07fc0f96dbd8022057605327ea9f884c8eb13fb19c3a8b173408e78f11a00de3ad53d64463,1738880.0,M,27.0,NOT APPLICABLE,NONE,NO INDICATION OF INJURY,NONE,NOT OBSCURED,NORMAL,,,,,2024-05-23 12:14:00,30,CLEAR,DAYLIGHT,REAR END,FOUR WAY,DRY,NO DEFECTS,ON SCENE,INJURY AND / OR TOW DUE TO CRASH,,"OVER $1,500",05/23/2024 12:34:00 PM,FOLLOWING TOO CLOSELY,UNABLE TO DETERMINE,,4,NONINCAPACITATING INJURY,1.0,0.0,0.0,1.0,0.0,4.0,0.0,12,5,5,41.869931456,-87.616848215,POINT (-87.61684821548 41.869931456346),POINT (1179396.4448341562 1896007.4468787326),2024,1003 S LAKE SHORE DR NB