PERSON_ID,PERSON_TYPE,CRASH_RECORD_ID,VEHICLE_ID,SEX,AGE,AIRBAG_DEPLOYED,EJECTION,INJURY_CLASSIFICATION,DRIVER_ACTION,DRIVER_VISION,PHYSICAL_CONDITION,PEDPEDAL_ACTION,PEDPEDAL_VISIBILITY,PEDPEDAL_LOCATION,CRASH_DATE_EST_I,CRASH_DATE,POSTED_SPEED_LIMIT,WEATHER_CONDITION,LIGHTING_CONDITION,FIRST_CRASH_TYPE,TRAFFICWAY_TYPE,ROADWAY_SURFACE_COND,ROAD_DEFECT,REPORT_TYPE,CRASH_TYPE,HIT_AND_RUN_I,DAMAGE,DATE_POLICE_NOTIFIED,PRIM_CONTRIBUTORY_CAUSE,SEC_CONTRIBUTORY_CAUSE,DOORING_I,NUM_UNITS,MOST_SEVERE_INJURY,INJURIES_TOTAL,INJURIES_FATAL,INJURIES_INCAPACITATING,INJURIES_NON_INCAPACITATING,INJURIES_REPORTED_NOT_EVIDENT,INJURIES_NO_INDICATION,INJURIES_UNKNOWN,CRASH_HOUR,CRASH_DAY_OF_WEEK,CRASH_MONTH,LATITUDE,LONGITUDE,LOCATION,geometry,YEAR,ADDRESS
O1830745,DRIVER,cfa337947ad1aedf3c7326a817767deb8c06d0f5d7ddc384219cd7d69e8c87f4a4bddbc65a71bf5c68757419e0e468730a59c6f4dce5c8410827eaa84e14eebf,1743875.0,M,28.0,DID NOT DEPLOY,NONE,NO INDICATION OF INJURY,OTHER,UNKNOWN,NORMAL,,,,,2024-05-30 16:25:00,30,CLEAR,DAYLIGHT,PARKED MOTOR VEHICLE,ONE-WAY,DRY,NO DEFECTS,ON SCENE,INJURY AND / OR TOW DUE TO CRASH,,"OVER $1,500",05/30/2024 04:27:00 PM,UNABLE TO DETERMINE,UNABLE TO DETERMINE,,2,NO INDICATION OF INJURY,0.0,0.0,0.0,0.0,0.0,1.0,0.0,16,5,5,41.749665691,-87.636553225,POINT (-87.636553225363 41.749665691192),POINT (1174384.7478042596 1852139.051080462),2024,7937 S NORMAL AVE
O1809414,DRIVER,afd9ec223db84603331f41bef3d634bbdd94b9e231d70e730162506e51f0f70bfee4ebf7309d1a858cbfe4dea8a37bd8e3e822d0003aea82d188fa04521a2468,1723427.0,M,31.0,DID NOT DEPLOY,NONE,NO INDICATION OF INJURY,UNKNOWN,UNKNOWN,NORMAL,,,,,2024-05-02 10:20:00,30,CLEAR,DAYLIGHT,REAR END,DIVIDED - W/MEDIAN (NOT RAISED),DRY,NO DEFECTS,NOT ON SCENE (DESK REPORT),NO INJURY / DRIVE AWAY,,"OVER $1,500",05/02/2024 11:06:00 AM,UNABLE TO DETERMINE,UNABLE TO DETERMINE,,2,NO INDICATION OF INJURY,0.0,0.0,0.0,0.0,0.0,2.0,0.0,10,5,5,41.975086009,-87.806919504,POINT (-87.806919504401 41.975086009435),POINT (1127392.0043407686 1933951.0373952605),2024,5149 N HARLEM AVE
O1745455,DRIVER,dcd191ca04b10988badcf43f0d4de35593469d058063104d9349f2e1d4ee218de21d664cb38986cee6fa2cac9ce36fae983f342491c45e07713fbaf2f17f9e0d,1661832.0,M,58.0,DID NOT DEPLOY,NONE,NO INDICATION OF INJURY,IMPROPER TURN,NOT OBSCURED,NORMAL,,,,,2024-01-22 08:38:00,30,RAIN,DAYLIGHT,REAR TO SIDE,NOT DIVIDED,WET,NO DEFECTS,ON SCENE,NO INJURY / DRIVE AWAY,,"OVER $1,500",01/22/2024 08:40:00 AM,IMPROPER TURNING/NO SIGNAL,NOT APPLICABLE,,2,NO INDICATION OF INJURY,0.0,0.0,0.0,0.0,0.0,3.0,0.0,8,2,1,41.887121417,-87.755173644,POINT (-87.755173643863 41.887121416928),POINT (1141678.8955567183 1901987.3258303972),2024,353 N LARAMIE AVE
P427552,PASSENGER,1685050aa29cedc0e9bbcc300deaf16e7d87603417e49b33b6d0c0340b04463e57c0a8582a5e0536bea198164e92f12db5b8ce82fc1645840198418dd8227941,1841368.0,M,6.0,DID NOT DEPLOY,NONE,NO INDICATION OF INJURY,,,,,,,,2024-10-21 16:39:00,30,CLEAR,DUSK,TURNING,FOUR WAY,DRY,NO DEFECTS,NOT ON SCENE (DESK REPORT),INJURY AND / OR TOW DUE TO CRASH,,"OVER $1,500",10/21/2024 06:05:00 PM,"EVASIVE ACTION DUE TO ANIMAL, OBJECT, NONMOTORIST",UNABLE TO DETERMINE,,2,"REPORTED, NOT EVIDENT",2.0,0.0,0.0,0.0,2.0,5.0,0.0,16,2,10,41.735785266,-87.64375883,POINT (-87.643758829628 41.735785266472),POINT (1172459.0292408918 1847065.3155898286),2024,8700 S HALSTED ST
O1939670,DRIVER,95b4c6115faadde27a66a0ab6fedcfbeec4d3d4b0bf80603b348e9711f6b5779e8cfee1270a5f5787a9fe458abcdb9183d5873137feae6b6a3144a1076ddaa12,1847907.0,F,37.0,DEPLOYMENT UNKNOWN,NONE,NO INDICATION OF INJURY,NONE,NOT OBSCURED,UNKNOWN,,,,,2024-10-27 12:10:00,35,CLEAR,DAYLIGHT,REAR END,DIVIDED - W/MEDIAN (NOT RAISED),DRY,NO DEFECTS,NOT ON SCENE (DESK REPORT),INJURY AND / OR TOW DUE TO CRASH,,"OVER $1,500",10/31/2024 12:36:00 PM,UNABLE TO DETERMINE,UNABLE TO DETERMINE,,2,NO INDICATION OF INJURY,0.0,0.0,0.0,0.0,0.0,2.0,0.0,12,1,10,41.912473953,-87.627356906,POINT (-87.627356906333 41.912473952686),POINT (1176406.6636328546 1911486.2148611275),2024,50 E LA SALLE DR
P395780,PASSENGER,d5b060c838068d25db0f54fac09447e2c978bb785d47f8b8939f79d5a73062c632fdbaab2571475c0c794d66013361444a629d3fa0edaf2debe0369fe132a38c,1706640.0,F,60.0,NOT APPLICABLE,NONE,NO INDICATION OF INJURY,,,,,,,,2024-04-06 12:54:00,30,CLEAR,DAYLIGHT,TURNING,FOUR WAY,DRY,UNKNOWN,ON SCENE,NO INJURY / DRIVE AWAY,,"OVER $1,500",04/06/2024 01:06:00 PM,FAILING TO YIELD RIGHT-OF-WAY,FAILING TO YIELD RIGHT-OF-WAY,,2,NO INDICATION OF INJURY,0.0,0.0,0.0,0.0,0.0,4.0,0.0,12,7,4,41.857748769,-87.666285218,POINT (-87.666285217697 41.857748769318),POINT (1165965.89165704 1891459.588899618),2024,1800 S ASHLAND AVE
O1769820,DRIVER,f512848beb7cbaaa7624234d6be65dc59971cd99d6457f9dfe1dc2a61911670f6bb4f8cb32938097d3ba0b33ae306a63f35a409ae379287e7687d3e293d01692,1685305.0,F,31.0,"DEPLOYED, COMBINATION",NONE,NONINCAPACITATING INJURY,NONE,UNKNOWN,NORMAL,,,,,2024-03-03 04:56:00,30,CLEAR,"DARKNESS, LIGHTED ROAD",ANGLE,NOT DIVIDED,DRY,NO DEFECTS,ON SCENE,INJURY AND / OR TOW DUE TO CRASH,,"OVER $1,500",03/03/2024 04:58:00 AM,DISREGARDING TRAFFIC SIGNALS,FAILING TO REDUCE SPEED TO AVOID CRASH,,3,NONINCAPACITATING INJURY,2.0,0.0,0.0,2.0,0.0,1.0,0.0,4,1,3,41.685169217,-87.627833794,POINT (-87.627833793667 41.68516921663),POINT (1176956.6703290383 1828656.6313144336),2024,11500 S WENTWORTH AVE
O1907751,DRIVER,bdf9d915d33508c36d42303958b893051c5d89cf2cc4cfbb2617438411c3da7cc2b866502e75ada4965d8cd40489164b3fe7e54c1c31e6cb75775c413ebd90ff,1817448.0,M,54.0,DID NOT DEPLOY,NONE,NO INDICATION OF INJURY,OTHER,NOT OBSCURED,NORMAL,,,,,2024-09-16 11:57:00,30,CLEAR,DAYLIGHT,REAR END,DIVIDED - W/MEDIAN BARRIER,DRY,NO DEFECTS,ON SCENE,INJURY AND / OR TOW DUE TO CRASH,,"OVER $1,500",09/16/2024 11:59:00 AM,DRIVING SKILLS/KNOWLEDGE/EXPERIENCE,FAILING TO REDUCE SPEED TO AVOID CRASH,,2,NO INDICATION OF INJURY,0.0,0.0,0.0,0.0,0.0,3.0,0.0,11,2,9,41.989676936,-87.670206816,POINT (-87.670206816488 41.98967693564),POINT (1164525.7984996838 1939526.1520284736),2024,5940 N RIDGE AVE
O1761539,DRIVER,75eba9eba83664d308202b9a00d9a0c20c738c579af14e4bc51435fadb85614c4fb299651627275a312cfed100e4c343ad7bf486ee69bd12e5b776fb4f19f53a,1677284.0,F,57.0,DID NOT DEPLOY,NONE,NO INDICATION OF INJURY,NONE,UNKNOWN,NORMAL,,,,,2024-02-18 16:00:00,30,CLEAR,DAWN,REAR END,DIVIDED - W/MEDIAN (NOT RAISED),DRY,NO DEFECTS,NOT ON SCENE (DESK REPORT),NO INJURY / DRIVE AWAY,,"OVER $1,500",02/18/2024 05:25:00 PM,FOLLOWING TOO CLOSELY,NOT APPLICABLE,,2,NO INDICATION OF INJURY,0.0,0.0,0.0,0.0,0.0,2.0,0.0,16,1,2,41.830196662,-87.694609957,POINT (-87.694609956642 41.830196662417),POINT (1158324.354817531 1881361.025529243),2024,2756 W 35TH ST
O1767737,DRIVER,20bf4b91b82e59f1871025552e63bf40a1632712fc7eb59a5b50cf73e9dc4893cebc0e74da55978f0ab6a116a310ad6378dedb72d7780251dbb6ec4482150e15,1683294.0,F,21.0,DEPLOYMENT UNKNOWN,UNKNOWN,NO INDICATION OF INJURY,NONE,UNKNOWN,UNKNOWN,,,,,2024-02-28 07:20:00,15,CLEAR,DAYLIGHT,ANGLE,FOUR WAY,DRY,NO DEFECTS,NOT ON SCENE (DESK REPORT),NO INJURY / DRIVE AWAY,,"OVER $1,500",02/28/2024 07:45:00 PM,FAILING TO YIELD RIGHT-OF-WAY,NOT APPLICABLE,,2,NO INDICATION OF INJURY,0.0,0.0,0.0,0.0,0.0,2.0,0.0,7,4,2,41.945097205,-87.764416177,POINT (-87.764416176958 41.945097205455),POINT (1139022.0658068499 1923096.908287376),2024,3532 N LINDER AVE
O1768325,DRIVER,d753692510821d4021099ccca30229bc805dbb02c186bdc82a7d885ebedae883b4de0166dcec9a69e7a3de81e28828bc71adf57b8ff7e37dc66bc72b557c83d6,1683853.0,F,29.0,DID NOT DEPLOY,NONE,NO INDICATION OF INJURY,OTHER,UNKNOWN,NORMAL,,,,,2024-02-29 17:45:00,30,CLEAR,DUSK,PARKED MOTOR VEHICLE,NOT DIVIDED,UNKNOWN,UNKNOWN,NOT ON SCENE (DESK REPORT),NO INJURY / DRIVE AWAY,,"$501 - $1,500",02/29/2024 06:17:00 PM,DRIVING SKILLS/KNOWLEDGE/EXPERIENCE,UNABLE TO DETERMINE,,2,NO INDICATION OF INJURY,0.0,0.0,0.0,0.0,0.0,2.0,0.0,17,5,2,41.958639071,-87.646521918,POINT (-87.64652191763 41.958639071373),POINT (1171055.42273859 1928266.5476162033),2024,634 W BUENA AVE
O1945905,DRIVER,7facacaa504c5fe3f8831ff992b507f71676588711810815bb8133696e024c159e3ac95cd92eb569d006e70465fc0af138f4d206541dab84fc6406447a20e68e,1853790.0,F,,DEPLOYMENT UNKNOWN,UNKNOWN,NO INDICATION OF INJURY,IMPROPER LANE CHANGE,UNKNOWN,UNKNOWN,,,,,2024-11-06 14:25:00,30,UNKNOWN,UNKNOWN,SIDESWIPE SAME DIRECTION,DIVIDED - W/MEDIAN (NOT RAISED),UNKNOWN,UNKNOWN,,NO INJURY / DRIVE AWAY,,"OVER $1,500",11/06/2024 04:00:00 PM,DRIVING SKILLS/KNOWLEDGE/EXPERIENCE,DISTRACTION - FROM INSIDE VEHICLE,,2,NO INDICATION OF INJURY,0.0,0.0,0.0,0.0,0.0,4.0,0.0,14,4,11,41.866388501,-87.639071164,POINT (-87.639071164471 41.866388500703),POINT (1173354.0691384862 1894666.661365183),2024,1231 S CANAL ST
P413300,PASSENGER,4259bfcac11ee7922e2c44fba3bdd940295150c21a95b5b38e5b69f626d107f7d678e2f1b078ff52555c6fdf84f905af9cc40e1dd6cf604133341a4834f75c46,1779535.0,M,2.0,DID NOT DEPLOY,NONE,NO INDICATION OF INJURY,,,,,,,,2024-07-21 14:00:00,30,CLEAR,DAYLIGHT,REAR END,DIVIDED - W/MEDIAN (NOT RAISED),DRY,NO DEFECTS,NOT ON SCENE (DESK REPORT),NO INJURY / DRIVE AWAY,,"$501 - $1,500",07/21/2024 03:00:00 PM,DRIVING SKILLS/KNOWLEDGE/EXPERIENCE,UNABLE TO DETERMINE,,3,NO INDICATION OF INJURY,0.0,0.0,0.0,0.0,0.0,10.0,0.0,14,1,7,41.750054934,-87.682992203,POINT (-87.682992202902 41.75005493365),POINT (1161711.5164040553 1852181.6856859743),2024,7900 S WESTERN AVE
O1909968,DRIVER,16d93544cd14ec374e82ad16a919e26a6a2b845551fe084f7caf5536633447aa2b124880c434d13033367e337918b48380a608b78a3ac57266ed77fd6b5377d2,1819576.0,F,22.0,DID NOT DEPLOY,NONE,NO INDICATION OF INJURY,NONE,NOT OBSCURED,NORMAL,,,,,2024-09-19 08:50:00,30,CLEAR,DAYLIGHT,TURNING,FOUR WAY,DRY,NO DEFECTS,NOT ON SCENE (DESK REPORT),NO INJURY / DRIVE AWAY,,"OVER $1,500",09/19/2024 09:02:00 AM,FAILING TO YIELD RIGHT-OF-WAY,FOLLOWING TOO CLOSELY,,2,NO INDICATION OF INJURY,0.0,0.0,0.0,0.0,0.0,2.0,0.0,8,5,9,41.825364421,-87.599692109,POINT (-87.599692109352 41.825364421044),POINT (1184207.9582057132 1879806.8022255008),2024,1059 E OAKWOOD BLVD
O1753655,DRIVER,4078701a56f8dcf5e4ed02ac2eca41d48062881e21b51056ecfb6b04dbd75185f300bfb71f1d5db4f8b8f4ba947e78265b61c86670d2ba60af67bf00e90f1467,1669687.0,F,52.0,NOT APPLICABLE,NONE,NO INDICATION OF INJURY,NONE,UNKNOWN,NORMAL,,,,,2024-02-04 16:13:00,30,CLEAR,DAYLIGHT,TURNING,DIVIDED - W/MEDIAN (NOT RAISED),UNKNOWN,UNKNOWN,ON SCENE,NO INJURY / DRIVE AWAY,,"OVER $1,500",02/04/2024 04:20:00 PM,UNABLE TO DETERMINE,NOT APPLICABLE,,2,NO INDICATION OF INJURY,0.0,0.0,0.0,0.0,0.0,2.0,0.0,16,1,2,41.794560966,-87.723051961,POINT (-87.723051961066 41.794560965933),POINT (1150665.100920502 1868319.2345461645),2024,5415 S PULASKI RD
O1868627,DRIVER,5bd5affb22cdd81c5e5f64eae191d97a5460cf10f0437f028c015e96c82384939c5eaf6a17f9e40709f90a6973b04732cfb1dcbe3a78cc45b1028d3e4f1024fe,1780111.0,F,26.0,"DEPLOYED, COMBINATION",NONE,NONINCAPACITATING INJURY,NONE,NOT OBSCURED,NORMAL,,,,,2024-07-22 12:10:00,30,CLEAR,DAYLIGHT,ANGLE,FOUR WAY,DRY,NO DEFECTS,ON SCENE,INJURY AND / OR TOW DUE TO CRASH,,"OVER $1,500",07/22/2024 12:19:00 PM,DISREGARDING TRAFFIC SIGNALS,NOT APPLICABLE,,3,NONINCAPACITATING INJURY,2.0,0.0,0.0,2.0,0.0,3.0,0.0,12,2,7,41.830191992,-87.694684678,POINT (-87.694684677637 41.830191992449),POINT (1158304.0033013246 1881359.172413384),2024,2798 W 35TH ST
O1802063,DRIVER,60eeb48b7075e225a0753bd6f942f1512ad03adc3644f51d821c4ed87f28d2ddd9457b2f2b14b01601a7ddf6d3853dc16b39dc1fea18737d4ba453bc6a4cde65,1716287.0,M,19.0,NOT APPLICABLE,NONE,NO INDICATION OF INJURY,OTHER,UNKNOWN,NORMAL,,,,,2024-04-21 11:43:00,20,CLEAR,DAYLIGHT,PEDESTRIAN,ALLEY,DRY,UNKNOWN,ON SCENE,INJURY AND / OR TOW DUE TO CRASH,,"$501 - $1,500",04/21/2024 11:43:00 AM,UNABLE TO DETERMINE,UNABLE TO DETERMINE,,2,NONINCAPACITATING INJURY,1.0,0.0,0.0,1.0,0.0,1.0,0.0,11,1,4,41.924129533,-87.762914776,POINT (-87.76291477584 41.924129532786),POINT (1139481.3550876712 1915458.9689543936),2024,5444 W FULLERTON AVE
O1808509,DRIVER,599894ff9192f0ccbf35145b7a360e33c08c59152a33a306ae0c982d200f6592ef4592ddbea4b7db08a71e89a9a546d6960b7496a76598b405225c591e6ed2ce,1722554.0,M,32.0,NOT APPLICABLE,NONE,NO INDICATION OF INJURY,NONE,NOT OBSCURED,NORMAL,,,,,2024-04-30 22:04:00,30,CLEAR,"DARKNESS, LIGHTED ROAD",TURNING,NOT DIVIDED,DRY,UNKNOWN,NOT ON SCENE (DESK REPORT),NO INJURY / DRIVE AWAY,,"OVER $1,500",04/30/2024 10:30:00 PM,FAILING TO YIELD RIGHT-OF-WAY,FAILING TO YIELD RIGHT-OF-WAY,,2,NO INDICATION OF INJURY,0.0,0.0,0.0,0.0,0.0,2.0,0.0,22,3,4,41.872758738,-87.715823103,POINT (-87.715823103443 41.87275873848),POINT (1152431.4779124835 1896828.2358273054),2024,3602 W FLOURNOY ST
P425572,PASSENGER,c79d21ef12fa4f41220c8affda7f5a30fd10e7134949922b4468e16cfd5b718200d6bea7e29a03ebb39d5e1cc08533c7b3b054e3bc6703b30255c018af9fd66c,1832669.0,,,NOT APPLICABLE,NONE,NO INDICATION OF INJURY,,,,,,,,2024-10-08 16:10:00,30,CLEAR,DAYLIGHT,REAR END,DIVIDED - W/MEDIAN (NOT RAISED),DRY,UNKNOWN,NOT ON SCENE (DESK REPORT),NO INJURY / DRIVE AWAY,,"OVER $1,500",10/08/2024 05:30:00 PM,FAILING TO YIELD RIGHT-OF-WAY,FOLLOWING TOO CLOSELY,,2,NO INDICATION OF INJURY,0.0,0.0,0.0,0.0,0.0,6.0,0.0,16,3,10,41.953553472,-87.7449764,POINT (-87.744976400158 41.953553471728),POINT (1144289.4605371773 1926214.0955605544),2024,4658 W IRVING PARK RD
P409478,PASSENGER,86b236bb391a0595ba96f16a94bd39132d835e76d62b16ef1e71729f5aaa3bc613798485886834e79fa897469586b6be21e1f6ef0df52639ad6b04c688365ac5,1763806.0,F,,NOT APPLICABLE,NONE,NO INDICATION OF INJURY,,,,,,,,2024-06-27 10:43:00,30,CLEAR,DAYLIGHT,SIDESWIPE SAME DIRECTION,ROUNDABOUT,DRY,NO DEFECTS,NOT ON SCENE (DESK REPORT),NO INJURY / DRIVE AWAY,,"OVER $1,500",06/27/2024 02:40:00 PM,IMPROPER OVERTAKING/PASSING,FAILING TO YIELD RIGHT-OF-WAY,,2,NO INDICATION OF INJURY,0.0,0.0,0.0,0.0,0.0,5.0,0.0,10,5,6,41.789329323,-87.741645644,POINT (-87.741645644196 41.789329323265),POINT (1145607.9660026962 1866377.416162628),2024,5700 S CICERO AVE
P418240,PASSENGER,6dc8ad3834b62097ff4c9564ac162e3c655bcce234832aec88946f908d462c140b25ac4b167e124436867f5d9cd753ee035728d7524be20c2fbfca486b110dda,1801465.0,F,,DEPLOYMENT UNKNOWN,UNKNOWN,NO INDICATION OF INJURY,,,,,,,,2024-08-24 12:18:00,30,UNKNOWN,UNKNOWN,REAR END,NOT DIVIDED,UNKNOWN,UNKNOWN,NOT ON SCENE (DESK REPORT),NO INJURY / DRIVE AWAY,,"OVER $1,500",08/24/2024 12:35:00 PM,UNABLE TO DETERMINE,UNABLE TO DETERMINE,,2,NO INDICATION OF INJURY,0.0,0.0,0.0,0.0,0.0,3.0,0.0,12,7,8,41.94676241,-87.702551769,POINT (-87.702551768667 41.946762410386),POINT (1155847.681830434 1923821.493176283),2024,2950 W ADDISON ST
O1782473,DRIVER,e04fc740750fcf0e2cca00a43f20ea118730be2e9b9bcea41e761627608b1539ba1f813005a4140061150e68ffd6f779ecf928fbc85be87a3112cdd9a2f1040a,1697434.0,M,,"DEPLOYED, COMBINATION",NONE,NONINCAPACITATING INJURY,TOO FAST FOR CONDITIONS,UNKNOWN,UNKNOWN,,,,,2024-03-21 22:21:00,30,CLEAR,"DARKNESS, LIGHTED ROAD",OVERTURNED,ALLEY,DRY,NO DEFECTS,ON SCENE,INJURY AND / OR TOW DUE TO CRASH,Y,"OVER $1,500",03/21/2024 10:53:00 PM,UNABLE TO DETERMINE,"OPERATING VEHICLE IN ERRATIC, RECKLESS, CARELESS, NEGLIGENT OR AGGRESSIVE MANNER",,1,NONINCAPACITATING INJURY,2.0,0.0,0.0,2.0,0.0,0.0,0.0,22,5,3,42.016820114,-87.695061813,POINT (-87.695061812763 42.016820113674),POINT (1157695.0182590976 1949365.9606280813),2024,7434 N ROCKWELL ST
P413109,PASSENGER,5d3e3695c425365f35a94beb1dd223d33e1119ce4f6f8274fdc43524c249da304dd4f72c142e36550f3695196041026b2b7de3a74cba5198eb3dd8929a067e1c,1778758.0,M,,DID NOT DEPLOY,NONE,NO INDICATION OF INJURY,,,,,,,,2024-07-20 10:00:00,30,CLEAR,DAYLIGHT,REAR END,NOT DIVIDED,DRY,NO DEFECTS,NOT ON SCENE (DESK REPORT),NO INJURY / DRIVE AWAY,,"OVER $1,500",07/20/2024 10:30:00 AM,UNABLE TO DETERMINE,UNABLE TO DETERMINE,,2,NO INDICATION OF INJURY,0.0,0.0,0.0,0.0,0.0,5.0,0.0,10,7,7,41.932598931,-87.658859003,POINT (-87.658859002767 41.932598931268),POINT (1167774.5186182659 1918750.7869485442),2024,2800 N RACINE AVE
O1886680,DRIVER,cd0cf3cab8d9f717a1b9d6432db5efd55c5cc1e57c101828f07c404f5d24ac42f31f99c9ea3277264dd293f957ddfb399d6eeee9eef3b41eb71a6a112870356b,1797352.0,X,,DEPLOYMENT UNKNOWN,UNKNOWN,NO INDICATION OF INJURY,UNKNOWN,UNKNOWN,UNKNOWN,,,,,2024-08-17 17:13:00,30,RAIN,DAYLIGHT,ANGLE,NOT DIVIDED,WET,NO DEFECTS,ON SCENE,INJURY AND / OR TOW DUE TO CRASH,Y,"OVER $1,500",08/17/2024 05:13:00 PM,UNABLE TO DETERMINE,UNABLE TO DETERMINE,,2,NONINCAPACITATING INJURY,1.0,0.0,0.0,1.0,0.0,1.0,0.0,17,7,8,41.80204528,-87.626728409,POINT (-87.62672840901 41.802045279791),POINT (1176908.8941583934 1871247.6558531984),2024,18 W 51ST ST
O1872891,DRIVER,06f4bd2f3888312050f789fa7e85b405efbcc82519cac0cc42dfab93cbea2c652f3c2c33d93abd4831395fd10939229d0b939e231e7d4c1ad5ccba44a1381734,1784202.0,F,,NOT APPLICABLE,NONE,NO INDICATION OF INJURY,UNKNOWN,UNKNOWN,NORMAL,,,,,2024-07-28 16:15:00,35,CLEAR,DAYLIGHT,PARKED MOTOR VEHICLE,NOT DIVIDED,DRY,NO DEFECTS,NOT ON SCENE (DESK REPORT),NO INJURY / DRIVE AWAY,,"$501 - $1,500",07/28/2024 04:40:00 PM,UNABLE TO DETERMINE,NOT APPLICABLE,,2,NO INDICATION OF INJURY,0.0,0.0,0.0,0.0,0.0,1.0,0.0,16,1,7,41.751484688,-87.576972157,POINT (-87.576972156778 41.751484687657),POINT (1190637.2844981074 1852939.1715315212),2024,1937 E 79TH ST
O1748196,DRIVER,d73bfe2bec27f29c4b3c17495851949cf6a4a8a4f1f3e1b9e44e54b5e1ada9f74623548c9caa8949909c3b117d8fcaa06535494255bd9ec75efe8e03e3631fdb,1664464.0,F,26.0,DID NOT DEPLOY,NONE,NO INDICATION OF INJURY,IMPROPER LANE CHANGE,UNKNOWN,UNKNOWN,,,,,2024-01-25 10:40:00,30,CLEAR,"DARKNESS, LIGHTED ROAD",SIDESWIPE SAME DIRECTION,ONE-WAY,WET,NO DEFECTS,NOT ON SCENE (DESK REPORT),NO INJURY / DRIVE AWAY,Y,"$501 - $1,500",01/26/2024 10:50:00 AM,IMPROPER LANE USAGE,UNABLE TO DETERMINE,,2,NO INDICATION OF INJURY,0.0,0.0,0.0,0.0,0.0,2.0,0.0,10,5,1,41.773752534,-87.604420387,POINT (-87.604420386922 41.773752533908),POINT (1183078.7156864111 1860988.7500214933),2024,6641 S MARYLAND AVE
P405844,PASSENGER,c43678144b2f17f95c83495897e54834e79043a3f52eb4ea11116971a2e593b285594d634ddd52c777caec41f30a6c9de7c74e74ab555d2f4cc6cf5f476d0ece,1747905.0,,,NOT APPLICABLE,NONE,NO INDICATION OF INJURY,,,,,,,Y,2024-06-05 02:36:00,30,RAIN,"DARKNESS, LIGHTED ROAD",PARKED MOTOR VEHICLE,PARKING LOT,WET,NO DEFECTS,ON SCENE,NO INJURY / DRIVE AWAY,,$500 OR LESS,06/05/2024 02:36:00 AM,UNABLE TO DETERMINE,UNABLE TO DETERMINE,,2,NO INDICATION OF INJURY,0.0,0.0,0.0,0.0,0.0,4.0,0.0,2,4,6,41.960882514,-87.727679242,POINT (-87.727679241979 41.960882513674),POINT (1148975.6181667114 1928917.5984348257),2024,4359 N PULASKI RD
O1905390,DRIVER,804e56aa3df75687fba00e895c08af53a1ee92b46363be500072b597969c76376e7591fad49c7ec7d4fc3942153e1073ece21fa0a00769ab41739ebe070d8541,1815186.0,F,56.0,DID NOT DEPLOY,NONE,NO INDICATION OF INJURY,UNKNOWN,NOT OBSCURED,NORMAL,,,,,2024-09-13 09:04:00,30,CLEAR,DAYLIGHT,PARKED MOTOR VEHICLE,PARKING LOT,DRY,NO DEFECTS,ON SCENE,NO INJURY / DRIVE AWAY,,$500 OR LESS,09/13/2024 09:05:00 AM,UNABLE TO DETERMINE,UNABLE TO DETERMINE,,2,NO INDICATION OF INJURY,0.0,0.0,0.0,0.0,0.0,2.0,0.0,9,6,9,41.846845522,-87.620681683,POINT (-87.620681683474 41.846845521819),POINT (1178422.156979853 1887586.2880869985),2024,2520 S PRAIRIE AVE
O1741978,DRIVER,b9f2426046ce74c5fd5f3ca865bc238c13684a3cffd196c4dd9e2df775316b19c6fd9601a64df34cac27ea9a15380e00beb5fa827285f9e79c24bfd79eb2a5f3,1658420.0,F,52.0,DID NOT DEPLOY,NONE,NO INDICATION OF INJURY,NONE,NOT OBSCURED,NORMAL,,,,,2024-01-16 09:30:00,30,CLEAR,DAYLIGHT,SIDESWIPE SAME DIRECTION,NOT DIVIDED,DRY,NO DEFECTS,NOT ON SCENE (DESK REPORT),NO INJURY / DRIVE AWAY,,"$501 - $1,500",01/16/2024 06:45:00 PM,UNABLE TO DETERMINE,UNABLE TO DETERMINE,,2,NO INDICATION OF INJURY,0.0,0.0,0.0,0.0,0.0,2.0,0.0,9,3,1,41.706707034,-87.559499185,POINT (-87.559499185102 41.706707034022),POINT (1195551.8341165003 1836665.0220011007),2024,10351 S TORRENCE AVE
O1795037,DRIVER,fe10a320925ecba71d6812e86858907e423d4137a900adc055fd6898a3ad97c47e93ca10db66cbbc136497bdda4e7ba3876b2fbde0da2cd4f981207f302339ce,1709625.0,F,55.0,DID NOT DEPLOY,NONE,NONINCAPACITATING INJURY,NONE,NOT OBSCURED,NORMAL,,,,,2024-04-11 10:05:00,30,RAIN,DAYLIGHT,TURNING,FOUR WAY,WET,NO DEFECTS,ON SCENE,INJURY AND / OR TOW DUE TO CRASH,Y,"OVER $1,500",04/11/2024 10:08:00 AM,FAILING TO YIELD RIGHT-OF-WAY,FAILING TO REDUCE SPEED TO AVOID CRASH,,2,NONINCAPACITATING INJURY,1.0,0.0,0.0,1.0,0.0,1.0,0.0,10,5,4,41.895825283,-87.689371316,POINT (-87.689371315689 41.895825283217),POINT (1159572.6912038284 1905286.6000185995),2024,2500 W CHICAGO AVE