PERSON_ID,PERSON_TYPE,CRASH_RECORD_ID,VEHICLE_ID,SEX,AGE,AIRBAG_DEPLOYED,EJECTION,INJURY_CLASSIFICATION,DRIVER_ACTION,DRIVER_VISION,PHYSICAL_CONDITION,PEDPEDAL_ACTION,PEDPEDAL_VISIBILITY,PEDPEDAL_LOCATION,CRASH_DATE_EST_I,CRASH_DATE,POSTED_SPEED_LIMIT,WEATHER_CONDITION,LIGHTING_CONDITION,FIRST_CRASH_TYPE,TRAFFICWAY_TYPE,ROADWAY_SURFACE_COND,ROAD_DEFECT,REPORT_TYPE,CRASH_TYPE,HIT_AND_RUN_I,DAMAGE,DATE_POLICE_NOTIFIED,PRIM_CONTRIBUTORY_CAUSE,SEC_CONTRIBUTORY_CAUSE,DOORING_I,NUM_UNITS,MOST_SEVERE_INJURY,INJURIES_TOTAL,INJURIES_FATAL,INJURIES_INCAPACITATING,INJURIES_NON_INCAPACITATING,INJURIES_REPORTED_NOT_EVIDENT,INJURIES_NO_INDICATION,INJURIES_UNKNOWN,CRASH_HOUR,CRASH_DAY_OF_WEEK,CRASH_MONTH,LATITUDE,LONGITUDE,LOCATION,geometry,YEAR,ADDRESS
O1756963,DRIVER,842814327b0707fb8235b450247d2fea14461f8c8c9ee97b581ae47ec680fece9107784ee9656e7c3c6241f54dcd07d2bae62e7d2d29d28a65fda98c1592794e,1672886.0,M,36.0,NOT APPLICABLE,NONE,NO INDICATION OF INJURY,FAILED TO YIELD,UNKNOWN,UNKNOWN,,,,,2024-02-10 13:00:00,10,CLEAR,DAYLIGHT,REAR TO SIDE,PARKING LOT,DRY,NO DEFECTS,NOT ON SCENE (DESK REPORT),NO INJURY / DRIVE AWAY,,"OVER $1,500",02/10/2024 01:20:00 PM,FAILING TO YIELD RIGHT-OF-WAY,NOT APPLICABLE,,2,NO INDICATION OF INJURY,0.0,0.0,0.0,0.0,0.0,2.0,0.0,13,7,2,41.680332205,-87.662584679,POINT (-87.662584678739 41.680332205335),POINT (1167478.161990747 1826818.2701930779),2024,11730 S MARSHFIELD AVE
O1883969,DRIVER,80411e4b1ce3f6560532b52ca703b764ac31d38e5b1bc0c60f9179905358cd47254a03dbf15a8a696c0bf6bb6cc02b7d0bcf2c7bee2e980932ff32d0ca035d08,1794747.0,M,50.0,DID NOT DEPLOY,NONE,NO INDICATION OF INJURY,IMPROPER LANE CHANGE,NOT OBSCURED,NORMAL,,,,,2024-08-13 19:00:00,30,CLEAR,DUSK,SIDESWIPE SAME DIRECTION,NOT DIVIDED,DRY,NO DEFECTS,NOT ON SCENE (DESK REPORT),NO INJURY / DRIVE AWAY,,"OVER $1,500",08/13/2024 10:54:00 PM,IMPROPER TURNING/NO SIGNAL,NOT APPLICABLE,,2,NO INDICATION OF INJURY,0.0,0.0,0.0,0.0,0.0,3.0,0.0,19,3,8,41.834479369,-87.63215422,POINT (-87.632154219565 41.834479368938),POINT (1175333.0702092182 1883054.3713878277),2024,213 W 33RD ST
O1761897,DRIVER,3f530ddc47b6761df559e826d04b9babe8a0d884cacc82d8521fffdba0ed87836846d06c38ffcc1677691f36f2704dad14f191bfbd92e374efd90e0f4fb861ac,1677633.0,F,46.0,NOT APPLICABLE,NONE,NO INDICATION OF INJURY,NONE,NOT OBSCURED,NORMAL,,,,,2024-02-19 12:40:00,30,CLEAR,DAYLIGHT,REAR END,PARKING LOT,UNKNOWN,UNKNOWN,NOT ON SCENE (DESK REPORT),NO INJURY / DRIVE AWAY,Y,"OVER $1,500",02/19/2024 01:30:00 PM,UNABLE TO DETERMINE,NOT APPLICABLE,,2,NO INDICATION OF INJURY,0.0,0.0,0.0,0.0,0.0,2.0,0.0,12,2,2,41.894959094,-87.745658899,POINT (-87.74565889869 41.894959093611),POINT (1144250.1442283571 1904860.9665684158),2024,759 N CICERO AVE
P397268,PASSENGER,b0536778e3ef9d4790a4f20f74c926c71d21a3401566b1c16dc8c42172bdaa03387642685e24bffd1793455b7d0911f06951670377caace2a99a3ed68602305b,1712800.0,,56.0,NOT APPLICABLE,NONE,NO INDICATION OF INJURY,,,,,,,,2024-04-15 20:02:00,5,CLEAR,"DARKNESS, LIGHTED ROAD",PARKED MOTOR VEHICLE,OTHER,DRY,OTHER,ON SCENE,NO INJURY / DRIVE AWAY,Y,"OVER $1,500",04/15/2024 08:43:00 PM,DRIVING SKILLS/KNOWLEDGE/EXPERIENCE,UNABLE TO DETERMINE,,2,NO INDICATION OF INJURY,0.0,0.0,0.0,0.0,0.0,5.0,0.0,20,2,4,41.866237769,-87.710662129,POINT (-87.710662128796 41.866237768795),POINT (1153854.3335092324 1894462.1625755935),2024,3401 W ROOSEVELT RD
O1843475,DRIVER,2929ac59c12a5e1ced51522aaa6a2ff9e62c4a51051d19680eba6e1010d3719f2657aacf6a0168c5b5eb12e4687e80a525b3b9f293de2cc25005f6cb05ec4eb5,1756065.0,M,38.0,"DEPLOYED, COMBINATION",NONE,NO INDICATION OF INJURY,FOLLOWED TOO CLOSELY,NOT OBSCURED,NORMAL,,,,,2024-06-16 01:29:00,40,CLEAR,"DARKNESS, LIGHTED ROAD",REAR END,DIVIDED - W/MEDIAN BARRIER,DRY,NO DEFECTS,ON SCENE,INJURY AND / OR TOW DUE TO CRASH,,"OVER $1,500",06/16/2024 01:30:00 AM,FAILING TO REDUCE SPEED TO AVOID CRASH,FOLLOWING TOO CLOSELY,,2,NO INDICATION OF INJURY,0.0,0.0,0.0,0.0,0.0,4.0,0.0,1,1,6,41.898105853,-87.618097216,POINT (-87.618097215676 41.898105852915),POINT (1178970.6886113398 1906271.3479726845),2024,850 N LAKE SHORE DR
P427350,PASSENGER,f1f8bbf80a6985a22e254660e3b7fb9193efcc83dd2c385323ab10b208fc16d7b373851502591dd26f250e67089570f398f736ee6112e121dfc12a500bb1e63c,1840622.0,M,23.0,NOT APPLICABLE,NONE,"REPORTED, NOT EVIDENT",,,,,,,,2024-10-20 14:30:00,15,CLEAR,DAYLIGHT,ANGLE,PARKING LOT,DRY,UNKNOWN,ON SCENE,INJURY AND / OR TOW DUE TO CRASH,Y,"OVER $1,500",10/20/2024 02:40:00 PM,FAILING TO YIELD RIGHT-OF-WAY,DRIVING SKILLS/KNOWLEDGE/EXPERIENCE,,2,"REPORTED, NOT EVIDENT",1.0,0.0,0.0,0.0,1.0,2.0,0.0,14,1,10,41.810451546,-87.683774401,POINT (-87.683774401323 41.810451546165),POINT (1161331.8276128937 1874188.1461213098),2024,4555 S WESTERN BLVD
P418797,PASSENGER,fd9454cf5c66d0a06fca918e0fbe30fdacaf79f7b049ed029c9a5e35188028187a2de75202639cdcfc13ac00b6b143b6ac2ecc677798dbb51c68d4df825e8444,1803820.0,F,35.0,DID NOT DEPLOY,NONE,NO INDICATION OF INJURY,,,,,,,,2024-08-27 15:29:00,35,CLEAR,DAYLIGHT,PEDALCYCLIST,NOT DIVIDED,DRY,NO DEFECTS,ON SCENE,INJURY AND / OR TOW DUE TO CRASH,,"OVER $1,500",08/27/2024 03:30:00 PM,"VISION OBSCURED (SIGNS, TREE LIMBS, BUILDINGS, ETC.)",NOT APPLICABLE,,2,"REPORTED, NOT EVIDENT",1.0,0.0,0.0,0.0,1.0,2.0,0.0,15,3,8,41.867263098,-87.646972686,POINT (-87.646972686016 41.867263098369),POINT (1171199.282357866 1894968.0563935689),2024,800 W ROOSEVELT RD
O1802537,DRIVER,0a069436018ee9a386789cc0a5286474bc5cf21cadde71cbc8abd75e66616e20fdcbae0092d7635c8ec84c2372d8e9407105ec9ec008649a414fb3ff6df867ba,1716752.0,M,52.0,DID NOT DEPLOY,NONE,NO INDICATION OF INJURY,OTHER,UNKNOWN,NORMAL,,,,,2024-04-22 08:15:00,30,CLEAR,DAYLIGHT,ANGLE,NOT DIVIDED,DRY,UNKNOWN,ON SCENE,NO INJURY / DRIVE AWAY,,"OVER $1,500",04/22/2024 08:30:00 AM,FAILING TO YIELD RIGHT-OF-WAY,UNABLE TO DETERMINE,,2,NO INDICATION OF INJURY,0.0,0.0,0.0,0.0,0.0,2.0,0.0,8,2,4,41.790821478,-87.703333013,POINT (-87.703333013218 41.790821477946),POINT (1156052.1891048967 1866995.37980282),2024,5629 S KEDZIE AVE
O1734363,DRIVER,4ec1734202404e6f9dd65697a39e7be1f5df7c297e6ef9f0000902efb10a09367784de24010a4f3c7994f4817ce4ae81a35881895624b23d1385bbe348ba6f58,1651117.0,F,16.0,DID NOT DEPLOY,NONE,INCAPACITATING INJURY,OTHER,NOT OBSCURED,NORMAL,,,,,2024-01-02 17:25:00,30,CLEAR,"DARKNESS, LIGHTED ROAD",TURNING,FOUR WAY,DRY,NO DEFECTS,ON SCENE,INJURY AND / OR TOW DUE TO CRASH,,"OVER $1,500",01/02/2024 06:16:00 PM,DRIVING SKILLS/KNOWLEDGE/EXPERIENCE,UNABLE TO DETERMINE,,2,INCAPACITATING INJURY,1.0,0.0,1.0,0.0,0.0,1.0,0.0,17,3,1,41.91067586,-87.661974415,POINT (-87.661974414719 41.91067586021),POINT (1166989.3543159047 1910755.3321176905),2024,1599 N ELSTON AVE
O1802190,DRIVER,b9912dbd6e713ff64304a8da993deb854c9ce6c13a0947739146f024695cc4d6f8f0e47aed6fc3ee355551390e96b21e69e711b35ac7387803589822bbb32cc0,1716412.0,M,,DID NOT DEPLOY,NONE,NO INDICATION OF INJURY,NONE,NOT OBSCURED,NORMAL,,,,,2024-04-21 15:30:00,30,CLEAR,DAYLIGHT,REAR END,NOT DIVIDED,UNKNOWN,UNKNOWN,NOT ON SCENE (DESK REPORT),NO INJURY / DRIVE AWAY,,"$501 - $1,500",04/21/2024 04:10:00 PM,UNABLE TO DETERMINE,NOT APPLICABLE,,2,NO INDICATION OF INJURY,0.0,0.0,0.0,0.0,0.0,3.0,0.0,15,1,4,41.952633283,-87.797421163,POINT (-87.797421163037 41.952633283396),POINT (1130025.966405099 1925785.205627495),2024,6829 W IRVING PARK RD
O1750057,PEDESTRIAN,1b9b267d6f4e746140c50bb415b2f30084c27ab90ad3479e488f3aa5c3fbd1ddd42a32699bcb095b521bd957ee6c8ca6ba7b0eabedf1f4584281bafea21fbce9,,F,11.0,,,NONINCAPACITATING INJURY,NONE,NOT OBSCURED,NORMAL,NO ACTION,NO CONTRASTING CLOTHING,IN ROADWAY,,2024-01-29 08:13:00,30,CLEAR,DAYLIGHT,SIDESWIPE SAME DIRECTION,NOT DIVIDED,DRY,NO DEFECTS,NOT ON SCENE (DESK REPORT),INJURY AND / OR TOW DUE TO CRASH,,"$501 - $1,500",01/29/2024 01:20:00 PM,UNABLE TO DETERMINE,UNABLE TO DETERMINE,,3,NONINCAPACITATING INJURY,1.0,0.0,0.0,1.0,0.0,2.0,0.0,8,2,1,41.827705168,-87.608471724,POINT (-87.608471724358 41.827705167941),POINT (1181807.8146473547 1880639.4494057382),2024,707 E 37TH ST
O1854742,DRIVER,c6146ce5778bc991c7e165319cd8ff122fdcd3729b440c267f7731396359f23b894590126169eab7132e5b0bb1a61eb19a8d632cbe56283e8f8ceda7ddb0e886,1766877.0,M,84.0,DID NOT DEPLOY,NONE,NO INDICATION OF INJURY,NONE,NOT OBSCURED,NORMAL,,,,,2024-07-02 10:15:00,20,CLEAR,DAYLIGHT,REAR END,DIVIDED - W/MEDIAN (NOT RAISED),DRY,NO DEFECTS,NOT ON SCENE (DESK REPORT),NO INJURY / DRIVE AWAY,,"OVER $1,500",07/02/2024 11:15:00 AM,UNABLE TO DETERMINE,UNABLE TO DETERMINE,,2,NO INDICATION OF INJURY,0.0,0.0,0.0,0.0,0.0,2.0,0.0,10,3,7,41.706695078,-87.66919222,POINT (-87.669192220198 41.706695078319),POINT (1165599.1048787741 1836410.5803532093),2024,1900 W 103RD ST
O1890565,DRIVER,d32a94a690ca8f7d751a790c79ffdfbbb95833bae5e1ff7663d7a652bf183b3ec675398cfa2b2878b154018212c22c69524a67bdd6a15f7896ebf12403535be2,1801091.0,F,17.0,DID NOT DEPLOY,NONE,NO INDICATION OF INJURY,FOLLOWED TOO CLOSELY,UNKNOWN,NORMAL,,,,,2024-08-23 18:00:00,30,CLEAR,DAYLIGHT,REAR END,NOT DIVIDED,DRY,NO DEFECTS,ON SCENE,INJURY AND / OR TOW DUE TO CRASH,,"OVER $1,500",08/23/2024 06:19:00 PM,FOLLOWING TOO CLOSELY,UNABLE TO DETERMINE,,2,NO INDICATION OF INJURY,0.0,0.0,0.0,0.0,0.0,2.0,0.0,18,6,8,41.706426475,-87.672196785,POINT (-87.672196784669 41.706426474595),POINT (1164779.4314128514 1836306.391303053),2024,2003 W 103RD ST
O1845073,DRIVER,18151c5caf66cb134458898daa501973b8abb63fc0f09cd937c3b638973dd88d6281bc69e903dc8b207a35b9cd77129906f36f0faf4183d43e54fd30f56b134b,1757586.0,M,64.0,DID NOT DEPLOY,NONE,NO INDICATION OF INJURY,FAILED TO YIELD,NOT OBSCURED,NORMAL,,,,,2024-06-18 10:00:00,30,CLEAR,DAYLIGHT,ANGLE,DIVIDED - W/MEDIAN (NOT RAISED),DRY,NO DEFECTS,ON SCENE,INJURY AND / OR TOW DUE TO CRASH,,"OVER $1,500",06/18/2024 10:10:00 AM,FAILING TO YIELD RIGHT-OF-WAY,NOT APPLICABLE,,2,NO INDICATION OF INJURY,0.0,0.0,0.0,0.0,0.0,2.0,0.0,10,3,6,41.953707042,-87.688605087,POINT (-87.688605087001 41.953707041529),POINT (1159622.7144333653 1926380.3690201803),2024,3950 N WESTERN AVE
O1905650,DRIVER,3920196d9d0023af110cc2c1ea7989d489629df8cc4ad2d92c20d171ffd96e9e4a6a8d2d0ad9a71537c12fb8920f9111a60a22c26a4343bb1f23d0669f535fc6,1816564.0,M,36.0,DID NOT DEPLOY,NONE,NO INDICATION OF INJURY,FAILED TO YIELD,MOVING VEHICLES,NORMAL,,,,,2024-09-13 07:10:00,30,CLEAR,DAYLIGHT,TURNING,NOT DIVIDED,DRY,NO DEFECTS,NOT ON SCENE (DESK REPORT),NO INJURY / DRIVE AWAY,,"OVER $1,500",09/13/2024 04:30:00 PM,FAILING TO YIELD RIGHT-OF-WAY,UNABLE TO DETERMINE,,2,NO INDICATION OF INJURY,0.0,0.0,0.0,0.0,0.0,2.0,0.0,7,6,9,41.954056714,-87.688614472,POINT (-87.688614471985 41.954056713542),POINT (1159619.203021942 1926507.7714782194),2024,4000 N WESTERN AVE
O1832182,DRIVER,4a8b8e1e4508965a124b6630aeab3543196afdb1e0ba81d88264fe38bda411d124559371791ac3a66a3b5a464f7fa9e66fad6acdd667cc1ec141fa0688a332e0,1745262.0,X,,DEPLOYMENT UNKNOWN,UNKNOWN,NO INDICATION OF INJURY,IMPROPER PASSING,UNKNOWN,UNKNOWN,,,,,2024-06-01 12:15:00,30,RAIN,DAYLIGHT,PARKED MOTOR VEHICLE,NOT DIVIDED,WET,UNKNOWN,NOT ON SCENE (DESK REPORT),NO INJURY / DRIVE AWAY,Y,"OVER $1,500",06/01/2024 01:30:00 PM,UNABLE TO DETERMINE,UNABLE TO DETERMINE,,2,NO INDICATION OF INJURY,0.0,0.0,0.0,0.0,0.0,2.0,0.0,12,7,6,41.932510334,-87.644703312,POINT (-87.644703311944 41.932510333926),POINT (1171626.562513301 1918749.1216337192),2024,2743 N CLARK ST
O1945379,DRIVER,208fa6ca30e06e17bd0f1fe68f693d5eb467e4b4f40bff8c1d66e49da821a613e85ef42ebaf3410ebe7f612fb05ce2def2bbced7d56a6933ebd0e8c8c65deb16,1853298.0,F,44.0,DID NOT DEPLOY,NONE,NONINCAPACITATING INJURY,NONE,NOT OBSCURED,NORMAL,,,,,2024-11-08 15:20:00,30,CLEAR,DAYLIGHT,REAR END,NOT DIVIDED,DRY,NO DEFECTS,NOT ON SCENE (DESK REPORT),INJURY AND / OR TOW DUE TO CRASH,,"$501 - $1,500",11/08/2024 05:09:00 PM,FOLLOWING TOO CLOSELY,NOT APPLICABLE,,2,NONINCAPACITATING INJURY,2.0,0.0,0.0,2.0,0.0,2.0,0.0,15,6,11,41.787946971,-87.703826305,POINT (-87.703826304898 41.787946970911),POINT (1155925.3363624308 1865946.9444298944),2024,3209 W 58TH ST
O1833484,DRIVER,26142b9a4c8414739fa99f20dc1de96b24644ec9b0a3257f97fe4bf1702bf6be3fb66faaee4d25ce7a07d1c2c33d41eb67962028c294cb24704c37f893f6a9eb,1746520.0,M,22.0,NOT APPLICABLE,NONE,NO INDICATION OF INJURY,NONE,NOT OBSCURED,NORMAL,,,,,2024-06-02 01:00:00,30,CLEAR,"DARKNESS, LIGHTED ROAD",REAR END,ONE-WAY,WET,NO DEFECTS,NOT ON SCENE (DESK REPORT),NO INJURY / DRIVE AWAY,,"OVER $1,500",06/02/2024 12:00:00 PM,IMPROPER LANE USAGE,IMPROPER LANE USAGE,,2,NO INDICATION OF INJURY,0.0,0.0,0.0,0.0,0.0,2.0,0.0,1,1,6,41.689497823,-87.661953077,POINT (-87.661953077006 41.689497822795),POINT (1167624.6697466448 1830159.4431328299),2024,11226 S MARSHFIELD AVE
P426385,PASSENGER,fd037876bb4a7b56d3ba36f9b99acb288e782057436fe95bc9e3028cc236e52988d9cfd3258ec6e0a8454fc266cc7576877c7f091a939820a7c7caab36a3d9f8,1835930.0,F,,NOT APPLICABLE,NONE,NO INDICATION OF INJURY,,,,,,,,2024-10-13 17:25:00,30,CLEAR,DAWN,TURNING,ONE-WAY,DRY,NO DEFECTS,NOT ON SCENE (DESK REPORT),NO INJURY / DRIVE AWAY,Y,"OVER $1,500",10/13/2024 05:33:00 PM,UNABLE TO DETERMINE,UNABLE TO DETERMINE,,2,NO INDICATION OF INJURY,0.0,0.0,0.0,0.0,0.0,3.0,0.0,17,1,10,41.725159097,-87.625302124,POINT (-87.625302123721 41.7251590968),POINT (1177528.3911151642 1843234.1489776126),2024,9304 S LAFAYETTE AVE
O1753965,DRIVER,722bc82f66c15865a2f9ba1a8c6f27992f20f82f2a66ec957aa96127a53f0cbe4f5e3c1bcd5c2b4e8ef793e0784354d12f6e58ee9591f01cce089fd5ad15b9f1,1669992.0,F,46.0,DID NOT DEPLOY,NONE,NO INDICATION OF INJURY,UNKNOWN,NOT OBSCURED,UNKNOWN,,,,,2024-02-05 09:10:00,15,CLEAR,DAYLIGHT,FIXED OBJECT,ALLEY,DRY,NO DEFECTS,ON SCENE,NO INJURY / DRIVE AWAY,,"OVER $1,500",02/05/2024 09:48:00 AM,FAILING TO REDUCE SPEED TO AVOID CRASH,FAILING TO REDUCE SPEED TO AVOID CRASH,,1,NO INDICATION OF INJURY,0.0,0.0,0.0,0.0,0.0,1.0,0.0,9,2,2,41.827286236,-87.640409882,POINT (-87.640409881873 41.827286235971),POINT (1173104.3939692883 1880414.965368302),2024,542 W 37TH ST
O1883160,DRIVER,fc34da6da7471e183e0717a88c838023b5e33a69f124a51862168a4c5ab067d43f2f3ce8bb45939c09f737b2722e647a172848e68754acf7ed8d35cfda3bc580,1793992.0,M,,DEPLOYMENT UNKNOWN,NONE,NO INDICATION OF INJURY,FAILED TO YIELD,UNKNOWN,UNKNOWN,,,,,2024-08-12 15:05:00,15,CLEAR,DAYLIGHT,PARKED MOTOR VEHICLE,PARKING LOT,DRY,UNKNOWN,ON SCENE,NO INJURY / DRIVE AWAY,Y,"$501 - $1,500",08/12/2024 04:41:00 PM,UNABLE TO DETERMINE,UNABLE TO DETERMINE,,4,NO INDICATION OF INJURY,0.0,0.0,0.0,0.0,0.0,1.0,0.0,15,2,8,41.999307593,-87.677610464,POINT (-87.677610464241 41.99930759346),POINT (1162486.1797959572 1943020.1237255044),2024,6450 N RIDGE BLVD
O1894683,DRIVER,428d10e8a31abcdee4f53e98b7dad2da752907439efaacfee541167cafe82cf309984662a51506650095a09a5b2ff85eb477db6f5b2b8593db8306adc0df2229,1805006.0,M,69.0,DID NOT DEPLOY,NONE,NO INDICATION OF INJURY,FAILED TO YIELD,NOT OBSCURED,NORMAL,,,,,2024-08-28 12:00:00,10,CLEAR,DAYLIGHT,TURNING,PARKING LOT,DRY,UNKNOWN,NOT ON SCENE (DESK REPORT),NO INJURY / DRIVE AWAY,,"OVER $1,500",08/29/2024 12:00:00 PM,FAILING TO YIELD RIGHT-OF-WAY,NOT APPLICABLE,,2,NO INDICATION OF INJURY,0.0,0.0,0.0,0.0,0.0,2.0,0.0,12,4,8,41.738369891,-87.605018997,POINT (-87.605018996828 41.738369891427),POINT (1183024.580102556 1848094.2262622819),2024,8600 S COTTAGE GROVE AVE
P385103,PASSENGER,f40301c025438bf3e99d6d7d536141483d7e027535e63da415319ab283a5127e7c7b8c2c7f0739a2f5fe32eabbf0c8dfa67b4e4d88bf56336d6cbba03d88b1ee,1657887.0,,,NOT APPLICABLE,NONE,NO INDICATION OF INJURY,,,,,,,,2024-01-15 18:12:00,20,CLEAR,"DARKNESS, LIGHTED ROAD",PARKED MOTOR VEHICLE,ONE-WAY,SNOW OR SLUSH,OTHER,ON SCENE,NO INJURY / DRIVE AWAY,Y,$500 OR LESS,01/15/2024 06:21:00 PM,UNABLE TO DETERMINE,NOT APPLICABLE,,2,NO INDICATION OF INJURY,0.0,0.0,0.0,0.0,0.0,3.0,0.0,18,2,1,41.85023527,-87.691987328,POINT (-87.69198732849 41.850235270099),POINT (1158984.5911719764 1888668.3433264752),2024,2636 W 23RD ST
P415594,PASSENGER,b5a9463f0b7c9a12358a797e4165d66d1c0ece91cf6fc940941b8cdbd5d30b1ac68459468dc211216f299751c75d50a059d537e0e4e98015f038c4304a143a7a,1789344.0,F,35.0,NOT APPLICABLE,NONE,NO INDICATION OF INJURY,,,,,,,,2024-08-03 23:38:00,30,CLEAR,"DARKNESS, LIGHTED ROAD",REAR END,DIVIDED - W/MEDIAN (NOT RAISED),DRY,NO DEFECTS,NOT ON SCENE (DESK REPORT),NO INJURY / DRIVE AWAY,,"$501 - $1,500",08/05/2024 01:20:00 PM,FOLLOWING TOO CLOSELY,FOLLOWING TOO CLOSELY,,2,NO INDICATION OF INJURY,0.0,0.0,0.0,0.0,0.0,3.0,0.0,23,7,8,41.870460774,-87.720406945,POINT (-87.720406944877 41.870460773957),POINT (1151189.023623969 1895981.9142410462),2024,808 S INDEPENDENCE BLVD
O1875472,DRIVER,5dfde99b07553889f6c22bd5ac8fb61cd1c905472e2fc966f8dd1655887357b12fed1a1f2849a731b42402e099e43f55ac2c9294c84c200ca05c3d0db58d3fe8,1786656.0,M,24.0,DID NOT DEPLOY,NONE,NO INDICATION OF INJURY,UNKNOWN,OTHER,NORMAL,,,,,2024-08-01 13:15:00,25,CLEAR,DAYLIGHT,TURNING,NOT DIVIDED,DRY,UNKNOWN,NOT ON SCENE (DESK REPORT),NO INJURY / DRIVE AWAY,Y,$500 OR LESS,08/01/2024 02:20:00 PM,UNABLE TO DETERMINE,UNABLE TO DETERMINE,,2,NO INDICATION OF INJURY,0.0,0.0,0.0,0.0,0.0,2.0,0.0,13,5,8,42.011433313,-87.667020759,POINT (-87.667020758787 42.011433312526),POINT (1165330.2588807603 1947461.0396701265),2024,1425 W ESTES AVE
O1872536,DRIVER,cfba3a7978f74d3fbc481f98d60d876d855f5424dc4031187e4f50f15cdb45f0743f34c9b5b5960a1f9647bbd990f71c1be2fd9d484ffef5c058a92d4774279d,1783856.0,M,45.0,DEPLOYMENT UNKNOWN,NONE,NO INDICATION OF INJURY,NONE,UNKNOWN,NORMAL,,,,,2024-07-28 05:50:00,30,CLEAR,DAYLIGHT,REAR END,DIVIDED - W/MEDIAN (NOT RAISED),DRY,NO DEFECTS,ON SCENE,INJURY AND / OR TOW DUE TO CRASH,,"OVER $1,500",07/28/2024 05:55:00 AM,NOT APPLICABLE,NOT APPLICABLE,,2,NO INDICATION OF INJURY,0.0,0.0,0.0,0.0,0.0,2.0,0.0,5,1,7,41.938875691,-87.751626753,POINT (-87.751626753383 41.9388756913),POINT (1142516.7847295515 1920853.1279047723),2024,4956 W BELMONT AVE
O1833205,DRIVER,95f413a85104ebb46e783a84ccd31cb089d932ddfee92e4ea53d589d0100a5ff24c44c18e84cb61cd4d221d1c8b450dfc097a5c5e7ff957a1e3df7f479ce9ab6,1746241.0,M,70.0,DID NOT DEPLOY,NONE,NO INDICATION OF INJURY,UNKNOWN,NOT OBSCURED,NORMAL,,,,,2024-06-02 17:00:00,15,CLEAR,DAYLIGHT,REAR TO FRONT,OTHER,UNKNOWN,UNKNOWN,NOT ON SCENE (DESK REPORT),NO INJURY / DRIVE AWAY,,"OVER $1,500",06/02/2024 05:40:00 PM,UNABLE TO DETERMINE,UNABLE TO DETERMINE,,2,NO INDICATION OF INJURY,0.0,0.0,0.0,0.0,0.0,2.0,0.0,17,1,6,41.766501374,-87.606670989,POINT (-87.606670989463 41.766501374296),POINT (1182487.1297153921 1858341.2862660112),2024,7068 S SOUTH CHICAGO AVE
P431032,PASSENGER,60afe29f260df30d9d2aca805b5065bbc11bfe0ff54c8ce3f2bd0cf205b1f14900b0b92d1f525153906ae0fc18827d38f3baecd9724735a3d0ca5f93936e65d8,1857007.0,M,,NOT APPLICABLE,NONE,NO INDICATION OF INJURY,,,,,,,,2024-11-14 14:04:00,30,RAIN,DUSK,REAR END,FOUR WAY,WET,NO DEFECTS,ON SCENE,NO INJURY / DRIVE AWAY,,"OVER $1,500",11/14/2024 02:04:00 PM,FAILING TO REDUCE SPEED TO AVOID CRASH,FAILING TO REDUCE SPEED TO AVOID CRASH,,2,NO INDICATION OF INJURY,0.0,0.0,0.0,0.0,0.0,7.0,0.0,14,5,11,41.96920155,-87.654708448,POINT (-87.654708447748 41.9692015505),POINT (1168798.2771998416 1932097.8201012744),2024,998 W LAWRENCE AVE
P395942,PASSENGER,3147678973c1d6eb484a62a3680a4b440dd76397373bf84c71697a434e1c03b4d6c38b1fea8c9dc13aaa3e8481e532a26ad3ebe7a3becda0476bf41ba76972a9,1707151.0,M,20.0,NOT APPLICABLE,NONE,NO INDICATION OF INJURY,,,,,,,,2024-04-07 10:41:00,20,RAIN,DAYLIGHT,ANGLE,OTHER,WET,NO DEFECTS,ON SCENE,NO INJURY / DRIVE AWAY,,"$501 - $1,500",04/07/2024 10:45:00 AM,UNABLE TO DETERMINE,UNABLE TO DETERMINE,,2,NO INDICATION OF INJURY,0.0,0.0,0.0,0.0,0.0,7.0,0.0,10,1,4,41.968319028,-87.710980425,POINT (-87.710980424887 41.968319028062),POINT (1153497.6932178475 1931660.037109477),2024,3301 W LAWRENCE AVE
P404752,PASSENGER,69c235ab8a2655608390796b83975cead84eb79ec1f9fa22ff174d4be7eb84737f92fd6bf96f82e0095bc8d044f21887a228a2d73d35b2819538d661a1ac0ff4,1743824.0,M,,DID NOT DEPLOY,NONE,NO INDICATION OF INJURY,,,,,,,,2024-05-30 15:10:00,30,CLEAR,DAYLIGHT,TURNING,NOT DIVIDED,DRY,NO DEFECTS,NOT ON SCENE (DESK REPORT),NO INJURY / DRIVE AWAY,,"$501 - $1,500",05/30/2024 04:25:00 PM,IMPROPER TURNING/NO SIGNAL,NOT APPLICABLE,,2,NO INDICATION OF INJURY,0.0,0.0,0.0,0.0,0.0,4.0,0.0,15,5,5,41.799877879,-87.739421463,POINT (-87.739421463022 41.799877878563),POINT (1146187.965027484 1870225.417700072),2024,5114 S KNOX AVE
P408054,PASSENGER,ab81677df233b789690a748fbbcd1a98f90c7d14f47016974fd8c74bf68f44fb7d899da76d37c535834fb1eca1d893680680c04cfcf674303ecabbc2f140e7d7,1757348.0,F,19.0,DID NOT DEPLOY,NONE,NO INDICATION OF INJURY,,,,,,,,2024-06-17 19:40:00,30,CLEAR,DUSK,ANGLE,FOUR WAY,DRY,NO DEFECTS,ON SCENE,INJURY AND / OR TOW DUE TO CRASH,,"OVER $1,500",06/17/2024 07:41:00 PM,UNABLE TO DETERMINE,NOT APPLICABLE,,2,"REPORTED, NOT EVIDENT",1.0,0.0,0.0,0.0,1.0,2.0,0.0,19,2,6,41.898711305,-87.752165143,POINT (-87.752165143027 41.898711304856),POINT (1142469.4865944313 1906216.2038913618),2024,1000 N LAWLER AVE