PERSON_ID,PERSON_TYPE,CRASH_RECORD_ID,VEHICLE_ID,SEX,AGE,AIRBAG_DEPLOYED,EJECTION,INJURY_CLASSIFICATION,DRIVER_ACTION,DRIVER_VISION,PHYSICAL_CONDITION,PEDPEDAL_ACTION,PEDPEDAL_VISIBILITY,PEDPEDAL_LOCATION,CRASH_DATE_EST_I,CRASH_DATE,POSTED_SPEED_LIMIT,WEATHER_CONDITION,LIGHTING_CONDITION,FIRST_CRASH_TYPE,TRAFFICWAY_TYPE,ROADWAY_SURFACE_COND,ROAD_DEFECT,REPORT_TYPE,CRASH_TYPE,HIT_AND_RUN_I,DAMAGE,DATE_POLICE_NOTIFIED,PRIM_CONTRIBUTORY_CAUSE,SEC_CONTRIBUTORY_CAUSE,DOORING_I,NUM_UNITS,MOST_SEVERE_INJURY,INJURIES_TOTAL,INJURIES_FATAL,INJURIES_INCAPACITATING,INJURIES_NON_INCAPACITATING,INJURIES_REPORTED_NOT_EVIDENT,INJURIES_NO_INDICATION,INJURIES_UNKNOWN,CRASH_HOUR,CRASH_DAY_OF_WEEK,CRASH_MONTH,LATITUDE,LONGITUDE,LOCATION,geometry,YEAR,ADDRESS
O1734525,DRIVER,99ebc907f2486de3371fef3b90e23bc9d0e5afcefad97b35fa2395f33107b2482ec4c96c1a548b1d856db79da543d0307626434a201b90f20c3b8a79b97fb6a2,1651276.0,X,,DEPLOYMENT UNKNOWN,NONE,NO INDICATION OF INJURY,UNKNOWN,UNKNOWN,UNKNOWN,,,,,2024-01-03 01:00:00,15,CLEAR,"DARKNESS, LIGHTED ROAD",PARKED MOTOR VEHICLE,NOT DIVIDED,DRY,NO DEFECTS,NOT ON SCENE (DESK REPORT),NO INJURY / DRIVE AWAY,Y,"$501 - $1,500",01/03/2024 09:05:00 AM,UNABLE TO DETERMINE,NOT APPLICABLE,,2,NO INDICATION OF INJURY,0.0,0.0,0.0,0.0,0.0,1.0,0.0,1,4,1,41.786419351,-87.641116127,POINT (-87.641116126803 41.786419351066),POINT (1173031.8477204 1865521.7441793585),2024,5921 S LOWE AVE
O1930445,DRIVER,06454618a16a5bef0e8968514851cf6ea73554e251a2877bf4a2fb18e09ea4f72c60a2cce1367591ebc9ee586a27f487834dab77a7a3cc1ee65c33b0a04d7b19,1839719.0,F,37.0,DID NOT DEPLOY,NONE,NO INDICATION OF INJURY,NONE,NOT OBSCURED,NORMAL,,,,,2024-10-17 16:00:00,25,CLEAR,DAYLIGHT,REAR END,ONE-WAY,DRY,NO DEFECTS,ON SCENE,NO INJURY / DRIVE AWAY,,"$501 - $1,500",10/18/2024 12:00:00 PM,UNABLE TO DETERMINE,NOT APPLICABLE,,2,NO INDICATION OF INJURY,0.0,0.0,0.0,0.0,0.0,2.0,0.0,16,5,10,41.857564071,-87.639078911,POINT (-87.639078910579 41.857564070819),POINT (1173377.9623967502 1891451.0396184605),2024,1800 S CANAL ST
O1850769,DRIVER,3bac47a595ac5a22729edcb78be0dd4527cdf9ade4f8ffbaf371495a180c8970042a6abfe976301db03fe11ebf8dadad9d0a8b40fbc9df3cf66bc95beccd3d39,1763068.0,M,,NOT APPLICABLE,NONE,NO INDICATION OF INJURY,UNKNOWN,UNKNOWN,UNKNOWN,,,,,2024-06-26 12:30:00,30,CLEAR,DAYLIGHT,REAR END,NOT DIVIDED,UNKNOWN,UNKNOWN,NOT ON SCENE (DESK REPORT),NO INJURY / DRIVE AWAY,,"OVER $1,500",06/26/2024 01:20:00 PM,UNABLE TO DETERMINE,UNABLE TO DETERMINE,,2,NO INDICATION OF INJURY,0.0,0.0,0.0,0.0,0.0,2.0,0.0,12,4,6,41.997246988,-87.711199606,POINT (-87.711199605532 41.997246988166),POINT (1153361.5193701796 1942201.098264171),2024,3245 W DEVON AVE
O1842704,DRIVER,fc22a5b0f9fd8cbbf990ef540fa2cc927bcee709cef14f72d07c2c71a9bc335b28604b5c6ac48012a3a2df87bd6086eabec0984463ca5042a07a33869f188bea,1755338.0,M,44.0,DID NOT DEPLOY,NONE,NO INDICATION OF INJURY,NONE,NOT OBSCURED,NORMAL,,,,,2024-06-15 04:45:00,15,CLEAR,DAWN,HEAD ON,OTHER,"SAND, MUD, DIRT",NO DEFECTS,ON SCENE,INJURY AND / OR TOW DUE TO CRASH,Y,"OVER $1,500",06/15/2024 04:49:00 AM,"OPERATING VEHICLE IN ERRATIC, RECKLESS, CARELESS, NEGLIGENT OR AGGRESSIVE MANNER",UNABLE TO DETERMINE,,3,NO INDICATION OF INJURY,0.0,0.0,0.0,0.0,0.0,4.0,0.0,4,7,6,41.89379723,-87.702004213,POINT (-87.702004213035 41.893797229945),POINT (1156138.7282235005 1904522.016591635),2024,701 N SACRAMENTO BLVD
O1831911,DRIVER,4f21ecc0e96b74521086b7aae5e37e1e60fd41e69bf164657eff885ad03e40233b0c14305cf92d952dc0f112b5226c8f9cece6ecd610382d7f6619995797266a,1745010.0,M,,"DEPLOYED, FRONT",NONE,NO INDICATION OF INJURY,NONE,UNKNOWN,NORMAL,,,,,2024-06-01 01:50:00,30,CLEAR,"DARKNESS, LIGHTED ROAD",ANGLE,FOUR WAY,DRY,NO DEFECTS,ON SCENE,INJURY AND / OR TOW DUE TO CRASH,,"OVER $1,500",06/01/2024 01:50:00 AM,UNDER THE INFLUENCE OF ALCOHOL/DRUGS (USE WHEN ARREST IS EFFECTED),DISREGARDING STOP SIGN,,2,NO INDICATION OF INJURY,0.0,0.0,0.0,0.0,0.0,4.0,0.0,1,7,6,41.859559782,-87.66634385,POINT (-87.666343850368 41.859559781969),POINT (1165944.7923638606 1892119.3934252283),2024,1600 S ASHLAND AVE
O1874675,DRIVER,84998713e750e9bb8d2cb4d1d8d516860d1e0d30516c71387bd0449ad0f29147a2dcef09037aebe2cadb105cf7e21e771c3999a36a9dd1a38a7fce69292ddcd5,1785901.0,M,25.0,DID NOT DEPLOY,NONE,"REPORTED, NOT EVIDENT",NONE,NOT OBSCURED,NORMAL,,,,,2024-07-31 13:25:00,30,CLEAR,DAYLIGHT,REAR END,DIVIDED - W/MEDIAN (NOT RAISED),DRY,NO DEFECTS,NOT ON SCENE (DESK REPORT),INJURY AND / OR TOW DUE TO CRASH,Y,"OVER $1,500",07/31/2024 02:30:00 PM,UNABLE TO DETERMINE,UNABLE TO DETERMINE,,2,"REPORTED, NOT EVIDENT",1.0,0.0,0.0,0.0,1.0,1.0,0.0,13,4,7,41.94967699,-87.747039746,POINT (-87.74703974644 41.949676990093),POINT (1143737.8692804782 1924797.6484148079),2024,3757 N CICERO AVE
O1879575,DRIVER,da7c7008ef3cbf837a62a55eb586ec8485527fbbf6856e8808ca06ad68cadf55d3159c3e94b42d2a2075336d89f5cc6985cdeb0f7f4d04b08881b75bbdf938c3,1790592.0,F,43.0,"DEPLOYED, COMBINATION",NONE,"REPORTED, NOT EVIDENT",UNKNOWN,UNKNOWN,NORMAL,,,,,2024-08-07 13:35:00,30,CLEAR,DAYLIGHT,SIDESWIPE SAME DIRECTION,NOT DIVIDED,DRY,NO DEFECTS,ON SCENE,INJURY AND / OR TOW DUE TO CRASH,,"OVER $1,500",08/07/2024 01:37:00 PM,FAILING TO YIELD RIGHT-OF-WAY,NOT APPLICABLE,,4,"REPORTED, NOT EVIDENT",1.0,0.0,0.0,0.0,1.0,3.0,0.0,13,4,8,41.983559426,-87.657382024,POINT (-87.657382024073 41.983559425774),POINT (1168029.9236026865 1937324.154457113),2024,1055 W BRYN MAWR AVE
O1918416,DRIVER,667e0c93315c4966c9e87ad6cf8400ff163e4412c787771f3f28b423fd72bd1e6da602b2759664a76ca6496bee3530dd1543567e745bccd32634eb3cd8df4a8c,1827619.0,M,65.0,DID NOT DEPLOY,NONE,NO INDICATION OF INJURY,IMPROPER PASSING,NOT OBSCURED,NORMAL,,,,Y,2024-09-29 15:00:00,30,CLEAR,DAYLIGHT,PARKED MOTOR VEHICLE,ONE-WAY,DRY,NO DEFECTS,NOT ON SCENE (DESK REPORT),NO INJURY / DRIVE AWAY,,$500 OR LESS,10/01/2024 08:40:00 AM,IMPROPER OVERTAKING/PASSING,NOT APPLICABLE,,2,NO INDICATION OF INJURY,0.0,0.0,0.0,0.0,0.0,1.0,0.0,15,1,9,41.922070332,-87.743662036,POINT (-87.743662036271 41.922070332385),POINT (1144725.8960763807 1914744.035148227),2024,2249 N KILPATRICK AVE
O1869786,DRIVER,6696eea2809c1d13b3ba3f1ac91b45bf6aae8c1e8954aa68858acfdf2b636dd389a0eb03bf4068390b3267434b10170e08746d15531c70aa7f5e301f1bf12f0e,1781211.0,F,38.0,DEPLOYMENT UNKNOWN,UNKNOWN,NO INDICATION OF INJURY,NONE,NOT OBSCURED,NORMAL,,,,,2024-07-24 07:10:00,30,CLEAR,DAWN,REAR END,NOT DIVIDED,DRY,NO DEFECTS,NOT ON SCENE (DESK REPORT),NO INJURY / DRIVE AWAY,,"OVER $1,500",07/24/2024 07:15:00 AM,DISTRACTION - FROM OUTSIDE VEHICLE,FOLLOWING TOO CLOSELY,,2,NO INDICATION OF INJURY,0.0,0.0,0.0,0.0,0.0,2.0,0.0,7,4,7,41.992389958,-87.787412504,POINT (-87.787412503807 41.992389957978),POINT (1132656.1579412401 1940289.8739634866),2024,6135 N NAGLE AVE
O1950738,DRIVER,34719c249481887728df4d8aabd22dd27416dd20f6b5af7af32e7b6f4d066a8a9bfc4cf8246985bb1bbe8ab70a5dde246c4059a05851f2403e111f102ed0c426,1858426.0,M,33.0,DID NOT DEPLOY,NONE,NO INDICATION OF INJURY,NONE,UNKNOWN,UNKNOWN,,,,Y,2024-11-16 14:15:00,30,UNKNOWN,DAYLIGHT,ANGLE,FOUR WAY,UNKNOWN,UNKNOWN,NOT ON SCENE (DESK REPORT),NO INJURY / DRIVE AWAY,,"$501 - $1,500",11/16/2024 05:50:00 PM,DISREGARDING STOP SIGN,NOT APPLICABLE,,2,NO INDICATION OF INJURY,0.0,0.0,0.0,0.0,0.0,2.0,0.0,14,7,11,41.919158055,-87.716976132,POINT (-87.716976132473 41.91915805516),POINT (1151995.979778728 1913733.8673567036),2024,2100 N CENTRAL PARK AVE
O1785505,DRIVER,c84506b7427a133e93c1b1246b2186eee0fd3de9e5f1b580840a5610054392857de7a1d8d36103e27fff434e3d42abbcb96369abc5bdedd9466dc8089dbf5f5b,1700373.0,M,75.0,DEPLOYMENT UNKNOWN,UNKNOWN,NO INDICATION OF INJURY,UNKNOWN,UNKNOWN,UNKNOWN,,,,,2024-03-21 14:35:00,30,UNKNOWN,UNKNOWN,PARKED MOTOR VEHICLE,NOT DIVIDED,UNKNOWN,UNKNOWN,NOT ON SCENE (DESK REPORT),NO INJURY / DRIVE AWAY,N,"OVER $1,500",03/27/2024 12:30:00 PM,UNABLE TO DETERMINE,UNABLE TO DETERMINE,,2,NO INDICATION OF INJURY,0.0,0.0,0.0,0.0,0.0,1.0,0.0,14,5,3,41.823635998,-87.640821118,POINT (-87.640821117877 41.823635998196),POINT (1173003.0336546535 1879083.9306676723),2024,554 W PERSHING RD
O1911134,DRIVER,0a85faad345ba270cba1c359b13541636e602f76c6a6c1fab3cc00d9781f03a2ca4fe4deb522bfffafaea84c932d3876e72c0bbe6bda86520c2727ba0d5b2ff8,1820687.0,X,,DEPLOYMENT UNKNOWN,UNKNOWN,NO INDICATION OF INJURY,FOLLOWED TOO CLOSELY,UNKNOWN,UNKNOWN,,,,,2024-09-20 15:40:00,30,CLEAR,DAYLIGHT,TURNING,FOUR WAY,DRY,WORN SURFACE,NOT ON SCENE (DESK REPORT),NO INJURY / DRIVE AWAY,Y,"OVER $1,500",09/20/2024 05:50:00 PM,FOLLOWING TOO CLOSELY,FAILING TO REDUCE SPEED TO AVOID CRASH,,2,NO INDICATION OF INJURY,0.0,0.0,0.0,0.0,0.0,2.0,0.0,15,6,9,41.735785266,-87.64375883,POINT (-87.643758829628 41.735785266472),POINT (1172459.0292408918 1847065.3155898286),2024,8700 S HALSTED ST
O1907550,DRIVER,de559614232821fffd19bdcef57d683e5ad81af386ba1679c0432822a04b7bffdf13bc2368d53c54c4883f80d95bfc48c9b20ab8bf0ec59c77884727b3f06656,1817248.0,F,49.0,DID NOT DEPLOY,NONE,NO INDICATION OF INJURY,FAILED TO YIELD,UNKNOWN,UNKNOWN,,,,,2024-09-16 07:00:00,30,CLEAR,DAYLIGHT,SIDESWIPE OPPOSITE DIRECTION,NOT DIVIDED,DRY,NO DEFECTS,NOT ON SCENE (DESK REPORT),NO INJURY / DRIVE AWAY,,"OVER $1,500",09/16/2024 08:00:00 AM,UNABLE TO DETERMINE,UNABLE TO DETERMINE,,2,NO INDICATION OF INJURY,0.0,0.0,0.0,0.0,0.0,2.0,0.0,7,2,9,41.945233809,-87.671732621,POINT (-87.671732621196 41.945233808572),POINT (1164236.0551343388 1923327.6743938117),2024,1710 W CORNELIA AVE
O1940594,DRIVER,fd518b558812d5b25d216392d6588aba3111b760a70c51ff8ac84ba47c0200147c8203960f77c3d86304990873fee51dc22cb7f9a70135de0534dcbaa9d58db2,1848749.0,F,37.0,DID NOT DEPLOY,NONE,NO INDICATION OF INJURY,NONE,UNKNOWN,NORMAL,,,,,2024-11-01 13:54:00,30,CLEAR,DAYLIGHT,REAR END,NOT DIVIDED,DRY,NO DEFECTS,ON SCENE,INJURY AND / OR TOW DUE TO CRASH,Y,"OVER $1,500",11/01/2024 02:55:00 PM,PHYSICAL CONDITION OF DRIVER,HAD BEEN DRINKING (USE WHEN ARREST IS NOT MADE),,2,NO INDICATION OF INJURY,0.0,0.0,0.0,0.0,0.0,2.0,0.0,13,6,11,41.99017011,-87.658043438,POINT (-87.658043438405 41.990170110147),POINT (1167831.101005383 1939731.706967538),2024,1080 W THORNDALE AVE
O1844891,DRIVER,8493ed2b814a30064101c04a143950759a9f311c5ade7529363f2adcb57d09fc65979ed13cd4ae73178d7d8d6ce534d213c059d4a0edb4510a9718143b357b4f,1757410.0,F,30.0,NOT APPLICABLE,NONE,NO INDICATION OF INJURY,UNKNOWN,UNKNOWN,UNKNOWN,,,,,2024-06-18 00:06:00,20,CLEAR,"DARKNESS, LIGHTED ROAD",ANGLE,NOT DIVIDED,DRY,UNKNOWN,ON SCENE,NO INJURY / DRIVE AWAY,,"OVER $1,500",06/18/2024 12:10:00 AM,FAILING TO YIELD RIGHT-OF-WAY,UNABLE TO DETERMINE,,2,NO INDICATION OF INJURY,0.0,0.0,0.0,0.0,0.0,2.0,0.0,0,3,6,41.780557638,-87.720507093,POINT (-87.720507093285 41.780557637595),POINT (1151395.4237855782 1863221.4610325529),2024,6162 S SPRINGFIELD AVE
O1863340,DRIVER,62252f88f3b2dea0ee280474a20c0d98add1d7ea01a1b6fa169f106579217c2a67f9348a455ce079d3b62c3df920e3c07c8869e659ee00e1baebd7b048da9fe8,1775049.0,M,76.0,DID NOT DEPLOY,NONE,NO INDICATION OF INJURY,UNKNOWN,UNKNOWN,NORMAL,,,,,2024-07-14 18:30:00,30,CLEAR,DAYLIGHT,REAR TO REAR,PARKING LOT,UNKNOWN,UNKNOWN,NOT ON SCENE (DESK REPORT),NO INJURY / DRIVE AWAY,Y,"$501 - $1,500",07/14/2024 07:00:00 PM,NOT APPLICABLE,NOT APPLICABLE,,2,NO INDICATION OF INJURY,0.0,0.0,0.0,0.0,0.0,2.0,0.0,18,1,7,41.768528739,-87.659209534,POINT (-87.65920953384 41.768528738834),POINT (1168148.4826020289 1858963.3307294343),2024,6900 S LOOMIS BLVD
O1799490,DRIVER,2fc81a2d0ded7057f9c6775a788b43156e250d81946f9d4e121d5ae03032763653f0a11967800c40790f786053dcd515d0c9c34528a3e64cecc11a15561c709b,1713835.0,F,49.0,DEPLOYMENT UNKNOWN,UNKNOWN,NO INDICATION OF INJURY,OTHER,UNKNOWN,UNKNOWN,,,,,2024-04-17 09:15:00,30,CLEAR,DAYLIGHT,TURNING,FOUR WAY,UNKNOWN,NO DEFECTS,NOT ON SCENE (DESK REPORT),NO INJURY / DRIVE AWAY,,"OVER $1,500",04/17/2024 12:00:00 PM,UNABLE TO DETERMINE,UNABLE TO DETERMINE,,2,NO INDICATION OF INJURY,0.0,0.0,0.0,0.0,0.0,2.0,0.0,9,4,4,41.984988217,-87.768152962,POINT (-87.768152962319 41.984988216955),POINT (1137909.5964575533 1937626.6075179307),2024,5707 N CENTRAL AVE
O1807560,DRIVER,dbf1b3ad9e3f4f6b0cc9345f68a8edad564a54c79ffcb5ae03f384e0263838e77f5fc8578e18f590a97f1ac768291246a706e34e83ad5066d88effcfd01ea805,1721641.0,M,51.0,DID NOT DEPLOY,NONE,NO INDICATION OF INJURY,NONE,MOVING VEHICLES,NORMAL,,,,,2024-04-29 13:35:00,30,CLEAR,DAYLIGHT,TURNING,DIVIDED - W/MEDIAN (NOT RAISED),DRY,NO DEFECTS,ON SCENE,INJURY AND / OR TOW DUE TO CRASH,,"OVER $1,500",04/29/2024 01:39:00 PM,UNABLE TO DETERMINE,UNABLE TO DETERMINE,,2,NO INDICATION OF INJURY,0.0,0.0,0.0,0.0,0.0,3.0,0.0,13,2,4,41.813460649,-87.723648927,POINT (-87.723648927228 41.813460649358),POINT (1150453.4642967056 1875205.0046773409),2024,4359 S PULASKI RD
O1929023,DRIVER,4aedaea466401d4d8c9ce6bce62a93edbe1c6ef4d26001adfeded59e9f9e91f69f68fbe6ad2c0e536b96d54e8ef0891f487907bd2907c878da42a2dc68f9a039,1837722.0,F,75.0,DID NOT DEPLOY,NONE,NO INDICATION OF INJURY,NONE,NOT OBSCURED,NORMAL,,,,,2024-10-16 12:15:00,30,CLEAR,DAYLIGHT,REAR END,DIVIDED - W/MEDIAN (NOT RAISED),DRY,NO DEFECTS,NOT ON SCENE (DESK REPORT),INJURY AND / OR TOW DUE TO CRASH,N,"OVER $1,500",10/16/2024 12:40:00 PM,FOLLOWING TOO CLOSELY,UNABLE TO DETERMINE,,2,NO INDICATION OF INJURY,0.0,0.0,0.0,0.0,0.0,2.0,0.0,12,4,10,41.997155595,-87.79682815,POINT (-87.796828150278 41.997155595083),POINT (1130085.6679276011 1942010.3205740387),2024,6730 W DEVON AVE
P399883,PASSENGER,56a3112cd8e0b87bc8a7ddb7d3b2322c9dd632227fafc5d7b73ddc6aede331458f3053d58331650c44e1a8b776ae6841bd97ed8945c4c2d75bff2fd29d628d33,1723994.0,F,48.0,NOT APPLICABLE,NONE,INCAPACITATING INJURY,,,,,,,,2024-05-03 01:50:00,30,CLEAR,DAWN,REAR END,NOT DIVIDED,WET,NO DEFECTS,ON SCENE,INJURY AND / OR TOW DUE TO CRASH,Y,"OVER $1,500",05/03/2024 02:00:00 AM,UNABLE TO DETERMINE,DRIVING SKILLS/KNOWLEDGE/EXPERIENCE,,2,INCAPACITATING INJURY,2.0,0.0,2.0,0.0,0.0,1.0,0.0,1,6,5,41.913012159,-87.76577969,POINT (-87.765779690395 41.91301215924),POINT (1138728.5167176072 1911402.6182208643),2024,1758 N CENTRAL AVE
O1922952,DRIVER,95c5e5dadd5055316dff90772d5610c89c7c190330db4861e94df21f846fb5b5efd15c91e2bc914ee6a8358c941ab6d39e33b3938a0651a72bc4bd83e04e6ccb,1831936.0,M,,DEPLOYMENT UNKNOWN,NONE,NO INDICATION OF INJURY,UNKNOWN,UNKNOWN,UNKNOWN,,,,,2024-10-07 00:15:00,30,CLEAR,"DARKNESS, LIGHTED ROAD",SIDESWIPE SAME DIRECTION,PARKING LOT,DRY,UNKNOWN,NOT ON SCENE (DESK REPORT),NO INJURY / DRIVE AWAY,,"OVER $1,500",10/07/2024 05:00:00 PM,UNABLE TO DETERMINE,NOT APPLICABLE,,2,NO INDICATION OF INJURY,0.0,0.0,0.0,0.0,0.0,2.0,0.0,0,2,10,41.881460943,-87.674288613,POINT (-87.674288612825 41.881460942934),POINT (1163719.2731080719 1900083.425199769),2024,1900 W MADISON ST
P385944,PASSENGER,4d79dfc2fc2bba6bcb68a2791977025f9f82ccf1bbc2d8d9b0865f385cbf7aa0d4c1984712e1309145daa98e863b4f18c37a4b918d69b7bec8143a750b11223f,1661783.0,M,7.0,"DEPLOYED, FRONT",NONE,NO INDICATION OF INJURY,,,,,,,,2024-01-22 06:50:00,30,SLEET/HAIL,"DARKNESS, LIGHTED ROAD",TURNING,NOT DIVIDED,WET,UNKNOWN,NOT ON SCENE (DESK REPORT),INJURY AND / OR TOW DUE TO CRASH,,"OVER $1,500",01/22/2024 06:56:00 AM,UNABLE TO DETERMINE,UNABLE TO DETERMINE,,2,NONINCAPACITATING INJURY,1.0,0.0,0.0,1.0,0.0,6.0,0.0,6,2,1,41.807773406,-87.723646197,POINT (-87.723646196989 41.807773406483),POINT (1150468.9108794164 1873132.612236554),2024,4001 W 47TH ST
O1836989,DRIVER,7fe08d43d80c8290dc0c0d03dbfa150139f1f713930e15934985d20eaefade1bfb662057a81bb6e7a9a364ca062bb09ca88d424a0db40dd5dd0c026a51aaadcd,1749859.0,M,,DID NOT DEPLOY,NONE,NO INDICATION OF INJURY,IMPROPER PASSING,UNKNOWN,UNKNOWN,,,,,2024-06-07 12:35:00,30,CLEAR,DAYLIGHT,SIDESWIPE SAME DIRECTION,NOT DIVIDED,DRY,UNKNOWN,NOT ON SCENE (DESK REPORT),NO INJURY / DRIVE AWAY,,"OVER $1,500",06/07/2024 03:00:00 PM,IMPROPER OVERTAKING/PASSING,NOT APPLICABLE,,2,NO INDICATION OF INJURY,0.0,0.0,0.0,0.0,0.0,2.0,0.0,12,6,6,41.809289481,-87.615586328,POINT (-87.615586328428 41.80928948121),POINT (1179924.803925491 1873912.5757351269),2024,417 E 47TH ST
O1864416,DRIVER,0dbafc55c0a98ee5bf97178bdd94ed9564731e419c8939eb34a1b9ddff7268e87d9a895eb90a21e028f28a126b86a6711f231ee095fb77b698d7f351c07fb7b2,1776076.0,M,27.0,"DEPLOYED, COMBINATION",NONE,NO INDICATION OF INJURY,UNKNOWN,UNKNOWN,UNKNOWN,,,,,2024-07-16 09:00:00,30,CLEAR,DAYLIGHT,REAR END,NOT DIVIDED,DRY,NO DEFECTS,ON SCENE,INJURY AND / OR TOW DUE TO CRASH,,"OVER $1,500",07/16/2024 09:10:00 AM,FAILING TO REDUCE SPEED TO AVOID CRASH,NOT APPLICABLE,,3,NO INDICATION OF INJURY,0.0,0.0,0.0,0.0,0.0,5.0,0.0,9,3,7,41.909862616,-87.718421099,POINT (-87.718421099423 41.909862616061),POINT (1151627.0056000117 1910343.7799819384),2024,3641 W NORTH AVE
O1927949,DRIVER,631c101bd42a825b437f682a3dccfea05746b107d01d34276515071cf98fc167e8fa04184515f683939804303fff6932e25027c284284d3db57252a4443ee0f3,1836680.0,M,38.0,DID NOT DEPLOY,NONE,NO INDICATION OF INJURY,NONE,NOT OBSCURED,NORMAL,,,,,2024-10-15 07:50:00,30,RAIN,DAYLIGHT,ANGLE,FOUR WAY,WET,NO DEFECTS,NOT ON SCENE (DESK REPORT),INJURY AND / OR TOW DUE TO CRASH,,"OVER $1,500",10/15/2024 07:55:00 AM,"VISION OBSCURED (SIGNS, TREE LIMBS, BUILDINGS, ETC.)",FAILING TO YIELD RIGHT-OF-WAY,,2,NO INDICATION OF INJURY,0.0,0.0,0.0,0.0,0.0,2.0,0.0,7,3,10,41.855682044,-87.71122412,POINT (-87.711224120263 41.855682044084),POINT (1153729.1281720286 1890614.5745613875),2024,3431 W OGDEN AVE
O1744362,DRIVER,b034c11ce504a4d0f30b125e48d14bfc0fe9bb558d86a36df4d9ac07ea0fdb9c0503c56b4ec53b0ebe7685f2b303fdf733a68c8d3d24ee39afcebc8d04c85dd1,1660768.0,F,49.0,DID NOT DEPLOY,NONE,NO INDICATION OF INJURY,NONE,NOT OBSCURED,NORMAL,,,,,2024-01-20 09:30:00,30,CLEAR,DAYLIGHT,TURNING,DIVIDED - W/MEDIAN (NOT RAISED),DRY,NO DEFECTS,NOT ON SCENE (DESK REPORT),NO INJURY / DRIVE AWAY,,"OVER $1,500",01/20/2024 11:45:00 AM,UNABLE TO DETERMINE,UNABLE TO DETERMINE,,2,NO INDICATION OF INJURY,0.0,0.0,0.0,0.0,0.0,4.0,0.0,9,7,1,41.925115775,-87.662791835,POINT (-87.662791835277 41.925115774744),POINT (1166725.7147752363 1916015.515572374),2024,1357 W FULLERTON AVE
P385728,PASSENGER,040124c760888697fa04b2cea552d476dcd63e525f7038c7566c54eae8c7448f846ec996e9a0842c8e0751479f78723d02e4cbe939b6f74de7ea36091e17b610,1660904.0,M,18.0,NOT APPLICABLE,NONE,NO INDICATION OF INJURY,,,,,,,,2024-01-20 13:42:00,30,CLEAR,DAYLIGHT,TURNING,DIVIDED - W/MEDIAN (NOT RAISED),WET,UNKNOWN,ON SCENE,INJURY AND / OR TOW DUE TO CRASH,,"OVER $1,500",01/20/2024 01:44:00 PM,IMPROPER LANE USAGE,IMPROPER OVERTAKING/PASSING,,2,NO INDICATION OF INJURY,0.0,0.0,0.0,0.0,0.0,3.0,0.0,13,7,1,41.9242301,-87.755260998,POINT (-87.755260997914 41.92423009985),POINT (1141563.9832835258 1915509.564087366),2024,5138 W FULLERTON AVE
O1858751,DRIVER,1bb1306b7ff65ba75382af88a2925220bf09da8f0ad6286c4ffce5b47f83c271536ef61d70f77c712f4422c5420fce0423c61622ebc7ca139655c3aeb45984f4,1770726.0,M,46.0,DID NOT DEPLOY,NONE,NO INDICATION OF INJURY,NONE,NOT OBSCURED,NORMAL,,,,,2024-07-08 08:12:00,30,CLEAR,DAYLIGHT,SIDESWIPE SAME DIRECTION,NOT DIVIDED,DRY,NO DEFECTS,NOT ON SCENE (DESK REPORT),NO INJURY / DRIVE AWAY,Y,"$501 - $1,500",07/08/2024 09:00:00 AM,UNABLE TO DETERMINE,NOT APPLICABLE,,2,NO INDICATION OF INJURY,0.0,0.0,0.0,0.0,0.0,3.0,0.0,8,2,7,41.911001738,-87.667847649,POINT (-87.667847649123 41.911001737774),POINT (1165389.7703807843 1910861.623762778),2024,1610 N ASHLAND AVE
O1917277,DRIVER,fd58d1003f7949acf89fe474c215594f951ab109fd0f4f53526305381b0d4dfccffaa01ee568cbb5781ccd7310ae1ba51901bc1d3350073b4edf809f0287d022,1826529.0,F,31.0,NOT APPLICABLE,NONE,NO INDICATION OF INJURY,UNKNOWN,UNKNOWN,NORMAL,,,,,2024-09-29 10:20:00,30,CLEAR,DAYLIGHT,PEDESTRIAN,DIVIDED - W/MEDIAN (NOT RAISED),DRY,NO DEFECTS,ON SCENE,INJURY AND / OR TOW DUE TO CRASH,,$500 OR LESS,09/29/2024 10:24:00 AM,UNABLE TO DETERMINE,NOT APPLICABLE,,2,NONINCAPACITATING INJURY,1.0,0.0,0.0,1.0,0.0,1.0,0.0,10,1,9,41.819441426,-87.665375545,POINT (-87.665375544909 41.819441426296),POINT (1166322.2592799172 1877502.460656215),2024,4100 S ASHLAND AVE
O1829752,DRIVER,3f2865152c3285d6773a4de871b4d8d185a3986c56434ec429b74919224980d3c416fde720e699dc3cbe6bcdd54a7a64dd38d79cc959f0727583c0c670a846c8,1742933.0,M,43.0,NOT APPLICABLE,NONE,NO INDICATION OF INJURY,NONE,NOT OBSCURED,NORMAL,,,,,2024-05-29 12:00:00,30,CLEAR,DAYLIGHT,SIDESWIPE SAME DIRECTION,DIVIDED - W/MEDIAN (NOT RAISED),DRY,NO DEFECTS,NOT ON SCENE (DESK REPORT),NO INJURY / DRIVE AWAY,,"OVER $1,500",05/29/2024 12:02:00 PM,IMPROPER OVERTAKING/PASSING,FAILING TO YIELD RIGHT-OF-WAY,,2,NO INDICATION OF INJURY,0.0,0.0,0.0,0.0,0.0,2.0,0.0,12,4,5,41.837554059,-87.693030513,POINT (-87.693030513405 41.837554058543),POINT (1158734.8258932778 1884045.2341843552),2024,2700 W 31ST ST