PERSON_ID,PERSON_TYPE,CRASH_RECORD_ID,VEHICLE_ID,SEX,AGE,AIRBAG_DEPLOYED,EJECTION,INJURY_CLASSIFICATION,DRIVER_ACTION,DRIVER_VISION,PHYSICAL_CONDITION,PEDPEDAL_ACTION,PEDPEDAL_VISIBILITY,PEDPEDAL_LOCATION,CRASH_DATE_EST_I,CRASH_DATE,POSTED_SPEED_LIMIT,WEATHER_CONDITION,LIGHTING_CONDITION,FIRST_CRASH_TYPE,TRAFFICWAY_TYPE,ROADWAY_SURFACE_COND,ROAD_DEFECT,REPORT_TYPE,CRASH_TYPE,HIT_AND_RUN_I,DAMAGE,DATE_POLICE_NOTIFIED,PRIM_CONTRIBUTORY_CAUSE,SEC_CONTRIBUTORY_CAUSE,DOORING_I,NUM_UNITS,MOST_SEVERE_INJURY,INJURIES_TOTAL,INJURIES_FATAL,INJURIES_INCAPACITATING,INJURIES_NON_INCAPACITATING,INJURIES_REPORTED_NOT_EVIDENT,INJURIES_NO_INDICATION,INJURIES_UNKNOWN,CRASH_HOUR,CRASH_DAY_OF_WEEK,CRASH_MONTH,LATITUDE,LONGITUDE,LOCATION,geometry,YEAR,ADDRESS
O1909588,DRIVER,392ee46772f91da12fd8e343bd12648e58a80ba963abc0dc6f2497156330700c919c3c8aebdc29514627d8b2747ce85e78bc7162d0fb65527af13d6bf692e8f8,1819201.0,F,,NOT APPLICABLE,NONE,NO INDICATION OF INJURY,NONE,NOT OBSCURED,NORMAL,,,,,2024-09-18 18:47:00,25,CLEAR,DAYLIGHT,SIDESWIPE SAME DIRECTION,NOT DIVIDED,DRY,UNKNOWN,NOT ON SCENE (DESK REPORT),NO INJURY / DRIVE AWAY,,"$501 - $1,500",09/18/2024 07:05:00 PM,UNABLE TO DETERMINE,NOT APPLICABLE,,2,NO INDICATION OF INJURY,0.0,0.0,0.0,0.0,0.0,2.0,0.0,18,4,9,41.693481945,-87.664038316,POINT (-87.66403831613 41.693481945239),POINT (1167043.8435099078 1831606.7739095124),2024,1700 W CHELSEA PL
O1874326,DRIVER,d3bcebae22077e97940a57fef45373b66c0d7f1e69b4708d839f7127e7260327eda2b6ba66a8472fd1195081dfe7cbe02164423e2dadf5e244f8dd8d34c07b58,1785610.0,X,,DEPLOYMENT UNKNOWN,NONE,NO INDICATION OF INJURY,UNKNOWN,UNKNOWN,UNKNOWN,,,,,2024-07-30 20:30:00,30,CLEAR,"DARKNESS, LIGHTED ROAD",PARKED MOTOR VEHICLE,NOT DIVIDED,DRY,UNKNOWN,NOT ON SCENE (DESK REPORT),NO INJURY / DRIVE AWAY,Y,"$501 - $1,500",07/30/2024 09:30:00 PM,DISREGARDING TRAFFIC SIGNALS,UNABLE TO DETERMINE,,2,NO INDICATION OF INJURY,0.0,0.0,0.0,0.0,0.0,1.0,0.0,20,3,7,41.965299735,-87.672592297,POINT (-87.672592297056 41.965299735031),POINT (1163945.8050821116 1930637.9660401957),2024,1742 W WILSON AVE
P387282,PASSENGER,334c7431978cb26fba81031292feb790d1217f0fa22e8707a9545157c3711f8d2625bb4c93403cffa814e70934db6a318d6f688224953cec60f21e704e59ad98,1668923.0,F,56.0,DID NOT DEPLOY,NONE,NO INDICATION OF INJURY,,,,,,,,2024-02-03 10:39:00,30,CLEAR,DAYLIGHT,REAR END,DIVIDED - W/MEDIAN (NOT RAISED),DRY,NO DEFECTS,NOT ON SCENE (DESK REPORT),NO INJURY / DRIVE AWAY,,"$501 - $1,500",02/03/2024 10:41:00 AM,FOLLOWING TOO CLOSELY,NOT APPLICABLE,,2,NO INDICATION OF INJURY,0.0,0.0,0.0,0.0,0.0,3.0,0.0,10,7,2,41.952815664,-87.785827292,POINT (-87.785827291612 41.952815663738),POINT (1133179.2550953447 1925871.5993207744),2024,6343 W IRVING PARK RD
P384960,PASSENGER,0c577ac70609176f4329305185ee0794fbfc18551108c0617a2dce8b93fffd0b6b4de6efa37eb26cea177d65877193964faad9e042c3072f953f94ea485ecbae,1657060.0,F,33.0,DID NOT DEPLOY,NONE,NO INDICATION OF INJURY,,,,,,,,2024-01-14 02:39:00,30,SNOW,"DARKNESS, LIGHTED ROAD",REAR END,DIVIDED - W/MEDIAN BARRIER,SNOW OR SLUSH,NO DEFECTS,ON SCENE,INJURY AND / OR TOW DUE TO CRASH,,"OVER $1,500",01/14/2024 02:39:00 AM,UNABLE TO DETERMINE,UNABLE TO DETERMINE,,2,NONINCAPACITATING INJURY,2.0,0.0,0.0,1.0,1.0,5.0,0.0,2,1,1,41.744160231,-87.585228487,POINT (-87.585228487235 41.744160230994),POINT (1188407.5808554129 1850250.5055418576),2024,8301 S STONY ISLAND AVE
O1739068,DRIVER,2bf39378d2f823cbd8e9d92e28c9e774dc58881d5e1cfeed31318b42719bbe9f3116522511834a9d959f61e9d4e1a81a030969560d854d4fc08e840af972bf70,1655609.0,M,54.0,NOT APPLICABLE,UNKNOWN,NO INDICATION OF INJURY,NONE,NOT OBSCURED,NORMAL,,,,,2024-01-11 16:45:00,30,CLEAR,DAYLIGHT,TURNING,FOUR WAY,DRY,NO DEFECTS,NOT ON SCENE (DESK REPORT),NO INJURY / DRIVE AWAY,,"$501 - $1,500",01/11/2024 05:40:00 PM,UNABLE TO DETERMINE,UNABLE TO DETERMINE,,2,NO INDICATION OF INJURY,0.0,0.0,0.0,0.0,0.0,2.0,0.0,16,5,1,41.822995911,-87.724197299,POINT (-87.724197299004 41.822995910831),POINT (1150279.343008195 1878678.5420714999),2024,3840 S PULASKI RD
O1842858,DRIVER,dce6eff66ac4b574cd34b6339719dba5a452882ea3c07efe5f03c662621cc18cd16307fbb569809b2e95774ed2469d8976d937875c42e4e3cfd061c603e68587,1755483.0,X,,DEPLOYMENT UNKNOWN,NONE,NO INDICATION OF INJURY,NONE,UNKNOWN,UNKNOWN,,,,,2024-06-14 17:00:00,20,CLEAR,DAYLIGHT,PARKED MOTOR VEHICLE,NOT DIVIDED,DRY,NO DEFECTS,NOT ON SCENE (DESK REPORT),NO INJURY / DRIVE AWAY,Y,"OVER $1,500",06/15/2024 11:40:00 AM,UNABLE TO DETERMINE,UNABLE TO DETERMINE,,2,NO INDICATION OF INJURY,0.0,0.0,0.0,0.0,0.0,1.0,0.0,17,6,6,41.797650154,-87.675605285,POINT (-87.675605284913 41.797650154419),POINT (1163594.588069592 1869540.3336367728),2024,2028 W 53RD ST
O1842924,DRIVER,22c39c383066f21ebfef640573d35bbf2c2dbac4cead19a15cb683d7fe944101ec1e26662e9890712a42ab6c847a2b427e0753231a06140b0e83887fec371faa,1755546.0,X,,DEPLOYMENT UNKNOWN,UNKNOWN,NO INDICATION OF INJURY,UNKNOWN,UNKNOWN,UNKNOWN,,,,,2024-06-15 08:00:00,30,CLEAR,DAYLIGHT,PARKED MOTOR VEHICLE,NOT DIVIDED,DRY,NO DEFECTS,NOT ON SCENE (DESK REPORT),NO INJURY / DRIVE AWAY,Y,"$501 - $1,500",06/15/2024 01:30:00 PM,NOT APPLICABLE,NOT APPLICABLE,,2,NO INDICATION OF INJURY,0.0,0.0,0.0,0.0,0.0,1.0,0.0,8,7,6,41.811686618,-87.666138591,POINT (-87.66613859061 41.811686618065),POINT (1166136.2073370733 1874675.0323798503),2024,4517 S MARSHFIELD AVE
O1850544,DRIVER,9b3673cbc9de07bda23a8a62ea54c5777b90c3489433014c06285d358120517e5382046b11c9ed4afe521a42afae7b69913ad39e79cf68afdefce7efbdb8d648,1762848.0,F,38.0,"DEPLOYED, FRONT",NONE,NO INDICATION OF INJURY,UNKNOWN,UNKNOWN,FATIGUED/ASLEEP,,,,,2024-06-26 00:13:00,30,CLEAR,"DARKNESS, LIGHTED ROAD",PARKED MOTOR VEHICLE,DIVIDED - W/MEDIAN (NOT RAISED),DRY,UNKNOWN,ON SCENE,INJURY AND / OR TOW DUE TO CRASH,,"OVER $1,500",06/26/2024 12:16:00 AM,UNABLE TO DETERMINE,UNABLE TO DETERMINE,,2,NO INDICATION OF INJURY,0.0,0.0,0.0,0.0,0.0,1.0,0.0,0,4,6,41.687858924,-87.700541298,POINT (-87.700541298321 41.687858924358),POINT (1157089.3704618071 1829482.4672609777),2024,11301 S KEDZIE AVE
O1827936,DRIVER,b522848fd27abd6579e288845aa7270c91b89f50da3f3d5925cd8f2fdfdea7b7a6d1bd0782c26be331b68593aab22727497c25977a83d4a2c7f4ff017389c787,1741187.0,M,60.0,NOT APPLICABLE,NONE,NO INDICATION OF INJURY,NONE,NOT OBSCURED,NORMAL,,,,,2024-05-26 08:45:00,45,CLEAR,"DARKNESS, LIGHTED ROAD",SIDESWIPE SAME DIRECTION,DIVIDED - W/MEDIAN BARRIER,DRY,NO DEFECTS,NOT ON SCENE (DESK REPORT),NO INJURY / DRIVE AWAY,,"OVER $1,500",05/26/2024 05:30:00 PM,UNABLE TO DETERMINE,UNABLE TO DETERMINE,,2,NO INDICATION OF INJURY,0.0,0.0,0.0,0.0,0.0,5.0,0.0,8,1,5,41.909579867,-87.626081768,POINT (-87.626081768182 41.909579866705),POINT (1176762.436007353 1910434.4658938218),2024,1500 N LAKE SHORE DR NB
P423263,PASSENGER,f5e31ebe01124ea22e41471b5ded5d0babb52d8113c00677200848e37dd0667574127e036f07fcdb45ea4de4457d0f68cee0a72bc7f920952a10eb150cc74425,1822261.0,F,22.0,DID NOT DEPLOY,NONE,NO INDICATION OF INJURY,,,,,,,,2024-09-21 03:30:00,20,CLEAR,DARKNESS,TURNING,PARKING LOT,DRY,NO DEFECTS,NOT ON SCENE (DESK REPORT),NO INJURY / DRIVE AWAY,,"OVER $1,500",09/22/2024 11:55:00 AM,UNABLE TO DETERMINE,UNABLE TO DETERMINE,,2,NO INDICATION OF INJURY,0.0,0.0,0.0,0.0,0.0,3.0,0.0,3,7,9,41.95010397,-87.64357861,POINT (-87.64357861038 41.950103970498),POINT (1171881.008169005 1925162.7547816418),2024,3650 N RECREATION DR
O1900687,DRIVER,90e7d24e5946c5a82df7f8e67ed088104e38975682eac0fc61a1bf8fd387ff568bdd792fd8f029a5edda8fea5232dd0c710b0c7ad8de5c3b4b9d7c783ac62d10,1810720.0,M,,DID NOT DEPLOY,NONE,NO INDICATION OF INJURY,NONE,NOT OBSCURED,NORMAL,,,,,2024-09-05 15:30:00,35,CLEAR,DAYLIGHT,SIDESWIPE SAME DIRECTION,DIVIDED - W/MEDIAN (NOT RAISED),DRY,NO DEFECTS,NOT ON SCENE (DESK REPORT),NO INJURY / DRIVE AWAY,,"OVER $1,500",09/06/2024 02:00:00 PM,IMPROPER OVERTAKING/PASSING,IMPROPER OVERTAKING/PASSING,,2,NO INDICATION OF INJURY,0.0,0.0,0.0,0.0,0.0,2.0,0.0,15,5,9,41.756622225,-87.607938006,POINT (-87.607938006094 41.756622225458),POINT (1182171.8361220895 1854738.4859146543),2024,7600 S LANGLEY AVE
O1744051,DRIVER,8e201c3efc88f6b810716afaf562e7ddf288c15332c1abe154a252e28005c22560f0cc7699ffc6a13ec788e66da2d8938e33da972868c0fe890351729d3df9f9,1660466.0,M,40.0,DID NOT DEPLOY,NONE,NO INDICATION OF INJURY,IMPROPER BACKING,UNKNOWN,NORMAL,,,,,2024-01-19 18:38:00,15,SNOW,"DARKNESS, LIGHTED ROAD",REAR TO FRONT,ALLEY,SNOW OR SLUSH,UNKNOWN,ON SCENE,NO INJURY / DRIVE AWAY,,"OVER $1,500",01/19/2024 07:15:00 PM,DRIVING SKILLS/KNOWLEDGE/EXPERIENCE,NOT APPLICABLE,,2,NO INDICATION OF INJURY,0.0,0.0,0.0,0.0,0.0,2.0,0.0,18,6,1,41.893270263,-87.621566548,POINT (-87.621566547573 41.893270262956),POINT (1178040.7873127833 1904501.4024591842),2024,243 E ONTARIO ST
O1830747,DRIVER,1c47358bba94c2356b8a26c51d2bd4dd9276442e494b702992de300b31b897012385ed36b724216811334cf19425a384788daa01420ded6679c13b933f229b6d,1743884.0,F,42.0,DID NOT DEPLOY,NONE,NO INDICATION OF INJURY,UNKNOWN,NOT OBSCURED,NORMAL,,,,,2024-05-30 16:30:00,30,CLEAR,DAYLIGHT,REAR END,DIVIDED - W/MEDIAN (NOT RAISED),DRY,NO DEFECTS,ON SCENE,INJURY AND / OR TOW DUE TO CRASH,,"OVER $1,500",05/30/2024 04:33:00 PM,FAILING TO REDUCE SPEED TO AVOID CRASH,NOT APPLICABLE,,2,"REPORTED, NOT EVIDENT",1.0,0.0,0.0,0.0,1.0,2.0,0.0,16,5,5,41.837029451,-87.722248548,POINT (-87.722248547807 41.837029451109),POINT (1150774.13154466 1883796.070352428),2024,3906 W 31ST ST
P392990,PASSENGER,f78335d2503ef742a0d050b93fa8b7d67acbf735c6716fe47b0a42999500d9b6248393172e486697dcbc2779ede8f497117c3a7f9f1ae11a553d07fca32e08e0,1694193.0,M,0.0,"DEPLOYED, SIDE",NONE,NONINCAPACITATING INJURY,,,,,,,,2024-03-17 01:14:00,30,CLEAR,"DARKNESS, LIGHTED ROAD",ANGLE,NOT DIVIDED,DRY,UNKNOWN,ON SCENE,INJURY AND / OR TOW DUE TO CRASH,,"OVER $1,500",03/17/2024 01:15:00 AM,DISREGARDING TRAFFIC SIGNALS,UNABLE TO DETERMINE,,3,NONINCAPACITATING INJURY,6.0,0.0,0.0,6.0,0.0,1.0,0.0,1,1,3,41.923933846,-87.775870783,POINT (-87.77587078265 41.923933845946),POINT (1135956.0120793453 1915364.472962642),2024,6002 W FULLERTON AVE
P432102,PASSENGER,f11ee09f835c691a1537418d496a8d19c65d0e294b6ee15501973122783195a5b70d43b36092ed2aaaecfa7b695af268918270e7f3be44a1a3e74ebf97c9353d,1861742.0,M,31.0,NOT APPLICABLE,NONE,NO INDICATION OF INJURY,,,,,,,,2024-11-21 11:08:00,30,SNOW,DAYLIGHT,REAR END,NOT DIVIDED,SNOW OR SLUSH,UNKNOWN,NOT ON SCENE (DESK REPORT),NO INJURY / DRIVE AWAY,,"OVER $1,500",11/21/2024 12:31:00 PM,WEATHER,FOLLOWING TOO CLOSELY,,2,NO INDICATION OF INJURY,0.0,0.0,0.0,0.0,0.0,7.0,0.0,11,5,11,41.803442702,-87.664979348,POINT (-87.664979348005 41.803442701809),POINT (1166475.5951500086 1871673.4513501758),2024,4950 S ASHLAND AVE
P393436,PASSENGER,0a83bd07111b2aecdaf6d340dde07c9ce183117e518f29a47c7d830f35def9aecd888aa870d9e9cd0725843d4e105962f23c0ff5896add11dbe52409d54952ad,1695947.0,,,NOT APPLICABLE,NONE,NO INDICATION OF INJURY,,,,,,,,2024-03-19 16:16:00,30,CLEAR,DAYLIGHT,PARKED MOTOR VEHICLE,ONE-WAY,DRY,NO DEFECTS,NOT ON SCENE (DESK REPORT),NO INJURY / DRIVE AWAY,,"OVER $1,500",03/19/2024 04:27:00 PM,DRIVING SKILLS/KNOWLEDGE/EXPERIENCE,FAILING TO REDUCE SPEED TO AVOID CRASH,,2,NO INDICATION OF INJURY,0.0,0.0,0.0,0.0,0.0,5.0,0.0,16,3,3,41.984979286,-87.710383323,POINT (-87.710383323128 41.984979286104),POINT (1153615.9249080112 1937732.2926460872),2024,3242 W HOLLYWOOD AVE
O1857266,DRIVER,3cdf78d30b5999682c49b2f667b4fc64ff8060f849343835cf0019bac182dc09dce086149ff9fed312196d66a833361ae7861604719552fdd93d262bdc15388e,1769302.0,M,26.0,"DEPLOYED, COMBINATION",NONE,NO INDICATION OF INJURY,UNKNOWN,UNKNOWN,NORMAL,,,,,2024-07-05 15:40:00,30,CLEAR,DAYLIGHT,PARKED MOTOR VEHICLE,DIVIDED - W/MEDIAN BARRIER,DRY,UNKNOWN,ON SCENE,INJURY AND / OR TOW DUE TO CRASH,,"OVER $1,500",07/05/2024 03:43:00 PM,DISTRACTION - FROM OUTSIDE VEHICLE,NOT APPLICABLE,,2,NO INDICATION OF INJURY,0.0,0.0,0.0,0.0,0.0,1.0,0.0,15,6,7,41.723742883,-87.643126282,POINT (-87.643126282177 41.723742883384),POINT (1172666.8615006374 1842678.5793782747),2024,9345 S HALSTED ST
O1930782,DRIVER,9a0b558750bfcb16338eb40981595d39d2e8f8d01b4b1cb1d3708a7fe1da68d641e11e2c352ae5fdfc8ef3f10e1a564ba27c17df61101a4dd8d98310f8897792,1839398.0,M,26.0,DID NOT DEPLOY,NONE,NO INDICATION OF INJURY,DISREGARDED CONTROL DEVICES,UNKNOWN,NORMAL,,,,,2024-10-18 17:00:00,30,CLEAR,DAYLIGHT,TURNING,NOT DIVIDED,DRY,NO DEFECTS,ON SCENE,INJURY AND / OR TOW DUE TO CRASH,,"OVER $1,500",10/18/2024 05:02:00 PM,DISREGARDING TRAFFIC SIGNALS,FAILING TO YIELD RIGHT-OF-WAY,,2,NONINCAPACITATING INJURY,1.0,0.0,0.0,1.0,0.0,2.0,0.0,17,6,10,42.012099787,-87.778564302,POINT (-87.778564302418 42.012099786643),POINT (1135014.972943972 1947487.7074369018),2024,6040 W TOUHY AVE
O1925239,DRIVER,e0bbe0d1a1d9d8a63b5865220158af5c4f32e1baf21023bfff904a10672724e56890733c8cc7a4aa6934c2e8e77d11c7e6a2a25eed0e296e56d71745fdd4f717,1834147.0,F,53.0,"DEPLOYED, SIDE",UNKNOWN,INCAPACITATING INJURY,UNKNOWN,UNKNOWN,UNKNOWN,,,,,2024-10-10 20:32:00,30,CLEAR,"DARKNESS, LIGHTED ROAD",ANGLE,FOUR WAY,DRY,NO DEFECTS,ON SCENE,INJURY AND / OR TOW DUE TO CRASH,Y,"OVER $1,500",10/10/2024 08:32:00 PM,UNABLE TO DETERMINE,NOT APPLICABLE,,2,INCAPACITATING INJURY,1.0,0.0,1.0,0.0,0.0,1.0,0.0,20,5,10,41.794284164,-87.654991435,POINT (-87.654991435145 41.79428416371),POINT (1169225.1335281464 1868357.4695776273),2024,1200 W GARFIELD BLVD
O1894903,DRIVER,3ace619ba0b3d778e8175f11f0973fa86116a9607e21f056e5613651bff5d1935916f326b07351c6408890935ebc08ab57a40eb7ea9ffe84e591c51de4dcbe95,1805195.0,X,,DEPLOYMENT UNKNOWN,NONE,NO INDICATION OF INJURY,UNKNOWN,UNKNOWN,UNKNOWN,,,,,2024-08-29 15:15:00,20,CLEAR,DAYLIGHT,SIDESWIPE SAME DIRECTION,NOT DIVIDED,DRY,NO DEFECTS,ON SCENE,NO INJURY / DRIVE AWAY,Y,"OVER $1,500",08/29/2024 03:15:00 PM,UNABLE TO DETERMINE,NOT APPLICABLE,,3,NO INDICATION OF INJURY,0.0,0.0,0.0,0.0,0.0,2.0,0.0,15,5,8,41.764159345,-87.710563733,POINT (-87.71056373301 41.764159345124),POINT (1154150.7087273498 1857265.5423964798),2024,3509 W 71ST ST
O1764189,DRIVER,8894488f48b5c5b39dd66fc003dda594b1900c7c318aedbcff008bb7a39d4841014625c0799824d97a787b75a1b0343dc17c9a84525c2a2d88b7a672da8ebb43,1679853.0,M,39.0,NOT APPLICABLE,NONE,NO INDICATION OF INJURY,OTHER,UNKNOWN,NORMAL,,,,,2024-02-23 13:30:00,30,CLEAR,DAYLIGHT,SIDESWIPE SAME DIRECTION,CENTER TURN LANE,DRY,UNKNOWN,NOT ON SCENE (DESK REPORT),NO INJURY / DRIVE AWAY,,"OVER $1,500",02/23/2024 03:00:00 PM,IMPROPER TURNING/NO SIGNAL,NOT APPLICABLE,,2,NO INDICATION OF INJURY,0.0,0.0,0.0,0.0,0.0,2.0,0.0,13,6,2,41.963799283,-87.688903006,POINT (-87.688903005673 41.963799283139),POINT (1159514.0200882999 1930057.4095224533),2024,4520 N WESTERN AVE
O1853125,DRIVER,cf33d76d10769798e8f7c07cb4c9376f29beffaeb608e426a0ef4ee167ca41937c1bfd407a8319bf747afb7f452388c7f03f235b9137a28ee129ee96fddc7650,1765330.0,F,52.0,NOT APPLICABLE,NONE,NO INDICATION OF INJURY,NONE,UNKNOWN,NORMAL,,,,,2024-06-29 13:18:00,30,CLEAR,DAYLIGHT,SIDESWIPE SAME DIRECTION,NOT DIVIDED,DRY,UNKNOWN,NOT ON SCENE (DESK REPORT),NO INJURY / DRIVE AWAY,,"OVER $1,500",06/29/2024 02:45:00 PM,NOT APPLICABLE,NOT APPLICABLE,,2,NO INDICATION OF INJURY,0.0,0.0,0.0,0.0,0.0,2.0,0.0,13,7,6,41.895839638,-87.624988141,POINT (-87.624988141316 41.895839638207),POINT (1177101.4642672061 1905429.973692626),2024,108 E SUPERIOR ST
P383502,PASSENGER,224bce2d6e269c24f7958fd78cef24676687ae543bd3637140d3569cfd1c113e44f0fb4678ad387cc13a10c604dcfa151cf00ded5eaf6400130b541ae3afff60,1650167.0,F,,"DEPLOYED, SIDE",NONE,NONINCAPACITATING INJURY,,,,,,,,2024-01-01 02:03:00,30,CLEAR,"DARKNESS, LIGHTED ROAD",SIDESWIPE OPPOSITE DIRECTION,OTHER,DRY,NO DEFECTS,ON SCENE,INJURY AND / OR TOW DUE TO CRASH,,"OVER $1,500",01/01/2024 02:04:00 AM,DISREGARDING STOP SIGN,UNABLE TO DETERMINE,,2,NONINCAPACITATING INJURY,3.0,0.0,0.0,3.0,0.0,2.0,0.0,2,2,1,41.997499233,-87.802504703,POINT (-87.80250470318 41.997499233316),POINT (1128541.8563697748 1942125.9275399866),2024,6986 W DEVON AVE
O1871722,DRIVER,1289d0b882a1ea8f789b9bcc93ea5854b1624013c281a1ee29ad675cbaab17ece90906c6e4d61c90bccf710e6bc0cf7dc3aacbdeaecf02225dbdc07631f3ab88,1783063.0,M,19.0,"DEPLOYED, COMBINATION",UNKNOWN,NO INDICATION OF INJURY,UNKNOWN,UNKNOWN,UNKNOWN,,,,,2024-07-26 23:02:00,30,CLEAR,"DARKNESS, LIGHTED ROAD",TURNING,NOT DIVIDED,DRY,NO DEFECTS,ON SCENE,INJURY AND / OR TOW DUE TO CRASH,,"OVER $1,500",07/26/2024 11:04:00 PM,DISREGARDING TRAFFIC SIGNALS,NOT APPLICABLE,,2,NO INDICATION OF INJURY,0.0,0.0,0.0,0.0,0.0,2.0,0.0,23,6,7,41.684498445,-87.540276079,POINT (-87.540276078933 41.684498445358),POINT (1200875.41406627 1828620.2226763272),2024,11600 S AVENUE O
P394239,PASSENGER,1a3c32fba1ea4b316489354acc72c8123fa9adf539abd5cd7345335f51fc9ab2c74f10141d7687ad9123c52e52db2b22a63297c4f2802611323922a30aee9c43,1699572.0,X,,DEPLOYMENT UNKNOWN,UNKNOWN,NO INDICATION OF INJURY,,,,,,,,2024-03-25 18:08:00,30,CLEAR,"DARKNESS, LIGHTED ROAD",REAR END,NOT DIVIDED,DRY,NO DEFECTS,ON SCENE,NO INJURY / DRIVE AWAY,,"OVER $1,500",03/25/2024 06:34:00 PM,UNABLE TO DETERMINE,UNABLE TO DETERMINE,,2,NO INDICATION OF INJURY,0.0,0.0,0.0,0.0,0.0,4.0,0.0,18,2,3,41.967666795,-87.76796515,POINT (-87.767965149625 41.967666795464),POINT (1138002.316887619 1931314.9454680507),2024,5611 W LAWRENCE AVE
P395784,PASSENGER,8cb98011605e8a64cb239d8753b89b239cd19f61551235c8365c155097e2d598fd708d6e1d437b1ccd57fda006e450c9f71902d565e67b35eeff6da595f5ecaa,1706645.0,M,,DID NOT DEPLOY,NONE,NO INDICATION OF INJURY,,,,,,,,2024-04-06 14:15:00,45,CLEAR,DAYLIGHT,REAR END,DIVIDED - W/MEDIAN BARRIER,UNKNOWN,UNKNOWN,NOT ON SCENE (DESK REPORT),NO INJURY / DRIVE AWAY,,"$501 - $1,500",04/06/2024 02:30:00 PM,UNABLE TO DETERMINE,UNABLE TO DETERMINE,,2,NO INDICATION OF INJURY,0.0,0.0,0.0,0.0,0.0,6.0,0.0,14,7,4,41.939680451,-87.637952126,POINT (-87.637952126316 41.939680451461),POINT (1173442.3797055741 1921376.7589022277),2024,3150 N LAKE SHORE DR NB
O1752183,DRIVER,71533c991188eafc2e625c8cde3f95873f250afdca6ce1217194270131e4dd2bcb885b24c397ec4deac1c1880d4d5940920b0cedce5e7ef7f56202fcd73f2099,1668253.0,M,,DEPLOYMENT UNKNOWN,NONE,NO INDICATION OF INJURY,IMPROPER PASSING,UNKNOWN,UNKNOWN,,,,,2024-02-02 10:20:00,30,CLEAR,DAYLIGHT,TURNING,NOT DIVIDED,DRY,NO DEFECTS,ON SCENE,NO INJURY / DRIVE AWAY,Y,"$501 - $1,500",02/02/2024 10:26:00 AM,IMPROPER LANE USAGE,IMPROPER LANE USAGE,,2,NO INDICATION OF INJURY,0.0,0.0,0.0,0.0,0.0,2.0,0.0,10,6,2,41.808903554,-87.650520591,POINT (-87.650520590888 41.808903553651),POINT (1170401.9629722107 1873694.3410658753),2024,1000 W 47TH ST
O1773291,DRIVER,c53b310bc6efb3fb4606e09b5c3729c80c570972447775e41c32b6a31f4008b59df7a67afd471070b6545fd5eec41ef9fe95bb9dc90951e52ec6cebde1691ed3,1688674.0,M,79.0,DID NOT DEPLOY,NONE,NO INDICATION OF INJURY,NONE,NOT OBSCURED,NORMAL,,,,,2024-03-08 15:17:00,30,RAIN,DAYLIGHT,ANGLE,ALLEY,WET,NO DEFECTS,ON SCENE,INJURY AND / OR TOW DUE TO CRASH,,"OVER $1,500",03/08/2024 03:23:00 PM,FAILING TO REDUCE SPEED TO AVOID CRASH,WEATHER,,2,NO INDICATION OF INJURY,0.0,0.0,0.0,0.0,0.0,2.0,0.0,15,6,3,41.814851564,-87.621990943,POINT (-87.621990943151 41.814851563712),POINT (1178161.96741088 1875924.8535616684),2024,122 E 44TH ST
O1829191,DRIVER,50f978b9a2a1b67a1c8afaddc7519e16e417a7344b4ee867c43b9cf8772b239fc825834c8eac6be63af3c6c5777691dd87c8c53171f2dd1e4c2d538d6a756b9b,1742384.0,M,,DEPLOYMENT UNKNOWN,NONE,NO INDICATION OF INJURY,IMPROPER LANE CHANGE,UNKNOWN,UNKNOWN,,,,,2024-05-28 14:15:00,30,RAIN,DAYLIGHT,PARKED MOTOR VEHICLE,NOT DIVIDED,WET,NO DEFECTS,ON SCENE,NO INJURY / DRIVE AWAY,Y,$500 OR LESS,05/28/2024 04:52:00 PM,UNABLE TO DETERMINE,UNABLE TO DETERMINE,,2,NO INDICATION OF INJURY,0.0,0.0,0.0,0.0,0.0,1.0,0.0,14,3,5,41.981805839,-87.762654312,POINT (-87.762654312039 41.981805838591),POINT (1139412.2854193503 1936476.8467915228),2024,5534 N ELSTON AVE
O1837297,DRIVER,253ce41a832c40744d0400750a92f3183b81957043a35f0fb1e294ec8467859c7a76265af9c9b5c6d3c13f53257fd9007d72c1333ba20abcf9ce394e7a2f5ae0,1750166.0,M,57.0,DID NOT DEPLOY,NONE,NO INDICATION OF INJURY,IMPROPER LANE CHANGE,NOT OBSCURED,NORMAL,,,,,2024-06-07 17:00:00,30,CLEAR,DAYLIGHT,SIDESWIPE SAME DIRECTION,NOT DIVIDED,DRY,NO DEFECTS,NOT ON SCENE (DESK REPORT),NO INJURY / DRIVE AWAY,,$500 OR LESS,06/07/2024 08:00:00 PM,IMPROPER OVERTAKING/PASSING,IMPROPER OVERTAKING/PASSING,,2,NO INDICATION OF INJURY,0.0,0.0,0.0,0.0,0.0,2.0,0.0,17,6,6,41.963276998,-87.756945326,POINT (-87.756945326367 41.963276998257),POINT (1141009.9382072936 1929735.2557868743),2024,4536 N MILWAUKEE AVE