PERSON_ID,PERSON_TYPE,CRASH_RECORD_ID,VEHICLE_ID,SEX,AGE,AIRBAG_DEPLOYED,EJECTION,INJURY_CLASSIFICATION,DRIVER_ACTION,DRIVER_VISION,PHYSICAL_CONDITION,PEDPEDAL_ACTION,PEDPEDAL_VISIBILITY,PEDPEDAL_LOCATION,CRASH_DATE_EST_I,CRASH_DATE,POSTED_SPEED_LIMIT,WEATHER_CONDITION,LIGHTING_CONDITION,FIRST_CRASH_TYPE,TRAFFICWAY_TYPE,ROADWAY_SURFACE_COND,ROAD_DEFECT,REPORT_TYPE,CRASH_TYPE,HIT_AND_RUN_I,DAMAGE,DATE_POLICE_NOTIFIED,PRIM_CONTRIBUTORY_CAUSE,SEC_CONTRIBUTORY_CAUSE,DOORING_I,NUM_UNITS,MOST_SEVERE_INJURY,INJURIES_TOTAL,INJURIES_FATAL,INJURIES_INCAPACITATING,INJURIES_NON_INCAPACITATING,INJURIES_REPORTED_NOT_EVIDENT,INJURIES_NO_INDICATION,INJURIES_UNKNOWN,CRASH_HOUR,CRASH_DAY_OF_WEEK,CRASH_MONTH,LATITUDE,LONGITUDE,LOCATION,geometry,YEAR,ADDRESS
O1744279,DRIVER,53bbe0844692434e1a997379088eb223c4c789df8c82e7d72c197dfe11a39118e227cd3b57895219860faebcd0499569e19261efa962c4fd148c09ee7846733d,1660684.0,M,57.0,DID NOT DEPLOY,NONE,NO INDICATION OF INJURY,FAILED TO YIELD,OTHER,NORMAL,,,,,2024-01-20 08:50:00,30,CLEAR,DAYLIGHT,TURNING,RAMP,DRY,NO DEFECTS,NOT ON SCENE (DESK REPORT),NO INJURY / DRIVE AWAY,,"OVER $1,500",01/20/2024 09:15:00 AM,FAILING TO YIELD RIGHT-OF-WAY,IMPROPER TURNING/NO SIGNAL,,2,NO INDICATION OF INJURY,0.0,0.0,0.0,0.0,0.0,2.0,0.0,8,7,1,41.889225372,-87.632674115,POINT (-87.632674114985 41.88922537162),POINT (1175028.579766777 1903002.552291156),2024,400 N LA SALLE DR
P413710,PASSENGER,bc28fecf01c46a2ad530886c6ca5992dc312f72c262ef67e3663893449a6186e1a807fc9046f347fa2240b59c289926f91034fe8d610ac19c7a6a4eb80245c2f,1781501.0,F,,DID NOT DEPLOY,NONE,NO INDICATION OF INJURY,,,,,,,,2024-07-18 21:05:00,30,CLEAR,DARKNESS,SIDESWIPE SAME DIRECTION,DIVIDED - W/MEDIAN (NOT RAISED),DRY,NO DEFECTS,NOT ON SCENE (DESK REPORT),NO INJURY / DRIVE AWAY,Y,"OVER $1,500",07/24/2024 05:44:00 PM,UNABLE TO DETERMINE,NOT APPLICABLE,,2,NO INDICATION OF INJURY,0.0,0.0,0.0,0.0,0.0,3.0,0.0,21,5,7,41.822475859,-87.633355003,POINT (-87.633355002832 41.822475859149),POINT (1175041.4740109632 1878677.6720585863),2024,3938 S PRINCETON AVE
O1791704,DRIVER,26e48b5c29e50da02113180ef0ee96082cd70c2c630f619b1c4fe321e8cdda13981b9863254e70c2c860b19fc113b6467f9b4ab543b43ae9466cb3b96e6ad710,1706342.0,M,44.0,DID NOT DEPLOY,NONE,NO INDICATION OF INJURY,NONE,NOT OBSCURED,NORMAL,,,,,2024-04-05 21:30:00,30,CLEAR,"DARKNESS, LIGHTED ROAD",REAR END,DIVIDED - W/MEDIAN BARRIER,DRY,UNKNOWN,NOT ON SCENE (DESK REPORT),NO INJURY / DRIVE AWAY,Y,"$501 - $1,500",04/05/2024 10:00:00 PM,UNABLE TO DETERMINE,UNABLE TO DETERMINE,,2,NO INDICATION OF INJURY,0.0,0.0,0.0,0.0,0.0,2.0,0.0,21,6,4,41.869821466,-87.720384573,POINT (-87.720384573282 41.869821466244),POINT (1151196.7803508686 1895748.9953831004),2024,900 S INDEPENDENCE BLVD
O1912863,BICYCLE,0fecaa46f0092aadef273bda93c8933886052fd0a752cb893a3989341f58c653cce37344d3423d35ac4bbd36406412706bb7464915f9edeb1b91e4829b47f9b8,,M,24.0,,NONE,"REPORTED, NOT EVIDENT",TOO FAST FOR CONDITIONS,UNKNOWN,NORMAL,OTHER ACTION,NO CONTRASTING CLOTHING,NOT IN ROADWAY,,2024-09-23 08:06:00,35,CLEAR,DAYLIGHT,PEDALCYCLIST,FOUR WAY,DRY,UNKNOWN,ON SCENE,INJURY AND / OR TOW DUE TO CRASH,,"OVER $1,500",09/23/2024 08:08:00 AM,FAILING TO REDUCE SPEED TO AVOID CRASH,DRIVING ON WRONG SIDE/WRONG WAY,,2,NONINCAPACITATING INJURY,2.0,0.0,0.0,1.0,1.0,0.0,0.0,8,2,9,41.855260849,-87.661361178,POINT (-87.661361178259 41.855260848656),POINT (1167314.3904346891 1890563.4567075549),2024,1400 W CULLERTON ST
P400713,PASSENGER,77794fddd742837096045602e65bbdd9665414c9f29dc5e259b5464fe052b7a3424f9c906d4f0f7d5382c0412e13133ca73da44184067e4f7015a1b6f7c79d5b,1726991.0,,11.0,NOT APPLICABLE,NONE,NO INDICATION OF INJURY,,,,,,,,2024-05-07 10:00:00,25,CLOUDY/OVERCAST,DAYLIGHT,FIXED OBJECT,ONE-WAY,WET,NO DEFECTS,ON SCENE,NO INJURY / DRIVE AWAY,,$500 OR LESS,05/07/2024 10:50:00 AM,IMPROPER BACKING,NOT APPLICABLE,,1,NO INDICATION OF INJURY,0.0,0.0,0.0,0.0,0.0,41.0,0.0,10,3,5,41.845781704,-87.61088889,POINT (-87.610888889723 41.845781704199),POINT (1181093.6207930618 1887220.9298534587),2024,2600 S FORT DEARBORN
O1784424,DRIVER,dcde7cfde5f99b70f96f81831a311255196433d1522783c02b80fd0d26fd99a34d67588f5005e73abeb64dfadbc1db5e210d25cd5ebb7468b0c106f305092a1e,1699329.0,M,,DID NOT DEPLOY,NONE,NONINCAPACITATING INJURY,UNKNOWN,UNKNOWN,ILLNESS/FAINTED,,,,,2024-03-25 10:40:00,30,CLEAR,DAYLIGHT,FIXED OBJECT,ONE-WAY,DRY,NO DEFECTS,ON SCENE,INJURY AND / OR TOW DUE TO CRASH,,"OVER $1,500",03/25/2024 10:45:00 AM,PHYSICAL CONDITION OF DRIVER,UNABLE TO DETERMINE,,1,NONINCAPACITATING INJURY,1.0,0.0,0.0,1.0,0.0,0.0,0.0,10,2,3,41.793443852,-87.674140801,POINT (-87.674140801231 41.793443852295),POINT (1164005.6684256822 1868010.6431394517),2024,1957 W GARFIELD BLVD
O1833952,DRIVER,450a91d02c98a885783a873611907516d2437cb3ae2e7ecac6f5277e1713f8dd0f550c74bd05282b4a0d4dd06214ca825977a503e3b4d560161385e72d52846a,1746945.0,F,,DEPLOYMENT UNKNOWN,NONE,NO INDICATION OF INJURY,NONE,UNKNOWN,UNKNOWN,,,,,2024-04-09 17:30:00,30,CLEAR,DAYLIGHT,REAR END,ONE-WAY,UNKNOWN,UNKNOWN,,NO INJURY / DRIVE AWAY,,"OVER $1,500",04/10/2024 05:30:00 PM,FOLLOWING TOO CLOSELY,NOT APPLICABLE,,2,NO INDICATION OF INJURY,0.0,0.0,0.0,0.0,0.0,7.0,0.0,17,3,4,41.882260152,-87.681739095,POINT (-87.681739095149 41.882260151729),POINT (1161688.157022103 1900359.163487357),2024,2202 W WARREN BLVD
O1812288,DRIVER,f5eff77183cd0304745d77bd87f468b2de84c6435652514426c7f6046b894b1845fb5ce4a0d4bd9737df75e67afe0dd98dbf5487bed290fa9f4046f61d7c927d,1726188.0,M,34.0,DID NOT DEPLOY,NONE,NO INDICATION OF INJURY,UNKNOWN,UNKNOWN,NORMAL,,,,,2024-05-06 06:30:00,30,CLEAR,DAYLIGHT,SIDESWIPE SAME DIRECTION,DIVIDED - W/MEDIAN BARRIER,UNKNOWN,UNKNOWN,NOT ON SCENE (DESK REPORT),NO INJURY / DRIVE AWAY,Y,"OVER $1,500",05/06/2024 08:00:00 AM,UNABLE TO DETERMINE,UNABLE TO DETERMINE,,2,NO INDICATION OF INJURY,0.0,0.0,0.0,0.0,0.0,2.0,0.0,6,2,5,41.981809621,-87.83643426,POINT (-87.836434259821 41.981809621386),POINT (1119352.1421481664 1936353.2133807943),2024,5639 N CUMBERLAND AVE
O1857121,DRIVER,57e5710b33c0ba1c670d78692a156339dcf0423be12fa3bbc2e1995a99d4ac8524bfdfd3469950a27b1a4e73f5924b4e7ed2323d071d1f5cf8e21df79f4d4a59,1769184.0,F,23.0,DID NOT DEPLOY,NONE,NO INDICATION OF INJURY,OTHER,NOT OBSCURED,NORMAL,,,,,2024-07-04 10:00:00,30,CLEAR,DAYLIGHT,REAR TO FRONT,NOT DIVIDED,DRY,NO DEFECTS,NOT ON SCENE (DESK REPORT),NO INJURY / DRIVE AWAY,,"OVER $1,500",07/05/2024 03:45:00 PM,UNABLE TO DETERMINE,NOT APPLICABLE,,2,NO INDICATION OF INJURY,0.0,0.0,0.0,0.0,0.0,2.0,0.0,10,5,7,41.979428255,-87.659805855,POINT (-87.659805854713 41.979428254922),POINT (1167382.7587465504 1935813.542230498),2024,5343 N BROADWAY
O1786664,DRIVER,a41d1b3e8a8e4bd9aa1af4587312ecee5108f0f38160f3a65c4f719e952467c13c3d2c935b6e040d349d1ae45f3d485e943ca80340c688cca2d398962376cb37,1701507.0,M,44.0,NOT APPLICABLE,NONE,NO INDICATION OF INJURY,NONE,NOT OBSCURED,NORMAL,,,,,2024-03-29 12:11:00,30,CLEAR,DAYLIGHT,REAR END,FOUR WAY,DRY,NO DEFECTS,ON SCENE,NO INJURY / DRIVE AWAY,,"OVER $1,500",03/29/2024 12:13:00 PM,IMPROPER OVERTAKING/PASSING,IMPROPER LANE USAGE,,2,NO INDICATION OF INJURY,0.0,0.0,0.0,0.0,0.0,5.0,0.0,12,6,3,41.867288654,-87.645139316,POINT (-87.645139316373 41.867288654444),POINT (1171698.5792343107 1894981.3670039384),2024,698 W ROOSEVELT RD
P402951,PASSENGER,d98b8f7f7eb813759eab181442b223dcd05ef4a67390dc8f84c2ef7d06b7df54c167bb412c7a3354299ff750dd5d21686d47bfc5fd56e6968bfecf13f90b2e1d,1736546.0,F,,DID NOT DEPLOY,NONE,NONINCAPACITATING INJURY,,,,,,,,2024-03-29 10:00:00,30,CLEAR,DAYLIGHT,ANGLE,FOUR WAY,DRY,NO DEFECTS,,INJURY AND / OR TOW DUE TO CRASH,Y,"OVER $1,500",03/29/2024 10:00:00 AM,DISREGARDING TRAFFIC SIGNALS,UNABLE TO DETERMINE,,2,INCAPACITATING INJURY,12.0,0.0,1.0,11.0,0.0,1.0,0.0,10,6,3,41.751194338,-87.605367326,POINT (-87.60536732633 41.751194338222),POINT (1182889.977954471 1852766.5344550612),2024,7900 S COTTAGE GROVE AVE
O1888099,DRIVER,856f4db6cdad5a690ec2d9585bd471b0d16cd971a42446cb08f6838b25f594fa187d141b31ef68bb1aec520f3cd378f8a7639f6ef7c95f7093f52bef8d8bd723,1798693.0,M,17.0,DID NOT DEPLOY,NONE,INCAPACITATING INJURY,UNKNOWN,UNKNOWN,NORMAL,,,,,2024-08-19 17:00:00,30,CLEAR,DAYLIGHT,FIXED OBJECT,NOT DIVIDED,DRY,NO DEFECTS,ON SCENE,INJURY AND / OR TOW DUE TO CRASH,,"OVER $1,500",08/19/2024 05:03:00 PM,UNABLE TO DETERMINE,UNABLE TO DETERMINE,,2,INCAPACITATING INJURY,2.0,0.0,1.0,1.0,0.0,3.0,0.0,17,2,8,41.844190276,-87.720828051,POINT (-87.720828050735 41.844190275694),POINT (1151142.618586597 1886408.2033215202),2024,3825 W 26TH ST
O1899199,DRIVER,a85c6aaf376e4cade7953a67e8cd057ec150bef10647ce7b334f9fcb37a64018fba7c0b741704cdc22f5d74ae5dee073b26893847ff58cff721f70a34c86c7dd,1809291.0,M,,DID NOT DEPLOY,NONE,NO INDICATION OF INJURY,NONE,UNKNOWN,NORMAL,,,,,2024-09-04 13:00:00,30,CLEAR,DAYLIGHT,REAR END,NOT DIVIDED,DRY,UNKNOWN,NOT ON SCENE (DESK REPORT),NO INJURY / DRIVE AWAY,Y,"OVER $1,500",09/04/2024 01:58:00 PM,FOLLOWING TOO CLOSELY,FOLLOWING TOO CLOSELY,,2,NO INDICATION OF INJURY,0.0,0.0,0.0,0.0,0.0,2.0,0.0,13,4,9,41.706483159,-87.670862286,POINT (-87.670862286012 41.706483159216),POINT (1165143.6715731767 1836329.8469615944),2024,10300 S LONGWOOD DR
O1904323,DRIVER,4a44b9214a42dd5c2bea616b189cf2d44ba04dc9cad7ba1830eceedc050ee38d5ce7d2d7e00c5ff7ddf5da48b4a5202a82084c88436d0aa37aa16f65c5e64b41,1814165.0,M,38.0,NOT APPLICABLE,NONE,NO INDICATION OF INJURY,IMPROPER LANE CHANGE,NOT OBSCURED,NORMAL,,,,,2024-09-11 18:21:00,30,CLEAR,DAYLIGHT,TURNING,ONE-WAY,DRY,NO DEFECTS,ON SCENE,NO INJURY / DRIVE AWAY,,"$501 - $1,500",09/11/2024 06:21:00 PM,IMPROPER TURNING/NO SIGNAL,IMPROPER TURNING/NO SIGNAL,,2,NO INDICATION OF INJURY,0.0,0.0,0.0,0.0,0.0,3.0,0.0,18,4,9,41.801931892,-87.621171264,POINT (-87.621171264382 41.801931892323),POINT (1178424.4248725816 1871218.8431623308),2024,5100 S INDIANA AVE
P423090,PASSENGER,62ac9cb18382cd62003cb24f595ac96bc86b77f1f18a60aeb01f0a375c3772a96cf5ceb169bee6eef26aa64d60bb1cc90d45beca11590273d613ee418411a657,1821684.0,F,30.0,"DEPLOYED, COMBINATION",NONE,"REPORTED, NOT EVIDENT",,,,,,,,2024-09-22 04:04:00,30,CLEAR,"DARKNESS, LIGHTED ROAD",TURNING,NOT DIVIDED,DRY,NO DEFECTS,ON SCENE,INJURY AND / OR TOW DUE TO CRASH,,"OVER $1,500",09/22/2024 04:14:00 AM,IMPROPER TURNING/NO SIGNAL,IMPROPER TURNING/NO SIGNAL,,2,NONINCAPACITATING INJURY,3.0,0.0,0.0,1.0,2.0,4.0,0.0,4,1,9,41.870057075,-87.725466125,POINT (-87.725466125309 41.870057074836),POINT (1149812.121451 1895825.0087453465),2024,848 S PULASKI RD
O1739455,DRIVER,66d9ed84bbede668c9351fdb0785c8a91798126c6a2cd32b54b33662246672c63286517f15dbe1202028bfad7148b3b1f44fc2bc2b200719a2a1974ef76e22e2,1655995.0,M,46.0,DID NOT DEPLOY,UNKNOWN,NO INDICATION OF INJURY,UNKNOWN,UNKNOWN,NORMAL,,,,,2024-01-11 16:00:00,25,CLEAR,DAYLIGHT,ANGLE,DIVIDED - W/MEDIAN (NOT RAISED),DRY,NO DEFECTS,NOT ON SCENE (DESK REPORT),NO INJURY / DRIVE AWAY,,"OVER $1,500",01/12/2024 10:15:00 AM,UNABLE TO DETERMINE,UNABLE TO DETERMINE,,2,NO INDICATION OF INJURY,0.0,0.0,0.0,0.0,0.0,2.0,0.0,16,5,1,41.910739124,-87.667755542,POINT (-87.667755542235 41.910739123576),POINT (1165415.5838437688 1910766.1214624993),2024,1600 W NORTH AVE
P430929,PASSENGER,13c5385980450eef1437b32720d487cd4ac984cb8b056761be12fad9e67e6b350850889b3eeb332360f40479ce621ec5830d50f9418346b093959505e1537d03,1856490.0,F,9.0,DID NOT DEPLOY,NONE,NO INDICATION OF INJURY,,,,,,,,2024-11-13 15:52:00,30,CLOUDY/OVERCAST,DAYLIGHT,ANGLE,NOT DIVIDED,DRY,NO DEFECTS,ON SCENE,INJURY AND / OR TOW DUE TO CRASH,Y,"OVER $1,500",11/13/2024 03:55:00 PM,FAILING TO YIELD RIGHT-OF-WAY,FAILING TO YIELD RIGHT-OF-WAY,,4,"REPORTED, NOT EVIDENT",2.0,0.0,0.0,0.0,2.0,5.0,0.0,15,4,11,41.792684881,-87.733097671,POINT (-87.733097670573 41.792684881021),POINT (1147930.539640047 1867616.3158635877),2024,5512 S KOSTNER AVE
O1848763,DRIVER,e040e95a2a2ebe239a7955e903e0b7476c243d26ff13f86d41afae057a94128fcd6ea69c7705e9b3e8344651cd95c3747b551eb8bda1f836da446f5cffdcb6a3,1761142.0,F,,DEPLOYMENT UNKNOWN,NONE,"REPORTED, NOT EVIDENT",FAILED TO YIELD,NOT OBSCURED,NORMAL,,,,,2024-06-21 14:15:00,30,CLEAR,DAYLIGHT,ANGLE,DIVIDED - W/MEDIAN (NOT RAISED),DRY,NO DEFECTS,NOT ON SCENE (DESK REPORT),INJURY AND / OR TOW DUE TO CRASH,,"OVER $1,500",06/23/2024 01:30:00 PM,IMPROPER TURNING/NO SIGNAL,NOT APPLICABLE,,2,"REPORTED, NOT EVIDENT",5.0,0.0,0.0,0.0,5.0,0.0,0.0,14,6,6,41.939156881,-87.730879862,POINT (-87.730879861515 41.939156880764),POINT (1148160.760609716 1920994.580032609),2024,4130 W BELMONT AVE
P422084,PASSENGER,9ce254677d107ac2f7033792ab76a28984a7e2b34e29e4dc9bd9fbfe1b7facc9c70c8bd51efa4fdbd5475eb7196a938b8add2c165fadeeb5e6ac9a7339dcec7b,1817121.0,M,20.0,NOT APPLICABLE,NONE,NO INDICATION OF INJURY,,,,,,,,2024-09-15 22:37:00,30,CLEAR,"DARKNESS, LIGHTED ROAD",TURNING,DIVIDED - W/MEDIAN (NOT RAISED),DRY,NO DEFECTS,ON SCENE,NO INJURY / DRIVE AWAY,,"OVER $1,500",09/15/2024 10:40:00 PM,IMPROPER TURNING/NO SIGNAL,UNABLE TO DETERMINE,,2,NO INDICATION OF INJURY,0.0,0.0,0.0,0.0,0.0,3.0,0.0,22,1,9,41.76483672,-87.722550788,POINT (-87.722550788239 41.764836720462),POINT (1150878.6966981373 1857488.923176127),2024,7034 S PULASKI RD
O1739281,DRIVER,67ca40c92a35f8ffb65850b9a7be3a10fc0386ed98d6847bcb1788a8eeb2296efea974a80a591150b5594f0379bb9629c85e285d85f8acc89bbb09f9abda0341,1655817.0,F,37.0,NOT APPLICABLE,NONE,NO INDICATION OF INJURY,FOLLOWED TOO CLOSELY,NOT OBSCURED,NORMAL,,,,,2024-01-11 21:40:00,30,CLEAR,"DARKNESS, LIGHTED ROAD",REAR END,DIVIDED - W/MEDIAN (NOT RAISED),DRY,NO DEFECTS,NOT ON SCENE (DESK REPORT),NO INJURY / DRIVE AWAY,,"OVER $1,500",01/11/2024 11:50:00 PM,FOLLOWING TOO CLOSELY,NOT APPLICABLE,,2,NO INDICATION OF INJURY,0.0,0.0,0.0,0.0,0.0,2.0,0.0,21,5,1,41.924220295,-87.755949852,POINT (-87.755949851991 41.92422029538),POINT (1141376.5450227463 1915504.7283333521),2024,5156 W FULLERTON AVE
O1880384,DRIVER,de1ccaea068acad0d4e866b810aec45f2356632273588c17638a3e916a92de80410625981c20496af5fb3aeced83b93d758256fb4abc4ceaf22423a22d3b429f,1791340.0,M,21.0,NOT APPLICABLE,NONE,NO INDICATION OF INJURY,IMPROPER LANE CHANGE,UNKNOWN,NORMAL,,,,,2024-08-08 16:28:00,30,CLEAR,DAYLIGHT,PARKED MOTOR VEHICLE,NOT DIVIDED,DRY,NO DEFECTS,ON SCENE,INJURY AND / OR TOW DUE TO CRASH,,"OVER $1,500",08/08/2024 04:30:00 PM,NOT APPLICABLE,NOT APPLICABLE,,2,NO INDICATION OF INJURY,0.0,0.0,0.0,0.0,0.0,2.0,0.0,16,5,8,41.74862501,-87.682958495,POINT (-87.68295849515 41.748625009698),POINT (1161724.6529407245 1851660.7044115046),2024,7948 S WESTERN AVE
O1902808,DRIVER,50ef23e86c69d08ac0e583870e32e77949508491ec09f821fc73bac66ca80fb5d354107f60045c989c3e9b577577977dc584071221391d9cc5716ad05e87b672,1812743.0,F,63.0,NOT APPLICABLE,NONE,NO INDICATION OF INJURY,NONE,UNKNOWN,UNKNOWN,,,,,2024-09-09 09:29:00,30,CLEAR,DAYLIGHT,REAR END,NOT DIVIDED,DRY,UNKNOWN,NOT ON SCENE (DESK REPORT),NO INJURY / DRIVE AWAY,,"OVER $1,500",09/09/2024 04:00:00 PM,FOLLOWING TOO CLOSELY,FOLLOWING TOO CLOSELY,,2,NO INDICATION OF INJURY,0.0,0.0,0.0,0.0,0.0,2.0,0.0,9,2,9,41.735729392,-87.643756931,POINT (-87.643756930864 41.735729392227),POINT (1172459.7106134512 1847044.9597231508),2024,8702 S HALSTED ST
O1747198,DRIVER,ef7fd4b9f84abb7182b7a2475a6af88320be1bdfd90583c4f1d4e0d16367ca224f451985adb4817cca1a6e52cc00811e9abe8f738bab9e73299fbe3a2ad58a68,1663466.0,M,16.0,DID NOT DEPLOY,NONE,NO INDICATION OF INJURY,OTHER,NOT OBSCURED,NORMAL,,,,,2024-01-23 13:19:00,30,CLOUDY/OVERCAST,DAYLIGHT,HEAD ON,ONE-WAY,SNOW OR SLUSH,UNKNOWN,NOT ON SCENE (DESK REPORT),NO INJURY / DRIVE AWAY,N,$500 OR LESS,01/23/2024 01:19:00 PM,"OPERATING VEHICLE IN ERRATIC, RECKLESS, CARELESS, NEGLIGENT OR AGGRESSIVE MANNER",NOT APPLICABLE,,2,NO INDICATION OF INJURY,0.0,0.0,0.0,0.0,0.0,3.0,0.0,13,3,1,41.79611355,-87.647517831,POINT (-87.647517830736 41.796113550349),POINT (1171257.782408152 1869040.2563498963),2024,5359 S PEORIA ST
O1934131,DRIVER,2d56b81be267a2a0854c14abf64a0642cb87e13300da3fdcfe502755351ac5aa587d467aabf3e02feec7cc1ecde7e158a0836ea51edbf5c1534bb4498cc3af0b,1842593.0,M,26.0,DID NOT DEPLOY,NONE,NO INDICATION OF INJURY,NONE,NOT OBSCURED,NORMAL,,,,,2024-10-23 15:20:00,30,CLEAR,DAYLIGHT,TURNING,NOT DIVIDED,DRY,NO DEFECTS,NOT ON SCENE (DESK REPORT),NO INJURY / DRIVE AWAY,,"OVER $1,500",10/23/2024 05:00:00 PM,FAILING TO YIELD RIGHT-OF-WAY,DRIVING SKILLS/KNOWLEDGE/EXPERIENCE,,2,NO INDICATION OF INJURY,0.0,0.0,0.0,0.0,0.0,2.0,0.0,15,4,10,41.904152359,-87.70194515,POINT (-87.701945149643 41.90415235858),POINT (1156127.0386561053 1908295.5419517842),2024,1243 N HUMBOLDT DR
O1842167,DRIVER,7ac9facbd6e4ff90012e89a1fe89099c000d2d21cdbd2337f83d19400c5a24ca79b661c59fede14f0003e135aa7fa6518253a6f5018beb121d787a24dd99622a,1754818.0,X,,DEPLOYMENT UNKNOWN,NONE,NO INDICATION OF INJURY,WRONG WAY/SIDE,UNKNOWN,UNKNOWN,,,,,2024-06-14 12:59:00,30,CLEAR,DAYLIGHT,HEAD ON,DIVIDED - W/MEDIAN (NOT RAISED),DRY,NO DEFECTS,ON SCENE,NO INJURY / DRIVE AWAY,Y,"OVER $1,500",06/14/2024 01:05:00 PM,DRIVING ON WRONG SIDE/WRONG WAY,DRIVING SKILLS/KNOWLEDGE/EXPERIENCE,,2,NO INDICATION OF INJURY,0.0,0.0,0.0,0.0,0.0,2.0,0.0,12,6,6,41.722574377,-87.575756131,POINT (-87.575756130673 41.722574376737),POINT (1191061.8356926944 1842407.4406679498),2024,1950 E 95TH ST
P407781,PASSENGER,9f79830865029634434c64831a8aea6251267f48cf36af8a3fdef3c3c676bec2e919c8710872de8443b9fe3025f60211fd6188a669d63fc46828888831ef8221,1756349.0,M,,NOT APPLICABLE,NONE,NO INDICATION OF INJURY,,,,,,,,2024-06-16 12:55:00,30,CLEAR,DAYLIGHT,TURNING,NOT DIVIDED,DRY,UNKNOWN,NOT ON SCENE (DESK REPORT),NO INJURY / DRIVE AWAY,,$500 OR LESS,06/16/2024 02:55:00 PM,IMPROPER TURNING/NO SIGNAL,IMPROPER TURNING/NO SIGNAL,,2,NO INDICATION OF INJURY,0.0,0.0,0.0,0.0,0.0,5.0,0.0,12,1,6,41.663254479,-87.61778866,POINT (-87.617788659925 41.663254478672),POINT (1179766.8190759248 1820693.8280281932),2024,12700 S INDIANA AVE
O1881981,DRIVER,032348ec999a3ea0d2720fc2f529f2cc8738535cda7756c80dfe4ed060fdff4b4d01f5037953b3408255207baa3fe7cafbf049dbcf7aa4ec1ea9bfd4efc7d32f,1792867.0,M,,DEPLOYMENT UNKNOWN,NONE,NO INDICATION OF INJURY,FAILED TO YIELD,UNKNOWN,UNKNOWN,,,,,2024-08-10 20:10:00,30,CLEAR,"DARKNESS, LIGHTED ROAD",REAR END,DIVIDED - W/MEDIAN (NOT RAISED),DRY,NO DEFECTS,NOT ON SCENE (DESK REPORT),NO INJURY / DRIVE AWAY,Y,"$501 - $1,500",08/10/2024 08:45:00 PM,UNABLE TO DETERMINE,NOT APPLICABLE,,2,NO INDICATION OF INJURY,0.0,0.0,0.0,0.0,0.0,4.0,0.0,20,7,8,41.779331844,-87.683675761,POINT (-87.683675760848 41.779331844298),POINT (1161444.4157585674 1862848.5347034633),2024,2400 W 63RD ST
P409032,PASSENGER,740d5a508ddd7a79687376337b85736b84eef8448df46aaec5d3ca636349d40f113f966b230ecbb4163db2276bd3a9528acff35651adba8442dde3e837cd604e,1761685.0,F,75.0,"DEPLOYED, FRONT",NONE,INCAPACITATING INJURY,,,,,,,,2024-06-24 10:28:00,30,CLEAR,DAYLIGHT,REAR END,FOUR WAY,DRY,NO DEFECTS,ON SCENE,INJURY AND / OR TOW DUE TO CRASH,,"OVER $1,500",06/24/2024 10:32:00 AM,DRIVING SKILLS/KNOWLEDGE/EXPERIENCE,FOLLOWING TOO CLOSELY,,2,INCAPACITATING INJURY,2.0,0.0,1.0,0.0,1.0,1.0,0.0,10,2,6,41.867319405,-87.639056746,POINT (-87.63905674603 41.867319405339),POINT (1173355.2530041866 1895005.9132085182),2024,1159 S CANAL ST
O1883508,DRIVER,7d2fa2492565060043cb4eab632a7d8efd86c43ca0ba0bb9ae6e2b918550ec7d24a88c5c6d49b479a6df9272f53d92c9f351068f0f3ca892be9beeb6a11fb74f,1794324.0,M,42.0,NOT APPLICABLE,NONE,NO INDICATION OF INJURY,OTHER,NOT OBSCURED,NORMAL,,,,,2024-08-13 10:20:00,20,CLEAR,DAYLIGHT,SIDESWIPE SAME DIRECTION,RAMP,DRY,NO DEFECTS,NOT ON SCENE (DESK REPORT),NO INJURY / DRIVE AWAY,,"$501 - $1,500",08/13/2024 10:42:00 AM,IMPROPER OVERTAKING/PASSING,UNABLE TO DETERMINE,,2,NO INDICATION OF INJURY,0.0,0.0,0.0,0.0,0.0,2.0,0.0,10,3,8,41.789329323,-87.741645644,POINT (-87.741645644196 41.789329323265),POINT (1145607.9660026962 1866377.416162628),2024,5700 S CICERO AVE
O1767105,DRIVER,3359ce2a4ff24ea2469dfaa569e75f5993e64d9056ab830fa3378bdf0eae863d5eccd76337c52f57aaf2dc7b649927a567e1390acd18408df39a359a4cd3921e,1682677.0,M,,DEPLOYMENT UNKNOWN,NONE,NO INDICATION OF INJURY,UNKNOWN,UNKNOWN,UNKNOWN,,,,,2024-02-27 18:12:00,30,CLEAR,DARKNESS,PEDESTRIAN,NOT DIVIDED,DRY,NO DEFECTS,ON SCENE,INJURY AND / OR TOW DUE TO CRASH,Y,"OVER $1,500",02/27/2024 06:18:00 PM,UNABLE TO DETERMINE,NOT APPLICABLE,,2,INCAPACITATING INJURY,1.0,0.0,1.0,0.0,0.0,1.0,0.0,18,3,2,41.921048559,-87.775472626,POINT (-87.775472625618 41.92104855859),POINT (1136071.205379918 1914313.776677016),2024,2215 N AUSTIN AVE
P397474,PASSENGER,5d52ba55236391a1d28cfe210d031706cb3cdea08abd2fac9c69c1ecaa5abbb22f9f8c96cbf78ca839a5d8bdd0d6dd6376c149f8974d7969e984ad31d4d4db7d,1713593.0,M,28.0,NOT APPLICABLE,NONE,"REPORTED, NOT EVIDENT",,,,,,,,2024-04-17 00:29:00,30,CLEAR,DARKNESS,ANGLE,FOUR WAY,UNKNOWN,UNKNOWN,ON SCENE,INJURY AND / OR TOW DUE TO CRASH,Y,"OVER $1,500",04/17/2024 12:30:00 AM,UNABLE TO DETERMINE,NOT APPLICABLE,,2,"REPORTED, NOT EVIDENT",2.0,0.0,0.0,0.0,2.0,1.0,0.0,0,4,4,41.887717071,-87.765266012,POINT (-87.765266011737 41.887717070526),POINT (1138929.3664706508 1902186.0275263758),2024,396 N CENTRAL AVE