PERSON_ID,PERSON_TYPE,CRASH_RECORD_ID,VEHICLE_ID,SEX,AGE,AIRBAG_DEPLOYED,EJECTION,INJURY_CLASSIFICATION,DRIVER_ACTION,DRIVER_VISION,PHYSICAL_CONDITION,PEDPEDAL_ACTION,PEDPEDAL_VISIBILITY,PEDPEDAL_LOCATION,CRASH_DATE_EST_I,CRASH_DATE,POSTED_SPEED_LIMIT,WEATHER_CONDITION,LIGHTING_CONDITION,FIRST_CRASH_TYPE,TRAFFICWAY_TYPE,ROADWAY_SURFACE_COND,ROAD_DEFECT,REPORT_TYPE,CRASH_TYPE,HIT_AND_RUN_I,DAMAGE,DATE_POLICE_NOTIFIED,PRIM_CONTRIBUTORY_CAUSE,SEC_CONTRIBUTORY_CAUSE,DOORING_I,NUM_UNITS,MOST_SEVERE_INJURY,INJURIES_TOTAL,INJURIES_FATAL,INJURIES_INCAPACITATING,INJURIES_NON_INCAPACITATING,INJURIES_REPORTED_NOT_EVIDENT,INJURIES_NO_INDICATION,INJURIES_UNKNOWN,CRASH_HOUR,CRASH_DAY_OF_WEEK,CRASH_MONTH,LATITUDE,LONGITUDE,LOCATION,geometry,YEAR,ADDRESS
O1876424,DRIVER,647dc6fd5db82cf9fd30226d000725284f0c3f0b35813d84316fb395946961090bea273fefb824184b51f41da2d4c9edcbfca61fc04daad41417d26b6df21d64,1787548.0,F,34.0,NOT APPLICABLE,NONE,NO INDICATION OF INJURY,NONE,NOT OBSCURED,NORMAL,,,,,2024-08-02 17:56:00,25,CLEAR,DAYLIGHT,PEDESTRIAN,FOUR WAY,DRY,NO DEFECTS,ON SCENE,INJURY AND / OR TOW DUE TO CRASH,,$500 OR LESS,08/02/2024 05:56:00 PM,UNABLE TO DETERMINE,UNABLE TO DETERMINE,,2,NONINCAPACITATING INJURY,1.0,0.0,0.0,1.0,0.0,2.0,0.0,17,6,8,41.838955676,-87.7171462,POINT (-87.71714620021 41.838955675598),POINT (1152159.5213511207 1884507.9117589097),2024,3700 W 30TH ST
P428333,PASSENGER,f317c28f3b8789c2b3942476b2ac7deccc3687f8818b0cf0748b3188e66cab47269c0ce2e713e30d648d7115d0064abf442cef50bbae3f01bbe4576de4c2197d,1844874.0,F,,DID NOT DEPLOY,NONE,NO INDICATION OF INJURY,,,,,,,,2024-10-26 19:59:00,30,CLEAR,DARKNESS,ANGLE,NOT DIVIDED,DRY,NO DEFECTS,ON SCENE,INJURY AND / OR TOW DUE TO CRASH,,"OVER $1,500",10/26/2024 07:59:00 PM,FAILING TO YIELD RIGHT-OF-WAY,UNABLE TO DETERMINE,,2,NONINCAPACITATING INJURY,1.0,0.0,0.0,1.0,0.0,4.0,0.0,19,7,10,41.91772652,-87.684840401,POINT (-87.684840401272 41.917726519962),POINT (1160745.9312059288 1913276.7118178078),2024,2298 W ARMITAGE AVE
O1940158,DRIVER,922250379166480fbd5414aa56294dc89219ef18b17f66aaa365eef76008a33909cfcb85d1893ea58da768322ed384274d8c3ee0856fb3976e93d5de63288901,1848324.0,M,58.0,DEPLOYMENT UNKNOWN,UNKNOWN,NO INDICATION OF INJURY,NONE,UNKNOWN,NORMAL,,,,,2024-10-31 20:15:00,30,CLEAR,"DARKNESS, LIGHTED ROAD",TURNING,NOT DIVIDED,DRY,NO DEFECTS,NOT ON SCENE (DESK REPORT),NO INJURY / DRIVE AWAY,,"$501 - $1,500",10/31/2024 09:00:00 PM,FAILING TO YIELD RIGHT-OF-WAY,NOT APPLICABLE,,2,NO INDICATION OF INJURY,0.0,0.0,0.0,0.0,0.0,2.0,0.0,20,5,10,41.736006565,-87.645341819,POINT (-87.64534181898 41.736006564585),POINT (1172026.3289894033 1847142.4966435574),2024,8700 S VINCENNES AVE
O1795867,DRIVER,8a29f7a90a1003f4fcb16d121003687514dc7cf625311a0cd938d1d3697cc37c2411c49ac82f67fb07c0d9f19adee786d38db237a0961a73edfdb2d323d84cbb,1710357.0,M,,DEPLOYMENT UNKNOWN,NONE,NO INDICATION OF INJURY,FOLLOWED TOO CLOSELY,UNKNOWN,UNKNOWN,,,,,2024-04-12 14:20:00,35,CLEAR,DAYLIGHT,REAR END,DIVIDED - W/MEDIAN (NOT RAISED),DRY,UNKNOWN,ON SCENE,INJURY AND / OR TOW DUE TO CRASH,Y,"OVER $1,500",04/12/2024 02:30:00 PM,UNABLE TO DETERMINE,UNABLE TO DETERMINE,,2,"REPORTED, NOT EVIDENT",1.0,0.0,0.0,0.0,1.0,2.0,0.0,14,6,4,41.660392428,-87.592224265,POINT (-87.59222426523 41.660392428361),POINT (1186761.096776961 1819709.967173305),2024,1200 E 130TH ST
O1816995,DRIVER,7b2d4bce763ee8691f14c8e2dab076e246ec6101293f1a0d0151853969d35e41219f763d909f888f6cbe294d22e269691e9c5eaa41d2f0c810aa3b36b88fdf21,1730684.0,M,,DEPLOYMENT UNKNOWN,NONE,NO INDICATION OF INJURY,NONE,UNKNOWN,UNKNOWN,,,,,2024-05-11 08:30:00,30,CLEAR,DAYLIGHT,REAR END,FOUR WAY,DRY,NO DEFECTS,NOT ON SCENE (DESK REPORT),NO INJURY / DRIVE AWAY,,"OVER $1,500",05/12/2024 11:31:00 AM,UNABLE TO DETERMINE,NOT APPLICABLE,,2,NO INDICATION OF INJURY,0.0,0.0,0.0,0.0,0.0,3.0,0.0,8,7,5,41.866971471,-87.666191487,POINT (-87.66619148656 41.866971471466),POINT (1165965.3103141398 1894820.519710802),2024,1556 W ROOSEVELT RD
O1918319,DRIVER,e2f603a0b8ea9f9b9d9b05eeab0e112185afd5ea077f869a9927453a6a6b6fb785f0b00f1cb54c8761cf010583cb8af57a5d5bca79bfc7555804239fa619e593,1827525.0,M,0.0,DID NOT DEPLOY,NONE,NONINCAPACITATING INJURY,NONE,UNKNOWN,NORMAL,,,,,2024-09-30 20:45:00,30,CLEAR,"DARKNESS, LIGHTED ROAD",ANGLE,DIVIDED - W/MEDIAN (NOT RAISED),DRY,UNKNOWN,NOT ON SCENE (DESK REPORT),INJURY AND / OR TOW DUE TO CRASH,,"OVER $1,500",09/30/2024 09:30:00 PM,UNABLE TO DETERMINE,NOT APPLICABLE,,2,NONINCAPACITATING INJURY,1.0,0.0,0.0,1.0,0.0,1.0,0.0,20,2,9,41.997415828,-87.689725514,POINT (-87.689725513804 41.997415828144),POINT (1159198.278298201 1942305.766959433),2024,6351 N WESTERN AVE
P406859,PASSENGER,8cea662120a4b0b6916872d610647bfc4faa3e5a9bcb7f4e7aebe53fb28b91c324d75af0c74930e0b5b5750b40dbce5d969ed802939198351a7bd9a1ef0a4d5c,1752341.0,M,27.0,"DEPLOYED, COMBINATION",NONE,NONINCAPACITATING INJURY,,,,,,,,2024-06-10 19:03:00,30,CLEAR,DAYLIGHT,ANGLE,FOUR WAY,DRY,UNKNOWN,ON SCENE,INJURY AND / OR TOW DUE TO CRASH,,"OVER $1,500",06/10/2024 07:05:00 PM,FAILING TO YIELD RIGHT-OF-WAY,NOT APPLICABLE,,2,NONINCAPACITATING INJURY,2.0,0.0,0.0,2.0,0.0,1.0,0.0,19,2,6,41.900522157,-87.643134114,POINT (-87.643134113819 41.900522157034),POINT (1172147.3544216787 1907096.0187204394),2024,600 W OAK ST
O1830249,DRIVER,7deaf7ed517bd4ce3b61822329ab8941b31f2404dd2fced68fc6479bdd45ede842b10c678583de9bb2de4f4d40ddddbfb1818707211a8a078649d0cbc1995a29,1743397.0,F,16.0,DID NOT DEPLOY,NONE,NO INDICATION OF INJURY,UNKNOWN,UNKNOWN,NORMAL,,,,,2024-05-29 16:00:00,15,CLEAR,DAYLIGHT,FIXED OBJECT,ALLEY,DRY,NO DEFECTS,NOT ON SCENE (DESK REPORT),NO INJURY / DRIVE AWAY,,"OVER $1,500",05/29/2024 11:00:00 PM,DRIVING SKILLS/KNOWLEDGE/EXPERIENCE,UNABLE TO DETERMINE,,1,NO INDICATION OF INJURY,0.0,0.0,0.0,0.0,0.0,2.0,0.0,16,4,5,41.678229311,-87.659124451,POINT (-87.659124451349 41.678229311356),POINT (1168429.3922259235 1826059.3819693597),2024,11838 S LAFLIN ST
O1747009,DRIVER,7ade610aac8a679289e253ef71e8445d5fc3852409304f4dbc9c442a2414527bd0e7773d5d76b3cb5dee44cee5dad84ac017b091b6d77ba792a905e7ba7fee6e,1663284.0,M,45.0,DEPLOYMENT UNKNOWN,NONE,NO INDICATION OF INJURY,UNKNOWN,UNKNOWN,UNKNOWN,,,,,2024-01-24 07:40:00,30,UNKNOWN,UNKNOWN,REAR END,ONE-WAY,UNKNOWN,UNKNOWN,ON SCENE,NO INJURY / DRIVE AWAY,,"$501 - $1,500",01/24/2024 01:15:00 PM,UNABLE TO DETERMINE,NOT APPLICABLE,,2,NO INDICATION OF INJURY,0.0,0.0,0.0,0.0,0.0,2.0,0.0,7,4,1,42.009958361,-87.687966887,POINT (-87.687966886747 42.009958361089),POINT (1159641.866022928 1946879.9457091873),2024,7043 N OAKLEY AVE
O1792507,DRIVER,00773e66573c41a7f4b8e16444164e19c28ea532f6ca502350a9b653c06e77ae712dcf55ba07fceb9ba7bb7bc66d3e717ee9d88306368a80059b7aed3ad56dff,1707132.0,F,21.0,DID NOT DEPLOY,NONE,NO INDICATION OF INJURY,IMPROPER PASSING,UNKNOWN,UNKNOWN,,,,,2024-04-06 22:30:00,30,CLEAR,"DARKNESS, LIGHTED ROAD",SIDESWIPE OPPOSITE DIRECTION,FOUR WAY,DRY,NO DEFECTS,NOT ON SCENE (DESK REPORT),NO INJURY / DRIVE AWAY,,"OVER $1,500",04/07/2024 11:20:00 AM,IMPROPER OVERTAKING/PASSING,UNABLE TO DETERMINE,,2,NO INDICATION OF INJURY,0.0,0.0,0.0,0.0,0.0,2.0,0.0,22,7,4,41.73682263,-87.58578342,POINT (-87.585783420329 41.736822630157),POINT (1188279.3651045111 1847575.4345735447),2024,8700 S STONY ISLAND AVE
O1768898,DRIVER,f0f8dbfb48af8f42deb8b5718dae84dcd24b9c0a30ab838802e0df9b36d26d924191119bb9d64b2eddaf1f88c572e068c05cb01a687ed010292a24c5d9c8de5c,1684417.0,F,,NOT APPLICABLE,NONE,NO INDICATION OF INJURY,NONE,NOT OBSCURED,NORMAL,,,,,2024-03-01 18:00:00,30,CLEAR,DARKNESS,SIDESWIPE SAME DIRECTION,ONE-WAY,DRY,UNKNOWN,NOT ON SCENE (DESK REPORT),NO INJURY / DRIVE AWAY,Y,"OVER $1,500",03/01/2024 06:20:00 PM,UNABLE TO DETERMINE,UNABLE TO DETERMINE,,2,NO INDICATION OF INJURY,0.0,0.0,0.0,0.0,0.0,3.0,0.0,18,6,3,41.873412033,-87.719602325,POINT (-87.719602324613 41.873412032853),POINT (1151400.4847876017 1897058.9128782067),2024,603 S INDEPENDENCE BLVD
O1760286,DRIVER,17d99c55ce542b9987405765d6970fb042c966af7a443e292e076d69e87163a9febfb898d11f104525629e31a882a197ff6474676743f5c8a9b77aa393aeef22,1676063.0,F,,DEPLOYMENT UNKNOWN,NONE,NO INDICATION OF INJURY,FOLLOWED TOO CLOSELY,UNKNOWN,UNKNOWN,,,,,2024-02-16 11:30:00,30,CLOUDY/OVERCAST,DAYLIGHT,REAR END,NOT DIVIDED,DRY,NO DEFECTS,NOT ON SCENE (DESK REPORT),NO INJURY / DRIVE AWAY,Y,"OVER $1,500",02/16/2024 01:00:00 PM,FOLLOWING TOO CLOSELY,DRIVING SKILLS/KNOWLEDGE/EXPERIENCE,,2,NO INDICATION OF INJURY,0.0,0.0,0.0,0.0,0.0,2.0,0.0,11,6,2,41.910508596,-87.682012718,POINT (-87.682012718294 41.910508596384),POINT (1161535.5003677602 1910652.3258773538),2024,2152 W NORTH AVE
P403305,PASSENGER,69ad2bcffb9f3625fb2100943e83ca2c8cf272e92a752d5ce2be6ee55888a0d3df4f788b2fc4c4ef5bbcceb507b3f221212db817b3c8d09b0d722b5055637766,1738116.0,F,,DID NOT DEPLOY,NONE,NO INDICATION OF INJURY,,,,,,,,2024-05-18 02:00:00,35,CLEAR,"DARKNESS, LIGHTED ROAD",ANGLE,DIVIDED - W/MEDIAN BARRIER,DRY,NO DEFECTS,NOT ON SCENE (DESK REPORT),INJURY AND / OR TOW DUE TO CRASH,,"OVER $1,500",05/22/2024 02:20:00 PM,FAILING TO YIELD RIGHT-OF-WAY,NOT APPLICABLE,,2,NO INDICATION OF INJURY,0.0,0.0,0.0,0.0,0.0,5.0,0.0,2,7,5,41.885695503,-87.636680717,POINT (-87.636680716526 41.885695503017),POINT (1173948.0814010948 1901707.3868806462),2024,199 N WACKER DR
P395570,PASSENGER,067083d8af3123e9ccd1cf75314e6ff7900d48d42b59f94d276dfd2935ca0975b704eb6b7116a93f11bf37ca682e3f172693b4580b0024c53f3cdf09ee5422f8,1705793.0,,,NOT APPLICABLE,NONE,NO INDICATION OF INJURY,,,,,,,,2024-04-05 09:14:00,30,CLEAR,DAYLIGHT,TURNING,FOUR WAY,DRY,NO DEFECTS,ON SCENE,NO INJURY / DRIVE AWAY,,"OVER $1,500",04/05/2024 09:16:00 AM,FAILING TO REDUCE SPEED TO AVOID CRASH,NOT APPLICABLE,,2,NO INDICATION OF INJURY,0.0,0.0,0.0,0.0,0.0,3.0,0.0,9,6,4,41.772615436,-87.630099678,POINT (-87.630099677564 41.77261543566),POINT (1176077.4124143978 1860516.0761935688),2024,6700 S WENTWORTH AVE
O1925224,DRIVER,7c621492a518c15c93f02e61dcdeabf9ca937b54dcf00984c4ce3037409b56dbdd8eb4e50fc2b29759b2b875960c73fbb6c63fde940585fb4975c7bc8434a0d2,1834118.0,M,30.0,DID NOT DEPLOY,NONE,NO INDICATION OF INJURY,OTHER,NOT OBSCURED,NORMAL,,,,,2024-10-10 20:15:00,30,CLEAR,"DARKNESS, LIGHTED ROAD",REAR END,NOT DIVIDED,DRY,NO DEFECTS,NOT ON SCENE (DESK REPORT),NO INJURY / DRIVE AWAY,,"OVER $1,500",10/10/2024 08:30:00 PM,UNABLE TO DETERMINE,UNABLE TO DETERMINE,,2,NO INDICATION OF INJURY,0.0,0.0,0.0,0.0,0.0,2.0,0.0,20,5,10,41.72179922,-87.614287076,POINT (-87.614287075979 41.721799219894),POINT (1180545.5238179038 1842034.7692752222),2024,9500 S DR MARTIN LUTHER KING JR DR
P402676,PASSENGER,05e4c8982e531f287322478dacb574ad4fb628b2987b86b03b016cc935704cb99050762ba7b9291264c82f458e030609b0a358485f1f68937a0071b85b7e8ab8,1735545.0,F,29.0,DID NOT DEPLOY,NONE,NO INDICATION OF INJURY,,,,,,,,2024-05-18 22:13:00,30,CLEAR,"DARKNESS, LIGHTED ROAD",TURNING,FOUR WAY,UNKNOWN,UNKNOWN,NOT ON SCENE (DESK REPORT),NO INJURY / DRIVE AWAY,,"OVER $1,500",05/18/2024 11:00:00 PM,FAILING TO YIELD RIGHT-OF-WAY,FAILING TO YIELD RIGHT-OF-WAY,,2,NO INDICATION OF INJURY,0.0,0.0,0.0,0.0,0.0,4.0,0.0,22,7,5,41.931575608,-87.746743301,POINT (-87.746743301136 41.931575608446),POINT (1143863.647574725 1918202.018463188),2024,2800 N CICERO AVE
O1858185,DRIVER,56472934965a566bcc3af24408b0d2e41c34ede14a5f8880f7e5366e4870e954ad8c8de3e0838f9cd444e89a34cfa9c43bab4b500294d54b35b44e5c25ade038,1770202.0,M,27.0,"DEPLOYED, COMBINATION",NONE,NONINCAPACITATING INJURY,NONE,UNKNOWN,UNKNOWN,,,,,2024-07-07 04:00:00,30,CLEAR,"DARKNESS, LIGHTED ROAD",TURNING,NOT DIVIDED,DRY,NO DEFECTS,ON SCENE,INJURY AND / OR TOW DUE TO CRASH,,"OVER $1,500",07/07/2024 04:00:00 AM,DISREGARDING TRAFFIC SIGNALS,UNABLE TO DETERMINE,,2,INCAPACITATING INJURY,5.0,0.0,3.0,2.0,0.0,1.0,0.0,4,1,7,41.895292626,-87.736070611,POINT (-87.736070611267 41.895292625513),POINT (1146859.8140539257 1905000.531792721),2024,4400 W CHICAGO AVE
O1749848,DRIVER,15144fe948b8c931862555acaabb81ee9b90d856a0aef0ef189419e1a0f5099bef027d48dedf4f93c7465c340017d9efba4c8963d46acee8a8af81c9d5c99bde,1666016.0,F,34.0,DID NOT DEPLOY,NONE,NO INDICATION OF INJURY,UNKNOWN,NOT OBSCURED,NORMAL,,,,,2024-01-29 08:50:00,20,CLEAR,DAYLIGHT,SIDESWIPE SAME DIRECTION,PARKING LOT,DRY,NO DEFECTS,ON SCENE,NO INJURY / DRIVE AWAY,Y,"$501 - $1,500",01/29/2024 08:57:00 AM,IMPROPER OVERTAKING/PASSING,IMPROPER LANE USAGE,,2,NO INDICATION OF INJURY,0.0,0.0,0.0,0.0,0.0,2.0,0.0,8,2,1,41.76622187,-87.566289207,POINT (-87.566289206784 41.766221869852),POINT (1193504.4641968864 1858335.093567603),2024,7101 S EXCHANGE AVE
O1866237,BICYCLE,db8fa3599a388ab9db870eaf8a3e261fe62b64b10b1a9d62f46f734e619e7f959a100e2e6d4d6e1e91abd5add0862fe287193a656bb7bf3ff625d6917d7ad690,,M,16.0,,TOTALLY EJECTED,"REPORTED, NOT EVIDENT",DISREGARDED CONTROL DEVICES,NOT OBSCURED,NORMAL,CROSSING - CONTROLS PRESENT (NOT AT INTERSECTION),NO CONTRASTING CLOTHING,DRIVEWAY ACCESS,,2024-07-18 16:10:00,30,CLEAR,DAYLIGHT,PEDALCYCLIST,NOT DIVIDED,DRY,NO DEFECTS,ON SCENE,INJURY AND / OR TOW DUE TO CRASH,,$500 OR LESS,07/18/2024 04:32:00 PM,DISREGARDING OTHER TRAFFIC SIGNS,FAILING TO REDUCE SPEED TO AVOID CRASH,,3,"REPORTED, NOT EVIDENT",1.0,0.0,0.0,0.0,1.0,2.0,0.0,16,5,7,41.988902631,-87.655202871,POINT (-87.65520287102 41.988902631487),POINT (1168606.9852926524 1939275.932305321),2024,5855 N SHERIDAN RD
O1771972,DRIVER,d0941b50f1ff902c5f2553af89d1a59a9617447aa03de1097a3e2888ce307ca89be293bbe42eb7d968384806809742010e31b92ff95f827e065d411a50ad61a0,1687365.0,X,,DEPLOYMENT UNKNOWN,NONE,NO INDICATION OF INJURY,UNKNOWN,UNKNOWN,UNKNOWN,,,,,2024-02-27 12:00:00,30,CLEAR,DAYLIGHT,PARKED MOTOR VEHICLE,NOT DIVIDED,DRY,NO DEFECTS,NOT ON SCENE (DESK REPORT),NO INJURY / DRIVE AWAY,Y,"OVER $1,500",03/06/2024 03:00:00 PM,UNABLE TO DETERMINE,UNABLE TO DETERMINE,,2,NO INDICATION OF INJURY,0.0,0.0,0.0,0.0,0.0,1.0,0.0,12,3,2,41.94451377,-87.707915566,POINT (-87.707915566068 41.944513769958),POINT (1154394.4880978854 1922991.3896811102),2024,3456 N KEDZIE AVE
O1902720,DRIVER,c34cb0427d9de120497c05b2cde0b089d8c68d07d27f401dc4e932f0e3551f61f9d52ecfedf8775bbd123e5050dfbd11f6908335505b7dd464ee5e5e52ed6dce,1812644.0,M,38.0,DID NOT DEPLOY,NONE,NO INDICATION OF INJURY,NONE,UNKNOWN,NORMAL,,,,,2024-09-09 12:40:00,30,CLEAR,DAYLIGHT,SIDESWIPE SAME DIRECTION,DIVIDED - W/MEDIAN (NOT RAISED),DRY,UNKNOWN,ON SCENE,NO INJURY / DRIVE AWAY,,"OVER $1,500",09/09/2024 01:44:00 PM,"VISION OBSCURED (SIGNS, TREE LIMBS, BUILDINGS, ETC.)",UNABLE TO DETERMINE,,2,NO INDICATION OF INJURY,0.0,0.0,0.0,0.0,0.0,2.0,0.0,12,2,9,41.793595269,-87.692975276,POINT (-87.692975275557 41.793595268904),POINT (1158869.2468998127 1868026.9987423979),2024,2741 W 55TH ST
O1892606,DRIVER,e5fc58f3184a4ee0fd526d343cc9b3f6476ff31172c898f38139e2c3acee326e31b4ce0da4fbaae84236bad8c6884949152a6d6d13dddcaffb22dfad39d4f84d,1803000.0,M,21.0,"DEPLOYED, FRONT",NONE,NO INDICATION OF INJURY,FOLLOWED TOO CLOSELY,UNKNOWN,NORMAL,,,,,2024-08-26 15:43:00,30,CLEAR,DAYLIGHT,REAR END,NOT DIVIDED,DRY,NO DEFECTS,ON SCENE,INJURY AND / OR TOW DUE TO CRASH,,"OVER $1,500",08/26/2024 03:43:00 PM,DISTRACTION - FROM OUTSIDE VEHICLE,FOLLOWING TOO CLOSELY,,3,NO INDICATION OF INJURY,0.0,0.0,0.0,0.0,0.0,3.0,0.0,15,2,8,42.012162973,-87.70028213,POINT (-87.700282130199 42.012162972713),POINT (1156288.9847833428 1947658.330523495),2024,2812 W TOUHY AVE
O1932490,DRIVER,51d392c8312b6969d03b1d3f70d711ee9f242f058e8e63dcce8e18a878408d52e701bd1bf6ef1fa3269d98c6614f3e6c66ae762aefb0a3aa447a8cf718b8cc6a,1841029.0,F,19.0,NOT APPLICABLE,NONE,NO INDICATION OF INJURY,NONE,UNKNOWN,NORMAL,,,,,2024-10-21 08:20:00,30,CLEAR,DAYLIGHT,SIDESWIPE SAME DIRECTION,FOUR WAY,DRY,NO DEFECTS,NOT ON SCENE (DESK REPORT),NO INJURY / DRIVE AWAY,Y,"OVER $1,500",10/21/2024 10:10:00 AM,IMPROPER OVERTAKING/PASSING,FAILING TO YIELD RIGHT-OF-WAY,,2,NO INDICATION OF INJURY,0.0,0.0,0.0,0.0,0.0,2.0,0.0,8,2,10,41.960593495,-87.767306265,POINT (-87.767306265052 41.960593495452),POINT (1138198.5288415411 1928738.5936033507),2024,5600 W MONTROSE AVE
O1878187,DRIVER,fa370c601a5fd9f4cb1cc82ffe756220e0882621384940eaa41386c9a6b1cf7af5d9c8000ebf3602896ba6c0fbb48a04ab1f1ca4d1161b4aaf45f46b07d3bfb8,1789249.0,F,32.0,NOT APPLICABLE,NONE,NO INDICATION OF INJURY,FOLLOWED TOO CLOSELY,UNKNOWN,UNKNOWN,,,,,2024-08-05 10:35:00,30,CLEAR,DAYLIGHT,SIDESWIPE SAME DIRECTION,NOT DIVIDED,WET,UNKNOWN,ON SCENE,NO INJURY / DRIVE AWAY,,"OVER $1,500",08/05/2024 10:40:00 AM,FOLLOWING TOO CLOSELY,DRIVING SKILLS/KNOWLEDGE/EXPERIENCE,,2,NO INDICATION OF INJURY,0.0,0.0,0.0,0.0,0.0,2.0,0.0,10,2,8,41.999632438,-87.690080925,POINT (-87.690080925006 41.999632438278),POINT (1159095.6003745627 1943112.7874285015),2024,6500 N WESTERN AVE
O1753828,DRIVER,0b491a5f30dbf5a2b427c18d5dd5c9a3c29d9f9b638b6e772da7f996b9073017853802912a69a41fa06692ee63f2f377e08797314c65c723208a9dc404577670,1669858.0,M,44.0,NOT APPLICABLE,NONE,NO INDICATION OF INJURY,OTHER,NOT OBSCURED,HAD BEEN DRINKING,,,,,2024-02-05 01:02:00,30,CLEAR,"DARKNESS, LIGHTED ROAD",PARKED MOTOR VEHICLE,T-INTERSECTION,DRY,NO DEFECTS,ON SCENE,NO INJURY / DRIVE AWAY,,"OVER $1,500",02/05/2024 01:02:00 AM,UNDER THE INFLUENCE OF ALCOHOL/DRUGS (USE WHEN ARREST IS EFFECTED),UNABLE TO DETERMINE,,2,NO INDICATION OF INJURY,0.0,0.0,0.0,0.0,0.0,1.0,0.0,1,2,2,41.834624416,-87.651205088,POINT (-87.651205087959 41.834624416212),POINT (1170140.9413546463 1883065.4227114965),2024,3252 S MORGAN ST
O1819343,DRIVER,0803d988e74e1c153eb509449a1c94db97bbd50432c3b4a1632b23194924a7491a73c7865eedcee6f214fcaa8584a119122b313880ed532ab61f4d3fa95cd903,1732949.0,M,,NOT APPLICABLE,NONE,NO INDICATION OF INJURY,NONE,UNKNOWN,NORMAL,,,,,2024-05-15 13:25:00,30,CLEAR,DAYLIGHT,TURNING,NOT DIVIDED,DRY,UNKNOWN,ON SCENE,NO INJURY / DRIVE AWAY,,"OVER $1,500",05/15/2024 01:32:00 PM,IMPROPER TURNING/NO SIGNAL,NOT APPLICABLE,,2,NO INDICATION OF INJURY,0.0,0.0,0.0,0.0,0.0,2.0,0.0,13,4,5,41.911728368,-87.687110882,POINT (-87.687110881845 41.911728368102),POINT (1160144.4559921774 1911086.3151951812),2024,1651 N WESTERN AVE
P390629,PASSENGER,58877444c89cb2de5469ead58e5df58b7ab5876880e789c3304630f5e5210fdb2885182cc1aec466029a174d7bf0ea3ef341e29de336c568e8a0ed63b6743472,1683949.0,F,25.0,NOT APPLICABLE,NONE,NO INDICATION OF INJURY,,,,,,,,2024-02-29 19:36:00,30,CLEAR,"DARKNESS, LIGHTED ROAD",SIDESWIPE SAME DIRECTION,NOT DIVIDED,DRY,NO DEFECTS,ON SCENE,NO INJURY / DRIVE AWAY,,"OVER $1,500",02/29/2024 08:08:00 PM,UNABLE TO DETERMINE,UNABLE TO DETERMINE,,2,NO INDICATION OF INJURY,0.0,0.0,0.0,0.0,0.0,3.0,0.0,19,5,2,41.95475904,-87.688634766,POINT (-87.688634765692 41.95475904006),POINT (1159611.757619311 1926763.6601303855),2024,4022 N WESTERN AVE
O1874514,DRIVER,406bf48e88c1e5d294eef4a19519d3243e44f52c993a0868809038541673337df754517527b46e50c26c3f0e5716212d2d620b966029e6d8ff8dff43f63d3aba,1785732.0,F,22.0,DID NOT DEPLOY,NONE,NO INDICATION OF INJURY,FAILED TO YIELD,UNKNOWN,NORMAL,,,,,2024-07-31 09:30:00,30,CLOUDY/OVERCAST,DAYLIGHT,PARKED MOTOR VEHICLE,NOT DIVIDED,UNKNOWN,UNKNOWN,ON SCENE,NO INJURY / DRIVE AWAY,,"OVER $1,500",07/31/2024 09:31:00 AM,DRIVING SKILLS/KNOWLEDGE/EXPERIENCE,FAILING TO YIELD RIGHT-OF-WAY,,2,NO INDICATION OF INJURY,0.0,0.0,0.0,0.0,0.0,2.0,0.0,9,4,7,41.912359461,-87.634894242,POINT (-87.634894242148 41.912359461245),POINT (1174355.4374158832 1911427.6973672917),2024,1640 N WELLS ST
O1767470,DRIVER,6960ce772d07a361d421d6ac830d472943dfe79c6c93dc1d161a89f9e2ead101cc8a5b3046194899e6d7346f0a395b394ac7e92ebda9d99a221729ad50c5ebbf,1683021.0,F,,NOT APPLICABLE,NONE,NO INDICATION OF INJURY,NONE,UNKNOWN,NORMAL,,,,,2024-02-27 14:45:00,30,CLEAR,DAYLIGHT,REAR END,DIVIDED - W/MEDIAN (NOT RAISED),DRY,NO DEFECTS,,NO INJURY / DRIVE AWAY,,"OVER $1,500",02/27/2024 04:00:00 PM,UNABLE TO DETERMINE,UNABLE TO DETERMINE,,2,NO INDICATION OF INJURY,0.0,0.0,0.0,0.0,0.0,2.0,0.0,14,3,2,41.779115297,-87.683724004,POINT (-87.68372400386 41.779115297212),POINT (1161431.8534839668 1862769.5271768428),2024,2401 W 63RD ST
O1918864,DRIVER,aebc093748ce802e59bfd4cfc8d7d820c61259e30fc1899f04c128a401e182172dbacc4099b7fbecd21a66e195c68eb9f4552c631b14ded81bd4f373f020135d,1828058.0,M,49.0,DID NOT DEPLOY,NONE,NO INDICATION OF INJURY,UNKNOWN,NOT OBSCURED,NORMAL,,,,,2024-10-01 17:14:00,30,CLEAR,DAYLIGHT,ANGLE,FOUR WAY,DRY,NO DEFECTS,ON SCENE,NO INJURY / DRIVE AWAY,,"$501 - $1,500",10/01/2024 05:14:00 PM,FAILING TO YIELD RIGHT-OF-WAY,NOT APPLICABLE,,2,NO INDICATION OF INJURY,0.0,0.0,0.0,0.0,0.0,3.0,0.0,17,3,10,41.775158388,-87.594381871,POINT (-87.594381871293 41.775158388165),POINT (1185812.5801505721 1861524.4019081458),2024,6599 S KIMBARK AVE