PERSON_ID,PERSON_TYPE,CRASH_RECORD_ID,VEHICLE_ID,SEX,AGE,AIRBAG_DEPLOYED,EJECTION,INJURY_CLASSIFICATION,DRIVER_ACTION,DRIVER_VISION,PHYSICAL_CONDITION,PEDPEDAL_ACTION,PEDPEDAL_VISIBILITY,PEDPEDAL_LOCATION,CRASH_DATE_EST_I,CRASH_DATE,POSTED_SPEED_LIMIT,WEATHER_CONDITION,LIGHTING_CONDITION,FIRST_CRASH_TYPE,TRAFFICWAY_TYPE,ROADWAY_SURFACE_COND,ROAD_DEFECT,REPORT_TYPE,CRASH_TYPE,HIT_AND_RUN_I,DAMAGE,DATE_POLICE_NOTIFIED,PRIM_CONTRIBUTORY_CAUSE,SEC_CONTRIBUTORY_CAUSE,DOORING_I,NUM_UNITS,MOST_SEVERE_INJURY,INJURIES_TOTAL,INJURIES_FATAL,INJURIES_INCAPACITATING,INJURIES_NON_INCAPACITATING,INJURIES_REPORTED_NOT_EVIDENT,INJURIES_NO_INDICATION,INJURIES_UNKNOWN,CRASH_HOUR,CRASH_DAY_OF_WEEK,CRASH_MONTH,LATITUDE,LONGITUDE,LOCATION,geometry,YEAR,ADDRESS
O1913339,DRIVER,cb50a08bd6f8b5de3b75910f1893ab47ef626202b4617f68d66a60b471175031ab787b94572801558ffac360d13456af41b31e625960183b59411e4f8d804d63,1822780.0,F,,DEPLOYMENT UNKNOWN,NONE,NO INDICATION OF INJURY,NONE,UNKNOWN,UNKNOWN,,,,,2024-09-20 17:00:00,25,CLEAR,DAYLIGHT,PARKED MOTOR VEHICLE,PARKING LOT,DRY,NO DEFECTS,NOT ON SCENE (DESK REPORT),NO INJURY / DRIVE AWAY,,"$501 - $1,500",09/23/2024 06:24:00 PM,NOT APPLICABLE,NOT APPLICABLE,,2,NO INDICATION OF INJURY,0.0,0.0,0.0,0.0,0.0,1.0,0.0,17,6,9,41.873166303,-87.677454663,POINT (-87.677454662891 41.873166303261),POINT (1162880.1965250017 1897054.2646725639),2024,703 S SEELEY AVE
O1847093,DRIVER,a538da564c02ee9b23322760b6242052e9435a7bc82d8bbbf75d72df487c49d86a2dfc83440639d0e8a9b0f80c73f3993be7fcd89f32b9299650d8d4d3d3ddbb,1759545.0,M,,DID NOT DEPLOY,NONE,NO INDICATION OF INJURY,NONE,NOT OBSCURED,NORMAL,,,,,2024-06-21 11:30:00,30,CLEAR,DAYLIGHT,REAR TO FRONT,DIVIDED - W/MEDIAN (NOT RAISED),DRY,NO DEFECTS,NOT ON SCENE (DESK REPORT),NO INJURY / DRIVE AWAY,,"OVER $1,500",06/21/2024 12:25:00 PM,FOLLOWING TOO CLOSELY,NOT APPLICABLE,,3,NO INDICATION OF INJURY,0.0,0.0,0.0,0.0,0.0,3.0,0.0,11,6,6,41.854981612,-87.645698259,POINT (-87.645698258989 41.854981611928),POINT (1171582.2540788788 1890495.4865416563),2024,2033 S CANALPORT AVE
O1902659,DRIVER,48edcffb82a6546c633aa48d24e9ceffcff340d8000a9248bc944a092b3e6376f7a21965bc1ec0a50adbbedd606a4d7bf0a95b0c8121178ea4c97fc1368f56b7,1812583.0,F,,DID NOT DEPLOY,NONE,NO INDICATION OF INJURY,IMPROPER TURN,NOT OBSCURED,NORMAL,,,,,2024-09-09 12:05:00,30,CLEAR,DAYLIGHT,TURNING,FOUR WAY,DRY,NO DEFECTS,NOT ON SCENE (DESK REPORT),NO INJURY / DRIVE AWAY,,"OVER $1,500",09/09/2024 01:00:00 PM,UNABLE TO DETERMINE,UNABLE TO DETERMINE,,2,NO INDICATION OF INJURY,0.0,0.0,0.0,0.0,0.0,2.0,0.0,12,2,9,41.874309625,-87.666640882,POINT (-87.666640882211 41.874309624504),POINT (1165822.1353386908 1897493.57940399),2024,1600 W HARRISON ST
O1833931,DRIVER,fac37fb9b19286751791ae2a19ffcf5a211f9853b1b059591014570239ba1ba00771e4b2ebf26c19bafed4b7c7b317ad344fd0095e7a47b1c496008976bc0a73,1746922.0,X,,DEPLOYMENT UNKNOWN,NONE,NO INDICATION OF INJURY,IMPROPER LANE CHANGE,UNKNOWN,UNKNOWN,,,,,2024-06-03 14:00:00,30,CLEAR,DAYLIGHT,SIDESWIPE SAME DIRECTION,NOT DIVIDED,DRY,NO DEFECTS,ON SCENE,NO INJURY / DRIVE AWAY,Y,$500 OR LESS,06/03/2024 04:45:00 PM,IMPROPER LANE USAGE,UNABLE TO DETERMINE,,2,NO INDICATION OF INJURY,0.0,0.0,0.0,0.0,0.0,2.0,0.0,14,2,6,41.969355448,-87.761574397,POINT (-87.761574396764 41.969355448432),POINT (1139736.1867533952 1931941.8302615143),2024,5336 W VETERANS PL
O1749768,DRIVER,884ac95ba277a57fe0e9994a3d32ff332fcc9937e86553462513ff7a868f52c5205c013aeea011c572b584e4d6d32160cb281f61634b5b92a9bf8a8b5c48d72f,1665925.0,X,,DEPLOYMENT UNKNOWN,UNKNOWN,NO INDICATION OF INJURY,UNKNOWN,UNKNOWN,UNKNOWN,,,,,2024-01-28 04:00:00,30,CLEAR,DARKNESS,PARKED MOTOR VEHICLE,PARKING LOT,DRY,NO DEFECTS,NOT ON SCENE (DESK REPORT),NO INJURY / DRIVE AWAY,Y,"$501 - $1,500",01/29/2024 08:16:00 AM,UNABLE TO DETERMINE,UNABLE TO DETERMINE,,2,NO INDICATION OF INJURY,0.0,0.0,0.0,0.0,0.0,1.0,0.0,4,1,1,41.997808596,-87.691843674,POINT (-87.691843674042 41.997808595622),POINT (1158621.4359419988 1942444.5732662783),2024,2448 W DEVON AVE
O1873375,DRIVER,dbfae4a5adcabe2076c4e986508bf29d31a35551d8f5a3cafc930ce5e438f0e534b7e97953ddde7485f335a08ac9a97fd348138a2c5ec5250d47e2a8bcd16e2a,1784665.0,F,,DEPLOYMENT UNKNOWN,NONE,NO INDICATION OF INJURY,UNKNOWN,UNKNOWN,UNKNOWN,,,,,2024-07-27 00:00:00,10,CLEAR,"DARKNESS, LIGHTED ROAD",PARKED MOTOR VEHICLE,PARKING LOT,DRY,NO DEFECTS,NOT ON SCENE (DESK REPORT),NO INJURY / DRIVE AWAY,,"$501 - $1,500",07/29/2024 03:25:00 PM,UNABLE TO DETERMINE,UNABLE TO DETERMINE,,2,NO INDICATION OF INJURY,0.0,0.0,0.0,0.0,0.0,1.0,0.0,0,7,7,41.76999154,-87.568866764,POINT (-87.568866763882 41.769991539541),POINT (1192789.0764529367 1859702.473675793),2024,2324 E 69TH ST
O1897088,DRIVER,2af4ca5e732137ec12a1349101eb47745c4287c6e09c73bb517e513d13936c1366a8014e0f1bd2e6bafcd9c29d85f70266c4f1bc35a5358519bc4fd822eb5909,1807290.0,M,29.0,DEPLOYMENT UNKNOWN,UNKNOWN,NO INDICATION OF INJURY,FAILED TO YIELD,UNKNOWN,UNKNOWN,,,,,2024-09-01 11:30:00,30,CLEAR,DAYLIGHT,SIDESWIPE SAME DIRECTION,PARKING LOT,UNKNOWN,UNKNOWN,NOT ON SCENE (DESK REPORT),NO INJURY / DRIVE AWAY,,"OVER $1,500",09/01/2024 02:00:00 PM,UNABLE TO DETERMINE,UNABLE TO DETERMINE,,2,NO INDICATION OF INJURY,0.0,0.0,0.0,0.0,0.0,2.0,0.0,11,1,9,41.903742983,-87.634551362,POINT (-87.634551361798 41.903742982911),POINT (1174474.3443208507 1908288.6047550025),2024,201 W DIVISION ST
O1775082,DRIVER,8469d7e940f6b2d44b6643bcf59858a6f34fb864493254ed81a2d21af1051749978127786ee69efc04c8ac9a69ad82c90c347bd1b95383ca97454730a968e870,1690359.0,F,21.0,DID NOT DEPLOY,NONE,NO INDICATION OF INJURY,NONE,NOT OBSCURED,NORMAL,,,,,2024-03-11 08:50:00,35,CLEAR,DAYLIGHT,TURNING,NOT DIVIDED,DRY,NO DEFECTS,ON SCENE,NO INJURY / DRIVE AWAY,,"$501 - $1,500",03/11/2024 08:55:00 AM,FAILING TO YIELD RIGHT-OF-WAY,NOT APPLICABLE,,2,NO INDICATION OF INJURY,0.0,0.0,0.0,0.0,0.0,2.0,0.0,8,2,3,41.710384864,-87.64885273,POINT (-87.648852729924 41.710384864347),POINT (1171142.3103277325 1837798.584685567),2024,1023 W 101ST ST
O1877190,DRIVER,2f23d7d35e36a0203e62698d2860a6df9ac53571f59495e0d22872365ad8708fbc9e86b2d14f8c3e078eecfb1cb5b680f4ab70982a98815e6738e551fdc7a215,1788292.0,F,37.0,DID NOT DEPLOY,NONE,NO INDICATION OF INJURY,UNKNOWN,UNKNOWN,NORMAL,,,,,2024-08-03 19:35:00,35,CLEAR,DAYLIGHT,TURNING,DIVIDED - W/MEDIAN (NOT RAISED),DRY,NO DEFECTS,ON SCENE,NO INJURY / DRIVE AWAY,,"OVER $1,500",08/03/2024 07:54:00 PM,NOT APPLICABLE,NOT APPLICABLE,,3,NO INDICATION OF INJURY,0.0,0.0,0.0,0.0,0.0,3.0,0.0,19,7,8,41.792254249,-87.781949098,POINT (-87.781949098151 41.792254249339),POINT (1134610.0161097643 1867370.172285393),2024,5500 S NARRAGANSETT AVE
O1899639,DRIVER,cd09bfb83c79acf5f4ece08e55d723ef93c04fe1734de6ffa71d11db3d9e6f9c4c098ad2e9c43e7a5f608cb8748fb78b50473a1cec60977900f16ff69464e87f,1809711.0,M,65.0,DID NOT DEPLOY,NONE,NO INDICATION OF INJURY,FOLLOWED TOO CLOSELY,NOT OBSCURED,NORMAL,,,,,2024-09-04 14:50:00,30,CLEAR,DAYLIGHT,REAR END,DIVIDED - W/MEDIAN BARRIER,DRY,NO DEFECTS,NOT ON SCENE (DESK REPORT),NO INJURY / DRIVE AWAY,,"$501 - $1,500",09/04/2024 10:45:00 PM,FOLLOWING TOO CLOSELY,FAILING TO REDUCE SPEED TO AVOID CRASH,,2,NO INDICATION OF INJURY,0.0,0.0,0.0,0.0,0.0,2.0,0.0,14,4,9,41.947400456,-87.651512018,POINT (-87.651512017951 41.947400456376),POINT (1169730.7435218026 1924160.316835932),2024,850 W ADDISON ST
O1775207,DRIVER,454ecae50dccdf4d7ea23b2e0bb2cef011bb2c23c7cef44461d2c217ec7def990cc0586d0ff93447768991de402c4dcfd4ec15e04e5d6944936ad9033967308b,1690464.0,F,,DID NOT DEPLOY,NONE,NO INDICATION OF INJURY,IMPROPER BACKING,UNKNOWN,UNKNOWN,,,,,2024-03-11 13:55:00,35,CLEAR,DAYLIGHT,PARKED MOTOR VEHICLE,ONE-WAY,DRY,NO DEFECTS,NOT ON SCENE (DESK REPORT),NO INJURY / DRIVE AWAY,,"OVER $1,500",03/11/2024 04:00:00 PM,IMPROPER BACKING,UNABLE TO DETERMINE,,2,NO INDICATION OF INJURY,0.0,0.0,0.0,0.0,0.0,1.0,0.0,13,2,3,41.754693241,-87.655318488,POINT (-87.655318487673 41.754693240783),POINT (1169249.688347055 1853930.1353893734),2024,7641 S THROOP ST
O1784648,DRIVER,3591b225cc2b213b0fd516053e36b939c127e59b86371732f3b2d63adb6178f1b7a7378f0338b7bb7772153ee4d6096edd638a135c898cd9008c6041aaa5d7a2,1699539.0,X,,DEPLOYMENT UNKNOWN,NONE,NO INDICATION OF INJURY,UNKNOWN,UNKNOWN,UNKNOWN,,,,,2024-03-22 19:00:00,20,UNKNOWN,"DARKNESS, LIGHTED ROAD",PARKED MOTOR VEHICLE,NOT DIVIDED,UNKNOWN,UNKNOWN,NOT ON SCENE (DESK REPORT),NO INJURY / DRIVE AWAY,Y,"OVER $1,500",03/25/2024 06:40:00 PM,UNABLE TO DETERMINE,NOT APPLICABLE,,2,NO INDICATION OF INJURY,0.0,0.0,0.0,0.0,0.0,1.0,0.0,19,6,3,41.818816884,-87.689768522,POINT (-87.689768522167 41.81881688446),POINT (1159674.8820412902 1877224.1361805622),2024,4112 S ROCKWELL ST
O1952511,DRIVER,7dad8428361dbbc07809de7769d6ba393939378c9b693020c0905554dae51207d40bd61fd2c8f2f358aba2f45d1b412f4aae6cb3f8b6602e4d7be7c3987d2784,1860126.0,M,51.0,DID NOT DEPLOY,NONE,NO INDICATION OF INJURY,NONE,NOT OBSCURED,NORMAL,,,,,2024-11-19 08:27:00,30,CLEAR,DAYLIGHT,REAR END,NOT DIVIDED,DRY,NO DEFECTS,NOT ON SCENE (DESK REPORT),NO INJURY / DRIVE AWAY,,$500 OR LESS,11/19/2024 08:35:00 AM,UNABLE TO DETERMINE,NOT APPLICABLE,,2,NO INDICATION OF INJURY,0.0,0.0,0.0,0.0,0.0,2.0,0.0,8,3,11,41.898858141,-87.729265389,POINT (-87.729265389234 41.898858141418),POINT (1148703.4527573318 1906312.7751620365),2024,4113 W AUGUSTA BLVD
O1802528,DRIVER,b9c9ace84499338a6717bac62ddd1e3ad909dd4a88e9283a8741adc77a81296130c01dd60d771ef6b20ecc2365652a03654a3e664b1cfd82fa27b923176e53b2,1716730.0,M,42.0,NOT APPLICABLE,NONE,NO INDICATION OF INJURY,NONE,NOT OBSCURED,NORMAL,,,,,2024-04-22 08:45:00,30,CLEAR,DAYLIGHT,REAR END,NOT DIVIDED,DRY,NO DEFECTS,NOT ON SCENE (DESK REPORT),NO INJURY / DRIVE AWAY,,"$501 - $1,500",04/22/2024 09:20:00 AM,UNABLE TO DETERMINE,UNABLE TO DETERMINE,,2,NO INDICATION OF INJURY,0.0,0.0,0.0,0.0,0.0,2.0,0.0,8,2,4,41.96835022,-87.728177039,POINT (-87.728177039412 41.968350220417),POINT (1148821.0072368542 1931637.9022747858),2024,4002 W LAWRENCE AVE
O1894847,DRIVER,1f7989fee0f7cd5996cfde3bcdb0d6d9117d2290b2e000e5380ab938367a99d3c7222b590871dc98aaff10c38e30e740da146a5be211d5e19dce4fccac3032f4,1805152.0,M,62.0,DEPLOYMENT UNKNOWN,NONE,NO INDICATION OF INJURY,FAILED TO YIELD,UNKNOWN,UNKNOWN,,,,,2024-08-29 15:30:00,30,CLEAR,DAYLIGHT,SIDESWIPE SAME DIRECTION,NOT DIVIDED,DRY,NO DEFECTS,NOT ON SCENE (DESK REPORT),NO INJURY / DRIVE AWAY,,"OVER $1,500",08/29/2024 04:00:00 PM,FAILING TO YIELD RIGHT-OF-WAY,UNABLE TO DETERMINE,,2,NO INDICATION OF INJURY,0.0,0.0,0.0,0.0,0.0,2.0,0.0,15,5,8,41.692860477,-87.600741875,POINT (-87.600741875224 41.692860477189),POINT (1184333.0197373538 1831520.9960302857),2024,11100 S CORLISS AVE
O1882664,DRIVER,3dbd812f018d272f71d1c60885639e87baa6e75eafbe2e80c08b61c0c98ac23d69a57d48ddf989b294a91e28503e99583f1a4886692cc400f171e0fdcc188fac,1793515.0,M,,DEPLOYMENT UNKNOWN,NONE,NO INDICATION OF INJURY,IMPROPER BACKING,UNKNOWN,UNKNOWN,,,,,2024-08-11 20:21:00,30,CLEAR,"DARKNESS, LIGHTED ROAD",PARKED MOTOR VEHICLE,PARKING LOT,DRY,NO DEFECTS,NOT ON SCENE (DESK REPORT),NO INJURY / DRIVE AWAY,,"$501 - $1,500",08/11/2024 08:45:00 PM,IMPROPER BACKING,NOT APPLICABLE,,2,NO INDICATION OF INJURY,0.0,0.0,0.0,0.0,0.0,2.0,0.0,20,1,8,41.931252123,-87.775672275,POINT (-87.775672274998 41.931252123128),POINT (1135992.6894277814 1918031.6124094308),2024,5952 W DIVERSEY AVE
O1757228,DRIVER,5c4ec0b5b56c795e4a9721565f78e1ac25379e8014f861ec010cca624a22308d386859af5557f47fa343d1678d4f49d4b98652bed2df5336158f7fcd36ef5cbb,1673125.0,X,,DEPLOYMENT UNKNOWN,UNKNOWN,NO INDICATION OF INJURY,UNKNOWN,OTHER,UNKNOWN,,,,Y,2024-02-10 14:00:00,30,CLEAR,DAYLIGHT,PEDESTRIAN,NOT DIVIDED,DRY,NO DEFECTS,,INJURY AND / OR TOW DUE TO CRASH,Y,"OVER $1,500",02/10/2024 03:10:00 PM,UNABLE TO DETERMINE,UNABLE TO DETERMINE,,2,NONINCAPACITATING INJURY,1.0,0.0,0.0,1.0,0.0,1.0,0.0,14,7,2,41.777911575,-87.763258564,POINT (-87.763258563885 41.777911575319),POINT (1139741.5112248757 1862177.056968858),2024,5639 W 63RD ST
O1851043,DRIVER,b305a9cbeab510a5affb8aaa3312f2524ac54918e729d46ebc8592b1daaf0665cb9e2e3dd4554720bcf9a569145ff7fc95a1991ee9863caf242675a310bd53e7,1763349.0,M,27.0,NOT APPLICABLE,NONE,NO INDICATION OF INJURY,NONE,NOT OBSCURED,NORMAL,,,,,2024-06-26 17:46:00,30,CLEAR,DAYLIGHT,ANGLE,FOUR WAY,DRY,NO DEFECTS,ON SCENE,INJURY AND / OR TOW DUE TO CRASH,,"OVER $1,500",06/26/2024 05:52:00 PM,DISREGARDING STOP SIGN,NOT APPLICABLE,,2,NO INDICATION OF INJURY,0.0,0.0,0.0,0.0,0.0,4.0,0.0,17,4,6,41.816350103,-87.633715079,POINT (-87.633715078668 41.816350103374),POINT (1174961.5035983347 1876444.6755361273),2024,4300 S PRINCETON AVE
P411767,PASSENGER,52d807bb1b0792374d78d829886c3fce0dc7d51adca543d91b20d2ff53aea7f1f462807cad7c31e110fd3fe43474e699b623174e7548213dfe927f26b39df557,1773053.0,F,28.0,DID NOT DEPLOY,NONE,NO INDICATION OF INJURY,,,,,,,,2024-07-11 17:15:00,30,CLEAR,DAYLIGHT,SIDESWIPE SAME DIRECTION,ONE-WAY,DRY,NO DEFECTS,NOT ON SCENE (DESK REPORT),NO INJURY / DRIVE AWAY,,"OVER $1,500",07/11/2024 05:15:00 PM,DRIVING SKILLS/KNOWLEDGE/EXPERIENCE,NOT APPLICABLE,,2,NO INDICATION OF INJURY,0.0,0.0,0.0,0.0,0.0,3.0,0.0,17,5,7,41.885206877,-87.639965134,POINT (-87.639965134169 41.88520687708),POINT (1173055.170320397 1901522.0884167827),2024,168 N CANAL ST
O1786077,DRIVER,f18fddd86f4fbf25c203fffa9c6bfc0ddbc2d5613101797f085a914fcc310d8613274ff5b7238b22a6d7aa94b022426bfe10c32525c78f0ff67f6e90b34b879f,1700923.0,F,63.0,DEPLOYMENT UNKNOWN,UNKNOWN,NO INDICATION OF INJURY,UNKNOWN,UNKNOWN,UNKNOWN,,,,,2024-03-22 15:30:00,30,UNKNOWN,UNKNOWN,REAR END,NOT DIVIDED,UNKNOWN,UNKNOWN,NOT ON SCENE (DESK REPORT),NO INJURY / DRIVE AWAY,,"OVER $1,500",03/28/2024 01:30:00 PM,UNABLE TO DETERMINE,UNABLE TO DETERMINE,,2,NO INDICATION OF INJURY,0.0,0.0,0.0,0.0,0.0,2.0,0.0,15,6,3,41.913683804,-87.653592042,POINT (-87.653592042342 41.913683804357),POINT (1169262.3041855884 1911869.4005574998),2024,1800 N CLYBOURN AVE
O1929038,DRIVER,1cb7c33b2e47adaad104b681df75a18d8a0855916eba3df9830f10bbe978df0ee6d40c4715a42c499c3083a673c3671dbe5a7b1784036a5c136a7e52a761bc95,1837739.0,F,,DEPLOYMENT UNKNOWN,NONE,NO INDICATION OF INJURY,UNKNOWN,UNKNOWN,UNKNOWN,,,,,2024-10-16 13:16:00,30,CLEAR,DAYLIGHT,SIDESWIPE SAME DIRECTION,NOT DIVIDED,DRY,NO DEFECTS,NOT ON SCENE (DESK REPORT),NO INJURY / DRIVE AWAY,,"$501 - $1,500",10/16/2024 01:16:00 PM,IMPROPER OVERTAKING/PASSING,NOT APPLICABLE,,2,NO INDICATION OF INJURY,0.0,0.0,0.0,0.0,0.0,2.0,0.0,13,4,10,41.792446009,-87.781662197,POINT (-87.781662197034 41.792446009167),POINT (1134687.8046481954 1867440.5500420795),2024,5499 S NARRAGANSETT AVE
O1842498,DRIVER,653a0cc9104795ff0230eecada47efefe93ccfdff86c257f819108ed082a5dd372deba661433e911b615df31d6c9b4798ab5ea7f26be79ec1013e42024917ba4,1755129.0,F,28.0,NOT APPLICABLE,NONE,NO INDICATION OF INJURY,UNKNOWN,UNKNOWN,UNKNOWN,,,,,2024-06-08 17:54:00,30,RAIN,DAYLIGHT,REAR END,NOT DIVIDED,WET,NO DEFECTS,,NO INJURY / DRIVE AWAY,,"OVER $1,500",06/08/2024 05:54:00 PM,FOLLOWING TOO CLOSELY,UNABLE TO DETERMINE,,3,NO INDICATION OF INJURY,0.0,0.0,0.0,0.0,0.0,5.0,0.0,17,7,6,41.902593235,-87.722582494,POINT (-87.722582493919 41.902593234668),POINT (1150513.1440793332 1907686.7235191755),2024,3829 W DIVISION ST
O1746316,DRIVER,338e4afff1dbb5ada5a3791ce4b3fa0a19828c5bf77ca39ef96229e432d2efdfa79537057e299cd32a6795c52d68b70a08572ca8ad1abb78b9e25564796466e9,1662617.0,F,74.0,NOT APPLICABLE,NONE,NO INDICATION OF INJURY,IMPROPER TURN,NOT OBSCURED,NORMAL,,,,,2024-01-23 12:45:00,35,RAIN,DAYLIGHT,TURNING,FOUR WAY,WET,UNKNOWN,ON SCENE,INJURY AND / OR TOW DUE TO CRASH,,"OVER $1,500",01/23/2024 12:46:00 PM,IMPROPER TURNING/NO SIGNAL,IMPROPER TURNING/NO SIGNAL,,2,NO INDICATION OF INJURY,0.0,0.0,0.0,0.0,0.0,3.0,0.0,12,3,1,41.751855602,-87.548250337,POINT (-87.548250337339 41.751855602467),POINT (1198473.391933558 1853144.5368248804),2024,7900 S SOUTH SHORE DR
O1873881,DRIVER,b085e914b62e1361f5d29c319c23845c34bd3749f4bfc503681144806e539cf3452978487ec57b282fdb6b82d53b772c4865f295867b2547e9c8903a8c2817aa,1785150.0,F,,DEPLOYMENT UNKNOWN,UNKNOWN,NO INDICATION OF INJURY,UNKNOWN,UNKNOWN,UNKNOWN,,,,,2024-07-30 10:45:00,30,CLEAR,DAYLIGHT,TURNING,NOT DIVIDED,DRY,NO DEFECTS,NOT ON SCENE (DESK REPORT),NO INJURY / DRIVE AWAY,,"OVER $1,500",07/30/2024 11:20:00 AM,UNABLE TO DETERMINE,UNABLE TO DETERMINE,,2,NO INDICATION OF INJURY,0.0,0.0,0.0,0.0,0.0,4.0,0.0,10,3,7,41.873771242,-87.671698328,POINT (-87.671698327593 41.873771241533),POINT (1164446.2573349187 1897286.735365609),2024,610 S WOOD ST
O1790893,DRIVER,d25d207c5b19ab94586bec80e78a243d2a14fb37658e393aac346d52ecc9d231535732bb6010ff204ceea53073ecebe81a3dcdec52722fdf804bfb81de414d12,1705560.0,X,,DEPLOYMENT UNKNOWN,NONE,NO INDICATION OF INJURY,UNKNOWN,UNKNOWN,UNKNOWN,,,,,2024-04-04 16:33:00,30,CLOUDY/OVERCAST,"DARKNESS, LIGHTED ROAD",SIDESWIPE SAME DIRECTION,DIVIDED - W/MEDIAN (NOT RAISED),WET,NO DEFECTS,ON SCENE,NO INJURY / DRIVE AWAY,Y,$500 OR LESS,04/04/2024 05:00:00 PM,IMPROPER LANE USAGE,UNABLE TO DETERMINE,,2,NO INDICATION OF INJURY,0.0,0.0,0.0,0.0,0.0,2.0,0.0,16,5,4,41.883171112,-87.624544017,POINT (-87.624544016816 41.883171112015),POINT (1177260.5135714584 1900814.5631183214),2024,98 N MICHIGAN AVE
O1848875,DRIVER,f01935dece24c72aac0caac7246382b89222f6225b7d8bdeebe5fa6d36494254e63725c551654f13430ee862cf3f1471df27ae7530784580c3356d447449491b,1761247.0,F,24.0,NOT APPLICABLE,NONE,NO INDICATION OF INJURY,NONE,NOT OBSCURED,NORMAL,,,,,2024-06-23 16:25:00,30,CLEAR,DAYLIGHT,SIDESWIPE SAME DIRECTION,DIVIDED - W/MEDIAN (NOT RAISED),DRY,NO DEFECTS,ON SCENE,NO INJURY / DRIVE AWAY,Y,"OVER $1,500",06/23/2024 04:30:00 PM,UNABLE TO DETERMINE,UNABLE TO DETERMINE,,2,NO INDICATION OF INJURY,0.0,0.0,0.0,0.0,0.0,2.0,0.0,16,1,6,41.932118166,-87.644564393,POINT (-87.644564393429 41.932118165575),POINT (1171665.5105709059 1918606.518196483),2024,2727 N CLARK ST
O1889461,DRIVER,dc282c3aed804737165058a6f111b562e364eddb893fdfdce646bc57f1a8eda1c97bb52f0bc93db8f5e17000969f45ff2fc30d74cebd6090e72f184dfe436ec2,1800001.0,M,39.0,DID NOT DEPLOY,NONE,NO INDICATION OF INJURY,NONE,NOT OBSCURED,NORMAL,,,,,2024-08-22 07:15:00,30,CLEAR,DAYLIGHT,ANGLE,NOT DIVIDED,DRY,UNKNOWN,NOT ON SCENE (DESK REPORT),NO INJURY / DRIVE AWAY,,"OVER $1,500",08/22/2024 07:40:00 AM,UNABLE TO DETERMINE,UNABLE TO DETERMINE,,2,NO INDICATION OF INJURY,0.0,0.0,0.0,0.0,0.0,2.0,0.0,7,5,8,41.989964243,-87.73351986,POINT (-87.733519859661 41.989964243028),POINT (1147312.8801396776 1939503.9348675448),2024,4159 W PETERSON AVE
O1892846,DRIVER,fa0d8fbcf78b7c92b0a1a02d6b5aab767ee9363ce770210dff5c6e2ed407ad0def99a4a231ddeef51672fbfa439de79f2fa3870a89e30107ab42e4b670812829,1803233.0,M,56.0,DID NOT DEPLOY,NONE,NO INDICATION OF INJURY,IMPROPER BACKING,NOT OBSCURED,NORMAL,,,,,2024-08-26 20:15:00,30,CLEAR,DARKNESS,PARKED MOTOR VEHICLE,DIVIDED - W/MEDIAN (NOT RAISED),DRY,NO DEFECTS,NOT ON SCENE (DESK REPORT),NO INJURY / DRIVE AWAY,,"$501 - $1,500",08/26/2024 09:00:00 PM,UNABLE TO DETERMINE,UNABLE TO DETERMINE,,2,NO INDICATION OF INJURY,0.0,0.0,0.0,0.0,0.0,1.0,0.0,20,2,8,41.850939393,-87.632120183,POINT (-87.632120182525 41.850939392806),POINT (1175293.3750984967 1889052.4281347112),2024,2300 S WENTWORTH AVE
O1941641,DRIVER,deb0a086faf9af1c2e48bb64b716300729301a1bd13199f50eb51efab3f5ab9674408a1f6a2bec58eb721de094262fccbe986f31c73b4839669c9b21b682491c,1849731.0,X,,DEPLOYMENT UNKNOWN,NONE,NO INDICATION OF INJURY,FAILED TO YIELD,UNKNOWN,UNKNOWN,,,,,2024-11-03 01:00:00,30,CLEAR,"DARKNESS, LIGHTED ROAD",SIDESWIPE SAME DIRECTION,NOT DIVIDED,DRY,UNKNOWN,ON SCENE,NO INJURY / DRIVE AWAY,Y,"OVER $1,500",11/03/2024 01:30:00 AM,FAILING TO YIELD RIGHT-OF-WAY,FAILING TO YIELD RIGHT-OF-WAY,,2,NO INDICATION OF INJURY,0.0,0.0,0.0,0.0,0.0,3.0,0.0,1,1,11,41.967924314,-87.747417811,POINT (-87.747417811084 41.967924313916),POINT (1143589.5604382148 1931446.329305428),2024,4753 W LAWRENCE AVE
P397966,PASSENGER,aa4eb0c5334c11c99a4bfea3870c05215e18d0ab2ed045417a114006c04d301c2bfbec7c348800dd47693076961993ff1123601225a2afa5770967c9f3fded08,1715785.0,M,,DID NOT DEPLOY,NONE,NO INDICATION OF INJURY,,,,,,,,2024-04-20 13:00:00,30,CLEAR,DAYLIGHT,REAR END,NOT DIVIDED,DRY,NO DEFECTS,NOT ON SCENE (DESK REPORT),NO INJURY / DRIVE AWAY,,"$501 - $1,500",04/20/2024 02:00:00 PM,IMPROPER BACKING,NOT APPLICABLE,,2,NO INDICATION OF INJURY,0.0,0.0,0.0,0.0,0.0,4.0,0.0,13,7,4,41.764497433,-87.702877023,POINT (-87.702877023359 41.76449743257),POINT (1156246.8629013426 1857404.0149598832),2024,3200 W 71ST ST