PERSON_ID,PERSON_TYPE,CRASH_RECORD_ID,VEHICLE_ID,SEX,AGE,AIRBAG_DEPLOYED,EJECTION,INJURY_CLASSIFICATION,DRIVER_ACTION,DRIVER_VISION,PHYSICAL_CONDITION,PEDPEDAL_ACTION,PEDPEDAL_VISIBILITY,PEDPEDAL_LOCATION,CRASH_DATE_EST_I,CRASH_DATE,POSTED_SPEED_LIMIT,WEATHER_CONDITION,LIGHTING_CONDITION,FIRST_CRASH_TYPE,TRAFFICWAY_TYPE,ROADWAY_SURFACE_COND,ROAD_DEFECT,REPORT_TYPE,CRASH_TYPE,HIT_AND_RUN_I,DAMAGE,DATE_POLICE_NOTIFIED,PRIM_CONTRIBUTORY_CAUSE,SEC_CONTRIBUTORY_CAUSE,DOORING_I,NUM_UNITS,MOST_SEVERE_INJURY,INJURIES_TOTAL,INJURIES_FATAL,INJURIES_INCAPACITATING,INJURIES_NON_INCAPACITATING,INJURIES_REPORTED_NOT_EVIDENT,INJURIES_NO_INDICATION,INJURIES_UNKNOWN,CRASH_HOUR,CRASH_DAY_OF_WEEK,CRASH_MONTH,LATITUDE,LONGITUDE,LOCATION,geometry,YEAR,ADDRESS
P430097,PASSENGER,ca06a7cabfac2eddfe6f903d576eab1de01ebd9aa6555bfd461c16b16c5a070e8f077e64bfa6dca7fb2581accd19b79e22286acb199dd4f2209cfc5d106c058a,1852615.0,M,50.0,NOT APPLICABLE,NONE,NO INDICATION OF INJURY,,,,,,,,2024-11-07 15:05:00,30,CLEAR,DAYLIGHT,REAR END,DIVIDED - W/MEDIAN (NOT RAISED),DRY,NO DEFECTS,NOT ON SCENE (DESK REPORT),NO INJURY / DRIVE AWAY,,"OVER $1,500",11/07/2024 03:20:00 PM,"VISION OBSCURED (SIGNS, TREE LIMBS, BUILDINGS, ETC.)",NOT APPLICABLE,,2,NO INDICATION OF INJURY,0.0,0.0,0.0,0.0,0.0,3.0,0.0,15,5,11,41.739896706,-87.632089065,POINT (-87.632089065232 41.739896705621),POINT (1175631.9274514955 1848589.2199860248),2024,8500 S HOLLAND RD
O1751919,DRIVER,ee6ed60c0814438392e536e6019087d0a97590efb96f644d015fad9fc00557c8d1d7743ca37b62851544abbba67c16c4a62315120d2dd3ca558e45c673b9e5e6,1668000.0,F,,DEPLOYMENT UNKNOWN,NONE,NO INDICATION OF INJURY,NONE,UNKNOWN,UNKNOWN,,,,Y,2024-02-01 18:18:00,30,CLEAR,"DARKNESS, LIGHTED ROAD",SIDESWIPE SAME DIRECTION,DIVIDED - W/MEDIAN (NOT RAISED),DRY,NO DEFECTS,NOT ON SCENE (DESK REPORT),NO INJURY / DRIVE AWAY,,$500 OR LESS,02/01/2024 07:00:00 PM,IMPROPER OVERTAKING/PASSING,NOT APPLICABLE,,2,NO INDICATION OF INJURY,0.0,0.0,0.0,0.0,0.0,2.0,0.0,18,5,2,41.721566293,-87.625169518,POINT (-87.625169517699 41.721566292573),POINT (1177575.3598224802 1841925.2668195595),2024,9500 S LAFAYETTE AVE
O1798497,DRIVER,425c1627b49464689ca020c2b14506143e33655b85d5836d29020cd3ba2c71bac1a67a09088ba4912f0d2bacdf8dce87f4bd4b425c125278bc6270e7e80d5183,1712867.0,F,26.0,DEPLOYMENT UNKNOWN,NONE,NO INDICATION OF INJURY,UNKNOWN,UNKNOWN,NORMAL,,,,,2024-04-16 02:50:00,30,UNKNOWN,UNKNOWN,TURNING,NOT DIVIDED,UNKNOWN,UNKNOWN,NOT ON SCENE (DESK REPORT),INJURY AND / OR TOW DUE TO CRASH,,"OVER $1,500",04/16/2024 03:15:00 AM,UNABLE TO DETERMINE,UNABLE TO DETERMINE,,2,NO INDICATION OF INJURY,0.0,0.0,0.0,0.0,0.0,2.0,0.0,2,3,4,41.880815427,-87.710079973,POINT (-87.71007997269 41.880815426886),POINT (1153974.3314184172 1899775.3850225734),2024,3341 W MADISON ST
O1746483,DRIVER,3fa405aec67138828a6cbced53ca2965f5edaf6098f005e46faa3983c66547b30dd88883683e4319348b071a764977ab3617cef322e5301d64bb02bae37f076c,1662783.0,F,48.0,NOT APPLICABLE,NONE,NO INDICATION OF INJURY,UNKNOWN,UNKNOWN,NORMAL,,,,,2024-01-23 14:50:00,30,UNKNOWN,UNKNOWN,TURNING,OTHER,UNKNOWN,UNKNOWN,NOT ON SCENE (DESK REPORT),NO INJURY / DRIVE AWAY,,"OVER $1,500",01/23/2024 04:15:00 PM,UNABLE TO DETERMINE,NOT APPLICABLE,,2,NO INDICATION OF INJURY,0.0,0.0,0.0,0.0,0.0,3.0,0.0,14,3,1,41.909091895,-87.736178352,POINT (-87.736178351843 41.909091895106),POINT (1146795.4780368598 1910028.7782469378),2024,1549 N KOSTNER AVE
O1826021,DRIVER,cc7b8a8921ac50fa8f0ca87805f9c1e37b36d4f6a52a565d07f3aab7cbcd0dd9afec6b75a405653652cb9a16a6af0d8dd17bca3b46b4a9c7443b0a501d0906fb,1739349.0,M,48.0,"DEPLOYED, SIDE",NONE,NO INDICATION OF INJURY,NONE,UNKNOWN,NORMAL,,,,,2024-05-23 22:12:00,30,CLEAR,"DARKNESS, LIGHTED ROAD",ANGLE,FOUR WAY,DRY,NO DEFECTS,ON SCENE,INJURY AND / OR TOW DUE TO CRASH,,"OVER $1,500",05/23/2024 10:13:00 PM,DISREGARDING TRAFFIC SIGNALS,NOT APPLICABLE,,2,NONINCAPACITATING INJURY,1.0,0.0,0.0,1.0,0.0,1.0,0.0,22,5,5,41.769277119,-87.623249996,POINT (-87.623249996368 41.769277118547),POINT (1177955.9162812089 1859314.9712782714),2024,6899 S WABASH AVE
O1783465,DRIVER,df2f48872e51cafeffee7ce60b398023f1be2aba3fbca8fa0db41cbde9e98f9e29a50639382d4b4db9ad1aa67aa3ac7d2ef7e97271c3f426741ed37655d6d8d0,1698393.0,F,75.0,NOT APPLICABLE,NONE,NO INDICATION OF INJURY,NONE,UNKNOWN,NORMAL,,,,,2024-03-23 14:30:00,30,CLEAR,DAYLIGHT,TURNING,FOUR WAY,DRY,NO DEFECTS,NOT ON SCENE (DESK REPORT),NO INJURY / DRIVE AWAY,Y,"OVER $1,500",03/23/2024 03:00:00 PM,IMPROPER BACKING,IMPROPER LANE USAGE,,2,NO INDICATION OF INJURY,0.0,0.0,0.0,0.0,0.0,2.0,0.0,14,7,3,41.909610368,-87.755852279,POINT (-87.755852278737 41.909610367569),POINT (1141438.946475343 1910181.0413413786),2024,5200 W NORTH AVE
O1743446,DRIVER,6178ab142cd074aaa360ab7d54e8b04dad7dfa2d71006b5a2e0a34b616fea84856dc77775a9f38a1b7dcb0e4aacd6368e9be64882c6f66b734a15ab568d218e9,1659858.0,M,24.0,"DEPLOYED, FRONT",NONE,NO INDICATION OF INJURY,UNKNOWN,UNKNOWN,NORMAL,,,,,2024-01-19 02:15:00,30,SNOW,"DARKNESS, LIGHTED ROAD",ANGLE,T-INTERSECTION,SNOW OR SLUSH,UNKNOWN,ON SCENE,INJURY AND / OR TOW DUE TO CRASH,,"OVER $1,500",01/19/2024 02:23:00 AM,FAILING TO YIELD RIGHT-OF-WAY,WEATHER,,2,NO INDICATION OF INJURY,0.0,0.0,0.0,0.0,0.0,2.0,0.0,2,6,1,41.803754521,-87.621217057,POINT (-87.621217056525 41.803754521177),POINT (1178406.4367729558 1871882.8955706442),2024,5000 S INDIANA AVE
O1781087,DRIVER,7e71af321920b18f21b3f4c839444ab9f2e76ba2839b4bb9c216ce52f2d3af2843b679447028ef9c43380a15e93675ceeb20e5762ad267b813a96e596d93d40c,1696080.0,M,48.0,NOT APPLICABLE,UNKNOWN,NO INDICATION OF INJURY,FAILED TO YIELD,NOT OBSCURED,NORMAL,,,,,2024-03-19 20:10:00,30,CLEAR,DARKNESS,TURNING,NOT DIVIDED,DRY,NO DEFECTS,NOT ON SCENE (DESK REPORT),NO INJURY / DRIVE AWAY,,"$501 - $1,500",03/19/2024 08:20:00 PM,FAILING TO YIELD RIGHT-OF-WAY,NOT APPLICABLE,,2,NO INDICATION OF INJURY,0.0,0.0,0.0,0.0,0.0,3.0,0.0,20,3,3,41.869409054,-87.66419709,POINT (-87.664197090165 41.869409054037),POINT (1166501.620572115 1895712.9984262616),2024,1500 W TAYLOR ST
P388310,PASSENGER,0c38031ff175a814f3033d104481ba8d5663b4e0bb8d3baa06ecee47c170930c11547dbf37d5b8f3c1bee9d59b27c7cf6ec556157f052d6264961c0311e57772,1673481.0,M,,DID NOT DEPLOY,NONE,NO INDICATION OF INJURY,,,,,,,,2024-02-11 14:00:00,30,CLEAR,DAYLIGHT,ANGLE,CENTER TURN LANE,DRY,NO DEFECTS,NOT ON SCENE (DESK REPORT),NO INJURY / DRIVE AWAY,,"$501 - $1,500",02/11/2024 03:00:00 PM,FAILING TO YIELD RIGHT-OF-WAY,UNABLE TO DETERMINE,,2,NO INDICATION OF INJURY,0.0,0.0,0.0,0.0,0.0,7.0,0.0,14,1,2,41.920397622,-87.775341356,POINT (-87.775341355526 41.920397621948),POINT (1136108.4739248857 1914076.8073621427),2024,5955 W GRAND AVE
O1919359,DRIVER,148576e12e03ffa93efc350757c0786580b72f2ee873adc5ee4689078bf6605689510c9e33263bc58774f08efe9f88108fe6844f05e78c996ecce3e4fab5fb44,1828518.0,M,34.0,NOT APPLICABLE,NONE,NO INDICATION OF INJURY,FAILED TO YIELD,NOT OBSCURED,NORMAL,,,,,2024-10-02 10:30:00,30,CLEAR,DAYLIGHT,REAR END,DIVIDED - W/MEDIAN (NOT RAISED),DRY,NO DEFECTS,NOT ON SCENE (DESK REPORT),NO INJURY / DRIVE AWAY,,"OVER $1,500",10/02/2024 01:00:00 PM,FOLLOWING TOO CLOSELY,NOT APPLICABLE,,2,NO INDICATION OF INJURY,0.0,0.0,0.0,0.0,0.0,2.0,0.0,10,4,10,41.953329396,-87.767152291,POINT (-87.767152291422 41.953329396261),POINT (1138257.8956256744 1926091.8107161182),2024,4002 N CENTRAL AVE
O1840503,DRIVER,7bcf96676febfcf2a27cd211fd0c50409f2139838e5d20e1eec5d62914fd0c2e5e38e0a0aaa8ba0e70e26d6fa4cab1691c5e762e5536f1048c752cd3febf6991,1753252.0,M,24.0,NOT APPLICABLE,NONE,NO INDICATION OF INJURY,UNKNOWN,UNKNOWN,NORMAL,,,,,2024-06-12 09:00:00,5,CLEAR,DAYLIGHT,FIXED OBJECT,OTHER,DRY,NO DEFECTS,NOT ON SCENE (DESK REPORT),NO INJURY / DRIVE AWAY,,"OVER $1,500",06/12/2024 10:45:00 AM,UNABLE TO DETERMINE,UNABLE TO DETERMINE,,1,NO INDICATION OF INJURY,0.0,0.0,0.0,0.0,0.0,1.0,0.0,9,4,6,41.986932672,-87.655141216,POINT (-87.655141216007 41.986932671546),POINT (1168629.431579646 1938558.2002413266),2024,5747 N SHERIDAN RD
O1780254,DRIVER,414d542cf4f2bb41f858cfcd7cd26852183acf9e0183abfa096c81d472345e805cbf1c6d24f4cd85b8554bf6e4bbe9c798410464f118404b99b0ed29e8b9934d,1695258.0,M,,DEPLOYMENT UNKNOWN,NONE,NO INDICATION OF INJURY,FOLLOWED TOO CLOSELY,UNKNOWN,UNKNOWN,,,,,2024-03-18 16:50:00,30,CLEAR,DAYLIGHT,REAR END,NOT DIVIDED,DRY,NO DEFECTS,NOT ON SCENE (DESK REPORT),NO INJURY / DRIVE AWAY,Y,"$501 - $1,500",03/18/2024 05:15:00 PM,FOLLOWING TOO CLOSELY,UNABLE TO DETERMINE,,2,NO INDICATION OF INJURY,0.0,0.0,0.0,0.0,0.0,2.0,0.0,16,2,3,41.858978254,-87.725015761,POINT (-87.725015760984 41.858978253938),POINT (1149963.3919507521 1891788.7833068948),2024,4000 W 16TH ST
O1757935,DRIVER,08c8ae44336766554e28bdec9637106d09e93fc3499808a92b5e732ed07e74fe30e784fbc2e94fa835556388aa166a7a392137c5804f8b7ccb07732c35fe8564,1673818.0,F,65.0,DID NOT DEPLOY,NONE,NO INDICATION OF INJURY,NONE,NOT OBSCURED,NORMAL,,,,,2024-02-12 09:28:00,30,CLEAR,DAYLIGHT,SIDESWIPE OPPOSITE DIRECTION,NOT DIVIDED,DRY,NO DEFECTS,ON SCENE,NO INJURY / DRIVE AWAY,,"OVER $1,500",02/12/2024 09:28:00 AM,PHYSICAL CONDITION OF DRIVER,UNABLE TO DETERMINE,,3,NO INDICATION OF INJURY,0.0,0.0,0.0,0.0,0.0,2.0,0.0,9,2,2,41.777766582,-87.631910336,POINT (-87.631910336271 41.777766581841),POINT (1175568.1902246901 1862389.0824249466),2024,6410 S YALE AVE
O1916411,DRIVER,6347ad46ff01c061b643dde24f78b29ab050bb8a6a039174de341dc0078762295e9ac6221714810801b3a458a5cc2c27226440793ffe5d0d7f12ef2a5851890f,1825693.0,F,25.0,DID NOT DEPLOY,NONE,NO INDICATION OF INJURY,OTHER,MOVING VEHICLES,NORMAL,,,,,2024-09-27 18:45:00,30,CLEAR,"DARKNESS, LIGHTED ROAD",TURNING,FOUR WAY,DRY,WORN SURFACE,ON SCENE,INJURY AND / OR TOW DUE TO CRASH,,"OVER $1,500",09/27/2024 06:47:00 PM,"VISION OBSCURED (SIGNS, TREE LIMBS, BUILDINGS, ETC.)",NOT APPLICABLE,,2,NO INDICATION OF INJURY,0.0,0.0,0.0,0.0,0.0,2.0,0.0,18,6,9,41.797394748,-87.684272963,POINT (-87.684272963451 41.797394747543),POINT (1161231.838535797 1869429.3003162693),2024,5300 S WESTERN AVE
O1737467,DRIVER,09522f6eacff9bb562969a9080bc35ac492f84e571283007d2ed7d54db6eb4eb4cd3ee9c6a05da86046b58b852abd57ca17544e6e227f643f56158bca27a7c64,1654104.0,X,,DEPLOYMENT UNKNOWN,NONE,NO INDICATION OF INJURY,UNKNOWN,UNKNOWN,UNKNOWN,,,,,2024-01-08 17:11:00,30,CLEAR,DARKNESS,SIDESWIPE SAME DIRECTION,NOT DIVIDED,DRY,NO DEFECTS,NOT ON SCENE (DESK REPORT),NO INJURY / DRIVE AWAY,Y,"OVER $1,500",01/08/2024 09:20:00 PM,UNABLE TO DETERMINE,NOT APPLICABLE,,2,NO INDICATION OF INJURY,0.0,0.0,0.0,0.0,0.0,2.0,0.0,17,2,1,41.785732808,-87.738438323,POINT (-87.738438322686 41.785732807652),POINT (1146491.699573222 1865072.9085289834),2024,4612 W 59TH ST
O1743083,DRIVER,e43f4048ecc4383f735cf60a095345642a97af324b4c174853d585e5789b2516e8c97e01eb4c9802508ee2412681c226bcd0299efd8398014100e13dc81e69a0,1659521.0,M,32.0,DEPLOYMENT UNKNOWN,NONE,NO INDICATION OF INJURY,OTHER,UNKNOWN,UNKNOWN,,,,,2024-01-18 15:07:00,30,CLEAR,DAYLIGHT,REAR END,DIVIDED - W/MEDIAN (NOT RAISED),DRY,UNKNOWN,ON SCENE,INJURY AND / OR TOW DUE TO CRASH,,"OVER $1,500",01/18/2024 03:07:00 PM,UNABLE TO DETERMINE,UNABLE TO DETERMINE,,4,"REPORTED, NOT EVIDENT",1.0,0.0,0.0,0.0,1.0,6.0,0.0,15,5,1,41.997502063,-87.783952274,POINT (-87.783952273818 41.997502063234),POINT (1133584.8578398214 1942158.767622179),2024,6226 W DEVON AVE
O1746913,DRIVER,941e107f67c9c07e756719601e33fca3614ca4bc890ad4aa4f8aa517cd5eca5fab2979e4f832af50d41d62b49f20c6fc9b59be4056f1f5a05907625697957c59,1663199.0,X,,DEPLOYMENT UNKNOWN,UNKNOWN,NO INDICATION OF INJURY,UNKNOWN,UNKNOWN,UNKNOWN,,,,,2024-01-24 08:30:00,25,UNKNOWN,UNKNOWN,PARKED MOTOR VEHICLE,NOT DIVIDED,UNKNOWN,UNKNOWN,NOT ON SCENE (DESK REPORT),NO INJURY / DRIVE AWAY,Y,"OVER $1,500",01/24/2024 11:44:00 AM,UNABLE TO DETERMINE,UNABLE TO DETERMINE,,2,NO INDICATION OF INJURY,0.0,0.0,0.0,0.0,0.0,1.0,0.0,8,4,1,41.723766759,-87.652860826,POINT (-87.65286082573 41.723766759025),POINT (1170009.3840137436 1842666.123262442),2024,9341 S RACINE AVE
O1800715,DRIVER,9cdceb935ee9842feef88fc147049a07f374d005eb8bab7c9fb89a6bf4c3fda9d74a4b43067214ed2c9d3fe1d0035cc7afb934f1d1fbcb85e55756040ceb26d0,1714980.0,X,,DEPLOYMENT UNKNOWN,NONE,NO INDICATION OF INJURY,UNKNOWN,UNKNOWN,UNKNOWN,,,,,2024-04-19 07:09:00,35,CLEAR,DAYLIGHT,FIXED OBJECT,DIVIDED - W/MEDIAN BARRIER,DRY,NO DEFECTS,ON SCENE,INJURY AND / OR TOW DUE TO CRASH,,"OVER $1,500",04/19/2024 07:48:00 AM,UNABLE TO DETERMINE,UNABLE TO DETERMINE,,1,NO INDICATION OF INJURY,0.0,0.0,0.0,0.0,0.0,1.0,0.0,7,6,4,41.845073336,-87.66573305,POINT (-87.665733050403 41.845073335726),POINT (1166152.2221100281 1886841.8664888425),2024,2555 S ASHLAND AVE
O1885648,DRIVER,c9947c702e43041d7e0a5484e40d14345842cf7d96fc16ffe57b2986d1a25689bfdb705d51eba8af165694dc15829546ac5ed27b6afd4e116fbfaa5be6c1299f,1796365.0,F,40.0,DID NOT DEPLOY,NONE,NO INDICATION OF INJURY,IMPROPER PARKING,UNKNOWN,NORMAL,,,,,2024-08-16 12:40:00,30,CLEAR,DAYLIGHT,PARKED MOTOR VEHICLE,NOT DIVIDED,DRY,NO DEFECTS,NOT ON SCENE (DESK REPORT),NO INJURY / DRIVE AWAY,,$500 OR LESS,08/16/2024 01:35:00 PM,IMPROPER OVERTAKING/PASSING,NOT APPLICABLE,,2,NO INDICATION OF INJURY,0.0,0.0,0.0,0.0,0.0,2.0,0.0,12,6,8,41.9594901,-87.653533977,POINT (-87.653533976685 41.959490100248),POINT (1169145.7471019432 1928561.457821587),2024,4247 N BROADWAY
O1885666,DRIVER,db75085c84bb5507eb74f9aac5f2bdd6f57c640f78083ee2f0cbd62d340ec559dc799d0282d1b7507c10bd9d85142a1b0ce9c3ddd9a37f2e33d24fd8943b9196,1796387.0,F,18.0,DID NOT DEPLOY,NONE,NO INDICATION OF INJURY,DISREGARDED CONTROL DEVICES,NOT OBSCURED,NORMAL,,,,,2024-08-16 13:15:00,30,CLEAR,DAYLIGHT,TURNING,FOUR WAY,DRY,NO DEFECTS,ON SCENE,INJURY AND / OR TOW DUE TO CRASH,,"OVER $1,500",08/16/2024 01:18:00 PM,DISREGARDING TRAFFIC SIGNALS,FAILING TO REDUCE SPEED TO AVOID CRASH,,2,NONINCAPACITATING INJURY,1.0,0.0,0.0,1.0,0.0,1.0,0.0,13,6,8,41.809431454,-87.616443231,POINT (-87.616443231254 41.809431453546),POINT (1179690.75902558 1873962.3598422252),2024,4659 S DR MARTIN LUTHER KING JR DR
P429543,PASSENGER,01514114b3947325cb4eecb153012791491a62898c52cfd909912fa32f57d54227d2291cf3589849ce36b24ae2dabf6ec180e68ec9b748397cc57a4963b75b44,1849788.0,M,,NOT APPLICABLE,NONE,NO INDICATION OF INJURY,,,,,,,,2024-11-03 02:43:00,30,CLEAR,DAYLIGHT,PARKED MOTOR VEHICLE,DIVIDED - W/MEDIAN (NOT RAISED),DRY,NO DEFECTS,ON SCENE,INJURY AND / OR TOW DUE TO CRASH,,"OVER $1,500",11/03/2024 02:47:00 AM,UNDER THE INFLUENCE OF ALCOHOL/DRUGS (USE WHEN ARREST IS EFFECTED),IMPROPER OVERTAKING/PASSING,,6,NO INDICATION OF INJURY,0.0,0.0,0.0,0.0,0.0,2.0,0.0,2,1,11,41.911719356,-87.76544537,POINT (-87.765445370421 41.911719356396),POINT (1138822.632452248 1910932.122926994),2024,1717 N CENTRAL AVE
P385072,PASSENGER,9fb3ac1b7b507929dfb3cb0327f91aa7146883368082193f1f9cb225d0bf705302fc116a7a66501c89b73c9a958d7c3a08b0bde7575ae8ee9474b7961a0c04d1,1657718.0,F,50.0,DID NOT DEPLOY,NONE,NO INDICATION OF INJURY,,,,,,,,2024-01-12 17:00:00,15,CLEAR,"DARKNESS, LIGHTED ROAD",PARKED MOTOR VEHICLE,PARKING LOT,DRY,NO DEFECTS,NOT ON SCENE (DESK REPORT),NO INJURY / DRIVE AWAY,,"$501 - $1,500",01/15/2024 03:30:00 PM,UNABLE TO DETERMINE,UNABLE TO DETERMINE,,2,NO INDICATION OF INJURY,0.0,0.0,0.0,0.0,0.0,2.0,0.0,17,6,1,41.751503749,-87.585437437,POINT (-87.585437436949 41.751503748743),POINT (1188327.2990006583 1852925.9241720075),2024,7901 S SOUTH CHICAGO AVE
O1864669,DRIVER,296a8bb67ae1b94929b51dd6aa0507f68db25d1d9b6c8648a2dd113aa6b240bbd41a156ac36e739c606be18dab29ae914dfad4e1ebe741372b8ec2b77e7e2d0d,1776305.0,M,18.0,NOT APPLICABLE,NONE,NO INDICATION OF INJURY,UNKNOWN,NOT OBSCURED,NORMAL,,,,,2024-07-16 13:00:00,30,CLEAR,DAYLIGHT,SIDESWIPE OPPOSITE DIRECTION,FOUR WAY,DRY,NO DEFECTS,ON SCENE,INJURY AND / OR TOW DUE TO CRASH,,"OVER $1,500",07/16/2024 02:30:00 PM,NOT APPLICABLE,NOT APPLICABLE,,2,NO INDICATION OF INJURY,0.0,0.0,0.0,0.0,0.0,3.0,0.0,13,3,7,41.865944226,-87.734814942,POINT (-87.734814941748 41.865944225926),POINT (1147276.2642879696 1894308.403718008),2024,1201 S KOSTNER AVE
O1890087,DRIVER,ee51053b05911c624c83e61a584ff7964006225a8efead544cc245876405bbdb55cdc6c696f1970409278dfe6901e8a5a5f8f9645ccc9e1bcd18b2769ea3630d,1800603.0,X,,DEPLOYMENT UNKNOWN,NONE,NO INDICATION OF INJURY,UNKNOWN,UNKNOWN,UNKNOWN,,,,Y,2024-08-22 23:35:00,30,CLEAR,"DARKNESS, LIGHTED ROAD",REAR END,NOT DIVIDED,DRY,NO DEFECTS,ON SCENE,INJURY AND / OR TOW DUE TO CRASH,Y,"OVER $1,500",08/23/2024 12:28:00 AM,UNABLE TO DETERMINE,NOT APPLICABLE,,2,NONINCAPACITATING INJURY,1.0,0.0,0.0,1.0,0.0,1.0,0.0,23,5,8,41.787201768,-87.630169506,POINT (-87.630169506167 41.787201767753),POINT (1176014.9012139135 1865831.0768877773),2024,5901 S WENTWORTH AVE
O1828341,DRIVER,e0573bc1ba7ad67a141e2db84636943a998e52034d97cba465d80db1b4bc02714e27ebfe2b3ae2f6d2cbd50de9d28fef949de2a20ecacfcca010697b26ad94ce,1741561.0,M,29.0,DID NOT DEPLOY,NONE,NO INDICATION OF INJURY,FAILED TO YIELD,NOT OBSCURED,NORMAL,,,,,2024-05-25 11:00:00,30,CLEAR,DAYLIGHT,TURNING,Y-INTERSECTION,DRY,NO DEFECTS,NOT ON SCENE (DESK REPORT),NO INJURY / DRIVE AWAY,,"$501 - $1,500",05/27/2024 01:00:00 PM,FOLLOWING TOO CLOSELY,FAILING TO REDUCE SPEED TO AVOID CRASH,,2,NO INDICATION OF INJURY,0.0,0.0,0.0,0.0,0.0,2.0,0.0,11,7,5,41.926636858,-87.634272617,POINT (-87.634272616837 41.926636857939),POINT (1174482.2254144223 1916631.7828589207),2024,2428 N CANNON DR
O1778561,DRIVER,78c8bd144a8fbd5665771fb2f61aa9e64ff2b0422769ee03533cfaebdc5520d877c62a0a225b095f4ab2435de10ddd768d641c73b126413a81b36bb02605d8cb,1693681.0,M,36.0,DID NOT DEPLOY,NONE,NO INDICATION OF INJURY,NONE,NOT OBSCURED,NORMAL,,,,,2024-03-16 11:24:00,20,CLEAR,DAYLIGHT,ANGLE,ALLEY,DRY,NO DEFECTS,ON SCENE,NO INJURY / DRIVE AWAY,,"OVER $1,500",03/16/2024 11:24:00 AM,DRIVING SKILLS/KNOWLEDGE/EXPERIENCE,DRIVING SKILLS/KNOWLEDGE/EXPERIENCE,,2,NO INDICATION OF INJURY,0.0,0.0,0.0,0.0,0.0,2.0,0.0,11,7,3,41.968356466,-87.727656367,POINT (-87.727656367266 41.96835646617),POINT (1148962.5874320425 1931641.1788144668),2024,3950 W LAWRENCE AVE
O1848339,DRIVER,8373dd2a49c7469f25d804b072bd612ba89d8e5da170a549ed533a621130cf67fcef66400c6a695b2d2ffc020689e183b2d39691b8a43fd530c9e0df280a54e2,1760726.0,M,,DEPLOYMENT UNKNOWN,UNKNOWN,NO INDICATION OF INJURY,DISREGARDED CONTROL DEVICES,UNKNOWN,UNKNOWN,,,,,2024-06-22 21:35:00,30,CLEAR,"DARKNESS, LIGHTED ROAD",ANGLE,ONE-WAY,DRY,NO DEFECTS,NOT ON SCENE (DESK REPORT),NO INJURY / DRIVE AWAY,,$500 OR LESS,06/22/2024 10:10:00 PM,DRIVING ON WRONG SIDE/WRONG WAY,FAILING TO REDUCE SPEED TO AVOID CRASH,,2,NO INDICATION OF INJURY,0.0,0.0,0.0,0.0,0.0,3.0,0.0,21,7,6,41.92578335,-87.760515813,POINT (-87.760515813099 41.925783349792),POINT (1140130.175477237 1916065.9734844728),2024,5345 W ALTGELD ST
O1947499,DRIVER,7b5b5a46407cb6eb861e966959330a8b659c2a1ab3ddcfec707967e0f2ef5eafee1e3b02caa3ad4828b67aa098ce75c8bc623b4bf0fc6fd303c7f29fab586f63,1855298.0,M,60.0,NOT APPLICABLE,NONE,NO INDICATION OF INJURY,IMPROPER PARKING,UNKNOWN,UNKNOWN,,,,,2024-11-11 07:45:00,25,CLEAR,DAYLIGHT,FIXED OBJECT,NOT DIVIDED,DRY,UNKNOWN,NOT ON SCENE (DESK REPORT),NO INJURY / DRIVE AWAY,,"$501 - $1,500",11/12/2024 08:00:00 AM,UNABLE TO DETERMINE,UNABLE TO DETERMINE,,1,NO INDICATION OF INJURY,0.0,0.0,0.0,0.0,0.0,1.0,0.0,7,2,11,41.909445205,-87.641110619,POINT (-87.641110618749 41.909445204925),POINT (1172671.9874323083 1910352.0219900818),2024,1506 N CLEVELAND AVE
P395424,PASSENGER,bb15022dcbe5922c3addf0317382ef01ecb3031137391caefd983630ea0aeaccdebfe3cdc94a70738c7b0bbee02b995dd6f57415f56f58e94bef80853f129fcf,1705157.0,M,36.0,DID NOT DEPLOY,NONE,NO INDICATION OF INJURY,,,,,,,,2024-04-04 07:50:00,30,CLEAR,DAYLIGHT,PARKED MOTOR VEHICLE,DRIVEWAY,DRY,NO DEFECTS,ON SCENE,NO INJURY / DRIVE AWAY,,$500 OR LESS,04/04/2024 07:53:00 AM,IMPROPER BACKING,UNABLE TO DETERMINE,,2,NO INDICATION OF INJURY,0.0,0.0,0.0,0.0,0.0,4.0,0.0,7,5,4,41.964937797,-87.757938974,POINT (-87.75793897362 41.964937796884),POINT (1140735.6314017174 1930338.6403433809),2024,4612 N LARAMIE AVE
P409814,PASSENGER,c6d6778cb177f8c2f4b2df81828e10e3addd77c2a3a439fdb9dab717dcbfa0f080c347eea71ebd735eee3f86ef1f090f6e55ad4bdfea4721804cf3b29fefe6c1,1765061.0,M,20.0,NOT APPLICABLE,NONE,NO INDICATION OF INJURY,,,,,,,,2024-06-28 10:00:00,30,RAIN,DAYLIGHT,TURNING,DIVIDED - W/MEDIAN (NOT RAISED),WET,NO DEFECTS,NOT ON SCENE (DESK REPORT),INJURY AND / OR TOW DUE TO CRASH,,$500 OR LESS,06/28/2024 11:30:00 AM,WEATHER,NOT APPLICABLE,,2,"REPORTED, NOT EVIDENT",1.0,0.0,0.0,0.0,1.0,3.0,0.0,10,6,6,41.786925924,-87.65960243,POINT (-87.65960243019 41.786925924448),POINT (1167988.7798445898 1865666.2882288035),2024,1400 W 59TH ST