PERSON_ID,PERSON_TYPE,CRASH_RECORD_ID,VEHICLE_ID,SEX,AGE,AIRBAG_DEPLOYED,EJECTION,INJURY_CLASSIFICATION,DRIVER_ACTION,DRIVER_VISION,PHYSICAL_CONDITION,PEDPEDAL_ACTION,PEDPEDAL_VISIBILITY,PEDPEDAL_LOCATION,CRASH_DATE_EST_I,CRASH_DATE,POSTED_SPEED_LIMIT,WEATHER_CONDITION,LIGHTING_CONDITION,FIRST_CRASH_TYPE,TRAFFICWAY_TYPE,ROADWAY_SURFACE_COND,ROAD_DEFECT,REPORT_TYPE,CRASH_TYPE,HIT_AND_RUN_I,DAMAGE,DATE_POLICE_NOTIFIED,PRIM_CONTRIBUTORY_CAUSE,SEC_CONTRIBUTORY_CAUSE,DOORING_I,NUM_UNITS,MOST_SEVERE_INJURY,INJURIES_TOTAL,INJURIES_FATAL,INJURIES_INCAPACITATING,INJURIES_NON_INCAPACITATING,INJURIES_REPORTED_NOT_EVIDENT,INJURIES_NO_INDICATION,INJURIES_UNKNOWN,CRASH_HOUR,CRASH_DAY_OF_WEEK,CRASH_MONTH,LATITUDE,LONGITUDE,LOCATION,geometry,YEAR,ADDRESS
O1840056,DRIVER,3b5c47f4710f1d11651aa6a7c4531365325f73557fab44f5c26bc031e210f9b427a719b9816b807e20826d2f474e4348e0ac93b974cbae1e0ee32e7dd15d00bd,1752792.0,M,,DEPLOYMENT UNKNOWN,UNKNOWN,NO INDICATION OF INJURY,FAILED TO YIELD,UNKNOWN,UNKNOWN,,,,,2024-06-11 14:00:00,35,CLEAR,DAYLIGHT,REAR END,NOT DIVIDED,DRY,NO DEFECTS,NOT ON SCENE (DESK REPORT),NO INJURY / DRIVE AWAY,Y,"OVER $1,500",06/11/2024 04:50:00 PM,FOLLOWING TOO CLOSELY,NOT APPLICABLE,,2,NO INDICATION OF INJURY,0.0,0.0,0.0,0.0,0.0,2.0,0.0,14,3,6,41.844141155,-87.705178756,POINT (-87.705178756125 41.844141155327),POINT (1155406.8161191724 1886421.1030530308),2024,2610 S KEDZIE AVE
O1918329,DRIVER,6ad3dc6455ba63703d5f8c15b38fc46540b74f15b75b34782e941872c35103303739efa676a401cf693fe700e7ba353923589ec172d223e8976ce79e2e49d29e,1827535.0,M,47.0,DID NOT DEPLOY,NONE,NO INDICATION OF INJURY,UNKNOWN,UNKNOWN,UNKNOWN,,,,,2024-09-30 20:30:00,30,CLEAR,"DARKNESS, LIGHTED ROAD",SIDESWIPE OPPOSITE DIRECTION,NOT DIVIDED,UNKNOWN,UNKNOWN,NOT ON SCENE (DESK REPORT),NO INJURY / DRIVE AWAY,,"OVER $1,500",09/30/2024 09:56:00 PM,UNABLE TO DETERMINE,UNABLE TO DETERMINE,,2,NO INDICATION OF INJURY,0.0,0.0,0.0,0.0,0.0,2.0,0.0,20,2,9,41.743574065,-87.591502286,POINT (-87.591502285788 41.743574064702),POINT (1186697.2934480277 1850022.0892292606),2024,8319 S KENWOOD AVE
P390992,PASSENGER,9f7d210e98ce48a37c2676954a3a4b10cb8fce8e66c707047e54b82d49abc75940afd585860a434567a1949c4ad03fb8243fbc264cc8919957dfb52000c5b5d2,1685578.0,M,,NOT APPLICABLE,NONE,NO INDICATION OF INJURY,,,,,,,,2024-03-03 15:00:00,30,CLEAR,DAYLIGHT,PARKED MOTOR VEHICLE,UNKNOWN,DRY,NO DEFECTS,NOT ON SCENE (DESK REPORT),NO INJURY / DRIVE AWAY,,"OVER $1,500",03/03/2024 03:30:00 PM,DRIVING SKILLS/KNOWLEDGE/EXPERIENCE,NOT APPLICABLE,,2,NO INDICATION OF INJURY,0.0,0.0,0.0,0.0,0.0,4.0,0.0,15,1,3,41.866436012,-87.613998339,POINT (-87.613998339216 41.86643601238),POINT (1180183.3333431564 1894740.2037389688),2024,500 E SOLIDARITY DR
O1834873,DRIVER,46d43b4c7113b653a9310c457f5989ca754cdc46940a9fbfe58d28551ddef6cd3dfd7ad648024d1ed22d0a4327d2b3ba1a6e263abb5e4f7ba93232a09f295fd4,1747832.0,M,34.0,NOT APPLICABLE,NONE,NO INDICATION OF INJURY,FAILED TO YIELD,NOT OBSCURED,NORMAL,,,,,2024-06-04 19:38:00,30,RAIN,DAWN,SIDESWIPE SAME DIRECTION,NOT DIVIDED,WET,NO DEFECTS,ON SCENE,NO INJURY / DRIVE AWAY,,"OVER $1,500",06/04/2024 07:39:00 PM,FAILING TO YIELD RIGHT-OF-WAY,NOT APPLICABLE,,2,NO INDICATION OF INJURY,0.0,0.0,0.0,0.0,0.0,2.0,0.0,19,3,6,41.952647791,-87.767129789,POINT (-87.767129788531 41.952647790907),POINT (1138265.6576414814 1925843.472288727),2024,3942 N CENTRAL AVE
P388144,PASSENGER,11de67494e649f8d9bf076b68d959e6acbf853db17812d14ed4b74cdd0bb874cc1d2431159704afc9200b0ad279e72c1d7c5af27f3d4ba5e836f77ecda7aff2c,1672736.0,M,40.0,NOT APPLICABLE,NONE,NO INDICATION OF INJURY,,,,,,,,2024-02-10 09:00:00,30,CLEAR,DAYLIGHT,FIXED OBJECT,NOT DIVIDED,DRY,UNKNOWN,ON SCENE,NO INJURY / DRIVE AWAY,,"$501 - $1,500",02/10/2024 09:12:00 AM,UNABLE TO DETERMINE,UNABLE TO DETERMINE,,1,NO INDICATION OF INJURY,0.0,0.0,0.0,0.0,0.0,4.0,0.0,9,7,2,41.896138734,-87.656345713,POINT (-87.65634571324 41.896138734273),POINT (1168563.2619424218 1905470.039115723),2024,1129 W CHICAGO AVE
O1938506,DRIVER,35620ffb76e3074693d160d692f0082fc180c37008521d858baa3c403fa2d4071d21b7d99fa58bd3a9a20e5510110f66b7d6e4304fc278e8a8702b8c3ba46563,1846783.0,M,,DEPLOYMENT UNKNOWN,NONE,NO INDICATION OF INJURY,FAILED TO YIELD,UNKNOWN,UNKNOWN,,,,,2024-10-29 17:14:00,30,CLEAR,DAYLIGHT,REAR END,NOT DIVIDED,DRY,NO DEFECTS,NOT ON SCENE (DESK REPORT),NO INJURY / DRIVE AWAY,Y,"OVER $1,500",10/29/2024 07:12:00 PM,FOLLOWING TOO CLOSELY,NOT APPLICABLE,,2,NO INDICATION OF INJURY,0.0,0.0,0.0,0.0,0.0,3.0,0.0,17,3,10,41.785888494,-87.723106591,POINT (-87.72310659145 41.785888494434),POINT (1150672.634283021 1865158.942486417),2024,5900 S PULASKI RD
P386104,PASSENGER,cc5ee7e8e062f97a2454fc8c033894edc685b1601b541e0a9f13f88e7a61e12e6c4e03d65de0bbf6f2e5b69b06a95c79f237066d088ca8a37f6ee8378f1a5edd,1662751.0,M,40.0,DID NOT DEPLOY,NONE,NO INDICATION OF INJURY,,,,,,,,2024-01-23 15:00:00,25,UNKNOWN,DAYLIGHT,PARKED MOTOR VEHICLE,NOT DIVIDED,UNKNOWN,UNKNOWN,NOT ON SCENE (DESK REPORT),NO INJURY / DRIVE AWAY,,"OVER $1,500",01/23/2024 03:40:00 PM,UNABLE TO DETERMINE,UNABLE TO DETERMINE,,2,NO INDICATION OF INJURY,0.0,0.0,0.0,0.0,0.0,2.0,0.0,15,3,1,41.723860289,-87.604364721,POINT (-87.604364720842 41.72386028931),POINT (1183247.927333928 1842808.5825023623),2024,9361 S COTTAGE GROVE AVE
O1780113,DRIVER,1807b48775fd71af2d73b6f1021073ee3f0d19623b2caa632f42b2310d873001e54aa1bb87498ed06e50589f0962403ef891fcecdacdb39b32f64e4b21ef6291,1695137.0,F,26.0,DID NOT DEPLOY,NONE,NO INDICATION OF INJURY,NONE,NOT OBSCURED,NORMAL,,,,,2024-03-18 12:30:00,30,CLEAR,DAYLIGHT,SIDESWIPE SAME DIRECTION,ONE-WAY,DRY,NO DEFECTS,NOT ON SCENE (DESK REPORT),NO INJURY / DRIVE AWAY,,"$501 - $1,500",03/18/2024 01:40:00 PM,FAILING TO YIELD RIGHT-OF-WAY,FAILING TO REDUCE SPEED TO AVOID CRASH,,2,NO INDICATION OF INJURY,0.0,0.0,0.0,0.0,0.0,2.0,0.0,12,2,3,41.899894894,-87.624221082,POINT (-87.624221081986 41.899894894336),POINT (1177298.0881046222 1906909.4357309046),2024,125 E WALTON ST
O1917855,DRIVER,6970898777891d73f1e18b222e76082a5db715170d6d696b7451d17cf111f08a635cce9c344dbf3edac8068f65c3e3203904b85a2016c20d9394d430175cb8af,1827084.0,M,19.0,DID NOT DEPLOY,NONE,NO INDICATION OF INJURY,UNKNOWN,UNKNOWN,NORMAL,,,,,2024-09-30 09:52:00,30,CLEAR,DAYLIGHT,REAR END,NOT DIVIDED,DRY,UNKNOWN,NOT ON SCENE (DESK REPORT),NO INJURY / DRIVE AWAY,,"$501 - $1,500",09/30/2024 12:00:00 PM,UNABLE TO DETERMINE,UNABLE TO DETERMINE,,2,NO INDICATION OF INJURY,0.0,0.0,0.0,0.0,0.0,2.0,0.0,9,2,9,41.869025246,-87.734921089,POINT (-87.734921089458 41.869025245907),POINT (1147239.5250342856 1895430.9184160095),2024,945 S KOSTNER AVE
O1811726,DRIVER,9502255992d1bc12aac7e7325434d2b09160708300659289d7f2186d93cef2de57f2f1631b1677e918fcacc7767730dd1be2c98112a6708c4f8a26b6f0ef1d4e,1725631.0,M,35.0,DID NOT DEPLOY,NONE,NO INDICATION OF INJURY,NONE,NOT OBSCURED,NORMAL,,,,,2024-05-05 10:50:00,30,CLEAR,DAYLIGHT,SIDESWIPE SAME DIRECTION,NOT DIVIDED,DRY,NO DEFECTS,NOT ON SCENE (DESK REPORT),NO INJURY / DRIVE AWAY,,"$501 - $1,500",05/05/2024 11:05:00 AM,IMPROPER LANE USAGE,NOT APPLICABLE,,2,NO INDICATION OF INJURY,0.0,0.0,0.0,0.0,0.0,2.0,0.0,10,1,5,41.954724852,-87.646582305,POINT (-87.646582305327 41.954724852192),POINT (1171050.428511023 1926840.0592816796),2024,640 W IRVING PARK RD
O1803892,DRIVER,7d56b044bd5c091618fa0a6796a16746afc6132174d152834cb643b695cd1e2f3b8be8a1b5bd803149f948f4e4b4b00cc815d5e7f547da5bfdd3e414dd70c713,1718078.0,X,,DEPLOYMENT UNKNOWN,NONE,NO INDICATION OF INJURY,UNKNOWN,UNKNOWN,UNKNOWN,,,,,2024-04-23 19:50:00,30,UNKNOWN,DARKNESS,PARKED MOTOR VEHICLE,ONE-WAY,UNKNOWN,UNKNOWN,NOT ON SCENE (DESK REPORT),NO INJURY / DRIVE AWAY,Y,"OVER $1,500",04/24/2024 01:20:00 PM,UNABLE TO DETERMINE,UNABLE TO DETERMINE,,2,NO INDICATION OF INJURY,0.0,0.0,0.0,0.0,0.0,1.0,0.0,19,3,4,41.911346824,-87.733847951,POINT (-87.733847951032 41.911346824028),POINT (1147424.072270202 1910854.8997784175),2024,1652 N KILDARE AVE
O1850908,DRIVER,001a0e1fa3fa8958d5fdc76b3e18495938abc819a9452bb621039865c4ea6111d98b3255de91f123cf82d53880c95ab7ae51497992775296c661d4cc54436eb9,1763206.0,F,24.0,DID NOT DEPLOY,NONE,NO INDICATION OF INJURY,IMPROPER TURN,NOT OBSCURED,NORMAL,,,,,2024-06-26 15:33:00,30,CLEAR,DAYLIGHT,TURNING,ONE-WAY,DRY,UNKNOWN,ON SCENE,NO INJURY / DRIVE AWAY,,"$501 - $1,500",06/26/2024 03:33:00 PM,IMPROPER LANE USAGE,IMPROPER LANE USAGE,,2,NO INDICATION OF INJURY,0.0,0.0,0.0,0.0,0.0,2.0,0.0,15,4,6,41.894158866,-87.620438461,POINT (-87.620438460957 41.894158865635),POINT (1178345.2396456187 1904827.7593745547),2024,654 N FAIRBANKS CT
P427834,PASSENGER,1cbfff3ec502ba65ea16435b4a70fb003d65a6f695b44ee275d7cb3c934521aeb5eb0385a59125c66fb3ac622f9bb5c73f88f523dd87fbcdf5d37b9d39bc716d,1842697.0,F,25.0,"DEPLOYED, FRONT",NONE,NONINCAPACITATING INJURY,,,,,,,,2024-10-23 15:43:00,10,CLEAR,DAYLIGHT,ANGLE,ALLEY,DRY,NO DEFECTS,ON SCENE,INJURY AND / OR TOW DUE TO CRASH,,"OVER $1,500",10/23/2024 03:45:00 PM,FAILING TO REDUCE SPEED TO AVOID CRASH,DRIVING SKILLS/KNOWLEDGE/EXPERIENCE,,2,NONINCAPACITATING INJURY,2.0,0.0,0.0,2.0,0.0,2.0,0.0,15,4,10,41.771617253,-87.713963027,POINT (-87.713963026614 41.771617253008),POINT (1153203.757803043 1859976.4445747004),2024,3624 W MARQUETTE RD
O1867058,DRIVER,e84fd02bdb294f81bd34a9fbfc5c4a8de368fab97ba8c5460d3c61c3e0751d3a7dbc3f352132b91da7a2bebe4c3517fbae13839d2aeb1169071054639ac08b2a,1778599.0,X,,DEPLOYMENT UNKNOWN,NONE,NO INDICATION OF INJURY,OTHER,UNKNOWN,UNKNOWN,,,,,2024-07-19 10:04:00,30,CLEAR,"DARKNESS, LIGHTED ROAD",TURNING,NOT DIVIDED,DRY,NO DEFECTS,ON SCENE,INJURY AND / OR TOW DUE TO CRASH,Y,"OVER $1,500",07/19/2024 10:30:00 AM,FAILING TO REDUCE SPEED TO AVOID CRASH,NOT APPLICABLE,,2,NO INDICATION OF INJURY,0.0,0.0,0.0,0.0,0.0,2.0,0.0,10,6,7,41.891551499,-87.701841809,POINT (-87.701841808848 41.8915514985),POINT (1156188.9682465896 1903703.998737928),2024,535 N SACRAMENTO BLVD
P405150,PASSENGER,08e0fb79f010bdd9889bfe54f6d70fde265617bab53d0fd5152d22b4717667bef7bf448f7c9b8f1a4b2bfb247919cd4e2e4174670dfc5abb82bf5161e92d35d1,1745398.0,F,62.0,DID NOT DEPLOY,NONE,NO INDICATION OF INJURY,,,,,,,,2024-06-01 15:29:00,30,RAIN,DAYLIGHT,PEDALCYCLIST,NOT DIVIDED,WET,UNKNOWN,ON SCENE,INJURY AND / OR TOW DUE TO CRASH,,$500 OR LESS,06/01/2024 03:29:00 PM,IMPROPER TURNING/NO SIGNAL,NOT APPLICABLE,,2,"REPORTED, NOT EVIDENT",1.0,0.0,0.0,0.0,1.0,2.0,0.0,15,7,6,41.923952981,-87.646461629,POINT (-87.64646162935 41.923952980727),POINT (1171173.1014443843 1915626.966154709),2024,2309 N LINCOLN AVE
O1818079,DRIVER,ed4c7f1924238d1cecb8bd4c0524cd8b95cbbf3ea4be64b979a4ea32fb7462c24cf0d7c0fb88743e535827db6f4a039dc3788b4ac3e9d6a0a8cad64e70d3e9b7,1731708.0,F,56.0,DEPLOYMENT UNKNOWN,NONE,NO INDICATION OF INJURY,NONE,NOT OBSCURED,NORMAL,,,,,2024-05-13 17:50:00,30,CLOUDY/OVERCAST,DAYLIGHT,ANGLE,FOUR WAY,UNKNOWN,UNKNOWN,NOT ON SCENE (DESK REPORT),NO INJURY / DRIVE AWAY,,"OVER $1,500",05/13/2024 07:20:00 PM,UNABLE TO DETERMINE,UNABLE TO DETERMINE,,2,NO INDICATION OF INJURY,0.0,0.0,0.0,0.0,0.0,2.0,0.0,17,2,5,41.929150184,-87.795560025,POINT (-87.795560024922 41.929150184187),POINT (1130585.908031241 1917231.0932052634),2024,2700 N OAK PARK AVE
P398772,PASSENGER,9616eb309133e7914ac111ced5fbbe535fb74dddcb4cdda402fe3d983e1e4ed20be432fcdf15a61e167a0fcd0aa05fe4edd60ddcdb0a532fb8e252c7c50bdf5a,1719152.0,,,NOT APPLICABLE,NONE,NO INDICATION OF INJURY,,,,,,,,2024-04-25 21:15:00,30,UNKNOWN,UNKNOWN,ANGLE,FOUR WAY,UNKNOWN,UNKNOWN,NOT ON SCENE (DESK REPORT),NO INJURY / DRIVE AWAY,Y,"OVER $1,500",04/25/2024 10:00:00 PM,UNABLE TO DETERMINE,UNABLE TO DETERMINE,,2,NO INDICATION OF INJURY,0.0,0.0,0.0,0.0,0.0,3.0,0.0,21,5,4,41.761189493,-87.697682604,POINT (-87.697682603681 41.761189492514),POINT (1157672.8835803503 1856209.059824432),2024,7249 S SACRAMENTO AVE
O1739137,DRIVER,829bf5c2e1e75e96d78d4dc73a00458b1bb98901ba5cd109e6934ed716f53455ece07b768204830b6d739958947a56a52892a029415ea025d3b26be456409c2c,1655675.0,M,,DEPLOYMENT UNKNOWN,NONE,NO INDICATION OF INJURY,FAILED TO YIELD,UNKNOWN,UNKNOWN,,,,,2024-01-11 17:40:00,30,CLEAR,"DARKNESS, LIGHTED ROAD",SIDESWIPE SAME DIRECTION,NOT DIVIDED,DRY,NO DEFECTS,ON SCENE,NO INJURY / DRIVE AWAY,Y,$500 OR LESS,01/11/2024 05:53:00 PM,IMPROPER OVERTAKING/PASSING,FAILING TO YIELD RIGHT-OF-WAY,,2,NO INDICATION OF INJURY,0.0,0.0,0.0,0.0,0.0,2.0,0.0,17,5,1,41.89924532,-87.706529239,POINT (-87.706529238541 41.899245320241),POINT (1154892.2134195487 1906498.2659151016),2024,1001 N KEDZIE AVE
O1891573,DRIVER,bbfa5b4963f0017fad28b65795ffa6a9aeba6bf1d38003f1256610fbc1050c2a039bc04ce57029539a1c292e28df68e2e32ae95742d2ebc3960598cd28cc2b57,1802023.0,F,24.0,DID NOT DEPLOY,NONE,NO INDICATION OF INJURY,NONE,NOT OBSCURED,NORMAL,,,,,2024-08-24 22:09:00,30,CLEAR,"DARKNESS, LIGHTED ROAD",TURNING,DIVIDED - W/MEDIAN (NOT RAISED),DRY,NO DEFECTS,NOT ON SCENE (DESK REPORT),NO INJURY / DRIVE AWAY,,"OVER $1,500",08/25/2024 08:35:00 AM,FAILING TO YIELD RIGHT-OF-WAY,NOT APPLICABLE,,2,NO INDICATION OF INJURY,0.0,0.0,0.0,0.0,0.0,2.0,0.0,22,7,8,41.910130202,-87.714390857,POINT (-87.714390857022 41.910130201747),POINT (1152723.3248336946 1910449.1786426513),2024,3500 W NORTH AVE
O1745838,DRIVER,0173fe5126d314ebb596749bcbe6b874fdd211c4860bf50e8b663257fdd311679ed749f73d236dabbcf0ce35ee610979a58f6077fc593b51ead8a0d5c075b9b9,1662235.0,F,35.0,NOT APPLICABLE,NONE,NO INDICATION OF INJURY,NONE,UNKNOWN,NORMAL,,,,,2024-01-22 18:01:00,30,UNKNOWN,"DARKNESS, LIGHTED ROAD",SIDESWIPE SAME DIRECTION,CENTER TURN LANE,WET,NO DEFECTS,ON SCENE,NO INJURY / DRIVE AWAY,,$500 OR LESS,01/22/2024 06:01:00 PM,DISREGARDING OTHER TRAFFIC SIGNS,RELATED TO BUS STOP,,2,NO INDICATION OF INJURY,0.0,0.0,0.0,0.0,0.0,2.0,0.0,18,2,1,41.939870875,-87.668519986,POINT (-87.668519986437 41.939870874967),POINT (1165125.2017246366 1921380.1686551117),2024,3205 N ASHLAND AVE
O1807069,DRIVER,b40449e23f346390f783bd73833e8021b43698c48c5c205998818fe42cd9aaa002ac3ed8edd25e9048de3e2b7501d907bc777a07d72ccbac334971d01936488a,1721160.0,M,58.0,NOT APPLICABLE,NONE,NO INDICATION OF INJURY,UNKNOWN,UNKNOWN,NORMAL,,,,,2024-04-28 22:00:00,30,CLEAR,"DARKNESS, LIGHTED ROAD",REAR END,NOT DIVIDED,DRY,UNKNOWN,NOT ON SCENE (DESK REPORT),NO INJURY / DRIVE AWAY,Y,"OVER $1,500",04/29/2024 12:10:00 AM,UNABLE TO DETERMINE,UNABLE TO DETERMINE,,3,NO INDICATION OF INJURY,0.0,0.0,0.0,0.0,0.0,4.0,0.0,22,1,4,41.954106084,-87.693166619,POINT (-87.693166619162 41.95410608445),POINT (1158380.838954493 1926516.4801120288),2024,2564 W IRVING PARK RD
O1834404,DRIVER,051947e3812a758955e1c15fe32bf751652b50d4d3f3b8cd36318e4ba46ec7939c9e1118028d7bc887e7114839d335dec186cb2e51007290f36b2eaf784cfe8b,1747404.0,M,65.0,NOT APPLICABLE,NONE,NO INDICATION OF INJURY,OTHER,UNKNOWN,UNKNOWN,,,,,2024-06-04 11:15:00,30,CLEAR,DAYLIGHT,SIDESWIPE SAME DIRECTION,NOT DIVIDED,DRY,NO DEFECTS,NOT ON SCENE (DESK REPORT),NO INJURY / DRIVE AWAY,,$500 OR LESS,06/04/2024 11:30:00 AM,DRIVING SKILLS/KNOWLEDGE/EXPERIENCE,DRIVING SKILLS/KNOWLEDGE/EXPERIENCE,,2,NO INDICATION OF INJURY,0.0,0.0,0.0,0.0,0.0,2.0,0.0,11,3,6,41.721089169,-87.663661365,POINT (-87.663661364996 41.721089168897),POINT (1167068.5634338148 1841667.3175874536),2024,1621 W 95TH ST
O1867619,BICYCLE,7726613e51644609bb0d92f593f4fe73d8611c2219ca367ea4caf762318b2be9b472f9d7c778385e35af3515ee1ac45a19c1d71e37f3d6f790c1f3ce56dee241,,M,59.0,,NONE,NO INDICATION OF INJURY,OTHER,UNKNOWN,IMPAIRED - ALCOHOL,OTHER ACTION,NO CONTRASTING CLOTHING,IN ROADWAY,,2024-07-19 03:15:00,25,CLEAR,"DARKNESS, LIGHTED ROAD",PARKED MOTOR VEHICLE,NOT DIVIDED,DRY,UNKNOWN,ON SCENE,NO INJURY / DRIVE AWAY,,"$501 - $1,500",07/19/2024 03:30:00 AM,PHYSICAL CONDITION OF DRIVER,NOT APPLICABLE,,3,NO INDICATION OF INJURY,0.0,0.0,0.0,0.0,0.0,1.0,0.0,3,6,7,41.911489275,-87.73469873,POINT (-87.734698729615 41.911489275423),POINT (1147192.1354189524 1910905.1917163595),2024,4323 W WABANSIA AVE
O1761609,DRIVER,a706a28c8b3898aa7e1e79f69ded25582643d99dd06b8ade02861779398708c8ff997fa3b9b6eeb33f4ca9586c53ca41c292663b5a67bde56f15c76a873788b4,1677351.0,M,78.0,NOT APPLICABLE,NONE,NO INDICATION OF INJURY,UNKNOWN,UNKNOWN,UNKNOWN,,,,,2024-02-18 17:55:00,30,CLEAR,"DARKNESS, LIGHTED ROAD",SIDESWIPE SAME DIRECTION,NOT DIVIDED,UNKNOWN,UNKNOWN,NOT ON SCENE (DESK REPORT),NO INJURY / DRIVE AWAY,,"OVER $1,500",02/18/2024 06:50:00 PM,UNABLE TO DETERMINE,UNABLE TO DETERMINE,,2,NO INDICATION OF INJURY,0.0,0.0,0.0,0.0,0.0,2.0,0.0,17,1,2,41.995684184,-87.713030068,POINT (-87.713030067557 41.995684183806),POINT (1152868.0773325108 1941627.993413492),2024,6250 N MC CORMICK RD
O1936206,DRIVER,6d8db20d5dc67a10c749ed2f6de42da9446fa837dcfd1e441b161cf5321edac5f8a99f23f62c73d796cabc92f7381ad1faa260a027ac55257be06013990851a2,1844568.0,M,75.0,NOT APPLICABLE,NONE,NO INDICATION OF INJURY,NONE,UNKNOWN,NORMAL,,,,,2024-10-26 10:50:00,30,CLEAR,DAYLIGHT,SIDESWIPE SAME DIRECTION,FOUR WAY,DRY,NO DEFECTS,ON SCENE,NO INJURY / DRIVE AWAY,,"OVER $1,500",10/26/2024 11:54:00 AM,DISREGARDING ROAD MARKINGS,UNABLE TO DETERMINE,,2,NO INDICATION OF INJURY,0.0,0.0,0.0,0.0,0.0,3.0,0.0,10,7,10,41.898729831,-87.746038713,POINT (-87.746038713154 41.898729830606),POINT (1144137.3298552104 1906234.3126523013),2024,1000 N CICERO AVE
O1912696,DRIVER,093590432690f2a7eb9e2f0d6f53e8d78a8f47dc7df94ca220b14f260aa9ffd82e29142e39139a259a79e54b2304889fdcfe3be74b78d72845d6661ba3e1b0d6,1822177.0,X,,DEPLOYMENT UNKNOWN,UNKNOWN,NO INDICATION OF INJURY,IMPROPER PASSING,UNKNOWN,UNKNOWN,,,,,2024-09-22 19:45:00,30,RAIN,"DARKNESS, LIGHTED ROAD",SIDESWIPE SAME DIRECTION,DIVIDED - W/MEDIAN BARRIER,WET,NO DEFECTS,ON SCENE,INJURY AND / OR TOW DUE TO CRASH,Y,"OVER $1,500",09/22/2024 07:45:00 PM,IMPROPER OVERTAKING/PASSING,NOT APPLICABLE,,2,NO INDICATION OF INJURY,0.0,0.0,0.0,0.0,0.0,2.0,0.0,19,1,9,41.869310736,-87.617550644,POINT (-87.617550643601 41.869310736205),POINT (1179207.012036459 1895779.6611606725),2024,1100 S LAKE SHORE DR NB
O1734928,DRIVER,f6d55eca59eb188804057ddc04bef20ad3767d67158652cbf575d78ce080627a53e1871bfa45bf767e89883d6c110c0405b9b890b5ff09ba60ec0b8822b4e692,1651679.0,X,,DEPLOYMENT UNKNOWN,NONE,NO INDICATION OF INJURY,OTHER,UNKNOWN,UNKNOWN,,,,,2024-01-03 21:00:00,10,CLEAR,"DARKNESS, LIGHTED ROAD",PARKED MOTOR VEHICLE,ALLEY,UNKNOWN,UNKNOWN,NOT ON SCENE (DESK REPORT),NO INJURY / DRIVE AWAY,Y,"$501 - $1,500",01/03/2024 10:00:00 PM,UNABLE TO DETERMINE,NOT APPLICABLE,,2,NO INDICATION OF INJURY,0.0,0.0,0.0,0.0,0.0,1.0,0.0,21,4,1,42.003642468,-87.661559144,POINT (-87.661559144223 42.003642468446),POINT (1166836.817782796 1944633.6022881118),2024,1216 W NORTH SHORE AVE
O1819613,BICYCLE,dd729c9d06c0527256594ec019fcf27efd706605df5dc0161d917441c4791e92f1aff0a07db3b72176e57d1cc99a1b5411ee373585c1f3f680f8caf8b7583d95,,M,45.0,,UNKNOWN,NONINCAPACITATING INJURY,UNKNOWN,NOT OBSCURED,UNKNOWN,TURNING LEFT,NO CONTRASTING CLOTHING,UNKNOWN/NA,,2024-05-15 18:23:00,30,CLEAR,DAYLIGHT,PEDALCYCLIST,DIVIDED - W/MEDIAN (NOT RAISED),DRY,NO DEFECTS,ON SCENE,INJURY AND / OR TOW DUE TO CRASH,Y,"$501 - $1,500",05/15/2024 07:06:00 PM,UNABLE TO DETERMINE,NOT APPLICABLE,,2,NONINCAPACITATING INJURY,1.0,0.0,0.0,1.0,0.0,1.0,0.0,18,4,5,41.902626667,-87.718660417,POINT (-87.718660417092 41.902626667001),POINT (1151580.7582531793 1907706.532133321),2024,3653 W DIVISION ST
O1835934,DRIVER,72b647ff61764d0005f4dc6719c54a634e6e544b75e7406b0249b8a4b18037540a463198e65a4a95ad428d494526c7318ea935fb5fea2a18207ab9099ce281dc,1748847.0,F,30.0,NOT APPLICABLE,NONE,NO INDICATION OF INJURY,OTHER,UNKNOWN,NORMAL,,,,,2024-06-06 08:30:00,30,CLEAR,DAYLIGHT,ANGLE,NOT DIVIDED,DRY,UNKNOWN,NOT ON SCENE (DESK REPORT),NO INJURY / DRIVE AWAY,,"OVER $1,500",06/06/2024 09:35:00 AM,UNABLE TO DETERMINE,UNABLE TO DETERMINE,,2,NO INDICATION OF INJURY,0.0,0.0,0.0,0.0,0.0,2.0,0.0,8,5,6,41.923069352,-87.786460255,POINT (-87.786460255007 41.923069351974),POINT (1133076.2275186481 1915030.894265962),2024,6430 W GRAND AVE
O1850494,DRIVER,d270eadd0276b0bf3ff945c43cb795360ce0ffabd2678d0ab9650035120fab74e254e73ec4536ed40b08f8bca0629aafada3790fc00d7a1669aee86dc275a7fc,1762796.0,M,38.0,DID NOT DEPLOY,NONE,INCAPACITATING INJURY,IMPROPER TURN,UNKNOWN,REMOVED BY EMS,,,,,2024-06-25 21:04:00,15,CLEAR,DARKNESS,FIXED OBJECT,ALLEY,DRY,UNKNOWN,ON SCENE,INJURY AND / OR TOW DUE TO CRASH,,"OVER $1,500",06/25/2024 09:04:00 PM,UNABLE TO DETERMINE,UNABLE TO DETERMINE,,1,INCAPACITATING INJURY,1.0,0.0,1.0,0.0,0.0,0.0,0.0,21,3,6,41.783249324,-87.662208568,POINT (-87.662208567516 41.783249323544),POINT (1167288.4917802115 1864321.002019325),2024,1506 W 61ST ST