PERSON_ID,PERSON_TYPE,CRASH_RECORD_ID,VEHICLE_ID,SEX,AGE,AIRBAG_DEPLOYED,EJECTION,INJURY_CLASSIFICATION,DRIVER_ACTION,DRIVER_VISION,PHYSICAL_CONDITION,PEDPEDAL_ACTION,PEDPEDAL_VISIBILITY,PEDPEDAL_LOCATION,CRASH_DATE_EST_I,CRASH_DATE,POSTED_SPEED_LIMIT,WEATHER_CONDITION,LIGHTING_CONDITION,FIRST_CRASH_TYPE,TRAFFICWAY_TYPE,ROADWAY_SURFACE_COND,ROAD_DEFECT,REPORT_TYPE,CRASH_TYPE,HIT_AND_RUN_I,DAMAGE,DATE_POLICE_NOTIFIED,PRIM_CONTRIBUTORY_CAUSE,SEC_CONTRIBUTORY_CAUSE,DOORING_I,NUM_UNITS,MOST_SEVERE_INJURY,INJURIES_TOTAL,INJURIES_FATAL,INJURIES_INCAPACITATING,INJURIES_NON_INCAPACITATING,INJURIES_REPORTED_NOT_EVIDENT,INJURIES_NO_INDICATION,INJURIES_UNKNOWN,CRASH_HOUR,CRASH_DAY_OF_WEEK,CRASH_MONTH,LATITUDE,LONGITUDE,LOCATION,geometry,YEAR,ADDRESS
O1870924,DRIVER,b762d7c63d6bfeb9ebb1c4b19fae18e6abd5c4779383b24406f747a477ae3b8fbd571b1ae61d240392ef7888923d0e67de91435c973810bb6fb915a442e8b4e2,1782311.0,M,33.0,DEPLOYMENT UNKNOWN,NONE,NO INDICATION OF INJURY,FAILED TO YIELD,PARKED VEHICLES,NORMAL,,,,,2024-07-25 20:30:00,30,CLEAR,DUSK,ANGLE,NOT DIVIDED,DRY,NO DEFECTS,NOT ON SCENE (DESK REPORT),NO INJURY / DRIVE AWAY,,"OVER $1,500",07/25/2024 09:35:00 PM,"VISION OBSCURED (SIGNS, TREE LIMBS, BUILDINGS, ETC.)",UNABLE TO DETERMINE,,2,NO INDICATION OF INJURY,0.0,0.0,0.0,0.0,0.0,2.0,0.0,20,5,7,41.963082422,-87.652208495,POINT (-87.652208495105 41.963082421668),POINT (1169495.8554341358 1929873.377411346),2024,4443 N HAZEL ST
P401415,PASSENGER,e9a6d1f2050423c5eb5aaa06316143caef73e00b4418173f0563229d74daf73aaa5db9f3af90c8de83cd8506c32298a9cf146aefea2cdc05f9f521c1c800e96a,1730159.0,F,24.0,DID NOT DEPLOY,NONE,NO INDICATION OF INJURY,,,,,,,,2024-05-11 11:55:00,30,CLEAR,DAYLIGHT,PEDALCYCLIST,DIVIDED - W/MEDIAN (NOT RAISED),DRY,NO DEFECTS,ON SCENE,INJURY AND / OR TOW DUE TO CRASH,,"$501 - $1,500",05/11/2024 12:10:00 PM,FAILING TO REDUCE SPEED TO AVOID CRASH,FAILING TO YIELD RIGHT-OF-WAY,,2,NONINCAPACITATING INJURY,1.0,0.0,0.0,1.0,0.0,3.0,0.0,11,7,5,41.931849251,-87.713276489,POINT (-87.713276488634 41.931849250723),POINT (1152969.4264124252 1918365.815219118),2024,3425 W DIVERSEY AVE
O1941117,DRIVER,00378368f6a7b4ba09c408e825ac243ddd5a238691a0093e8605f7589bc5cc9294211eca26339285f760dde6e354a4bc4d660332d24837f368eccc607bffb81b,1849238.0,X,,DEPLOYMENT UNKNOWN,NONE,NO INDICATION OF INJURY,UNKNOWN,UNKNOWN,UNKNOWN,,,,Y,2024-11-02 01:00:00,30,UNKNOWN,UNKNOWN,PARKED MOTOR VEHICLE,NOT DIVIDED,UNKNOWN,UNKNOWN,NOT ON SCENE (DESK REPORT),NO INJURY / DRIVE AWAY,Y,"OVER $1,500",11/02/2024 10:00:00 AM,UNABLE TO DETERMINE,NOT APPLICABLE,,2,NO INDICATION OF INJURY,0.0,0.0,0.0,0.0,0.0,1.0,0.0,1,7,11,42.010470878,-87.695245646,POINT (-87.695245646044 42.010470877667),POINT (1157662.309714693 1947051.8815728652),2024,2604 W ESTES AVE
P416695,PASSENGER,87eb5e899d2c5d27f21f2a8d1654e478a688b122dcd4658d584733041a74fd47c49a27b566ba979003b4a2eda504a41058faf87d1fb397b959151159584d38f0,1794220.0,F,21.0,"DEPLOYED, FRONT",NONE,NO INDICATION OF INJURY,,,,,,,,2024-08-13 02:09:00,30,CLEAR,"DARKNESS, LIGHTED ROAD",ANGLE,FOUR WAY,DRY,NO DEFECTS,ON SCENE,INJURY AND / OR TOW DUE TO CRASH,,"OVER $1,500",08/13/2024 02:17:00 AM,DISREGARDING TRAFFIC SIGNALS,FAILING TO YIELD RIGHT-OF-WAY,,2,NONINCAPACITATING INJURY,1.0,0.0,0.0,1.0,0.0,2.0,0.0,2,3,8,41.866516199,-87.705611773,POINT (-87.705611772637 41.86651619878),POINT (1155229.2230645062 1894573.640166543),2024,3198 W ROOSEVELT RD
O1827348,DRIVER,55d08b1cf9b5b1fd4050582d10d85d919ceff3807e0eef53c28715e4529fe487391f7c99ebc4041456c3e1f25b91c220d5acad5d37bf0d59db206e6489b1e43d,1740624.0,F,73.0,DID NOT DEPLOY,NONE,"REPORTED, NOT EVIDENT",NONE,NOT OBSCURED,NORMAL,,,,,2024-05-25 17:20:00,30,CLEAR,DAYLIGHT,REAR END,NOT DIVIDED,DRY,NO DEFECTS,ON SCENE,INJURY AND / OR TOW DUE TO CRASH,Y,"OVER $1,500",05/25/2024 05:52:00 PM,"OPERATING VEHICLE IN ERRATIC, RECKLESS, CARELESS, NEGLIGENT OR AGGRESSIVE MANNER",NOT APPLICABLE,,2,"REPORTED, NOT EVIDENT",1.0,0.0,0.0,0.0,1.0,2.0,0.0,17,7,5,41.772944124,-87.610769732,POINT (-87.610769732273 41.77294412402),POINT (1181349.2419159194 1860679.5558283164),2024,557 E 67TH ST
P390207,PASSENGER,cafeb46bf3a96e72c25236c7557fc6cf5d92cb28cf5c7946437078f12151593e3998e8527e5236e71f503915a2c4cb0ee125ac116bdececce044d27927a826d5,1681864.0,F,,NOT APPLICABLE,NONE,NO INDICATION OF INJURY,,,,,,,,2024-02-26 16:00:00,35,CLEAR,DAYLIGHT,REAR END,FOUR WAY,DRY,UNKNOWN,NOT ON SCENE (DESK REPORT),NO INJURY / DRIVE AWAY,,"OVER $1,500",02/26/2024 05:00:00 PM,UNABLE TO DETERMINE,UNABLE TO DETERMINE,,2,NO INDICATION OF INJURY,0.0,0.0,0.0,0.0,0.0,3.0,0.0,16,2,2,41.70702632,-87.642896007,POINT (-87.642896007418 41.707026319812),POINT (1172778.5706160783 1836587.7552525955),2024,800 W 103RD ST
O1822582,DRIVER,261506e9355931ace8eaa2169d25d31e68842c58787199cea5942c5534e25efb41112c30df39a4669aac76048540cfb01189efc827195d305f7097768c9cd0bb,1736039.0,M,40.0,NOT APPLICABLE,UNKNOWN,NO INDICATION OF INJURY,UNKNOWN,UNKNOWN,UNKNOWN,,,,,2024-05-19 15:30:00,30,CLEAR,DAYLIGHT,TURNING,FOUR WAY,DRY,NO DEFECTS,ON SCENE,NO INJURY / DRIVE AWAY,,"OVER $1,500",05/19/2024 03:33:00 PM,EQUIPMENT - VEHICLE CONDITION,FAILING TO REDUCE SPEED TO AVOID CRASH,,2,NO INDICATION OF INJURY,0.0,0.0,0.0,0.0,0.0,2.0,0.0,15,1,5,41.790952616,-87.625752463,POINT (-87.625752462886 41.790952615603),POINT (1177208.2632860127 1867207.7444093938),2024,5700 S STATE ST
P431862,PASSENGER,b3420f3b79b4a0f880e7f8b7d3ef2265836c1ccb38e8dfae366f87bae03ec388e11c6d46f62ae57e3b5854be2f1d660e30fe14329078a3379fb8f0ae8eef226b,1860698.0,F,,NOT APPLICABLE,NONE,NO INDICATION OF INJURY,,,,,,,,2024-11-20 07:20:00,25,CLEAR,DAYLIGHT,PARKED MOTOR VEHICLE,NOT DIVIDED,WET,NO DEFECTS,ON SCENE,INJURY AND / OR TOW DUE TO CRASH,,"OVER $1,500",11/20/2024 07:25:00 AM,NOT APPLICABLE,NOT APPLICABLE,,2,NO INDICATION OF INJURY,0.0,0.0,0.0,0.0,0.0,2.0,0.0,7,4,11,42.008479985,-87.704044701,POINT (-87.704044700957 42.008479984937),POINT (1155276.3240276498 1946308.685419553),2024,2948 W LUNT AVE
P410532,PASSENGER,514c4a00449e48b838864937292602c15cc0419d5ba615a18ad8fd1b891ed33d360053ee4afba229b089d81fb6417476b4aa013cd87ed12b0bf5a47442a5b823,1768098.0,F,28.0,DID NOT DEPLOY,NONE,NO INDICATION OF INJURY,,,,,,,,2024-07-03 18:30:00,30,CLEAR,DAYLIGHT,REAR END,NOT DIVIDED,DRY,NO DEFECTS,NOT ON SCENE (DESK REPORT),NO INJURY / DRIVE AWAY,,$500 OR LESS,07/03/2024 07:00:00 PM,DISTRACTION - FROM INSIDE VEHICLE,NOT APPLICABLE,,2,NO INDICATION OF INJURY,0.0,0.0,0.0,0.0,0.0,4.0,0.0,18,4,7,41.961086707,-87.725443991,POINT (-87.725443991392 41.961086706981),POINT (1149583.0355411596 1928996.312118363),2024,3900 W MONTROSE AVE
O1857409,DRIVER,64e2366e184b34dcb946f03fbc4d8cfa9122358c01e3b28e2b6a2ad7f845ea9c5700608ed9725c4440be8b0af032b85e2621b4359d77eef2e79be9f27359098e,1769434.0,X,,DEPLOYMENT UNKNOWN,NONE,NO INDICATION OF INJURY,IMPROPER LANE CHANGE,UNKNOWN,UNKNOWN,,,,,2024-07-05 21:00:00,35,CLEAR,"DARKNESS, LIGHTED ROAD",SIDESWIPE SAME DIRECTION,ONE-WAY,DRY,NO DEFECTS,ON SCENE,NO INJURY / DRIVE AWAY,Y,"OVER $1,500",07/05/2024 09:20:00 PM,IMPROPER OVERTAKING/PASSING,UNABLE TO DETERMINE,,2,NO INDICATION OF INJURY,0.0,0.0,0.0,0.0,0.0,2.0,0.0,21,6,7,41.891524624,-87.630518825,POINT (-87.63051882543 41.89152462422),POINT (1175608.5721106073 1903845.198959444),2024,63 W GRAND AVE
O1947426,DRIVER,529a971671f22663985cd8ae507e2266957753af1182a1b66d5a900e384c6a4cce4571b7b6b3a45c593edfba0382f9199ef2d6409943177a85d9a755796cbe6f,1855230.0,F,61.0,NOT APPLICABLE,NONE,NO INDICATION OF INJURY,OTHER,NOT OBSCURED,NORMAL,,,,,2024-11-11 20:34:00,15,CLEAR,DARKNESS,TURNING,UNKNOWN,DRY,NO DEFECTS,ON SCENE,NO INJURY / DRIVE AWAY,,"OVER $1,500",11/11/2024 08:39:00 PM,FAILING TO YIELD RIGHT-OF-WAY,FAILING TO YIELD RIGHT-OF-WAY,,2,NO INDICATION OF INJURY,0.0,0.0,0.0,0.0,0.0,2.0,0.0,20,2,11,41.930912401,-87.785539538,POINT (-87.785539538239 41.930912400858),POINT (1133308.5339179677 1917890.5083087364),2024,2799 N NARRAGANSETT AVE
P422651,PASSENGER,5db9758f13d85d9aac168c09b992f26d5931693555a3dba2b9fc4eabb0489aef6882c2e5a85652ec4d96ef4e3204c85de3908a6c2acb85ea444a280446422d1d,1819959.0,F,23.0,DID NOT DEPLOY,NONE,"REPORTED, NOT EVIDENT",,,,,,,,2024-09-19 16:10:00,30,CLEAR,DAYLIGHT,REAR END,DIVIDED - W/MEDIAN BARRIER,DRY,NO DEFECTS,ON SCENE,INJURY AND / OR TOW DUE TO CRASH,,"OVER $1,500",09/19/2024 04:11:00 PM,FAILING TO REDUCE SPEED TO AVOID CRASH,UNABLE TO DETERMINE,,3,NONINCAPACITATING INJURY,3.0,0.0,0.0,1.0,2.0,2.0,0.0,16,5,9,41.878818099,-87.720823247,POINT (-87.720823246979 41.878818098717),POINT (1151053.9052660083 1899026.4985492628),2024,134 S HAMLIN BLVD
O1845855,DRIVER,0eca1295a7762be991a684175405a9d38e423450184a21e78a236153f83f5e586e438123330b0d9e43cad1333044148b772334277e8244a030977c99f1c6dbc5,1758341.0,F,16.0,DEPLOYMENT UNKNOWN,NONE,NO INDICATION OF INJURY,IMPROPER PARKING,UNKNOWN,UNKNOWN,,,,,2024-05-25 13:00:00,30,UNKNOWN,UNKNOWN,PARKED MOTOR VEHICLE,NOT DIVIDED,UNKNOWN,UNKNOWN,,NO INJURY / DRIVE AWAY,Y,$500 OR LESS,05/25/2024 01:48:00 PM,DRIVING SKILLS/KNOWLEDGE/EXPERIENCE,UNABLE TO DETERMINE,,2,NO INDICATION OF INJURY,0.0,0.0,0.0,0.0,0.0,1.0,0.0,13,7,5,42.010962953,-87.674214658,POINT (-87.674214657711 42.010962952703),POINT (1163376.521378418 1947274.5019266766),2024,7067 N CLARK ST
O1926898,DRIVER,f8af1a878fc04f95cafec0d44362b384316c7c597e3824303526487de895edaf3cc1cd69cc3f1594011b889b4899c0a090e7214a85ff9534acf477cf52c769f5,1835710.0,M,26.0,DEPLOYMENT UNKNOWN,NONE,NO INDICATION OF INJURY,NONE,NOT OBSCURED,NORMAL,,,,,2024-10-02 08:00:00,30,CLEAR,DAYLIGHT,TURNING,"FIVE POINT, OR MORE",UNKNOWN,UNKNOWN,NOT ON SCENE (DESK REPORT),NO INJURY / DRIVE AWAY,,"OVER $1,500",10/13/2024 11:30:00 AM,UNABLE TO DETERMINE,UNABLE TO DETERMINE,,2,NO INDICATION OF INJURY,0.0,0.0,0.0,0.0,0.0,2.0,0.0,8,4,10,41.726262756,-87.553908635,POINT (-87.553908634905 41.726262755521),POINT (1197013.88064224 1843804.693049944),2024,9300 S ANTHONY AVE
O1849168,DRIVER,049c28f4e08db93b17860028729b2bfe536fe4a4f4e427b1de36400a274bc9c9e45f5a94f7347a7d1b9b936a19b1e18e68654dfbc147ad707e87bd1826ebee49,1761530.0,F,,NOT APPLICABLE,NONE,NO INDICATION OF INJURY,UNKNOWN,UNKNOWN,UNKNOWN,,,,,2024-06-22 18:45:00,30,UNKNOWN,DAYLIGHT,REAR END,NOT DIVIDED,DRY,UNKNOWN,NOT ON SCENE (DESK REPORT),NO INJURY / DRIVE AWAY,,"$501 - $1,500",06/24/2024 08:45:00 AM,UNABLE TO DETERMINE,UNABLE TO DETERMINE,,2,NO INDICATION OF INJURY,0.0,0.0,0.0,0.0,0.0,2.0,0.0,18,7,6,41.869338523,-87.624278727,POINT (-87.62427872723 41.869338522503),POINT (1177374.3965798672 1895774.5776511335),2024,1058 S MICHIGAN AVE
O1773280,DRIVER,b5edc50f624dce3af925fe48a232c395555c67574268b19615842a2d53ddac381cd26c02f722ae78254f4c9f0742ad3da4514a5ae3f5839e88d44e809f20a302,1688637.0,F,19.0,DID NOT DEPLOY,NONE,NO INDICATION OF INJURY,UNKNOWN,UNKNOWN,NORMAL,,,,,2024-03-08 15:24:00,30,RAIN,DAYLIGHT,SIDESWIPE SAME DIRECTION,NOT DIVIDED,WET,NO DEFECTS,ON SCENE,NO INJURY / DRIVE AWAY,,"OVER $1,500",03/08/2024 03:25:00 PM,IMPROPER OVERTAKING/PASSING,NOT APPLICABLE,,2,NO INDICATION OF INJURY,0.0,0.0,0.0,0.0,0.0,2.0,0.0,15,6,3,41.772379617,-87.644741642,POINT (-87.644741641913 41.772379616506),POINT (1172084.0569768471 1860397.8266831064),2024,6700 S HALSTED ST
O1948862,DRIVER,f17bf3857ba571579b9faf7be8bbc2f9d5d99e0752e5dbc643f944fbb8da02f5bbba39ee304109165becc8c80ef254fe68d1e7d5db363ddb895a18510a6868cb,1856613.0,M,,DID NOT DEPLOY,NONE,NO INDICATION OF INJURY,UNKNOWN,UNKNOWN,UNKNOWN,,,,,2024-11-13 22:10:00,40,RAIN,"DARKNESS, LIGHTED ROAD",SIDESWIPE SAME DIRECTION,DIVIDED - W/MEDIAN BARRIER,WET,UNKNOWN,ON SCENE,INJURY AND / OR TOW DUE TO CRASH,,"OVER $1,500",11/13/2024 10:15:00 PM,UNABLE TO DETERMINE,NOT APPLICABLE,,2,NO INDICATION OF INJURY,0.0,0.0,0.0,0.0,0.0,2.0,0.0,22,4,11,41.900958919,-87.619928174,POINT (-87.619928173678 41.900958919109),POINT (1178463.5679459986 1907306.8564226741),2024,1000 N LAKE SHORE DR SB
O1800779,DRIVER,343be4c4b08a8cb8890dc0c13994f0bd66f747a910b5cd720f61fa23d126f8b45f39851580561144e6821ac03111b9f843e981c3a40ca23b3b1dab27ea37fa9b,1715035.0,X,,DEPLOYMENT UNKNOWN,UNKNOWN,NO INDICATION OF INJURY,UNKNOWN,UNKNOWN,UNKNOWN,,,,,2024-04-19 07:15:00,30,CLEAR,DAYLIGHT,PARKED MOTOR VEHICLE,ONE-WAY,DRY,NO DEFECTS,NOT ON SCENE (DESK REPORT),NO INJURY / DRIVE AWAY,,"OVER $1,500",04/19/2024 10:35:00 AM,IMPROPER BACKING,NOT APPLICABLE,,2,NO INDICATION OF INJURY,0.0,0.0,0.0,0.0,0.0,1.0,0.0,7,6,4,41.751760993,-87.572472496,POINT (-87.572472495792 41.751760993461),POINT (1191864.2190078513 1853050.6810781474),2024,2124 E 79TH ST
O1952347,DRIVER,72034ce921ee5dbc76f7ea2113e3f5bb7c2a91f1e65c525bf846a69de62bdde2238bd1fb65641e5adbce5fd9d6a98c7ff1703557b1c8e65728a52b8e925336d7,1859956.0,M,65.0,DID NOT DEPLOY,NONE,NO INDICATION OF INJURY,NONE,NOT OBSCURED,NORMAL,,,,,2024-11-17 17:50:00,30,CLEAR,"DARKNESS, LIGHTED ROAD",TURNING,NOT DIVIDED,DRY,NO DEFECTS,NOT ON SCENE (DESK REPORT),NO INJURY / DRIVE AWAY,Y,"$501 - $1,500",11/18/2024 12:15:00 PM,FOLLOWING TOO CLOSELY,UNABLE TO DETERMINE,,2,NO INDICATION OF INJURY,0.0,0.0,0.0,0.0,0.0,5.0,0.0,17,1,11,41.949373061,-87.712939031,POINT (-87.712939031193 41.949373061316),POINT (1153015.0350988603 1924752.1973827276),2024,3732 N KIMBALL AVE
O1741214,DRIVER,76f65e7af90d0c847f8bfe80a013f53198dd9caab2ac284fdd5ab2791abece0015024101df4e7b2df3045e57e57bbae5fa3dbbbc25c2b247822c42aed2c05982,1657702.0,M,43.0,DEPLOYMENT UNKNOWN,NONE,NO INDICATION OF INJURY,FAILED TO YIELD,UNKNOWN,UNKNOWN,,,,,2024-01-15 08:10:00,30,FOG/SMOKE/HAZE,DAYLIGHT,REAR END,DIVIDED - W/MEDIAN BARRIER,WET,UNKNOWN,NOT ON SCENE (DESK REPORT),NO INJURY / DRIVE AWAY,,"OVER $1,500",01/15/2024 03:15:00 PM,FAILING TO REDUCE SPEED TO AVOID CRASH,NOT APPLICABLE,,2,NO INDICATION OF INJURY,0.0,0.0,0.0,0.0,0.0,2.0,0.0,8,2,1,41.937485767,-87.635112685,POINT (-87.635112684519 41.937485766655),POINT (1174221.424709134 1920583.2890211644),2024,3050 N LAKE SHORE DR NB
P428625,PASSENGER,4ed85b94126271a30b0a203450d5471b0d6450014b0d6fe95d3474d19b17bb46eb9045f529f4849f7a79104680e084a477f206ba56273c1d19c1158cf39daf34,1845902.0,F,21.0,DID NOT DEPLOY,NONE,NO INDICATION OF INJURY,,,,,,,,2024-10-27 16:00:00,30,CLEAR,DAYLIGHT,SIDESWIPE SAME DIRECTION,DIVIDED - W/MEDIAN (NOT RAISED),DRY,NO DEFECTS,,NO INJURY / DRIVE AWAY,,"OVER $1,500",10/27/2024 05:28:00 PM,UNABLE TO DETERMINE,NOT APPLICABLE,,2,NO INDICATION OF INJURY,0.0,0.0,0.0,0.0,0.0,3.0,0.0,16,1,10,41.850290431,-87.631812166,POINT (-87.631812165587 41.850290430695),POINT (1175379.2257379345 1888816.633474412),2024,2323 S WENTWORTH AVE
O1951978,DRIVER,b13365bd770e3f702d3681ef64eea8ecf8626163f396dcb37ebe8210557d8e4e94fdb24846b7ee5a3742d17ea5956a25bea78de88b920f8bc24bfe5d0bedeb8f,1859584.0,M,33.0,DID NOT DEPLOY,NONE,NO INDICATION OF INJURY,UNKNOWN,UNKNOWN,UNKNOWN,,,,,2024-11-18 16:00:00,30,RAIN,"DARKNESS, LIGHTED ROAD",REAR END,DIVIDED - W/MEDIAN (NOT RAISED),WET,NO DEFECTS,NOT ON SCENE (DESK REPORT),NO INJURY / DRIVE AWAY,,"OVER $1,500",11/18/2024 05:25:00 PM,UNABLE TO DETERMINE,UNABLE TO DETERMINE,,2,NO INDICATION OF INJURY,0.0,0.0,0.0,0.0,0.0,2.0,0.0,16,2,11,41.853620744,-87.63298133,POINT (-87.632981329856 41.853620744431),POINT (1175050.7877495592 1890027.5911557132),2024,2131 S ARCHER AVE
O1931260,DRIVER,374729f80f7831a37bd63ac3ec82024f3f2ef09f17153a63d4e84ebd1ffc82074b4b2bb284fe559b1078bb36ddd95cb82f3298cdb99ca697d8735865cfa2e28f,1839857.0,M,35.0,"DEPLOYED, FRONT",NONE,NO INDICATION OF INJURY,FOLLOWED TOO CLOSELY,NOT OBSCURED,NORMAL,,,,,2024-10-19 10:49:00,30,CLEAR,DAYLIGHT,REAR END,NOT DIVIDED,DRY,NO DEFECTS,ON SCENE,INJURY AND / OR TOW DUE TO CRASH,,"OVER $1,500",10/19/2024 11:11:00 AM,DISTRACTION - FROM INSIDE VEHICLE,FOLLOWING TOO CLOSELY,,3,NO INDICATION OF INJURY,0.0,0.0,0.0,0.0,0.0,4.0,0.0,10,7,10,41.89740305,-87.775075286,POINT (-87.775075285888 41.89740305006),POINT (1136235.4201358117 1905698.0585570252),2024,929 N AUSTIN BLVD
O1803181,DRIVER,bc27bc6ff27eea0dbef747a8ba9307dcc37ca493f92c85d1b4c0cdf72e24fffe1fc25608c2c94bc30715f8377892e18e9317323754409537d2eb40daa7d549c1,1717384.0,F,,DEPLOYMENT UNKNOWN,NONE,NO INDICATION OF INJURY,FAILED TO YIELD,UNKNOWN,UNKNOWN,,,,,2024-04-19 15:16:00,25,CLEAR,DAYLIGHT,SIDESWIPE SAME DIRECTION,ONE-WAY,DRY,NO DEFECTS,NOT ON SCENE (DESK REPORT),NO INJURY / DRIVE AWAY,Y,$500 OR LESS,04/23/2024 10:52:00 AM,FAILING TO YIELD RIGHT-OF-WAY,IMPROPER OVERTAKING/PASSING,,2,NO INDICATION OF INJURY,0.0,0.0,0.0,0.0,0.0,2.0,0.0,15,6,4,41.982879377,-87.806409872,POINT (-87.806409871713 41.98287937655),POINT (1127513.1141879424 1936791.8245758393),2024,7150 W BRYN MAWR AVE
O1799326,DRIVER,16ea120f7ab86e3b8dd178f498845f0c351c75f3be012e3e4b4165d25d0f248342c71a224cb20d54c5cfa6696b7297415a30e35b0bc09b6e2a06ad88e7ccc7c8,1713724.0,F,56.0,DID NOT DEPLOY,UNKNOWN,NO INDICATION OF INJURY,UNKNOWN,UNKNOWN,UNKNOWN,,,,,2024-04-16 20:45:00,30,UNKNOWN,DARKNESS,PARKED MOTOR VEHICLE,NOT DIVIDED,UNKNOWN,UNKNOWN,NOT ON SCENE (DESK REPORT),NO INJURY / DRIVE AWAY,N,"OVER $1,500",04/17/2024 09:03:00 AM,UNABLE TO DETERMINE,UNABLE TO DETERMINE,,2,NO INDICATION OF INJURY,0.0,0.0,0.0,0.0,0.0,1.0,0.0,20,3,4,41.886911351,-87.645863761,POINT (-87.645863760512 41.886911350738),POINT (1171443.9813434763 1902130.2748931125),2024,702 W FULTON MARKET
P430730,PASSENGER,e4631c6ba4c8214828b8860bedb5378ab3f0913a9209974afa4019ad2c396d878badd2c46004c78d6adfe08146b9d8a49a87841884be6113b49bbc5953c33d26,1855561.0,M,6.0,DID NOT DEPLOY,NONE,NO INDICATION OF INJURY,,,,,,,,2024-11-12 13:10:00,30,CLEAR,DAYLIGHT,TURNING,DIVIDED - W/MEDIAN (NOT RAISED),DRY,NO DEFECTS,ON SCENE,INJURY AND / OR TOW DUE TO CRASH,,"OVER $1,500",11/12/2024 02:15:00 PM,NOT APPLICABLE,NOT APPLICABLE,,2,"REPORTED, NOT EVIDENT",1.0,0.0,0.0,0.0,1.0,3.0,0.0,13,3,11,41.687342202,-87.739440318,POINT (-87.739440318066 41.687342201607),POINT (1146465.8329896873 1829218.534230824),2024,11265 S CICERO AVE
O1919142,DRIVER,d65d0a4bf7847cac4ca09ad9f470572520089193f1c1bb4db9082f1f1e8c5ab3f1cc0e26da15e1556c585020bf73ece41aacabc63c0d63df091ed1b4707b45fb,1828325.0,F,30.0,NOT APPLICABLE,NONE,NO INDICATION OF INJURY,IMPROPER BACKING,UNKNOWN,UNKNOWN,,,,,2024-10-02 07:55:00,15,CLEAR,DAYLIGHT,SIDESWIPE SAME DIRECTION,PARKING LOT,UNKNOWN,UNKNOWN,NOT ON SCENE (DESK REPORT),NO INJURY / DRIVE AWAY,,"$501 - $1,500",10/02/2024 08:25:00 AM,IMPROPER BACKING,NOT APPLICABLE,,2,NO INDICATION OF INJURY,0.0,0.0,0.0,0.0,0.0,2.0,0.0,7,4,10,41.903883961,-87.639437202,POINT (-87.639437201552 41.90388396114),POINT (1173143.8849041436 1908329.1807655178),2024,424 W DIVISION ST
P423059,PASSENGER,d392ad95530cdca7bee7848e0ac676ac5ec8a8ce1aa8b3d793a6bc2df1fb0aa343ae547ebc9227430436724d3737506bfd46f1f206de43e3e8f25cc2f094aa75,1821570.0,F,44.0,NOT APPLICABLE,NONE,NO INDICATION OF INJURY,,,,,,,,2024-09-21 23:58:00,30,CLEAR,"DARKNESS, LIGHTED ROAD",SIDESWIPE SAME DIRECTION,NOT DIVIDED,DRY,NO DEFECTS,ON SCENE,NO INJURY / DRIVE AWAY,,"OVER $1,500",09/22/2024 12:05:00 AM,UNABLE TO DETERMINE,UNABLE TO DETERMINE,,2,NO INDICATION OF INJURY,0.0,0.0,0.0,0.0,0.0,4.0,0.0,23,7,9,41.790960448,-87.622291287,POINT (-87.622291286931 41.790960447625),POINT (1178152.1125623141 1867218.3857900149),2024,101 E 57TH ST
O1875991,DRIVER,5932f049be62895bb31151965aaa8d5e209deeac237c124d5d617d02ba50f739398f07af24777fd1a1ab619df2c09ff717e92e3317397d58cad1a91c0d6f2c15,1787152.0,X,,DID NOT DEPLOY,NONE,NO INDICATION OF INJURY,OTHER,NOT OBSCURED,UNKNOWN,,,,,2024-08-01 21:20:00,30,CLEAR,DAYLIGHT,SIDESWIPE OPPOSITE DIRECTION,FOUR WAY,UNKNOWN,NO DEFECTS,NOT ON SCENE (DESK REPORT),NO INJURY / DRIVE AWAY,Y,"OVER $1,500",08/02/2024 09:10:00 AM,DRIVING SKILLS/KNOWLEDGE/EXPERIENCE,UNABLE TO DETERMINE,,2,NO INDICATION OF INJURY,0.0,0.0,0.0,0.0,0.0,3.0,0.0,21,5,8,41.786638215,-87.664329567,POINT (-87.664329567085 41.786638215205),POINT (1166700.4119260611 1865551.382372899),2024,1559 W 59TH ST
O1763553,DRIVER,01e04bc61051f2bde43882c674116e1b5c6772bcdd58df5b3dedac06524be2a34c6eac6a22773a6c7a865c7ea6eca3732a1819960bc4fcf4ce53025fc3930569,1679229.0,F,73.0,"DEPLOYED, FRONT",NONE,"REPORTED, NOT EVIDENT",FOLLOWED TOO CLOSELY,NOT OBSCURED,NORMAL,,,,,2024-02-22 11:10:00,30,CLOUDY/OVERCAST,DAYLIGHT,REAR END,DIVIDED - W/MEDIAN (NOT RAISED),DRY,NO DEFECTS,ON SCENE,INJURY AND / OR TOW DUE TO CRASH,,"OVER $1,500",02/22/2024 11:20:00 AM,FOLLOWING TOO CLOSELY,NOT APPLICABLE,,2,"REPORTED, NOT EVIDENT",1.0,0.0,0.0,0.0,1.0,1.0,0.0,11,5,2,41.952724357,-87.79122342,POINT (-87.791223420174 41.952724357333),POINT (1131711.6388052704 1925828.9961612357),2024,6557 W IRVING PARK RD