PERSON_ID,PERSON_TYPE,CRASH_RECORD_ID,VEHICLE_ID,SEX,AGE,AIRBAG_DEPLOYED,EJECTION,INJURY_CLASSIFICATION,DRIVER_ACTION,DRIVER_VISION,PHYSICAL_CONDITION,PEDPEDAL_ACTION,PEDPEDAL_VISIBILITY,PEDPEDAL_LOCATION,CRASH_DATE_EST_I,CRASH_DATE,POSTED_SPEED_LIMIT,WEATHER_CONDITION,LIGHTING_CONDITION,FIRST_CRASH_TYPE,TRAFFICWAY_TYPE,ROADWAY_SURFACE_COND,ROAD_DEFECT,REPORT_TYPE,CRASH_TYPE,HIT_AND_RUN_I,DAMAGE,DATE_POLICE_NOTIFIED,PRIM_CONTRIBUTORY_CAUSE,SEC_CONTRIBUTORY_CAUSE,DOORING_I,NUM_UNITS,MOST_SEVERE_INJURY,INJURIES_TOTAL,INJURIES_FATAL,INJURIES_INCAPACITATING,INJURIES_NON_INCAPACITATING,INJURIES_REPORTED_NOT_EVIDENT,INJURIES_NO_INDICATION,INJURIES_UNKNOWN,CRASH_HOUR,CRASH_DAY_OF_WEEK,CRASH_MONTH,LATITUDE,LONGITUDE,LOCATION,geometry,YEAR,ADDRESS
O1799809,DRIVER,8b955e3fbebb1e081df5d9768c1f9dade5949933c45d9379864ca4b64c10079b23fc707a623c6989e852ab2c7620d202c77468a209b5dbdded853953415409f4,1714143.0,F,74.0,DID NOT DEPLOY,NONE,NO INDICATION OF INJURY,UNKNOWN,UNKNOWN,UNKNOWN,,,,,2024-04-17 15:40:00,30,UNKNOWN,UNKNOWN,REAR END,UNKNOWN,UNKNOWN,UNKNOWN,NOT ON SCENE (DESK REPORT),NO INJURY / DRIVE AWAY,,"OVER $1,500",04/17/2024 06:55:00 PM,UNABLE TO DETERMINE,NOT APPLICABLE,,2,NO INDICATION OF INJURY,0.0,0.0,0.0,0.0,0.0,2.0,0.0,15,4,4,42.005058787,-87.699976655,POINT (-87.699976654726 42.005058787153),POINT (1156391.1542275585 1945070.1315280308),2024,6806 N CALIFORNIA AVE
O1796628,DRIVER,a09c58b780c94f6bd0e21ee30d128de89e27bafc45047e119f047eafa156b2054492873331adb4611b0388ae0b85e37b23488e6e3bd44a3a0182210ba0a7f81a,1711116.0,M,37.0,NOT APPLICABLE,NONE,NO INDICATION OF INJURY,NONE,NOT OBSCURED,NORMAL,,,,,2024-04-12 21:30:00,30,UNKNOWN,"DARKNESS, LIGHTED ROAD",REAR END,FOUR WAY,UNKNOWN,UNKNOWN,NOT ON SCENE (DESK REPORT),NO INJURY / DRIVE AWAY,,"OVER $1,500",04/13/2024 03:04:00 PM,UNABLE TO DETERMINE,UNABLE TO DETERMINE,,2,NO INDICATION OF INJURY,0.0,0.0,0.0,0.0,0.0,2.0,0.0,21,6,4,41.954029904,-87.707955233,POINT (-87.707955232814 41.954029904258),POINT (1154358.3942475084 1926459.0182704462),2024,3158 W IRVING PARK RD
O1799158,DRIVER,dd815fa590caed59dbae3231dcfedd20bfbd7cd709b717beda8a87ba177abc7acc92f5b87d48b635bd4f583ad21ae66553bc0022d0c4de67e3f23a8dbb0a7a01,1713536.0,M,38.0,DEPLOYMENT UNKNOWN,NONE,NONINCAPACITATING INJURY,NONE,NOT OBSCURED,NORMAL,,,,,2024-04-16 17:20:00,30,UNKNOWN,DAYLIGHT,TURNING,FOUR WAY,UNKNOWN,NO DEFECTS,ON SCENE,INJURY AND / OR TOW DUE TO CRASH,,"OVER $1,500",04/16/2024 05:26:00 PM,UNABLE TO DETERMINE,UNABLE TO DETERMINE,,3,NONINCAPACITATING INJURY,3.0,0.0,0.0,3.0,0.0,1.0,0.0,17,3,4,41.852602626,-87.656327186,POINT (-87.656327185598 41.852602625629),POINT (1168693.437996508 1889605.5800761986),2024,1200 W CERMAK RD
P426265,PASSENGER,3dae25c7eb7ef649779754dcecc06d1aa47917391aac417950c3ce1b6fe004e855354d7af5bc907c868366150d8afb4158cf0b7935edc131fc2a47bbc2108fe1,1835546.0,M,,DID NOT DEPLOY,NONE,NO INDICATION OF INJURY,,,,,,,,2024-10-13 01:20:00,30,CLEAR,"DARKNESS, LIGHTED ROAD",REAR END,ONE-WAY,DRY,UNKNOWN,NOT ON SCENE (DESK REPORT),NO INJURY / DRIVE AWAY,,"OVER $1,500",10/13/2024 01:38:00 AM,FOLLOWING TOO CLOSELY,FOLLOWING TOO CLOSELY,,2,NO INDICATION OF INJURY,0.0,0.0,0.0,0.0,0.0,5.0,0.0,1,1,10,41.942594844,-87.649732674,POINT (-87.649732673997 41.942594843736),POINT (1170228.7599272118 1922412.9921548942),2024,807 W BUCKINGHAM PL
P399779,PASSENGER,cd2a15da59ea123e8bbff74aa626ef55ebf7ac7dde1a1c9adcea8c42ac5e8daa00c6a276cbf5ec52ce24e64901aaa82c40a3578108a122fa69914e6366afe0f0,1723617.0,M,4.0,NOT APPLICABLE,NONE,NO INDICATION OF INJURY,,,,,,,,2024-05-02 15:10:00,30,RAIN,DAYLIGHT,TURNING,FOUR WAY,WET,NO DEFECTS,ON SCENE,NO INJURY / DRIVE AWAY,,"OVER $1,500",05/02/2024 03:12:00 PM,UNABLE TO DETERMINE,NOT APPLICABLE,,2,NO INDICATION OF INJURY,0.0,0.0,0.0,0.0,0.0,3.0,0.0,15,5,5,41.868121476,-87.710745547,POINT (-87.710745547384 41.868121475573),POINT (1153826.633477927 1895148.4162969368),2024,1100 S HOMAN AVE
O1824098,DRIVER,453b1a4197977e444939cd8a0b637f597778f5cd0b1fe1dec44442e8bdefeaad3a0a6213384e77eacbc302d786e3b64e2cd73345d9e943acba810735715c58cf,1737523.0,F,55.0,NOT APPLICABLE,NONE,NO INDICATION OF INJURY,NONE,UNKNOWN,NORMAL,,,,,2024-05-21 15:54:00,30,CLEAR,DAYLIGHT,REAR END,DIVIDED - W/MEDIAN BARRIER,DRY,NO DEFECTS,ON SCENE,NO INJURY / DRIVE AWAY,,"OVER $1,500",05/21/2024 03:54:00 PM,UNABLE TO DETERMINE,UNABLE TO DETERMINE,,2,NO INDICATION OF INJURY,0.0,0.0,0.0,0.0,0.0,2.0,0.0,15,3,5,41.909802503,-87.740741155,POINT (-87.7407411547 41.909802503279),POINT (1145551.690067849 1910279.1104275554),2024,4554 W NORTH AVE
P383614,PASSENGER,83d40a4870955b1b1c2e82214df9c8f45fc7aa3ac73db0de420c4fc15acadf38cd5f581ee9f66963fb5b1b438146119b9ad3df82138579e5a64f5982d4319144,1650559.0,F,56.0,NOT APPLICABLE,NONE,NONINCAPACITATING INJURY,,,,,,,,2024-01-01 17:35:00,30,CLEAR,"DARKNESS, LIGHTED ROAD",ANGLE,FOUR WAY,DRY,NO DEFECTS,ON SCENE,INJURY AND / OR TOW DUE TO CRASH,,"OVER $1,500",01/01/2024 05:37:00 PM,DISREGARDING TRAFFIC SIGNALS,NOT APPLICABLE,,2,NONINCAPACITATING INJURY,6.0,0.0,0.0,6.0,0.0,1.0,0.0,17,2,1,41.883254928,-87.676815166,POINT (-87.676815165876 41.883254927762),POINT (1163026.244676717 1900731.8779823384),2024,2000 W WASHINGTON BLVD
P410487,PASSENGER,52041a5f5e7538e27056e5346e6f1bef0c452f8b2769e73f7e2daeb67245bfd07407315892470eeeaa0508c6b1370ee68d03070dbfae9cbb87df502306b80913,1767885.0,M,,DEPLOYMENT UNKNOWN,NONE,NO INDICATION OF INJURY,,,,,,,,2024-07-03 15:00:00,30,CLEAR,DAYLIGHT,PARKED MOTOR VEHICLE,NOT DIVIDED,DRY,NO DEFECTS,NOT ON SCENE (DESK REPORT),NO INJURY / DRIVE AWAY,,"OVER $1,500",07/03/2024 04:25:00 PM,IMPROPER BACKING,NOT APPLICABLE,,2,NO INDICATION OF INJURY,0.0,0.0,0.0,0.0,0.0,2.0,0.0,15,4,7,41.790533828,-87.722939587,POINT (-87.722939586652 41.790533827538),POINT (1150706.1630283636 1866851.991208647),2024,5625 S PULASKI RD
O1813978,DRIVER,257d9e2ac016b4cfd48c06982379f3139a07e317d40f1447e6252f4e331be16ef8870db9b24d6dbe0b27f05636d7d13e14623eff6dcb003fd43561361feda265,1727809.0,M,24.0,NOT APPLICABLE,NONE,NO INDICATION OF INJURY,IMPROPER LANE CHANGE,NOT OBSCURED,NORMAL,,,,,2024-05-08 07:03:00,30,CLEAR,DAYLIGHT,PARKED MOTOR VEHICLE,NOT DIVIDED,DRY,NO DEFECTS,NOT ON SCENE (DESK REPORT),NO INJURY / DRIVE AWAY,,"OVER $1,500",05/08/2024 12:27:00 PM,DRIVING SKILLS/KNOWLEDGE/EXPERIENCE,WEATHER,,2,NO INDICATION OF INJURY,0.0,0.0,0.0,0.0,0.0,1.0,0.0,7,4,5,41.921082804,-87.63875982,POINT (-87.638759820387 41.921082803974),POINT (1173277.5301888606 1914597.951736972),2024,2131 N SEDGWICK ST
O1832967,DRIVER,dd0145ad693b67af74ff08cc89520a0dd7e2d46a6af8f5ab59a945c84ff6be9cd17aad2425fa768816dc933674813e15a86648f68f847dbd782dd3625ecaeea8,1746035.0,M,,DEPLOYMENT UNKNOWN,NONE,NO INDICATION OF INJURY,FAILED TO YIELD,UNKNOWN,UNKNOWN,,,,,2024-06-02 01:15:00,30,CLEAR,DUSK,REAR END,NOT DIVIDED,DRY,NO DEFECTS,NOT ON SCENE (DESK REPORT),INJURY AND / OR TOW DUE TO CRASH,,"OVER $1,500",06/02/2024 01:44:00 PM,FOLLOWING TOO CLOSELY,NOT APPLICABLE,,2,NONINCAPACITATING INJURY,2.0,0.0,0.0,2.0,0.0,1.0,0.0,1,1,6,41.736189235,-87.624176526,POINT (-87.624176525958 41.736189235332),POINT (1177802.5438623999 1847255.9494431587),2024,1 W 87TH ST
O1774080,DRIVER,a0c54407ba0446f8b95ebad4c37db882ac5e16266d11d4ff0c7ecf3b753789eb4d8f656470f207a3946700fa1a304e0f46472b86700ee90c4998449e18102439,1689368.0,X,,DEPLOYMENT UNKNOWN,NONE,NO INDICATION OF INJURY,UNKNOWN,UNKNOWN,UNKNOWN,,,,,2024-03-08 17:55:00,30,RAIN,DUSK,SIDESWIPE SAME DIRECTION,ONE-WAY,WET,NO DEFECTS,NOT ON SCENE (DESK REPORT),NO INJURY / DRIVE AWAY,Y,"OVER $1,500",03/09/2024 04:41:00 PM,NOT APPLICABLE,NOT APPLICABLE,,2,NO INDICATION OF INJURY,0.0,0.0,0.0,0.0,0.0,2.0,0.0,17,6,3,41.810592499,-87.589371112,POINT (-87.589371111902 41.810592498867),POINT (1187067.6260674566 1874448.1678625187),2024,4700 S LAKE SHORE DR SB
O1816568,DRIVER,6faed94f36849cb5331c92e2114ee966ef522209eb80952e4e1d962b104da36f70dc7bdb412914bc6788773922095eda9778af2f9043691c6f77180d3abec45f,1730294.0,F,53.0,NOT APPLICABLE,NONE,NO INDICATION OF INJURY,UNKNOWN,UNKNOWN,NORMAL,,,,,2024-05-11 16:00:00,10,CLEAR,UNKNOWN,REAR TO REAR,PARKING LOT,UNKNOWN,UNKNOWN,NOT ON SCENE (DESK REPORT),NO INJURY / DRIVE AWAY,,"OVER $1,500",05/11/2024 04:15:00 PM,UNABLE TO DETERMINE,UNABLE TO DETERMINE,,2,NO INDICATION OF INJURY,0.0,0.0,0.0,0.0,0.0,2.0,0.0,16,7,5,41.928278993,-87.785761257,POINT (-87.785761257196 41.928278992821),POINT (1133254.3308377408 1916930.5060073005),2024,2630 N NARRAGANSETT AVE
O1763478,DRIVER,ec850952c7dadc2bb0090c3c19288d570c01e81a096d36c00c2c0472a3c6f174bf753762ebe8c1a2eba1d2286f127ccedb4b6402da773d0d1930f890531f8c61,1679152.0,X,,DEPLOYMENT UNKNOWN,UNKNOWN,NO INDICATION OF INJURY,UNKNOWN,UNKNOWN,UNKNOWN,,,,,2024-02-07 06:50:00,25,CLEAR,DAYLIGHT,PARKED MOTOR VEHICLE,DIVIDED - W/MEDIAN (NOT RAISED),DRY,UNKNOWN,NOT ON SCENE (DESK REPORT),NO INJURY / DRIVE AWAY,Y,"OVER $1,500",02/22/2024 09:35:00 AM,UNABLE TO DETERMINE,UNABLE TO DETERMINE,,2,NO INDICATION OF INJURY,0.0,0.0,0.0,0.0,0.0,1.0,0.0,6,4,2,41.914282179,-87.716825493,POINT (-87.716825492626 41.914282178787),POINT (1152049.7500876263 1911957.388675267),2024,1820 N CENTRAL PARK AVE
O1833642,DRIVER,4b9cac60f9946a1596ab2f08c03b9e1ad986314d3524b7b8543f57ed05fc8c1af1363cea92ce51c35130d7bfeed91984556c0b5991e27df09536a99d746fbf88,1746660.0,M,23.0,NOT APPLICABLE,NONE,NO INDICATION OF INJURY,OTHER,UNKNOWN,NORMAL,,,,,2024-06-03 10:12:00,30,CLEAR,DAYLIGHT,PARKED MOTOR VEHICLE,NOT DIVIDED,DRY,NO DEFECTS,ON SCENE,NO INJURY / DRIVE AWAY,,"$501 - $1,500",06/03/2024 10:12:00 AM,DRIVING SKILLS/KNOWLEDGE/EXPERIENCE,UNABLE TO DETERMINE,,2,NO INDICATION OF INJURY,0.0,0.0,0.0,0.0,0.0,3.0,0.0,10,2,6,41.932807517,-87.707595748,POINT (-87.707595747926 41.932807517352),POINT (1154512.632012256 1918726.239588036),2024,2824 N KEDZIE AVE
O1848453,DRIVER,8a5861aa056b1d71481c1b44b13f284eb305f5ddf01ea6d816dd63aeb955ad907ef4d2d350ff16904c60b949740f20b072c0f05a1d321fe94dde57bfa5b9a201,1760846.0,M,64.0,NOT APPLICABLE,NONE,NONINCAPACITATING INJURY,UNKNOWN,UNKNOWN,NORMAL,,,,,2024-06-23 01:37:00,30,RAIN,"DARKNESS, LIGHTED ROAD",TURNING,FOUR WAY,WET,UNKNOWN,ON SCENE,INJURY AND / OR TOW DUE TO CRASH,Y,"OVER $1,500",06/23/2024 01:38:00 AM,FAILING TO YIELD RIGHT-OF-WAY,FAILING TO YIELD RIGHT-OF-WAY,,2,NONINCAPACITATING INJURY,2.0,0.0,0.0,2.0,0.0,1.0,0.0,1,1,6,41.910597113,-87.662108326,POINT (-87.662108326415 41.910597113019),POINT (1166953.1288381931 1910726.3512971157),2024,1341 W NORTH AVE
P416669,PASSENGER,ba4c32402f21577d4dc67ec6ef0bfc9ef08ff8c203ee346704095a393af983aac9607dc1f83622f2ec1fcbaae7ab62da90eb186a3eff87be5b2501b841969bdc,1794165.0,M,63.0,NOT APPLICABLE,NONE,"REPORTED, NOT EVIDENT",,,,,,,,2024-08-12 21:40:00,30,CLEAR,DAYLIGHT,TURNING,NOT DIVIDED,DRY,NO DEFECTS,ON SCENE,INJURY AND / OR TOW DUE TO CRASH,,"OVER $1,500",08/12/2024 09:44:00 PM,FAILING TO YIELD RIGHT-OF-WAY,NOT APPLICABLE,,2,INCAPACITATING INJURY,3.0,0.0,1.0,0.0,2.0,1.0,0.0,21,2,8,41.954254597,-87.70543651,POINT (-87.70543651028 41.954254596877),POINT (1155042.9121936036 1926545.9065597686),2024,4009 N ALBANY AVE
O1819804,DRIVER,994fb076b319ec31ae6eee3e7b84dc311b5451e03a41bb7d15a1da665cd0d8262c8901187e5f17c90d1ce9c359ed204983cb615281c5d7db2ce88ac707af7c14,1733438.0,M,,DID NOT DEPLOY,NONE,NO INDICATION OF INJURY,UNKNOWN,UNKNOWN,NORMAL,,,,,2024-05-08 18:07:00,30,CLEAR,DAYLIGHT,SIDESWIPE SAME DIRECTION,NOT DIVIDED,UNKNOWN,UNKNOWN,NOT ON SCENE (DESK REPORT),NO INJURY / DRIVE AWAY,,"OVER $1,500",05/16/2024 09:10:00 AM,UNABLE TO DETERMINE,UNABLE TO DETERMINE,,2,NO INDICATION OF INJURY,0.0,0.0,0.0,0.0,0.0,2.0,0.0,18,4,5,41.937848119,-87.815233703,POINT (-87.815233703235 41.937848118819),POINT (1125213.2454011785 1920367.6683171005),2024,7531 W BELMONT AVE
O1739400,DRIVER,a25d2f353e4ce8ecd2e9577e166d04692b26830499e3f6e331d4ee99f89df2ed31560b993b90a158355a51f11e9d7cbe09d89278190d687d5279af9d5e2c11e4,1655941.0,F,45.0,NOT APPLICABLE,NONE,NO INDICATION OF INJURY,OTHER,UNKNOWN,NORMAL,,,,,2024-01-12 08:25:00,35,SNOW,DAYLIGHT,REAR END,FOUR WAY,SNOW OR SLUSH,UNKNOWN,NOT ON SCENE (DESK REPORT),NO INJURY / DRIVE AWAY,,$500 OR LESS,01/12/2024 08:50:00 AM,WEATHER,WEATHER,,2,NO INDICATION OF INJURY,0.0,0.0,0.0,0.0,0.0,2.0,0.0,8,6,1,41.771614935,-87.714106978,POINT (-87.71410697761 41.771614934689),POINT (1153164.4963100238 1859975.3170443329),2024,3628 W MARQUETTE RD
P431794,PASSENGER,c2379216603227d69aaf315c655d8fa4f2e34a33d9fcb1ca5fdfe7ffb359eb008746218ad8d269350136ebdf7c23f990d71edd0b9b430235bba061b6e103d5be,1860408.0,F,13.0,NOT APPLICABLE,NONE,NO INDICATION OF INJURY,,,,,,,,2024-11-19 15:30:00,30,CLEAR,DAYLIGHT,ANGLE,ALLEY,DRY,NO DEFECTS,NOT ON SCENE (DESK REPORT),NO INJURY / DRIVE AWAY,Y,"$501 - $1,500",11/19/2024 03:50:00 PM,NOT APPLICABLE,NOT APPLICABLE,,2,NO INDICATION OF INJURY,0.0,0.0,0.0,0.0,0.0,3.0,0.0,15,3,11,41.778922406,-87.664352681,POINT (-87.664352681092 41.778922405532),POINT (1166715.9827141422 1862739.7476541598),2024,6316 S ASHLAND AVE
O1929948,DRIVER,35cdecd918400e6e7019111fa6214fdb12c07d2f6191c2b68694db932bab57788fabd0931d2e8d07218fbc2adc4f797419d5b6732f00b7b5eea34e04e1c00013,1838615.0,F,68.0,DID NOT DEPLOY,NONE,NO INDICATION OF INJURY,NONE,NOT OBSCURED,NORMAL,,,,,2024-10-17 14:52:00,30,CLEAR,DAYLIGHT,SIDESWIPE SAME DIRECTION,DIVIDED - W/MEDIAN (NOT RAISED),DRY,NO DEFECTS,NOT ON SCENE (DESK REPORT),NO INJURY / DRIVE AWAY,,"$501 - $1,500",10/17/2024 04:48:00 PM,UNABLE TO DETERMINE,UNABLE TO DETERMINE,,2,NO INDICATION OF INJURY,0.0,0.0,0.0,0.0,0.0,2.0,0.0,14,5,10,41.960108059,-87.78674163,POINT (-87.786741629928 41.960108059178),POINT (1132913.5923245028 1928527.381369244),2024,6399 W MONTROSE AVE
O1819952,DRIVER,09e3880468e5b2621c048740f2b70c71c713fc891d8a851ebed38bf274cf29ca9c7fe411bd215fd459a1d5cc5377606bc27e354094af9898c54db3e17a05a3f3,1733511.0,F,,DEPLOYMENT UNKNOWN,NONE,NO INDICATION OF INJURY,UNKNOWN,UNKNOWN,UNKNOWN,,,,,2024-05-16 11:35:00,30,CLEAR,DAYLIGHT,SIDESWIPE SAME DIRECTION,NOT DIVIDED,DRY,NO DEFECTS,ON SCENE,NO INJURY / DRIVE AWAY,Y,"$501 - $1,500",05/16/2024 11:40:00 AM,UNABLE TO DETERMINE,UNABLE TO DETERMINE,,2,NO INDICATION OF INJURY,0.0,0.0,0.0,0.0,0.0,3.0,0.0,11,5,5,41.7718537,-87.698157893,POINT (-87.698157893495 41.771853700154),POINT (1157514.5148067623 1860094.0488396257),2024,3000 W MARQUETTE RD
O1775792,DRIVER,6a45424265af44bf558a0c6afc1585e1be4dc186438264b41fae359d8bfdb0d6650a64adef671567096aaec2ba411d34b26376f45f1c0970e5caebb8f6133d45,1691010.0,F,,DEPLOYMENT UNKNOWN,NONE,NO INDICATION OF INJURY,UNKNOWN,UNKNOWN,UNKNOWN,,,,,2024-03-06 10:00:00,30,RAIN,DAYLIGHT,REAR END,NOT DIVIDED,WET,UNKNOWN,NOT ON SCENE (DESK REPORT),NO INJURY / DRIVE AWAY,Y,"$501 - $1,500",03/12/2024 10:45:00 AM,UNABLE TO DETERMINE,UNABLE TO DETERMINE,,2,NO INDICATION OF INJURY,0.0,0.0,0.0,0.0,0.0,2.0,0.0,10,4,3,41.778748717,-87.724214752,POINT (-87.724214752075 41.778748717105),POINT (1150388.8423301089 1862555.1195548757),2024,4036 W 63RD ST
O1858123,DRIVER,4fe81b6b4d214e11a7d3dfdab186696a3cd2ae5ee3b535573938ca7bf9720de5ed95bf3e33dae7a3e8663c19b8a3beceabc620397aa31930b02b31258b36b231,1770114.0,M,26.0,DEPLOYMENT UNKNOWN,NONE,NO INDICATION OF INJURY,FAILED TO YIELD,UNKNOWN,UNKNOWN,,,,N,2024-07-07 04:30:00,35,CLEAR,"DARKNESS, LIGHTED ROAD",TURNING,T-INTERSECTION,DRY,NO DEFECTS,ON SCENE,NO INJURY / DRIVE AWAY,Y,"OVER $1,500",07/07/2024 04:32:00 AM,FAILING TO YIELD RIGHT-OF-WAY,FAILING TO REDUCE SPEED TO AVOID CRASH,,2,NO INDICATION OF INJURY,0.0,0.0,0.0,0.0,0.0,3.0,0.0,4,1,7,42.019474392,-87.668309787,POINT (-87.668309786832 42.019474392271),POINT (1164957.1793814255 1950388.5446178713),2024,1500 W HOWARD ST
P406292,PASSENGER,7d42c73ca016c5f589f0ab26af266f5c9df62401e1dde3ea502368fe69ef87b73eabff09938bf991189b96885b18922eec0f7fa617fdd435e0f829b7778fdf85,1750041.0,,60.0,NOT APPLICABLE,NONE,"REPORTED, NOT EVIDENT",,,,,,,,2024-06-07 15:12:00,30,CLEAR,DAYLIGHT,ANGLE,DIVIDED - W/MEDIAN (NOT RAISED),UNKNOWN,UNKNOWN,ON SCENE,INJURY AND / OR TOW DUE TO CRASH,,"$501 - $1,500",06/07/2024 03:35:00 PM,UNABLE TO DETERMINE,UNABLE TO DETERMINE,,2,"REPORTED, NOT EVIDENT",7.0,0.0,0.0,0.0,7.0,1.0,0.0,15,6,6,41.765928192,-87.586470078,POINT (-87.586470077922 41.76592819222),POINT (1187999.8885404235 1858179.6285030982),2024,7100 S STONY ISLAND AVE
P389375,PASSENGER,ec0ffc1701b590cd88bf55200e0568e0304e33b32d8f64b213cc670f9af5da8f23e684764715a1e646883dc6a3f65ec0ba8ed1b076ba57ac658442e30dec4e5b,1678092.0,F,,NOT APPLICABLE,NONE,NO INDICATION OF INJURY,,,,,,,,2024-02-20 07:15:00,30,CLEAR,DAYLIGHT,SIDESWIPE SAME DIRECTION,NOT DIVIDED,DRY,NO DEFECTS,ON SCENE,INJURY AND / OR TOW DUE TO CRASH,,"OVER $1,500",02/20/2024 07:21:00 AM,FAILING TO REDUCE SPEED TO AVOID CRASH,IMPROPER OVERTAKING/PASSING,,3,NO INDICATION OF INJURY,0.0,0.0,0.0,0.0,0.0,6.0,0.0,7,3,2,41.897677607,-87.765642967,POINT (-87.76564296725 41.897677606876),POINT (1138802.710428881 1905814.9573486838),2024,932 N CENTRAL AVE
O1737995,DRIVER,4ae391720df875279bcd8e27946429e09d0257248056c88fead9cad9251fd0c88cddb4b495e45d41db834b975fb0a6520edca0073d3d5bea5fa0add6f6482ab6,1654599.0,M,26.0,NOT APPLICABLE,NONE,NONINCAPACITATING INJURY,NONE,NOT OBSCURED,NORMAL,,,,,2024-01-09 17:23:00,30,SNOW,"DARKNESS, LIGHTED ROAD",ANGLE,NOT DIVIDED,SNOW OR SLUSH,NO DEFECTS,ON SCENE,INJURY AND / OR TOW DUE TO CRASH,,"$501 - $1,500",01/09/2024 05:44:00 PM,FAILING TO YIELD RIGHT-OF-WAY,FAILING TO REDUCE SPEED TO AVOID CRASH,,2,NONINCAPACITATING INJURY,1.0,0.0,0.0,1.0,0.0,1.0,0.0,17,3,1,41.920911889,-87.728496906,POINT (-87.728496906463 41.92091188885),POINT (1148855.9991355638 1914350.641558055),2024,4044 W PALMER ST
O1772461,DRIVER,631c67bb4d8e03da64a463e6d27ed5578e5d3623007fa02c339730820df173658c480b195c1e246697c981d3dc87839621d72588634ea666aa59ff47c0af30b4,1687826.0,M,59.0,DID NOT DEPLOY,NONE,NO INDICATION OF INJURY,UNKNOWN,NOT OBSCURED,NORMAL,,,,,2024-03-07 09:25:00,30,CLEAR,DAYLIGHT,TURNING,NOT DIVIDED,DRY,NO DEFECTS,NOT ON SCENE (DESK REPORT),NO INJURY / DRIVE AWAY,,"OVER $1,500",03/07/2024 09:50:00 AM,UNABLE TO DETERMINE,UNABLE TO DETERMINE,,2,NO INDICATION OF INJURY,0.0,0.0,0.0,0.0,0.0,3.0,0.0,9,5,3,41.807747882,-87.741995756,POINT (-87.741995756333 41.807747882071),POINT (1145466.3168839621 1873088.3567800957),2024,4732 W 47TH ST
O1773491,DRIVER,78a2539b3eded816f21110c19369e7862e24b5cc9d881bcf88fb36b21d644958b9706f9cc3dfedd082d09ddc4dd7832118f9bac974e050f3aa9753ba96f91e3b,1688836.0,M,71.0,NOT APPLICABLE,NONE,NO INDICATION OF INJURY,UNKNOWN,UNKNOWN,UNKNOWN,,,,,2024-03-08 18:11:00,30,CLEAR,DAYLIGHT,SIDESWIPE SAME DIRECTION,NOT DIVIDED,WET,OTHER,ON SCENE,NO INJURY / DRIVE AWAY,,"OVER $1,500",03/08/2024 06:11:00 PM,UNABLE TO DETERMINE,UNABLE TO DETERMINE,,2,NO INDICATION OF INJURY,0.0,0.0,0.0,0.0,0.0,2.0,0.0,18,6,3,41.773560574,-87.576335002,POINT (-87.576335001768 41.773560573897),POINT (1190740.352613004 1860984.984686408),2024,6699 S JEFFERY DR
O1920038,DRIVER,0906011b03b1e22e6988faaaccfa617ac16fbcc0d61473580f6fcca2282309a09a7ace7937b1be0e8aab1aea93ae86633be77ea91a3ab1667a5dfa5d941898f0,1829174.0,M,28.0,DID NOT DEPLOY,NONE,NO INDICATION OF INJURY,IMPROPER BACKING,NOT OBSCURED,NORMAL,,,,,2024-10-03 11:25:00,15,CLEAR,DAYLIGHT,REAR TO SIDE,PARKING LOT,DRY,NO DEFECTS,ON SCENE,NO INJURY / DRIVE AWAY,,"$501 - $1,500",10/03/2024 11:37:00 AM,UNABLE TO DETERMINE,UNABLE TO DETERMINE,,2,NO INDICATION OF INJURY,0.0,0.0,0.0,0.0,0.0,2.0,0.0,11,5,10,41.909764527,-87.743376296,POINT (-87.743376295706 41.909764527033),POINT (1144834.5055341078 1910260.3273914047),2024,4650 W NORTH AVE
O1879525,DRIVER,e6eb11747e597c03fe709955570ef4dadbc1ba835716d79aabda8e02379e28500a53ecceeb637dbadc9e6cff9f8ae16933ac78ad8456afd15a793ecb83a3f8ec,1790549.0,F,0.0,DID NOT DEPLOY,NONE,NO INDICATION OF INJURY,NONE,NOT OBSCURED,NORMAL,,,,,2024-08-07 10:50:00,30,CLEAR,DAYLIGHT,SIDESWIPE SAME DIRECTION,NOT DIVIDED,DRY,NO DEFECTS,NOT ON SCENE (DESK REPORT),NO INJURY / DRIVE AWAY,,"OVER $1,500",08/07/2024 02:00:00 PM,NOT APPLICABLE,NOT APPLICABLE,,2,NO INDICATION OF INJURY,0.0,0.0,0.0,0.0,0.0,2.0,0.0,10,4,8,41.765034873,-87.649411385,POINT (-87.649411384697 41.765034873314),POINT (1170831.5191747348 1857711.2961641338),2024,7100 S MORGAN ST
P409512,PASSENGER,7d2d9115e78b5c5e29e3982d66276399f8227aa59fd290817f2e674663d2ba9610f07b9b11fbaf07340f75216290fba7255e88105d10129de72022e1f43cf30e,1763939.0,M,4.0,DID NOT DEPLOY,NONE,NO INDICATION OF INJURY,,,,,,,,2024-06-27 17:00:00,30,CLEAR,DAYLIGHT,SIDESWIPE SAME DIRECTION,DIVIDED - W/MEDIAN (NOT RAISED),DRY,NO DEFECTS,NOT ON SCENE (DESK REPORT),NO INJURY / DRIVE AWAY,,"$501 - $1,500",06/27/2024 05:05:00 PM,DRIVING SKILLS/KNOWLEDGE/EXPERIENCE,UNABLE TO DETERMINE,,2,NO INDICATION OF INJURY,0.0,0.0,0.0,0.0,0.0,7.0,0.0,17,5,6,41.7796575,-87.644930993,POINT (-87.644930992789 41.779657500363),POINT (1172011.176372956 1863049.4199626115),2024,6300 S HALSTED ST