PERSON_ID,PERSON_TYPE,CRASH_RECORD_ID,VEHICLE_ID,SEX,AGE,AIRBAG_DEPLOYED,EJECTION,INJURY_CLASSIFICATION,DRIVER_ACTION,DRIVER_VISION,PHYSICAL_CONDITION,PEDPEDAL_ACTION,PEDPEDAL_VISIBILITY,PEDPEDAL_LOCATION,CRASH_DATE_EST_I,CRASH_DATE,POSTED_SPEED_LIMIT,WEATHER_CONDITION,LIGHTING_CONDITION,FIRST_CRASH_TYPE,TRAFFICWAY_TYPE,ROADWAY_SURFACE_COND,ROAD_DEFECT,REPORT_TYPE,CRASH_TYPE,HIT_AND_RUN_I,DAMAGE,DATE_POLICE_NOTIFIED,PRIM_CONTRIBUTORY_CAUSE,SEC_CONTRIBUTORY_CAUSE,DOORING_I,NUM_UNITS,MOST_SEVERE_INJURY,INJURIES_TOTAL,INJURIES_FATAL,INJURIES_INCAPACITATING,INJURIES_NON_INCAPACITATING,INJURIES_REPORTED_NOT_EVIDENT,INJURIES_NO_INDICATION,INJURIES_UNKNOWN,CRASH_HOUR,CRASH_DAY_OF_WEEK,CRASH_MONTH,LATITUDE,LONGITUDE,LOCATION,geometry,YEAR,ADDRESS
P395886,PASSENGER,3da7ed37f23440f15c47b19fff5c8a03e9bc5141955ee8cd1ce610aaba2fb9cf2dc9be57848d2bfa1c5bc996b2a6e99aa25d7c153b4edfa952b0e9d989d48d6e,1706953.0,M,38.0,DEPLOYMENT UNKNOWN,NONE,INCAPACITATING INJURY,,,,,,,,2024-04-06 23:18:00,30,CLEAR,"DARKNESS, LIGHTED ROAD",TURNING,FOUR WAY,DRY,NO DEFECTS,ON SCENE,INJURY AND / OR TOW DUE TO CRASH,,"OVER $1,500",04/06/2024 11:18:00 PM,FAILING TO YIELD RIGHT-OF-WAY,NOT APPLICABLE,,4,INCAPACITATING INJURY,2.0,0.0,2.0,0.0,0.0,5.0,0.0,23,7,4,41.749681441,-87.721836296,POINT (-87.721836296149 41.74968144127),POINT (1151112.872925386 1851967.8645097732),2024,3998 W 79TH ST
O1830828,BICYCLE,878ab300b2ec5a8b8614e485d21325ca7e33104bcc254016f91122e322b3c58bd9cda52819967b61ab15acd79d5cbf51613dd77fbbc65cb144bd636ff24cf6ab,,F,20.0,,NONE,"REPORTED, NOT EVIDENT",NONE,NOT OBSCURED,NORMAL,CROSSING - NO CONTROLS (NOT AT INTERSECTION),NO CONTRASTING CLOTHING,IN CROSSWALK,,2024-05-30 17:34:00,30,CLEAR,DAYLIGHT,PEDALCYCLIST,DIVIDED - W/MEDIAN (NOT RAISED),DRY,NO DEFECTS,ON SCENE,INJURY AND / OR TOW DUE TO CRASH,Y,$500 OR LESS,05/30/2024 05:34:00 PM,FAILING TO YIELD RIGHT-OF-WAY,NOT APPLICABLE,,2,"REPORTED, NOT EVIDENT",1.0,0.0,0.0,0.0,1.0,2.0,0.0,17,5,5,41.746527403,-87.670768038,POINT (-87.670768037671 41.746527402509),POINT (1165057.094432658 1850921.7361566096),2024,8100 S WOLCOTT AVE
O1736841,DRIVER,45ee16b781864f99364329eb1fafc045f424ffb5a9ac7f6bdeaaf2b343330ba5fdaeda52064933a4322a7abd310fe11af1df7498889494ceb42af28423651fab,1653502.0,M,40.0,NOT APPLICABLE,NONE,NO INDICATION OF INJURY,NONE,NOT OBSCURED,NORMAL,,,,,2024-01-07 17:00:00,30,CLOUDY/OVERCAST,"DARKNESS, LIGHTED ROAD",REAR END,NOT DIVIDED,DRY,NO DEFECTS,NOT ON SCENE (DESK REPORT),NO INJURY / DRIVE AWAY,,"OVER $1,500",01/07/2024 05:20:00 PM,FAILING TO REDUCE SPEED TO AVOID CRASH,NOT APPLICABLE,,2,NO INDICATION OF INJURY,0.0,0.0,0.0,0.0,0.0,4.0,0.0,17,1,1,41.79318705,-87.716797673,POINT (-87.716797672796 41.793187049994),POINT (1152374.1548204597 1867830.7582501397),2024,3723 W 55TH ST
O1808650,DRIVER,9fab38ba49c8b601780be761edcba85ecb3b8f06840d5f7d6f81375ff8e20deb330c89ba5efe4e84e2868746bd3b361b26d3ac32455a5990664996ecc006b2e6,1722698.0,M,61.0,DID NOT DEPLOY,NONE,NO INDICATION OF INJURY,FAILED TO YIELD,NOT OBSCURED,NORMAL,,,,,2024-05-01 08:40:00,30,CLEAR,DAYLIGHT,TURNING,FOUR WAY,DRY,NO DEFECTS,NOT ON SCENE (DESK REPORT),NO INJURY / DRIVE AWAY,,"$501 - $1,500",05/01/2024 09:30:00 AM,UNABLE TO DETERMINE,UNABLE TO DETERMINE,,2,NO INDICATION OF INJURY,0.0,0.0,0.0,0.0,0.0,2.0,0.0,8,4,5,41.81483675,-87.743501481,POINT (-87.743501480634 41.81483675036),POINT (1145038.0806639264 1875668.676899343),2024,4300 S CICERO AVE
O1893070,DRIVER,41fce0a17629585522abf568c6a2b1f8fe1ebf901300af4a74d56c3975737433f4c4aaa36d5d34550342d8848b3fac8fc8ff2d683674fb6f323b664a31703de3,1803447.0,F,18.0,DID NOT DEPLOY,NONE,NO INDICATION OF INJURY,FAILED TO YIELD,NOT OBSCURED,NORMAL,,,,,2024-08-27 09:43:00,25,CLEAR,DAYLIGHT,TURNING,NOT DIVIDED,DRY,NO DEFECTS,ON SCENE,NO INJURY / DRIVE AWAY,,"OVER $1,500",08/27/2024 10:00:00 AM,DRIVING SKILLS/KNOWLEDGE/EXPERIENCE,FAILING TO YIELD RIGHT-OF-WAY,,2,NO INDICATION OF INJURY,0.0,0.0,0.0,0.0,0.0,2.0,0.0,9,3,8,41.997217792,-87.763710396,POINT (-87.763710395631 41.997217792445),POINT (1139087.790571578 1942091.1297235526),2024,5399 W DEVON AVE
O1903601,DRIVER,8f21784ef0e89607acfd51a2b5fd1c65d5f522ac499871ddf68284ba1da35fbae010258de60205ca1b92fcebe0f371f5aec1a1e7196ba6eccd03ac375cba2530,1813471.0,F,,DEPLOYMENT UNKNOWN,NONE,NO INDICATION OF INJURY,FAILED TO YIELD,UNKNOWN,UNKNOWN,,,,,2024-09-10 13:00:00,30,CLEAR,DAYLIGHT,TURNING,DIVIDED - W/MEDIAN (NOT RAISED),DRY,NO DEFECTS,NOT ON SCENE (DESK REPORT),NO INJURY / DRIVE AWAY,Y,"OVER $1,500",09/10/2024 06:10:00 PM,UNABLE TO DETERMINE,UNABLE TO DETERMINE,,2,NO INDICATION OF INJURY,0.0,0.0,0.0,0.0,0.0,2.0,0.0,13,3,9,41.863017745,-87.686083696,POINT (-87.686083696494 41.863017744554),POINT (1160557.9298890934 1893338.3103431102),2024,1358 S WESTERN AVE
O1938467,PEDESTRIAN,10cbcc1f30750f8f243cfc8d8055b8cceb04d0f1e972f351630c3b41f50ec210675cccbf3c0c8321e04235ef37c552713c87d6b73ffb7088bd5ca0b23cd26b12,,F,34.0,,,NONINCAPACITATING INJURY,UNKNOWN,UNKNOWN,UNKNOWN,CROSSING - NO CONTROLS (NOT AT INTERSECTION),NO CONTRASTING CLOTHING,IN ROADWAY,,2024-10-18 12:45:00,30,UNKNOWN,UNKNOWN,PEDESTRIAN,NOT DIVIDED,UNKNOWN,UNKNOWN,NOT ON SCENE (DESK REPORT),INJURY AND / OR TOW DUE TO CRASH,N,"OVER $1,500",10/29/2024 06:10:00 PM,UNABLE TO DETERMINE,UNABLE TO DETERMINE,,3,NONINCAPACITATING INJURY,2.0,0.0,0.0,2.0,0.0,1.0,0.0,12,6,10,41.948716047,-87.657562979,POINT (-87.657562978811 41.948716047411),POINT (1168080.8690849615 1924626.6860427745),2024,3657 N CLARK ST
O1880642,DRIVER,ebf6937661f52c939b4f26c053ea96c0a002a6a81de4789baa7ed1283943a20c33aea7ac332f6d09313d9342d67754db36a58545d5548c19f000ed7dc0fbd8fd,1791583.0,M,53.0,DID NOT DEPLOY,NONE,NO INDICATION OF INJURY,NONE,NOT OBSCURED,NORMAL,,,,,2024-08-09 00:24:00,40,CLEAR,"DARKNESS, LIGHTED ROAD",SIDESWIPE SAME DIRECTION,NOT DIVIDED,DRY,NO DEFECTS,ON SCENE,NO INJURY / DRIVE AWAY,,"$501 - $1,500",08/09/2024 12:35:00 AM,FAILING TO YIELD RIGHT-OF-WAY,IMPROPER OVERTAKING/PASSING,,2,NO INDICATION OF INJURY,0.0,0.0,0.0,0.0,0.0,2.0,0.0,0,6,8,41.844955017,-87.651424249,POINT (-87.651424248939 41.844955016945),POINT (1170051.3291150886 1886829.383377161),2024,2622 S ARCHER AVE
O1927926,DRIVER,a29a9f220922414a3f9d7c5ced7415283116e72596aacaa1d9b8a06bd60a2b740e7077d534708ac76abad639818720897eaf7dd852877300cb7eaaef7cf4e524,1836664.0,M,48.0,NOT APPLICABLE,NONE,"REPORTED, NOT EVIDENT",NONE,NOT OBSCURED,NORMAL,,,,,2024-10-15 07:15:00,30,RAIN,DAYLIGHT,REAR END,NOT DIVIDED,WET,NO DEFECTS,NOT ON SCENE (DESK REPORT),INJURY AND / OR TOW DUE TO CRASH,,"$501 - $1,500",10/15/2024 08:00:00 AM,FAILING TO REDUCE SPEED TO AVOID CRASH,NOT APPLICABLE,,2,"REPORTED, NOT EVIDENT",1.0,0.0,0.0,0.0,1.0,1.0,0.0,7,3,10,41.899314753,-87.684359722,POINT (-87.684359721868 41.899314752553),POINT (1160927.5168947529 1906568.4430892954),2024,2297 W AUGUSTA BLVD
P408581,PASSENGER,6784891013a6a89a4a92a0743bd230e43231491d5058165bbd9d875be8652360a320302b20da654617e665ac955a8140ab73de6eaf40fa94c196f3ad0669af9b,1759933.0,,,DEPLOYMENT UNKNOWN,UNKNOWN,NO INDICATION OF INJURY,,,,,,,,2024-06-21 18:51:00,30,CLEAR,DAYLIGHT,REAR END,NOT DIVIDED,DRY,UNKNOWN,NOT ON SCENE (DESK REPORT),NO INJURY / DRIVE AWAY,,"$501 - $1,500",06/21/2024 07:35:00 PM,UNABLE TO DETERMINE,NOT APPLICABLE,,2,NO INDICATION OF INJURY,0.0,0.0,0.0,0.0,0.0,6.0,0.0,18,6,6,41.851813958,-87.693754027,POINT (-87.693754027225 41.851813957781),POINT (1158498.9675768523 1889240.022236551),2024,2719 W CERMAK RD
O1834934,DRIVER,eb18a7561937b9fdb576ce24dfb55863d2cc584424218e31e1a8a6c9e0deff2d090c49d83ffa158fcaa13066aa5266f5c1cd53aea5454742c35e58c7ff46c43b,1747887.0,F,32.0,DID NOT DEPLOY,NONE,NO INDICATION OF INJURY,NONE,NOT OBSCURED,NORMAL,,,,,2024-06-04 18:00:00,30,CLEAR,DAYLIGHT,ANGLE,NOT DIVIDED,DRY,NO DEFECTS,NOT ON SCENE (DESK REPORT),NO INJURY / DRIVE AWAY,Y,"OVER $1,500",06/05/2024 12:15:00 AM,FAILING TO YIELD RIGHT-OF-WAY,UNABLE TO DETERMINE,,2,NO INDICATION OF INJURY,0.0,0.0,0.0,0.0,0.0,2.0,0.0,18,3,6,41.708077429,-87.559806871,POINT (-87.559806871332 41.708077429042),POINT (1195463.3315951626 1837163.6241139008),2024,10300 S TORRENCE AVE
O1856700,DRIVER,1ac80fb7165ef79efe71bb27d72a3b9463060780f9cd031fc85cead3b05a8e19da36be33057c2061d054fca5e450cc6cb5834b2c03291bd8baed646015cab84b,1768759.0,M,75.0,NOT APPLICABLE,NONE,NO INDICATION OF INJURY,NONE,NOT OBSCURED,NORMAL,,,,,2024-07-05 01:00:00,25,CLEAR,"DARKNESS, LIGHTED ROAD",ANGLE,NOT DIVIDED,DRY,NO DEFECTS,ON SCENE,INJURY AND / OR TOW DUE TO CRASH,,"OVER $1,500",07/05/2024 01:03:00 AM,DISREGARDING TRAFFIC SIGNALS,NOT APPLICABLE,,2,NONINCAPACITATING INJURY,1.0,0.0,0.0,1.0,0.0,1.0,0.0,1,6,7,41.79317101,-87.739613875,POINT (-87.739613874584 41.793171010071),POINT (1146152.3806077489 1867781.1187556954),2024,4642 W 55TH ST
P420451,PASSENGER,8c2f635f17a8f278da38826f040780283facfde51ff68d1a8398eeda5847d9aefad9f4a39f3f98f0ccf01ba5a071a5827bc4a7e258c096c169157ac376d4c4c0,1810895.0,X,,NOT APPLICABLE,NONE,NO INDICATION OF INJURY,,,,,,,,2024-09-06 17:20:00,30,CLEAR,DAYLIGHT,TURNING,NOT DIVIDED,UNKNOWN,UNKNOWN,NOT ON SCENE (DESK REPORT),NO INJURY / DRIVE AWAY,,"$501 - $1,500",09/06/2024 05:40:00 PM,FAILING TO YIELD RIGHT-OF-WAY,NOT APPLICABLE,,2,NO INDICATION OF INJURY,0.0,0.0,0.0,0.0,0.0,4.0,0.0,17,6,9,41.867104248,-87.656829375,POINT (-87.656829374961 41.867104247935),POINT (1168514.9830374264 1894888.8599716856),2024,1202 W ROOSEVELT RD
O1831049,DRIVER,6a8428a46751f3614e756675872a0b9d467ed19ee834d0b87fad31025f2b58b699346aa77fa844c1e9428795e22741806798268399064cad886273e10986427f,1744174.0,F,29.0,DID NOT DEPLOY,NONE,"REPORTED, NOT EVIDENT",OTHER,UNKNOWN,NORMAL,,,,,2024-05-30 20:30:00,30,CLEAR,"DARKNESS, LIGHTED ROAD",REAR END,FOUR WAY,DRY,NO DEFECTS,NOT ON SCENE (DESK REPORT),INJURY AND / OR TOW DUE TO CRASH,Y,$500 OR LESS,05/30/2024 10:00:00 PM,UNABLE TO DETERMINE,NOT APPLICABLE,,2,"REPORTED, NOT EVIDENT",2.0,0.0,0.0,0.0,2.0,1.0,0.0,20,5,5,41.946474238,-87.727551319,POINT (-87.727551319192 41.946474238391),POINT (1149047.5235899778 1923667.4245804031),2024,3602 N PULASKI RD
O1868658,DRIVER,253f4fbb2d3f12a845eab75a5cb4725fa4b4435bf05d17cdbad3dbb868346f3e0166a092a91fffc8aa9134bcd28c738ccb8bec39c59c19d49ecc65bec6e3c1b8,1780136.0,M,24.0,DEPLOYMENT UNKNOWN,UNKNOWN,NO INDICATION OF INJURY,UNKNOWN,UNKNOWN,UNKNOWN,,,,,2024-07-22 11:50:00,30,UNKNOWN,UNKNOWN,ANGLE,NOT DIVIDED,UNKNOWN,UNKNOWN,NOT ON SCENE (DESK REPORT),NO INJURY / DRIVE AWAY,,$500 OR LESS,07/22/2024 03:48:00 PM,DRIVING SKILLS/KNOWLEDGE/EXPERIENCE,UNABLE TO DETERMINE,,2,NO INDICATION OF INJURY,0.0,0.0,0.0,0.0,0.0,2.0,0.0,11,2,7,41.848503296,-87.625250477,POINT (-87.625250477449 41.848503295656),POINT (1177172.335544784 1888180.0791946284),2024,2421 S WABASH AVE
O1846962,DRIVER,2894d5477c87a3ceea9dd76dcf79309920557dbcbdc1b5929f4e9ac98c1d549e3822010b67547af752803a58309dfff43b679c0cfe7bbce367605b30ca5b5056,1759410.0,F,24.0,DID NOT DEPLOY,NONE,NONINCAPACITATING INJURY,NONE,NOT OBSCURED,NORMAL,,,,,2024-06-21 06:33:00,25,CLEAR,DAYLIGHT,TURNING,NOT DIVIDED,DRY,NO DEFECTS,ON SCENE,INJURY AND / OR TOW DUE TO CRASH,,"OVER $1,500",06/21/2024 06:40:00 AM,FAILING TO YIELD RIGHT-OF-WAY,DRIVING SKILLS/KNOWLEDGE/EXPERIENCE,,2,NONINCAPACITATING INJURY,1.0,0.0,0.0,1.0,0.0,1.0,0.0,6,6,6,41.938269073,-87.795639456,POINT (-87.79563945579 41.938269073258),POINT (1130543.453591988 1920553.893096866),2024,6798 W BELMONT AVE
P418184,PASSENGER,58e63a48351c3195bb8ab73da21218c68687ccf2115679082617ae14b3a4b6d67c41830216d034e858e697858a15b5f5b9f7fc8b38118a9d8209c9182383df3c,1801210.0,F,,DID NOT DEPLOY,NONE,NO INDICATION OF INJURY,,,,,,,,2024-08-23 14:29:00,30,CLEAR,DAYLIGHT,TURNING,NOT DIVIDED,DRY,NO DEFECTS,NOT ON SCENE (DESK REPORT),NO INJURY / DRIVE AWAY,,"OVER $1,500",08/23/2024 11:30:00 PM,UNABLE TO DETERMINE,UNABLE TO DETERMINE,,2,NO INDICATION OF INJURY,0.0,0.0,0.0,0.0,0.0,7.0,0.0,14,6,8,41.743545234,-87.624350548,POINT (-87.624350548474 41.743545234306),POINT (1177732.9641876402 1849936.0141401542),2024,1 W 83RD ST
O1738727,DRIVER,93400acc2d626283cab6689fd9d9664c1ee6c6976451330611b2861a9890d044d5d23603d506c9f542722befccad843467a6e924b5d3f36cf0105956f2f75947,1655301.0,M,35.0,NOT APPLICABLE,NONE,NO INDICATION OF INJURY,IMPROPER TURN,UNKNOWN,NORMAL,,,,,2024-01-11 07:55:00,30,CLEAR,DAYLIGHT,TURNING,T-INTERSECTION,DRY,UNKNOWN,NOT ON SCENE (DESK REPORT),NO INJURY / DRIVE AWAY,,"$501 - $1,500",01/11/2024 09:00:00 AM,IMPROPER TURNING/NO SIGNAL,NOT APPLICABLE,,2,NO INDICATION OF INJURY,0.0,0.0,0.0,0.0,0.0,4.0,0.0,7,5,1,41.663478207,-87.617902607,POINT (-87.617902606789 41.66347820701),POINT (1179735.0070997353 1820775.0929741352),2024,152 E 127TH ST
O1920529,DRIVER,86305949784b435d0f2d26c6c7e308755c3b690c4dfb99d8666e0047b9edcbb2b8310100ddac0f7f0c2ec0ac7d3f2c633662efff959eb6908e96765028b4d25b,1829653.0,F,47.0,NOT APPLICABLE,NONE,"REPORTED, NOT EVIDENT",NONE,NOT OBSCURED,NORMAL,,,,,2024-10-04 06:25:00,30,RAIN,DAWN,REAR END,FOUR WAY,WET,NO DEFECTS,ON SCENE,INJURY AND / OR TOW DUE TO CRASH,,"OVER $1,500",10/04/2024 06:35:00 AM,FAILING TO REDUCE SPEED TO AVOID CRASH,NOT APPLICABLE,,3,"REPORTED, NOT EVIDENT",1.0,0.0,0.0,0.0,1.0,2.0,0.0,6,6,10,41.977874257,-87.773479154,POINT (-87.773479153876 41.977874256596),POINT (1136478.466018727 1935024.737843903),2024,5366 N NORTHWEST HWY
O1908131,DRIVER,8d693a989e95888a3ce4474b7d5da8fe62cbcfa0dae0ce49295ae36a5a0ac4a3791112d8f70f1140a06c915e136cae41c27e4bab359645b3d462e102491798ce,1817801.0,F,24.0,NOT APPLICABLE,NONE,NO INDICATION OF INJURY,UNKNOWN,OTHER,NORMAL,,,,,2024-09-15 21:00:00,25,CLEAR,"DARKNESS, LIGHTED ROAD",TURNING,FOUR WAY,DRY,NO DEFECTS,NOT ON SCENE (DESK REPORT),NO INJURY / DRIVE AWAY,,"OVER $1,500",09/16/2024 06:41:00 PM,UNABLE TO DETERMINE,UNABLE TO DETERMINE,,2,NO INDICATION OF INJURY,0.0,0.0,0.0,0.0,0.0,2.0,0.0,21,1,9,41.952767097,-87.649801436,POINT (-87.649801436197 41.952767097031),POINT (1170180.4910555987 1926119.6456259245),2024,3900 N BROADWAY
O1790318,DRIVER,b19416be2224db2c1814bfe69f62af0b8988877d9a9e69a819e17bd55abf29ba15b85e1cd406749e96df27e51621fa4ea50e23ca651f25eb6929f6f7ce277389,1705004.0,M,22.0,DID NOT DEPLOY,NONE,NO INDICATION OF INJURY,NONE,NOT OBSCURED,NORMAL,,,,,2024-04-03 20:50:00,25,RAIN,DUSK,TURNING,NOT DIVIDED,WET,NO DEFECTS,ON SCENE,NO INJURY / DRIVE AWAY,,"OVER $1,500",04/03/2024 08:59:00 PM,NOT APPLICABLE,NOT APPLICABLE,,2,NO INDICATION OF INJURY,0.0,0.0,0.0,0.0,0.0,3.0,0.0,20,4,4,41.943853852,-87.649234802,POINT (-87.649234802285 41.943853852218),POINT (1170360.548905332 1922872.8592557942),2024,3407 N HALSTED ST
O1903898,DRIVER,e7ae22b8f603090bbb967796a7635ab32eb1e5e64035f3e700f7a7eaa6f421320185a18198fcd81adb391f6324deee3282c68ba03bfa8b8dd4e3f27326537765,1813756.0,F,29.0,DID NOT DEPLOY,NONE,NO INDICATION OF INJURY,FOLLOWED TOO CLOSELY,NOT OBSCURED,NORMAL,,,,,2024-09-11 07:47:00,30,CLEAR,DAYLIGHT,SIDESWIPE SAME DIRECTION,FOUR WAY,DRY,NO DEFECTS,ON SCENE,NO INJURY / DRIVE AWAY,,"OVER $1,500",09/11/2024 07:49:00 AM,FOLLOWING TOO CLOSELY,DRIVING SKILLS/KNOWLEDGE/EXPERIENCE,,2,NO INDICATION OF INJURY,0.0,0.0,0.0,0.0,0.0,4.0,0.0,7,4,9,41.822971755,-87.684091489,POINT (-87.684091488963 41.822971755347),POINT (1161210.9125815642 1878749.7919130076),2024,3901 S WESTERN BLVD
O1885224,DRIVER,a42d72dc7128d8157f7d83d32a6e6271fa1251921ee310e0131f7a06f614af07fff535176e7cd02ecdb6058acdb9fd9a9fca1702729fce5b3b6179c8d8204330,1795965.0,M,43.0,NOT APPLICABLE,NONE,NO INDICATION OF INJURY,NONE,NOT OBSCURED,NORMAL,,,,,2024-08-15 15:50:00,30,RAIN,DAYLIGHT,SIDESWIPE SAME DIRECTION,NOT DIVIDED,WET,NO DEFECTS,NOT ON SCENE (DESK REPORT),NO INJURY / DRIVE AWAY,,"OVER $1,500",08/15/2024 06:16:00 PM,IMPROPER TURNING/NO SIGNAL,NOT APPLICABLE,,2,NO INDICATION OF INJURY,0.0,0.0,0.0,0.0,0.0,2.0,0.0,15,5,8,41.78496381,-87.738805492,POINT (-87.738805492426 41.784963809922),POINT (1146393.5010059818 1864791.9989959903),2024,4633 W 59TH ST
O1828805,DRIVER,3b2e4aaff8c4624cb2dd6c2f180d8e4aa990875b72582774edf21aa63977940b2930eefaba37593940d38f81cea43525b17c6b5ca904e684d9ea46fea7645f83,1742008.0,X,,DEPLOYMENT UNKNOWN,UNKNOWN,NO INDICATION OF INJURY,UNKNOWN,UNKNOWN,UNKNOWN,,,,,2024-05-28 01:00:00,30,CLEAR,"DARKNESS, LIGHTED ROAD",PARKED MOTOR VEHICLE,ONE-WAY,DRY,NO DEFECTS,NOT ON SCENE (DESK REPORT),NO INJURY / DRIVE AWAY,Y,"$501 - $1,500",05/28/2024 10:15:00 AM,UNABLE TO DETERMINE,NOT APPLICABLE,,2,NO INDICATION OF INJURY,0.0,0.0,0.0,0.0,0.0,1.0,0.0,1,3,5,41.896590428,-87.762353825,POINT (-87.762353825388 41.896590427892),POINT (1139700.813349116 1905424.732460138),2024,5441 W IOWA ST
O1784289,DRIVER,8278abc0c5475b66c2cd6ff36da3d6da9091a837a485955efa3b4df17c04bc9828d8384eaee9bf789952a6e1b381be12cda660dade4beb2afe3fb52b4b868a79,1699201.0,F,,DEPLOYMENT UNKNOWN,NONE,NO INDICATION OF INJURY,UNKNOWN,UNKNOWN,UNKNOWN,,,,,2024-03-25 09:00:00,10,CLEAR,DAYLIGHT,PARKED MOTOR VEHICLE,PARKING LOT,DRY,UNKNOWN,NOT ON SCENE (DESK REPORT),NO INJURY / DRIVE AWAY,,"$501 - $1,500",03/25/2024 09:15:00 AM,UNABLE TO DETERMINE,UNABLE TO DETERMINE,,2,NO INDICATION OF INJURY,0.0,0.0,0.0,0.0,0.0,1.0,0.0,9,2,3,41.801234297,-87.684373734,POINT (-87.68437373438 41.801234297006),POINT (1161193.797966425 1870828.2004762567),2024,5070 S WESTERN AVE
O1851894,DRIVER,95c91d61e61eac4a515159d88a6d276de26c318909ed142e88743f418a713372f7cb2cb1140aab4f0f5c6e288ef0901861b9c3aecc357da0cf4b401f038fae26,1764124.0,M,,DID NOT DEPLOY,NONE,NO INDICATION OF INJURY,UNKNOWN,UNKNOWN,UNKNOWN,,,,,2024-06-27 17:45:00,10,CLEAR,DAYLIGHT,FIXED OBJECT,PARKING LOT,DRY,NO DEFECTS,ON SCENE,NO INJURY / DRIVE AWAY,,$500 OR LESS,06/27/2024 08:20:00 PM,UNABLE TO DETERMINE,UNABLE TO DETERMINE,,3,NO INDICATION OF INJURY,0.0,0.0,0.0,0.0,0.0,2.0,0.0,17,5,6,41.794064543,-87.801090772,POINT (-87.801090772082 41.794064542872),POINT (1129386.0658463552 1867996.9326459332),2024,7150 W 54TH ST
P396626,PASSENGER,cfcff4089e245adc0abd8b4426b4f0623c48a695dd62a962f6343f253fefc08c938861c42eccb0b25e5082e9117e439b93e9719475c963e9fb1fa5cb3931ecd5,1710115.0,M,7.0,DID NOT DEPLOY,NONE,NO INDICATION OF INJURY,,,,,,,,2024-04-12 07:25:00,30,CLEAR,DAYLIGHT,SIDESWIPE SAME DIRECTION,DIVIDED - W/MEDIAN BARRIER,DRY,NO DEFECTS,NOT ON SCENE (DESK REPORT),NO INJURY / DRIVE AWAY,,"OVER $1,500",04/12/2024 08:20:00 AM,IMPROPER OVERTAKING/PASSING,DRIVING SKILLS/KNOWLEDGE/EXPERIENCE,,2,NO INDICATION OF INJURY,0.0,0.0,0.0,0.0,0.0,4.0,0.0,7,6,4,41.829535722,-87.684290707,POINT (-87.68429070693 41.829535721863),POINT (1161138.5426236556 1881141.2607895092),2024,3523 S WESTERN BLVD
O1953266,DRIVER,15d0ec01eaa1409e2d6c896d42f2d3884ff3d4e461a6250705d619692224ba1342322e96a3d42bddbca3e89226f70b674b6b43a9d72e26d28443c63863434142,1860842.0,M,61.0,NOT APPLICABLE,NONE,NO INDICATION OF INJURY,OTHER,NOT OBSCURED,NORMAL,,,,,2024-11-20 10:30:00,25,CLEAR,DAYLIGHT,PARKED MOTOR VEHICLE,NOT DIVIDED,DRY,NO DEFECTS,ON SCENE,NO INJURY / DRIVE AWAY,,"OVER $1,500",11/20/2024 10:45:00 AM,UNABLE TO DETERMINE,UNABLE TO DETERMINE,,2,NO INDICATION OF INJURY,0.0,0.0,0.0,0.0,0.0,1.0,0.0,10,4,11,41.948893567,-87.671198178,POINT (-87.671198178046 41.948893567163),POINT (1164371.1466370027 1924662.4244213335),2024,1656 W WAVELAND AVE
O1813408,DRIVER,b91e52d7c4284fb3dc7dd57b91a414c979acf31e58e59b68a44852a314e4b250e289cb0d62c3d8470e914a75a6c2110284f8edcd6a8519e46472d07c5abb985b,1727274.0,F,38.0,DEPLOYMENT UNKNOWN,UNKNOWN,NO INDICATION OF INJURY,UNKNOWN,UNKNOWN,NORMAL,,,,Y,2024-05-07 15:50:00,30,UNKNOWN,DAYLIGHT,SIDESWIPE OPPOSITE DIRECTION,NOT DIVIDED,UNKNOWN,UNKNOWN,ON SCENE,NO INJURY / DRIVE AWAY,,"$501 - $1,500",05/07/2024 04:02:00 PM,UNABLE TO DETERMINE,NOT APPLICABLE,,2,NO INDICATION OF INJURY,0.0,0.0,0.0,0.0,0.0,3.0,0.0,15,3,5,41.937750353,-87.687271543,POINT (-87.687271542796 41.937750353379),POINT (1160029.2814745267 1920568.437690108),2024,2344 W BARRY AVE
O1951088,DRIVER,ba6094d287e1abb82f8ba761f80d29ee840cd11465731a111f6761870a2cd86780648e04b88b3dfe2846be03c532e603682b4fbd36a33785c556fda30e9389d0,1858738.0,M,49.0,NOT APPLICABLE,NONE,NO INDICATION OF INJURY,IMPROPER TURN,UNKNOWN,UNKNOWN,,,,,2024-11-17 10:30:00,30,CLEAR,DAYLIGHT,TURNING,FOUR WAY,DRY,NO DEFECTS,NOT ON SCENE (DESK REPORT),NO INJURY / DRIVE AWAY,,"OVER $1,500",11/17/2024 11:00:00 AM,IMPROPER TURNING/NO SIGNAL,IMPROPER LANE USAGE,,2,NO INDICATION OF INJURY,0.0,0.0,0.0,0.0,0.0,2.0,0.0,10,1,11,41.997499898,-87.709287997,POINT (-87.709287996679 41.99749989776),POINT (1153880.473031064 1942297.0411700064),2024,3158 W DEVON AVE