PERSON_ID,PERSON_TYPE,CRASH_RECORD_ID,VEHICLE_ID,SEX,AGE,AIRBAG_DEPLOYED,EJECTION,INJURY_CLASSIFICATION,DRIVER_ACTION,DRIVER_VISION,PHYSICAL_CONDITION,PEDPEDAL_ACTION,PEDPEDAL_VISIBILITY,PEDPEDAL_LOCATION,CRASH_DATE_EST_I,CRASH_DATE,POSTED_SPEED_LIMIT,WEATHER_CONDITION,LIGHTING_CONDITION,FIRST_CRASH_TYPE,TRAFFICWAY_TYPE,ROADWAY_SURFACE_COND,ROAD_DEFECT,REPORT_TYPE,CRASH_TYPE,HIT_AND_RUN_I,DAMAGE,DATE_POLICE_NOTIFIED,PRIM_CONTRIBUTORY_CAUSE,SEC_CONTRIBUTORY_CAUSE,DOORING_I,NUM_UNITS,MOST_SEVERE_INJURY,INJURIES_TOTAL,INJURIES_FATAL,INJURIES_INCAPACITATING,INJURIES_NON_INCAPACITATING,INJURIES_REPORTED_NOT_EVIDENT,INJURIES_NO_INDICATION,INJURIES_UNKNOWN,CRASH_HOUR,CRASH_DAY_OF_WEEK,CRASH_MONTH,LATITUDE,LONGITUDE,LOCATION,geometry,YEAR,ADDRESS
O1775926,DRIVER,ac6afd5ceaa1b0f36ba8c0a1d6e3d5c8701b95188c30a8e6df16b0e94a44b87f98ce76b6c7c54fc6cab52303fd03611299afe117d47253b5724c38463556ce0c,1691133.0,M,34.0,DID NOT DEPLOY,NONE,"REPORTED, NOT EVIDENT",IMPROPER TURN,UNKNOWN,REMOVED BY EMS,,,,,2024-03-12 11:23:00,30,CLEAR,DAYLIGHT,TURNING,T-INTERSECTION,DRY,OTHER,ON SCENE,INJURY AND / OR TOW DUE TO CRASH,,"OVER $1,500",03/12/2024 11:58:00 AM,IMPROPER TURNING/NO SIGNAL,FAILING TO REDUCE SPEED TO AVOID CRASH,,2,"REPORTED, NOT EVIDENT",2.0,0.0,0.0,0.0,2.0,0.0,0.0,11,3,3,41.88329092,-87.639784759,POINT (-87.639784758898 41.883290920413),POINT (1173109.929558534 1900824.3118645013),2024,500 W WASHINGTON BLVD
O1914360,PEDESTRIAN,beed491e762d60c88c01445ccc6af097d9498fe8584cbd5b71e86cfc7700c71a574f61ba536798289dd641ca537cd6861fcfda8c1755f0180836bcccde47e5e3,,M,47.0,,,NONINCAPACITATING INJURY,NONE,,NORMAL,WORKING IN ROADWAY,REFLECTIVE MATERIAL,IN CROSSWALK,,2024-09-24 21:59:00,30,CLEAR,"DARKNESS, LIGHTED ROAD",PEDESTRIAN,FOUR WAY,WET,NO DEFECTS,ON SCENE,INJURY AND / OR TOW DUE TO CRASH,Y,"OVER $1,500",09/24/2024 10:09:00 PM,DRIVING SKILLS/KNOWLEDGE/EXPERIENCE,NOT APPLICABLE,,2,NONINCAPACITATING INJURY,1.0,0.0,0.0,1.0,0.0,2.0,0.0,21,3,9,41.830935095,-87.629975305,POINT (-87.629975304804 41.830935095228),POINT (1175937.4392535791 1881767.7059122918),2024,3500 S LA SALLE ST
O1950312,DRIVER,9a2f53afdd95b3fac7f17bdac73d34cb107187278e2b30f0b98ed3431355266ad3bfb6a86f43008e0e761ad5fc752b32f1b3a9d8b650e89dccb8265f80a37ffb,1857988.0,M,,DEPLOYMENT UNKNOWN,NONE,NO INDICATION OF INJURY,UNKNOWN,UNKNOWN,UNKNOWN,,,,,2024-11-15 14:30:00,30,UNKNOWN,UNKNOWN,REAR END,FOUR WAY,UNKNOWN,UNKNOWN,NOT ON SCENE (DESK REPORT),NO INJURY / DRIVE AWAY,Y,"$501 - $1,500",11/15/2024 10:15:00 PM,UNABLE TO DETERMINE,NOT APPLICABLE,,2,NO INDICATION OF INJURY,0.0,0.0,0.0,0.0,0.0,2.0,0.0,14,6,11,41.824711002,-87.684718268,POINT (-87.684718267553 41.824711002431),POINT (1161035.2890114952 1879382.2749451878),2024,3801 S WESTERN AVE
O1829540,DRIVER,78f12c8f09012ca396c43b7f97a42c99b6901d8b3ab8c5940d982b5aae1d288a7e62651ae390f12506e85b027726e78540d9752e8f6129912c0af02b61d7509b,1742730.0,F,37.0,"DEPLOYED, COMBINATION",NONE,NO INDICATION OF INJURY,UNKNOWN,UNKNOWN,NORMAL,,,,,2024-05-29 07:30:00,30,CLEAR,DAYLIGHT,TURNING,NOT DIVIDED,DRY,NO DEFECTS,ON SCENE,NO INJURY / DRIVE AWAY,,"OVER $1,500",05/29/2024 07:33:00 AM,FAILING TO YIELD RIGHT-OF-WAY,FAILING TO REDUCE SPEED TO AVOID CRASH,,6,NO INDICATION OF INJURY,0.0,0.0,0.0,0.0,0.0,5.0,0.0,7,4,5,41.77695113,-87.634821815,POINT (-87.634821815111 41.776951130361),POINT (1174776.4724546138 1862085.4738176034),2024,6437 S STEWART AVE
O1765389,DRIVER,8c01717fc821e56d161b9ffeffb40fcf81c923b645839be3b21cc6bd6999ce53c2e54498a8b5925e5853118dd9318258656b41d5bad02de7b1db56cd1d587618,1681030.0,M,30.0,"DEPLOYED, COMBINATION",NONE,FATAL,UNKNOWN,UNKNOWN,UNKNOWN,,,,,2024-02-25 03:00:00,30,CLEAR,DARKNESS,FIXED OBJECT,DIVIDED - W/MEDIAN BARRIER,DRY,NO DEFECTS,ON SCENE,INJURY AND / OR TOW DUE TO CRASH,,"OVER $1,500",02/25/2024 03:15:00 AM,UNABLE TO DETERMINE,UNABLE TO DETERMINE,,1,FATAL,2.0,1.0,0.0,1.0,0.0,0.0,0.0,3,1,2,41.658389261,-87.641319597,POINT (-87.641319597281 41.658389261267),POINT (1173351.375964208 1818868.5109585589),2024,801 W 129TH PL
O1931101,DRIVER,765fe2e65add5ebac5532ddbec29ab02258a216b3fcac881bf145a573c64c54786b904b5be69f479854f008c080233d2742575e209ab8f142c505fb381a2e540,1839700.0,X,,DEPLOYMENT UNKNOWN,UNKNOWN,NO INDICATION OF INJURY,UNKNOWN,UNKNOWN,UNKNOWN,,,,,2024-10-19 02:40:00,30,CLEAR,"DARKNESS, LIGHTED ROAD",PARKED MOTOR VEHICLE,NOT DIVIDED,DRY,UNKNOWN,ON SCENE,NO INJURY / DRIVE AWAY,Y,"OVER $1,500",10/19/2024 04:16:00 AM,NOT APPLICABLE,NOT APPLICABLE,,2,NO INDICATION OF INJURY,0.0,0.0,0.0,0.0,0.0,1.0,0.0,2,7,10,41.997078623,-87.699769805,POINT (-87.699769805433 41.997078623286),POINT (1156468.8924621146 1942162.5258106794),2024,6344 N CALIFORNIA AVE
O1858194,DRIVER,f1e422acadcffc6028467a6d20d8c752248702ef10c366b5a7265f546040f13bb63385204a304e6e391dfde60d1a041429aa146b5f1855a48a0dd9d7902f5185,1770197.0,M,50.0,NOT APPLICABLE,NONE,NO INDICATION OF INJURY,FAILED TO YIELD,NOT OBSCURED,NORMAL,,,,,2024-07-06 15:55:00,30,CLEAR,DAYLIGHT,REAR TO FRONT,PARKING LOT,DRY,NO DEFECTS,NOT ON SCENE (DESK REPORT),NO INJURY / DRIVE AWAY,,"OVER $1,500",07/07/2024 08:26:00 AM,FAILING TO YIELD RIGHT-OF-WAY,NOT APPLICABLE,,2,NO INDICATION OF INJURY,0.0,0.0,0.0,0.0,0.0,2.0,0.0,15,7,7,41.857918477,-87.665506712,POINT (-87.66550671179 41.857918477322),POINT (1166177.4907187347 1891523.0786864),2024,1544 W 18TH ST
O1849293,DRIVER,ad91d1edd43d8e0a22bbdd2a1d88b103a45a1d8c4177e6e1cb7002436787d8805a31ba79979582a2beb6502011c60e6baca8c418249b91d083c83baa6735e26a,1761665.0,F,22.0,DID NOT DEPLOY,NONE,NO INDICATION OF INJURY,NONE,UNKNOWN,NORMAL,,,,,2024-06-24 10:20:00,30,CLEAR,DAYLIGHT,SIDESWIPE SAME DIRECTION,ONE-WAY,DRY,NO DEFECTS,ON SCENE,INJURY AND / OR TOW DUE TO CRASH,Y,"OVER $1,500",06/24/2024 10:40:00 AM,UNABLE TO DETERMINE,UNABLE TO DETERMINE,,3,NO INDICATION OF INJURY,0.0,0.0,0.0,0.0,0.0,3.0,0.0,10,2,6,41.743805028,-87.625782179,POINT (-87.625782178777 41.743805028476),POINT (1177341.4884373925 1850027.4649936636),2024,8254 S LAFAYETTE AVE
O1851063,DRIVER,115a095dc954631ade9af6d7ee35afaeed038613b8b49b310df39aa876cdd0fc700414c87a79dbc44ebd61538ea708b9ec8a1251ece5d69c89bf8d7986023b12,1763347.0,M,,"DEPLOYED, FRONT",NONE,NO INDICATION OF INJURY,DISREGARDED CONTROL DEVICES,UNKNOWN,UNKNOWN,,,,,2024-06-20 05:40:00,30,CLEAR,DAYLIGHT,ANGLE,NOT DIVIDED,DRY,NO DEFECTS,,INJURY AND / OR TOW DUE TO CRASH,,"OVER $1,500",06/20/2024 05:47:00 AM,FAILING TO REDUCE SPEED TO AVOID CRASH,DISREGARDING STOP SIGN,,2,NONINCAPACITATING INJURY,1.0,0.0,0.0,1.0,0.0,2.0,0.0,5,5,6,41.976897573,-87.841391883,POINT (-87.841391882988 41.976897573188),POINT (1118014.4876819153 1934555.4630701933),2024,5345 N DELPHIA AVE
O1786241,DRIVER,37a8b33ad9c323c713dcafbb6ee756a2e33b96ac46df2541c224b363cf5a343d6843736fc5814f2d0aa38cc6c16add15aad03170812094cd427a5b51bdabfe76,1701072.0,M,68.0,NOT APPLICABLE,NONE,NO INDICATION OF INJURY,FAILED TO YIELD,NOT OBSCURED,NORMAL,,,,,2024-03-27 12:50:00,20,CLEAR,DAYLIGHT,TURNING,PARKING LOT,DRY,NO DEFECTS,NOT ON SCENE (DESK REPORT),NO INJURY / DRIVE AWAY,,"$501 - $1,500",03/28/2024 05:10:00 PM,FAILING TO YIELD RIGHT-OF-WAY,NOT APPLICABLE,,2,NO INDICATION OF INJURY,0.0,0.0,0.0,0.0,0.0,2.0,0.0,12,4,3,41.953812033,-87.707717102,POINT (-87.707717101816 41.953812032924),POINT (1154423.7478434427 1926380.0980156166),2024,3153 W IRVING PARK RD
O1772688,DRIVER,3b2e3873b074e4189321cafa2187df4d65fc0c399951db8a37fd3ad4acc46085ef080321a793b2b82fce37c73de63c16995b8762879240289706ae1f4982b988,1688054.0,F,25.0,DID NOT DEPLOY,NONE,NO INDICATION OF INJURY,UNKNOWN,UNKNOWN,NORMAL,,,,,2024-03-07 14:12:00,30,CLEAR,DAYLIGHT,PARKED MOTOR VEHICLE,DIVIDED - W/MEDIAN (NOT RAISED),DRY,NO DEFECTS,ON SCENE,INJURY AND / OR TOW DUE TO CRASH,,"OVER $1,500",03/07/2024 02:15:00 PM,UNABLE TO DETERMINE,NOT APPLICABLE,,2,"REPORTED, NOT EVIDENT",2.0,0.0,0.0,0.0,2.0,1.0,0.0,14,5,3,41.862928754,-87.718193855,POINT (-87.718193854911 41.862928754042),POINT (1151811.4591376504 1893241.5755177678),2024,3710 W DOUGLAS BLVD
O1734659,DRIVER,709c75be426a90ac3d2422a7732c5dbe7528bd0c2cbc16fc2af853b814e31be7e3d7fbcbfa51ccf5e56a0cfc6bbb4daca01aa32255fbd3f596fe1d4625cd7cc2,1651407.0,X,,NOT APPLICABLE,UNKNOWN,NO INDICATION OF INJURY,UNKNOWN,UNKNOWN,UNKNOWN,,,,,2024-01-02 19:45:00,30,CLEAR,"DARKNESS, LIGHTED ROAD",PARKED MOTOR VEHICLE,NOT DIVIDED,WET,NO DEFECTS,NOT ON SCENE (DESK REPORT),NO INJURY / DRIVE AWAY,Y,"OVER $1,500",01/03/2024 12:45:00 PM,UNABLE TO DETERMINE,UNABLE TO DETERMINE,,2,NO INDICATION OF INJURY,0.0,0.0,0.0,0.0,0.0,1.0,0.0,19,3,1,41.694724216,-87.63745587,POINT (-87.637455870493 41.694724216016),POINT (1174300.265709088 1832116.974386138),2024,10945 S WALLACE ST
O1773326,DRIVER,6c236ac0113daabd3d305410c73eba2134c21a4d58680252181c7006d7e3476c8cd1714b9d6e8649712bededa212180ee9b380378878c82dca55e71dd36a51bc,1688663.0,M,,DEPLOYMENT UNKNOWN,UNKNOWN,NO INDICATION OF INJURY,OTHER,UNKNOWN,UNKNOWN,,,,,2024-02-25 22:30:00,30,UNKNOWN,UNKNOWN,PARKED MOTOR VEHICLE,ONE-WAY,UNKNOWN,UNKNOWN,NOT ON SCENE (DESK REPORT),NO INJURY / DRIVE AWAY,Y,"OVER $1,500",03/08/2024 04:58:00 PM,UNABLE TO DETERMINE,NOT APPLICABLE,,2,NO INDICATION OF INJURY,0.0,0.0,0.0,0.0,0.0,1.0,0.0,22,1,2,42.012360097,-87.689054398,POINT (-87.689054398445 42.012360097085),POINT (1159339.7236062237 1947752.928836099),2024,7200 N CLAREMONT AVE
O1810664,DRIVER,1de841fae4a41d27dc05d22bfd22731f8b12b5aa22c1fd0d27b99f17ab51f0b2370b0acd3edfc1d0583f69468f1d93feb75b23f23fc36b7612ad26dbc70ddfd7,1724631.0,F,27.0,NOT APPLICABLE,NONE,NO INDICATION OF INJURY,UNKNOWN,UNKNOWN,UNKNOWN,,,,,2024-05-03 19:15:00,30,CLEAR,DAYLIGHT,SIDESWIPE OPPOSITE DIRECTION,NOT DIVIDED,DRY,UNKNOWN,ON SCENE,NO INJURY / DRIVE AWAY,,"OVER $1,500",05/03/2024 07:18:00 PM,UNABLE TO DETERMINE,NOT APPLICABLE,,2,NO INDICATION OF INJURY,0.0,0.0,0.0,0.0,0.0,3.0,0.0,19,6,5,41.883132933,-87.735855462,POINT (-87.735855461852 41.883132933065),POINT (1146949.2430892529 1900569.960441741),2024,4407 W WEST END AVE
O1925873,DRIVER,74c9750330dbc67d221c9dfdc41c24cf22f17e50b58c410a640720eab1eb81bc3787fcf7a29e2de2046e24a16e11d87911b98fe24db1a4b1b5959d609dacdbfb,1834757.0,M,56.0,NOT APPLICABLE,NONE,NO INDICATION OF INJURY,UNKNOWN,UNKNOWN,NORMAL,,,,,2024-10-11 17:40:00,35,CLEAR,DAYLIGHT,REAR END,NOT DIVIDED,DRY,UNKNOWN,NOT ON SCENE (DESK REPORT),NO INJURY / DRIVE AWAY,,"OVER $1,500",10/11/2024 06:00:00 PM,UNABLE TO DETERMINE,UNABLE TO DETERMINE,,2,NO INDICATION OF INJURY,0.0,0.0,0.0,0.0,0.0,2.0,0.0,17,6,10,41.927689154,-87.739257635,POINT (-87.739257635097 41.927689154373),POINT (1145910.3497556162 1916799.8135017802),2024,2542 N KILBOURN AVE
O1933617,DRIVER,571414f43b52a25974a0e2b84447bb56e0e337c12f7ce36ee7f9faad230160583c0df2ad29746d81e9751a97b4dbafc9c169824dda01263bee893800227277f1,1842106.0,M,40.0,DID NOT DEPLOY,NONE,NO INDICATION OF INJURY,UNKNOWN,NOT OBSCURED,UNKNOWN,,,,,2024-10-21 17:00:00,25,CLEAR,DAYLIGHT,PARKED MOTOR VEHICLE,ONE-WAY,DRY,UNKNOWN,NOT ON SCENE (DESK REPORT),NO INJURY / DRIVE AWAY,,"OVER $1,500",10/22/2024 07:30:00 PM,UNABLE TO DETERMINE,UNABLE TO DETERMINE,,2,NO INDICATION OF INJURY,0.0,0.0,0.0,0.0,0.0,1.0,0.0,17,2,10,41.850767456,-87.721216597,POINT (-87.721216596664 41.850767455766),POINT (1151019.6658734025 1888804.1494817787),2024,2228 S AVERS AVE
O1848921,DRIVER,c04318a1e1f858a4682da3adb6cccc890b8b401b3c2e93a91907fc3fc9635bc8fc598c9acfff95717418727328868b5d9d9ca864a792bb25ad673237bfa68fa0,1761288.0,M,22.0,DID NOT DEPLOY,NONE,NO INDICATION OF INJURY,IMPROPER BACKING,UNKNOWN,NORMAL,,,,,2024-06-23 17:35:00,15,CLEAR,DAYLIGHT,REAR TO SIDE,PARKING LOT,DRY,NO DEFECTS,ON SCENE,NO INJURY / DRIVE AWAY,,"OVER $1,500",06/23/2024 05:45:00 PM,IMPROPER BACKING,FAILING TO REDUCE SPEED TO AVOID CRASH,,2,NO INDICATION OF INJURY,0.0,0.0,0.0,0.0,0.0,2.0,0.0,17,1,6,41.924404741,-87.742172158,POINT (-87.742172158309 41.924404741363),POINT (1145125.4956413514 1915597.4878576372),2024,4608 W FULLERTON AVE
O1741652,DRIVER,d4af6d1aac513d008cfec71d489e0ba844753d391cb345a1023d04de8a9a96ba1b793b5bf8817b2645ea52f6d8a19a1b6447280fe77a93b94a299c8bf211f7f0,1658110.0,F,34.0,DID NOT DEPLOY,NONE,NO INDICATION OF INJURY,NONE,NOT OBSCURED,NORMAL,,,,,2024-01-16 10:30:00,30,CLEAR,DAYLIGHT,SIDESWIPE SAME DIRECTION,NOT DIVIDED,DRY,NO DEFECTS,NOT ON SCENE (DESK REPORT),NO INJURY / DRIVE AWAY,Y,"$501 - $1,500",01/16/2024 10:45:00 AM,UNABLE TO DETERMINE,NOT APPLICABLE,,2,NO INDICATION OF INJURY,0.0,0.0,0.0,0.0,0.0,3.0,0.0,10,3,1,41.887672221,-87.62057394,POINT (-87.620573939863 41.887672220686),POINT (1178327.9885342992 1902463.7196013366),2024,301 E LOWER WACKER DR
O1878254,DRIVER,d2f84bd66d1795fe01be447c2a90e2a4674e387cc5c908440f277a3cd3766e846f54d925904d162da7582ff1091c28b0485a14d794ac902da177ee3f136f8dc0,1789332.0,M,70.0,DID NOT DEPLOY,NONE,NO INDICATION OF INJURY,UNKNOWN,UNKNOWN,UNKNOWN,,,,,2024-08-03 16:30:00,30,CLEAR,DAYLIGHT,TURNING,NOT DIVIDED,DRY,NO DEFECTS,NOT ON SCENE (DESK REPORT),NO INJURY / DRIVE AWAY,,"$501 - $1,500",08/05/2024 01:20:00 PM,UNABLE TO DETERMINE,NOT APPLICABLE,,2,NO INDICATION OF INJURY,0.0,0.0,0.0,0.0,0.0,2.0,0.0,16,7,8,41.924462898,-87.719496896,POINT (-87.719496895655 41.924462898167),POINT (1151296.0960586357 1915662.0374933255),2024,3701 W FULLERTON AVE
O1887729,DRIVER,66151f6301010bc62c07a187f54c37463678b3bac0011ec7edf35aeed782d0233bebef4cd6539153753d019b9bfa78890222205b240ef3280d38b89d1f8bb2cf,1798349.0,M,17.0,NOT APPLICABLE,NONE,NO INDICATION OF INJURY,WRONG WAY/SIDE,NOT OBSCURED,NORMAL,,,,,2024-08-19 08:38:00,30,CLEAR,DAYLIGHT,PARKED MOTOR VEHICLE,ONE-WAY,DRY,NO DEFECTS,ON SCENE,INJURY AND / OR TOW DUE TO CRASH,,"OVER $1,500",08/19/2024 08:40:00 AM,DRIVING ON WRONG SIDE/WRONG WAY,NOT APPLICABLE,,5,NO INDICATION OF INJURY,0.0,0.0,0.0,0.0,0.0,3.0,0.0,8,2,8,41.738597137,-87.602301572,POINT (-87.602301572019 41.738597137456),POINT (1183765.5322413128 1848183.320829269),2024,8559 S DREXEL AVE
P407796,PASSENGER,ba2da98b1e1c0f891c841a0469f265b21e0cb256709a7c6035497ea43f290659b48b42bfe5019ac70cd3c378f746164d1b80d779d4f9599fb7026a23cac79402,1756397.0,F,63.0,NOT APPLICABLE,NONE,NO INDICATION OF INJURY,,,,,,,,2024-06-16 15:30:00,30,CLEAR,DAYLIGHT,REAR END,DIVIDED - W/MEDIAN (NOT RAISED),DRY,NO DEFECTS,NOT ON SCENE (DESK REPORT),NO INJURY / DRIVE AWAY,,"OVER $1,500",06/16/2024 04:00:00 PM,FOLLOWING TOO CLOSELY,FOLLOWING TOO CLOSELY,,2,NO INDICATION OF INJURY,0.0,0.0,0.0,0.0,0.0,3.0,0.0,15,1,6,41.885646622,-87.764908487,POINT (-87.76490848715 41.885646621853),POINT (1139031.7149855555 1901432.2036210287),2024,299 N CENTRAL AVE
O1907848,DRIVER,f679d6129228475c87c149de8b300178b29c7f919735e05f54e6a41370400d6749107c81debaf2c71da2f751b0b427a026072850ed14959c487004235628742a,1817526.0,F,,NOT APPLICABLE,NONE,"REPORTED, NOT EVIDENT",FAILED TO YIELD,NOT OBSCURED,NORMAL,,,,,2024-08-06 08:26:00,30,CLEAR,DAYLIGHT,SIDESWIPE SAME DIRECTION,FOUR WAY,DRY,NO DEFECTS,,INJURY AND / OR TOW DUE TO CRASH,,"$501 - $1,500",08/06/2024 08:45:00 AM,UNABLE TO DETERMINE,UNABLE TO DETERMINE,,3,"REPORTED, NOT EVIDENT",1.0,0.0,0.0,0.0,1.0,1.0,0.0,8,3,8,41.753925169,-87.662063687,POINT (-87.662063687122 41.753925168572),POINT (1167411.4014563737 1853635.8244008713),2024,7700 S LAFLIN ST
O1849840,DRIVER,59b49731330ba0f8154215132d61150e325d06f04ed10839cb718f3b8e48c761d9396dbe23db5380057cdd2d298509754d2e80d1ac15b43b717e08b13020400c,1762171.0,M,34.0,"DEPLOYED, FRONT",NONE,NO INDICATION OF INJURY,OTHER,UNKNOWN,IMPAIRED - ALCOHOL,,,,,2024-06-24 23:00:00,30,RAIN,"DARKNESS, LIGHTED ROAD",PARKED MOTOR VEHICLE,NOT DIVIDED,WET,NO DEFECTS,ON SCENE,INJURY AND / OR TOW DUE TO CRASH,,"OVER $1,500",06/24/2024 11:00:00 PM,UNDER THE INFLUENCE OF ALCOHOL/DRUGS (USE WHEN ARREST IS EFFECTED),NOT APPLICABLE,,2,NO INDICATION OF INJURY,0.0,0.0,0.0,0.0,0.0,1.0,0.0,23,2,6,41.857968298,-87.665999102,POINT (-87.665999101508 41.857968297805),POINT (1166043.213487145 1891540.1902097159),2024,1723 S ASHLAND AVE
O1777171,DRIVER,eda90ca4002839c3b2a5de4badc5c4a6a8f5d0bbd9f78fdd48358f39cb3731e7101eb82332843d9c458738e8a30f5e848cbc66e6039a28beec246dffb0158289,1692816.0,F,71.0,NOT APPLICABLE,UNKNOWN,NO INDICATION OF INJURY,NONE,UNKNOWN,NORMAL,,,,,2024-03-13 21:32:00,30,UNKNOWN,"DARKNESS, LIGHTED ROAD",SIDESWIPE SAME DIRECTION,NOT DIVIDED,UNKNOWN,UNKNOWN,NOT ON SCENE (DESK REPORT),NO INJURY / DRIVE AWAY,Y,"$501 - $1,500",03/14/2024 12:35:00 PM,DRIVING SKILLS/KNOWLEDGE/EXPERIENCE,UNABLE TO DETERMINE,,2,NO INDICATION OF INJURY,0.0,0.0,0.0,0.0,0.0,2.0,0.0,21,4,3,41.961312903,-87.705862371,POINT (-87.705862370938 41.961312903299),POINT (1154908.240904332 1929117.1296472135),2024,3100 W MONTROSE AVE
O1846388,DRIVER,ee218238b7074a825fc1832485d785ad4c396f0c1a8b164272cfd1e3efd2cc4fa3fa4b39cfa511571985d523c1d7a694ea5ee67cc8914820a4818709ba40ccb3,1758845.0,M,22.0,"DEPLOYED, COMBINATION",NONE,NO INDICATION OF INJURY,OTHER,NOT OBSCURED,NORMAL,,,,,2024-06-17 13:30:00,30,CLEAR,DAYLIGHT,PARKED MOTOR VEHICLE,OTHER,DRY,NO DEFECTS,,INJURY AND / OR TOW DUE TO CRASH,,"OVER $1,500",06/17/2024 03:14:00 PM,UNABLE TO DETERMINE,DISTRACTION - FROM INSIDE VEHICLE,,4,NO INDICATION OF INJURY,0.0,0.0,0.0,0.0,0.0,1.0,0.0,13,2,6,41.760528052,-87.561778346,POINT (-87.56177834584 41.76052805156),POINT (1194753.6742941448 1856271.3151609697),2024,7408 S EXCHANGE AVE
O1894096,DRIVER,0965e73243d25607f0dea382747f06d04702432db75ed3995cde8ddc64b8fe449fff54f5a9129f4e944c72212a5bcb4f6ee0cd4388f3bc6838d073ba98e96511,1804424.0,X,,NOT APPLICABLE,UNKNOWN,NO INDICATION OF INJURY,IMPROPER LANE CHANGE,UNKNOWN,UNKNOWN,,,,,2024-03-18 16:15:00,30,CLEAR,DAYLIGHT,SIDESWIPE SAME DIRECTION,NOT DIVIDED,DRY,UNKNOWN,,INJURY AND / OR TOW DUE TO CRASH,Y,"OVER $1,500",03/18/2024 04:20:00 PM,IMPROPER OVERTAKING/PASSING,UNABLE TO DETERMINE,,3,"REPORTED, NOT EVIDENT",1.0,0.0,0.0,0.0,1.0,4.0,0.0,16,2,3,41.768731045,-87.659129489,POINT (-87.659129488724 41.768731045045),POINT (1168169.7408703533 1859037.2206464591),2024,1400 W 69TH ST
O1891883,DRIVER,f4088d2414aa0010d584807a3bad0c11740da2e6e2f6901d9f8a25aff7c20f13346671387dda4a7500808e122a4529e7f98409c093c4c0bb70bbccbadb3a6914,1802308.0,F,32.0,NOT APPLICABLE,NONE,NO INDICATION OF INJURY,UNKNOWN,UNKNOWN,UNKNOWN,,,,,2024-08-25 16:38:00,30,CLEAR,DAYLIGHT,PARKED MOTOR VEHICLE,DIVIDED - W/MEDIAN (NOT RAISED),DRY,UNKNOWN,NOT ON SCENE (DESK REPORT),NO INJURY / DRIVE AWAY,,"OVER $1,500",08/25/2024 05:20:00 PM,UNABLE TO DETERMINE,UNABLE TO DETERMINE,,2,NO INDICATION OF INJURY,0.0,0.0,0.0,0.0,0.0,2.0,0.0,16,1,8,41.817770713,-87.698006394,POINT (-87.698006394033 41.817770713131),POINT (1157432.1857222472 1876826.2060572703),2024,4163 S ARCHER AVE
O1809493,DRIVER,c35ebb4d341efc4d2efdfe0f7f4811cf8233da0d8b27db663695772c16db2dc12bcabdbbe576285d271feec95ef3615ac5cb7db810c83be26ad6eac6a89f9933,1723577.0,M,62.0,NOT APPLICABLE,NONE,"REPORTED, NOT EVIDENT",UNKNOWN,UNKNOWN,NORMAL,,,,,2024-05-02 12:00:00,30,CLEAR,DAYLIGHT,REAR END,FOUR WAY,DRY,NO DEFECTS,ON SCENE,INJURY AND / OR TOW DUE TO CRASH,Y,"OVER $1,500",05/02/2024 12:00:00 PM,UNABLE TO DETERMINE,NOT APPLICABLE,,2,"REPORTED, NOT EVIDENT",2.0,0.0,0.0,0.0,2.0,1.0,0.0,12,5,5,41.768861216,-87.63738863,POINT (-87.63738863025 41.768861215851),POINT (1174100.1972276864 1859131.8936818936),2024,6900 S NORMAL BLVD
P418208,PASSENGER,bc51c057b07b7e1e5fde8eb3a5073b8a4dc2c5a4def2d7bcf04ebcc90a7ce444dea63ff843aab36b48fe049b7c5796a80a8a419c15880025dfba654a71853126,1801294.0,M,38.0,"DEPLOYED, COMBINATION",NONE,NO INDICATION OF INJURY,,,,,,,,2024-08-24 01:13:00,30,CLEAR,"DARKNESS, LIGHTED ROAD",HEAD ON,NOT DIVIDED,DRY,NO DEFECTS,ON SCENE,INJURY AND / OR TOW DUE TO CRASH,,"OVER $1,500",08/24/2024 01:17:00 AM,DRIVING ON WRONG SIDE/WRONG WAY,NOT APPLICABLE,,2,NO INDICATION OF INJURY,0.0,0.0,0.0,0.0,0.0,4.0,0.0,1,7,8,41.808527793,-87.662470342,POINT (-87.662470341603 41.808527793044),POINT (1167145.2115784888 1873531.7589578382),2024,1459 W 47TH ST
O1863048,DRIVER,5395f4f0c3d8806eddccf4313d74f92280f5239b355e1baffd8867909743283b170063167cc6cb6ec1791c36e2a6c81fe3b321b825bfa2ee44378badc1f8ddd8,1774763.0,M,,DEPLOYMENT UNKNOWN,NONE,NO INDICATION OF INJURY,UNKNOWN,UNKNOWN,UNKNOWN,,,,,2024-07-14 10:18:00,30,RAIN,DAYLIGHT,PARKED MOTOR VEHICLE,ONE-WAY,WET,NO DEFECTS,ON SCENE,INJURY AND / OR TOW DUE TO CRASH,Y,"OVER $1,500",07/14/2024 10:40:00 AM,UNABLE TO DETERMINE,UNABLE TO DETERMINE,,6,NO INDICATION OF INJURY,0.0,0.0,0.0,0.0,0.0,1.0,0.0,10,1,7,41.823649117,-87.702634161,POINT (-87.702634161146 41.823649116763),POINT (1156154.9850789187 1878958.973253771),2024,3114 W 38TH PL