PERSON_ID,PERSON_TYPE,CRASH_RECORD_ID,VEHICLE_ID,SEX,AGE,AIRBAG_DEPLOYED,EJECTION,INJURY_CLASSIFICATION,DRIVER_ACTION,DRIVER_VISION,PHYSICAL_CONDITION,PEDPEDAL_ACTION,PEDPEDAL_VISIBILITY,PEDPEDAL_LOCATION,CRASH_DATE_EST_I,CRASH_DATE,POSTED_SPEED_LIMIT,WEATHER_CONDITION,LIGHTING_CONDITION,FIRST_CRASH_TYPE,TRAFFICWAY_TYPE,ROADWAY_SURFACE_COND,ROAD_DEFECT,REPORT_TYPE,CRASH_TYPE,HIT_AND_RUN_I,DAMAGE,DATE_POLICE_NOTIFIED,PRIM_CONTRIBUTORY_CAUSE,SEC_CONTRIBUTORY_CAUSE,DOORING_I,NUM_UNITS,MOST_SEVERE_INJURY,INJURIES_TOTAL,INJURIES_FATAL,INJURIES_INCAPACITATING,INJURIES_NON_INCAPACITATING,INJURIES_REPORTED_NOT_EVIDENT,INJURIES_NO_INDICATION,INJURIES_UNKNOWN,CRASH_HOUR,CRASH_DAY_OF_WEEK,CRASH_MONTH,LATITUDE,LONGITUDE,LOCATION,geometry,YEAR,ADDRESS
O1921830,DRIVER,9e4db0095d6f80518e5a994458572d834c90d4683dfbfb10b37ede470606cb8e59faaaf1739fb97205a11ff1e5f4a65aa172f41e1b316f4445a808774424fd00,1830893.0,F,31.0,NOT APPLICABLE,NONE,NO INDICATION OF INJURY,NONE,NOT OBSCURED,NORMAL,,,,,2024-10-05 20:45:00,35,CLEAR,DARKNESS,SIDESWIPE SAME DIRECTION,NOT DIVIDED,DRY,NO DEFECTS,NOT ON SCENE (DESK REPORT),NO INJURY / DRIVE AWAY,Y,"OVER $1,500",10/05/2024 09:20:00 PM,UNABLE TO DETERMINE,NOT APPLICABLE,,2,NO INDICATION OF INJURY,0.0,0.0,0.0,0.0,0.0,2.0,0.0,20,7,10,41.924935944,-87.687790255,POINT (-87.687790254713 41.924935944091),POINT (1159923.30934293 1915897.7785611083),2024,2400 N WESTERN AVE
O1791169,DRIVER,91dce8a8ab3039a40c48295b6724f09780c0f7129024085bf50d5b8826c07c8a7682bd81d2c84946d055391d0c52a2b5e3b013808be6d60001de6a6427a99463,1705819.0,F,68.0,NOT APPLICABLE,NONE,NO INDICATION OF INJURY,IMPROPER PASSING,NOT OBSCURED,NORMAL,,,,,2024-04-05 09:22:00,30,CLEAR,DAYLIGHT,SIDESWIPE SAME DIRECTION,FOUR WAY,DRY,NO DEFECTS,ON SCENE,NO INJURY / DRIVE AWAY,,"OVER $1,500",04/05/2024 09:23:00 AM,IMPROPER OVERTAKING/PASSING,DRIVING SKILLS/KNOWLEDGE/EXPERIENCE,,2,NO INDICATION OF INJURY,0.0,0.0,0.0,0.0,0.0,2.0,0.0,9,6,4,42.003825078,-87.761843789,POINT (-87.761843789314 42.003825077609),POINT (1139579.112450565 1944502.2434790926),2024,6701 N SAUGANASH AVE
O1825613,DRIVER,164b8c9e7fe7fa2dbbc8e8ba48e0418ce553af8c6ab030ef71f82cebf1bbaee7f383ece67a110f638935779e8fdc2bc0cbd6fa42a138c25a5df193906d540219,1738976.0,F,,DID NOT DEPLOY,NONE,NO INDICATION OF INJURY,UNKNOWN,UNKNOWN,UNKNOWN,,,,,2024-05-23 13:30:00,15,CLEAR,DAYLIGHT,TURNING,ONE-WAY,DRY,UNKNOWN,ON SCENE,NO INJURY / DRIVE AWAY,,"OVER $1,500",05/23/2024 02:56:00 PM,UNABLE TO DETERMINE,UNABLE TO DETERMINE,,2,NO INDICATION OF INJURY,0.0,0.0,0.0,0.0,0.0,3.0,0.0,13,5,5,41.753484322,-87.708752869,POINT (-87.708752868943 41.753484322463),POINT (1154672.983066324 1853379.2427200503),2024,3434 W 77TH ST
O1944321,DRIVER,5c19c7db96cbdbad7e6970ac6f9f9075a63fcafaf8dc6baab4dde481f6a1b080a1e8a57b4be7671295839d1043d4e3ffcec02d750f73ded67d2e1124b0322f48,1852301.0,M,,DEPLOYMENT UNKNOWN,NONE,NO INDICATION OF INJURY,UNKNOWN,UNKNOWN,UNKNOWN,,,,,2024-11-07 06:00:00,30,CLEAR,DAWN,PARKED MOTOR VEHICLE,DIVIDED - W/MEDIAN (NOT RAISED),DRY,NO DEFECTS,ON SCENE,NO INJURY / DRIVE AWAY,Y,"OVER $1,500",11/07/2024 06:45:00 AM,FAILING TO REDUCE SPEED TO AVOID CRASH,UNABLE TO DETERMINE,,2,NO INDICATION OF INJURY,0.0,0.0,0.0,0.0,0.0,1.0,0.0,6,5,11,41.902816874,-87.722130823,POINT (-87.72213082278 41.902816873538),POINT (1150635.521250601 1907769.093219499),2024,3814 W DIVISION ST
O1926771,DRIVER,effd642feff27c2e2046e667de6fbbd88488b56a11c801e0d5a80ab618d2a676d68b5ddef9c7a44acf924d78497b8fb74226da9cf19982da18c02dcd2a5a0c49,1835582.0,M,,DEPLOYMENT UNKNOWN,UNKNOWN,NO INDICATION OF INJURY,UNKNOWN,UNKNOWN,UNKNOWN,,,,,2024-10-13 03:03:00,15,CLEAR,"DARKNESS, LIGHTED ROAD",PARKED MOTOR VEHICLE,NOT DIVIDED,DRY,NO DEFECTS,ON SCENE,INJURY AND / OR TOW DUE TO CRASH,Y,"OVER $1,500",10/13/2024 03:03:00 AM,UNABLE TO DETERMINE,UNABLE TO DETERMINE,,4,NO INDICATION OF INJURY,0.0,0.0,0.0,0.0,0.0,1.0,0.0,3,1,10,41.781604393,-87.763237853,POINT (-87.76323785342 41.781604393006),POINT (1139738.2391153607 1863522.7271115372),2024,6100 S PARKSIDE AVE
O1929035,DRIVER,2037a9966206bf401f7dd4fc38cdc7d8a3ca197dcf3fdada9a0984540aa4ed8d88238a3b322f1e54bf64abe6fd3fbc40ca217d262f427a3c0d87d20ef69353ba,1837726.0,X,,DEPLOYMENT UNKNOWN,NONE,NO INDICATION OF INJURY,UNKNOWN,UNKNOWN,UNKNOWN,,,,,2024-10-16 12:30:00,30,CLEAR,DAYLIGHT,SIDESWIPE SAME DIRECTION,DIVIDED - W/MEDIAN (NOT RAISED),DRY,NO DEFECTS,ON SCENE,NO INJURY / DRIVE AWAY,Y,$500 OR LESS,10/16/2024 12:30:00 PM,UNABLE TO DETERMINE,UNABLE TO DETERMINE,,3,NO INDICATION OF INJURY,0.0,0.0,0.0,0.0,0.0,2.0,0.0,12,4,10,41.706307722,-87.559790918,POINT (-87.559790917563 41.706307721812),POINT (1195473.4806359627 1836518.8013006796),2024,10400 S TORRENCE AVE
O1850109,DRIVER,b24ee52bdaa54f3a2b5a5771ad6183aa0c82c4d649e61916303dfd10b7ed8b182818876965e2a1529064d8a38f484005c9df5955a384fb8849e0a796d3dd8c49,1762433.0,M,41.0,NOT APPLICABLE,NONE,NO INDICATION OF INJURY,FAILED TO YIELD,UNKNOWN,NORMAL,,,,,2024-06-25 08:20:00,30,CLEAR,DAYLIGHT,TURNING,FOUR WAY,DRY,NO DEFECTS,NOT ON SCENE (DESK REPORT),NO INJURY / DRIVE AWAY,,"OVER $1,500",06/25/2024 01:30:00 PM,UNABLE TO DETERMINE,NOT APPLICABLE,,2,NO INDICATION OF INJURY,0.0,0.0,0.0,0.0,0.0,2.0,0.0,8,3,6,41.963609286,-87.767196796,POINT (-87.767196795556 41.963609286102),POINT (1138221.0416958805 1929837.7544363944),2024,4543 N CENTRAL AVE
O1828903,DRIVER,dc5e5f762013b5c56310922d9f79ba864a19736e86406ee00afd7b516f9aa357bd5b3b48a616a2daddaab916be5ab7d80a8862a84fd5483145a0ea5104a6fbbd,1742096.0,X,,DEPLOYMENT UNKNOWN,NONE,NO INDICATION OF INJURY,UNKNOWN,UNKNOWN,UNKNOWN,,,,,2024-05-28 11:26:00,30,CLEAR,DAYLIGHT,REAR END,DIVIDED - W/MEDIAN BARRIER,DRY,NO DEFECTS,ON SCENE,NO INJURY / DRIVE AWAY,Y,"OVER $1,500",05/28/2024 11:30:00 AM,FAILING TO REDUCE SPEED TO AVOID CRASH,NOT APPLICABLE,,3,NO INDICATION OF INJURY,0.0,0.0,0.0,0.0,0.0,3.0,0.0,11,3,5,41.867397876,-87.622700512,POINT (-87.622700511583 41.867397876393),POINT (1177810.1100358185 1895070.9636708174),2024,1200 S INDIANA AVE
O1774162,DRIVER,51457bb7ddbe9bf49b1e911d74178b7270f13c7ca8ad5bb09d1f0ca23254c0d9bb1c162bde0b4a7951d75216b976b159a425ec78ae1820af43e237b0b6ff6140,1689440.0,M,49.0,DEPLOYMENT UNKNOWN,UNKNOWN,NO INDICATION OF INJURY,UNKNOWN,UNKNOWN,UNKNOWN,,,,,2024-03-09 17:45:00,30,UNKNOWN,UNKNOWN,SIDESWIPE SAME DIRECTION,FOUR WAY,UNKNOWN,UNKNOWN,NOT ON SCENE (DESK REPORT),NO INJURY / DRIVE AWAY,Y,"OVER $1,500",03/09/2024 06:00:00 PM,UNABLE TO DETERMINE,UNABLE TO DETERMINE,,2,NO INDICATION OF INJURY,0.0,0.0,0.0,0.0,0.0,2.0,0.0,17,7,3,41.908099914,-87.634763762,POINT (-87.634763761804 41.908099914229),POINT (1174403.5942569657 1909875.8030984353),2024,1414 N WELLS ST
O1812143,DRIVER,8fdd81da970bb072629776d5be51432da81176d5fae01deb9eadf5accbd62b7d1c55a087c73976502804cbde350a7c39aef4e7c4f72faa188a29f348a38e549c,1726038.0,F,,DEPLOYMENT UNKNOWN,NONE,NO INDICATION OF INJURY,OTHER,UNKNOWN,UNKNOWN,,,,,2024-05-05 15:49:00,30,CLEAR,DAYLIGHT,PEDESTRIAN,NOT DIVIDED,DRY,NO DEFECTS,ON SCENE,INJURY AND / OR TOW DUE TO CRASH,Y,$500 OR LESS,05/05/2024 03:49:00 PM,"OPERATING VEHICLE IN ERRATIC, RECKLESS, CARELESS, NEGLIGENT OR AGGRESSIVE MANNER","OPERATING VEHICLE IN ERRATIC, RECKLESS, CARELESS, NEGLIGENT OR AGGRESSIVE MANNER",,2,NONINCAPACITATING INJURY,1.0,0.0,0.0,1.0,0.0,1.0,0.0,15,1,5,41.966797112,-87.767299481,POINT (-87.767299480627 41.966797112001),POINT (1138185.4404147554 1930999.2249142155),2024,4729 N CENTRAL AVE
O1932398,DRIVER,ba91bbf406b811a9a212fbccde1238967f55132667e92387bac0598fe119eeeea0f2041454bb2cda91e6cad05142803ade252296d7db1dc6434ef3ca2b862eb7,1840932.0,M,39.0,NOT APPLICABLE,NONE,NO INDICATION OF INJURY,FAILED TO YIELD,UNKNOWN,NORMAL,,,,,2024-10-20 17:10:00,30,CLEAR,DAYLIGHT,REAR END,DIVIDED - W/MEDIAN (NOT RAISED),DRY,NO DEFECTS,,NO INJURY / DRIVE AWAY,,"OVER $1,500",10/20/2024 07:51:00 PM,FAILING TO YIELD RIGHT-OF-WAY,DRIVING SKILLS/KNOWLEDGE/EXPERIENCE,,2,NO INDICATION OF INJURY,0.0,0.0,0.0,0.0,0.0,2.0,0.0,17,1,10,41.917323759,-87.658247451,POINT (-87.65824745107 41.917323759052),POINT (1167984.745671693 1913185.7963440607),2024,1983 N CLYBOURN AVE
O1921075,DRIVER,7e23fdafacc34d2ff56a1b2793df5a145c7d3fe536e400efaff1dd1d6a1b7fa459a4712064cd2517da6e9f46897a1826ae5ad0d8342cd9c169fc883a332021c9,1830173.0,F,18.0,NOT APPLICABLE,NONE,NO INDICATION OF INJURY,FOLLOWED TOO CLOSELY,UNKNOWN,NORMAL,,,,,2024-10-03 19:00:00,30,CLEAR,DAWN,SIDESWIPE OPPOSITE DIRECTION,NOT DIVIDED,DRY,NO DEFECTS,NOT ON SCENE (DESK REPORT),NO INJURY / DRIVE AWAY,,"OVER $1,500",10/04/2024 07:12:00 PM,IMPROPER OVERTAKING/PASSING,IMPROPER OVERTAKING/PASSING,,2,NO INDICATION OF INJURY,0.0,0.0,0.0,0.0,0.0,3.0,0.0,19,5,10,41.834849389,-87.736746854,POINT (-87.73674685429 41.834849388639),POINT (1146828.760516702 1882973.8909678555),2024,3200 S KILBOURN AVE
O1932301,DRIVER,5b95720ab7f118d78a7d76d8cd9c0cc335115e99533f48cbd4d4b4a81a8c069171a4a5eef16a751c8ca535501b3bef5c0d2e74020194d7466f8469bbbdc42bd5,1840841.0,M,48.0,"DEPLOYED, FRONT",NONE,NONINCAPACITATING INJURY,NONE,NOT OBSCURED,NORMAL,,,,,2024-10-20 22:07:00,30,CLOUDY/OVERCAST,DARKNESS,TURNING,FOUR WAY,DRY,DEBRIS ON ROADWAY,ON SCENE,INJURY AND / OR TOW DUE TO CRASH,,"OVER $1,500",10/20/2024 10:07:00 PM,DISREGARDING TRAFFIC SIGNALS,NOT APPLICABLE,,3,NONINCAPACITATING INJURY,2.0,0.0,0.0,2.0,0.0,1.0,0.0,22,1,10,41.74312405,-87.653684413,POINT (-87.653684412547 41.743124050063),POINT (1169728.8559190072 1849717.9469152628),2024,8300 S RACINE AVE
O1789531,DRIVER,cc31a31e0fafacc14fbd023f41c22e2e9fcd043c666f8f0f5c8aa7e0353cf888f065b10e2bb0237510fd5b29899995a6e1768df8657f5fea33bd3f424bdc728d,1704268.0,X,,DEPLOYMENT UNKNOWN,UNKNOWN,NO INDICATION OF INJURY,UNKNOWN,UNKNOWN,UNKNOWN,,,,,2024-04-02 20:42:00,30,RAIN,"DARKNESS, LIGHTED ROAD",REAR END,NOT DIVIDED,WET,UNKNOWN,ON SCENE,NO INJURY / DRIVE AWAY,Y,"OVER $1,500",04/02/2024 08:44:00 PM,UNABLE TO DETERMINE,UNABLE TO DETERMINE,,3,NO INDICATION OF INJURY,0.0,0.0,0.0,0.0,0.0,7.0,0.0,20,3,4,41.98556491,-87.660010129,POINT (-87.660010128843 41.985564909904),POINT (1167309.6368631455 1938049.3357908283),2024,1148 W HOLLYWOOD AVE
O1791862,DRIVER,64900f47a7213a80ca1717da75003b00c33d6afb4270a73967f1159b130dfd30c53c429d7744877f74e07ec06a5d6206e45ba232b928a999a6d9538dfed65afd,1706497.0,M,28.0,DID NOT DEPLOY,NONE,NO INDICATION OF INJURY,FOLLOWED TOO CLOSELY,UNKNOWN,NORMAL,,,,,2024-04-06 09:38:00,35,CLEAR,DAYLIGHT,SIDESWIPE SAME DIRECTION,NOT DIVIDED,DRY,NO DEFECTS,ON SCENE,INJURY AND / OR TOW DUE TO CRASH,,"OVER $1,500",04/06/2024 09:38:00 AM,FOLLOWING TOO CLOSELY,IMPROPER OVERTAKING/PASSING,,2,"REPORTED, NOT EVIDENT",1.0,0.0,0.0,0.0,1.0,1.0,0.0,9,7,4,41.702871997,-87.543705359,POINT (-87.543705358785 41.702871997018),POINT (1199877.3147006985 1835306.726902128),2024,3300 E 106TH ST
O1903158,DRIVER,05a5b798a35aa63486f85f405836e683e8cfa26f84730d2998cf1e64090d355408b72d7ba3794f59c393afaf5c404e8b8340def50af63a827b0f1d80b939ebcc,1813062.0,F,,DID NOT DEPLOY,NONE,NO INDICATION OF INJURY,IMPROPER PASSING,UNKNOWN,UNKNOWN,,,,,2024-09-10 07:36:00,30,CLEAR,DAYLIGHT,SIDESWIPE SAME DIRECTION,NOT DIVIDED,DRY,NO DEFECTS,NOT ON SCENE (DESK REPORT),NO INJURY / DRIVE AWAY,,"OVER $1,500",09/10/2024 08:25:00 AM,IMPROPER OVERTAKING/PASSING,NOT APPLICABLE,,2,NO INDICATION OF INJURY,0.0,0.0,0.0,0.0,0.0,7.0,0.0,7,3,9,41.809592874,-87.655115035,POINT (-87.655115035362 41.809592874106),POINT (1169147.4127094634 1873935.6074650176),2024,4633 S RACINE AVE
O1891221,DRIVER,92444f6519e318a75936f15a1798cf33f7b8ea4a97e4a1519c60c2a5a0b36cfb92f40a82f86d79ffe167d218072a8b8e16e0a77bdad192f3267f0b25bf7692fe,1801700.0,M,,DEPLOYMENT UNKNOWN,NONE,NO INDICATION OF INJURY,UNKNOWN,UNKNOWN,UNKNOWN,,,,,2024-08-24 16:58:00,35,CLEAR,DAYLIGHT,REAR END,NOT DIVIDED,DRY,NO DEFECTS,ON SCENE,NO INJURY / DRIVE AWAY,Y,"$501 - $1,500",08/24/2024 05:09:00 PM,FOLLOWING TOO CLOSELY,NOT APPLICABLE,,2,NO INDICATION OF INJURY,0.0,0.0,0.0,0.0,0.0,4.0,0.0,16,7,8,41.75040189,-87.668352759,POINT (-87.66835275933 41.750401890488),POINT (1165705.290700507 1852338.6476970757),2024,1800 W 79TH ST
O1792705,DRIVER,6eabcc1750204b1d4d578fa6290a32506ca75f1df0ad75b1a41cf9040576ec343de51a8c9dd24c8a498c6b8be9ef8bc4a94b35c7b0a13d9e820fd8148b60aba1,1707319.0,F,,DID NOT DEPLOY,NONE,NO INDICATION OF INJURY,UNKNOWN,NOT OBSCURED,NORMAL,,,,,2024-04-07 17:10:00,30,RAIN,DAYLIGHT,ANGLE,FOUR WAY,WET,UNKNOWN,NOT ON SCENE (DESK REPORT),NO INJURY / DRIVE AWAY,,"OVER $1,500",04/07/2024 05:25:00 PM,UNABLE TO DETERMINE,UNABLE TO DETERMINE,,2,NO INDICATION OF INJURY,0.0,0.0,0.0,0.0,0.0,2.0,0.0,17,1,4,41.706628553,-87.662225888,POINT (-87.662225887614 41.706628553208),POINT (1167501.517379472 1836401.086945627),2024,10300 S PROSPECT AVE
P398956,PASSENGER,d0a5f6b76d7a0db591c8a64521f9f49b1cba2025c8f4d50ced2d7c2ef4f1d84aa082fcd7a9046941268f28ff93d5fe5ae9bee1bcf2120d6955224a8b899318c3,1719956.0,F,40.0,NOT APPLICABLE,NONE,NO INDICATION OF INJURY,,,,,,,,2024-04-27 01:15:00,30,RAIN,"DARKNESS, LIGHTED ROAD",TURNING,FOUR WAY,WET,NO DEFECTS,ON SCENE,INJURY AND / OR TOW DUE TO CRASH,,"OVER $1,500",04/27/2024 02:00:00 AM,UNABLE TO DETERMINE,NOT APPLICABLE,,2,"REPORTED, NOT EVIDENT",1.0,0.0,0.0,0.0,1.0,3.0,0.0,1,7,4,41.94780002,-87.645574495,POINT (-87.645574495175 41.94780001989),POINT (1171344.8104596406 1924318.824143178),2024,601 W ADDISON ST
O1752230,DRIVER,c446b626dab3d6f5465033c35af916dce22d56f45bd9243465d4f1cb6f62499bb710910f4605e079eaf7e24c2eb9ff3241aaeff398d41f8707c0dbe12e400f78,1668308.0,X,,DEPLOYMENT UNKNOWN,NONE,NO INDICATION OF INJURY,UNKNOWN,UNKNOWN,UNKNOWN,,,,,2024-02-01 07:30:00,15,CLEAR,DAWN,PARKED MOTOR VEHICLE,PARKING LOT,DRY,NO DEFECTS,NOT ON SCENE (DESK REPORT),NO INJURY / DRIVE AWAY,Y,"OVER $1,500",02/02/2024 12:25:00 PM,UNABLE TO DETERMINE,NOT APPLICABLE,,2,NO INDICATION OF INJURY,0.0,0.0,0.0,0.0,0.0,1.0,0.0,7,5,2,41.968958638,-87.791495751,POINT (-87.791495751265 41.968958637974),POINT (1131600.1533829153 1931744.349652571),2024,4817 N NASHVILLE AVE
O1930632,DRIVER,ff12a65f86b7be61d470a3347195d248e10368d086e79b4623e3ac261ccd0b5c8d4f387c6a876c515516efed1f7b71ad1ff61d17c0dd20018427bd2bb331a98b,1839246.0,F,21.0,DID NOT DEPLOY,NONE,NO INDICATION OF INJURY,FOLLOWED TOO CLOSELY,NOT OBSCURED,NORMAL,,,,,2024-10-18 14:52:00,30,CLEAR,DAYLIGHT,REAR END,PARKING LOT,DRY,NO DEFECTS,NOT ON SCENE (DESK REPORT),NO INJURY / DRIVE AWAY,N,"$501 - $1,500",10/18/2024 04:00:00 PM,FOLLOWING TOO CLOSELY,FAILING TO REDUCE SPEED TO AVOID CRASH,,2,NO INDICATION OF INJURY,0.0,0.0,0.0,0.0,0.0,2.0,0.0,14,6,10,41.903769606,-87.64336894,POINT (-87.643368939876 41.903769606378),POINT (1172073.90817536 1908278.8766240738),2024,1200 N LARRABEE ST
O1811462,DRIVER,9dd0f2a09c7e605eaca77218c5f33815d01cb7fb158c7e0b51f70317b72189d41df963d8f3e8505fdb18b880f09a7b0de09f4dd33ea39b819e52a4b4b7430938,1725388.0,M,34.0,NOT APPLICABLE,NONE,NO INDICATION OF INJURY,UNKNOWN,UNKNOWN,NORMAL,,,,,2024-05-04 20:45:00,30,RAIN,"DARKNESS, LIGHTED ROAD",REAR TO FRONT,DIVIDED - W/MEDIAN (NOT RAISED),WET,NO DEFECTS,ON SCENE,NO INJURY / DRIVE AWAY,,"OVER $1,500",05/04/2024 08:47:00 PM,NOT APPLICABLE,NOT APPLICABLE,,2,NO INDICATION OF INJURY,0.0,0.0,0.0,0.0,0.0,2.0,0.0,20,7,5,41.925274828,-87.700984553,POINT (-87.70098455309 41.925274828157),POINT (1156331.7840105616 1915994.513316171),2024,2421 N MILWAUKEE AVE
P393182,PASSENGER,aee1c4a7f105d1a680fd4312fba13d8b840bfb51edd4bd50eda15f388752b9db710079a134dc12e1cec88d2b3e0446d45e778dcd585012560e14a86324b18405,1694807.0,,,"DEPLOYED, COMBINATION",NONE,NONINCAPACITATING INJURY,,,,,,,,2024-03-18 00:14:00,45,CLEAR,"DARKNESS, LIGHTED ROAD",FIXED OBJECT,DIVIDED - W/MEDIAN BARRIER,DRY,NO DEFECTS,ON SCENE,INJURY AND / OR TOW DUE TO CRASH,,"OVER $1,500",03/18/2024 12:16:00 AM,IMPROPER LANE USAGE,NOT APPLICABLE,,1,NONINCAPACITATING INJURY,4.0,0.0,0.0,4.0,0.0,0.0,0.0,0,2,3,41.799533699,-87.582402852,POINT (-87.582402852483 41.799533699088),POINT (1189002.5209433713 1870434.9195031475),2024,1747 E 53RD ST
O1847072,DRIVER,41b07d829cb94c7d0d1249de98d6087d7bbd569b622b81aea10138dd51e9c552eff559386a4f1419bda1a95a13fd9f9bc9d803383f79783b739becac0e4b426a,1759528.0,M,22.0,NOT APPLICABLE,NONE,NO INDICATION OF INJURY,FAILED TO YIELD,NOT OBSCURED,NORMAL,,,,,2024-06-21 11:26:00,30,CLEAR,DAYLIGHT,TURNING,DIVIDED - W/MEDIAN (NOT RAISED),DRY,NO DEFECTS,ON SCENE,INJURY AND / OR TOW DUE TO CRASH,,"OVER $1,500",06/21/2024 11:30:00 AM,FAILING TO YIELD RIGHT-OF-WAY,NOT APPLICABLE,,2,NO INDICATION OF INJURY,0.0,0.0,0.0,0.0,0.0,3.0,0.0,11,6,6,41.758894857,-87.658661641,POINT (-87.658661641106 41.75889485676),POINT (1168325.4807609364 1855453.9962424715),2024,7421 S LOOMIS BLVD
O1850970,DRIVER,a87d1aaa52923e222577b3df6b2d6ce7107286ce2d417850d89816889aeb2a678ac803b121d7f3876d4426e0a633cfbbe5792d503230a66176e99b01f717c045,1763249.0,M,,DEPLOYMENT UNKNOWN,NONE,NO INDICATION OF INJURY,UNKNOWN,UNKNOWN,UNKNOWN,,,,,2024-06-26 13:50:00,30,CLEAR,DAYLIGHT,PEDALCYCLIST,NOT DIVIDED,DRY,NO DEFECTS,NOT ON SCENE (DESK REPORT),INJURY AND / OR TOW DUE TO CRASH,Y,$500 OR LESS,06/26/2024 05:45:00 PM,UNABLE TO DETERMINE,NOT APPLICABLE,,2,NONINCAPACITATING INJURY,1.0,0.0,0.0,1.0,0.0,1.0,0.0,13,4,6,41.915634129,-87.705370487,POINT (-87.705370487174 41.915634128564),POINT (1155163.9547266755 1912472.6599824892),2024,1900 N ALBANY AVE
O1739796,DRIVER,4e4f8bc4df6b052f6885a72de94ae7d80610df9c73a5c4142ed8d7c78ee07479fad7cff6a23b0fb37a4288f528f6485539d2faefe8ee5d033e514a819aed1d27,1656329.0,F,37.0,NOT APPLICABLE,NONE,NO INDICATION OF INJURY,UNKNOWN,UNKNOWN,NORMAL,,,,,2024-01-12 08:35:00,10,UNKNOWN,DAYLIGHT,REAR END,OTHER,UNKNOWN,UNKNOWN,NOT ON SCENE (DESK REPORT),NO INJURY / DRIVE AWAY,,"$501 - $1,500",01/12/2024 07:30:00 PM,UNABLE TO DETERMINE,NOT APPLICABLE,,2,NO INDICATION OF INJURY,0.0,0.0,0.0,0.0,0.0,2.0,0.0,8,6,1,41.705520297,-87.701458042,POINT (-87.701458042202 41.705520296559),POINT (1156791.7593536028 1835916.2055705576),2024,10320 S KEDZIE AVE
O1927694,DRIVER,9b435585a451663e96da6682b34ba1977549c4aab2aaa7a317d6fa93e185724aba94864c2c659f5e1839e590b1651a1d53703bc8e09b61eb99c187ee76693fca,1836446.0,M,36.0,DID NOT DEPLOY,NONE,NO INDICATION OF INJURY,IMPROPER PASSING,UNKNOWN,UNKNOWN,,,,,2024-10-14 15:16:00,30,CLEAR,DAYLIGHT,PARKED MOTOR VEHICLE,NOT DIVIDED,DRY,UNKNOWN,ON SCENE,NO INJURY / DRIVE AWAY,,"OVER $1,500",10/14/2024 03:55:00 PM,IMPROPER OVERTAKING/PASSING,DRIVING SKILLS/KNOWLEDGE/EXPERIENCE,,2,NO INDICATION OF INJURY,0.0,0.0,0.0,0.0,0.0,2.0,0.0,15,2,10,41.916620754,-87.686872651,POINT (-87.686872651258 41.916620754039),POINT (1160195.86225365 1912869.5936557555),2024,1931 N MILWAUKEE AVE
O1773975,DRIVER,bd8b9c6e45effd37628cf17e58edd7774f5548bad41f79e7b36c7475b8223494b748ca6f558634c5240d4228b50dc36070dfb899a66c4f13e88e86e39c1d3821,1689274.0,M,20.0,DID NOT DEPLOY,NONE,NO INDICATION OF INJURY,UNKNOWN,UNKNOWN,NORMAL,,,,,2024-03-09 13:15:00,25,CLEAR,DAYLIGHT,SIDESWIPE SAME DIRECTION,ONE-WAY,DRY,UNKNOWN,NOT ON SCENE (DESK REPORT),NO INJURY / DRIVE AWAY,,"OVER $1,500",03/09/2024 02:00:00 PM,UNABLE TO DETERMINE,UNABLE TO DETERMINE,,2,NO INDICATION OF INJURY,0.0,0.0,0.0,0.0,0.0,2.0,0.0,13,7,3,41.875130979,-87.676510983,POINT (-87.676510983089 41.875130978949),POINT (1163131.73283724 1897772.1547819015),2024,2000 W CONGRESS PKWY
O1890338,DRIVER,b91f83aab9cbb3f14b88185f019014c0efb5056336464e52b0367b9aa97cbab2a8cd5dbb43f39edb6cc28b3590c22e0328e860dbffc06df8b520f7fc1386fb1b,1800851.0,F,53.0,DEPLOYMENT UNKNOWN,NONE,NO INDICATION OF INJURY,NONE,UNKNOWN,NORMAL,,,,,2024-08-23 13:00:00,30,CLEAR,DAYLIGHT,REAR END,NOT DIVIDED,DRY,UNKNOWN,NOT ON SCENE (DESK REPORT),NO INJURY / DRIVE AWAY,,"$501 - $1,500",08/23/2024 02:45:00 PM,FOLLOWING TOO CLOSELY,FOLLOWING TOO CLOSELY,,2,NO INDICATION OF INJURY,0.0,0.0,0.0,0.0,0.0,2.0,0.0,13,6,8,41.889489887,-87.644736454,POINT (-87.64473645375 41.889489887266),POINT (1171743.4018802242 1903072.3537938793),2024,415 N MILWAUKEE AVE
O1781779,DRIVER,751dedb2b684825cb2b4a9d6d2fdc553c62f077693cb04232b097157c10a85bddf19050aa2d5dab2c58357d01c3e1a464dd5a5dba6af4857853d3d66a3a12ec0,1696767.0,F,,DEPLOYMENT UNKNOWN,NONE,NO INDICATION OF INJURY,FAILED TO YIELD,UNKNOWN,UNKNOWN,,,,,2024-03-20 19:00:00,30,CLEAR,DAYLIGHT,HEAD ON,NOT DIVIDED,DRY,NO DEFECTS,NOT ON SCENE (DESK REPORT),NO INJURY / DRIVE AWAY,Y,"$501 - $1,500",03/20/2024 07:18:00 PM,DRIVING SKILLS/KNOWLEDGE/EXPERIENCE,UNABLE TO DETERMINE,,2,NO INDICATION OF INJURY,0.0,0.0,0.0,0.0,0.0,8.0,0.0,19,4,3,41.658155809,-87.603258821,POINT (-87.603258820902 41.658155808616),POINT (1183752.7428003903 1818869.2416548957),2024,13045 S EVANS AVE