PERSON_ID,PERSON_TYPE,CRASH_RECORD_ID,VEHICLE_ID,SEX,AGE,AIRBAG_DEPLOYED,EJECTION,INJURY_CLASSIFICATION,DRIVER_ACTION,DRIVER_VISION,PHYSICAL_CONDITION,PEDPEDAL_ACTION,PEDPEDAL_VISIBILITY,PEDPEDAL_LOCATION,CRASH_DATE_EST_I,CRASH_DATE,POSTED_SPEED_LIMIT,WEATHER_CONDITION,LIGHTING_CONDITION,FIRST_CRASH_TYPE,TRAFFICWAY_TYPE,ROADWAY_SURFACE_COND,ROAD_DEFECT,REPORT_TYPE,CRASH_TYPE,HIT_AND_RUN_I,DAMAGE,DATE_POLICE_NOTIFIED,PRIM_CONTRIBUTORY_CAUSE,SEC_CONTRIBUTORY_CAUSE,DOORING_I,NUM_UNITS,MOST_SEVERE_INJURY,INJURIES_TOTAL,INJURIES_FATAL,INJURIES_INCAPACITATING,INJURIES_NON_INCAPACITATING,INJURIES_REPORTED_NOT_EVIDENT,INJURIES_NO_INDICATION,INJURIES_UNKNOWN,CRASH_HOUR,CRASH_DAY_OF_WEEK,CRASH_MONTH,LATITUDE,LONGITUDE,LOCATION,geometry,YEAR,ADDRESS
O1755446,PEDESTRIAN,3ac8b820aa529d463bf2314e58f7d4b76db861164fd39fd367d818a181d06854b15237bc128665ec35be354e1340db60d9ec131287fa2ccdbf9a4e31d189d483,,M,64.0,,,NONINCAPACITATING INJURY,NONE,UNKNOWN,NORMAL,CROSSING - NO CONTROLS (NOT AT INTERSECTION),NO CONTRASTING CLOTHING,IN ROADWAY,Y,2024-02-07 18:02:00,30,CLEAR,DARKNESS,PEDESTRIAN,DIVIDED - W/MEDIAN (NOT RAISED),DRY,NO DEFECTS,ON SCENE,INJURY AND / OR TOW DUE TO CRASH,,$500 OR LESS,02/07/2024 06:08:00 PM,FAILING TO YIELD RIGHT-OF-WAY,UNABLE TO DETERMINE,,2,NONINCAPACITATING INJURY,1.0,0.0,0.0,1.0,0.0,1.0,0.0,18,4,2,41.909792405,-87.725056415,POINT (-87.725056414695 41.909792405245),POINT (1149821.069445956 1910305.316957017),2024,3923 W NORTH AVE
P427412,PASSENGER,e5a8bb7c62201dd4f6d73fa889896ca6233614d03216145ca186ba7137713e344c0ecad1308f14c91032456b5a8cabb4212051247938978b91e1a8351b96ec7e,1840844.0,F,1.0,NOT APPLICABLE,NONE,NO INDICATION OF INJURY,,,,,,,,2024-10-20 23:47:00,30,CLEAR,"DARKNESS, LIGHTED ROAD",REAR END,NOT DIVIDED,DRY,NO DEFECTS,ON SCENE,NO INJURY / DRIVE AWAY,,"OVER $1,500",10/20/2024 11:47:00 PM,UNABLE TO DETERMINE,UNABLE TO DETERMINE,,2,NO INDICATION OF INJURY,0.0,0.0,0.0,0.0,0.0,3.0,0.0,23,1,10,41.772300759,-87.66408587,POINT (-87.664085869935 41.772300759058),POINT (1166807.5337620573 1860327.4364240556),2024,1600 W MARQUETTE RD
O1927365,DRIVER,8802faab256c8b8d92c2f7faa517fa26de5f53977e1c7cb4d0fc54289396f7b6f8da5bfcb31c7e9821da2fddccd6d7b376e19763f6299c6d306a8b51b225821b,1836172.0,M,32.0,DEPLOYMENT UNKNOWN,NONE,NO INDICATION OF INJURY,DISREGARDED CONTROL DEVICES,UNKNOWN,NORMAL,,,,,2024-10-14 07:33:00,30,CLOUDY/OVERCAST,DAYLIGHT,ANGLE,FOUR WAY,WET,NO DEFECTS,NOT ON SCENE (DESK REPORT),NO INJURY / DRIVE AWAY,,"OVER $1,500",10/14/2024 08:30:00 AM,UNABLE TO DETERMINE,UNABLE TO DETERMINE,,2,NO INDICATION OF INJURY,0.0,0.0,0.0,0.0,0.0,3.0,0.0,7,2,10,41.880263454,-87.657244494,POINT (-87.657244494197 41.880263454464),POINT (1168364.1424702713 1899683.1655019426),2024,100 S RACINE AVE
O1924484,DRIVER,4fe3bdde8ea841481532dec9f1d5acb380fbb66f887733c52ce5dcaf4d74d6d3c6a4ae4a195b5ba9da631f8d8cf76da6bf778588fc91477515cd95e6177a5495,1833403.0,F,,DEPLOYMENT UNKNOWN,NONE,NO INDICATION OF INJURY,FOLLOWED TOO CLOSELY,UNKNOWN,NORMAL,,,,,2024-10-04 05:50:00,30,RAIN,"DARKNESS, LIGHTED ROAD",REAR END,DIVIDED - W/MEDIAN BARRIER,WET,UNKNOWN,NOT ON SCENE (DESK REPORT),NO INJURY / DRIVE AWAY,,"OVER $1,500",10/09/2024 07:20:00 PM,FOLLOWING TOO CLOSELY,FOLLOWING TOO CLOSELY,,2,NO INDICATION OF INJURY,0.0,0.0,0.0,0.0,0.0,2.0,0.0,5,6,10,41.851586941,-87.729690433,POINT (-87.729690432909 41.851586940695),POINT (1148708.8817301742 1889086.424167507),2024,4200 W CERMAK RD
O1871085,DRIVER,c6d99c07de0f53254622c96269381c32e21c9ae6b6048aaa45d59239398d8530a26d29d41ea9203ed873e80e4dde78b8003f4a1077d1c35c7f72684985117dbe,1782452.0,F,28.0,DEPLOYMENT UNKNOWN,UNKNOWN,NO INDICATION OF INJURY,UNKNOWN,UNKNOWN,UNKNOWN,,,,Y,2024-07-26 08:00:00,30,CLEAR,DAYLIGHT,REAR END,DIVIDED - W/MEDIAN (NOT RAISED),DRY,NO DEFECTS,NOT ON SCENE (DESK REPORT),NO INJURY / DRIVE AWAY,,"$501 - $1,500",07/26/2024 09:15:00 AM,FOLLOWING TOO CLOSELY,UNABLE TO DETERMINE,,2,NO INDICATION OF INJURY,0.0,0.0,0.0,0.0,0.0,2.0,0.0,8,6,7,41.975499361,-87.728085291,POINT (-87.728085290665 41.975499360735),POINT (1148827.5530989114 1934243.2554165993),2024,5159 N PULASKI RD
P407251,PASSENGER,9216cc14297fe6ba3dbe7378436334412f7045c68a09d1f90e35fc907661f20d81858d750e26d0ed75af803f1dc10d0acc206ee39eab5c46a66031e005980311,1754246.0,M,45.0,DID NOT DEPLOY,NONE,NO INDICATION OF INJURY,,,,,,,,2024-06-13 15:26:00,30,CLEAR,DAYLIGHT,TURNING,NOT DIVIDED,DRY,NO DEFECTS,ON SCENE,INJURY AND / OR TOW DUE TO CRASH,,"OVER $1,500",06/13/2024 03:26:00 PM,UNABLE TO DETERMINE,NOT APPLICABLE,,2,NO INDICATION OF INJURY,0.0,0.0,0.0,0.0,0.0,4.0,0.0,15,5,6,41.824496951,-87.695007212,POINT (-87.695007212005 41.824496951071),POINT (1158231.5202064163 1879283.272377794),2024,2807 W 38TH ST
O1856903,DRIVER,8dffa9a4bd650e79196645cfa923893c700711a3749c8c1d9c65801c7cd9b1ad2eebda048cccde1c88c5df07b20c8183787adbf4b2b89a7ddd2a53ba7147fff9,1768944.0,M,,DEPLOYMENT UNKNOWN,NONE,NO INDICATION OF INJURY,UNKNOWN,UNKNOWN,UNKNOWN,,,,,2024-07-05 11:09:00,30,CLEAR,DAYLIGHT,REAR END,CENTER TURN LANE,DRY,NO DEFECTS,ON SCENE,NO INJURY / DRIVE AWAY,Y,"OVER $1,500",07/05/2024 11:13:00 AM,UNABLE TO DETERMINE,UNABLE TO DETERMINE,,2,NO INDICATION OF INJURY,0.0,0.0,0.0,0.0,0.0,2.0,0.0,11,6,7,41.938850914,-87.737092526,POINT (-87.737092526384 41.938850913532),POINT (1146471.2368539644 1920871.2672224448),2024,4401 W BELMONT AVE
P431428,PASSENGER,01371b274f3be982b24e1f280cf7b61d7a4047c80ba3b4a28081376666699b50b0ffae43e7b0770d49774b5030d0878c18cc84c74130d69fadae5751182db4d5,1858753.0,F,,NOT APPLICABLE,NONE,NO INDICATION OF INJURY,,,,,,,,2024-11-17 10:30:00,30,CLOUDY/OVERCAST,DAYLIGHT,TURNING,DIVIDED - W/MEDIAN (NOT RAISED),DRY,NO DEFECTS,ON SCENE,NO INJURY / DRIVE AWAY,,"OVER $1,500",11/17/2024 12:30:00 PM,IMPROPER TURNING/NO SIGNAL,FAILING TO YIELD RIGHT-OF-WAY,,2,NO INDICATION OF INJURY,0.0,0.0,0.0,0.0,0.0,3.0,0.0,10,1,11,41.945660174,-87.776622418,POINT (-87.776622417734 41.945660174375),POINT (1135700.0537561637 1923280.2516348057),2024,6001 W ADDISON ST
O1807864,DRIVER,401eb5d85f511f6ffa179f586a388ba6818424a6cf76822bd30d0e6e07e3464fb9e17d8a9776e591cd24f9dce69e7fdaa4e0a55612c15db4097749dd30843d15,1721934.0,F,26.0,DID NOT DEPLOY,NONE,NO INDICATION OF INJURY,NONE,NOT OBSCURED,NORMAL,,,,,2024-04-30 08:00:00,30,CLEAR,DAYLIGHT,REAR END,NOT DIVIDED,DRY,NO DEFECTS,NOT ON SCENE (DESK REPORT),NO INJURY / DRIVE AWAY,,"OVER $1,500",04/30/2024 08:18:00 AM,FOLLOWING TOO CLOSELY,FAILING TO REDUCE SPEED TO AVOID CRASH,,2,NO INDICATION OF INJURY,0.0,0.0,0.0,0.0,0.0,2.0,0.0,8,3,4,41.9567375,-87.767266826,POINT (-87.767266825518 41.95673750019),POINT (1138218.5376502892 1927333.5278019374),2024,4158 N CENTRAL AVE
O1916776,DRIVER,21be1e6595f950937b6ed52057b92ab8880b5629f21d7f44d8871da64595547ce8a14eb698c7adc050900078f852fed489dbe76a98f8c54a27b326e0d5bf40e1,1826051.0,F,24.0,NOT APPLICABLE,NONE,NO INDICATION OF INJURY,UNKNOWN,UNKNOWN,NORMAL,,,,,2024-09-27 21:30:00,30,CLEAR,DARKNESS,TURNING,NOT DIVIDED,UNKNOWN,UNKNOWN,NOT ON SCENE (DESK REPORT),NO INJURY / DRIVE AWAY,,"OVER $1,500",09/28/2024 01:15:00 PM,UNABLE TO DETERMINE,NOT APPLICABLE,,2,NO INDICATION OF INJURY,0.0,0.0,0.0,0.0,0.0,2.0,0.0,21,6,9,41.743710966,-87.614881119,POINT (-87.614881119323 41.743710966316),POINT (1180316.7035913162 1850017.8393004537),2024,8300 S DR MARTIN LUTHER KING JR DR
O1848139,DRIVER,b39205d5889369b52ebe098791a457525379925afa9c9e4f6f731eb5b4e5048fe7625f5cc1cf2b661ea0b1d49e15559211eece67f33e62da1fd96f4835415fb7,1760527.0,F,44.0,DID NOT DEPLOY,NONE,NO INDICATION OF INJURY,NONE,NOT OBSCURED,NORMAL,,,,,2024-06-22 16:00:00,30,CLEAR,DAYLIGHT,TURNING,FOUR WAY,DRY,NO DEFECTS,NOT ON SCENE (DESK REPORT),NO INJURY / DRIVE AWAY,,"OVER $1,500",06/22/2024 05:55:00 PM,UNABLE TO DETERMINE,UNABLE TO DETERMINE,,2,NO INDICATION OF INJURY,0.0,0.0,0.0,0.0,0.0,2.0,0.0,16,7,6,41.891140059,-87.666999473,POINT (-87.666999473302 41.89114005929),POINT (1165676.8540855977 1903625.8159506833),2024,505 N ASHLAND AVE
O1931448,DRIVER,c3ad6bf779d0f8add3625f9534a0ad2e92626644007c932443a602659497fea263c6d3765406c073e3f6345acc9bf021cd9a8ba7a8e52ff8baf7006804a3735b,1840023.0,X,,DEPLOYMENT UNKNOWN,UNKNOWN,NO INDICATION OF INJURY,UNKNOWN,UNKNOWN,UNKNOWN,,,,,2024-10-19 05:00:00,30,CLEAR,DARKNESS,PARKED MOTOR VEHICLE,NOT DIVIDED,DRY,NO DEFECTS,,INJURY AND / OR TOW DUE TO CRASH,Y,"OVER $1,500",10/19/2024 06:30:00 AM,UNABLE TO DETERMINE,UNABLE TO DETERMINE,,4,NO INDICATION OF INJURY,0.0,0.0,0.0,0.0,0.0,1.0,0.0,5,7,10,41.946061635,-87.761027945,POINT (-87.761027945425 41.946061635477),POINT (1139941.4799950437 1923454.4850180265),2024,5340 W ADDISON ST
O1911842,DRIVER,6f7c7c50e102898ed117afbb25c21ae94693cf52a1b294dae5ecbfcbfb545bcfb6bc8f4ac697b397147779d317940e0563d388c5c2055f63e1cd7d9383cde277,1821349.0,M,23.0,NOT APPLICABLE,NONE,NO INDICATION OF INJURY,UNKNOWN,UNKNOWN,UNKNOWN,,,,,2024-09-21 16:22:00,30,CLEAR,DAYLIGHT,REAR END,NOT DIVIDED,DRY,UNKNOWN,NOT ON SCENE (DESK REPORT),NO INJURY / DRIVE AWAY,,"OVER $1,500",09/21/2024 05:00:00 PM,UNABLE TO DETERMINE,UNABLE TO DETERMINE,,2,NO INDICATION OF INJURY,0.0,0.0,0.0,0.0,0.0,2.0,0.0,16,7,9,41.996910869,-87.676504342,POINT (-87.676504341642 41.996910869122),POINT (1162793.5429591394 1942149.0468471893),2024,6346 N RIDGE AVE
O1879830,DRIVER,c14f8c33c9045eff8d2a33824706ea700308f55a27daacf3c0cc5247bcf19496deafdc76b002cbc17ddfc85443d3f3e837c68c4458004042e15d69985a9f0c5b,1790828.0,M,,DEPLOYMENT UNKNOWN,NONE,NO INDICATION OF INJURY,IMPROPER BACKING,UNKNOWN,UNKNOWN,,,,,2024-08-07 19:30:00,30,CLEAR,DAYLIGHT,ANGLE,PARKING LOT,DRY,NO DEFECTS,NOT ON SCENE (DESK REPORT),NO INJURY / DRIVE AWAY,Y,"OVER $1,500",08/07/2024 07:46:00 PM,IMPROPER BACKING,NOT APPLICABLE,,2,NO INDICATION OF INJURY,0.0,0.0,0.0,0.0,0.0,2.0,0.0,19,4,8,41.864381665,-87.660296527,POINT (-87.660296527476 41.864381665289),POINT (1167578.3792278997 1893889.3329262803),2024,1350 W HASTINGS ST
P395445,PASSENGER,10ccbf6ce76fe69c9e76e8db7d325e7b627d041b883b5958ea3f36aedfb75eff143fa76fc876166cf019a09724436aed2a751cfe6ae6ad8d18e5a9ead2b098a2,1705299.0,F,18.0,DEPLOYMENT UNKNOWN,UNKNOWN,NO INDICATION OF INJURY,,,,,,,,2024-04-04 12:35:00,30,UNKNOWN,UNKNOWN,REAR END,NOT DIVIDED,UNKNOWN,UNKNOWN,NOT ON SCENE (DESK REPORT),NO INJURY / DRIVE AWAY,Y,"$501 - $1,500",04/04/2024 01:10:00 PM,UNABLE TO DETERMINE,DRIVING SKILLS/KNOWLEDGE/EXPERIENCE,,2,NO INDICATION OF INJURY,0.0,0.0,0.0,0.0,0.0,3.0,0.0,12,5,4,41.864959898,-87.646999921,POINT (-87.646999920609 41.864959898061),POINT (1171198.5742240057 1894128.7150341556),2024,1316 S HALSTED ST
O1789392,DRIVER,2c5de766dbce7bd0158c020054a75439439599827c35cf2c33fdeab6dc3c317919d39705d1108c566121c2af80af07943f5a0896216b295095cbbbccc7d8610d,1704139.0,F,37.0,DID NOT DEPLOY,NONE,NONINCAPACITATING INJURY,OTHER,UNKNOWN,NORMAL,,,,,2024-04-02 15:40:00,30,CLEAR,DAYLIGHT,REAR END,T-INTERSECTION,WET,UNKNOWN,ON SCENE,INJURY AND / OR TOW DUE TO CRASH,,"OVER $1,500",04/02/2024 03:47:00 PM,FAILING TO REDUCE SPEED TO AVOID CRASH,UNABLE TO DETERMINE,,2,NONINCAPACITATING INJURY,1.0,0.0,0.0,1.0,0.0,1.0,0.0,15,3,4,41.708032836,-87.563448363,POINT (-87.56344836316 41.708032836311),POINT (1194469.151438073 1837138.4640431511),2024,10300 S BENSLEY AVE
O1770038,DRIVER,f6eba3b9e7a3a29d39d3afffdbbea7d7d2b1fe6e72733c1a3a992002214b28f36a8adb744080f0504b49fadd8e532c14a9c5f788376616be7f99a4cf07aa3026,1685509.0,F,,DID NOT DEPLOY,NONE,NO INDICATION OF INJURY,IMPROPER BACKING,NOT OBSCURED,NORMAL,,,,,2024-03-03 11:15:00,30,CLEAR,DAYLIGHT,REAR TO REAR,NOT DIVIDED,UNKNOWN,UNKNOWN,NOT ON SCENE (DESK REPORT),NO INJURY / DRIVE AWAY,,"$501 - $1,500",03/03/2024 02:00:00 PM,UNABLE TO DETERMINE,NOT APPLICABLE,,2,NO INDICATION OF INJURY,0.0,0.0,0.0,0.0,0.0,2.0,0.0,11,1,3,41.938852441,-87.736980572,POINT (-87.736980571951 41.938852440777),POINT (1146501.692920196 1920872.0356289232),2024,4357 W BELMONT AVE
O1818535,DRIVER,353cc3fbbf33087051588e1050a5b71dacab03cea131550c4b73756d7645e645fe56e7ce340e5ca57f43669654d8a43b671db1b0e2444ec1542ec69dd4723a22,1732155.0,M,45.0,DID NOT DEPLOY,NONE,NO INDICATION OF INJURY,NONE,NOT OBSCURED,NORMAL,,,,,2024-05-12 06:07:00,30,CLEAR,DAYLIGHT,REAR END,NOT DIVIDED,DRY,NO DEFECTS,NOT ON SCENE (DESK REPORT),NO INJURY / DRIVE AWAY,,"OVER $1,500",05/14/2024 02:53:00 PM,FOLLOWING TOO CLOSELY,NOT APPLICABLE,,2,NO INDICATION OF INJURY,0.0,0.0,0.0,0.0,0.0,2.0,0.0,6,1,5,41.778517924,-87.742442188,POINT (-87.742442188356 41.778517923571),POINT (1145417.8141621477 1862436.3317205205),2024,6258 S CICERO AVE
O1921882,DRIVER,8d515f12f7e34324f55c00c890369a8f69e28f87e189a6bd2c85f07edfeb4042b92b1a432751146e3c50d0ec15f1f2948f600d7008276ba4bbff919258fcc606,1830934.0,M,23.0,DID NOT DEPLOY,NONE,NO INDICATION OF INJURY,NONE,UNKNOWN,NORMAL,,,,,2024-10-05 21:02:00,30,CLEAR,"DARKNESS, LIGHTED ROAD",TURNING,DIVIDED - W/MEDIAN (NOT RAISED),DRY,NO DEFECTS,ON SCENE,NO INJURY / DRIVE AWAY,,"OVER $1,500",10/05/2024 09:07:00 PM,FAILING TO YIELD RIGHT-OF-WAY,NOT APPLICABLE,,2,NO INDICATION OF INJURY,0.0,0.0,0.0,0.0,0.0,2.0,0.0,21,7,10,41.923992923,-87.772210902,POINT (-87.772210901624 41.923992922686),POINT (1136951.8625765229 1915392.496720938),2024,5832 W FULLERTON AVE
O1882875,BICYCLE,5f4717efffd04cf5b04c0c58029ba30d559097f6a57a04bcd67f795bce12bde81f3aed3105421f02e54e54fabc312f5a27fefab7fb16eacf9c0be978a2cc32f7,,M,25.0,,UNKNOWN,NONINCAPACITATING INJURY,FAILED TO YIELD,NOT OBSCURED,NORMAL,WITH TRAFFIC,NO CONTRASTING CLOTHING,IN ROADWAY,,2024-08-12 09:30:00,30,CLEAR,DAYLIGHT,PEDALCYCLIST,FOUR WAY,DRY,NO DEFECTS,ON SCENE,INJURY AND / OR TOW DUE TO CRASH,,"OVER $1,500",08/12/2024 09:30:00 AM,FAILING TO YIELD RIGHT-OF-WAY,UNABLE TO DETERMINE,,2,NONINCAPACITATING INJURY,1.0,0.0,0.0,1.0,0.0,1.0,0.0,9,2,8,41.939452587,-87.650444569,POINT (-87.650444568763 41.939452586813),POINT (1170044.2044466285 1921266.4009352715),2024,3168 N CLARK ST
O1781869,DRIVER,7700dce3b53804d540f4a8e2fd36e2334a1fdb4f98babd9f2edec11cc80d6ec625b8e8a41e2b3de6ac8037e5fb87150b8cf88825229c1863aac6ff3f0e0933c9,1696846.0,F,69.0,NOT APPLICABLE,NONE,"REPORTED, NOT EVIDENT",NONE,NOT OBSCURED,NORMAL,,,,,2024-03-20 19:35:00,30,CLEAR,"DARKNESS, LIGHTED ROAD",REAR END,DIVIDED - W/MEDIAN (NOT RAISED),DRY,NO DEFECTS,NOT ON SCENE (DESK REPORT),INJURY AND / OR TOW DUE TO CRASH,Y,"$501 - $1,500",03/20/2024 09:30:00 PM,UNABLE TO DETERMINE,UNABLE TO DETERMINE,,2,"REPORTED, NOT EVIDENT",1.0,0.0,0.0,0.0,1.0,1.0,0.0,19,4,3,41.76829574,-87.576504299,POINT (-87.576504298994 41.768295740434),POINT (1190711.0544550458 1859066.1104370598),2024,6950 S JEFFERY BLVD
P431998,PASSENGER,1858b86888facfd7dbbdae43ff28055411446c4bac905554330a3a1bc6172821026c7d3f72f13f9182cde3a3487907842f923abe2135d269120ceeb0e0b8b73f,1861322.0,,,DID NOT DEPLOY,NONE,NO INDICATION OF INJURY,,,,,,,,2024-11-21 06:10:00,30,CLEAR,DAWN,SIDESWIPE SAME DIRECTION,DIVIDED - W/MEDIAN (NOT RAISED),SNOW OR SLUSH,NO DEFECTS,NOT ON SCENE (DESK REPORT),NO INJURY / DRIVE AWAY,,"OVER $1,500",11/21/2024 07:14:00 AM,IMPROPER OVERTAKING/PASSING,IMPROPER OVERTAKING/PASSING,,2,NO INDICATION OF INJURY,0.0,0.0,0.0,0.0,0.0,3.0,0.0,6,5,11,41.81401306,-87.704603718,POINT (-87.704603717516 41.814013060064),POINT (1155643.8480935863 1875443.710120794),2024,4372 S ARCHER AVE
O1766601,DRIVER,938398a95fc72362207f6d45a1470e859b453c858b9aa715a789e5430a628bc2e68aa57281b22bb78c76d35d20f5bb5997f20c18e3247c0fe1d1d66f56e89998,1682186.0,M,43.0,NOT APPLICABLE,NONE,NO INDICATION OF INJURY,IMPROPER PASSING,NOT OBSCURED,NORMAL,,,,,2024-02-27 08:40:00,30,CLEAR,DAYLIGHT,SIDESWIPE SAME DIRECTION,FOUR WAY,DRY,NO DEFECTS,NOT ON SCENE (DESK REPORT),NO INJURY / DRIVE AWAY,,"OVER $1,500",02/27/2024 09:00:00 AM,IMPROPER OVERTAKING/PASSING,IMPROPER OVERTAKING/PASSING,,2,NO INDICATION OF INJURY,0.0,0.0,0.0,0.0,0.0,2.0,0.0,8,3,2,42.012071408,-87.704575845,POINT (-87.70457584485 42.012071408002),POINT (1155122.3582670626 1947616.363779716),2024,3000 W TOUHY AVE
O1895294,DRIVER,c7f5dfd7741fbf81f02622a91ce8d08f411324080e294f74dbd52a83de38d87706900ebbab299d31ede6260404044d1d6be89408fd1954f4379f551146e340e7,1805587.0,M,34.0,DID NOT DEPLOY,NONE,NO INDICATION OF INJURY,UNKNOWN,UNKNOWN,NORMAL,,,,,2024-08-30 05:17:00,25,CLEAR,"DARKNESS, LIGHTED ROAD",PARKED MOTOR VEHICLE,ONE-WAY,DRY,NO DEFECTS,ON SCENE,INJURY AND / OR TOW DUE TO CRASH,,"OVER $1,500",08/30/2024 05:18:00 AM,UNABLE TO DETERMINE,UNABLE TO DETERMINE,,2,NO INDICATION OF INJURY,0.0,0.0,0.0,0.0,0.0,1.0,0.0,5,6,8,41.89560412,-87.625977253,POINT (-87.625977253308 41.895604120396),POINT (1176832.8783287082 1905341.9291736898),2024,55 E SUPERIOR ST
O1782217,DRIVER,7e8aa4795fce93f29777d4b33a6edb7e9ac9ba0ef1f900f667e4dbde263ed6256a502e0717cafc2b4b19099860a2b8e7fcd5a33c9f0725da81b13ee667f4c802,1697185.0,F,20.0,DID NOT DEPLOY,NONE,NO INDICATION OF INJURY,OTHER,NOT OBSCURED,NORMAL,,,,,2024-03-21 13:00:00,30,CLEAR,DAYLIGHT,SIDESWIPE SAME DIRECTION,NOT DIVIDED,DRY,NO DEFECTS,,NO INJURY / DRIVE AWAY,,"OVER $1,500",03/21/2024 01:54:00 PM,"OPERATING VEHICLE IN ERRATIC, RECKLESS, CARELESS, NEGLIGENT OR AGGRESSIVE MANNER",NOT APPLICABLE,,2,NO INDICATION OF INJURY,0.0,0.0,0.0,0.0,0.0,3.0,0.0,13,5,3,41.755183531,-87.723193497,POINT (-87.723193496506 41.755183530603),POINT (1150728.3059843755 1853970.144119106),2024,4030 W 76TH ST
O1816838,DRIVER,8485b7bbe49764cba2495299b59ada5e8af5e6d130eacc6e34452199354273882089011eb1d1f57bee92713d7b16b8c81f0731b018eaf8a765d14316b85ef32a,1730561.0,X,,DEPLOYMENT UNKNOWN,NONE,NO INDICATION OF INJURY,FOLLOWED TOO CLOSELY,UNKNOWN,UNKNOWN,,,,,2024-05-10 17:45:00,30,CLEAR,DAWN,REAR END,NOT DIVIDED,DRY,NO DEFECTS,NOT ON SCENE (DESK REPORT),NO INJURY / DRIVE AWAY,Y,"$501 - $1,500",05/10/2024 10:00:00 PM,FOLLOWING TOO CLOSELY,NOT APPLICABLE,,2,NO INDICATION OF INJURY,0.0,0.0,0.0,0.0,0.0,2.0,0.0,17,6,5,41.977833127,-87.806853973,POINT (-87.806853972525 41.977833126995),POINT (1127403.6713749473 1934952.2074555396),2024,5321 N HARLEM AVE
O1926015,DRIVER,0a6d49044727a1848c64885b1ac5b031511da9c2334799126b1e8edc9feb15177a1d86867ce08c69bf9b056ca81069c2d29ee6ed710603203d6cb486d69de396,1834869.0,F,21.0,DID NOT DEPLOY,NONE,NO INDICATION OF INJURY,NONE,NOT OBSCURED,NORMAL,,,,,2024-10-11 20:00:00,30,CLEAR,"DARKNESS, LIGHTED ROAD",TURNING,NOT DIVIDED,DRY,NO DEFECTS,NOT ON SCENE (DESK REPORT),NO INJURY / DRIVE AWAY,,"OVER $1,500",10/11/2024 09:00:00 PM,UNABLE TO DETERMINE,NOT APPLICABLE,,2,NO INDICATION OF INJURY,0.0,0.0,0.0,0.0,0.0,4.0,0.0,20,6,10,41.778584029,-87.720427478,POINT (-87.720427478295 41.77858402896),POINT (1151422.2643380996 1862502.4482707966),2024,3901 W 63RD ST
P421606,PASSENGER,536571afd3cb50b9d5c7886e90c32b384b22ba30aded1f05eb3519712d7534e9a999dd7b98e55378aef75fbaa259f4e170fd92b64c30f84259940ba58bdb328d,1815439.0,F,17.0,DID NOT DEPLOY,NONE,NO INDICATION OF INJURY,,,,,,,,2024-09-13 14:57:00,30,CLEAR,DAYLIGHT,SIDESWIPE SAME DIRECTION,NOT DIVIDED,DRY,NO DEFECTS,ON SCENE,NO INJURY / DRIVE AWAY,,"OVER $1,500",09/13/2024 03:09:00 PM,FAILING TO YIELD RIGHT-OF-WAY,NOT APPLICABLE,,3,NO INDICATION OF INJURY,0.0,0.0,0.0,0.0,0.0,4.0,0.0,14,6,9,41.846674808,-87.686903643,POINT (-87.686903642747 41.846674807697),POINT (1160379.4131773226 1887381.3076756084),2024,2432 W 25TH ST
P411882,PASSENGER,3d88d6442587ba2ca361c527dcc92f7fd17118a43d675cb1ce9c0c4a5550e761e3aca37c26a4e63502c0cd9ff0eaac48fe94f66cb84fc9d32acb8f212d1dae4a,1773519.0,X,,DID NOT DEPLOY,UNKNOWN,NONINCAPACITATING INJURY,,,,,,,,2024-07-12 13:54:00,30,CLEAR,DAYLIGHT,PARKED MOTOR VEHICLE,NOT DIVIDED,DRY,NO DEFECTS,ON SCENE,INJURY AND / OR TOW DUE TO CRASH,,"OVER $1,500",07/12/2024 01:55:00 PM,FAILING TO REDUCE SPEED TO AVOID CRASH,FAILING TO REDUCE SPEED TO AVOID CRASH,,2,NONINCAPACITATING INJURY,2.0,0.0,0.0,2.0,0.0,1.0,0.0,13,6,7,41.879420967,-87.671844767,POINT (-87.671844766823 41.879420966736),POINT (1164390.5074884554 1899345.1802243202),2024,120 S WOOD ST
O1855796,DRIVER,76982449785ddd479db45f6040dc6c787fa8dc843b0dc95426b3bd29e0f0081ad3ae677af74b698d278cc4f9b665ea732537370d52043cb22f2055adec7fc07b,1767909.0,M,45.0,DID NOT DEPLOY,NONE,NO INDICATION OF INJURY,FAILED TO YIELD,NOT OBSCURED,NORMAL,,,,,2024-07-03 15:00:00,30,CLEAR,DAYLIGHT,ANGLE,FOUR WAY,DRY,NO DEFECTS,ON SCENE,INJURY AND / OR TOW DUE TO CRASH,,"OVER $1,500",07/03/2024 04:00:00 PM,FAILING TO YIELD RIGHT-OF-WAY,NOT APPLICABLE,,2,NO INDICATION OF INJURY,0.0,0.0,0.0,0.0,0.0,2.0,0.0,15,4,7,41.826964342,-87.665543846,POINT (-87.665543846431 41.826964342418),POINT (1166255.0767560129 1880243.4197362212),2024,1600 W 37TH ST
O1900052,DRIVER,143d14fefd1b0df4d088aed24011418b7f3c44c6ffff58a642058c7c6c2ddace91bffe45e1b16ffb77d8c65a07bb42f508e3bf887eaa3248a9d01a9168d5f33d,1810124.0,M,68.0,DID NOT DEPLOY,NONE,NO INDICATION OF INJURY,IMPROPER BACKING,NOT OBSCURED,NORMAL,,,,,2024-09-05 14:20:00,30,CLEAR,DAYLIGHT,REAR TO FRONT,FOUR WAY,DRY,NO DEFECTS,NOT ON SCENE (DESK REPORT),NO INJURY / DRIVE AWAY,,$500 OR LESS,09/05/2024 03:29:00 PM,IMPROPER BACKING,IMPROPER BACKING,,2,NO INDICATION OF INJURY,0.0,0.0,0.0,0.0,0.0,2.0,0.0,14,5,9,41.692758855,-87.605284373,POINT (-87.605284373315 41.692758854538),POINT (1183092.6924224915 1831473.4470552795),2024,11100 S ELLIS AVE