PERSON_ID,PERSON_TYPE,CRASH_RECORD_ID,VEHICLE_ID,SEX,AGE,AIRBAG_DEPLOYED,EJECTION,INJURY_CLASSIFICATION,DRIVER_ACTION,DRIVER_VISION,PHYSICAL_CONDITION,PEDPEDAL_ACTION,PEDPEDAL_VISIBILITY,PEDPEDAL_LOCATION,CRASH_DATE_EST_I,CRASH_DATE,POSTED_SPEED_LIMIT,WEATHER_CONDITION,LIGHTING_CONDITION,FIRST_CRASH_TYPE,TRAFFICWAY_TYPE,ROADWAY_SURFACE_COND,ROAD_DEFECT,REPORT_TYPE,CRASH_TYPE,HIT_AND_RUN_I,DAMAGE,DATE_POLICE_NOTIFIED,PRIM_CONTRIBUTORY_CAUSE,SEC_CONTRIBUTORY_CAUSE,DOORING_I,NUM_UNITS,MOST_SEVERE_INJURY,INJURIES_TOTAL,INJURIES_FATAL,INJURIES_INCAPACITATING,INJURIES_NON_INCAPACITATING,INJURIES_REPORTED_NOT_EVIDENT,INJURIES_NO_INDICATION,INJURIES_UNKNOWN,CRASH_HOUR,CRASH_DAY_OF_WEEK,CRASH_MONTH,LATITUDE,LONGITUDE,LOCATION,geometry,YEAR,ADDRESS
P385708,PASSENGER,6b83f9b0445d299a794ea4f3c3071f12ad2edc2886677960b0985887fdc49ee9f5bb95604a37d0b9631c00b0fbbacd683f8a8b603914945e37d10c7ea247690d,1660812.0,M,21.0,DID NOT DEPLOY,NONE,NO INDICATION OF INJURY,,,,,,,,2024-01-20 12:51:00,30,CLEAR,DAYLIGHT,SIDESWIPE SAME DIRECTION,NOT DIVIDED,WET,UNKNOWN,ON SCENE,NO INJURY / DRIVE AWAY,,"OVER $1,500",01/20/2024 12:53:00 PM,UNABLE TO DETERMINE,NOT APPLICABLE,,2,NO INDICATION OF INJURY,0.0,0.0,0.0,0.0,0.0,4.0,0.0,12,7,1,41.895050193,-87.725924196,POINT (-87.725924196264 41.89505019252),POINT (1149622.897852998 1904931.5828375581),2024,751 N PULASKI RD
O1909450,DRIVER,fddb1baf8d627d17daaef12a7f6e7cc2221950f2165f434bf0787ca1af47e6b18c73209e473f9faf7d35967e4ff0a66a28f8a41b882a70d44e77c149da4683cc,1819064.0,M,23.0,NOT APPLICABLE,NONE,NO INDICATION OF INJURY,IMPROPER LANE CHANGE,NOT OBSCURED,NORMAL,,,,,2024-09-18 14:57:00,30,CLEAR,DAYLIGHT,SIDESWIPE SAME DIRECTION,ONE-WAY,DRY,NO DEFECTS,ON SCENE,INJURY AND / OR TOW DUE TO CRASH,,"OVER $1,500",09/18/2024 03:17:00 PM,FAILING TO REDUCE SPEED TO AVOID CRASH,IMPROPER LANE USAGE,,3,NO INDICATION OF INJURY,0.0,0.0,0.0,0.0,0.0,3.0,0.0,14,4,9,41.893068791,-87.634775018,POINT (-87.634775017846 41.893068790687),POINT (1174445.131296403 1904398.4296866215),2024,215 W ONTARIO ST
O1846267,DRIVER,aa362811b5485db4f6f0e3e134a118a4b21e314eebdb8220a595f4010d4347ce864589cea48ca205fcb657656bd47041ac384724aff56ee24f92e46c4d210f90,1758727.0,M,35.0,DID NOT DEPLOY,NONE,NO INDICATION OF INJURY,NONE,UNKNOWN,UNKNOWN,,,,,2024-06-13 17:15:00,30,CLEAR,"DARKNESS, LIGHTED ROAD",REAR END,NOT DIVIDED,DRY,UNKNOWN,,NO INJURY / DRIVE AWAY,,"OVER $1,500",06/13/2024 09:10:00 PM,UNABLE TO DETERMINE,UNABLE TO DETERMINE,,2,NO INDICATION OF INJURY,0.0,0.0,0.0,0.0,0.0,2.0,0.0,17,5,6,41.996930825,-87.80665434,POINT (-87.806654340184 41.996930825225),POINT (1127415.1568574735 1941911.8314523331),2024,6369 N HARLEM AVE
O1799823,DRIVER,b2511a42368c86c2d0bc83d838951f85eb6841cff89964d62f47e8b2a69630bb25df29d7c7bed963a4791409b7b20d10be730b1562c34d856cbae445436da641,1714154.0,F,38.0,DID NOT DEPLOY,NONE,NO INDICATION OF INJURY,NONE,NOT OBSCURED,NORMAL,,,,,2024-04-17 09:43:00,30,CLEAR,DAYLIGHT,SIDESWIPE SAME DIRECTION,NOT DIVIDED,DRY,NO DEFECTS,NOT ON SCENE (DESK REPORT),NO INJURY / DRIVE AWAY,,"$501 - $1,500",04/17/2024 07:31:00 PM,UNABLE TO DETERMINE,UNABLE TO DETERMINE,,2,NO INDICATION OF INJURY,0.0,0.0,0.0,0.0,0.0,2.0,0.0,9,4,4,41.881029717,-87.617281566,POINT (-87.617281566405 41.881029716883),POINT (1179244.6745606149 1900050.6575437826),2024,400 E MONROE DR
O1878452,DRIVER,e4c3c1f19f0050986ce01b37791e713d720e3e536f91e9e4ecb1e5fb1edc45e38c4e1f3fc15a6a24e63ce0f3c437d6a65d3c996f8295eba11e87b63128ad0fca,1789507.0,M,26.0,DID NOT DEPLOY,NONE,NO INDICATION OF INJURY,NONE,NOT OBSCURED,NORMAL,,,,,2024-08-05 15:40:00,30,CLEAR,DAYLIGHT,REAR END,DIVIDED - W/MEDIAN BARRIER,DRY,NO DEFECTS,ON SCENE,NO INJURY / DRIVE AWAY,,"$501 - $1,500",08/05/2024 04:40:00 PM,IMPROPER BACKING,UNABLE TO DETERMINE,,2,NO INDICATION OF INJURY,0.0,0.0,0.0,0.0,0.0,3.0,0.0,15,2,8,41.983710856,-87.689607318,POINT (-87.689607317971 41.983710856197),POINT (1159267.9467123884 1937311.8388773098),2024,5616 N WESTERN AVE
O1852708,DRIVER,89b68c28bdc1f6dff18c083145675cfc84c1241162af58f395bb47f6b5c395a79d35bfc1b19ae9537bf942a885315f035e454c0b2d00822505bfc2632416bb37,1764906.0,M,20.0,"DEPLOYED, COMBINATION",UNKNOWN,"REPORTED, NOT EVIDENT",NONE,UNKNOWN,NORMAL,,,,,2024-06-28 18:36:00,30,RAIN,DAYLIGHT,ANGLE,DIVIDED - W/MEDIAN (NOT RAISED),WET,UNKNOWN,,INJURY AND / OR TOW DUE TO CRASH,,"OVER $1,500",06/28/2024 06:37:00 PM,FAILING TO YIELD RIGHT-OF-WAY,NOT APPLICABLE,,2,"REPORTED, NOT EVIDENT",1.0,0.0,0.0,0.0,1.0,3.0,0.0,18,6,6,41.882325076,-87.766740165,POINT (-87.766740165236 41.882325075917),POINT (1138540.9396357653 1900218.539152338),2024,5646 W WASHINGTON BLVD
O1858392,DRIVER,39186a462255d970af4fd4fe01cd1931cc6069c8bfe65a7b605a8fb0c816d21552bd17b018f0de27c38499e92bc4e42a4e61243f6bac5cf4889cbf23060ea1f7,1770378.0,F,40.0,NOT APPLICABLE,NONE,NO INDICATION OF INJURY,UNKNOWN,UNKNOWN,NORMAL,,,,,2024-07-06 11:14:00,10,CLEAR,DAYLIGHT,REAR TO SIDE,PARKING LOT,DRY,NO DEFECTS,NOT ON SCENE (DESK REPORT),NO INJURY / DRIVE AWAY,,"OVER $1,500",07/07/2024 04:15:00 PM,UNABLE TO DETERMINE,NOT APPLICABLE,,2,NO INDICATION OF INJURY,0.0,0.0,0.0,0.0,0.0,2.0,0.0,11,7,7,41.949961171,-87.675671129,POINT (-87.675671129255 41.949961171142),POINT (1163151.375174291 1925042.0942604635),2024,3745 N LINCOLN AVE
O1757587,DRIVER,da7e3f6d72dd671982cbbe106d944f829d09c7de9b3a7700508224c7bb7f507002cf92c8194745703defd39d33cca10e946b9397f25007639a595a9bf1077d48,1673468.0,F,60.0,NOT APPLICABLE,NONE,NO INDICATION OF INJURY,NONE,NOT OBSCURED,NORMAL,,,,,2024-02-11 16:20:00,10,CLEAR,DAYLIGHT,SIDESWIPE OPPOSITE DIRECTION,PARKING LOT,DRY,NO DEFECTS,NOT ON SCENE (DESK REPORT),NO INJURY / DRIVE AWAY,,"$501 - $1,500",02/11/2024 04:54:00 PM,IMPROPER BACKING,NOT APPLICABLE,,2,NO INDICATION OF INJURY,0.0,0.0,0.0,0.0,0.0,2.0,0.0,16,1,2,41.736358389,-87.702191425,POINT (-87.702191424993 41.73635838871),POINT (1156509.1181906322 1847151.7869783188),2024,8618 S KEDZIE AVE
O1890903,DRIVER,cc071669eb341a396e08c7bc273c18c5f8f6b2eac5d5137256ef76fbb7f310603d9805dc5efe64ddd93dedf9dbb470410a0330e37c799300323e396009589014,1801393.0,M,56.0,DID NOT DEPLOY,NONE,NO INDICATION OF INJURY,NONE,UNKNOWN,UNKNOWN,,,,,2024-08-24 09:30:00,30,CLEAR,DAYLIGHT,TURNING,NOT DIVIDED,DRY,UNKNOWN,NOT ON SCENE (DESK REPORT),NO INJURY / DRIVE AWAY,,"OVER $1,500",08/24/2024 10:40:00 AM,FAILING TO REDUCE SPEED TO AVOID CRASH,UNABLE TO DETERMINE,,2,NO INDICATION OF INJURY,0.0,0.0,0.0,0.0,0.0,2.0,0.0,9,7,8,41.910314258,-87.680759443,POINT (-87.680759443383 41.910314258074),POINT (1161877.1745630295 1910584.1017960182),2024,2119 W NORTH AVE
O1735089,DRIVER,5550af7a1fc3534a571e2c754df9476310d2d4f79a0cf416b981cf0a1b3c07dc57aa6e8001019519480c491b92270a164b69fade07ab0711719fc38605d07ef2,1651833.0,F,,DID NOT DEPLOY,NONE,NO INDICATION OF INJURY,NONE,NOT OBSCURED,NORMAL,,,,,2024-01-04 09:45:00,30,CLEAR,DAYLIGHT,SIDESWIPE SAME DIRECTION,FOUR WAY,DRY,NO DEFECTS,ON SCENE,NO INJURY / DRIVE AWAY,,"OVER $1,500",01/04/2024 10:30:00 AM,IMPROPER LANE USAGE,IMPROPER LANE USAGE,,2,NO INDICATION OF INJURY,0.0,0.0,0.0,0.0,0.0,2.0,0.0,9,5,1,41.736156635,-87.625611002,POINT (-87.625611002114 41.736156635013),POINT (1177411.1228570424 1847240.847395187),2024,31 W 87TH ST
O1917392,DRIVER,a917035aa0e8e818b1e5016cd60f2b1dc339ed923ac2634e24f0a4198c9910ebdc96a97a4918370e9c677456428360e55897202cec7671c732e62da0f928bc1b,1826639.0,X,,DEPLOYMENT UNKNOWN,UNKNOWN,NO INDICATION OF INJURY,UNKNOWN,UNKNOWN,UNKNOWN,,,,,2024-09-27 19:00:00,30,CLEAR,DARKNESS,PARKED MOTOR VEHICLE,NOT DIVIDED,DRY,NO DEFECTS,NOT ON SCENE (DESK REPORT),NO INJURY / DRIVE AWAY,Y,"OVER $1,500",09/29/2024 03:24:00 PM,UNABLE TO DETERMINE,UNABLE TO DETERMINE,,2,NO INDICATION OF INJURY,0.0,0.0,0.0,0.0,0.0,1.0,0.0,19,6,9,41.843527376,-87.641392931,POINT (-87.641392931121 41.84352737646),POINT (1172788.7913883366 1886331.0177629201),2024,2801 S WALLACE ST
O1943482,DRIVER,e8b169173660dc06043f0a69cd4b265313a7bfbedc3e997b21d371aa0f56fed06bb6c5b26ee6e137883c40b2eb59c025f44ec50a92686719bdd249ead7509c50,1851499.0,F,31.0,DID NOT DEPLOY,NONE,NO INDICATION OF INJURY,IMPROPER LANE CHANGE,NOT OBSCURED,UNKNOWN,,,,,2024-11-05 14:00:00,30,RAIN,DAYLIGHT,SIDESWIPE OPPOSITE DIRECTION,NOT DIVIDED,WET,NO DEFECTS,NOT ON SCENE (DESK REPORT),INJURY AND / OR TOW DUE TO CRASH,,"$501 - $1,500",11/05/2024 08:12:00 PM,DRIVING SKILLS/KNOWLEDGE/EXPERIENCE,WEATHER,,2,NONINCAPACITATING INJURY,2.0,0.0,0.0,2.0,0.0,1.0,0.0,14,3,11,41.677430629,-87.67035198,POINT (-87.670351979932 41.677430628526),POINT (1165364.4955297199 1825744.5528025636),2024,11891 S WATKINS AVE
O1908339,DRIVER,48904f2e553ff3e1331af87dfd39845564992235104de4727bf18805d16dbc44d3fd66caa8fcae4885f046298d181f20e94c447de49b8ef1a3c8a0fa210a7ec2,1818006.0,F,31.0,DID NOT DEPLOY,NONE,NO INDICATION OF INJURY,OTHER,UNKNOWN,UNKNOWN,,,,,2024-09-17 07:17:00,30,CLEAR,DAYLIGHT,PEDESTRIAN,NOT DIVIDED,DRY,NO DEFECTS,ON SCENE,INJURY AND / OR TOW DUE TO CRASH,,$500 OR LESS,09/17/2024 07:28:00 AM,UNABLE TO DETERMINE,UNABLE TO DETERMINE,,2,"REPORTED, NOT EVIDENT",1.0,0.0,0.0,0.0,1.0,1.0,0.0,7,3,9,41.931193651,-87.778544649,POINT (-87.778544648571 41.931193651451),POINT (1135211.2357351219 1918005.2347305021),2024,2800 N MEADE AVE
O1803365,DRIVER,0647712d6c2e60b1d77fb00ab817d6840e1a643d840ec1f63fe433574604fd1dcd1a1895e205ea34327f1c27f28550f4a5e4c65e9701489c4ffc1e753eaaa357,1717570.0,M,61.0,DID NOT DEPLOY,NONE,NO INDICATION OF INJURY,NONE,NOT OBSCURED,NORMAL,,,,,2024-04-23 15:00:00,30,CLEAR,DAYLIGHT,SIDESWIPE SAME DIRECTION,ONE-WAY,DRY,NO DEFECTS,NOT ON SCENE (DESK REPORT),NO INJURY / DRIVE AWAY,Y,"OVER $1,500",04/23/2024 04:05:00 PM,IMPROPER LANE USAGE,NOT APPLICABLE,,2,NO INDICATION OF INJURY,0.0,0.0,0.0,0.0,0.0,2.0,0.0,15,3,4,41.806897984,-87.630991896,POINT (-87.6309918957 41.806897983738),POINT (1175731.9795979373 1873006.4267774257),2024,4810 S WENTWORTH AVE
O1806481,DRIVER,a3641e97e9379a64d539680d4d3d8082f0d50e34de52a7d80e22ce2d9b694fa306e9bf82262a8d51e346fc9985c523d847fe5ff95f348bfae20a52fc01d85cc2,1720599.0,M,20.0,"DEPLOYED, COMBINATION",NONE,"REPORTED, NOT EVIDENT",NONE,NOT OBSCURED,NORMAL,,,,,2024-04-28 00:19:00,30,RAIN,"DARKNESS, LIGHTED ROAD",TURNING,NOT DIVIDED,WET,NO DEFECTS,ON SCENE,INJURY AND / OR TOW DUE TO CRASH,,"OVER $1,500",04/28/2024 12:23:00 AM,FAILING TO YIELD RIGHT-OF-WAY,UNABLE TO DETERMINE,,2,"REPORTED, NOT EVIDENT",3.0,0.0,0.0,0.0,3.0,2.0,0.0,0,1,4,41.857564071,-87.639078911,POINT (-87.639078910579 41.857564070819),POINT (1173377.9623967502 1891451.0396184605),2024,1800 S CANAL ST
O1760018,DRIVER,1e6a1e722f14691ae2a5645913c1935941b358fe3bf4fac6b82772c8af80feba6f6e4d17128be2b8ef0719e5944b7a9a83a15a4a0dd0dbe632fd2a9ff9e0eaaf,1675807.0,F,25.0,DID NOT DEPLOY,NONE,NO INDICATION OF INJURY,NONE,NOT OBSCURED,NORMAL,,,,,2024-02-15 16:45:00,30,CLEAR,DUSK,SIDESWIPE SAME DIRECTION,NOT DIVIDED,DRY,NO DEFECTS,NOT ON SCENE (DESK REPORT),NO INJURY / DRIVE AWAY,,"$501 - $1,500",02/15/2024 07:00:00 PM,FAILING TO REDUCE SPEED TO AVOID CRASH,NOT APPLICABLE,,2,NO INDICATION OF INJURY,0.0,0.0,0.0,0.0,0.0,2.0,0.0,16,5,2,41.91074092,-87.667634857,POINT (-87.667634856615 41.910740920066),POINT (1165448.4287001756 1910767.0310391246),2024,1558 W NORTH AVE
P400089,PASSENGER,79b5e0299458b1efc55885dc7c488cabd1d8e538d08e73e869a5d9a6f3b728e23f9f9327a17086a65e25a9413748c8c09972c84728ebe092c796bfb0564497bd,1724791.0,X,,DID NOT DEPLOY,NONE,NO INDICATION OF INJURY,,,,,,,,2024-05-04 00:18:00,25,CLEAR,"DARKNESS, LIGHTED ROAD",PARKED MOTOR VEHICLE,ONE-WAY,DRY,NO DEFECTS,ON SCENE,INJURY AND / OR TOW DUE TO CRASH,,"OVER $1,500",05/04/2024 12:20:00 AM,FAILING TO REDUCE SPEED TO AVOID CRASH,UNABLE TO DETERMINE,,2,NO INDICATION OF INJURY,0.0,0.0,0.0,0.0,0.0,3.0,0.0,0,7,5,41.779596939,-87.686245872,POINT (-87.686245872009 41.77959693861),POINT (1160742.6863882875 1862939.847563182),2024,6248 S CAMPBELL AVE
P422046,PASSENGER,c86d3e0cdff4a39cab2e078c24cac464a0ac30450d1b4c74a962d3f1bacafe4f6de23dd8b8cd2021b60836d76b328841875c0413f6071fc41331593196183f69,1817039.0,F,22.0,DID NOT DEPLOY,NONE,NO INDICATION OF INJURY,,,,,,,,2024-09-15 20:30:00,30,CLEAR,"DARKNESS, LIGHTED ROAD",ANGLE,NOT DIVIDED,DRY,NO DEFECTS,NOT ON SCENE (DESK REPORT),INJURY AND / OR TOW DUE TO CRASH,,"OVER $1,500",09/15/2024 09:00:00 PM,FAILING TO YIELD RIGHT-OF-WAY,FAILING TO YIELD RIGHT-OF-WAY,,2,"REPORTED, NOT EVIDENT",1.0,0.0,0.0,0.0,1.0,4.0,0.0,20,1,9,41.845520709,-87.695384969,POINT (-87.695384969462 41.845520709325),POINT (1158071.6624177764 1886943.477899302),2024,2532 S CALIFORNIA AVE
O1928130,DRIVER,8178f34e579a1d745157882e9486ce798a4d5f2fa9c6125119426cad2a1eaf00392a272c24c1d2796cb11b62264b9f85b7fe9a040e84e7e9d456feca88a56342,1836848.0,M,73.0,DID NOT DEPLOY,NONE,NO INDICATION OF INJURY,FAILED TO YIELD,NOT OBSCURED,NORMAL,,,,,2024-10-15 10:15:00,30,RAIN,DAYLIGHT,REAR END,DIVIDED - W/MEDIAN (NOT RAISED),WET,NO DEFECTS,NOT ON SCENE (DESK REPORT),NO INJURY / DRIVE AWAY,,"OVER $1,500",10/15/2024 11:45:00 AM,UNABLE TO DETERMINE,NOT APPLICABLE,,2,NO INDICATION OF INJURY,0.0,0.0,0.0,0.0,0.0,3.0,0.0,10,3,10,41.851288488,-87.723850843,POINT (-87.723850843329 41.851288488406),POINT (1150300.6214017347 1888988.9071491864),2024,3939 W OGDEN AVE
O1916295,DRIVER,f177546955017a8311ac7d3d94ab4eb6a593cb66316b430395e4203ac23cc59a7eb3230583ea5b0dc7a717d1afc8a46bce1342bb5bb240f7e5359f99c928638a,1825579.0,X,,DEPLOYMENT UNKNOWN,NONE,NO INDICATION OF INJURY,UNKNOWN,UNKNOWN,UNKNOWN,,,,,2024-08-31 11:00:00,30,CLEAR,DAYLIGHT,PARKED MOTOR VEHICLE,DIVIDED - W/MEDIAN (NOT RAISED),DRY,NO DEFECTS,NOT ON SCENE (DESK REPORT),NO INJURY / DRIVE AWAY,,"$501 - $1,500",09/27/2024 06:06:00 PM,UNABLE TO DETERMINE,UNABLE TO DETERMINE,,2,NO INDICATION OF INJURY,0.0,0.0,0.0,0.0,0.0,1.0,0.0,11,7,8,41.972617543,-87.659619224,POINT (-87.65961922438 41.972617543232),POINT (1167453.0230231674 1933332.0839123323),2024,4939 N BROADWAY
O1826972,DRIVER,156cd24f67db6a17cdfd361e01a47f68cc78353947967a551577c4132baf2f89bd064889f12cf47596a99c7c893ac24e708d55a26b82e1d22063955724e3cade,1740246.0,M,43.0,NOT APPLICABLE,NONE,NO INDICATION OF INJURY,FAILED TO YIELD,NOT OBSCURED,NORMAL,,,,,2024-05-24 14:15:00,25,CLEAR,DAYLIGHT,SIDESWIPE SAME DIRECTION,NOT DIVIDED,WET,NO DEFECTS,NOT ON SCENE (DESK REPORT),NO INJURY / DRIVE AWAY,,"OVER $1,500",05/25/2024 10:30:00 AM,FAILING TO YIELD RIGHT-OF-WAY,NOT APPLICABLE,,2,NO INDICATION OF INJURY,0.0,0.0,0.0,0.0,0.0,3.0,0.0,14,6,5,41.909857674,-87.720301844,POINT (-87.720301844239 41.909857673827),POINT (1151115.0840231406 1910338.314588431),2024,1599 N RIDGEWAY AVE
O1801882,DRIVER,45f769e47385f6df57819d2e44379104e51002454eaa160775c47142197814c4abc80c342801e0f5b2aa82a0d7711c25981fa35e1c666a74fccb39c6818dc3d2,1716107.0,M,58.0,NOT APPLICABLE,NONE,NO INDICATION OF INJURY,NONE,UNKNOWN,NORMAL,,,,,2024-04-20 23:30:00,30,CLEAR,UNKNOWN,PEDESTRIAN,NOT DIVIDED,UNKNOWN,UNKNOWN,NOT ON SCENE (DESK REPORT),INJURY AND / OR TOW DUE TO CRASH,,$500 OR LESS,04/21/2024 01:37:00 AM,UNABLE TO DETERMINE,UNABLE TO DETERMINE,,2,NONINCAPACITATING INJURY,1.0,0.0,0.0,1.0,0.0,1.0,0.0,23,7,4,41.877175235,-87.625915327,POINT (-87.625915327041 41.877175235039),POINT (1176905.0994766988 1898626.5887311848),2024,345 S WABASH AVE
O1845624,DRIVER,775408be6b73326db8ee0b9447bd279f2332f78801b198a13ffac95ad7a6a63983fb40fe4d1fb4ca23418fa56eba2da84bc92b5ce73c8927381ee3390746aff4,1758119.0,M,53.0,DID NOT DEPLOY,NONE,NO INDICATION OF INJURY,FOLLOWED TOO CLOSELY,BLINDED - SUNLIGHT,NORMAL,,,,,2024-06-19 07:25:00,30,CLEAR,DAYLIGHT,REAR END,FOUR WAY,DRY,NO DEFECTS,ON SCENE,NO INJURY / DRIVE AWAY,,"OVER $1,500",06/19/2024 07:26:00 AM,"VISION OBSCURED (SIGNS, TREE LIMBS, BUILDINGS, ETC.)",FOLLOWING TOO CLOSELY,,2,NO INDICATION OF INJURY,0.0,0.0,0.0,0.0,0.0,2.0,0.0,7,4,6,41.989855846,-87.74250574,POINT (-87.742505739988 41.989855846351),POINT (1144870.2780123362 1939447.453226013),2024,4549 W PETERSON AVE
O1853900,DRIVER,eb5c486115cc0698534dd4b5c1f80083351aa98c88ef6d75d13b4f16b6d3a6255a48aa95bda61e3058307b07e5275e1d28567e835eabf3dc7dfcfee362179772,1766066.0,F,,NOT APPLICABLE,NONE,NO INDICATION OF INJURY,NONE,NOT OBSCURED,NORMAL,,,,,2024-06-30 16:20:00,30,CLEAR,DAYLIGHT,REAR END,NOT DIVIDED,DRY,UNKNOWN,NOT ON SCENE (DESK REPORT),NO INJURY / DRIVE AWAY,,"OVER $1,500",06/30/2024 05:00:00 PM,FOLLOWING TOO CLOSELY,FOLLOWING TOO CLOSELY,,2,NO INDICATION OF INJURY,0.0,0.0,0.0,0.0,0.0,3.0,0.0,16,1,6,41.706823337,-87.642977469,POINT (-87.642977469284 41.706823336585),POINT (1172756.919740427 1836513.612213916),2024,10300 S HALSTED ST
O1916395,DRIVER,e328a8619dd111b298629f926a64181c16835c984d67dc917f84bf6953ac9904748c6e44d955687efef0f98933a677a01b3e0841ac85a0b7162912c26ed94144,1825681.0,M,28.0,DID NOT DEPLOY,NONE,NO INDICATION OF INJURY,OTHER,NOT OBSCURED,NORMAL,,,,,2024-09-27 19:00:00,30,CLOUDY/OVERCAST,DUSK,SIDESWIPE SAME DIRECTION,NOT DIVIDED,DRY,NO DEFECTS,ON SCENE,NO INJURY / DRIVE AWAY,Y,"OVER $1,500",09/27/2024 07:21:00 PM,"OPERATING VEHICLE IN ERRATIC, RECKLESS, CARELESS, NEGLIGENT OR AGGRESSIVE MANNER",UNABLE TO DETERMINE,,2,NO INDICATION OF INJURY,0.0,0.0,0.0,0.0,0.0,2.0,0.0,19,6,9,41.930832432,-87.78929181,POINT (-87.789291810192 41.930832431736),POINT (1132287.6959524322 1917854.8664397064),2024,6529 W DIVERSEY AVE
O1748181,DRIVER,7f59ea9e592d9e19ea9630333007f9c22c9cc89b3e05e928e8fc6c2db39f96a8ef6ecd9c8c418557ff1d37f2a402016c55f8b123331f74708dd6ec1637e5473a,1664423.0,M,,DEPLOYMENT UNKNOWN,NONE,NO INDICATION OF INJURY,OTHER,UNKNOWN,UNKNOWN,,,,,2024-01-26 09:31:00,25,RAIN,DAYLIGHT,SIDESWIPE SAME DIRECTION,NOT DIVIDED,WET,NO DEFECTS,ON SCENE,NO INJURY / DRIVE AWAY,,$500 OR LESS,01/26/2024 10:06:00 AM,NOT APPLICABLE,NOT APPLICABLE,,2,NO INDICATION OF INJURY,0.0,0.0,0.0,0.0,0.0,3.0,0.0,9,6,1,41.939976365,-87.657020975,POINT (-87.657020975473 41.939976365269),POINT (1168253.4402266466 1921443.0823713015),2024,1110 W BELMONT AVE
P396819,PASSENGER,0ca91704b19e231071f302134174a414854a5dd6dd6fbec37c4571c9376c33772d890b46aeb521e7613adadcd6bdf972f0edf7a003cc7385a6303228cee70c14,1711001.0,F,12.0,DID NOT DEPLOY,NONE,NO INDICATION OF INJURY,,,,,,,,2024-04-13 11:30:00,30,CLEAR,DAYLIGHT,SIDESWIPE SAME DIRECTION,DIVIDED - W/MEDIAN (NOT RAISED),DRY,NO DEFECTS,ON SCENE,INJURY AND / OR TOW DUE TO CRASH,,"OVER $1,500",04/13/2024 11:35:00 AM,UNABLE TO DETERMINE,NOT APPLICABLE,,2,NO INDICATION OF INJURY,0.0,0.0,0.0,0.0,0.0,6.0,0.0,11,7,4,41.995136867,-87.787359132,POINT (-87.787359132416 41.995136866584),POINT (1132664.2848661162 1941290.9542120874),2024,6299 N NAGLE AVE
P429043,PASSENGER,4dac27fdcff580c30152f062bc0d4a07716faccce51b1157cf354532ec60b20e27f1d2478224f3d939cd71b23750a4277aeb0d9c9ccec2c12688243095dc02ec,1847744.0,M,1.0,NOT APPLICABLE,NONE,NO INDICATION OF INJURY,,,,,,,,2024-10-31 08:10:00,30,RAIN,DAYLIGHT,ANGLE,FOUR WAY,WET,NO DEFECTS,ON SCENE,NO INJURY / DRIVE AWAY,,"OVER $1,500",10/31/2024 08:11:00 AM,FAILING TO YIELD RIGHT-OF-WAY,UNABLE TO DETERMINE,,2,NO INDICATION OF INJURY,0.0,0.0,0.0,0.0,0.0,3.0,0.0,8,5,10,41.93654014,-87.785726287,POINT (-87.785726286594 41.936540140135),POINT (1133244.619576634 1919940.9398356846),2024,3101 N NARRAGANSETT AVE
P404621,PASSENGER,3b3b3b513f73cd8cbb8757c38be984513d3f949549f4f22430c4e0b3ccaa5fe5904a778e75f51dd9792b3433cfdc4568a1890e35dbd4cc117e19f2970dd5f91b,1743326.0,M,,DID NOT DEPLOY,NONE,NO INDICATION OF INJURY,,,,,,,,2024-05-29 13:30:00,30,CLEAR,DAYLIGHT,REAR END,DIVIDED - W/MEDIAN (NOT RAISED),DRY,UNKNOWN,NOT ON SCENE (DESK REPORT),NO INJURY / DRIVE AWAY,,"OVER $1,500",05/29/2024 07:50:00 PM,UNABLE TO DETERMINE,NOT APPLICABLE,,2,NO INDICATION OF INJURY,0.0,0.0,0.0,0.0,0.0,3.0,0.0,13,4,5,41.900111346,-87.624021736,POINT (-87.624021735778 41.900111345798),POINT (1177351.70609928 1906988.7594026835),2024,933 N MICHIGAN AVE
O1855976,DRIVER,a6024eefb4e417f445be0c8f611f72438a313bc5d8229afaca9a1d04e2d718a7a7f30c99bc9bbf84947636dd4da131bccfe5edfb2401e17327f5bd63fbe03ab9,1768063.0,F,26.0,NOT APPLICABLE,NONE,NO INDICATION OF INJURY,FAILED TO YIELD,UNKNOWN,UNKNOWN,,,,,2024-07-03 16:00:00,30,CLEAR,DAYLIGHT,TURNING,NOT DIVIDED,DRY,NO DEFECTS,NOT ON SCENE (DESK REPORT),NO INJURY / DRIVE AWAY,,"$501 - $1,500",07/03/2024 06:45:00 PM,FAILING TO YIELD RIGHT-OF-WAY,NOT APPLICABLE,,2,NO INDICATION OF INJURY,0.0,0.0,0.0,0.0,0.0,4.0,0.0,16,4,7,41.968488878,-87.713513494,POINT (-87.713513494027 41.968488877833),POINT (1152808.379202334 1931716.9373286588),2024,4800 N KIMBALL AVE